ISO-10303-21;
HEADER;
/* Generated by software containing ST-Developer
 * from STEP Tools, Inc. (www.steptools.com) 
 */
/* OPTION: using custom renumber hook */

FILE_DESCRIPTION(
/* description */ ('STEP AP242',
'CAx-IF Rec.Pracs.---Representation and Presentation of Product Manufa
cturing Information (PMI)---4.0---2014-10-13',
'CAx-IF Rec.Pracs.---3D Tessellated Geometry---0.4---2014-09-14','2;1'),

/* implementation_level */ '2;1');

FILE_NAME(
/* name */ '642469ef1269fe207307e788',
/* time_stamp */ '2023-03-29T16:40:16+00:00',
/* author */ (''),
/* organization */ (''),
/* preprocessor_version */ 'ST-DEVELOPER v18.102',
/* originating_system */ '  ',
/* authorisation */ '  ');

FILE_SCHEMA (('AP242_MANAGED_MODEL_BASED_3D_ENGINEERING_MIM_LF { 1 0 10303 442 1 1 4 }'));
ENDSEC;

DATA;
#10=SHAPE_REPRESENTATION_RELATIONSHIP('','',#3761,#11);
#11=ADVANCED_BREP_SHAPE_REPRESENTATION('',(#3759),#6826);
#12=SPHERICAL_SURFACE('',#4111,0.0015);
#13=(
BOUNDED_SURFACE()
B_SPLINE_SURFACE(3,2,((#6599,#6600,#6601),(#6602,#6603,#6604),(#6605,#6606,
#6607),(#6608,#6609,#6610),(#6611,#6612,#6613)),.UNSPECIFIED.,.F.,.F.,.F.)
B_SPLINE_SURFACE_WITH_KNOTS((4,1,4),(3,3),(4.77344758571812,5.16614666741684,
5.55884574911557),(0.,1.),.UNSPECIFIED.)
GEOMETRIC_REPRESENTATION_ITEM()
RATIONAL_B_SPLINE_SURFACE(((1.,0.727190649493983,1.),(1.,0.769599829894384,
1.),(1.,0.845925030766126,1.),(1.,0.901718950758889,1.),(1.,0.923879532511287,
1.)))
REPRESENTATION_ITEM('')
SURFACE()
);
#14=(
BOUNDED_SURFACE()
B_SPLINE_SURFACE(3,2,((#6617,#6618,#6619),(#6620,#6621,#6622),(#6623,#6624,
#6625),(#6626,#6627,#6628),(#6629,#6630,#6631)),.UNSPECIFIED.,.F.,.F.,.F.)
B_SPLINE_SURFACE_WITH_KNOTS((4,1,4),(3,3),(5.55884574911556,5.95154483081429,
6.34424391251301),(0.,1.),.UNSPECIFIED.)
GEOMETRIC_REPRESENTATION_ITEM()
RATIONAL_B_SPLINE_SURFACE(((1.,0.923879532511285,1.),(1.,0.946040114262771,
1.),(1.,0.978887949599979,1.),(1.,0.987404753592698,1.),(1.,0.985491633291991,
1.)))
REPRESENTATION_ITEM('')
SURFACE()
);
#15=(
BOUNDED_SURFACE()
B_SPLINE_SURFACE(3,2,((#6635,#6636,#6637),(#6638,#6639,#6640),(#6641,#6642,
#6643),(#6644,#6645,#6646)),.UNSPECIFIED.,.F.,.F.,.F.)
B_SPLINE_SURFACE_WITH_KNOTS((4,4),(3,3),(0.0610586053334223,0.194025206098492),
(0.,1.),.PIECEWISE_BEZIER_KNOTS.)
GEOMETRIC_REPRESENTATION_ITEM()
RATIONAL_B_SPLINE_SURFACE(((1.,0.985491633291992,1.),(1.,0.984843857131967,
1.),(1.,0.983490709641203,1.),(1.,0.981435439061232,1.)))
REPRESENTATION_ITEM('')
SURFACE()
);
#16=(
BOUNDED_SURFACE()
B_SPLINE_SURFACE(3,2,((#6649,#6650,#6651),(#6652,#6653,#6654),(#6655,#6656,
#6657),(#6658,#6659,#6660)),.UNSPECIFIED.,.F.,.F.,.F.)
B_SPLINE_SURFACE_WITH_KNOTS((4,4),(3,3),(3.01218834377128,3.14159265358979),
(0.,1.),.PIECEWISE_BEZIER_KNOTS.)
GEOMETRIC_REPRESENTATION_ITEM()
RATIONAL_B_SPLINE_SURFACE(((1.,0.765570471857385,1.),(1.,0.765886109316722,
1.),(1.,0.7660444431189,1.),(1.,0.766044443118978,1.)))
REPRESENTATION_ITEM('')
SURFACE()
);
#17=(
BOUNDED_SURFACE()
B_SPLINE_SURFACE(3,2,((#6662,#6663,#6664),(#6665,#6666,#6667),(#6668,#6669,
#6670),(#6671,#6672,#6673),(#6674,#6675,#6676)),.UNSPECIFIED.,.F.,.F.,.F.)
B_SPLINE_SURFACE_WITH_KNOTS((4,1,4),(3,3),(0.,0.00218404140746538,0.00436808281493077),
(0.,1.),.UNSPECIFIED.)
GEOMETRIC_REPRESENTATION_ITEM()
RATIONAL_B_SPLINE_SURFACE(((1.,0.868604153660918,1.),(1.,0.845858865504491,
1.),(1.,0.798269390930356,1.),(1.,0.769489557556588,1.),(1.,0.765570471857385,
1.)))
REPRESENTATION_ITEM('')
SURFACE()
);
#18=(
BOUNDED_SURFACE()
B_SPLINE_SURFACE(3,2,((#6680,#6681,#6682),(#6683,#6684,#6685),(#6686,#6687,
#6688),(#6689,#6690,#6691)),.UNSPECIFIED.,.F.,.F.,.F.)
B_SPLINE_SURFACE_WITH_KNOTS((4,4),(3,3),(2.35908333019969,2.52812820329131),
(0.,1.),.PIECEWISE_BEZIER_KNOTS.)
GEOMETRIC_REPRESENTATION_ITEM()
RATIONAL_B_SPLINE_SURFACE(((1.,0.868604153660918,1.),(1.,0.876810722817524,
1.),(1.,0.884202388967364,1.),(1.,0.890736798620521,1.)))
REPRESENTATION_ITEM('')
SURFACE()
);
#19=(
BOUNDED_SURFACE()
B_SPLINE_SURFACE(3,2,((#6693,#6694,#6695),(#6696,#6697,#6698),(#6699,#6700,
#6701),(#6702,#6703,#6704)),.UNSPECIFIED.,.F.,.F.,.F.)
B_SPLINE_SURFACE_WITH_KNOTS((4,4),(3,3),(3.92699081698724,4.71238898038469),
(0.,1.),.PIECEWISE_BEZIER_KNOTS.)
GEOMETRIC_REPRESENTATION_ITEM()
RATIONAL_B_SPLINE_SURFACE(((1.,0.7492622384616,1.),(1.,0.738536430306985,
1.),(1.,0.723179667261191,1.),(1.,0.707106781186548,1.)))
REPRESENTATION_ITEM('')
SURFACE()
);
#20=(
BOUNDED_SURFACE()
B_SPLINE_SURFACE(3,2,((#6706,#6707,#6708),(#6709,#6710,#6711),(#6712,#6713,
#6714),(#6715,#6716,#6717)),.UNSPECIFIED.,.F.,.F.,.F.)
B_SPLINE_SURFACE_WITH_KNOTS((4,4),(3,3),(6.08941592747675,6.22212670184615),
(0.,1.),.PIECEWISE_BEZIER_KNOTS.)
GEOMETRIC_REPRESENTATION_ITEM()
RATIONAL_B_SPLINE_SURFACE(((1.,0.98144729422654,1.),(1.,0.983495914994539,
1.),(1.,0.984845103446667,1.),(1.,0.985491633291992,1.)))
REPRESENTATION_ITEM('')
SURFACE()
);
#21=(
BOUNDED_SURFACE()
B_SPLINE_SURFACE(3,2,((#6727,#6728,#6729),(#6730,#6731,#6732),(#6733,#6734,
#6735),(#6736,#6737,#6738),(#6739,#6740,#6741)),.UNSPECIFIED.,.F.,.F.,.F.)
B_SPLINE_SURFACE_WITH_KNOTS((4,1,4),(3,3),(6.22212670184615,6.61482578354488,
7.00752486524361),(0.,1.),.UNSPECIFIED.)
GEOMETRIC_REPRESENTATION_ITEM()
RATIONAL_B_SPLINE_SURFACE(((1.,0.985491633291992,1.),(1.,0.987404753592699,
1.),(1.,0.978887949598714,1.),(1.,0.946040114265307,1.),(1.,0.923879532511287,
1.)))
REPRESENTATION_ITEM('')
SURFACE()
);
#22=(
BOUNDED_SURFACE()
B_SPLINE_SURFACE(3,2,((#6752,#6753,#6754),(#6755,#6756,#6757),(#6758,#6759,
#6760),(#6761,#6762,#6763)),.UNSPECIFIED.,.F.,.F.,.F.)
B_SPLINE_SURFACE_WITH_KNOTS((4,4),(3,3),(3.31352636668876,4.09892453008621),
(0.,1.),.PIECEWISE_BEZIER_KNOTS.)
GEOMETRIC_REPRESENTATION_ITEM()
RATIONAL_B_SPLINE_SURFACE(((1.,0.923879532511286,1.),(1.,0.91518094929019,
1.),(1.,0.886279156729838,1.),(1.,0.840587863095385,1.)))
REPRESENTATION_ITEM('')
SURFACE()
);
#23=(
BOUNDED_SURFACE()
B_SPLINE_SURFACE(3,2,((#6767,#6768,#6769),(#6770,#6771,#6772),(#6773,#6774,
#6775),(#6776,#6777,#6778)),.UNSPECIFIED.,.F.,.F.,.F.)
B_SPLINE_SURFACE_WITH_KNOTS((4,4),(3,3),(2.52812820329131,3.31352636668876),
(0.,1.),.PIECEWISE_BEZIER_KNOTS.)
GEOMETRIC_REPRESENTATION_ITEM()
RATIONAL_B_SPLINE_SURFACE(((1.,0.89073679862052,1.),(1.,0.921096272096989,
1.),(1.,0.932578115731616,1.),(1.,0.923879532511286,1.)))
REPRESENTATION_ITEM('')
SURFACE()
);
#24=(
BOUNDED_SURFACE()
B_SPLINE_SURFACE(3,2,((#6782,#6783,#6784),(#6785,#6786,#6787),(#6788,#6789,
#6790),(#6791,#6792,#6793)),.UNSPECIFIED.,.F.,.F.,.F.)
B_SPLINE_SURFACE_WITH_KNOTS((4,4),(3,3),(3.75505710388827,3.9241019769799),
(0.,1.),.PIECEWISE_BEZIER_KNOTS.)
GEOMETRIC_REPRESENTATION_ITEM()
RATIONAL_B_SPLINE_SURFACE(((1.,0.890736798620521,1.),(1.,0.88420238896701,
1.),(1.,0.876810722817424,1.),(1.,0.868604153660918,1.)))
REPRESENTATION_ITEM('')
SURFACE()
);
#25=(
BOUNDED_SURFACE()
B_SPLINE_SURFACE(3,2,((#6795,#6796,#6797),(#6798,#6799,#6800),(#6801,#6802,
#6803),(#6804,#6805,#6806),(#6807,#6808,#6809)),.UNSPECIFIED.,.F.,.F.,.F.)
B_SPLINE_SURFACE_WITH_KNOTS((4,1,4),(3,3),(0.,0.00217634664341641,0.00435269328683282),
(0.,1.),.UNSPECIFIED.)
GEOMETRIC_REPRESENTATION_ITEM()
RATIONAL_B_SPLINE_SURFACE(((1.,0.765570471857385,1.),(1.,0.769482005605492,
1.),(1.,0.798248657280862,1.),(1.,0.84588358073575,1.),(1.,0.868604153660918,
1.)))
REPRESENTATION_ITEM('')
SURFACE()
);
#26=(
BOUNDED_SURFACE()
B_SPLINE_SURFACE(3,2,((#6811,#6812,#6813),(#6814,#6815,#6816),(#6817,#6818,
#6819),(#6820,#6821,#6822)),.UNSPECIFIED.,.F.,.F.,.F.)
B_SPLINE_SURFACE_WITH_KNOTS((4,4),(3,3),(3.14159265358979,3.27099696340831),
(0.,1.),.PIECEWISE_BEZIER_KNOTS.)
GEOMETRIC_REPRESENTATION_ITEM()
RATIONAL_B_SPLINE_SURFACE(((1.,0.766044443118978,1.),(1.,0.766044443118838,
1.),(1.,0.765886109316676,1.),(1.,0.765570471857385,1.)))
REPRESENTATION_ITEM('')
SURFACE()
);
#27=CONICAL_SURFACE('',#3775,0.005,0.785398163397448);
#28=CONICAL_SURFACE('',#3778,0.005,0.785398163397448);
#29=CONICAL_SURFACE('',#3781,0.005,0.785398163397448);
#30=CONICAL_SURFACE('',#3784,0.005,0.785398163397448);
#31=CONICAL_SURFACE('',#3787,0.002,0.785398163397447);
#32=CONICAL_SURFACE('',#3792,0.002,0.785398163397448);
#33=CONICAL_SURFACE('',#3798,0.005,0.785398163397449);
#34=CONICAL_SURFACE('',#3801,0.005,0.785398163397449);
#35=CONICAL_SURFACE('',#3809,0.005,0.785398163397448);
#36=CONICAL_SURFACE('',#3812,0.005,0.785398163397448);
#37=CONICAL_SURFACE('',#3819,0.005,0.785398163397448);
#38=CONICAL_SURFACE('',#3822,0.005,0.785398163397448);
#39=CONICAL_SURFACE('',#3825,0.002,0.785398163397448);
#40=CONICAL_SURFACE('',#3829,0.002,0.785398163397447);
#41=CONICAL_SURFACE('',#4017,0.002,0.785398163397448);
#42=CONICAL_SURFACE('',#4019,0.005,0.785398163397449);
#43=CONICAL_SURFACE('',#4020,0.005,0.785398163397449);
#44=CONICAL_SURFACE('',#4021,0.002,0.785398163397448);
#45=CYLINDRICAL_SURFACE('',#3769,0.01145);
#46=CYLINDRICAL_SURFACE('',#3872,0.009925);
#47=CYLINDRICAL_SURFACE('',#3894,0.003);
#48=CYLINDRICAL_SURFACE('',#3896,0.002);
#49=CYLINDRICAL_SURFACE('',#3898,0.003);
#50=CYLINDRICAL_SURFACE('',#3963,0.002);
#51=CYLINDRICAL_SURFACE('',#3980,0.009925);
#52=CYLINDRICAL_SURFACE('',#3986,0.003);
#53=CYLINDRICAL_SURFACE('',#3988,0.002);
#54=CYLINDRICAL_SURFACE('',#3990,0.002);
#55=CYLINDRICAL_SURFACE('',#4015,0.002);
#56=CYLINDRICAL_SURFACE('',#4027,0.002);
#57=CYLINDRICAL_SURFACE('',#4041,0.005);
#58=CYLINDRICAL_SURFACE('',#4042,0.005);
#59=CYLINDRICAL_SURFACE('',#4043,0.005);
#60=CYLINDRICAL_SURFACE('',#4044,0.005);
#61=CYLINDRICAL_SURFACE('',#4045,0.005);
#62=CYLINDRICAL_SURFACE('',#4046,0.005);
#63=CYLINDRICAL_SURFACE('',#4047,0.005);
#64=CYLINDRICAL_SURFACE('',#4048,0.005);
#65=CYLINDRICAL_SURFACE('',#4050,0.005);
#66=CYLINDRICAL_SURFACE('',#4052,0.005);
#67=CYLINDRICAL_SURFACE('',#4054,0.005);
#68=CYLINDRICAL_SURFACE('',#4056,0.005);
#69=CYLINDRICAL_SURFACE('',#4058,0.005);
#70=CYLINDRICAL_SURFACE('',#4060,0.005);
#71=CYLINDRICAL_SURFACE('',#4061,0.005);
#72=CYLINDRICAL_SURFACE('',#4062,0.005);
#73=CYLINDRICAL_SURFACE('',#4063,0.005);
#74=CYLINDRICAL_SURFACE('',#4064,0.005);
#75=CYLINDRICAL_SURFACE('',#4065,0.005);
#76=CYLINDRICAL_SURFACE('',#4066,0.005);
#77=CYLINDRICAL_SURFACE('',#4067,0.005);
#78=CYLINDRICAL_SURFACE('',#4069,0.005);
#79=CYLINDRICAL_SURFACE('',#4071,0.005);
#80=CYLINDRICAL_SURFACE('',#4073,0.005);
#81=CYLINDRICAL_SURFACE('',#4075,0.005);
#82=CYLINDRICAL_SURFACE('',#4077,0.005);
#83=CYLINDRICAL_SURFACE('',#4079,0.005);
#84=CYLINDRICAL_SURFACE('',#4080,0.005);
#85=CYLINDRICAL_SURFACE('',#4081,0.005);
#86=CYLINDRICAL_SURFACE('',#4082,0.005);
#87=CYLINDRICAL_SURFACE('',#4083,0.005);
#88=CYLINDRICAL_SURFACE('',#4084,0.005);
#89=CYLINDRICAL_SURFACE('',#4085,0.005);
#90=CYLINDRICAL_SURFACE('',#4086,0.005);
#91=CYLINDRICAL_SURFACE('',#4087,0.005);
#92=CYLINDRICAL_SURFACE('',#4088,0.0015);
#93=CYLINDRICAL_SURFACE('',#4091,0.0015);
#94=CYLINDRICAL_SURFACE('',#4094,0.0015);
#95=CYLINDRICAL_SURFACE('',#4096,0.0015);
#96=CYLINDRICAL_SURFACE('',#4100,0.0015);
#97=CYLINDRICAL_SURFACE('',#4105,0.0015);
#98=CYLINDRICAL_SURFACE('',#4107,0.0015);
#99=CYLINDRICAL_SURFACE('',#4109,0.0015);
#100=CYLINDRICAL_SURFACE('',#4114,0.0015);
#101=CYLINDRICAL_SURFACE('',#4115,0.0015);
#102=CYLINDRICAL_SURFACE('',#4116,0.0015);
#103=CYLINDRICAL_SURFACE('',#4117,0.0015);
#104=CYLINDRICAL_SURFACE('',#4118,0.0015);
#105=CYLINDRICAL_SURFACE('',#4119,0.0015);
#106=CYLINDRICAL_SURFACE('',#4120,0.0015);
#107=CYLINDRICAL_SURFACE('',#4121,0.0015);
#108=CYLINDRICAL_SURFACE('',#4124,0.0015);
#109=CYLINDRICAL_SURFACE('',#4127,0.0015);
#110=CYLINDRICAL_SURFACE('',#4132,0.0015);
#111=ELLIPSE('',#3765,0.0042936766930077,0.0015);
#112=ELLIPSE('',#3766,0.0042936766930077,0.0015);
#113=ELLIPSE('',#3768,0.00660027297725734,0.0065);
#114=ELLIPSE('',#3770,0.0347470097047225,0.01145);
#115=ELLIPSE('',#3771,0.024569846188164,0.01145);
#116=ELLIPSE('',#3772,0.0347470097047225,0.01145);
#117=ELLIPSE('',#3816,0.0070710678118655,0.005);
#118=ELLIPSE('',#3818,0.0070710678118655,0.005);
#119=ELLIPSE('',#3842,0.0197253766882705,0.0065);
#120=ELLIPSE('',#3843,0.0197253766882705,0.0065);
#121=ELLIPSE('',#3845,0.0021650216363634,0.0015);
#122=ELLIPSE('',#3847,0.00660027297725734,0.0065);
#123=ELLIPSE('',#3848,0.00185244126012666,0.0015);
#124=ELLIPSE('',#3849,0.00185244126012666,0.0015);
#125=ELLIPSE('',#3850,0.00660027297725734,0.0065);
#126=ELLIPSE('',#3852,0.00933419555980198,0.0065);
#127=ELLIPSE('',#3853,0.00933419555980198,0.0065);
#128=ELLIPSE('',#3855,0.00507713305942873,0.005);
#129=ELLIPSE('',#3857,0.00160775406349464,0.0015);
#130=ELLIPSE('',#3859,0.00707106781186548,0.005);
#131=ELLIPSE('',#3860,0.00329192857142688,0.0015);
#132=ELLIPSE('',#3861,0.00812754814261921,0.005);
#133=ELLIPSE('',#3863,0.00610387294380728,0.005);
#134=ELLIPSE('',#3864,0.00610387294380728,0.005);
#135=ELLIPSE('',#3866,0.00812754814261921,0.005);
#136=ELLIPSE('',#3867,0.00329192857142688,0.0015);
#137=ELLIPSE('',#3869,0.0107291904751808,0.005);
#138=ELLIPSE('',#3881,0.0197253766882705,0.0065);
#139=ELLIPSE('',#3882,0.0197253766882705,0.0065);
#140=ELLIPSE('',#3883,0.0197253766882705,0.0065);
#141=ELLIPSE('',#3885,0.0107291904751808,0.005);
#142=ELLIPSE('',#3887,0.0021650216363634,0.0015);
#143=ELLIPSE('',#3901,0.00707106781186549,0.005);
#144=ELLIPSE('',#3903,0.00707106781186548,0.005);
#145=ELLIPSE('',#3904,0.00707106781186548,0.005);
#146=ELLIPSE('',#3906,0.00707106781186549,0.005);
#147=ELLIPSE('',#3907,0.00707106781186549,0.005);
#148=ELLIPSE('',#3909,0.00707106781186549,0.005);
#149=ELLIPSE('',#3911,0.00707106781186547,0.005);
#150=ELLIPSE('',#3912,0.00707106781186547,0.005);
#151=ELLIPSE('',#3914,0.00707106781186549,0.005);
#152=ELLIPSE('',#3915,0.00707106781186548,0.005);
#153=ELLIPSE('',#3917,0.00707106781186547,0.005);
#154=ELLIPSE('',#3918,0.00707106781186547,0.005);
#155=ELLIPSE('',#3920,0.00707106781186547,0.005);
#156=ELLIPSE('',#3921,0.00707106781186547,0.005);
#157=ELLIPSE('',#3923,0.00707106781186547,0.005);
#158=ELLIPSE('',#3924,0.00707106781186547,0.005);
#159=ELLIPSE('',#3926,0.00224726753535348,0.0015);
#160=ELLIPSE('',#3927,0.00707106781186548,0.005);
#161=ELLIPSE('',#3929,0.00707106781186548,0.005);
#162=ELLIPSE('',#3930,0.00707106781186548,0.005);
#163=ELLIPSE('',#3932,0.00707106781186548,0.005);
#164=ELLIPSE('',#3933,0.00707106781186548,0.005);
#165=ELLIPSE('',#3935,0.00707106781186548,0.005);
#166=ELLIPSE('',#3936,0.00707106781186548,0.005);
#167=ELLIPSE('',#3938,0.00707106781186548,0.005);
#168=ELLIPSE('',#3940,0.00707106781186548,0.005);
#169=ELLIPSE('',#3941,0.00707106781186548,0.005);
#170=ELLIPSE('',#3943,0.00707106781186548,0.005);
#171=ELLIPSE('',#3944,0.00707106781186548,0.005);
#172=ELLIPSE('',#3946,0.00707106781186548,0.005);
#173=ELLIPSE('',#3947,0.00707106781186548,0.005);
#174=ELLIPSE('',#3949,0.00707106781186548,0.005);
#175=ELLIPSE('',#3951,0.0168858637774254,0.005);
#176=ELLIPSE('',#3952,0.0168858637774254,0.005);
#177=ELLIPSE('',#3954,0.00707106781186548,0.005);
#178=ELLIPSE('',#3956,0.00707106781186548,0.005);
#179=ELLIPSE('',#3957,0.00707106781186548,0.005);
#180=ELLIPSE('',#3959,0.00707106781186548,0.005);
#181=ELLIPSE('',#3967,0.00343044677801233,0.0015);
#182=ELLIPSE('',#3968,0.00343044677801233,0.0015);
#183=ELLIPSE('',#3970,0.00933419555980198,0.0065);
#184=ELLIPSE('',#3973,0.00933419555980198,0.0065);
#185=ELLIPSE('',#3976,0.0039,0.0015);
#186=ELLIPSE('',#3977,0.0039,0.0015);
#187=ELLIPSE('',#3979,0.00528736592915088,0.005);
#188=ELLIPSE('',#3981,0.487932131638424,0.009925);
#189=ELLIPSE('',#3992,0.00707106781186549,0.005);
#190=ELLIPSE('',#3993,0.00707106781186549,0.005);
#191=ELLIPSE('',#3995,0.00707106781186547,0.005);
#192=ELLIPSE('',#3996,0.00707106781186547,0.005);
#193=ELLIPSE('',#3998,0.00707106781186548,0.005);
#194=ELLIPSE('',#3999,0.00707106781186548,0.005);
#195=ELLIPSE('',#4001,0.0070710678118655,0.005);
#196=ELLIPSE('',#4002,0.0070710678118655,0.005);
#197=ELLIPSE('',#4004,0.00707106781186548,0.005);
#198=ELLIPSE('',#4005,0.00707106781186548,0.005);
#199=ELLIPSE('',#4007,0.00707106781186548,0.005);
#200=ELLIPSE('',#4008,0.00707106781186548,0.005);
#201=ELLIPSE('',#4010,0.00707106781186547,0.005);
#202=ELLIPSE('',#4011,0.00707106781186547,0.005);
#203=ELLIPSE('',#4036,0.00152313991782861,0.0015);
#204=ELLIPSE('',#4037,0.00573833217058158,0.005);
#205=ELLIPSE('',#4039,0.00573833217058158,0.005);
#206=ELLIPSE('',#4049,0.0192831658576636,0.005);
#207=ELLIPSE('',#4051,0.0192831658576636,0.005);
#208=ELLIPSE('',#4053,0.0192831658576636,0.005);
#209=ELLIPSE('',#4055,0.0192831658576636,0.005);
#210=ELLIPSE('',#4057,0.0192831658576636,0.005);
#211=ELLIPSE('',#4059,0.00512967868139063,0.005);
#212=ELLIPSE('',#4068,0.00835925874396929,0.005);
#213=ELLIPSE('',#4070,0.00512967868139063,0.005);
#214=ELLIPSE('',#4072,0.00835925874396928,0.005);
#215=ELLIPSE('',#4074,0.00512967868139063,0.005);
#216=ELLIPSE('',#4076,0.00835925874396929,0.005);
#217=ELLIPSE('',#4078,0.00835925874396929,0.005);
#218=CIRCLE('',#3764,0.003);
#219=CIRCLE('',#3773,0.01145);
#220=CIRCLE('',#3774,0.01145);
#221=CIRCLE('',#3776,0.005);
#222=CIRCLE('',#3777,0.007);
#223=CIRCLE('',#3779,0.005);
#224=CIRCLE('',#3780,0.007);
#225=CIRCLE('',#3782,0.007);
#226=CIRCLE('',#3783,0.005);
#227=CIRCLE('',#3785,0.007);
#228=CIRCLE('',#3786,0.005);
#229=CIRCLE('',#3788,0.002);
#230=CIRCLE('',#3789,0.004);
#231=CIRCLE('',#3790,0.004);
#232=CIRCLE('',#3793,0.002);
#233=CIRCLE('',#3794,0.004);
#234=CIRCLE('',#3795,0.004);
#235=CIRCLE('',#3799,0.005);
#236=CIRCLE('',#3800,0.007);
#237=CIRCLE('',#3802,0.005);
#238=CIRCLE('',#3803,0.007);
#239=CIRCLE('',#3810,0.005);
#240=CIRCLE('',#3811,0.007);
#241=CIRCLE('',#3813,0.005);
#242=CIRCLE('',#3814,0.007);
#243=CIRCLE('',#3820,0.007);
#244=CIRCLE('',#3821,0.005);
#245=CIRCLE('',#3823,0.007);
#246=CIRCLE('',#3824,0.005);
#247=CIRCLE('',#3826,0.002);
#248=CIRCLE('',#3827,0.004);
#249=CIRCLE('',#3828,0.004);
#250=CIRCLE('',#3830,0.002);
#251=CIRCLE('',#3831,0.004);
#252=CIRCLE('',#3832,0.004);
#253=CIRCLE('',#3834,0.003);
#254=CIRCLE('',#3840,0.009925);
#255=CIRCLE('',#3871,0.009925);
#256=CIRCLE('',#3873,0.009925);
#257=CIRCLE('',#3875,0.007);
#258=CIRCLE('',#3877,0.003);
#259=CIRCLE('',#3879,0.007);
#260=CIRCLE('',#3961,0.004);
#261=CIRCLE('',#3962,0.005);
#262=CIRCLE('',#3964,0.002);
#263=CIRCLE('',#3982,0.009925);
#264=CIRCLE('',#4013,0.004);
#265=CIRCLE('',#4014,0.005);
#266=CIRCLE('',#4018,0.002);
#267=CIRCLE('',#4023,0.0015);
#268=CIRCLE('',#4025,0.0015);
#269=CIRCLE('',#4089,0.0015);
#270=CIRCLE('',#4090,0.0015);
#271=CIRCLE('',#4092,0.0015);
#272=CIRCLE('',#4093,0.0015);
#273=CIRCLE('',#4095,0.0015);
#274=CIRCLE('',#4097,0.0015);
#275=CIRCLE('',#4098,0.0015);
#276=CIRCLE('',#4099,0.0015);
#277=CIRCLE('',#4101,0.0015);
#278=CIRCLE('',#4102,0.0015);
#279=CIRCLE('',#4103,0.0015);
#280=CIRCLE('',#4104,0.0015);
#281=CIRCLE('',#4106,0.0015);
#282=CIRCLE('',#4108,0.0015);
#283=CIRCLE('',#4110,0.0015);
#284=CIRCLE('',#4112,0.0015);
#285=CIRCLE('',#4113,0.0015);
#286=CIRCLE('',#4122,0.0015);
#287=CIRCLE('',#4123,0.0015);
#288=CIRCLE('',#4125,0.0015);
#289=CIRCLE('',#4126,0.0015);
#290=CIRCLE('',#4128,0.0015);
#291=CIRCLE('',#4129,0.0015);
#292=CIRCLE('',#4130,0.0015);
#293=CIRCLE('',#4131,0.0015);
#294=LINE('',#5178,#589);
#295=LINE('',#5180,#590);
#296=LINE('',#5182,#591);
#297=LINE('',#5186,#592);
#298=LINE('',#5188,#593);
#299=LINE('',#5190,#594);
#300=LINE('',#5197,#595);
#301=LINE('',#5204,#596);
#302=LINE('',#5211,#597);
#303=LINE('',#5215,#598);
#304=LINE('',#5219,#599);
#305=LINE('',#5221,#600);
#306=LINE('',#5223,#601);
#307=LINE('',#5225,#602);
#308=LINE('',#5232,#603);
#309=LINE('',#5239,#604);
#310=LINE('',#5241,#605);
#311=LINE('',#5244,#606);
#312=LINE('',#5246,#607);
#313=LINE('',#5248,#608);
#314=LINE('',#5275,#609);
#315=LINE('',#5280,#610);
#316=LINE('',#5421,#611);
#317=LINE('',#5423,#612);
#318=LINE('',#5425,#613);
#319=LINE('',#5427,#614);
#320=LINE('',#5429,#615);
#321=LINE('',#5430,#616);
#322=LINE('',#5437,#617);
#323=LINE('',#5444,#618);
#324=LINE('',#5509,#619);
#325=LINE('',#5512,#620);
#326=LINE('',#5513,#621);
#327=LINE('',#5515,#622);
#328=LINE('',#5517,#623);
#329=LINE('',#5519,#624);
#330=LINE('',#5521,#625);
#331=LINE('',#5523,#626);
#332=LINE('',#5525,#627);
#333=LINE('',#5527,#628);
#334=LINE('',#5529,#629);
#335=LINE('',#5531,#630);
#336=LINE('',#5533,#631);
#337=LINE('',#5535,#632);
#338=LINE('',#5537,#633);
#339=LINE('',#5539,#634);
#340=LINE('',#5541,#635);
#341=LINE('',#5543,#636);
#342=LINE('',#5545,#637);
#343=LINE('',#5547,#638);
#344=LINE('',#5549,#639);
#345=LINE('',#5551,#640);
#346=LINE('',#5553,#641);
#347=LINE('',#5613,#642);
#348=LINE('',#5618,#643);
#349=LINE('',#5620,#644);
#350=LINE('',#5622,#645);
#351=LINE('',#5624,#646);
#352=LINE('',#5629,#647);
#353=LINE('',#5631,#648);
#354=LINE('',#5633,#649);
#355=LINE('',#5727,#650);
#356=LINE('',#5728,#651);
#357=LINE('',#5729,#652);
#358=LINE('',#5730,#653);
#359=LINE('',#5732,#654);
#360=LINE('',#5734,#655);
#361=LINE('',#5735,#656);
#362=LINE('',#5736,#657);
#363=LINE('',#5737,#658);
#364=LINE('',#5738,#659);
#365=LINE('',#5742,#660);
#366=LINE('',#5744,#661);
#367=LINE('',#5746,#662);
#368=LINE('',#5748,#663);
#369=LINE('',#5751,#664);
#370=LINE('',#5752,#665);
#371=LINE('',#5754,#666);
#372=LINE('',#5757,#667);
#373=LINE('',#5758,#668);
#374=LINE('',#5760,#669);
#375=LINE('',#5764,#670);
#376=LINE('',#5765,#671);
#377=LINE('',#5767,#672);
#378=LINE('',#5769,#673);
#379=LINE('',#5771,#674);
#380=LINE('',#5773,#675);
#381=LINE('',#5775,#676);
#382=LINE('',#5777,#677);
#383=LINE('',#5779,#678);
#384=LINE('',#5784,#679);
#385=LINE('',#5788,#680);
#386=LINE('',#5790,#681);
#387=LINE('',#5792,#682);
#388=LINE('',#5794,#683);
#389=LINE('',#5796,#684);
#390=LINE('',#5799,#685);
#391=LINE('',#5801,#686);
#392=LINE('',#5808,#687);
#393=LINE('',#5810,#688);
#394=LINE('',#5814,#689);
#395=LINE('',#5818,#690);
#396=LINE('',#5820,#691);
#397=LINE('',#5824,#692);
#398=LINE('',#5826,#693);
#399=LINE('',#5828,#694);
#400=LINE('',#5830,#695);
#401=LINE('',#5833,#696);
#402=LINE('',#5835,#697);
#403=LINE('',#5837,#698);
#404=LINE('',#5839,#699);
#405=LINE('',#5841,#700);
#406=LINE('',#5845,#701);
#407=LINE('',#5847,#702);
#408=LINE('',#5849,#703);
#409=LINE('',#5856,#704);
#410=LINE('',#5857,#705);
#411=LINE('',#5859,#706);
#412=LINE('',#5861,#707);
#413=LINE('',#5863,#708);
#414=LINE('',#5867,#709);
#415=LINE('',#5869,#710);
#416=LINE('',#5873,#711);
#417=LINE('',#5875,#712);
#418=LINE('',#5877,#713);
#419=LINE('',#5879,#714);
#420=LINE('',#5881,#715);
#421=LINE('',#5884,#716);
#422=LINE('',#5885,#717);
#423=LINE('',#5886,#718);
#424=LINE('',#5888,#719);
#425=LINE('',#5890,#720);
#426=LINE('',#5892,#721);
#427=LINE('',#5898,#722);
#428=LINE('',#5902,#723);
#429=LINE('',#5904,#724);
#430=LINE('',#5906,#725);
#431=LINE('',#5909,#726);
#432=LINE('',#5913,#727);
#433=LINE('',#5915,#728);
#434=LINE('',#5918,#729);
#435=LINE('',#5922,#730);
#436=LINE('',#5932,#731);
#437=LINE('',#5934,#732);
#438=LINE('',#5939,#733);
#439=LINE('',#5941,#734);
#440=LINE('',#5943,#735);
#441=LINE('',#5945,#736);
#442=LINE('',#5947,#737);
#443=LINE('',#5949,#738);
#444=LINE('',#5951,#739);
#445=LINE('',#5953,#740);
#446=LINE('',#5955,#741);
#447=LINE('',#5957,#742);
#448=LINE('',#5985,#743);
#449=LINE('',#5987,#744);
#450=LINE('',#6004,#745);
#451=LINE('',#6006,#746);
#452=LINE('',#6008,#747);
#453=LINE('',#6010,#748);
#454=LINE('',#6012,#749);
#455=LINE('',#6014,#750);
#456=LINE('',#6018,#751);
#457=LINE('',#6020,#752);
#458=LINE('',#6022,#753);
#459=LINE('',#6023,#754);
#460=LINE('',#6030,#755);
#461=LINE('',#6032,#756);
#462=LINE('',#6034,#757);
#463=LINE('',#6041,#758);
#464=LINE('',#6043,#759);
#465=LINE('',#6046,#760);
#466=LINE('',#6050,#761);
#467=LINE('',#6052,#762);
#468=LINE('',#6056,#763);
#469=LINE('',#6058,#764);
#470=LINE('',#6059,#765);
#471=LINE('',#6066,#766);
#472=LINE('',#6068,#767);
#473=LINE('',#6070,#768);
#474=LINE('',#6074,#769);
#475=LINE('',#6078,#770);
#476=LINE('',#6087,#771);
#477=LINE('',#6089,#772);
#478=LINE('',#6091,#773);
#479=LINE('',#6093,#774);
#480=LINE('',#6095,#775);
#481=LINE('',#6098,#776);
#482=LINE('',#6101,#777);
#483=LINE('',#6103,#778);
#484=LINE('',#6105,#779);
#485=LINE('',#6113,#780);
#486=LINE('',#6114,#781);
#487=LINE('',#6116,#782);
#488=LINE('',#6119,#783);
#489=LINE('',#6121,#784);
#490=LINE('',#6122,#785);
#491=LINE('',#6124,#786);
#492=LINE('',#6126,#787);
#493=LINE('',#6128,#788);
#494=LINE('',#6130,#789);
#495=LINE('',#6133,#790);
#496=LINE('',#6134,#791);
#497=LINE('',#6136,#792);
#498=LINE('',#6138,#793);
#499=LINE('',#6141,#794);
#500=LINE('',#6142,#795);
#501=LINE('',#6144,#796);
#502=LINE('',#6146,#797);
#503=LINE('',#6150,#798);
#504=LINE('',#6155,#799);
#505=LINE('',#6160,#800);
#506=LINE('',#6162,#801);
#507=LINE('',#6168,#802);
#508=LINE('',#6172,#803);
#509=LINE('',#6178,#804);
#510=LINE('',#6182,#805);
#511=LINE('',#6192,#806);
#512=LINE('',#6197,#807);
#513=LINE('',#6201,#808);
#514=LINE('',#6207,#809);
#515=LINE('',#6212,#810);
#516=LINE('',#6216,#811);
#517=LINE('',#6222,#812);
#518=LINE('',#6227,#813);
#519=LINE('',#6231,#814);
#520=LINE('',#6233,#815);
#521=LINE('',#6238,#816);
#522=LINE('',#6252,#817);
#523=LINE('',#6255,#818);
#524=LINE('',#6257,#819);
#525=LINE('',#6259,#820);
#526=LINE('',#6261,#821);
#527=LINE('',#6263,#822);
#528=LINE('',#6265,#823);
#529=LINE('',#6269,#824);
#530=LINE('',#6273,#825);
#531=LINE('',#6278,#826);
#532=LINE('',#6280,#827);
#533=LINE('',#6282,#828);
#534=LINE('',#6284,#829);
#535=LINE('',#6286,#830);
#536=LINE('',#6288,#831);
#537=LINE('',#6290,#832);
#538=LINE('',#6292,#833);
#539=LINE('',#6293,#834);
#540=LINE('',#6295,#835);
#541=LINE('',#6298,#836);
#542=LINE('',#6300,#837);
#543=LINE('',#6302,#838);
#544=LINE('',#6304,#839);
#545=LINE('',#6308,#840);
#546=LINE('',#6309,#841);
#547=LINE('',#6311,#842);
#548=LINE('',#6313,#843);
#549=LINE('',#6316,#844);
#550=LINE('',#6318,#845);
#551=LINE('',#6322,#846);
#552=LINE('',#6326,#847);
#553=LINE('',#6327,#848);
#554=LINE('',#6328,#849);
#555=LINE('',#6329,#850);
#556=LINE('',#6331,#851);
#557=LINE('',#6336,#852);
#558=LINE('',#6337,#853);
#559=LINE('',#6338,#854);
#560=LINE('',#6364,#855);
#561=LINE('',#6383,#856);
#562=LINE('',#6385,#857);
#563=LINE('',#6395,#858);
#564=LINE('',#6400,#859);
#565=LINE('',#6404,#860);
#566=LINE('',#6409,#861);
#567=LINE('',#6414,#862);
#568=LINE('',#6417,#863);
#569=LINE('',#6465,#864);
#570=LINE('',#6469,#865);
#571=LINE('',#6471,#866);
#572=LINE('',#6472,#867);
#573=LINE('',#6475,#868);
#574=LINE('',#6477,#869);
#575=LINE('',#6479,#870);
#576=LINE('',#6481,#871);
#577=LINE('',#6483,#872);
#578=LINE('',#6485,#873);
#579=LINE('',#6487,#874);
#580=LINE('',#6489,#875);
#581=LINE('',#6491,#876);
#582=LINE('',#6493,#877);
#583=LINE('',#6495,#878);
#584=LINE('',#6497,#879);
#585=LINE('',#6507,#880);
#586=LINE('',#6509,#881);
#587=LINE('',#6513,#882);
#588=LINE('',#6514,#883);
#589=VECTOR('',#4137,1.);
#590=VECTOR('',#4138,1.);
#591=VECTOR('',#4139,1.);
#592=VECTOR('',#4142,1.);
#593=VECTOR('',#4143,1.);
#594=VECTOR('',#4144,1.);
#595=VECTOR('',#4145,1.);
#596=VECTOR('',#4146,1.);
#597=VECTOR('',#4147,1.);
#598=VECTOR('',#4150,1.);
#599=VECTOR('',#4153,1.);
#600=VECTOR('',#4154,1.);
#601=VECTOR('',#4155,1.);
#602=VECTOR('',#4156,1.);
#603=VECTOR('',#4157,1.);
#604=VECTOR('',#4158,1.);
#605=VECTOR('',#4161,1.);
#606=VECTOR('',#4162,1.);
#607=VECTOR('',#4163,1.);
#608=VECTOR('',#4164,1.);
#609=VECTOR('',#4177,1.);
#610=VECTOR('',#4180,1.);
#611=VECTOR('',#4215,1.);
#612=VECTOR('',#4216,1.);
#613=VECTOR('',#4217,1.);
#614=VECTOR('',#4218,1.);
#615=VECTOR('',#4219,1.);
#616=VECTOR('',#4220,1.);
#617=VECTOR('',#4221,1.);
#618=VECTOR('',#4232,1.);
#619=VECTOR('',#4249,1.);
#620=VECTOR('',#4250,1.);
#621=VECTOR('',#4251,1.);
#622=VECTOR('',#4254,1.);
#623=VECTOR('',#4255,1.);
#624=VECTOR('',#4256,1.);
#625=VECTOR('',#4259,1.);
#626=VECTOR('',#4260,1.);
#627=VECTOR('',#4261,1.);
#628=VECTOR('',#4264,1.);
#629=VECTOR('',#4265,1.);
#630=VECTOR('',#4266,1.);
#631=VECTOR('',#4269,1.);
#632=VECTOR('',#4270,1.);
#633=VECTOR('',#4271,1.);
#634=VECTOR('',#4272,1.);
#635=VECTOR('',#4273,1.);
#636=VECTOR('',#4274,1.);
#637=VECTOR('',#4275,1.);
#638=VECTOR('',#4276,1.);
#639=VECTOR('',#4277,1.);
#640=VECTOR('',#4278,1.);
#641=VECTOR('',#4279,1.);
#642=VECTOR('',#4294,1.);
#643=VECTOR('',#4297,1.);
#644=VECTOR('',#4298,1.);
#645=VECTOR('',#4299,1.);
#646=VECTOR('',#4302,1.);
#647=VECTOR('',#4305,1.);
#648=VECTOR('',#4306,1.);
#649=VECTOR('',#4307,1.);
#650=VECTOR('',#4338,1.);
#651=VECTOR('',#4339,1.);
#652=VECTOR('',#4340,1.);
#653=VECTOR('',#4341,1.);
#654=VECTOR('',#4342,1.);
#655=VECTOR('',#4343,1.);
#656=VECTOR('',#4344,1.);
#657=VECTOR('',#4345,1.);
#658=VECTOR('',#4346,1.);
#659=VECTOR('',#4347,1.);
#660=VECTOR('',#4350,1.);
#661=VECTOR('',#4353,1.);
#662=VECTOR('',#4356,1.);
#663=VECTOR('',#4359,1.);
#664=VECTOR('',#4360,1.);
#665=VECTOR('',#4361,1.);
#666=VECTOR('',#4364,1.);
#667=VECTOR('',#4365,1.);
#668=VECTOR('',#4366,1.);
#669=VECTOR('',#4369,1.);
#670=VECTOR('',#4372,1.);
#671=VECTOR('',#4373,1.);
#672=VECTOR('',#4374,1.);
#673=VECTOR('',#4375,1.);
#674=VECTOR('',#4376,1.);
#675=VECTOR('',#4377,1.);
#676=VECTOR('',#4378,1.);
#677=VECTOR('',#4379,1.);
#678=VECTOR('',#4382,1.);
#679=VECTOR('',#4385,1.);
#680=VECTOR('',#4388,1.);
#681=VECTOR('',#4389,1.);
#682=VECTOR('',#4390,1.);
#683=VECTOR('',#4391,1.);
#684=VECTOR('',#4394,1.);
#685=VECTOR('',#4395,1.);
#686=VECTOR('',#4396,1.);
#687=VECTOR('',#4403,1.);
#688=VECTOR('',#4404,1.);
#689=VECTOR('',#4407,1.);
#690=VECTOR('',#4410,1.);
#691=VECTOR('',#4411,1.);
#692=VECTOR('',#4414,1.);
#693=VECTOR('',#4415,1.);
#694=VECTOR('',#4416,1.);
#695=VECTOR('',#4419,1.);
#696=VECTOR('',#4420,1.);
#697=VECTOR('',#4421,1.);
#698=VECTOR('',#4422,1.);
#699=VECTOR('',#4423,1.);
#700=VECTOR('',#4424,1.);
#701=VECTOR('',#4427,1.);
#702=VECTOR('',#4428,1.);
#703=VECTOR('',#4429,1.);
#704=VECTOR('',#4430,1.);
#705=VECTOR('',#4431,1.);
#706=VECTOR('',#4432,1.);
#707=VECTOR('',#4433,1.);
#708=VECTOR('',#4434,1.);
#709=VECTOR('',#4437,1.);
#710=VECTOR('',#4440,1.);
#711=VECTOR('',#4443,1.);
#712=VECTOR('',#4444,1.);
#713=VECTOR('',#4445,1.);
#714=VECTOR('',#4448,1.);
#715=VECTOR('',#4449,1.);
#716=VECTOR('',#4452,1.);
#717=VECTOR('',#4453,1.);
#718=VECTOR('',#4454,1.);
#719=VECTOR('',#4455,1.);
#720=VECTOR('',#4456,1.);
#721=VECTOR('',#4459,1.);
#722=VECTOR('',#4464,1.);
#723=VECTOR('',#4467,1.);
#724=VECTOR('',#4468,1.);
#725=VECTOR('',#4471,1.);
#726=VECTOR('',#4472,1.);
#727=VECTOR('',#4479,1.);
#728=VECTOR('',#4480,1.);
#729=VECTOR('',#4483,1.);
#730=VECTOR('',#4488,1.);
#731=VECTOR('',#4491,1.);
#732=VECTOR('',#4494,1.);
#733=VECTOR('',#4497,1.);
#734=VECTOR('',#4498,1.);
#735=VECTOR('',#4499,1.);
#736=VECTOR('',#4500,1.);
#737=VECTOR('',#4501,1.);
#738=VECTOR('',#4502,1.);
#739=VECTOR('',#4503,1.);
#740=VECTOR('',#4504,1.);
#741=VECTOR('',#4505,1.);
#742=VECTOR('',#4506,1.);
#743=VECTOR('',#4511,1.);
#744=VECTOR('',#4512,1.);
#745=VECTOR('',#4517,1.);
#746=VECTOR('',#4518,1.);
#747=VECTOR('',#4519,1.);
#748=VECTOR('',#4522,1.);
#749=VECTOR('',#4523,1.);
#750=VECTOR('',#4524,1.);
#751=VECTOR('',#4527,1.);
#752=VECTOR('',#4528,1.);
#753=VECTOR('',#4529,1.);
#754=VECTOR('',#4530,1.);
#755=VECTOR('',#4531,1.);
#756=VECTOR('',#4532,1.);
#757=VECTOR('',#4533,1.);
#758=VECTOR('',#4534,1.);
#759=VECTOR('',#4537,1.);
#760=VECTOR('',#4538,1.);
#761=VECTOR('',#4541,1.);
#762=VECTOR('',#4544,1.);
#763=VECTOR('',#4547,1.);
#764=VECTOR('',#4548,1.);
#765=VECTOR('',#4549,1.);
#766=VECTOR('',#4550,1.);
#767=VECTOR('',#4551,1.);
#768=VECTOR('',#4552,1.);
#769=VECTOR('',#4555,1.);
#770=VECTOR('',#4560,1.);
#771=VECTOR('',#4565,1.);
#772=VECTOR('',#4566,1.);
#773=VECTOR('',#4567,1.);
#774=VECTOR('',#4568,1.);
#775=VECTOR('',#4569,1.);
#776=VECTOR('',#4574,1.);
#777=VECTOR('',#4575,1.);
#778=VECTOR('',#4576,1.);
#779=VECTOR('',#4577,1.);
#780=VECTOR('',#4580,1.);
#781=VECTOR('',#4581,1.);
#782=VECTOR('',#4584,1.);
#783=VECTOR('',#4585,1.);
#784=VECTOR('',#4586,1.);
#785=VECTOR('',#4587,1.);
#786=VECTOR('',#4588,1.);
#787=VECTOR('',#4591,1.);
#788=VECTOR('',#4592,1.);
#789=VECTOR('',#4593,1.);
#790=VECTOR('',#4598,1.);
#791=VECTOR('',#4599,1.);
#792=VECTOR('',#4602,1.);
#793=VECTOR('',#4605,1.);
#794=VECTOR('',#4610,1.);
#795=VECTOR('',#4611,1.);
#796=VECTOR('',#4614,1.);
#797=VECTOR('',#4617,1.);
#798=VECTOR('',#4622,1.);
#799=VECTOR('',#4629,1.);
#800=VECTOR('',#4636,1.);
#801=VECTOR('',#4639,1.);
#802=VECTOR('',#4646,1.);
#803=VECTOR('',#4653,1.);
#804=VECTOR('',#4660,1.);
#805=VECTOR('',#4667,1.);
#806=VECTOR('',#4682,1.);
#807=VECTOR('',#4689,1.);
#808=VECTOR('',#4694,1.);
#809=VECTOR('',#4705,1.);
#810=VECTOR('',#4712,1.);
#811=VECTOR('',#4717,1.);
#812=VECTOR('',#4726,1.);
#813=VECTOR('',#4733,1.);
#814=VECTOR('',#4740,1.);
#815=VECTOR('',#4743,1.);
#816=VECTOR('',#4750,1.);
#817=VECTOR('',#4771,1.);
#818=VECTOR('',#4772,1.);
#819=VECTOR('',#4773,1.);
#820=VECTOR('',#4774,1.);
#821=VECTOR('',#4775,1.);
#822=VECTOR('',#4776,1.);
#823=VECTOR('',#4777,1.);
#824=VECTOR('',#4780,1.);
#825=VECTOR('',#4785,1.);
#826=VECTOR('',#4788,1.);
#827=VECTOR('',#4789,1.);
#828=VECTOR('',#4790,1.);
#829=VECTOR('',#4793,1.);
#830=VECTOR('',#4794,1.);
#831=VECTOR('',#4795,1.);
#832=VECTOR('',#4796,1.);
#833=VECTOR('',#4797,1.);
#834=VECTOR('',#4798,1.);
#835=VECTOR('',#4801,1.);
#836=VECTOR('',#4802,1.);
#837=VECTOR('',#4803,1.);
#838=VECTOR('',#4804,1.);
#839=VECTOR('',#4805,1.);
#840=VECTOR('',#4810,1.);
#841=VECTOR('',#4811,1.);
#842=VECTOR('',#4812,1.);
#843=VECTOR('',#4815,1.);
#844=VECTOR('',#4816,1.);
#845=VECTOR('',#4817,1.);
#846=VECTOR('',#4820,1.);
#847=VECTOR('',#4823,1.);
#848=VECTOR('',#4824,1.);
#849=VECTOR('',#4825,1.);
#850=VECTOR('',#4826,1.);
#851=VECTOR('',#4827,1.);
#852=VECTOR('',#4832,1.);
#853=VECTOR('',#4833,1.);
#854=VECTOR('',#4834,1.);
#855=VECTOR('',#4837,1.);
#856=VECTOR('',#4846,1.);
#857=VECTOR('',#4849,1.);
#858=VECTOR('',#4866,1.);
#859=VECTOR('',#4873,1.);
#860=VECTOR('',#4878,1.);
#861=VECTOR('',#4885,1.);
#862=VECTOR('',#4892,1.);
#863=VECTOR('',#4897,1.);
#864=VECTOR('',#4930,1.);
#865=VECTOR('',#4937,1.);
#866=VECTOR('',#4940,1.);
#867=VECTOR('',#4941,1.);
#868=VECTOR('',#4946,1.);
#869=VECTOR('',#4947,1.);
#870=VECTOR('',#4948,1.);
#871=VECTOR('',#4951,1.);
#872=VECTOR('',#4952,1.);
#873=VECTOR('',#4955,1.);
#874=VECTOR('',#4956,1.);
#875=VECTOR('',#4959,1.);
#876=VECTOR('',#4960,1.);
#877=VECTOR('',#4963,1.);
#878=VECTOR('',#4964,1.);
#879=VECTOR('',#4967,1.);
#880=VECTOR('',#4976,1.);
#881=VECTOR('',#4979,1.);
#882=VECTOR('',#4984,1.);
#883=VECTOR('',#4985,1.);
#884=ORIENTED_EDGE('',*,*,#1996,.F.);
#885=ORIENTED_EDGE('',*,*,#1997,.T.);
#886=ORIENTED_EDGE('',*,*,#1998,.F.);
#887=ORIENTED_EDGE('',*,*,#1999,.T.);
#888=ORIENTED_EDGE('',*,*,#2000,.T.);
#889=ORIENTED_EDGE('',*,*,#2001,.T.);
#890=ORIENTED_EDGE('',*,*,#2002,.F.);
#891=ORIENTED_EDGE('',*,*,#2003,.T.);
#892=ORIENTED_EDGE('',*,*,#2004,.F.);
#893=ORIENTED_EDGE('',*,*,#2005,.F.);
#894=ORIENTED_EDGE('',*,*,#2006,.F.);
#895=ORIENTED_EDGE('',*,*,#2007,.F.);
#896=ORIENTED_EDGE('',*,*,#2008,.F.);
#897=ORIENTED_EDGE('',*,*,#2009,.T.);
#898=ORIENTED_EDGE('',*,*,#2010,.T.);
#899=ORIENTED_EDGE('',*,*,#2011,.T.);
#900=ORIENTED_EDGE('',*,*,#2012,.T.);
#901=ORIENTED_EDGE('',*,*,#2013,.F.);
#902=ORIENTED_EDGE('',*,*,#2014,.T.);
#903=ORIENTED_EDGE('',*,*,#2015,.T.);
#904=ORIENTED_EDGE('',*,*,#2016,.T.);
#905=ORIENTED_EDGE('',*,*,#2017,.F.);
#906=ORIENTED_EDGE('',*,*,#2018,.F.);
#907=ORIENTED_EDGE('',*,*,#2019,.F.);
#908=ORIENTED_EDGE('',*,*,#2020,.F.);
#909=ORIENTED_EDGE('',*,*,#2021,.T.);
#910=ORIENTED_EDGE('',*,*,#2022,.T.);
#911=ORIENTED_EDGE('',*,*,#2023,.T.);
#912=ORIENTED_EDGE('',*,*,#2024,.F.);
#913=ORIENTED_EDGE('',*,*,#2025,.T.);
#914=ORIENTED_EDGE('',*,*,#2026,.F.);
#915=ORIENTED_EDGE('',*,*,#2027,.T.);
#916=ORIENTED_EDGE('',*,*,#2028,.F.);
#917=ORIENTED_EDGE('',*,*,#2029,.T.);
#918=ORIENTED_EDGE('',*,*,#2030,.F.);
#919=ORIENTED_EDGE('',*,*,#2031,.F.);
#920=ORIENTED_EDGE('',*,*,#2032,.F.);
#921=ORIENTED_EDGE('',*,*,#2033,.F.);
#922=ORIENTED_EDGE('',*,*,#2034,.T.);
#923=ORIENTED_EDGE('',*,*,#2035,.T.);
#924=ORIENTED_EDGE('',*,*,#2036,.T.);
#925=ORIENTED_EDGE('',*,*,#2037,.T.);
#926=ORIENTED_EDGE('',*,*,#2038,.T.);
#927=ORIENTED_EDGE('',*,*,#2039,.T.);
#928=ORIENTED_EDGE('',*,*,#2040,.T.);
#929=ORIENTED_EDGE('',*,*,#2041,.T.);
#930=ORIENTED_EDGE('',*,*,#2042,.T.);
#931=ORIENTED_EDGE('',*,*,#1996,.T.);
#932=ORIENTED_EDGE('',*,*,#2043,.T.);
#933=ORIENTED_EDGE('',*,*,#2004,.T.);
#934=ORIENTED_EDGE('',*,*,#2044,.T.);
#935=ORIENTED_EDGE('',*,*,#2045,.T.);
#936=ORIENTED_EDGE('',*,*,#2046,.T.);
#937=ORIENTED_EDGE('',*,*,#2047,.T.);
#938=ORIENTED_EDGE('',*,*,#2017,.T.);
#939=ORIENTED_EDGE('',*,*,#2048,.T.);
#940=ORIENTED_EDGE('',*,*,#2049,.T.);
#941=ORIENTED_EDGE('',*,*,#2050,.T.);
#942=ORIENTED_EDGE('',*,*,#2051,.T.);
#943=ORIENTED_EDGE('',*,*,#2052,.T.);
#944=ORIENTED_EDGE('',*,*,#2053,.T.);
#945=ORIENTED_EDGE('',*,*,#2054,.T.);
#946=ORIENTED_EDGE('',*,*,#2055,.T.);
#947=ORIENTED_EDGE('',*,*,#2056,.T.);
#948=ORIENTED_EDGE('',*,*,#2008,.T.);
#949=ORIENTED_EDGE('',*,*,#2057,.T.);
#950=ORIENTED_EDGE('',*,*,#2058,.T.);
#951=ORIENTED_EDGE('',*,*,#2006,.T.);
#952=ORIENTED_EDGE('',*,*,#2059,.T.);
#953=ORIENTED_EDGE('',*,*,#2060,.T.);
#954=ORIENTED_EDGE('',*,*,#2061,.T.);
#955=ORIENTED_EDGE('',*,*,#2062,.T.);
#956=ORIENTED_EDGE('',*,*,#2063,.T.);
#957=ORIENTED_EDGE('',*,*,#2064,.T.);
#958=ORIENTED_EDGE('',*,*,#2065,.F.);
#959=ORIENTED_EDGE('',*,*,#2066,.T.);
#960=ORIENTED_EDGE('',*,*,#2039,.F.);
#961=ORIENTED_EDGE('',*,*,#2067,.F.);
#962=ORIENTED_EDGE('',*,*,#2068,.T.);
#963=ORIENTED_EDGE('',*,*,#2069,.F.);
#964=ORIENTED_EDGE('',*,*,#2051,.F.);
#965=ORIENTED_EDGE('',*,*,#2070,.T.);
#966=ORIENTED_EDGE('',*,*,#2071,.T.);
#967=ORIENTED_EDGE('',*,*,#2019,.T.);
#968=ORIENTED_EDGE('',*,*,#2072,.T.);
#969=ORIENTED_EDGE('',*,*,#2068,.F.);
#970=ORIENTED_EDGE('',*,*,#2007,.T.);
#971=ORIENTED_EDGE('',*,*,#2061,.F.);
#972=ORIENTED_EDGE('',*,*,#2073,.T.);
#973=ORIENTED_EDGE('',*,*,#2057,.F.);
#974=ORIENTED_EDGE('',*,*,#2069,.T.);
#975=ORIENTED_EDGE('',*,*,#2072,.F.);
#976=ORIENTED_EDGE('',*,*,#2018,.T.);
#977=ORIENTED_EDGE('',*,*,#2052,.F.);
#978=ORIENTED_EDGE('',*,*,#2074,.T.);
#979=ORIENTED_EDGE('',*,*,#2075,.T.);
#980=ORIENTED_EDGE('',*,*,#2076,.T.);
#981=ORIENTED_EDGE('',*,*,#2077,.T.);
#982=ORIENTED_EDGE('',*,*,#2078,.T.);
#983=ORIENTED_EDGE('',*,*,#2079,.T.);
#984=ORIENTED_EDGE('',*,*,#2080,.T.);
#985=ORIENTED_EDGE('',*,*,#2081,.T.);
#986=ORIENTED_EDGE('',*,*,#2082,.T.);
#987=ORIENTED_EDGE('',*,*,#2083,.T.);
#988=ORIENTED_EDGE('',*,*,#2084,.T.);
#989=ORIENTED_EDGE('',*,*,#2085,.T.);
#990=ORIENTED_EDGE('',*,*,#2086,.F.);
#991=ORIENTED_EDGE('',*,*,#2087,.T.);
#992=ORIENTED_EDGE('',*,*,#2041,.F.);
#993=ORIENTED_EDGE('',*,*,#2088,.T.);
#994=ORIENTED_EDGE('',*,*,#2077,.F.);
#995=ORIENTED_EDGE('',*,*,#2089,.T.);
#996=ORIENTED_EDGE('',*,*,#2090,.F.);
#997=ORIENTED_EDGE('',*,*,#2091,.T.);
#998=ORIENTED_EDGE('',*,*,#2083,.F.);
#999=ORIENTED_EDGE('',*,*,#2092,.T.);
#1000=ORIENTED_EDGE('',*,*,#2093,.F.);
#1001=ORIENTED_EDGE('',*,*,#2094,.T.);
#1002=ORIENTED_EDGE('',*,*,#2045,.F.);
#1003=ORIENTED_EDGE('',*,*,#2095,.T.);
#1004=ORIENTED_EDGE('',*,*,#2096,.F.);
#1005=ORIENTED_EDGE('',*,*,#2097,.T.);
#1006=ORIENTED_EDGE('',*,*,#2033,.T.);
#1007=ORIENTED_EDGE('',*,*,#2098,.T.);
#1008=ORIENTED_EDGE('',*,*,#2099,.F.);
#1009=ORIENTED_EDGE('',*,*,#2100,.F.);
#1010=ORIENTED_EDGE('',*,*,#2101,.F.);
#1011=ORIENTED_EDGE('',*,*,#2102,.F.);
#1012=ORIENTED_EDGE('',*,*,#2103,.F.);
#1013=ORIENTED_EDGE('',*,*,#2104,.F.);
#1014=ORIENTED_EDGE('',*,*,#2105,.F.);
#1015=ORIENTED_EDGE('',*,*,#2106,.F.);
#1016=ORIENTED_EDGE('',*,*,#2107,.F.);
#1017=ORIENTED_EDGE('',*,*,#2108,.F.);
#1018=ORIENTED_EDGE('',*,*,#2109,.T.);
#1019=ORIENTED_EDGE('',*,*,#2110,.T.);
#1020=ORIENTED_EDGE('',*,*,#2111,.T.);
#1021=ORIENTED_EDGE('',*,*,#2112,.T.);
#1022=ORIENTED_EDGE('',*,*,#2113,.T.);
#1023=ORIENTED_EDGE('',*,*,#2114,.T.);
#1024=ORIENTED_EDGE('',*,*,#2115,.T.);
#1025=ORIENTED_EDGE('',*,*,#2116,.T.);
#1026=ORIENTED_EDGE('',*,*,#2117,.T.);
#1027=ORIENTED_EDGE('',*,*,#2118,.T.);
#1028=ORIENTED_EDGE('',*,*,#2119,.T.);
#1029=ORIENTED_EDGE('',*,*,#2120,.T.);
#1030=ORIENTED_EDGE('',*,*,#2121,.T.);
#1031=ORIENTED_EDGE('',*,*,#2122,.T.);
#1032=ORIENTED_EDGE('',*,*,#2123,.T.);
#1033=ORIENTED_EDGE('',*,*,#2124,.T.);
#1034=ORIENTED_EDGE('',*,*,#2125,.T.);
#1035=ORIENTED_EDGE('',*,*,#2126,.T.);
#1036=ORIENTED_EDGE('',*,*,#2127,.T.);
#1037=ORIENTED_EDGE('',*,*,#2128,.T.);
#1038=ORIENTED_EDGE('',*,*,#2129,.T.);
#1039=ORIENTED_EDGE('',*,*,#2130,.T.);
#1040=ORIENTED_EDGE('',*,*,#2131,.T.);
#1041=ORIENTED_EDGE('',*,*,#2132,.T.);
#1042=ORIENTED_EDGE('',*,*,#2133,.T.);
#1043=ORIENTED_EDGE('',*,*,#2134,.T.);
#1044=ORIENTED_EDGE('',*,*,#2135,.T.);
#1045=ORIENTED_EDGE('',*,*,#2136,.T.);
#1046=ORIENTED_EDGE('',*,*,#2137,.T.);
#1047=ORIENTED_EDGE('',*,*,#2138,.T.);
#1048=ORIENTED_EDGE('',*,*,#2139,.T.);
#1049=ORIENTED_EDGE('',*,*,#2140,.T.);
#1050=ORIENTED_EDGE('',*,*,#2141,.T.);
#1051=ORIENTED_EDGE('',*,*,#2142,.T.);
#1052=ORIENTED_EDGE('',*,*,#2143,.T.);
#1053=ORIENTED_EDGE('',*,*,#2144,.T.);
#1054=ORIENTED_EDGE('',*,*,#2145,.T.);
#1055=ORIENTED_EDGE('',*,*,#2146,.F.);
#1056=ORIENTED_EDGE('',*,*,#2147,.T.);
#1057=ORIENTED_EDGE('',*,*,#2148,.T.);
#1058=ORIENTED_EDGE('',*,*,#2149,.T.);
#1059=ORIENTED_EDGE('',*,*,#2150,.T.);
#1060=ORIENTED_EDGE('',*,*,#2151,.F.);
#1061=ORIENTED_EDGE('',*,*,#2152,.T.);
#1062=ORIENTED_EDGE('',*,*,#2123,.F.);
#1063=ORIENTED_EDGE('',*,*,#2153,.T.);
#1064=ORIENTED_EDGE('',*,*,#2116,.F.);
#1065=ORIENTED_EDGE('',*,*,#2154,.T.);
#1066=ORIENTED_EDGE('',*,*,#2144,.F.);
#1067=ORIENTED_EDGE('',*,*,#2155,.T.);
#1068=ORIENTED_EDGE('',*,*,#2141,.F.);
#1069=ORIENTED_EDGE('',*,*,#2156,.T.);
#1070=ORIENTED_EDGE('',*,*,#2157,.T.);
#1071=ORIENTED_EDGE('',*,*,#2158,.T.);
#1072=ORIENTED_EDGE('',*,*,#2131,.F.);
#1073=ORIENTED_EDGE('',*,*,#2159,.T.);
#1074=ORIENTED_EDGE('',*,*,#2151,.T.);
#1075=ORIENTED_EDGE('',*,*,#2160,.T.);
#1076=ORIENTED_EDGE('',*,*,#2114,.F.);
#1077=ORIENTED_EDGE('',*,*,#2161,.T.);
#1078=ORIENTED_EDGE('',*,*,#2126,.F.);
#1079=ORIENTED_EDGE('',*,*,#2162,.F.);
#1080=ORIENTED_EDGE('',*,*,#2163,.F.);
#1081=ORIENTED_EDGE('',*,*,#2164,.F.);
#1082=ORIENTED_EDGE('',*,*,#2115,.F.);
#1083=ORIENTED_EDGE('',*,*,#2165,.F.);
#1084=ORIENTED_EDGE('',*,*,#2145,.F.);
#1085=ORIENTED_EDGE('',*,*,#2154,.F.);
#1086=ORIENTED_EDGE('',*,*,#2109,.F.);
#1087=ORIENTED_EDGE('',*,*,#2160,.F.);
#1088=ORIENTED_EDGE('',*,*,#2150,.F.);
#1089=ORIENTED_EDGE('',*,*,#2166,.F.);
#1090=ORIENTED_EDGE('',*,*,#2167,.F.);
#1091=ORIENTED_EDGE('',*,*,#2168,.T.);
#1092=ORIENTED_EDGE('',*,*,#2112,.F.);
#1093=ORIENTED_EDGE('',*,*,#2169,.T.);
#1094=ORIENTED_EDGE('',*,*,#2170,.F.);
#1095=ORIENTED_EDGE('',*,*,#2171,.T.);
#1096=ORIENTED_EDGE('',*,*,#2118,.F.);
#1097=ORIENTED_EDGE('',*,*,#2172,.T.);
#1098=ORIENTED_EDGE('',*,*,#2173,.F.);
#1099=ORIENTED_EDGE('',*,*,#2174,.T.);
#1100=ORIENTED_EDGE('',*,*,#2175,.T.);
#1101=ORIENTED_EDGE('',*,*,#2129,.F.);
#1102=ORIENTED_EDGE('',*,*,#2176,.F.);
#1103=ORIENTED_EDGE('',*,*,#2177,.F.);
#1104=ORIENTED_EDGE('',*,*,#2178,.F.);
#1105=ORIENTED_EDGE('',*,*,#2179,.F.);
#1106=ORIENTED_EDGE('',*,*,#2180,.F.);
#1107=ORIENTED_EDGE('',*,*,#2181,.F.);
#1108=ORIENTED_EDGE('',*,*,#2182,.F.);
#1109=ORIENTED_EDGE('',*,*,#2125,.F.);
#1110=ORIENTED_EDGE('',*,*,#2183,.F.);
#1111=ORIENTED_EDGE('',*,*,#2184,.T.);
#1112=ORIENTED_EDGE('',*,*,#2185,.T.);
#1113=ORIENTED_EDGE('',*,*,#2186,.T.);
#1114=ORIENTED_EDGE('',*,*,#2187,.T.);
#1115=ORIENTED_EDGE('',*,*,#2188,.T.);
#1116=ORIENTED_EDGE('',*,*,#2189,.T.);
#1117=ORIENTED_EDGE('',*,*,#2190,.F.);
#1118=ORIENTED_EDGE('',*,*,#2191,.F.);
#1119=ORIENTED_EDGE('',*,*,#2192,.T.);
#1120=ORIENTED_EDGE('',*,*,#2193,.F.);
#1121=ORIENTED_EDGE('',*,*,#2194,.T.);
#1122=ORIENTED_EDGE('',*,*,#2195,.T.);
#1123=ORIENTED_EDGE('',*,*,#2196,.T.);
#1124=ORIENTED_EDGE('',*,*,#2197,.F.);
#1125=ORIENTED_EDGE('',*,*,#2198,.T.);
#1126=ORIENTED_EDGE('',*,*,#2199,.T.);
#1127=ORIENTED_EDGE('',*,*,#2200,.T.);
#1128=ORIENTED_EDGE('',*,*,#2201,.T.);
#1129=ORIENTED_EDGE('',*,*,#2202,.T.);
#1130=ORIENTED_EDGE('',*,*,#2203,.T.);
#1131=ORIENTED_EDGE('',*,*,#2204,.T.);
#1132=ORIENTED_EDGE('',*,*,#2205,.F.);
#1133=ORIENTED_EDGE('',*,*,#2206,.T.);
#1134=ORIENTED_EDGE('',*,*,#2207,.F.);
#1135=ORIENTED_EDGE('',*,*,#2208,.F.);
#1136=ORIENTED_EDGE('',*,*,#2209,.T.);
#1137=ORIENTED_EDGE('',*,*,#2210,.T.);
#1138=ORIENTED_EDGE('',*,*,#2211,.F.);
#1139=ORIENTED_EDGE('',*,*,#2212,.F.);
#1140=ORIENTED_EDGE('',*,*,#2213,.T.);
#1141=ORIENTED_EDGE('',*,*,#2214,.T.);
#1142=ORIENTED_EDGE('',*,*,#2215,.F.);
#1143=ORIENTED_EDGE('',*,*,#2216,.T.);
#1144=ORIENTED_EDGE('',*,*,#2217,.F.);
#1145=ORIENTED_EDGE('',*,*,#2218,.T.);
#1146=ORIENTED_EDGE('',*,*,#2079,.F.);
#1147=ORIENTED_EDGE('',*,*,#2219,.T.);
#1148=ORIENTED_EDGE('',*,*,#2220,.F.);
#1149=ORIENTED_EDGE('',*,*,#2221,.T.);
#1150=ORIENTED_EDGE('',*,*,#2222,.T.);
#1151=ORIENTED_EDGE('',*,*,#2223,.T.);
#1152=ORIENTED_EDGE('',*,*,#2224,.T.);
#1153=ORIENTED_EDGE('',*,*,#2055,.F.);
#1154=ORIENTED_EDGE('',*,*,#2225,.T.);
#1155=ORIENTED_EDGE('',*,*,#2226,.T.);
#1156=ORIENTED_EDGE('',*,*,#2227,.F.);
#1157=ORIENTED_EDGE('',*,*,#2228,.T.);
#1158=ORIENTED_EDGE('',*,*,#2229,.T.);
#1159=ORIENTED_EDGE('',*,*,#2230,.F.);
#1160=ORIENTED_EDGE('',*,*,#2231,.T.);
#1161=ORIENTED_EDGE('',*,*,#2193,.T.);
#1162=ORIENTED_EDGE('',*,*,#2232,.T.);
#1163=ORIENTED_EDGE('',*,*,#2233,.T.);
#1164=ORIENTED_EDGE('',*,*,#2053,.F.);
#1165=ORIENTED_EDGE('',*,*,#2073,.F.);
#1166=ORIENTED_EDGE('',*,*,#2060,.F.);
#1167=ORIENTED_EDGE('',*,*,#2234,.F.);
#1168=ORIENTED_EDGE('',*,*,#2047,.F.);
#1169=ORIENTED_EDGE('',*,*,#2235,.T.);
#1170=ORIENTED_EDGE('',*,*,#2236,.F.);
#1171=ORIENTED_EDGE('',*,*,#2237,.T.);
#1172=ORIENTED_EDGE('',*,*,#2026,.T.);
#1173=ORIENTED_EDGE('',*,*,#2238,.F.);
#1174=ORIENTED_EDGE('',*,*,#2239,.T.);
#1175=ORIENTED_EDGE('',*,*,#2215,.T.);
#1176=ORIENTED_EDGE('',*,*,#2240,.T.);
#1177=ORIENTED_EDGE('',*,*,#2241,.F.);
#1178=ORIENTED_EDGE('',*,*,#2242,.T.);
#1179=ORIENTED_EDGE('',*,*,#2243,.T.);
#1180=ORIENTED_EDGE('',*,*,#2244,.T.);
#1181=ORIENTED_EDGE('',*,*,#2245,.T.);
#1182=ORIENTED_EDGE('',*,*,#2246,.T.);
#1183=ORIENTED_EDGE('',*,*,#2243,.F.);
#1184=ORIENTED_EDGE('',*,*,#2247,.T.);
#1185=ORIENTED_EDGE('',*,*,#2157,.F.);
#1186=ORIENTED_EDGE('',*,*,#2248,.T.);
#1187=ORIENTED_EDGE('',*,*,#2191,.T.);
#1188=ORIENTED_EDGE('',*,*,#2249,.T.);
#1189=ORIENTED_EDGE('',*,*,#2250,.T.);
#1190=ORIENTED_EDGE('',*,*,#2245,.F.);
#1191=ORIENTED_EDGE('',*,*,#2251,.T.);
#1192=ORIENTED_EDGE('',*,*,#2252,.F.);
#1193=ORIENTED_EDGE('',*,*,#2253,.T.);
#1194=ORIENTED_EDGE('',*,*,#2254,.F.);
#1195=ORIENTED_EDGE('',*,*,#2255,.T.);
#1196=ORIENTED_EDGE('',*,*,#2256,.T.);
#1197=ORIENTED_EDGE('',*,*,#2257,.F.);
#1198=ORIENTED_EDGE('',*,*,#2258,.F.);
#1199=ORIENTED_EDGE('',*,*,#2259,.T.);
#1200=ORIENTED_EDGE('',*,*,#2260,.T.);
#1201=ORIENTED_EDGE('',*,*,#2261,.F.);
#1202=ORIENTED_EDGE('',*,*,#2262,.F.);
#1203=ORIENTED_EDGE('',*,*,#2263,.F.);
#1204=ORIENTED_EDGE('',*,*,#2264,.F.);
#1205=ORIENTED_EDGE('',*,*,#2265,.F.);
#1206=ORIENTED_EDGE('',*,*,#2266,.F.);
#1207=ORIENTED_EDGE('',*,*,#2267,.F.);
#1208=ORIENTED_EDGE('',*,*,#2268,.F.);
#1209=ORIENTED_EDGE('',*,*,#2269,.F.);
#1210=ORIENTED_EDGE('',*,*,#2270,.T.);
#1211=ORIENTED_EDGE('',*,*,#2271,.T.);
#1212=ORIENTED_EDGE('',*,*,#2272,.T.);
#1213=ORIENTED_EDGE('',*,*,#2273,.T.);
#1214=ORIENTED_EDGE('',*,*,#2259,.F.);
#1215=ORIENTED_EDGE('',*,*,#2274,.T.);
#1216=ORIENTED_EDGE('',*,*,#2275,.T.);
#1217=ORIENTED_EDGE('',*,*,#2276,.F.);
#1218=ORIENTED_EDGE('',*,*,#2277,.T.);
#1219=ORIENTED_EDGE('',*,*,#2278,.F.);
#1220=ORIENTED_EDGE('',*,*,#2279,.T.);
#1221=ORIENTED_EDGE('',*,*,#2085,.F.);
#1222=ORIENTED_EDGE('',*,*,#2280,.T.);
#1223=ORIENTED_EDGE('',*,*,#2281,.F.);
#1224=ORIENTED_EDGE('',*,*,#2282,.F.);
#1225=ORIENTED_EDGE('',*,*,#2283,.T.);
#1226=ORIENTED_EDGE('',*,*,#2284,.T.);
#1227=ORIENTED_EDGE('',*,*,#2285,.F.);
#1228=ORIENTED_EDGE('',*,*,#2286,.T.);
#1229=ORIENTED_EDGE('',*,*,#2075,.F.);
#1230=ORIENTED_EDGE('',*,*,#2287,.T.);
#1231=ORIENTED_EDGE('',*,*,#2288,.F.);
#1232=ORIENTED_EDGE('',*,*,#2289,.T.);
#1233=ORIENTED_EDGE('',*,*,#2290,.F.);
#1234=ORIENTED_EDGE('',*,*,#2291,.T.);
#1235=ORIENTED_EDGE('',*,*,#2292,.F.);
#1236=ORIENTED_EDGE('',*,*,#2293,.T.);
#1237=ORIENTED_EDGE('',*,*,#2294,.F.);
#1238=ORIENTED_EDGE('',*,*,#2295,.T.);
#1239=ORIENTED_EDGE('',*,*,#2296,.F.);
#1240=ORIENTED_EDGE('',*,*,#2297,.T.);
#1241=ORIENTED_EDGE('',*,*,#2298,.T.);
#1242=ORIENTED_EDGE('',*,*,#2299,.T.);
#1243=ORIENTED_EDGE('',*,*,#2254,.T.);
#1244=ORIENTED_EDGE('',*,*,#2300,.F.);
#1245=ORIENTED_EDGE('',*,*,#2301,.T.);
#1246=ORIENTED_EDGE('',*,*,#2081,.F.);
#1247=ORIENTED_EDGE('',*,*,#2302,.T.);
#1248=ORIENTED_EDGE('',*,*,#2303,.F.);
#1249=ORIENTED_EDGE('',*,*,#2304,.T.);
#1250=ORIENTED_EDGE('',*,*,#2305,.F.);
#1251=ORIENTED_EDGE('',*,*,#2306,.T.);
#1252=ORIENTED_EDGE('',*,*,#2307,.T.);
#1253=ORIENTED_EDGE('',*,*,#2308,.T.);
#1254=ORIENTED_EDGE('',*,*,#2309,.T.);
#1255=ORIENTED_EDGE('',*,*,#2310,.F.);
#1256=ORIENTED_EDGE('',*,*,#2311,.T.);
#1257=ORIENTED_EDGE('',*,*,#2312,.T.);
#1258=ORIENTED_EDGE('',*,*,#2183,.T.);
#1259=ORIENTED_EDGE('',*,*,#2031,.T.);
#1260=ORIENTED_EDGE('',*,*,#2313,.T.);
#1261=ORIENTED_EDGE('',*,*,#2314,.F.);
#1262=ORIENTED_EDGE('',*,*,#2315,.F.);
#1263=ORIENTED_EDGE('',*,*,#2316,.F.);
#1264=ORIENTED_EDGE('',*,*,#2317,.F.);
#1265=ORIENTED_EDGE('',*,*,#2244,.F.);
#1266=ORIENTED_EDGE('',*,*,#2246,.F.);
#1267=ORIENTED_EDGE('',*,*,#2250,.F.);
#1268=ORIENTED_EDGE('',*,*,#2318,.T.);
#1269=ORIENTED_EDGE('',*,*,#2230,.T.);
#1270=ORIENTED_EDGE('',*,*,#2319,.T.);
#1271=ORIENTED_EDGE('',*,*,#2320,.T.);
#1272=ORIENTED_EDGE('',*,*,#2321,.T.);
#1273=ORIENTED_EDGE('',*,*,#2322,.F.);
#1274=ORIENTED_EDGE('',*,*,#2323,.F.);
#1275=ORIENTED_EDGE('',*,*,#2324,.T.);
#1276=ORIENTED_EDGE('',*,*,#2049,.F.);
#1277=ORIENTED_EDGE('',*,*,#2325,.T.);
#1278=ORIENTED_EDGE('',*,*,#2326,.T.);
#1279=ORIENTED_EDGE('',*,*,#2327,.T.);
#1280=ORIENTED_EDGE('',*,*,#2328,.F.);
#1281=ORIENTED_EDGE('',*,*,#2313,.F.);
#1282=ORIENTED_EDGE('',*,*,#2030,.T.);
#1283=ORIENTED_EDGE('',*,*,#2329,.T.);
#1284=ORIENTED_EDGE('',*,*,#2330,.F.);
#1285=ORIENTED_EDGE('',*,*,#2028,.T.);
#1286=ORIENTED_EDGE('',*,*,#2331,.T.);
#1287=ORIENTED_EDGE('',*,*,#2332,.F.);
#1288=ORIENTED_EDGE('',*,*,#2333,.T.);
#1289=ORIENTED_EDGE('',*,*,#2272,.F.);
#1290=ORIENTED_EDGE('',*,*,#2260,.F.);
#1291=ORIENTED_EDGE('',*,*,#2273,.F.);
#1292=ORIENTED_EDGE('',*,*,#2334,.T.);
#1293=ORIENTED_EDGE('',*,*,#1999,.F.);
#1294=ORIENTED_EDGE('',*,*,#2335,.F.);
#1295=ORIENTED_EDGE('',*,*,#2275,.F.);
#1296=ORIENTED_EDGE('',*,*,#2336,.T.);
#1297=ORIENTED_EDGE('',*,*,#2000,.F.);
#1298=ORIENTED_EDGE('',*,*,#2334,.F.);
#1299=ORIENTED_EDGE('',*,*,#2001,.F.);
#1300=ORIENTED_EDGE('',*,*,#2336,.F.);
#1301=ORIENTED_EDGE('',*,*,#2274,.F.);
#1302=ORIENTED_EDGE('',*,*,#2258,.T.);
#1303=ORIENTED_EDGE('',*,*,#2337,.F.);
#1304=ORIENTED_EDGE('',*,*,#2070,.F.);
#1305=ORIENTED_EDGE('',*,*,#2271,.F.);
#1306=ORIENTED_EDGE('',*,*,#2032,.T.);
#1307=ORIENTED_EDGE('',*,*,#2338,.T.);
#1308=ORIENTED_EDGE('',*,*,#2282,.T.);
#1309=ORIENTED_EDGE('',*,*,#2339,.F.);
#1310=ORIENTED_EDGE('',*,*,#2098,.F.);
#1311=ORIENTED_EDGE('',*,*,#2340,.T.);
#1312=ORIENTED_EDGE('',*,*,#2283,.F.);
#1313=ORIENTED_EDGE('',*,*,#2338,.F.);
#1314=ORIENTED_EDGE('',*,*,#2035,.F.);
#1315=ORIENTED_EDGE('',*,*,#2108,.T.);
#1316=ORIENTED_EDGE('',*,*,#2341,.F.);
#1317=ORIENTED_EDGE('',*,*,#2284,.F.);
#1318=ORIENTED_EDGE('',*,*,#2340,.F.);
#1319=ORIENTED_EDGE('',*,*,#2034,.F.);
#1320=ORIENTED_EDGE('',*,*,#1998,.T.);
#1321=ORIENTED_EDGE('',*,*,#2342,.T.);
#1322=ORIENTED_EDGE('',*,*,#2343,.T.);
#1323=ORIENTED_EDGE('',*,*,#2261,.T.);
#1324=ORIENTED_EDGE('',*,*,#2335,.T.);
#1325=ORIENTED_EDGE('',*,*,#2343,.F.);
#1326=ORIENTED_EDGE('',*,*,#2344,.T.);
#1327=ORIENTED_EDGE('',*,*,#2086,.T.);
#1328=ORIENTED_EDGE('',*,*,#2345,.T.);
#1329=ORIENTED_EDGE('',*,*,#2346,.T.);
#1330=ORIENTED_EDGE('',*,*,#2262,.T.);
#1331=ORIENTED_EDGE('',*,*,#2346,.F.);
#1332=ORIENTED_EDGE('',*,*,#2347,.T.);
#1333=ORIENTED_EDGE('',*,*,#2065,.T.);
#1334=ORIENTED_EDGE('',*,*,#2348,.T.);
#1335=ORIENTED_EDGE('',*,*,#2349,.T.);
#1336=ORIENTED_EDGE('',*,*,#2263,.T.);
#1337=ORIENTED_EDGE('',*,*,#2350,.T.);
#1338=ORIENTED_EDGE('',*,*,#2351,.T.);
#1339=ORIENTED_EDGE('',*,*,#2002,.T.);
#1340=ORIENTED_EDGE('',*,*,#2337,.T.);
#1341=ORIENTED_EDGE('',*,*,#2269,.T.);
#1342=ORIENTED_EDGE('',*,*,#2322,.T.);
#1343=ORIENTED_EDGE('',*,*,#2352,.T.);
#1344=ORIENTED_EDGE('',*,*,#2353,.T.);
#1345=ORIENTED_EDGE('',*,*,#2264,.T.);
#1346=ORIENTED_EDGE('',*,*,#2349,.F.);
#1347=ORIENTED_EDGE('',*,*,#2354,.T.);
#1348=ORIENTED_EDGE('',*,*,#2096,.T.);
#1349=ORIENTED_EDGE('',*,*,#2355,.T.);
#1350=ORIENTED_EDGE('',*,*,#2350,.F.);
#1351=ORIENTED_EDGE('',*,*,#2268,.T.);
#1352=ORIENTED_EDGE('',*,*,#2356,.T.);
#1353=ORIENTED_EDGE('',*,*,#2357,.T.);
#1354=ORIENTED_EDGE('',*,*,#2330,.T.);
#1355=ORIENTED_EDGE('',*,*,#2358,.T.);
#1356=ORIENTED_EDGE('',*,*,#2359,.T.);
#1357=ORIENTED_EDGE('',*,*,#2265,.T.);
#1358=ORIENTED_EDGE('',*,*,#2353,.F.);
#1359=ORIENTED_EDGE('',*,*,#2360,.T.);
#1360=ORIENTED_EDGE('',*,*,#2236,.T.);
#1361=ORIENTED_EDGE('',*,*,#2361,.T.);
#1362=ORIENTED_EDGE('',*,*,#2356,.F.);
#1363=ORIENTED_EDGE('',*,*,#2267,.T.);
#1364=ORIENTED_EDGE('',*,*,#2362,.T.);
#1365=ORIENTED_EDGE('',*,*,#2363,.T.);
#1366=ORIENTED_EDGE('',*,*,#2332,.T.);
#1367=ORIENTED_EDGE('',*,*,#2364,.T.);
#1368=ORIENTED_EDGE('',*,*,#2362,.F.);
#1369=ORIENTED_EDGE('',*,*,#2266,.T.);
#1370=ORIENTED_EDGE('',*,*,#2359,.F.);
#1371=ORIENTED_EDGE('',*,*,#2365,.T.);
#1372=ORIENTED_EDGE('',*,*,#2328,.T.);
#1373=ORIENTED_EDGE('',*,*,#2366,.T.);
#1374=ORIENTED_EDGE('',*,*,#2305,.T.);
#1375=ORIENTED_EDGE('',*,*,#2367,.T.);
#1376=ORIENTED_EDGE('',*,*,#2368,.T.);
#1377=ORIENTED_EDGE('',*,*,#2314,.T.);
#1378=ORIENTED_EDGE('',*,*,#2368,.F.);
#1379=ORIENTED_EDGE('',*,*,#2369,.T.);
#1380=ORIENTED_EDGE('',*,*,#2294,.T.);
#1381=ORIENTED_EDGE('',*,*,#2370,.T.);
#1382=ORIENTED_EDGE('',*,*,#2371,.T.);
#1383=ORIENTED_EDGE('',*,*,#2315,.T.);
#1384=ORIENTED_EDGE('',*,*,#2290,.T.);
#1385=ORIENTED_EDGE('',*,*,#2372,.T.);
#1386=ORIENTED_EDGE('',*,*,#2373,.T.);
#1387=ORIENTED_EDGE('',*,*,#2316,.T.);
#1388=ORIENTED_EDGE('',*,*,#2371,.F.);
#1389=ORIENTED_EDGE('',*,*,#2374,.T.);
#1390=ORIENTED_EDGE('',*,*,#2278,.T.);
#1391=ORIENTED_EDGE('',*,*,#2375,.T.);
#1392=ORIENTED_EDGE('',*,*,#2238,.T.);
#1393=ORIENTED_EDGE('',*,*,#2317,.T.);
#1394=ORIENTED_EDGE('',*,*,#2373,.F.);
#1395=ORIENTED_EDGE('',*,*,#2376,.T.);
#1396=ORIENTED_EDGE('',*,*,#2377,.T.);
#1397=ORIENTED_EDGE('',*,*,#2378,.T.);
#1398=ORIENTED_EDGE('',*,*,#2285,.T.);
#1399=ORIENTED_EDGE('',*,*,#2341,.T.);
#1400=ORIENTED_EDGE('',*,*,#2107,.T.);
#1401=ORIENTED_EDGE('',*,*,#2090,.T.);
#1402=ORIENTED_EDGE('',*,*,#2379,.T.);
#1403=ORIENTED_EDGE('',*,*,#2377,.F.);
#1404=ORIENTED_EDGE('',*,*,#2106,.T.);
#1405=ORIENTED_EDGE('',*,*,#2380,.T.);
#1406=ORIENTED_EDGE('',*,*,#2381,.T.);
#1407=ORIENTED_EDGE('',*,*,#2382,.T.);
#1408=ORIENTED_EDGE('',*,*,#2383,.T.);
#1409=ORIENTED_EDGE('',*,*,#2220,.T.);
#1410=ORIENTED_EDGE('',*,*,#2384,.T.);
#1411=ORIENTED_EDGE('',*,*,#2380,.F.);
#1412=ORIENTED_EDGE('',*,*,#2105,.T.);
#1413=ORIENTED_EDGE('',*,*,#2205,.T.);
#1414=ORIENTED_EDGE('',*,*,#2385,.T.);
#1415=ORIENTED_EDGE('',*,*,#2382,.F.);
#1416=ORIENTED_EDGE('',*,*,#2104,.T.);
#1417=ORIENTED_EDGE('',*,*,#2386,.T.);
#1418=ORIENTED_EDGE('',*,*,#2387,.T.);
#1419=ORIENTED_EDGE('',*,*,#2190,.T.);
#1420=ORIENTED_EDGE('',*,*,#2388,.T.);
#1421=ORIENTED_EDGE('',*,*,#2386,.F.);
#1422=ORIENTED_EDGE('',*,*,#2103,.T.);
#1423=ORIENTED_EDGE('',*,*,#2389,.T.);
#1424=ORIENTED_EDGE('',*,*,#2257,.T.);
#1425=ORIENTED_EDGE('',*,*,#2390,.T.);
#1426=ORIENTED_EDGE('',*,*,#2323,.T.);
#1427=ORIENTED_EDGE('',*,*,#2391,.T.);
#1428=ORIENTED_EDGE('',*,*,#2310,.T.);
#1429=ORIENTED_EDGE('',*,*,#2389,.F.);
#1430=ORIENTED_EDGE('',*,*,#2102,.T.);
#1431=ORIENTED_EDGE('',*,*,#2392,.T.);
#1432=ORIENTED_EDGE('',*,*,#2393,.T.);
#1433=ORIENTED_EDGE('',*,*,#2394,.T.);
#1434=ORIENTED_EDGE('',*,*,#2300,.T.);
#1435=ORIENTED_EDGE('',*,*,#2392,.F.);
#1436=ORIENTED_EDGE('',*,*,#2101,.T.);
#1437=ORIENTED_EDGE('',*,*,#2093,.T.);
#1438=ORIENTED_EDGE('',*,*,#2395,.T.);
#1439=ORIENTED_EDGE('',*,*,#2393,.F.);
#1440=ORIENTED_EDGE('',*,*,#2100,.T.);
#1441=ORIENTED_EDGE('',*,*,#2396,.T.);
#1442=ORIENTED_EDGE('',*,*,#2397,.T.);
#1443=ORIENTED_EDGE('',*,*,#2281,.T.);
#1444=ORIENTED_EDGE('',*,*,#2398,.T.);
#1445=ORIENTED_EDGE('',*,*,#2396,.F.);
#1446=ORIENTED_EDGE('',*,*,#2099,.T.);
#1447=ORIENTED_EDGE('',*,*,#2339,.T.);
#1448=ORIENTED_EDGE('',*,*,#2399,.F.);
#1449=ORIENTED_EDGE('',*,*,#2074,.F.);
#1450=ORIENTED_EDGE('',*,*,#2218,.F.);
#1451=ORIENTED_EDGE('',*,*,#2400,.F.);
#1452=ORIENTED_EDGE('',*,*,#2287,.F.);
#1453=ORIENTED_EDGE('',*,*,#2401,.F.);
#1454=ORIENTED_EDGE('',*,*,#2036,.F.);
#1455=ORIENTED_EDGE('',*,*,#2067,.T.);
#1456=ORIENTED_EDGE('',*,*,#2038,.F.);
#1457=ORIENTED_EDGE('',*,*,#2020,.T.);
#1458=ORIENTED_EDGE('',*,*,#2071,.F.);
#1459=ORIENTED_EDGE('',*,*,#2402,.F.);
#1460=ORIENTED_EDGE('',*,*,#2403,.T.);
#1461=ORIENTED_EDGE('',*,*,#2404,.T.);
#1462=ORIENTED_EDGE('',*,*,#2405,.F.);
#1463=ORIENTED_EDGE('',*,*,#2406,.T.);
#1464=ORIENTED_EDGE('',*,*,#2407,.T.);
#1465=ORIENTED_EDGE('',*,*,#2408,.T.);
#1466=ORIENTED_EDGE('',*,*,#2409,.T.);
#1467=ORIENTED_EDGE('',*,*,#2410,.T.);
#1468=ORIENTED_EDGE('',*,*,#2411,.T.);
#1469=ORIENTED_EDGE('',*,*,#2412,.T.);
#1470=ORIENTED_EDGE('',*,*,#2413,.T.);
#1471=ORIENTED_EDGE('',*,*,#2414,.T.);
#1472=ORIENTED_EDGE('',*,*,#2415,.F.);
#1473=ORIENTED_EDGE('',*,*,#2416,.T.);
#1474=ORIENTED_EDGE('',*,*,#2417,.T.);
#1475=ORIENTED_EDGE('',*,*,#2418,.T.);
#1476=ORIENTED_EDGE('',*,*,#2419,.T.);
#1477=ORIENTED_EDGE('',*,*,#2420,.F.);
#1478=ORIENTED_EDGE('',*,*,#2421,.T.);
#1479=ORIENTED_EDGE('',*,*,#2110,.F.);
#1480=ORIENTED_EDGE('',*,*,#2166,.T.);
#1481=ORIENTED_EDGE('',*,*,#2149,.F.);
#1482=ORIENTED_EDGE('',*,*,#2422,.T.);
#1483=ORIENTED_EDGE('',*,*,#2135,.F.);
#1484=ORIENTED_EDGE('',*,*,#2423,.T.);
#1485=ORIENTED_EDGE('',*,*,#2424,.T.);
#1486=ORIENTED_EDGE('',*,*,#2425,.T.);
#1487=ORIENTED_EDGE('',*,*,#2426,.F.);
#1488=ORIENTED_EDGE('',*,*,#2427,.T.);
#1489=ORIENTED_EDGE('',*,*,#2428,.T.);
#1490=ORIENTED_EDGE('',*,*,#2429,.T.);
#1491=ORIENTED_EDGE('',*,*,#2241,.T.);
#1492=ORIENTED_EDGE('',*,*,#2430,.T.);
#1493=ORIENTED_EDGE('',*,*,#2431,.T.);
#1494=ORIENTED_EDGE('',*,*,#2133,.F.);
#1495=ORIENTED_EDGE('',*,*,#2432,.T.);
#1496=ORIENTED_EDGE('',*,*,#2433,.T.);
#1497=ORIENTED_EDGE('',*,*,#2434,.T.);
#1498=ORIENTED_EDGE('',*,*,#2435,.T.);
#1499=ORIENTED_EDGE('',*,*,#2436,.F.);
#1500=ORIENTED_EDGE('',*,*,#2437,.T.);
#1501=ORIENTED_EDGE('',*,*,#2438,.F.);
#1502=ORIENTED_EDGE('',*,*,#2227,.T.);
#1503=ORIENTED_EDGE('',*,*,#2439,.T.);
#1504=ORIENTED_EDGE('',*,*,#2137,.F.);
#1505=ORIENTED_EDGE('',*,*,#2440,.T.);
#1506=ORIENTED_EDGE('',*,*,#2146,.T.);
#1507=ORIENTED_EDGE('',*,*,#2165,.T.);
#1508=ORIENTED_EDGE('',*,*,#2120,.F.);
#1509=ORIENTED_EDGE('',*,*,#2441,.T.);
#1510=ORIENTED_EDGE('',*,*,#2442,.F.);
#1511=ORIENTED_EDGE('',*,*,#2443,.T.);
#1512=ORIENTED_EDGE('',*,*,#2444,.T.);
#1513=ORIENTED_EDGE('',*,*,#2252,.T.);
#1514=ORIENTED_EDGE('',*,*,#2445,.T.);
#1515=ORIENTED_EDGE('',*,*,#2139,.F.);
#1516=ORIENTED_EDGE('',*,*,#2446,.T.);
#1517=ORIENTED_EDGE('',*,*,#2447,.T.);
#1518=ORIENTED_EDGE('',*,*,#2448,.T.);
#1519=ORIENTED_EDGE('',*,*,#2174,.F.);
#1520=ORIENTED_EDGE('',*,*,#2449,.F.);
#1521=ORIENTED_EDGE('',*,*,#2450,.F.);
#1522=ORIENTED_EDGE('',*,*,#2451,.F.);
#1523=ORIENTED_EDGE('',*,*,#2452,.T.);
#1524=ORIENTED_EDGE('',*,*,#2452,.F.);
#1525=ORIENTED_EDGE('',*,*,#2164,.T.);
#1526=ORIENTED_EDGE('',*,*,#2453,.F.);
#1527=ORIENTED_EDGE('',*,*,#2449,.T.);
#1528=ORIENTED_EDGE('',*,*,#2173,.T.);
#1529=ORIENTED_EDGE('',*,*,#2124,.F.);
#1530=ORIENTED_EDGE('',*,*,#2175,.F.);
#1531=ORIENTED_EDGE('',*,*,#2451,.T.);
#1532=ORIENTED_EDGE('',*,*,#2454,.T.);
#1533=ORIENTED_EDGE('',*,*,#2162,.T.);
#1534=ORIENTED_EDGE('',*,*,#2130,.F.);
#1535=ORIENTED_EDGE('',*,*,#2454,.F.);
#1536=ORIENTED_EDGE('',*,*,#2450,.T.);
#1537=ORIENTED_EDGE('',*,*,#2453,.T.);
#1538=ORIENTED_EDGE('',*,*,#2163,.T.);
#1539=ORIENTED_EDGE('',*,*,#2152,.F.);
#1540=ORIENTED_EDGE('',*,*,#2159,.F.);
#1541=ORIENTED_EDGE('',*,*,#2136,.F.);
#1542=ORIENTED_EDGE('',*,*,#2422,.F.);
#1543=ORIENTED_EDGE('',*,*,#2148,.F.);
#1544=ORIENTED_EDGE('',*,*,#2448,.F.);
#1545=ORIENTED_EDGE('',*,*,#2147,.F.);
#1546=ORIENTED_EDGE('',*,*,#2440,.F.);
#1547=ORIENTED_EDGE('',*,*,#2142,.F.);
#1548=ORIENTED_EDGE('',*,*,#2155,.F.);
#1549=ORIENTED_EDGE('',*,*,#2143,.F.);
#1550=ORIENTED_EDGE('',*,*,#2447,.F.);
#1551=ORIENTED_EDGE('',*,*,#2128,.F.);
#1552=ORIENTED_EDGE('',*,*,#2455,.T.);
#1553=ORIENTED_EDGE('',*,*,#2167,.T.);
#1554=ORIENTED_EDGE('',*,*,#2456,.T.);
#1555=ORIENTED_EDGE('',*,*,#2457,.T.);
#1556=ORIENTED_EDGE('',*,*,#2176,.T.);
#1557=ORIENTED_EDGE('',*,*,#2457,.F.);
#1558=ORIENTED_EDGE('',*,*,#2458,.T.);
#1559=ORIENTED_EDGE('',*,*,#2420,.T.);
#1560=ORIENTED_EDGE('',*,*,#2459,.T.);
#1561=ORIENTED_EDGE('',*,*,#2460,.T.);
#1562=ORIENTED_EDGE('',*,*,#2177,.T.);
#1563=ORIENTED_EDGE('',*,*,#2415,.T.);
#1564=ORIENTED_EDGE('',*,*,#2461,.T.);
#1565=ORIENTED_EDGE('',*,*,#2462,.T.);
#1566=ORIENTED_EDGE('',*,*,#2178,.T.);
#1567=ORIENTED_EDGE('',*,*,#2460,.F.);
#1568=ORIENTED_EDGE('',*,*,#2463,.T.);
#1569=ORIENTED_EDGE('',*,*,#2405,.T.);
#1570=ORIENTED_EDGE('',*,*,#2464,.T.);
#1571=ORIENTED_EDGE('',*,*,#2465,.T.);
#1572=ORIENTED_EDGE('',*,*,#2179,.T.);
#1573=ORIENTED_EDGE('',*,*,#2462,.F.);
#1574=ORIENTED_EDGE('',*,*,#2466,.T.);
#1575=ORIENTED_EDGE('',*,*,#2426,.T.);
#1576=ORIENTED_EDGE('',*,*,#2467,.T.);
#1577=ORIENTED_EDGE('',*,*,#2468,.T.);
#1578=ORIENTED_EDGE('',*,*,#2180,.T.);
#1579=ORIENTED_EDGE('',*,*,#2465,.F.);
#1580=ORIENTED_EDGE('',*,*,#2469,.T.);
#1581=ORIENTED_EDGE('',*,*,#2470,.T.);
#1582=ORIENTED_EDGE('',*,*,#2471,.T.);
#1583=ORIENTED_EDGE('',*,*,#2170,.T.);
#1584=ORIENTED_EDGE('',*,*,#2472,.T.);
#1585=ORIENTED_EDGE('',*,*,#2121,.F.);
#1586=ORIENTED_EDGE('',*,*,#2182,.T.);
#1587=ORIENTED_EDGE('',*,*,#2468,.F.);
#1588=ORIENTED_EDGE('',*,*,#2473,.T.);
#1589=ORIENTED_EDGE('',*,*,#2442,.T.);
#1590=ORIENTED_EDGE('',*,*,#2474,.T.);
#1591=ORIENTED_EDGE('',*,*,#2470,.F.);
#1592=ORIENTED_EDGE('',*,*,#2181,.T.);
#1593=ORIENTED_EDGE('',*,*,#2475,.F.);
#1594=ORIENTED_EDGE('',*,*,#2080,.F.);
#1595=ORIENTED_EDGE('',*,*,#2293,.F.);
#1596=ORIENTED_EDGE('',*,*,#2476,.F.);
#1597=ORIENTED_EDGE('',*,*,#2302,.F.);
#1598=ORIENTED_EDGE('',*,*,#2058,.F.);
#1599=ORIENTED_EDGE('',*,*,#2270,.F.);
#1600=ORIENTED_EDGE('',*,*,#2005,.T.);
#1601=ORIENTED_EDGE('',*,*,#2043,.F.);
#1602=ORIENTED_EDGE('',*,*,#2234,.T.);
#1603=ORIENTED_EDGE('',*,*,#2059,.F.);
#1604=ORIENTED_EDGE('',*,*,#2475,.T.);
#1605=ORIENTED_EDGE('',*,*,#2477,.T.);
#1606=ORIENTED_EDGE('',*,*,#2292,.T.);
#1607=ORIENTED_EDGE('',*,*,#2478,.T.);
#1608=ORIENTED_EDGE('',*,*,#2296,.T.);
#1609=ORIENTED_EDGE('',*,*,#2479,.T.);
#1610=ORIENTED_EDGE('',*,*,#2303,.T.);
#1611=ORIENTED_EDGE('',*,*,#2476,.T.);
#1612=ORIENTED_EDGE('',*,*,#2217,.T.);
#1613=ORIENTED_EDGE('',*,*,#2480,.T.);
#1614=ORIENTED_EDGE('',*,*,#2276,.T.);
#1615=ORIENTED_EDGE('',*,*,#2481,.T.);
#1616=ORIENTED_EDGE('',*,*,#2288,.T.);
#1617=ORIENTED_EDGE('',*,*,#2400,.T.);
#1618=ORIENTED_EDGE('',*,*,#2399,.T.);
#1619=ORIENTED_EDGE('',*,*,#2401,.T.);
#1620=ORIENTED_EDGE('',*,*,#2201,.F.);
#1621=ORIENTED_EDGE('',*,*,#2482,.T.);
#1622=ORIENTED_EDGE('',*,*,#2408,.F.);
#1623=ORIENTED_EDGE('',*,*,#2483,.T.);
#1624=ORIENTED_EDGE('',*,*,#2197,.T.);
#1625=ORIENTED_EDGE('',*,*,#2484,.T.);
#1626=ORIENTED_EDGE('',*,*,#2402,.T.);
#1627=ORIENTED_EDGE('',*,*,#2485,.T.);
#1628=ORIENTED_EDGE('',*,*,#2410,.F.);
#1629=ORIENTED_EDGE('',*,*,#2486,.T.);
#1630=ORIENTED_EDGE('',*,*,#2199,.F.);
#1631=ORIENTED_EDGE('',*,*,#2487,.T.);
#1632=ORIENTED_EDGE('',*,*,#2037,.F.);
#1633=ORIENTED_EDGE('',*,*,#2477,.F.);
#1634=ORIENTED_EDGE('',*,*,#2208,.T.);
#1635=ORIENTED_EDGE('',*,*,#2488,.F.);
#1636=ORIENTED_EDGE('',*,*,#2489,.F.);
#1637=ORIENTED_EDGE('',*,*,#2490,.T.);
#1638=ORIENTED_EDGE('',*,*,#2207,.T.);
#1639=ORIENTED_EDGE('',*,*,#2491,.F.);
#1640=ORIENTED_EDGE('',*,*,#2492,.F.);
#1641=ORIENTED_EDGE('',*,*,#2488,.T.);
#1642=ORIENTED_EDGE('',*,*,#2212,.T.);
#1643=ORIENTED_EDGE('',*,*,#2493,.F.);
#1644=ORIENTED_EDGE('',*,*,#2494,.F.);
#1645=ORIENTED_EDGE('',*,*,#2491,.T.);
#1646=ORIENTED_EDGE('',*,*,#2211,.T.);
#1647=ORIENTED_EDGE('',*,*,#2495,.F.);
#1648=ORIENTED_EDGE('',*,*,#2496,.F.);
#1649=ORIENTED_EDGE('',*,*,#2493,.T.);
#1650=ORIENTED_EDGE('',*,*,#2210,.F.);
#1651=ORIENTED_EDGE('',*,*,#2497,.F.);
#1652=ORIENTED_EDGE('',*,*,#2498,.T.);
#1653=ORIENTED_EDGE('',*,*,#2495,.T.);
#1654=ORIENTED_EDGE('',*,*,#2209,.F.);
#1655=ORIENTED_EDGE('',*,*,#2490,.F.);
#1656=ORIENTED_EDGE('',*,*,#2499,.T.);
#1657=ORIENTED_EDGE('',*,*,#2497,.T.);
#1658=ORIENTED_EDGE('',*,*,#2489,.T.);
#1659=ORIENTED_EDGE('',*,*,#2492,.T.);
#1660=ORIENTED_EDGE('',*,*,#2494,.T.);
#1661=ORIENTED_EDGE('',*,*,#2496,.T.);
#1662=ORIENTED_EDGE('',*,*,#2498,.F.);
#1663=ORIENTED_EDGE('',*,*,#2499,.F.);
#1664=ORIENTED_EDGE('',*,*,#2434,.F.);
#1665=ORIENTED_EDGE('',*,*,#2500,.T.);
#1666=ORIENTED_EDGE('',*,*,#2501,.T.);
#1667=ORIENTED_EDGE('',*,*,#2024,.T.);
#1668=ORIENTED_EDGE('',*,*,#2502,.T.);
#1669=ORIENTED_EDGE('',*,*,#2013,.T.);
#1670=ORIENTED_EDGE('',*,*,#2503,.T.);
#1671=ORIENTED_EDGE('',*,*,#2438,.T.);
#1672=ORIENTED_EDGE('',*,*,#2504,.T.);
#1673=ORIENTED_EDGE('',*,*,#2505,.T.);
#1674=ORIENTED_EDGE('',*,*,#2228,.F.);
#1675=ORIENTED_EDGE('',*,*,#2011,.F.);
#1676=ORIENTED_EDGE('',*,*,#2506,.T.);
#1677=ORIENTED_EDGE('',*,*,#2436,.T.);
#1678=ORIENTED_EDGE('',*,*,#2507,.T.);
#1679=ORIENTED_EDGE('',*,*,#2342,.F.);
#1680=ORIENTED_EDGE('',*,*,#1997,.F.);
#1681=ORIENTED_EDGE('',*,*,#2042,.F.);
#1682=ORIENTED_EDGE('',*,*,#2087,.F.);
#1683=ORIENTED_EDGE('',*,*,#2344,.F.);
#1684=ORIENTED_EDGE('',*,*,#2345,.F.);
#1685=ORIENTED_EDGE('',*,*,#2088,.F.);
#1686=ORIENTED_EDGE('',*,*,#2040,.F.);
#1687=ORIENTED_EDGE('',*,*,#2066,.F.);
#1688=ORIENTED_EDGE('',*,*,#2347,.F.);
#1689=ORIENTED_EDGE('',*,*,#2056,.F.);
#1690=ORIENTED_EDGE('',*,*,#2229,.F.);
#1691=ORIENTED_EDGE('',*,*,#2505,.F.);
#1692=ORIENTED_EDGE('',*,*,#2508,.T.);
#1693=ORIENTED_EDGE('',*,*,#2009,.F.);
#1694=ORIENTED_EDGE('',*,*,#2355,.F.);
#1695=ORIENTED_EDGE('',*,*,#2095,.F.);
#1696=ORIENTED_EDGE('',*,*,#2044,.F.);
#1697=ORIENTED_EDGE('',*,*,#2003,.F.);
#1698=ORIENTED_EDGE('',*,*,#2351,.F.);
#1699=ORIENTED_EDGE('',*,*,#2361,.F.);
#1700=ORIENTED_EDGE('',*,*,#2235,.F.);
#1701=ORIENTED_EDGE('',*,*,#2046,.F.);
#1702=ORIENTED_EDGE('',*,*,#2097,.F.);
#1703=ORIENTED_EDGE('',*,*,#2357,.F.);
#1704=ORIENTED_EDGE('',*,*,#2364,.F.);
#1705=ORIENTED_EDGE('',*,*,#2331,.F.);
#1706=ORIENTED_EDGE('',*,*,#2027,.F.);
#1707=ORIENTED_EDGE('',*,*,#2237,.F.);
#1708=ORIENTED_EDGE('',*,*,#2363,.F.);
#1709=ORIENTED_EDGE('',*,*,#2358,.F.);
#1710=ORIENTED_EDGE('',*,*,#2329,.F.);
#1711=ORIENTED_EDGE('',*,*,#2029,.F.);
#1712=ORIENTED_EDGE('',*,*,#2333,.F.);
#1713=ORIENTED_EDGE('',*,*,#2365,.F.);
#1714=ORIENTED_EDGE('',*,*,#2321,.F.);
#1715=ORIENTED_EDGE('',*,*,#2509,.T.);
#1716=ORIENTED_EDGE('',*,*,#2326,.F.);
#1717=ORIENTED_EDGE('',*,*,#2360,.F.);
#1718=ORIENTED_EDGE('',*,*,#2352,.F.);
#1719=ORIENTED_EDGE('',*,*,#2064,.F.);
#1720=ORIENTED_EDGE('',*,*,#2510,.T.);
#1721=ORIENTED_EDGE('',*,*,#2319,.F.);
#1722=ORIENTED_EDGE('',*,*,#2354,.F.);
#1723=ORIENTED_EDGE('',*,*,#2348,.F.);
#1724=ORIENTED_EDGE('',*,*,#2256,.F.);
#1725=ORIENTED_EDGE('',*,*,#2511,.T.);
#1726=ORIENTED_EDGE('',*,*,#2062,.F.);
#1727=ORIENTED_EDGE('',*,*,#2050,.F.);
#1728=ORIENTED_EDGE('',*,*,#2324,.F.);
#1729=ORIENTED_EDGE('',*,*,#2390,.F.);
#1730=ORIENTED_EDGE('',*,*,#2016,.F.);
#1731=ORIENTED_EDGE('',*,*,#2512,.T.);
#1732=ORIENTED_EDGE('',*,*,#2311,.F.);
#1733=ORIENTED_EDGE('',*,*,#2391,.F.);
#1734=ORIENTED_EDGE('',*,*,#2325,.F.);
#1735=ORIENTED_EDGE('',*,*,#2048,.F.);
#1736=ORIENTED_EDGE('',*,*,#2023,.F.);
#1737=ORIENTED_EDGE('',*,*,#2513,.T.);
#1738=ORIENTED_EDGE('',*,*,#2014,.F.);
#1739=ORIENTED_EDGE('',*,*,#2502,.F.);
#1740=ORIENTED_EDGE('',*,*,#2425,.F.);
#1741=ORIENTED_EDGE('',*,*,#2514,.T.);
#1742=ORIENTED_EDGE('',*,*,#2432,.F.);
#1743=ORIENTED_EDGE('',*,*,#2473,.F.);
#1744=ORIENTED_EDGE('',*,*,#2467,.F.);
#1745=ORIENTED_EDGE('',*,*,#2119,.F.);
#1746=ORIENTED_EDGE('',*,*,#2171,.F.);
#1747=ORIENTED_EDGE('',*,*,#2471,.F.);
#1748=ORIENTED_EDGE('',*,*,#2474,.F.);
#1749=ORIENTED_EDGE('',*,*,#2441,.F.);
#1750=ORIENTED_EDGE('',*,*,#2226,.F.);
#1751=ORIENTED_EDGE('',*,*,#2515,.T.);
#1752=ORIENTED_EDGE('',*,*,#2446,.F.);
#1753=ORIENTED_EDGE('',*,*,#2138,.F.);
#1754=ORIENTED_EDGE('',*,*,#2439,.F.);
#1755=ORIENTED_EDGE('',*,*,#2117,.F.);
#1756=ORIENTED_EDGE('',*,*,#2153,.F.);
#1757=ORIENTED_EDGE('',*,*,#2122,.F.);
#1758=ORIENTED_EDGE('',*,*,#2472,.F.);
#1759=ORIENTED_EDGE('',*,*,#2172,.F.);
#1760=ORIENTED_EDGE('',*,*,#2445,.F.);
#1761=ORIENTED_EDGE('',*,*,#2251,.F.);
#1762=ORIENTED_EDGE('',*,*,#2248,.F.);
#1763=ORIENTED_EDGE('',*,*,#2156,.F.);
#1764=ORIENTED_EDGE('',*,*,#2140,.F.);
#1765=ORIENTED_EDGE('',*,*,#2113,.F.);
#1766=ORIENTED_EDGE('',*,*,#2168,.F.);
#1767=ORIENTED_EDGE('',*,*,#2455,.F.);
#1768=ORIENTED_EDGE('',*,*,#2127,.F.);
#1769=ORIENTED_EDGE('',*,*,#2161,.F.);
#1770=ORIENTED_EDGE('',*,*,#2242,.F.);
#1771=ORIENTED_EDGE('',*,*,#2429,.F.);
#1772=ORIENTED_EDGE('',*,*,#2132,.F.);
#1773=ORIENTED_EDGE('',*,*,#2158,.F.);
#1774=ORIENTED_EDGE('',*,*,#2247,.F.);
#1775=ORIENTED_EDGE('',*,*,#2111,.F.);
#1776=ORIENTED_EDGE('',*,*,#2421,.F.);
#1777=ORIENTED_EDGE('',*,*,#2458,.F.);
#1778=ORIENTED_EDGE('',*,*,#2456,.F.);
#1779=ORIENTED_EDGE('',*,*,#2169,.F.);
#1780=ORIENTED_EDGE('',*,*,#2189,.F.);
#1781=ORIENTED_EDGE('',*,*,#2516,.T.);
#1782=ORIENTED_EDGE('',*,*,#2517,.T.);
#1783=ORIENTED_EDGE('',*,*,#2206,.F.);
#1784=ORIENTED_EDGE('',*,*,#2387,.F.);
#1785=ORIENTED_EDGE('',*,*,#2388,.F.);
#1786=ORIENTED_EDGE('',*,*,#2404,.F.);
#1787=ORIENTED_EDGE('',*,*,#2518,.T.);
#1788=ORIENTED_EDGE('',*,*,#2519,.T.);
#1789=ORIENTED_EDGE('',*,*,#2427,.F.);
#1790=ORIENTED_EDGE('',*,*,#2469,.F.);
#1791=ORIENTED_EDGE('',*,*,#2464,.F.);
#1792=ORIENTED_EDGE('',*,*,#2204,.F.);
#1793=ORIENTED_EDGE('',*,*,#2520,.T.);
#1794=ORIENTED_EDGE('',*,*,#2521,.T.);
#1795=ORIENTED_EDGE('',*,*,#2221,.F.);
#1796=ORIENTED_EDGE('',*,*,#2383,.F.);
#1797=ORIENTED_EDGE('',*,*,#2385,.F.);
#1798=ORIENTED_EDGE('',*,*,#2522,.T.);
#1799=ORIENTED_EDGE('',*,*,#2523,.T.);
#1800=ORIENTED_EDGE('',*,*,#2406,.F.);
#1801=ORIENTED_EDGE('',*,*,#2466,.F.);
#1802=ORIENTED_EDGE('',*,*,#2461,.F.);
#1803=ORIENTED_EDGE('',*,*,#2414,.F.);
#1804=ORIENTED_EDGE('',*,*,#2419,.F.);
#1805=ORIENTED_EDGE('',*,*,#2524,.T.);
#1806=ORIENTED_EDGE('',*,*,#2416,.F.);
#1807=ORIENTED_EDGE('',*,*,#2463,.F.);
#1808=ORIENTED_EDGE('',*,*,#2459,.F.);
#1809=ORIENTED_EDGE('',*,*,#2431,.F.);
#1810=ORIENTED_EDGE('',*,*,#2525,.T.);
#1811=ORIENTED_EDGE('',*,*,#2417,.F.);
#1812=ORIENTED_EDGE('',*,*,#2134,.F.);
#1813=ORIENTED_EDGE('',*,*,#2367,.F.);
#1814=ORIENTED_EDGE('',*,*,#2304,.F.);
#1815=ORIENTED_EDGE('',*,*,#2479,.F.);
#1816=ORIENTED_EDGE('',*,*,#2295,.F.);
#1817=ORIENTED_EDGE('',*,*,#2369,.F.);
#1818=ORIENTED_EDGE('',*,*,#2082,.F.);
#1819=ORIENTED_EDGE('',*,*,#2301,.F.);
#1820=ORIENTED_EDGE('',*,*,#2394,.F.);
#1821=ORIENTED_EDGE('',*,*,#2395,.F.);
#1822=ORIENTED_EDGE('',*,*,#2092,.F.);
#1823=ORIENTED_EDGE('',*,*,#2084,.F.);
#1824=ORIENTED_EDGE('',*,*,#2094,.F.);
#1825=ORIENTED_EDGE('',*,*,#2397,.F.);
#1826=ORIENTED_EDGE('',*,*,#2398,.F.);
#1827=ORIENTED_EDGE('',*,*,#2280,.F.);
#1828=ORIENTED_EDGE('',*,*,#2076,.F.);
#1829=ORIENTED_EDGE('',*,*,#2286,.F.);
#1830=ORIENTED_EDGE('',*,*,#2378,.F.);
#1831=ORIENTED_EDGE('',*,*,#2379,.F.);
#1832=ORIENTED_EDGE('',*,*,#2089,.F.);
#1833=ORIENTED_EDGE('',*,*,#2078,.F.);
#1834=ORIENTED_EDGE('',*,*,#2091,.F.);
#1835=ORIENTED_EDGE('',*,*,#2381,.F.);
#1836=ORIENTED_EDGE('',*,*,#2384,.F.);
#1837=ORIENTED_EDGE('',*,*,#2219,.F.);
#1838=ORIENTED_EDGE('',*,*,#2375,.F.);
#1839=ORIENTED_EDGE('',*,*,#2277,.F.);
#1840=ORIENTED_EDGE('',*,*,#2480,.F.);
#1841=ORIENTED_EDGE('',*,*,#2216,.F.);
#1842=ORIENTED_EDGE('',*,*,#2239,.F.);
#1843=ORIENTED_EDGE('',*,*,#2372,.F.);
#1844=ORIENTED_EDGE('',*,*,#2289,.F.);
#1845=ORIENTED_EDGE('',*,*,#2481,.F.);
#1846=ORIENTED_EDGE('',*,*,#2279,.F.);
#1847=ORIENTED_EDGE('',*,*,#2376,.F.);
#1848=ORIENTED_EDGE('',*,*,#2370,.F.);
#1849=ORIENTED_EDGE('',*,*,#2297,.F.);
#1850=ORIENTED_EDGE('',*,*,#2478,.F.);
#1851=ORIENTED_EDGE('',*,*,#2291,.F.);
#1852=ORIENTED_EDGE('',*,*,#2374,.F.);
#1853=ORIENTED_EDGE('',*,*,#2233,.F.);
#1854=ORIENTED_EDGE('',*,*,#2526,.T.);
#1855=ORIENTED_EDGE('',*,*,#2443,.F.);
#1856=ORIENTED_EDGE('',*,*,#2515,.F.);
#1857=ORIENTED_EDGE('',*,*,#2225,.F.);
#1858=ORIENTED_EDGE('',*,*,#2054,.F.);
#1859=ORIENTED_EDGE('',*,*,#2366,.F.);
#1860=ORIENTED_EDGE('',*,*,#2327,.F.);
#1861=ORIENTED_EDGE('',*,*,#2527,.F.);
#1862=ORIENTED_EDGE('',*,*,#2306,.F.);
#1863=ORIENTED_EDGE('',*,*,#2527,.T.);
#1864=ORIENTED_EDGE('',*,*,#2509,.F.);
#1865=ORIENTED_EDGE('',*,*,#2528,.F.);
#1866=ORIENTED_EDGE('',*,*,#2307,.F.);
#1867=ORIENTED_EDGE('',*,*,#2528,.T.);
#1868=ORIENTED_EDGE('',*,*,#2320,.F.);
#1869=ORIENTED_EDGE('',*,*,#2529,.F.);
#1870=ORIENTED_EDGE('',*,*,#2308,.F.);
#1871=ORIENTED_EDGE('',*,*,#2529,.T.);
#1872=ORIENTED_EDGE('',*,*,#2510,.F.);
#1873=ORIENTED_EDGE('',*,*,#2530,.F.);
#1874=ORIENTED_EDGE('',*,*,#2309,.F.);
#1875=ORIENTED_EDGE('',*,*,#2530,.T.);
#1876=ORIENTED_EDGE('',*,*,#2063,.F.);
#1877=ORIENTED_EDGE('',*,*,#2531,.F.);
#1878=ORIENTED_EDGE('',*,*,#2298,.F.);
#1879=ORIENTED_EDGE('',*,*,#2531,.T.);
#1880=ORIENTED_EDGE('',*,*,#2511,.F.);
#1881=ORIENTED_EDGE('',*,*,#2255,.F.);
#1882=ORIENTED_EDGE('',*,*,#2299,.F.);
#1883=ORIENTED_EDGE('',*,*,#2484,.F.);
#1884=ORIENTED_EDGE('',*,*,#2196,.F.);
#1885=ORIENTED_EDGE('',*,*,#2532,.F.);
#1886=ORIENTED_EDGE('',*,*,#2403,.F.);
#1887=ORIENTED_EDGE('',*,*,#2532,.T.);
#1888=ORIENTED_EDGE('',*,*,#2195,.F.);
#1889=ORIENTED_EDGE('',*,*,#2533,.F.);
#1890=ORIENTED_EDGE('',*,*,#2518,.F.);
#1891=ORIENTED_EDGE('',*,*,#2533,.T.);
#1892=ORIENTED_EDGE('',*,*,#2517,.F.);
#1893=ORIENTED_EDGE('',*,*,#2534,.F.);
#1894=ORIENTED_EDGE('',*,*,#2519,.F.);
#1895=ORIENTED_EDGE('',*,*,#2500,.F.);
#1896=ORIENTED_EDGE('',*,*,#2433,.F.);
#1897=ORIENTED_EDGE('',*,*,#2535,.F.);
#1898=ORIENTED_EDGE('',*,*,#2534,.T.);
#1899=ORIENTED_EDGE('',*,*,#2516,.F.);
#1900=ORIENTED_EDGE('',*,*,#2536,.F.);
#1901=ORIENTED_EDGE('',*,*,#2428,.F.);
#1902=ORIENTED_EDGE('',*,*,#2535,.T.);
#1903=ORIENTED_EDGE('',*,*,#2514,.F.);
#1904=ORIENTED_EDGE('',*,*,#2537,.F.);
#1905=ORIENTED_EDGE('',*,*,#2025,.F.);
#1906=ORIENTED_EDGE('',*,*,#2501,.F.);
#1907=ORIENTED_EDGE('',*,*,#2312,.F.);
#1908=ORIENTED_EDGE('',*,*,#2512,.F.);
#1909=ORIENTED_EDGE('',*,*,#2538,.F.);
#1910=ORIENTED_EDGE('',*,*,#2184,.F.);
#1911=ORIENTED_EDGE('',*,*,#2536,.T.);
#1912=ORIENTED_EDGE('',*,*,#2188,.F.);
#1913=ORIENTED_EDGE('',*,*,#2539,.F.);
#1914=ORIENTED_EDGE('',*,*,#2423,.F.);
#1915=ORIENTED_EDGE('',*,*,#2537,.T.);
#1916=ORIENTED_EDGE('',*,*,#2424,.F.);
#1917=ORIENTED_EDGE('',*,*,#2540,.F.);
#1918=ORIENTED_EDGE('',*,*,#2021,.F.);
#1919=ORIENTED_EDGE('',*,*,#2538,.T.);
#1920=ORIENTED_EDGE('',*,*,#2015,.F.);
#1921=ORIENTED_EDGE('',*,*,#2541,.F.);
#1922=ORIENTED_EDGE('',*,*,#2185,.F.);
#1923=ORIENTED_EDGE('',*,*,#2540,.T.);
#1924=ORIENTED_EDGE('',*,*,#2539,.T.);
#1925=ORIENTED_EDGE('',*,*,#2542,.F.);
#1926=ORIENTED_EDGE('',*,*,#2541,.T.);
#1927=ORIENTED_EDGE('',*,*,#2513,.F.);
#1928=ORIENTED_EDGE('',*,*,#2543,.F.);
#1929=ORIENTED_EDGE('',*,*,#2186,.F.);
#1930=ORIENTED_EDGE('',*,*,#2542,.T.);
#1931=ORIENTED_EDGE('',*,*,#2187,.F.);
#1932=ORIENTED_EDGE('',*,*,#2543,.T.);
#1933=ORIENTED_EDGE('',*,*,#2022,.F.);
#1934=ORIENTED_EDGE('',*,*,#2409,.F.);
#1935=ORIENTED_EDGE('',*,*,#2482,.F.);
#1936=ORIENTED_EDGE('',*,*,#2200,.F.);
#1937=ORIENTED_EDGE('',*,*,#2486,.F.);
#1938=ORIENTED_EDGE('',*,*,#2411,.F.);
#1939=ORIENTED_EDGE('',*,*,#2487,.F.);
#1940=ORIENTED_EDGE('',*,*,#2198,.F.);
#1941=ORIENTED_EDGE('',*,*,#2485,.F.);
#1942=ORIENTED_EDGE('',*,*,#2437,.F.);
#1943=ORIENTED_EDGE('',*,*,#2506,.F.);
#1944=ORIENTED_EDGE('',*,*,#2010,.F.);
#1945=ORIENTED_EDGE('',*,*,#2508,.F.);
#1946=ORIENTED_EDGE('',*,*,#2504,.F.);
#1947=ORIENTED_EDGE('',*,*,#2435,.F.);
#1948=ORIENTED_EDGE('',*,*,#2503,.F.);
#1949=ORIENTED_EDGE('',*,*,#2012,.F.);
#1950=ORIENTED_EDGE('',*,*,#2507,.F.);
#1951=ORIENTED_EDGE('',*,*,#2194,.F.);
#1952=ORIENTED_EDGE('',*,*,#2231,.F.);
#1953=ORIENTED_EDGE('',*,*,#2318,.F.);
#1954=ORIENTED_EDGE('',*,*,#2249,.F.);
#1955=ORIENTED_EDGE('',*,*,#2253,.F.);
#1956=ORIENTED_EDGE('',*,*,#2444,.F.);
#1957=ORIENTED_EDGE('',*,*,#2526,.F.);
#1958=ORIENTED_EDGE('',*,*,#2232,.F.);
#1959=ORIENTED_EDGE('',*,*,#2192,.F.);
#1960=ORIENTED_EDGE('',*,*,#2240,.F.);
#1961=ORIENTED_EDGE('',*,*,#2214,.F.);
#1962=ORIENTED_EDGE('',*,*,#2544,.F.);
#1963=ORIENTED_EDGE('',*,*,#2430,.F.);
#1964=ORIENTED_EDGE('',*,*,#2544,.T.);
#1965=ORIENTED_EDGE('',*,*,#2213,.F.);
#1966=ORIENTED_EDGE('',*,*,#2545,.F.);
#1967=ORIENTED_EDGE('',*,*,#2525,.F.);
#1968=ORIENTED_EDGE('',*,*,#2545,.T.);
#1969=ORIENTED_EDGE('',*,*,#2224,.F.);
#1970=ORIENTED_EDGE('',*,*,#2546,.F.);
#1971=ORIENTED_EDGE('',*,*,#2418,.F.);
#1972=ORIENTED_EDGE('',*,*,#2546,.T.);
#1973=ORIENTED_EDGE('',*,*,#2223,.F.);
#1974=ORIENTED_EDGE('',*,*,#2547,.F.);
#1975=ORIENTED_EDGE('',*,*,#2524,.F.);
#1976=ORIENTED_EDGE('',*,*,#2547,.T.);
#1977=ORIENTED_EDGE('',*,*,#2222,.F.);
#1978=ORIENTED_EDGE('',*,*,#2548,.F.);
#1979=ORIENTED_EDGE('',*,*,#2412,.F.);
#1980=ORIENTED_EDGE('',*,*,#2548,.T.);
#1981=ORIENTED_EDGE('',*,*,#2521,.F.);
#1982=ORIENTED_EDGE('',*,*,#2549,.F.);
#1983=ORIENTED_EDGE('',*,*,#2413,.F.);
#1984=ORIENTED_EDGE('',*,*,#2549,.T.);
#1985=ORIENTED_EDGE('',*,*,#2520,.F.);
#1986=ORIENTED_EDGE('',*,*,#2550,.F.);
#1987=ORIENTED_EDGE('',*,*,#2522,.F.);
#1988=ORIENTED_EDGE('',*,*,#2550,.T.);
#1989=ORIENTED_EDGE('',*,*,#2203,.F.);
#1990=ORIENTED_EDGE('',*,*,#2551,.F.);
#1991=ORIENTED_EDGE('',*,*,#2523,.F.);
#1992=ORIENTED_EDGE('',*,*,#2483,.F.);
#1993=ORIENTED_EDGE('',*,*,#2407,.F.);
#1994=ORIENTED_EDGE('',*,*,#2551,.T.);
#1995=ORIENTED_EDGE('',*,*,#2202,.F.);
#1996=EDGE_CURVE('',#2552,#2553,#2919,.T.);
#1997=EDGE_CURVE('',#2552,#2554,#294,.F.);
#1998=EDGE_CURVE('',#2555,#2554,#295,.T.);
#1999=EDGE_CURVE('',#2555,#2556,#296,.T.);
#2000=EDGE_CURVE('',#2556,#2557,#218,.T.);
#2001=EDGE_CURVE('',#2557,#2558,#297,.T.);
#2002=EDGE_CURVE('',#2559,#2558,#298,.T.);
#2003=EDGE_CURVE('',#2559,#2560,#299,.T.);
#2004=EDGE_CURVE('',#2561,#2560,#2920,.T.);
#2005=EDGE_CURVE('',#2562,#2561,#300,.T.);
#2006=EDGE_CURVE('',#2563,#2562,#2921,.T.);
#2007=EDGE_CURVE('',#2564,#2563,#301,.T.);
#2008=EDGE_CURVE('',#2565,#2564,#2922,.T.);
#2009=EDGE_CURVE('',#2565,#2566,#302,.T.);
#2010=EDGE_CURVE('',#2566,#2567,#111,.F.);
#2011=EDGE_CURVE('',#2567,#2568,#303,.T.);
#2012=EDGE_CURVE('',#2568,#2569,#112,.F.);
#2013=EDGE_CURVE('',#2570,#2569,#304,.T.);
#2014=EDGE_CURVE('',#2570,#2571,#305,.T.);
#2015=EDGE_CURVE('',#2571,#2572,#306,.T.);
#2016=EDGE_CURVE('',#2572,#2573,#307,.F.);
#2017=EDGE_CURVE('',#2574,#2573,#2923,.T.);
#2018=EDGE_CURVE('',#2575,#2574,#308,.T.);
#2019=EDGE_CURVE('',#2576,#2575,#2924,.T.);
#2020=EDGE_CURVE('',#2553,#2576,#309,.T.);
#2021=EDGE_CURVE('',#2577,#2578,#310,.F.);
#2022=EDGE_CURVE('',#2578,#2579,#311,.T.);
#2023=EDGE_CURVE('',#2579,#2580,#312,.F.);
#2024=EDGE_CURVE('',#2581,#2580,#313,.T.);
#2025=EDGE_CURVE('',#2581,#2577,#113,.F.);
#2026=EDGE_CURVE('',#2582,#2583,#114,.T.);
#2027=EDGE_CURVE('',#2582,#2584,#2925,.T.);
#2028=EDGE_CURVE('',#2585,#2584,#115,.T.);
#2029=EDGE_CURVE('',#2585,#2586,#2926,.T.);
#2030=EDGE_CURVE('',#2587,#2586,#116,.T.);
#2031=EDGE_CURVE('',#2583,#2587,#219,.T.);
#2032=EDGE_CURVE('',#2588,#2589,#314,.F.);
#2033=EDGE_CURVE('',#2590,#2588,#220,.T.);
#2034=EDGE_CURVE('',#2590,#2591,#315,.F.);
#2035=EDGE_CURVE('',#2591,#2589,#2927,.T.);
#2036=EDGE_CURVE('',#2592,#2592,#2928,.T.);
#2037=EDGE_CURVE('',#2593,#2593,#2929,.T.);
#2038=EDGE_CURVE('',#2553,#2594,#221,.T.);
#2039=EDGE_CURVE('',#2594,#2595,#2930,.T.);
#2040=EDGE_CURVE('',#2595,#2596,#2931,.T.);
#2041=EDGE_CURVE('',#2596,#2597,#222,.F.);
#2042=EDGE_CURVE('',#2597,#2552,#2932,.T.);
#2043=EDGE_CURVE('',#2598,#2561,#223,.T.);
#2044=EDGE_CURVE('',#2560,#2599,#2933,.T.);
#2045=EDGE_CURVE('',#2599,#2600,#224,.F.);
#2046=EDGE_CURVE('',#2600,#2601,#2934,.T.);
#2047=EDGE_CURVE('',#2601,#2598,#2935,.T.);
#2048=EDGE_CURVE('',#2573,#2602,#2936,.T.);
#2049=EDGE_CURVE('',#2602,#2603,#225,.F.);
#2050=EDGE_CURVE('',#2603,#2604,#2937,.T.);
#2051=EDGE_CURVE('',#2604,#2605,#2938,.T.);
#2052=EDGE_CURVE('',#2605,#2574,#226,.T.);
#2053=EDGE_CURVE('',#2606,#2607,#2939,.T.);
#2054=EDGE_CURVE('',#2607,#2608,#2940,.T.);
#2055=EDGE_CURVE('',#2608,#2609,#227,.F.);
#2056=EDGE_CURVE('',#2609,#2565,#2941,.T.);
#2057=EDGE_CURVE('',#2564,#2606,#228,.T.);
#2058=EDGE_CURVE('',#2610,#2610,#229,.T.);
#2059=EDGE_CURVE('',#2562,#2611,#230,.F.);
#2060=EDGE_CURVE('',#2611,#2612,#2942,.T.);
#2061=EDGE_CURVE('',#2612,#2563,#231,.F.);
#2062=EDGE_CURVE('',#2604,#2613,#316,.T.);
#2063=EDGE_CURVE('',#2613,#2614,#317,.T.);
#2064=EDGE_CURVE('',#2614,#2615,#318,.F.);
#2065=EDGE_CURVE('',#2616,#2615,#319,.T.);
#2066=EDGE_CURVE('',#2616,#2595,#320,.T.);
#2067=EDGE_CURVE('',#2617,#2594,#321,.T.);
#2068=EDGE_CURVE('',#2617,#2618,#2943,.T.);
#2069=EDGE_CURVE('',#2605,#2618,#322,.T.);
#2070=EDGE_CURVE('',#2619,#2619,#232,.T.);
#2071=EDGE_CURVE('',#2617,#2576,#233,.F.);
#2072=EDGE_CURVE('',#2575,#2618,#234,.F.);
#2073=EDGE_CURVE('',#2612,#2606,#323,.T.);
#2074=EDGE_CURVE('',#2620,#2621,#235,.T.);
#2075=EDGE_CURVE('',#2621,#2622,#2944,.T.);
#2076=EDGE_CURVE('',#2622,#2623,#2945,.T.);
#2077=EDGE_CURVE('',#2623,#2624,#236,.T.);
#2078=EDGE_CURVE('',#2624,#2625,#2946,.T.);
#2079=EDGE_CURVE('',#2625,#2620,#2947,.T.);
#2080=EDGE_CURVE('',#2626,#2627,#237,.T.);
#2081=EDGE_CURVE('',#2627,#2628,#2948,.T.);
#2082=EDGE_CURVE('',#2628,#2629,#2949,.T.);
#2083=EDGE_CURVE('',#2629,#2630,#238,.T.);
#2084=EDGE_CURVE('',#2630,#2631,#2950,.T.);
#2085=EDGE_CURVE('',#2631,#2626,#2951,.T.);
#2086=EDGE_CURVE('',#2632,#2633,#324,.T.);
#2087=EDGE_CURVE('',#2632,#2597,#325,.T.);
#2088=EDGE_CURVE('',#2596,#2633,#326,.F.);
#2089=EDGE_CURVE('',#2623,#2634,#327,.T.);
#2090=EDGE_CURVE('',#2635,#2634,#328,.T.);
#2091=EDGE_CURVE('',#2635,#2624,#329,.F.);
#2092=EDGE_CURVE('',#2629,#2636,#330,.T.);
#2093=EDGE_CURVE('',#2637,#2636,#331,.T.);
#2094=EDGE_CURVE('',#2637,#2630,#332,.F.);
#2095=EDGE_CURVE('',#2599,#2638,#333,.F.);
#2096=EDGE_CURVE('',#2639,#2638,#334,.T.);
#2097=EDGE_CURVE('',#2639,#2600,#335,.T.);
#2098=EDGE_CURVE('',#2588,#2640,#336,.T.);
#2099=EDGE_CURVE('',#2641,#2640,#337,.T.);
#2100=EDGE_CURVE('',#2642,#2641,#338,.T.);
#2101=EDGE_CURVE('',#2643,#2642,#339,.T.);
#2102=EDGE_CURVE('',#2644,#2643,#340,.T.);
#2103=EDGE_CURVE('',#2645,#2644,#341,.T.);
#2104=EDGE_CURVE('',#2646,#2645,#342,.T.);
#2105=EDGE_CURVE('',#2647,#2646,#343,.T.);
#2106=EDGE_CURVE('',#2648,#2647,#344,.T.);
#2107=EDGE_CURVE('',#2649,#2648,#345,.T.);
#2108=EDGE_CURVE('',#2590,#2649,#346,.T.);
#2109=EDGE_CURVE('',#2650,#2651,#239,.T.);
#2110=EDGE_CURVE('',#2651,#2652,#2952,.T.);
#2111=EDGE_CURVE('',#2652,#2653,#2953,.T.);
#2112=EDGE_CURVE('',#2653,#2654,#240,.T.);
#2113=EDGE_CURVE('',#2654,#2655,#2954,.T.);
#2114=EDGE_CURVE('',#2655,#2650,#2955,.T.);
#2115=EDGE_CURVE('',#2656,#2657,#241,.T.);
#2116=EDGE_CURVE('',#2657,#2658,#2956,.T.);
#2117=EDGE_CURVE('',#2658,#2659,#2957,.T.);
#2118=EDGE_CURVE('',#2659,#2660,#242,.T.);
#2119=EDGE_CURVE('',#2660,#2661,#2958,.T.);
#2120=EDGE_CURVE('',#2661,#2656,#2959,.T.);
#2121=EDGE_CURVE('',#2662,#2663,#347,.F.);
#2122=EDGE_CURVE('',#2663,#2664,#117,.F.);
#2123=EDGE_CURVE('',#2664,#2665,#348,.T.);
#2124=EDGE_CURVE('',#2665,#2666,#349,.F.);
#2125=EDGE_CURVE('',#2666,#2662,#350,.T.);
#2126=EDGE_CURVE('',#2667,#2668,#351,.T.);
#2127=EDGE_CURVE('',#2668,#2669,#118,.F.);
#2128=EDGE_CURVE('',#2669,#2670,#352,.T.);
#2129=EDGE_CURVE('',#2670,#2671,#353,.T.);
#2130=EDGE_CURVE('',#2671,#2667,#354,.F.);
#2131=EDGE_CURVE('',#2672,#2673,#2960,.T.);
#2132=EDGE_CURVE('',#2673,#2674,#2961,.T.);
#2133=EDGE_CURVE('',#2674,#2675,#243,.T.);
#2134=EDGE_CURVE('',#2675,#2676,#2962,.T.);
#2135=EDGE_CURVE('',#2676,#2677,#2963,.T.);
#2136=EDGE_CURVE('',#2677,#2672,#244,.T.);
#2137=EDGE_CURVE('',#2678,#2679,#2964,.T.);
#2138=EDGE_CURVE('',#2679,#2680,#2965,.T.);
#2139=EDGE_CURVE('',#2680,#2681,#245,.T.);
#2140=EDGE_CURVE('',#2681,#2682,#2966,.T.);
#2141=EDGE_CURVE('',#2682,#2683,#2967,.T.);
#2142=EDGE_CURVE('',#2683,#2678,#246,.T.);
#2143=EDGE_CURVE('',#2684,#2684,#247,.T.);
#2144=EDGE_CURVE('',#2685,#2686,#2968,.T.);
#2145=EDGE_CURVE('',#2686,#2687,#248,.F.);
#2146=EDGE_CURVE('',#2688,#2687,#2969,.T.);
#2147=EDGE_CURVE('',#2688,#2685,#249,.F.);
#2148=EDGE_CURVE('',#2689,#2689,#250,.T.);
#2149=EDGE_CURVE('',#2690,#2691,#2970,.T.);
#2150=EDGE_CURVE('',#2691,#2692,#251,.F.);
#2151=EDGE_CURVE('',#2693,#2692,#2971,.T.);
#2152=EDGE_CURVE('',#2693,#2690,#252,.F.);
#2153=EDGE_CURVE('',#2664,#2658,#355,.F.);
#2154=EDGE_CURVE('',#2657,#2686,#356,.T.);
#2155=EDGE_CURVE('',#2685,#2683,#357,.T.);
#2156=EDGE_CURVE('',#2682,#2694,#358,.F.);
#2157=EDGE_CURVE('',#2694,#2695,#359,.T.);
#2158=EDGE_CURVE('',#2695,#2673,#360,.T.);
#2159=EDGE_CURVE('',#2672,#2693,#361,.T.);
#2160=EDGE_CURVE('',#2692,#2650,#362,.T.);
#2161=EDGE_CURVE('',#2655,#2668,#363,.T.);
#2162=EDGE_CURVE('',#2696,#2667,#364,.T.);
#2163=EDGE_CURVE('',#2697,#2696,#253,.T.);
#2164=EDGE_CURVE('',#2665,#2697,#365,.T.);
#2165=EDGE_CURVE('',#2687,#2656,#366,.T.);
#2166=EDGE_CURVE('',#2651,#2691,#367,.T.);
#2167=EDGE_CURVE('',#2698,#2699,#368,.T.);
#2168=EDGE_CURVE('',#2698,#2654,#369,.F.);
#2169=EDGE_CURVE('',#2653,#2699,#370,.T.);
#2170=EDGE_CURVE('',#2700,#2701,#371,.T.);
#2171=EDGE_CURVE('',#2700,#2660,#372,.F.);
#2172=EDGE_CURVE('',#2659,#2701,#373,.T.);
#2173=EDGE_CURVE('',#2702,#2666,#374,.T.);
#2174=EDGE_CURVE('',#2702,#2703,#254,.T.);
#2175=EDGE_CURVE('',#2703,#2671,#375,.T.);
#2176=EDGE_CURVE('',#2704,#2670,#376,.T.);
#2177=EDGE_CURVE('',#2705,#2704,#377,.T.);
#2178=EDGE_CURVE('',#2706,#2705,#378,.T.);
#2179=EDGE_CURVE('',#2707,#2706,#379,.T.);
#2180=EDGE_CURVE('',#2708,#2707,#380,.T.);
#2181=EDGE_CURVE('',#2709,#2708,#381,.T.);
#2182=EDGE_CURVE('',#2662,#2709,#382,.T.);
#2183=EDGE_CURVE('',#2710,#2711,#383,.T.);
#2184=EDGE_CURVE('',#2710,#2712,#119,.T.);
#2185=EDGE_CURVE('',#2712,#2713,#384,.F.);
#2186=EDGE_CURVE('',#2713,#2714,#120,.T.);
#2187=EDGE_CURVE('',#2714,#2715,#385,.F.);
#2188=EDGE_CURVE('',#2715,#2716,#386,.T.);
#2189=EDGE_CURVE('',#2716,#2717,#387,.T.);
#2190=EDGE_CURVE('',#2711,#2717,#388,.T.);
#2191=EDGE_CURVE('',#2718,#2719,#389,.T.);
#2192=EDGE_CURVE('',#2718,#2720,#390,.T.);
#2193=EDGE_CURVE('',#2721,#2720,#391,.T.);
#2194=EDGE_CURVE('',#2721,#2719,#121,.T.);
#2195=EDGE_CURVE('',#2722,#2723,#122,.T.);
#2196=EDGE_CURVE('',#2723,#2724,#392,.T.);
#2197=EDGE_CURVE('',#2725,#2724,#393,.T.);
#2198=EDGE_CURVE('',#2725,#2726,#123,.T.);
#2199=EDGE_CURVE('',#2726,#2727,#394,.T.);
#2200=EDGE_CURVE('',#2727,#2728,#124,.T.);
#2201=EDGE_CURVE('',#2728,#2729,#395,.T.);
#2202=EDGE_CURVE('',#2729,#2730,#396,.T.);
#2203=EDGE_CURVE('',#2730,#2731,#125,.T.);
#2204=EDGE_CURVE('',#2731,#2732,#397,.T.);
#2205=EDGE_CURVE('',#2733,#2732,#398,.T.);
#2206=EDGE_CURVE('',#2733,#2722,#399,.F.);
#2207=EDGE_CURVE('',#2734,#2735,#400,.T.);
#2208=EDGE_CURVE('',#2736,#2734,#401,.T.);
#2209=EDGE_CURVE('',#2736,#2737,#402,.T.);
#2210=EDGE_CURVE('',#2737,#2738,#403,.T.);
#2211=EDGE_CURVE('',#2739,#2738,#404,.T.);
#2212=EDGE_CURVE('',#2735,#2739,#405,.T.);
#2213=EDGE_CURVE('',#2740,#2741,#126,.T.);
#2214=EDGE_CURVE('',#2741,#2742,#406,.T.);
#2215=EDGE_CURVE('',#2743,#2742,#407,.T.);
#2216=EDGE_CURVE('',#2743,#2744,#408,.T.);
#2217=EDGE_CURVE('',#2745,#2744,#2972,.T.);
#2218=EDGE_CURVE('',#2745,#2620,#409,.T.);
#2219=EDGE_CURVE('',#2625,#2746,#410,.T.);
#2220=EDGE_CURVE('',#2747,#2746,#411,.T.);
#2221=EDGE_CURVE('',#2747,#2748,#412,.F.);
#2222=EDGE_CURVE('',#2748,#2749,#413,.T.);
#2223=EDGE_CURVE('',#2749,#2750,#127,.T.);
#2224=EDGE_CURVE('',#2750,#2740,#414,.T.);
#2225=EDGE_CURVE('',#2608,#2751,#415,.T.);
#2226=EDGE_CURVE('',#2751,#2752,#128,.F.);
#2227=EDGE_CURVE('',#2753,#2752,#416,.T.);
#2228=EDGE_CURVE('',#2753,#2754,#417,.T.);
#2229=EDGE_CURVE('',#2754,#2609,#418,.F.);
#2230=EDGE_CURVE('',#2755,#2583,#419,.T.);
#2231=EDGE_CURVE('',#2755,#2721,#420,.F.);
#2232=EDGE_CURVE('',#2720,#2756,#129,.T.);
#2233=EDGE_CURVE('',#2756,#2607,#421,.F.);
#2234=EDGE_CURVE('',#2598,#2611,#422,.T.);
#2235=EDGE_CURVE('',#2601,#2757,#423,.F.);
#2236=EDGE_CURVE('',#2758,#2757,#424,.T.);
#2237=EDGE_CURVE('',#2758,#2582,#425,.T.);
#2238=EDGE_CURVE('',#2759,#2760,#426,.F.);
#2239=EDGE_CURVE('',#2759,#2743,#130,.T.);
#2240=EDGE_CURVE('',#2742,#2761,#131,.F.);
#2241=EDGE_CURVE('',#2762,#2761,#427,.T.);
#2242=EDGE_CURVE('',#2762,#2763,#132,.F.);
#2243=EDGE_CURVE('',#2763,#2764,#428,.F.);
#2244=EDGE_CURVE('',#2764,#2760,#429,.T.);
#2245=EDGE_CURVE('',#2765,#2766,#430,.F.);
#2246=EDGE_CURVE('',#2766,#2764,#431,.T.);
#2247=EDGE_CURVE('',#2763,#2695,#133,.F.);
#2248=EDGE_CURVE('',#2694,#2765,#134,.F.);
#2249=EDGE_CURVE('',#2719,#2767,#432,.T.);
#2250=EDGE_CURVE('',#2767,#2766,#433,.T.);
#2251=EDGE_CURVE('',#2765,#2768,#135,.F.);
#2252=EDGE_CURVE('',#2769,#2768,#434,.T.);
#2253=EDGE_CURVE('',#2769,#2718,#136,.F.);
#2254=EDGE_CURVE('',#2770,#2771,#435,.T.);
#2255=EDGE_CURVE('',#2770,#2772,#2973,.T.);
#2256=EDGE_CURVE('',#2772,#2773,#137,.T.);
#2257=EDGE_CURVE('',#2771,#2773,#436,.T.);
#2258=EDGE_CURVE('',#2774,#2775,#437,.T.);
#2259=EDGE_CURVE('',#2774,#2776,#255,.T.);
#2260=EDGE_CURVE('',#2776,#2777,#438,.T.);
#2261=EDGE_CURVE('',#2778,#2777,#439,.T.);
#2262=EDGE_CURVE('',#2779,#2778,#440,.T.);
#2263=EDGE_CURVE('',#2780,#2779,#441,.T.);
#2264=EDGE_CURVE('',#2781,#2780,#442,.T.);
#2265=EDGE_CURVE('',#2782,#2781,#443,.T.);
#2266=EDGE_CURVE('',#2783,#2782,#444,.T.);
#2267=EDGE_CURVE('',#2784,#2783,#445,.T.);
#2268=EDGE_CURVE('',#2785,#2784,#446,.T.);
#2269=EDGE_CURVE('',#2775,#2785,#447,.T.);
#2270=EDGE_CURVE('',#2786,#2786,#2974,.T.);
#2271=EDGE_CURVE('',#2787,#2787,#2975,.T.);
#2272=EDGE_CURVE('',#2788,#2788,#256,.T.);
#2273=EDGE_CURVE('',#2789,#2776,#448,.T.);
#2274=EDGE_CURVE('',#2774,#2790,#449,.F.);
#2275=EDGE_CURVE('',#2790,#2789,#2976,.T.);
#2276=EDGE_CURVE('',#2791,#2792,#257,.T.);
#2277=EDGE_CURVE('',#2791,#2793,#450,.F.);
#2278=EDGE_CURVE('',#2794,#2793,#451,.T.);
#2279=EDGE_CURVE('',#2794,#2792,#452,.T.);
#2280=EDGE_CURVE('',#2631,#2795,#453,.T.);
#2281=EDGE_CURVE('',#2796,#2795,#454,.T.);
#2282=EDGE_CURVE('',#2797,#2796,#455,.T.);
#2283=EDGE_CURVE('',#2797,#2798,#258,.T.);
#2284=EDGE_CURVE('',#2798,#2799,#456,.T.);
#2285=EDGE_CURVE('',#2800,#2799,#457,.T.);
#2286=EDGE_CURVE('',#2800,#2622,#458,.F.);
#2287=EDGE_CURVE('',#2621,#2801,#459,.T.);
#2288=EDGE_CURVE('',#2802,#2801,#2977,.T.);
#2289=EDGE_CURVE('',#2802,#2803,#460,.F.);
#2290=EDGE_CURVE('',#2804,#2803,#461,.T.);
#2291=EDGE_CURVE('',#2804,#2805,#462,.T.);
#2292=EDGE_CURVE('',#2806,#2805,#2978,.T.);
#2293=EDGE_CURVE('',#2806,#2626,#463,.T.);
#2294=EDGE_CURVE('',#2807,#2808,#464,.T.);
#2295=EDGE_CURVE('',#2807,#2809,#465,.T.);
#2296=EDGE_CURVE('',#2810,#2809,#259,.T.);
#2297=EDGE_CURVE('',#2810,#2808,#466,.F.);
#2298=EDGE_CURVE('',#2811,#2812,#467,.F.);
#2299=EDGE_CURVE('',#2812,#2770,#138,.T.);
#2300=EDGE_CURVE('',#2813,#2771,#468,.T.);
#2301=EDGE_CURVE('',#2813,#2628,#469,.F.);
#2302=EDGE_CURVE('',#2627,#2814,#470,.T.);
#2303=EDGE_CURVE('',#2815,#2814,#2979,.T.);
#2304=EDGE_CURVE('',#2815,#2816,#471,.F.);
#2305=EDGE_CURVE('',#2817,#2816,#472,.T.);
#2306=EDGE_CURVE('',#2817,#2818,#473,.F.);
#2307=EDGE_CURVE('',#2818,#2819,#139,.T.);
#2308=EDGE_CURVE('',#2819,#2820,#474,.F.);
#2309=EDGE_CURVE('',#2820,#2811,#140,.T.);
#2310=EDGE_CURVE('',#2821,#2711,#475,.T.);
#2311=EDGE_CURVE('',#2821,#2822,#141,.T.);
#2312=EDGE_CURVE('',#2822,#2710,#2980,.T.);
#2313=EDGE_CURVE('',#2587,#2823,#476,.T.);
#2314=EDGE_CURVE('',#2824,#2823,#477,.T.);
#2315=EDGE_CURVE('',#2825,#2824,#478,.T.);
#2316=EDGE_CURVE('',#2826,#2825,#479,.T.);
#2317=EDGE_CURVE('',#2760,#2826,#480,.T.);
#2318=EDGE_CURVE('',#2767,#2755,#142,.F.);
#2319=EDGE_CURVE('',#2827,#2828,#481,.T.);
#2320=EDGE_CURVE('',#2828,#2829,#482,.T.);
#2321=EDGE_CURVE('',#2829,#2830,#483,.F.);
#2322=EDGE_CURVE('',#2827,#2830,#484,.T.);
#2323=EDGE_CURVE('',#2831,#2832,#2981,.T.);
#2324=EDGE_CURVE('',#2831,#2603,#485,.F.);
#2325=EDGE_CURVE('',#2602,#2832,#486,.T.);
#2326=EDGE_CURVE('',#2833,#2834,#487,.T.);
#2327=EDGE_CURVE('',#2834,#2835,#488,.T.);
#2328=EDGE_CURVE('',#2823,#2835,#489,.T.);
#2329=EDGE_CURVE('',#2586,#2836,#490,.F.);
#2330=EDGE_CURVE('',#2833,#2836,#491,.T.);
#2331=EDGE_CURVE('',#2584,#2837,#492,.F.);
#2332=EDGE_CURVE('',#2838,#2837,#493,.T.);
#2333=EDGE_CURVE('',#2838,#2585,#494,.T.);
#2334=EDGE_CURVE('',#2789,#2556,#495,.T.);
#2335=EDGE_CURVE('',#2777,#2555,#496,.T.);
#2336=EDGE_CURVE('',#2790,#2557,#497,.T.);
#2337=EDGE_CURVE('',#2558,#2775,#498,.T.);
#2338=EDGE_CURVE('',#2589,#2797,#499,.T.);
#2339=EDGE_CURVE('',#2640,#2796,#500,.F.);
#2340=EDGE_CURVE('',#2591,#2798,#501,.T.);
#2341=EDGE_CURVE('',#2799,#2649,#502,.F.);
#2342=EDGE_CURVE('',#2554,#2839,#143,.T.);
#2343=EDGE_CURVE('',#2839,#2778,#503,.T.);
#2344=EDGE_CURVE('',#2839,#2632,#144,.T.);
#2345=EDGE_CURVE('',#2633,#2840,#145,.T.);
#2346=EDGE_CURVE('',#2840,#2779,#504,.T.);
#2347=EDGE_CURVE('',#2840,#2616,#146,.T.);
#2348=EDGE_CURVE('',#2615,#2841,#147,.T.);
#2349=EDGE_CURVE('',#2841,#2780,#505,.T.);
#2350=EDGE_CURVE('',#2785,#2842,#506,.F.);
#2351=EDGE_CURVE('',#2842,#2559,#148,.T.);
#2352=EDGE_CURVE('',#2830,#2843,#149,.T.);
#2353=EDGE_CURVE('',#2843,#2781,#507,.T.);
#2354=EDGE_CURVE('',#2841,#2827,#150,.T.);
#2355=EDGE_CURVE('',#2638,#2842,#151,.T.);
#2356=EDGE_CURVE('',#2784,#2844,#508,.F.);
#2357=EDGE_CURVE('',#2844,#2639,#152,.T.);
#2358=EDGE_CURVE('',#2836,#2845,#153,.T.);
#2359=EDGE_CURVE('',#2845,#2782,#509,.F.);
#2360=EDGE_CURVE('',#2843,#2833,#154,.T.);
#2361=EDGE_CURVE('',#2757,#2844,#155,.T.);
#2362=EDGE_CURVE('',#2783,#2846,#510,.F.);
#2363=EDGE_CURVE('',#2846,#2758,#156,.T.);
#2364=EDGE_CURVE('',#2837,#2846,#157,.T.);
#2365=EDGE_CURVE('',#2845,#2838,#158,.T.);
#2366=EDGE_CURVE('',#2835,#2817,#159,.F.);
#2367=EDGE_CURVE('',#2816,#2847,#160,.T.);
#2368=EDGE_CURVE('',#2847,#2824,#511,.F.);
#2369=EDGE_CURVE('',#2847,#2807,#161,.T.);
#2370=EDGE_CURVE('',#2808,#2848,#162,.T.);
#2371=EDGE_CURVE('',#2848,#2825,#512,.F.);
#2372=EDGE_CURVE('',#2803,#2849,#163,.T.);
#2373=EDGE_CURVE('',#2849,#2826,#513,.F.);
#2374=EDGE_CURVE('',#2848,#2804,#164,.T.);
#2375=EDGE_CURVE('',#2793,#2759,#165,.T.);
#2376=EDGE_CURVE('',#2849,#2794,#166,.T.);
#2377=EDGE_CURVE('',#2648,#2850,#514,.T.);
#2378=EDGE_CURVE('',#2850,#2800,#167,.F.);
#2379=EDGE_CURVE('',#2634,#2850,#168,.F.);
#2380=EDGE_CURVE('',#2647,#2851,#515,.F.);
#2381=EDGE_CURVE('',#2851,#2635,#169,.F.);
#2382=EDGE_CURVE('',#2646,#2852,#516,.F.);
#2383=EDGE_CURVE('',#2852,#2747,#170,.F.);
#2384=EDGE_CURVE('',#2746,#2851,#171,.F.);
#2385=EDGE_CURVE('',#2732,#2852,#172,.F.);
#2386=EDGE_CURVE('',#2645,#2853,#517,.F.);
#2387=EDGE_CURVE('',#2853,#2733,#173,.F.);
#2388=EDGE_CURVE('',#2717,#2853,#174,.F.);
#2389=EDGE_CURVE('',#2644,#2711,#518,.F.);
#2390=EDGE_CURVE('',#2773,#2831,#175,.F.);
#2391=EDGE_CURVE('',#2832,#2821,#176,.F.);
#2392=EDGE_CURVE('',#2643,#2771,#519,.F.);
#2393=EDGE_CURVE('',#2642,#2854,#520,.F.);
#2394=EDGE_CURVE('',#2854,#2813,#177,.F.);
#2395=EDGE_CURVE('',#2636,#2854,#178,.F.);
#2396=EDGE_CURVE('',#2641,#2855,#521,.F.);
#2397=EDGE_CURVE('',#2855,#2637,#179,.F.);
#2398=EDGE_CURVE('',#2795,#2855,#180,.F.);
#2399=EDGE_CURVE('',#2856,#2856,#260,.F.);
#2400=EDGE_CURVE('',#2801,#2745,#261,.T.);
#2401=EDGE_CURVE('',#2857,#2857,#262,.T.);
#2402=EDGE_CURVE('',#2858,#2859,#522,.T.);
#2403=EDGE_CURVE('',#2858,#2860,#523,.F.);
#2404=EDGE_CURVE('',#2860,#2861,#524,.T.);
#2405=EDGE_CURVE('',#2862,#2861,#525,.T.);
#2406=EDGE_CURVE('',#2862,#2863,#526,.F.);
#2407=EDGE_CURVE('',#2863,#2864,#527,.F.);
#2408=EDGE_CURVE('',#2864,#2865,#528,.T.);
#2409=EDGE_CURVE('',#2865,#2866,#181,.T.);
#2410=EDGE_CURVE('',#2866,#2867,#529,.T.);
#2411=EDGE_CURVE('',#2867,#2859,#182,.T.);
#2412=EDGE_CURVE('',#2868,#2869,#530,.F.);
#2413=EDGE_CURVE('',#2869,#2870,#183,.T.);
#2414=EDGE_CURVE('',#2870,#2871,#531,.T.);
#2415=EDGE_CURVE('',#2872,#2871,#532,.T.);
#2416=EDGE_CURVE('',#2872,#2868,#533,.F.);
#2417=EDGE_CURVE('',#2676,#2873,#534,.F.);
#2418=EDGE_CURVE('',#2873,#2874,#535,.F.);
#2419=EDGE_CURVE('',#2874,#2875,#536,.T.);
#2420=EDGE_CURVE('',#2876,#2875,#537,.T.);
#2421=EDGE_CURVE('',#2876,#2652,#538,.F.);
#2422=EDGE_CURVE('',#2690,#2677,#539,.T.);
#2423=EDGE_CURVE('',#2877,#2878,#540,.F.);
#2424=EDGE_CURVE('',#2878,#2879,#541,.T.);
#2425=EDGE_CURVE('',#2879,#2880,#542,.T.);
#2426=EDGE_CURVE('',#2881,#2880,#543,.T.);
#2427=EDGE_CURVE('',#2881,#2882,#544,.F.);
#2428=EDGE_CURVE('',#2882,#2877,#184,.T.);
#2429=EDGE_CURVE('',#2674,#2762,#545,.F.);
#2430=EDGE_CURVE('',#2761,#2883,#546,.F.);
#2431=EDGE_CURVE('',#2883,#2675,#547,.T.);
#2432=EDGE_CURVE('',#2884,#2885,#548,.F.);
#2433=EDGE_CURVE('',#2885,#2886,#549,.T.);
#2434=EDGE_CURVE('',#2886,#2887,#550,.T.);
#2435=EDGE_CURVE('',#2887,#2888,#185,.T.);
#2436=EDGE_CURVE('',#2889,#2888,#551,.T.);
#2437=EDGE_CURVE('',#2889,#2890,#186,.T.);
#2438=EDGE_CURVE('',#2753,#2890,#552,.T.);
#2439=EDGE_CURVE('',#2752,#2679,#553,.T.);
#2440=EDGE_CURVE('',#2678,#2688,#554,.T.);
#2441=EDGE_CURVE('',#2661,#2891,#555,.T.);
#2442=EDGE_CURVE('',#2884,#2891,#556,.T.);
#2443=EDGE_CURVE('',#2892,#2893,#187,.T.);
#2444=EDGE_CURVE('',#2893,#2769,#557,.F.);
#2445=EDGE_CURVE('',#2768,#2681,#558,.T.);
#2446=EDGE_CURVE('',#2680,#2892,#559,.F.);
#2447=EDGE_CURVE('',#2894,#2894,#2982,.T.);
#2448=EDGE_CURVE('',#2895,#2895,#2983,.T.);
#2449=EDGE_CURVE('',#2896,#2702,#560,.T.);
#2450=EDGE_CURVE('',#2897,#2896,#2984,.T.);
#2451=EDGE_CURVE('',#2703,#2897,#188,.T.);
#2452=EDGE_CURVE('',#2898,#2898,#263,.T.);
#2453=EDGE_CURVE('',#2896,#2697,#561,.T.);
#2454=EDGE_CURVE('',#2897,#2696,#562,.T.);
#2455=EDGE_CURVE('',#2669,#2698,#189,.F.);
#2456=EDGE_CURVE('',#2699,#2899,#190,.F.);
#2457=EDGE_CURVE('',#2899,#2704,#563,.T.);
#2458=EDGE_CURVE('',#2899,#2876,#191,.F.);
#2459=EDGE_CURVE('',#2875,#2900,#192,.F.);
#2460=EDGE_CURVE('',#2900,#2705,#564,.T.);
#2461=EDGE_CURVE('',#2871,#2901,#193,.F.);
#2462=EDGE_CURVE('',#2901,#2706,#565,.T.);
#2463=EDGE_CURVE('',#2900,#2872,#194,.F.);
#2464=EDGE_CURVE('',#2861,#2902,#195,.F.);
#2465=EDGE_CURVE('',#2902,#2707,#566,.T.);
#2466=EDGE_CURVE('',#2901,#2862,#196,.F.);
#2467=EDGE_CURVE('',#2880,#2903,#197,.F.);
#2468=EDGE_CURVE('',#2903,#2708,#567,.F.);
#2469=EDGE_CURVE('',#2902,#2881,#198,.F.);
#2470=EDGE_CURVE('',#2709,#2904,#568,.F.);
#2471=EDGE_CURVE('',#2904,#2700,#199,.F.);
#2472=EDGE_CURVE('',#2701,#2663,#200,.F.);
#2473=EDGE_CURVE('',#2903,#2884,#201,.F.);
#2474=EDGE_CURVE('',#2891,#2904,#202,.F.);
#2475=EDGE_CURVE('',#2905,#2905,#264,.F.);
#2476=EDGE_CURVE('',#2814,#2806,#265,.T.);
#2477=EDGE_CURVE('',#2906,#2906,#266,.T.);
#2478=EDGE_CURVE('',#2805,#2810,#2985,.T.);
#2479=EDGE_CURVE('',#2809,#2815,#2986,.T.);
#2480=EDGE_CURVE('',#2744,#2791,#2987,.T.);
#2481=EDGE_CURVE('',#2792,#2802,#2988,.T.);
#2482=EDGE_CURVE('',#2728,#2865,#569,.F.);
#2483=EDGE_CURVE('',#2864,#2729,#267,.T.);
#2484=EDGE_CURVE('',#2724,#2858,#268,.F.);
#2485=EDGE_CURVE('',#2859,#2725,#570,.T.);
#2486=EDGE_CURVE('',#2866,#2727,#571,.T.);
#2487=EDGE_CURVE('',#2726,#2867,#572,.F.);
#2488=EDGE_CURVE('',#2907,#2734,#573,.T.);
#2489=EDGE_CURVE('',#2908,#2907,#574,.T.);
#2490=EDGE_CURVE('',#2908,#2736,#575,.T.);
#2491=EDGE_CURVE('',#2909,#2735,#576,.T.);
#2492=EDGE_CURVE('',#2907,#2909,#577,.T.);
#2493=EDGE_CURVE('',#2910,#2739,#578,.T.);
#2494=EDGE_CURVE('',#2909,#2910,#579,.T.);
#2495=EDGE_CURVE('',#2911,#2738,#580,.T.);
#2496=EDGE_CURVE('',#2910,#2911,#581,.T.);
#2497=EDGE_CURVE('',#2912,#2737,#582,.T.);
#2498=EDGE_CURVE('',#2912,#2911,#583,.T.);
#2499=EDGE_CURVE('',#2908,#2912,#584,.T.);
#2500=EDGE_CURVE('',#2886,#2913,#203,.F.);
#2501=EDGE_CURVE('',#2913,#2581,#2989,.F.);
#2502=EDGE_CURVE('',#2580,#2570,#204,.T.);
#2503=EDGE_CURVE('',#2569,#2887,#585,.F.);
#2504=EDGE_CURVE('',#2890,#2914,#586,.T.);
#2505=EDGE_CURVE('',#2914,#2754,#205,.F.);
#2506=EDGE_CURVE('',#2567,#2889,#587,.F.);
#2507=EDGE_CURVE('',#2888,#2568,#588,.T.);
#2508=EDGE_CURVE('',#2914,#2566,#2990,.T.);
#2509=EDGE_CURVE('',#2829,#2834,#206,.T.);
#2510=EDGE_CURVE('',#2614,#2828,#207,.T.);
#2511=EDGE_CURVE('',#2772,#2613,#208,.T.);
#2512=EDGE_CURVE('',#2572,#2822,#209,.T.);
#2513=EDGE_CURVE('',#2579,#2571,#210,.T.);
#2514=EDGE_CURVE('',#2879,#2885,#211,.F.);
#2515=EDGE_CURVE('',#2751,#2892,#2991,.T.);
#2516=EDGE_CURVE('',#2716,#2915,#212,.T.);
#2517=EDGE_CURVE('',#2915,#2722,#2992,.T.);
#2518=EDGE_CURVE('',#2860,#2916,#213,.T.);
#2519=EDGE_CURVE('',#2916,#2882,#2993,.T.);
#2520=EDGE_CURVE('',#2731,#2917,#2994,.T.);
#2521=EDGE_CURVE('',#2917,#2748,#214,.T.);
#2522=EDGE_CURVE('',#2870,#2918,#2995,.T.);
#2523=EDGE_CURVE('',#2918,#2863,#215,.T.);
#2524=EDGE_CURVE('',#2874,#2868,#216,.T.);
#2525=EDGE_CURVE('',#2883,#2873,#217,.T.);
#2526=EDGE_CURVE('',#2756,#2893,#2996,.T.);
#2527=EDGE_CURVE('',#2818,#2834,#269,.T.);
#2528=EDGE_CURVE('',#2819,#2829,#270,.T.);
#2529=EDGE_CURVE('',#2820,#2828,#271,.T.);
#2530=EDGE_CURVE('',#2811,#2614,#272,.T.);
#2531=EDGE_CURVE('',#2812,#2613,#273,.T.);
#2532=EDGE_CURVE('',#2860,#2723,#274,.T.);
#2533=EDGE_CURVE('',#2916,#2722,#275,.T.);
#2534=EDGE_CURVE('',#2882,#2915,#276,.T.);
#2535=EDGE_CURVE('',#2913,#2885,#277,.T.);
#2536=EDGE_CURVE('',#2877,#2716,#278,.T.);
#2537=EDGE_CURVE('',#2577,#2879,#279,.T.);
#2538=EDGE_CURVE('',#2712,#2572,#280,.T.);
#2539=EDGE_CURVE('',#2878,#2715,#281,.T.);
#2540=EDGE_CURVE('',#2578,#2878,#282,.T.);
#2541=EDGE_CURVE('',#2713,#2571,#283,.T.);
#2542=EDGE_CURVE('',#2578,#2715,#284,.F.);
#2543=EDGE_CURVE('',#2714,#2579,#285,.T.);
#2544=EDGE_CURVE('',#2883,#2741,#286,.T.);
#2545=EDGE_CURVE('',#2873,#2740,#287,.T.);
#2546=EDGE_CURVE('',#2874,#2750,#288,.T.);
#2547=EDGE_CURVE('',#2868,#2749,#289,.T.);
#2548=EDGE_CURVE('',#2869,#2748,#290,.T.);
#2549=EDGE_CURVE('',#2870,#2917,#291,.T.);
#2550=EDGE_CURVE('',#2918,#2731,#292,.T.);
#2551=EDGE_CURVE('',#2863,#2730,#293,.T.);
#2552=VERTEX_POINT('',#5176);
#2553=VERTEX_POINT('',#5177);
#2554=VERTEX_POINT('',#5179);
#2555=VERTEX_POINT('',#5181);
#2556=VERTEX_POINT('',#5183);
#2557=VERTEX_POINT('',#5185);
#2558=VERTEX_POINT('',#5187);
#2559=VERTEX_POINT('',#5189);
#2560=VERTEX_POINT('',#5191);
#2561=VERTEX_POINT('',#5196);
#2562=VERTEX_POINT('',#5198);
#2563=VERTEX_POINT('',#5203);
#2564=VERTEX_POINT('',#5205);
#2565=VERTEX_POINT('',#5210);
#2566=VERTEX_POINT('',#5212);
#2567=VERTEX_POINT('',#5214);
#2568=VERTEX_POINT('',#5216);
#2569=VERTEX_POINT('',#5218);
#2570=VERTEX_POINT('',#5220);
#2571=VERTEX_POINT('',#5222);
#2572=VERTEX_POINT('',#5224);
#2573=VERTEX_POINT('',#5226);
#2574=VERTEX_POINT('',#5231);
#2575=VERTEX_POINT('',#5233);
#2576=VERTEX_POINT('',#5238);
#2577=VERTEX_POINT('',#5242);
#2578=VERTEX_POINT('',#5243);
#2579=VERTEX_POINT('',#5245);
#2580=VERTEX_POINT('',#5247);
#2581=VERTEX_POINT('',#5249);
#2582=VERTEX_POINT('',#5253);
#2583=VERTEX_POINT('',#5254);
#2584=VERTEX_POINT('',#5261);
#2585=VERTEX_POINT('',#5263);
#2586=VERTEX_POINT('',#5271);
#2587=VERTEX_POINT('',#5273);
#2588=VERTEX_POINT('',#5276);
#2589=VERTEX_POINT('',#5277);
#2590=VERTEX_POINT('',#5279);
#2591=VERTEX_POINT('',#5281);
#2592=VERTEX_POINT('',#5304);
#2593=VERTEX_POINT('',#5316);
#2594=VERTEX_POINT('',#5319);
#2595=VERTEX_POINT('',#5324);
#2596=VERTEX_POINT('',#5331);
#2597=VERTEX_POINT('',#5333);
#2598=VERTEX_POINT('',#5342);
#2599=VERTEX_POINT('',#5349);
#2600=VERTEX_POINT('',#5351);
#2601=VERTEX_POINT('',#5358);
#2602=VERTEX_POINT('',#5370);
#2603=VERTEX_POINT('',#5372);
#2604=VERTEX_POINT('',#5379);
#2605=VERTEX_POINT('',#5384);
#2606=VERTEX_POINT('',#5391);
#2607=VERTEX_POINT('',#5392);
#2608=VERTEX_POINT('',#5399);
#2609=VERTEX_POINT('',#5401);
#2610=VERTEX_POINT('',#5411);
#2611=VERTEX_POINT('',#5413);
#2612=VERTEX_POINT('',#5418);
#2613=VERTEX_POINT('',#5422);
#2614=VERTEX_POINT('',#5424);
#2615=VERTEX_POINT('',#5426);
#2616=VERTEX_POINT('',#5428);
#2617=VERTEX_POINT('',#5431);
#2618=VERTEX_POINT('',#5436);
#2619=VERTEX_POINT('',#5440);
#2620=VERTEX_POINT('',#5448);
#2621=VERTEX_POINT('',#5449);
#2622=VERTEX_POINT('',#5454);
#2623=VERTEX_POINT('',#5462);
#2624=VERTEX_POINT('',#5464);
#2625=VERTEX_POINT('',#5472);
#2626=VERTEX_POINT('',#5479);
#2627=VERTEX_POINT('',#5480);
#2628=VERTEX_POINT('',#5485);
#2629=VERTEX_POINT('',#5493);
#2630=VERTEX_POINT('',#5495);
#2631=VERTEX_POINT('',#5503);
#2632=VERTEX_POINT('',#5510);
#2633=VERTEX_POINT('',#5511);
#2634=VERTEX_POINT('',#5516);
#2635=VERTEX_POINT('',#5518);
#2636=VERTEX_POINT('',#5522);
#2637=VERTEX_POINT('',#5524);
#2638=VERTEX_POINT('',#5528);
#2639=VERTEX_POINT('',#5530);
#2640=VERTEX_POINT('',#5534);
#2641=VERTEX_POINT('',#5536);
#2642=VERTEX_POINT('',#5538);
#2643=VERTEX_POINT('',#5540);
#2644=VERTEX_POINT('',#5542);
#2645=VERTEX_POINT('',#5544);
#2646=VERTEX_POINT('',#5546);
#2647=VERTEX_POINT('',#5548);
#2648=VERTEX_POINT('',#5550);
#2649=VERTEX_POINT('',#5552);
#2650=VERTEX_POINT('',#5556);
#2651=VERTEX_POINT('',#5557);
#2652=VERTEX_POINT('',#5562);
#2653=VERTEX_POINT('',#5569);
#2654=VERTEX_POINT('',#5571);
#2655=VERTEX_POINT('',#5578);
#2656=VERTEX_POINT('',#5585);
#2657=VERTEX_POINT('',#5586);
#2658=VERTEX_POINT('',#5591);
#2659=VERTEX_POINT('',#5598);
#2660=VERTEX_POINT('',#5600);
#2661=VERTEX_POINT('',#5607);
#2662=VERTEX_POINT('',#5614);
#2663=VERTEX_POINT('',#5615);
#2664=VERTEX_POINT('',#5617);
#2665=VERTEX_POINT('',#5619);
#2666=VERTEX_POINT('',#5621);
#2667=VERTEX_POINT('',#5625);
#2668=VERTEX_POINT('',#5626);
#2669=VERTEX_POINT('',#5628);
#2670=VERTEX_POINT('',#5630);
#2671=VERTEX_POINT('',#5632);
#2672=VERTEX_POINT('',#5639);
#2673=VERTEX_POINT('',#5640);
#2674=VERTEX_POINT('',#5647);
#2675=VERTEX_POINT('',#5649);
#2676=VERTEX_POINT('',#5656);
#2677=VERTEX_POINT('',#5661);
#2678=VERTEX_POINT('',#5668);
#2679=VERTEX_POINT('',#5669);
#2680=VERTEX_POINT('',#5676);
#2681=VERTEX_POINT('',#5678);
#2682=VERTEX_POINT('',#5685);
#2683=VERTEX_POINT('',#5690);
#2684=VERTEX_POINT('',#5694);
#2685=VERTEX_POINT('',#5699);
#2686=VERTEX_POINT('',#5700);
#2687=VERTEX_POINT('',#5702);
#2688=VERTEX_POINT('',#5707);
#2689=VERTEX_POINT('',#5711);
#2690=VERTEX_POINT('',#5716);
#2691=VERTEX_POINT('',#5717);
#2692=VERTEX_POINT('',#5719);
#2693=VERTEX_POINT('',#5724);
#2694=VERTEX_POINT('',#5731);
#2695=VERTEX_POINT('',#5733);
#2696=VERTEX_POINT('',#5739);
#2697=VERTEX_POINT('',#5741);
#2698=VERTEX_POINT('',#5749);
#2699=VERTEX_POINT('',#5750);
#2700=VERTEX_POINT('',#5755);
#2701=VERTEX_POINT('',#5756);
#2702=VERTEX_POINT('',#5761);
#2703=VERTEX_POINT('',#5763);
#2704=VERTEX_POINT('',#5766);
#2705=VERTEX_POINT('',#5768);
#2706=VERTEX_POINT('',#5770);
#2707=VERTEX_POINT('',#5772);
#2708=VERTEX_POINT('',#5774);
#2709=VERTEX_POINT('',#5776);
#2710=VERTEX_POINT('',#5780);
#2711=VERTEX_POINT('',#5781);
#2712=VERTEX_POINT('',#5783);
#2713=VERTEX_POINT('',#5785);
#2714=VERTEX_POINT('',#5787);
#2715=VERTEX_POINT('',#5789);
#2716=VERTEX_POINT('',#5791);
#2717=VERTEX_POINT('',#5793);
#2718=VERTEX_POINT('',#5797);
#2719=VERTEX_POINT('',#5798);
#2720=VERTEX_POINT('',#5800);
#2721=VERTEX_POINT('',#5802);
#2722=VERTEX_POINT('',#5806);
#2723=VERTEX_POINT('',#5807);
#2724=VERTEX_POINT('',#5809);
#2725=VERTEX_POINT('',#5811);
#2726=VERTEX_POINT('',#5813);
#2727=VERTEX_POINT('',#5815);
#2728=VERTEX_POINT('',#5817);
#2729=VERTEX_POINT('',#5819);
#2730=VERTEX_POINT('',#5821);
#2731=VERTEX_POINT('',#5823);
#2732=VERTEX_POINT('',#5825);
#2733=VERTEX_POINT('',#5827);
#2734=VERTEX_POINT('',#5831);
#2735=VERTEX_POINT('',#5832);
#2736=VERTEX_POINT('',#5834);
#2737=VERTEX_POINT('',#5836);
#2738=VERTEX_POINT('',#5838);
#2739=VERTEX_POINT('',#5840);
#2740=VERTEX_POINT('',#5843);
#2741=VERTEX_POINT('',#5844);
#2742=VERTEX_POINT('',#5846);
#2743=VERTEX_POINT('',#5848);
#2744=VERTEX_POINT('',#5850);
#2745=VERTEX_POINT('',#5855);
#2746=VERTEX_POINT('',#5858);
#2747=VERTEX_POINT('',#5860);
#2748=VERTEX_POINT('',#5862);
#2749=VERTEX_POINT('',#5864);
#2750=VERTEX_POINT('',#5866);
#2751=VERTEX_POINT('',#5870);
#2752=VERTEX_POINT('',#5872);
#2753=VERTEX_POINT('',#5874);
#2754=VERTEX_POINT('',#5876);
#2755=VERTEX_POINT('',#5880);
#2756=VERTEX_POINT('',#5883);
#2757=VERTEX_POINT('',#5887);
#2758=VERTEX_POINT('',#5889);
#2759=VERTEX_POINT('',#5893);
#2760=VERTEX_POINT('',#5894);
#2761=VERTEX_POINT('',#5897);
#2762=VERTEX_POINT('',#5899);
#2763=VERTEX_POINT('',#5901);
#2764=VERTEX_POINT('',#5903);
#2765=VERTEX_POINT('',#5907);
#2766=VERTEX_POINT('',#5908);
#2767=VERTEX_POINT('',#5914);
#2768=VERTEX_POINT('',#5917);
#2769=VERTEX_POINT('',#5919);
#2770=VERTEX_POINT('',#5923);
#2771=VERTEX_POINT('',#5924);
#2772=VERTEX_POINT('',#5929);
#2773=VERTEX_POINT('',#5931);
#2774=VERTEX_POINT('',#5935);
#2775=VERTEX_POINT('',#5936);
#2776=VERTEX_POINT('',#5938);
#2777=VERTEX_POINT('',#5940);
#2778=VERTEX_POINT('',#5942);
#2779=VERTEX_POINT('',#5944);
#2780=VERTEX_POINT('',#5946);
#2781=VERTEX_POINT('',#5948);
#2782=VERTEX_POINT('',#5950);
#2783=VERTEX_POINT('',#5952);
#2784=VERTEX_POINT('',#5954);
#2785=VERTEX_POINT('',#5956);
#2786=VERTEX_POINT('',#5970);
#2787=VERTEX_POINT('',#5982);
#2788=VERTEX_POINT('',#5984);
#2789=VERTEX_POINT('',#5986);
#2790=VERTEX_POINT('',#5988);
#2791=VERTEX_POINT('',#6002);
#2792=VERTEX_POINT('',#6003);
#2793=VERTEX_POINT('',#6005);
#2794=VERTEX_POINT('',#6007);
#2795=VERTEX_POINT('',#6011);
#2796=VERTEX_POINT('',#6013);
#2797=VERTEX_POINT('',#6015);
#2798=VERTEX_POINT('',#6017);
#2799=VERTEX_POINT('',#6019);
#2800=VERTEX_POINT('',#6021);
#2801=VERTEX_POINT('',#6024);
#2802=VERTEX_POINT('',#6029);
#2803=VERTEX_POINT('',#6031);
#2804=VERTEX_POINT('',#6033);
#2805=VERTEX_POINT('',#6035);
#2806=VERTEX_POINT('',#6040);
#2807=VERTEX_POINT('',#6044);
#2808=VERTEX_POINT('',#6045);
#2809=VERTEX_POINT('',#6047);
#2810=VERTEX_POINT('',#6049);
#2811=VERTEX_POINT('',#6053);
#2812=VERTEX_POINT('',#6054);
#2813=VERTEX_POINT('',#6057);
#2814=VERTEX_POINT('',#6060);
#2815=VERTEX_POINT('',#6065);
#2816=VERTEX_POINT('',#6067);
#2817=VERTEX_POINT('',#6069);
#2818=VERTEX_POINT('',#6071);
#2819=VERTEX_POINT('',#6073);
#2820=VERTEX_POINT('',#6075);
#2821=VERTEX_POINT('',#6079);
#2822=VERTEX_POINT('',#6081);
#2823=VERTEX_POINT('',#6088);
#2824=VERTEX_POINT('',#6090);
#2825=VERTEX_POINT('',#6092);
#2826=VERTEX_POINT('',#6094);
#2827=VERTEX_POINT('',#6099);
#2828=VERTEX_POINT('',#6100);
#2829=VERTEX_POINT('',#6102);
#2830=VERTEX_POINT('',#6104);
#2831=VERTEX_POINT('',#6111);
#2832=VERTEX_POINT('',#6112);
#2833=VERTEX_POINT('',#6117);
#2834=VERTEX_POINT('',#6118);
#2835=VERTEX_POINT('',#6120);
#2836=VERTEX_POINT('',#6123);
#2837=VERTEX_POINT('',#6127);
#2838=VERTEX_POINT('',#6129);
#2839=VERTEX_POINT('',#6149);
#2840=VERTEX_POINT('',#6154);
#2841=VERTEX_POINT('',#6159);
#2842=VERTEX_POINT('',#6163);
#2843=VERTEX_POINT('',#6167);
#2844=VERTEX_POINT('',#6173);
#2845=VERTEX_POINT('',#6177);
#2846=VERTEX_POINT('',#6183);
#2847=VERTEX_POINT('',#6191);
#2848=VERTEX_POINT('',#6196);
#2849=VERTEX_POINT('',#6200);
#2850=VERTEX_POINT('',#6208);
#2851=VERTEX_POINT('',#6213);
#2852=VERTEX_POINT('',#6217);
#2853=VERTEX_POINT('',#6223);
#2854=VERTEX_POINT('',#6234);
#2855=VERTEX_POINT('',#6239);
#2856=VERTEX_POINT('',#6245);
#2857=VERTEX_POINT('',#6249);
#2858=VERTEX_POINT('',#6253);
#2859=VERTEX_POINT('',#6254);
#2860=VERTEX_POINT('',#6256);
#2861=VERTEX_POINT('',#6258);
#2862=VERTEX_POINT('',#6260);
#2863=VERTEX_POINT('',#6262);
#2864=VERTEX_POINT('',#6264);
#2865=VERTEX_POINT('',#6266);
#2866=VERTEX_POINT('',#6268);
#2867=VERTEX_POINT('',#6270);
#2868=VERTEX_POINT('',#6274);
#2869=VERTEX_POINT('',#6275);
#2870=VERTEX_POINT('',#6277);
#2871=VERTEX_POINT('',#6279);
#2872=VERTEX_POINT('',#6281);
#2873=VERTEX_POINT('',#6285);
#2874=VERTEX_POINT('',#6287);
#2875=VERTEX_POINT('',#6289);
#2876=VERTEX_POINT('',#6291);
#2877=VERTEX_POINT('',#6296);
#2878=VERTEX_POINT('',#6297);
#2879=VERTEX_POINT('',#6299);
#2880=VERTEX_POINT('',#6301);
#2881=VERTEX_POINT('',#6303);
#2882=VERTEX_POINT('',#6305);
#2883=VERTEX_POINT('',#6310);
#2884=VERTEX_POINT('',#6314);
#2885=VERTEX_POINT('',#6315);
#2886=VERTEX_POINT('',#6317);
#2887=VERTEX_POINT('',#6319);
#2888=VERTEX_POINT('',#6321);
#2889=VERTEX_POINT('',#6323);
#2890=VERTEX_POINT('',#6325);
#2891=VERTEX_POINT('',#6330);
#2892=VERTEX_POINT('',#6334);
#2893=VERTEX_POINT('',#6335);
#2894=VERTEX_POINT('',#6351);
#2895=VERTEX_POINT('',#6363);
#2896=VERTEX_POINT('',#6365);
#2897=VERTEX_POINT('',#6377);
#2898=VERTEX_POINT('',#6380);
#2899=VERTEX_POINT('',#6394);
#2900=VERTEX_POINT('',#6399);
#2901=VERTEX_POINT('',#6403);
#2902=VERTEX_POINT('',#6408);
#2903=VERTEX_POINT('',#6413);
#2904=VERTEX_POINT('',#6418);
#2905=VERTEX_POINT('',#6426);
#2906=VERTEX_POINT('',#6432);
#2907=VERTEX_POINT('',#6476);
#2908=VERTEX_POINT('',#6478);
#2909=VERTEX_POINT('',#6482);
#2910=VERTEX_POINT('',#6486);
#2911=VERTEX_POINT('',#6490);
#2912=VERTEX_POINT('',#6494);
#2913=VERTEX_POINT('',#6501);
#2914=VERTEX_POINT('',#6510);
#2915=VERTEX_POINT('',#6552);
#2916=VERTEX_POINT('',#6560);
#2917=VERTEX_POINT('',#6571);
#2918=VERTEX_POINT('',#6578);
#2919=B_SPLINE_CURVE_WITH_KNOTS('',3,(#5172,#5173,#5174,#5175),
 .UNSPECIFIED.,.F.,.F.,(4,4),(-0.00210598327221343,0.00290047743101061),
 .UNSPECIFIED.);
#2920=B_SPLINE_CURVE_WITH_KNOTS('',3,(#5192,#5193,#5194,#5195),
 .UNSPECIFIED.,.F.,.F.,(4,4),(0.0173111701752807,0.0222638616798912),
 .UNSPECIFIED.);
#2921=B_SPLINE_CURVE_WITH_KNOTS('',3,(#5199,#5200,#5201,#5202),
 .UNSPECIFIED.,.F.,.F.,(4,4),(1.17380561341122E-6,0.0026930820085351),
 .UNSPECIFIED.);
#2922=B_SPLINE_CURVE_WITH_KNOTS('',3,(#5206,#5207,#5208,#5209),
 .UNSPECIFIED.,.F.,.F.,(4,4),(-0.00210598327221345,0.00290047743102087),
 .UNSPECIFIED.);
#2923=B_SPLINE_CURVE_WITH_KNOTS('',3,(#5227,#5228,#5229,#5230),
 .UNSPECIFIED.,.F.,.F.,(4,4),(0.0173111701752809,0.0222638616798915),
 .UNSPECIFIED.);
#2924=B_SPLINE_CURVE_WITH_KNOTS('',3,(#5234,#5235,#5236,#5237),
 .UNSPECIFIED.,.F.,.F.,(4,4),(0.0018588347659766,0.00455343276472104),
 .UNSPECIFIED.);
#2925=B_SPLINE_CURVE_WITH_KNOTS('',3,(#5255,#5256,#5257,#5258,#5259,#5260),
 .UNSPECIFIED.,.F.,.F.,(4,1,1,4),(0.,0.00404388453614215,0.00606582680421323,
0.00808776907228431),.UNSPECIFIED.);
#2926=B_SPLINE_CURVE_WITH_KNOTS('',3,(#5264,#5265,#5266,#5267,#5268,#5269,
#5270),.UNSPECIFIED.,.F.,.F.,(4,1,1,1,4),(0.,0.00202057076718475,0.00404114153436949,
0.00606171230155424,0.00808228306873899),.UNSPECIFIED.);
#2927=B_SPLINE_CURVE_WITH_KNOTS('',3,(#5282,#5283,#5284,#5285,#5286,#5287,
#5288,#5289,#5290,#5291,#5292),.UNSPECIFIED.,.F.,.F.,(4,1,1,1,1,1,1,1,4),
(1.93947980722443E-18,0.00210049649644331,0.00420099299288661,0.00630148948932992,
0.00840198598577323,0.0105024824822165,0.0126029789786598,0.0147034754751031,
0.0168039719715464),.UNSPECIFIED.);
#2928=B_SPLINE_CURVE_WITH_KNOTS('',3,(#5293,#5294,#5295,#5296,#5297,#5298,
#5299,#5300,#5301,#5302,#5303),.UNSPECIFIED.,.T.,.F.,(1,1,1,1,1,1,1,1,1,
1,1,1,1,1,1),(-0.00469811189401211,-0.00313207459600807,-0.00156603729800404,
0.,0.00156603729800404,0.00313207459600807,0.00469811189401211,0.00626414919201615,
0.00783018649002018,0.00939622378802422,0.0109622610860283,0.0125282983840323,
0.0140943356820363,0.0156603729800404,0.0172264102780444),.UNSPECIFIED.);
#2929=B_SPLINE_CURVE_WITH_KNOTS('',3,(#5305,#5306,#5307,#5308,#5309,#5310,
#5311,#5312,#5313,#5314,#5315),.UNSPECIFIED.,.T.,.F.,(1,1,1,1,1,1,1,1,1,
1,1,1,1,1,1),(-0.00469811189401211,-0.00313207459600807,-0.00156603729800404,
1.47659352424708E-20,0.00156603729800404,0.00313207459600807,0.00469811189401211,
0.00626414919201614,0.00783018649002018,0.00939622378802422,0.0109622610860283,
0.0125282983840323,0.0140943356820363,0.0156603729800404,0.0172264102780444),
 .UNSPECIFIED.);
#2930=B_SPLINE_CURVE_WITH_KNOTS('',3,(#5320,#5321,#5322,#5323),
 .UNSPECIFIED.,.F.,.F.,(4,4),(0.0173111701752804,0.0222638616798907),
 .UNSPECIFIED.);
#2931=B_SPLINE_CURVE_WITH_KNOTS('',3,(#5325,#5326,#5327,#5328,#5329,#5330),
 .UNSPECIFIED.,.F.,.F.,(4,1,1,4),(0.,0.00107578068253659,0.00215156136507317,
0.00430312273014634),.UNSPECIFIED.);
#2932=B_SPLINE_CURVE_WITH_KNOTS('',3,(#5334,#5335,#5336,#5337,#5338,#5339),
 .UNSPECIFIED.,.F.,.F.,(4,1,1,4),(0.,0.00214158090435839,0.00321237135653758,
0.00428316180871677),.UNSPECIFIED.);
#2933=B_SPLINE_CURVE_WITH_KNOTS('',3,(#5343,#5344,#5345,#5346,#5347,#5348),
 .UNSPECIFIED.,.F.,.F.,(4,1,1,4),(0.,0.00107578068253659,0.00215156136507318,
0.00430312273014635),.UNSPECIFIED.);
#2934=B_SPLINE_CURVE_WITH_KNOTS('',3,(#5352,#5353,#5354,#5355,#5356,#5357),
 .UNSPECIFIED.,.F.,.F.,(4,1,1,4),(0.,0.00214158090435844,0.00321237135653766,
0.00428316180871688),.UNSPECIFIED.);
#2935=B_SPLINE_CURVE_WITH_KNOTS('',3,(#5359,#5360,#5361,#5362),
 .UNSPECIFIED.,.F.,.F.,(4,4),(-0.00210598327221334,0.00290047743101169),
 .UNSPECIFIED.);
#2936=B_SPLINE_CURVE_WITH_KNOTS('',3,(#5364,#5365,#5366,#5367,#5368,#5369),
 .UNSPECIFIED.,.F.,.F.,(4,1,1,4),(0.,0.00107578068253656,0.00215156136507312,
0.00430312273014623),.UNSPECIFIED.);
#2937=B_SPLINE_CURVE_WITH_KNOTS('',3,(#5373,#5374,#5375,#5376,#5377,#5378),
 .UNSPECIFIED.,.F.,.F.,(4,1,1,4),(0.,0.00214158090435839,0.00321237135653759,
0.00428316180871678),.UNSPECIFIED.);
#2938=B_SPLINE_CURVE_WITH_KNOTS('',3,(#5380,#5381,#5382,#5383),
 .UNSPECIFIED.,.F.,.F.,(4,4),(-0.00210598327221344,0.00290047743102083),
 .UNSPECIFIED.);
#2939=B_SPLINE_CURVE_WITH_KNOTS('',3,(#5387,#5388,#5389,#5390),
 .UNSPECIFIED.,.F.,.F.,(4,4),(0.0173111701752804,0.0222638616798906),
 .UNSPECIFIED.);
#2940=B_SPLINE_CURVE_WITH_KNOTS('',3,(#5393,#5394,#5395,#5396,#5397,#5398),
 .UNSPECIFIED.,.F.,.F.,(4,1,1,4),(0.,0.0010757806825366,0.00215156136507319,
0.00430312273014638),.UNSPECIFIED.);
#2941=B_SPLINE_CURVE_WITH_KNOTS('',3,(#5402,#5403,#5404,#5405,#5406,#5407),
 .UNSPECIFIED.,.F.,.F.,(4,1,1,4),(0.,0.00214158090435841,0.00321237135653762,
0.00428316180871682),.UNSPECIFIED.);
#2942=B_SPLINE_CURVE_WITH_KNOTS('',3,(#5414,#5415,#5416,#5417),
 .UNSPECIFIED.,.F.,.F.,(4,4),(1.17380561341122E-6,0.00269308200853521),
 .UNSPECIFIED.);
#2943=B_SPLINE_CURVE_WITH_KNOTS('',3,(#5432,#5433,#5434,#5435),
 .UNSPECIFIED.,.F.,.F.,(4,4),(0.00185883476597661,0.00455343276472106),
 .UNSPECIFIED.);
#2944=B_SPLINE_CURVE_WITH_KNOTS('',3,(#5450,#5451,#5452,#5453),
 .UNSPECIFIED.,.F.,.F.,(4,4),(0.0173432107264767,0.0223232906387888),
 .UNSPECIFIED.);
#2945=B_SPLINE_CURVE_WITH_KNOTS('',3,(#5455,#5456,#5457,#5458,#5459,#5460,
#5461),.UNSPECIFIED.,.F.,.F.,(4,1,1,1,4),(0.,0.00123070794466711,0.00246141588933422,
0.00369212383400133,0.00492283177866844),.UNSPECIFIED.);
#2946=B_SPLINE_CURVE_WITH_KNOTS('',3,(#5465,#5466,#5467,#5468,#5469,#5470,
#5471),.UNSPECIFIED.,.F.,.F.,(4,1,1,1,4),(0.,0.00121672897499919,0.00243345794999839,
0.00365018692499758,0.00486691589999677),.UNSPECIFIED.);
#2947=B_SPLINE_CURVE_WITH_KNOTS('',3,(#5473,#5474,#5475,#5476),
 .UNSPECIFIED.,.F.,.F.,(4,4),(-0.00208193353395626,0.00285014628020092),
 .UNSPECIFIED.);
#2948=B_SPLINE_CURVE_WITH_KNOTS('',3,(#5481,#5482,#5483,#5484),
 .UNSPECIFIED.,.F.,.F.,(4,4),(0.0173432107264676,0.0223232906387889),
 .UNSPECIFIED.);
#2949=B_SPLINE_CURVE_WITH_KNOTS('',3,(#5486,#5487,#5488,#5489,#5490,#5491,
#5492),.UNSPECIFIED.,.F.,.F.,(4,1,1,1,4),(0.,0.00123070794466712,0.00246141588933423,
0.00369212383400135,0.00492283177866847),.UNSPECIFIED.);
#2950=B_SPLINE_CURVE_WITH_KNOTS('',3,(#5496,#5497,#5498,#5499,#5500,#5501,
#5502),.UNSPECIFIED.,.F.,.F.,(4,1,1,1,4),(6.2546344413855E-18,0.00121672897499921,
0.00243345794999841,0.00365018692499761,0.00486691589999681),
 .UNSPECIFIED.);
#2951=B_SPLINE_CURVE_WITH_KNOTS('',3,(#5504,#5505,#5506,#5507),
 .UNSPECIFIED.,.F.,.F.,(4,4),(-0.00208193353395624,0.00285014628020092),
 .UNSPECIFIED.);
#2952=B_SPLINE_CURVE_WITH_KNOTS('',3,(#5558,#5559,#5560,#5561),
 .UNSPECIFIED.,.F.,.F.,(4,4),(0.0173111701752806,0.022263861679891),
 .UNSPECIFIED.);
#2953=B_SPLINE_CURVE_WITH_KNOTS('',3,(#5563,#5564,#5565,#5566,#5567,#5568),
 .UNSPECIFIED.,.F.,.F.,(4,1,1,4),(0.,0.00107578068253657,0.00215156136507314,
0.00430312273014628),.UNSPECIFIED.);
#2954=B_SPLINE_CURVE_WITH_KNOTS('',3,(#5572,#5573,#5574,#5575,#5576,#5577),
 .UNSPECIFIED.,.F.,.F.,(4,1,1,4),(0.,0.00214158090435838,0.00321237135653758,
0.00428316180871677),.UNSPECIFIED.);
#2955=B_SPLINE_CURVE_WITH_KNOTS('',3,(#5579,#5580,#5581,#5582),
 .UNSPECIFIED.,.F.,.F.,(4,4),(-0.00210598327221344,0.00290047743102083),
 .UNSPECIFIED.);
#2956=B_SPLINE_CURVE_WITH_KNOTS('',3,(#5587,#5588,#5589,#5590),
 .UNSPECIFIED.,.F.,.F.,(4,4),(0.0173111701752808,0.0222638616798913),
 .UNSPECIFIED.);
#2957=B_SPLINE_CURVE_WITH_KNOTS('',3,(#5592,#5593,#5594,#5595,#5596,#5597),
 .UNSPECIFIED.,.F.,.F.,(4,1,1,4),(0.,0.00107578068253658,0.00215156136507316,
0.00430312273014632),.UNSPECIFIED.);
#2958=B_SPLINE_CURVE_WITH_KNOTS('',3,(#5601,#5602,#5603,#5604,#5605,#5606),
 .UNSPECIFIED.,.F.,.F.,(4,1,1,4),(0.,0.00214158090435841,0.00321237135653762,
0.00428316180871683),.UNSPECIFIED.);
#2959=B_SPLINE_CURVE_WITH_KNOTS('',3,(#5608,#5609,#5610,#5611),
 .UNSPECIFIED.,.F.,.F.,(4,4),(-0.00210598327221342,0.00290047743100989),
 .UNSPECIFIED.);
#2960=B_SPLINE_CURVE_WITH_KNOTS('',3,(#5635,#5636,#5637,#5638),
 .UNSPECIFIED.,.F.,.F.,(4,4),(0.0173111701752802,0.0222638616798903),
 .UNSPECIFIED.);
#2961=B_SPLINE_CURVE_WITH_KNOTS('',3,(#5641,#5642,#5643,#5644,#5645,#5646),
 .UNSPECIFIED.,.F.,.F.,(4,1,1,4),(0.,0.00107578068253657,0.00215156136507314,
0.00430312273014628),.UNSPECIFIED.);
#2962=B_SPLINE_CURVE_WITH_KNOTS('',3,(#5650,#5651,#5652,#5653,#5654,#5655),
 .UNSPECIFIED.,.F.,.F.,(4,1,1,4),(0.,0.00214158090435839,0.00321237135653758,
0.00428316180871677),.UNSPECIFIED.);
#2963=B_SPLINE_CURVE_WITH_KNOTS('',3,(#5657,#5658,#5659,#5660),
 .UNSPECIFIED.,.F.,.F.,(4,4),(-0.00210598327221341,0.00290047743100989),
 .UNSPECIFIED.);
#2964=B_SPLINE_CURVE_WITH_KNOTS('',3,(#5664,#5665,#5666,#5667),
 .UNSPECIFIED.,.F.,.F.,(4,4),(0.0173111701752799,0.0222638616798897),
 .UNSPECIFIED.);
#2965=B_SPLINE_CURVE_WITH_KNOTS('',3,(#5670,#5671,#5672,#5673,#5674,#5675),
 .UNSPECIFIED.,.F.,.F.,(4,1,1,4),(0.,0.00107578068253658,0.00215156136507316,
0.00430312273014632),.UNSPECIFIED.);
#2966=B_SPLINE_CURVE_WITH_KNOTS('',3,(#5679,#5680,#5681,#5682,#5683,#5684),
 .UNSPECIFIED.,.F.,.F.,(4,1,1,4),(0.,0.00214158090435839,0.00321237135653759,
0.00428316180871678),.UNSPECIFIED.);
#2967=B_SPLINE_CURVE_WITH_KNOTS('',3,(#5686,#5687,#5688,#5689),
 .UNSPECIFIED.,.F.,.F.,(4,4),(-0.00210598327221343,0.00290047743102082),
 .UNSPECIFIED.);
#2968=B_SPLINE_CURVE_WITH_KNOTS('',3,(#5695,#5696,#5697,#5698),
 .UNSPECIFIED.,.F.,.F.,(4,4),(0.00242920881867299,0.00510282648662261),
 .UNSPECIFIED.);
#2969=B_SPLINE_CURVE_WITH_KNOTS('',3,(#5703,#5704,#5705,#5706),
 .UNSPECIFIED.,.F.,.F.,(4,4),(0.00438513546196521,0.00707162467428653),
 .UNSPECIFIED.);
#2970=B_SPLINE_CURVE_WITH_KNOTS('',3,(#5712,#5713,#5714,#5715),
 .UNSPECIFIED.,.F.,.F.,(4,4),(0.00438284172506506,0.00706932619043768),
 .UNSPECIFIED.);
#2971=B_SPLINE_CURVE_WITH_KNOTS('',3,(#5720,#5721,#5722,#5723),
 .UNSPECIFIED.,.F.,.F.,(4,4),(0.00242920881867286,0.00510282648662251),
 .UNSPECIFIED.);
#2972=B_SPLINE_CURVE_WITH_KNOTS('',3,(#5851,#5852,#5853,#5854),
 .UNSPECIFIED.,.F.,.F.,(4,4),(0.0173432107264677,0.0223232906387889),
 .UNSPECIFIED.);
#2973=B_SPLINE_CURVE_WITH_KNOTS('',3,(#5925,#5926,#5927,#5928),
 .UNSPECIFIED.,.F.,.F.,(4,4),(4.9065389333868E-17,0.00057371624253202),
 .UNSPECIFIED.);
#2974=B_SPLINE_CURVE_WITH_KNOTS('',3,(#5959,#5960,#5961,#5962,#5963,#5964,
#5965,#5966,#5967,#5968,#5969),.UNSPECIFIED.,.T.,.F.,(1,1,1,1,1,1,1,1,1,
1,1,1,1,1,1),(-0.00470084325515429,-0.00313389550343619,-0.0015669477517181,
0.,0.0015669477517181,0.0031338955034362,0.00470084325515429,0.00626779100687239,
0.00783473875859049,0.00940168651030859,0.0109686342620267,0.0125355820137448,
0.0141025297654629,0.015669477517181,0.0172364252688991),.UNSPECIFIED.);
#2975=B_SPLINE_CURVE_WITH_KNOTS('',3,(#5971,#5972,#5973,#5974,#5975,#5976,
#5977,#5978,#5979,#5980,#5981),.UNSPECIFIED.,.T.,.F.,(1,1,1,1,1,1,1,1,1,
1,1,1,1,1,1),(-0.00470113246198178,-0.00313408830798785,-0.00156704415399393,
0.,0.00156704415399393,0.00313408830798785,0.00470113246198178,0.0062681766159757,
0.00783522076996962,0.00940226492396355,0.0109693090779575,0.0125363532319514,
0.0141033973859453,0.0156704415399392,0.0172374856939332),.UNSPECIFIED.);
#2976=B_SPLINE_CURVE_WITH_KNOTS('',3,(#5989,#5990,#5991,#5992,#5993,#5994,
#5995,#5996,#5997,#5998,#5999),.UNSPECIFIED.,.F.,.F.,(4,1,1,1,1,1,1,1,4),
(0.,0.00210381408901036,0.00420762817802071,0.00631144226703107,0.00841525635604142,
0.0105190704450518,0.0126228845340621,0.0147266986230725,0.0168305127120828),
 .UNSPECIFIED.);
#2977=B_SPLINE_CURVE_WITH_KNOTS('',3,(#6025,#6026,#6027,#6028),
 .UNSPECIFIED.,.F.,.F.,(4,4),(-0.00208193353395659,0.00285014628020096),
 .UNSPECIFIED.);
#2978=B_SPLINE_CURVE_WITH_KNOTS('',3,(#6036,#6037,#6038,#6039),
 .UNSPECIFIED.,.F.,.F.,(4,4),(0.0173432107264673,0.0223232906387883),
 .UNSPECIFIED.);
#2979=B_SPLINE_CURVE_WITH_KNOTS('',3,(#6061,#6062,#6063,#6064),
 .UNSPECIFIED.,.F.,.F.,(4,4),(-0.00208193353395624,0.00285014628020092),
 .UNSPECIFIED.);
#2980=B_SPLINE_CURVE_WITH_KNOTS('',3,(#6082,#6083,#6084,#6085),
 .UNSPECIFIED.,.F.,.F.,(4,4),(0.,0.000573639139294991),.UNSPECIFIED.);
#2981=B_SPLINE_CURVE_WITH_KNOTS('',3,(#6107,#6108,#6109,#6110),
 .UNSPECIFIED.,.F.,.F.,(4,4),(0.179533213644527,0.820466786355478),
 .UNSPECIFIED.);
#2982=B_SPLINE_CURVE_WITH_KNOTS('',3,(#6340,#6341,#6342,#6343,#6344,#6345,
#6346,#6347,#6348,#6349,#6350),.UNSPECIFIED.,.T.,.F.,(1,1,1,1,1,1,1,1,1,
1,1,1,1,1,1),(-0.0047008730566636,-0.00313391537110906,-0.00156695768555453,
0.,0.00156695768555453,0.00313391537110906,0.00470087305666359,0.00626783074221813,
0.00783478842777266,0.00940174611332719,0.0109687037988817,0.0125356614844363,
0.0141026191699908,0.0156695768555453,0.0172365345410998),.UNSPECIFIED.);
#2983=B_SPLINE_CURVE_WITH_KNOTS('',3,(#6352,#6353,#6354,#6355,#6356,#6357,
#6358,#6359,#6360,#6361,#6362),.UNSPECIFIED.,.T.,.F.,(1,1,1,1,1,1,1,1,1,
1,1,1,1,1,1),(-0.00470141786434018,-0.00313427857622679,-0.00156713928811339,
0.,0.00156713928811339,0.00313427857622679,0.00470141786434018,0.00626855715245357,
0.00783569644056696,0.00940283572868036,0.0109699750167937,0.0125371143049071,
0.0141042535930205,0.0156713928811339,0.0172385321692473),.UNSPECIFIED.);
#2984=B_SPLINE_CURVE_WITH_KNOTS('',3,(#6366,#6367,#6368,#6369,#6370,#6371,
#6372,#6373,#6374,#6375,#6376),.UNSPECIFIED.,.F.,.F.,(4,1,1,1,1,1,1,1,4),
(2.88424270326445E-17,0.00215159338620209,0.00430318677240416,0.00645478015860622,
0.00860637354480828,0.0107579669310103,0.0129095603172124,0.0150611537034145,
0.0172127470896165),.UNSPECIFIED.);
#2985=B_SPLINE_CURVE_WITH_KNOTS('',3,(#6434,#6435,#6436,#6437,#6438,#6439,
#6440),.UNSPECIFIED.,.F.,.F.,(4,1,1,1,4),(0.,0.00123070794466711,0.00246141588933423,
0.00369212383400134,0.00492283177866846),.UNSPECIFIED.);
#2986=B_SPLINE_CURVE_WITH_KNOTS('',3,(#6441,#6442,#6443,#6444,#6445,#6446,
#6447),.UNSPECIFIED.,.F.,.F.,(4,1,1,1,4),(0.,0.00121672897499921,0.00243345794999841,
0.00365018692499762,0.00486691589999683),.UNSPECIFIED.);
#2987=B_SPLINE_CURVE_WITH_KNOTS('',3,(#6449,#6450,#6451,#6452,#6453,#6454,
#6455),.UNSPECIFIED.,.F.,.F.,(4,1,1,1,4),(0.,0.0012307079446671,0.00246141588933421,
0.00369212383400131,0.00492283177866842),.UNSPECIFIED.);
#2988=B_SPLINE_CURVE_WITH_KNOTS('',3,(#6456,#6457,#6458,#6459,#6460,#6461,
#6462),.UNSPECIFIED.,.F.,.F.,(4,1,1,1,4),(0.,0.00121672897499926,0.00243345794999851,
0.00365018692499777,0.00486691589999703),.UNSPECIFIED.);
#2989=B_SPLINE_CURVE_WITH_KNOTS('',3,(#6502,#6503,#6504,#6505),
 .UNSPECIFIED.,.F.,.F.,(4,4),(0.,0.00106765027868398),.UNSPECIFIED.);
#2990=B_SPLINE_CURVE_WITH_KNOTS('',3,(#6518,#6519,#6520,#6521,#6522),
 .UNSPECIFIED.,.F.,.F.,(4,1,4),(0.,0.00169035331655991,0.00338070663311983),
 .UNSPECIFIED.);
#2991=B_SPLINE_CURVE_WITH_KNOTS('',3,(#6541,#6542,#6543,#6544),
 .UNSPECIFIED.,.F.,.F.,(4,4),(1.93947980722443E-17,0.00239214734134048),
 .UNSPECIFIED.);
#2992=B_SPLINE_CURVE_WITH_KNOTS('',3,(#6553,#6554,#6555,#6556,#6557),
 .UNSPECIFIED.,.F.,.F.,(4,1,4),(0.,0.00176534435702012,0.00353068871404024),
 .UNSPECIFIED.);
#2993=B_SPLINE_CURVE_WITH_KNOTS('',3,(#6561,#6562,#6563,#6564,#6565),
 .UNSPECIFIED.,.F.,.F.,(4,1,4),(0.,0.00173724798801024,0.00347449597602048),
 .UNSPECIFIED.);
#2994=B_SPLINE_CURVE_WITH_KNOTS('',3,(#6567,#6568,#6569,#6570),
 .UNSPECIFIED.,.F.,.F.,(4,4),(0.,0.00352347235657457),.UNSPECIFIED.);
#2995=B_SPLINE_CURVE_WITH_KNOTS('',3,(#6574,#6575,#6576,#6577),
 .UNSPECIFIED.,.F.,.F.,(4,4),(0.,0.00345619646713351),.UNSPECIFIED.);
#2996=B_SPLINE_CURVE_WITH_KNOTS('',3,(#6593,#6594,#6595,#6596),
 .UNSPECIFIED.,.F.,.F.,(4,4),(0.,5.69933502183877E-5),.UNSPECIFIED.);
#2997=EDGE_LOOP('',(#884,#885,#886,#887,#888,#889,#890,#891,#892,#893,#894,
#895,#896,#897,#898,#899,#900,#901,#902,#903,#904,#905,#906,#907,#908));
#2998=EDGE_LOOP('',(#909,#910,#911,#912,#913));
#2999=EDGE_LOOP('',(#914,#915,#916,#917,#918,#919));
#3000=EDGE_LOOP('',(#920,#921,#922,#923));
#3001=EDGE_LOOP('',(#924));
#3002=EDGE_LOOP('',(#925));
#3003=EDGE_LOOP('',(#926,#927,#928,#929,#930,#931));
#3004=EDGE_LOOP('',(#932,#933,#934,#935,#936,#937));
#3005=EDGE_LOOP('',(#938,#939,#940,#941,#942,#943));
#3006=EDGE_LOOP('',(#944,#945,#946,#947,#948,#949));
#3007=EDGE_LOOP('',(#950));
#3008=EDGE_LOOP('',(#951,#952,#953,#954));
#3009=EDGE_LOOP('',(#955,#956,#957,#958,#959,#960,#961,#962,#963,#964));
#3010=EDGE_LOOP('',(#965));
#3011=EDGE_LOOP('',(#966,#967,#968,#969));
#3012=EDGE_LOOP('',(#970,#971,#972,#973));
#3013=EDGE_LOOP('',(#974,#975,#976,#977));
#3014=EDGE_LOOP('',(#978,#979,#980,#981,#982,#983));
#3015=EDGE_LOOP('',(#984,#985,#986,#987,#988,#989));
#3016=EDGE_LOOP('',(#990,#991,#992,#993));
#3017=EDGE_LOOP('',(#994,#995,#996,#997));
#3018=EDGE_LOOP('',(#998,#999,#1000,#1001));
#3019=EDGE_LOOP('',(#1002,#1003,#1004,#1005));
#3020=EDGE_LOOP('',(#1006,#1007,#1008,#1009,#1010,#1011,#1012,#1013,#1014,
#1015,#1016,#1017));
#3021=EDGE_LOOP('',(#1018,#1019,#1020,#1021,#1022,#1023));
#3022=EDGE_LOOP('',(#1024,#1025,#1026,#1027,#1028,#1029));
#3023=EDGE_LOOP('',(#1030,#1031,#1032,#1033,#1034));
#3024=EDGE_LOOP('',(#1035,#1036,#1037,#1038,#1039));
#3025=EDGE_LOOP('',(#1040,#1041,#1042,#1043,#1044,#1045));
#3026=EDGE_LOOP('',(#1046,#1047,#1048,#1049,#1050,#1051));
#3027=EDGE_LOOP('',(#1052));
#3028=EDGE_LOOP('',(#1053,#1054,#1055,#1056));
#3029=EDGE_LOOP('',(#1057));
#3030=EDGE_LOOP('',(#1058,#1059,#1060,#1061));
#3031=EDGE_LOOP('',(#1062,#1063,#1064,#1065,#1066,#1067,#1068,#1069,#1070,
#1071,#1072,#1073,#1074,#1075,#1076,#1077,#1078,#1079,#1080,#1081));
#3032=EDGE_LOOP('',(#1082,#1083,#1084,#1085));
#3033=EDGE_LOOP('',(#1086,#1087,#1088,#1089));
#3034=EDGE_LOOP('',(#1090,#1091,#1092,#1093));
#3035=EDGE_LOOP('',(#1094,#1095,#1096,#1097));
#3036=EDGE_LOOP('',(#1098,#1099,#1100,#1101,#1102,#1103,#1104,#1105,#1106,
#1107,#1108,#1109));
#3037=EDGE_LOOP('',(#1110,#1111,#1112,#1113,#1114,#1115,#1116,#1117));
#3038=EDGE_LOOP('',(#1118,#1119,#1120,#1121));
#3039=EDGE_LOOP('',(#1122,#1123,#1124,#1125,#1126,#1127,#1128,#1129,#1130,
#1131,#1132,#1133));
#3040=EDGE_LOOP('',(#1134,#1135,#1136,#1137,#1138,#1139));
#3041=EDGE_LOOP('',(#1140,#1141,#1142,#1143,#1144,#1145,#1146,#1147,#1148,
#1149,#1150,#1151,#1152));
#3042=EDGE_LOOP('',(#1153,#1154,#1155,#1156,#1157,#1158));
#3043=EDGE_LOOP('',(#1159,#1160,#1161,#1162,#1163,#1164,#1165,#1166,#1167,
#1168,#1169,#1170,#1171,#1172));
#3044=EDGE_LOOP('',(#1173,#1174,#1175,#1176,#1177,#1178,#1179,#1180));
#3045=EDGE_LOOP('',(#1181,#1182,#1183,#1184,#1185,#1186));
#3046=EDGE_LOOP('',(#1187,#1188,#1189,#1190,#1191,#1192,#1193));
#3047=EDGE_LOOP('',(#1194,#1195,#1196,#1197));
#3048=EDGE_LOOP('',(#1198,#1199,#1200,#1201,#1202,#1203,#1204,#1205,#1206,
#1207,#1208,#1209));
#3049=EDGE_LOOP('',(#1210));
#3050=EDGE_LOOP('',(#1211));
#3051=EDGE_LOOP('',(#1212));
#3052=EDGE_LOOP('',(#1213,#1214,#1215,#1216));
#3053=EDGE_LOOP('',(#1217,#1218,#1219,#1220));
#3054=EDGE_LOOP('',(#1221,#1222,#1223,#1224,#1225,#1226,#1227,#1228,#1229,
#1230,#1231,#1232,#1233,#1234,#1235,#1236));
#3055=EDGE_LOOP('',(#1237,#1238,#1239,#1240));
#3056=EDGE_LOOP('',(#1241,#1242,#1243,#1244,#1245,#1246,#1247,#1248,#1249,
#1250,#1251,#1252,#1253,#1254));
#3057=EDGE_LOOP('',(#1255,#1256,#1257,#1258));
#3058=EDGE_LOOP('',(#1259,#1260,#1261,#1262,#1263,#1264,#1265,#1266,#1267,
#1268,#1269));
#3059=EDGE_LOOP('',(#1270,#1271,#1272,#1273));
#3060=EDGE_LOOP('',(#1274,#1275,#1276,#1277));
#3061=EDGE_LOOP('',(#1278,#1279,#1280,#1281,#1282,#1283,#1284));
#3062=EDGE_LOOP('',(#1285,#1286,#1287,#1288));
#3063=EDGE_LOOP('',(#1289));
#3064=EDGE_LOOP('',(#1290,#1291,#1292,#1293,#1294));
#3065=EDGE_LOOP('',(#1295,#1296,#1297,#1298));
#3066=EDGE_LOOP('',(#1299,#1300,#1301,#1302,#1303));
#3067=EDGE_LOOP('',(#1304));
#3068=EDGE_LOOP('',(#1305));
#3069=EDGE_LOOP('',(#1306,#1307,#1308,#1309,#1310));
#3070=EDGE_LOOP('',(#1311,#1312,#1313,#1314));
#3071=EDGE_LOOP('',(#1315,#1316,#1317,#1318,#1319));
#3072=EDGE_LOOP('',(#1320,#1321,#1322,#1323,#1324));
#3073=EDGE_LOOP('',(#1325,#1326,#1327,#1328,#1329,#1330));
#3074=EDGE_LOOP('',(#1331,#1332,#1333,#1334,#1335,#1336));
#3075=EDGE_LOOP('',(#1337,#1338,#1339,#1340,#1341));
#3076=EDGE_LOOP('',(#1342,#1343,#1344,#1345,#1346,#1347));
#3077=EDGE_LOOP('',(#1348,#1349,#1350,#1351,#1352,#1353));
#3078=EDGE_LOOP('',(#1354,#1355,#1356,#1357,#1358,#1359));
#3079=EDGE_LOOP('',(#1360,#1361,#1362,#1363,#1364,#1365));
#3080=EDGE_LOOP('',(#1366,#1367,#1368,#1369,#1370,#1371));
#3081=EDGE_LOOP('',(#1372,#1373,#1374,#1375,#1376,#1377));
#3082=EDGE_LOOP('',(#1378,#1379,#1380,#1381,#1382,#1383));
#3083=EDGE_LOOP('',(#1384,#1385,#1386,#1387,#1388,#1389));
#3084=EDGE_LOOP('',(#1390,#1391,#1392,#1393,#1394,#1395));
#3085=EDGE_LOOP('',(#1396,#1397,#1398,#1399,#1400));
#3086=EDGE_LOOP('',(#1401,#1402,#1403,#1404,#1405,#1406));
#3087=EDGE_LOOP('',(#1407,#1408,#1409,#1410,#1411,#1412));
#3088=EDGE_LOOP('',(#1413,#1414,#1415,#1416,#1417,#1418));
#3089=EDGE_LOOP('',(#1419,#1420,#1421,#1422,#1423));
#3090=EDGE_LOOP('',(#1424,#1425,#1426,#1427,#1428,#1429,#1430,#1431));
#3091=EDGE_LOOP('',(#1432,#1433,#1434,#1435,#1436));
#3092=EDGE_LOOP('',(#1437,#1438,#1439,#1440,#1441,#1442));
#3093=EDGE_LOOP('',(#1443,#1444,#1445,#1446,#1447));
#3094=EDGE_LOOP('',(#1448));
#3095=EDGE_LOOP('',(#1449,#1450,#1451,#1452));
#3096=EDGE_LOOP('',(#1453));
#3097=EDGE_LOOP('',(#1454));
#3098=EDGE_LOOP('',(#1455,#1456,#1457,#1458));
#3099=EDGE_LOOP('',(#1459,#1460,#1461,#1462,#1463,#1464,#1465,#1466,#1467,
#1468));
#3100=EDGE_LOOP('',(#1469,#1470,#1471,#1472,#1473));
#3101=EDGE_LOOP('',(#1474,#1475,#1476,#1477,#1478,#1479,#1480,#1481,#1482,
#1483));
#3102=EDGE_LOOP('',(#1484,#1485,#1486,#1487,#1488,#1489));
#3103=EDGE_LOOP('',(#1490,#1491,#1492,#1493,#1494));
#3104=EDGE_LOOP('',(#1495,#1496,#1497,#1498,#1499,#1500,#1501,#1502,#1503,
#1504,#1505,#1506,#1507,#1508,#1509,#1510));
#3105=EDGE_LOOP('',(#1511,#1512,#1513,#1514,#1515,#1516));
#3106=EDGE_LOOP('',(#1517));
#3107=EDGE_LOOP('',(#1518));
#3108=EDGE_LOOP('',(#1519,#1520,#1521,#1522));
#3109=EDGE_LOOP('',(#1523));
#3110=EDGE_LOOP('',(#1524));
#3111=EDGE_LOOP('',(#1525,#1526,#1527,#1528,#1529));
#3112=EDGE_LOOP('',(#1530,#1531,#1532,#1533,#1534));
#3113=EDGE_LOOP('',(#1535,#1536,#1537,#1538));
#3114=EDGE_LOOP('',(#1539,#1540,#1541,#1542));
#3115=EDGE_LOOP('',(#1543));
#3116=EDGE_LOOP('',(#1544));
#3117=EDGE_LOOP('',(#1545,#1546,#1547,#1548));
#3118=EDGE_LOOP('',(#1549));
#3119=EDGE_LOOP('',(#1550));
#3120=EDGE_LOOP('',(#1551,#1552,#1553,#1554,#1555,#1556));
#3121=EDGE_LOOP('',(#1557,#1558,#1559,#1560,#1561,#1562));
#3122=EDGE_LOOP('',(#1563,#1564,#1565,#1566,#1567,#1568));
#3123=EDGE_LOOP('',(#1569,#1570,#1571,#1572,#1573,#1574));
#3124=EDGE_LOOP('',(#1575,#1576,#1577,#1578,#1579,#1580));
#3125=EDGE_LOOP('',(#1581,#1582,#1583,#1584,#1585,#1586));
#3126=EDGE_LOOP('',(#1587,#1588,#1589,#1590,#1591,#1592));
#3127=EDGE_LOOP('',(#1593));
#3128=EDGE_LOOP('',(#1594,#1595,#1596,#1597));
#3129=EDGE_LOOP('',(#1598));
#3130=EDGE_LOOP('',(#1599));
#3131=EDGE_LOOP('',(#1600,#1601,#1602,#1603));
#3132=EDGE_LOOP('',(#1604));
#3133=EDGE_LOOP('',(#1605));
#3134=EDGE_LOOP('',(#1606,#1607,#1608,#1609,#1610,#1611));
#3135=EDGE_LOOP('',(#1612,#1613,#1614,#1615,#1616,#1617));
#3136=EDGE_LOOP('',(#1618));
#3137=EDGE_LOOP('',(#1619));
#3138=EDGE_LOOP('',(#1620,#1621,#1622,#1623));
#3139=EDGE_LOOP('',(#1624,#1625,#1626,#1627));
#3140=EDGE_LOOP('',(#1628,#1629,#1630,#1631));
#3141=EDGE_LOOP('',(#1632));
#3142=EDGE_LOOP('',(#1633));
#3143=EDGE_LOOP('',(#1634,#1635,#1636,#1637));
#3144=EDGE_LOOP('',(#1638,#1639,#1640,#1641));
#3145=EDGE_LOOP('',(#1642,#1643,#1644,#1645));
#3146=EDGE_LOOP('',(#1646,#1647,#1648,#1649));
#3147=EDGE_LOOP('',(#1650,#1651,#1652,#1653));
#3148=EDGE_LOOP('',(#1654,#1655,#1656,#1657));
#3149=EDGE_LOOP('',(#1658,#1659,#1660,#1661,#1662,#1663));
#3150=EDGE_LOOP('',(#1664,#1665,#1666,#1667,#1668,#1669,#1670));
#3151=EDGE_LOOP('',(#1671,#1672,#1673,#1674));
#3152=EDGE_LOOP('',(#1675,#1676,#1677,#1678));
#3153=EDGE_LOOP('',(#1679,#1680,#1681,#1682,#1683));
#3154=EDGE_LOOP('',(#1684,#1685,#1686,#1687,#1688));
#3155=EDGE_LOOP('',(#1689,#1690,#1691,#1692,#1693));
#3156=EDGE_LOOP('',(#1694,#1695,#1696,#1697,#1698));
#3157=EDGE_LOOP('',(#1699,#1700,#1701,#1702,#1703));
#3158=EDGE_LOOP('',(#1704,#1705,#1706,#1707,#1708));
#3159=EDGE_LOOP('',(#1709,#1710,#1711,#1712,#1713));
#3160=EDGE_LOOP('',(#1714,#1715,#1716,#1717,#1718));
#3161=EDGE_LOOP('',(#1719,#1720,#1721,#1722,#1723));
#3162=EDGE_LOOP('',(#1724,#1725,#1726,#1727,#1728,#1729));
#3163=EDGE_LOOP('',(#1730,#1731,#1732,#1733,#1734,#1735));
#3164=EDGE_LOOP('',(#1736,#1737,#1738,#1739));
#3165=EDGE_LOOP('',(#1740,#1741,#1742,#1743,#1744));
#3166=EDGE_LOOP('',(#1745,#1746,#1747,#1748,#1749));
#3167=EDGE_LOOP('',(#1750,#1751,#1752,#1753,#1754));
#3168=EDGE_LOOP('',(#1755,#1756,#1757,#1758,#1759));
#3169=EDGE_LOOP('',(#1760,#1761,#1762,#1763,#1764));
#3170=EDGE_LOOP('',(#1765,#1766,#1767,#1768,#1769));
#3171=EDGE_LOOP('',(#1770,#1771,#1772,#1773,#1774));
#3172=EDGE_LOOP('',(#1775,#1776,#1777,#1778,#1779));
#3173=EDGE_LOOP('',(#1780,#1781,#1782,#1783,#1784,#1785));
#3174=EDGE_LOOP('',(#1786,#1787,#1788,#1789,#1790,#1791));
#3175=EDGE_LOOP('',(#1792,#1793,#1794,#1795,#1796,#1797));
#3176=EDGE_LOOP('',(#1798,#1799,#1800,#1801,#1802,#1803));
#3177=EDGE_LOOP('',(#1804,#1805,#1806,#1807,#1808));
#3178=EDGE_LOOP('',(#1809,#1810,#1811,#1812));
#3179=EDGE_LOOP('',(#1813,#1814,#1815,#1816,#1817));
#3180=EDGE_LOOP('',(#1818,#1819,#1820,#1821,#1822));
#3181=EDGE_LOOP('',(#1823,#1824,#1825,#1826,#1827));
#3182=EDGE_LOOP('',(#1828,#1829,#1830,#1831,#1832));
#3183=EDGE_LOOP('',(#1833,#1834,#1835,#1836,#1837));
#3184=EDGE_LOOP('',(#1838,#1839,#1840,#1841,#1842));
#3185=EDGE_LOOP('',(#1843,#1844,#1845,#1846,#1847));
#3186=EDGE_LOOP('',(#1848,#1849,#1850,#1851,#1852));
#3187=EDGE_LOOP('',(#1853,#1854,#1855,#1856,#1857,#1858));
#3188=EDGE_LOOP('',(#1859,#1860,#1861,#1862));
#3189=EDGE_LOOP('',(#1863,#1864,#1865,#1866));
#3190=EDGE_LOOP('',(#1867,#1868,#1869,#1870));
#3191=EDGE_LOOP('',(#1871,#1872,#1873,#1874));
#3192=EDGE_LOOP('',(#1875,#1876,#1877,#1878));
#3193=EDGE_LOOP('',(#1879,#1880,#1881,#1882));
#3194=EDGE_LOOP('',(#1883,#1884,#1885,#1886));
#3195=EDGE_LOOP('',(#1887,#1888,#1889,#1890));
#3196=EDGE_LOOP('',(#1891,#1892,#1893,#1894));
#3197=EDGE_LOOP('',(#1895,#1896,#1897));
#3198=EDGE_LOOP('',(#1898,#1899,#1900,#1901));
#3199=EDGE_LOOP('',(#1902,#1903,#1904,#1905,#1906));
#3200=EDGE_LOOP('',(#1907,#1908,#1909,#1910));
#3201=EDGE_LOOP('',(#1911,#1912,#1913,#1914));
#3202=EDGE_LOOP('',(#1915,#1916,#1917,#1918));
#3203=EDGE_LOOP('',(#1919,#1920,#1921,#1922));
#3204=EDGE_LOOP('',(#1923,#1924,#1925));
#3205=EDGE_LOOP('',(#1926,#1927,#1928,#1929));
#3206=EDGE_LOOP('',(#1930,#1931,#1932,#1933));
#3207=EDGE_LOOP('',(#1934,#1935,#1936,#1937));
#3208=EDGE_LOOP('',(#1938,#1939,#1940,#1941));
#3209=EDGE_LOOP('',(#1942,#1943,#1944,#1945,#1946));
#3210=EDGE_LOOP('',(#1947,#1948,#1949,#1950));
#3211=EDGE_LOOP('',(#1951,#1952,#1953,#1954));
#3212=EDGE_LOOP('',(#1955,#1956,#1957,#1958,#1959));
#3213=EDGE_LOOP('',(#1960,#1961,#1962,#1963));
#3214=EDGE_LOOP('',(#1964,#1965,#1966,#1967));
#3215=EDGE_LOOP('',(#1968,#1969,#1970,#1971));
#3216=EDGE_LOOP('',(#1972,#1973,#1974,#1975));
#3217=EDGE_LOOP('',(#1976,#1977,#1978,#1979));
#3218=EDGE_LOOP('',(#1980,#1981,#1982,#1983));
#3219=EDGE_LOOP('',(#1984,#1985,#1986,#1987));
#3220=EDGE_LOOP('',(#1988,#1989,#1990,#1991));
#3221=EDGE_LOOP('',(#1992,#1993,#1994,#1995));
#3222=FACE_BOUND('',#2997,.T.);
#3223=FACE_BOUND('',#2998,.T.);
#3224=FACE_BOUND('',#2999,.T.);
#3225=FACE_BOUND('',#3000,.T.);
#3226=FACE_BOUND('',#3001,.T.);
#3227=FACE_BOUND('',#3002,.T.);
#3228=FACE_BOUND('',#3003,.T.);
#3229=FACE_BOUND('',#3004,.T.);
#3230=FACE_BOUND('',#3005,.T.);
#3231=FACE_BOUND('',#3006,.T.);
#3232=FACE_BOUND('',#3007,.T.);
#3233=FACE_BOUND('',#3008,.T.);
#3234=FACE_BOUND('',#3009,.T.);
#3235=FACE_BOUND('',#3010,.T.);
#3236=FACE_BOUND('',#3011,.T.);
#3237=FACE_BOUND('',#3012,.T.);
#3238=FACE_BOUND('',#3013,.T.);
#3239=FACE_BOUND('',#3014,.T.);
#3240=FACE_BOUND('',#3015,.T.);
#3241=FACE_BOUND('',#3016,.T.);
#3242=FACE_BOUND('',#3017,.T.);
#3243=FACE_BOUND('',#3018,.T.);
#3244=FACE_BOUND('',#3019,.T.);
#3245=FACE_BOUND('',#3020,.T.);
#3246=FACE_BOUND('',#3021,.T.);
#3247=FACE_BOUND('',#3022,.T.);
#3248=FACE_BOUND('',#3023,.T.);
#3249=FACE_BOUND('',#3024,.T.);
#3250=FACE_BOUND('',#3025,.T.);
#3251=FACE_BOUND('',#3026,.T.);
#3252=FACE_BOUND('',#3027,.T.);
#3253=FACE_BOUND('',#3028,.T.);
#3254=FACE_BOUND('',#3029,.T.);
#3255=FACE_BOUND('',#3030,.T.);
#3256=FACE_BOUND('',#3031,.T.);
#3257=FACE_BOUND('',#3032,.T.);
#3258=FACE_BOUND('',#3033,.T.);
#3259=FACE_BOUND('',#3034,.T.);
#3260=FACE_BOUND('',#3035,.T.);
#3261=FACE_BOUND('',#3036,.T.);
#3262=FACE_BOUND('',#3037,.T.);
#3263=FACE_BOUND('',#3038,.T.);
#3264=FACE_BOUND('',#3039,.T.);
#3265=FACE_BOUND('',#3040,.T.);
#3266=FACE_BOUND('',#3041,.T.);
#3267=FACE_BOUND('',#3042,.T.);
#3268=FACE_BOUND('',#3043,.T.);
#3269=FACE_BOUND('',#3044,.T.);
#3270=FACE_BOUND('',#3045,.T.);
#3271=FACE_BOUND('',#3046,.T.);
#3272=FACE_BOUND('',#3047,.T.);
#3273=FACE_BOUND('',#3048,.T.);
#3274=FACE_BOUND('',#3049,.T.);
#3275=FACE_BOUND('',#3050,.T.);
#3276=FACE_BOUND('',#3051,.T.);
#3277=FACE_BOUND('',#3052,.T.);
#3278=FACE_BOUND('',#3053,.T.);
#3279=FACE_BOUND('',#3054,.T.);
#3280=FACE_BOUND('',#3055,.T.);
#3281=FACE_BOUND('',#3056,.T.);
#3282=FACE_BOUND('',#3057,.T.);
#3283=FACE_BOUND('',#3058,.T.);
#3284=FACE_BOUND('',#3059,.T.);
#3285=FACE_BOUND('',#3060,.T.);
#3286=FACE_BOUND('',#3061,.T.);
#3287=FACE_BOUND('',#3062,.T.);
#3288=FACE_BOUND('',#3063,.T.);
#3289=FACE_BOUND('',#3064,.T.);
#3290=FACE_BOUND('',#3065,.T.);
#3291=FACE_BOUND('',#3066,.T.);
#3292=FACE_BOUND('',#3067,.T.);
#3293=FACE_BOUND('',#3068,.T.);
#3294=FACE_BOUND('',#3069,.T.);
#3295=FACE_BOUND('',#3070,.T.);
#3296=FACE_BOUND('',#3071,.T.);
#3297=FACE_BOUND('',#3072,.T.);
#3298=FACE_BOUND('',#3073,.T.);
#3299=FACE_BOUND('',#3074,.T.);
#3300=FACE_BOUND('',#3075,.T.);
#3301=FACE_BOUND('',#3076,.T.);
#3302=FACE_BOUND('',#3077,.T.);
#3303=FACE_BOUND('',#3078,.T.);
#3304=FACE_BOUND('',#3079,.T.);
#3305=FACE_BOUND('',#3080,.T.);
#3306=FACE_BOUND('',#3081,.T.);
#3307=FACE_BOUND('',#3082,.T.);
#3308=FACE_BOUND('',#3083,.T.);
#3309=FACE_BOUND('',#3084,.T.);
#3310=FACE_BOUND('',#3085,.T.);
#3311=FACE_BOUND('',#3086,.T.);
#3312=FACE_BOUND('',#3087,.T.);
#3313=FACE_BOUND('',#3088,.T.);
#3314=FACE_BOUND('',#3089,.T.);
#3315=FACE_BOUND('',#3090,.T.);
#3316=FACE_BOUND('',#3091,.T.);
#3317=FACE_BOUND('',#3092,.T.);
#3318=FACE_BOUND('',#3093,.T.);
#3319=FACE_BOUND('',#3094,.T.);
#3320=FACE_BOUND('',#3095,.T.);
#3321=FACE_BOUND('',#3096,.T.);
#3322=FACE_BOUND('',#3097,.T.);
#3323=FACE_BOUND('',#3098,.T.);
#3324=FACE_BOUND('',#3099,.T.);
#3325=FACE_BOUND('',#3100,.T.);
#3326=FACE_BOUND('',#3101,.T.);
#3327=FACE_BOUND('',#3102,.T.);
#3328=FACE_BOUND('',#3103,.T.);
#3329=FACE_BOUND('',#3104,.T.);
#3330=FACE_BOUND('',#3105,.T.);
#3331=FACE_BOUND('',#3106,.T.);
#3332=FACE_BOUND('',#3107,.T.);
#3333=FACE_BOUND('',#3108,.T.);
#3334=FACE_BOUND('',#3109,.T.);
#3335=FACE_BOUND('',#3110,.T.);
#3336=FACE_BOUND('',#3111,.T.);
#3337=FACE_BOUND('',#3112,.T.);
#3338=FACE_BOUND('',#3113,.T.);
#3339=FACE_BOUND('',#3114,.T.);
#3340=FACE_BOUND('',#3115,.T.);
#3341=FACE_BOUND('',#3116,.T.);
#3342=FACE_BOUND('',#3117,.T.);
#3343=FACE_BOUND('',#3118,.T.);
#3344=FACE_BOUND('',#3119,.T.);
#3345=FACE_BOUND('',#3120,.T.);
#3346=FACE_BOUND('',#3121,.T.);
#3347=FACE_BOUND('',#3122,.T.);
#3348=FACE_BOUND('',#3123,.T.);
#3349=FACE_BOUND('',#3124,.T.);
#3350=FACE_BOUND('',#3125,.T.);
#3351=FACE_BOUND('',#3126,.T.);
#3352=FACE_BOUND('',#3127,.T.);
#3353=FACE_BOUND('',#3128,.T.);
#3354=FACE_BOUND('',#3129,.T.);
#3355=FACE_BOUND('',#3130,.T.);
#3356=FACE_BOUND('',#3131,.T.);
#3357=FACE_BOUND('',#3132,.T.);
#3358=FACE_BOUND('',#3133,.T.);
#3359=FACE_BOUND('',#3134,.T.);
#3360=FACE_BOUND('',#3135,.T.);
#3361=FACE_BOUND('',#3136,.T.);
#3362=FACE_BOUND('',#3137,.T.);
#3363=FACE_BOUND('',#3138,.T.);
#3364=FACE_BOUND('',#3139,.T.);
#3365=FACE_BOUND('',#3140,.T.);
#3366=FACE_BOUND('',#3141,.T.);
#3367=FACE_BOUND('',#3142,.T.);
#3368=FACE_BOUND('',#3143,.T.);
#3369=FACE_BOUND('',#3144,.T.);
#3370=FACE_BOUND('',#3145,.T.);
#3371=FACE_BOUND('',#3146,.T.);
#3372=FACE_BOUND('',#3147,.T.);
#3373=FACE_BOUND('',#3148,.T.);
#3374=FACE_BOUND('',#3149,.T.);
#3375=FACE_BOUND('',#3150,.T.);
#3376=FACE_BOUND('',#3151,.T.);
#3377=FACE_BOUND('',#3152,.T.);
#3378=FACE_BOUND('',#3153,.T.);
#3379=FACE_BOUND('',#3154,.T.);
#3380=FACE_BOUND('',#3155,.T.);
#3381=FACE_BOUND('',#3156,.T.);
#3382=FACE_BOUND('',#3157,.T.);
#3383=FACE_BOUND('',#3158,.T.);
#3384=FACE_BOUND('',#3159,.T.);
#3385=FACE_BOUND('',#3160,.T.);
#3386=FACE_BOUND('',#3161,.T.);
#3387=FACE_BOUND('',#3162,.T.);
#3388=FACE_BOUND('',#3163,.T.);
#3389=FACE_BOUND('',#3164,.T.);
#3390=FACE_BOUND('',#3165,.T.);
#3391=FACE_BOUND('',#3166,.T.);
#3392=FACE_BOUND('',#3167,.T.);
#3393=FACE_BOUND('',#3168,.T.);
#3394=FACE_BOUND('',#3169,.T.);
#3395=FACE_BOUND('',#3170,.T.);
#3396=FACE_BOUND('',#3171,.T.);
#3397=FACE_BOUND('',#3172,.T.);
#3398=FACE_BOUND('',#3173,.T.);
#3399=FACE_BOUND('',#3174,.T.);
#3400=FACE_BOUND('',#3175,.T.);
#3401=FACE_BOUND('',#3176,.T.);
#3402=FACE_BOUND('',#3177,.T.);
#3403=FACE_BOUND('',#3178,.T.);
#3404=FACE_BOUND('',#3179,.T.);
#3405=FACE_BOUND('',#3180,.T.);
#3406=FACE_BOUND('',#3181,.T.);
#3407=FACE_BOUND('',#3182,.T.);
#3408=FACE_BOUND('',#3183,.T.);
#3409=FACE_BOUND('',#3184,.T.);
#3410=FACE_BOUND('',#3185,.T.);
#3411=FACE_BOUND('',#3186,.T.);
#3412=FACE_BOUND('',#3187,.T.);
#3413=FACE_BOUND('',#3188,.T.);
#3414=FACE_BOUND('',#3189,.T.);
#3415=FACE_BOUND('',#3190,.T.);
#3416=FACE_BOUND('',#3191,.T.);
#3417=FACE_BOUND('',#3192,.T.);
#3418=FACE_BOUND('',#3193,.T.);
#3419=FACE_BOUND('',#3194,.T.);
#3420=FACE_BOUND('',#3195,.T.);
#3421=FACE_BOUND('',#3196,.T.);
#3422=FACE_BOUND('',#3197,.T.);
#3423=FACE_BOUND('',#3198,.T.);
#3424=FACE_BOUND('',#3199,.T.);
#3425=FACE_BOUND('',#3200,.T.);
#3426=FACE_BOUND('',#3201,.T.);
#3427=FACE_BOUND('',#3202,.T.);
#3428=FACE_BOUND('',#3203,.T.);
#3429=FACE_BOUND('',#3204,.T.);
#3430=FACE_BOUND('',#3205,.T.);
#3431=FACE_BOUND('',#3206,.T.);
#3432=FACE_BOUND('',#3207,.T.);
#3433=FACE_BOUND('',#3208,.T.);
#3434=FACE_BOUND('',#3209,.T.);
#3435=FACE_BOUND('',#3210,.T.);
#3436=FACE_BOUND('',#3211,.T.);
#3437=FACE_BOUND('',#3212,.T.);
#3438=FACE_BOUND('',#3213,.T.);
#3439=FACE_BOUND('',#3214,.T.);
#3440=FACE_BOUND('',#3215,.T.);
#3441=FACE_BOUND('',#3216,.T.);
#3442=FACE_BOUND('',#3217,.T.);
#3443=FACE_BOUND('',#3218,.T.);
#3444=FACE_BOUND('',#3219,.T.);
#3445=FACE_BOUND('',#3220,.T.);
#3446=FACE_BOUND('',#3221,.T.);
#3447=PLANE('',#3763);
#3448=PLANE('',#3767);
#3449=PLANE('',#3791);
#3450=PLANE('',#3796);
#3451=PLANE('',#3797);
#3452=PLANE('',#3804);
#3453=PLANE('',#3805);
#3454=PLANE('',#3806);
#3455=PLANE('',#3807);
#3456=PLANE('',#3808);
#3457=PLANE('',#3815);
#3458=PLANE('',#3817);
#3459=PLANE('',#3833);
#3460=PLANE('',#3835);
#3461=PLANE('',#3836);
#3462=PLANE('',#3837);
#3463=PLANE('',#3838);
#3464=PLANE('',#3839);
#3465=PLANE('',#3841);
#3466=PLANE('',#3844);
#3467=PLANE('',#3846);
#3468=PLANE('',#3851);
#3469=PLANE('',#3854);
#3470=PLANE('',#3856);
#3471=PLANE('',#3858);
#3472=PLANE('',#3862);
#3473=PLANE('',#3865);
#3474=PLANE('',#3868);
#3475=PLANE('',#3870);
#3476=PLANE('',#3874);
#3477=PLANE('',#3876);
#3478=PLANE('',#3878);
#3479=PLANE('',#3880);
#3480=PLANE('',#3884);
#3481=PLANE('',#3886);
#3482=PLANE('',#3888);
#3483=PLANE('',#3889);
#3484=PLANE('',#3890);
#3485=PLANE('',#3891);
#3486=PLANE('',#3892);
#3487=PLANE('',#3893);
#3488=PLANE('',#3895);
#3489=PLANE('',#3897);
#3490=PLANE('',#3899);
#3491=PLANE('',#3900);
#3492=PLANE('',#3902);
#3493=PLANE('',#3905);
#3494=PLANE('',#3908);
#3495=PLANE('',#3910);
#3496=PLANE('',#3913);
#3497=PLANE('',#3916);
#3498=PLANE('',#3919);
#3499=PLANE('',#3922);
#3500=PLANE('',#3925);
#3501=PLANE('',#3928);
#3502=PLANE('',#3931);
#3503=PLANE('',#3934);
#3504=PLANE('',#3937);
#3505=PLANE('',#3939);
#3506=PLANE('',#3942);
#3507=PLANE('',#3945);
#3508=PLANE('',#3948);
#3509=PLANE('',#3950);
#3510=PLANE('',#3953);
#3511=PLANE('',#3955);
#3512=PLANE('',#3958);
#3513=PLANE('',#3960);
#3514=PLANE('',#3965);
#3515=PLANE('',#3966);
#3516=PLANE('',#3969);
#3517=PLANE('',#3971);
#3518=PLANE('',#3972);
#3519=PLANE('',#3974);
#3520=PLANE('',#3975);
#3521=PLANE('',#3978);
#3522=PLANE('',#3983);
#3523=PLANE('',#3984);
#3524=PLANE('',#3985);
#3525=PLANE('',#3987);
#3526=PLANE('',#3989);
#3527=PLANE('',#3991);
#3528=PLANE('',#3994);
#3529=PLANE('',#3997);
#3530=PLANE('',#4000);
#3531=PLANE('',#4003);
#3532=PLANE('',#4006);
#3533=PLANE('',#4009);
#3534=PLANE('',#4012);
#3535=PLANE('',#4016);
#3536=PLANE('',#4022);
#3537=PLANE('',#4024);
#3538=PLANE('',#4026);
#3539=PLANE('',#4028);
#3540=PLANE('',#4029);
#3541=PLANE('',#4030);
#3542=PLANE('',#4031);
#3543=PLANE('',#4032);
#3544=PLANE('',#4033);
#3545=PLANE('',#4034);
#3546=PLANE('',#4035);
#3547=PLANE('',#4038);
#3548=PLANE('',#4040);
#3549=ADVANCED_FACE('',(#3222),#3447,.T.);
#3550=ADVANCED_FACE('',(#3223),#3448,.T.);
#3551=ADVANCED_FACE('',(#3224,#3225,#3226,#3227),#45,.F.);
#3552=ADVANCED_FACE('',(#3228),#27,.T.);
#3553=ADVANCED_FACE('',(#3229),#28,.T.);
#3554=ADVANCED_FACE('',(#3230),#29,.T.);
#3555=ADVANCED_FACE('',(#3231),#30,.T.);
#3556=ADVANCED_FACE('',(#3232,#3233),#31,.F.);
#3557=ADVANCED_FACE('',(#3234),#3449,.T.);
#3558=ADVANCED_FACE('',(#3235,#3236),#32,.F.);
#3559=ADVANCED_FACE('',(#3237),#3450,.T.);
#3560=ADVANCED_FACE('',(#3238),#3451,.T.);
#3561=ADVANCED_FACE('',(#3239),#33,.T.);
#3562=ADVANCED_FACE('',(#3240),#34,.T.);
#3563=ADVANCED_FACE('',(#3241),#3452,.T.);
#3564=ADVANCED_FACE('',(#3242),#3453,.F.);
#3565=ADVANCED_FACE('',(#3243),#3454,.F.);
#3566=ADVANCED_FACE('',(#3244),#3455,.T.);
#3567=ADVANCED_FACE('',(#3245),#3456,.F.);
#3568=ADVANCED_FACE('',(#3246),#35,.T.);
#3569=ADVANCED_FACE('',(#3247),#36,.T.);
#3570=ADVANCED_FACE('',(#3248),#3457,.F.);
#3571=ADVANCED_FACE('',(#3249),#3458,.F.);
#3572=ADVANCED_FACE('',(#3250),#37,.T.);
#3573=ADVANCED_FACE('',(#3251),#38,.T.);
#3574=ADVANCED_FACE('',(#3252,#3253),#39,.F.);
#3575=ADVANCED_FACE('',(#3254,#3255),#40,.F.);
#3576=ADVANCED_FACE('',(#3256),#3459,.F.);
#3577=ADVANCED_FACE('',(#3257),#3460,.T.);
#3578=ADVANCED_FACE('',(#3258),#3461,.T.);
#3579=ADVANCED_FACE('',(#3259),#3462,.F.);
#3580=ADVANCED_FACE('',(#3260),#3463,.F.);
#3581=ADVANCED_FACE('',(#3261),#3464,.F.);
#3582=ADVANCED_FACE('',(#3262),#3465,.F.);
#3583=ADVANCED_FACE('',(#3263),#3466,.F.);
#3584=ADVANCED_FACE('',(#3264),#3467,.F.);
#3585=ADVANCED_FACE('',(#3265,#3266),#3468,.F.);
#3586=ADVANCED_FACE('',(#3267),#3469,.T.);
#3587=ADVANCED_FACE('',(#3268),#3470,.T.);
#3588=ADVANCED_FACE('',(#3269),#3471,.T.);
#3589=ADVANCED_FACE('',(#3270),#3472,.T.);
#3590=ADVANCED_FACE('',(#3271),#3473,.T.);
#3591=ADVANCED_FACE('',(#3272),#3474,.F.);
#3592=ADVANCED_FACE('',(#3273),#3475,.F.);
#3593=ADVANCED_FACE('',(#3274,#3275,#3276,#3277),#46,.F.);
#3594=ADVANCED_FACE('',(#3278),#3476,.F.);
#3595=ADVANCED_FACE('',(#3279),#3477,.F.);
#3596=ADVANCED_FACE('',(#3280),#3478,.F.);
#3597=ADVANCED_FACE('',(#3281),#3479,.F.);
#3598=ADVANCED_FACE('',(#3282),#3480,.F.);
#3599=ADVANCED_FACE('',(#3283),#3481,.T.);
#3600=ADVANCED_FACE('',(#3284),#3482,.T.);
#3601=ADVANCED_FACE('',(#3285),#3483,.T.);
#3602=ADVANCED_FACE('',(#3286),#3484,.T.);
#3603=ADVANCED_FACE('',(#3287),#3485,.T.);
#3604=ADVANCED_FACE('',(#3288),#3486,.T.);
#3605=ADVANCED_FACE('',(#3289),#3487,.F.);
#3606=ADVANCED_FACE('',(#3290),#47,.F.);
#3607=ADVANCED_FACE('',(#3291),#3488,.F.);
#3608=ADVANCED_FACE('',(#3292,#3293),#48,.F.);
#3609=ADVANCED_FACE('',(#3294),#3489,.T.);
#3610=ADVANCED_FACE('',(#3295),#49,.F.);
#3611=ADVANCED_FACE('',(#3296),#3490,.F.);
#3612=ADVANCED_FACE('',(#3297),#3491,.T.);
#3613=ADVANCED_FACE('',(#3298),#3492,.T.);
#3614=ADVANCED_FACE('',(#3299),#3493,.T.);
#3615=ADVANCED_FACE('',(#3300),#3494,.T.);
#3616=ADVANCED_FACE('',(#3301),#3495,.T.);
#3617=ADVANCED_FACE('',(#3302),#3496,.T.);
#3618=ADVANCED_FACE('',(#3303),#3497,.T.);
#3619=ADVANCED_FACE('',(#3304),#3498,.T.);
#3620=ADVANCED_FACE('',(#3305),#3499,.T.);
#3621=ADVANCED_FACE('',(#3306),#3500,.T.);
#3622=ADVANCED_FACE('',(#3307),#3501,.T.);
#3623=ADVANCED_FACE('',(#3308),#3502,.T.);
#3624=ADVANCED_FACE('',(#3309),#3503,.T.);
#3625=ADVANCED_FACE('',(#3310),#3504,.F.);
#3626=ADVANCED_FACE('',(#3311),#3505,.F.);
#3627=ADVANCED_FACE('',(#3312),#3506,.F.);
#3628=ADVANCED_FACE('',(#3313),#3507,.F.);
#3629=ADVANCED_FACE('',(#3314),#3508,.F.);
#3630=ADVANCED_FACE('',(#3315),#3509,.F.);
#3631=ADVANCED_FACE('',(#3316),#3510,.F.);
#3632=ADVANCED_FACE('',(#3317),#3511,.F.);
#3633=ADVANCED_FACE('',(#3318),#3512,.F.);
#3634=ADVANCED_FACE('',(#3319,#3320),#3513,.T.);
#3635=ADVANCED_FACE('',(#3321,#3322),#50,.F.);
#3636=ADVANCED_FACE('',(#3323),#3514,.T.);
#3637=ADVANCED_FACE('',(#3324),#3515,.F.);
#3638=ADVANCED_FACE('',(#3325),#3516,.F.);
#3639=ADVANCED_FACE('',(#3326),#3517,.F.);
#3640=ADVANCED_FACE('',(#3327),#3518,.F.);
#3641=ADVANCED_FACE('',(#3328),#3519,.F.);
#3642=ADVANCED_FACE('',(#3329),#3520,.F.);
#3643=ADVANCED_FACE('',(#3330),#3521,.F.);
#3644=ADVANCED_FACE('',(#3331,#3332,#3333,#3334),#51,.F.);
#3645=ADVANCED_FACE('',(#3335),#3522,.T.);
#3646=ADVANCED_FACE('',(#3336),#3523,.T.);
#3647=ADVANCED_FACE('',(#3337),#3524,.T.);
#3648=ADVANCED_FACE('',(#3338),#52,.F.);
#3649=ADVANCED_FACE('',(#3339),#3525,.T.);
#3650=ADVANCED_FACE('',(#3340,#3341),#53,.F.);
#3651=ADVANCED_FACE('',(#3342),#3526,.T.);
#3652=ADVANCED_FACE('',(#3343,#3344),#54,.F.);
#3653=ADVANCED_FACE('',(#3345),#3527,.F.);
#3654=ADVANCED_FACE('',(#3346),#3528,.F.);
#3655=ADVANCED_FACE('',(#3347),#3529,.F.);
#3656=ADVANCED_FACE('',(#3348),#3530,.F.);
#3657=ADVANCED_FACE('',(#3349),#3531,.F.);
#3658=ADVANCED_FACE('',(#3350),#3532,.F.);
#3659=ADVANCED_FACE('',(#3351),#3533,.F.);
#3660=ADVANCED_FACE('',(#3352,#3353),#3534,.T.);
#3661=ADVANCED_FACE('',(#3354,#3355),#55,.F.);
#3662=ADVANCED_FACE('',(#3356),#3535,.T.);
#3663=ADVANCED_FACE('',(#3357,#3358),#41,.F.);
#3664=ADVANCED_FACE('',(#3359),#42,.T.);
#3665=ADVANCED_FACE('',(#3360),#43,.T.);
#3666=ADVANCED_FACE('',(#3361,#3362),#44,.F.);
#3667=ADVANCED_FACE('',(#3363),#3536,.T.);
#3668=ADVANCED_FACE('',(#3364),#3537,.F.);
#3669=ADVANCED_FACE('',(#3365),#3538,.T.);
#3670=ADVANCED_FACE('',(#3366,#3367),#56,.F.);
#3671=ADVANCED_FACE('',(#3368),#3539,.F.);
#3672=ADVANCED_FACE('',(#3369),#3540,.F.);
#3673=ADVANCED_FACE('',(#3370),#3541,.F.);
#3674=ADVANCED_FACE('',(#3371),#3542,.F.);
#3675=ADVANCED_FACE('',(#3372),#3543,.T.);
#3676=ADVANCED_FACE('',(#3373),#3544,.T.);
#3677=ADVANCED_FACE('',(#3374),#3545,.T.);
#3678=ADVANCED_FACE('',(#3375),#3546,.F.);
#3679=ADVANCED_FACE('',(#3376),#3547,.T.);
#3680=ADVANCED_FACE('',(#3377),#3548,.T.);
#3681=ADVANCED_FACE('',(#3378),#57,.T.);
#3682=ADVANCED_FACE('',(#3379),#58,.T.);
#3683=ADVANCED_FACE('',(#3380),#59,.T.);
#3684=ADVANCED_FACE('',(#3381),#60,.T.);
#3685=ADVANCED_FACE('',(#3382),#61,.T.);
#3686=ADVANCED_FACE('',(#3383),#62,.T.);
#3687=ADVANCED_FACE('',(#3384),#63,.T.);
#3688=ADVANCED_FACE('',(#3385),#64,.T.);
#3689=ADVANCED_FACE('',(#3386),#65,.T.);
#3690=ADVANCED_FACE('',(#3387),#66,.T.);
#3691=ADVANCED_FACE('',(#3388),#67,.T.);
#3692=ADVANCED_FACE('',(#3389),#68,.T.);
#3693=ADVANCED_FACE('',(#3390),#69,.T.);
#3694=ADVANCED_FACE('',(#3391),#70,.T.);
#3695=ADVANCED_FACE('',(#3392),#71,.T.);
#3696=ADVANCED_FACE('',(#3393),#72,.T.);
#3697=ADVANCED_FACE('',(#3394),#73,.T.);
#3698=ADVANCED_FACE('',(#3395),#74,.T.);
#3699=ADVANCED_FACE('',(#3396),#75,.T.);
#3700=ADVANCED_FACE('',(#3397),#76,.T.);
#3701=ADVANCED_FACE('',(#3398),#77,.T.);
#3702=ADVANCED_FACE('',(#3399),#78,.T.);
#3703=ADVANCED_FACE('',(#3400),#79,.T.);
#3704=ADVANCED_FACE('',(#3401),#80,.T.);
#3705=ADVANCED_FACE('',(#3402),#81,.T.);
#3706=ADVANCED_FACE('',(#3403),#82,.T.);
#3707=ADVANCED_FACE('',(#3404),#83,.T.);
#3708=ADVANCED_FACE('',(#3405),#84,.T.);
#3709=ADVANCED_FACE('',(#3406),#85,.T.);
#3710=ADVANCED_FACE('',(#3407),#86,.T.);
#3711=ADVANCED_FACE('',(#3408),#87,.T.);
#3712=ADVANCED_FACE('',(#3409),#88,.T.);
#3713=ADVANCED_FACE('',(#3410),#89,.T.);
#3714=ADVANCED_FACE('',(#3411),#90,.T.);
#3715=ADVANCED_FACE('',(#3412),#91,.T.);
#3716=ADVANCED_FACE('',(#3413),#92,.F.);
#3717=ADVANCED_FACE('',(#3414),#13,.F.);
#3718=ADVANCED_FACE('',(#3415),#93,.F.);
#3719=ADVANCED_FACE('',(#3416),#14,.F.);
#3720=ADVANCED_FACE('',(#3417),#94,.F.);
#3721=ADVANCED_FACE('',(#3418),#15,.F.);
#3722=ADVANCED_FACE('',(#3419),#95,.F.);
#3723=ADVANCED_FACE('',(#3420),#16,.F.);
#3724=ADVANCED_FACE('',(#3421),#17,.F.);
#3725=ADVANCED_FACE('',(#3422),#96,.F.);
#3726=ADVANCED_FACE('',(#3423),#18,.F.);
#3727=ADVANCED_FACE('',(#3424),#19,.F.);
#3728=ADVANCED_FACE('',(#3425),#20,.F.);
#3729=ADVANCED_FACE('',(#3426),#97,.F.);
#3730=ADVANCED_FACE('',(#3427),#98,.F.);
#3731=ADVANCED_FACE('',(#3428),#99,.F.);
#3732=ADVANCED_FACE('',(#3429),#12,.F.);
#3733=ADVANCED_FACE('',(#3430),#21,.F.);
#3734=ADVANCED_FACE('',(#3431),#100,.F.);
#3735=ADVANCED_FACE('',(#3432),#101,.T.);
#3736=ADVANCED_FACE('',(#3433),#102,.T.);
#3737=ADVANCED_FACE('',(#3434),#103,.T.);
#3738=ADVANCED_FACE('',(#3435),#104,.T.);
#3739=ADVANCED_FACE('',(#3436),#105,.F.);
#3740=ADVANCED_FACE('',(#3437),#106,.F.);
#3741=ADVANCED_FACE('',(#3438),#107,.F.);
#3742=ADVANCED_FACE('',(#3439),#22,.F.);
#3743=ADVANCED_FACE('',(#3440),#108,.F.);
#3744=ADVANCED_FACE('',(#3441),#23,.F.);
#3745=ADVANCED_FACE('',(#3442),#109,.F.);
#3746=ADVANCED_FACE('',(#3443),#24,.F.);
#3747=ADVANCED_FACE('',(#3444),#25,.F.);
#3748=ADVANCED_FACE('',(#3445),#26,.F.);
#3749=ADVANCED_FACE('',(#3446),#110,.F.);
#3750=CLOSED_SHELL('',(#3549,#3550,#3551,#3552,#3553,#3554,#3555,#3556,
#3557,#3558,#3559,#3560,#3561,#3562,#3563,#3564,#3565,#3566,#3567,#3568,
#3569,#3570,#3571,#3572,#3573,#3574,#3575,#3576,#3577,#3578,#3579,#3580,
#3581,#3582,#3583,#3584,#3585,#3586,#3587,#3588,#3589,#3590,#3591,#3592,
#3593,#3594,#3595,#3596,#3597,#3598,#3599,#3600,#3601,#3602,#3603,#3604,
#3605,#3606,#3607,#3608,#3609,#3610,#3611,#3612,#3613,#3614,#3615,#3616,
#3617,#3618,#3619,#3620,#3621,#3622,#3623,#3624,#3625,#3626,#3627,#3628,
#3629,#3630,#3631,#3632,#3633,#3634,#3635,#3636,#3637,#3638,#3639,#3640,
#3641,#3642,#3643,#3644,#3645,#3646,#3647,#3648,#3649,#3650,#3651,#3652,
#3653,#3654,#3655,#3656,#3657,#3658,#3659,#3660,#3661,#3662,#3663,#3664,
#3665,#3666,#3667,#3668,#3669,#3670,#3671,#3672,#3673,#3674,#3675,#3676,
#3677,#3678,#3679,#3680,#3681,#3682,#3683,#3684,#3685,#3686,#3687,#3688,
#3689,#3690,#3691,#3692,#3693,#3694,#3695,#3696,#3697,#3698,#3699,#3700,
#3701,#3702,#3703,#3704,#3705,#3706,#3707,#3708,#3709,#3710,#3711,#3712,
#3713,#3714,#3715,#3716,#3717,#3718,#3719,#3720,#3721,#3722,#3723,#3724,
#3725,#3726,#3727,#3728,#3729,#3730,#3731,#3732,#3733,#3734,#3735,#3736,
#3737,#3738,#3739,#3740,#3741,#3742,#3743,#3744,#3745,#3746,#3747,#3748,
#3749));
#3751=STYLED_ITEM('',(#3752),#3759);
#3752=PRESENTATION_STYLE_ASSIGNMENT((#3753));
#3753=SURFACE_STYLE_USAGE(.BOTH.,#3754);
#3754=SURFACE_SIDE_STYLE('',(#3755));
#3755=SURFACE_STYLE_FILL_AREA(#3756);
#3756=FILL_AREA_STYLE('',(#3757));
#3757=FILL_AREA_STYLE_COLOUR('',#3758);
#3758=COLOUR_RGB('',0.654901960784314,0.584313725490196,0.823529411764706);
#3759=MANIFOLD_SOLID_BREP('Part 1',#3750);
#3760=SHAPE_DEFINITION_REPRESENTATION(#6831,#3761);
#3761=SHAPE_REPRESENTATION('Part 1',(#3762),#6826);
#3762=AXIS2_PLACEMENT_3D('',#5170,#4133,#4134);
#3763=AXIS2_PLACEMENT_3D('',#5171,#4135,#4136);
#3764=AXIS2_PLACEMENT_3D('',#5184,#4140,#4141);
#3765=AXIS2_PLACEMENT_3D('',#5213,#4148,#4149);
#3766=AXIS2_PLACEMENT_3D('',#5217,#4151,#4152);
#3767=AXIS2_PLACEMENT_3D('',#5240,#4159,#4160);
#3768=AXIS2_PLACEMENT_3D('',#5250,#4165,#4166);
#3769=AXIS2_PLACEMENT_3D('',#5251,#4167,#4168);
#3770=AXIS2_PLACEMENT_3D('',#5252,#4169,#4170);
#3771=AXIS2_PLACEMENT_3D('',#5262,#4171,#4172);
#3772=AXIS2_PLACEMENT_3D('',#5272,#4173,#4174);
#3773=AXIS2_PLACEMENT_3D('',#5274,#4175,#4176);
#3774=AXIS2_PLACEMENT_3D('',#5278,#4178,#4179);
#3775=AXIS2_PLACEMENT_3D('',#5317,#4181,#4182);
#3776=AXIS2_PLACEMENT_3D('',#5318,#4183,#4184);
#3777=AXIS2_PLACEMENT_3D('',#5332,#4185,#4186);
#3778=AXIS2_PLACEMENT_3D('',#5340,#4187,#4188);
#3779=AXIS2_PLACEMENT_3D('',#5341,#4189,#4190);
#3780=AXIS2_PLACEMENT_3D('',#5350,#4191,#4192);
#3781=AXIS2_PLACEMENT_3D('',#5363,#4193,#4194);
#3782=AXIS2_PLACEMENT_3D('',#5371,#4195,#4196);
#3783=AXIS2_PLACEMENT_3D('',#5385,#4197,#4198);
#3784=AXIS2_PLACEMENT_3D('',#5386,#4199,#4200);
#3785=AXIS2_PLACEMENT_3D('',#5400,#4201,#4202);
#3786=AXIS2_PLACEMENT_3D('',#5408,#4203,#4204);
#3787=AXIS2_PLACEMENT_3D('',#5409,#4205,#4206);
#3788=AXIS2_PLACEMENT_3D('',#5410,#4207,#4208);
#3789=AXIS2_PLACEMENT_3D('',#5412,#4209,#4210);
#3790=AXIS2_PLACEMENT_3D('',#5419,#4211,#4212);
#3791=AXIS2_PLACEMENT_3D('',#5420,#4213,#4214);
#3792=AXIS2_PLACEMENT_3D('',#5438,#4222,#4223);
#3793=AXIS2_PLACEMENT_3D('',#5439,#4224,#4225);
#3794=AXIS2_PLACEMENT_3D('',#5441,#4226,#4227);
#3795=AXIS2_PLACEMENT_3D('',#5442,#4228,#4229);
#3796=AXIS2_PLACEMENT_3D('',#5443,#4230,#4231);
#3797=AXIS2_PLACEMENT_3D('',#5445,#4233,#4234);
#3798=AXIS2_PLACEMENT_3D('',#5446,#4235,#4236);
#3799=AXIS2_PLACEMENT_3D('',#5447,#4237,#4238);
#3800=AXIS2_PLACEMENT_3D('',#5463,#4239,#4240);
#3801=AXIS2_PLACEMENT_3D('',#5477,#4241,#4242);
#3802=AXIS2_PLACEMENT_3D('',#5478,#4243,#4244);
#3803=AXIS2_PLACEMENT_3D('',#5494,#4245,#4246);
#3804=AXIS2_PLACEMENT_3D('',#5508,#4247,#4248);
#3805=AXIS2_PLACEMENT_3D('',#5514,#4252,#4253);
#3806=AXIS2_PLACEMENT_3D('',#5520,#4257,#4258);
#3807=AXIS2_PLACEMENT_3D('',#5526,#4262,#4263);
#3808=AXIS2_PLACEMENT_3D('',#5532,#4267,#4268);
#3809=AXIS2_PLACEMENT_3D('',#5554,#4280,#4281);
#3810=AXIS2_PLACEMENT_3D('',#5555,#4282,#4283);
#3811=AXIS2_PLACEMENT_3D('',#5570,#4284,#4285);
#3812=AXIS2_PLACEMENT_3D('',#5583,#4286,#4287);
#3813=AXIS2_PLACEMENT_3D('',#5584,#4288,#4289);
#3814=AXIS2_PLACEMENT_3D('',#5599,#4290,#4291);
#3815=AXIS2_PLACEMENT_3D('',#5612,#4292,#4293);
#3816=AXIS2_PLACEMENT_3D('',#5616,#4295,#4296);
#3817=AXIS2_PLACEMENT_3D('',#5623,#4300,#4301);
#3818=AXIS2_PLACEMENT_3D('',#5627,#4303,#4304);
#3819=AXIS2_PLACEMENT_3D('',#5634,#4308,#4309);
#3820=AXIS2_PLACEMENT_3D('',#5648,#4310,#4311);
#3821=AXIS2_PLACEMENT_3D('',#5662,#4312,#4313);
#3822=AXIS2_PLACEMENT_3D('',#5663,#4314,#4315);
#3823=AXIS2_PLACEMENT_3D('',#5677,#4316,#4317);
#3824=AXIS2_PLACEMENT_3D('',#5691,#4318,#4319);
#3825=AXIS2_PLACEMENT_3D('',#5692,#4320,#4321);
#3826=AXIS2_PLACEMENT_3D('',#5693,#4322,#4323);
#3827=AXIS2_PLACEMENT_3D('',#5701,#4324,#4325);
#3828=AXIS2_PLACEMENT_3D('',#5708,#4326,#4327);
#3829=AXIS2_PLACEMENT_3D('',#5709,#4328,#4329);
#3830=AXIS2_PLACEMENT_3D('',#5710,#4330,#4331);
#3831=AXIS2_PLACEMENT_3D('',#5718,#4332,#4333);
#3832=AXIS2_PLACEMENT_3D('',#5725,#4334,#4335);
#3833=AXIS2_PLACEMENT_3D('',#5726,#4336,#4337);
#3834=AXIS2_PLACEMENT_3D('',#5740,#4348,#4349);
#3835=AXIS2_PLACEMENT_3D('',#5743,#4351,#4352);
#3836=AXIS2_PLACEMENT_3D('',#5745,#4354,#4355);
#3837=AXIS2_PLACEMENT_3D('',#5747,#4357,#4358);
#3838=AXIS2_PLACEMENT_3D('',#5753,#4362,#4363);
#3839=AXIS2_PLACEMENT_3D('',#5759,#4367,#4368);
#3840=AXIS2_PLACEMENT_3D('',#5762,#4370,#4371);
#3841=AXIS2_PLACEMENT_3D('',#5778,#4380,#4381);
#3842=AXIS2_PLACEMENT_3D('',#5782,#4383,#4384);
#3843=AXIS2_PLACEMENT_3D('',#5786,#4386,#4387);
#3844=AXIS2_PLACEMENT_3D('',#5795,#4392,#4393);
#3845=AXIS2_PLACEMENT_3D('',#5803,#4397,#4398);
#3846=AXIS2_PLACEMENT_3D('',#5804,#4399,#4400);
#3847=AXIS2_PLACEMENT_3D('',#5805,#4401,#4402);
#3848=AXIS2_PLACEMENT_3D('',#5812,#4405,#4406);
#3849=AXIS2_PLACEMENT_3D('',#5816,#4408,#4409);
#3850=AXIS2_PLACEMENT_3D('',#5822,#4412,#4413);
#3851=AXIS2_PLACEMENT_3D('',#5829,#4417,#4418);
#3852=AXIS2_PLACEMENT_3D('',#5842,#4425,#4426);
#3853=AXIS2_PLACEMENT_3D('',#5865,#4435,#4436);
#3854=AXIS2_PLACEMENT_3D('',#5868,#4438,#4439);
#3855=AXIS2_PLACEMENT_3D('',#5871,#4441,#4442);
#3856=AXIS2_PLACEMENT_3D('',#5878,#4446,#4447);
#3857=AXIS2_PLACEMENT_3D('',#5882,#4450,#4451);
#3858=AXIS2_PLACEMENT_3D('',#5891,#4457,#4458);
#3859=AXIS2_PLACEMENT_3D('',#5895,#4460,#4461);
#3860=AXIS2_PLACEMENT_3D('',#5896,#4462,#4463);
#3861=AXIS2_PLACEMENT_3D('',#5900,#4465,#4466);
#3862=AXIS2_PLACEMENT_3D('',#5905,#4469,#4470);
#3863=AXIS2_PLACEMENT_3D('',#5910,#4473,#4474);
#3864=AXIS2_PLACEMENT_3D('',#5911,#4475,#4476);
#3865=AXIS2_PLACEMENT_3D('',#5912,#4477,#4478);
#3866=AXIS2_PLACEMENT_3D('',#5916,#4481,#4482);
#3867=AXIS2_PLACEMENT_3D('',#5920,#4484,#4485);
#3868=AXIS2_PLACEMENT_3D('',#5921,#4486,#4487);
#3869=AXIS2_PLACEMENT_3D('',#5930,#4489,#4490);
#3870=AXIS2_PLACEMENT_3D('',#5933,#4492,#4493);
#3871=AXIS2_PLACEMENT_3D('',#5937,#4495,#4496);
#3872=AXIS2_PLACEMENT_3D('',#5958,#4507,#4508);
#3873=AXIS2_PLACEMENT_3D('',#5983,#4509,#4510);
#3874=AXIS2_PLACEMENT_3D('',#6000,#4513,#4514);
#3875=AXIS2_PLACEMENT_3D('',#6001,#4515,#4516);
#3876=AXIS2_PLACEMENT_3D('',#6009,#4520,#4521);
#3877=AXIS2_PLACEMENT_3D('',#6016,#4525,#4526);
#3878=AXIS2_PLACEMENT_3D('',#6042,#4535,#4536);
#3879=AXIS2_PLACEMENT_3D('',#6048,#4539,#4540);
#3880=AXIS2_PLACEMENT_3D('',#6051,#4542,#4543);
#3881=AXIS2_PLACEMENT_3D('',#6055,#4545,#4546);
#3882=AXIS2_PLACEMENT_3D('',#6072,#4553,#4554);
#3883=AXIS2_PLACEMENT_3D('',#6076,#4556,#4557);
#3884=AXIS2_PLACEMENT_3D('',#6077,#4558,#4559);
#3885=AXIS2_PLACEMENT_3D('',#6080,#4561,#4562);
#3886=AXIS2_PLACEMENT_3D('',#6086,#4563,#4564);
#3887=AXIS2_PLACEMENT_3D('',#6096,#4570,#4571);
#3888=AXIS2_PLACEMENT_3D('',#6097,#4572,#4573);
#3889=AXIS2_PLACEMENT_3D('',#6106,#4578,#4579);
#3890=AXIS2_PLACEMENT_3D('',#6115,#4582,#4583);
#3891=AXIS2_PLACEMENT_3D('',#6125,#4589,#4590);
#3892=AXIS2_PLACEMENT_3D('',#6131,#4594,#4595);
#3893=AXIS2_PLACEMENT_3D('',#6132,#4596,#4597);
#3894=AXIS2_PLACEMENT_3D('',#6135,#4600,#4601);
#3895=AXIS2_PLACEMENT_3D('',#6137,#4603,#4604);
#3896=AXIS2_PLACEMENT_3D('',#6139,#4606,#4607);
#3897=AXIS2_PLACEMENT_3D('',#6140,#4608,#4609);
#3898=AXIS2_PLACEMENT_3D('',#6143,#4612,#4613);
#3899=AXIS2_PLACEMENT_3D('',#6145,#4615,#4616);
#3900=AXIS2_PLACEMENT_3D('',#6147,#4618,#4619);
#3901=AXIS2_PLACEMENT_3D('',#6148,#4620,#4621);
#3902=AXIS2_PLACEMENT_3D('',#6151,#4623,#4624);
#3903=AXIS2_PLACEMENT_3D('',#6152,#4625,#4626);
#3904=AXIS2_PLACEMENT_3D('',#6153,#4627,#4628);
#3905=AXIS2_PLACEMENT_3D('',#6156,#4630,#4631);
#3906=AXIS2_PLACEMENT_3D('',#6157,#4632,#4633);
#3907=AXIS2_PLACEMENT_3D('',#6158,#4634,#4635);
#3908=AXIS2_PLACEMENT_3D('',#6161,#4637,#4638);
#3909=AXIS2_PLACEMENT_3D('',#6164,#4640,#4641);
#3910=AXIS2_PLACEMENT_3D('',#6165,#4642,#4643);
#3911=AXIS2_PLACEMENT_3D('',#6166,#4644,#4645);
#3912=AXIS2_PLACEMENT_3D('',#6169,#4647,#4648);
#3913=AXIS2_PLACEMENT_3D('',#6170,#4649,#4650);
#3914=AXIS2_PLACEMENT_3D('',#6171,#4651,#4652);
#3915=AXIS2_PLACEMENT_3D('',#6174,#4654,#4655);
#3916=AXIS2_PLACEMENT_3D('',#6175,#4656,#4657);
#3917=AXIS2_PLACEMENT_3D('',#6176,#4658,#4659);
#3918=AXIS2_PLACEMENT_3D('',#6179,#4661,#4662);
#3919=AXIS2_PLACEMENT_3D('',#6180,#4663,#4664);
#3920=AXIS2_PLACEMENT_3D('',#6181,#4665,#4666);
#3921=AXIS2_PLACEMENT_3D('',#6184,#4668,#4669);
#3922=AXIS2_PLACEMENT_3D('',#6185,#4670,#4671);
#3923=AXIS2_PLACEMENT_3D('',#6186,#4672,#4673);
#3924=AXIS2_PLACEMENT_3D('',#6187,#4674,#4675);
#3925=AXIS2_PLACEMENT_3D('',#6188,#4676,#4677);
#3926=AXIS2_PLACEMENT_3D('',#6189,#4678,#4679);
#3927=AXIS2_PLACEMENT_3D('',#6190,#4680,#4681);
#3928=AXIS2_PLACEMENT_3D('',#6193,#4683,#4684);
#3929=AXIS2_PLACEMENT_3D('',#6194,#4685,#4686);
#3930=AXIS2_PLACEMENT_3D('',#6195,#4687,#4688);
#3931=AXIS2_PLACEMENT_3D('',#6198,#4690,#4691);
#3932=AXIS2_PLACEMENT_3D('',#6199,#4692,#4693);
#3933=AXIS2_PLACEMENT_3D('',#6202,#4695,#4696);
#3934=AXIS2_PLACEMENT_3D('',#6203,#4697,#4698);
#3935=AXIS2_PLACEMENT_3D('',#6204,#4699,#4700);
#3936=AXIS2_PLACEMENT_3D('',#6205,#4701,#4702);
#3937=AXIS2_PLACEMENT_3D('',#6206,#4703,#4704);
#3938=AXIS2_PLACEMENT_3D('',#6209,#4706,#4707);
#3939=AXIS2_PLACEMENT_3D('',#6210,#4708,#4709);
#3940=AXIS2_PLACEMENT_3D('',#6211,#4710,#4711);
#3941=AXIS2_PLACEMENT_3D('',#6214,#4713,#4714);
#3942=AXIS2_PLACEMENT_3D('',#6215,#4715,#4716);
#3943=AXIS2_PLACEMENT_3D('',#6218,#4718,#4719);
#3944=AXIS2_PLACEMENT_3D('',#6219,#4720,#4721);
#3945=AXIS2_PLACEMENT_3D('',#6220,#4722,#4723);
#3946=AXIS2_PLACEMENT_3D('',#6221,#4724,#4725);
#3947=AXIS2_PLACEMENT_3D('',#6224,#4727,#4728);
#3948=AXIS2_PLACEMENT_3D('',#6225,#4729,#4730);
#3949=AXIS2_PLACEMENT_3D('',#6226,#4731,#4732);
#3950=AXIS2_PLACEMENT_3D('',#6228,#4734,#4735);
#3951=AXIS2_PLACEMENT_3D('',#6229,#4736,#4737);
#3952=AXIS2_PLACEMENT_3D('',#6230,#4738,#4739);
#3953=AXIS2_PLACEMENT_3D('',#6232,#4741,#4742);
#3954=AXIS2_PLACEMENT_3D('',#6235,#4744,#4745);
#3955=AXIS2_PLACEMENT_3D('',#6236,#4746,#4747);
#3956=AXIS2_PLACEMENT_3D('',#6237,#4748,#4749);
#3957=AXIS2_PLACEMENT_3D('',#6240,#4751,#4752);
#3958=AXIS2_PLACEMENT_3D('',#6241,#4753,#4754);
#3959=AXIS2_PLACEMENT_3D('',#6242,#4755,#4756);
#3960=AXIS2_PLACEMENT_3D('',#6243,#4757,#4758);
#3961=AXIS2_PLACEMENT_3D('',#6244,#4759,#4760);
#3962=AXIS2_PLACEMENT_3D('',#6246,#4761,#4762);
#3963=AXIS2_PLACEMENT_3D('',#6247,#4763,#4764);
#3964=AXIS2_PLACEMENT_3D('',#6248,#4765,#4766);
#3965=AXIS2_PLACEMENT_3D('',#6250,#4767,#4768);
#3966=AXIS2_PLACEMENT_3D('',#6251,#4769,#4770);
#3967=AXIS2_PLACEMENT_3D('',#6267,#4778,#4779);
#3968=AXIS2_PLACEMENT_3D('',#6271,#4781,#4782);
#3969=AXIS2_PLACEMENT_3D('',#6272,#4783,#4784);
#3970=AXIS2_PLACEMENT_3D('',#6276,#4786,#4787);
#3971=AXIS2_PLACEMENT_3D('',#6283,#4791,#4792);
#3972=AXIS2_PLACEMENT_3D('',#6294,#4799,#4800);
#3973=AXIS2_PLACEMENT_3D('',#6306,#4806,#4807);
#3974=AXIS2_PLACEMENT_3D('',#6307,#4808,#4809);
#3975=AXIS2_PLACEMENT_3D('',#6312,#4813,#4814);
#3976=AXIS2_PLACEMENT_3D('',#6320,#4818,#4819);
#3977=AXIS2_PLACEMENT_3D('',#6324,#4821,#4822);
#3978=AXIS2_PLACEMENT_3D('',#6332,#4828,#4829);
#3979=AXIS2_PLACEMENT_3D('',#6333,#4830,#4831);
#3980=AXIS2_PLACEMENT_3D('',#6339,#4835,#4836);
#3981=AXIS2_PLACEMENT_3D('',#6378,#4838,#4839);
#3982=AXIS2_PLACEMENT_3D('',#6379,#4840,#4841);
#3983=AXIS2_PLACEMENT_3D('',#6381,#4842,#4843);
#3984=AXIS2_PLACEMENT_3D('',#6382,#4844,#4845);
#3985=AXIS2_PLACEMENT_3D('',#6384,#4847,#4848);
#3986=AXIS2_PLACEMENT_3D('',#6386,#4850,#4851);
#3987=AXIS2_PLACEMENT_3D('',#6387,#4852,#4853);
#3988=AXIS2_PLACEMENT_3D('',#6388,#4854,#4855);
#3989=AXIS2_PLACEMENT_3D('',#6389,#4856,#4857);
#3990=AXIS2_PLACEMENT_3D('',#6390,#4858,#4859);
#3991=AXIS2_PLACEMENT_3D('',#6391,#4860,#4861);
#3992=AXIS2_PLACEMENT_3D('',#6392,#4862,#4863);
#3993=AXIS2_PLACEMENT_3D('',#6393,#4864,#4865);
#3994=AXIS2_PLACEMENT_3D('',#6396,#4867,#4868);
#3995=AXIS2_PLACEMENT_3D('',#6397,#4869,#4870);
#3996=AXIS2_PLACEMENT_3D('',#6398,#4871,#4872);
#3997=AXIS2_PLACEMENT_3D('',#6401,#4874,#4875);
#3998=AXIS2_PLACEMENT_3D('',#6402,#4876,#4877);
#3999=AXIS2_PLACEMENT_3D('',#6405,#4879,#4880);
#4000=AXIS2_PLACEMENT_3D('',#6406,#4881,#4882);
#4001=AXIS2_PLACEMENT_3D('',#6407,#4883,#4884);
#4002=AXIS2_PLACEMENT_3D('',#6410,#4886,#4887);
#4003=AXIS2_PLACEMENT_3D('',#6411,#4888,#4889);
#4004=AXIS2_PLACEMENT_3D('',#6412,#4890,#4891);
#4005=AXIS2_PLACEMENT_3D('',#6415,#4893,#4894);
#4006=AXIS2_PLACEMENT_3D('',#6416,#4895,#4896);
#4007=AXIS2_PLACEMENT_3D('',#6419,#4898,#4899);
#4008=AXIS2_PLACEMENT_3D('',#6420,#4900,#4901);
#4009=AXIS2_PLACEMENT_3D('',#6421,#4902,#4903);
#4010=AXIS2_PLACEMENT_3D('',#6422,#4904,#4905);
#4011=AXIS2_PLACEMENT_3D('',#6423,#4906,#4907);
#4012=AXIS2_PLACEMENT_3D('',#6424,#4908,#4909);
#4013=AXIS2_PLACEMENT_3D('',#6425,#4910,#4911);
#4014=AXIS2_PLACEMENT_3D('',#6427,#4912,#4913);
#4015=AXIS2_PLACEMENT_3D('',#6428,#4914,#4915);
#4016=AXIS2_PLACEMENT_3D('',#6429,#4916,#4917);
#4017=AXIS2_PLACEMENT_3D('',#6430,#4918,#4919);
#4018=AXIS2_PLACEMENT_3D('',#6431,#4920,#4921);
#4019=AXIS2_PLACEMENT_3D('',#6433,#4922,#4923);
#4020=AXIS2_PLACEMENT_3D('',#6448,#4924,#4925);
#4021=AXIS2_PLACEMENT_3D('',#6463,#4926,#4927);
#4022=AXIS2_PLACEMENT_3D('',#6464,#4928,#4929);
#4023=AXIS2_PLACEMENT_3D('',#6466,#4931,#4932);
#4024=AXIS2_PLACEMENT_3D('',#6467,#4933,#4934);
#4025=AXIS2_PLACEMENT_3D('',#6468,#4935,#4936);
#4026=AXIS2_PLACEMENT_3D('',#6470,#4938,#4939);
#4027=AXIS2_PLACEMENT_3D('',#6473,#4942,#4943);
#4028=AXIS2_PLACEMENT_3D('',#6474,#4944,#4945);
#4029=AXIS2_PLACEMENT_3D('',#6480,#4949,#4950);
#4030=AXIS2_PLACEMENT_3D('',#6484,#4953,#4954);
#4031=AXIS2_PLACEMENT_3D('',#6488,#4957,#4958);
#4032=AXIS2_PLACEMENT_3D('',#6492,#4961,#4962);
#4033=AXIS2_PLACEMENT_3D('',#6496,#4965,#4966);
#4034=AXIS2_PLACEMENT_3D('',#6498,#4968,#4969);
#4035=AXIS2_PLACEMENT_3D('',#6499,#4970,#4971);
#4036=AXIS2_PLACEMENT_3D('',#6500,#4972,#4973);
#4037=AXIS2_PLACEMENT_3D('',#6506,#4974,#4975);
#4038=AXIS2_PLACEMENT_3D('',#6508,#4977,#4978);
#4039=AXIS2_PLACEMENT_3D('',#6511,#4980,#4981);
#4040=AXIS2_PLACEMENT_3D('',#6512,#4982,#4983);
#4041=AXIS2_PLACEMENT_3D('',#6515,#4986,#4987);
#4042=AXIS2_PLACEMENT_3D('',#6516,#4988,#4989);
#4043=AXIS2_PLACEMENT_3D('',#6517,#4990,#4991);
#4044=AXIS2_PLACEMENT_3D('',#6523,#4992,#4993);
#4045=AXIS2_PLACEMENT_3D('',#6524,#4994,#4995);
#4046=AXIS2_PLACEMENT_3D('',#6525,#4996,#4997);
#4047=AXIS2_PLACEMENT_3D('',#6526,#4998,#4999);
#4048=AXIS2_PLACEMENT_3D('',#6527,#5000,#5001);
#4049=AXIS2_PLACEMENT_3D('',#6528,#5002,#5003);
#4050=AXIS2_PLACEMENT_3D('',#6529,#5004,#5005);
#4051=AXIS2_PLACEMENT_3D('',#6530,#5006,#5007);
#4052=AXIS2_PLACEMENT_3D('',#6531,#5008,#5009);
#4053=AXIS2_PLACEMENT_3D('',#6532,#5010,#5011);
#4054=AXIS2_PLACEMENT_3D('',#6533,#5012,#5013);
#4055=AXIS2_PLACEMENT_3D('',#6534,#5014,#5015);
#4056=AXIS2_PLACEMENT_3D('',#6535,#5016,#5017);
#4057=AXIS2_PLACEMENT_3D('',#6536,#5018,#5019);
#4058=AXIS2_PLACEMENT_3D('',#6537,#5020,#5021);
#4059=AXIS2_PLACEMENT_3D('',#6538,#5022,#5023);
#4060=AXIS2_PLACEMENT_3D('',#6539,#5024,#5025);
#4061=AXIS2_PLACEMENT_3D('',#6540,#5026,#5027);
#4062=AXIS2_PLACEMENT_3D('',#6545,#5028,#5029);
#4063=AXIS2_PLACEMENT_3D('',#6546,#5030,#5031);
#4064=AXIS2_PLACEMENT_3D('',#6547,#5032,#5033);
#4065=AXIS2_PLACEMENT_3D('',#6548,#5034,#5035);
#4066=AXIS2_PLACEMENT_3D('',#6549,#5036,#5037);
#4067=AXIS2_PLACEMENT_3D('',#6550,#5038,#5039);
#4068=AXIS2_PLACEMENT_3D('',#6551,#5040,#5041);
#4069=AXIS2_PLACEMENT_3D('',#6558,#5042,#5043);
#4070=AXIS2_PLACEMENT_3D('',#6559,#5044,#5045);
#4071=AXIS2_PLACEMENT_3D('',#6566,#5046,#5047);
#4072=AXIS2_PLACEMENT_3D('',#6572,#5048,#5049);
#4073=AXIS2_PLACEMENT_3D('',#6573,#5050,#5051);
#4074=AXIS2_PLACEMENT_3D('',#6579,#5052,#5053);
#4075=AXIS2_PLACEMENT_3D('',#6580,#5054,#5055);
#4076=AXIS2_PLACEMENT_3D('',#6581,#5056,#5057);
#4077=AXIS2_PLACEMENT_3D('',#6582,#5058,#5059);
#4078=AXIS2_PLACEMENT_3D('',#6583,#5060,#5061);
#4079=AXIS2_PLACEMENT_3D('',#6584,#5062,#5063);
#4080=AXIS2_PLACEMENT_3D('',#6585,#5064,#5065);
#4081=AXIS2_PLACEMENT_3D('',#6586,#5066,#5067);
#4082=AXIS2_PLACEMENT_3D('',#6587,#5068,#5069);
#4083=AXIS2_PLACEMENT_3D('',#6588,#5070,#5071);
#4084=AXIS2_PLACEMENT_3D('',#6589,#5072,#5073);
#4085=AXIS2_PLACEMENT_3D('',#6590,#5074,#5075);
#4086=AXIS2_PLACEMENT_3D('',#6591,#5076,#5077);
#4087=AXIS2_PLACEMENT_3D('',#6592,#5078,#5079);
#4088=AXIS2_PLACEMENT_3D('',#6597,#5080,#5081);
#4089=AXIS2_PLACEMENT_3D('',#6598,#5082,#5083);
#4090=AXIS2_PLACEMENT_3D('',#6614,#5084,#5085);
#4091=AXIS2_PLACEMENT_3D('',#6615,#5086,#5087);
#4092=AXIS2_PLACEMENT_3D('',#6616,#5088,#5089);
#4093=AXIS2_PLACEMENT_3D('',#6632,#5090,#5091);
#4094=AXIS2_PLACEMENT_3D('',#6633,#5092,#5093);
#4095=AXIS2_PLACEMENT_3D('',#6634,#5094,#5095);
#4096=AXIS2_PLACEMENT_3D('',#6647,#5096,#5097);
#4097=AXIS2_PLACEMENT_3D('',#6648,#5098,#5099);
#4098=AXIS2_PLACEMENT_3D('',#6661,#5100,#5101);
#4099=AXIS2_PLACEMENT_3D('',#6677,#5102,#5103);
#4100=AXIS2_PLACEMENT_3D('',#6678,#5104,#5105);
#4101=AXIS2_PLACEMENT_3D('',#6679,#5106,#5107);
#4102=AXIS2_PLACEMENT_3D('',#6692,#5108,#5109);
#4103=AXIS2_PLACEMENT_3D('',#6705,#5110,#5111);
#4104=AXIS2_PLACEMENT_3D('',#6718,#5112,#5113);
#4105=AXIS2_PLACEMENT_3D('',#6719,#5114,#5115);
#4106=AXIS2_PLACEMENT_3D('',#6720,#5116,#5117);
#4107=AXIS2_PLACEMENT_3D('',#6721,#5118,#5119);
#4108=AXIS2_PLACEMENT_3D('',#6722,#5120,#5121);
#4109=AXIS2_PLACEMENT_3D('',#6723,#5122,#5123);
#4110=AXIS2_PLACEMENT_3D('',#6724,#5124,#5125);
#4111=AXIS2_PLACEMENT_3D('',#6725,#5126,#5127);
#4112=AXIS2_PLACEMENT_3D('',#6726,#5128,#5129);
#4113=AXIS2_PLACEMENT_3D('',#6742,#5130,#5131);
#4114=AXIS2_PLACEMENT_3D('',#6743,#5132,#5133);
#4115=AXIS2_PLACEMENT_3D('',#6744,#5134,#5135);
#4116=AXIS2_PLACEMENT_3D('',#6745,#5136,#5137);
#4117=AXIS2_PLACEMENT_3D('',#6746,#5138,#5139);
#4118=AXIS2_PLACEMENT_3D('',#6747,#5140,#5141);
#4119=AXIS2_PLACEMENT_3D('',#6748,#5142,#5143);
#4120=AXIS2_PLACEMENT_3D('',#6749,#5144,#5145);
#4121=AXIS2_PLACEMENT_3D('',#6750,#5146,#5147);
#4122=AXIS2_PLACEMENT_3D('',#6751,#5148,#5149);
#4123=AXIS2_PLACEMENT_3D('',#6764,#5150,#5151);
#4124=AXIS2_PLACEMENT_3D('',#6765,#5152,#5153);
#4125=AXIS2_PLACEMENT_3D('',#6766,#5154,#5155);
#4126=AXIS2_PLACEMENT_3D('',#6779,#5156,#5157);
#4127=AXIS2_PLACEMENT_3D('',#6780,#5158,#5159);
#4128=AXIS2_PLACEMENT_3D('',#6781,#5160,#5161);
#4129=AXIS2_PLACEMENT_3D('',#6794,#5162,#5163);
#4130=AXIS2_PLACEMENT_3D('',#6810,#5164,#5165);
#4131=AXIS2_PLACEMENT_3D('',#6823,#5166,#5167);
#4132=AXIS2_PLACEMENT_3D('',#6824,#5168,#5169);
#4133=DIRECTION('',(0.,0.,1.));
#4134=DIRECTION('',(1.,0.,0.));
#4135=DIRECTION('',(-0.625630428596224,0.707106781186548,-0.329524759031101));
#4136=DIRECTION('',(0.748937221148333,0.662640957667584,0.));
#4137=DIRECTION('',(0.466018383359509,0.,-0.884775037154073));
#4138=DIRECTION('',(-0.625630428596224,-0.707106781186548,-0.329524759031101));
#4139=DIRECTION('',(0.466018383359509,3.92523114670944E-17,-0.884775037154072));
#4140=DIRECTION('',(0.625630428596224,-0.707106781186548,0.329524759031101));
#4141=DIRECTION('',(0.748937221148333,0.662640957667584,0.));
#4142=DIRECTION('',(-0.466018383359509,-2.4713844092713E-16,0.884775037154072));
#4143=DIRECTION('',(-0.625630428596224,-0.707106781186548,-0.329524759031101));
#4144=DIRECTION('',(0.466018383359509,1.84889274661175E-32,-0.884775037154073));
#4145=DIRECTION('',(-0.466018383359509,8.5295153308595E-17,0.884775037154073));
#4146=DIRECTION('',(-0.466018383359509,8.5295153308595E-17,0.884775037154073));
#4147=DIRECTION('',(0.466018383359509,1.84889274661175E-32,-0.884775037154073));
#4148=DIRECTION('',(-0.625630428596224,0.707106781186548,-0.329524759031101));
#4149=DIRECTION('',(-0.643740816579071,-0.706542770433383,-0.293930390770385));
#4150=DIRECTION('',(-0.303121516648364,-0.609554297556809,-0.732503177109029));
#4151=DIRECTION('',(-0.625630428596224,0.707106781186548,-0.329524759031101));
#4152=DIRECTION('',(0.643740816579071,0.706542770433383,0.293930390770385));
#4153=DIRECTION('',(-0.714620503750448,-0.68888519111032,-0.121469045803256));
#4154=DIRECTION('',(0.466018383359509,1.84889274661175E-32,-0.884775037154073));
#4155=DIRECTION('',(-0.696541221820277,-0.696541221820277,-0.172222683204716));
#4156=DIRECTION('',(0.466018383359509,0.,-0.884775037154073));
#4157=DIRECTION('',(0.466018383359509,0.,-0.884775037154072));
#4158=DIRECTION('',(0.466018383359509,0.,-0.884775037154072));
#4159=DIRECTION('',(1.33049609028798E-16,1.,7.00783375462908E-17));
#4160=DIRECTION('',(1.,-1.33049609028798E-16,0.));
#4161=DIRECTION('',(-0.701673843159863,4.34267346055206E-17,0.71249829320867));
#4162=DIRECTION('',(7.00783375462908E-17,7.00783375462908E-17,-1.));
#4163=DIRECTION('',(0.466018383359509,0.,-0.884775037154073));
#4164=DIRECTION('',(-1.,1.33049609028798E-16,3.73877058615585E-17));
#4165=DIRECTION('',(1.33049609028798E-16,1.,7.00783375462908E-17));
#4166=DIRECTION('',(-7.54561828792267E-16,-7.00783375462907E-17,1.));
#4167=DIRECTION('',(0.,0.,-1.));
#4168=DIRECTION('',(-1.,0.,0.));
#4169=DIRECTION('',(-0.625630428596224,-0.707106781186547,-0.329524759031101));
#4170=DIRECTION('',(0.218356601899549,0.246793357328326,-0.944146934107978));
#4171=DIRECTION('',(-0.884775037154073,-1.33049609028798E-16,-0.466018383359509));
#4172=DIRECTION('',(0.466018383359509,7.00783375462908E-17,-0.884775037154073));
#4173=DIRECTION('',(-0.625630428596224,0.707106781186548,-0.329524759031101));
#4174=DIRECTION('',(0.218356601899548,-0.246793357328326,-0.944146934107978));
#4175=DIRECTION('',(0.,0.,-1.));
#4176=DIRECTION('',(1.,0.,0.));
#4177=DIRECTION('',(0.,0.,-1.));
#4178=DIRECTION('',(0.,0.,1.));
#4179=DIRECTION('',(-1.,0.,0.));
#4180=DIRECTION('',(0.,0.,-1.));
#4181=DIRECTION('',(0.884775037154072,0.,0.466018383359509));
#4182=DIRECTION('',(0.466018383359509,0.,-0.884775037154072));
#4183=DIRECTION('',(0.884775037154073,0.,0.466018383359509));
#4184=DIRECTION('',(-0.466018383359509,0.,0.884775037154073));
#4185=DIRECTION('',(0.884775037154073,0.,0.466018383359509));
#4186=DIRECTION('',(-0.466018383359509,0.,0.884775037154073));
#4187=DIRECTION('',(0.,-1.,0.));
#4188=DIRECTION('',(0.,0.,1.));
#4189=DIRECTION('',(2.77555756156289E-17,-1.,1.11022302462516E-16));
#4190=DIRECTION('',(-0.466018383359509,5.55111512312578E-17,0.884775037154073));
#4191=DIRECTION('',(-1.33049609028798E-16,-1.,-7.00783375462908E-17));
#4192=DIRECTION('',(1.,-1.33049609028798E-16,0.));
#4193=DIRECTION('',(0.884775037154072,0.,0.466018383359509));
#4194=DIRECTION('',(0.466018383359509,0.,-0.884775037154072));
#4195=DIRECTION('',(0.884775037154073,0.,0.466018383359509));
#4196=DIRECTION('',(-0.466018383359509,0.,0.884775037154073));
#4197=DIRECTION('',(0.884775037154073,0.,0.466018383359509));
#4198=DIRECTION('',(-0.466018383359509,0.,0.884775037154073));
#4199=DIRECTION('',(0.,-1.,0.));
#4200=DIRECTION('',(0.,0.,1.));
#4201=DIRECTION('',(-1.33049609028798E-16,-1.,-7.00783375462908E-17));
#4202=DIRECTION('',(1.,-1.33049609028798E-16,0.));
#4203=DIRECTION('',(2.77555756156289E-17,-1.,1.11022302462516E-16));
#4204=DIRECTION('',(-0.466018383359509,5.55111512312578E-17,0.884775037154073));
#4205=DIRECTION('',(0.,1.,0.));
#4206=DIRECTION('',(0.,0.,-1.));
#4207=DIRECTION('',(0.,-1.,0.));
#4208=DIRECTION('',(0.,0.,-1.));
#4209=DIRECTION('',(2.77555756156289E-17,-1.,1.11022302462516E-16));
#4210=DIRECTION('',(0.,-1.11022302462516E-16,-1.));
#4211=DIRECTION('',(2.77555756156289E-17,-1.,1.11022302462516E-16));
#4212=DIRECTION('',(0.,-1.11022302462516E-16,-1.));
#4213=DIRECTION('',(-0.625630428596224,-0.707106781186547,-0.329524759031101));
#4214=DIRECTION('',(-0.748937221148333,0.662640957667584,0.));
#4215=DIRECTION('',(0.466018383359509,-8.32667268468868E-17,-0.884775037154073));
#4216=DIRECTION('',(0.696541221820277,-0.696541221820277,0.172222683204714));
#4217=DIRECTION('',(0.466018383359509,2.77555756156289E-17,-0.884775037154073));
#4218=DIRECTION('',(0.625630428596224,-0.707106781186548,0.329524759031101));
#4219=DIRECTION('',(0.466018383359509,-8.32667268468868E-17,-0.884775037154073));
#4220=DIRECTION('',(-0.466018383359509,5.07490473185599E-17,0.884775037154072));
#4221=DIRECTION('',(-0.466018383359509,5.07490473185599E-17,0.884775037154072));
#4222=DIRECTION('',(-0.884775037154072,0.,-0.466018383359509));
#4223=DIRECTION('',(-0.466018383359509,0.,0.884775037154072));
#4224=DIRECTION('',(0.884775037154072,0.,0.466018383359509));
#4225=DIRECTION('',(-0.466018383359509,0.,0.884775037154072));
#4226=DIRECTION('',(0.884775037154073,0.,0.466018383359509));
#4227=DIRECTION('',(-0.466018383359509,0.,0.884775037154073));
#4228=DIRECTION('',(0.884775037154073,0.,0.466018383359509));
#4229=DIRECTION('',(-0.466018383359509,0.,0.884775037154073));
#4230=DIRECTION('',(-2.77555756156289E-17,1.,-1.11022302462516E-16));
#4231=DIRECTION('',(0.884775037154073,6.12323399573677E-17,0.466018383359509));
#4232=DIRECTION('',(0.466018383359509,-8.5295153308595E-17,-0.884775037154072));
#4233=DIRECTION('',(-0.884775037154073,0.,-0.466018383359509));
#4234=DIRECTION('',(0.,1.,0.));
#4235=DIRECTION('',(-1.,0.,0.));
#4236=DIRECTION('',(0.,0.,1.));
#4237=DIRECTION('',(-1.,0.,0.));
#4238=DIRECTION('',(0.,0.,-1.));
#4239=DIRECTION('',(1.,0.,0.));
#4240=DIRECTION('',(0.,0.,1.));
#4241=DIRECTION('',(-6.12323399573676E-17,1.,0.));
#4242=DIRECTION('',(1.,6.12323399573676E-17,0.));
#4243=DIRECTION('',(-6.12323399573677E-17,1.,0.));
#4244=DIRECTION('',(0.,0.,-1.));
#4245=DIRECTION('',(0.,-1.,0.));
#4246=DIRECTION('',(0.,0.,-1.));
#4247=DIRECTION('',(-0.884775037154073,0.,-0.466018383359509));
#4248=DIRECTION('',(-0.466018383359509,0.,0.884775037154073));
#4249=DIRECTION('',(0.,-1.,0.));
#4250=DIRECTION('',(0.466018383359509,0.,-0.884775037154073));
#4251=DIRECTION('',(0.466018383359509,-5.07490473185599E-17,-0.884775037154073));
#4252=DIRECTION('',(-1.,0.,0.));
#4253=DIRECTION('',(0.,0.,1.));
#4254=DIRECTION('',(0.,0.,-1.));
#4255=DIRECTION('',(0.,-1.,0.));
#4256=DIRECTION('',(0.,0.,-1.));
#4257=DIRECTION('',(0.,1.,0.));
#4258=DIRECTION('',(0.,0.,-1.));
#4259=DIRECTION('',(0.,0.,-1.));
#4260=DIRECTION('',(-1.,0.,0.));
#4261=DIRECTION('',(0.,0.,-1.));
#4262=DIRECTION('',(1.33049609028798E-16,1.,7.00783375462908E-17));
#4263=DIRECTION('',(1.,-1.33049609028798E-16,0.));
#4264=DIRECTION('',(0.466018383359509,0.,-0.884775037154073));
#4265=DIRECTION('',(-0.884775037154073,1.50376766343634E-16,-0.466018383359509));
#4266=DIRECTION('',(0.466018383359509,1.23259516440783E-32,-0.884775037154073));
#4267=DIRECTION('',(0.,0.,1.));
#4268=DIRECTION('',(1.,0.,0.));
#4269=DIRECTION('',(0.707106781186548,-0.707106781186547,0.));
#4270=DIRECTION('',(0.707106781186548,0.707106781186548,0.));
#4271=DIRECTION('',(1.,0.,0.));
#4272=DIRECTION('',(0.707106781186548,-0.707106781186547,0.));
#4273=DIRECTION('',(2.62570090449543E-16,-1.,0.));
#4274=DIRECTION('',(-0.707106781186548,-0.707106781186548,0.));
#4275=DIRECTION('',(-1.,0.,0.));
#4276=DIRECTION('',(-0.707106781186548,0.707106781186548,0.));
#4277=DIRECTION('',(0.,1.,0.));
#4278=DIRECTION('',(0.707106781186548,0.707106781186548,0.));
#4279=DIRECTION('',(0.707106781186548,-0.707106781186547,0.));
#4280=DIRECTION('',(-0.707106781186548,0.122787803968974,-0.696364240320019));
#4281=DIRECTION('',(-0.701673843159863,0.,0.71249829320867));
#4282=DIRECTION('',(-0.707106781186548,0.122787803968973,-0.696364240320019));
#4283=DIRECTION('',(0.701673843159863,0.,-0.71249829320867));
#4284=DIRECTION('',(0.707106781186548,-0.122787803968973,0.696364240320019));
#4285=DIRECTION('',(-0.701673843159863,0.,0.71249829320867));
#4286=DIRECTION('',(0.707106781186547,0.122787803968974,-0.696364240320019));
#4287=DIRECTION('',(-0.701673843159864,0.,-0.712498293208669));
#4288=DIRECTION('',(0.707106781186548,0.122787803968973,-0.696364240320019));
#4289=DIRECTION('',(0.701673843159863,-0.243688768362523,0.669529388450742));
#4290=DIRECTION('',(-0.707106781186548,-0.122787803968973,0.696364240320019));
#4291=DIRECTION('',(-0.701673843159864,0.,-0.71249829320867));
#4292=DIRECTION('',(-2.09434005313332E-16,-0.573576436351044,-0.819152044288993));
#4293=DIRECTION('',(1.,5.14318831777002E-17,-2.91684704014394E-16));
#4294=DIRECTION('',(0.281084637714824,0.786126276788183,-0.550451544991815));
#4295=DIRECTION('',(-2.09434005313332E-16,-0.573576436351044,-0.819152044288993));
#4296=DIRECTION('',(-2.09434005313331E-16,0.819152044288993,-0.573576436351044));
#4297=DIRECTION('',(1.,5.14318831777002E-17,-2.91684704014394E-16));
#4298=DIRECTION('',(2.09434005313331E-16,-0.819152044288993,0.573576436351044));
#4299=DIRECTION('',(-1.,-5.14318831777002E-17,2.91684704014394E-16));
#4300=DIRECTION('',(-2.09434005313332E-16,-0.573576436351044,-0.819152044288993));
#4301=DIRECTION('',(1.,5.14318831777002E-17,-2.91684704014394E-16));
#4302=DIRECTION('',(1.,5.14318831777002E-17,-2.91684704014394E-16));
#4303=DIRECTION('',(-2.09434005313332E-16,-0.573576436351044,-0.819152044288993));
#4304=DIRECTION('',(-2.37189580928959E-16,0.819152044288993,-0.573576436351044));
#4305=DIRECTION('',(-0.281084637714822,0.786126276788183,-0.550451544991816));
#4306=DIRECTION('',(-1.,-5.14318831777002E-17,2.91684704014394E-16));
#4307=DIRECTION('',(0.0143847072078154,0.819067290515275,-0.573517091119795));
#4308=DIRECTION('',(-0.707106781186548,0.122787803968974,-0.696364240320019));
#4309=DIRECTION('',(-0.701673843159863,0.,0.71249829320867));
#4310=DIRECTION('',(0.707106781186548,-0.122787803968973,0.696364240320019));
#4311=DIRECTION('',(-0.701673843159863,0.,0.71249829320867));
#4312=DIRECTION('',(-0.707106781186548,0.122787803968973,-0.696364240320019));
#4313=DIRECTION('',(0.701673843159863,0.,-0.71249829320867));
#4314=DIRECTION('',(0.707106781186547,0.122787803968974,-0.696364240320019));
#4315=DIRECTION('',(-0.701673843159864,0.,-0.712498293208669));
#4316=DIRECTION('',(-0.707106781186548,-0.122787803968973,0.696364240320019));
#4317=DIRECTION('',(-0.701673843159864,0.,-0.71249829320867));
#4318=DIRECTION('',(0.707106781186548,0.122787803968973,-0.696364240320019));
#4319=DIRECTION('',(0.701673843159863,-0.243688768362523,0.669529388450742));
#4320=DIRECTION('',(-0.707106781186547,-0.12278780396897,0.69636424032002));
#4321=DIRECTION('',(0.701673843159865,0.,0.712498293208669));
#4322=DIRECTION('',(0.707106781186547,0.12278780396897,-0.69636424032002));
#4323=DIRECTION('',(0.701673843159865,0.,0.712498293208669));
#4324=DIRECTION('',(0.707106781186548,0.122787803968973,-0.696364240320019));
#4325=DIRECTION('',(0.701673843159864,0.,0.71249829320867));
#4326=DIRECTION('',(0.707106781186548,0.122787803968973,-0.696364240320019));
#4327=DIRECTION('',(0.701673843159864,0.,0.71249829320867));
#4328=DIRECTION('',(0.707106781186547,-0.12278780396897,0.69636424032002));
#4329=DIRECTION('',(0.701673843159865,0.,-0.712498293208669));
#4330=DIRECTION('',(-0.707106781186547,0.12278780396897,-0.69636424032002));
#4331=DIRECTION('',(0.701673843159865,0.,-0.712498293208669));
#4332=DIRECTION('',(-0.707106781186548,0.122787803968973,-0.696364240320019));
#4333=DIRECTION('',(0.701673843159863,0.,-0.71249829320867));
#4334=DIRECTION('',(-0.707106781186548,0.122787803968973,-0.696364240320019));
#4335=DIRECTION('',(0.701673843159863,0.,-0.71249829320867));
#4336=DIRECTION('',(-2.96184410736232E-16,0.17364817766693,-0.984807753012208));
#4337=DIRECTION('',(0.,-0.984807753012208,-0.17364817766693));
#4338=DIRECTION('',(6.16297582203916E-33,0.984807753012208,0.17364817766693));
#4339=DIRECTION('',(-3.35039435413616E-17,-0.984807753012208,-0.17364817766693));
#4340=DIRECTION('',(-3.35039435413616E-17,-0.984807753012208,-0.17364817766693));
#4341=DIRECTION('',(6.16297582203916E-33,0.984807753012208,0.17364817766693));
#4342=DIRECTION('',(1.,2.55671711709047E-16,-2.55671711709047E-16));
#4343=DIRECTION('',(-1.96261557335472E-17,0.984807753012208,0.17364817766693));
#4344=DIRECTION('',(-1.96261557335472E-17,0.984807753012208,0.17364817766693));
#4345=DIRECTION('',(-1.96261557335472E-17,0.984807753012208,0.17364817766693));
#4346=DIRECTION('',(-1.96261557335472E-17,0.984807753012208,0.17364817766693));
#4347=DIRECTION('',(0.0203409436608999,0.98460399786579,0.173612250137159));
#4348=DIRECTION('',(2.96184410736232E-16,-0.17364817766693,0.984807753012208));
#4349=DIRECTION('',(0.,0.984807753012208,0.17364817766693));
#4350=DIRECTION('',(4.11038440417999E-32,-0.984807753012208,-0.17364817766693));
#4351=DIRECTION('',(-0.707106781186548,-0.122787803968973,0.696364240320019));
#4352=DIRECTION('',(-0.0874861007547337,-0.962049343521648,-0.258470970912207));
#4353=DIRECTION('',(-8.71576399210525E-33,0.984807753012208,0.17364817766693));
#4354=DIRECTION('',(0.707106781186548,-0.122787803968973,0.696364240320019));
#4355=DIRECTION('',(-0.0874861007547337,-0.992432947456138,-0.0861569903040689));
#4356=DIRECTION('',(8.71576399210524E-33,-0.984807753012208,-0.17364817766693));
#4357=DIRECTION('',(-0.707106781186548,0.122787803968973,-0.696364240320019));
#4358=DIRECTION('',(-0.701673843159863,0.,0.71249829320867));
#4359=DIRECTION('',(0.707106781186548,0.122787803968973,-0.696364240320019));
#4360=DIRECTION('',(-1.38777878078145E-17,0.984807753012208,0.17364817766693));
#4361=DIRECTION('',(1.38777878078145E-17,0.984807753012208,0.17364817766693));
#4362=DIRECTION('',(0.707106781186548,0.122787803968973,-0.696364240320019));
#4363=DIRECTION('',(-0.701673843159864,0.,-0.71249829320867));
#4364=DIRECTION('',(0.707106781186548,-0.122787803968973,0.696364240320019));
#4365=DIRECTION('',(9.81307786677359E-18,0.984807753012208,0.17364817766693));
#4366=DIRECTION('',(9.81307786677359E-18,0.984807753012208,0.17364817766693));
#4367=DIRECTION('',(0.,-0.984807753012208,-0.17364817766693));
#4368=DIRECTION('',(-1.,0.,0.));
#4369=DIRECTION('',(2.96184410736232E-16,-0.17364817766693,0.984807753012208));
#4370=DIRECTION('',(0.,-0.984807753012208,-0.17364817766693));
#4371=DIRECTION('',(0.,0.17364817766693,-0.984807753012208));
#4372=DIRECTION('',(2.96184410736232E-16,-0.17364817766693,0.984807753012208));
#4373=DIRECTION('',(-0.707106781186548,-0.122787803968973,0.696364240320019));
#4374=DIRECTION('',(1.50376766343634E-16,-0.17364817766693,0.984807753012208));
#4375=DIRECTION('',(0.707106781186548,-0.122787803968973,0.696364240320019));
#4376=DIRECTION('',(1.,7.07188393693378E-17,-4.01066468019791E-16));
#4377=DIRECTION('',(0.707106781186547,0.122787803968973,-0.696364240320019));
#4378=DIRECTION('',(-4.51130299030902E-16,0.17364817766693,-0.984807753012208));
#4379=DIRECTION('',(-0.707106781186548,0.122787803968973,-0.696364240320019));
#4380=DIRECTION('',(0.707106781186547,-0.707106781186548,0.));
#4381=DIRECTION('',(-0.707106781186548,-0.707106781186548,0.));
#4382=DIRECTION('',(0.,0.,-1.));
#4383=DIRECTION('',(0.707106781186547,-0.707106781186548,0.));
#4384=DIRECTION('',(0.246793357328326,0.246793357328326,-0.937115829317393));
#4385=DIRECTION('',(-0.696541221820277,-0.696541221820277,-0.172222683204716));
#4386=DIRECTION('',(0.707106781186547,-0.707106781186548,0.));
#4387=DIRECTION('',(0.246793357328326,0.246793357328326,-0.937115829317393));
#4388=DIRECTION('',(7.00783375462908E-17,7.00783375462908E-17,-1.));
#4389=DIRECTION('',(0.608120402411343,0.608120402411343,-0.510273605374738));
#4390=DIRECTION('',(0.,0.,-1.));
#4391=DIRECTION('',(0.707106781186548,0.707106781186548,0.));
#4392=DIRECTION('',(0.707106781186547,-0.707106781186548,0.));
#4393=DIRECTION('',(-0.707106781186548,-0.707106781186548,0.));
#4394=DIRECTION('',(-0.707106781186548,-0.707106781186548,0.));
#4395=DIRECTION('',(-0.540716203060937,-0.540716203060937,-0.644400477571772));
#4396=DIRECTION('',(0.23339685882849,0.233396858828489,-0.943955408151248));
#4397=DIRECTION('',(0.707106781186547,-0.707106781186548,0.));
#4398=DIRECTION('',(0.196028580180987,0.196028580180987,-0.960804658348643));
#4399=DIRECTION('',(0.,-1.,0.));
#4400=DIRECTION('',(0.,0.,1.));
#4401=DIRECTION('',(0.,-1.,0.));
#4402=DIRECTION('',(-4.60288267487514E-32,0.,1.));
#4403=DIRECTION('',(1.,0.,-4.13536107444993E-16));
#4404=DIRECTION('',(0.,0.,1.));
#4405=DIRECTION('',(0.,-1.,0.));
#4406=DIRECTION('',(0.,0.,1.));
#4407=DIRECTION('',(1.,0.,0.));
#4408=DIRECTION('',(0.,-1.,0.));
#4409=DIRECTION('',(0.,0.,-1.));
#4410=DIRECTION('',(0.,0.,1.));
#4411=DIRECTION('',(1.,0.,-4.13536107444993E-16));
#4412=DIRECTION('',(0.,-1.,0.));
#4413=DIRECTION('',(0.,0.,1.));
#4414=DIRECTION('',(0.,0.,-1.));
#4415=DIRECTION('',(1.,0.,0.));
#4416=DIRECTION('',(0.,0.,-1.));
#4417=DIRECTION('',(-0.707106781186547,-0.707106781186548,0.));
#4418=DIRECTION('',(-0.707106781186548,0.707106781186548,0.));
#4419=DIRECTION('',(0.707106781186548,-0.707106781186548,0.));
#4420=DIRECTION('',(0.,0.,1.));
#4421=DIRECTION('',(0.707106781186548,-0.707106781186548,0.));
#4422=DIRECTION('',(0.,0.,1.));
#4423=DIRECTION('',(0.707106781186548,-0.707106781186548,0.));
#4424=DIRECTION('',(0.,0.,1.));
#4425=DIRECTION('',(-0.707106781186547,-0.707106781186548,0.));
#4426=DIRECTION('',(-0.686096888803443,0.686096888803443,0.241954785752365));
#4427=DIRECTION('',(-0.540716203060937,0.540716203060937,0.644400477571772));
#4428=DIRECTION('',(-0.707106781186548,0.707106781186548,0.));
#4429=DIRECTION('',(0.,0.,-1.));
#4430=DIRECTION('',(0.,0.,-1.));
#4431=DIRECTION('',(0.,0.,-1.));
#4432=DIRECTION('',(0.707106781186548,-0.707106781186548,0.));
#4433=DIRECTION('',(0.,0.,-1.));
#4434=DIRECTION('',(0.608120402411343,-0.608120402411343,0.510273605374737));
#4435=DIRECTION('',(-0.707106781186547,-0.707106781186548,0.));
#4436=DIRECTION('',(-0.686096888803443,0.686096888803443,0.241954785752365));
#4437=DIRECTION('',(1.48092205368116E-16,-1.48092205368116E-16,1.));
#4438=DIRECTION('',(1.33049609028798E-16,1.,7.00783375462908E-17));
#4439=DIRECTION('',(1.,-1.33049609028798E-16,0.));
#4440=DIRECTION('',(0.466018383359509,1.23259516440783E-32,-0.884775037154073));
#4441=DIRECTION('',(1.33049609028798E-16,1.,7.00783375462908E-17));
#4442=DIRECTION('',(-7.54561828792267E-16,-7.00783375462907E-17,1.));
#4443=DIRECTION('',(4.44276616104349E-16,-7.00783375462908E-17,1.));
#4444=DIRECTION('',(-1.,1.33049609028798E-16,3.73877058615585E-17));
#4445=DIRECTION('',(0.466018383359509,0.,-0.884775037154073));
#4446=DIRECTION('',(0.625630428596224,0.707106781186547,0.329524759031101));
#4447=DIRECTION('',(0.748937221148333,-0.662640957667584,0.));
#4448=DIRECTION('',(0.748937221148333,-0.662640957667584,0.));
#4449=DIRECTION('',(0.348551727793062,-0.63126311928756,0.692833722677968));
#4450=DIRECTION('',(0.625630428596224,0.707106781186547,0.329524759031101));
#4451=DIRECTION('',(-0.119421274906018,-0.330615815831084,0.936179331870859));
#4452=DIRECTION('',(0.466018383359509,2.77555756156289E-17,-0.884775037154073));
#4453=DIRECTION('',(0.466018383359509,-8.5295153308595E-17,-0.884775037154072));
#4454=DIRECTION('',(0.466018383359509,2.77555756156289E-17,-0.884775037154073));
#4455=DIRECTION('',(-0.625630428596224,0.707106781186548,-0.329524759031101));
#4456=DIRECTION('',(0.466018383359509,-5.55111512312578E-17,-0.884775037154073));
#4457=DIRECTION('',(0.5,0.5,0.707106781186548));
#4458=DIRECTION('',(-0.707106781186548,0.707106781186548,0.));
#4459=DIRECTION('',(0.678598344545846,0.281084637714822,-0.678598344545847));
#4460=DIRECTION('',(0.5,0.5,0.707106781186548));
#4461=DIRECTION('',(0.5,0.5,-0.707106781186548));
#4462=DIRECTION('',(0.5,0.5,0.707106781186548));
#4463=DIRECTION('',(0.863385706924188,-0.35149676940294,-0.361960138935651));
#4464=DIRECTION('',(0.701567869335432,0.244848336148605,-0.669217316722604));
#4465=DIRECTION('',(0.5,0.5,0.707106781186548));
#4466=DIRECTION('',(-0.390163103444737,0.858994391386657,-0.331513782936154));
#4467=DIRECTION('',(0.281084637714822,0.678598344545846,-0.678598344545847));
#4468=DIRECTION('',(0.707106781186548,-0.707106781186548,0.));
#4469=DIRECTION('',(0.,0.707106781186548,0.707106781186547));
#4470=DIRECTION('',(-1.,0.,0.));
#4471=DIRECTION('',(-0.281084637714822,0.678598344545846,-0.678598344545847));
#4472=DIRECTION('',(1.,0.,0.));
#4473=DIRECTION('',(0.,0.707106781186548,0.707106781186547));
#4474=DIRECTION('',(-3.42171583240135E-17,0.707106781186547,-0.707106781186548));
#4475=DIRECTION('',(0.,0.707106781186548,0.707106781186547));
#4476=DIRECTION('',(0.,0.707106781186547,-0.707106781186548));
#4477=DIRECTION('',(-0.5,0.5,0.707106781186548));
#4478=DIRECTION('',(-0.707106781186548,-0.707106781186548,0.));
#4479=DIRECTION('',(0.348551727793062,-0.63126311928756,0.692833722677968));
#4480=DIRECTION('',(0.707106781186548,0.707106781186548,0.));
#4481=DIRECTION('',(-0.5,0.5,0.707106781186548));
#4482=DIRECTION('',(0.390163103444737,0.858994391386656,-0.331513782936154));
#4483=DIRECTION('',(0.701567869335432,-0.244848336148605,0.669217316722604));
#4484=DIRECTION('',(-0.5,0.5,0.707106781186548));
#4485=DIRECTION('',(0.863385706924188,0.351496769402941,0.361960138935651));
#4486=DIRECTION('',(1.,2.62570090449543E-16,0.));
#4487=DIRECTION('',(2.62570090449543E-16,-1.,0.));
#4488=DIRECTION('',(0.,0.,-1.));
#4489=DIRECTION('',(1.,2.62570090449543E-16,0.));
#4490=DIRECTION('',(5.1373411159486E-32,-1.95655990640557E-16,-1.));
#4491=DIRECTION('',(-2.62570090449543E-16,1.,0.));
#4492=DIRECTION('',(0.466018383359509,0.,-0.884775037154073));
#4493=DIRECTION('',(0.884775037154073,0.,0.466018383359509));
#4494=DIRECTION('',(-0.625630428596224,0.707106781186548,-0.329524759031101));
#4495=DIRECTION('',(0.466018383359509,0.,-0.884775037154073));
#4496=DIRECTION('',(0.884775037154073,0.,0.466018383359509));
#4497=DIRECTION('',(-0.625630428596224,0.707106781186548,-0.329524759031101));
#4498=DIRECTION('',(0.625630428596224,0.707106781186548,0.329524759031101));
#4499=DIRECTION('',(0.,1.,0.));
#4500=DIRECTION('',(-0.625630428596224,0.707106781186548,-0.329524759031101));
#4501=DIRECTION('',(-0.884775037154073,0.,-0.466018383359509));
#4502=DIRECTION('',(-0.625630428596224,-0.707106781186547,-0.329524759031101));
#4503=DIRECTION('',(1.17718972771789E-16,-1.,6.20035637062151E-17));
#4504=DIRECTION('',(0.625630428596224,-0.707106781186548,0.329524759031101));
#4505=DIRECTION('',(0.884775037154073,-1.50376766343634E-16,0.466018383359509));
#4506=DIRECTION('',(0.625630428596224,0.707106781186548,0.329524759031101));
#4507=DIRECTION('',(-0.466018383359509,0.,0.884775037154072));
#4508=DIRECTION('',(0.884775037154073,0.,0.466018383359509));
#4509=DIRECTION('',(0.466018383359509,0.,-0.884775037154073));
#4510=DIRECTION('',(0.884775037154073,0.,0.466018383359509));
#4511=DIRECTION('',(-0.466018383359509,0.,0.884775037154072));
#4512=DIRECTION('',(-0.466018383359509,0.,0.884775037154072));
#4513=DIRECTION('',(-1.,0.,0.));
#4514=DIRECTION('',(0.,0.,1.));
#4515=DIRECTION('',(1.,0.,0.));
#4516=DIRECTION('',(0.,0.,1.));
#4517=DIRECTION('',(0.,0.,-1.));
#4518=DIRECTION('',(0.,1.,0.));
#4519=DIRECTION('',(0.,0.,-1.));
#4520=DIRECTION('',(-0.707106781186548,0.707106781186547,0.));
#4521=DIRECTION('',(0.707106781186548,0.707106781186548,0.));
#4522=DIRECTION('',(0.,0.,-1.));
#4523=DIRECTION('',(-0.707106781186548,-0.707106781186548,0.));
#4524=DIRECTION('',(2.86390752394225E-16,2.86390752394225E-16,-1.));
#4525=DIRECTION('',(-0.707106781186548,0.707106781186548,0.));
#4526=DIRECTION('',(-0.707106781186548,-0.707106781186548,0.));
#4527=DIRECTION('',(2.86390752394225E-16,2.86390752394225E-16,-1.));
#4528=DIRECTION('',(-0.707106781186548,-0.707106781186548,0.));
#4529=DIRECTION('',(0.,0.,-1.));
#4530=DIRECTION('',(0.,0.,1.));
#4531=DIRECTION('',(0.,0.,-1.));
#4532=DIRECTION('',(0.707106781186548,0.707106781186548,0.));
#4533=DIRECTION('',(0.,0.,-1.));
#4534=DIRECTION('',(0.,0.,-1.));
#4535=DIRECTION('',(0.,1.,0.));
#4536=DIRECTION('',(0.,0.,-1.));
#4537=DIRECTION('',(1.,0.,0.));
#4538=DIRECTION('',(0.,0.,-1.));
#4539=DIRECTION('',(0.,-1.,0.));
#4540=DIRECTION('',(0.,0.,-1.));
#4541=DIRECTION('',(0.,0.,-1.));
#4542=DIRECTION('',(0.707106781186547,0.707106781186548,0.));
#4543=DIRECTION('',(0.707106781186548,-0.707106781186547,0.));
#4544=DIRECTION('',(0.696541221820277,-0.696541221820277,0.172222683204714));
#4545=DIRECTION('',(0.707106781186547,0.707106781186548,0.));
#4546=DIRECTION('',(0.246793357328327,-0.246793357328326,-0.937115829317393));
#4547=DIRECTION('',(-0.707106781186548,0.707106781186547,0.));
#4548=DIRECTION('',(0.,0.,-1.));
#4549=DIRECTION('',(0.,0.,1.));
#4550=DIRECTION('',(0.,0.,-1.));
#4551=DIRECTION('',(0.707106781186548,-0.707106781186547,0.));
#4552=DIRECTION('',(-0.233396858828489,0.233396858828489,0.943955408151248));
#4553=DIRECTION('',(0.707106781186547,0.707106781186548,0.));
#4554=DIRECTION('',(0.246793357328327,-0.246793357328326,-0.937115829317393));
#4555=DIRECTION('',(0.,0.,1.));
#4556=DIRECTION('',(0.707106781186547,0.707106781186548,0.));
#4557=DIRECTION('',(0.246793357328326,-0.246793357328326,-0.937115829317393));
#4558=DIRECTION('',(1.,2.62570090449543E-16,0.));
#4559=DIRECTION('',(2.62570090449543E-16,-1.,0.));
#4560=DIRECTION('',(-2.62570090449543E-16,1.,0.));
#4561=DIRECTION('',(1.,2.62570090449543E-16,0.));
#4562=DIRECTION('',(3.63128800808475E-32,-1.38297854179342E-16,-1.));
#4563=DIRECTION('',(0.,0.,1.));
#4564=DIRECTION('',(1.,0.,0.));
#4565=DIRECTION('',(-0.748937221148333,-0.662640957667584,0.));
#4566=DIRECTION('',(-0.707106781186548,0.707106781186547,0.));
#4567=DIRECTION('',(-1.,0.,0.));
#4568=DIRECTION('',(-0.707106781186548,-0.707106781186548,0.));
#4569=DIRECTION('',(0.,-1.,0.));
#4570=DIRECTION('',(0.,0.,1.));
#4571=DIRECTION('',(-0.483362909132962,0.875420069494937,0.));
#4572=DIRECTION('',(0.,-1.,0.));
#4573=DIRECTION('',(0.,0.,1.));
#4574=DIRECTION('',(0.466018383359508,0.,-0.884775037154072));
#4575=DIRECTION('',(0.,0.,1.));
#4576=DIRECTION('',(0.466018383359509,0.,-0.884775037154072));
#4577=DIRECTION('',(0.884775037154073,0.,0.466018383359509));
#4578=DIRECTION('',(-0.884775037154073,0.,-0.466018383359509));
#4579=DIRECTION('',(-0.466018383359509,0.,0.884775037154073));
#4580=DIRECTION('',(0.466018383359509,-5.07490473185599E-17,-0.884775037154073));
#4581=DIRECTION('',(0.466018383359509,0.,-0.884775037154073));
#4582=DIRECTION('',(0.625630428596224,-0.707106781186548,0.329524759031101));
#4583=DIRECTION('',(-0.748937221148333,-0.662640957667584,0.));
#4584=DIRECTION('',(0.466018383359509,2.77555756156289E-17,-0.884775037154072));
#4585=DIRECTION('',(-0.233396858828489,0.233396858828489,0.943955408151248));
#4586=DIRECTION('',(-0.348551727793062,-0.631263119287559,-0.692833722677968));
#4587=DIRECTION('',(0.466018383359509,-1.62588397641635E-17,-0.884775037154073));
#4588=DIRECTION('',(0.625630428596224,0.707106781186547,0.329524759031101));
#4589=DIRECTION('',(0.884775037154073,1.33049609028798E-16,0.466018383359509));
#4590=DIRECTION('',(0.466018383359509,0.,-0.884775037154073));
#4591=DIRECTION('',(0.466018383359509,-7.85046229341888E-17,-0.884775037154073));
#4592=DIRECTION('',(-1.17718972771789E-16,1.,-6.20035637062151E-17));
#4593=DIRECTION('',(0.466018383359509,-2.7755575615629E-17,-0.884775037154073));
#4594=DIRECTION('',(-0.466018383359509,0.,0.884775037154073));
#4595=DIRECTION('',(0.884775037154073,0.,0.466018383359509));
#4596=DIRECTION('',(-0.625630428596224,-0.707106781186547,-0.329524759031101));
#4597=DIRECTION('',(-0.748937221148333,0.662640957667584,0.));
#4598=DIRECTION('',(-0.625630428596224,0.707106781186548,-0.329524759031101));
#4599=DIRECTION('',(-0.112862759545934,0.5,-0.858639620275979));
#4600=DIRECTION('',(-0.625630428596224,0.707106781186548,-0.329524759031101));
#4601=DIRECTION('',(0.748937221148333,0.662640957667584,0.));
#4602=DIRECTION('',(-0.625630428596224,0.707106781186548,-0.329524759031101));
#4603=DIRECTION('',(0.625630428596224,0.707106781186548,0.329524759031101));
#4604=DIRECTION('',(0.748937221148333,-0.662640957667584,0.));
#4605=DIRECTION('',(0.112862759545934,-0.5,0.858639620275979));
#4606=DIRECTION('',(-0.884775037154072,0.,-0.466018383359509));
#4607=DIRECTION('',(-0.466018383359509,0.,0.884775037154072));
#4608=DIRECTION('',(0.707106781186547,0.707106781186548,4.05017686174148E-16));
#4609=DIRECTION('',(0.707106781186548,-0.707106781186548,0.));
#4610=DIRECTION('',(0.707106781186548,-0.707106781186547,0.));
#4611=DIRECTION('',(-0.5,0.5,-0.707106781186548));
#4612=DIRECTION('',(0.707106781186548,-0.707106781186547,0.));
#4613=DIRECTION('',(-0.707106781186548,-0.707106781186548,0.));
#4614=DIRECTION('',(0.707106781186548,-0.707106781186547,0.));
#4615=DIRECTION('',(0.707106781186547,0.707106781186548,4.05017686174148E-16));
#4616=DIRECTION('',(0.707106781186548,-0.707106781186548,0.));
#4617=DIRECTION('',(0.5,-0.5,0.707106781186548));
#4618=DIRECTION('',(-0.771912277608137,0.5,0.392621236916468));
#4619=DIRECTION('',(0.625630428596224,0.707106781186548,0.329524759031101));
#4620=DIRECTION('',(-0.771912277608137,0.5,0.392621236916468));
#4621=DIRECTION('',(-0.112862759545934,0.5,-0.858639620275979));
#4622=DIRECTION('',(0.284167572032548,-0.281084637714819,0.916646178983939));
#4623=DIRECTION('',(-0.955155187627325,0.,0.296105669565123));
#4624=DIRECTION('',(0.,1.,0.));
#4625=DIRECTION('',(-0.955155187627325,0.,0.296105669565123));
#4626=DIRECTION('',(-0.296105669565123,0.,-0.955155187627325));
#4627=DIRECTION('',(-0.955155187627325,0.,0.296105669565123));
#4628=DIRECTION('',(-0.296105669565123,-7.17699909954213E-17,-0.955155187627325));
#4629=DIRECTION('',(0.284167572032549,0.281084637714818,0.916646178983939));
#4630=DIRECTION('',(-0.771912277608137,-0.5,0.392621236916468));
#4631=DIRECTION('',(-0.625630428596224,0.707106781186548,-0.329524759031101));
#4632=DIRECTION('',(-0.771912277608137,-0.5,0.392621236916468));
#4633=DIRECTION('',(-0.112862759545934,-0.5,-0.85863962027598));
#4634=DIRECTION('',(-0.771912277608137,-0.5,0.392621236916468));
#4635=DIRECTION('',(-0.112862759545934,-0.5,-0.858639620275979));
#4636=DIRECTION('',(-0.0675426326981298,0.678598344545848,0.731397483963296));
#4637=DIRECTION('',(-0.771912277608137,0.5,0.392621236916468));
#4638=DIRECTION('',(0.625630428596224,0.707106781186548,0.329524759031101));
#4639=DIRECTION('',(-0.0675426326981265,-0.678598344545847,0.731397483963298));
#4640=DIRECTION('',(-0.771912277608137,0.5,0.392621236916468));
#4641=DIRECTION('',(-0.112862759545934,0.5,-0.858639620275979));
#4642=DIRECTION('',(-0.329524759031101,-0.707106781186547,0.625630428596224));
#4643=DIRECTION('',(-0.884775037154073,0.,-0.466018383359509));
#4644=DIRECTION('',(-0.329524759031101,-0.707106781186547,0.625630428596224));
#4645=DIRECTION('',(0.329524759031101,-0.707106781186548,-0.625630428596224));
#4646=DIRECTION('',(-0.564935974253264,0.678598344545847,0.469416267053189));
#4647=DIRECTION('',(-0.329524759031101,-0.707106781186547,0.625630428596224));
#4648=DIRECTION('',(0.329524759031101,-0.707106781186548,-0.625630428596224));
#4649=DIRECTION('',(-0.3295247590311,0.707106781186548,0.625630428596223));
#4650=DIRECTION('',(0.884775037154073,-1.50376766343634E-16,0.466018383359509));
#4651=DIRECTION('',(-0.3295247590311,0.707106781186548,0.625630428596223));
#4652=DIRECTION('',(0.329524759031101,0.707106781186547,-0.625630428596225));
#4653=DIRECTION('',(-0.564935974253265,-0.678598344545846,0.469416267053189));
#4654=DIRECTION('',(-0.3295247590311,0.707106781186548,0.625630428596223));
#4655=DIRECTION('',(0.329524759031101,0.707106781186547,-0.625630428596225));
#4656=DIRECTION('',(0.112862759545934,-0.5,0.858639620275979));
#4657=DIRECTION('',(-0.625630428596224,-0.707106781186547,-0.329524759031101));
#4658=DIRECTION('',(0.112862759545934,-0.5,0.858639620275979));
#4659=DIRECTION('',(0.771912277608137,-0.5,-0.392621236916469));
#4660=DIRECTION('',(0.916646178983938,-0.281084637714822,-0.284167572032548));
#4661=DIRECTION('',(0.112862759545934,-0.5,0.858639620275979));
#4662=DIRECTION('',(0.771912277608137,-0.5,-0.392621236916469));
#4663=DIRECTION('',(0.112862759545936,0.5,0.858639620275978));
#4664=DIRECTION('',(0.625630428596224,-0.707106781186548,0.329524759031101));
#4665=DIRECTION('',(0.112862759545936,0.5,0.858639620275978));
#4666=DIRECTION('',(0.771912277608137,0.5,-0.39262123691647));
#4667=DIRECTION('',(-0.916646178983939,-0.28108463771482,0.284167572032549));
#4668=DIRECTION('',(0.112862759545936,0.5,0.858639620275978));
#4669=DIRECTION('',(0.771912277608137,0.5,-0.392621236916469));
#4670=DIRECTION('',(0.296105669565123,9.40802807784818E-17,0.955155187627325));
#4671=DIRECTION('',(1.17718972771789E-16,-1.,6.20035637062151E-17));
#4672=DIRECTION('',(0.296105669565123,9.40802807784818E-17,0.955155187627325));
#4673=DIRECTION('',(0.955155187627325,-1.69420216840338E-17,-0.296105669565123));
#4674=DIRECTION('',(0.296105669565123,9.40802807784818E-17,0.955155187627325));
#4675=DIRECTION('',(0.955155187627325,5.48279693113876E-17,-0.296105669565123));
#4676=DIRECTION('',(-0.5,-0.5,0.707106781186547));
#4677=DIRECTION('',(0.707106781186548,-0.707106781186547,0.));
#4678=DIRECTION('',(-0.5,-0.5,0.707106781186547));
#4679=DIRECTION('',(0.134753841579066,0.761633781356601,0.633841766749501));
#4680=DIRECTION('',(-0.5,-0.5,0.707106781186547));
#4681=DIRECTION('',(-0.5,-0.5,-0.707106781186548));
#4682=DIRECTION('',(-0.281084637714821,-0.678598344545846,-0.678598344545848));
#4683=DIRECTION('',(0.,-0.707106781186548,0.707106781186547));
#4684=DIRECTION('',(1.,0.,0.));
#4685=DIRECTION('',(0.,-0.707106781186548,0.707106781186547));
#4686=DIRECTION('',(0.,-0.707106781186547,-0.707106781186548));
#4687=DIRECTION('',(0.,-0.707106781186548,0.707106781186547));
#4688=DIRECTION('',(0.,-0.707106781186547,-0.707106781186548));
#4689=DIRECTION('',(0.281084637714821,-0.678598344545846,-0.678598344545848));
#4690=DIRECTION('',(0.5,-0.5,0.707106781186547));
#4691=DIRECTION('',(0.707106781186548,0.707106781186548,0.));
#4692=DIRECTION('',(0.5,-0.5,0.707106781186547));
#4693=DIRECTION('',(0.5,-0.5,-0.707106781186548));
#4694=DIRECTION('',(0.678598344545846,-0.281084637714821,-0.678598344545848));
#4695=DIRECTION('',(0.5,-0.5,0.707106781186547));
#4696=DIRECTION('',(0.5,-0.5,-0.707106781186548));
#4697=DIRECTION('',(0.707106781186548,0.,0.707106781186547));
#4698=DIRECTION('',(0.,1.,0.));
#4699=DIRECTION('',(0.707106781186548,0.,0.707106781186547));
#4700=DIRECTION('',(0.707106781186547,0.,-0.707106781186548));
#4701=DIRECTION('',(0.707106781186548,0.,0.707106781186547));
#4702=DIRECTION('',(0.707106781186547,0.,-0.707106781186548));
#4703=DIRECTION('',(-0.5,0.5,0.707106781186547));
#4704=DIRECTION('',(-0.707106781186548,-0.707106781186548,0.));
#4705=DIRECTION('',(0.678598344545846,-0.281084637714821,0.678598344545848));
#4706=DIRECTION('',(-0.5,0.5,0.707106781186547));
#4707=DIRECTION('',(-0.5,0.5,-0.707106781186548));
#4708=DIRECTION('',(-0.707106781186548,0.,0.707106781186547));
#4709=DIRECTION('',(0.,-1.,0.));
#4710=DIRECTION('',(-0.707106781186548,0.,0.707106781186547));
#4711=DIRECTION('',(-0.707106781186547,0.,-0.707106781186548));
#4712=DIRECTION('',(-0.678598344545846,-0.281084637714822,-0.678598344545847));
#4713=DIRECTION('',(-0.707106781186548,0.,0.707106781186547));
#4714=DIRECTION('',(-0.707106781186547,0.,-0.707106781186548));
#4715=DIRECTION('',(-0.5,-0.5,0.707106781186548));
#4716=DIRECTION('',(0.707106781186548,-0.707106781186548,0.));
#4717=DIRECTION('',(-0.281084637714822,-0.678598344545846,-0.678598344545847));
#4718=DIRECTION('',(-0.5,-0.5,0.707106781186548));
#4719=DIRECTION('',(-0.5,-0.5,-0.707106781186548));
#4720=DIRECTION('',(-0.5,-0.5,0.707106781186548));
#4721=DIRECTION('',(-0.5,-0.5,-0.707106781186548));
#4722=DIRECTION('',(0.,-0.707106781186548,0.707106781186547));
#4723=DIRECTION('',(1.,0.,0.));
#4724=DIRECTION('',(0.,-0.707106781186548,0.707106781186547));
#4725=DIRECTION('',(0.,-0.707106781186547,-0.707106781186548));
#4726=DIRECTION('',(0.281084637714822,-0.678598344545846,-0.678598344545847));
#4727=DIRECTION('',(0.,-0.707106781186548,0.707106781186547));
#4728=DIRECTION('',(0.,-0.707106781186547,-0.707106781186548));
#4729=DIRECTION('',(0.5,-0.5,0.707106781186548));
#4730=DIRECTION('',(0.707106781186548,0.707106781186548,0.));
#4731=DIRECTION('',(0.5,-0.5,0.707106781186548));
#4732=DIRECTION('',(0.5,-0.5,-0.707106781186548));
#4733=DIRECTION('',(0.678598344545846,-0.281084637714822,-0.678598344545847));
#4734=DIRECTION('',(0.707106781186548,1.85665091493637E-16,0.707106781186547));
#4735=DIRECTION('',(-2.62570090449543E-16,1.,0.));
#4736=DIRECTION('',(0.707106781186548,1.85665091493637E-16,0.707106781186547));
#4737=DIRECTION('',(0.707106781186547,4.42591839294152E-18,-0.707106781186548));
#4738=DIRECTION('',(0.707106781186548,1.85665091493637E-16,0.707106781186547));
#4739=DIRECTION('',(0.707106781186547,5.75576481641258E-17,-0.707106781186548));
#4740=DIRECTION('',(0.678598344545846,0.281084637714821,-0.678598344545847));
#4741=DIRECTION('',(0.5,0.5,0.707106781186547));
#4742=DIRECTION('',(-0.707106781186548,0.707106781186547,0.));
#4743=DIRECTION('',(0.281084637714821,0.678598344545846,-0.678598344545848));
#4744=DIRECTION('',(0.5,0.5,0.707106781186547));
#4745=DIRECTION('',(0.5,0.5,-0.707106781186548));
#4746=DIRECTION('',(0.,0.707106781186548,0.707106781186547));
#4747=DIRECTION('',(-1.,0.,0.));
#4748=DIRECTION('',(0.,0.707106781186548,0.707106781186547));
#4749=DIRECTION('',(0.,0.707106781186547,-0.707106781186548));
#4750=DIRECTION('',(-0.281084637714821,0.678598344545846,-0.678598344545848));
#4751=DIRECTION('',(0.,0.707106781186548,0.707106781186547));
#4752=DIRECTION('',(0.,0.707106781186547,-0.707106781186548));
#4753=DIRECTION('',(-0.5,0.5,0.707106781186547));
#4754=DIRECTION('',(-0.707106781186548,-0.707106781186548,0.));
#4755=DIRECTION('',(-0.5,0.5,0.707106781186547));
#4756=DIRECTION('',(-0.5,0.5,-0.707106781186548));
#4757=DIRECTION('',(1.,0.,0.));
#4758=DIRECTION('',(0.,-1.,0.));
#4759=DIRECTION('',(-1.,0.,0.));
#4760=DIRECTION('',(0.,0.,-1.));
#4761=DIRECTION('',(-1.,0.,0.));
#4762=DIRECTION('',(0.,0.,-1.));
#4763=DIRECTION('',(1.,0.,0.));
#4764=DIRECTION('',(0.,0.,-1.));
#4765=DIRECTION('',(-1.,0.,0.));
#4766=DIRECTION('',(0.,0.,-1.));
#4767=DIRECTION('',(-0.884775037154073,0.,-0.466018383359509));
#4768=DIRECTION('',(0.,1.,0.));
#4769=DIRECTION('',(4.07253564762319E-16,-0.17364817766693,0.984807753012208));
#4770=DIRECTION('',(0.,0.984807753012208,0.17364817766693));
#4771=DIRECTION('',(0.,0.984807753012208,0.17364817766693));
#4772=DIRECTION('',(1.,1.87258901736415E-34,-4.13536107444993E-16));
#4773=DIRECTION('',(-1.23259516440783E-32,0.984807753012208,0.17364817766693));
#4774=DIRECTION('',(-1.,-7.07188393693378E-17,4.01066468019791E-16));
#4775=DIRECTION('',(-1.23259516440783E-32,0.984807753012208,0.17364817766693));
#4776=DIRECTION('',(1.,1.87258901736415E-34,-4.13536107444993E-16));
#4777=DIRECTION('',(0.,0.984807753012208,0.17364817766693));
#4778=DIRECTION('',(4.07253564762319E-16,-0.17364817766693,0.984807753012208));
#4779=DIRECTION('',(1.98008621167523E-16,-0.984807753012208,-0.17364817766693));
#4780=DIRECTION('',(-1.,7.54173268078369E-16,5.46517202736288E-16));
#4781=DIRECTION('',(4.07253564762319E-16,-0.17364817766693,0.984807753012208));
#4782=DIRECTION('',(-1.98008621167523E-16,0.984807753012208,0.17364817766693));
#4783=DIRECTION('',(-0.707106781186547,-0.122787803968973,0.696364240320019));
#4784=DIRECTION('',(0.701673843159864,0.,0.712498293208669));
#4785=DIRECTION('',(0.608120402411343,-0.608120402411343,0.510273605374737));
#4786=DIRECTION('',(-0.707106781186547,-0.122787803968973,0.696364240320019));
#4787=DIRECTION('',(-0.686096888803443,-0.119139474443668,-0.717688543034876));
#4788=DIRECTION('',(9.8130778667736E-18,0.984807753012208,0.17364817766693));
#4789=DIRECTION('',(-0.707106781186548,0.122787803968973,-0.696364240320019));
#4790=DIRECTION('',(2.3690865674588E-17,0.984807753012208,0.17364817766693));
#4791=DIRECTION('',(-1.,-2.61126514390178E-17,1.48092205368116E-16));
#4792=DIRECTION('',(1.48092205368116E-16,0.,1.));
#4793=DIRECTION('',(-9.24446373305873E-33,0.984807753012208,0.17364817766693));
#4794=DIRECTION('',(1.48092205368116E-16,-1.48092205368116E-16,1.));
#4795=DIRECTION('',(3.08148791101958E-33,0.984807753012208,0.17364817766693));
#4796=DIRECTION('',(-1.50376766343634E-16,0.17364817766693,-0.984807753012208));
#4797=DIRECTION('',(-9.24446373305873E-33,0.984807753012208,0.17364817766693));
#4798=DIRECTION('',(8.71576399210524E-33,-0.984807753012208,-0.17364817766693));
#4799=DIRECTION('',(0.707106781186548,-0.122787803968973,0.696364240320019));
#4800=DIRECTION('',(0.701673843159863,0.,-0.71249829320867));
#4801=DIRECTION('',(0.608120402411343,0.608120402411343,-0.510273605374737));
#4802=DIRECTION('',(-0.701673843159863,4.8642551901015E-17,0.71249829320867));
#4803=DIRECTION('',(4.62223186652937E-33,0.984807753012208,0.17364817766693));
#4804=DIRECTION('',(-0.707106781186547,-0.122787803968973,0.696364240320019));
#4805=DIRECTION('',(9.8130778667736E-18,0.984807753012208,0.17364817766693));
#4806=DIRECTION('',(0.707106781186548,-0.122787803968973,0.696364240320019));
#4807=DIRECTION('',(0.686096888803443,-0.119139474443668,-0.717688543034876));
#4808=DIRECTION('',(-0.707106781186548,0.122787803968973,-0.696364240320019));
#4809=DIRECTION('',(-0.701673843159863,0.,0.71249829320867));
#4810=DIRECTION('',(-1.38777878078145E-17,0.984807753012208,0.17364817766693));
#4811=DIRECTION('',(-0.540716203060937,0.540716203060937,0.644400477571772));
#4812=DIRECTION('',(1.38777878078145E-17,0.984807753012208,0.17364817766693));
#4813=DIRECTION('',(1.,7.83379543170533E-17,-4.44276616104349E-16));
#4814=DIRECTION('',(-4.44276616104349E-16,0.,-1.));
#4815=DIRECTION('',(0.,0.984807753012208,0.17364817766693));
#4816=DIRECTION('',(4.44276616104349E-16,-7.00783375462908E-17,1.));
#4817=DIRECTION('',(-2.46519032881566E-32,0.984807753012208,0.17364817766693));
#4818=DIRECTION('',(1.,7.83379543170533E-17,-4.44276616104349E-16));
#4819=DIRECTION('',(6.16297582203916E-32,0.984807753012208,0.17364817766693));
#4820=DIRECTION('',(-4.51130299030902E-16,0.173648177666929,-0.984807753012208));
#4821=DIRECTION('',(1.,7.83379543170533E-17,-4.44276616104349E-16));
#4822=DIRECTION('',(-6.16297582203916E-32,-0.984807753012208,-0.17364817766693));
#4823=DIRECTION('',(-2.46519032881566E-32,0.984807753012208,0.17364817766693));
#4824=DIRECTION('',(1.23259516440783E-32,0.984807753012208,0.17364817766693));
#4825=DIRECTION('',(-8.71576399210525E-33,0.984807753012208,0.17364817766693));
#4826=DIRECTION('',(1.23259516440783E-32,0.984807753012208,0.17364817766693));
#4827=DIRECTION('',(4.51130299030902E-16,-0.17364817766693,0.984807753012208));
#4828=DIRECTION('',(0.707106781186548,0.122787803968973,-0.696364240320019));
#4829=DIRECTION('',(-0.701673843159864,0.,-0.71249829320867));
#4830=DIRECTION('',(0.707106781186548,0.122787803968973,-0.696364240320019));
#4831=DIRECTION('',(-0.623206888556482,-0.357071760253696,-0.695782244732557));
#4832=DIRECTION('',(-0.540716203060937,-0.540716203060937,-0.644400477571772));
#4833=DIRECTION('',(9.81307786677359E-18,0.984807753012208,0.17364817766693));
#4834=DIRECTION('',(9.81307786677359E-18,0.984807753012208,0.17364817766693));
#4835=DIRECTION('',(0.,0.984807753012208,0.17364817766693));
#4836=DIRECTION('',(0.,0.17364817766693,-0.984807753012208));
#4837=DIRECTION('',(0.,0.984807753012208,0.17364817766693));
#4838=DIRECTION('',(0.999793101602019,-0.0200319190208387,-0.00353216779874126));
#4839=DIRECTION('',(0.0203409436608999,0.98460399786579,0.173612250137159));
#4840=DIRECTION('',(0.,-0.984807753012208,-0.17364817766693));
#4841=DIRECTION('',(0.,0.17364817766693,-0.984807753012208));
#4842=DIRECTION('',(0.,0.984807753012208,0.17364817766693));
#4843=DIRECTION('',(1.,0.,0.));
#4844=DIRECTION('',(1.,5.14318831777003E-17,-2.91684704014394E-16));
#4845=DIRECTION('',(-2.91684704014394E-16,0.,-1.));
#4846=DIRECTION('',(2.96184410736232E-16,-0.17364817766693,0.984807753012208));
#4847=DIRECTION('',(-0.999793101602019,0.0200319190208387,0.00353216779874126));
#4848=DIRECTION('',(0.0200320439832159,0.999799338474403,0.));
#4849=DIRECTION('',(2.96184410736232E-16,-0.17364817766693,0.984807753012208));
#4850=DIRECTION('',(2.96184410736232E-16,-0.17364817766693,0.984807753012208));
#4851=DIRECTION('',(0.,0.984807753012208,0.17364817766693));
#4852=DIRECTION('',(0.707106781186548,-0.122787803968973,0.696364240320019));
#4853=DIRECTION('',(-0.0874861007547337,-0.992432947456138,-0.0861569903040689));
#4854=DIRECTION('',(0.707106781186548,-0.122787803968973,0.696364240320019));
#4855=DIRECTION('',(0.701673843159864,0.,-0.71249829320867));
#4856=DIRECTION('',(-0.707106781186548,-0.122787803968973,0.696364240320019));
#4857=DIRECTION('',(-0.0874861007547337,-0.962049343521648,-0.258470970912207));
#4858=DIRECTION('',(-0.707106781186548,-0.122787803968973,0.696364240320019));
#4859=DIRECTION('',(0.701673843159864,0.,0.71249829320867));
#4860=DIRECTION('',(-0.5,-0.609540151486552,-0.615191680475077));
#4861=DIRECTION('',(0.707106781186548,0.122787803968973,-0.696364240320019));
#4862=DIRECTION('',(-0.5,-0.609540151486552,-0.615191680475077));
#4863=DIRECTION('',(-0.5,0.783188329153485,-0.36961607253713));
#4864=DIRECTION('',(-0.5,-0.609540151486552,-0.615191680475077));
#4865=DIRECTION('',(-0.5,0.783188329153485,-0.36961607253713));
#4866=DIRECTION('',(-0.678598344545849,0.717098745999347,-0.158976964575996));
#4867=DIRECTION('',(-0.707106781186547,-0.69636424032002,-0.122787803968973));
#4868=DIRECTION('',(-1.50376766343634E-16,0.17364817766693,-0.984807753012208));
#4869=DIRECTION('',(-0.707106781186547,-0.69636424032002,-0.122787803968973));
#4870=DIRECTION('',(-0.707106781186548,0.696364240320019,0.122787803968973));
#4871=DIRECTION('',(-0.707106781186547,-0.69636424032002,-0.122787803968973));
#4872=DIRECTION('',(-0.707106781186548,0.696364240320018,0.122787803968973));
#4873=DIRECTION('',(-0.678598344545848,0.619479075780652,0.394651696372363));
#4874=DIRECTION('',(-0.5,-0.783188329153484,0.369616072537132));
#4875=DIRECTION('',(-0.707106781186548,0.122787803968973,-0.696364240320019));
#4876=DIRECTION('',(-0.5,-0.783188329153484,0.369616072537132));
#4877=DIRECTION('',(-0.5,0.609540151486554,0.615191680475077));
#4878=DIRECTION('',(-0.281084637714826,0.55045154499182,0.786126276788178));
#4879=DIRECTION('',(-0.5,-0.783188329153484,0.369616072537132));
#4880=DIRECTION('',(-0.5,0.609540151486554,0.615191680475077));
#4881=DIRECTION('',(2.87971757305832E-16,-0.819152044288989,0.57357643635105));
#4882=DIRECTION('',(-1.,-7.07188393693378E-17,4.01066468019791E-16));
#4883=DIRECTION('',(2.87971757305832E-16,-0.819152044288989,0.57357643635105));
#4884=DIRECTION('',(2.87971757305829E-16,0.57357643635105,0.81915204428899));
#4885=DIRECTION('',(0.281084637714825,0.55045154499182,0.786126276788178));
#4886=DIRECTION('',(2.87971757305832E-16,-0.819152044288989,0.57357643635105));
#4887=DIRECTION('',(2.87971757305829E-16,0.57357643635105,0.81915204428899));
#4888=DIRECTION('',(0.5,-0.783188329153484,0.369616072537132));
#4889=DIRECTION('',(-0.707106781186547,-0.122787803968973,0.696364240320019));
#4890=DIRECTION('',(0.5,-0.783188329153484,0.369616072537132));
#4891=DIRECTION('',(0.5,0.609540151486555,0.615191680475076));
#4892=DIRECTION('',(-0.678598344545848,-0.619479075780652,-0.394651696372362));
#4893=DIRECTION('',(0.5,-0.783188329153484,0.369616072537132));
#4894=DIRECTION('',(0.5,0.609540151486555,0.615191680475076));
#4895=DIRECTION('',(0.5,-0.609540151486554,-0.615191680475077));
#4896=DIRECTION('',(0.707106781186548,-0.122787803968973,0.696364240320019));
#4897=DIRECTION('',(0.678598344545848,0.717098745999347,-0.158976964575999));
#4898=DIRECTION('',(0.5,-0.609540151486554,-0.615191680475077));
#4899=DIRECTION('',(0.5,0.783188329153485,-0.369616072537131));
#4900=DIRECTION('',(0.5,-0.609540151486554,-0.615191680475077));
#4901=DIRECTION('',(0.5,0.783188329153485,-0.369616072537131));
#4902=DIRECTION('',(0.707106781186547,-0.69636424032002,-0.122787803968973));
#4903=DIRECTION('',(4.51130299030902E-16,-0.17364817766693,0.984807753012208));
#4904=DIRECTION('',(0.707106781186547,-0.69636424032002,-0.122787803968973));
#4905=DIRECTION('',(0.707106781186548,0.696364240320018,0.122787803968972));
#4906=DIRECTION('',(0.707106781186547,-0.69636424032002,-0.122787803968973));
#4907=DIRECTION('',(0.707106781186548,0.696364240320018,0.122787803968972));
#4908=DIRECTION('',(6.12323399573677E-17,-1.,0.));
#4909=DIRECTION('',(-1.,-6.12323399573677E-17,0.));
#4910=DIRECTION('',(-6.12323399573677E-17,1.,0.));
#4911=DIRECTION('',(-1.,-6.12323399573677E-17,0.));
#4912=DIRECTION('',(-6.12323399573677E-17,1.,0.));
#4913=DIRECTION('',(0.,0.,-1.));
#4914=DIRECTION('',(-2.77555756156289E-17,1.,-1.11022302462516E-16));
#4915=DIRECTION('',(0.,-1.11022302462516E-16,-1.));
#4916=DIRECTION('',(-2.77555756156289E-17,1.,-1.11022302462516E-16));
#4917=DIRECTION('',(0.884775037154073,6.12323399573677E-17,0.466018383359509));
#4918=DIRECTION('',(6.12323399573677E-17,-1.,0.));
#4919=DIRECTION('',(-1.,-6.12323399573677E-17,0.));
#4920=DIRECTION('',(-6.12323399573677E-17,1.,0.));
#4921=DIRECTION('',(0.,0.,-1.));
#4922=DIRECTION('',(-6.12323399573676E-17,1.,0.));
#4923=DIRECTION('',(1.,6.12323399573676E-17,0.));
#4924=DIRECTION('',(-1.,0.,0.));
#4925=DIRECTION('',(0.,0.,1.));
#4926=DIRECTION('',(1.,0.,0.));
#4927=DIRECTION('',(0.,0.,-1.));
#4928=DIRECTION('',(1.,0.,0.));
#4929=DIRECTION('',(0.,0.,-1.));
#4930=DIRECTION('',(0.,-0.809742274849482,-0.586785691987788));
#4931=DIRECTION('',(1.,0.,0.));
#4932=DIRECTION('',(0.,0.,-1.));
#4933=DIRECTION('',(1.,0.,0.));
#4934=DIRECTION('',(0.,0.,-1.));
#4935=DIRECTION('',(1.,0.,0.));
#4936=DIRECTION('',(0.,0.,-1.));
#4937=DIRECTION('',(0.,-0.809742274849482,-0.586785691987788));
#4938=DIRECTION('',(0.,0.586785691987788,-0.809742274849482));
#4939=DIRECTION('',(0.,-0.809742274849482,-0.586785691987788));
#4940=DIRECTION('',(0.,-0.809742274849482,-0.586785691987788));
#4941=DIRECTION('',(0.,-0.809742274849482,-0.586785691987788));
#4942=DIRECTION('',(0.,-1.,0.));
#4943=DIRECTION('',(0.,0.,-1.));
#4944=DIRECTION('',(-0.707106781186548,0.707106781186548,0.));
#4945=DIRECTION('',(-0.707106781186548,-0.707106781186548,0.));
#4946=DIRECTION('',(0.707106781186548,0.707106781186548,0.));
#4947=DIRECTION('',(0.,0.,1.));
#4948=DIRECTION('',(0.707106781186548,0.707106781186548,0.));
#4949=DIRECTION('',(0.,0.,1.));
#4950=DIRECTION('',(1.,0.,0.));
#4951=DIRECTION('',(0.707106781186548,0.707106781186548,0.));
#4952=DIRECTION('',(0.707106781186548,-0.707106781186548,0.));
#4953=DIRECTION('',(-0.707106781186548,0.707106781186548,0.));
#4954=DIRECTION('',(-0.707106781186548,-0.707106781186548,0.));
#4955=DIRECTION('',(0.707106781186548,0.707106781186548,0.));
#4956=DIRECTION('',(0.,0.,1.));
#4957=DIRECTION('',(0.,0.,1.));
#4958=DIRECTION('',(1.,0.,0.));
#4959=DIRECTION('',(0.707106781186548,0.707106781186548,0.));
#4960=DIRECTION('',(0.707106781186548,-0.707106781186548,0.));
#4961=DIRECTION('',(-0.707106781186548,0.707106781186548,0.));
#4962=DIRECTION('',(-0.707106781186548,-0.707106781186548,0.));
#4963=DIRECTION('',(0.707106781186548,0.707106781186548,0.));
#4964=DIRECTION('',(0.,0.,1.));
#4965=DIRECTION('',(0.,0.,1.));
#4966=DIRECTION('',(1.,0.,0.));
#4967=DIRECTION('',(0.707106781186548,-0.707106781186548,0.));
#4968=DIRECTION('',(0.707106781186548,0.707106781186548,0.));
#4969=DIRECTION('',(-0.707106781186548,0.707106781186548,0.));
#4970=DIRECTION('',(1.37158804526545E-17,-0.17364817766693,0.984807753012208));
#4971=DIRECTION('',(0.,-0.984807753012208,-0.17364817766693));
#4972=DIRECTION('',(1.37158804526545E-17,-0.17364817766693,0.984807753012208));
#4973=DIRECTION('',(2.48070043972148E-15,0.984807753012208,0.17364817766693));
#4974=DIRECTION('',(1.37158804526545E-17,-0.17364817766693,0.984807753012208));
#4975=DIRECTION('',(0.949717455687398,-0.308351397761583,-0.0543706709645347));
#4976=DIRECTION('',(-0.384615384615385,-0.909053310472807,-0.160290625538705));
#4977=DIRECTION('',(1.37158804526545E-17,-0.17364817766693,0.984807753012208));
#4978=DIRECTION('',(0.,-0.984807753012208,-0.17364817766693));
#4979=DIRECTION('',(-0.384615384615385,-0.909053310472807,-0.160290625538705));
#4980=DIRECTION('',(1.37158804526545E-17,-0.17364817766693,0.984807753012208));
#4981=DIRECTION('',(0.949717455687398,-0.308351397761583,-0.0543706709645347));
#4982=DIRECTION('',(-0.923076923076923,0.378772212697004,0.0667877606411269));
#4983=DIRECTION('',(-0.384615384615385,-0.909053310472807,-0.160290625538705));
#4984=DIRECTION('',(-0.384615384615385,-0.909053310472807,-0.160290625538705));
#4985=DIRECTION('',(-0.384615384615385,-0.909053310472807,-0.160290625538705));
#4986=DIRECTION('',(0.466018383359509,0.,-0.884775037154072));
#4987=DIRECTION('',(-0.884775037154073,0.,-0.466018383359509));
#4988=DIRECTION('',(0.466018383359509,-5.07490473185599E-17,-0.884775037154072));
#4989=DIRECTION('',(-0.884775037154073,0.,-0.466018383359509));
#4990=DIRECTION('',(0.466018383359509,0.,-0.884775037154072));
#4991=DIRECTION('',(-0.884775037154073,0.,-0.466018383359509));
#4992=DIRECTION('',(0.466018383359509,0.,-0.884775037154072));
#4993=DIRECTION('',(-0.884775037154073,0.,-0.466018383359509));
#4994=DIRECTION('',(0.466018383359509,1.74315279842105E-32,-0.884775037154073));
#4995=DIRECTION('',(-0.884775037154073,0.,-0.466018383359509));
#4996=DIRECTION('',(0.466018383359509,-7.85046229341888E-17,-0.884775037154072));
#4997=DIRECTION('',(-0.884775037154072,0.,-0.466018383359509));
#4998=DIRECTION('',(0.466018383359509,-2.77555756156289E-17,-0.884775037154072));
#4999=DIRECTION('',(-0.884775037154073,0.,-0.466018383359509));
#5000=DIRECTION('',(0.466018383359509,0.,-0.884775037154072));
#5001=DIRECTION('',(-0.884775037154072,0.,-0.466018383359509));
#5002=DIRECTION('',(-0.687071829412823,-0.723322493862792,-0.0688249307985734));
#5003=DIRECTION('',(0.298059159310201,-0.194194570195715,-0.934585045064277));
#5004=DIRECTION('',(0.466018383359508,0.,-0.884775037154072));
#5005=DIRECTION('',(-0.884775037154073,0.,-0.466018383359509));
#5006=DIRECTION('',(-0.687071829412822,-0.723322493862792,-0.0688249307985735));
#5007=DIRECTION('',(0.298059159310201,-0.194194570195715,-0.934585045064277));
#5008=DIRECTION('',(0.466018383359509,-5.07490473185599E-17,-0.884775037154072));
#5009=DIRECTION('',(-0.884775037154073,0.,-0.466018383359509));
#5010=DIRECTION('',(-0.687071829412823,-0.723322493862792,-0.0688249307985736));
#5011=DIRECTION('',(0.298059159310201,-0.194194570195715,-0.934585045064277));
#5012=DIRECTION('',(0.466018383359509,0.,-0.884775037154072));
#5013=DIRECTION('',(-0.884775037154073,0.,-0.466018383359509));
#5014=DIRECTION('',(-0.687071829412823,0.723322493862792,-0.0688249307985734));
#5015=DIRECTION('',(0.298059159310201,0.194194570195715,-0.934585045064277));
#5016=DIRECTION('',(0.466018383359509,0.,-0.884775037154072));
#5017=DIRECTION('',(-0.884775037154073,0.,-0.466018383359509));
#5018=DIRECTION('',(-0.687071829412823,0.723322493862792,-0.0688249307985736));
#5019=DIRECTION('',(0.298059159310201,0.194194570195715,-0.934585045064277));
#5020=DIRECTION('',(0.,0.984807753012208,0.17364817766693));
#5021=DIRECTION('',(0.,-0.17364817766693,0.984807753012208));
#5022=DIRECTION('',(-1.71192738113055E-16,-0.998709990612939,0.0507775014145298));
#5023=DIRECTION('',(-6.7634781190877E-16,0.0507775014145298,0.998709990612939));
#5024=DIRECTION('',(8.71576399210525E-33,0.984807753012208,0.17364817766693));
#5025=DIRECTION('',(0.,-0.17364817766693,0.984807753012208));
#5026=DIRECTION('',(8.71576399210525E-33,0.984807753012208,0.17364817766693));
#5027=DIRECTION('',(0.,-0.17364817766693,0.984807753012208));
#5028=DIRECTION('',(0.,0.984807753012208,0.17364817766693));
#5029=DIRECTION('',(0.,-0.17364817766693,0.984807753012208));
#5030=DIRECTION('',(0.,0.984807753012208,0.17364817766693));
#5031=DIRECTION('',(0.,-0.17364817766693,0.984807753012208));
#5032=DIRECTION('',(-1.96261557335472E-17,0.984807753012208,0.17364817766693));
#5033=DIRECTION('',(0.,-0.17364817766693,0.984807753012208));
#5034=DIRECTION('',(-1.96261557335472E-17,0.984807753012208,0.17364817766693));
#5035=DIRECTION('',(0.,-0.17364817766693,0.984807753012208));
#5036=DIRECTION('',(-8.71576399210524E-33,0.984807753012208,0.17364817766693));
#5037=DIRECTION('',(0.,-0.17364817766693,0.984807753012208));
#5038=DIRECTION('',(0.,0.,-1.));
#5039=DIRECTION('',(-1.,0.,0.));
#5040=DIRECTION('',(-0.789576346349974,0.137108493672586,-0.59813915960039));
#5041=DIRECTION('',(0.589320060841636,-0.102334354627714,-0.801392254612271));
#5042=DIRECTION('',(-7.99282188506752E-33,0.984807753012208,0.17364817766693));
#5043=DIRECTION('',(0.,-0.17364817766693,0.984807753012208));
#5044=DIRECTION('',(2.33722881534387E-33,0.998709990612939,-0.0507775014145298));
#5045=DIRECTION('',(0.,0.0507775014145298,0.998709990612939));
#5046=DIRECTION('',(0.,0.,-1.));
#5047=DIRECTION('',(-1.,0.,0.));
#5048=DIRECTION('',(0.789576346349974,0.137108493672586,-0.59813915960039));
#5049=DIRECTION('',(-0.589320060841637,-0.102334354627714,-0.801392254612271));
#5050=DIRECTION('',(0.,0.984807753012208,0.17364817766693));
#5051=DIRECTION('',(0.,-0.17364817766693,0.984807753012208));
#5052=DIRECTION('',(0.,0.998709990612939,-0.0507775014145298));
#5053=DIRECTION('',(0.,0.0507775014145298,0.998709990612939));
#5054=DIRECTION('',(0.,0.984807753012208,0.17364817766693));
#5055=DIRECTION('',(0.,-0.17364817766693,0.984807753012208));
#5056=DIRECTION('',(0.789576346349974,0.612860721823573,-0.031159732516751));
#5057=DIRECTION('',(-0.589320060841636,0.771447131352274,0.239939970446687));
#5058=DIRECTION('',(-8.71576399210524E-33,0.984807753012208,0.17364817766693));
#5059=DIRECTION('',(0.,-0.17364817766693,0.984807753012208));
#5060=DIRECTION('',(0.789576346349974,0.612860721823573,-0.031159732516751));
#5061=DIRECTION('',(-0.589320060841637,0.771447131352274,0.239939970446687));
#5062=DIRECTION('',(0.,0.,-1.));
#5063=DIRECTION('',(-1.,0.,0.));
#5064=DIRECTION('',(0.,0.,-1.));
#5065=DIRECTION('',(-1.,0.,0.));
#5066=DIRECTION('',(0.,0.,-1.));
#5067=DIRECTION('',(-1.,0.,0.));
#5068=DIRECTION('',(0.,0.,-1.));
#5069=DIRECTION('',(-1.,0.,0.));
#5070=DIRECTION('',(0.,0.,-1.));
#5071=DIRECTION('',(-1.,0.,0.));
#5072=DIRECTION('',(0.,0.,-1.));
#5073=DIRECTION('',(-1.,0.,0.));
#5074=DIRECTION('',(0.,0.,-1.));
#5075=DIRECTION('',(-1.,0.,0.));
#5076=DIRECTION('',(0.,0.,-1.));
#5077=DIRECTION('',(-1.,0.,0.));
#5078=DIRECTION('',(0.466018383359509,1.74315279842105E-32,-0.884775037154073));
#5079=DIRECTION('',(-0.884775037154073,0.,-0.466018383359509));
#5080=DIRECTION('',(-0.233396858828489,0.233396858828489,0.943955408151248));
#5081=DIRECTION('',(0.970766459338721,0.,0.240026001556006));
#5082=DIRECTION('',(-0.233396858828489,0.233396858828489,0.943955408151248));
#5083=DIRECTION('',(0.970766459338721,0.,0.240026001556005));
#5084=DIRECTION('',(1.15648231731787E-15,-1.15648231731787E-15,1.));
#5085=DIRECTION('',(1.,0.,-1.15648231731787E-15));
#5086=DIRECTION('',(0.,0.,1.));
#5087=DIRECTION('',(1.,0.,0.));
#5088=DIRECTION('',(0.,0.,1.));
#5089=DIRECTION('',(1.,0.,0.));
#5090=DIRECTION('',(0.696541221820277,-0.696541221820277,0.172222683204715));
#5091=DIRECTION('',(0.707106781186548,0.707106781186548,0.));
#5092=DIRECTION('',(0.696541221820277,-0.696541221820277,0.172222683204714));
#5093=DIRECTION('',(0.707106781186547,0.707106781186548,0.));
#5094=DIRECTION('',(0.696541221820277,-0.696541221820275,0.172222683204725));
#5095=DIRECTION('',(0.707106781186546,0.707106781186549,0.));
#5096=DIRECTION('',(-1.,0.,4.13536107444993E-16));
#5097=DIRECTION('',(4.13536107444993E-16,0.,1.));
#5098=DIRECTION('',(1.,-5.09281384937091E-31,-2.93580730294965E-16));
#5099=DIRECTION('',(-2.93580730294965E-16,0.,-1.));
#5100=DIRECTION('',(0.991382334937684,7.57497373895092E-17,-0.13100025180703));
#5101=DIRECTION('',(-0.13100025180703,0.,-0.991382334937684));
#5102=DIRECTION('',(0.660117037208131,0.467638767442041,-0.587843074615026));
#5103=DIRECTION('',(-0.665041286557385,0.,-0.746806592883391));
#5104=DIRECTION('',(4.44276616104349E-16,-7.00783375462908E-17,1.));
#5105=DIRECTION('',(1.,0.,-4.44276616104349E-16));
#5106=DIRECTION('',(5.78241158658936E-16,0.,1.));
#5107=DIRECTION('',(1.,0.,-5.78241158658936E-16));
#5108=DIRECTION('',(0.608120402411343,0.608120402411345,-0.510273605374735));
#5109=DIRECTION('',(-0.707106781186549,0.707106781186546,0.));
#5110=DIRECTION('',(-0.701673843159864,-5.14994798259369E-17,0.71249829320867));
#5111=DIRECTION('',(0.71249829320867,0.,0.701673843159864));
#5112=DIRECTION('',(-0.696541221820278,-0.696541221820276,-0.172222683204715));
#5113=DIRECTION('',(0.707106781186546,-0.707106781186549,0.));
#5114=DIRECTION('',(-0.608120402411343,-0.608120402411343,0.510273605374738));
#5115=DIRECTION('',(0.707106781186548,-0.707106781186548,0.));
#5116=DIRECTION('',(0.608120402411343,0.608120402411344,-0.510273605374736));
#5117=DIRECTION('',(-0.707106781186548,0.707106781186547,0.));
#5118=DIRECTION('',(-0.701673843159863,4.34267346055206E-17,0.71249829320867));
#5119=DIRECTION('',(0.71249829320867,0.,0.701673843159863));
#5120=DIRECTION('',(-0.701673843159866,0.,0.712498293208667));
#5121=DIRECTION('',(0.712498293208667,0.,0.701673843159866));
#5122=DIRECTION('',(-0.696541221820277,-0.696541221820277,-0.172222683204716));
#5123=DIRECTION('',(0.707106781186548,-0.707106781186548,0.));
#5124=DIRECTION('',(-0.69654122182028,-0.696541221820278,-0.172222683204698));
#5125=DIRECTION('',(0.707106781186547,-0.707106781186549,0.));
#5126=DIRECTION('',(0.707106781186546,-0.707106781186549,2.31296463463574E-15));
#5127=DIRECTION('',(0.707106781186549,0.707106781186546,0.));
#5128=DIRECTION('',(1.73472347597681E-15,1.73472347597681E-15,-1.));
#5129=DIRECTION('',(-1.,0.,-1.73472347597681E-15));
#5130=DIRECTION('',(0.,0.,-1.));
#5131=DIRECTION('',(-1.,0.,0.));
#5132=DIRECTION('',(7.00783375462908E-17,7.00783375462908E-17,-1.));
#5133=DIRECTION('',(-1.,0.,-7.00783375462908E-17));
#5134=DIRECTION('',(0.,-0.809742274849482,-0.586785691987788));
#5135=DIRECTION('',(0.,0.586785691987788,-0.809742274849482));
#5136=DIRECTION('',(0.,0.809742274849482,0.586785691987788));
#5137=DIRECTION('',(0.,-0.586785691987788,0.809742274849482));
#5138=DIRECTION('',(-0.384615384615385,-0.909053310472807,-0.160290625538705));
#5139=DIRECTION('',(0.920961467995789,-0.389653659635119,0.));
#5140=DIRECTION('',(0.384615384615385,0.909053310472807,0.160290625538705));
#5141=DIRECTION('',(-0.920961467995789,0.389653659635119,0.));
#5142=DIRECTION('',(-0.348551727793062,0.63126311928756,-0.692833722677968));
#5143=DIRECTION('',(0.,0.739188573723194,0.673498517056326));
#5144=DIRECTION('',(0.540716203060937,0.540716203060937,0.644400477571772));
#5145=DIRECTION('',(0.766044443118978,0.,-0.64278760968654));
#5146=DIRECTION('',(0.540716203060937,-0.540716203060937,-0.644400477571772));
#5147=DIRECTION('',(-0.766044443118978,0.,-0.64278760968654));
#5148=DIRECTION('',(-0.540716203060937,0.540716203060936,0.644400477571772));
#5149=DIRECTION('',(0.766044443118978,0.,0.642787609686539));
#5150=DIRECTION('',(0.,0.,1.));
#5151=DIRECTION('',(1.,0.,0.));
#5152=DIRECTION('',(-1.48092205368116E-16,1.48092205368116E-16,-1.));
#5153=DIRECTION('',(-1.,0.,1.48092205368116E-16));
#5154=DIRECTION('',(2.89120579329468E-16,-2.89120579329468E-16,1.));
#5155=DIRECTION('',(1.,0.,-2.89120579329468E-16));
#5156=DIRECTION('',(0.608120402411344,-0.608120402411342,0.510273605374737));
#5157=DIRECTION('',(0.707106781186547,0.707106781186549,0.));
#5158=DIRECTION('',(-0.608120402411343,0.608120402411343,-0.510273605374737));
#5159=DIRECTION('',(-0.707106781186548,-0.707106781186548,0.));
#5160=DIRECTION('',(0.608120402411344,-0.608120402411341,0.510273605374737));
#5161=DIRECTION('',(0.707106781186546,0.707106781186549,0.));
#5162=DIRECTION('',(0.660117037208132,-0.467638767442042,0.587843074615025));
#5163=DIRECTION('',(0.665041286557383,0.,-0.746806592883392));
#5164=DIRECTION('',(0.991382334937684,7.57497373895102E-17,0.131000251807032));
#5165=DIRECTION('',(0.131000251807032,0.,-0.991382334937684));
#5166=DIRECTION('',(1.,5.09281384937091E-31,-2.93580730294965E-16));
#5167=DIRECTION('',(-2.93580730294965E-16,0.,-1.));
#5168=DIRECTION('',(-1.,0.,4.13536107444993E-16));
#5169=DIRECTION('',(4.13536107444993E-16,0.,1.));
#5170=CARTESIAN_POINT('',(0.,0.,0.));
#5171=CARTESIAN_POINT('',(-0.0449812285319225,0.0498464619280227,0.0431836648603117));
#5172=CARTESIAN_POINT('',(-0.044683317073473,0.0472323899501126,0.0370086797043971));
#5173=CARTESIAN_POINT('',(-0.04556034871169,0.0460695471755178,0.0361785255986359));
#5174=CARTESIAN_POINT('',(-0.046419790585464,0.0449101574448215,0.0353223855210278));
#5175=CARTESIAN_POINT('',(-0.0472308710876521,0.0437679238560524,0.0344112416209746));
#5176=CARTESIAN_POINT('',(-0.044683317073473,0.0472323899501126,0.0370086797043971));
#5177=CARTESIAN_POINT('',(-0.0472308710876516,0.0437679238560536,0.0344112416209727));
#5178=CARTESIAN_POINT('',(-0.0472940941633013,0.0472323899501126,0.0419654592631807));
#5179=CARTESIAN_POINT('',(-0.0463620573965823,0.0472323899501126,0.0401959091888726));
#5180=CARTESIAN_POINT('',(-0.0476577804393716,0.0457679238560454,0.0395134410672305));
#5181=CARTESIAN_POINT('',(-0.0446748221937998,0.0491393551468361,0.0410845900269725));
#5182=CARTESIAN_POINT('',(-0.0413727154533062,0.0491393551468361,0.0348152630683553));
#5183=CARTESIAN_POINT('',(-0.0371385719460935,0.0491393551468361,0.02677638603543));
#5184=CARTESIAN_POINT('',(-0.0351948424813729,0.0498464619280227,0.0246033890800762));
#5185=CARTESIAN_POINT('',(-0.0358873110889011,0.0505535687092092,0.0274354355534922));
#5186=CARTESIAN_POINT('',(-0.0401214545961137,0.0505535687092092,0.0354743125864175));
#5187=CARTESIAN_POINT('',(-0.0434235613366073,0.0505535687092092,0.0417436395450347));
#5188=CARTESIAN_POINT('',(-0.0434235613366073,0.0505535687092092,0.0417436395450347));
#5189=CARTESIAN_POINT('',(-0.0417363261338247,0.0524605339059327,0.0426323203831347));
#5190=CARTESIAN_POINT('',(-0.0426683629005438,0.0524605339059327,0.0444018704574428));
#5191=CARTESIAN_POINT('',(-0.0400575858107155,0.0524605339059327,0.0394450908986591));
#5192=CARTESIAN_POINT('',(-0.0364745935907054,0.0559250000000006,0.0400766625919557));
#5193=CARTESIAN_POINT('',(-0.0376861320088485,0.0547814644469625,0.0399230278713771));
#5194=CARTESIAN_POINT('',(-0.0388778371978687,0.0536224624348586,0.0396985495826499));
#5195=CARTESIAN_POINT('',(-0.0400575858107155,0.0524605339059328,0.0394450908986591));
#5196=CARTESIAN_POINT('',(-0.0364745935907047,0.055925,0.0400766625919532));
#5197=CARTESIAN_POINT('',(-0.0396030897834464,0.055925,0.0460163753458038));
#5198=CARTESIAN_POINT('',(-0.0355686126115405,0.055925,0.0383565816184897));
#5199=CARTESIAN_POINT('',(-0.034317199288162,0.055925,0.0359806683300365));
#5200=CARTESIAN_POINT('',(-0.0348644437702469,0.0557721769013289,0.0366917243100797));
#5201=CARTESIAN_POINT('',(-0.0352916258011486,0.0557720827981622,0.0375025633404456));
#5202=CARTESIAN_POINT('',(-0.0355686126115405,0.055925,0.0383565816184897));
#5203=CARTESIAN_POINT('',(-0.034317199288162,0.055925,0.0359806683300365));
#5204=CARTESIAN_POINT('',(-0.0396030897834464,0.055925,0.0460163753458038));
#5205=CARTESIAN_POINT('',(-0.0334112183089977,0.055925,0.034260587356573));
#5206=CARTESIAN_POINT('',(-0.0359587723231818,0.0524605339059327,0.031663149273145));
#5207=CARTESIAN_POINT('',(-0.0350817406849631,0.0536233766805299,0.0324933033789078));
#5208=CARTESIAN_POINT('',(-0.0342222988111873,0.0547827664112287,0.0333494434565176));
#5209=CARTESIAN_POINT('',(-0.0334112183089978,0.055925,0.034260587356573));
#5210=CARTESIAN_POINT('',(-0.0359587723231818,0.0524605339059327,0.031663149273145));
#5211=CARTESIAN_POINT('',(-0.0426683629005438,0.0524605339059327,0.0444018704574428));
#5212=CARTESIAN_POINT('',(-0.0242087184463618,0.0524605339059327,0.00935468521539617));
#5213=CARTESIAN_POINT('',(-0.0214899399507649,0.0550562332395817,0.00976280643117809));
#5214=CARTESIAN_POINT('',(-0.0242342127798065,0.0524107886961189,0.00929634318219761));
#5215=CARTESIAN_POINT('',(-0.0212844596586628,0.0583425176990805,0.0164245192246513));
#5216=CARTESIAN_POINT('',(-0.0262040474598209,0.0484496010907133,0.00453617248417367));
#5217=CARTESIAN_POINT('',(-0.0234597746307793,0.0510950456341761,0.00500263573315414));
#5218=CARTESIAN_POINT('',(-0.0241984626357847,0.049609600282149,0.00321757172139517));
#5219=CARTESIAN_POINT('',(-0.0131596889999768,0.0602508394375016,0.00509390929265519));
#5220=CARTESIAN_POINT('',(-0.0212410240833552,0.0524605339059327,0.0037202682394772));
#5221=CARTESIAN_POINT('',(-0.0426683629005438,0.0524605339059327,0.0444018704574428));
#5222=CARTESIAN_POINT('',(-0.0102183869428036,0.0524605339059327,-0.0172071340558177));
#5223=CARTESIAN_POINT('',(-0.021108039695337,0.0415708811533993,-0.0198996455073406));
#5224=CARTESIAN_POINT('',(-0.0154465308986237,0.0472323899501126,-0.0184998141615246));
#5225=CARTESIAN_POINT('',(-0.0472940941633013,0.0472323899501126,0.0419654592631807));
#5226=CARTESIAN_POINT('',(-0.0405845035859395,0.0472323899501126,0.0292267380788829));
#5227=CARTESIAN_POINT('',(-0.0441674958059495,0.0437679238560448,0.0285951663855864));
#5228=CARTESIAN_POINT('',(-0.0429559573878065,0.0449114594090828,0.028748801106165));
#5229=CARTESIAN_POINT('',(-0.0417642521987862,0.0460704614211868,0.0289732793948921));
#5230=CARTESIAN_POINT('',(-0.0405845035859395,0.0472323899501126,0.0292267380788829));
#5231=CARTESIAN_POINT('',(-0.0441674958059501,0.0437679238560453,0.0285951663855888));
#5232=CARTESIAN_POINT('',(-0.0503593672803987,0.0437679238560453,0.0403509543748196));
#5233=CARTESIAN_POINT('',(-0.0450734767851144,0.0437679238560453,0.0303152473590524));
#5234=CARTESIAN_POINT('',(-0.0463248901084929,0.0437679238560454,0.0326911606475054));
#5235=CARTESIAN_POINT('',(-0.0457823393878257,0.0439194361782944,0.0319862034537163));
#5236=CARTESIAN_POINT('',(-0.0453506401397041,0.0439209385233353,0.0311698099661621));
#5237=CARTESIAN_POINT('',(-0.0450734767851144,0.0437679238560454,0.0303152473590523));
#5238=CARTESIAN_POINT('',(-0.0463248901084929,0.0437679238560453,0.0326911606475054));
#5239=CARTESIAN_POINT('',(-0.0503593672803987,0.0437679238560453,0.0403509543748196));
#5240=CARTESIAN_POINT('',(-0.0362693248137201,0.053925,0.0477722971298198));
#5241=CARTESIAN_POINT('',(-0.0489164662209358,0.053925,0.0353172942185521));
#5242=CARTESIAN_POINT('',(-0.0135211940777126,0.053925,-0.000624007050615102));
#5243=CARTESIAN_POINT('',(-0.00925302666341051,0.053925,-0.00495801782708098));
#5244=CARTESIAN_POINT('',(-0.00925302666341051,0.053925,0.0477722971298198));
#5245=CARTESIAN_POINT('',(-0.0092530266634105,0.053925,-0.0114532682758124));
#5246=CARTESIAN_POINT('',(-0.0395402107575627,0.053925,0.0460494942525983));
#5247=CARTESIAN_POINT('',(-0.0173810639588031,0.053925,0.00397849312419399));
#5248=CARTESIAN_POINT('',(-0.0188843996898158,0.053925,0.00397849312419399));
#5249=CARTESIAN_POINT('',(-0.0154246886830261,0.053925,0.00397849312419399));
#5250=CARTESIAN_POINT('',(-0.008925,0.053925,0.00404309072928589));
#5251=CARTESIAN_POINT('',(0.,0.04,0.102781739804805));
#5252=CARTESIAN_POINT('',(0.,0.04,0.0211697642765114));
#5253=CARTESIAN_POINT('',(-0.00887665678110348,0.0472323899501126,0.0225033047662924));
#5254=CARTESIAN_POINT('',(-0.00887592757442276,0.0472332848480895,0.0225));
#5255=CARTESIAN_POINT('',(-0.00887665678110348,0.0472323899501126,0.0225033047662924));
#5256=CARTESIAN_POINT('',(-0.00915806788199793,0.0468870006978373,0.0237787367894669));
#5257=CARTESIAN_POINT('',(-0.00961219157273593,0.0462783892443025,0.0256619304052096));
#5258=CARTESIAN_POINT('',(-0.0102850060444047,0.0450737320075663,0.0279853424836923));
#5259=CARTESIAN_POINT('',(-0.0106481550817667,0.0442497755065966,0.0290091501945316));
#5260=CARTESIAN_POINT('',(-0.0108367779062141,0.0436968560441798,0.0293672664673395));
#5261=CARTESIAN_POINT('',(-0.0108367779062141,0.0436968560441798,0.0293672664673395));
#5262=CARTESIAN_POINT('',(0.,0.04,0.00879273353694146));
#5263=CARTESIAN_POINT('',(-0.0108367779062141,0.0363031439558201,0.0293672664673395));
#5264=CARTESIAN_POINT('',(-0.0108367779062141,0.0363031439558201,0.0293672664673395));
#5265=CARTESIAN_POINT('',(-0.0106464027898617,0.0357450879130297,0.0290058233211922));
#5266=CARTESIAN_POINT('',(-0.0102827767842951,0.0349222864767894,0.0279775623327279));
#5267=CARTESIAN_POINT('',(-0.00977804027065665,0.0340182080249559,0.0262352910993051));
#5268=CARTESIAN_POINT('',(-0.0093106804702303,0.0333209862372857,0.0244059353742706));
#5269=CARTESIAN_POINT('',(-0.0090173976630356,0.0329403480400399,0.0231411809098258));
#5270=CARTESIAN_POINT('',(-0.00887665678110347,0.0327676100498874,0.0225033047662924));
#5271=CARTESIAN_POINT('',(-0.00887665678110347,0.0327676100498874,0.0225033047662924));
#5272=CARTESIAN_POINT('',(0.,0.04,0.0211697642765114));
#5273=CARTESIAN_POINT('',(-0.00887592757442276,0.0327667151519105,0.0225));
#5274=CARTESIAN_POINT('',(0.,0.04,0.0225));
#5275=CARTESIAN_POINT('',(0.0073583287309231,0.0312274577067037,0.102781739804805));
#5276=CARTESIAN_POINT('',(0.00735832873092314,0.0312274577067037,-0.0225));
#5277=CARTESIAN_POINT('',(0.00735832873092314,0.0312274577067037,-0.00432842712474619));
#5278=CARTESIAN_POINT('',(0.,0.04,-0.0225));
#5279=CARTESIAN_POINT('',(0.00877254229329624,0.0326416712690768,-0.0225));
#5280=CARTESIAN_POINT('',(0.0087725422932962,0.0326416712690768,0.102781739804805));
#5281=CARTESIAN_POINT('',(0.00877254229329623,0.0326416712690768,-0.00432842712474619));
#5282=CARTESIAN_POINT('',(0.00877254229329623,0.0326416712690768,-0.00432842712474619));
#5283=CARTESIAN_POINT('',(0.00920319465491657,0.0331550916657691,-0.00409240893516806));
#5284=CARTESIAN_POINT('',(0.00984192664763277,0.034117066403125,-0.00315699105900118));
#5285=CARTESIAN_POINT('',(0.0100395811205488,0.0345005709081635,-0.000946936645518952));
#5286=CARTESIAN_POINT('',(0.00947520949133364,0.0334951939704341,0.000985433926330174));
#5287=CARTESIAN_POINT('',(0.00815109452785303,0.0318521421394246,0.0017569152235239));
#5288=CARTESIAN_POINT('',(0.00650627024569518,0.0305256247813622,0.000986901951590038));
#5289=CARTESIAN_POINT('',(0.00550081517776135,0.0299612575128283,-0.000942133631086334));
#5290=CARTESIAN_POINT('',(0.00587974461372434,0.0301560929799873,-0.00315290522031765));
#5291=CARTESIAN_POINT('',(0.00684489833352973,0.0307967969565862,-0.00409240433786844));
#5292=CARTESIAN_POINT('',(0.00735832873092314,0.0312274577067037,-0.00432842712474619));
#5293=CARTESIAN_POINT('',(0.0113624523922041,0.0384310708077533,-0.0140658608961011));
#5294=CARTESIAN_POINT('',(0.011493734882093,0.0400003672053523,-0.0147169583792457));
#5295=CARTESIAN_POINT('',(0.0113626080794237,0.0415674603708375,-0.0140663055869161));
#5296=CARTESIAN_POINT('',(0.0112296603888033,0.0422162058616863,-0.0125019673198271));
#5297=CARTESIAN_POINT('',(0.0113625974500279,0.041567714165188,-0.0109327831148714));
#5298=CARTESIAN_POINT('',(0.011493620001493,0.040000616357531,-0.0102840170297833));
#5299=CARTESIAN_POINT('',(0.0113629223809152,0.0384345541007499,-0.010931149699657));
#5300=CARTESIAN_POINT('',(0.0112296181512016,0.037783594690459,-0.0124984009691876));
#5301=CARTESIAN_POINT('',(0.0113624523922041,0.0384310708077533,-0.0140658608961011));
#5302=CARTESIAN_POINT('',(0.011493734882093,0.0400003672053523,-0.0147169583792457));
#5303=CARTESIAN_POINT('',(0.0113626080794237,0.0415674603708375,-0.0140663055869161));
#5304=CARTESIAN_POINT('',(0.01145,0.04,-0.0145));
#5305=CARTESIAN_POINT('',(-0.00156892919224671,0.0286375476077959,-0.0140658608961011));
#5306=CARTESIAN_POINT('',(3.67205352315236E-7,0.028506265117907,-0.0147169583792457));
#5307=CARTESIAN_POINT('',(0.00156746037083746,0.0286373919205763,-0.0140663055869161));
#5308=CARTESIAN_POINT('',(0.0022162058616863,0.0287703396111967,-0.0125019673198271));
#5309=CARTESIAN_POINT('',(0.00156771416518798,0.0286374025499721,-0.0109327831148714));
#5310=CARTESIAN_POINT('',(6.16357530987075E-7,0.028506379998507,-0.0102840170297833));
#5311=CARTESIAN_POINT('',(-0.0015654458992501,0.0286370776190848,-0.010931149699657));
#5312=CARTESIAN_POINT('',(-0.00221640530954101,0.0287703818487984,-0.0124984009691876));
#5313=CARTESIAN_POINT('',(-0.00156892919224671,0.0286375476077959,-0.0140658608961011));
#5314=CARTESIAN_POINT('',(3.67205352315236E-7,0.028506265117907,-0.0147169583792457));
#5315=CARTESIAN_POINT('',(0.00156746037083746,0.0286373919205763,-0.0140663055869161));
#5316=CARTESIAN_POINT('',(1.08392187141837E-18,0.02855,-0.0145));
#5317=CARTESIAN_POINT('',(-0.0456991834468036,0.04,0.0315032040032789));
#5318=CARTESIAN_POINT('',(-0.0456991834468037,0.04,0.0315032040032789));
#5319=CARTESIAN_POINT('',(-0.0472308710876572,0.0362320761439547,0.0344112416209691));
#5320=CARTESIAN_POINT('',(-0.0472308710876588,0.0362320761439552,0.0344112416209709));
#5321=CARTESIAN_POINT('',(-0.0464188660829493,0.0350885405909172,0.0353234240798741));
#5322=CARTESIAN_POINT('',(-0.0455596591753277,0.0339295385788132,0.0361791782791293));
#5323=CARTESIAN_POINT('',(-0.0446833170734731,0.0327676100498874,0.0370086797043971));
#5324=CARTESIAN_POINT('',(-0.044683317073473,0.0327676100498874,0.0370086797043971));
#5325=CARTESIAN_POINT('',(-0.044683317073473,0.0327676100498874,0.0370086797043971));
#5326=CARTESIAN_POINT('',(-0.0448741157865939,0.0330205871322257,0.0368280792241302));
#5327=CARTESIAN_POINT('',(-0.0453088125187999,0.0335947785858038,0.0366693886583196));
#5328=CARTESIAN_POINT('',(-0.0461090865686682,0.0347859318389403,0.0369192225338295));
#5329=CARTESIAN_POINT('',(-0.0465220808233199,0.0356902028308839,0.0373572199698042));
#5330=CARTESIAN_POINT('',(-0.0466997297235381,0.0363031439558203,0.0376945013258696));
#5331=CARTESIAN_POINT('',(-0.0466997297235379,0.0363031439558201,0.0376945013258701));
#5332=CARTESIAN_POINT('',(-0.0439296333724955,0.04,0.032435240769998));
#5333=CARTESIAN_POINT('',(-0.0466997297235379,0.0436968560441799,0.03769450132587));
#5334=CARTESIAN_POINT('',(-0.0466997297235379,0.0436968560441799,0.03769450132587));
#5335=CARTESIAN_POINT('',(-0.0465219279882535,0.0443103244951919,0.0373569297995962));
#5336=CARTESIAN_POINT('',(-0.0461125721128365,0.0452079256656481,0.0369216055027759));
#5337=CARTESIAN_POINT('',(-0.0453095216019052,0.0464044880219138,0.0366687855722228));
#5338=CARTESIAN_POINT('',(-0.0448738902072193,0.0469797119600012,0.036828292746238));
#5339=CARTESIAN_POINT('',(-0.044683317073473,0.0472323899501126,0.0370086797043971));
#5340=CARTESIAN_POINT('',(-0.0316091409801251,0.055925,0.0389245467582791));
#5341=CARTESIAN_POINT('',(-0.0316091409801251,0.055925,0.0389245467582791));
#5342=CARTESIAN_POINT('',(-0.029807063651246,0.0559249999999941,0.0435885061599892));
#5343=CARTESIAN_POINT('',(-0.0400575858107155,0.0524605339059327,0.0394450908986591));
#5344=CARTESIAN_POINT('',(-0.0398007289089862,0.052713510988271,0.0395002743602689));
#5345=CARTESIAN_POINT('',(-0.0393216715744131,0.0531720725265929,0.0398228656741532));
#5346=CARTESIAN_POINT('',(-0.0385445787952101,0.053763707850025,0.0409035117999873));
#5347=CARTESIAN_POINT('',(-0.0380147893813803,0.053925,0.0418380812487266));
#5348=CARTESIAN_POINT('',(-0.0376501232750098,0.053925,0.0424610044369295));
#5349=CARTESIAN_POINT('',(-0.03765012327501,0.053925,0.0424610044369296));
#5350=CARTESIAN_POINT('',(-0.0316091409801251,0.053925,0.0389245467582791));
#5351=CARTESIAN_POINT('',(-0.031108351387325,0.053925,0.0459066101913727));
#5352=CARTESIAN_POINT('',(-0.031108351387325,0.053925,0.0459066101913727));
#5353=CARTESIAN_POINT('',(-0.0303877680805036,0.053925,0.0458549262408816));
#5354=CARTESIAN_POINT('',(-0.029325198335684,0.05376568126516,0.0457636551311699));
#5355=CARTESIAN_POINT('',(-0.0279878657606226,0.0531729809548316,0.0457922460150367));
#5356=CARTESIAN_POINT('',(-0.0274500827708145,0.0527132118960441,0.0460055572852541));
#5357=CARTESIAN_POINT('',(-0.0272595096370683,0.0524605339059327,0.0461859442434132));
#5358=CARTESIAN_POINT('',(-0.0272595096370682,0.0524605339059327,0.0461859442434132));
#5359=CARTESIAN_POINT('',(-0.0272595096370682,0.0524605339059328,0.0461859442434132));
#5360=CARTESIAN_POINT('',(-0.0281365412752854,0.0536233766805278,0.0453557901376519));
#5361=CARTESIAN_POINT('',(-0.0289959831490596,0.0547827664112244,0.0444996500600436));
#5362=CARTESIAN_POINT('',(-0.0298070636512478,0.0559249999999938,0.0435885061599902));
#5363=CARTESIAN_POINT('',(-0.0456991834468036,0.04,0.0315032040032789));
#5364=CARTESIAN_POINT('',(-0.0405845035859395,0.0472323899501126,0.0292267380788829));
#5365=CARTESIAN_POINT('',(-0.0408413604876687,0.0469794128677743,0.0291715546172731));
#5366=CARTESIAN_POINT('',(-0.0412181113596748,0.0464052214141962,0.0289028489695646));
#5367=CARTESIAN_POINT('',(-0.0414647656403491,0.0452140681610598,0.0281015892201263));
#5368=CARTESIAN_POINT('',(-0.0413371859216717,0.0443097971691161,0.0275132615701914));
#5369=CARTESIAN_POINT('',(-0.0411595370214535,0.0436968560441797,0.027175980214126));
#5370=CARTESIAN_POINT('',(-0.0411595370214531,0.0436968560441799,0.0271759802141259));
#5371=CARTESIAN_POINT('',(-0.0439296333724955,0.04,0.032435240769998));
#5372=CARTESIAN_POINT('',(-0.0411595370214531,0.0363031439558201,0.0271759802141259));
#5373=CARTESIAN_POINT('',(-0.0411595370214531,0.0363031439558201,0.0271759802141259));
#5374=CARTESIAN_POINT('',(-0.0413373387567374,0.0356896755048081,0.0275135517403996));
#5375=CARTESIAN_POINT('',(-0.0414647721530796,0.0347920743343519,0.028097366955718));
#5376=CARTESIAN_POINT('',(-0.0412190097858268,0.0335955119780862,0.0289026053671428));
#5377=CARTESIAN_POINT('',(-0.0408410568083708,0.0330202880399988,0.0291716198601175));
#5378=CARTESIAN_POINT('',(-0.0405845035859395,0.0327676100498874,0.0292267380788829));
#5379=CARTESIAN_POINT('',(-0.0405845035859395,0.0327676100498874,0.0292267380788829));
#5380=CARTESIAN_POINT('',(-0.0405845035859395,0.0327676100498874,0.0292267380788829));
#5381=CARTESIAN_POINT('',(-0.0417651804659178,0.0339304528244846,0.0289730799648076));
#5382=CARTESIAN_POINT('',(-0.0429573367762521,0.0350898425551833,0.0287486261864498));
#5383=CARTESIAN_POINT('',(-0.0441674958059502,0.0362320761439546,0.0285951663855888));
#5384=CARTESIAN_POINT('',(-0.0441674958059501,0.0362320761439547,0.0285951663855888));
#5385=CARTESIAN_POINT('',(-0.0456991834468037,0.04,0.0315032040032789));
#5386=CARTESIAN_POINT('',(-0.0316091409801251,0.055925,0.0389245467582791));
#5387=CARTESIAN_POINT('',(-0.0267436883695447,0.0559250000000006,0.0377724309246026));
#5388=CARTESIAN_POINT('',(-0.0255321499514016,0.0547814644469625,0.0379260656451812));
#5389=CARTESIAN_POINT('',(-0.0243404447623814,0.0536224624348586,0.0381505439339083));
#5390=CARTESIAN_POINT('',(-0.0231606961495346,0.0524605339059328,0.0384040026178991));
#5391=CARTESIAN_POINT('',(-0.0267436883695453,0.055925,0.0377724309246049));
#5392=CARTESIAN_POINT('',(-0.0231606961495346,0.0524605339059327,0.0384040026178991));
#5393=CARTESIAN_POINT('',(-0.0231606961495346,0.0524605339059327,0.0384040026178991));
#5394=CARTESIAN_POINT('',(-0.0234175530512638,0.052713510988271,0.0383488191562893));
#5395=CARTESIAN_POINT('',(-0.023896610385837,0.0531720725265929,0.038026227842405));
#5396=CARTESIAN_POINT('',(-0.02467370316504,0.053763707850025,0.0369455817165708));
#5397=CARTESIAN_POINT('',(-0.0252034925788697,0.053925,0.0360110122678315));
#5398=CARTESIAN_POINT('',(-0.0255681586852403,0.053925,0.0353880890796287));
#5399=CARTESIAN_POINT('',(-0.0255681586852401,0.053925,0.0353880890796285));
#5400=CARTESIAN_POINT('',(-0.0316091409801251,0.053925,0.0389245467582791));
#5401=CARTESIAN_POINT('',(-0.0321099305729251,0.053925,0.0319424833251854));
#5402=CARTESIAN_POINT('',(-0.0321099305729251,0.053925,0.0319424833251854));
#5403=CARTESIAN_POINT('',(-0.0328305138797465,0.053925,0.0319941672756765));
#5404=CARTESIAN_POINT('',(-0.0338930836245661,0.05376568126516,0.0320854383853883));
#5405=CARTESIAN_POINT('',(-0.0352304161996275,0.0531729809548316,0.0320568475015215));
#5406=CARTESIAN_POINT('',(-0.0357681991894356,0.0527132118960441,0.0318435362313041));
#5407=CARTESIAN_POINT('',(-0.0359587723231818,0.0524605339059327,0.031663149273145));
#5408=CARTESIAN_POINT('',(-0.0316091409801251,0.055925,0.0389245467582791));
#5409=CARTESIAN_POINT('',(-0.0316091409801251,0.053925,0.0389245467582791));
#5410=CARTESIAN_POINT('',(-0.0316091409801251,0.053925,0.0389245467582791));
#5411=CARTESIAN_POINT('',(-0.0316091409801251,0.053925,0.0369245467582791));
#5412=CARTESIAN_POINT('',(-0.0316091409801251,0.055925,0.0389245467582791));
#5413=CARTESIAN_POINT('',(-0.0289010826720881,0.055925,0.0418684251865217));
#5414=CARTESIAN_POINT('',(-0.0289010826720881,0.055925,0.0418684251865217));
#5415=CARTESIAN_POINT('',(-0.0283538381900032,0.0557721769013289,0.0411573692064785));
#5416=CARTESIAN_POINT('',(-0.0279266561591015,0.0557720827981622,0.0403465301761125));
#5417=CARTESIAN_POINT('',(-0.0276496693487095,0.055925,0.0394925118980684));
#5418=CARTESIAN_POINT('',(-0.0276496693487095,0.055925,0.0394925118980684));
#5419=CARTESIAN_POINT('',(-0.0316091409801251,0.055925,0.0389245467582791));
#5420=CARTESIAN_POINT('',(-0.0449812285319225,0.0301535380719773,0.0431836648603117));
#5421=CARTESIAN_POINT('',(-0.0472940941633013,0.0327676100498874,0.0419654592631807));
#5422=CARTESIAN_POINT('',(-0.0154465308986237,0.0327676100498874,-0.0184998141615246));
#5423=CARTESIAN_POINT('',(-0.0211080396953371,0.0384291188466008,-0.0198996455073406));
#5424=CARTESIAN_POINT('',(-0.0102183869428036,0.0275394660940672,-0.0172071340558177));
#5425=CARTESIAN_POINT('',(-0.0426683629005438,0.0275394660940672,0.0444018704574428));
#5426=CARTESIAN_POINT('',(-0.0417363261338247,0.0275394660940672,0.0426323203831346));
#5427=CARTESIAN_POINT('',(-0.0404406030910355,0.026075,0.0433147885047767));
#5428=CARTESIAN_POINT('',(-0.0463620573965823,0.0327676100498874,0.0401959091888726));
#5429=CARTESIAN_POINT('',(-0.0472940941633013,0.0327676100498874,0.0419654592631807));
#5430=CARTESIAN_POINT('',(-0.0503593672803987,0.0362320761439547,0.0403509543748196));
#5431=CARTESIAN_POINT('',(-0.0463248901084929,0.0362320761439547,0.0326911606475054));
#5432=CARTESIAN_POINT('',(-0.0463248901084929,0.0362320761439547,0.0326911606475055));
#5433=CARTESIAN_POINT('',(-0.0457823393878257,0.0360805638217057,0.0319862034537163));
#5434=CARTESIAN_POINT('',(-0.0453506401397041,0.0360790614766647,0.0311698099661621));
#5435=CARTESIAN_POINT('',(-0.0450734767851144,0.0362320761439546,0.0303152473590523));
#5436=CARTESIAN_POINT('',(-0.0450734767851144,0.0362320761439547,0.0303152473590524));
#5437=CARTESIAN_POINT('',(-0.0503593672803987,0.0362320761439547,0.0403509543748196));
#5438=CARTESIAN_POINT('',(-0.0439296333724955,0.04,0.0324352407699979));
#5439=CARTESIAN_POINT('',(-0.0439296333724955,0.04,0.0324352407699979));
#5440=CARTESIAN_POINT('',(-0.0448616701392145,0.04,0.034204790844306));
#5441=CARTESIAN_POINT('',(-0.0456991834468036,0.04,0.0315032040032789));
#5442=CARTESIAN_POINT('',(-0.0456991834468036,0.04,0.0315032040032789));
#5443=CARTESIAN_POINT('',(-0.0195871404538968,0.055925,0.0160997691484779));
#5444=CARTESIAN_POINT('',(-0.0329355598439939,0.055925,0.0495282189138358));
#5445=CARTESIAN_POINT('',(-0.0336771829205754,0.04,0.00867842639347771));
#5446=CARTESIAN_POINT('',(0.01795,0.04,-0.0125));
#5447=CARTESIAN_POINT('',(0.01795,0.04,-0.0125));
#5448=CARTESIAN_POINT('',(0.01795,0.0446067063198509,-0.0144437738764183));
#5449=CARTESIAN_POINT('',(0.0179499999999938,0.0353932936801424,-0.0144437738764184));
#5450=CARTESIAN_POINT('',(0.0179499999999937,0.0353932936801428,-0.0144437738764196));
#5451=CARTESIAN_POINT('',(0.0167983273000178,0.034241620980167,-0.0146767976864397));
#5452=CARTESIAN_POINT('',(0.0156425064618101,0.0330858001419593,-0.0148717377310839));
#5453=CARTESIAN_POINT('',(0.0144855339059327,0.0319288275860818,-0.0150501690380093));
#5454=CARTESIAN_POINT('',(0.0144855339059327,0.0319288275860819,-0.0150501690380093));
#5455=CARTESIAN_POINT('',(0.0144855339059327,0.0319288275860819,-0.0150501690380093));
#5456=CARTESIAN_POINT('',(0.0147787299895869,0.032222023669736,-0.015004951577901));
#5457=CARTESIAN_POINT('',(0.0152472156602417,0.032841728715819,-0.0154050957791007));
#5458=CARTESIAN_POINT('',(0.015642971177688,0.0336654583510268,-0.0162008671554254));
#5459=CARTESIAN_POINT('',(0.0158929923888409,0.0345437680115791,-0.0170294848216997));
#5460=CARTESIAN_POINT('',(0.01595,0.0351518863729334,-0.0175659740443097));
#5461=CARTESIAN_POINT('',(0.01595,0.0354643614920146,-0.0178317898800384));
#5462=CARTESIAN_POINT('',(0.01595,0.0354643614920146,-0.0178317898800384));
#5463=CARTESIAN_POINT('',(0.01595,0.04,-0.0125));
#5464=CARTESIAN_POINT('',(0.01595,0.0445356385079854,-0.0178317898800384));
#5465=CARTESIAN_POINT('',(0.01595,0.0445356385079854,-0.0178317898800384));
#5466=CARTESIAN_POINT('',(0.01595,0.0448490659965854,-0.0175651638841271));
#5467=CARTESIAN_POINT('',(0.0158920817061792,0.0454582648270041,-0.0170275221922415));
#5468=CARTESIAN_POINT('',(0.0156459738164582,0.0463269906414551,-0.016208045422454));
#5469=CARTESIAN_POINT('',(0.0152454540982565,0.0471620518804609,-0.0154014766004513));
#5470=CARTESIAN_POINT('',(0.0147780760282134,0.0477786302916375,-0.0150050524335201));
#5471=CARTESIAN_POINT('',(0.0144855339059327,0.0480711724139181,-0.0150501690380101));
#5472=CARTESIAN_POINT('',(0.0144855339059327,0.0480711724139181,-0.0150501690380093));
#5473=CARTESIAN_POINT('',(0.0144855339059327,0.0480711724139181,-0.0150501690380093));
#5474=CARTESIAN_POINT('',(0.0156426628291942,0.0469140434906567,-0.0148717136157006));
#5475=CARTESIAN_POINT('',(0.0167987603248592,0.0457579459949916,-0.0146767100703156));
#5476=CARTESIAN_POINT('',(0.01795,0.0446067063198508,-0.0144437738764184));
#5477=CARTESIAN_POINT('',(8.03801440614198E-18,0.02205,-0.0125));
#5478=CARTESIAN_POINT('',(8.03801440614198E-18,0.02205,-0.0125));
#5479=CARTESIAN_POINT('',(0.00460670631985087,0.02205,-0.0144437738764183));
#5480=CARTESIAN_POINT('',(-0.00460670631985086,0.02205,-0.0144437738764182));
#5481=CARTESIAN_POINT('',(-0.00460670631985087,0.02205,-0.0144437738764182));
#5482=CARTESIAN_POINT('',(-0.00575837901982883,0.0232016726999779,-0.0146767976864389));
#5483=CARTESIAN_POINT('',(-0.00691419985803859,0.0243574935381877,-0.0148717377310836));
#5484=CARTESIAN_POINT('',(-0.0080711724139182,0.0255144660940674,-0.0150501690380093));
#5485=CARTESIAN_POINT('',(-0.00807117241391813,0.0255144660940673,-0.0150501690380093));
#5486=CARTESIAN_POINT('',(-0.00807117241391813,0.0255144660940673,-0.0150501690380093));
#5487=CARTESIAN_POINT('',(-0.007777976330264,0.0252212700104131,-0.015004951577901));
#5488=CARTESIAN_POINT('',(-0.00715827128418104,0.0247527843397583,-0.0154050957791007));
#5489=CARTESIAN_POINT('',(-0.00633454164897323,0.024357028822312,-0.0162008671554254));
#5490=CARTESIAN_POINT('',(-0.00545623198842091,0.0241070076111591,-0.0170294848216997));
#5491=CARTESIAN_POINT('',(-0.00484811362706661,0.02405,-0.0175659740443097));
#5492=CARTESIAN_POINT('',(-0.00453563850798539,0.02405,-0.0178317898800384));
#5493=CARTESIAN_POINT('',(-0.00453563850798539,0.02405,-0.0178317898800384));
#5494=CARTESIAN_POINT('',(7.91554972622724E-18,0.02405,-0.0125));
#5495=CARTESIAN_POINT('',(0.00453563850798539,0.02405,-0.0178317898800384));
#5496=CARTESIAN_POINT('',(0.00453563850798538,0.02405,-0.0178317898800384));
#5497=CARTESIAN_POINT('',(0.00484906599658535,0.02405,-0.0175651638841271));
#5498=CARTESIAN_POINT('',(0.0054582648270041,0.0241079182938208,-0.0170275221922416));
#5499=CARTESIAN_POINT('',(0.00632699064145509,0.0243540261835418,-0.016208045422454));
#5500=CARTESIAN_POINT('',(0.00716205188046093,0.0247545459017435,-0.0154014766004513));
#5501=CARTESIAN_POINT('',(0.00777863029163747,0.0252219239717866,-0.0150050524335202));
#5502=CARTESIAN_POINT('',(0.0080711724139181,0.0255144660940673,-0.0150501690380101));
#5503=CARTESIAN_POINT('',(0.00807117241391812,0.0255144660940673,-0.0150501690380093));
#5504=CARTESIAN_POINT('',(0.00807117241391812,0.0255144660940673,-0.0150501690380093));
#5505=CARTESIAN_POINT('',(0.00691404349065667,0.0243573371708058,-0.0148717136157006));
#5506=CARTESIAN_POINT('',(0.00575794599499163,0.0232012396751408,-0.0146767100703155));
#5507=CARTESIAN_POINT('',(0.00460670631985088,0.02205,-0.0144437738764183));
#5508=CARTESIAN_POINT('',(-0.0485898172060906,0.04,0.0412829911415386));
#5509=CARTESIAN_POINT('',(-0.0476577804393716,0.0342320761439547,0.0395134410672305));
#5510=CARTESIAN_POINT('',(-0.0476577804393716,0.0436968560441799,0.0395134410672305));
#5511=CARTESIAN_POINT('',(-0.0476577804393716,0.0363031439558201,0.0395134410672305));
#5512=CARTESIAN_POINT('',(-0.0485898172060906,0.0436968560441799,0.0412829911415386));
#5513=CARTESIAN_POINT('',(-0.0485898172060906,0.0363031439558201,0.0412829911415386));
#5514=CARTESIAN_POINT('',(0.01595,0.04,0.0225));
#5515=CARTESIAN_POINT('',(0.01595,0.0354643614920146,0.0225));
#5516=CARTESIAN_POINT('',(0.01595,0.0354643614920146,-0.0205));
#5517=CARTESIAN_POINT('',(0.01595,0.04,-0.0205));
#5518=CARTESIAN_POINT('',(0.01595,0.0445356385079854,-0.0205));
#5519=CARTESIAN_POINT('',(0.01595,0.0445356385079854,0.0225));
#5520=CARTESIAN_POINT('',(0.,0.02405,0.0225));
#5521=CARTESIAN_POINT('',(-0.00453563850798539,0.02405,0.0225));
#5522=CARTESIAN_POINT('',(-0.00453563850798539,0.02405,-0.0205));
#5523=CARTESIAN_POINT('',(0.,0.02405,-0.0205));
#5524=CARTESIAN_POINT('',(0.00453563850798538,0.02405,-0.0205));
#5525=CARTESIAN_POINT('',(0.00453563850798538,0.02405,0.0225));
#5526=CARTESIAN_POINT('',(-0.0362693248137201,0.053925,0.0477722971298198));
#5527=CARTESIAN_POINT('',(-0.0395402107575627,0.053925,0.0460494942525983));
#5528=CARTESIAN_POINT('',(-0.0386081739908436,0.053925,0.0442799441782902));
#5529=CARTESIAN_POINT('',(-0.0404406030910355,0.053925,0.0433147885047767));
#5530=CARTESIAN_POINT('',(-0.0320664021031586,0.053925,0.0477255499327332));
#5531=CARTESIAN_POINT('',(-0.0329984388698776,0.053925,0.0494951000070413));
#5532=CARTESIAN_POINT('',(-3.46944695195361E-18,0.04,-0.0225));
#5533=CARTESIAN_POINT('',(0.00703571247280615,0.0315500739648208,-0.0225));
#5534=CARTESIAN_POINT('',(0.00915703281636579,0.0294287536212611,-0.0225));
#5535=CARTESIAN_POINT('',(0.00986413959755234,0.0301358604024476,-0.0225));
#5536=CARTESIAN_POINT('',(0.00577827919510467,0.02605,-0.0225));
#5537=CARTESIAN_POINT('',(-3.46944695195361E-18,0.02605,-0.0225));
#5538=CARTESIAN_POINT('',(-0.00577827919510467,0.02605,-0.0225));
#5539=CARTESIAN_POINT('',(-0.00986413959755234,0.0301358604024476,-0.0225));
#5540=CARTESIAN_POINT('',(-0.01395,0.0342217208048953,-0.0225));
#5541=CARTESIAN_POINT('',(-0.01395,0.04,-0.0225));
#5542=CARTESIAN_POINT('',(-0.01395,0.0457782791951047,-0.0225));
#5543=CARTESIAN_POINT('',(-0.00986413959755234,0.0498641395975523,-0.0225));
#5544=CARTESIAN_POINT('',(-0.00577827919510467,0.05395,-0.0225));
#5545=CARTESIAN_POINT('',(-3.46944695195361E-18,0.05395,-0.0225));
#5546=CARTESIAN_POINT('',(0.00577827919510467,0.05395,-0.0225));
#5547=CARTESIAN_POINT('',(0.00986413959755233,0.0498641395975523,-0.0225));
#5548=CARTESIAN_POINT('',(0.01395,0.0457782791951047,-0.0225));
#5549=CARTESIAN_POINT('',(0.01395,0.04,-0.0225));
#5550=CARTESIAN_POINT('',(0.01395,0.0342217208048953,-0.0225));
#5551=CARTESIAN_POINT('',(0.00986413959755234,0.0301358604024476,-0.0225));
#5552=CARTESIAN_POINT('',(0.0105712463787389,0.0308429671836342,-0.0225));
#5553=CARTESIAN_POINT('',(0.00844992603517925,0.0329642875271939,-0.0225));
#5554=CARTESIAN_POINT('',(0.0112606754903958,0.0849395393545516,0.0244355759090034));
#5555=CARTESIAN_POINT('',(0.0112606754903958,0.0849395393545516,0.0244355759090034));
#5556=CARTESIAN_POINT('',(0.00859635098079155,0.087713704774347,0.0276301621312134));
#5557=CARTESIAN_POINT('',(0.013925,0.0886390149659592,0.022382467264016));
#5558=CARTESIAN_POINT('',(0.013925,0.0886390149659615,0.0223824672640172));
#5559=CARTESIAN_POINT('',(0.013925,0.0893419939989081,0.0208642699756837));
#5560=CARTESIAN_POINT('',(0.013925,0.0899779406230113,0.0193120427645446));
#5561=CARTESIAN_POINT('',(0.013925,0.0905838670110134,0.0177503196096102));
#5562=CARTESIAN_POINT('',(0.013925,0.0905838670110134,0.0177503196096102));
#5563=CARTESIAN_POINT('',(0.013925,0.0905838670110134,0.0177503196096102));
#5564=CARTESIAN_POINT('',(0.013925,0.0904519436732757,0.0180903406671194));
#5565=CARTESIAN_POINT('',(0.0138432373028143,0.090386360898005,0.0188203088383205));
#5566=CARTESIAN_POINT('',(0.0134193141092774,0.0907524213686326,0.0201649241924377));
#5567=CARTESIAN_POINT('',(0.0128939487318435,0.0911927639395981,0.0210076588336835));
#5568=CARTESIAN_POINT('',(0.0124605339059329,0.0914929166502075,0.0215006848031121));
#5569=CARTESIAN_POINT('',(0.0124605339059327,0.0914929166502079,0.0215006848031119));
#5570=CARTESIAN_POINT('',(0.00984646192802267,0.0851851149624895,0.0230428474283634));
#5571=CARTESIAN_POINT('',(0.00723238995011261,0.0905850589796993,0.0266494015046674));
#5572=CARTESIAN_POINT('',(0.00723238995011261,0.0905850589796993,0.0266494015046674));
#5573=CARTESIAN_POINT('',(0.00679860224835799,0.0901339951536242,0.0270103463583792));
#5574=CARTESIAN_POINT('',(0.00605124701615197,0.0894761613330683,0.0274244504017933));
#5575=CARTESIAN_POINT('',(0.00478604725127938,0.088813173199496,0.027741129738872));
#5576=CARTESIAN_POINT('',(0.00405419668470857,0.0887380526370847,0.0278107822970451));
#5577=CARTESIAN_POINT('',(0.00369685604417988,0.0888077684521702,0.0278230750762267));
#5578=CARTESIAN_POINT('',(0.00369685604417987,0.0888077684521702,0.0278230750762267));
#5579=CARTESIAN_POINT('',(0.00369685604417987,0.0888077684521702,0.0278230750762268));
#5580=CARTESIAN_POINT('',(0.00534136406692277,0.0884869311215757,0.0277665027984245));
#5581=CARTESIAN_POINT('',(0.00698098874815301,0.088135378727548,0.0277045146262247));
#5582=CARTESIAN_POINT('',(0.00859635098079155,0.087713704774347,0.0276301621312134));
#5583=CARTESIAN_POINT('',(-0.0112606754903958,0.0849395393545516,0.0244355759090034));
#5584=CARTESIAN_POINT('',(-0.0112606754903958,0.0849395393545516,0.0244355759090034));
#5585=CARTESIAN_POINT('',(-0.0139250000000012,0.0886390149659618,0.022382467264005));
#5586=CARTESIAN_POINT('',(-0.00859635098079154,0.087713704774347,0.0276301621312134));
#5587=CARTESIAN_POINT('',(-0.00859635098079236,0.0877137047743494,0.0276301621312138));
#5588=CARTESIAN_POINT('',(-0.00697914749263013,0.0881358593686601,0.0277045993762208));
#5589=CARTESIAN_POINT('',(-0.00534007112829492,0.0884871833690395,0.0277665472764581));
#5590=CARTESIAN_POINT('',(-0.00369685604417989,0.0888077684521702,0.0278230750762267));
#5591=CARTESIAN_POINT('',(-0.00369685604417987,0.0888077684521702,0.0278230750762267));
#5592=CARTESIAN_POINT('',(-0.00369685604417987,0.0888077684521702,0.0278230750762267));
#5593=CARTESIAN_POINT('',(-0.00405461966499233,0.0887379701152221,0.0278107677462142));
#5594=CARTESIAN_POINT('',(-0.0047848863088554,0.0888133947552366,0.027741043126677));
#5595=CARTESIAN_POINT('',(-0.0060455082007689,0.0894719734101503,0.0274267054203441));
#5596=CARTESIAN_POINT('',(-0.00679897512420235,0.0901343828797032,0.0270100360968933));
#5597=CARTESIAN_POINT('',(-0.00723238995011291,0.090585058979699,0.0266494015046676));
#5598=CARTESIAN_POINT('',(-0.00723238995011261,0.0905850589796993,0.0266494015046674));
#5599=CARTESIAN_POINT('',(-0.00984646192802268,0.0851851149624895,0.0230428474283634));
#5600=CARTESIAN_POINT('',(-0.0124605339059327,0.0914929166502079,0.0215006848031119));
#5601=CARTESIAN_POINT('',(-0.0124605339059327,0.0914929166502079,0.0215006848031119));
#5602=CARTESIAN_POINT('',(-0.0128943216076873,0.0911925057119408,0.0210072346731251));
#5603=CARTESIAN_POINT('',(-0.0134163661243425,0.0907551008445054,0.020171224002189));
#5604=CARTESIAN_POINT('',(-0.013843361071926,0.0903859592390088,0.0188214168668346));
#5605=CARTESIAN_POINT('',(-0.013925,0.0904520996448939,0.0180899386636875));
#5606=CARTESIAN_POINT('',(-0.013925,0.0905838670110135,0.0177503196096102));
#5607=CARTESIAN_POINT('',(-0.013925,0.0905838670110134,0.0177503196096102));
#5608=CARTESIAN_POINT('',(-0.013925,0.0905838670110134,0.0177503196096102));
#5609=CARTESIAN_POINT('',(-0.013925,0.0899774638591123,0.0193132715824924));
#5610=CARTESIAN_POINT('',(-0.013925,0.0893411936271327,0.020865998508395));
#5611=CARTESIAN_POINT('',(-0.013925,0.0886390149659639,0.0223824672640061));
#5612=CARTESIAN_POINT('',(8.67361737988404E-19,0.0923553462828431,0.0284486087639376));
#5613=CARTESIAN_POINT('',(-0.00531220841978071,0.0936298729951464,0.0275561755523332));
#5614=CARTESIAN_POINT('',(-0.00493949673129915,0.0946722581442014,0.0268262896132471));
#5615=CARTESIAN_POINT('',(-0.00561027320600534,0.0927962573178849,0.0281398795335214));
#5616=CARTESIAN_POINT('',(-0.00369685604417987,0.0981476259362388,0.0243928108872112));
#5617=CARTESIAN_POINT('',(-0.00369685604417987,0.0923553462828431,0.0284486087639376));
#5618=CARTESIAN_POINT('',(8.67361737988404E-19,0.0923553462828431,0.0284486087639376));
#5619=CARTESIAN_POINT('',(-0.000999999999999985,0.0923553462828431,0.0284486087639376));
#5620=CARTESIAN_POINT('',(-0.000999999999999987,0.102066806051025,0.0216485714272363));
#5621=CARTESIAN_POINT('',(-0.001,0.0946722581442014,0.0268262896132471));
#5622=CARTESIAN_POINT('',(3.53199909802957E-18,0.0946722581442014,0.0268262896132471));
#5623=CARTESIAN_POINT('',(8.67361737988404E-19,0.0923553462828431,0.0284486087639376));
#5624=CARTESIAN_POINT('',(8.67361737988404E-19,0.0923553462828431,0.0284486087639376));
#5625=CARTESIAN_POINT('',(0.000959309693919079,0.0923553462828431,0.0284486087639376));
#5626=CARTESIAN_POINT('',(0.00369685604417987,0.0923553462828431,0.0284486087639376));
#5627=CARTESIAN_POINT('',(0.00369685604417987,0.0981476259362388,0.0243928108872112));
#5628=CARTESIAN_POINT('',(0.00561027320600532,0.0927962573178849,0.0281398795335214));
#5629=CARTESIAN_POINT('',(0.00531220841978071,0.0936298729951464,0.0275561755523332));
#5630=CARTESIAN_POINT('',(0.00493949673129915,0.0946722581442014,0.0268262896132471));
#5631=CARTESIAN_POINT('',(3.53199909802956E-18,0.0946722581442014,0.0268262896132471));
#5632=CARTESIAN_POINT('',(0.001,0.0946722581442014,0.0268262896132471));
#5633=CARTESIAN_POINT('',(0.00113033004598294,0.102093269645775,0.0216300414187045));
#5634=CARTESIAN_POINT('',(0.0112606754903958,0.0849395393545516,0.0244355759090034));
#5635=CARTESIAN_POINT('',(0.00859635098079233,0.0812400637431416,0.0264886845539905));
#5636=CARTESIAN_POINT('',(0.0069791474926301,0.0808179091488309,0.0264142473089835));
#5637=CARTESIAN_POINT('',(0.00534007112829493,0.0804665851484514,0.0263522994087462));
#5638=CARTESIAN_POINT('',(0.0036968560441799,0.0801460000653207,0.0262957716089776));
#5639=CARTESIAN_POINT('',(0.00859635098079154,0.0812400637431439,0.0264886845539909));
#5640=CARTESIAN_POINT('',(0.00369685604417987,0.0801460000653207,0.0262957716089776));
#5641=CARTESIAN_POINT('',(0.00369685604417987,0.0801460000653207,0.0262957716089776));
#5642=CARTESIAN_POINT('',(0.00405461966499232,0.0802157984022688,0.0263080789389901));
#5643=CARTESIAN_POINT('',(0.00478488630885543,0.0801687696489893,0.0262167624823359));
#5644=CARTESIAN_POINT('',(0.00604550820076894,0.0796574179741323,0.0256961344933152));
#5645=CARTESIAN_POINT('',(0.00679897512420235,0.0791774659853808,0.0250780360230438));
#5646=CARTESIAN_POINT('',(0.00723238995011292,0.0788773132747714,0.0245850100536152));
#5647=CARTESIAN_POINT('',(0.00723238995011261,0.0788773132747712,0.024585010053615));
#5648=CARTESIAN_POINT('',(0.00984646192802267,0.0851851149624895,0.0230428474283634));
#5649=CARTESIAN_POINT('',(0.0124605339059327,0.0797851709452797,0.0194362933520594));
#5650=CARTESIAN_POINT('',(0.0124605339059327,0.0797851709452797,0.0194362933520594));
#5651=CARTESIAN_POINT('',(0.0128943216076874,0.0802362347713548,0.0190753484983476));
#5652=CARTESIAN_POINT('',(0.0134163661243424,0.080933193387075,0.0184393567154223));
#5653=CARTESIAN_POINT('',(0.013843361071926,0.0817417342596813,0.0172972067756652));
#5654=CARTESIAN_POINT('',(0.013925,0.0819297628882153,0.0165872207548016));
#5655=CARTESIAN_POINT('',(0.013925,0.0819220986241639,0.016223016142361));
#5656=CARTESIAN_POINT('',(0.013925,0.0819220986241639,0.016223016142361));
#5657=CARTESIAN_POINT('',(0.013925,0.0819220986241639,0.016223016142361));
#5658=CARTESIAN_POINT('',(0.013925,0.0819573701334504,0.0178991126708476));
#5659=CARTESIAN_POINT('',(0.013925,0.0820242046895246,0.0195758159411493));
#5660=CARTESIAN_POINT('',(0.013925,0.0821653739347553,0.0212409896867826));
#5661=CARTESIAN_POINT('',(0.0139250000000012,0.0821653739347575,0.0212409896867823));
#5662=CARTESIAN_POINT('',(0.0112606754903958,0.0849395393545516,0.0244355759090034));
#5663=CARTESIAN_POINT('',(-0.0112606754903958,0.0849395393545516,0.0244355759090034));
#5664=CARTESIAN_POINT('',(-0.013925,0.0821653739347536,0.0212409896867939));
#5665=CARTESIAN_POINT('',(-0.013925,0.0820240437790789,0.0195739179084464));
#5666=CARTESIAN_POINT('',(-0.013925,0.0819573424024232,0.0178977948968327));
#5667=CARTESIAN_POINT('',(-0.013925,0.0819220986241639,0.016223016142361));
#5668=CARTESIAN_POINT('',(-0.013925,0.0821653739347561,0.0212409896867935));
#5669=CARTESIAN_POINT('',(-0.013925,0.0819220986241639,0.016223016142361));
#5670=CARTESIAN_POINT('',(-0.013925,0.0819220986241639,0.016223016142361));
#5671=CARTESIAN_POINT('',(-0.013925,0.0819297719603224,0.0165876518598953));
#5672=CARTESIAN_POINT('',(-0.0138432373028143,0.0817417357917576,0.0172960281939794));
#5673=CARTESIAN_POINT('',(-0.0134193141092774,0.0809378659326144,0.0184343532654088));
#5674=CARTESIAN_POINT('',(-0.0128939487318434,0.0802358470452757,0.0190756587598341));
#5675=CARTESIAN_POINT('',(-0.0124605339059329,0.0797851709452799,0.0194362933520598));
#5676=CARTESIAN_POINT('',(-0.0124605339059327,0.0797851709452797,0.0194362933520594));
#5677=CARTESIAN_POINT('',(-0.00984646192802268,0.0851851149624895,0.0230428474283634));
#5678=CARTESIAN_POINT('',(-0.00723238995011261,0.0788773132747712,0.024585010053615));
#5679=CARTESIAN_POINT('',(-0.00723238995011261,0.0788773132747712,0.024585010053615));
#5680=CARTESIAN_POINT('',(-0.00679860224835799,0.0791777242130382,0.0250784601836018));
#5681=CARTESIAN_POINT('',(-0.00605124701615202,0.0796542538756379,0.0256925831150266));
#5682=CARTESIAN_POINT('',(-0.00478604725127939,0.0801689482201685,0.0262169196477025));
#5683=CARTESIAN_POINT('',(-0.00405419668470856,0.0802157158804062,0.0263080643881592));
#5684=CARTESIAN_POINT('',(-0.00369685604417987,0.0801460000653207,0.0262957716089776));
#5685=CARTESIAN_POINT('',(-0.00369685604417987,0.0801460000653207,0.0262957716089776));
#5686=CARTESIAN_POINT('',(-0.00369685604417987,0.0801460000653207,0.0262957716089776));
#5687=CARTESIAN_POINT('',(-0.00534136406692277,0.0804668373959152,0.0263523438867798));
#5688=CARTESIAN_POINT('',(-0.00698098874815296,0.0808183897899429,0.0264143320589796));
#5689=CARTESIAN_POINT('',(-0.00859635098079151,0.081240063743144,0.0264886845539909));
#5690=CARTESIAN_POINT('',(-0.00859635098079154,0.0812400637431439,0.0264886845539909));
#5691=CARTESIAN_POINT('',(-0.0112606754903958,0.0849395393545516,0.0244355759090034));
#5692=CARTESIAN_POINT('',(-0.00984646192802268,0.0851851149624895,0.0230428474283634));
#5693=CARTESIAN_POINT('',(-0.00984646192802268,0.0851851149624895,0.0230428474283635));
#5694=CARTESIAN_POINT('',(-0.00844311424170295,0.0851851149624895,0.0244678440147808));
#5695=CARTESIAN_POINT('',(-0.00859635098079154,0.0831546171689779,0.0268262719789733));
#5696=CARTESIAN_POINT('',(-0.00838203246548644,0.0840180595927036,0.0269785201745644));
#5697=CARTESIAN_POINT('',(-0.00838021421778675,0.0849283836024813,0.027139034858675));
#5698=CARTESIAN_POINT('',(-0.00859635098079154,0.085799151348513,0.027292574706231));
#5699=CARTESIAN_POINT('',(-0.00859635098079154,0.0831546171689779,0.0268262719789733));
#5700=CARTESIAN_POINT('',(-0.00859635098079154,0.085799151348513,0.027292574706231));
#5701=CARTESIAN_POINT('',(-0.0112606754903958,0.0849395393545516,0.0244355759090034));
#5702=CARTESIAN_POINT('',(-0.013925,0.0867244615401253,0.0220448798390337));
#5703=CARTESIAN_POINT('',(-0.013925,0.0840799273605901,0.0215785771117759));
#5704=CARTESIAN_POINT('',(-0.013925,0.0849789188503271,0.021519871626438));
#5705=CARTESIAN_POINT('',(-0.013925,0.0858924609179164,0.0216790300516015));
#5706=CARTESIAN_POINT('',(-0.013925,0.0867244615401253,0.0220448798390337));
#5707=CARTESIAN_POINT('',(-0.013925,0.0840799273605901,0.0215785771117759));
#5708=CARTESIAN_POINT('',(-0.0112606754903958,0.0849395393545516,0.0244355759090034));
#5709=CARTESIAN_POINT('',(0.00984646192802268,0.0851851149624895,0.0230428474283634));
#5710=CARTESIAN_POINT('',(0.00984646192802268,0.0851851149624895,0.0230428474283634));
#5711=CARTESIAN_POINT('',(0.0112498096143424,0.0851851149624895,0.0216178508419461));
#5712=CARTESIAN_POINT('',(0.013925,0.0840799273605901,0.0215785771117759));
#5713=CARTESIAN_POINT('',(0.013925,0.0849789166123772,0.0215198717725794));
#5714=CARTESIAN_POINT('',(0.013925,0.0858924852664453,0.021679040758209));
#5715=CARTESIAN_POINT('',(0.013925,0.0867244615401252,0.0220448798390336));
#5716=CARTESIAN_POINT('',(0.013925,0.0840799273605901,0.0215785771117759));
#5717=CARTESIAN_POINT('',(0.013925,0.0867244615401252,0.0220448798390337));
#5718=CARTESIAN_POINT('',(0.0112606754903958,0.0849395393545516,0.0244355759090034));
#5719=CARTESIAN_POINT('',(0.00859635098079155,0.085799151348513,0.027292574706231));
#5720=CARTESIAN_POINT('',(0.00859635098079155,0.0831546171689779,0.0268262719789733));
#5721=CARTESIAN_POINT('',(0.00838203246548644,0.0840180595927036,0.0269785201745644));
#5722=CARTESIAN_POINT('',(0.00838021421778675,0.0849283836024814,0.027139034858675));
#5723=CARTESIAN_POINT('',(0.00859635098079155,0.085799151348513,0.027292574706231));
#5724=CARTESIAN_POINT('',(0.00859635098079155,0.0831546171689779,0.0268262719789733));
#5725=CARTESIAN_POINT('',(0.0112606754903958,0.0849395393545516,0.0244355759090034));
#5726=CARTESIAN_POINT('',(8.67361737988404E-19,0.0401605353731961,0.0192452553475903));
#5727=CARTESIAN_POINT('',(-0.00369685604417987,0.0401605353731961,0.0192452553475903));
#5728=CARTESIAN_POINT('',(-0.00859635098079154,0.0401605353731961,0.0192452553475903));
#5729=CARTESIAN_POINT('',(-0.00859635098079154,0.0401605353731961,0.0192452553475903));
#5730=CARTESIAN_POINT('',(-0.00369685604417987,0.0401605353731961,0.0192452553475903));
#5731=CARTESIAN_POINT('',(-0.00369685604417987,0.0546498819228675,0.0218001180771325));
#5732=CARTESIAN_POINT('',(-3.82732697038114E-18,0.0546498819228675,0.0218001180771325));
#5733=CARTESIAN_POINT('',(0.00369685604417987,0.0546498819228675,0.0218001180771325));
#5734=CARTESIAN_POINT('',(0.00369685604417988,0.0401605353731961,0.0192452553475903));
#5735=CARTESIAN_POINT('',(0.00859635098079155,0.0401605353731961,0.0192452553475903));
#5736=CARTESIAN_POINT('',(0.00859635098079155,0.0401605353731961,0.0192452553475903));
#5737=CARTESIAN_POINT('',(0.00369685604417988,0.0401605353731961,0.0192452553475903));
#5738=CARTESIAN_POINT('',(0.000816207830842636,0.0854284962391085,0.0272272182099056));
#5739=CARTESIAN_POINT('',(0.000632415661685253,0.0765320306893495,0.0256585313005397));
#5740=CARTESIAN_POINT('',(3.49655200626575E-18,0.0736439989756112,0.025149293388266));
#5741=CARTESIAN_POINT('',(-0.000999999999999988,0.0764294559368912,0.0256404446041418));
#5742=CARTESIAN_POINT('',(-0.000999999999999985,0.0853772088628794,0.0272181748617067));
#5743=CARTESIAN_POINT('',(-0.0111991840048593,0.071908955496949,0.022200372491342));
#5744=CARTESIAN_POINT('',(-0.013925,0.0410858455648083,0.0139975604803929));
#5745=CARTESIAN_POINT('',(0.0113221669759322,0.0719303112657599,0.0220792579079409));
#5746=CARTESIAN_POINT('',(0.013925,0.0410858455648083,0.0139975604803929));
#5747=CARTESIAN_POINT('',(0.00984646192802268,0.0408687660769401,0.0152286794333515));
#5748=CARTESIAN_POINT('',(0.00984646192802268,0.0930635769865872,0.0244320328496988));
#5749=CARTESIAN_POINT('',(0.00723238995011261,0.0926096481513329,0.0270063912004767));
#5750=CARTESIAN_POINT('',(0.0124605339059327,0.0935175058218414,0.021857674498921));
#5751=CARTESIAN_POINT('',(0.00723238995011261,0.0404148372416859,0.0178030377841293));
#5752=CARTESIAN_POINT('',(0.0124605339059327,0.0413226949121944,0.0126543210825738));
#5753=CARTESIAN_POINT('',(-0.00984646192802267,0.0408687660769401,0.0152286794333515));
#5754=CARTESIAN_POINT('',(-0.00984646192802268,0.0930635769865872,0.0244320328496988));
#5755=CARTESIAN_POINT('',(-0.0124605339059327,0.0935175058218415,0.021857674498921));
#5756=CARTESIAN_POINT('',(-0.00723238995011261,0.0926096481513329,0.0270063912004767));
#5757=CARTESIAN_POINT('',(-0.0124605339059327,0.0413226949121944,0.0126543210825738));
#5758=CARTESIAN_POINT('',(-0.00723238995011261,0.0404148372416859,0.0178030377841293));
#5759=CARTESIAN_POINT('',(0.,0.0967430126628795,0.0150824571585765));
#5760=CARTESIAN_POINT('',(-0.00100000000000002,0.0984668181225792,0.00530627059442425));
#5761=CARTESIAN_POINT('',(-0.001,0.0950283248338007,0.0248069350699508));
#5762=CARTESIAN_POINT('',(0.,0.0967430126628795,0.0150824571585765));
#5763=CARTESIAN_POINT('',(0.001,0.0950283248338007,0.0248069350699508));
#5764=CARTESIAN_POINT('',(0.001,0.0984668181225792,0.00530627059442425));
#5765=CARTESIAN_POINT('',(0.00843224836564957,0.0952787681005495,0.0233866007243927));
#5766=CARTESIAN_POINT('',(0.011925,0.0958852780568977,0.0199469118355383));
#5767=CARTESIAN_POINT('',(0.011925,0.0967430126628795,0.0150824571585765));
#5768=CARTESIAN_POINT('',(0.011925,0.0976007472688614,0.0102180024816146));
#5769=CARTESIAN_POINT('',(0.00843224836564958,0.0982072572252095,0.00677831359276022));
#5770=CARTESIAN_POINT('',(0.00493949673129915,0.0988137671815577,0.00333862470390586));
#5771=CARTESIAN_POINT('',(-4.85649875979066E-18,0.0988137671815577,0.00333862470390587));
#5772=CARTESIAN_POINT('',(-0.00493949673129916,0.0988137671815577,0.00333862470390587));
#5773=CARTESIAN_POINT('',(-0.00843224836564959,0.0982072572252095,0.00677831359276022));
#5774=CARTESIAN_POINT('',(-0.011925,0.0976007472688614,0.0102180024816146));
#5775=CARTESIAN_POINT('',(-0.011925,0.0967430126628795,0.0150824571585765));
#5776=CARTESIAN_POINT('',(-0.011925,0.0958852780568977,0.0199469118355383));
#5777=CARTESIAN_POINT('',(-0.00843224836564958,0.0952787681005495,0.0233866007243927));
#5778=CARTESIAN_POINT('',(-0.0112783531599254,0.0512783531599254,0.0225));
#5779=CARTESIAN_POINT('',(-0.01595,0.0466067063198509,0.0225));
#5780=CARTESIAN_POINT('',(-0.01595,0.0466067063198509,-0.0189867607015783));
#5781=CARTESIAN_POINT('',(-0.01595,0.0466067063198509,-0.0205));
#5782=CARTESIAN_POINT('',(-0.0199205104474508,0.0426361958724,-0.000405152509814752));
#5783=CARTESIAN_POINT('',(-0.0153243163697382,0.0472323899501126,-0.0189941013000712));
#5784=CARTESIAN_POINT('',(-0.00642071845371792,0.056135987866133,-0.0167926500790428));
#5785=CARTESIAN_POINT('',(-0.0100961724139181,0.0524605339059327,-0.0177014211943643));
#5786=CARTESIAN_POINT('',(-0.0146923664916307,0.0478643398282202,0.000887527595892175));
#5787=CARTESIAN_POINT('',(-0.00819236649163069,0.0543643398282202,-0.0114532682758124));
#5788=CARTESIAN_POINT('',(-0.00819236649163069,0.0543643398282202,0.0225));
#5789=CARTESIAN_POINT('',(-0.00819236649163069,0.0543643398282202,-0.00495801782708097));
#5790=CARTESIAN_POINT('',(-0.00834734621036921,0.0542093601094817,-0.00482797440224752));
#5791=CARTESIAN_POINT('',(-0.00807117241391812,0.0544855339059327,-0.00505971173299046));
#5792=CARTESIAN_POINT('',(-0.00807117241391812,0.0544855339059327,0.0225));
#5793=CARTESIAN_POINT('',(-0.00807117241391812,0.0544855339059327,-0.0205));
#5794=CARTESIAN_POINT('',(-0.0112783531599254,0.0512783531599254,-0.0205));
#5795=CARTESIAN_POINT('',(-0.0112783531599254,0.0512783531599254,0.0225));
#5796=CARTESIAN_POINT('',(-0.0122967569945078,0.0502599493253431,0.0205));
#5797=CARTESIAN_POINT('',(-0.00823597559095921,0.0543207307288917,0.0205));
#5798=CARTESIAN_POINT('',(-0.0109848491005391,0.0515718572193117,0.0205));
#5799=CARTESIAN_POINT('',(-0.0111895999577698,0.051367106362081,0.0169800075496797));
#5800=CARTESIAN_POINT('',(-0.0109905649833503,0.0515661413365006,0.0172172081954961));
#5801=CARTESIAN_POINT('',(-0.0121858037426664,0.0503709025771844,0.0220512582189266));
#5802=CARTESIAN_POINT('',(-0.012183172035132,0.0503735342847189,0.0220406144828785));
#5803=CARTESIAN_POINT('',(-0.011201250744434,0.0513554555754168,0.0226213203435596));
#5804=CARTESIAN_POINT('',(1.7347234759768E-18,0.05595,0.0225));
#5805=CARTESIAN_POINT('',(-0.00369685604417988,0.05595,-0.000908643638288839));
#5806=CARTESIAN_POINT('',(-0.00453563850798538,0.05595,-0.00745373133432812));
#5807=CARTESIAN_POINT('',(-0.00369685604417988,0.05595,-0.00750891661554618));
#5808=CARTESIAN_POINT('',(-0.0025,0.05595,-0.00750891661554618));
#5809=CARTESIAN_POINT('',(-0.0025,0.05595,-0.00750891661554618));
#5810=CARTESIAN_POINT('',(-0.0025,0.05595,-0.00911475236604533));
#5811=CARTESIAN_POINT('',(-0.0025,0.05595,-0.0178978259086536));
#5812=CARTESIAN_POINT('',(-0.001,0.05595,-0.0178978259086536));
#5813=CARTESIAN_POINT('',(-0.001,0.05595,-0.0197502671687803));
#5814=CARTESIAN_POINT('',(0.,0.05595,-0.0197502671687803));
#5815=CARTESIAN_POINT('',(0.001,0.05595,-0.0197502671687803));
#5816=CARTESIAN_POINT('',(0.001,0.05595,-0.0178978259086536));
#5817=CARTESIAN_POINT('',(0.0025,0.05595,-0.0178978259086536));
#5818=CARTESIAN_POINT('',(0.0025,0.05595,-0.00911475236604533));
#5819=CARTESIAN_POINT('',(0.0025,0.05595,-0.00750891661554618));
#5820=CARTESIAN_POINT('',(0.00369685604417986,0.05595,-0.00750891661554618));
#5821=CARTESIAN_POINT('',(0.00369685604417986,0.05595,-0.00750891661554619));
#5822=CARTESIAN_POINT('',(0.00369685604417986,0.05595,-0.000908643638288841));
#5823=CARTESIAN_POINT('',(0.00453563850798539,0.05595,-0.00745373133432812));
#5824=CARTESIAN_POINT('',(0.00453563850798539,0.05595,0.0225));
#5825=CARTESIAN_POINT('',(0.00453563850798539,0.05595,-0.0205));
#5826=CARTESIAN_POINT('',(1.7347234759768E-18,0.05595,-0.0205));
#5827=CARTESIAN_POINT('',(-0.00453563850798538,0.05595,-0.0205));
#5828=CARTESIAN_POINT('',(-0.00453563850798538,0.05595,0.0225));
#5829=CARTESIAN_POINT('',(0.0112783531599254,0.0512783531599254,0.0225));
#5830=CARTESIAN_POINT('',(0.0107480230740355,0.0518086832458154,-0.017));
#5831=CARTESIAN_POINT('',(0.0102176929881456,0.0523390133317053,-0.017));
#5832=CARTESIAN_POINT('',(0.0112783531599254,0.0512783531599255,-0.017));
#5833=CARTESIAN_POINT('',(0.0102176929881456,0.0523390133317053,-0.01775));
#5834=CARTESIAN_POINT('',(0.0102176929881456,0.0523390133317053,-0.0185));
#5835=CARTESIAN_POINT('',(0.0107480230740355,0.0518086832458154,-0.0185));
#5836=CARTESIAN_POINT('',(0.0123390133317053,0.0502176929881456,-0.0185));
#5837=CARTESIAN_POINT('',(0.0123390133317053,0.0502176929881456,-0.01625));
#5838=CARTESIAN_POINT('',(0.0123390133317053,0.0502176929881456,-0.014));
#5839=CARTESIAN_POINT('',(0.0118086832458153,0.0507480230740355,-0.014));
#5840=CARTESIAN_POINT('',(0.0112783531599254,0.0512783531599255,-0.014));
#5841=CARTESIAN_POINT('',(0.0112783531599254,0.0512783531599255,-0.0155));
#5842=CARTESIAN_POINT('',(0.00786433982822018,0.0546923664916307,0.0116087026955787));
#5843=CARTESIAN_POINT('',(0.0143643398282202,0.0481923664916307,0.0104625773209737));
#5844=CARTESIAN_POINT('',(0.0124605339059327,0.0500961724139181,0.0154653674510066));
#5845=CARTESIAN_POINT('',(0.00767283118177276,0.0548838751380781,0.0211711293727973));
#5846=CARTESIAN_POINT('',(0.00823597559095921,0.0543207307288917,0.0205));
#5847=CARTESIAN_POINT('',(0.00660670631985087,0.05595,0.0205));
#5848=CARTESIAN_POINT('',(0.0144855339059327,0.0480711724139181,0.0205));
#5849=CARTESIAN_POINT('',(0.0144855339059327,0.0480711724139181,0.0225));
#5850=CARTESIAN_POINT('',(0.0144855339059327,0.0480711724139181,-0.00994983096199065));
#5851=CARTESIAN_POINT('',(0.01795,0.0446067063198508,-0.0105562261235816));
#5852=CARTESIAN_POINT('',(0.016798327300022,0.0457583790198288,-0.010323202313561));
#5853=CARTESIAN_POINT('',(0.0156425064618123,0.0469141998580386,-0.0101282622689164));
#5854=CARTESIAN_POINT('',(0.0144855339059327,0.0480711724139182,-0.00994983096199066));
#5855=CARTESIAN_POINT('',(0.01795,0.0446067063198509,-0.0105562261235817));
#5856=CARTESIAN_POINT('',(0.01795,0.0446067063198509,0.0225));
#5857=CARTESIAN_POINT('',(0.0144855339059327,0.0480711724139181,0.0225));
#5858=CARTESIAN_POINT('',(0.0144855339059327,0.0480711724139181,-0.0205));
#5859=CARTESIAN_POINT('',(0.0112783531599254,0.0512783531599254,-0.0205));
#5860=CARTESIAN_POINT('',(0.00807117241391812,0.0544855339059327,-0.0205));
#5861=CARTESIAN_POINT('',(0.00807117241391812,0.0544855339059327,0.0225));
#5862=CARTESIAN_POINT('',(0.00807117241391812,0.0544855339059327,-0.00505971173299045));
#5863=CARTESIAN_POINT('',(0.0127367077023838,0.049819998617467,-0.0011448627931943));
#5864=CARTESIAN_POINT('',(0.0124605339059327,0.0500961724139181,-0.00137660012393724));
#5865=CARTESIAN_POINT('',(0.00786433982822018,0.0546923664916307,0.00410093068043694));
#5866=CARTESIAN_POINT('',(0.0143643398282202,0.0481923664916307,0.00295480530583191));
#5867=CARTESIAN_POINT('',(0.0143643398282202,0.0481923664916307,0.0103530217807411));
#5868=CARTESIAN_POINT('',(-0.0362693248137201,0.053925,0.0477722971298198));
#5869=CARTESIAN_POINT('',(-0.0329984388698776,0.053925,0.0494951000070413));
#5870=CARTESIAN_POINT('',(-0.0136876762250099,0.053925,0.0128319954028489));
#5871=CARTESIAN_POINT('',(-0.008925,0.053925,0.011286372273365));
#5872=CARTESIAN_POINT('',(-0.013925,0.053925,0.011286372273365));
#5873=CARTESIAN_POINT('',(-0.013925,0.053925,0.0477722971298198));
#5874=CARTESIAN_POINT('',(-0.013925,0.053925,0.0110864794073942));
#5875=CARTESIAN_POINT('',(-0.0188843996898158,0.053925,0.0110864794073942));
#5876=CARTESIAN_POINT('',(-0.0211248995526431,0.053925,0.0110864794073942));
#5877=CARTESIAN_POINT('',(-0.0395402107575627,0.053925,0.0460494942525983));
#5878=CARTESIAN_POINT('',(-0.0275574210955177,0.0498464619280227,0.0523609293993279));
#5879=CARTESIAN_POINT('',(-0.000307648885796346,0.0396522857530136,0.0225));
#5880=CARTESIAN_POINT('',(-0.0119520637468447,0.0499549733443352,0.0225));
#5881=CARTESIAN_POINT('',(-0.0125927485532584,0.0511153195917563,0.0212264787287058));
#5882=CARTESIAN_POINT('',(-0.0121013099132595,0.052576716750151,0.0171575195050611));
#5883=CARTESIAN_POINT('',(-0.0112700290214326,0.0524605339059327,0.0158285724938537));
#5884=CARTESIAN_POINT('',(-0.0298702867268965,0.0524605339059327,0.0511427238021968));
#5885=CARTESIAN_POINT('',(-0.0329355598439939,0.055925,0.0495282189138358));
#5886=CARTESIAN_POINT('',(-0.0298702867268965,0.0524605339059327,0.0511427238021968));
#5887=CARTESIAN_POINT('',(-0.0289382499601775,0.0524605339059327,0.0493731737278887));
#5888=CARTESIAN_POINT('',(-0.0302339730029667,0.053925,0.0486907056062467));
#5889=CARTESIAN_POINT('',(-0.0243125186974198,0.0472323899501126,0.0518095849221508));
#5890=CARTESIAN_POINT('',(-0.0252445554641389,0.0472323899501126,0.0535791349964589));
#5891=CARTESIAN_POINT('',(0.00986413959755233,0.0498641395975523,0.0225));
#5892=CARTESIAN_POINT('',(0.0128478303988482,0.0453217455982722,0.0236021696011518));
#5893=CARTESIAN_POINT('',(0.0155693976625564,0.0464490556698108,0.0208806023374436));
#5894=CARTESIAN_POINT('',(0.01395,0.0457782791951047,0.0225));
#5895=CARTESIAN_POINT('',(0.01095,0.0445356385079854,0.0255));
#5896=CARTESIAN_POINT('',(0.0105552852095049,0.0541227414539056,0.019));
#5897=CARTESIAN_POINT('',(0.008098102939892,0.0557034452576921,0.0196197638667498));
#5898=CARTESIAN_POINT('',(0.00847199351567753,0.0558339336813844,0.0192631140559309));
#5899=CARTESIAN_POINT('',(0.00723238995011261,0.0554013100055026,0.0204455572780428));
#5900=CARTESIAN_POINT('',(0.00369685604417987,0.0622949510208119,0.0180710169690518));
#5901=CARTESIAN_POINT('',(0.00633793892839072,0.0553011381184133,0.0211488618815867));
#5902=CARTESIAN_POINT('',(0.00532174559827223,0.0528478303988482,0.0236021696011518));
#5903=CARTESIAN_POINT('',(0.00577827919510467,0.05395,0.0225));
#5904=CARTESIAN_POINT('',(0.0145357864376269,0.0451924927574778,0.0225));
#5905=CARTESIAN_POINT('',(-3.46944695195361E-18,0.05395,0.0225));
#5906=CARTESIAN_POINT('',(-0.00532174559827223,0.0528478303988482,0.0236021696011518));
#5907=CARTESIAN_POINT('',(-0.00633793892839072,0.0553011381184133,0.0211488618815867));
#5908=CARTESIAN_POINT('',(-0.00577827919510467,0.05395,0.0225));
#5909=CARTESIAN_POINT('',(0.00660670631985087,0.05395,0.0225));
#5910=CARTESIAN_POINT('',(0.00369685604417987,0.0589659718729347,0.0174840281270653));
#5911=CARTESIAN_POINT('',(-0.00369685604417987,0.0589659718729347,0.0174840281270653));
#5912=CARTESIAN_POINT('',(-0.00986413959755234,0.0498641395975523,0.0225));
#5913=CARTESIAN_POINT('',(-0.00989814020094564,0.0496037153482084,0.0226601056954727));
#5914=CARTESIAN_POINT('',(-0.00997868639112069,0.049749592803984,0.0225));
#5915=CARTESIAN_POINT('',(-0.00519249275747777,0.0545357864376269,0.0225));
#5916=CARTESIAN_POINT('',(-0.00369685604417987,0.0622949510208119,0.0180710169690518));
#5917=CARTESIAN_POINT('',(-0.00723238995011261,0.0554013100055026,0.0204455572780428));
#5918=CARTESIAN_POINT('',(-0.00847199351567753,0.0558339336813844,0.0192631140559309));
#5919=CARTESIAN_POINT('',(-0.008098102939892,0.0557034452576921,0.0196197638667498));
#5920=CARTESIAN_POINT('',(-0.0105552852095049,0.0541227414539056,0.019));
#5921=CARTESIAN_POINT('',(-0.01595,0.04,0.0225));
#5922=CARTESIAN_POINT('',(-0.01595,0.0333932936801491,0.0225));
#5923=CARTESIAN_POINT('',(-0.01595,0.0333932936801491,-0.0189867607015783));
#5924=CARTESIAN_POINT('',(-0.01595,0.0333932936801491,-0.0205));
#5925=CARTESIAN_POINT('',(-0.01595,0.0333932936801491,-0.0189867607015783));
#5926=CARTESIAN_POINT('',(-0.01595,0.0333932936801491,-0.0187927935761005));
#5927=CARTESIAN_POINT('',(-0.01595,0.0333398296819881,-0.0186033456003985));
#5928=CARTESIAN_POINT('',(-0.01595,0.0332398784768297,-0.0184370889232023));
#5929=CARTESIAN_POINT('',(-0.01595,0.0332398784768297,-0.0184370889232023));
#5930=CARTESIAN_POINT('',(-0.01595,0.0363031439558201,-0.00995725244945207));
#5931=CARTESIAN_POINT('',(-0.01595,0.0353750765252145,-0.0205));
#5932=CARTESIAN_POINT('',(-0.01595,0.04,-0.0205));
#5933=CARTESIAN_POINT('',(-0.0362693248137201,0.04,0.0477722971298198));
#5934=CARTESIAN_POINT('',(-0.017014262532556,0.0196515490741218,0.05791409885223));
#5935=CARTESIAN_POINT('',(-0.0418214780844895,0.0476894282074745,0.0448479317456758));
#5936=CARTESIAN_POINT('',(-0.0431043372461339,0.0491393551468361,0.044172239137405));
#5937=CARTESIAN_POINT('',(-0.0362693248137202,0.04,0.0477722971298198));
#5938=CARTESIAN_POINT('',(-0.0430727389416819,0.0462752146451014,0.0441888822276136));
#5939=CARTESIAN_POINT('',(-0.0182655233897485,0.0182373355117488,0.0572550493341678));
#5940=CARTESIAN_POINT('',(-0.0443555981033264,0.047725141584463,0.0435131896193428));
#5941=CARTESIAN_POINT('',(-0.0443555981033264,0.047725141584463,0.0435131896193428));
#5942=CARTESIAN_POINT('',(-0.0468202671317824,0.0449394967312992,0.0422150279082577));
#5943=CARTESIAN_POINT('',(-0.0468202671317824,0.0457679238560454,0.0422150279082577));
#5944=CARTESIAN_POINT('',(-0.0468202671317824,0.0350605032687009,0.0422150279082577));
#5945=CARTESIAN_POINT('',(-0.0473385563488981,0.0356462897063278,0.0419420406596009));
#5946=CARTESIAN_POINT('',(-0.0406396682176777,0.028075,0.0454704008484902));
#5947=CARTESIAN_POINT('',(-0.0413726398577545,0.028075,0.0450843385790848));
#5948=CARTESIAN_POINT('',(-0.0318989814097625,0.028075,0.0500741934111494));
#5949=CARTESIAN_POINT('',(-0.0324172706268782,0.0274892135623731,0.0498012061624926));
#5950=CARTESIAN_POINT('',(-0.0257183824956578,0.0350605032687009,0.053329566351382));
#5951=CARTESIAN_POINT('',(-0.0257183824956578,0.0342320761439547,0.053329566351382));
#5952=CARTESIAN_POINT('',(-0.0257183824956578,0.0449394967312991,0.053329566351382));
#5953=CARTESIAN_POINT('',(-0.0252000932785421,0.0443537102936723,0.0536025536000388));
#5954=CARTESIAN_POINT('',(-0.0318989814097625,0.051925,0.0500741934111494));
#5955=CARTESIAN_POINT('',(-0.0311660097696858,0.051925,0.0504602556805548));
#5956=CARTESIAN_POINT('',(-0.0406396682176777,0.051925,0.0454704008484902));
#5957=CARTESIAN_POINT('',(-0.040121379000562,0.0525107864376269,0.045743388097147));
#5958=CARTESIAN_POINT('',(-0.0222887733129348,0.04,0.0212290460151977));
#5959=CARTESIAN_POINT('',(-0.0300372858397172,0.0499488122507984,0.0373616735746746));
#5960=CARTESIAN_POINT('',(-0.0316110368619168,0.0499101318236579,0.0367076458226729));
#5961=CARTESIAN_POINT('',(-0.0331734125933659,0.0496975019015335,0.0373550236843084));
#5962=CARTESIAN_POINT('',(-0.0338252872237172,0.0497372269260247,0.0389241179531369));
#5963=CARTESIAN_POINT('',(-0.0331802820848137,0.0499488275531882,0.0404883429537284));
#5964=CARTESIAN_POINT('',(-0.0316081739740132,0.0499101873301054,0.0411405851822865));
#5965=CARTESIAN_POINT('',(-0.0300468953234287,0.0496976840211525,0.0404965958136756));
#5966=CARTESIAN_POINT('',(-0.0293926669545521,0.0497371602440622,0.0389244093860764));
#5967=CARTESIAN_POINT('',(-0.0300372858397172,0.0499488122507984,0.0373616735746746));
#5968=CARTESIAN_POINT('',(-0.0316110368619168,0.0499101318236579,0.0367076458226729));
#5969=CARTESIAN_POINT('',(-0.0331734125933659,0.0496975019015335,0.0373550236843084));
#5970=CARTESIAN_POINT('',(-0.0316091409801251,0.0498811402411606,0.0369245467582791));
#5971=CARTESIAN_POINT('',(-0.0410308868501973,0.0384311096820098,0.0357317878998875));
#5972=CARTESIAN_POINT('',(-0.0414683272886385,0.0400003488818093,0.0362373340124805));
#5973=CARTESIAN_POINT('',(-0.041031223938838,0.0415674947907529,0.0357320623166554));
#5974=CARTESIAN_POINT('',(-0.0401658903087653,0.0422162400516793,0.0344199840345658));
#5975=CARTESIAN_POINT('',(-0.0395709097756255,0.0415675428692924,0.0329595049983127));
#5976=CARTESIAN_POINT('',(-0.039402381808899,0.0400007251399528,0.0323152516605665));
#5977=CARTESIAN_POINT('',(-0.0395705420161127,0.0384344269226383,0.0329580747014667));
#5978=CARTESIAN_POINT('',(-0.0401642528802431,0.0377836165859707,0.0344169667740738));
#5979=CARTESIAN_POINT('',(-0.0410308868501973,0.0384311096820098,0.0357317878998875));
#5980=CARTESIAN_POINT('',(-0.0414683272886385,0.0400003488818093,0.0362373340124805));
#5981=CARTESIAN_POINT('',(-0.041031223938838,0.0415674947907529,0.0357320623166554));
#5982=CARTESIAN_POINT('',(-0.0413225699905982,0.04,0.0360688643777441));
#5983=CARTESIAN_POINT('',(-0.0222887733129348,0.04,0.0212290460151977));
#5984=CARTESIAN_POINT('',(-0.0135073810691807,0.04,0.0258542784700408));
#5985=CARTESIAN_POINT('',(-0.0290921874408967,0.0462752146451014,0.0176456311129914));
#5986=CARTESIAN_POINT('',(-0.0346044519272567,0.0462752146451014,0.0281111281617629));
#5987=CARTESIAN_POINT('',(-0.0278409265837043,0.0476894282074745,0.0183046806310536));
#5988=CARTESIAN_POINT('',(-0.0333531910700643,0.0476894282074745,0.0287701776798251));
#5989=CARTESIAN_POINT('',(-0.0333531910700643,0.0476894282074745,0.0287701776798251));
#5990=CARTESIAN_POINT('',(-0.0327829467893617,0.0481138947310054,0.0288036280863501));
#5991=CARTESIAN_POINT('',(-0.0314761672908147,0.0487256296133017,0.0284381487905459));
#5992=CARTESIAN_POINT('',(-0.0300895695590889,0.0489085996598808,0.0266664367120784));
#5993=CARTESIAN_POINT('',(-0.0301114929623518,0.0483811353874263,0.0244730266327153));
#5994=CARTESIAN_POINT('',(-0.0312267855259713,0.0470811485006599,0.0230116556467454));
#5995=CARTESIAN_POINT('',(-0.0327393527214239,0.045411076275187,0.0230873395484317));
#5996=CARTESIAN_POINT('',(-0.0341036111950351,0.0443695321816977,0.0245458988288865));
#5997=CARTESIAN_POINT('',(-0.0349766372132818,0.0447660523509856,0.0265903734923733));
#5998=CARTESIAN_POINT('',(-0.0348699882772135,0.0457550326328726,0.0277043374143181));
#5999=CARTESIAN_POINT('',(-0.0346044519272567,0.0462752146451014,0.0281111281617629));
#6000=CARTESIAN_POINT('',(0.01595,0.04,0.0225));
#6001=CARTESIAN_POINT('',(0.01595,0.04,-0.0125));
#6002=CARTESIAN_POINT('',(0.01595,0.0445356385079854,-0.00716821011996158));
#6003=CARTESIAN_POINT('',(0.01595,0.0354643614920146,-0.00716821011996158));
#6004=CARTESIAN_POINT('',(0.01595,0.0445356385079854,0.0225));
#6005=CARTESIAN_POINT('',(0.01595,0.0445356385079854,0.0205));
#6006=CARTESIAN_POINT('',(0.01595,0.0466067063198509,0.0205));
#6007=CARTESIAN_POINT('',(0.01595,0.0354643614920146,0.0205));
#6008=CARTESIAN_POINT('',(0.01595,0.0354643614920146,0.0225));
#6009=CARTESIAN_POINT('',(0.0112783531599254,0.0287216468400746,0.0225));
#6010=CARTESIAN_POINT('',(0.00807117241391812,0.0255144660940673,0.0225));
#6011=CARTESIAN_POINT('',(0.00807117241391812,0.0255144660940673,-0.0205));
#6012=CARTESIAN_POINT('',(0.0112783531599254,0.0287216468400746,-0.0205));
#6013=CARTESIAN_POINT('',(0.0105712463787389,0.0280145400588881,-0.0205));
#6014=CARTESIAN_POINT('',(0.0105712463787389,0.028014540058888,-0.0134142135623731));
#6015=CARTESIAN_POINT('',(0.0105712463787389,0.0280145400588881,-0.00432842712474619));
#6016=CARTESIAN_POINT('',(0.0112783531599254,0.0287216468400746,-0.0015));
#6017=CARTESIAN_POINT('',(0.011985459941112,0.0294287536212611,-0.00432842712474619));
#6018=CARTESIAN_POINT('',(0.011985459941112,0.0294287536212611,-0.0134142135623731));
#6019=CARTESIAN_POINT('',(0.011985459941112,0.0294287536212611,-0.0205));
#6020=CARTESIAN_POINT('',(0.0112783531599254,0.0287216468400746,-0.0205));
#6021=CARTESIAN_POINT('',(0.0144855339059327,0.0319288275860819,-0.0205));
#6022=CARTESIAN_POINT('',(0.0144855339059327,0.0319288275860819,0.0225));
#6023=CARTESIAN_POINT('',(0.01795,0.0353932936801492,0.0225));
#6024=CARTESIAN_POINT('',(0.01795,0.0353932936801492,-0.0105562261235817));
#6025=CARTESIAN_POINT('',(0.0144855339059114,0.0319288275860605,-0.00994983096198741));
#6026=CARTESIAN_POINT('',(0.015642662829173,0.0330859565093221,-0.0101282863842959));
#6027=CARTESIAN_POINT('',(0.0167987603248592,0.0342420540050083,-0.0103232899296844));
#6028=CARTESIAN_POINT('',(0.01795,0.0353932936801492,-0.0105562261235817));
#6029=CARTESIAN_POINT('',(0.0144855339059327,0.0319288275860819,-0.00994983096198741));
#6030=CARTESIAN_POINT('',(0.0144855339059327,0.0319288275860819,0.0225));
#6031=CARTESIAN_POINT('',(0.0144855339059327,0.0319288275860819,0.0205));
#6032=CARTESIAN_POINT('',(0.01595,0.0333932936801491,0.0205));
#6033=CARTESIAN_POINT('',(0.00807117241391812,0.0255144660940673,0.0205));
#6034=CARTESIAN_POINT('',(0.00807117241391812,0.0255144660940673,0.0225));
#6035=CARTESIAN_POINT('',(0.00807117241391812,0.0255144660940673,-0.00994983096199064));
#6036=CARTESIAN_POINT('',(0.00460670631985088,0.02205,-0.0105562261235817));
#6037=CARTESIAN_POINT('',(0.00575837901982882,0.0232016726999779,-0.0103232023135611));
#6038=CARTESIAN_POINT('',(0.0069141998580386,0.0243574935381877,-0.0101282622689163));
#6039=CARTESIAN_POINT('',(0.0080711724139182,0.0255144660940674,-0.00994983096199064));
#6040=CARTESIAN_POINT('',(0.00460670631985087,0.02205,-0.0105562261235817));
#6041=CARTESIAN_POINT('',(0.00460670631985086,0.02205,0.0225));
#6042=CARTESIAN_POINT('',(0.,0.02405,0.0225));
#6043=CARTESIAN_POINT('',(0.00660670631985087,0.02405,0.0205));
#6044=CARTESIAN_POINT('',(-0.00453563850798539,0.02405,0.0205));
#6045=CARTESIAN_POINT('',(0.00453563850798538,0.02405,0.0205));
#6046=CARTESIAN_POINT('',(-0.00453563850798539,0.02405,0.0225));
#6047=CARTESIAN_POINT('',(-0.00453563850798539,0.02405,-0.00716821011996159));
#6048=CARTESIAN_POINT('',(7.91554972622724E-18,0.02405,-0.0125));
#6049=CARTESIAN_POINT('',(0.00453563850798539,0.02405,-0.00716821011996157));
#6050=CARTESIAN_POINT('',(0.00453563850798538,0.02405,0.0225));
#6051=CARTESIAN_POINT('',(-0.0112783531599254,0.0287216468400746,0.0225));
#6052=CARTESIAN_POINT('',(-0.00642071845371798,0.0238640121338671,-0.0167926500790428));
#6053=CARTESIAN_POINT('',(-0.0100961724139181,0.0275394660940672,-0.0177014211943643));
#6054=CARTESIAN_POINT('',(-0.0153243163697382,0.0327676100498874,-0.0189941013000712));
#6055=CARTESIAN_POINT('',(-0.0199205104474508,0.0373638041276,-0.000405152509814717));
#6056=CARTESIAN_POINT('',(-0.0112783531599254,0.0287216468400746,-0.0205));
#6057=CARTESIAN_POINT('',(-0.00807117241391813,0.0255144660940673,-0.0205));
#6058=CARTESIAN_POINT('',(-0.00807117241391813,0.0255144660940673,0.0225));
#6059=CARTESIAN_POINT('',(-0.00460670631985086,0.02205,0.0225));
#6060=CARTESIAN_POINT('',(-0.00460670631985086,0.02205,-0.0105562261235817));
#6061=CARTESIAN_POINT('',(-0.00807117241391812,0.0255144660940673,-0.00994983096199071));
#6062=CARTESIAN_POINT('',(-0.00691404349065667,0.0243573371708058,-0.0101282863842994));
#6063=CARTESIAN_POINT('',(-0.00575794599499163,0.0232012396751407,-0.0103232899296845));
#6064=CARTESIAN_POINT('',(-0.00460670631985087,0.02205,-0.0105562261235818));
#6065=CARTESIAN_POINT('',(-0.00807117241391813,0.0255144660940673,-0.0099498309619907));
#6066=CARTESIAN_POINT('',(-0.00807117241391813,0.0255144660940673,0.0225));
#6067=CARTESIAN_POINT('',(-0.00807117241391813,0.0255144660940673,0.0205));
#6068=CARTESIAN_POINT('',(-0.00660670631985086,0.02405,0.0205));
#6069=CARTESIAN_POINT('',(-0.0107415885931802,0.0281848822733293,0.0205));
#6070=CARTESIAN_POINT('',(-0.0112407005740727,0.0286839942542219,0.0225186195135679));
#6071=CARTESIAN_POINT('',(-0.0100961724139181,0.0275394660940672,0.0178896645568379));
#6072=CARTESIAN_POINT('',(-0.0146923664916307,0.0321356601717799,0.0167532366588239));
#6073=CARTESIAN_POINT('',(-0.00819236649163068,0.0256356601717798,0.00441244078711933));
#6074=CARTESIAN_POINT('',(-0.00819236649163068,0.0256356601717798,0.0225));
#6075=CARTESIAN_POINT('',(-0.00819236649163069,0.0256356601717798,-0.0114532682758124));
#6076=CARTESIAN_POINT('',(-0.0146923664916307,0.0321356601717799,0.000887527595892175));
#6077=CARTESIAN_POINT('',(-0.01595,0.04,0.0225));
#6078=CARTESIAN_POINT('',(-0.01595,0.04,-0.0205));
#6079=CARTESIAN_POINT('',(-0.01595,0.0446249234747856,-0.0205));
#6080=CARTESIAN_POINT('',(-0.01595,0.0436968560441799,-0.00995725244945209));
#6081=CARTESIAN_POINT('',(-0.01595,0.0467601215231703,-0.0184370889232023));
#6082=CARTESIAN_POINT('',(-0.01595,0.0467601215231703,-0.0184370889232023));
#6083=CARTESIAN_POINT('',(-0.01595,0.0466602035918855,-0.0186032902533555));
#6084=CARTESIAN_POINT('',(-0.01595,0.0466067063198509,-0.0187927089777164));
#6085=CARTESIAN_POINT('',(-0.01595,0.0466067063198509,-0.0189867607015783));
#6086=CARTESIAN_POINT('',(-3.46944695195361E-18,0.04,0.0225));
#6087=CARTESIAN_POINT('',(-0.000307648885796339,0.0403477142469864,0.0225));
#6088=CARTESIAN_POINT('',(-0.0107960860555415,0.0310678068604369,0.0225));
#6089=CARTESIAN_POINT('',(-0.0108825434321347,0.03115426423703,0.0225));
#6090=CARTESIAN_POINT('',(-0.00577827919510467,0.02605,0.0225));
#6091=CARTESIAN_POINT('',(-0.00660670631985087,0.02605,0.0225));
#6092=CARTESIAN_POINT('',(0.00577827919510467,0.02605,0.0225));
#6093=CARTESIAN_POINT('',(0.00519249275747777,0.0254642135623731,0.0225));
#6094=CARTESIAN_POINT('',(0.01395,0.0342217208048953,0.0225));
#6095=CARTESIAN_POINT('',(0.01395,0.0333932936801491,0.0225));
#6096=CARTESIAN_POINT('',(-0.0112622847472258,0.0514659944478789,0.0225));
#6097=CARTESIAN_POINT('',(-0.0362693248137201,0.026075,0.0477722971298198));
#6098=CARTESIAN_POINT('',(-0.0395402107575627,0.026075,0.0460494942525983));
#6099=CARTESIAN_POINT('',(-0.0386081739908436,0.026075,0.0442799441782901));
#6100=CARTESIAN_POINT('',(-0.00925302666341052,0.026075,-0.0114532682758124));
#6101=CARTESIAN_POINT('',(-0.0092530266634105,0.026075,0.0477722971298198));
#6102=CARTESIAN_POINT('',(-0.0092530266634105,0.026075,0.00441244078711933));
#6103=CARTESIAN_POINT('',(-0.0329984388698776,0.026075,0.0494951000070413));
#6104=CARTESIAN_POINT('',(-0.0320664021031586,0.026075,0.0477255499327332));
#6105=CARTESIAN_POINT('',(-0.0302339730029667,0.026075,0.0486907056062467));
#6106=CARTESIAN_POINT('',(-0.0485898172060906,0.04,0.0412829911415386));
#6107=CARTESIAN_POINT('',(-0.0161574852531629,0.0363031439558201,-0.0202925147468371));
#6108=CARTESIAN_POINT('',(-0.0161574852531629,0.0387677146519401,-0.0202925147468371));
#6109=CARTESIAN_POINT('',(-0.0161574852531629,0.04123228534806,-0.0202925147468371));
#6110=CARTESIAN_POINT('',(-0.0161574852531629,0.0436968560441799,-0.0202925147468371));
#6111=CARTESIAN_POINT('',(-0.0161574852531629,0.0363031439558201,-0.020292514746837));
#6112=CARTESIAN_POINT('',(-0.0161574852531629,0.0436968560441799,-0.020292514746837));
#6113=CARTESIAN_POINT('',(-0.0485898172060906,0.0363031439558201,0.0412829911415386));
#6114=CARTESIAN_POINT('',(-0.0485898172060906,0.0436968560441799,0.0412829911415386));
#6115=CARTESIAN_POINT('',(-0.0275574210955177,0.0301535380719774,0.0523609293993279));
#6116=CARTESIAN_POINT('',(-0.0298702867268965,0.0275394660940672,0.0511427238021968));
#6117=CARTESIAN_POINT('',(-0.0289382499601775,0.0275394660940672,0.0493731737278887));
#6118=CARTESIAN_POINT('',(-0.0120952782285923,0.0275394660940672,0.0173953774182912));
#6119=CARTESIAN_POINT('',(-0.0207834421422031,0.036227630007678,0.0525339793443098));
#6120=CARTESIAN_POINT('',(-0.0125133951492202,0.0279575830146952,0.0190864187221345));
#6121=CARTESIAN_POINT('',(-0.0108879196345183,0.0309014867796636,0.0223174577966027));
#6122=CARTESIAN_POINT('',(-0.0252445554641389,0.0327676100498874,0.0535791349964589));
#6123=CARTESIAN_POINT('',(-0.0243125186974199,0.0327676100498874,0.0518095849221508));
#6124=CARTESIAN_POINT('',(-0.0230167956546307,0.0342320761439547,0.0524920530437928));
#6125=CARTESIAN_POINT('',(-0.0239488324213497,0.04,0.054261603118101));
#6126=CARTESIAN_POINT('',(-0.0239488324213497,0.0436968560441798,0.054261603118101));
#6127=CARTESIAN_POINT('',(-0.0230167956546307,0.0436968560441798,0.0524920530437928));
#6128=CARTESIAN_POINT('',(-0.0230167956546307,0.0457679238560454,0.0524920530437928));
#6129=CARTESIAN_POINT('',(-0.0230167956546307,0.0363031439558201,0.0524920530437928));
#6130=CARTESIAN_POINT('',(-0.0239488324213497,0.0363031439558201,0.054261603118101));
#6131=CARTESIAN_POINT('',(-0.0222887733129349,0.04,0.0212290460151977));
#6132=CARTESIAN_POINT('',(-0.0140313798825358,0.0182373355117488,0.0492161723012425));
#6133=CARTESIAN_POINT('',(-0.0097972363753232,0.0182373355117488,0.0411772952683172));
#6134=CARTESIAN_POINT('',(-0.0446748221937998,0.0491393551468361,0.0410845900269725));
#6135=CARTESIAN_POINT('',(-0.00785350691060257,0.0189444422929353,0.0390042983129634));
#6136=CARTESIAN_POINT('',(-0.00854597551813075,0.0196515490741218,0.0418363447863794));
#6137=CARTESIAN_POINT('',(-0.0127801190253434,0.0196515490741218,0.0498752218193047));
#6138=CARTESIAN_POINT('',(-0.0434235613366073,0.0505535687092092,0.0417436395450347));
#6139=CARTESIAN_POINT('',(-0.00114899077602176,0.04,0.0549681616421969));
#6140=CARTESIAN_POINT('',(0.00703571247280615,0.0315500739648208,-0.0134142135623731));
#6141=CARTESIAN_POINT('',(0.00703571247280615,0.0315500739648208,-0.00432842712474619));
#6142=CARTESIAN_POINT('',(0.0113086832458153,0.0272771031918115,-0.0194571067811866));
#6143=CARTESIAN_POINT('',(0.0077428192539927,0.0322571807460073,-0.0015));
#6144=CARTESIAN_POINT('',(0.00844992603517924,0.0329642875271939,-0.00432842712474619));
#6145=CARTESIAN_POINT('',(0.00844992603517925,0.0329642875271939,-0.0134142135623731));
#6146=CARTESIAN_POINT('',(0.011985459941112,0.0294287536212611,-0.0205));
#6147=CARTESIAN_POINT('',(-0.0440491917652035,0.0498464619280227,0.0414141147860036));
#6148=CARTESIAN_POINT('',(-0.0455639971703988,0.0436968560441799,0.0462674081697984));
#6149=CARTESIAN_POINT('',(-0.0474984006781173,0.0456102732060053,0.0400275562004814));
#6150=CARTESIAN_POINT('',(-0.0471970667194262,0.0453122084197807,0.0409995764062233));
#6151=CARTESIAN_POINT('',(-0.0476577804393716,0.04,0.0395134410672305));
#6152=CARTESIAN_POINT('',(-0.0455639971703987,0.0436968560441799,0.0462674081697984));
#6153=CARTESIAN_POINT('',(-0.0455639971703987,0.0363031439558201,0.0462674081697984));
#6154=CARTESIAN_POINT('',(-0.0474984006781173,0.0343897267939947,0.0400275562004814));
#6155=CARTESIAN_POINT('',(-0.0471970667194262,0.0346877915802193,0.0409995764062233));
#6156=CARTESIAN_POINT('',(-0.0440491917652035,0.0301535380719773,0.0414141147860036));
#6157=CARTESIAN_POINT('',(-0.0455639971703988,0.0363031439558201,0.0462674081697984));
#6158=CARTESIAN_POINT('',(-0.0409382659076412,0.031075,0.0487038193640605));
#6159=CARTESIAN_POINT('',(-0.0404784854172872,0.0264556023374436,0.0437250040530964));
#6160=CARTESIAN_POINT('',(-0.0405501082585065,0.0271751943868128,0.0445005848051257));
#6161=CARTESIAN_POINT('',(-0.0440491917652035,0.0498464619280227,0.0414141147860036));
#6162=CARTESIAN_POINT('',(-0.0405501082585065,0.0528248056131871,0.0445005848051257));
#6163=CARTESIAN_POINT('',(-0.0404784854172872,0.0535443976625564,0.0437250040530964));
#6164=CARTESIAN_POINT('',(-0.0409382659076412,0.048925,0.0487038193640605));
#6165=CARTESIAN_POINT('',(-0.0353372880470011,0.026075,0.0460027470555117));
#6166=CARTESIAN_POINT('',(-0.0343964940199561,0.031075,0.0521494251185036));
#6167=CARTESIAN_POINT('',(-0.0305508260487115,0.0264556023374436,0.048953984952432));
#6168=CARTESIAN_POINT('',(-0.0311498894545432,0.0271751943868128,0.0494517583648357));
#6169=CARTESIAN_POINT('',(-0.0409382659076412,0.031075,0.0487038193640605));
#6170=CARTESIAN_POINT('',(-0.0353372880470011,0.053925,0.0460027470555117));
#6171=CARTESIAN_POINT('',(-0.0409382659076412,0.048925,0.0487038193640605));
#6172=CARTESIAN_POINT('',(-0.0311498894545432,0.0528248056131871,0.0494517583648357));
#6173=CARTESIAN_POINT('',(-0.0305508260487115,0.0535443976625564,0.048953984952432));
#6174=CARTESIAN_POINT('',(-0.0343964940199561,0.048925,0.0521494251185036));
#6175=CARTESIAN_POINT('',(-0.0266253843287987,0.0301535380719774,0.0505913793250197));
#6176=CARTESIAN_POINT('',(-0.0297707627571986,0.0363031439558201,0.0545858363127656));
#6177=CARTESIAN_POINT('',(-0.0235309107878815,0.0343897267939947,0.0526514328050471));
#6178=CARTESIAN_POINT('',(-0.0245029309936234,0.0346877915802193,0.0529527667637381));
#6179=CARTESIAN_POINT('',(-0.0343964940199561,0.031075,0.0521494251185036));
#6180=CARTESIAN_POINT('',(-0.0266253843287987,0.0498464619280227,0.0505913793250197));
#6181=CARTESIAN_POINT('',(-0.0343964940199561,0.048925,0.0521494251185036));
#6182=CARTESIAN_POINT('',(-0.0245029309936235,0.0453122084197807,0.0529527667637381));
#6183=CARTESIAN_POINT('',(-0.0235309107878815,0.0456102732060053,0.0526514328050471));
#6184=CARTESIAN_POINT('',(-0.0297707627571986,0.0436968560441798,0.0545858363127657));
#6185=CARTESIAN_POINT('',(-0.0230167956546307,0.04,0.0524920530437928));
#6186=CARTESIAN_POINT('',(-0.0297707627571986,0.0436968560441798,0.0545858363127656));
#6187=CARTESIAN_POINT('',(-0.0297707627571986,0.0363031439558201,0.0545858363127656));
#6188=CARTESIAN_POINT('',(-0.00986413959755234,0.0301358604024476,0.0225));
#6189=CARTESIAN_POINT('',(-0.0114313675927991,0.0267533409293886,0.019));
#6190=CARTESIAN_POINT('',(-0.00453563850798539,0.02905,0.0255));
#6191=CARTESIAN_POINT('',(-0.00644905566981084,0.0244306023374436,0.0208806023374436));
#6192=CARTESIAN_POINT('',(-0.00532174559827224,0.0271521696011519,0.0236021696011518));
#6193=CARTESIAN_POINT('',(-3.46944695195361E-18,0.02605,0.0225));
#6194=CARTESIAN_POINT('',(-0.00453563850798539,0.02905,0.0255));
#6195=CARTESIAN_POINT('',(0.00453563850798538,0.02905,0.0255));
#6196=CARTESIAN_POINT('',(0.00644905566981084,0.0244306023374436,0.0208806023374436));
#6197=CARTESIAN_POINT('',(0.00532174559827224,0.0271521696011519,0.0236021696011518));
#6198=CARTESIAN_POINT('',(0.00986413959755234,0.0301358604024476,0.0225));
#6199=CARTESIAN_POINT('',(0.01095,0.0354643614920146,0.0255));
#6200=CARTESIAN_POINT('',(0.0155693976625564,0.0335509443301892,0.0208806023374436));
#6201=CARTESIAN_POINT('',(0.0128478303988482,0.0346782544017277,0.0236021696011518));
#6202=CARTESIAN_POINT('',(0.00453563850798538,0.02905,0.0255));
#6203=CARTESIAN_POINT('',(0.01395,0.04,0.0225));
#6204=CARTESIAN_POINT('',(0.01095,0.0445356385079854,0.0255));
#6205=CARTESIAN_POINT('',(0.01095,0.0354643614920146,0.0255));
#6206=CARTESIAN_POINT('',(0.0112783531599254,0.0287216468400746,-0.0205));
#6207=CARTESIAN_POINT('',(0.0146898132517296,0.0339152801224056,-0.0217601867482704));
#6208=CARTESIAN_POINT('',(0.0155693976625564,0.0335509443301892,-0.0208806023374436));
#6209=CARTESIAN_POINT('',(0.01095,0.0354643614920146,-0.0255));
#6210=CARTESIAN_POINT('',(0.01595,0.04,-0.0205));
#6211=CARTESIAN_POINT('',(0.01095,0.0354643614920146,-0.0255));
#6212=CARTESIAN_POINT('',(0.0146898132517296,0.0460847198775944,-0.0217601867482704));
#6213=CARTESIAN_POINT('',(0.0155693976625564,0.0464490556698108,-0.0208806023374436));
#6214=CARTESIAN_POINT('',(0.01095,0.0445356385079854,-0.0255));
#6215=CARTESIAN_POINT('',(0.0112783531599254,0.0512783531599254,-0.0205));
#6216=CARTESIAN_POINT('',(0.00608471987759442,0.0546898132517296,-0.0217601867482704));
#6217=CARTESIAN_POINT('',(0.00644905566981083,0.0555693976625564,-0.0208806023374436));
#6218=CARTESIAN_POINT('',(0.00453563850798539,0.05095,-0.0255));
#6219=CARTESIAN_POINT('',(0.01095,0.0445356385079854,-0.0255));
#6220=CARTESIAN_POINT('',(1.7347234759768E-18,0.05595,-0.0205));
#6221=CARTESIAN_POINT('',(0.00453563850798539,0.05095,-0.0255));
#6222=CARTESIAN_POINT('',(-0.00608471987759442,0.0546898132517296,-0.0217601867482704));
#6223=CARTESIAN_POINT('',(-0.00644905566981084,0.0555693976625564,-0.0208806023374436));
#6224=CARTESIAN_POINT('',(-0.00453563850798538,0.05095,-0.0255));
#6225=CARTESIAN_POINT('',(-0.0112783531599254,0.0512783531599254,-0.0205));
#6226=CARTESIAN_POINT('',(-0.00453563850798538,0.05095,-0.0255));
#6227=CARTESIAN_POINT('',(-0.0146898132517296,0.0460847198775944,-0.0217601867482704));
#6228=CARTESIAN_POINT('',(-0.01595,0.04,-0.0205));
#6229=CARTESIAN_POINT('',(-0.00421737646995317,0.0363031439558201,-0.0322326235300468));
#6230=CARTESIAN_POINT('',(-0.00421737646995317,0.0436968560441799,-0.0322326235300468));
#6231=CARTESIAN_POINT('',(-0.0146898132517296,0.0339152801224056,-0.0217601867482704));
#6232=CARTESIAN_POINT('',(-0.0112783531599254,0.0287216468400746,-0.0205));
#6233=CARTESIAN_POINT('',(-0.00608471987759442,0.0253101867482704,-0.0217601867482704));
#6234=CARTESIAN_POINT('',(-0.00644905566981084,0.0244306023374436,-0.0208806023374436));
#6235=CARTESIAN_POINT('',(-0.00453563850798539,0.02905,-0.0255));
#6236=CARTESIAN_POINT('',(0.,0.02405,-0.0205));
#6237=CARTESIAN_POINT('',(-0.00453563850798539,0.02905,-0.0255));
#6238=CARTESIAN_POINT('',(0.00608471987759442,0.0253101867482704,-0.0217601867482704));
#6239=CARTESIAN_POINT('',(0.00644905566981084,0.0244306023374436,-0.0208806023374436));
#6240=CARTESIAN_POINT('',(0.00453563850798538,0.02905,-0.0255));
#6241=CARTESIAN_POINT('',(0.0112783531599254,0.0287216468400746,-0.0205));
#6242=CARTESIAN_POINT('',(0.00453563850798538,0.02905,-0.0255));
#6243=CARTESIAN_POINT('',(0.01795,0.04,6.93889390390723E-18));
#6244=CARTESIAN_POINT('',(0.01795,0.04,-0.0125));
#6245=CARTESIAN_POINT('',(0.01795,0.04,-0.0165));
#6246=CARTESIAN_POINT('',(0.01795,0.04,-0.0125));
#6247=CARTESIAN_POINT('',(0.01095,0.04,-0.0125));
#6248=CARTESIAN_POINT('',(0.01595,0.04,-0.0125));
#6249=CARTESIAN_POINT('',(0.01595,0.04,-0.0145));
#6250=CARTESIAN_POINT('',(-0.0336771829205754,0.04,0.00867842639347771));
#6251=CARTESIAN_POINT('',(-6.07153216591882E-18,0.0449966371212201,-0.0081816405737997));
#6252=CARTESIAN_POINT('',(-0.0025,0.069694202214944,-0.00382679348997259));
#6253=CARTESIAN_POINT('',(-0.0025,0.0571895277334996,-0.00603170498602787));
#6254=CARTESIAN_POINT('',(-0.0025,0.0771918632420229,-0.00250475355869224));
#6255=CARTESIAN_POINT('',(-0.00369685604417988,0.0571895277334996,-0.00603170498602787));
#6256=CARTESIAN_POINT('',(-0.00369685604417988,0.0571895277334996,-0.00603170498602787));
#6257=CARTESIAN_POINT('',(-0.00369685604417988,0.0449966371212201,-0.0081816405737997));
#6258=CARTESIAN_POINT('',(-0.00369685604417988,0.0971914480308671,0.00102171284254759));
#6259=CARTESIAN_POINT('',(-6.07153216591883E-18,0.0971914480308671,0.00102171284254759));
#6260=CARTESIAN_POINT('',(0.00369685604417986,0.0971914480308671,0.00102171284254759));
#6261=CARTESIAN_POINT('',(0.00369685604417986,0.0449966371212201,-0.0081816405737997));
#6262=CARTESIAN_POINT('',(0.00369685604417986,0.0571895277334996,-0.00603170498602787));
#6263=CARTESIAN_POINT('',(0.0025,0.0571895277334996,-0.00603170498602787));
#6264=CARTESIAN_POINT('',(0.0025,0.0571895277334996,-0.00603170498602787));
#6265=CARTESIAN_POINT('',(0.0025,0.069694202214944,-0.00382679348997259));
#6266=CARTESIAN_POINT('',(0.0025,0.0771918632420229,-0.00250475355869224));
#6267=CARTESIAN_POINT('',(0.001,0.0771918632420229,-0.00250475355869224));
#6268=CARTESIAN_POINT('',(0.001,0.0805701938253052,-0.00190906272710702));
#6269=CARTESIAN_POINT('',(1.1437216918442E-17,0.0805701938253052,-0.00190906272710702));
#6270=CARTESIAN_POINT('',(-0.001,0.0805701938253052,-0.00190906272710702));
#6271=CARTESIAN_POINT('',(-0.001,0.0771918632420229,-0.00250475355869224));
#6272=CARTESIAN_POINT('',(0.00984646192802266,0.044288406417476,-0.00416506465956097));
#6273=CARTESIAN_POINT('',(0.00834734621036921,0.055085838575308,-0.00378342804176749));
#6274=CARTESIAN_POINT('',(0.0124605339059327,0.0509726508797445,-0.00033205376345721));
#6275=CARTESIAN_POINT('',(0.00807117241391812,0.0553620123717591,-0.00401516537251042));
#6276=CARTESIAN_POINT('',(0.00347497833620557,0.0507658182940465,-0.00949269617688459));
#6277=CARTESIAN_POINT('',(0.0072323899501126,0.0560697656885516,-0.00474209140240523));
#6278=CARTESIAN_POINT('',(0.0072323899501126,0.0447423352527303,-0.00673942301033876));
#6279=CARTESIAN_POINT('',(0.0072323899501126,0.0969371461623773,0.00246393040600853));
#6280=CARTESIAN_POINT('',(0.00984646192802266,0.0964832173271231,0.00503828875678632));
#6281=CARTESIAN_POINT('',(0.0124605339059327,0.0960292884918688,0.00761264710756411));
#6282=CARTESIAN_POINT('',(0.0124605339059327,0.0438344775822218,-0.00159070630878317));
#6283=CARTESIAN_POINT('',(0.013925,0.0425785862472081,0.0055318073868953));
#6284=CARTESIAN_POINT('',(0.013925,0.0419366339320393,0.00917249988097368));
#6285=CARTESIAN_POINT('',(0.013925,0.0492530266634105,0.0104625773209737));
#6286=CARTESIAN_POINT('',(0.013925,0.0492530266634105,0.0028452497655993));
#6287=CARTESIAN_POINT('',(0.013925,0.0492530266634105,0.00295480530583192));
#6288=CARTESIAN_POINT('',(0.013925,0.0432205385623769,0.00189111489281692));
#6289=CARTESIAN_POINT('',(0.013925,0.0954153494720239,0.0110944683091642));
#6290=CARTESIAN_POINT('',(0.013925,0.0947733971568551,0.0147351608032426));
#6291=CARTESIAN_POINT('',(0.013925,0.0941314448416863,0.018375853297321));
#6292=CARTESIAN_POINT('',(0.013925,0.0419366339320393,0.00917249988097368));
#6293=CARTESIAN_POINT('',(0.013925,0.0410858455648083,0.0139975604803929));
#6294=CARTESIAN_POINT('',(-0.00984646192802268,0.044288406417476,-0.00416506465956096));
#6295=CARTESIAN_POINT('',(-0.00890788011630196,0.0545253046693753,-0.00331308424803697));
#6296=CARTESIAN_POINT('',(-0.00807117241391812,0.0553620123717591,-0.00401516537251043));
#6297=CARTESIAN_POINT('',(-0.00819236649163069,0.0552408182940465,-0.00391347146660094));
#6298=CARTESIAN_POINT('',(-0.00888097220763697,0.0552408182940465,-0.00321424289747153));
#6299=CARTESIAN_POINT('',(-0.0124605339059327,0.0552408182940465,0.000420539309864927));
#6300=CARTESIAN_POINT('',(-0.0124605339059327,0.0438344775822218,-0.00159070630878317));
#6301=CARTESIAN_POINT('',(-0.0124605339059327,0.0960292884918688,0.00761264710756411));
#6302=CARTESIAN_POINT('',(-0.00984646192802268,0.0964832173271231,0.00503828875678633));
#6303=CARTESIAN_POINT('',(-0.00723238995011261,0.0969371461623773,0.00246393040600853));
#6304=CARTESIAN_POINT('',(-0.00723238995011261,0.0447423352527303,-0.00673942301033875));
#6305=CARTESIAN_POINT('',(-0.00723238995011261,0.0560697656885515,-0.00474209140240523));
#6306=CARTESIAN_POINT('',(-0.00347497833620557,0.0507658182940465,-0.00949269617688461));
#6307=CARTESIAN_POINT('',(0.00984646192802268,0.0408687660769401,0.0152286794333515));
#6308=CARTESIAN_POINT('',(0.00723238995011261,0.0404148372416859,0.0178030377841293));
#6309=CARTESIAN_POINT('',(0.0129009751375929,0.0509005730599913,0.0138959236703689));
#6310=CARTESIAN_POINT('',(0.0124605339059327,0.0513410142916514,0.0144208210905265));
#6311=CARTESIAN_POINT('',(0.0124605339059327,0.0413226949121944,0.0126543210825738));
#6312=CARTESIAN_POINT('',(-0.013925,0.0425785862472081,0.0055318073868953));
#6313=CARTESIAN_POINT('',(-0.013925,0.0432205385623769,0.00189111489281693));
#6314=CARTESIAN_POINT('',(-0.013925,0.0954153494720239,0.0110944683091642));
#6315=CARTESIAN_POINT('',(-0.013925,0.055425,0.00404309072928589));
#6316=CARTESIAN_POINT('',(-0.013925,0.055425,0.00553180738689531));
#6317=CARTESIAN_POINT('',(-0.013925,0.055425,0.0042429835952567));
#6318=CARTESIAN_POINT('',(-0.013925,0.0660103434529408,0.00610946524607585));
#6319=CARTESIAN_POINT('',(-0.013925,0.0738913258517538,0.0074990950774751));
#6320=CARTESIAN_POINT('',(-0.013925,0.0736308535852534,0.00897630670699341));
#6321=CARTESIAN_POINT('',(-0.013925,0.077471603822001,0.00965353459989444));
#6322=CARTESIAN_POINT('',(-0.013925,0.0771243074666672,0.0116231501059188));
#6323=CARTESIAN_POINT('',(-0.013925,0.0767770111113333,0.0135927656119433));
#6324=CARTESIAN_POINT('',(-0.013925,0.0729362608745857,0.0129155377190422));
#6325=CARTESIAN_POINT('',(-0.013925,0.0726757886080853,0.0143927493485606));
#6326=CARTESIAN_POINT('',(-0.013925,0.0647948062092723,0.0130031195171613));
#6327=CARTESIAN_POINT('',(-0.013925,0.0419366339320393,0.00917249988097369));
#6328=CARTESIAN_POINT('',(-0.013925,0.0410858455648083,0.0139975604803929));
#6329=CARTESIAN_POINT('',(-0.013925,0.0419366339320393,0.00917249988097369));
#6330=CARTESIAN_POINT('',(-0.013925,0.0941314448416863,0.018375853297321));
#6331=CARTESIAN_POINT('',(-0.013925,0.0947733971568551,0.0147351608032426));
#6332=CARTESIAN_POINT('',(-0.00984646192802267,0.0408687660769401,0.0152286794333515));
#6333=CARTESIAN_POINT('',(-0.0136591053662408,0.048925,0.0127777512280876));
#6334=CARTESIAN_POINT('',(-0.0124605339059327,0.0535058054501101,0.0148025321793619));
#6335=CARTESIAN_POINT('',(-0.0113014112249213,0.0525001369726628,0.0158022097098793));
#6336=CARTESIAN_POINT('',(-0.00767283118177276,0.0561287170158114,0.0201265830123173));
#6337=CARTESIAN_POINT('',(-0.00723238995011261,0.0404148372416859,0.0178030377841293));
#6338=CARTESIAN_POINT('',(-0.0124605339059327,0.0413226949121944,0.0126543210825738));
#6339=CARTESIAN_POINT('',(0.,0.0573507025423912,0.00813653005189925));
#6340=CARTESIAN_POINT('',(-0.00568533784777008,0.0841348361696963,0.0211407498955081));
#6341=CARTESIAN_POINT('',(-0.00528558367618753,0.0857080865365682,0.021662716942459));
#6342=CARTESIAN_POINT('',(-0.00601000908021464,0.0872380922960694,0.0214651836974235));
#6343=CARTESIAN_POINT('',(-0.00724336617281101,0.0878701277838361,0.0204812088134556));
#6344=CARTESIAN_POINT('',(-0.00815637129727362,0.0872504369823847,0.0191807642950083));
#6345=CARTESIAN_POINT('',(-0.00839596670196626,0.0857070110924174,0.0185042836656873));
#6346=CARTESIAN_POINT('',(-0.00793797720099971,0.0841319697982257,0.0189593008956833));
#6347=CARTESIAN_POINT('',(-0.00685709402239161,0.0834709612339725,0.020097831437897));
#6348=CARTESIAN_POINT('',(-0.00568533784777008,0.0841348361696963,0.0211407498955081));
#6349=CARTESIAN_POINT('',(-0.00528558367618753,0.0857080865365682,0.021662716942459));
#6350=CARTESIAN_POINT('',(-0.00601000908021464,0.0872380922960694,0.0214651836974235));
#6351=CARTESIAN_POINT('',(-0.00547294693878914,0.0857008791020064,0.0215428002271279));
#6352=CARTESIAN_POINT('',(0.00793587512795269,0.0841285073436741,0.018961608052137));
#6353=CARTESIAN_POINT('',(0.00839658136704259,0.0857066232427642,0.0185034374573341));
#6354=CARTESIAN_POINT('',(0.00815565327244856,0.0872502742973074,0.0191814844442859));
#6355=CARTESIAN_POINT('',(0.00724615219697055,0.0878701678713067,0.0204782556650144));
#6356=CARTESIAN_POINT('',(0.00600921078947937,0.0872381378793989,0.0214660075041669));
#6357=CARTESIAN_POINT('',(0.005286435447307,0.0857083531013772,0.0216621097857555));
#6358=CARTESIAN_POINT('',(0.00568320099433876,0.0841381500500507,0.0211428183157676));
#6359=CARTESIAN_POINT('',(0.00685519314537617,0.0834710106526347,0.0200995997513149));
#6360=CARTESIAN_POINT('',(0.00793587512795269,0.0841285073436741,0.018961608052137));
#6361=CARTESIAN_POINT('',(0.00839658136704259,0.0857066232427642,0.0185034374573341));
#6362=CARTESIAN_POINT('',(0.00815565327244856,0.0872502742973074,0.0191814844442859));
#6363=CARTESIAN_POINT('',(0.00827964231142859,0.0857008791020064,0.0186928070542932));
#6364=CARTESIAN_POINT('',(-0.000999999999999986,0.0556360147133124,0.0178610079632737));
#6365=CARTESIAN_POINT('',(-0.001,0.0771328189818245,0.0216514745548213));
#6366=CARTESIAN_POINT('',(0.000632415661685258,0.0772301257250821,0.0216994376160243));
#6367=CARTESIAN_POINT('',(0.00134258396654118,0.077087177515895,0.0216281888028575));
#6368=CARTESIAN_POINT('',(0.00260738036388467,0.0763276449667535,0.021238139041682));
#6369=CARTESIAN_POINT('',(0.00326126563574587,0.0741956000335512,0.0206191076760372));
#6370=CARTESIAN_POINT('',(0.00229832577541294,0.0720923384838754,0.0205869041655701));
#6371=CARTESIAN_POINT('',(0.000213769112349246,0.0711103335080594,0.0207307827751786));
#6372=CARTESIAN_POINT('',(-0.00198742928444771,0.0718105494526045,0.0206199939023332));
#6373=CARTESIAN_POINT('',(-0.00320159658374249,0.0737763136369473,0.0205694994619746));
#6374=CARTESIAN_POINT('',(-0.00283609915603192,0.0760032034402861,0.0211028520349834));
#6375=CARTESIAN_POINT('',(-0.00168315364497896,0.0769069707143857,0.0215414004788523));
#6376=CARTESIAN_POINT('',(-0.001,0.0771328189818245,0.0216514745548213));
#6377=CARTESIAN_POINT('',(0.000632415661685251,0.077230125725082,0.0216994376160243));
#6378=CARTESIAN_POINT('',(0.,0.0483379821844537,0.00654734428321441));
#6379=CARTESIAN_POINT('',(0.,0.0573507025423912,0.00813653005189925));
#6380=CARTESIAN_POINT('',(0.,0.0590741607057355,-0.00163768689674691));
#6381=CARTESIAN_POINT('',(-1.7347234759768E-18,0.0573507025423912,0.00813653005189925));
#6382=CARTESIAN_POINT('',(-0.001,0.089519065196591,0.00372854033685943));
#6383=CARTESIAN_POINT('',(-0.001,0.0805713122706029,0.00215081007929462));
#6384=CARTESIAN_POINT('',(0.000816207830842629,0.0895703525728201,0.00373758368505838));
#6385=CARTESIAN_POINT('',(0.000632415661685245,0.0806738870230611,0.0021688967756925));
#6386=CARTESIAN_POINT('',(-3.56803855861486E-18,0.0777858553093228,0.00165965886341873));
#6387=CARTESIAN_POINT('',(0.0113221669759322,0.0719303112657599,0.0220792579079409));
#6388=CARTESIAN_POINT('',(-0.00701944901683886,0.0881138496627575,0.00643316756825032));
#6389=CARTESIAN_POINT('',(-0.0111991840048593,0.071908955496949,0.022200372491342));
#6390=CARTESIAN_POINT('',(0.00701944901683886,0.0881138496627575,0.00643316756825032));
#6391=CARTESIAN_POINT('',(0.00984646192802268,0.0930635769865872,0.0244320328496988));
#6392=CARTESIAN_POINT('',(0.00369685604417987,0.0981476259362388,0.0243928108872112));
#6393=CARTESIAN_POINT('',(0.008925,0.0990554836067474,0.0192440941856556));
#6394=CARTESIAN_POINT('',(0.0135443976625565,0.0941740035711477,0.0203262922553461));
#6395=CARTESIAN_POINT('',(0.0128248056131872,0.0949344218073271,0.0201577115910088));
#6396=CARTESIAN_POINT('',(0.013925,0.0947733971568551,0.0147351608032426));
#6397=CARTESIAN_POINT('',(0.008925,0.0990554836067473,0.0192440941856556));
#6398=CARTESIAN_POINT('',(0.008925,0.100339388237085,0.0119627091974989));
#6399=CARTESIAN_POINT('',(0.0135443976625564,0.0961224310080206,0.00927621115576474));
#6400=CARTESIAN_POINT('',(0.0128248056131871,0.0967793324302908,0.00969470351617526));
#6401=CARTESIAN_POINT('',(0.00984646192802266,0.0964832173271231,0.00503828875678632));
#6402=CARTESIAN_POINT('',(0.00369685604417986,0.101247245907593,0.00681399249594328));
#6403=CARTESIAN_POINT('',(0.00561027320600533,0.0975001772612833,0.00146262387758943));
#6404=CARTESIAN_POINT('',(0.0053122084197807,0.0980838812424715,0.00229623955485086));
#6405=CARTESIAN_POINT('',(0.008925,0.100339388237085,0.0119627091974989));
#6406=CARTESIAN_POINT('',(-6.07153216591883E-18,0.0971914480308671,0.00102171284254759));
#6407=CARTESIAN_POINT('',(-0.00369685604417988,0.101247245907593,0.00681399249594329));
#6408=CARTESIAN_POINT('',(-0.00561027320600534,0.0975001772612833,0.00146262387758943));
#6409=CARTESIAN_POINT('',(-0.00531220841978073,0.0980838812424715,0.00229623955485082));
#6410=CARTESIAN_POINT('',(0.00369685604417986,0.101247245907593,0.00681399249594329));
#6411=CARTESIAN_POINT('',(-0.00984646192802268,0.0964832173271231,0.00503828875678633));
#6412=CARTESIAN_POINT('',(-0.008925,0.100339388237085,0.0119627091974989));
#6413=CARTESIAN_POINT('',(-0.0135443976625564,0.0961224310080206,0.00927621115576475));
#6414=CARTESIAN_POINT('',(-0.0128248056131871,0.0967793324302908,0.00969470351617526));
#6415=CARTESIAN_POINT('',(-0.00369685604417988,0.101247245907593,0.00681399249594328));
#6416=CARTESIAN_POINT('',(-0.00984646192802267,0.0930635769865872,0.0244320328496988));
#6417=CARTESIAN_POINT('',(-0.0128248056131871,0.0949344218073271,0.0201577115910088));
#6418=CARTESIAN_POINT('',(-0.0135443976625564,0.0941740035711477,0.0203262922553461));
#6419=CARTESIAN_POINT('',(-0.008925,0.0990554836067473,0.0192440941856557));
#6420=CARTESIAN_POINT('',(-0.00369685604417987,0.0981476259362388,0.0243928108872112));
#6421=CARTESIAN_POINT('',(-0.013925,0.0947733971568551,0.0147351608032426));
#6422=CARTESIAN_POINT('',(-0.008925,0.100339388237085,0.0119627091974989));
#6423=CARTESIAN_POINT('',(-0.008925,0.0990554836067473,0.0192440941856557));
#6424=CARTESIAN_POINT('',(1.09912050223475E-18,0.02205,6.93889390390723E-18));
#6425=CARTESIAN_POINT('',(1.22158518214948E-18,0.02205,-0.0125));
#6426=CARTESIAN_POINT('',(-0.004,0.02205,-0.0125));
#6427=CARTESIAN_POINT('',(8.03801440614198E-18,0.02205,-0.0125));
#6428=CARTESIAN_POINT('',(-0.0316091409801251,0.022048,0.0389245467582791));
#6429=CARTESIAN_POINT('',(-0.0195871404538968,0.055925,0.0160997691484779));
#6430=CARTESIAN_POINT('',(1.09912050223475E-18,0.02405,-0.0125));
#6431=CARTESIAN_POINT('',(1.09912050223475E-18,0.02405,-0.0125));
#6432=CARTESIAN_POINT('',(1.09912050223475E-18,0.02405,-0.0145));
#6433=CARTESIAN_POINT('',(8.03801440614198E-18,0.02205,-0.0125));
#6434=CARTESIAN_POINT('',(0.00807117241391812,0.0255144660940673,-0.00994983096199064));
#6435=CARTESIAN_POINT('',(0.00777797633026399,0.0252212700104131,-0.00999504842209896));
#6436=CARTESIAN_POINT('',(0.00715827128418104,0.0247527843397583,-0.00959490422089924));
#6437=CARTESIAN_POINT('',(0.00633454164897322,0.024357028822312,-0.00879913284457456));
#6438=CARTESIAN_POINT('',(0.0054562319884209,0.0241070076111591,-0.00797051517830026));
#6439=CARTESIAN_POINT('',(0.0048481136270666,0.02405,-0.00743402595569024));
#6440=CARTESIAN_POINT('',(0.00453563850798538,0.02405,-0.00716821011996157));
#6441=CARTESIAN_POINT('',(-0.00453563850798539,0.02405,-0.00716821011996159));
#6442=CARTESIAN_POINT('',(-0.00484906599658536,0.02405,-0.00743483611587291));
#6443=CARTESIAN_POINT('',(-0.00545826482700411,0.0241079182938208,-0.00797247780775847));
#6444=CARTESIAN_POINT('',(-0.0063269906414551,0.0243540261835418,-0.00879195457754605));
#6445=CARTESIAN_POINT('',(-0.00716205188046093,0.0247545459017435,-0.00959852339954871));
#6446=CARTESIAN_POINT('',(-0.00777863029163747,0.0252219239717866,-0.00999494756647989));
#6447=CARTESIAN_POINT('',(-0.00807117241391811,0.0255144660940673,-0.00994983096198993));
#6448=CARTESIAN_POINT('',(0.01795,0.04,-0.0125));
#6449=CARTESIAN_POINT('',(0.0144855339059327,0.0480711724139181,-0.00994983096199065));
#6450=CARTESIAN_POINT('',(0.0147787299895869,0.047777976330264,-0.00999504842209896));
#6451=CARTESIAN_POINT('',(0.0152472156602417,0.047158271284181,-0.00959490422089929));
#6452=CARTESIAN_POINT('',(0.015642971177688,0.0463345416489732,-0.00879913284457458));
#6453=CARTESIAN_POINT('',(0.0158929923888409,0.0454562319884209,-0.00797051517830027));
#6454=CARTESIAN_POINT('',(0.01595,0.0448481136270666,-0.00743402595569025));
#6455=CARTESIAN_POINT('',(0.01595,0.0445356385079854,-0.00716821011996158));
#6456=CARTESIAN_POINT('',(0.01595,0.0354643614920146,-0.00716821011996158));
#6457=CARTESIAN_POINT('',(0.01595,0.0351509340034146,-0.00743483611587291));
#6458=CARTESIAN_POINT('',(0.0158920817061792,0.0345417351729958,-0.00797247780775852));
#6459=CARTESIAN_POINT('',(0.0156459738164581,0.0336730093585448,-0.00879195457754609));
#6460=CARTESIAN_POINT('',(0.0152454540982564,0.0328379481195389,-0.00959852339954886));
#6461=CARTESIAN_POINT('',(0.0147780760282133,0.0322213697083624,-0.00999494756647989));
#6462=CARTESIAN_POINT('',(0.0144855339059327,0.0319288275860818,-0.00994983096198989));
#6463=CARTESIAN_POINT('',(0.01595,0.04,-0.0125));
#6464=CARTESIAN_POINT('',(0.0025,0.0706266120376724,-0.00911475236604533));
#6465=CARTESIAN_POINT('',(0.0025,0.0697464334996908,-0.00790013895377111));
#6466=CARTESIAN_POINT('',(0.0025,0.05745,-0.00750891661554618));
#6467=CARTESIAN_POINT('',(-0.0025,0.0706266120376724,-0.00911475236604533));
#6468=CARTESIAN_POINT('',(-0.0025,0.05745,-0.00750891661554618));
#6469=CARTESIAN_POINT('',(-0.0025,0.0550698214620183,-0.018535653756506));
#6470=CARTESIAN_POINT('',(0.,0.0706266120376724,-0.00911475236604533));
#6471=CARTESIAN_POINT('',(0.001,0.0706266120376724,-0.00911475236604533));
#6472=CARTESIAN_POINT('',(-0.001,0.0805701938253052,-0.00190906272710702));
#6473=CARTESIAN_POINT('',(1.09912050223475E-18,0.051452,-0.0125));
#6474=CARTESIAN_POINT('',(0.0096873629022557,0.0518086832458154,-0.01775));
#6475=CARTESIAN_POINT('',(0.0096873629022557,0.0518086832458154,-0.017));
#6476=CARTESIAN_POINT('',(0.0096873629022557,0.0518086832458154,-0.017));
#6477=CARTESIAN_POINT('',(0.0096873629022557,0.0518086832458154,-0.01775));
#6478=CARTESIAN_POINT('',(0.0096873629022557,0.0518086832458154,-0.0185));
#6479=CARTESIAN_POINT('',(0.0096873629022557,0.0518086832458154,-0.0185));
#6480=CARTESIAN_POINT('',(0.0102176929881456,0.0512783531599255,-0.017));
#6481=CARTESIAN_POINT('',(0.0107480230740355,0.0507480230740355,-0.017));
#6482=CARTESIAN_POINT('',(0.0107480230740355,0.0507480230740355,-0.017));
#6483=CARTESIAN_POINT('',(0.0102176929881456,0.0512783531599255,-0.017));
#6484=CARTESIAN_POINT('',(0.0107480230740355,0.0507480230740355,-0.0155));
#6485=CARTESIAN_POINT('',(0.0107480230740355,0.0507480230740355,-0.014));
#6486=CARTESIAN_POINT('',(0.0107480230740355,0.0507480230740355,-0.014));
#6487=CARTESIAN_POINT('',(0.0107480230740355,0.0507480230740355,-0.0155));
#6488=CARTESIAN_POINT('',(0.0112783531599254,0.0502176929881456,-0.014));
#6489=CARTESIAN_POINT('',(0.0118086832458153,0.0496873629022557,-0.014));
#6490=CARTESIAN_POINT('',(0.0118086832458153,0.0496873629022557,-0.014));
#6491=CARTESIAN_POINT('',(0.0112783531599254,0.0502176929881456,-0.014));
#6492=CARTESIAN_POINT('',(0.0118086832458153,0.0496873629022557,-0.01625));
#6493=CARTESIAN_POINT('',(0.0118086832458153,0.0496873629022557,-0.0185));
#6494=CARTESIAN_POINT('',(0.0118086832458153,0.0496873629022557,-0.0185));
#6495=CARTESIAN_POINT('',(0.0118086832458153,0.0496873629022557,-0.01625));
#6496=CARTESIAN_POINT('',(0.0102176929881456,0.0512783531599255,-0.0185));
#6497=CARTESIAN_POINT('',(0.0102176929881456,0.0512783531599255,-0.0185));
#6498=CARTESIAN_POINT('',(0.0117480230740355,0.0497480230740355,0.));
#6499=CARTESIAN_POINT('',(-0.0188843996898158,0.0660103434529408,0.00610946524607585));
#6500=CARTESIAN_POINT('',(-0.015425,0.055425,0.0042429835952567));
#6501=CARTESIAN_POINT('',(-0.0144427370763403,0.0542913512233485,0.00404309072928589));
#6502=CARTESIAN_POINT('',(-0.0154246886830261,0.053925,0.00397849312419399));
#6503=CARTESIAN_POINT('',(-0.0150636513104137,0.053925,0.003978493124194));
#6504=CARTESIAN_POINT('',(-0.0147118727581408,0.054058155539543,0.0040019720384462));
#6505=CARTESIAN_POINT('',(-0.0144427370763403,0.0542913512233485,0.00404309072928588));
#6506=CARTESIAN_POINT('',(-0.0169166995099782,0.048925,0.00309685822065168));
#6507=CARTESIAN_POINT('',(-0.0125403846153846,0.0771639177694559,0.00807614132941444));
#6508=CARTESIAN_POINT('',(-0.0188843996898158,0.0647948062092723,0.0130031195171613));
#6509=CARTESIAN_POINT('',(-0.0174997843052004,0.0642266478902268,0.0129029378761996));
#6510=CARTESIAN_POINT('',(-0.0218774040353798,0.053879974650179,0.0110785402234049));
#6511=CARTESIAN_POINT('',(-0.0206605351038181,0.048925,0.0102048445038519));
#6512=CARTESIAN_POINT('',(-0.0188843996898158,0.0654025748311065,0.00955629238161858));
#6513=CARTESIAN_POINT('',(-0.0188843996898158,0.0650552784757727,0.011525907887643));
#6514=CARTESIAN_POINT('',(-0.0269630044117458,0.046655777033614,0.00421987290426314));
#6515=CARTESIAN_POINT('',(-0.0441659420203202,0.0436968560441799,0.0436130830583362));
#6516=CARTESIAN_POINT('',(-0.0441659420203202,0.0363031439558201,0.0436130830583362));
#6517=CARTESIAN_POINT('',(-0.0395402107575627,0.048925,0.0460494942525983));
#6518=CARTESIAN_POINT('',(-0.0218774040353798,0.053879974650179,0.0110785402234049));
#6519=CARTESIAN_POINT('',(-0.0224485994925776,0.0538109230719204,0.0110663645670974));
#6520=CARTESIAN_POINT('',(-0.0234590682131758,0.0534640843820474,0.0105274959333515));
#6521=CARTESIAN_POINT('',(-0.024022058870908,0.0528148030509133,0.00976050056287205));
#6522=CARTESIAN_POINT('',(-0.0242087184463618,0.0524605339059328,0.00935468521539617));
#6523=CARTESIAN_POINT('',(-0.0395402107575627,0.048925,0.0460494942525983));
#6524=CARTESIAN_POINT('',(-0.0329984388698776,0.048925,0.0494951000070413));
#6525=CARTESIAN_POINT('',(-0.02837270760712,0.0436968560441798,0.0519315112013034));
#6526=CARTESIAN_POINT('',(-0.02837270760712,0.0363031439558201,0.0519315112013034));
#6527=CARTESIAN_POINT('',(-0.0329984388698776,0.031075,0.0494951000070413));
#6528=CARTESIAN_POINT('',(-0.0157530266634105,0.031075,0.0167532366588239));
#6529=CARTESIAN_POINT('',(-0.0395402107575627,0.031075,0.0460494942525983));
#6530=CARTESIAN_POINT('',(-0.0157530266634105,0.031075,0.000887527595892175));
#6531=CARTESIAN_POINT('',(-0.0441659420203202,0.0363031439558201,0.0436130830583362));
#6532=CARTESIAN_POINT('',(-0.0209811706192306,0.0363031439558201,-0.000405152509814717));
#6533=CARTESIAN_POINT('',(-0.0441659420203202,0.0436968560441799,0.0436130830583362));
#6534=CARTESIAN_POINT('',(-0.0209811706192306,0.0436968560441799,-0.000405152509814752));
#6535=CARTESIAN_POINT('',(-0.0395402107575627,0.048925,0.0460494942525983));
#6536=CARTESIAN_POINT('',(-0.0157530266634105,0.048925,0.000887527595892175));
#6537=CARTESIAN_POINT('',(-0.008925,0.0432205385623769,0.00189111489281692));
#6538=CARTESIAN_POINT('',(-0.008925,0.055425,0.00404309072928589));
#6539=CARTESIAN_POINT('',(-0.008925,0.0419366339320393,0.00917249988097369));
#6540=CARTESIAN_POINT('',(-0.008925,0.0419366339320393,0.00917249988097369));
#6541=CARTESIAN_POINT('',(-0.0136876762250099,0.053925,0.012831995402849));
#6542=CARTESIAN_POINT('',(-0.0134455372070706,0.053925,0.0136013194525318));
#6543=CARTESIAN_POINT('',(-0.0130101319822608,0.0538209921708201,0.0143000315896394));
#6544=CARTESIAN_POINT('',(-0.0124605339059327,0.0535058054501101,0.0148025321793619));
#6545=CARTESIAN_POINT('',(-0.00369685604417987,0.0410287762615308,0.0143212165825293));
#6546=CARTESIAN_POINT('',(-0.00369685604417987,0.0410287762615308,0.0143212165825293));
#6547=CARTESIAN_POINT('',(0.00369685604417987,0.0410287762615308,0.0143212165825293));
#6548=CARTESIAN_POINT('',(0.00369685604417987,0.0410287762615308,0.0143212165825293));
#6549=CARTESIAN_POINT('',(0.008925,0.0419366339320393,0.00917249988097368));
#6550=CARTESIAN_POINT('',(-0.00453563850798538,0.05095,0.0225));
#6551=CARTESIAN_POINT('',(-0.00453563850798538,0.05095,-0.0105372425373646));
#6552=CARTESIAN_POINT('',(-0.00742595513406773,0.0550299595342346,-0.00578663776288525));
#6553=CARTESIAN_POINT('',(-0.00742595513406773,0.0550299595342346,-0.00578663776288525));
#6554=CARTESIAN_POINT('',(-0.00707291033033658,0.0552800628152632,-0.00619534623511904));
#6555=CARTESIAN_POINT('',(-0.00624104490627516,0.0557356360326775,-0.00691805254199854));
#6556=CARTESIAN_POINT('',(-0.00512510233864376,0.05595,-0.00735247283921089));
#6557=CARTESIAN_POINT('',(-0.00453563850798538,0.05595,-0.00745373133432812));
#6558=CARTESIAN_POINT('',(-0.00369685604417988,0.0441283962328855,-0.00325760180873866));
#6559=CARTESIAN_POINT('',(-0.00369685604417988,0.05745,-0.000908643638288839));
#6560=CARTESIAN_POINT('',(-0.00434207332403026,0.0571917055578602,-0.00598887076051227));
#6561=CARTESIAN_POINT('',(-0.00434207332403026,0.0571917055578602,-0.00598887076051227));
#6562=CARTESIAN_POINT('',(-0.00491631296834664,0.0571955984024847,-0.00591230490535727));
#6563=CARTESIAN_POINT('',(-0.00601320490519912,0.0569511419112248,-0.00559919288173394));
#6564=CARTESIAN_POINT('',(-0.00686781197177616,0.0563865288639148,-0.00505643968940414));
#6565=CARTESIAN_POINT('',(-0.00723238995011262,0.0560697656885515,-0.00474209140240522));
#6566=CARTESIAN_POINT('',(0.00453563850798539,0.05095,0.0225));
#6567=CARTESIAN_POINT('',(0.00453563850798539,0.05595,-0.00745373133432812));
#6568=CARTESIAN_POINT('',(0.00571786982097402,0.05595,-0.00725064684057726));
#6569=CARTESIAN_POINT('',(0.00671822856064673,0.0555313257523833,-0.00660594976953476));
#6570=CARTESIAN_POINT('',(0.00742595513406772,0.0550299595342346,-0.00578663776288526));
#6571=CARTESIAN_POINT('',(0.00742595513406772,0.0550299595342346,-0.00578663776288526));
#6572=CARTESIAN_POINT('',(0.00453563850798539,0.05095,-0.0105372425373646));
#6573=CARTESIAN_POINT('',(0.00369685604417986,0.0441283962328855,-0.00325760180873866));
#6574=CARTESIAN_POINT('',(0.0072323899501126,0.0560697656885516,-0.00474209140240523));
#6575=CARTESIAN_POINT('',(0.0065028349839656,0.0567036387182207,-0.00537113201239022));
#6576=CARTESIAN_POINT('',(0.00549065737372184,0.057199491957298,-0.00583572508195724));
#6577=CARTESIAN_POINT('',(0.00434207332403026,0.0571917055578602,-0.00598887076051227));
#6578=CARTESIAN_POINT('',(0.00434207332403026,0.0571917055578602,-0.00598887076051227));
#6579=CARTESIAN_POINT('',(0.00369685604417986,0.05745,-0.000908643638288841));
#6580=CARTESIAN_POINT('',(0.008925,0.0432205385623769,0.00189111489281692));
#6581=CARTESIAN_POINT('',(0.008925,0.0557530266634105,0.00410093068043694));
#6582=CARTESIAN_POINT('',(0.008925,0.0419366339320393,0.00917249988097368));
#6583=CARTESIAN_POINT('',(0.008925,0.0557530266634105,0.0116087026955787));
#6584=CARTESIAN_POINT('',(-0.00453563850798539,0.02905,0.0225));
#6585=CARTESIAN_POINT('',(-0.00453563850798539,0.02905,0.0225));
#6586=CARTESIAN_POINT('',(0.00453563850798538,0.02905,0.0225));
#6587=CARTESIAN_POINT('',(0.01095,0.0354643614920146,0.0225));
#6588=CARTESIAN_POINT('',(0.01095,0.0445356385079854,0.0225));
#6589=CARTESIAN_POINT('',(0.01095,0.0445356385079854,0.0225));
#6590=CARTESIAN_POINT('',(0.01095,0.0354643614920146,0.0225));
#6591=CARTESIAN_POINT('',(0.00453563850798538,0.02905,0.0225));
#6592=CARTESIAN_POINT('',(-0.0329984388698776,0.048925,0.0494951000070413));
#6593=CARTESIAN_POINT('',(-0.0112700290214326,0.0524605339059327,0.0158285724938537));
#6594=CARTESIAN_POINT('',(-0.011280242163951,0.0524737748341835,0.0158195501143731));
#6595=CARTESIAN_POINT('',(-0.011290702667128,0.0524869762789271,0.0158107628790472));
#6596=CARTESIAN_POINT('',(-0.0113014112249213,0.0525001369726628,0.0158022097098793));
#6597=CARTESIAN_POINT('',(-0.0198449964993088,0.0351669698358983,0.0530282664828564));
#6598=CARTESIAN_POINT('',(-0.0111568325856979,0.0264788059222874,0.0178896645568379));
#6599=CARTESIAN_POINT('',(-0.0100961724139181,0.0275394660940673,0.0178896645568379));
#6600=CARTESIAN_POINT('',(-0.0110412755825118,0.028484569262661,0.0174223032621966));
#6601=CARTESIAN_POINT('',(-0.0120952782285923,0.0275394660940673,0.0173953774182913));
#6602=CARTESIAN_POINT('',(-0.00949453201552752,0.0269378256956767,0.0154563768481902));
#6603=CARTESIAN_POINT('',(-0.0103757745327728,0.0278190682129248,0.0152324176672102));
#6604=CARTESIAN_POINT('',(-0.0113707955826894,0.0270766657876198,0.0150267917448327));
#6605=CARTESIAN_POINT('',(-0.00853084980703395,0.0259741434871831,0.0105316529576576));
#6606=CARTESIAN_POINT('',(-0.00924052624613156,0.0266838199262818,0.010624620584982));
#6607=CARTESIAN_POINT('',(-0.0101126119390894,0.0263353717810773,0.0102571842137499));
#6608=CARTESIAN_POINT('',(-0.00819236649163384,0.025635660171783,0.0062382228639332));
#6609=CARTESIAN_POINT('',(-0.00870543411046971,0.0261487277906143,0.00622817494677774));
#6610=CARTESIAN_POINT('',(-0.00942675183601473,0.026075,0.00614672036817066));
#6611=CARTESIAN_POINT('',(-0.00819236649163067,0.0256356601717798,0.00441244078711929));
#6612=CARTESIAN_POINT('',(-0.00863170631985085,0.026075,0.0044124407871193));
#6613=CARTESIAN_POINT('',(-0.00925302666341049,0.026075,0.0044124407871193));
#6614=CARTESIAN_POINT('',(-0.00925302666341051,0.024575,0.00441244078711933));
#6615=CARTESIAN_POINT('',(-0.0092530266634105,0.024575,0.0477722971298198));
#6616=CARTESIAN_POINT('',(-0.0092530266634105,0.024575,-0.0114532682758124));
#6617=CARTESIAN_POINT('',(-0.00819236649163067,0.0256356601717798,-0.0114532682758124));
#6618=CARTESIAN_POINT('',(-0.00863170631985086,0.026075,-0.0114532682758124));
#6619=CARTESIAN_POINT('',(-0.00925302666341051,0.026075,-0.0114532682758124));
#6620=CARTESIAN_POINT('',(-0.00819236649162593,0.0256356601717751,-0.0132790503526406));
#6621=CARTESIAN_POINT('',(-0.00856143261263245,0.0260047262927827,-0.0131839368559705));
#6622=CARTESIAN_POINT('',(-0.0090793014908126,0.026075,-0.0131875478568827));
#6623=CARTESIAN_POINT('',(-0.00853084980908114,0.0259741434892303,-0.0162872024464237));
#6624=CARTESIAN_POINT('',(-0.00875136571515994,0.0261946593953114,-0.0161126201738721));
#6625=CARTESIAN_POINT('',(-0.00907040802016836,0.0263353717826533,-0.0160127337022928));
#6626=CARTESIAN_POINT('',(-0.00949453201144099,0.0269378256915901,-0.0175526631292271));
#6627=CARTESIAN_POINT('',(-0.00959426615355447,0.027037559833698,-0.0173327094715674));
#6628=CARTESIAN_POINT('',(-0.00973958878866483,0.0270766657844676,-0.0171230780263113));
#6629=CARTESIAN_POINT('',(-0.0100961724139181,0.0275394660940673,-0.0177014211943643));
#6630=CARTESIAN_POINT('',(-0.0101276322868108,0.0275709259669599,-0.0174469471855379));
#6631=CARTESIAN_POINT('',(-0.0102183869428036,0.0275394660940673,-0.0172071340558177));
#6632=CARTESIAN_POINT('',(-0.0111568325856979,0.0264788059222874,-0.0177014211943643));
#6633=CARTESIAN_POINT('',(-0.0220464853382315,0.0373684586748209,-0.0203939326458873));
#6634=CARTESIAN_POINT('',(-0.016384976541518,0.0317069498781076,-0.0189941013000712));
#6635=CARTESIAN_POINT('',(-0.0153243163697382,0.0327676100498874,-0.0189941013000712));
#6636=CARTESIAN_POINT('',(-0.0153557762426309,0.0327990699227801,-0.0187396272912448));
#6637=CARTESIAN_POINT('',(-0.0154465308986237,0.0327676100498874,-0.0184998141615246));
#6638=CARTESIAN_POINT('',(-0.0155280298056217,0.0329713234857709,-0.0190444702853275));
#6639=CARTESIAN_POINT('',(-0.015536841843464,0.0329801355236154,-0.0187784083818018));
#6640=CARTESIAN_POINT('',(-0.0156086503584759,0.0329243126928755,-0.018528275253077));
#6641=CARTESIAN_POINT('',(-0.0157453056370613,0.0331885993172105,-0.0190399826490485));
#6642=CARTESIAN_POINT('',(-0.015731524810112,0.0331748184902595,-0.0187624743137644));
#6643=CARTESIAN_POINT('',(-0.0157871018030757,0.033091447947831,-0.0185033384887912));
#6644=CARTESIAN_POINT('',(-0.0159742282220792,0.0334175219022283,-0.0189806779573467));
#6645=CARTESIAN_POINT('',(-0.0159368804047285,0.0333801740848776,-0.0186923446519154));
#6646=CARTESIAN_POINT('',(-0.0159803118909143,0.0332675422439958,-0.0184252237272952));
#6647=CARTESIAN_POINT('',(-1.06750470898575E-17,0.05745,-0.00750891661554618));
#6648=CARTESIAN_POINT('',(-0.00369685604417988,0.05745,-0.00750891661554618));
#6649=CARTESIAN_POINT('',(-0.00453563850798538,0.05595,-0.00745373133432812));
#6650=CARTESIAN_POINT('',(-0.00437050815838402,0.05595,-0.00620405960241403));
#6651=CARTESIAN_POINT('',(-0.00434207332403026,0.0571917055578602,-0.00598887076051227));
#6652=CARTESIAN_POINT('',(-0.00425760674190382,0.05595,-0.00749047016866404));
#6653=CARTESIAN_POINT('',(-0.00414744038766732,0.0559499999999966,-0.0062348015704782));
#6654=CARTESIAN_POINT('',(-0.00412820273473697,0.057190255701546,-0.0060173870510956));
#6655=CARTESIAN_POINT('',(-0.0039772320509987,0.05595,-0.00750891661554594));
#6656=CARTESIAN_POINT('',(-0.00392210296209355,0.0559499999999981,-0.00625026716877946));
#6657=CARTESIAN_POINT('',(-0.00391252989557898,0.0571895277335006,-0.0060317049860277));
#6658=CARTESIAN_POINT('',(-0.00369685604417988,0.05595,-0.00750891661554618));
#6659=CARTESIAN_POINT('',(-0.00369685604417988,0.05595,-0.00625026716878026));
#6660=CARTESIAN_POINT('',(-0.00369685604417988,0.0571895277334996,-0.00603170498602787));
#6661=CARTESIAN_POINT('',(-0.00453563850798538,0.05745,-0.00745373133432812));
#6662=CARTESIAN_POINT('',(-0.00742595513406773,0.0550299595342346,-0.00578663776288525));
#6663=CARTESIAN_POINT('',(-0.00701549962603132,0.0553207335895139,-0.00509440217781492));
#6664=CARTESIAN_POINT('',(-0.00723238995011262,0.0560697656885515,-0.00474209140240522));
#6665=CARTESIAN_POINT('',(-0.00705194950148949,0.055294911842957,-0.00621961190047792));
#6666=CARTESIAN_POINT('',(-0.00660022526500354,0.0555568929950015,-0.00542659330396411));
#6667=CARTESIAN_POINT('',(-0.00685838431950135,0.0563947200740613,-0.00506456844705811));
#6668=CARTESIAN_POINT('',(-0.00617720906821012,0.0557579178501982,-0.0069551466958256));
#6669=CARTESIAN_POINT('',(-0.0056769132877558,0.0559055218092285,-0.00592925031396952));
#6670=CARTESIAN_POINT('',(-0.00598364388325843,0.0569634124342158,-0.00561172908687798));
#6671=CARTESIAN_POINT('',(-0.00509936583494154,0.05595,-0.00735689387337681));
#6672=CARTESIAN_POINT('',(-0.00481422359359834,0.0559685228766841,-0.00613884002442086));
#6673=CARTESIAN_POINT('',(-0.00490580065101261,0.0571955271356801,-0.00591370655852127));
#6674=CARTESIAN_POINT('',(-0.00453563850798538,0.05595,-0.00745373133432812));
#6675=CARTESIAN_POINT('',(-0.00437050815838402,0.05595,-0.00620405960241404));
#6676=CARTESIAN_POINT('',(-0.00434207332403026,0.0571917055578602,-0.00598887076051227));
#6677=CARTESIAN_POINT('',(-0.00829305012189244,0.056253947394505,-0.00578663776288525));
#6678=CARTESIAN_POINT('',(-0.015425,0.055425,0.00553180738689531));
#6679=CARTESIAN_POINT('',(-0.015425,0.055425,0.00404309072928589));
#6680=CARTESIAN_POINT('',(-0.00723238995011261,0.0560697656885515,-0.00474209140240521));
#6681=CARTESIAN_POINT('',(-0.00701549962603132,0.0553207335895139,-0.00509440217781491));
#6682=CARTESIAN_POINT('',(-0.00742595513406773,0.0550299595342346,-0.00578663776288524));
#6683=CARTESIAN_POINT('',(-0.0075312583230508,0.0558580419643177,-0.00447594510811127));
#6684=CARTESIAN_POINT('',(-0.00729020601961402,0.0551605371626807,-0.00484370494758268));
#6685=CARTESIAN_POINT('',(-0.00765585388248214,0.0548670951309772,-0.00552049146859102));
#6686=CARTESIAN_POINT('',(-0.00781218473088407,0.0556210000547921,-0.00423248184182393));
#6687=CARTESIAN_POINT('',(-0.00755228059658583,0.0549730718684143,-0.00461064263715425));
#6688=CARTESIAN_POINT('',(-0.00787195111927707,0.0546847552005738,-0.00527702820230447));
#6689=CARTESIAN_POINT('',(-0.00807117241391813,0.0553620123717591,-0.00401516537251041));
#6690=CARTESIAN_POINT('',(-0.00779499861746704,0.0547617077023838,-0.00440144950478849));
#6691=CARTESIAN_POINT('',(-0.00807117241391813,0.0544855339059327,-0.00505971173299043));
#6692=CARTESIAN_POINT('',(-0.00913183258569794,0.0555461940777126,-0.00505971173299046));
#6693=CARTESIAN_POINT('',(-0.0124605339059327,0.0552408182940465,0.000420539309864927));
#6694=CARTESIAN_POINT('',(-0.0125765274470006,0.053925,0.000306307971321931));
#6695=CARTESIAN_POINT('',(-0.0135211940777126,0.053925,-0.000624007050615102));
#6696=CARTESIAN_POINT('',(-0.0133861345252426,0.0552890369522769,0.00136892106110967));
#6697=CARTESIAN_POINT('',(-0.0135189397810162,0.0539249999999925,0.00132582518740324));
#6698=CARTESIAN_POINT('',(-0.0147244748828115,0.053925,0.000597836300457057));
#6699=CARTESIAN_POINT('',(-0.013925,0.0553568085195756,0.00270187639452995));
#6700=CARTESIAN_POINT('',(-0.0139916759082592,0.0539250000000371,0.00273168528687769));
#6701=CARTESIAN_POINT('',(-0.015424999999997,0.053925,0.00231514329131285));
#6702=CARTESIAN_POINT('',(-0.013925,0.055425,0.00404309072928587));
#6703=CARTESIAN_POINT('',(-0.013925,0.053925,0.00404309072928587));
#6704=CARTESIAN_POINT('',(-0.015425,0.053925,0.00404309072928587));
#6705=CARTESIAN_POINT('',(-0.0135211940777126,0.055425,-0.000624007050615102));
#6706=CARTESIAN_POINT('',(-0.0159729070170201,0.0465837993028308,-0.0189810196543653));
#6707=CARTESIAN_POINT('',(-0.0159356927428302,0.0466210135770206,-0.0186927496813769));
#6708=CARTESIAN_POINT('',(-0.0159791968518118,0.0467334740675881,-0.0184256740136408));
#6709=CARTESIAN_POINT('',(-0.0157444695441874,0.0468122367756634,-0.0190400000237804));
#6710=CARTESIAN_POINT('',(-0.0157307745388411,0.0468259317810122,-0.0187625362687894));
#6711=CARTESIAN_POINT('',(-0.015786415099122,0.0469091952005365,-0.0185034345479108));
#6712=CARTESIAN_POINT('',(-0.0155276378630287,0.0470290684568222,-0.0190443733759092));
#6713=CARTESIAN_POINT('',(-0.0155364932463786,0.0470202130734709,-0.0187783337184022));
#6714=CARTESIAN_POINT('',(-0.0156083384422715,0.0470759888014286,-0.018528220494223));
#6715=CARTESIAN_POINT('',(-0.0153243163697382,0.0472323899501126,-0.0189941013000713));
#6716=CARTESIAN_POINT('',(-0.0153557762426309,0.0472009300772199,-0.0187396272912449));
#6717=CARTESIAN_POINT('',(-0.0154465308986237,0.0472323899501126,-0.0184998141615246));
#6718=CARTESIAN_POINT('',(-0.016384976541518,0.0482930501218925,-0.0189941013000712));
#6719=CARTESIAN_POINT('',(-0.0200559235751778,0.0446221030882328,0.00410668898722914));
#6720=CARTESIAN_POINT('',(-0.00925302666341051,0.055425,-0.00495801782708097));
#6721=CARTESIAN_POINT('',(-0.00994163237941679,0.055425,-0.00425878925795156));
#6722=CARTESIAN_POINT('',(-0.00925302666341051,0.055425,-0.00495801782708098));
#6723=CARTESIAN_POINT('',(-0.0220464853382314,0.0426315413251791,-0.0203939326458873));
#6724=CARTESIAN_POINT('',(-0.0111568325856979,0.0535211940777126,-0.0177014211943643));
#6725=CARTESIAN_POINT('',(-0.00925302666341051,0.055425,-0.00495801782708098));
#6726=CARTESIAN_POINT('',(-0.00925302666341051,0.055425,-0.00495801782708097));
#6727=CARTESIAN_POINT('',(-0.0100961724139181,0.0524605339059327,-0.0177014211943643));
#6728=CARTESIAN_POINT('',(-0.0101276322868108,0.05242907403304,-0.0174469471855379));
#6729=CARTESIAN_POINT('',(-0.0102183869428036,0.0524605339059327,-0.0172071340558177));
#6730=CARTESIAN_POINT('',(-0.00949453201143577,0.0530621743084151,-0.0175526631292391));
#6731=CARTESIAN_POINT('',(-0.00959426615355447,0.052962440166305,-0.0173327094715705));
#6732=CARTESIAN_POINT('',(-0.00973958878866104,0.0529233342155311,-0.0171230780263213));
#6733=CARTESIAN_POINT('',(-0.00853084980908378,0.0540258565107671,-0.016287202446421));
#6734=CARTESIAN_POINT('',(-0.00875136571515427,0.0538053406046812,-0.016112620173881));
#6735=CARTESIAN_POINT('',(-0.00907040802017102,0.0536646282173474,-0.0160127337022942));
#6736=CARTESIAN_POINT('',(-0.00819236649162592,0.0543643398282249,-0.0132790503526342));
#6737=CARTESIAN_POINT('',(-0.00856143261264466,0.0539952737072291,-0.013183936855957));
#6738=CARTESIAN_POINT('',(-0.009079301490811,0.053925,-0.0131875478568701));
#6739=CARTESIAN_POINT('',(-0.00819236649163067,0.0543643398282202,-0.0114532682758124));
#6740=CARTESIAN_POINT('',(-0.00863170631985085,0.053925,-0.0114532682758124));
#6741=CARTESIAN_POINT('',(-0.0092530266634105,0.053925,-0.0114532682758124));
#6742=CARTESIAN_POINT('',(-0.00925302666341051,0.055425,-0.0114532682758124));
#6743=CARTESIAN_POINT('',(-0.00925302666341051,0.055425,0.0477722971298198));
#6744=CARTESIAN_POINT('',(0.001,0.0697464334996908,-0.00790013895377111));
#6745=CARTESIAN_POINT('',(-0.001,0.0697464334996908,-0.00790013895377111));
#6746=CARTESIAN_POINT('',(-0.0174997843052004,0.0644871201567272,0.0114257262466813));
#6747=CARTESIAN_POINT('',(-0.0174997843052004,0.0651817128673949,0.00748649523463247));
#6748=CARTESIAN_POINT('',(-0.0107399737799224,0.0505200354289817,0.0235382236638551));
#6749=CARTESIAN_POINT('',(-0.0103787844770247,0.0542992421863859,0.0192103453820289));
#6750=CARTESIAN_POINT('',(0.0103787844770247,0.0542992421863859,0.0192103453820289));
#6751=CARTESIAN_POINT('',(0.0135211940777126,0.051156832585698,0.0154653674510066));
#6752=CARTESIAN_POINT('',(0.0143643398282202,0.0481923664916307,0.0104625773209737));
#6753=CARTESIAN_POINT('',(0.013925,0.0486317063198509,0.0104625773209737));
#6754=CARTESIAN_POINT('',(0.013925,0.0492530266634105,0.0104625773209737));
#6755=CARTESIAN_POINT('',(0.0143643398282217,0.0481923664916292,0.0121905247589467));
#6756=CARTESIAN_POINT('',(0.0138964856924848,0.048660220627359,0.0119782522636142));
#6757=CARTESIAN_POINT('',(0.013925,0.0493212181438289,0.0118037916557289));
#6758=CARTESIAN_POINT('',(0.0136638147072306,0.0488928916126202,0.0140313532331539));
#6759=CARTESIAN_POINT('',(0.0131297515600962,0.0494269547597582,0.0136258789112773));
#6760=CARTESIAN_POINT('',(0.0133861345223181,0.0500895148322617,0.0132602684716386));
#6761=CARTESIAN_POINT('',(0.0124605339059327,0.0500961724139181,0.0154653674510066));
#6762=CARTESIAN_POINT('',(0.0120200926742726,0.0505366136455783,0.014726219300924));
#6763=CARTESIAN_POINT('',(0.0124605339059327,0.0513410142916514,0.0144208210905265));
#6764=CARTESIAN_POINT('',(0.015425,0.0492530266634105,0.0104625773209737));
#6765=CARTESIAN_POINT('',(0.015425,0.0492530266634105,0.0225));
#6766=CARTESIAN_POINT('',(0.015425,0.0492530266634105,0.00295480530583191));
#6767=CARTESIAN_POINT('',(0.0124605339059327,0.0500961724139181,-0.00137660012393725));
#6768=CARTESIAN_POINT('',(0.0121843601094816,0.0503723462103692,-0.000718337895735307));
#6769=CARTESIAN_POINT('',(0.0124605339059327,0.0509726508797445,-0.000332053763457216));
#6770=CARTESIAN_POINT('',(0.0136638147087113,0.0488928916111396,-0.000366927646126042));
#6771=CARTESIAN_POINT('',(0.0132668816807161,0.0492898246391452,4.8010238468707E-5));
#6772=CARTESIAN_POINT('',(0.0133861345234509,0.049817588735097,0.000404157115052245));
#6773=CARTESIAN_POINT('',(0.0143643398282127,0.0481923664916382,0.00122685786785665));
#6774=CARTESIAN_POINT('',(0.0139529823754789,0.0486037239443757,0.00146740515197595));
#6775=CARTESIAN_POINT('',(0.013925,0.0491848351829981,0.00161359097107412));
#6776=CARTESIAN_POINT('',(0.0143643398282202,0.0481923664916307,0.00295480530583193));
#6777=CARTESIAN_POINT('',(0.013925,0.0486317063198508,0.00295480530583192));
#6778=CARTESIAN_POINT('',(0.013925,0.0492530266634105,0.00295480530583192));
#6779=CARTESIAN_POINT('',(0.0135211940777126,0.051156832585698,-0.00137660012393724));
#6780=CARTESIAN_POINT('',(0.0200559235751778,0.0446221030882328,0.00410668898722912));
#6781=CARTESIAN_POINT('',(0.00913183258569794,0.0555461940777126,-0.00505971173299046));
#6782=CARTESIAN_POINT('',(0.00807117241391815,0.0553620123717591,-0.0040151653725104));
#6783=CARTESIAN_POINT('',(0.00779499861746706,0.0547617077023838,-0.00440144950478849));
#6784=CARTESIAN_POINT('',(0.00807117241391814,0.0544855339059327,-0.00505971173299043));
#6785=CARTESIAN_POINT('',(0.00781218473088317,0.0556210000547921,-0.00423248184182487));
#6786=CARTESIAN_POINT('',(0.00755228059658364,0.0549730718684112,-0.00461064263715172));
#6787=CARTESIAN_POINT('',(0.00787195111927652,0.0546847552005744,-0.00527702820230484));
#6788=CARTESIAN_POINT('',(0.00753125832305139,0.0558580419643178,-0.00447594510811067));
#6789=CARTESIAN_POINT('',(0.00729020601961464,0.0551605371626817,-0.00484370494757988));
#6790=CARTESIAN_POINT('',(0.00765585388248179,0.0548670951309774,-0.00552049146859102));
#6791=CARTESIAN_POINT('',(0.0072323899501126,0.0560697656885516,-0.00474209140240523));
#6792=CARTESIAN_POINT('',(0.00701549962603131,0.0553207335895139,-0.00509440217781493));
#6793=CARTESIAN_POINT('',(0.00742595513406772,0.0550299595342346,-0.00578663776288526));
#6794=CARTESIAN_POINT('',(0.00829305012189242,0.056253947394505,-0.00578663776288526));
#6795=CARTESIAN_POINT('',(0.00453563850798539,0.05595,-0.00745373133432812));
#6796=CARTESIAN_POINT('',(0.00437050815838403,0.05595,-0.00620405960241404));
#6797=CARTESIAN_POINT('',(0.00434207332403027,0.0571917055578602,-0.00598887076051227));
#6798=CARTESIAN_POINT('',(0.00509827950862978,0.05595,-0.00735708048018884));
#6799=CARTESIAN_POINT('',(0.00481337288221024,0.0559684873622007,-0.00613896506499541));
#6800=CARTESIAN_POINT('',(0.00490471432505868,0.0571955197684231,-0.00591385140357235));
#6801=CARTESIAN_POINT('',(0.00617723970756891,0.0557581656030358,-0.00695546898198452));
#6802=CARTESIAN_POINT('',(0.00567677205175713,0.0559057514919562,-0.00592951103887105));
#6803=CARTESIAN_POINT('',(0.0059836745225929,0.0569637195541767,-0.00561196653048277));
#6804=CARTESIAN_POINT('',(0.00705235589950181,0.0552946239433046,-0.00621914142805724));
#6805=CARTESIAN_POINT('',(0.00660068862617284,0.0555566294905509,-0.00542622264817808));
#6806=CARTESIAN_POINT('',(0.00685879071720445,0.0563943669763199,-0.005064218040674));
#6807=CARTESIAN_POINT('',(0.00742595513406772,0.0550299595342346,-0.00578663776288526));
#6808=CARTESIAN_POINT('',(0.00701549962603131,0.0553207335895139,-0.00509440217781493));
#6809=CARTESIAN_POINT('',(0.0072323899501126,0.0560697656885515,-0.00474209140240523));
#6810=CARTESIAN_POINT('',(0.00453563850798539,0.05745,-0.00745373133432812));
#6811=CARTESIAN_POINT('',(0.00369685604417986,0.05595,-0.00750891661554618));
#6812=CARTESIAN_POINT('',(0.00369685604417986,0.05595,-0.00625026716878026));
#6813=CARTESIAN_POINT('',(0.00369685604417986,0.0571895277334996,-0.00603170498602787));
#6814=CARTESIAN_POINT('',(0.00397723205099869,0.05595,-0.00750891661554594));
#6815=CARTESIAN_POINT('',(0.00392210296209386,0.0559500000000013,-0.00625026716877887));
#6816=CARTESIAN_POINT('',(0.00391252989557915,0.0571895277335006,-0.00603170498602769));
#6817=CARTESIAN_POINT('',(0.00425760674190334,0.05595,-0.00749047016866367));
#6818=CARTESIAN_POINT('',(0.00414744038766678,0.0559499999999962,-0.00623480157047874));
#6819=CARTESIAN_POINT('',(0.00412820273473648,0.057190255701546,-0.00601738705109567));
#6820=CARTESIAN_POINT('',(0.00453563850798539,0.05595,-0.00745373133432812));
#6821=CARTESIAN_POINT('',(0.00437050815838403,0.05595,-0.00620405960241403));
#6822=CARTESIAN_POINT('',(0.00434207332403027,0.0571917055578602,-0.00598887076051227));
#6823=CARTESIAN_POINT('',(0.00369685604417986,0.05745,-0.00750891661554618));
#6824=CARTESIAN_POINT('',(-1.06750470898575E-17,0.05745,-0.00750891661554618));
#6825=MECHANICAL_DESIGN_GEOMETRIC_PRESENTATION_REPRESENTATION('',(#3751),
#6826);
#6826=(
GEOMETRIC_REPRESENTATION_CONTEXT(3)
GLOBAL_UNCERTAINTY_ASSIGNED_CONTEXT((#6827))
GLOBAL_UNIT_ASSIGNED_CONTEXT((#6830,#6829,#6828))
REPRESENTATION_CONTEXT('Part 1','TOP_LEVEL_ASSEMBLY_PART')
);
#6827=UNCERTAINTY_MEASURE_WITH_UNIT(LENGTH_MEASURE(5.E-6),#6830,
'DISTANCE_ACCURACY_VALUE','Maximum Tolerance applied to model');
#6828=(
NAMED_UNIT(*)
SI_UNIT($,.STERADIAN.)
SOLID_ANGLE_UNIT()
);
#6829=(
NAMED_UNIT(*)
PLANE_ANGLE_UNIT()
SI_UNIT($,.RADIAN.)
);
#6830=(
LENGTH_UNIT()
NAMED_UNIT(*)
SI_UNIT($,.METRE.)
);
#6831=PRODUCT_DEFINITION_SHAPE('','',#6832);
#6832=PRODUCT_DEFINITION('','',#6834,#6833);
#6833=PRODUCT_DEFINITION_CONTEXT('',#6840,'design');
#6834=PRODUCT_DEFINITION_FORMATION_WITH_SPECIFIED_SOURCE('','',#6836,
 .NOT_KNOWN.);
#6835=PRODUCT_RELATED_PRODUCT_CATEGORY('','',(#6836));
#6836=PRODUCT('Part 1','Part 1','Part 1',(#6838));
#6837=PRODUCT_CATEGORY('','');
#6838=PRODUCT_CONTEXT('',#6840,'mechanical');
#6839=APPLICATION_PROTOCOL_DEFINITION('international standard',
'ap242_managed_model_based_3d_engineering',2011,#6840);
#6840=APPLICATION_CONTEXT('managed model based 3d engineering');
ENDSEC;
END-ISO-10303-21;
