ISO-10303-21;
HEADER;
/* Generated by software containing ST-Developer
 * from STEP Tools, Inc. (www.steptools.com) 
 */
/* OPTION: using custom renumber hook */

FILE_DESCRIPTION(
/* description */ ('STEP AP242',
'CAx-IF Rec.Pracs.---Representation and Presentation of Product Manufa
cturing Information (PMI)---4.0---2014-10-13',
'CAx-IF Rec.Pracs.---3D Tessellated Geometry---0.4---2014-09-14','2;1'),

/* implementation_level */ '2;1');

FILE_NAME(
/* name */ '64246fb21269fe20730820f2',
/* time_stamp */ '2023-03-29T17:04:51+00:00',
/* author */ (''),
/* organization */ (''),
/* preprocessor_version */ 'ST-DEVELOPER v18.102',
/* originating_system */ '  ',
/* authorisation */ '  ');

FILE_SCHEMA (('AP242_MANAGED_MODEL_BASED_3D_ENGINEERING_MIM_LF { 1 0 10303 442 1 1 4 }'));
ENDSEC;

DATA;
#10=SHAPE_REPRESENTATION_RELATIONSHIP('','',#6780,#11);
#11=ADVANCED_BREP_SHAPE_REPRESENTATION('',(#6778),#13395);
#12=SPHERICAL_SURFACE('',#7158,0.002);
#13=SPHERICAL_SURFACE('',#7170,0.002);
#14=SPHERICAL_SURFACE('',#7177,0.002);
#15=(
BOUNDED_SURFACE()
B_SPLINE_SURFACE(1,3,((#10059,#10060,#10061,#10062),(#10063,#10064,#10065,
#10066)),.SURF_OF_REVOLUTION.,.F.,.F.,.F.)
B_SPLINE_SURFACE_WITH_KNOTS((2,2),(4,4),(0.644185522865562,0.828679940138574),
(0.,0.00430837949191689),.PIECEWISE_BEZIER_KNOTS.)
GEOMETRIC_REPRESENTATION_ITEM()
RATIONAL_B_SPLINE_SURFACE(((1.,0.999327083326471,0.998657065833339,0.997989947520602),
(1.,0.999327083326471,0.998657065833339,0.997989947520602)))
REPRESENTATION_ITEM('')
SURFACE()
);
#16=(
BOUNDED_SURFACE()
B_SPLINE_SURFACE(1,3,((#10071,#10072,#10073,#10074),(#10075,#10076,#10077,
#10078)),.SURF_OF_REVOLUTION.,.F.,.F.,.F.)
B_SPLINE_SURFACE_WITH_KNOTS((2,2),(4,4),(0.17241379688586,0.50684369102961),
(0.,0.112694496976393),.PIECEWISE_BEZIER_KNOTS.)
GEOMETRIC_REPRESENTATION_ITEM()
RATIONAL_B_SPLINE_SURFACE(((1.,0.982398485051606,0.966780563976343,0.953146236774213),
(1.,0.982398485051606,0.966780563976343,0.953146236774213)))
REPRESENTATION_ITEM('')
SURFACE()
);
#17=(
BOUNDED_SURFACE()
B_SPLINE_SURFACE(1,3,((#10084,#10085,#10086,#10087),(#10088,#10089,#10090,
#10091)),.SURF_OF_REVOLUTION.,.F.,.F.,.F.)
B_SPLINE_SURFACE_WITH_KNOTS((2,2),(4,4),(0.172413851927973,0.83151728128167),
(0.724893006115646,1.),.PIECEWISE_BEZIER_KNOTS.)
GEOMETRIC_REPRESENTATION_ITEM()
RATIONAL_B_SPLINE_SURFACE(((0.906557567582576,0.925884143456828,0.957031620929302,
1.),(0.906557567582576,0.925884143456827,0.957031620929302,1.)))
REPRESENTATION_ITEM('')
SURFACE()
);
#18=(
BOUNDED_SURFACE()
B_SPLINE_SURFACE(1,3,((#10119,#10120,#10121,#10122),(#10123,#10124,#10125,
#10126)),.SURF_OF_REVOLUTION.,.F.,.F.,.F.)
B_SPLINE_SURFACE_WITH_KNOTS((2,2),(4,4),(0.172413851927974,0.831517249566492),
(0.,0.2890789131494),.PIECEWISE_BEZIER_KNOTS.)
GEOMETRIC_REPRESENTATION_ITEM()
RATIONAL_B_SPLINE_SURFACE(((1.,0.954849376432901,0.922750846054596,0.903704408865087),
(1.,0.954849376432901,0.922750846054596,0.903704408865087)))
REPRESENTATION_ITEM('')
SURFACE()
);
#19=(
BOUNDED_SURFACE()
B_SPLINE_SURFACE(1,3,((#10410,#10411,#10412,#10413),(#10414,#10415,#10416,
#10417)),.SURF_OF_REVOLUTION.,.F.,.F.,.F.)
B_SPLINE_SURFACE_WITH_KNOTS((2,2),(4,4),(0.168481322771276,0.831776062590311),
(0.,1.),.PIECEWISE_BEZIER_KNOTS.)
GEOMETRIC_REPRESENTATION_ITEM()
RATIONAL_B_SPLINE_SURFACE(((1.,0.843812116645932,0.843812116645932,1.),
(1.,0.843812116645932,0.843812116645932,1.)))
REPRESENTATION_ITEM('')
SURFACE()
);
#20=(
BOUNDED_SURFACE()
B_SPLINE_SURFACE(1,3,((#10430,#10431,#10432,#10433),(#10434,#10435,#10436,
#10437)),.SURF_OF_REVOLUTION.,.F.,.F.,.F.)
B_SPLINE_SURFACE_WITH_KNOTS((2,2),(4,4),(0.168482718718331,0.827586148072029),
(0.,1.),.PIECEWISE_BEZIER_KNOTS.)
GEOMETRIC_REPRESENTATION_ITEM()
RATIONAL_B_SPLINE_SURFACE(((1.,0.843812116645932,0.843812116645932,1.),
(1.,0.843812116645932,0.843812116645932,1.)))
REPRESENTATION_ITEM('')
SURFACE()
);
#21=(
BOUNDED_SURFACE()
B_SPLINE_SURFACE(3,2,((#11874,#11875,#11876),(#11877,#11878,#11879),(#11880,
#11881,#11882),(#11883,#11884,#11885)),.UNSPECIFIED.,.F.,.F.,.F.)
B_SPLINE_SURFACE_WITH_KNOTS((4,4),(3,3),(6.28103304655947,6.28206956653339),
(0.,1.),.PIECEWISE_BEZIER_KNOTS.)
GEOMETRIC_REPRESENTATION_ITEM()
RATIONAL_B_SPLINE_SURFACE(((1.,0.923879138609855,1.),(1.,0.923879280895441,
1.),(1.,0.923879388918966,1.),(1.,0.923879462680407,1.)))
REPRESENTATION_ITEM('')
SURFACE()
);
#22=(
BOUNDED_SURFACE()
B_SPLINE_SURFACE(3,2,((#12021,#12022,#12023),(#12024,#12025,#12026),(#12027,
#12028,#12029),(#12030,#12031,#12032),(#12033,#12034,#12035),(#12036,#12037,
#12038),(#12039,#12040,#12041),(#12042,#12043,#12044),(#12045,#12046,#12047),
(#12048,#12049,#12050),(#12051,#12052,#12053),(#12054,#12055,#12056),(#12057,
#12058,#12059),(#12060,#12061,#12062),(#12063,#12064,#12065),(#12066,#12067,
#12068),(#12069,#12070,#12071),(#12072,#12073,#12074)),.UNSPECIFIED.,.F.,
 .F.,.F.)
B_SPLINE_SURFACE_WITH_KNOTS((4,1,1,1,1,1,1,1,1,1,1,1,1,1,1,4),(3,3),(0.014750555668551,
0.0152743166554637,0.0157980776423764,0.0168455996162019,0.0178931215900273,
0.0189406435638527,0.0210356875115036,0.0231307314591545,0.0252257754068054,
0.0273208193544563,0.0283683413282817,0.0294158633021071,0.0299396242890199,
0.0304633852759326,0.0309871462628453,0.031510907249758),(0.,1.),
 .UNSPECIFIED.)
GEOMETRIC_REPRESENTATION_ITEM()
RATIONAL_B_SPLINE_SURFACE(((1.,0.923868899820904,1.),(1.,0.923899773549125,
1.),(1.,0.923870850517838,1.),(1.,0.923885056608566,1.),(1.,0.923878093488721,
1.),(1.,0.923880319034582,1.),(1.,0.92387959044841,1.),(1.,0.923879946346404,
1.),(1.,0.923879837567576,1.),(1.,0.923879845605297,1.),(1.,0.923879909461913,
1.),(1.,0.923879764958498,1.),(1.,0.923880135036376,1.),(1.,0.923879375053826,
1.),(1.,0.923881696965962,1.),(1.,0.923872979304328,1.),(1.,0.923894678460594,
1.),(1.,0.92387604757026,1.)))
REPRESENTATION_ITEM('')
SURFACE()
);
#23=(
BOUNDED_SURFACE()
B_SPLINE_SURFACE(3,2,((#12079,#12080,#12081),(#12082,#12083,#12084),(#12085,
#12086,#12087),(#12088,#12089,#12090),(#12091,#12092,#12093),(#12094,#12095,
#12096),(#12097,#12098,#12099),(#12100,#12101,#12102),(#12103,#12104,#12105),
(#12106,#12107,#12108),(#12109,#12110,#12111),(#12112,#12113,#12114),(#12115,
#12116,#12117),(#12118,#12119,#12120),(#12121,#12122,#12123),(#12124,#12125,
#12126),(#12127,#12128,#12129)),.UNSPECIFIED.,.F.,.F.,.F.)
B_SPLINE_SURFACE_WITH_KNOTS((4,1,1,1,1,1,1,1,1,1,1,1,1,1,4),(3,3),(-0.000155494110868602,
4.94017748072121E-5,0.000254297660483026,0.000664089431834654,0.00148367297453791,
0.00230325651724117,0.00312284005994442,0.00476200714535094,0.00640117423075745,
0.00804034131616396,0.00967950840157047,0.0129578425723835,0.0162361767431965,
0.0195145109140096,0.0260711792556356),(0.,1.),.UNSPECIFIED.)
GEOMETRIC_REPRESENTATION_ITEM()
RATIONAL_B_SPLINE_SURFACE(((1.,0.92386641209433,1.),(1.,0.923879440480691,
1.),(1.,0.923879573126424,1.),(1.,0.923869331041695,1.),(1.,0.923856308952175,
1.),(1.,0.923835160516026,1.),(1.,0.923810901266788,1.),(1.,0.923778203619067,
1.),(1.,0.923737520490266,1.),(1.,0.923688736194379,1.),(1.,0.923640058343203,
1.),(1.,0.923575270622533,1.),(1.,0.923494514358493,1.),(1.,0.92339796563729,
1.),(1.,0.923269709809627,1.),(1.,0.92317404851025,1.),(1.,0.9231105063771,
1.)))
REPRESENTATION_ITEM('')
SURFACE()
);
#24=(
BOUNDED_SURFACE()
B_SPLINE_SURFACE(3,2,((#12141,#12142,#12143),(#12144,#12145,#12146),(#12147,
#12148,#12149),(#12150,#12151,#12152)),.UNSPECIFIED.,.F.,.F.,.F.)
B_SPLINE_SURFACE_WITH_KNOTS((4,4),(3,3),(0.,0.000127800812072577),(0.292657232734359,
1.),.PIECEWISE_BEZIER_KNOTS.)
GEOMETRIC_REPRESENTATION_ITEM()
RATIONAL_B_SPLINE_SURFACE(((0.968484711565365,0.946156655449482,1.),(0.968484711565365,
0.946156655449482,1.),(0.968484711565366,0.946156655449483,1.),(0.968484711565366,
0.946156655449483,1.)))
REPRESENTATION_ITEM('')
SURFACE()
);
#25=(
BOUNDED_SURFACE()
B_SPLINE_SURFACE(3,2,((#12172,#12173,#12174),(#12175,#12176,#12177),(#12178,
#12179,#12180),(#12181,#12182,#12183)),.UNSPECIFIED.,.F.,.F.,.F.)
B_SPLINE_SURFACE_WITH_KNOTS((4,4),(3,3),(0.,0.00341885936491317),(0.,0.722523253349115),
 .PIECEWISE_BEZIER_KNOTS.)
GEOMETRIC_REPRESENTATION_ITEM()
RATIONAL_B_SPLINE_SURFACE(((1.,0.945001172645751,0.969478208632258),(1.,
0.945001172645751,0.969478208632258),(1.,0.945001172645751,0.969478208632259),
(1.,0.945001172645751,0.969478208632259)))
REPRESENTATION_ITEM('')
SURFACE()
);
#26=(
BOUNDED_SURFACE()
B_SPLINE_SURFACE(3,2,((#12199,#12200,#12201),(#12202,#12203,#12204),(#12205,
#12206,#12207),(#12208,#12209,#12210)),.UNSPECIFIED.,.F.,.F.,.F.)
B_SPLINE_SURFACE_WITH_KNOTS((4,4),(3,3),(0.,2.82319559076655E-6),(0.,1.),
 .PIECEWISE_BEZIER_KNOTS.)
GEOMETRIC_REPRESENTATION_ITEM()
RATIONAL_B_SPLINE_SURFACE(((1.,0.923879537354,1.),(1.,0.923879535077466,
1.),(1.,0.923879532526365,1.),(1.,0.9238795297007,1.)))
REPRESENTATION_ITEM('')
SURFACE()
);
#27=(
BOUNDED_SURFACE()
B_SPLINE_SURFACE(3,2,((#12212,#12213,#12214),(#12215,#12216,#12217),(#12218,
#12219,#12220),(#12221,#12222,#12223),(#12224,#12225,#12226),(#12227,#12228,
#12229),(#12230,#12231,#12232),(#12233,#12234,#12235),(#12236,#12237,#12238),
(#12239,#12240,#12241),(#12242,#12243,#12244)),.UNSPECIFIED.,.F.,.F.,.F.)
B_SPLINE_SURFACE_WITH_KNOTS((4,1,1,1,1,1,1,1,4),(3,3),(0.0115695028425209,
0.0120662617737468,0.0125630207049727,0.0135565385674245,0.0155435742923281,
0.0175306100172317,0.0195176457421352,0.0234917171919424,0.0274657886417496),
(0.,1.),.UNSPECIFIED.)
GEOMETRIC_REPRESENTATION_ITEM()
RATIONAL_B_SPLINE_SURFACE(((1.,0.923878509479688,1.),(1.,0.923881906177846,
1.),(1.,0.923878488456052,1.),(1.,0.923880157439706,1.),(1.,0.923879115790061,
1.),(1.,0.923879699297322,1.),(1.,0.923879512778845,1.),(1.,0.923879573932443,
1.),(1.,0.923879543355645,1.),(1.,0.923879551509457,1.),(1.,0.923879551509457,
1.)))
REPRESENTATION_ITEM('')
SURFACE()
);
#28=(
BOUNDED_SURFACE()
B_SPLINE_SURFACE(3,2,((#12255,#12256,#12257),(#12258,#12259,#12260),(#12261,
#12262,#12263),(#12264,#12265,#12266)),.UNSPECIFIED.,.F.,.F.,.F.)
B_SPLINE_SURFACE_WITH_KNOTS((4,4),(3,3),(0.,2.82311748879601E-6),(0.,1.),
 .PIECEWISE_BEZIER_KNOTS.)
GEOMETRIC_REPRESENTATION_ITEM()
RATIONAL_B_SPLINE_SURFACE(((1.,0.923879537354,1.),(1.,0.923879535077464,
1.),(1.,0.923879532526363,1.),(1.,0.923879529700698,1.)))
REPRESENTATION_ITEM('')
SURFACE()
);
#29=(
BOUNDED_SURFACE()
B_SPLINE_SURFACE(3,2,((#12268,#12269,#12270),(#12271,#12272,#12273),(#12274,
#12275,#12276),(#12277,#12278,#12279),(#12280,#12281,#12282),(#12283,#12284,
#12285),(#12286,#12287,#12288)),.UNSPECIFIED.,.F.,.F.,.F.)
B_SPLINE_SURFACE_WITH_KNOTS((4,1,1,1,4),(3,3),(0.0181938352859529,0.0223368251274291,
0.0264798149689053,0.0306228048103815,0.0347657946518577),(0.,1.),
 .UNSPECIFIED.)
GEOMETRIC_REPRESENTATION_ITEM()
RATIONAL_B_SPLINE_SURFACE(((1.,0.923879551509455,1.),(1.,0.923879551509455,
1.),(1.,0.923879551509455,1.),(1.,0.923879551509456,1.),(1.,0.923879551509456,
1.),(1.,0.923879551509456,1.),(1.,0.923879551509456,1.)))
REPRESENTATION_ITEM('')
SURFACE()
);
#30=(
BOUNDED_SURFACE()
B_SPLINE_SURFACE(3,2,((#12314,#12315,#12316),(#12317,#12318,#12319),(#12320,
#12321,#12322),(#12323,#12324,#12325),(#12326,#12327,#12328),(#12329,#12330,
#12331),(#12332,#12333,#12334),(#12335,#12336,#12337),(#12338,#12339,#12340),
(#12341,#12342,#12343),(#12344,#12345,#12346),(#12347,#12348,#12349),(#12350,
#12351,#12352),(#12353,#12354,#12355),(#12356,#12357,#12358),(#12359,#12360,
#12361),(#12362,#12363,#12364),(#12365,#12366,#12367),(#12368,#12369,#12370)),
 .UNSPECIFIED.,.F.,.F.,.F.)
B_SPLINE_SURFACE_WITH_KNOTS((4,1,1,1,1,1,1,1,1,1,1,1,1,1,1,1,4),(3,3),(-0.000145321069836014,
0.000620642069091391,0.00138660520801879,0.0021525683469462,0.0029185314858736,
0.00445045776372841,0.00598238404158322,0.00904623659729284,0.0121100891530025,
0.0151739417087121,0.0182377942644217,0.0197697205422765,0.0213016468201313,
0.0220676099590587,0.0228335730979861,0.0235995362369135,0.0243654993758409),
(0.,1.),.UNSPECIFIED.)
GEOMETRIC_REPRESENTATION_ITEM()
RATIONAL_B_SPLINE_SURFACE(((1.,0.923881001157597,1.),(1.,0.923878216127633,
1.),(1.,0.923879972751309,1.),(1.,0.923879267025598,1.),(1.,0.923879454992926,
1.),(1.,0.923879393468121,1.),(1.,0.923879423438844,1.),(1.,0.923879411676751,
1.),(1.,0.92387941733159,1.),(1.,0.923879415974483,1.),(1.,0.923879414617102,
1.),(1.,0.923879420272628,1.),(1.,0.923879408509163,1.),(1.,0.923879438483372,
1.),(1.,0.92387937695141,1.),(1.,0.923879564940604,1.),(1.,0.923878859132798,
1.),(1.,0.923880615960818,1.),(1.,0.923877830735784,1.)))
REPRESENTATION_ITEM('')
SURFACE()
);
#31=(
BOUNDED_SURFACE()
B_SPLINE_SURFACE(3,2,((#12375,#12376,#12377),(#12378,#12379,#12380),(#12381,
#12382,#12383),(#12384,#12385,#12386),(#12387,#12388,#12389),(#12390,#12391,
#12392),(#12393,#12394,#12395),(#12396,#12397,#12398),(#12399,#12400,#12401),
(#12402,#12403,#12404),(#12405,#12406,#12407),(#12408,#12409,#12410),(#12411,
#12412,#12413),(#12414,#12415,#12416),(#12417,#12418,#12419)),
 .UNSPECIFIED.,.F.,.F.,.F.)
B_SPLINE_SURFACE_WITH_KNOTS((4,1,1,1,1,1,1,1,1,1,1,1,4),(3,3),(-0.000211643666263275,
0.000897280960095505,0.00200620558645428,0.00311513021281306,0.00422405483917184,
0.0064419040918894,0.00865975334460696,0.0130954518500421,0.0175311503554772,
0.0219668488609123,0.0264025473663474,0.0308382458717825,0.0352739443772177),
(0.,1.),.UNSPECIFIED.)
GEOMETRIC_REPRESENTATION_ITEM()
RATIONAL_B_SPLINE_SURFACE(((1.,0.923880039005226,1.),(1.,0.923879107174902,
1.),(1.,0.923879690295067,1.),(1.,0.92387945602582,1.),(1.,0.923879518422557,
1.),(1.,0.923879497998959,1.),(1.,0.923879507948852,1.),(1.,0.923879504039072,
1.),(1.,0.923879505956355,1.),(1.,0.92387950533987,1.),(1.,0.923879505505072,
1.),(1.,0.923879505460749,1.),(1.,0.923879505472837,1.),(1.,0.923879505470152,
1.),(1.,0.923879505470152,1.)))
REPRESENTATION_ITEM('')
SURFACE()
);
#32=(
BOUNDED_SURFACE()
B_SPLINE_SURFACE(3,2,((#12432,#12433,#12434),(#12435,#12436,#12437),(#12438,
#12439,#12440),(#12441,#12442,#12443),(#12444,#12445,#12446),(#12447,#12448,
#12449),(#12450,#12451,#12452)),.UNSPECIFIED.,.F.,.F.,.F.)
B_SPLINE_SURFACE_WITH_KNOTS((4,1,1,1,4),(3,3),(-1.62894243388982E-5,0.000327145938806645,
0.000670581301952188,0.00135745202824327,0.00273119348082545),(0.29266139575279,
1.),.UNSPECIFIED.)
GEOMETRIC_REPRESENTATION_ITEM()
RATIONAL_B_SPLINE_SURFACE(((0.96848446879514,0.946157006591534,1.),(0.968484588305715,
0.946157210770453,1.),(0.968484439507955,0.946156956555578,1.),(0.968484512253526,
0.946157080838405,1.),(0.96848446596089,0.946157001749334,1.),(0.968484485800591,
0.94615703564465,1.),(0.968484485800591,0.94615703564465,1.)))
REPRESENTATION_ITEM('')
SURFACE()
);
#33=(
BOUNDED_SURFACE()
B_SPLINE_SURFACE(3,2,((#12465,#12466,#12467),(#12468,#12469,#12470),(#12471,
#12472,#12473),(#12474,#12475,#12476)),.UNSPECIFIED.,.F.,.F.,.F.)
B_SPLINE_SURFACE_WITH_KNOTS((4,4),(3,3),(6.28270785969405,6.28280120498997),
(0.,1.),.PIECEWISE_BEZIER_KNOTS.)
GEOMETRIC_REPRESENTATION_ITEM()
RATIONAL_B_SPLINE_SURFACE(((1.,0.923879559970136,1.),(1.,0.923879562812675,
1.),(1.,0.923879565377344,1.),(1.,0.923879567664141,1.)))
REPRESENTATION_ITEM('')
SURFACE()
);
#34=(
BOUNDED_SURFACE()
B_SPLINE_SURFACE(3,2,((#12478,#12479,#12480),(#12481,#12482,#12483),(#12484,
#12485,#12486),(#12487,#12488,#12489),(#12490,#12491,#12492),(#12493,#12494,
#12495),(#12496,#12497,#12498),(#12499,#12500,#12501),(#12502,#12503,#12504),
(#12505,#12506,#12507),(#12508,#12509,#12510)),.UNSPECIFIED.,.F.,.F.,.F.)
B_SPLINE_SURFACE_WITH_KNOTS((4,1,1,1,1,1,1,1,4),(3,3),(0.0137301501039491,
0.0141597622661222,0.0145893744282953,0.0154485987526416,0.017167047401334,
0.0188854960500265,0.0206039446987189,0.0240408419961038,0.0274777392934887),
(0.,1.),.UNSPECIFIED.)
GEOMETRIC_REPRESENTATION_ITEM()
RATIONAL_B_SPLINE_SURFACE(((1.,0.923879027657901,1.),(1.,0.923881118868285,
1.),(1.,0.92387884389978,1.),(1.,0.923879954840189,1.),(1.,0.923879261477687,
1.),(1.,0.923879649882807,1.),(1.,0.923879525728855,1.),(1.,0.923879566435068,
1.),(1.,0.923879546081962,1.),(1.,0.923879551509457,1.),(1.,0.923879551509457,
1.)))
REPRESENTATION_ITEM('')
SURFACE()
);
#35=(
BOUNDED_SURFACE()
B_SPLINE_SURFACE(3,2,((#12520,#12521,#12522),(#12523,#12524,#12525),(#12526,
#12527,#12528),(#12529,#12530,#12531)),.UNSPECIFIED.,.F.,.F.,.F.)
B_SPLINE_SURFACE_WITH_KNOTS((4,4),(3,3),(3.1419767557794,3.14207010107533),
(0.,1.),.PIECEWISE_BEZIER_KNOTS.)
GEOMETRIC_REPRESENTATION_ITEM()
RATIONAL_B_SPLINE_SURFACE(((1.,0.923879567664141,1.),(1.,0.923879565377344,
1.),(1.,0.923879562812675,1.),(1.,0.923879559970136,1.)))
REPRESENTATION_ITEM('')
SURFACE()
);
#36=(
BOUNDED_SURFACE()
B_SPLINE_SURFACE(3,2,((#12533,#12534,#12535),(#12536,#12537,#12538),(#12539,
#12540,#12541),(#12542,#12543,#12544),(#12545,#12546,#12547)),
 .UNSPECIFIED.,.F.,.F.,.F.)
B_SPLINE_SURFACE_WITH_KNOTS((4,1,4),(3,3),(0.0108434853153847,0.0183744534584568,
0.025905421601529),(0.,1.),.UNSPECIFIED.)
GEOMETRIC_REPRESENTATION_ITEM()
RATIONAL_B_SPLINE_SURFACE(((1.,0.923879551509456,1.),(1.,0.923879551509456,
1.),(1.,0.923879551509457,1.),(1.,0.923879551509456,1.),(1.,0.923879551509456,
1.)))
REPRESENTATION_ITEM('')
SURFACE()
);
#37=(
BOUNDED_SURFACE()
B_SPLINE_SURFACE(3,2,((#12554,#12555,#12556),(#12557,#12558,#12559),(#12560,
#12561,#12562),(#12563,#12564,#12565)),.UNSPECIFIED.,.F.,.F.,.F.)
B_SPLINE_SURFACE_WITH_KNOTS((4,4),(3,3),(0.443739173428554,0.444454626414718),
(0.,1.),.PIECEWISE_BEZIER_KNOTS.)
GEOMETRIC_REPRESENTATION_ITEM()
RATIONAL_B_SPLINE_SURFACE(((1.,0.781284034010058,1.),(1.,0.780991922748869,
1.),(1.,0.78069950898105,1.),(1.,0.780406793301303,1.)))
REPRESENTATION_ITEM('')
SURFACE()
);
#38=(
BOUNDED_SURFACE()
B_SPLINE_SURFACE(3,2,((#12568,#12569,#12570),(#12571,#12572,#12573),(#12574,
#12575,#12576),(#12577,#12578,#12579),(#12580,#12581,#12582)),
 .UNSPECIFIED.,.F.,.F.,.F.)
B_SPLINE_SURFACE_WITH_KNOTS((4,1,4),(3,3),(0.0177434386031668,0.020151380415432,
0.0225593222276972),(0.,1.),.UNSPECIFIED.)
GEOMETRIC_REPRESENTATION_ITEM()
RATIONAL_B_SPLINE_SURFACE(((1.,0.888525376427684,1.),(1.,0.880314155741975,
1.),(1.,0.859476738570474,1.),(1.,0.812476997216977,1.),(1.,0.78128403400912,
1.)))
REPRESENTATION_ITEM('')
SURFACE()
);
#39=(
BOUNDED_SURFACE()
B_SPLINE_SURFACE(3,2,((#12584,#12585,#12586),(#12587,#12588,#12589),(#12590,
#12591,#12592),(#12593,#12594,#12595)),.UNSPECIFIED.,.F.,.F.,.F.)
B_SPLINE_SURFACE_WITH_KNOTS((4,4),(3,3),(0.,0.659158578417351),(0.,1.),
 .PIECEWISE_BEZIER_KNOTS.)
GEOMETRIC_REPRESENTATION_ITEM()
RATIONAL_B_SPLINE_SURFACE(((1.,0.93069415855238,1.),(1.,0.930694158552136,
1.),(1.,0.916255335068517,1.),(1.,0.888525376427682,1.)))
REPRESENTATION_ITEM('')
SURFACE()
);
#40=(
BOUNDED_SURFACE()
B_SPLINE_SURFACE(3,2,((#12599,#12600,#12601),(#12602,#12603,#12604),(#12605,
#12606,#12607),(#12608,#12609,#12610)),.UNSPECIFIED.,.F.,.F.,.F.)
B_SPLINE_SURFACE_WITH_KNOTS((4,4),(3,3),(2.49173882429635,3.14159265358979),
(0.,1.),.PIECEWISE_BEZIER_KNOTS.)
GEOMETRIC_REPRESENTATION_ITEM()
RATIONAL_B_SPLINE_SURFACE(((1.,0.889691858824181,1.),(1.,0.916665455635565,
1.),(1.,0.930694158552332,1.),(1.,0.93069415855238,1.)))
REPRESENTATION_ITEM('')
SURFACE()
);
#41=(
BOUNDED_SURFACE()
B_SPLINE_SURFACE(3,2,((#12612,#12613,#12614),(#12615,#12616,#12617),(#12618,
#12619,#12620),(#12621,#12622,#12623),(#12624,#12625,#12626)),
 .UNSPECIFIED.,.F.,.F.,.F.)
B_SPLINE_SURFACE_WITH_KNOTS((4,1,4),(3,3),(0.,0.00242127195105689,0.00484254390211378),
(0.,1.),.UNSPECIFIED.)
GEOMETRIC_REPRESENTATION_ITEM()
RATIONAL_B_SPLINE_SURFACE(((1.,0.783046554103806,1.),(1.,0.814735706672295,
1.),(1.,0.860917809092031,1.),(1.,0.881568307371451,1.),(1.,0.889691858824192,
1.)))
REPRESENTATION_ITEM('')
SURFACE()
);
#42=(
BOUNDED_SURFACE()
B_SPLINE_SURFACE(3,2,((#12628,#12629,#12630),(#12631,#12632,#12633),(#12634,
#12635,#12636),(#12637,#12638,#12639)),.UNSPECIFIED.,.F.,.F.,.F.)
B_SPLINE_SURFACE_WITH_KNOTS((4,4),(3,3),(0.557702790119884,0.558499602646551),
(0.,1.),.PIECEWISE_BEZIER_KNOTS.)
GEOMETRIC_REPRESENTATION_ITEM()
RATIONAL_B_SPLINE_SURFACE(((1.,0.783046554103807,1.),(1.,0.783370522723438,
1.),(1.,0.783694114619103,1.),(1.,0.784017328983527,1.)))
REPRESENTATION_ITEM('')
SURFACE()
);
#43=(
BOUNDED_SURFACE()
B_SPLINE_SURFACE(3,2,((#12641,#12642,#12643),(#12644,#12645,#12646),(#12647,
#12648,#12649),(#12650,#12651,#12652)),.UNSPECIFIED.,.F.,.F.,.F.)
B_SPLINE_SURFACE_WITH_KNOTS((4,4),(3,3),(0.00724163318692092,0.00801037274418994),
(0.,1.),.PIECEWISE_BEZIER_KNOTS.)
GEOMETRIC_REPRESENTATION_ITEM()
RATIONAL_B_SPLINE_SURFACE(((1.,0.784506965461018,1.),(1.,0.784187190980156,
1.),(1.,0.784025960263743,1.),(1.,0.784017178314963,1.)))
REPRESENTATION_ITEM('')
SURFACE()
);
#44=(
BOUNDED_SURFACE()
B_SPLINE_SURFACE(3,2,((#12654,#12655,#12656),(#12657,#12658,#12659),(#12660,
#12661,#12662),(#12663,#12664,#12665)),.UNSPECIFIED.,.F.,.F.,.F.)
B_SPLINE_SURFACE_WITH_KNOTS((4,4),(3,3),(0.441500478191022,0.442268063710857),
(0.,1.),.PIECEWISE_BEZIER_KNOTS.)
GEOMETRIC_REPRESENTATION_ITEM()
RATIONAL_B_SPLINE_SURFACE(((1.,0.784017230612072,1.),(1.,0.783705871652715,
1.),(1.,0.783394162328519,1.),(1.,0.7830821034039,1.)))
REPRESENTATION_ITEM('')
SURFACE()
);
#45=(
BOUNDED_SURFACE()
B_SPLINE_SURFACE(3,2,((#12674,#12675,#12676),(#12677,#12678,#12679),(#12680,
#12681,#12682),(#12683,#12684,#12685)),.UNSPECIFIED.,.F.,.F.,.F.)
B_SPLINE_SURFACE_WITH_KNOTS((4,4),(3,3),(0.,6.01725669599135E-5),(0.,0.0941401800706383),
 .PIECEWISE_BEZIER_KNOTS.)
GEOMETRIC_REPRESENTATION_ITEM()
RATIONAL_B_SPLINE_SURFACE(((1.,0.979667337903997,0.963162916750061),(1.,
0.979667483858177,0.963163181178115),(1.,0.979667454900804,0.963163128715474),
(1.,0.979667242902176,0.963162744633395)))
REPRESENTATION_ITEM('')
SURFACE()
);
#46=(
BOUNDED_SURFACE()
B_SPLINE_SURFACE(3,2,((#12690,#12691,#12692),(#12693,#12694,#12695),(#12696,
#12697,#12698),(#12699,#12700,#12701),(#12702,#12703,#12704)),
 .UNSPECIFIED.,.F.,.F.,.F.)
B_SPLINE_SURFACE_WITH_KNOTS((4,1,4),(3,3),(0.0179468637378078,0.0203967217381777,
0.0228465797385475),(0.,1.),.UNSPECIFIED.)
GEOMETRIC_REPRESENTATION_ITEM()
RATIONAL_B_SPLINE_SURFACE(((1.,0.891233698111474,1.),(1.,0.882937690838952,
1.),(1.,0.86195047462052,1.),(1.,0.814542042661892,1.),(1.,0.7830821034039,
1.)))
REPRESENTATION_ITEM('')
SURFACE()
);
#47=(
BOUNDED_SURFACE()
B_SPLINE_SURFACE(3,2,((#12708,#12709,#12710),(#12711,#12712,#12713),(#12714,
#12715,#12716),(#12717,#12718,#12719)),.UNSPECIFIED.,.F.,.F.,.F.)
B_SPLINE_SURFACE_WITH_KNOTS((4,4),(3,3),(2.4919683408003,3.14159265358979),
(0.,1.),.PIECEWISE_BEZIER_KNOTS.)
GEOMETRIC_REPRESENTATION_ITEM()
RATIONAL_B_SPLINE_SURFACE(((1.,0.891233698111473,1.),(1.,0.918391692049,
1.),(1.,0.932510611561197,1.),(1.,0.932510611561197,1.)))
REPRESENTATION_ITEM('')
SURFACE()
);
#48=(
BOUNDED_SURFACE()
B_SPLINE_SURFACE(3,2,((#12721,#12722,#12723),(#12724,#12725,#12726),(#12727,
#12728,#12729),(#12730,#12731,#12732),(#12733,#12734,#12735)),
 .UNSPECIFIED.,.F.,.F.,.F.)
B_SPLINE_SURFACE_WITH_KNOTS((4,1,4),(3,3),(4.77683667783479,5.56223484123223,
6.34763300462968),(0.,1.),.UNSPECIFIED.)
GEOMETRIC_REPRESENTATION_ITEM()
RATIONAL_B_SPLINE_SURFACE(((1.,0.723823313561234,1.),(1.,0.790852107767749,
1.),(1.,0.901572237099357,1.),(1.,0.936438015928426,1.),(1.,0.93308231469476,
1.)))
REPRESENTATION_ITEM('')
SURFACE()
);
#49=(
BOUNDED_SURFACE()
B_SPLINE_SURFACE(3,2,((#12741,#12742,#12743),(#12744,#12745,#12746),(#12747,
#12748,#12749),(#12750,#12751,#12752)),.UNSPECIFIED.,.F.,.F.,.F.)
B_SPLINE_SURFACE_WITH_KNOTS((4,4),(3,3),(0.,0.659390432487524),(0.,1.),
 .PIECEWISE_BEZIER_KNOTS.)
GEOMETRIC_REPRESENTATION_ITEM()
RATIONAL_B_SPLINE_SURFACE(((1.,0.932510611561197,1.),(1.,0.932510611561197,
1.),(1.,0.917958213634271,1.),(1.,0.890000152102496,1.)))
REPRESENTATION_ITEM('')
SURFACE()
);
#50=(
BOUNDED_SURFACE()
B_SPLINE_SURFACE(3,2,((#12754,#12755,#12756),(#12757,#12758,#12759),(#12760,
#12761,#12762),(#12763,#12764,#12765)),.UNSPECIFIED.,.F.,.F.,.F.)
B_SPLINE_SURFACE_WITH_KNOTS((4,4),(3,3),(3.17743420746239,3.22366032094154),
(0.,1.),.PIECEWISE_BEZIER_KNOTS.)
GEOMETRIC_REPRESENTATION_ITEM()
RATIONAL_B_SPLINE_SURFACE(((1.,0.933082314694761,1.),(1.,0.932972579897159,
1.),(1.,0.932792087076859,1.),(1.,0.932540905912637,1.)))
REPRESENTATION_ITEM('')
SURFACE()
);
#51=(
BOUNDED_SURFACE()
B_SPLINE_SURFACE(3,2,((#12767,#12768,#12769),(#12770,#12771,#12772),(#12773,
#12774,#12775),(#12776,#12777,#12778),(#12779,#12780,#12781)),
 .UNSPECIFIED.,.F.,.F.,.F.)
B_SPLINE_SURFACE_WITH_KNOTS((4,1,4),(3,3),(0.,0.0024195769258332,0.0048391538516664),
(0.,1.),.UNSPECIFIED.)
GEOMETRIC_REPRESENTATION_ITEM()
RATIONAL_B_SPLINE_SURFACE(((1.,0.890000152102497,1.),(1.,0.881588253354547,
1.),(1.,0.86009807706893,1.),(1.,0.813013212598775,1.),(1.,0.781248375727926,
1.)))
REPRESENTATION_ITEM('')
SURFACE()
);
#52=(
BOUNDED_SURFACE()
B_SPLINE_SURFACE(3,2,((#12783,#12784,#12785),(#12786,#12787,#12788),(#12789,
#12790,#12791),(#12792,#12793,#12794),(#12795,#12796,#12797),(#12798,#12799,
#12800),(#12801,#12802,#12803)),.UNSPECIFIED.,.F.,.F.,.F.)
B_SPLINE_SURFACE_WITH_KNOTS((4,1,1,1,4),(3,3),(0.,0.0016949414291072,0.0033898828582144,
0.0050848242873216,0.0067797657164288),(0.,1.),.UNSPECIFIED.)
GEOMETRIC_REPRESENTATION_ITEM()
RATIONAL_B_SPLINE_SURFACE(((1.,0.900196350644047,1.),(1.,0.913652149208225,
1.),(1.,0.932456887799227,1.),(1.,0.937182026140429,1.),(1.,0.931272485099272,
1.),(1.,0.931139769894208,1.),(1.,0.932540905912636,1.)))
REPRESENTATION_ITEM('')
SURFACE()
);
#53=(
BOUNDED_SURFACE()
B_SPLINE_SURFACE(3,2,((#12805,#12806,#12807),(#12808,#12809,#12810),(#12811,
#12812,#12813),(#12814,#12815,#12816)),.UNSPECIFIED.,.F.,.F.,.F.)
B_SPLINE_SURFACE_WITH_KNOTS((4,4),(3,3),(0.555466666512865,0.556231715802346),
(0.,1.),.PIECEWISE_BEZIER_KNOTS.)
GEOMETRIC_REPRESENTATION_ITEM()
RATIONAL_B_SPLINE_SURFACE(((1.,0.780310177272374,1.),(1.,0.780623255489603,
1.),(1.,0.780935988562582,1.),(1.,0.781248375727924,1.)))
REPRESENTATION_ITEM('')
SURFACE()
);
#54=(
BOUNDED_SURFACE()
B_SPLINE_SURFACE(3,2,((#12818,#12819,#12820),(#12821,#12822,#12823),(#12824,
#12825,#12826),(#12827,#12828,#12829)),.UNSPECIFIED.,.F.,.F.,.F.)
B_SPLINE_SURFACE_WITH_KNOTS((4,4),(3,3),(0.693038067245629,0.713180781915092),
(0.,1.),.PIECEWISE_BEZIER_KNOTS.)
GEOMETRIC_REPRESENTATION_ITEM()
RATIONAL_B_SPLINE_SURFACE(((1.,0.900196350644001,1.),(1.,0.904884596448344,
1.),(1.,0.909361188426828,1.),(1.,0.913632094256571,1.)))
REPRESENTATION_ITEM('')
SURFACE()
);
#55=(
BOUNDED_SURFACE()
B_SPLINE_SURFACE(3,2,((#12831,#12832,#12833),(#12834,#12835,#12836),(#12837,
#12838,#12839),(#12840,#12841,#12842)),.UNSPECIFIED.,.F.,.F.,.F.)
B_SPLINE_SURFACE_WITH_KNOTS((4,4),(3,3),(-7.54784363649298E-6,0.00123877506078172),
(0.,1.),.PIECEWISE_BEZIER_KNOTS.)
GEOMETRIC_REPRESENTATION_ITEM()
RATIONAL_B_SPLINE_SURFACE(((1.,0.780310444803663,1.),(1.,0.780296143705881,
1.),(1.,0.780691430126478,1.),(1.,0.781502853562249,1.)))
REPRESENTATION_ITEM('')
SURFACE()
);
#56=(
BOUNDED_SURFACE()
B_SPLINE_SURFACE(3,2,((#12846,#12847,#12848),(#12849,#12850,#12851),(#12852,
#12853,#12854),(#12855,#12856,#12857)),.UNSPECIFIED.,.F.,.F.,.F.)
B_SPLINE_SURFACE_WITH_KNOTS((4,4),(3,3),(5.66460069729287,5.6710188385046),
(0.709347690879183,1.),.PIECEWISE_BEZIER_KNOTS.)
GEOMETRIC_REPRESENTATION_ITEM()
RATIONAL_B_SPLINE_SURFACE(((0.980017821026956,0.985915102544228,1.),(0.980151588651978,
0.986009391724796,1.),(0.980284684771058,0.98610320757899,1.),(0.980417108693014,
0.986196549619613,1.)))
REPRESENTATION_ITEM('')
SURFACE()
);
#57=(
BOUNDED_SURFACE()
B_SPLINE_SURFACE(3,2,((#12864,#12865,#12866),(#12867,#12868,#12869),(#12870,
#12871,#12872),(#12873,#12874,#12875),(#12876,#12877,#12878)),
 .UNSPECIFIED.,.F.,.F.,.F.)
B_SPLINE_SURFACE_WITH_KNOTS((4,1,4),(3,3),(0.,0.00354621578967049,0.00709243157934098),
(0.,1.),.UNSPECIFIED.)
GEOMETRIC_REPRESENTATION_ITEM()
RATIONAL_B_SPLINE_SURFACE(((1.,0.952508719362523,1.),(1.,0.948989490475527,
1.),(1.,0.927684056067261,1.),(1.,0.896558779002159,1.),(1.,0.880296144693611,
1.)))
REPRESENTATION_ITEM('')
SURFACE()
);
#58=(
BOUNDED_SURFACE()
B_SPLINE_SURFACE(3,2,((#12885,#12886,#12887),(#12888,#12889,#12890),(#12891,
#12892,#12893),(#12894,#12895,#12896)),.UNSPECIFIED.,.F.,.F.,.F.)
B_SPLINE_SURFACE_WITH_KNOTS((4,4),(3,3),(0.,0.00523782004045679),(0.,1.),
 .PIECEWISE_BEZIER_KNOTS.)
GEOMETRIC_REPRESENTATION_ITEM()
RATIONAL_B_SPLINE_SURFACE(((1.,0.891075324049419,1.),(1.,0.887791991822608,
1.),(1.,0.884126205693569,1.),(1.,0.880296144693607,1.)))
REPRESENTATION_ITEM('')
SURFACE()
);
#59=(
BOUNDED_SURFACE()
B_SPLINE_SURFACE(3,2,((#12898,#12899,#12900),(#12901,#12902,#12903),(#12904,
#12905,#12906),(#12907,#12908,#12909)),.UNSPECIFIED.,.F.,.F.,.F.)
B_SPLINE_SURFACE_WITH_KNOTS((4,4),(3,3),(0.,0.00602435627615056),(0.,1.),
 .PIECEWISE_BEZIER_KNOTS.)
GEOMETRIC_REPRESENTATION_ITEM()
RATIONAL_B_SPLINE_SURFACE(((1.,0.891075324049418,1.),(1.,0.880093113283662,
1.),(1.,0.857585335881847,1.),(1.,0.824877519331616,1.)))
REPRESENTATION_ITEM('')
SURFACE()
);
#60=(
BOUNDED_SURFACE()
B_SPLINE_SURFACE(3,2,((#12911,#12912,#12913),(#12914,#12915,#12916),(#12917,
#12918,#12919),(#12920,#12921,#12922)),.UNSPECIFIED.,.F.,.F.,.F.)
B_SPLINE_SURFACE_WITH_KNOTS((4,4),(3,3),(0.,0.000887736997889145),(0.,1.),
 .PIECEWISE_BEZIER_KNOTS.)
GEOMETRIC_REPRESENTATION_ITEM()
RATIONAL_B_SPLINE_SURFACE(((1.,0.82700934671985,1.),(1.,0.826287694694621,
1.),(1.,0.825577220685751,1.),(1.,0.82487751933162,1.)))
REPRESENTATION_ITEM('')
SURFACE()
);
#61=(
BOUNDED_SURFACE()
B_SPLINE_SURFACE(3,2,((#12924,#12925,#12926),(#12927,#12928,#12929),(#12930,
#12931,#12932),(#12933,#12934,#12935)),.UNSPECIFIED.,.F.,.F.,.F.)
B_SPLINE_SURFACE_WITH_KNOTS((4,4),(3,3),(0.,0.00445777185471905),(0.,1.),
 .PIECEWISE_BEZIER_KNOTS.)
GEOMETRIC_REPRESENTATION_ITEM()
RATIONAL_B_SPLINE_SURFACE(((1.,0.827009346719849,1.),(1.,0.808220149970209,
1.),(1.,0.783331342189071,1.),(1.,0.751766147296801,1.)))
REPRESENTATION_ITEM('')
SURFACE()
);
#62=(
BOUNDED_SURFACE()
B_SPLINE_SURFACE(3,2,((#12941,#12942,#12943),(#12944,#12945,#12946),(#12947,
#12948,#12949),(#12950,#12951,#12952)),.UNSPECIFIED.,.F.,.F.,.F.)
B_SPLINE_SURFACE_WITH_KNOTS((4,4),(3,3),(5.57155744828771,5.72340291333047),
(0.,1.),.PIECEWISE_BEZIER_KNOTS.)
GEOMETRIC_REPRESENTATION_ITEM()
RATIONAL_B_SPLINE_SURFACE(((1.,0.898914448341191,1.),(1.,0.906393381390574,
1.),(1.,0.913119970003899,1.),(1.,0.919067662609277,1.)))
REPRESENTATION_ITEM('')
SURFACE()
);
#63=(
BOUNDED_SURFACE()
B_SPLINE_SURFACE(3,2,((#12954,#12955,#12956),(#12957,#12958,#12959),(#12960,
#12961,#12962),(#12963,#12964,#12965),(#12966,#12967,#12968),(#12969,#12970,
#12971),(#12972,#12973,#12974)),.UNSPECIFIED.,.F.,.F.,.F.)
B_SPLINE_SURFACE_WITH_KNOTS((4,1,1,1,4),(3,3),(0.,0.00148402985860705,0.00296805971721411,
0.00445208957582116,0.00593611943442821),(0.,1.),.UNSPECIFIED.)
GEOMETRIC_REPRESENTATION_ITEM()
RATIONAL_B_SPLINE_SURFACE(((1.,0.931045065722471,1.),(1.,0.929785243047304,
1.),(1.,0.929476849534458,1.),(1.,0.934680342903004,1.),(1.,0.936232765991146,
1.),(1.,0.927013959821617,1.),(1.,0.919067662609277,1.)))
REPRESENTATION_ITEM('')
SURFACE()
);
#64=(
BOUNDED_SURFACE()
B_SPLINE_SURFACE(3,2,((#12976,#12977,#12978),(#12979,#12980,#12981),(#12982,
#12983,#12984),(#12985,#12986,#12987)),.UNSPECIFIED.,.F.,.F.,.F.)
B_SPLINE_SURFACE_WITH_KNOTS((4,4),(3,3),(3.03655412466969,3.16021713151233),
(0.,1.),.PIECEWISE_BEZIER_KNOTS.)
GEOMETRIC_REPRESENTATION_ITEM()
RATIONAL_B_SPLINE_SURFACE(((1.,0.93104506572247,1.),(1.,0.931901216611521,
1.),(1.,0.932253829925078,1.),(1.,0.932101926742303,1.)))
REPRESENTATION_ITEM('')
SURFACE()
);
#65=(
BOUNDED_SURFACE()
B_SPLINE_SURFACE(3,2,((#12991,#12992,#12993),(#12994,#12995,#12996),(#12997,
#12998,#12999),(#13000,#13001,#13002),(#13003,#13004,#13005)),
 .UNSPECIFIED.,.F.,.F.,.F.)
B_SPLINE_SURFACE_WITH_KNOTS((4,1,4),(3,3),(2.98537637171335,3.77077453511079,
4.55617269850824),(0.,1.),.UNSPECIFIED.)
GEOMETRIC_REPRESENTATION_ITEM()
RATIONAL_B_SPLINE_SURFACE(((1.,0.932101926742303,1.),(1.,0.940259518235237,
1.),(1.,0.914970395603246,1.),(1.,0.811677028235091,1.),(1.,0.747052903269183,
1.)))
REPRESENTATION_ITEM('')
SURFACE()
);
#66=(
BOUNDED_SURFACE()
B_SPLINE_SURFACE(3,2,((#13011,#13012,#13013),(#13014,#13015,#13016),(#13017,
#13018,#13019),(#13020,#13021,#13022)),.UNSPECIFIED.,.F.,.F.,.F.)
B_SPLINE_SURFACE_WITH_KNOTS((4,4),(3,3),(2.43114471031276,2.99670706418672),
(0.,1.),.PIECEWISE_BEZIER_KNOTS.)
GEOMETRIC_REPRESENTATION_ITEM()
RATIONAL_B_SPLINE_SURFACE(((1.,0.745248455871109,1.),(1.,0.75127619788288,
1.),(1.,0.755196141498626,1.),(1.,0.756510707094351,1.)))
REPRESENTATION_ITEM('')
SURFACE()
);
#67=(
BOUNDED_SURFACE()
B_SPLINE_SURFACE(3,2,((#13026,#13027,#13028),(#13029,#13030,#13031),(#13032,
#13033,#13034),(#13035,#13036,#13037)),.UNSPECIFIED.,.F.,.F.,.F.)
B_SPLINE_SURFACE_WITH_KNOTS((4,4),(3,3),(1.75721826072677,2.36770954113402),
(0.,1.),.PIECEWISE_BEZIER_KNOTS.)
GEOMETRIC_REPRESENTATION_ITEM()
RATIONAL_B_SPLINE_SURFACE(((1.,0.756510707094349,1.),(1.,0.808073086169182,
1.),(1.,0.851189241253437,1.),(1.,0.882622523690332,1.)))
REPRESENTATION_ITEM('')
SURFACE()
);
#68=(
BOUNDED_SURFACE()
B_SPLINE_SURFACE(3,2,((#13039,#13040,#13041),(#13042,#13043,#13044),(#13045,
#13046,#13047),(#13048,#13049,#13050)),.UNSPECIFIED.,.F.,.F.,.F.)
B_SPLINE_SURFACE_WITH_KNOTS((4,4),(3,3),(0.,0.000871094762753791),(0.,1.),
 .PIECEWISE_BEZIER_KNOTS.)
GEOMETRIC_REPRESENTATION_ITEM()
RATIONAL_B_SPLINE_SURFACE(((1.,0.88262252369033,1.),(1.,0.891501059626201,
1.),(1.,0.899944324284715,1.),(1.,0.907872396041674,1.)))
REPRESENTATION_ITEM('')
SURFACE()
);
#69=(
BOUNDED_SURFACE()
B_SPLINE_SURFACE(3,2,((#13055,#13056,#13057),(#13058,#13059,#13060),(#13061,
#13062,#13063),(#13064,#13065,#13066),(#13067,#13068,#13069)),
 .UNSPECIFIED.,.F.,.F.,.F.)
B_SPLINE_SURFACE_WITH_KNOTS((4,1,4),(3,3),(0.,0.000428955065324747,0.000857910130649493),
(0.,1.),.UNSPECIFIED.)
GEOMETRIC_REPRESENTATION_ITEM()
RATIONAL_B_SPLINE_SURFACE(((1.,0.938771467465857,1.),(1.,0.933887030585554,
1.),(1.,0.924536964209628,1.),(1.,0.911589570677181,1.),(1.,0.907713249348141,
1.)))
REPRESENTATION_ITEM('')
SURFACE()
);
#70=(
BOUNDED_SURFACE()
B_SPLINE_SURFACE(3,2,((#13071,#13072,#13073),(#13074,#13075,#13076),(#13077,
#13078,#13079),(#13080,#13081,#13082)),.UNSPECIFIED.,.F.,.F.,.F.)
B_SPLINE_SURFACE_WITH_KNOTS((4,4),(3,3),(0.,0.00146910893962667),(0.,1.),
 .PIECEWISE_BEZIER_KNOTS.)
GEOMETRIC_REPRESENTATION_ITEM()
RATIONAL_B_SPLINE_SURFACE(((1.,0.938771467465858,1.),(1.,0.949417820808358,
1.),(1.,0.958997442840663,1.),(1.,0.966647759461894,1.)))
REPRESENTATION_ITEM('')
SURFACE()
);
#71=(
BOUNDED_SURFACE()
B_SPLINE_SURFACE(3,2,((#13085,#13086,#13087),(#13088,#13089,#13090),(#13091,
#13092,#13093),(#13094,#13095,#13096)),.UNSPECIFIED.,.F.,.F.,.F.)
B_SPLINE_SURFACE_WITH_KNOTS((4,4),(3,3),(0.,0.00466317583696339),(0.,1.),
 .PIECEWISE_BEZIER_KNOTS.)
GEOMETRIC_REPRESENTATION_ITEM()
RATIONAL_B_SPLINE_SURFACE(((1.,0.757449983427341,1.),(1.,0.791061038007059,
1.),(1.,0.817841882932972,1.),(1.,0.837768862026569,1.)))
REPRESENTATION_ITEM('')
SURFACE()
);
#72=(
BOUNDED_SURFACE()
B_SPLINE_SURFACE(3,2,((#13098,#13099,#13100),(#13101,#13102,#13103),(#13104,
#13105,#13106),(#13107,#13108,#13109)),.UNSPECIFIED.,.F.,.F.,.F.)
B_SPLINE_SURFACE_WITH_KNOTS((4,4),(3,3),(0.,0.00170385210386553),(0.,1.),
 .PIECEWISE_BEZIER_KNOTS.)
GEOMETRIC_REPRESENTATION_ITEM()
RATIONAL_B_SPLINE_SURFACE(((1.,0.833659254747391,1.),(1.,0.83499051704589,
1.),(1.,0.83635955559405,1.),(1.,0.837768862026569,1.)))
REPRESENTATION_ITEM('')
SURFACE()
);
#73=(
BOUNDED_SURFACE()
B_SPLINE_SURFACE(3,2,((#13111,#13112,#13113),(#13114,#13115,#13116),(#13117,
#13118,#13119),(#13120,#13121,#13122),(#13123,#13124,#13125)),
 .UNSPECIFIED.,.F.,.F.,.F.)
B_SPLINE_SURFACE_WITH_KNOTS((4,1,4),(3,3),(0.,0.00299760988150621,0.00599521976301241),
(0.,1.),.UNSPECIFIED.)
GEOMETRIC_REPRESENTATION_ITEM()
RATIONAL_B_SPLINE_SURFACE(((1.,0.833659254747392,1.),(1.,0.849404563250454,
1.),(1.,0.875550838922761,1.),(1.,0.890739931307204,1.),(1.,0.895278595756697,
1.)))
REPRESENTATION_ITEM('')
SURFACE()
);
#74=(
BOUNDED_SURFACE()
B_SPLINE_SURFACE(3,2,((#13127,#13128,#13129),(#13130,#13131,#13132),(#13133,
#13134,#13135),(#13136,#13137,#13138)),.UNSPECIFIED.,.F.,.F.,.F.)
B_SPLINE_SURFACE_WITH_KNOTS((4,4),(3,3),(0.,0.00438639856332799),(0.,1.),
 .PIECEWISE_BEZIER_KNOTS.)
GEOMETRIC_REPRESENTATION_ITEM()
RATIONAL_B_SPLINE_SURFACE(((1.,0.886950022556427,1.),(1.,0.889934998761929,
1.),(1.,0.892754804811346,1.),(1.,0.895278595756694,1.)))
REPRESENTATION_ITEM('')
SURFACE()
);
#75=(
BOUNDED_SURFACE()
B_SPLINE_SURFACE(3,2,((#13140,#13141,#13142),(#13143,#13144,#13145),(#13146,
#13147,#13148),(#13149,#13150,#13151)),.UNSPECIFIED.,.F.,.F.,.F.)
B_SPLINE_SURFACE_WITH_KNOTS((4,4),(3,3),(0.,0.00402597594280829),(0.,1.),
 .PIECEWISE_BEZIER_KNOTS.)
GEOMETRIC_REPRESENTATION_ITEM()
RATIONAL_B_SPLINE_SURFACE(((1.,0.886950022556433,1.),(1.,0.904269501106908,
1.),(1.,0.920965485770473,1.),(1.,0.935179845812974,1.)))
REPRESENTATION_ITEM('')
SURFACE()
);
#76=(
BOUNDED_SURFACE()
B_SPLINE_SURFACE(3,2,((#13153,#13154,#13155),(#13156,#13157,#13158),(#13159,
#13160,#13161),(#13162,#13163,#13164),(#13165,#13166,#13167)),
 .UNSPECIFIED.,.F.,.F.,.F.)
B_SPLINE_SURFACE_WITH_KNOTS((4,1,4),(3,3),(0.,0.00186340997055205,0.00372681994110409),
(0.,1.),.UNSPECIFIED.)
GEOMETRIC_REPRESENTATION_ITEM()
RATIONAL_B_SPLINE_SURFACE(((1.,0.992347211210603,1.),(1.,0.987950242384134,
1.),(1.,0.97347251266908,1.),(1.,0.949416265739224,1.),(1.,0.935179845812975,
1.)))
REPRESENTATION_ITEM('')
SURFACE()
);
#77=(
BOUNDED_SURFACE()
B_SPLINE_SURFACE(3,2,((#13169,#13170,#13171),(#13172,#13173,#13174),(#13175,
#13176,#13177),(#13178,#13179,#13180),(#13181,#13182,#13183),(#13184,#13185,
#13186),(#13187,#13188,#13189),(#13190,#13191,#13192)),.UNSPECIFIED.,.F.,
 .F.,.F.)
B_SPLINE_SURFACE_WITH_KNOTS((4,1,1,1,1,4),(3,3),(0.,0.000914978714387382,
0.00182995742877476,0.00228744678596846,0.00274493614316215,0.00365991485754953),
(0.,1.),.UNSPECIFIED.)
GEOMETRIC_REPRESENTATION_ITEM()
RATIONAL_B_SPLINE_SURFACE(((1.,0.992347211210655,1.),(1.,0.993333474025521,
1.),(1.,0.995213629490483,1.),(1.,0.997225030015366,1.),(1.,0.998023523718135,
1.),(1.,0.9978568975746,1.),(1.,0.996806589352048,1.),(1.,0.996013818820763,
1.)))
REPRESENTATION_ITEM('')
SURFACE()
);
#78=(
BOUNDED_SURFACE()
B_SPLINE_SURFACE(3,2,((#13199,#13200,#13201),(#13202,#13203,#13204),(#13205,
#13206,#13207),(#13208,#13209,#13210),(#13211,#13212,#13213),(#13214,#13215,
#13216),(#13217,#13218,#13219),(#13220,#13221,#13222),(#13223,#13224,#13225)),
 .UNSPECIFIED.,.F.,.F.,.F.)
B_SPLINE_SURFACE_WITH_KNOTS((4,1,1,1,1,1,4),(3,3),(0.,0.000487915679052539,
0.000975831358105079,0.00146374703715762,0.00195166271621016,0.00292749407431524,
0.00390332543242031),(0.,1.),.UNSPECIFIED.)
GEOMETRIC_REPRESENTATION_ITEM()
RATIONAL_B_SPLINE_SURFACE(((1.,0.983268561164402,1.),(1.,0.980289560557094,
1.),(1.,0.973097725426613,1.),(1.,0.96469191162756,1.),(1.,0.957089843861769,
1.),(1.,0.947767262746423,1.),(1.,0.936848030239413,1.),(1.,0.928243043244976,
1.),(1.,0.923879532511287,1.)))
REPRESENTATION_ITEM('')
SURFACE()
);
#79=(
BOUNDED_SURFACE()
B_SPLINE_SURFACE(3,2,((#13227,#13228,#13229),(#13230,#13231,#13232),(#13233,
#13234,#13235),(#13236,#13237,#13238),(#13239,#13240,#13241),(#13242,#13243,
#13244)),.UNSPECIFIED.,.F.,.F.,.F.)
B_SPLINE_SURFACE_WITH_KNOTS((4,1,1,4),(3,3),(0.,0.00163618006667933,0.00245427010001899,
0.00327236013335866),(0.,1.),.UNSPECIFIED.)
GEOMETRIC_REPRESENTATION_ITEM()
RATIONAL_B_SPLINE_SURFACE(((1.,0.983268561164407,1.),(1.,0.986092566365766,
1.),(1.,0.990208540249305,1.),(1.,0.99487184671159,1.),(1.,0.996522450784273,
1.),(1.,0.996820534791972,1.)))
REPRESENTATION_ITEM('')
SURFACE()
);
#80=(
BOUNDED_SURFACE()
B_SPLINE_SURFACE(3,2,((#13274,#13275,#13276),(#13277,#13278,#13279),(#13280,
#13281,#13282),(#13283,#13284,#13285)),.UNSPECIFIED.,.F.,.F.,.F.)
B_SPLINE_SURFACE_WITH_KNOTS((4,4),(3,3),(0.,0.000902602142953119),(0.,1.),
 .PIECEWISE_BEZIER_KNOTS.)
GEOMETRIC_REPRESENTATION_ITEM()
RATIONAL_B_SPLINE_SURFACE(((1.,0.99382524439568,1.),(1.,0.997954190143661,
1.),(1.,1.00000000272485,1.),(1.,1.,1.)))
REPRESENTATION_ITEM('')
SURFACE()
);
#81=(
BOUNDED_SURFACE()
B_SPLINE_SURFACE(3,2,((#13287,#13288,#13289),(#13290,#13291,#13292),(#13293,
#13294,#13295),(#13296,#13297,#13298)),.UNSPECIFIED.,.F.,.F.,.F.)
B_SPLINE_SURFACE_WITH_KNOTS((4,4),(3,3),(0.180409081046614,0.271889732173365),
(0.,1.),.PIECEWISE_BEZIER_KNOTS.)
GEOMETRIC_REPRESENTATION_ITEM()
RATIONAL_B_SPLINE_SURFACE(((1.,0.993825244395681,1.),(1.,0.992460608400002,
1.),(1.,0.990750877320115,1.),(1.,0.988697862706296,1.)))
REPRESENTATION_ITEM('')
SURFACE()
);
#82=(
BOUNDED_SURFACE()
B_SPLINE_SURFACE(3,2,((#13300,#13301,#13302),(#13303,#13304,#13305),(#13306,
#13307,#13308),(#13309,#13310,#13311),(#13312,#13313,#13314),(#13315,#13316,
#13317),(#13318,#13319,#13320),(#13321,#13322,#13323)),.UNSPECIFIED.,.F.,
 .F.,.F.)
B_SPLINE_SURFACE_WITH_KNOTS((4,1,1,1,1,4),(3,3),(0.,0.00030822407479903,
0.000616448149598059,0.00123289629919612,0.00184934444879418,0.00246579259839224),
(0.,1.),.UNSPECIFIED.)
GEOMETRIC_REPRESENTATION_ITEM()
RATIONAL_B_SPLINE_SURFACE(((1.,0.988697862706293,1.),(1.,0.990142318322001,
1.),(1.,0.9917528528718,1.),(1.,0.987174939809762,1.),(1.,0.974680907923145,
1.),(1.,0.958510115400737,1.),(1.,0.947631102558376,1.),(1.,0.942260312332003,
1.)))
REPRESENTATION_ITEM('')
SURFACE()
);
#83=(
BOUNDED_SURFACE()
B_SPLINE_SURFACE(3,2,((#13325,#13326,#13327),(#13328,#13329,#13330),(#13331,
#13332,#13333),(#13334,#13335,#13336),(#13337,#13338,#13339)),
 .UNSPECIFIED.,.F.,.F.,.F.)
B_SPLINE_SURFACE_WITH_KNOTS((4,1,4),(3,3),(0.,0.00719651463237397,0.0143930292647479),
(0.,1.),.UNSPECIFIED.)
GEOMETRIC_REPRESENTATION_ITEM()
RATIONAL_B_SPLINE_SURFACE(((1.,0.942260312332005,1.),(1.,0.945180564862128,
1.),(1.,0.948619596141126,1.),(1.,0.945184494493407,1.),(1.,0.942260312331979,
1.)))
REPRESENTATION_ITEM('')
SURFACE()
);
#84=(
BOUNDED_SURFACE()
B_SPLINE_SURFACE(3,2,((#13341,#13342,#13343),(#13344,#13345,#13346),(#13347,
#13348,#13349),(#13350,#13351,#13352),(#13353,#13354,#13355),(#13356,#13357,
#13358),(#13359,#13360,#13361),(#13362,#13363,#13364)),.UNSPECIFIED.,.F.,
 .F.,.F.)
B_SPLINE_SURFACE_WITH_KNOTS((4,1,1,1,1,4),(3,3),(0.,0.000612130297486575,
0.00122426059497315,0.00183639089245973,0.00214245604120301,0.0024485211899463),
(0.,1.),.UNSPECIFIED.)
GEOMETRIC_REPRESENTATION_ITEM()
RATIONAL_B_SPLINE_SURFACE(((1.,0.942260312332533,1.),(1.,0.947631414538152,
1.),(1.,0.958498636507093,1.),(1.,0.974656735903563,1.),(1.,0.987213730630329,
1.),(1.,0.991744635509587,1.),(1.,0.990141741703238,1.),(1.,0.988697862706297,
1.)))
REPRESENTATION_ITEM('')
SURFACE()
);
#85=(
BOUNDED_SURFACE()
B_SPLINE_SURFACE(3,2,((#13366,#13367,#13368),(#13369,#13370,#13371),(#13372,
#13373,#13374),(#13375,#13376,#13377)),.UNSPECIFIED.,.F.,.F.,.F.)
B_SPLINE_SURFACE_WITH_KNOTS((4,4),(3,3),(6.01129557500622,6.13150921070138),
(0.,1.),.PIECEWISE_BEZIER_KNOTS.)
GEOMETRIC_REPRESENTATION_ITEM()
RATIONAL_B_SPLINE_SURFACE(((1.,0.988697862706296,1.),(1.,0.991395704793153,
1.),(1.,0.993500678988347,1.),(1.,0.995008934916008,1.)))
REPRESENTATION_ITEM('')
SURFACE()
);
#86=(
BOUNDED_SURFACE()
B_SPLINE_SURFACE(3,2,((#13379,#13380,#13381),(#13382,#13383,#13384),(#13385,
#13386,#13387),(#13388,#13389,#13390),(#13391,#13392,#13393)),
 .UNSPECIFIED.,.F.,.F.,.F.)
B_SPLINE_SURFACE_WITH_KNOTS((4,1,4),(3,3),(0.,0.000603620136432778,0.00120724027286556),
(0.,1.),.UNSPECIFIED.)
GEOMETRIC_REPRESENTATION_ITEM()
RATIONAL_B_SPLINE_SURFACE(((1.,0.995008934916005,1.),(1.,0.996077641079183,
1.),(1.,0.998846040830718,1.),(1.,1.00000000076994,1.),(1.,1.,1.)))
REPRESENTATION_ITEM('')
SURFACE()
);
#87=CYLINDRICAL_SURFACE('',#6834,0.00685690149242295);
#88=CYLINDRICAL_SURFACE('',#6836,0.002);
#89=CYLINDRICAL_SURFACE('',#6841,0.002);
#90=CYLINDRICAL_SURFACE('',#6848,0.0358568737875741);
#91=CYLINDRICAL_SURFACE('',#6853,0.0358568737875741);
#92=CYLINDRICAL_SURFACE('',#6862,0.002);
#93=CYLINDRICAL_SURFACE('',#6866,0.002);
#94=CYLINDRICAL_SURFACE('',#6870,0.002);
#95=CYLINDRICAL_SURFACE('',#6872,0.005);
#96=CYLINDRICAL_SURFACE('',#6878,0.002);
#97=CYLINDRICAL_SURFACE('',#6890,0.00685690149242295);
#98=CYLINDRICAL_SURFACE('',#6902,0.003);
#99=CYLINDRICAL_SURFACE('',#6907,0.002);
#100=CYLINDRICAL_SURFACE('',#6911,0.002);
#101=CYLINDRICAL_SURFACE('',#6913,0.003);
#102=CYLINDRICAL_SURFACE('',#6926,0.01145);
#103=CYLINDRICAL_SURFACE('',#6929,0.01145);
#104=CYLINDRICAL_SURFACE('',#6932,0.003);
#105=CYLINDRICAL_SURFACE('',#6935,0.0116);
#106=CYLINDRICAL_SURFACE('',#6941,0.002);
#107=CYLINDRICAL_SURFACE('',#7046,0.005);
#108=CYLINDRICAL_SURFACE('',#7047,0.005);
#109=CYLINDRICAL_SURFACE('',#7048,0.005);
#110=CYLINDRICAL_SURFACE('',#7049,0.005);
#111=CYLINDRICAL_SURFACE('',#7052,0.005);
#112=CYLINDRICAL_SURFACE('',#7053,0.005);
#113=CYLINDRICAL_SURFACE('',#7054,0.005);
#114=CYLINDRICAL_SURFACE('',#7055,0.005);
#115=CYLINDRICAL_SURFACE('',#7056,0.005);
#116=CYLINDRICAL_SURFACE('',#7057,0.005);
#117=CYLINDRICAL_SURFACE('',#7058,0.005);
#118=CYLINDRICAL_SURFACE('',#7060,0.005);
#119=CYLINDRICAL_SURFACE('',#7061,0.005);
#120=CYLINDRICAL_SURFACE('',#7062,0.005);
#121=CYLINDRICAL_SURFACE('',#7063,0.005);
#122=CYLINDRICAL_SURFACE('',#7065,0.002);
#123=CYLINDRICAL_SURFACE('',#7068,0.002);
#124=CYLINDRICAL_SURFACE('',#7071,0.002);
#125=CYLINDRICAL_SURFACE('',#7073,0.002);
#126=CYLINDRICAL_SURFACE('',#7076,0.002);
#127=CYLINDRICAL_SURFACE('',#7077,0.002);
#128=CYLINDRICAL_SURFACE('',#7078,0.005);
#129=CYLINDRICAL_SURFACE('',#7079,0.005);
#130=CYLINDRICAL_SURFACE('',#7080,0.005);
#131=CYLINDRICAL_SURFACE('',#7083,0.005);
#132=CYLINDRICAL_SURFACE('',#7086,0.005);
#133=CYLINDRICAL_SURFACE('',#7087,0.005);
#134=CYLINDRICAL_SURFACE('',#7088,0.005);
#135=CYLINDRICAL_SURFACE('',#7089,0.005);
#136=CYLINDRICAL_SURFACE('',#7090,0.005);
#137=CYLINDRICAL_SURFACE('',#7093,0.005);
#138=CYLINDRICAL_SURFACE('',#7094,0.005);
#139=CYLINDRICAL_SURFACE('',#7097,0.005);
#140=CYLINDRICAL_SURFACE('',#7100,0.005);
#141=CYLINDRICAL_SURFACE('',#7101,0.005);
#142=CYLINDRICAL_SURFACE('',#7102,0.005);
#143=CYLINDRICAL_SURFACE('',#7103,0.005);
#144=CYLINDRICAL_SURFACE('',#7106,0.005);
#145=CYLINDRICAL_SURFACE('',#7107,0.005);
#146=CYLINDRICAL_SURFACE('',#7110,0.005);
#147=CYLINDRICAL_SURFACE('',#7111,0.005);
#148=CYLINDRICAL_SURFACE('',#7114,0.005);
#149=CYLINDRICAL_SURFACE('',#7115,0.005);
#150=CYLINDRICAL_SURFACE('',#7118,0.005);
#151=CYLINDRICAL_SURFACE('',#7119,0.005);
#152=CYLINDRICAL_SURFACE('',#7126,0.002);
#153=CYLINDRICAL_SURFACE('',#7135,0.002);
#154=CYLINDRICAL_SURFACE('',#7139,0.002);
#155=CYLINDRICAL_SURFACE('',#7141,0.002);
#156=CYLINDRICAL_SURFACE('',#7150,0.002);
#157=CYLINDRICAL_SURFACE('',#7160,0.002);
#158=CYLINDRICAL_SURFACE('',#7165,0.002);
#159=CYLINDRICAL_SURFACE('',#7168,0.002);
#160=CYLINDRICAL_SURFACE('',#7173,0.002);
#161=CYLINDRICAL_SURFACE('',#7185,0.005);
#162=CONICAL_SURFACE('',#6789,0.005,0.785398163397448);
#163=CONICAL_SURFACE('',#6793,0.005,0.785398163397448);
#164=CONICAL_SURFACE('',#6797,0.005,0.785398163397448);
#165=CONICAL_SURFACE('',#6800,0.005,0.785398163397448);
#166=CONICAL_SURFACE('',#6803,0.005,0.785398163397446);
#167=CONICAL_SURFACE('',#7032,0.002,0.785398163397452);
#168=CONICAL_SURFACE('',#7033,0.004,0.785398163397451);
#169=CONICAL_SURFACE('',#7034,0.005,0.785398163397446);
#170=CONICAL_SURFACE('',#7035,0.002,0.785398163397448);
#171=CONICAL_SURFACE('',#7036,0.002,0.785398163397448);
#172=CONICAL_SURFACE('',#7037,0.002,0.785398163397448);
#173=CONICAL_SURFACE('',#7038,0.005,0.785398163397448);
#174=CONICAL_SURFACE('',#7039,0.005,0.785398163397448);
#175=CONICAL_SURFACE('',#7040,0.002,0.785398163397446);
#176=CONICAL_SURFACE('',#7041,0.004,0.785398163397448);
#177=CONICAL_SURFACE('',#7042,0.004,0.785398163397448);
#178=CONICAL_SURFACE('',#7043,0.002,0.785398163397449);
#179=CONICAL_SURFACE('',#7044,0.005,0.785398163397448);
#180=CONICAL_SURFACE('',#7045,0.005,0.785398163397448);
#181=CIRCLE('',#6785,0.007);
#182=CIRCLE('',#6787,0.003);
#183=CIRCLE('',#6791,0.005);
#184=CIRCLE('',#6792,0.007);
#185=CIRCLE('',#6794,0.005);
#186=CIRCLE('',#6795,0.007);
#187=CIRCLE('',#6798,0.005);
#188=CIRCLE('',#6799,0.007);
#189=CIRCLE('',#6801,0.005);
#190=CIRCLE('',#6802,0.007);
#191=CIRCLE('',#6804,0.005);
#192=CIRCLE('',#6805,0.007);
#193=CIRCLE('',#6820,0.007);
#194=CIRCLE('',#6827,0.007);
#195=CIRCLE('',#6833,0.003);
#196=CIRCLE('',#6835,0.00685690149242295);
#197=CIRCLE('',#6837,0.002);
#198=CIRCLE('',#6839,0.004);
#199=CIRCLE('',#6840,0.005);
#200=CIRCLE('',#6842,0.002);
#201=CIRCLE('',#6844,0.004);
#202=CIRCLE('',#6845,0.005);
#203=CIRCLE('',#6847,0.0116);
#204=CIRCLE('',#6851,0.01145);
#205=CIRCLE('',#6861,0.01145);
#206=CIRCLE('',#6863,0.002);
#207=CIRCLE('',#6865,0.004);
#208=CIRCLE('',#6867,0.002);
#209=CIRCLE('',#6869,0.004);
#210=CIRCLE('',#6871,0.002);
#211=CIRCLE('',#6873,0.005);
#212=CIRCLE('',#6877,0.004);
#213=CIRCLE('',#6879,0.002);
#214=CIRCLE('',#6881,0.005);
#215=CIRCLE('',#6882,0.004);
#216=CIRCLE('',#6887,0.007);
#217=CIRCLE('',#6892,0.00685690149242295);
#218=CIRCLE('',#6896,0.003);
#219=CIRCLE('',#6905,0.005);
#220=CIRCLE('',#6906,0.004);
#221=CIRCLE('',#6908,0.002);
#222=CIRCLE('',#6910,0.004);
#223=CIRCLE('',#6912,0.002);
#224=CIRCLE('',#6922,0.007);
#225=CIRCLE('',#6927,0.01145);
#226=CIRCLE('',#6930,0.01145);
#227=CIRCLE('',#6936,0.0116);
#228=CIRCLE('',#6939,0.004);
#229=CIRCLE('',#6940,0.005);
#230=CIRCLE('',#6942,0.002);
#231=CIRCLE('',#7082,0.005);
#232=CIRCLE('',#7084,0.005);
#233=CIRCLE('',#7091,0.005);
#234=CIRCLE('',#7092,0.005);
#235=CIRCLE('',#7095,0.005);
#236=CIRCLE('',#7096,0.005);
#237=CIRCLE('',#7104,0.005);
#238=CIRCLE('',#7105,0.005);
#239=CIRCLE('',#7108,0.005);
#240=CIRCLE('',#7109,0.005);
#241=CIRCLE('',#7113,0.005);
#242=CIRCLE('',#7116,0.005);
#243=CIRCLE('',#7117,0.005);
#244=CIRCLE('',#7120,0.005);
#245=CIRCLE('',#7121,0.005);
#246=CIRCLE('',#7122,0.002);
#247=CIRCLE('',#7123,0.002);
#248=CIRCLE('',#7124,0.002);
#249=CIRCLE('',#7125,0.002);
#250=CIRCLE('',#7127,0.002);
#251=CIRCLE('',#7128,0.002);
#252=CIRCLE('',#7129,0.002);
#253=CIRCLE('',#7130,0.002);
#254=CIRCLE('',#7131,0.002);
#255=CIRCLE('',#7132,0.002);
#256=CIRCLE('',#7133,0.002);
#257=CIRCLE('',#7134,0.002);
#258=CIRCLE('',#7136,0.002);
#259=CIRCLE('',#7137,0.002);
#260=CIRCLE('',#7138,0.002);
#261=CIRCLE('',#7140,0.002);
#262=CIRCLE('',#7142,0.002);
#263=CIRCLE('',#7143,0.002);
#264=CIRCLE('',#7144,0.002);
#265=CIRCLE('',#7145,0.002);
#266=CIRCLE('',#7146,0.002);
#267=CIRCLE('',#7147,0.002);
#268=CIRCLE('',#7148,0.002);
#269=CIRCLE('',#7149,0.002);
#270=CIRCLE('',#7151,0.002);
#271=CIRCLE('',#7152,0.002);
#272=CIRCLE('',#7153,0.002);
#273=CIRCLE('',#7154,0.002);
#274=CIRCLE('',#7155,0.002);
#275=CIRCLE('',#7156,0.002);
#276=CIRCLE('',#7157,0.002);
#277=CIRCLE('',#7159,0.002);
#278=CIRCLE('',#7161,0.002);
#279=CIRCLE('',#7162,0.002);
#280=CIRCLE('',#7163,0.002);
#281=CIRCLE('',#7164,0.002);
#282=CIRCLE('',#7166,0.002);
#283=CIRCLE('',#7167,0.002);
#284=CIRCLE('',#7169,0.002);
#285=CIRCLE('',#7171,0.002);
#286=CIRCLE('',#7172,0.002);
#287=CIRCLE('',#7174,0.002);
#288=CIRCLE('',#7175,0.002);
#289=CIRCLE('',#7176,0.002);
#290=CIRCLE('',#7178,0.002);
#291=CIRCLE('',#7179,0.002);
#292=CIRCLE('',#7180,0.002);
#293=CIRCLE('',#7181,0.002);
#294=CIRCLE('',#7182,0.002);
#295=CIRCLE('',#7183,0.002);
#296=CIRCLE('',#7184,0.002);
#297=CIRCLE('',#7186,0.005);
#298=CIRCLE('',#7187,0.005);
#299=CIRCLE('',#7195,0.003);
#300=CIRCLE('',#7196,0.003);
#301=CIRCLE('',#7197,0.003);
#302=CIRCLE('',#7198,0.003);
#303=CIRCLE('',#7199,0.003);
#304=CIRCLE('',#7200,0.003);
#305=ELLIPSE('',#6784,0.0111918923437758,0.007);
#306=ELLIPSE('',#6790,1364.73839097877,0.979355465214197);
#307=ELLIPSE('',#6796,1345.0312434873,0.965213337941248);
#308=ELLIPSE('',#6808,0.00786336172618235,0.005);
#309=ELLIPSE('',#6816,0.0058746411887348,0.004);
#310=ELLIPSE('',#6817,0.0058746411887348,0.004);
#311=ELLIPSE('',#6819,0.00707597681217692,0.007);
#312=ELLIPSE('',#6821,0.00601379310317379,0.004);
#313=ELLIPSE('',#6823,0.00593878390728774,0.004);
#314=ELLIPSE('',#6824,0.00593878390728774,0.004);
#315=ELLIPSE('',#6826,0.00597475932550857,0.004);
#316=ELLIPSE('',#6829,1345.0312434873,0.965213337941248);
#317=ELLIPSE('',#6830,0.00310736644972176,0.002);
#318=ELLIPSE('',#6831,0.00310736644972176,0.002);
#319=ELLIPSE('',#6832,1364.73839097877,0.979355465214197);
#320=ELLIPSE('',#6849,0.252480305940662,0.0358568737875741);
#321=ELLIPSE('',#6854,0.252480305940662,0.0358568737875741);
#322=ELLIPSE('',#6855,0.0473060571006994,0.0358568737875741);
#323=ELLIPSE('',#6856,0.0473060571006994,0.0358568737875741);
#324=ELLIPSE('',#6857,0.390088674295042,0.0358568737875741);
#325=ELLIPSE('',#6858,0.0361662813380146,0.0358568737875741);
#326=ELLIPSE('',#6874,0.00707107660296326,0.005);
#327=ELLIPSE('',#6875,0.00707107660296326,0.005);
#328=ELLIPSE('',#6885,0.0436382206390096,0.0308568737875741);
#329=ELLIPSE('',#6889,0.0436382206390096,0.0308568737875741);
#330=ELLIPSE('',#6891,0.0136968374405603,0.00685690149242295);
#331=ELLIPSE('',#6897,0.00311177297708654,0.002);
#332=ELLIPSE('',#6898,0.00311177297708654,0.002);
#333=ELLIPSE('',#6917,0.00687867135496543,0.004);
#334=ELLIPSE('',#6920,0.252071743051785,0.0328568737875741);
#335=ELLIPSE('',#6921,0.252071743051785,0.0328568737875741);
#336=ELLIPSE('',#6947,6.89750799183582,0.007);
#337=ELLIPSE('',#6949,0.0758429765569372,0.007);
#338=ELLIPSE('',#6950,6.89750799183582,0.007);
#339=ELLIPSE('',#6952,0.0104374227372964,0.007);
#340=ELLIPSE('',#6954,6.89750799183847,0.007);
#341=ELLIPSE('',#6956,6.89750799183847,0.007);
#342=ELLIPSE('',#6958,0.0103693331629561,0.007);
#343=ELLIPSE('',#6960,0.0070710678118655,0.005);
#344=ELLIPSE('',#6962,0.0070710678118655,0.005);
#345=ELLIPSE('',#6963,0.0070710678118655,0.005);
#346=ELLIPSE('',#6965,0.00707106781186549,0.005);
#347=ELLIPSE('',#6966,0.00707106781186549,0.005);
#348=ELLIPSE('',#6968,0.00707106781186551,0.005);
#349=ELLIPSE('',#6969,0.00707106781186551,0.005);
#350=ELLIPSE('',#6971,0.00707106781186547,0.005);
#351=ELLIPSE('',#6972,0.00707106781186548,0.005);
#352=ELLIPSE('',#6974,0.00707106781186548,0.005);
#353=ELLIPSE('',#6976,0.00707106781186549,0.005);
#354=ELLIPSE('',#6977,0.00707106781186548,0.005);
#355=ELLIPSE('',#6979,0.00707106781186547,0.005);
#356=ELLIPSE('',#6980,0.00707106781186547,0.005);
#357=ELLIPSE('',#6982,0.00707106781186547,0.005);
#358=ELLIPSE('',#6983,0.00707106781186547,0.005);
#359=ELLIPSE('',#6985,0.00706748247119992,0.005);
#360=ELLIPSE('',#6987,0.0070685338477549,0.005);
#361=ELLIPSE('',#6988,0.0070685338477549,0.005);
#362=ELLIPSE('',#6990,0.00707107145325382,0.005);
#363=ELLIPSE('',#6991,0.00707107145325382,0.005);
#364=ELLIPSE('',#6993,0.00707360814840526,0.005);
#365=ELLIPSE('',#6994,0.00707360814840526,0.005);
#366=ELLIPSE('',#6996,0.00707465861461339,0.005);
#367=ELLIPSE('',#6997,0.00707465861461339,0.005);
#368=ELLIPSE('',#6999,0.00706748247119992,0.005);
#369=ELLIPSE('',#7001,0.00707360814840527,0.005);
#370=ELLIPSE('',#7002,0.00707360814840527,0.005);
#371=ELLIPSE('',#7004,0.0070685338477549,0.005);
#372=ELLIPSE('',#7005,0.0070685338477549,0.005);
#373=ELLIPSE('',#7007,0.00707107145325382,0.005);
#374=ELLIPSE('',#7008,0.00707107145325382,0.005);
#375=ELLIPSE('',#7010,0.00707465861461343,0.005);
#376=ELLIPSE('',#7012,0.00707360814840527,0.005);
#377=ELLIPSE('',#7013,0.00707360814840527,0.005);
#378=ELLIPSE('',#7015,0.00707107145325378,0.005);
#379=ELLIPSE('',#7016,0.00707107145325378,0.005);
#380=ELLIPSE('',#7018,0.00706853384775489,0.005);
#381=ELLIPSE('',#7019,0.00706853384775489,0.005);
#382=ELLIPSE('',#7021,0.00706748247119992,0.005);
#383=ELLIPSE('',#7022,0.00706748247119992,0.005);
#384=ELLIPSE('',#7024,0.00706853384775491,0.005);
#385=ELLIPSE('',#7025,0.00706853384775491,0.005);
#386=ELLIPSE('',#7028,0.00707107145325378,0.005);
#387=ELLIPSE('',#7029,0.00707107145325378,0.005);
#388=ELLIPSE('',#7031,0.00707360814840526,0.005);
#389=ELLIPSE('',#7050,0.0756845895345686,0.005);
#390=ELLIPSE('',#7051,0.00921627871741256,0.005);
#391=ELLIPSE('',#7059,0.0091390957016754,0.005);
#392=ELLIPSE('',#7064,0.0100627259842782,0.005);
#393=ELLIPSE('',#7066,0.00594273671044091,0.002);
#394=ELLIPSE('',#7067,0.00474461896219068,0.002);
#395=ELLIPSE('',#7069,0.00491586284265342,0.002);
#396=ELLIPSE('',#7070,0.00474461896219068,0.002);
#397=ELLIPSE('',#7072,0.00482381117970634,0.002);
#398=ELLIPSE('',#7074,0.00486803338092002,0.002);
#399=ELLIPSE('',#7075,0.00482381117970634,0.002);
#400=ELLIPSE('',#7081,6.89750625207684,0.005);
#401=ELLIPSE('',#7085,6.89750625207684,0.005);
#402=ELLIPSE('',#7098,0.00510582489383111,0.005);
#403=ELLIPSE('',#7099,6.89750625207948,0.005);
#404=ELLIPSE('',#7112,6.89750625207948,0.005);
#405=B_SPLINE_SURFACE_WITH_KNOTS('',3,3,((#8413,#8414,#8415,#8416,#8417,
#8418,#8419,#8420,#8421),(#8422,#8423,#8424,#8425,#8426,#8427,#8428,#8429,
#8430),(#8431,#8432,#8433,#8434,#8435,#8436,#8437,#8438,#8439),(#8440,#8441,
#8442,#8443,#8444,#8445,#8446,#8447,#8448),(#8449,#8450,#8451,#8452,#8453,
#8454,#8455,#8456,#8457),(#8458,#8459,#8460,#8461,#8462,#8463,#8464,#8465,
#8466),(#8467,#8468,#8469,#8470,#8471,#8472,#8473,#8474,#8475),(#8476,#8477,
#8478,#8479,#8480,#8481,#8482,#8483,#8484),(#8485,#8486,#8487,#8488,#8489,
#8490,#8491,#8492,#8493),(#8494,#8495,#8496,#8497,#8498,#8499,#8500,#8501,
#8502),(#8503,#8504,#8505,#8506,#8507,#8508,#8509,#8510,#8511),(#8512,#8513,
#8514,#8515,#8516,#8517,#8518,#8519,#8520),(#8521,#8522,#8523,#8524,#8525,
#8526,#8527,#8528,#8529),(#8530,#8531,#8532,#8533,#8534,#8535,#8536,#8537,
#8538),(#8539,#8540,#8541,#8542,#8543,#8544,#8545,#8546,#8547),(#8548,#8549,
#8550,#8551,#8552,#8553,#8554,#8555,#8556),(#8557,#8558,#8559,#8560,#8561,
#8562,#8563,#8564,#8565),(#8566,#8567,#8568,#8569,#8570,#8571,#8572,#8573,
#8574),(#8575,#8576,#8577,#8578,#8579,#8580,#8581,#8582,#8583),(#8584,#8585,
#8586,#8587,#8588,#8589,#8590,#8591,#8592)),.UNSPECIFIED.,.F.,.F.,.F.,(4,
1,1,1,1,1,1,1,1,1,1,1,1,1,1,1,1,4),(4,1,1,1,1,1,4),(-9.8902593268693E-5,
3.1422178069741E-5,0.000161746949408175,0.000422396492085043,0.000943695577438779,
0.00198629374814625,0.00302889191885372,0.00407149008956119,0.00615668643097614,
0.00824188277239108,0.010327079113806,0.012412275455221,0.0144974717966359,
0.0155400699673434,0.0160613690526971,0.016322018595374,0.0164523433667124,
0.0165826681380509),(-0.00600297865097829,0.119747393680394,0.245497766011766,
0.496998510674511,0.748499255337255,0.874249627668628,1.),.UNSPECIFIED.);
#406=B_SPLINE_SURFACE_WITH_KNOTS('',1,3,((#8750,#8751,#8752,#8753,#8754,
#8755,#8756,#8757,#8758,#8759,#8760,#8761,#8762,#8763,#8764,#8765,#8766,
#8767,#8768,#8769,#8770,#8771,#8772,#8773,#8774,#8775,#8776,#8777,#8778,
#8779,#8780,#8781,#8782,#8783),(#8784,#8785,#8786,#8787,#8788,#8789,#8790,
#8791,#8792,#8793,#8794,#8795,#8796,#8797,#8798,#8799,#8800,#8801,#8802,
#8803,#8804,#8805,#8806,#8807,#8808,#8809,#8810,#8811,#8812,#8813,#8814,
#8815,#8816,#8817),(#8818,#8819,#8820,#8821,#8822,#8823,#8824,#8825,#8826,
#8827,#8828,#8829,#8830,#8831,#8832,#8833,#8834,#8835,#8836,#8837,#8838,
#8839,#8840,#8841,#8842,#8843,#8844,#8845,#8846,#8847,#8848,#8849,#8850,
#8851),(#8852,#8853,#8854,#8855,#8856,#8857,#8858,#8859,#8860,#8861,#8862,
#8863,#8864,#8865,#8866,#8867,#8868,#8869,#8870,#8871,#8872,#8873,#8874,
#8875,#8876,#8877,#8878,#8879,#8880,#8881,#8882,#8883,#8884,#8885),(#8886,
#8887,#8888,#8889,#8890,#8891,#8892,#8893,#8894,#8895,#8896,#8897,#8898,
#8899,#8900,#8901,#8902,#8903,#8904,#8905,#8906,#8907,#8908,#8909,#8910,
#8911,#8912,#8913,#8914,#8915,#8916,#8917,#8918,#8919)),.RULED_SURF.,.F.,
 .T.,.F.,(2,1,1,1,2),(2,2,2,2,2,2,2,2,2,2,2,2,2,2,2,2,2,2,2),(-2.2687906851765,
0.,1.,1.73271291320449,1.7727279491883),(3.76235474721371,4.15505382891243,
4.54775291061115,4.94045199230988,5.3331510740086,5.72585015570733,6.11854923740605,
6.51124831910477,6.9039474008035,7.29664648250222,7.68934556420095,8.08204464589967,
8.47474372759839,8.86744280929712,9.26014189099584,9.65284097269457,10.0455400543933,
10.438239136092,10.8309382177907),.UNSPECIFIED.);
#407=B_SPLINE_SURFACE_WITH_KNOTS('',1,3,((#8969,#8970,#8971,#8972,#8973,
#8974,#8975,#8976,#8977,#8978,#8979,#8980,#8981,#8982,#8983,#8984,#8985,
#8986,#8987,#8988,#8989,#8990,#8991,#8992,#8993,#8994,#8995,#8996,#8997,
#8998,#8999,#9000,#9001,#9002),(#9003,#9004,#9005,#9006,#9007,#9008,#9009,
#9010,#9011,#9012,#9013,#9014,#9015,#9016,#9017,#9018,#9019,#9020,#9021,
#9022,#9023,#9024,#9025,#9026,#9027,#9028,#9029,#9030,#9031,#9032,#9033,
#9034,#9035,#9036),(#9037,#9038,#9039,#9040,#9041,#9042,#9043,#9044,#9045,
#9046,#9047,#9048,#9049,#9050,#9051,#9052,#9053,#9054,#9055,#9056,#9057,
#9058,#9059,#9060,#9061,#9062,#9063,#9064,#9065,#9066,#9067,#9068,#9069,
#9070),(#9071,#9072,#9073,#9074,#9075,#9076,#9077,#9078,#9079,#9080,#9081,
#9082,#9083,#9084,#9085,#9086,#9087,#9088,#9089,#9090,#9091,#9092,#9093,
#9094,#9095,#9096,#9097,#9098,#9099,#9100,#9101,#9102,#9103,#9104),(#9105,
#9106,#9107,#9108,#9109,#9110,#9111,#9112,#9113,#9114,#9115,#9116,#9117,
#9118,#9119,#9120,#9121,#9122,#9123,#9124,#9125,#9126,#9127,#9128,#9129,
#9130,#9131,#9132,#9133,#9134,#9135,#9136,#9137,#9138)),.RULED_SURF.,.F.,
 .T.,.F.,(2,1,1,1,2),(2,2,2,2,2,2,2,2,2,2,2,2,2,2,2,2,2,2,2),(-2.27129510191688,
0.,1.,1.7317221574726,1.77175233006649),(3.7599183423531,4.15261742405182,
4.54531650575055,4.93801558744927,5.33071466914799,5.72341375084672,6.11611283254544,
6.50881191424417,6.90151099594289,7.29421007764162,7.68690915934034,8.07960824103907,
8.47230732273779,8.86500640443651,9.25770548613524,9.65040456783396,10.0431036495327,
10.4358027312314,10.8285018129301),.UNSPECIFIED.);
#408=B_SPLINE_SURFACE_WITH_KNOTS('',1,3,((#9252,#9253,#9254,#9255,#9256,
#9257,#9258,#9259,#9260,#9261,#9262,#9263,#9264,#9265,#9266,#9267,#9268,
#9269,#9270,#9271,#9272,#9273,#9274,#9275,#9276,#9277,#9278,#9279,#9280,
#9281,#9282,#9283,#9284,#9285),(#9286,#9287,#9288,#9289,#9290,#9291,#9292,
#9293,#9294,#9295,#9296,#9297,#9298,#9299,#9300,#9301,#9302,#9303,#9304,
#9305,#9306,#9307,#9308,#9309,#9310,#9311,#9312,#9313,#9314,#9315,#9316,
#9317,#9318,#9319),(#9320,#9321,#9322,#9323,#9324,#9325,#9326,#9327,#9328,
#9329,#9330,#9331,#9332,#9333,#9334,#9335,#9336,#9337,#9338,#9339,#9340,
#9341,#9342,#9343,#9344,#9345,#9346,#9347,#9348,#9349,#9350,#9351,#9352,
#9353),(#9354,#9355,#9356,#9357,#9358,#9359,#9360,#9361,#9362,#9363,#9364,
#9365,#9366,#9367,#9368,#9369,#9370,#9371,#9372,#9373,#9374,#9375,#9376,
#9377,#9378,#9379,#9380,#9381,#9382,#9383,#9384,#9385,#9386,#9387),(#9388,
#9389,#9390,#9391,#9392,#9393,#9394,#9395,#9396,#9397,#9398,#9399,#9400,
#9401,#9402,#9403,#9404,#9405,#9406,#9407,#9408,#9409,#9410,#9411,#9412,
#9413,#9414,#9415,#9416,#9417,#9418,#9419,#9420,#9421)),.RULED_SURF.,.F.,
 .T.,.F.,(2,1,1,1,2),(2,2,2,2,2,2,2,2,2,2,2,2,2,2,2,2,2,2,2),(-2.26965485310209,
-2.23467508174442,0.,1.,1.73233825464216),(3.80006665412104,4.19276573581976,
4.58546481751849,4.97816389921721,5.37086298091593,5.76356206261466,6.15626114431338,
6.54896022601211,6.94165930771083,7.33435838940956,7.72705747110828,8.119756552807,
8.51245563450573,8.90515471620445,9.29785379790318,9.6905528796019,10.0832519613006,
10.4759510429993,10.8686501246981),.UNSPECIFIED.);
#409=B_SPLINE_SURFACE_WITH_KNOTS('',1,3,((#9470,#9471,#9472,#9473,#9474,
#9475,#9476,#9477,#9478,#9479,#9480,#9481,#9482,#9483,#9484,#9485,#9486,
#9487,#9488,#9489,#9490,#9491,#9492,#9493,#9494,#9495,#9496,#9497,#9498,
#9499,#9500,#9501,#9502,#9503),(#9504,#9505,#9506,#9507,#9508,#9509,#9510,
#9511,#9512,#9513,#9514,#9515,#9516,#9517,#9518,#9519,#9520,#9521,#9522,
#9523,#9524,#9525,#9526,#9527,#9528,#9529,#9530,#9531,#9532,#9533,#9534,
#9535,#9536,#9537),(#9538,#9539,#9540,#9541,#9542,#9543,#9544,#9545,#9546,
#9547,#9548,#9549,#9550,#9551,#9552,#9553,#9554,#9555,#9556,#9557,#9558,
#9559,#9560,#9561,#9562,#9563,#9564,#9565,#9566,#9567,#9568,#9569,#9570,
#9571),(#9572,#9573,#9574,#9575,#9576,#9577,#9578,#9579,#9580,#9581,#9582,
#9583,#9584,#9585,#9586,#9587,#9588,#9589,#9590,#9591,#9592,#9593,#9594,
#9595,#9596,#9597,#9598,#9599,#9600,#9601,#9602,#9603,#9604,#9605),(#9606,
#9607,#9608,#9609,#9610,#9611,#9612,#9613,#9614,#9615,#9616,#9617,#9618,
#9619,#9620,#9621,#9622,#9623,#9624,#9625,#9626,#9627,#9628,#9629,#9630,
#9631,#9632,#9633,#9634,#9635,#9636,#9637,#9638,#9639)),.RULED_SURF.,.F.,
 .T.,.F.,(2,1,1,1,2),(2,2,2,2,2,2,2,2,2,2,2,2,2,2,2,2,2,2,2),(-2.25444423524312,
0.,1.,1.73163904337463,1.77149987616081),(-0.392699081698725,0.,0.392699081698724,
0.785398163397448,1.17809724509617,1.5707963267949,1.96349540849362,2.35619449019234,
2.74889357189107,3.1415926535898,3.53429173528852,3.92699081698724,4.31968989868597,
4.71238898038469,5.10508806208341,5.49778714378214,5.89048622548086,6.28318530717959,
6.67588438887831),.UNSPECIFIED.);
#410=B_SPLINE_SURFACE_WITH_KNOTS('',1,3,((#11073,#11074,#11075,#11076,#11077,
#11078,#11079,#11080,#11081,#11082,#11083,#11084,#11085,#11086,#11087,#11088,
#11089,#11090,#11091,#11092,#11093,#11094,#11095,#11096,#11097,#11098,#11099,
#11100,#11101,#11102,#11103,#11104,#11105,#11106),(#11107,#11108,#11109,
#11110,#11111,#11112,#11113,#11114,#11115,#11116,#11117,#11118,#11119,#11120,
#11121,#11122,#11123,#11124,#11125,#11126,#11127,#11128,#11129,#11130,#11131,
#11132,#11133,#11134,#11135,#11136,#11137,#11138,#11139,#11140),(#11141,
#11142,#11143,#11144,#11145,#11146,#11147,#11148,#11149,#11150,#11151,#11152,
#11153,#11154,#11155,#11156,#11157,#11158,#11159,#11160,#11161,#11162,#11163,
#11164,#11165,#11166,#11167,#11168,#11169,#11170,#11171,#11172,#11173,#11174),
(#11175,#11176,#11177,#11178,#11179,#11180,#11181,#11182,#11183,#11184,
#11185,#11186,#11187,#11188,#11189,#11190,#11191,#11192,#11193,#11194,#11195,
#11196,#11197,#11198,#11199,#11200,#11201,#11202,#11203,#11204,#11205,#11206,
#11207,#11208),(#11209,#11210,#11211,#11212,#11213,#11214,#11215,#11216,
#11217,#11218,#11219,#11220,#11221,#11222,#11223,#11224,#11225,#11226,#11227,
#11228,#11229,#11230,#11231,#11232,#11233,#11234,#11235,#11236,#11237,#11238,
#11239,#11240,#11241,#11242)),.RULED_SURF.,.F.,.T.,.F.,(2,1,1,1,2),(2,2,
2,2,2,2,2,2,2,2,2,2,2,2,2,2,2,2,2),(-2.25444423524312,0.,1.,1.73163904337463,
1.77149987616081),(-0.392699081698725,0.,0.392699081698724,0.785398163397448,
1.17809724509617,1.5707963267949,1.96349540849362,2.35619449019234,2.74889357189107,
3.1415926535898,3.53429173528852,3.92699081698724,4.31968989868597,4.71238898038469,
5.10508806208341,5.49778714378214,5.89048622548086,6.28318530717959,6.67588438887831),
 .UNSPECIFIED.);
#411=B_SPLINE_SURFACE_WITH_KNOTS('',1,3,((#11257,#11258,#11259,#11260,#11261,
#11262,#11263,#11264,#11265,#11266,#11267,#11268,#11269,#11270,#11271,#11272,
#11273,#11274,#11275,#11276,#11277,#11278,#11279,#11280,#11281,#11282,#11283,
#11284,#11285,#11286,#11287,#11288,#11289,#11290),(#11291,#11292,#11293,
#11294,#11295,#11296,#11297,#11298,#11299,#11300,#11301,#11302,#11303,#11304,
#11305,#11306,#11307,#11308,#11309,#11310,#11311,#11312,#11313,#11314,#11315,
#11316,#11317,#11318,#11319,#11320,#11321,#11322,#11323,#11324),(#11325,
#11326,#11327,#11328,#11329,#11330,#11331,#11332,#11333,#11334,#11335,#11336,
#11337,#11338,#11339,#11340,#11341,#11342,#11343,#11344,#11345,#11346,#11347,
#11348,#11349,#11350,#11351,#11352,#11353,#11354,#11355,#11356,#11357,#11358),
(#11359,#11360,#11361,#11362,#11363,#11364,#11365,#11366,#11367,#11368,
#11369,#11370,#11371,#11372,#11373,#11374,#11375,#11376,#11377,#11378,#11379,
#11380,#11381,#11382,#11383,#11384,#11385,#11386,#11387,#11388,#11389,#11390,
#11391,#11392),(#11393,#11394,#11395,#11396,#11397,#11398,#11399,#11400,
#11401,#11402,#11403,#11404,#11405,#11406,#11407,#11408,#11409,#11410,#11411,
#11412,#11413,#11414,#11415,#11416,#11417,#11418,#11419,#11420,#11421,#11422,
#11423,#11424,#11425,#11426)),.RULED_SURF.,.F.,.T.,.F.,(2,1,1,1,2),(2,2,
2,2,2,2,2,2,2,2,2,2,2,2,2,2,2,2,2),(-2.26965485310209,-2.23467508174442,
0.,1.,1.73233825464216),(3.80006665412104,4.19276573581976,4.58546481751849,
4.97816389921721,5.37086298091593,5.76356206261466,6.15626114431338,6.54896022601211,
6.94165930771083,7.33435838940956,7.72705747110828,8.119756552807,8.51245563450573,
8.90515471620445,9.29785379790318,9.6905528796019,10.0832519613006,10.4759510429993,
10.8686501246981),.UNSPECIFIED.);
#412=B_SPLINE_SURFACE_WITH_KNOTS('',1,3,((#11485,#11486,#11487,#11488,#11489,
#11490,#11491,#11492,#11493,#11494,#11495,#11496,#11497,#11498,#11499,#11500,
#11501,#11502,#11503,#11504,#11505,#11506,#11507,#11508,#11509,#11510,#11511,
#11512,#11513,#11514,#11515,#11516,#11517,#11518),(#11519,#11520,#11521,
#11522,#11523,#11524,#11525,#11526,#11527,#11528,#11529,#11530,#11531,#11532,
#11533,#11534,#11535,#11536,#11537,#11538,#11539,#11540,#11541,#11542,#11543,
#11544,#11545,#11546,#11547,#11548,#11549,#11550,#11551,#11552),(#11553,
#11554,#11555,#11556,#11557,#11558,#11559,#11560,#11561,#11562,#11563,#11564,
#11565,#11566,#11567,#11568,#11569,#11570,#11571,#11572,#11573,#11574,#11575,
#11576,#11577,#11578,#11579,#11580,#11581,#11582,#11583,#11584,#11585,#11586),
(#11587,#11588,#11589,#11590,#11591,#11592,#11593,#11594,#11595,#11596,
#11597,#11598,#11599,#11600,#11601,#11602,#11603,#11604,#11605,#11606,#11607,
#11608,#11609,#11610,#11611,#11612,#11613,#11614,#11615,#11616,#11617,#11618,
#11619,#11620),(#11621,#11622,#11623,#11624,#11625,#11626,#11627,#11628,
#11629,#11630,#11631,#11632,#11633,#11634,#11635,#11636,#11637,#11638,#11639,
#11640,#11641,#11642,#11643,#11644,#11645,#11646,#11647,#11648,#11649,#11650,
#11651,#11652,#11653,#11654)),.RULED_SURF.,.F.,.T.,.F.,(2,1,1,1,2),(2,2,
2,2,2,2,2,2,2,2,2,2,2,2,2,2,2,2,2),(-2.27129510191688,0.,1.,1.7317221574726,
1.77175233006649),(3.7599183423531,4.15261742405182,4.54531650575055,4.93801558744927,
5.33071466914799,5.72341375084672,6.11611283254544,6.50881191424417,6.90151099594289,
7.29421007764162,7.68690915934034,8.07960824103907,8.47230732273779,8.86500640443651,
9.25770548613524,9.65040456783396,10.0431036495327,10.4358027312314,10.8285018129301),
 .UNSPECIFIED.);
#413=B_SPLINE_SURFACE_WITH_KNOTS('',1,3,((#11666,#11667,#11668,#11669,#11670,
#11671,#11672,#11673,#11674,#11675,#11676,#11677,#11678,#11679,#11680,#11681,
#11682,#11683,#11684,#11685,#11686,#11687,#11688,#11689,#11690,#11691,#11692,
#11693,#11694,#11695,#11696,#11697,#11698,#11699),(#11700,#11701,#11702,
#11703,#11704,#11705,#11706,#11707,#11708,#11709,#11710,#11711,#11712,#11713,
#11714,#11715,#11716,#11717,#11718,#11719,#11720,#11721,#11722,#11723,#11724,
#11725,#11726,#11727,#11728,#11729,#11730,#11731,#11732,#11733),(#11734,
#11735,#11736,#11737,#11738,#11739,#11740,#11741,#11742,#11743,#11744,#11745,
#11746,#11747,#11748,#11749,#11750,#11751,#11752,#11753,#11754,#11755,#11756,
#11757,#11758,#11759,#11760,#11761,#11762,#11763,#11764,#11765,#11766,#11767),
(#11768,#11769,#11770,#11771,#11772,#11773,#11774,#11775,#11776,#11777,
#11778,#11779,#11780,#11781,#11782,#11783,#11784,#11785,#11786,#11787,#11788,
#11789,#11790,#11791,#11792,#11793,#11794,#11795,#11796,#11797,#11798,#11799,
#11800,#11801),(#11802,#11803,#11804,#11805,#11806,#11807,#11808,#11809,
#11810,#11811,#11812,#11813,#11814,#11815,#11816,#11817,#11818,#11819,#11820,
#11821,#11822,#11823,#11824,#11825,#11826,#11827,#11828,#11829,#11830,#11831,
#11832,#11833,#11834,#11835)),.RULED_SURF.,.F.,.T.,.F.,(2,1,1,1,2),(2,2,
2,2,2,2,2,2,2,2,2,2,2,2,2,2,2,2,2),(-2.2687906851765,0.,1.,1.73271291320449,
1.7727279491883),(3.76235474721371,4.15505382891243,4.54775291061115,4.94045199230988,
5.3331510740086,5.72585015570733,6.11854923740605,6.51124831910477,6.9039474008035,
7.29664648250222,7.68934556420095,8.08204464589967,8.47474372759839,8.86744280929712,
9.26014189099584,9.65284097269457,10.0455400543933,10.438239136092,10.8309382177907),
 .UNSPECIFIED.);
#414=B_SPLINE_CURVE_WITH_KNOTS('',3,(#8326,#8327,#8328,#8329),
 .UNSPECIFIED.,.F.,.F.,(4,4),(0.,1.),.UNSPECIFIED.);
#415=B_SPLINE_CURVE_WITH_KNOTS('',3,(#8331,#8332,#8333,#8334),
 .UNSPECIFIED.,.F.,.F.,(4,4),(0.,0.0796833781346055),.UNSPECIFIED.);
#416=B_SPLINE_CURVE_WITH_KNOTS('',3,(#8338,#8339,#8340,#8341),
 .UNSPECIFIED.,.F.,.F.,(4,4),(0.918537954120473,1.),.UNSPECIFIED.);
#417=B_SPLINE_CURVE_WITH_KNOTS('',3,(#8343,#8344,#8345,#8346),
 .UNSPECIFIED.,.F.,.F.,(4,4),(0.,1.),.UNSPECIFIED.);
#418=B_SPLINE_CURVE_WITH_KNOTS('',3,(#8350,#8351,#8352,#8353,#8354,#8355,
#8356,#8357,#8358,#8359),.UNSPECIFIED.,.F.,.F.,(4,1,1,1,1,1,1,4),(0.,0.00302730608403185,
0.00605461216806369,0.00908191825209554,0.0121092243361274,0.0151365304201592,
0.0181638365041911,0.0242184486722548),.UNSPECIFIED.);
#419=B_SPLINE_CURVE_WITH_KNOTS('',3,(#8363,#8364,#8365,#8366),
 .UNSPECIFIED.,.F.,.F.,(4,4),(-0.00209945030313204,0.00288647103638333),
 .UNSPECIFIED.);
#420=B_SPLINE_CURVE_WITH_KNOTS('',3,(#8370,#8371,#8372,#8373),
 .UNSPECIFIED.,.F.,.F.,(4,4),(0.00372621717338024,0.00423665419920816),
 .UNSPECIFIED.);
#421=B_SPLINE_CURVE_WITH_KNOTS('',3,(#8377,#8378,#8379,#8380),
 .UNSPECIFIED.,.F.,.F.,(4,4),(0.0173350580029419,0.0222820426771507),
 .UNSPECIFIED.);
#422=B_SPLINE_CURVE_WITH_KNOTS('',3,(#8388,#8389,#8390,#8391,#8392,#8393,
#8394,#8395,#8396,#8397,#8398),.UNSPECIFIED.,.F.,.F.,(4,1,1,1,1,1,1,1,4),
(6.04338746052718E-12,0.00444901356758711,0.00889802712913083,0.0133470406906745,
0.0177960542522183,0.022245067813762,0.0266940813753057,0.0311430949368494,
0.0355921084983931),.UNSPECIFIED.);
#423=B_SPLINE_CURVE_WITH_KNOTS('',3,(#8593,#8594,#8595,#8596,#8597),
 .UNSPECIFIED.,.F.,.F.,(4,1,4),(-0.000867447882735729,0.00276948650810299,
0.00640642089894172),.UNSPECIFIED.);
#424=B_SPLINE_CURVE_WITH_KNOTS('',3,(#8600,#8601,#8602,#8603),
 .UNSPECIFIED.,.F.,.F.,(4,4),(0.,0.000475260247056275),.UNSPECIFIED.);
#425=B_SPLINE_CURVE_WITH_KNOTS('',3,(#8605,#8606,#8607,#8608),
 .UNSPECIFIED.,.F.,.F.,(4,4),(0.,0.000752561701459277),.UNSPECIFIED.);
#426=B_SPLINE_CURVE_WITH_KNOTS('',3,(#8610,#8611,#8612,#8613),
 .UNSPECIFIED.,.F.,.F.,(4,4),(0.,2.80788511584957E-6),.UNSPECIFIED.);
#427=B_SPLINE_CURVE_WITH_KNOTS('',3,(#8615,#8616,#8617,#8618),
 .UNSPECIFIED.,.F.,.F.,(4,4),(0.000545822271086111,0.00389260650823981),
 .UNSPECIFIED.);
#428=B_SPLINE_CURVE_WITH_KNOTS('',3,(#8620,#8621,#8622,#8623,#8624,#8625),
 .UNSPECIFIED.,.F.,.F.,(4,1,1,4),(0.,0.00238147827392719,0.00476295654785439,
0.00952591309570878),.UNSPECIFIED.);
#429=B_SPLINE_CURVE_WITH_KNOTS('',3,(#8627,#8628,#8629,#8630),
 .UNSPECIFIED.,.F.,.F.,(4,4),(0.,1.),.UNSPECIFIED.);
#430=B_SPLINE_CURVE_WITH_KNOTS('',3,(#8632,#8633,#8634,#8635),
 .UNSPECIFIED.,.F.,.F.,(4,4),(0.0104918557218469,0.0117316569668685),
 .UNSPECIFIED.);
#431=B_SPLINE_CURVE_WITH_KNOTS('',3,(#8637,#8638,#8639,#8640),
 .UNSPECIFIED.,.F.,.F.,(4,4),(2.60208521396521E-18,9.01103873078669E-5),
 .UNSPECIFIED.);
#432=B_SPLINE_CURVE_WITH_KNOTS('',3,(#8642,#8643,#8644,#8645),
 .UNSPECIFIED.,.F.,.F.,(4,4),(0.,0.00175698013202787),.UNSPECIFIED.);
#433=B_SPLINE_CURVE_WITH_KNOTS('',3,(#8661,#8662,#8663,#8664),
 .UNSPECIFIED.,.F.,.F.,(4,4),(9.22018174720368E-18,0.00146080999732469),
 .UNSPECIFIED.);
#434=B_SPLINE_CURVE_WITH_KNOTS('',3,(#8669,#8670,#8671,#8672),
 .UNSPECIFIED.,.F.,.F.,(4,4),(-0.00209903304797019,0.00288558814751824),
 .UNSPECIFIED.);
#435=B_SPLINE_CURVE_WITH_KNOTS('',3,(#8676,#8677,#8678,#8679),
 .UNSPECIFIED.,.F.,.F.,(4,4),(0.017337630330031,0.022285771762069),
 .UNSPECIFIED.);
#436=B_SPLINE_CURVE_WITH_KNOTS('',3,(#8695,#8696,#8697,#8698),
 .UNSPECIFIED.,.F.,.F.,(4,4),(-0.00209903304797017,0.00288558814752026),
 .UNSPECIFIED.);
#437=B_SPLINE_CURVE_WITH_KNOTS('',3,(#8702,#8703,#8704,#8705),
 .UNSPECIFIED.,.F.,.F.,(4,4),(0.0173376303300393,0.0222857717620679),
 .UNSPECIFIED.);
#438=B_SPLINE_CURVE_WITH_KNOTS('',3,(#8707,#8708,#8709,#8710),
 .UNSPECIFIED.,.F.,.F.,(4,4),(0.,0.00152265699782967),.UNSPECIFIED.);
#439=B_SPLINE_CURVE_WITH_KNOTS('',3,(#8717,#8718,#8719,#8720),
 .UNSPECIFIED.,.F.,.F.,(4,4),(-0.00209903420497037,0.00288558787972508),
 .UNSPECIFIED.);
#440=B_SPLINE_CURVE_WITH_KNOTS('',3,(#8722,#8723,#8724,#8725,#8726,#8727),
 .UNSPECIFIED.,.F.,.F.,(4,1,1,4),(0.,0.00110217235301817,0.00220434470603633,
0.00440868941207266),.UNSPECIFIED.);
#441=B_SPLINE_CURVE_WITH_KNOTS('',3,(#8733,#8734,#8735,#8736,#8737,#8738),
 .UNSPECIFIED.,.F.,.F.,(4,1,1,4),(0.,0.00110037267165858,0.00220074534331716,
0.00440149068663432),.UNSPECIFIED.);
#442=B_SPLINE_CURVE_WITH_KNOTS('',3,(#8742,#8743,#8744,#8745,#8746,#8747),
 .UNSPECIFIED.,.F.,.F.,(4,1,1,4),(0.,0.00220158104408148,0.00330237156612222,
0.00440316208816296),.UNSPECIFIED.);
#443=B_SPLINE_CURVE_WITH_KNOTS('',3,(#8920,#8921,#8922,#8923),
 .UNSPECIFIED.,.F.,.F.,(4,4),(0.917681472405639,1.),.UNSPECIFIED.);
#444=B_SPLINE_CURVE_WITH_KNOTS('',3,(#8926,#8927,#8928,#8929,#8930,#8931,
#8932),.UNSPECIFIED.,.F.,.F.,(4,1,1,1,4),(0.617251504034822,0.691636777621339,
0.766022051207855,0.840407324794372,0.914792598380888),.UNSPECIFIED.);
#445=B_SPLINE_CURVE_WITH_KNOTS('',3,(#8934,#8935,#8936,#8937),
 .UNSPECIFIED.,.F.,.F.,(4,4),(0.,0.0803344388392525),.UNSPECIFIED.);
#446=B_SPLINE_CURVE_WITH_KNOTS('',3,(#8939,#8940,#8941,#8942),
 .UNSPECIFIED.,.F.,.F.,(4,4),(0.,1.),.UNSPECIFIED.);
#447=B_SPLINE_CURVE_WITH_KNOTS('',3,(#8944,#8945,#8946,#8947,#8948,#8949),
 .UNSPECIFIED.,.F.,.F.,(4,1,1,4),(0.,0.00111237734321278,0.00222475468642556,
0.00444950937285111),.UNSPECIFIED.);
#448=B_SPLINE_CURVE_WITH_KNOTS('',3,(#8951,#8952,#8953,#8954,#8955,#8956),
 .UNSPECIFIED.,.F.,.F.,(4,1,1,4),(0.207496439437487,0.352163285697987,0.496830131958487,
0.786163824479488),.UNSPECIFIED.);
#449=B_SPLINE_CURVE_WITH_KNOTS('',3,(#8958,#8959,#8960,#8961,#8962,#8963),
 .UNSPECIFIED.,.F.,.F.,(4,1,1,4),(0.,0.00217124110623946,0.00325686165935919,
0.00434248221247893),.UNSPECIFIED.);
#450=B_SPLINE_CURVE_WITH_KNOTS('',3,(#8965,#8966,#8967,#8968),
 .UNSPECIFIED.,.F.,.F.,(4,4),(0.,1.),.UNSPECIFIED.);
#451=B_SPLINE_CURVE_WITH_KNOTS('',3,(#9139,#9140,#9141,#9142),
 .UNSPECIFIED.,.F.,.F.,(4,4),(0.91817670588614,1.),.UNSPECIFIED.);
#452=B_SPLINE_CURVE_WITH_KNOTS('',3,(#9145,#9146,#9147,#9148,#9149,#9150,
#9151),.UNSPECIFIED.,.F.,.F.,(4,1,1,1,4),(0.61669642162388,0.691091859842707,
0.765487298061534,0.839882736280361,0.914278174499188),.UNSPECIFIED.);
#453=B_SPLINE_CURVE_WITH_KNOTS('',3,(#9152,#9153,#9154,#9155,#9156,#9157),
 .UNSPECIFIED.,.F.,.F.,(4,1,1,4),(0.,0.00111441919638815,0.00222883839277629,
0.00445767678555259),.UNSPECIFIED.);
#454=B_SPLINE_CURVE_WITH_KNOTS('',3,(#9159,#9160,#9161,#9162,#9163,#9164),
 .UNSPECIFIED.,.F.,.F.,(4,1,1,4),(0.206785439643842,0.35143855093825,0.496091662232659,
0.785397884821477),.UNSPECIFIED.);
#455=B_SPLINE_CURVE_WITH_KNOTS('',3,(#9166,#9167,#9168,#9169,#9170,#9171),
 .UNSPECIFIED.,.F.,.F.,(4,1,1,4),(0.,0.00216760986527769,0.00325141479791653,
0.00433521973055537),.UNSPECIFIED.);
#456=B_SPLINE_CURVE_WITH_KNOTS('',3,(#9173,#9174,#9175,#9176),
 .UNSPECIFIED.,.F.,.F.,(4,4),(0.,1.),.UNSPECIFIED.);
#457=B_SPLINE_CURVE_WITH_KNOTS('',3,(#9180,#9181,#9182,#9183,#9184,#9185),
 .UNSPECIFIED.,.F.,.F.,(4,1,1,4),(0.,0.00110217231270206,0.00220434462540412,
0.00440868925080823),.UNSPECIFIED.);
#458=B_SPLINE_CURVE_WITH_KNOTS('',3,(#9189,#9190,#9191,#9192,#9193,#9194),
 .UNSPECIFIED.,.F.,.F.,(4,1,1,4),(0.,0.00219769208661944,0.00329653812992916,
0.00439538417323888),.UNSPECIFIED.);
#459=B_SPLINE_CURVE_WITH_KNOTS('',3,(#9196,#9197,#9198,#9199),
 .UNSPECIFIED.,.F.,.F.,(4,4),(0.0173376303300398,0.0222857717620686),
 .UNSPECIFIED.);
#460=B_SPLINE_CURVE_WITH_KNOTS('',3,(#9203,#9204,#9205,#9206),
 .UNSPECIFIED.,.F.,.F.,(4,4),(-0.00209903304797015,0.00288558814752828),
 .UNSPECIFIED.);
#461=B_SPLINE_CURVE_WITH_KNOTS('',3,(#9208,#9209,#9210,#9211,#9212,#9213),
 .UNSPECIFIED.,.F.,.F.,(4,1,1,4),(0.,0.00110217231270206,0.00220434462540411,
0.00440868925080823),.UNSPECIFIED.);
#462=B_SPLINE_CURVE_WITH_KNOTS('',3,(#9217,#9218,#9219,#9220,#9221,#9222),
 .UNSPECIFIED.,.F.,.F.,(4,1,1,4),(0.,0.00219769208661942,0.00329653812992913,
0.00439538417323883),.UNSPECIFIED.);
#463=B_SPLINE_CURVE_WITH_KNOTS('',3,(#9227,#9228,#9229,#9230),
 .UNSPECIFIED.,.F.,.F.,(4,4),(-0.00209903304797014,0.00288558814752833),
 .UNSPECIFIED.);
#464=B_SPLINE_CURVE_WITH_KNOTS('',3,(#9232,#9233,#9234,#9235,#9236,#9237),
 .UNSPECIFIED.,.F.,.F.,(4,1,1,4),(0.,0.00110217231270209,0.00220434462540418,
0.00440868925080836),.UNSPECIFIED.);
#465=B_SPLINE_CURVE_WITH_KNOTS('',3,(#9241,#9242,#9243,#9244,#9245,#9246),
 .UNSPECIFIED.,.F.,.F.,(4,1,1,4),(0.,0.00219769208661941,0.00329653812992911,
0.00439538417323882),.UNSPECIFIED.);
#466=B_SPLINE_CURVE_WITH_KNOTS('',3,(#9248,#9249,#9250,#9251),
 .UNSPECIFIED.,.F.,.F.,(4,4),(0.0173376303300307,0.0222857717620685),
 .UNSPECIFIED.);
#467=B_SPLINE_CURVE_WITH_KNOTS('',3,(#9422,#9423,#9424,#9425),
 .UNSPECIFIED.,.F.,.F.,(4,4),(0.920159363570075,1.),.UNSPECIFIED.);
#468=B_SPLINE_CURVE_WITH_KNOTS('',3,(#9428,#9429,#9430,#9431,#9432,#9433,
#9434),.UNSPECIFIED.,.F.,.F.,(4,1,1,1,4),(0.124521555500584,0.198930900637418,
0.273340245774252,0.347749590911086,0.422158936047919),.UNSPECIFIED.);
#469=B_SPLINE_CURVE_WITH_KNOTS('',3,(#9436,#9437,#9438,#9439),
 .UNSPECIFIED.,.F.,.F.,(4,4),(0.,0.080749130805472),.UNSPECIFIED.);
#470=B_SPLINE_CURVE_WITH_KNOTS('',3,(#9441,#9442,#9443,#9444),
 .UNSPECIFIED.,.F.,.F.,(4,4),(0.,1.),.UNSPECIFIED.);
#471=B_SPLINE_CURVE_WITH_KNOTS('',3,(#9446,#9447,#9448,#9449,#9450,#9451),
 .UNSPECIFIED.,.F.,.F.,(4,1,1,4),(0.,0.00109513147429365,0.0021902629485873,
0.00438052589717459),.UNSPECIFIED.);
#472=B_SPLINE_CURVE_WITH_KNOTS('',3,(#9453,#9454,#9455,#9456,#9457),
 .UNSPECIFIED.,.F.,.F.,(4,1,4),(0.214305107848108,0.503634293688619,0.792963479529131),
 .UNSPECIFIED.);
#473=B_SPLINE_CURVE_WITH_KNOTS('',3,(#9459,#9460,#9461,#9462,#9463,#9464),
 .UNSPECIFIED.,.F.,.F.,(4,1,1,4),(0.,0.00220750719811972,0.00331126079717958,
0.00441501439623944),.UNSPECIFIED.);
#474=B_SPLINE_CURVE_WITH_KNOTS('',3,(#9466,#9467,#9468,#9469),
 .UNSPECIFIED.,.F.,.F.,(4,4),(0.,1.),.UNSPECIFIED.);
#475=B_SPLINE_CURVE_WITH_KNOTS('',3,(#9640,#9641,#9642,#9643),
 .UNSPECIFIED.,.F.,.F.,(4,4),(0.915884266619055,1.),.UNSPECIFIED.);
#476=B_SPLINE_CURVE_WITH_KNOTS('',3,(#9646,#9647,#9648,#9649,#9650,#9651,
#9652,#9653,#9654,#9655,#9656,#9657,#9658,#9659),.UNSPECIFIED.,.F.,.F.,
(4,1,1,1,1,1,1,1,1,1,1,4),(0.500608265407542,0.535798321020005,0.570988376632467,
0.588583404438699,0.60617843224493,0.614975946148046,0.623773460051162,
0.62817221700272,0.632570973954277,0.634770352430056,0.636969730905835,
0.641368487857393),.UNSPECIFIED.);
#477=B_SPLINE_CURVE_WITH_KNOTS('',3,(#9661,#9662,#9663,#9664,#9665),
 .UNSPECIFIED.,.F.,.F.,(4,1,4),(0.34408299939606,0.422345632401801,0.500608265407542),
 .UNSPECIFIED.);
#478=B_SPLINE_CURVE_WITH_KNOTS('',3,(#9667,#9668,#9669,#9670),
 .UNSPECIFIED.,.F.,.F.,(4,4),(0.,0.0839964267611698),.UNSPECIFIED.);
#479=B_SPLINE_CURVE_WITH_KNOTS('',3,(#9672,#9673,#9674,#9675),
 .UNSPECIFIED.,.F.,.F.,(4,4),(0.,1.),.UNSPECIFIED.);
#480=B_SPLINE_CURVE_WITH_KNOTS('',3,(#9677,#9678,#9679,#9680,#9681,#9682),
 .UNSPECIFIED.,.F.,.F.,(4,1,1,4),(0.,0.00110496345450889,0.00220992690901778,
0.00441985381803556),.UNSPECIFIED.);
#481=B_SPLINE_CURVE_WITH_KNOTS('',3,(#9684,#9685,#9686,#9687,#9688),
 .UNSPECIFIED.,.F.,.F.,(4,1,4),(0.210811871205934,0.499641416131296,0.788470961056658),
 .UNSPECIFIED.);
#482=B_SPLINE_CURVE_WITH_KNOTS('',3,(#9690,#9691,#9692,#9693,#9694,#9695),
 .UNSPECIFIED.,.F.,.F.,(4,1,1,4),(0.,0.00218908915752902,0.00328363373629353,
0.00437817831505804),.UNSPECIFIED.);
#483=B_SPLINE_CURVE_WITH_KNOTS('',3,(#9697,#9698,#9699,#9700),
 .UNSPECIFIED.,.F.,.F.,(4,4),(0.,1.),.UNSPECIFIED.);
#484=B_SPLINE_CURVE_WITH_KNOTS('',3,(#9708,#9709,#9710,#9711,#9712,#9713,
#9714,#9715),.UNSPECIFIED.,.F.,.F.,(4,1,1,1,1,4),(0.213888511995623,0.358568542394904,
0.430908557594545,0.503248572794185,0.647928603193467,0.792608633592748),
 .UNSPECIFIED.);
#485=B_SPLINE_CURVE_WITH_KNOTS('',3,(#9729,#9730,#9731,#9732,#9733,#9734,
#9735,#9736),.UNSPECIFIED.,.F.,.F.,(4,1,1,1,1,4),(0.214647494013689,0.369918424303157,
0.447553889447891,0.525189354592626,0.680460284882094,0.835731215171562),
 .UNSPECIFIED.);
#486=B_SPLINE_CURVE_WITH_KNOTS('',3,(#9739,#9740,#9741,#9742),
 .UNSPECIFIED.,.F.,.F.,(4,4),(0.,1.),.UNSPECIFIED.);
#487=B_SPLINE_CURVE_WITH_KNOTS('',3,(#9771,#9772,#9773,#9774,#9775,#9776),
 .UNSPECIFIED.,.F.,.F.,(4,1,1,4),(0.207636220583656,0.352163480485081,0.496690740386506,
0.785745260189356),.UNSPECIFIED.);
#488=B_SPLINE_CURVE_WITH_KNOTS('',3,(#9785,#9786,#9787,#9788,#9789),
 .UNSPECIFIED.,.F.,.F.,(4,1,4),(0.211537737044502,0.500367373198022,0.789197009351543),
 .UNSPECIFIED.);
#489=B_SPLINE_CURVE_WITH_KNOTS('',3,(#9805,#9806,#9807,#9808),
 .UNSPECIFIED.,.F.,.F.,(4,4),(0.017337629911091,0.0222857726406758),
 .UNSPECIFIED.);
#490=B_SPLINE_CURVE_WITH_KNOTS('',3,(#9842,#9843,#9844,#9845),
 .UNSPECIFIED.,.F.,.F.,(4,4),(0.,1.),.UNSPECIFIED.);
#491=B_SPLINE_CURVE_WITH_KNOTS('',3,(#9847,#9848,#9849,#9850),
 .UNSPECIFIED.,.F.,.F.,(4,4),(0.,0.0806476551652635),.UNSPECIFIED.);
#492=B_SPLINE_CURVE_WITH_KNOTS('',3,(#9867,#9868,#9869,#9870),
 .UNSPECIFIED.,.F.,.F.,(4,4),(0.00207203958377242,0.00426321530195661),
 .UNSPECIFIED.);
#493=B_SPLINE_CURVE_WITH_KNOTS('',3,(#9872,#9873,#9874,#9875),
 .UNSPECIFIED.,.F.,.F.,(4,4),(8.27592192128896E-17,0.00237512505673359),
 .UNSPECIFIED.);
#494=B_SPLINE_CURVE_WITH_KNOTS('',3,(#9919,#9920,#9921,#9922,#9923,#9924),
 .UNSPECIFIED.,.F.,.F.,(4,1,1,4),(0.,0.00483296983989051,0.00724945475983576,
0.00966593967978102),.UNSPECIFIED.);
#495=B_SPLINE_CURVE_WITH_KNOTS('',3,(#9928,#9929,#9930,#9931),
 .UNSPECIFIED.,.F.,.F.,(4,4),(0.,1.),.UNSPECIFIED.);
#496=B_SPLINE_CURVE_WITH_KNOTS('',3,(#9937,#9938,#9939,#9940,#9941,#9942,
#9943,#9944,#9945,#9946,#9947),.UNSPECIFIED.,.T.,.F.,(1,1,1,1,1,1,1,1,1,
1,1,1,1,1,1),(-0.0046977427429203,-0.0031318284952802,-0.0015659142476401,
0.,0.0015659142476401,0.0031318284952802,0.0046977427429203,0.0062636569905604,
0.0078295712382005,0.0093954854858406,0.0109613997334807,0.0125273139811208,
0.0140932282287609,0.015659142476401,0.0172250567240411),.UNSPECIFIED.);
#497=B_SPLINE_CURVE_WITH_KNOTS('',3,(#9960,#9961,#9962,#9963,#9964,#9965,
#9966,#9967,#9968,#9969,#9970),.UNSPECIFIED.,.T.,.F.,(1,1,1,1,1,1,1,1,1,
1,1,1,1,1,1),(-0.00469774274292033,-0.00313182849528022,-0.00156591424764011,
0.,0.00156591424764011,0.00313182849528022,0.00469774274292034,0.00626365699056045,
0.00782957123820056,0.00939548548584067,0.0109613997334808,0.0125273139811209,
0.014093228228761,0.0156591424764011,0.0172250567240412),.UNSPECIFIED.);
#498=B_SPLINE_CURVE_WITH_KNOTS('',3,(#10004,#10005,#10006,#10007,#10008),
 .UNSPECIFIED.,.F.,.F.,(4,1,4),(0.,0.00828396426662364,0.0165679285332473),
 .UNSPECIFIED.);
#499=B_SPLINE_CURVE_WITH_KNOTS('',3,(#10013,#10014,#10015,#10016,#10017),
 .UNSPECIFIED.,.F.,.F.,(4,1,4),(0.000450974526133839,0.00159391033469534,
0.00273684614325685),.UNSPECIFIED.);
#500=B_SPLINE_CURVE_WITH_KNOTS('',3,(#10019,#10020,#10021,#10022,#10023,
#10024,#10025),.UNSPECIFIED.,.F.,.F.,(4,1,1,1,4),(0.000284283728664355,
0.00509316493372768,0.00990204613879101,0.0147109273438543,0.0195198085489177),
 .UNSPECIFIED.);
#501=B_SPLINE_CURVE_WITH_KNOTS('',3,(#10067,#10068,#10069,#10070),
 .UNSPECIFIED.,.F.,.F.,(4,4),(-5.99999999799242E-8,7.65168370275859E-5),
 .UNSPECIFIED.);
#502=B_SPLINE_CURVE_WITH_KNOTS('',3,(#10079,#10080,#10081,#10082,#10083),
 .UNSPECIFIED.,.F.,.F.,(4,1,4),(1.11076499342709E-17,0.00212511361558647,
0.00425022723117292),.UNSPECIFIED.);
#503=B_SPLINE_CURVE_WITH_KNOTS('',3,(#10092,#10093,#10094,#10095),
 .UNSPECIFIED.,.F.,.F.,(4,4),(-5.99999999785589E-8,0.0031060854682184),
 .UNSPECIFIED.);
#504=B_SPLINE_CURVE_WITH_KNOTS('',3,(#10098,#10099,#10100,#10101),
 .UNSPECIFIED.,.F.,.F.,(4,4),(0.,0.000881232958742446),.UNSPECIFIED.);
#505=B_SPLINE_CURVE_WITH_KNOTS('',3,(#10103,#10104,#10105,#10106),
 .UNSPECIFIED.,.F.,.F.,(4,4),(0.,0.00597152507325063),.UNSPECIFIED.);
#506=B_SPLINE_CURVE_WITH_KNOTS('',3,(#10108,#10109,#10110,#10111),
 .UNSPECIFIED.,.F.,.F.,(4,4),(0.,0.00508136796376255),.UNSPECIFIED.);
#507=B_SPLINE_CURVE_WITH_KNOTS('',3,(#10113,#10114,#10115,#10116),
 .UNSPECIFIED.,.F.,.F.,(4,4),(0.00180479832217743,0.0145563595126729),
 .UNSPECIFIED.);
#508=B_SPLINE_CURVE_WITH_KNOTS('',3,(#10127,#10128,#10129,#10130,#10131),
 .UNSPECIFIED.,.F.,.F.,(4,1,4),(5.5581425442895E-11,0.00670230040382718,
0.0134046007520729),.UNSPECIFIED.);
#509=B_SPLINE_CURVE_WITH_KNOTS('',3,(#10134,#10135,#10136,#10137),
 .UNSPECIFIED.,.F.,.F.,(4,4),(0.,0.00424946703257554),.UNSPECIFIED.);
#510=B_SPLINE_CURVE_WITH_KNOTS('',3,(#10139,#10140,#10141,#10142,#10143),
 .UNSPECIFIED.,.F.,.F.,(4,1,4),(0.,0.00298063521043594,0.00596127042087188),
 .UNSPECIFIED.);
#511=B_SPLINE_CURVE_WITH_KNOTS('',3,(#10145,#10146,#10147,#10148),
 .UNSPECIFIED.,.F.,.F.,(4,4),(0.,0.00169018982548157),.UNSPECIFIED.);
#512=B_SPLINE_CURVE_WITH_KNOTS('',3,(#10150,#10151,#10152,#10153),
 .UNSPECIFIED.,.F.,.F.,(4,4),(0.00141764131854268,0.00530152146735576),
 .UNSPECIFIED.);
#513=B_SPLINE_CURVE_WITH_KNOTS('',3,(#10157,#10158,#10159,#10160),
 .UNSPECIFIED.,.F.,.F.,(4,4),(-6.0000000017991E-8,8.25219361723665E-7),
 .UNSPECIFIED.);
#514=B_SPLINE_CURVE_WITH_KNOTS('',3,(#10162,#10163,#10164,#10165,#10166),
 .UNSPECIFIED.,.F.,.F.,(4,1,4),(0.,0.5,1.),.UNSPECIFIED.);
#515=B_SPLINE_CURVE_WITH_KNOTS('',3,(#10169,#10170,#10171,#10172),
 .UNSPECIFIED.,.F.,.F.,(4,4),(0.,0.000916350070664672),.UNSPECIFIED.);
#516=B_SPLINE_CURVE_WITH_KNOTS('',3,(#10176,#10177,#10178,#10179,#10180),
 .UNSPECIFIED.,.F.,.F.,(4,1,4),(0.000517355810572953,0.00752530711969505,
0.0145332584288171),.UNSPECIFIED.);
#517=B_SPLINE_CURVE_WITH_KNOTS('',3,(#10185,#10186,#10187,#10188,#10189),
 .UNSPECIFIED.,.F.,.F.,(4,1,4),(0.,0.00872410996340609,0.0174482199268122),
 .UNSPECIFIED.);
#518=B_SPLINE_CURVE_WITH_KNOTS('',3,(#10226,#10227,#10228,#10229,#10230,
#10231,#10232,#10233,#10234,#10235,#10236),.UNSPECIFIED.,.T.,.F.,(1,1,1,
1,1,1,1,1,1,1,1,1,1,1,1),(-0.00469813489066892,-0.00313208992711261,-0.00156604496355631,
0.,0.00156604496355631,0.00313208992711261,0.00469813489066892,0.00626417985422522,
0.00783022481778153,0.00939626978133783,0.0109623147448941,0.0125283597084504,
0.0140944046720067,0.0156604496355631,0.0172264945991194),.UNSPECIFIED.);
#519=B_SPLINE_CURVE_WITH_KNOTS('',3,(#10239,#10240,#10241,#10242,#10243,
#10244,#10245),.UNSPECIFIED.,.F.,.F.,(4,1,1,1,4),(0.617481246180426,0.691837674378414,
0.766194102576402,0.84055053077439,0.914906958972378),.UNSPECIFIED.);
#520=B_SPLINE_CURVE_WITH_KNOTS('',3,(#10255,#10256,#10257,#10258,#10259,
#10260,#10261,#10262,#10263,#10264,#10265),.UNSPECIFIED.,.T.,.F.,(1,1,1,
1,1,1,1,1,1,1,1,1,1,1,1),(-0.00469813489066895,-0.00313208992711263,-0.00156604496355632,
0.,0.00156604496355632,0.00313208992711264,0.00469813489066895,0.00626417985422527,
0.00783022481778159,0.00939626978133791,0.0109623147448942,0.0125283597084505,
0.0140944046720069,0.0156604496355632,0.0172264945991195),.UNSPECIFIED.);
#521=B_SPLINE_CURVE_WITH_KNOTS('',3,(#10268,#10269,#10270,#10271,#10272,
#10273,#10274),.UNSPECIFIED.,.F.,.F.,(4,1,1,1,4),(0.12507009939687,0.199264004355893,
0.273457909314917,0.347651814273941,0.421845719232964),.UNSPECIFIED.);
#522=B_SPLINE_CURVE_WITH_KNOTS('',3,(#10284,#10285,#10286,#10287,#10288,
#10289,#10290,#10291,#10292,#10293,#10294),.UNSPECIFIED.,.T.,.F.,(1,1,1,
1,1,1,1,1,1,1,1,1,1,1,1),(-0.00469832142145047,-0.00313221428096698,-0.00156610714048348,
1.73689052676049E-17,0.00156610714048351,0.00313221428096701,0.00469832142145051,
0.006264428561934,0.0078305357024175,0.009396642842901,0.0109627499833845,
0.012528857123868,0.0140949642643515,0.015661071404835,0.0172271785453185),
 .UNSPECIFIED.);
#523=B_SPLINE_CURVE_WITH_KNOTS('',3,(#10300,#10301,#10302,#10303,#10304,
#10305,#10306,#10307,#10308,#10309,#10310,#10311,#10312,#10313,#10314,#10315,
#10316,#10317,#10318,#10319),.UNSPECIFIED.,.F.,.F.,(4,1,1,1,1,1,1,1,1,1,
1,1,1,1,1,1,1,4),(0.772408804639878,0.822050432695117,0.871692060750357,
0.921333688805597,0.946154502833216,0.970975316860836,0.983385723874646,
0.989590927381551,0.995796130888456,0.998898732641908,1.00200133439536,
1.00820653790227,1.02061694491608,1.0454377589437,1.07025857297131,1.09507938699893,
1.11990020102655,1.16954182908179),.UNSPECIFIED.);
#524=B_SPLINE_CURVE_WITH_KNOTS('',3,(#10328,#10329,#10330,#10331,#10332,
#10333,#10334,#10335,#10336,#10337,#10338),.UNSPECIFIED.,.T.,.F.,(1,1,1,
1,1,1,1,1,1,1,1,1,1,1,1),(-0.00469832142145044,-0.00313221428096696,-0.00156610714048347,
1.04083408558608E-17,0.00156610714048349,0.00313221428096698,0.00469832142145046,
0.00626442856193394,0.00783053570241742,0.00939664284290091,0.0109627499833844,
0.0125288571238679,0.0140949642643514,0.0156610714048348,0.0172271785453183),
 .UNSPECIFIED.);
#525=B_SPLINE_CURVE_WITH_KNOTS('',3,(#10358,#10359,#10360,#10361),
 .UNSPECIFIED.,.F.,.F.,(4,4),(0.,1.),.UNSPECIFIED.);
#526=B_SPLINE_CURVE_WITH_KNOTS('',3,(#10363,#10364,#10365,#10366),
 .UNSPECIFIED.,.F.,.F.,(4,4),(0.,0.0839119025137861),.UNSPECIFIED.);
#527=B_SPLINE_CURVE_WITH_KNOTS('',3,(#10386,#10387,#10388,#10389),
 .UNSPECIFIED.,.F.,.F.,(4,4),(0.916185214097269,1.),.UNSPECIFIED.);
#528=B_SPLINE_CURVE_WITH_KNOTS('',3,(#10391,#10392,#10393,#10394),
 .UNSPECIFIED.,.F.,.F.,(4,4),(0.,1.),.UNSPECIFIED.);
#529=B_SPLINE_CURVE_WITH_KNOTS('',3,(#10406,#10407,#10408,#10409),
 .UNSPECIFIED.,.F.,.F.,(4,4),(0.,1.),.UNSPECIFIED.);
#530=B_SPLINE_CURVE_WITH_KNOTS('',3,(#10418,#10419,#10420,#10421,#10422),
 .UNSPECIFIED.,.F.,.F.,(4,1,4),(-5.99999999967366E-8,0.0057933531142396,
0.0115867662284792),.UNSPECIFIED.);
#531=B_SPLINE_CURVE_WITH_KNOTS('',3,(#10423,#10424,#10425,#10426,#10427,
#10428,#10429),.UNSPECIFIED.,.F.,.F.,(4,1,1,1,4),(-6.00000000019604E-8,
0.00489428239313322,0.00978862478626644,0.0146829671793997,0.0195773095725329),
 .UNSPECIFIED.);
#532=B_SPLINE_CURVE_WITH_KNOTS('',3,(#10438,#10439,#10440,#10441,#10442),
 .UNSPECIFIED.,.F.,.F.,(4,1,4),(-6.00000000323711E-8,0.0076206739874352,
0.0152414079748704),.UNSPECIFIED.);
#533=B_SPLINE_CURVE_WITH_KNOTS('',3,(#10444,#10445,#10446,#10447,#10448),
 .UNSPECIFIED.,.F.,.F.,(4,1,4),(0.,0.00766648227143321,0.0153329645428664),
 .UNSPECIFIED.);
#534=B_SPLINE_CURVE_WITH_KNOTS('',3,(#10450,#10451,#10452,#10453,#10454),
 .UNSPECIFIED.,.F.,.F.,(4,1,4),(0.00417862388814032,0.0129835145306385,
0.0217884051731368),.UNSPECIFIED.);
#535=B_SPLINE_CURVE_WITH_KNOTS('',3,(#10456,#10457,#10458,#10459),
 .UNSPECIFIED.,.F.,.F.,(4,4),(0.,8.85219361741949E-7),.UNSPECIFIED.);
#536=B_SPLINE_CURVE_WITH_KNOTS('',3,(#10463,#10464,#10465,#10466,#10467,
#10468,#10469,#10470,#10471,#10472,#10473),.UNSPECIFIED.,.F.,.F.,(4,1,1,
1,1,1,1,1,4),(-6.00000000119634E-8,0.00502554822472356,0.0100511564494471,
0.0150767646741707,0.0201023728988943,0.0251279811236179,0.0301535893483414,
0.035179197573065,0.0402048057977886),.UNSPECIFIED.);
#537=B_SPLINE_CURVE_WITH_KNOTS('',3,(#10477,#10478,#10479,#10480),
 .UNSPECIFIED.,.F.,.F.,(4,4),(0.,1.48622689248333E-6),.UNSPECIFIED.);
#538=B_SPLINE_CURVE_WITH_KNOTS('',3,(#10481,#10482,#10483,#10484),
 .UNSPECIFIED.,.F.,.F.,(4,4),(0.,1.48622689248334E-6),.UNSPECIFIED.);
#539=B_SPLINE_CURVE_WITH_KNOTS('',3,(#10494,#10495,#10496,#10497),
 .UNSPECIFIED.,.F.,.F.,(4,4),(0.,1.),.UNSPECIFIED.);
#540=B_SPLINE_CURVE_WITH_KNOTS('',3,(#10499,#10500,#10501,#10502),
 .UNSPECIFIED.,.F.,.F.,(4,4),(0.,0.0797742150464835),.UNSPECIFIED.);
#541=B_SPLINE_CURVE_WITH_KNOTS('',3,(#10505,#10506,#10507,#10508),
 .UNSPECIFIED.,.F.,.F.,(4,4),(0.,0.0258734159603736),.UNSPECIFIED.);
#542=B_SPLINE_CURVE_WITH_KNOTS('',3,(#10510,#10511,#10512,#10513),
 .UNSPECIFIED.,.F.,.F.,(4,4),(0.,0.00206821657416833),.UNSPECIFIED.);
#543=B_SPLINE_CURVE_WITH_KNOTS('',3,(#10515,#10516,#10517,#10518),
 .UNSPECIFIED.,.F.,.F.,(4,4),(0.,0.0813253555725446),.UNSPECIFIED.);
#544=B_SPLINE_CURVE_WITH_KNOTS('',3,(#10519,#10520,#10521,#10522),
 .UNSPECIFIED.,.F.,.F.,(4,4),(0.00401615978075564,0.00452538052225713),
 .UNSPECIFIED.);
#545=B_SPLINE_CURVE_WITH_KNOTS('',3,(#10538,#10539,#10540,#10541),
 .UNSPECIFIED.,.F.,.F.,(4,4),(0.919008175228636,1.),.UNSPECIFIED.);
#546=B_SPLINE_CURVE_WITH_KNOTS('',3,(#10543,#10544,#10545,#10546),
 .UNSPECIFIED.,.F.,.F.,(4,4),(0.,1.),.UNSPECIFIED.);
#547=B_SPLINE_CURVE_WITH_KNOTS('',3,(#10565,#10566,#10567,#10568),
 .UNSPECIFIED.,.F.,.F.,(4,4),(0.919280807711915,1.),.UNSPECIFIED.);
#548=B_SPLINE_CURVE_WITH_KNOTS('',3,(#10570,#10571,#10572,#10573),
 .UNSPECIFIED.,.F.,.F.,(4,4),(0.,1.),.UNSPECIFIED.);
#549=B_SPLINE_CURVE_WITH_KNOTS('',3,(#10589,#10590,#10591,#10592,#10593,
#10594,#10595,#10596,#10597,#10598,#10599),.UNSPECIFIED.,.F.,.F.,(4,1,1,
1,1,1,1,1,4),(2.38524477946811E-18,0.0021004915311239,0.00420098306224781,
0.00630147459337171,0.00840196612449561,0.0105024576556195,0.0126029491867434,
0.0147034407178673,0.0168039322489912),.UNSPECIFIED.);
#550=B_SPLINE_CURVE_WITH_KNOTS('',3,(#10610,#10611,#10612,#10613,#10614,
#10615,#10616,#10617,#10618,#10619,#10620),.UNSPECIFIED.,.T.,.F.,(1,1,1,
1,1,1,1,1,1,1,1,1,1,1,1),(-0.00469832142145041,-0.00313221428096694,-0.00156610714048347,
0.,0.00156610714048347,0.00313221428096694,0.00469832142145041,0.00626442856193388,
0.00783053570241735,0.00939664284290082,0.0109627499833843,0.0125288571238678,
0.0140949642643512,0.0156610714048347,0.0172271785453182),.UNSPECIFIED.);
#551=B_SPLINE_CURVE_WITH_KNOTS('',3,(#10623,#10624,#10625,#10626,#10627,
#10628,#10629),.UNSPECIFIED.,.F.,.F.,(4,1,1,1,4),(0.124116429426255,0.198294786966826,
0.272473144507397,0.346651502047969,0.42082985958854),.UNSPECIFIED.);
#552=B_SPLINE_CURVE_WITH_KNOTS('',3,(#10635,#10636,#10637,#10638,#10639,
#10640,#10641,#10642,#10643,#10644,#10645),.UNSPECIFIED.,.T.,.F.,(1,1,1,
1,1,1,1,1,1,1,1,1,1,1,1),(-0.00469813489066888,-0.00313208992711259,-0.00156604496355629,
0.,0.00156604496355629,0.00313208992711259,0.00469813489066888,0.00626417985422518,
0.00783022481778147,0.00939626978133776,0.0109623147448941,0.0125283597084504,
0.0140944046720066,0.0156604496355629,0.0172264945991192),.UNSPECIFIED.);
#553=B_SPLINE_CURVE_WITH_KNOTS('',3,(#10650,#10651,#10652,#10653,#10654,
#10655,#10656,#10657,#10658,#10659,#10660),.UNSPECIFIED.,.F.,.F.,(4,1,1,
1,1,1,1,1,4),(0.,0.00210050265725481,0.00420100531450962,0.00630150797176444,
0.00840201062901925,0.0105025132862741,0.0126030159435289,0.0147035186007837,
0.0168040212580385),.UNSPECIFIED.);
#554=B_SPLINE_CURVE_WITH_KNOTS('',3,(#10677,#10678,#10679,#10680),
 .UNSPECIFIED.,.F.,.F.,(4,4),(-0.00209903304797019,0.00288558814752021),
 .UNSPECIFIED.);
#555=B_SPLINE_CURVE_WITH_KNOTS('',3,(#10689,#10690,#10691,#10692),
 .UNSPECIFIED.,.F.,.F.,(4,4),(0.,0.000887736997889158),.UNSPECIFIED.);
#556=B_SPLINE_CURVE_WITH_KNOTS('',3,(#10694,#10695,#10696,#10697),
 .UNSPECIFIED.,.F.,.F.,(4,4),(0.,0.00445777185470901),.UNSPECIFIED.);
#557=B_SPLINE_CURVE_WITH_KNOTS('',3,(#10699,#10700,#10701,#10702),
 .UNSPECIFIED.,.F.,.F.,(4,4),(0.0173376303300308,0.0222857717620686),
 .UNSPECIFIED.);
#558=B_SPLINE_CURVE_WITH_KNOTS('',3,(#10706,#10707,#10708,#10709),
 .UNSPECIFIED.,.F.,.F.,(4,4),(0.00390408289952581,0.00709243157934099),
 .UNSPECIFIED.);
#559=B_SPLINE_CURVE_WITH_KNOTS('',3,(#10711,#10712,#10713,#10714),
 .UNSPECIFIED.,.F.,.F.,(4,4),(0.,0.00523782004045679),.UNSPECIFIED.);
#560=B_SPLINE_CURVE_WITH_KNOTS('',3,(#10725,#10726,#10727,#10728),
 .UNSPECIFIED.,.F.,.F.,(4,4),(1.51291857015543E-17,0.00120724027286536),
 .UNSPECIFIED.);
#561=B_SPLINE_CURVE_WITH_KNOTS('',3,(#10732,#10733,#10734,#10735,#10736,
#10737,#10738),.UNSPECIFIED.,.F.,.F.,(4,1,1,1,4),(0.,0.000622918104542128,
0.00124583620908426,0.00186875431362638,0.00249167241816851),
 .UNSPECIFIED.);
#562=B_SPLINE_CURVE_WITH_KNOTS('',3,(#10740,#10741,#10742,#10743,#10744),
 .UNSPECIFIED.,.F.,.F.,(4,1,4),(0.,0.00728594074901975,0.0145718814980395),
 .UNSPECIFIED.);
#563=B_SPLINE_CURVE_WITH_KNOTS('',3,(#10746,#10747,#10748,#10749,#10750,
#10751,#10752),.UNSPECIFIED.,.F.,.F.,(4,1,1,1,4),(7.152448122691E-18,0.00061297349261014,
0.00122594698522027,0.00183892047783041,0.00245189397044054),
 .UNSPECIFIED.);
#564=B_SPLINE_CURVE_WITH_KNOTS('',3,(#10756,#10757,#10758,#10759,#10760,
#10761),.UNSPECIFIED.,.F.,.F.,(4,1,1,4),(0.000477105153720547,0.00129583486984018,
0.00211456458595981,0.00375202401819908),.UNSPECIFIED.);
#565=B_SPLINE_CURVE_WITH_KNOTS('',3,(#10763,#10764,#10765,#10766,#10767,
#10768),.UNSPECIFIED.,.F.,.F.,(4,1,1,4),(0.,0.000975831358105052,0.0019516627162101,
0.00390332543242021),.UNSPECIFIED.);
#566=B_SPLINE_CURVE_WITH_KNOTS('',3,(#10774,#10775,#10776,#10777),
 .UNSPECIFIED.,.F.,.F.,(4,4),(7.152448122691E-18,0.00438639856332803),
 .UNSPECIFIED.);
#567=B_SPLINE_CURVE_WITH_KNOTS('',3,(#10780,#10781,#10782,#10783),
 .UNSPECIFIED.,.F.,.F.,(4,4),(0.,0.00402806086925723),.UNSPECIFIED.);
#568=B_SPLINE_CURVE_WITH_KNOTS('',3,(#10787,#10788,#10789,#10790),
 .UNSPECIFIED.,.F.,.F.,(4,4),(-0.00209903304797023,0.00288558814752832),
 .UNSPECIFIED.);
#569=B_SPLINE_CURVE_WITH_KNOTS('',3,(#10800,#10801,#10802,#10803),
 .UNSPECIFIED.,.F.,.F.,(4,4),(0.,0.004663175836965),.UNSPECIFIED.);
#570=B_SPLINE_CURVE_WITH_KNOTS('',3,(#10805,#10806,#10807,#10808),
 .UNSPECIFIED.,.F.,.F.,(4,4),(0.,0.00170385210386559),.UNSPECIFIED.);
#571=B_SPLINE_CURVE_WITH_KNOTS('',3,(#10815,#10816,#10817,#10818),
 .UNSPECIFIED.,.F.,.F.,(4,4),(0.0173376303300298,0.0222857717620672),
 .UNSPECIFIED.);
#572=B_SPLINE_CURVE_WITH_KNOTS('',3,(#10822,#10823,#10824,#10825),
 .UNSPECIFIED.,.F.,.F.,(4,4),(0.000490379634325904,0.000613587890022759),
 .UNSPECIFIED.);
#573=B_SPLINE_CURVE_WITH_KNOTS('',3,(#10827,#10828,#10829,#10830),
 .UNSPECIFIED.,.F.,.F.,(4,4),(0.,0.00104829342656749),.UNSPECIFIED.);
#574=B_SPLINE_CURVE_WITH_KNOTS('',3,(#10842,#10843,#10844,#10845,#10846,
#10847,#10848,#10849,#10850,#10851,#10852),.UNSPECIFIED.,.F.,.F.,(4,1,1,
1,1,1,1,1,4),(0.,0.00210024203270845,0.0042004840654169,0.00630072609812535,
0.00840096813083379,0.0105012101635422,0.0126014521962507,0.0147016942289591,
0.0168019362616676),.UNSPECIFIED.);
#575=B_SPLINE_CURVE_WITH_KNOTS('',3,(#10862,#10863,#10864,#10865,#10866,
#10867,#10868,#10869,#10870,#10871,#10872),.UNSPECIFIED.,.T.,.F.,(1,1,1,
1,1,1,1,1,1,1,1,1,1,1,1),(-0.00469774274292035,-0.00313182849528023,-0.00156591424764012,
0.,0.00156591424764012,0.00313182849528023,0.00469774274292035,0.00626365699056047,
0.00782957123820058,0.0093954854858407,0.0109613997334808,0.0125273139811209,
0.014093228228761,0.0156591424764012,0.0172250567240413),.UNSPECIFIED.);
#576=B_SPLINE_CURVE_WITH_KNOTS('',3,(#10908,#10909,#10910,#10911),
 .UNSPECIFIED.,.F.,.F.,(4,4),(0.,0.00123916051994823),.UNSPECIFIED.);
#577=B_SPLINE_CURVE_WITH_KNOTS('',3,(#10929,#10930,#10931,#10932),
 .UNSPECIFIED.,.F.,.F.,(4,4),(0.000974948398941912,0.00173947178409709),
 .UNSPECIFIED.);
#578=B_SPLINE_CURVE_WITH_KNOTS('',3,(#11243,#11244,#11245,#11246,#11247,
#11248),.UNSPECIFIED.,.F.,.F.,(4,1,1,4),(0.,0.00110274960772344,0.00220549921544688,
0.00441099843089375),.UNSPECIFIED.);
#579=B_SPLINE_CURVE_WITH_KNOTS('',3,(#11249,#11250,#11251,#11252,#11253,
#11254),.UNSPECIFIED.,.F.,.F.,(4,1,1,4),(0.,0.00219196033459115,0.00328794050188673,
0.0043839206691823),.UNSPECIFIED.);
#580=B_SPLINE_CURVE_WITH_KNOTS('',3,(#11427,#11428,#11429,#11430,#11431,
#11432),.UNSPECIFIED.,.F.,.F.,(4,1,1,4),(0.,0.00111321256982183,0.00222642513964366,
0.00445285027928733),.UNSPECIFIED.);
#581=B_SPLINE_CURVE_WITH_KNOTS('',3,(#11433,#11434,#11435,#11436,#11437,
#11438),.UNSPECIFIED.,.F.,.F.,(4,1,1,4),(0.,0.00217313157939705,0.00325969736909558,
0.0043462631587941),.UNSPECIFIED.);
#582=B_SPLINE_CURVE_WITH_KNOTS('',3,(#11440,#11441,#11442,#11443,#11444,
#11445),.UNSPECIFIED.,.F.,.F.,(4,1,1,4),(0.,0.00110217231270207,0.00220434462540414,
0.00440868925080828),.UNSPECIFIED.);
#583=B_SPLINE_CURVE_WITH_KNOTS('',3,(#11446,#11447,#11448,#11449,#11450,
#11451),.UNSPECIFIED.,.F.,.F.,(4,1,1,4),(0.,0.00219769208661946,0.00329653812992918,
0.00439538417323891),.UNSPECIFIED.);
#584=B_SPLINE_CURVE_WITH_KNOTS('',3,(#11456,#11457,#11458,#11459,#11460,
#11461),.UNSPECIFIED.,.F.,.F.,(4,1,1,4),(0.,0.00110217231270209,0.00220434462540419,
0.00440868925080837),.UNSPECIFIED.);
#585=B_SPLINE_CURVE_WITH_KNOTS('',3,(#11462,#11463,#11464,#11465,#11466,
#11467),.UNSPECIFIED.,.F.,.F.,(4,1,1,4),(0.,0.0021976920866194,0.0032965381299291,
0.0043953841732388),.UNSPECIFIED.);
#586=B_SPLINE_CURVE_WITH_KNOTS('',3,(#11469,#11470,#11471,#11472,#11473,
#11474),.UNSPECIFIED.,.F.,.F.,(4,1,1,4),(0.,0.00110217231270206,0.00220434462540413,
0.00440868925080826),.UNSPECIFIED.);
#587=B_SPLINE_CURVE_WITH_KNOTS('',3,(#11475,#11476,#11477,#11478,#11479,
#11480),.UNSPECIFIED.,.F.,.F.,(4,1,1,4),(0.,0.00219769208661943,0.00329653812992915,
0.00439538417323887),.UNSPECIFIED.);
#588=B_SPLINE_CURVE_WITH_KNOTS('',3,(#11655,#11656,#11657,#11658,#11659),
 .UNSPECIFIED.,.F.,.F.,(4,1,4),(0.,0.00187288514483361,0.00374577028966721),
 .UNSPECIFIED.);
#589=B_SPLINE_CURVE_WITH_KNOTS('',3,(#11660,#11661,#11662,#11663,#11664,
#11665),.UNSPECIFIED.,.F.,.F.,(4,1,1,4),(0.,0.0022103497580165,0.00331552463702475,
0.004420699516033),.UNSPECIFIED.);
#590=B_SPLINE_CURVE_WITH_KNOTS('',3,(#11836,#11837,#11838,#11839,#11840,
#11841),.UNSPECIFIED.,.F.,.F.,(4,1,1,4),(0.,0.00109579867501231,0.00219159735002463,
0.00438319470004926),.UNSPECIFIED.);
#591=B_SPLINE_CURVE_WITH_KNOTS('',3,(#11842,#11843,#11844,#11845,#11846,
#11847),.UNSPECIFIED.,.F.,.F.,(4,1,1,4),(0.,0.00220634050917124,0.00330951076375686,
0.00441268101834248),.UNSPECIFIED.);
#592=B_SPLINE_CURVE_WITH_KNOTS('',3,(#11849,#11850,#11851,#11852,#11853,
#11854),.UNSPECIFIED.,.F.,.F.,(4,1,1,4),(0.,0.00110400213009949,0.00220800426019899,
0.00441600852039797),.UNSPECIFIED.);
#593=B_SPLINE_CURVE_WITH_KNOTS('',3,(#11855,#11856,#11857,#11858,#11859,
#11860),.UNSPECIFIED.,.F.,.F.,(4,1,1,4),(0.,0.00219386682025013,0.00329080023037519,
0.00438773364050026),.UNSPECIFIED.);
#594=B_SPLINE_CURVE_WITH_KNOTS('',3,(#11862,#11863,#11864,#11865,#11866,
#11867),.UNSPECIFIED.,.F.,.F.,(4,1,1,4),(0.,0.00110217188117351,0.00220434376234701,
0.00440868752469402),.UNSPECIFIED.);
#595=B_SPLINE_CURVE_WITH_KNOTS('',3,(#11868,#11869,#11870,#11871,#11872,
#11873),.UNSPECIFIED.,.F.,.F.,(4,1,1,4),(0.,0.0021976921267498,0.00329653819012469,
0.00439538425349959),.UNSPECIFIED.);
#596=B_SPLINE_CURVE_WITH_KNOTS('',3,(#11886,#11887,#11888,#11889),
 .UNSPECIFIED.,.F.,.F.,(4,4),(0.,1.),.UNSPECIFIED.);
#597=B_SPLINE_CURVE_WITH_KNOTS('',3,(#11892,#11893,#11894,#11895),
 .UNSPECIFIED.,.F.,.F.,(4,4),(7.41450036287819E-15,0.000681955851240645),
 .UNSPECIFIED.);
#598=B_SPLINE_CURVE_WITH_KNOTS('',3,(#11898,#11899,#11900,#11901,#11902,
#11903,#11904),.UNSPECIFIED.,.F.,.F.,(4,1,1,1,4),(0.,0.00143881683764321,
0.00287763367528642,0.00431645051292963,0.00575526735057284),
 .UNSPECIFIED.);
#599=B_SPLINE_CURVE_WITH_KNOTS('',3,(#11910,#11911,#11912,#11913,#11914),
 .UNSPECIFIED.,.F.,.F.,(4,1,4),(0.,0.00229811967529998,0.00459623935059996),
 .UNSPECIFIED.);
#600=B_SPLINE_CURVE_WITH_KNOTS('',3,(#11917,#11918,#11919,#11920,#11921),
 .UNSPECIFIED.,.F.,.F.,(4,1,4),(0.,0.00163511848470674,0.00327023696941348),
 .UNSPECIFIED.);
#601=B_SPLINE_CURVE_WITH_KNOTS('',3,(#11923,#11924,#11925,#11926,#11927,
#11928,#11929,#11930,#11931),.UNSPECIFIED.,.F.,.F.,(4,1,1,1,1,1,4),(1.78811203067275E-17,
0.000750590568108472,0.00150118113621693,0.00187647642027115,0.00225177170432538,
0.00262706698837961,0.00300236227243383),.UNSPECIFIED.);
#602=B_SPLINE_CURVE_WITH_KNOTS('',3,(#11934,#11935,#11936,#11937),
 .UNSPECIFIED.,.F.,.F.,(4,4),(0.,0.00465060369653144),.UNSPECIFIED.);
#603=B_SPLINE_CURVE_WITH_KNOTS('',3,(#11940,#11941,#11942,#11943,#11944,
#11945,#11946),.UNSPECIFIED.,.F.,.F.,(4,1,1,1,4),(0.,0.00122511205228648,
0.00245022410457296,0.00367533615685943,0.00490044820914591),
 .UNSPECIFIED.);
#604=B_SPLINE_CURVE_WITH_KNOTS('',3,(#11953,#11954,#11955,#11956),
 .UNSPECIFIED.,.F.,.F.,(4,4),(0.,0.000745434788747699),.UNSPECIFIED.);
#605=B_SPLINE_CURVE_WITH_KNOTS('',3,(#11959,#11960,#11961,#11962),
 .UNSPECIFIED.,.F.,.F.,(4,4),(2.08803689141487E-14,0.000749272588796475),
 .UNSPECIFIED.);
#606=B_SPLINE_CURVE_WITH_KNOTS('',3,(#11965,#11966,#11967,#11968,#11969,
#11970,#11971),.UNSPECIFIED.,.F.,.F.,(4,1,1,1,4),(1.38777878078145E-17,
0.000833225279912826,0.00166645055982564,0.00249967583973845,0.00333290111965126),
 .UNSPECIFIED.);
#607=B_SPLINE_CURVE_WITH_KNOTS('',3,(#11974,#11975,#11976,#11977,#11978),
 .UNSPECIFIED.,.F.,.F.,(4,1,4),(0.,0.00182849361561672,0.00365698723123345),
 .UNSPECIFIED.);
#608=B_SPLINE_CURVE_WITH_KNOTS('',3,(#11985,#11986,#11987,#11988,#11989),
 .UNSPECIFIED.,.F.,.F.,(4,1,4),(0.,0.00181571001981343,0.00363142003962686),
 .UNSPECIFIED.);
#609=B_SPLINE_CURVE_WITH_KNOTS('',3,(#11991,#11992,#11993,#11994,#11995,
#11996,#11997),.UNSPECIFIED.,.F.,.F.,(4,1,1,1,4),(0.,0.00100368880644147,
0.00200737761288295,0.00301106641932442,0.00401475522576589),
 .UNSPECIFIED.);
#610=B_SPLINE_CURVE_WITH_KNOTS('',3,(#12000,#12001,#12002,#12003,#12004),
 .UNSPECIFIED.,.F.,.F.,(4,1,4),(0.,0.00184431747627253,0.00368863495254507),
 .UNSPECIFIED.);
#611=B_SPLINE_CURVE_WITH_KNOTS('',3,(#12007,#12008,#12009,#12010,#12011),
 .UNSPECIFIED.,.F.,.F.,(4,1,4),(0.,0.00186476580755181,0.00372953161510362),
 .UNSPECIFIED.);
#612=B_SPLINE_CURVE_WITH_KNOTS('',3,(#12017,#12018,#12019,#12020),
 .UNSPECIFIED.,.F.,.F.,(4,4),(0.,0.00389261173999954),.UNSPECIFIED.);
#613=B_SPLINE_CURVE_WITH_KNOTS('',3,(#12075,#12076,#12077,#12078),
 .UNSPECIFIED.,.F.,.F.,(4,4),(0.,1.),.UNSPECIFIED.);
#614=B_SPLINE_CURVE_WITH_KNOTS('',3,(#12132,#12133,#12134,#12135,#12136),
 .UNSPECIFIED.,.F.,.F.,(4,1,4),(0.,0.00235433475720267,0.00470866951440534),
 .UNSPECIFIED.);
#615=B_SPLINE_CURVE_WITH_KNOTS('',3,(#12153,#12154,#12155,#12156),
 .UNSPECIFIED.,.F.,.F.,(4,4),(1.45619644588553E-13,6.15680783366911E-5),
 .UNSPECIFIED.);
#616=B_SPLINE_CURVE_WITH_KNOTS('',3,(#12158,#12159,#12160,#12161),
 .UNSPECIFIED.,.F.,.F.,(4,4),(0.,0.000378865511370166),.UNSPECIFIED.);
#617=B_SPLINE_CURVE_WITH_KNOTS('',3,(#12167,#12168,#12169,#12170,#12171),
 .UNSPECIFIED.,.F.,.F.,(4,1,4),(0.,0.00235587013320231,0.00471174026640462),
 .UNSPECIFIED.);
#618=B_SPLINE_CURVE_WITH_KNOTS('',3,(#12184,#12185,#12186,#12187),
 .UNSPECIFIED.,.F.,.F.,(4,4),(0.,0.00373044016168188),.UNSPECIFIED.);
#619=B_SPLINE_CURVE_WITH_KNOTS('',3,(#12189,#12190,#12191,#12192),
 .UNSPECIFIED.,.F.,.F.,(4,4),(0.00224753790304397,0.00346601970762038),
 .UNSPECIFIED.);
#620=B_SPLINE_CURVE_WITH_KNOTS('',3,(#12245,#12246,#12247,#12248,#12249,
#12250,#12251),.UNSPECIFIED.,.F.,.F.,(4,1,1,1,4),(1.94481689444619E-15,
0.00111029796358803,0.00222059592717412,0.00333089389076021,0.0044411918543463),
 .UNSPECIFIED.);
#621=B_SPLINE_CURVE_WITH_KNOTS('',3,(#12289,#12290,#12291,#12292,#12293),
 .UNSPECIFIED.,.F.,.F.,(4,1,4),(5.7085219551444E-15,0.00151744568862961,
0.00303489137725351),.UNSPECIFIED.);
#622=B_SPLINE_CURVE_WITH_KNOTS('',3,(#12295,#12296,#12297,#12298),
 .UNSPECIFIED.,.F.,.F.,(4,4),(0.,0.00348849417187959),.UNSPECIFIED.);
#623=B_SPLINE_CURVE_WITH_KNOTS('',3,(#12304,#12305,#12306,#12307,#12308),
 .UNSPECIFIED.,.F.,.F.,(4,1,4),(0.,0.00233392262987843,0.00466784525975686),
 .UNSPECIFIED.);
#624=B_SPLINE_CURVE_WITH_KNOTS('',3,(#12423,#12424,#12425,#12426,#12427),
 .UNSPECIFIED.,.F.,.F.,(4,1,4),(1.90819582357449E-17,0.00233169605941164,
0.00466339211882325),.UNSPECIFIED.);
#625=B_SPLINE_CURVE_WITH_KNOTS('',3,(#12453,#12454,#12455,#12456),
 .UNSPECIFIED.,.F.,.F.,(4,4),(0.0209871613866764,0.0217385989988804),
 .UNSPECIFIED.);
#626=B_SPLINE_CURVE_WITH_KNOTS('',3,(#12458,#12459,#12460,#12461),
 .UNSPECIFIED.,.F.,.F.,(4,4),(7.74433097009895E-17,0.0035396360969079),
 .UNSPECIFIED.);
#627=B_SPLINE_CURVE_WITH_KNOTS('',3,(#12511,#12512,#12513,#12514,#12515,
#12516),.UNSPECIFIED.,.F.,.F.,(4,1,1,4),(0.,0.00112419817517395,0.0022483963503479,
0.00449679270069581),.UNSPECIFIED.);
#628=B_SPLINE_CURVE_WITH_KNOTS('',3,(#12548,#12549,#12550,#12551,#12552,
#12553),.UNSPECIFIED.,.F.,.F.,(4,1,1,4),(7.75791922889773E-18,0.00287604619861585,
0.00431406929792377,0.00575209239723169),.UNSPECIFIED.);
#629=B_SPLINE_CURVE_WITH_KNOTS('',3,(#12669,#12670,#12671,#12672,#12673),
 .UNSPECIFIED.,.F.,.F.,(4,1,4),(0.,0.00149786808967614,0.00299573617935229),
 .UNSPECIFIED.);
#630=B_SPLINE_CURVE_WITH_KNOTS('',3,(#12686,#12687,#12688,#12689),
 .UNSPECIFIED.,.F.,.F.,(4,4),(0.,0.00024306513368147),.UNSPECIFIED.);
#631=B_SPLINE_CURVE_WITH_KNOTS('',3,(#12860,#12861,#12862,#12863),
 .UNSPECIFIED.,.F.,.F.,(4,4),(0.,0.00146986277486801),.UNSPECIFIED.);
#632=B_SPLINE_CURVE_WITH_KNOTS('',3,(#12879,#12880,#12881,#12882,#12883),
 .UNSPECIFIED.,.F.,.F.,(4,1,4),(1.94915308322811E-17,0.00180172239601549,
0.00360344479203095),.UNSPECIFIED.);
#633=B_SPLINE_CURVE_WITH_KNOTS('',3,(#13051,#13052,#13053,#13054),
 .UNSPECIFIED.,.F.,.F.,(4,4),(4.61661382114955E-17,0.00172235675476015),
 .UNSPECIFIED.);
#634=B_SPLINE_CURVE_WITH_KNOTS('',3,(#13193,#13194,#13195,#13196),
 .UNSPECIFIED.,.F.,.F.,(4,4),(0.,0.00116327821638888),.UNSPECIFIED.);
#635=B_SPLINE_CURVE_WITH_KNOTS('',3,(#13245,#13246,#13247,#13248),
 .UNSPECIFIED.,.F.,.F.,(4,4),(0.,0.00123221132057127),.UNSPECIFIED.);
#636=ORIENTED_EDGE('',*,*,#2084,.T.);
#637=ORIENTED_EDGE('',*,*,#2085,.T.);
#638=ORIENTED_EDGE('',*,*,#2086,.T.);
#639=ORIENTED_EDGE('',*,*,#2087,.T.);
#640=ORIENTED_EDGE('',*,*,#2088,.F.);
#641=ORIENTED_EDGE('',*,*,#2089,.T.);
#642=ORIENTED_EDGE('',*,*,#2090,.T.);
#643=ORIENTED_EDGE('',*,*,#2091,.T.);
#644=ORIENTED_EDGE('',*,*,#2092,.T.);
#645=ORIENTED_EDGE('',*,*,#2093,.T.);
#646=ORIENTED_EDGE('',*,*,#2094,.T.);
#647=ORIENTED_EDGE('',*,*,#2095,.T.);
#648=ORIENTED_EDGE('',*,*,#2096,.T.);
#649=ORIENTED_EDGE('',*,*,#2097,.T.);
#650=ORIENTED_EDGE('',*,*,#2098,.T.);
#651=ORIENTED_EDGE('',*,*,#2099,.T.);
#652=ORIENTED_EDGE('',*,*,#2100,.T.);
#653=ORIENTED_EDGE('',*,*,#2101,.T.);
#654=ORIENTED_EDGE('',*,*,#2102,.T.);
#655=ORIENTED_EDGE('',*,*,#2103,.T.);
#656=ORIENTED_EDGE('',*,*,#2104,.T.);
#657=ORIENTED_EDGE('',*,*,#2105,.T.);
#658=ORIENTED_EDGE('',*,*,#2106,.F.);
#659=ORIENTED_EDGE('',*,*,#2107,.F.);
#660=ORIENTED_EDGE('',*,*,#2108,.F.);
#661=ORIENTED_EDGE('',*,*,#2109,.F.);
#662=ORIENTED_EDGE('',*,*,#2110,.F.);
#663=ORIENTED_EDGE('',*,*,#2111,.T.);
#664=ORIENTED_EDGE('',*,*,#2112,.T.);
#665=ORIENTED_EDGE('',*,*,#2113,.T.);
#666=ORIENTED_EDGE('',*,*,#2114,.T.);
#667=ORIENTED_EDGE('',*,*,#2115,.F.);
#668=ORIENTED_EDGE('',*,*,#2116,.F.);
#669=ORIENTED_EDGE('',*,*,#2117,.F.);
#670=ORIENTED_EDGE('',*,*,#2118,.T.);
#671=ORIENTED_EDGE('',*,*,#2119,.F.);
#672=ORIENTED_EDGE('',*,*,#2120,.T.);
#673=ORIENTED_EDGE('',*,*,#2121,.T.);
#674=ORIENTED_EDGE('',*,*,#2122,.T.);
#675=ORIENTED_EDGE('',*,*,#2123,.T.);
#676=ORIENTED_EDGE('',*,*,#2124,.T.);
#677=ORIENTED_EDGE('',*,*,#2125,.T.);
#678=ORIENTED_EDGE('',*,*,#2126,.T.);
#679=ORIENTED_EDGE('',*,*,#2127,.F.);
#680=ORIENTED_EDGE('',*,*,#2119,.T.);
#681=ORIENTED_EDGE('',*,*,#2128,.T.);
#682=ORIENTED_EDGE('',*,*,#2129,.T.);
#683=ORIENTED_EDGE('',*,*,#2130,.F.);
#684=ORIENTED_EDGE('',*,*,#2131,.T.);
#685=ORIENTED_EDGE('',*,*,#2132,.T.);
#686=ORIENTED_EDGE('',*,*,#2133,.T.);
#687=ORIENTED_EDGE('',*,*,#2134,.T.);
#688=ORIENTED_EDGE('',*,*,#2135,.F.);
#689=ORIENTED_EDGE('',*,*,#2136,.T.);
#690=ORIENTED_EDGE('',*,*,#2137,.T.);
#691=ORIENTED_EDGE('',*,*,#2138,.T.);
#692=ORIENTED_EDGE('',*,*,#2139,.T.);
#693=ORIENTED_EDGE('',*,*,#2140,.F.);
#694=ORIENTED_EDGE('',*,*,#2141,.T.);
#695=ORIENTED_EDGE('',*,*,#2127,.T.);
#696=ORIENTED_EDGE('',*,*,#2142,.T.);
#697=ORIENTED_EDGE('',*,*,#2110,.T.);
#698=ORIENTED_EDGE('',*,*,#2143,.F.);
#699=ORIENTED_EDGE('',*,*,#2144,.F.);
#700=ORIENTED_EDGE('',*,*,#2145,.F.);
#701=ORIENTED_EDGE('',*,*,#2146,.T.);
#702=ORIENTED_EDGE('',*,*,#2147,.F.);
#703=ORIENTED_EDGE('',*,*,#2148,.F.);
#704=ORIENTED_EDGE('',*,*,#2094,.F.);
#705=ORIENTED_EDGE('',*,*,#2149,.T.);
#706=ORIENTED_EDGE('',*,*,#2150,.F.);
#707=ORIENTED_EDGE('',*,*,#2151,.T.);
#708=ORIENTED_EDGE('',*,*,#2152,.F.);
#709=ORIENTED_EDGE('',*,*,#2153,.F.);
#710=ORIENTED_EDGE('',*,*,#2154,.F.);
#711=ORIENTED_EDGE('',*,*,#2155,.F.);
#712=ORIENTED_EDGE('',*,*,#2156,.F.);
#713=ORIENTED_EDGE('',*,*,#2157,.T.);
#714=ORIENTED_EDGE('',*,*,#2158,.F.);
#715=ORIENTED_EDGE('',*,*,#2159,.T.);
#716=ORIENTED_EDGE('',*,*,#2160,.F.);
#717=ORIENTED_EDGE('',*,*,#2161,.F.);
#718=ORIENTED_EDGE('',*,*,#2162,.F.);
#719=ORIENTED_EDGE('',*,*,#2087,.F.);
#720=ORIENTED_EDGE('',*,*,#2086,.F.);
#721=ORIENTED_EDGE('',*,*,#2163,.T.);
#722=ORIENTED_EDGE('',*,*,#2164,.F.);
#723=ORIENTED_EDGE('',*,*,#2165,.T.);
#724=ORIENTED_EDGE('',*,*,#2166,.F.);
#725=ORIENTED_EDGE('',*,*,#2167,.F.);
#726=ORIENTED_EDGE('',*,*,#2139,.F.);
#727=ORIENTED_EDGE('',*,*,#2168,.T.);
#728=ORIENTED_EDGE('',*,*,#2169,.F.);
#729=ORIENTED_EDGE('',*,*,#2170,.T.);
#730=ORIENTED_EDGE('',*,*,#2171,.F.);
#731=ORIENTED_EDGE('',*,*,#2172,.F.);
#732=ORIENTED_EDGE('',*,*,#2173,.F.);
#733=ORIENTED_EDGE('',*,*,#2174,.T.);
#734=ORIENTED_EDGE('',*,*,#2175,.F.);
#735=ORIENTED_EDGE('',*,*,#2176,.T.);
#736=ORIENTED_EDGE('',*,*,#2131,.F.);
#737=ORIENTED_EDGE('',*,*,#2177,.F.);
#738=ORIENTED_EDGE('',*,*,#2178,.F.);
#739=ORIENTED_EDGE('',*,*,#2179,.T.);
#740=ORIENTED_EDGE('',*,*,#2180,.F.);
#741=ORIENTED_EDGE('',*,*,#2181,.T.);
#742=ORIENTED_EDGE('',*,*,#2182,.F.);
#743=ORIENTED_EDGE('',*,*,#2183,.F.);
#744=ORIENTED_EDGE('',*,*,#2184,.F.);
#745=ORIENTED_EDGE('',*,*,#2185,.F.);
#746=ORIENTED_EDGE('',*,*,#2186,.F.);
#747=ORIENTED_EDGE('',*,*,#2187,.T.);
#748=ORIENTED_EDGE('',*,*,#2188,.F.);
#749=ORIENTED_EDGE('',*,*,#2189,.T.);
#750=ORIENTED_EDGE('',*,*,#2190,.F.);
#751=ORIENTED_EDGE('',*,*,#2191,.F.);
#752=ORIENTED_EDGE('',*,*,#2192,.F.);
#753=ORIENTED_EDGE('',*,*,#2193,.F.);
#754=ORIENTED_EDGE('',*,*,#2194,.F.);
#755=ORIENTED_EDGE('',*,*,#2195,.F.);
#756=ORIENTED_EDGE('',*,*,#2196,.T.);
#757=ORIENTED_EDGE('',*,*,#2197,.F.);
#758=ORIENTED_EDGE('',*,*,#2198,.T.);
#759=ORIENTED_EDGE('',*,*,#2199,.F.);
#760=ORIENTED_EDGE('',*,*,#2200,.T.);
#761=ORIENTED_EDGE('',*,*,#2201,.T.);
#762=ORIENTED_EDGE('',*,*,#2150,.T.);
#763=ORIENTED_EDGE('',*,*,#2202,.T.);
#764=ORIENTED_EDGE('',*,*,#2203,.T.);
#765=ORIENTED_EDGE('',*,*,#2204,.T.);
#766=ORIENTED_EDGE('',*,*,#2205,.F.);
#767=ORIENTED_EDGE('',*,*,#2206,.T.);
#768=ORIENTED_EDGE('',*,*,#2207,.T.);
#769=ORIENTED_EDGE('',*,*,#2208,.F.);
#770=ORIENTED_EDGE('',*,*,#2209,.T.);
#771=ORIENTED_EDGE('',*,*,#2210,.T.);
#772=ORIENTED_EDGE('',*,*,#2211,.T.);
#773=ORIENTED_EDGE('',*,*,#2212,.F.);
#774=ORIENTED_EDGE('',*,*,#2213,.T.);
#775=ORIENTED_EDGE('',*,*,#2214,.T.);
#776=ORIENTED_EDGE('',*,*,#2215,.T.);
#777=ORIENTED_EDGE('',*,*,#2169,.T.);
#778=ORIENTED_EDGE('',*,*,#2216,.T.);
#779=ORIENTED_EDGE('',*,*,#2175,.T.);
#780=ORIENTED_EDGE('',*,*,#2217,.T.);
#781=ORIENTED_EDGE('',*,*,#2218,.T.);
#782=ORIENTED_EDGE('',*,*,#2219,.T.);
#783=ORIENTED_EDGE('',*,*,#2220,.T.);
#784=ORIENTED_EDGE('',*,*,#2221,.T.);
#785=ORIENTED_EDGE('',*,*,#2180,.T.);
#786=ORIENTED_EDGE('',*,*,#2222,.T.);
#787=ORIENTED_EDGE('',*,*,#2223,.T.);
#788=ORIENTED_EDGE('',*,*,#2224,.T.);
#789=ORIENTED_EDGE('',*,*,#2225,.T.);
#790=ORIENTED_EDGE('',*,*,#2226,.T.);
#791=ORIENTED_EDGE('',*,*,#2227,.T.);
#792=ORIENTED_EDGE('',*,*,#2228,.T.);
#793=ORIENTED_EDGE('',*,*,#2229,.T.);
#794=ORIENTED_EDGE('',*,*,#2230,.T.);
#795=ORIENTED_EDGE('',*,*,#2231,.T.);
#796=ORIENTED_EDGE('',*,*,#2232,.T.);
#797=ORIENTED_EDGE('',*,*,#2233,.T.);
#798=ORIENTED_EDGE('',*,*,#2234,.T.);
#799=ORIENTED_EDGE('',*,*,#2235,.T.);
#800=ORIENTED_EDGE('',*,*,#2145,.T.);
#801=ORIENTED_EDGE('',*,*,#2236,.T.);
#802=ORIENTED_EDGE('',*,*,#2237,.T.);
#803=ORIENTED_EDGE('',*,*,#2238,.T.);
#804=ORIENTED_EDGE('',*,*,#2239,.T.);
#805=ORIENTED_EDGE('',*,*,#2240,.T.);
#806=ORIENTED_EDGE('',*,*,#2241,.T.);
#807=ORIENTED_EDGE('',*,*,#2242,.T.);
#808=ORIENTED_EDGE('',*,*,#2243,.T.);
#809=ORIENTED_EDGE('',*,*,#2244,.T.);
#810=ORIENTED_EDGE('',*,*,#2245,.T.);
#811=ORIENTED_EDGE('',*,*,#2246,.T.);
#812=ORIENTED_EDGE('',*,*,#2247,.T.);
#813=ORIENTED_EDGE('',*,*,#2248,.T.);
#814=ORIENTED_EDGE('',*,*,#2249,.T.);
#815=ORIENTED_EDGE('',*,*,#2250,.T.);
#816=ORIENTED_EDGE('',*,*,#2251,.T.);
#817=ORIENTED_EDGE('',*,*,#2252,.T.);
#818=ORIENTED_EDGE('',*,*,#2253,.T.);
#819=ORIENTED_EDGE('',*,*,#2254,.T.);
#820=ORIENTED_EDGE('',*,*,#2255,.F.);
#821=ORIENTED_EDGE('',*,*,#2153,.T.);
#822=ORIENTED_EDGE('',*,*,#2160,.T.);
#823=ORIENTED_EDGE('',*,*,#2256,.T.);
#824=ORIENTED_EDGE('',*,*,#2257,.T.);
#825=ORIENTED_EDGE('',*,*,#2258,.T.);
#826=ORIENTED_EDGE('',*,*,#2259,.T.);
#827=ORIENTED_EDGE('',*,*,#2260,.T.);
#828=ORIENTED_EDGE('',*,*,#2261,.T.);
#829=ORIENTED_EDGE('',*,*,#2262,.T.);
#830=ORIENTED_EDGE('',*,*,#2206,.F.);
#831=ORIENTED_EDGE('',*,*,#2263,.F.);
#832=ORIENTED_EDGE('',*,*,#2264,.T.);
#833=ORIENTED_EDGE('',*,*,#2265,.T.);
#834=ORIENTED_EDGE('',*,*,#2266,.T.);
#835=ORIENTED_EDGE('',*,*,#2267,.T.);
#836=ORIENTED_EDGE('',*,*,#2268,.T.);
#837=ORIENTED_EDGE('',*,*,#2269,.F.);
#838=ORIENTED_EDGE('',*,*,#2152,.T.);
#839=ORIENTED_EDGE('',*,*,#2270,.T.);
#840=ORIENTED_EDGE('',*,*,#2271,.T.);
#841=ORIENTED_EDGE('',*,*,#2272,.T.);
#842=ORIENTED_EDGE('',*,*,#2273,.T.);
#843=ORIENTED_EDGE('',*,*,#2274,.F.);
#844=ORIENTED_EDGE('',*,*,#2275,.T.);
#845=ORIENTED_EDGE('',*,*,#2276,.F.);
#846=ORIENTED_EDGE('',*,*,#2277,.T.);
#847=ORIENTED_EDGE('',*,*,#2278,.T.);
#848=ORIENTED_EDGE('',*,*,#2279,.T.);
#849=ORIENTED_EDGE('',*,*,#2280,.F.);
#850=ORIENTED_EDGE('',*,*,#2143,.T.);
#851=ORIENTED_EDGE('',*,*,#2281,.T.);
#852=ORIENTED_EDGE('',*,*,#2282,.T.);
#853=ORIENTED_EDGE('',*,*,#2283,.T.);
#854=ORIENTED_EDGE('',*,*,#2284,.T.);
#855=ORIENTED_EDGE('',*,*,#2285,.F.);
#856=ORIENTED_EDGE('',*,*,#2286,.F.);
#857=ORIENTED_EDGE('',*,*,#2271,.F.);
#858=ORIENTED_EDGE('',*,*,#2287,.T.);
#859=ORIENTED_EDGE('',*,*,#2288,.T.);
#860=ORIENTED_EDGE('',*,*,#2289,.F.);
#861=ORIENTED_EDGE('',*,*,#2290,.T.);
#862=ORIENTED_EDGE('',*,*,#2291,.T.);
#863=ORIENTED_EDGE('',*,*,#2292,.T.);
#864=ORIENTED_EDGE('',*,*,#2293,.T.);
#865=ORIENTED_EDGE('',*,*,#2177,.T.);
#866=ORIENTED_EDGE('',*,*,#2294,.T.);
#867=ORIENTED_EDGE('',*,*,#2295,.T.);
#868=ORIENTED_EDGE('',*,*,#2296,.T.);
#869=ORIENTED_EDGE('',*,*,#2297,.T.);
#870=ORIENTED_EDGE('',*,*,#2298,.T.);
#871=ORIENTED_EDGE('',*,*,#2299,.T.);
#872=ORIENTED_EDGE('',*,*,#2172,.T.);
#873=ORIENTED_EDGE('',*,*,#2130,.T.);
#874=ORIENTED_EDGE('',*,*,#2300,.T.);
#875=ORIENTED_EDGE('',*,*,#2301,.T.);
#876=ORIENTED_EDGE('',*,*,#2302,.T.);
#877=ORIENTED_EDGE('',*,*,#2303,.T.);
#878=ORIENTED_EDGE('',*,*,#2304,.T.);
#879=ORIENTED_EDGE('',*,*,#2305,.T.);
#880=ORIENTED_EDGE('',*,*,#2306,.T.);
#881=ORIENTED_EDGE('',*,*,#2307,.T.);
#882=ORIENTED_EDGE('',*,*,#2308,.T.);
#883=ORIENTED_EDGE('',*,*,#2309,.T.);
#884=ORIENTED_EDGE('',*,*,#2310,.T.);
#885=ORIENTED_EDGE('',*,*,#2311,.T.);
#886=ORIENTED_EDGE('',*,*,#2312,.F.);
#887=ORIENTED_EDGE('',*,*,#2313,.F.);
#888=ORIENTED_EDGE('',*,*,#2314,.T.);
#889=ORIENTED_EDGE('',*,*,#2315,.T.);
#890=ORIENTED_EDGE('',*,*,#2316,.T.);
#891=ORIENTED_EDGE('',*,*,#2317,.T.);
#892=ORIENTED_EDGE('',*,*,#2318,.T.);
#893=ORIENTED_EDGE('',*,*,#2319,.T.);
#894=ORIENTED_EDGE('',*,*,#2320,.T.);
#895=ORIENTED_EDGE('',*,*,#2321,.T.);
#896=ORIENTED_EDGE('',*,*,#2322,.T.);
#897=ORIENTED_EDGE('',*,*,#2323,.T.);
#898=ORIENTED_EDGE('',*,*,#2324,.T.);
#899=ORIENTED_EDGE('',*,*,#2325,.T.);
#900=ORIENTED_EDGE('',*,*,#2326,.T.);
#901=ORIENTED_EDGE('',*,*,#2327,.T.);
#902=ORIENTED_EDGE('',*,*,#2328,.T.);
#903=ORIENTED_EDGE('',*,*,#2329,.F.);
#904=ORIENTED_EDGE('',*,*,#2330,.F.);
#905=ORIENTED_EDGE('',*,*,#2331,.T.);
#906=ORIENTED_EDGE('',*,*,#2332,.T.);
#907=ORIENTED_EDGE('',*,*,#2158,.T.);
#908=ORIENTED_EDGE('',*,*,#2333,.T.);
#909=ORIENTED_EDGE('',*,*,#2205,.T.);
#910=ORIENTED_EDGE('',*,*,#2334,.T.);
#911=ORIENTED_EDGE('',*,*,#2263,.T.);
#912=ORIENTED_EDGE('',*,*,#2208,.T.);
#913=ORIENTED_EDGE('',*,*,#2335,.T.);
#914=ORIENTED_EDGE('',*,*,#2117,.T.);
#915=ORIENTED_EDGE('',*,*,#2336,.T.);
#916=ORIENTED_EDGE('',*,*,#2337,.T.);
#917=ORIENTED_EDGE('',*,*,#2338,.T.);
#918=ORIENTED_EDGE('',*,*,#2339,.T.);
#919=ORIENTED_EDGE('',*,*,#2340,.T.);
#920=ORIENTED_EDGE('',*,*,#2341,.F.);
#921=ORIENTED_EDGE('',*,*,#2342,.T.);
#922=ORIENTED_EDGE('',*,*,#2343,.T.);
#923=ORIENTED_EDGE('',*,*,#2344,.T.);
#924=ORIENTED_EDGE('',*,*,#2345,.T.);
#925=ORIENTED_EDGE('',*,*,#2346,.T.);
#926=ORIENTED_EDGE('',*,*,#2347,.T.);
#927=ORIENTED_EDGE('',*,*,#2348,.T.);
#928=ORIENTED_EDGE('',*,*,#2349,.T.);
#929=ORIENTED_EDGE('',*,*,#2350,.T.);
#930=ORIENTED_EDGE('',*,*,#2351,.T.);
#931=ORIENTED_EDGE('',*,*,#2352,.T.);
#932=ORIENTED_EDGE('',*,*,#2353,.T.);
#933=ORIENTED_EDGE('',*,*,#2227,.F.);
#934=ORIENTED_EDGE('',*,*,#2354,.T.);
#935=ORIENTED_EDGE('',*,*,#2355,.T.);
#936=ORIENTED_EDGE('',*,*,#2356,.T.);
#937=ORIENTED_EDGE('',*,*,#2357,.F.);
#938=ORIENTED_EDGE('',*,*,#2147,.T.);
#939=ORIENTED_EDGE('',*,*,#2358,.T.);
#940=ORIENTED_EDGE('',*,*,#2359,.T.);
#941=ORIENTED_EDGE('',*,*,#2281,.F.);
#942=ORIENTED_EDGE('',*,*,#2360,.T.);
#943=ORIENTED_EDGE('',*,*,#2361,.T.);
#944=ORIENTED_EDGE('',*,*,#2362,.T.);
#945=ORIENTED_EDGE('',*,*,#2363,.T.);
#946=ORIENTED_EDGE('',*,*,#2364,.T.);
#947=ORIENTED_EDGE('',*,*,#2365,.T.);
#948=ORIENTED_EDGE('',*,*,#2366,.T.);
#949=ORIENTED_EDGE('',*,*,#2367,.T.);
#950=ORIENTED_EDGE('',*,*,#2368,.T.);
#951=ORIENTED_EDGE('',*,*,#2369,.T.);
#952=ORIENTED_EDGE('',*,*,#2370,.F.);
#953=ORIENTED_EDGE('',*,*,#2371,.F.);
#954=ORIENTED_EDGE('',*,*,#2372,.T.);
#955=ORIENTED_EDGE('',*,*,#2373,.F.);
#956=ORIENTED_EDGE('',*,*,#2374,.T.);
#957=ORIENTED_EDGE('',*,*,#2375,.T.);
#958=ORIENTED_EDGE('',*,*,#2184,.T.);
#959=ORIENTED_EDGE('',*,*,#2376,.T.);
#960=ORIENTED_EDGE('',*,*,#2377,.T.);
#961=ORIENTED_EDGE('',*,*,#2378,.T.);
#962=ORIENTED_EDGE('',*,*,#2379,.F.);
#963=ORIENTED_EDGE('',*,*,#2380,.T.);
#964=ORIENTED_EDGE('',*,*,#2088,.T.);
#965=ORIENTED_EDGE('',*,*,#2162,.T.);
#966=ORIENTED_EDGE('',*,*,#2381,.T.);
#967=ORIENTED_EDGE('',*,*,#2382,.T.);
#968=ORIENTED_EDGE('',*,*,#2383,.T.);
#969=ORIENTED_EDGE('',*,*,#2384,.T.);
#970=ORIENTED_EDGE('',*,*,#2385,.T.);
#971=ORIENTED_EDGE('',*,*,#2386,.F.);
#972=ORIENTED_EDGE('',*,*,#2192,.T.);
#973=ORIENTED_EDGE('',*,*,#2387,.T.);
#974=ORIENTED_EDGE('',*,*,#2388,.T.);
#975=ORIENTED_EDGE('',*,*,#2389,.T.);
#976=ORIENTED_EDGE('',*,*,#2193,.T.);
#977=ORIENTED_EDGE('',*,*,#2390,.T.);
#978=ORIENTED_EDGE('',*,*,#2386,.T.);
#979=ORIENTED_EDGE('',*,*,#2391,.T.);
#980=ORIENTED_EDGE('',*,*,#2392,.T.);
#981=ORIENTED_EDGE('',*,*,#2148,.T.);
#982=ORIENTED_EDGE('',*,*,#2269,.T.);
#983=ORIENTED_EDGE('',*,*,#2393,.T.);
#984=ORIENTED_EDGE('',*,*,#2097,.F.);
#985=ORIENTED_EDGE('',*,*,#2394,.T.);
#986=ORIENTED_EDGE('',*,*,#2095,.F.);
#987=ORIENTED_EDGE('',*,*,#2197,.T.);
#988=ORIENTED_EDGE('',*,*,#2395,.T.);
#989=ORIENTED_EDGE('',*,*,#2396,.T.);
#990=ORIENTED_EDGE('',*,*,#2397,.T.);
#991=ORIENTED_EDGE('',*,*,#2398,.T.);
#992=ORIENTED_EDGE('',*,*,#2399,.T.);
#993=ORIENTED_EDGE('',*,*,#2341,.T.);
#994=ORIENTED_EDGE('',*,*,#2400,.T.);
#995=ORIENTED_EDGE('',*,*,#2401,.T.);
#996=ORIENTED_EDGE('',*,*,#2402,.T.);
#997=ORIENTED_EDGE('',*,*,#2403,.T.);
#998=ORIENTED_EDGE('',*,*,#2387,.F.);
#999=ORIENTED_EDGE('',*,*,#2191,.T.);
#1000=ORIENTED_EDGE('',*,*,#2199,.T.);
#1001=ORIENTED_EDGE('',*,*,#2404,.T.);
#1002=ORIENTED_EDGE('',*,*,#2405,.T.);
#1003=ORIENTED_EDGE('',*,*,#2406,.T.);
#1004=ORIENTED_EDGE('',*,*,#2407,.T.);
#1005=ORIENTED_EDGE('',*,*,#2408,.T.);
#1006=ORIENTED_EDGE('',*,*,#2409,.T.);
#1007=ORIENTED_EDGE('',*,*,#2410,.T.);
#1008=ORIENTED_EDGE('',*,*,#2411,.T.);
#1009=ORIENTED_EDGE('',*,*,#2412,.T.);
#1010=ORIENTED_EDGE('',*,*,#2195,.T.);
#1011=ORIENTED_EDGE('',*,*,#2194,.T.);
#1012=ORIENTED_EDGE('',*,*,#2389,.F.);
#1013=ORIENTED_EDGE('',*,*,#2413,.T.);
#1014=ORIENTED_EDGE('',*,*,#2414,.T.);
#1015=ORIENTED_EDGE('',*,*,#2415,.T.);
#1016=ORIENTED_EDGE('',*,*,#2416,.T.);
#1017=ORIENTED_EDGE('',*,*,#2417,.T.);
#1018=ORIENTED_EDGE('',*,*,#2418,.T.);
#1019=ORIENTED_EDGE('',*,*,#2115,.T.);
#1020=ORIENTED_EDGE('',*,*,#2277,.F.);
#1021=ORIENTED_EDGE('',*,*,#2419,.F.);
#1022=ORIENTED_EDGE('',*,*,#2420,.T.);
#1023=ORIENTED_EDGE('',*,*,#2212,.T.);
#1024=ORIENTED_EDGE('',*,*,#2421,.T.);
#1025=ORIENTED_EDGE('',*,*,#2200,.F.);
#1026=ORIENTED_EDGE('',*,*,#2422,.T.);
#1027=ORIENTED_EDGE('',*,*,#2423,.T.);
#1028=ORIENTED_EDGE('',*,*,#2424,.T.);
#1029=ORIENTED_EDGE('',*,*,#2425,.T.);
#1030=ORIENTED_EDGE('',*,*,#2426,.T.);
#1031=ORIENTED_EDGE('',*,*,#2427,.T.);
#1032=ORIENTED_EDGE('',*,*,#2428,.T.);
#1033=ORIENTED_EDGE('',*,*,#2409,.F.);
#1034=ORIENTED_EDGE('',*,*,#2188,.T.);
#1035=ORIENTED_EDGE('',*,*,#2429,.T.);
#1036=ORIENTED_EDGE('',*,*,#2430,.T.);
#1037=ORIENTED_EDGE('',*,*,#2318,.F.);
#1038=ORIENTED_EDGE('',*,*,#2431,.T.);
#1039=ORIENTED_EDGE('',*,*,#2432,.T.);
#1040=ORIENTED_EDGE('',*,*,#2347,.F.);
#1041=ORIENTED_EDGE('',*,*,#2433,.T.);
#1042=ORIENTED_EDGE('',*,*,#2434,.T.);
#1043=ORIENTED_EDGE('',*,*,#2435,.T.);
#1044=ORIENTED_EDGE('',*,*,#2436,.T.);
#1045=ORIENTED_EDGE('',*,*,#2437,.T.);
#1046=ORIENTED_EDGE('',*,*,#2376,.F.);
#1047=ORIENTED_EDGE('',*,*,#2183,.T.);
#1048=ORIENTED_EDGE('',*,*,#2190,.T.);
#1049=ORIENTED_EDGE('',*,*,#2438,.T.);
#1050=ORIENTED_EDGE('',*,*,#2288,.F.);
#1051=ORIENTED_EDGE('',*,*,#2439,.T.);
#1052=ORIENTED_EDGE('',*,*,#2440,.T.);
#1053=ORIENTED_EDGE('',*,*,#2441,.T.);
#1054=ORIENTED_EDGE('',*,*,#2383,.F.);
#1055=ORIENTED_EDGE('',*,*,#2442,.T.);
#1056=ORIENTED_EDGE('',*,*,#2381,.F.);
#1057=ORIENTED_EDGE('',*,*,#2161,.T.);
#1058=ORIENTED_EDGE('',*,*,#2166,.T.);
#1059=ORIENTED_EDGE('',*,*,#2443,.T.);
#1060=ORIENTED_EDGE('',*,*,#2444,.T.);
#1061=ORIENTED_EDGE('',*,*,#2445,.F.);
#1062=ORIENTED_EDGE('',*,*,#2446,.F.);
#1063=ORIENTED_EDGE('',*,*,#2447,.T.);
#1064=ORIENTED_EDGE('',*,*,#2448,.T.);
#1065=ORIENTED_EDGE('',*,*,#2449,.T.);
#1066=ORIENTED_EDGE('',*,*,#2156,.T.);
#1067=ORIENTED_EDGE('',*,*,#2155,.T.);
#1068=ORIENTED_EDGE('',*,*,#2450,.F.);
#1069=ORIENTED_EDGE('',*,*,#2451,.T.);
#1070=ORIENTED_EDGE('',*,*,#2452,.T.);
#1071=ORIENTED_EDGE('',*,*,#2453,.T.);
#1072=ORIENTED_EDGE('',*,*,#2417,.F.);
#1073=ORIENTED_EDGE('',*,*,#2454,.T.);
#1074=ORIENTED_EDGE('',*,*,#2455,.T.);
#1075=ORIENTED_EDGE('',*,*,#2456,.T.);
#1076=ORIENTED_EDGE('',*,*,#2457,.T.);
#1077=ORIENTED_EDGE('',*,*,#2458,.F.);
#1078=ORIENTED_EDGE('',*,*,#2459,.T.);
#1079=ORIENTED_EDGE('',*,*,#2460,.T.);
#1080=ORIENTED_EDGE('',*,*,#2164,.T.);
#1081=ORIENTED_EDGE('',*,*,#2461,.T.);
#1082=ORIENTED_EDGE('',*,*,#2462,.T.);
#1083=ORIENTED_EDGE('',*,*,#2463,.T.);
#1084=ORIENTED_EDGE('',*,*,#2464,.T.);
#1085=ORIENTED_EDGE('',*,*,#2465,.T.);
#1086=ORIENTED_EDGE('',*,*,#2466,.T.);
#1087=ORIENTED_EDGE('',*,*,#2427,.F.);
#1088=ORIENTED_EDGE('',*,*,#2467,.T.);
#1089=ORIENTED_EDGE('',*,*,#2186,.T.);
#1090=ORIENTED_EDGE('',*,*,#2185,.T.);
#1091=ORIENTED_EDGE('',*,*,#2375,.F.);
#1092=ORIENTED_EDGE('',*,*,#2329,.T.);
#1093=ORIENTED_EDGE('',*,*,#2468,.T.);
#1094=ORIENTED_EDGE('',*,*,#2286,.T.);
#1095=ORIENTED_EDGE('',*,*,#2469,.F.);
#1096=ORIENTED_EDGE('',*,*,#2470,.T.);
#1097=ORIENTED_EDGE('',*,*,#2471,.F.);
#1098=ORIENTED_EDGE('',*,*,#2472,.T.);
#1099=ORIENTED_EDGE('',*,*,#2469,.T.);
#1100=ORIENTED_EDGE('',*,*,#2285,.T.);
#1101=ORIENTED_EDGE('',*,*,#2284,.F.);
#1102=ORIENTED_EDGE('',*,*,#2473,.T.);
#1103=ORIENTED_EDGE('',*,*,#2319,.F.);
#1104=ORIENTED_EDGE('',*,*,#2474,.F.);
#1105=ORIENTED_EDGE('',*,*,#2471,.T.);
#1106=ORIENTED_EDGE('',*,*,#2236,.F.);
#1107=ORIENTED_EDGE('',*,*,#2144,.T.);
#1108=ORIENTED_EDGE('',*,*,#2280,.T.);
#1109=ORIENTED_EDGE('',*,*,#2475,.T.);
#1110=ORIENTED_EDGE('',*,*,#2476,.T.);
#1111=ORIENTED_EDGE('',*,*,#2477,.T.);
#1112=ORIENTED_EDGE('',*,*,#2478,.T.);
#1113=ORIENTED_EDGE('',*,*,#2479,.T.);
#1114=ORIENTED_EDGE('',*,*,#2450,.T.);
#1115=ORIENTED_EDGE('',*,*,#2154,.T.);
#1116=ORIENTED_EDGE('',*,*,#2255,.T.);
#1117=ORIENTED_EDGE('',*,*,#2480,.T.);
#1118=ORIENTED_EDGE('',*,*,#2481,.T.);
#1119=ORIENTED_EDGE('',*,*,#2482,.F.);
#1120=ORIENTED_EDGE('',*,*,#2483,.F.);
#1121=ORIENTED_EDGE('',*,*,#2484,.T.);
#1122=ORIENTED_EDGE('',*,*,#2485,.T.);
#1123=ORIENTED_EDGE('',*,*,#2446,.T.);
#1124=ORIENTED_EDGE('',*,*,#2445,.T.);
#1125=ORIENTED_EDGE('',*,*,#2486,.T.);
#1126=ORIENTED_EDGE('',*,*,#2360,.F.);
#1127=ORIENTED_EDGE('',*,*,#2487,.T.);
#1128=ORIENTED_EDGE('',*,*,#2483,.T.);
#1129=ORIENTED_EDGE('',*,*,#2370,.T.);
#1130=ORIENTED_EDGE('',*,*,#2488,.T.);
#1131=ORIENTED_EDGE('',*,*,#2447,.F.);
#1132=ORIENTED_EDGE('',*,*,#2485,.F.);
#1133=ORIENTED_EDGE('',*,*,#2489,.F.);
#1134=ORIENTED_EDGE('',*,*,#2490,.T.);
#1135=ORIENTED_EDGE('',*,*,#2491,.T.);
#1136=ORIENTED_EDGE('',*,*,#2492,.T.);
#1137=ORIENTED_EDGE('',*,*,#2493,.T.);
#1138=ORIENTED_EDGE('',*,*,#2494,.F.);
#1139=ORIENTED_EDGE('',*,*,#2171,.T.);
#1140=ORIENTED_EDGE('',*,*,#2495,.T.);
#1141=ORIENTED_EDGE('',*,*,#2496,.T.);
#1142=ORIENTED_EDGE('',*,*,#2497,.T.);
#1143=ORIENTED_EDGE('',*,*,#2498,.T.);
#1144=ORIENTED_EDGE('',*,*,#2499,.T.);
#1145=ORIENTED_EDGE('',*,*,#2500,.T.);
#1146=ORIENTED_EDGE('',*,*,#2501,.T.);
#1147=ORIENTED_EDGE('',*,*,#2502,.T.);
#1148=ORIENTED_EDGE('',*,*,#2503,.T.);
#1149=ORIENTED_EDGE('',*,*,#2504,.T.);
#1150=ORIENTED_EDGE('',*,*,#2505,.T.);
#1151=ORIENTED_EDGE('',*,*,#2506,.T.);
#1152=ORIENTED_EDGE('',*,*,#2178,.T.);
#1153=ORIENTED_EDGE('',*,*,#2296,.F.);
#1154=ORIENTED_EDGE('',*,*,#2507,.T.);
#1155=ORIENTED_EDGE('',*,*,#2508,.T.);
#1156=ORIENTED_EDGE('',*,*,#2509,.T.);
#1157=ORIENTED_EDGE('',*,*,#2510,.T.);
#1158=ORIENTED_EDGE('',*,*,#2511,.T.);
#1159=ORIENTED_EDGE('',*,*,#2512,.T.);
#1160=ORIENTED_EDGE('',*,*,#2513,.T.);
#1161=ORIENTED_EDGE('',*,*,#2514,.T.);
#1162=ORIENTED_EDGE('',*,*,#2515,.T.);
#1163=ORIENTED_EDGE('',*,*,#2516,.T.);
#1164=ORIENTED_EDGE('',*,*,#2517,.T.);
#1165=ORIENTED_EDGE('',*,*,#2518,.T.);
#1166=ORIENTED_EDGE('',*,*,#2519,.T.);
#1167=ORIENTED_EDGE('',*,*,#2520,.T.);
#1168=ORIENTED_EDGE('',*,*,#2521,.T.);
#1169=ORIENTED_EDGE('',*,*,#2294,.F.);
#1170=ORIENTED_EDGE('',*,*,#2182,.T.);
#1171=ORIENTED_EDGE('',*,*,#2522,.T.);
#1172=ORIENTED_EDGE('',*,*,#2523,.T.);
#1173=ORIENTED_EDGE('',*,*,#2524,.T.);
#1174=ORIENTED_EDGE('',*,*,#2525,.T.);
#1175=ORIENTED_EDGE('',*,*,#2526,.T.);
#1176=ORIENTED_EDGE('',*,*,#2527,.T.);
#1177=ORIENTED_EDGE('',*,*,#2528,.T.);
#1178=ORIENTED_EDGE('',*,*,#2529,.T.);
#1179=ORIENTED_EDGE('',*,*,#2530,.T.);
#1180=ORIENTED_EDGE('',*,*,#2173,.T.);
#1181=ORIENTED_EDGE('',*,*,#2301,.F.);
#1182=ORIENTED_EDGE('',*,*,#2531,.T.);
#1183=ORIENTED_EDGE('',*,*,#2532,.T.);
#1184=ORIENTED_EDGE('',*,*,#2533,.T.);
#1185=ORIENTED_EDGE('',*,*,#2534,.T.);
#1186=ORIENTED_EDGE('',*,*,#2357,.T.);
#1187=ORIENTED_EDGE('',*,*,#2373,.T.);
#1188=ORIENTED_EDGE('',*,*,#2379,.T.);
#1189=ORIENTED_EDGE('',*,*,#2482,.T.);
#1190=ORIENTED_EDGE('',*,*,#2535,.F.);
#1191=ORIENTED_EDGE('',*,*,#2371,.T.);
#1192=ORIENTED_EDGE('',*,*,#2489,.T.);
#1193=ORIENTED_EDGE('',*,*,#2484,.F.);
#1194=ORIENTED_EDGE('',*,*,#2487,.F.);
#1195=ORIENTED_EDGE('',*,*,#2535,.T.);
#1196=ORIENTED_EDGE('',*,*,#2392,.F.);
#1197=ORIENTED_EDGE('',*,*,#2536,.F.);
#1198=ORIENTED_EDGE('',*,*,#2478,.F.);
#1199=ORIENTED_EDGE('',*,*,#2472,.F.);
#1200=ORIENTED_EDGE('',*,*,#2474,.T.);
#1201=ORIENTED_EDGE('',*,*,#2330,.T.);
#1202=ORIENTED_EDGE('',*,*,#2470,.F.);
#1203=ORIENTED_EDGE('',*,*,#2385,.F.);
#1204=ORIENTED_EDGE('',*,*,#2536,.T.);
#1205=ORIENTED_EDGE('',*,*,#2537,.F.);
#1206=ORIENTED_EDGE('',*,*,#2538,.T.);
#1207=ORIENTED_EDGE('',*,*,#2539,.T.);
#1208=ORIENTED_EDGE('',*,*,#2135,.T.);
#1209=ORIENTED_EDGE('',*,*,#2134,.F.);
#1210=ORIENTED_EDGE('',*,*,#2540,.T.);
#1211=ORIENTED_EDGE('',*,*,#2302,.F.);
#1212=ORIENTED_EDGE('',*,*,#2541,.F.);
#1213=ORIENTED_EDGE('',*,*,#2537,.T.);
#1214=ORIENTED_EDGE('',*,*,#2312,.T.);
#1215=ORIENTED_EDGE('',*,*,#2542,.T.);
#1216=ORIENTED_EDGE('',*,*,#2136,.F.);
#1217=ORIENTED_EDGE('',*,*,#2539,.F.);
#1218=ORIENTED_EDGE('',*,*,#2543,.F.);
#1219=ORIENTED_EDGE('',*,*,#2292,.F.);
#1220=ORIENTED_EDGE('',*,*,#2298,.F.);
#1221=ORIENTED_EDGE('',*,*,#2544,.F.);
#1222=ORIENTED_EDGE('',*,*,#2541,.T.);
#1223=ORIENTED_EDGE('',*,*,#2313,.T.);
#1224=ORIENTED_EDGE('',*,*,#2543,.T.);
#1225=ORIENTED_EDGE('',*,*,#2538,.F.);
#1226=ORIENTED_EDGE('',*,*,#2545,.F.);
#1227=ORIENTED_EDGE('',*,*,#2545,.T.);
#1228=ORIENTED_EDGE('',*,*,#2546,.T.);
#1229=ORIENTED_EDGE('',*,*,#2167,.T.);
#1230=ORIENTED_EDGE('',*,*,#2494,.T.);
#1231=ORIENTED_EDGE('',*,*,#2547,.T.);
#1232=ORIENTED_EDGE('',*,*,#2140,.T.);
#1233=ORIENTED_EDGE('',*,*,#2548,.T.);
#1234=ORIENTED_EDGE('',*,*,#2544,.T.);
#1235=ORIENTED_EDGE('',*,*,#2274,.T.);
#1236=ORIENTED_EDGE('',*,*,#2549,.T.);
#1237=ORIENTED_EDGE('',*,*,#2456,.F.);
#1238=ORIENTED_EDGE('',*,*,#2550,.T.);
#1239=ORIENTED_EDGE('',*,*,#2276,.T.);
#1240=ORIENTED_EDGE('',*,*,#2551,.T.);
#1241=ORIENTED_EDGE('',*,*,#2454,.F.);
#1242=ORIENTED_EDGE('',*,*,#2420,.F.);
#1243=ORIENTED_EDGE('',*,*,#2419,.T.);
#1244=ORIENTED_EDGE('',*,*,#2458,.T.);
#1245=ORIENTED_EDGE('',*,*,#2552,.T.);
#1246=ORIENTED_EDGE('',*,*,#2272,.F.);
#1247=ORIENTED_EDGE('',*,*,#2290,.F.);
#1248=ORIENTED_EDGE('',*,*,#2289,.T.);
#1249=ORIENTED_EDGE('',*,*,#2553,.T.);
#1250=ORIENTED_EDGE('',*,*,#2554,.T.);
#1251=ORIENTED_EDGE('',*,*,#2555,.T.);
#1252=ORIENTED_EDGE('',*,*,#2556,.T.);
#1253=ORIENTED_EDGE('',*,*,#2557,.T.);
#1254=ORIENTED_EDGE('',*,*,#2558,.T.);
#1255=ORIENTED_EDGE('',*,*,#2559,.T.);
#1256=ORIENTED_EDGE('',*,*,#2560,.T.);
#1257=ORIENTED_EDGE('',*,*,#2561,.T.);
#1258=ORIENTED_EDGE('',*,*,#2562,.T.);
#1259=ORIENTED_EDGE('',*,*,#2563,.T.);
#1260=ORIENTED_EDGE('',*,*,#2564,.T.);
#1261=ORIENTED_EDGE('',*,*,#2565,.T.);
#1262=ORIENTED_EDGE('',*,*,#2566,.T.);
#1263=ORIENTED_EDGE('',*,*,#2567,.T.);
#1264=ORIENTED_EDGE('',*,*,#2568,.T.);
#1265=ORIENTED_EDGE('',*,*,#2569,.T.);
#1266=ORIENTED_EDGE('',*,*,#2570,.T.);
#1267=ORIENTED_EDGE('',*,*,#2571,.T.);
#1268=ORIENTED_EDGE('',*,*,#2572,.T.);
#1269=ORIENTED_EDGE('',*,*,#2573,.T.);
#1270=ORIENTED_EDGE('',*,*,#2574,.T.);
#1271=ORIENTED_EDGE('',*,*,#2575,.T.);
#1272=ORIENTED_EDGE('',*,*,#2576,.T.);
#1273=ORIENTED_EDGE('',*,*,#2577,.T.);
#1274=ORIENTED_EDGE('',*,*,#2578,.F.);
#1275=ORIENTED_EDGE('',*,*,#2579,.T.);
#1276=ORIENTED_EDGE('',*,*,#2137,.F.);
#1277=ORIENTED_EDGE('',*,*,#2542,.F.);
#1278=ORIENTED_EDGE('',*,*,#2311,.F.);
#1279=ORIENTED_EDGE('',*,*,#2580,.F.);
#1280=ORIENTED_EDGE('',*,*,#2581,.T.);
#1281=ORIENTED_EDGE('',*,*,#2214,.F.);
#1282=ORIENTED_EDGE('',*,*,#2582,.T.);
#1283=ORIENTED_EDGE('',*,*,#2578,.T.);
#1284=ORIENTED_EDGE('',*,*,#2310,.F.);
#1285=ORIENTED_EDGE('',*,*,#2583,.F.);
#1286=ORIENTED_EDGE('',*,*,#2584,.T.);
#1287=ORIENTED_EDGE('',*,*,#2496,.F.);
#1288=ORIENTED_EDGE('',*,*,#2585,.T.);
#1289=ORIENTED_EDGE('',*,*,#2580,.T.);
#1290=ORIENTED_EDGE('',*,*,#2309,.F.);
#1291=ORIENTED_EDGE('',*,*,#2586,.F.);
#1292=ORIENTED_EDGE('',*,*,#2587,.T.);
#1293=ORIENTED_EDGE('',*,*,#2505,.F.);
#1294=ORIENTED_EDGE('',*,*,#2588,.T.);
#1295=ORIENTED_EDGE('',*,*,#2583,.T.);
#1296=ORIENTED_EDGE('',*,*,#2308,.F.);
#1297=ORIENTED_EDGE('',*,*,#2589,.F.);
#1298=ORIENTED_EDGE('',*,*,#2590,.T.);
#1299=ORIENTED_EDGE('',*,*,#2220,.F.);
#1300=ORIENTED_EDGE('',*,*,#2591,.T.);
#1301=ORIENTED_EDGE('',*,*,#2586,.T.);
#1302=ORIENTED_EDGE('',*,*,#2307,.F.);
#1303=ORIENTED_EDGE('',*,*,#2133,.F.);
#1304=ORIENTED_EDGE('',*,*,#2592,.T.);
#1305=ORIENTED_EDGE('',*,*,#2593,.F.);
#1306=ORIENTED_EDGE('',*,*,#2303,.F.);
#1307=ORIENTED_EDGE('',*,*,#2540,.F.);
#1308=ORIENTED_EDGE('',*,*,#2594,.F.);
#1309=ORIENTED_EDGE('',*,*,#2595,.T.);
#1310=ORIENTED_EDGE('',*,*,#2523,.F.);
#1311=ORIENTED_EDGE('',*,*,#2596,.T.);
#1312=ORIENTED_EDGE('',*,*,#2589,.T.);
#1313=ORIENTED_EDGE('',*,*,#2306,.F.);
#1314=ORIENTED_EDGE('',*,*,#2218,.F.);
#1315=ORIENTED_EDGE('',*,*,#2597,.T.);
#1316=ORIENTED_EDGE('',*,*,#2598,.F.);
#1317=ORIENTED_EDGE('',*,*,#2304,.F.);
#1318=ORIENTED_EDGE('',*,*,#2593,.T.);
#1319=ORIENTED_EDGE('',*,*,#2599,.T.);
#1320=ORIENTED_EDGE('',*,*,#2598,.T.);
#1321=ORIENTED_EDGE('',*,*,#2600,.T.);
#1322=ORIENTED_EDGE('',*,*,#2529,.F.);
#1323=ORIENTED_EDGE('',*,*,#2601,.T.);
#1324=ORIENTED_EDGE('',*,*,#2594,.T.);
#1325=ORIENTED_EDGE('',*,*,#2305,.F.);
#1326=ORIENTED_EDGE('',*,*,#2602,.F.);
#1327=ORIENTED_EDGE('',*,*,#2603,.T.);
#1328=ORIENTED_EDGE('',*,*,#2448,.F.);
#1329=ORIENTED_EDGE('',*,*,#2488,.F.);
#1330=ORIENTED_EDGE('',*,*,#2369,.F.);
#1331=ORIENTED_EDGE('',*,*,#2604,.F.);
#1332=ORIENTED_EDGE('',*,*,#2605,.T.);
#1333=ORIENTED_EDGE('',*,*,#2331,.F.);
#1334=ORIENTED_EDGE('',*,*,#2606,.T.);
#1335=ORIENTED_EDGE('',*,*,#2602,.T.);
#1336=ORIENTED_EDGE('',*,*,#2368,.F.);
#1337=ORIENTED_EDGE('',*,*,#2257,.F.);
#1338=ORIENTED_EDGE('',*,*,#2607,.T.);
#1339=ORIENTED_EDGE('',*,*,#2604,.T.);
#1340=ORIENTED_EDGE('',*,*,#2367,.F.);
#1341=ORIENTED_EDGE('',*,*,#2608,.F.);
#1342=ORIENTED_EDGE('',*,*,#2609,.T.);
#1343=ORIENTED_EDGE('',*,*,#2434,.F.);
#1344=ORIENTED_EDGE('',*,*,#2610,.T.);
#1345=ORIENTED_EDGE('',*,*,#2608,.T.);
#1346=ORIENTED_EDGE('',*,*,#2366,.F.);
#1347=ORIENTED_EDGE('',*,*,#2611,.F.);
#1348=ORIENTED_EDGE('',*,*,#2612,.T.);
#1349=ORIENTED_EDGE('',*,*,#2613,.F.);
#1350=ORIENTED_EDGE('',*,*,#2614,.T.);
#1351=ORIENTED_EDGE('',*,*,#2223,.F.);
#1352=ORIENTED_EDGE('',*,*,#2615,.T.);
#1353=ORIENTED_EDGE('',*,*,#2611,.T.);
#1354=ORIENTED_EDGE('',*,*,#2365,.F.);
#1355=ORIENTED_EDGE('',*,*,#2444,.F.);
#1356=ORIENTED_EDGE('',*,*,#2616,.T.);
#1357=ORIENTED_EDGE('',*,*,#2617,.F.);
#1358=ORIENTED_EDGE('',*,*,#2361,.F.);
#1359=ORIENTED_EDGE('',*,*,#2486,.F.);
#1360=ORIENTED_EDGE('',*,*,#2465,.F.);
#1361=ORIENTED_EDGE('',*,*,#2618,.T.);
#1362=ORIENTED_EDGE('',*,*,#2613,.T.);
#1363=ORIENTED_EDGE('',*,*,#2364,.F.);
#1364=ORIENTED_EDGE('',*,*,#2619,.F.);
#1365=ORIENTED_EDGE('',*,*,#2620,.T.);
#1366=ORIENTED_EDGE('',*,*,#2617,.T.);
#1367=ORIENTED_EDGE('',*,*,#2621,.T.);
#1368=ORIENTED_EDGE('',*,*,#2459,.F.);
#1369=ORIENTED_EDGE('',*,*,#2622,.T.);
#1370=ORIENTED_EDGE('',*,*,#2623,.F.);
#1371=ORIENTED_EDGE('',*,*,#2362,.F.);
#1372=ORIENTED_EDGE('',*,*,#2623,.T.);
#1373=ORIENTED_EDGE('',*,*,#2624,.T.);
#1374=ORIENTED_EDGE('',*,*,#2084,.F.);
#1375=ORIENTED_EDGE('',*,*,#2625,.T.);
#1376=ORIENTED_EDGE('',*,*,#2619,.T.);
#1377=ORIENTED_EDGE('',*,*,#2363,.F.);
#1378=ORIENTED_EDGE('',*,*,#2626,.F.);
#1379=ORIENTED_EDGE('',*,*,#2627,.T.);
#1380=ORIENTED_EDGE('',*,*,#2266,.F.);
#1381=ORIENTED_EDGE('',*,*,#2468,.F.);
#1382=ORIENTED_EDGE('',*,*,#2328,.F.);
#1383=ORIENTED_EDGE('',*,*,#2407,.F.);
#1384=ORIENTED_EDGE('',*,*,#2628,.T.);
#1385=ORIENTED_EDGE('',*,*,#2626,.T.);
#1386=ORIENTED_EDGE('',*,*,#2327,.F.);
#1387=ORIENTED_EDGE('',*,*,#2629,.F.);
#1388=ORIENTED_EDGE('',*,*,#2630,.T.);
#1389=ORIENTED_EDGE('',*,*,#2100,.F.);
#1390=ORIENTED_EDGE('',*,*,#2631,.T.);
#1391=ORIENTED_EDGE('',*,*,#2629,.T.);
#1392=ORIENTED_EDGE('',*,*,#2326,.F.);
#1393=ORIENTED_EDGE('',*,*,#2632,.F.);
#1394=ORIENTED_EDGE('',*,*,#2633,.T.);
#1395=ORIENTED_EDGE('',*,*,#2411,.F.);
#1396=ORIENTED_EDGE('',*,*,#2634,.T.);
#1397=ORIENTED_EDGE('',*,*,#2632,.T.);
#1398=ORIENTED_EDGE('',*,*,#2325,.F.);
#1399=ORIENTED_EDGE('',*,*,#2635,.F.);
#1400=ORIENTED_EDGE('',*,*,#2636,.T.);
#1401=ORIENTED_EDGE('',*,*,#2396,.F.);
#1402=ORIENTED_EDGE('',*,*,#2637,.T.);
#1403=ORIENTED_EDGE('',*,*,#2635,.T.);
#1404=ORIENTED_EDGE('',*,*,#2324,.F.);
#1405=ORIENTED_EDGE('',*,*,#2638,.F.);
#1406=ORIENTED_EDGE('',*,*,#2639,.T.);
#1407=ORIENTED_EDGE('',*,*,#2640,.F.);
#1408=ORIENTED_EDGE('',*,*,#2641,.T.);
#1409=ORIENTED_EDGE('',*,*,#2398,.F.);
#1410=ORIENTED_EDGE('',*,*,#2642,.T.);
#1411=ORIENTED_EDGE('',*,*,#2638,.T.);
#1412=ORIENTED_EDGE('',*,*,#2323,.F.);
#1413=ORIENTED_EDGE('',*,*,#2473,.F.);
#1414=ORIENTED_EDGE('',*,*,#2283,.F.);
#1415=ORIENTED_EDGE('',*,*,#2643,.F.);
#1416=ORIENTED_EDGE('',*,*,#2320,.F.);
#1417=ORIENTED_EDGE('',*,*,#2644,.F.);
#1418=ORIENTED_EDGE('',*,*,#2645,.T.);
#1419=ORIENTED_EDGE('',*,*,#2234,.F.);
#1420=ORIENTED_EDGE('',*,*,#2646,.T.);
#1421=ORIENTED_EDGE('',*,*,#2640,.T.);
#1422=ORIENTED_EDGE('',*,*,#2322,.F.);
#1423=ORIENTED_EDGE('',*,*,#2359,.F.);
#1424=ORIENTED_EDGE('',*,*,#2647,.T.);
#1425=ORIENTED_EDGE('',*,*,#2644,.T.);
#1426=ORIENTED_EDGE('',*,*,#2321,.F.);
#1427=ORIENTED_EDGE('',*,*,#2643,.T.);
#1428=ORIENTED_EDGE('',*,*,#2282,.F.);
#1429=ORIENTED_EDGE('',*,*,#2413,.F.);
#1430=ORIENTED_EDGE('',*,*,#2388,.F.);
#1431=ORIENTED_EDGE('',*,*,#2403,.F.);
#1432=ORIENTED_EDGE('',*,*,#2402,.F.);
#1433=ORIENTED_EDGE('',*,*,#2648,.T.);
#1434=ORIENTED_EDGE('',*,*,#2229,.F.);
#1435=ORIENTED_EDGE('',*,*,#2649,.T.);
#1436=ORIENTED_EDGE('',*,*,#2414,.F.);
#1437=ORIENTED_EDGE('',*,*,#2390,.F.);
#1438=ORIENTED_EDGE('',*,*,#2384,.F.);
#1439=ORIENTED_EDGE('',*,*,#2372,.F.);
#1440=ORIENTED_EDGE('',*,*,#2377,.F.);
#1441=ORIENTED_EDGE('',*,*,#2462,.F.);
#1442=ORIENTED_EDGE('',*,*,#2374,.F.);
#1443=ORIENTED_EDGE('',*,*,#2437,.F.);
#1444=ORIENTED_EDGE('',*,*,#2436,.F.);
#1445=ORIENTED_EDGE('',*,*,#2650,.T.);
#1446=ORIENTED_EDGE('',*,*,#2225,.F.);
#1447=ORIENTED_EDGE('',*,*,#2651,.T.);
#1448=ORIENTED_EDGE('',*,*,#2463,.F.);
#1449=ORIENTED_EDGE('',*,*,#2500,.F.);
#1450=ORIENTED_EDGE('',*,*,#2295,.F.);
#1451=ORIENTED_EDGE('',*,*,#2521,.F.);
#1452=ORIENTED_EDGE('',*,*,#2652,.T.);
#1453=ORIENTED_EDGE('',*,*,#2517,.F.);
#1454=ORIENTED_EDGE('',*,*,#2653,.T.);
#1455=ORIENTED_EDGE('',*,*,#2293,.F.);
#1456=ORIENTED_EDGE('',*,*,#2291,.F.);
#1457=ORIENTED_EDGE('',*,*,#2476,.F.);
#1458=ORIENTED_EDGE('',*,*,#2477,.F.);
#1459=ORIENTED_EDGE('',*,*,#2299,.F.);
#1460=ORIENTED_EDGE('',*,*,#2297,.F.);
#1461=ORIENTED_EDGE('',*,*,#2531,.F.);
#1462=ORIENTED_EDGE('',*,*,#2300,.F.);
#1463=ORIENTED_EDGE('',*,*,#2129,.F.);
#1464=ORIENTED_EDGE('',*,*,#2654,.T.);
#1465=ORIENTED_EDGE('',*,*,#2261,.F.);
#1466=ORIENTED_EDGE('',*,*,#2655,.T.);
#1467=ORIENTED_EDGE('',*,*,#2141,.F.);
#1468=ORIENTED_EDGE('',*,*,#2547,.F.);
#1469=ORIENTED_EDGE('',*,*,#2493,.F.);
#1470=ORIENTED_EDGE('',*,*,#2656,.T.);
#1471=ORIENTED_EDGE('',*,*,#2243,.F.);
#1472=ORIENTED_EDGE('',*,*,#2657,.T.);
#1473=ORIENTED_EDGE('',*,*,#2546,.F.);
#1474=ORIENTED_EDGE('',*,*,#2548,.F.);
#1475=ORIENTED_EDGE('',*,*,#2442,.F.);
#1476=ORIENTED_EDGE('',*,*,#2382,.F.);
#1477=ORIENTED_EDGE('',*,*,#2378,.F.);
#1478=ORIENTED_EDGE('',*,*,#2481,.F.);
#1479=ORIENTED_EDGE('',*,*,#2480,.F.);
#1480=ORIENTED_EDGE('',*,*,#2096,.F.);
#1481=ORIENTED_EDGE('',*,*,#2394,.F.);
#1482=ORIENTED_EDGE('',*,*,#2391,.F.);
#1483=ORIENTED_EDGE('',*,*,#2089,.F.);
#1484=ORIENTED_EDGE('',*,*,#2380,.F.);
#1485=ORIENTED_EDGE('',*,*,#2441,.F.);
#1486=ORIENTED_EDGE('',*,*,#2440,.F.);
#1487=ORIENTED_EDGE('',*,*,#2658,.T.);
#1488=ORIENTED_EDGE('',*,*,#2210,.F.);
#1489=ORIENTED_EDGE('',*,*,#2659,.T.);
#1490=ORIENTED_EDGE('',*,*,#2090,.F.);
#1491=ORIENTED_EDGE('',*,*,#2451,.F.);
#1492=ORIENTED_EDGE('',*,*,#2479,.F.);
#1493=ORIENTED_EDGE('',*,*,#2254,.F.);
#1494=ORIENTED_EDGE('',*,*,#2253,.F.);
#1495=ORIENTED_EDGE('',*,*,#2660,.T.);
#1496=ORIENTED_EDGE('',*,*,#2203,.F.);
#1497=ORIENTED_EDGE('',*,*,#2661,.T.);
#1498=ORIENTED_EDGE('',*,*,#2452,.F.);
#1499=ORIENTED_EDGE('',*,*,#2098,.F.);
#1500=ORIENTED_EDGE('',*,*,#2393,.F.);
#1501=ORIENTED_EDGE('',*,*,#2268,.F.);
#1502=ORIENTED_EDGE('',*,*,#2662,.T.);
#1503=ORIENTED_EDGE('',*,*,#2405,.F.);
#1504=ORIENTED_EDGE('',*,*,#2663,.T.);
#1505=ORIENTED_EDGE('',*,*,#2475,.F.);
#1506=ORIENTED_EDGE('',*,*,#2279,.F.);
#1507=ORIENTED_EDGE('',*,*,#2664,.T.);
#1508=ORIENTED_EDGE('',*,*,#2124,.F.);
#1509=ORIENTED_EDGE('',*,*,#2665,.T.);
#1510=ORIENTED_EDGE('',*,*,#2237,.F.);
#1511=ORIENTED_EDGE('',*,*,#2116,.T.);
#1512=ORIENTED_EDGE('',*,*,#2418,.F.);
#1513=ORIENTED_EDGE('',*,*,#2666,.F.);
#1514=ORIENTED_EDGE('',*,*,#2661,.F.);
#1515=ORIENTED_EDGE('',*,*,#2209,.F.);
#1516=ORIENTED_EDGE('',*,*,#2666,.T.);
#1517=ORIENTED_EDGE('',*,*,#2453,.F.);
#1518=ORIENTED_EDGE('',*,*,#2114,.F.);
#1519=ORIENTED_EDGE('',*,*,#2667,.T.);
#1520=ORIENTED_EDGE('',*,*,#2120,.F.);
#1521=ORIENTED_EDGE('',*,*,#2664,.F.);
#1522=ORIENTED_EDGE('',*,*,#2278,.F.);
#1523=ORIENTED_EDGE('',*,*,#2174,.F.);
#1524=ORIENTED_EDGE('',*,*,#2530,.F.);
#1525=ORIENTED_EDGE('',*,*,#2600,.F.);
#1526=ORIENTED_EDGE('',*,*,#2597,.F.);
#1527=ORIENTED_EDGE('',*,*,#2217,.F.);
#1528=ORIENTED_EDGE('',*,*,#2668,.T.);
#1529=ORIENTED_EDGE('',*,*,#2669,.T.);
#1530=ORIENTED_EDGE('',*,*,#2532,.F.);
#1531=ORIENTED_EDGE('',*,*,#2655,.F.);
#1532=ORIENTED_EDGE('',*,*,#2260,.F.);
#1533=ORIENTED_EDGE('',*,*,#2670,.T.);
#1534=ORIENTED_EDGE('',*,*,#2528,.F.);
#1535=ORIENTED_EDGE('',*,*,#2671,.T.);
#1536=ORIENTED_EDGE('',*,*,#2524,.F.);
#1537=ORIENTED_EDGE('',*,*,#2595,.F.);
#1538=ORIENTED_EDGE('',*,*,#2601,.F.);
#1539=ORIENTED_EDGE('',*,*,#2181,.F.);
#1540=ORIENTED_EDGE('',*,*,#2221,.F.);
#1541=ORIENTED_EDGE('',*,*,#2590,.F.);
#1542=ORIENTED_EDGE('',*,*,#2596,.F.);
#1543=ORIENTED_EDGE('',*,*,#2522,.F.);
#1544=ORIENTED_EDGE('',*,*,#2672,.T.);
#1545=ORIENTED_EDGE('',*,*,#2673,.T.);
#1546=ORIENTED_EDGE('',*,*,#2507,.F.);
#1547=ORIENTED_EDGE('',*,*,#2652,.F.);
#1548=ORIENTED_EDGE('',*,*,#2520,.F.);
#1549=ORIENTED_EDGE('',*,*,#2179,.F.);
#1550=ORIENTED_EDGE('',*,*,#2506,.F.);
#1551=ORIENTED_EDGE('',*,*,#2587,.F.);
#1552=ORIENTED_EDGE('',*,*,#2591,.F.);
#1553=ORIENTED_EDGE('',*,*,#2222,.F.);
#1554=ORIENTED_EDGE('',*,*,#2504,.F.);
#1555=ORIENTED_EDGE('',*,*,#2674,.T.);
#1556=ORIENTED_EDGE('',*,*,#2497,.F.);
#1557=ORIENTED_EDGE('',*,*,#2584,.F.);
#1558=ORIENTED_EDGE('',*,*,#2588,.F.);
#1559=ORIENTED_EDGE('',*,*,#2170,.F.);
#1560=ORIENTED_EDGE('',*,*,#2215,.F.);
#1561=ORIENTED_EDGE('',*,*,#2581,.F.);
#1562=ORIENTED_EDGE('',*,*,#2585,.F.);
#1563=ORIENTED_EDGE('',*,*,#2495,.F.);
#1564=ORIENTED_EDGE('',*,*,#2675,.T.);
#1565=ORIENTED_EDGE('',*,*,#2676,.T.);
#1566=ORIENTED_EDGE('',*,*,#2244,.F.);
#1567=ORIENTED_EDGE('',*,*,#2656,.F.);
#1568=ORIENTED_EDGE('',*,*,#2492,.F.);
#1569=ORIENTED_EDGE('',*,*,#2168,.F.);
#1570=ORIENTED_EDGE('',*,*,#2138,.F.);
#1571=ORIENTED_EDGE('',*,*,#2579,.F.);
#1572=ORIENTED_EDGE('',*,*,#2582,.F.);
#1573=ORIENTED_EDGE('',*,*,#2216,.F.);
#1574=ORIENTED_EDGE('',*,*,#2176,.F.);
#1575=ORIENTED_EDGE('',*,*,#2219,.F.);
#1576=ORIENTED_EDGE('',*,*,#2599,.F.);
#1577=ORIENTED_EDGE('',*,*,#2592,.F.);
#1578=ORIENTED_EDGE('',*,*,#2132,.F.);
#1579=ORIENTED_EDGE('',*,*,#2207,.F.);
#1580=ORIENTED_EDGE('',*,*,#2262,.F.);
#1581=ORIENTED_EDGE('',*,*,#2654,.F.);
#1582=ORIENTED_EDGE('',*,*,#2128,.F.);
#1583=ORIENTED_EDGE('',*,*,#2118,.F.);
#1584=ORIENTED_EDGE('',*,*,#2335,.F.);
#1585=ORIENTED_EDGE('',*,*,#2677,.T.);
#1586=ORIENTED_EDGE('',*,*,#2678,.T.);
#1587=ORIENTED_EDGE('',*,*,#2125,.F.);
#1588=ORIENTED_EDGE('',*,*,#2657,.F.);
#1589=ORIENTED_EDGE('',*,*,#2242,.F.);
#1590=ORIENTED_EDGE('',*,*,#2679,.T.);
#1591=ORIENTED_EDGE('',*,*,#2576,.F.);
#1592=ORIENTED_EDGE('',*,*,#2680,.T.);
#1593=ORIENTED_EDGE('',*,*,#2681,.T.);
#1594=ORIENTED_EDGE('',*,*,#2566,.F.);
#1595=ORIENTED_EDGE('',*,*,#2682,.T.);
#1596=ORIENTED_EDGE('',*,*,#2683,.T.);
#1597=ORIENTED_EDGE('',*,*,#2572,.F.);
#1598=ORIENTED_EDGE('',*,*,#2684,.T.);
#1599=ORIENTED_EDGE('',*,*,#2573,.F.);
#1600=ORIENTED_EDGE('',*,*,#2685,.T.);
#1601=ORIENTED_EDGE('',*,*,#2686,.T.);
#1602=ORIENTED_EDGE('',*,*,#2558,.F.);
#1603=ORIENTED_EDGE('',*,*,#2687,.T.);
#1604=ORIENTED_EDGE('',*,*,#2561,.F.);
#1605=ORIENTED_EDGE('',*,*,#2688,.T.);
#1606=ORIENTED_EDGE('',*,*,#2689,.T.);
#1607=ORIENTED_EDGE('',*,*,#2564,.F.);
#1608=ORIENTED_EDGE('',*,*,#2690,.T.);
#1609=ORIENTED_EDGE('',*,*,#2553,.F.);
#1610=ORIENTED_EDGE('',*,*,#2691,.T.);
#1611=ORIENTED_EDGE('',*,*,#2692,.T.);
#1612=ORIENTED_EDGE('',*,*,#2457,.F.);
#1613=ORIENTED_EDGE('',*,*,#2549,.F.);
#1614=ORIENTED_EDGE('',*,*,#2273,.F.);
#1615=ORIENTED_EDGE('',*,*,#2552,.F.);
#1616=ORIENTED_EDGE('',*,*,#2455,.F.);
#1617=ORIENTED_EDGE('',*,*,#2551,.F.);
#1618=ORIENTED_EDGE('',*,*,#2275,.F.);
#1619=ORIENTED_EDGE('',*,*,#2550,.F.);
#1620=ORIENTED_EDGE('',*,*,#2151,.F.);
#1621=ORIENTED_EDGE('',*,*,#2201,.F.);
#1622=ORIENTED_EDGE('',*,*,#2693,.F.);
#1623=ORIENTED_EDGE('',*,*,#2270,.F.);
#1624=ORIENTED_EDGE('',*,*,#2693,.T.);
#1625=ORIENTED_EDGE('',*,*,#2421,.F.);
#1626=ORIENTED_EDGE('',*,*,#2694,.F.);
#1627=ORIENTED_EDGE('',*,*,#2287,.F.);
#1628=ORIENTED_EDGE('',*,*,#2658,.F.);
#1629=ORIENTED_EDGE('',*,*,#2439,.F.);
#1630=ORIENTED_EDGE('',*,*,#2694,.T.);
#1631=ORIENTED_EDGE('',*,*,#2211,.F.);
#1632=ORIENTED_EDGE('',*,*,#2607,.F.);
#1633=ORIENTED_EDGE('',*,*,#2256,.F.);
#1634=ORIENTED_EDGE('',*,*,#2159,.F.);
#1635=ORIENTED_EDGE('',*,*,#2332,.F.);
#1636=ORIENTED_EDGE('',*,*,#2605,.F.);
#1637=ORIENTED_EDGE('',*,*,#2252,.F.);
#1638=ORIENTED_EDGE('',*,*,#2695,.T.);
#1639=ORIENTED_EDGE('',*,*,#2696,.T.);
#1640=ORIENTED_EDGE('',*,*,#2697,.F.);
#1641=ORIENTED_EDGE('',*,*,#2204,.F.);
#1642=ORIENTED_EDGE('',*,*,#2660,.F.);
#1643=ORIENTED_EDGE('',*,*,#2698,.T.);
#1644=ORIENTED_EDGE('',*,*,#2699,.T.);
#1645=ORIENTED_EDGE('',*,*,#2264,.F.);
#1646=ORIENTED_EDGE('',*,*,#2334,.F.);
#1647=ORIENTED_EDGE('',*,*,#2697,.T.);
#1648=ORIENTED_EDGE('',*,*,#2700,.F.);
#1649=ORIENTED_EDGE('',*,*,#2701,.T.);
#1650=ORIENTED_EDGE('',*,*,#2702,.T.);
#1651=ORIENTED_EDGE('',*,*,#2248,.F.);
#1652=ORIENTED_EDGE('',*,*,#2609,.F.);
#1653=ORIENTED_EDGE('',*,*,#2610,.F.);
#1654=ORIENTED_EDGE('',*,*,#2433,.F.);
#1655=ORIENTED_EDGE('',*,*,#2346,.F.);
#1656=ORIENTED_EDGE('',*,*,#2703,.T.);
#1657=ORIENTED_EDGE('',*,*,#2704,.T.);
#1658=ORIENTED_EDGE('',*,*,#2700,.T.);
#1659=ORIENTED_EDGE('',*,*,#2606,.F.);
#1660=ORIENTED_EDGE('',*,*,#2333,.F.);
#1661=ORIENTED_EDGE('',*,*,#2157,.F.);
#1662=ORIENTED_EDGE('',*,*,#2449,.F.);
#1663=ORIENTED_EDGE('',*,*,#2603,.F.);
#1664=ORIENTED_EDGE('',*,*,#2616,.F.);
#1665=ORIENTED_EDGE('',*,*,#2443,.F.);
#1666=ORIENTED_EDGE('',*,*,#2165,.F.);
#1667=ORIENTED_EDGE('',*,*,#2460,.F.);
#1668=ORIENTED_EDGE('',*,*,#2621,.F.);
#1669=ORIENTED_EDGE('',*,*,#2622,.F.);
#1670=ORIENTED_EDGE('',*,*,#2461,.F.);
#1671=ORIENTED_EDGE('',*,*,#2163,.F.);
#1672=ORIENTED_EDGE('',*,*,#2085,.F.);
#1673=ORIENTED_EDGE('',*,*,#2624,.F.);
#1674=ORIENTED_EDGE('',*,*,#2618,.F.);
#1675=ORIENTED_EDGE('',*,*,#2464,.F.);
#1676=ORIENTED_EDGE('',*,*,#2651,.F.);
#1677=ORIENTED_EDGE('',*,*,#2224,.F.);
#1678=ORIENTED_EDGE('',*,*,#2614,.F.);
#1679=ORIENTED_EDGE('',*,*,#2187,.F.);
#1680=ORIENTED_EDGE('',*,*,#2467,.F.);
#1681=ORIENTED_EDGE('',*,*,#2705,.F.);
#1682=ORIENTED_EDGE('',*,*,#2429,.F.);
#1683=ORIENTED_EDGE('',*,*,#2705,.T.);
#1684=ORIENTED_EDGE('',*,*,#2426,.F.);
#1685=ORIENTED_EDGE('',*,*,#2706,.F.);
#1686=ORIENTED_EDGE('',*,*,#2430,.F.);
#1687=ORIENTED_EDGE('',*,*,#2425,.F.);
#1688=ORIENTED_EDGE('',*,*,#2707,.T.);
#1689=ORIENTED_EDGE('',*,*,#2314,.F.);
#1690=ORIENTED_EDGE('',*,*,#2706,.T.);
#1691=ORIENTED_EDGE('',*,*,#2615,.F.);
#1692=ORIENTED_EDGE('',*,*,#2226,.F.);
#1693=ORIENTED_EDGE('',*,*,#2650,.F.);
#1694=ORIENTED_EDGE('',*,*,#2435,.F.);
#1695=ORIENTED_EDGE('',*,*,#2612,.F.);
#1696=ORIENTED_EDGE('',*,*,#2189,.F.);
#1697=ORIENTED_EDGE('',*,*,#2432,.F.);
#1698=ORIENTED_EDGE('',*,*,#2708,.F.);
#1699=ORIENTED_EDGE('',*,*,#2438,.F.);
#1700=ORIENTED_EDGE('',*,*,#2708,.T.);
#1701=ORIENTED_EDGE('',*,*,#2431,.F.);
#1702=ORIENTED_EDGE('',*,*,#2709,.F.);
#1703=ORIENTED_EDGE('',*,*,#2348,.F.);
#1704=ORIENTED_EDGE('',*,*,#2317,.F.);
#1705=ORIENTED_EDGE('',*,*,#2710,.T.);
#1706=ORIENTED_EDGE('',*,*,#2711,.T.);
#1707=ORIENTED_EDGE('',*,*,#2342,.F.);
#1708=ORIENTED_EDGE('',*,*,#2709,.T.);
#1709=ORIENTED_EDGE('',*,*,#2123,.F.);
#1710=ORIENTED_EDGE('',*,*,#2712,.T.);
#1711=ORIENTED_EDGE('',*,*,#2713,.T.);
#1712=ORIENTED_EDGE('',*,*,#2714,.T.);
#1713=ORIENTED_EDGE('',*,*,#2238,.F.);
#1714=ORIENTED_EDGE('',*,*,#2665,.F.);
#1715=ORIENTED_EDGE('',*,*,#2146,.F.);
#1716=ORIENTED_EDGE('',*,*,#2235,.F.);
#1717=ORIENTED_EDGE('',*,*,#2645,.F.);
#1718=ORIENTED_EDGE('',*,*,#2647,.F.);
#1719=ORIENTED_EDGE('',*,*,#2358,.F.);
#1720=ORIENTED_EDGE('',*,*,#2662,.F.);
#1721=ORIENTED_EDGE('',*,*,#2267,.F.);
#1722=ORIENTED_EDGE('',*,*,#2627,.F.);
#1723=ORIENTED_EDGE('',*,*,#2628,.F.);
#1724=ORIENTED_EDGE('',*,*,#2406,.F.);
#1725=ORIENTED_EDGE('',*,*,#2663,.F.);
#1726=ORIENTED_EDGE('',*,*,#2408,.F.);
#1727=ORIENTED_EDGE('',*,*,#2630,.F.);
#1728=ORIENTED_EDGE('',*,*,#2631,.F.);
#1729=ORIENTED_EDGE('',*,*,#2099,.F.);
#1730=ORIENTED_EDGE('',*,*,#2149,.F.);
#1731=ORIENTED_EDGE('',*,*,#2093,.F.);
#1732=ORIENTED_EDGE('',*,*,#2715,.F.);
#1733=ORIENTED_EDGE('',*,*,#2202,.F.);
#1734=ORIENTED_EDGE('',*,*,#2715,.T.);
#1735=ORIENTED_EDGE('',*,*,#2092,.F.);
#1736=ORIENTED_EDGE('',*,*,#2716,.F.);
#1737=ORIENTED_EDGE('',*,*,#2422,.F.);
#1738=ORIENTED_EDGE('',*,*,#2659,.F.);
#1739=ORIENTED_EDGE('',*,*,#2213,.F.);
#1740=ORIENTED_EDGE('',*,*,#2716,.T.);
#1741=ORIENTED_EDGE('',*,*,#2091,.F.);
#1742=ORIENTED_EDGE('',*,*,#2634,.F.);
#1743=ORIENTED_EDGE('',*,*,#2410,.F.);
#1744=ORIENTED_EDGE('',*,*,#2717,.F.);
#1745=ORIENTED_EDGE('',*,*,#2101,.F.);
#1746=ORIENTED_EDGE('',*,*,#2633,.F.);
#1747=ORIENTED_EDGE('',*,*,#2717,.T.);
#1748=ORIENTED_EDGE('',*,*,#2428,.F.);
#1749=ORIENTED_EDGE('',*,*,#2718,.F.);
#1750=ORIENTED_EDGE('',*,*,#2102,.F.);
#1751=ORIENTED_EDGE('',*,*,#2625,.F.);
#1752=ORIENTED_EDGE('',*,*,#2103,.F.);
#1753=ORIENTED_EDGE('',*,*,#2718,.T.);
#1754=ORIENTED_EDGE('',*,*,#2466,.F.);
#1755=ORIENTED_EDGE('',*,*,#2620,.F.);
#1756=ORIENTED_EDGE('',*,*,#2719,.T.);
#1757=ORIENTED_EDGE('',*,*,#2720,.T.);
#1758=ORIENTED_EDGE('',*,*,#2721,.F.);
#1759=ORIENTED_EDGE('',*,*,#2399,.F.);
#1760=ORIENTED_EDGE('',*,*,#2641,.F.);
#1761=ORIENTED_EDGE('',*,*,#2646,.F.);
#1762=ORIENTED_EDGE('',*,*,#2233,.F.);
#1763=ORIENTED_EDGE('',*,*,#2722,.T.);
#1764=ORIENTED_EDGE('',*,*,#2723,.T.);
#1765=ORIENTED_EDGE('',*,*,#2336,.F.);
#1766=ORIENTED_EDGE('',*,*,#2721,.T.);
#1767=ORIENTED_EDGE('',*,*,#2196,.F.);
#1768=ORIENTED_EDGE('',*,*,#2412,.F.);
#1769=ORIENTED_EDGE('',*,*,#2636,.F.);
#1770=ORIENTED_EDGE('',*,*,#2637,.F.);
#1771=ORIENTED_EDGE('',*,*,#2395,.F.);
#1772=ORIENTED_EDGE('',*,*,#2649,.F.);
#1773=ORIENTED_EDGE('',*,*,#2228,.F.);
#1774=ORIENTED_EDGE('',*,*,#2724,.F.);
#1775=ORIENTED_EDGE('',*,*,#2415,.F.);
#1776=ORIENTED_EDGE('',*,*,#2724,.T.);
#1777=ORIENTED_EDGE('',*,*,#2353,.F.);
#1778=ORIENTED_EDGE('',*,*,#2725,.F.);
#1779=ORIENTED_EDGE('',*,*,#2416,.F.);
#1780=ORIENTED_EDGE('',*,*,#2352,.F.);
#1781=ORIENTED_EDGE('',*,*,#2726,.T.);
#1782=ORIENTED_EDGE('',*,*,#2423,.F.);
#1783=ORIENTED_EDGE('',*,*,#2725,.T.);
#1784=ORIENTED_EDGE('',*,*,#2198,.F.);
#1785=ORIENTED_EDGE('',*,*,#2397,.F.);
#1786=ORIENTED_EDGE('',*,*,#2639,.F.);
#1787=ORIENTED_EDGE('',*,*,#2642,.F.);
#1788=ORIENTED_EDGE('',*,*,#2404,.F.);
#1789=ORIENTED_EDGE('',*,*,#2648,.F.);
#1790=ORIENTED_EDGE('',*,*,#2401,.F.);
#1791=ORIENTED_EDGE('',*,*,#2727,.F.);
#1792=ORIENTED_EDGE('',*,*,#2230,.F.);
#1793=ORIENTED_EDGE('',*,*,#2727,.T.);
#1794=ORIENTED_EDGE('',*,*,#2400,.F.);
#1795=ORIENTED_EDGE('',*,*,#2728,.F.);
#1796=ORIENTED_EDGE('',*,*,#2354,.F.);
#1797=ORIENTED_EDGE('',*,*,#2340,.F.);
#1798=ORIENTED_EDGE('',*,*,#2729,.T.);
#1799=ORIENTED_EDGE('',*,*,#2355,.F.);
#1800=ORIENTED_EDGE('',*,*,#2728,.T.);
#1801=ORIENTED_EDGE('',*,*,#2713,.F.);
#1802=ORIENTED_EDGE('',*,*,#2730,.T.);
#1803=ORIENTED_EDGE('',*,*,#2570,.F.);
#1804=ORIENTED_EDGE('',*,*,#2731,.F.);
#1805=ORIENTED_EDGE('',*,*,#2731,.T.);
#1806=ORIENTED_EDGE('',*,*,#2686,.F.);
#1807=ORIENTED_EDGE('',*,*,#2732,.F.);
#1808=ORIENTED_EDGE('',*,*,#2714,.F.);
#1809=ORIENTED_EDGE('',*,*,#2732,.T.);
#1810=ORIENTED_EDGE('',*,*,#2685,.F.);
#1811=ORIENTED_EDGE('',*,*,#2733,.F.);
#1812=ORIENTED_EDGE('',*,*,#2239,.F.);
#1813=ORIENTED_EDGE('',*,*,#2733,.T.);
#1814=ORIENTED_EDGE('',*,*,#2577,.F.);
#1815=ORIENTED_EDGE('',*,*,#2734,.F.);
#1816=ORIENTED_EDGE('',*,*,#2231,.F.);
#1817=ORIENTED_EDGE('',*,*,#2734,.T.);
#1818=ORIENTED_EDGE('',*,*,#2683,.F.);
#1819=ORIENTED_EDGE('',*,*,#2735,.F.);
#1820=ORIENTED_EDGE('',*,*,#2232,.F.);
#1821=ORIENTED_EDGE('',*,*,#2735,.T.);
#1822=ORIENTED_EDGE('',*,*,#2682,.F.);
#1823=ORIENTED_EDGE('',*,*,#2736,.F.);
#1824=ORIENTED_EDGE('',*,*,#2719,.F.);
#1825=ORIENTED_EDGE('',*,*,#2736,.T.);
#1826=ORIENTED_EDGE('',*,*,#2569,.F.);
#1827=ORIENTED_EDGE('',*,*,#2737,.F.);
#1828=ORIENTED_EDGE('',*,*,#2720,.F.);
#1829=ORIENTED_EDGE('',*,*,#2568,.F.);
#1830=ORIENTED_EDGE('',*,*,#2738,.T.);
#1831=ORIENTED_EDGE('',*,*,#2722,.F.);
#1832=ORIENTED_EDGE('',*,*,#2737,.T.);
#1833=ORIENTED_EDGE('',*,*,#2739,.F.);
#1834=ORIENTED_EDGE('',*,*,#2696,.F.);
#1835=ORIENTED_EDGE('',*,*,#2740,.F.);
#1836=ORIENTED_EDGE('',*,*,#2555,.F.);
#1837=ORIENTED_EDGE('',*,*,#2741,.F.);
#1838=ORIENTED_EDGE('',*,*,#2698,.F.);
#1839=ORIENTED_EDGE('',*,*,#2739,.T.);
#1840=ORIENTED_EDGE('',*,*,#2742,.F.);
#1841=ORIENTED_EDGE('',*,*,#2740,.T.);
#1842=ORIENTED_EDGE('',*,*,#2695,.F.);
#1843=ORIENTED_EDGE('',*,*,#2743,.F.);
#1844=ORIENTED_EDGE('',*,*,#2691,.F.);
#1845=ORIENTED_EDGE('',*,*,#2741,.T.);
#1846=ORIENTED_EDGE('',*,*,#2554,.F.);
#1847=ORIENTED_EDGE('',*,*,#2744,.F.);
#1848=ORIENTED_EDGE('',*,*,#2265,.F.);
#1849=ORIENTED_EDGE('',*,*,#2699,.F.);
#1850=ORIENTED_EDGE('',*,*,#2742,.T.);
#1851=ORIENTED_EDGE('',*,*,#2743,.T.);
#1852=ORIENTED_EDGE('',*,*,#2251,.F.);
#1853=ORIENTED_EDGE('',*,*,#2745,.F.);
#1854=ORIENTED_EDGE('',*,*,#2692,.F.);
#1855=ORIENTED_EDGE('',*,*,#2744,.T.);
#1856=ORIENTED_EDGE('',*,*,#2690,.F.);
#1857=ORIENTED_EDGE('',*,*,#2746,.F.);
#1858=ORIENTED_EDGE('',*,*,#2258,.F.);
#1859=ORIENTED_EDGE('',*,*,#2745,.T.);
#1860=ORIENTED_EDGE('',*,*,#2250,.F.);
#1861=ORIENTED_EDGE('',*,*,#2747,.F.);
#1862=ORIENTED_EDGE('',*,*,#2565,.F.);
#1863=ORIENTED_EDGE('',*,*,#2746,.T.);
#1864=ORIENTED_EDGE('',*,*,#2563,.F.);
#1865=ORIENTED_EDGE('',*,*,#2748,.F.);
#1866=ORIENTED_EDGE('',*,*,#2259,.F.);
#1867=ORIENTED_EDGE('',*,*,#2747,.T.);
#1868=ORIENTED_EDGE('',*,*,#2249,.F.);
#1869=ORIENTED_EDGE('',*,*,#2749,.F.);
#1870=ORIENTED_EDGE('',*,*,#2688,.F.);
#1871=ORIENTED_EDGE('',*,*,#2748,.T.);
#1872=ORIENTED_EDGE('',*,*,#2562,.F.);
#1873=ORIENTED_EDGE('',*,*,#2750,.F.);
#1874=ORIENTED_EDGE('',*,*,#2670,.F.);
#1875=ORIENTED_EDGE('',*,*,#2749,.T.);
#1876=ORIENTED_EDGE('',*,*,#2702,.F.);
#1877=ORIENTED_EDGE('',*,*,#2751,.F.);
#1878=ORIENTED_EDGE('',*,*,#2689,.F.);
#1879=ORIENTED_EDGE('',*,*,#2750,.T.);
#1880=ORIENTED_EDGE('',*,*,#2687,.F.);
#1881=ORIENTED_EDGE('',*,*,#2752,.F.);
#1882=ORIENTED_EDGE('',*,*,#2668,.F.);
#1883=ORIENTED_EDGE('',*,*,#2751,.T.);
#1884=ORIENTED_EDGE('',*,*,#2701,.F.);
#1885=ORIENTED_EDGE('',*,*,#2753,.F.);
#1886=ORIENTED_EDGE('',*,*,#2559,.F.);
#1887=ORIENTED_EDGE('',*,*,#2752,.T.);
#1888=ORIENTED_EDGE('',*,*,#2557,.F.);
#1889=ORIENTED_EDGE('',*,*,#2754,.F.);
#1890=ORIENTED_EDGE('',*,*,#2669,.F.);
#1891=ORIENTED_EDGE('',*,*,#2704,.F.);
#1892=ORIENTED_EDGE('',*,*,#2755,.T.);
#1893=ORIENTED_EDGE('',*,*,#2560,.F.);
#1894=ORIENTED_EDGE('',*,*,#2753,.T.);
#1895=ORIENTED_EDGE('',*,*,#2556,.F.);
#1896=ORIENTED_EDGE('',*,*,#2756,.T.);
#1897=ORIENTED_EDGE('',*,*,#2525,.F.);
#1898=ORIENTED_EDGE('',*,*,#2754,.T.);
#1899=ORIENTED_EDGE('',*,*,#2757,.F.);
#1900=ORIENTED_EDGE('',*,*,#2758,.T.);
#1901=ORIENTED_EDGE('',*,*,#2533,.F.);
#1902=ORIENTED_EDGE('',*,*,#2356,.F.);
#1903=ORIENTED_EDGE('',*,*,#2502,.F.);
#1904=ORIENTED_EDGE('',*,*,#2759,.T.);
#1905=ORIENTED_EDGE('',*,*,#2757,.T.);
#1906=ORIENTED_EDGE('',*,*,#2729,.F.);
#1907=ORIENTED_EDGE('',*,*,#2760,.F.);
#1908=ORIENTED_EDGE('',*,*,#2760,.T.);
#1909=ORIENTED_EDGE('',*,*,#2339,.F.);
#1910=ORIENTED_EDGE('',*,*,#2761,.F.);
#1911=ORIENTED_EDGE('',*,*,#2503,.F.);
#1912=ORIENTED_EDGE('',*,*,#2761,.T.);
#1913=ORIENTED_EDGE('',*,*,#2338,.F.);
#1914=ORIENTED_EDGE('',*,*,#2762,.F.);
#1915=ORIENTED_EDGE('',*,*,#2674,.F.);
#1916=ORIENTED_EDGE('',*,*,#2762,.T.);
#1917=ORIENTED_EDGE('',*,*,#2337,.F.);
#1918=ORIENTED_EDGE('',*,*,#2763,.F.);
#1919=ORIENTED_EDGE('',*,*,#2498,.F.);
#1920=ORIENTED_EDGE('',*,*,#2763,.T.);
#1921=ORIENTED_EDGE('',*,*,#2723,.F.);
#1922=ORIENTED_EDGE('',*,*,#2764,.F.);
#1923=ORIENTED_EDGE('',*,*,#2499,.F.);
#1924=ORIENTED_EDGE('',*,*,#2764,.T.);
#1925=ORIENTED_EDGE('',*,*,#2738,.F.);
#1926=ORIENTED_EDGE('',*,*,#2765,.F.);
#1927=ORIENTED_EDGE('',*,*,#2765,.T.);
#1928=ORIENTED_EDGE('',*,*,#2567,.F.);
#1929=ORIENTED_EDGE('',*,*,#2766,.F.);
#1930=ORIENTED_EDGE('',*,*,#2490,.F.);
#1931=ORIENTED_EDGE('',*,*,#2766,.T.);
#1932=ORIENTED_EDGE('',*,*,#2681,.F.);
#1933=ORIENTED_EDGE('',*,*,#2767,.F.);
#1934=ORIENTED_EDGE('',*,*,#2491,.F.);
#1935=ORIENTED_EDGE('',*,*,#2767,.T.);
#1936=ORIENTED_EDGE('',*,*,#2680,.F.);
#1937=ORIENTED_EDGE('',*,*,#2768,.F.);
#1938=ORIENTED_EDGE('',*,*,#2675,.F.);
#1939=ORIENTED_EDGE('',*,*,#2768,.T.);
#1940=ORIENTED_EDGE('',*,*,#2575,.F.);
#1941=ORIENTED_EDGE('',*,*,#2769,.F.);
#1942=ORIENTED_EDGE('',*,*,#2676,.F.);
#1943=ORIENTED_EDGE('',*,*,#2769,.T.);
#1944=ORIENTED_EDGE('',*,*,#2574,.F.);
#1945=ORIENTED_EDGE('',*,*,#2770,.F.);
#1946=ORIENTED_EDGE('',*,*,#2245,.F.);
#1947=ORIENTED_EDGE('',*,*,#2770,.T.);
#1948=ORIENTED_EDGE('',*,*,#2684,.F.);
#1949=ORIENTED_EDGE('',*,*,#2771,.F.);
#1950=ORIENTED_EDGE('',*,*,#2246,.F.);
#1951=ORIENTED_EDGE('',*,*,#2771,.T.);
#1952=ORIENTED_EDGE('',*,*,#2571,.F.);
#1953=ORIENTED_EDGE('',*,*,#2772,.F.);
#1954=ORIENTED_EDGE('',*,*,#2247,.F.);
#1955=ORIENTED_EDGE('',*,*,#2772,.T.);
#1956=ORIENTED_EDGE('',*,*,#2730,.F.);
#1957=ORIENTED_EDGE('',*,*,#2773,.F.);
#1958=ORIENTED_EDGE('',*,*,#2773,.T.);
#1959=ORIENTED_EDGE('',*,*,#2712,.F.);
#1960=ORIENTED_EDGE('',*,*,#2774,.F.);
#1961=ORIENTED_EDGE('',*,*,#2240,.F.);
#1962=ORIENTED_EDGE('',*,*,#2774,.T.);
#1963=ORIENTED_EDGE('',*,*,#2122,.F.);
#1964=ORIENTED_EDGE('',*,*,#2775,.F.);
#1965=ORIENTED_EDGE('',*,*,#2241,.F.);
#1966=ORIENTED_EDGE('',*,*,#2775,.T.);
#1967=ORIENTED_EDGE('',*,*,#2121,.F.);
#1968=ORIENTED_EDGE('',*,*,#2776,.F.);
#1969=ORIENTED_EDGE('',*,*,#2679,.F.);
#1970=ORIENTED_EDGE('',*,*,#2667,.F.);
#1971=ORIENTED_EDGE('',*,*,#2113,.F.);
#1972=ORIENTED_EDGE('',*,*,#2777,.F.);
#1973=ORIENTED_EDGE('',*,*,#2677,.F.);
#1974=ORIENTED_EDGE('',*,*,#2776,.T.);
#1975=ORIENTED_EDGE('',*,*,#2777,.T.);
#1976=ORIENTED_EDGE('',*,*,#2112,.F.);
#1977=ORIENTED_EDGE('',*,*,#2778,.F.);
#1978=ORIENTED_EDGE('',*,*,#2678,.F.);
#1979=ORIENTED_EDGE('',*,*,#2778,.T.);
#1980=ORIENTED_EDGE('',*,*,#2111,.F.);
#1981=ORIENTED_EDGE('',*,*,#2142,.F.);
#1982=ORIENTED_EDGE('',*,*,#2126,.F.);
#1983=ORIENTED_EDGE('',*,*,#2779,.F.);
#1984=ORIENTED_EDGE('',*,*,#2756,.F.);
#1985=ORIENTED_EDGE('',*,*,#2755,.F.);
#1986=ORIENTED_EDGE('',*,*,#2779,.T.);
#1987=ORIENTED_EDGE('',*,*,#2703,.F.);
#1988=ORIENTED_EDGE('',*,*,#2780,.F.);
#1989=ORIENTED_EDGE('',*,*,#2526,.F.);
#1990=ORIENTED_EDGE('',*,*,#2780,.T.);
#1991=ORIENTED_EDGE('',*,*,#2345,.F.);
#1992=ORIENTED_EDGE('',*,*,#2781,.F.);
#1993=ORIENTED_EDGE('',*,*,#2527,.F.);
#1994=ORIENTED_EDGE('',*,*,#2781,.T.);
#1995=ORIENTED_EDGE('',*,*,#2344,.F.);
#1996=ORIENTED_EDGE('',*,*,#2782,.F.);
#1997=ORIENTED_EDGE('',*,*,#2671,.F.);
#1998=ORIENTED_EDGE('',*,*,#2782,.T.);
#1999=ORIENTED_EDGE('',*,*,#2343,.F.);
#2000=ORIENTED_EDGE('',*,*,#2783,.F.);
#2001=ORIENTED_EDGE('',*,*,#2518,.F.);
#2002=ORIENTED_EDGE('',*,*,#2783,.T.);
#2003=ORIENTED_EDGE('',*,*,#2711,.F.);
#2004=ORIENTED_EDGE('',*,*,#2784,.F.);
#2005=ORIENTED_EDGE('',*,*,#2519,.F.);
#2006=ORIENTED_EDGE('',*,*,#2784,.T.);
#2007=ORIENTED_EDGE('',*,*,#2710,.F.);
#2008=ORIENTED_EDGE('',*,*,#2785,.F.);
#2009=ORIENTED_EDGE('',*,*,#2672,.F.);
#2010=ORIENTED_EDGE('',*,*,#2316,.F.);
#2011=ORIENTED_EDGE('',*,*,#2786,.T.);
#2012=ORIENTED_EDGE('',*,*,#2673,.F.);
#2013=ORIENTED_EDGE('',*,*,#2785,.T.);
#2014=ORIENTED_EDGE('',*,*,#2653,.F.);
#2015=ORIENTED_EDGE('',*,*,#2516,.F.);
#2016=ORIENTED_EDGE('',*,*,#2787,.F.);
#2017=ORIENTED_EDGE('',*,*,#2501,.F.);
#2018=ORIENTED_EDGE('',*,*,#2787,.T.);
#2019=ORIENTED_EDGE('',*,*,#2515,.F.);
#2020=ORIENTED_EDGE('',*,*,#2788,.F.);
#2021=ORIENTED_EDGE('',*,*,#2759,.F.);
#2022=ORIENTED_EDGE('',*,*,#2514,.F.);
#2023=ORIENTED_EDGE('',*,*,#2789,.T.);
#2024=ORIENTED_EDGE('',*,*,#2349,.F.);
#2025=ORIENTED_EDGE('',*,*,#2534,.F.);
#2026=ORIENTED_EDGE('',*,*,#2758,.F.);
#2027=ORIENTED_EDGE('',*,*,#2788,.T.);
#2028=ORIENTED_EDGE('',*,*,#2105,.F.);
#2029=ORIENTED_EDGE('',*,*,#2790,.F.);
#2030=ORIENTED_EDGE('',*,*,#2791,.T.);
#2031=ORIENTED_EDGE('',*,*,#2792,.T.);
#2032=ORIENTED_EDGE('',*,*,#2104,.F.);
#2033=ORIENTED_EDGE('',*,*,#2793,.F.);
#2034=ORIENTED_EDGE('',*,*,#2794,.T.);
#2035=ORIENTED_EDGE('',*,*,#2790,.T.);
#2036=ORIENTED_EDGE('',*,*,#2109,.T.);
#2037=ORIENTED_EDGE('',*,*,#2795,.F.);
#2038=ORIENTED_EDGE('',*,*,#2796,.F.);
#2039=ORIENTED_EDGE('',*,*,#2793,.T.);
#2040=ORIENTED_EDGE('',*,*,#2108,.T.);
#2041=ORIENTED_EDGE('',*,*,#2797,.F.);
#2042=ORIENTED_EDGE('',*,*,#2798,.F.);
#2043=ORIENTED_EDGE('',*,*,#2795,.T.);
#2044=ORIENTED_EDGE('',*,*,#2107,.T.);
#2045=ORIENTED_EDGE('',*,*,#2799,.F.);
#2046=ORIENTED_EDGE('',*,*,#2800,.F.);
#2047=ORIENTED_EDGE('',*,*,#2797,.T.);
#2048=ORIENTED_EDGE('',*,*,#2106,.T.);
#2049=ORIENTED_EDGE('',*,*,#2792,.F.);
#2050=ORIENTED_EDGE('',*,*,#2801,.F.);
#2051=ORIENTED_EDGE('',*,*,#2799,.T.);
#2052=ORIENTED_EDGE('',*,*,#2791,.F.);
#2053=ORIENTED_EDGE('',*,*,#2794,.F.);
#2054=ORIENTED_EDGE('',*,*,#2796,.T.);
#2055=ORIENTED_EDGE('',*,*,#2798,.T.);
#2056=ORIENTED_EDGE('',*,*,#2800,.T.);
#2057=ORIENTED_EDGE('',*,*,#2801,.T.);
#2058=ORIENTED_EDGE('',*,*,#2350,.F.);
#2059=ORIENTED_EDGE('',*,*,#2789,.F.);
#2060=ORIENTED_EDGE('',*,*,#2802,.F.);
#2061=ORIENTED_EDGE('',*,*,#2802,.T.);
#2062=ORIENTED_EDGE('',*,*,#2513,.F.);
#2063=ORIENTED_EDGE('',*,*,#2803,.F.);
#2064=ORIENTED_EDGE('',*,*,#2351,.F.);
#2065=ORIENTED_EDGE('',*,*,#2803,.T.);
#2066=ORIENTED_EDGE('',*,*,#2512,.F.);
#2067=ORIENTED_EDGE('',*,*,#2804,.F.);
#2068=ORIENTED_EDGE('',*,*,#2726,.F.);
#2069=ORIENTED_EDGE('',*,*,#2804,.T.);
#2070=ORIENTED_EDGE('',*,*,#2511,.F.);
#2071=ORIENTED_EDGE('',*,*,#2805,.F.);
#2072=ORIENTED_EDGE('',*,*,#2424,.F.);
#2073=ORIENTED_EDGE('',*,*,#2805,.T.);
#2074=ORIENTED_EDGE('',*,*,#2510,.F.);
#2075=ORIENTED_EDGE('',*,*,#2806,.F.);
#2076=ORIENTED_EDGE('',*,*,#2707,.F.);
#2077=ORIENTED_EDGE('',*,*,#2806,.T.);
#2078=ORIENTED_EDGE('',*,*,#2509,.F.);
#2079=ORIENTED_EDGE('',*,*,#2807,.F.);
#2080=ORIENTED_EDGE('',*,*,#2315,.F.);
#2081=ORIENTED_EDGE('',*,*,#2508,.F.);
#2082=ORIENTED_EDGE('',*,*,#2786,.F.);
#2083=ORIENTED_EDGE('',*,*,#2807,.T.);
#2084=EDGE_CURVE('',#2808,#2809,#3278,.T.);
#2085=EDGE_CURVE('',#2809,#2810,#3279,.T.);
#2086=EDGE_CURVE('',#2810,#2811,#414,.T.);
#2087=EDGE_CURVE('',#2811,#2812,#415,.T.);
#2088=EDGE_CURVE('',#2813,#2812,#3280,.T.);
#2089=EDGE_CURVE('',#2813,#2814,#416,.T.);
#2090=EDGE_CURVE('',#2814,#2815,#417,.T.);
#2091=EDGE_CURVE('',#2815,#2816,#3281,.T.);
#2092=EDGE_CURVE('',#2816,#2817,#418,.T.);
#2093=EDGE_CURVE('',#2817,#2818,#3282,.T.);
#2094=EDGE_CURVE('',#2818,#2819,#419,.T.);
#2095=EDGE_CURVE('',#2819,#2820,#3283,.T.);
#2096=EDGE_CURVE('',#2820,#2821,#420,.T.);
#2097=EDGE_CURVE('',#2821,#2822,#3284,.T.);
#2098=EDGE_CURVE('',#2822,#2823,#421,.T.);
#2099=EDGE_CURVE('',#2823,#2824,#3285,.T.);
#2100=EDGE_CURVE('',#2824,#2825,#3286,.T.);
#2101=EDGE_CURVE('',#2825,#2826,#3287,.F.);
#2102=EDGE_CURVE('',#2826,#2827,#422,.T.);
#2103=EDGE_CURVE('',#2827,#2808,#3288,.F.);
#2104=EDGE_CURVE('',#2828,#2829,#3289,.T.);
#2105=EDGE_CURVE('',#2829,#2830,#3290,.T.);
#2106=EDGE_CURVE('',#2831,#2830,#3291,.T.);
#2107=EDGE_CURVE('',#2832,#2831,#3292,.T.);
#2108=EDGE_CURVE('',#2833,#2832,#3293,.T.);
#2109=EDGE_CURVE('',#2828,#2833,#3294,.T.);
#2110=EDGE_CURVE('',#2834,#2835,#423,.T.);
#2111=EDGE_CURVE('',#2834,#2836,#424,.T.);
#2112=EDGE_CURVE('',#2836,#2837,#425,.T.);
#2113=EDGE_CURVE('',#2837,#2838,#426,.T.);
#2114=EDGE_CURVE('',#2838,#2839,#427,.T.);
#2115=EDGE_CURVE('',#2840,#2839,#428,.T.);
#2116=EDGE_CURVE('',#2841,#2840,#429,.F.);
#2117=EDGE_CURVE('',#2842,#2841,#430,.T.);
#2118=EDGE_CURVE('',#2842,#2843,#431,.T.);
#2119=EDGE_CURVE('',#2835,#2843,#432,.T.);
#2120=EDGE_CURVE('',#2844,#2845,#3295,.F.);
#2121=EDGE_CURVE('',#2845,#2846,#305,.F.);
#2122=EDGE_CURVE('',#2846,#2847,#3296,.T.);
#2123=EDGE_CURVE('',#2847,#2848,#3297,.T.);
#2124=EDGE_CURVE('',#2848,#2844,#181,.F.);
#2125=EDGE_CURVE('',#2849,#2850,#3298,.F.);
#2126=EDGE_CURVE('',#2850,#2851,#433,.T.);
#2127=EDGE_CURVE('',#2835,#2851,#3299,.T.);
#2128=EDGE_CURVE('',#2843,#2852,#3300,.T.);
#2129=EDGE_CURVE('',#2852,#2853,#434,.T.);
#2130=EDGE_CURVE('',#2854,#2853,#3301,.T.);
#2131=EDGE_CURVE('',#2854,#2855,#435,.T.);
#2132=EDGE_CURVE('',#2855,#2856,#3302,.T.);
#2133=EDGE_CURVE('',#2856,#2857,#3303,.T.);
#2134=EDGE_CURVE('',#2857,#2858,#3304,.T.);
#2135=EDGE_CURVE('',#2859,#2858,#182,.T.);
#2136=EDGE_CURVE('',#2859,#2860,#3305,.T.);
#2137=EDGE_CURVE('',#2860,#2861,#3306,.T.);
#2138=EDGE_CURVE('',#2861,#2862,#3307,.F.);
#2139=EDGE_CURVE('',#2862,#2863,#436,.T.);
#2140=EDGE_CURVE('',#2864,#2863,#3308,.T.);
#2141=EDGE_CURVE('',#2864,#2849,#437,.T.);
#2142=EDGE_CURVE('',#2851,#2834,#438,.T.);
#2143=EDGE_CURVE('',#2865,#2866,#306,.T.);
#2144=EDGE_CURVE('',#2867,#2865,#183,.T.);
#2145=EDGE_CURVE('',#2868,#2867,#439,.T.);
#2146=EDGE_CURVE('',#2868,#2869,#440,.T.);
#2147=EDGE_CURVE('',#2866,#2869,#184,.F.);
#2148=EDGE_CURVE('',#2819,#2870,#185,.T.);
#2149=EDGE_CURVE('',#2818,#2871,#441,.T.);
#2150=EDGE_CURVE('',#2872,#2871,#186,.F.);
#2151=EDGE_CURVE('',#2872,#2873,#442,.T.);
#2152=EDGE_CURVE('',#2870,#2873,#307,.T.);
#2153=EDGE_CURVE('',#2874,#2875,#443,.T.);
#2154=EDGE_CURVE('',#2876,#2874,#444,.T.);
#2155=EDGE_CURVE('',#2877,#2876,#445,.T.);
#2156=EDGE_CURVE('',#2878,#2877,#446,.T.);
#2157=EDGE_CURVE('',#2878,#2879,#447,.T.);
#2158=EDGE_CURVE('',#2880,#2879,#448,.T.);
#2159=EDGE_CURVE('',#2880,#2881,#449,.T.);
#2160=EDGE_CURVE('',#2875,#2881,#450,.T.);
#2161=EDGE_CURVE('',#2882,#2883,#451,.T.);
#2162=EDGE_CURVE('',#2812,#2882,#452,.T.);
#2163=EDGE_CURVE('',#2810,#2884,#453,.T.);
#2164=EDGE_CURVE('',#2885,#2884,#454,.T.);
#2165=EDGE_CURVE('',#2885,#2886,#455,.T.);
#2166=EDGE_CURVE('',#2883,#2886,#456,.T.);
#2167=EDGE_CURVE('',#2863,#2887,#187,.T.);
#2168=EDGE_CURVE('',#2862,#2888,#457,.T.);
#2169=EDGE_CURVE('',#2889,#2888,#188,.T.);
#2170=EDGE_CURVE('',#2889,#2890,#458,.T.);
#2171=EDGE_CURVE('',#2887,#2890,#459,.T.);
#2172=EDGE_CURVE('',#2891,#2854,#189,.T.);
#2173=EDGE_CURVE('',#2892,#2891,#460,.T.);
#2174=EDGE_CURVE('',#2892,#2893,#461,.T.);
#2175=EDGE_CURVE('',#2894,#2893,#190,.T.);
#2176=EDGE_CURVE('',#2894,#2855,#462,.T.);
#2177=EDGE_CURVE('',#2895,#2896,#191,.T.);
#2178=EDGE_CURVE('',#2897,#2895,#463,.T.);
#2179=EDGE_CURVE('',#2897,#2898,#464,.T.);
#2180=EDGE_CURVE('',#2899,#2898,#192,.T.);
#2181=EDGE_CURVE('',#2899,#2900,#465,.T.);
#2182=EDGE_CURVE('',#2896,#2900,#466,.T.);
#2183=EDGE_CURVE('',#2901,#2902,#467,.T.);
#2184=EDGE_CURVE('',#2903,#2901,#468,.T.);
#2185=EDGE_CURVE('',#2904,#2903,#469,.T.);
#2186=EDGE_CURVE('',#2905,#2904,#470,.T.);
#2187=EDGE_CURVE('',#2905,#2906,#471,.T.);
#2188=EDGE_CURVE('',#2907,#2906,#472,.T.);
#2189=EDGE_CURVE('',#2907,#2908,#473,.T.);
#2190=EDGE_CURVE('',#2902,#2908,#474,.T.);
#2191=EDGE_CURVE('',#2909,#2910,#475,.T.);
#2192=EDGE_CURVE('',#2911,#2909,#476,.T.);
#2193=EDGE_CURVE('',#2912,#2911,#477,.T.);
#2194=EDGE_CURVE('',#2913,#2912,#478,.T.);
#2195=EDGE_CURVE('',#2914,#2913,#479,.T.);
#2196=EDGE_CURVE('',#2914,#2915,#480,.T.);
#2197=EDGE_CURVE('',#2916,#2915,#481,.T.);
#2198=EDGE_CURVE('',#2916,#2917,#482,.T.);
#2199=EDGE_CURVE('',#2910,#2917,#483,.T.);
#2200=EDGE_CURVE('',#2918,#2919,#3309,.F.);
#2201=EDGE_CURVE('',#2919,#2872,#3310,.T.);
#2202=EDGE_CURVE('',#2871,#2918,#3311,.F.);
#2203=EDGE_CURVE('',#2920,#2921,#484,.T.);
#2204=EDGE_CURVE('',#2921,#2922,#3312,.T.);
#2205=EDGE_CURVE('',#2923,#2922,#3313,.F.);
#2206=EDGE_CURVE('',#2923,#2924,#3314,.T.);
#2207=EDGE_CURVE('',#2924,#2925,#308,.F.);
#2208=EDGE_CURVE('',#2841,#2925,#3315,.F.);
#2209=EDGE_CURVE('',#2841,#2920,#3316,.F.);
#2210=EDGE_CURVE('',#2926,#2927,#485,.T.);
#2211=EDGE_CURVE('',#2927,#2928,#486,.T.);
#2212=EDGE_CURVE('',#2929,#2928,#3317,.F.);
#2213=EDGE_CURVE('',#2929,#2926,#3318,.F.);
#2214=EDGE_CURVE('',#2930,#2931,#3319,.T.);
#2215=EDGE_CURVE('',#2931,#2889,#3320,.F.);
#2216=EDGE_CURVE('',#2888,#2930,#3321,.T.);
#2217=EDGE_CURVE('',#2893,#2932,#3322,.T.);
#2218=EDGE_CURVE('',#2932,#2933,#3323,.T.);
#2219=EDGE_CURVE('',#2933,#2894,#3324,.F.);
#2220=EDGE_CURVE('',#2934,#2935,#3325,.T.);
#2221=EDGE_CURVE('',#2935,#2899,#3326,.F.);
#2222=EDGE_CURVE('',#2898,#2934,#3327,.T.);
#2223=EDGE_CURVE('',#2936,#2937,#3328,.T.);
#2224=EDGE_CURVE('',#2937,#2938,#3329,.T.);
#2225=EDGE_CURVE('',#2938,#2939,#487,.T.);
#2226=EDGE_CURVE('',#2939,#2936,#3330,.F.);
#2227=EDGE_CURVE('',#2940,#2941,#3331,.F.);
#2228=EDGE_CURVE('',#2941,#2942,#3332,.T.);
#2229=EDGE_CURVE('',#2942,#2943,#488,.T.);
#2230=EDGE_CURVE('',#2943,#2940,#3333,.F.);
#2231=EDGE_CURVE('',#2944,#2945,#3334,.T.);
#2232=EDGE_CURVE('',#2945,#2946,#309,.F.);
#2233=EDGE_CURVE('',#2946,#2947,#3335,.T.);
#2234=EDGE_CURVE('',#2947,#2948,#3336,.T.);
#2235=EDGE_CURVE('',#2948,#2868,#3337,.F.);
#2236=EDGE_CURVE('',#2867,#2949,#3338,.T.);
#2237=EDGE_CURVE('',#2949,#2950,#489,.T.);
#2238=EDGE_CURVE('',#2950,#2951,#3339,.F.);
#2239=EDGE_CURVE('',#2951,#2944,#310,.F.);
#2240=EDGE_CURVE('',#2952,#2953,#311,.T.);
#2241=EDGE_CURVE('',#2953,#2954,#3340,.F.);
#2242=EDGE_CURVE('',#2954,#2955,#3341,.T.);
#2243=EDGE_CURVE('',#2955,#2956,#193,.T.);
#2244=EDGE_CURVE('',#2956,#2957,#3342,.F.);
#2245=EDGE_CURVE('',#2957,#2958,#3343,.F.);
#2246=EDGE_CURVE('',#2958,#2959,#312,.T.);
#2247=EDGE_CURVE('',#2959,#2952,#3344,.F.);
#2248=EDGE_CURVE('',#2960,#2961,#3345,.T.);
#2249=EDGE_CURVE('',#2961,#2962,#313,.F.);
#2250=EDGE_CURVE('',#2962,#2963,#3346,.T.);
#2251=EDGE_CURVE('',#2963,#2964,#314,.F.);
#2252=EDGE_CURVE('',#2964,#2965,#3347,.F.);
#2253=EDGE_CURVE('',#2965,#2966,#490,.T.);
#2254=EDGE_CURVE('',#2966,#2967,#491,.T.);
#2255=EDGE_CURVE('',#2874,#2967,#3348,.T.);
#2256=EDGE_CURVE('',#2881,#2968,#3349,.F.);
#2257=EDGE_CURVE('',#2968,#2960,#3350,.T.);
#2258=EDGE_CURVE('',#2969,#2970,#315,.T.);
#2259=EDGE_CURVE('',#2970,#2971,#3351,.F.);
#2260=EDGE_CURVE('',#2971,#2972,#3352,.T.);
#2261=EDGE_CURVE('',#2972,#2973,#194,.T.);
#2262=EDGE_CURVE('',#2973,#2924,#3353,.F.);
#2263=EDGE_CURVE('',#2974,#2923,#492,.T.);
#2264=EDGE_CURVE('',#2974,#2975,#493,.T.);
#2265=EDGE_CURVE('',#2975,#2969,#3354,.F.);
#2266=EDGE_CURVE('',#2976,#2977,#3355,.T.);
#2267=EDGE_CURVE('',#2977,#2978,#3356,.F.);
#2268=EDGE_CURVE('',#2978,#2979,#316,.T.);
#2269=EDGE_CURVE('',#2870,#2979,#3357,.T.);
#2270=EDGE_CURVE('',#2873,#2980,#3358,.F.);
#2271=EDGE_CURVE('',#2980,#2981,#3359,.F.);
#2272=EDGE_CURVE('',#2981,#2982,#3360,.T.);
#2273=EDGE_CURVE('',#2982,#2983,#317,.F.);
#2274=EDGE_CURVE('',#2984,#2983,#3361,.T.);
#2275=EDGE_CURVE('',#2984,#2985,#318,.F.);
#2276=EDGE_CURVE('',#2986,#2985,#3362,.T.);
#2277=EDGE_CURVE('',#2986,#2839,#3363,.F.);
#2278=EDGE_CURVE('',#2839,#2987,#3364,.T.);
#2279=EDGE_CURVE('',#2987,#2988,#319,.T.);
#2280=EDGE_CURVE('',#2865,#2988,#3365,.T.);
#2281=EDGE_CURVE('',#2866,#2989,#3366,.T.);
#2282=EDGE_CURVE('',#2989,#2990,#3367,.T.);
#2283=EDGE_CURVE('',#2990,#2991,#3368,.T.);
#2284=EDGE_CURVE('',#2991,#2992,#3369,.T.);
#2285=EDGE_CURVE('',#2993,#2992,#195,.T.);
#2286=EDGE_CURVE('',#2976,#2993,#3370,.T.);
#2287=EDGE_CURVE('',#2980,#2994,#494,.T.);
#2288=EDGE_CURVE('',#2994,#2995,#3371,.F.);
#2289=EDGE_CURVE('',#2996,#2995,#495,.T.);
#2290=EDGE_CURVE('',#2996,#2981,#196,.T.);
#2291=EDGE_CURVE('',#2997,#2997,#197,.T.);
#2292=EDGE_CURVE('',#2998,#2998,#496,.T.);
#2293=EDGE_CURVE('',#2999,#2999,#198,.F.);
#2294=EDGE_CURVE('',#2896,#3000,#3372,.T.);
#2295=EDGE_CURVE('',#3000,#3001,#199,.T.);
#2296=EDGE_CURVE('',#3001,#2895,#3373,.T.);
#2297=EDGE_CURVE('',#3002,#3002,#200,.T.);
#2298=EDGE_CURVE('',#3003,#3003,#497,.T.);
#2299=EDGE_CURVE('',#3004,#3004,#201,.F.);
#2300=EDGE_CURVE('',#2853,#3005,#202,.T.);
#2301=EDGE_CURVE('',#3005,#2891,#3374,.T.);
#2302=EDGE_CURVE('',#3006,#3007,#3375,.T.);
#2303=EDGE_CURVE('',#3007,#3008,#3376,.T.);
#2304=EDGE_CURVE('',#3008,#3009,#3377,.T.);
#2305=EDGE_CURVE('',#3009,#3010,#3378,.T.);
#2306=EDGE_CURVE('',#3010,#3011,#3379,.T.);
#2307=EDGE_CURVE('',#3011,#3012,#3380,.T.);
#2308=EDGE_CURVE('',#3012,#3013,#3381,.T.);
#2309=EDGE_CURVE('',#3013,#3014,#3382,.T.);
#2310=EDGE_CURVE('',#3014,#3015,#3383,.T.);
#2311=EDGE_CURVE('',#3015,#3016,#3384,.T.);
#2312=EDGE_CURVE('',#3017,#3016,#3385,.T.);
#2313=EDGE_CURVE('',#3006,#3017,#203,.T.);
#2314=EDGE_CURVE('',#3018,#3019,#498,.T.);
#2315=EDGE_CURVE('',#3019,#3020,#320,.F.);
#2316=EDGE_CURVE('',#3020,#3021,#499,.T.);
#2317=EDGE_CURVE('',#3021,#3022,#500,.T.);
#2318=EDGE_CURVE('',#3022,#3018,#3386,.F.);
#2319=EDGE_CURVE('',#3023,#3024,#3387,.F.);
#2320=EDGE_CURVE('',#3024,#3025,#3388,.T.);
#2321=EDGE_CURVE('',#3025,#3026,#3389,.T.);
#2322=EDGE_CURVE('',#3026,#3027,#3390,.T.);
#2323=EDGE_CURVE('',#3027,#3028,#3391,.T.);
#2324=EDGE_CURVE('',#3028,#3029,#3392,.T.);
#2325=EDGE_CURVE('',#3029,#3030,#3393,.T.);
#2326=EDGE_CURVE('',#3030,#3031,#3394,.T.);
#2327=EDGE_CURVE('',#3031,#3032,#3395,.T.);
#2328=EDGE_CURVE('',#3032,#3033,#3396,.T.);
#2329=EDGE_CURVE('',#3034,#3033,#3397,.T.);
#2330=EDGE_CURVE('',#3023,#3034,#204,.T.);
#2331=EDGE_CURVE('',#3035,#3036,#3398,.T.);
#2332=EDGE_CURVE('',#3036,#2880,#3399,.T.);
#2333=EDGE_CURVE('',#2879,#3035,#3400,.F.);
#2334=EDGE_CURVE('',#2922,#2974,#501,.T.);
#2335=EDGE_CURVE('',#2925,#2842,#502,.T.);
#2336=EDGE_CURVE('',#3037,#3038,#503,.T.);
#2337=EDGE_CURVE('',#3038,#3039,#504,.T.);
#2338=EDGE_CURVE('',#3039,#3040,#505,.T.);
#2339=EDGE_CURVE('',#3040,#3041,#506,.T.);
#2340=EDGE_CURVE('',#3041,#3042,#507,.T.);
#2341=EDGE_CURVE('',#3037,#3042,#3401,.F.);
#2342=EDGE_CURVE('',#3043,#3044,#508,.T.);
#2343=EDGE_CURVE('',#3044,#3045,#509,.T.);
#2344=EDGE_CURVE('',#3045,#3046,#510,.T.);
#2345=EDGE_CURVE('',#3046,#3047,#511,.T.);
#2346=EDGE_CURVE('',#3047,#3048,#512,.T.);
#2347=EDGE_CURVE('',#3048,#3049,#3402,.F.);
#2348=EDGE_CURVE('',#3049,#3043,#513,.T.);
#2349=EDGE_CURVE('',#3050,#3051,#514,.T.);
#2350=EDGE_CURVE('',#3051,#3052,#515,.F.);
#2351=EDGE_CURVE('',#3052,#3053,#321,.F.);
#2352=EDGE_CURVE('',#3053,#3054,#516,.T.);
#2353=EDGE_CURVE('',#3054,#2941,#322,.T.);
#2354=EDGE_CURVE('',#2940,#3055,#323,.T.);
#2355=EDGE_CURVE('',#3055,#3056,#517,.T.);
#2356=EDGE_CURVE('',#3056,#3057,#324,.T.);
#2357=EDGE_CURVE('',#3050,#3057,#325,.F.);
#2358=EDGE_CURVE('',#2869,#3058,#3403,.T.);
#2359=EDGE_CURVE('',#3058,#2989,#3404,.T.);
#2360=EDGE_CURVE('',#3059,#3060,#3405,.F.);
#2361=EDGE_CURVE('',#3060,#3061,#3406,.T.);
#2362=EDGE_CURVE('',#3061,#3062,#3407,.T.);
#2363=EDGE_CURVE('',#3062,#3063,#3408,.T.);
#2364=EDGE_CURVE('',#3063,#3064,#3409,.T.);
#2365=EDGE_CURVE('',#3064,#3065,#3410,.T.);
#2366=EDGE_CURVE('',#3065,#3066,#3411,.T.);
#2367=EDGE_CURVE('',#3066,#3067,#3412,.T.);
#2368=EDGE_CURVE('',#3067,#3068,#3413,.T.);
#2369=EDGE_CURVE('',#3068,#3069,#3414,.T.);
#2370=EDGE_CURVE('',#3070,#3069,#3415,.T.);
#2371=EDGE_CURVE('',#3059,#3070,#205,.T.);
#2372=EDGE_CURVE('',#3071,#3071,#206,.T.);
#2373=EDGE_CURVE('',#3072,#3072,#518,.T.);
#2374=EDGE_CURVE('',#3073,#3074,#519,.T.);
#2375=EDGE_CURVE('',#3074,#2903,#3416,.T.);
#2376=EDGE_CURVE('',#2901,#3073,#3417,.T.);
#2377=EDGE_CURVE('',#3075,#3075,#207,.F.);
#2378=EDGE_CURVE('',#3076,#3076,#208,.T.);
#2379=EDGE_CURVE('',#3077,#3077,#520,.T.);
#2380=EDGE_CURVE('',#3078,#2813,#521,.T.);
#2381=EDGE_CURVE('',#2882,#3079,#3418,.T.);
#2382=EDGE_CURVE('',#3079,#3080,#209,.F.);
#2383=EDGE_CURVE('',#3080,#3078,#3419,.T.);
#2384=EDGE_CURVE('',#3081,#3081,#210,.T.);
#2385=EDGE_CURVE('',#3082,#3082,#522,.T.);
#2386=EDGE_CURVE('',#2911,#2911,#211,.T.);
#2387=EDGE_CURVE('',#2909,#3083,#326,.T.);
#2388=EDGE_CURVE('',#3083,#3084,#523,.T.);
#2389=EDGE_CURVE('',#3084,#2912,#327,.T.);
#2390=EDGE_CURVE('',#3085,#3085,#212,.F.);
#2391=EDGE_CURVE('',#3086,#3086,#213,.T.);
#2392=EDGE_CURVE('',#3087,#3087,#524,.T.);
#2393=EDGE_CURVE('',#2979,#2822,#214,.T.);
#2394=EDGE_CURVE('',#2821,#2820,#215,.F.);
#2395=EDGE_CURVE('',#2915,#3088,#3420,.T.);
#2396=EDGE_CURVE('',#3088,#3089,#3421,.T.);
#2397=EDGE_CURVE('',#3089,#2916,#3422,.F.);
#2398=EDGE_CURVE('',#3090,#3091,#3423,.T.);
#2399=EDGE_CURVE('',#3091,#3037,#3424,.F.);
#2400=EDGE_CURVE('',#3042,#3092,#328,.T.);
#2401=EDGE_CURVE('',#3092,#3093,#3425,.T.);
#2402=EDGE_CURVE('',#3093,#3094,#525,.T.);
#2403=EDGE_CURVE('',#3094,#3083,#526,.T.);
#2404=EDGE_CURVE('',#2917,#3090,#3426,.T.);
#2405=EDGE_CURVE('',#3095,#3096,#216,.F.);
#2406=EDGE_CURVE('',#3096,#3097,#3427,.T.);
#2407=EDGE_CURVE('',#3097,#3098,#3428,.T.);
#2408=EDGE_CURVE('',#3098,#3095,#3429,.F.);
#2409=EDGE_CURVE('',#3099,#3100,#3430,.F.);
#2410=EDGE_CURVE('',#3100,#3101,#3431,.T.);
#2411=EDGE_CURVE('',#3101,#3102,#3432,.T.);
#2412=EDGE_CURVE('',#3102,#2914,#3433,.F.);
#2413=EDGE_CURVE('',#3084,#3103,#527,.T.);
#2414=EDGE_CURVE('',#3103,#3104,#528,.T.);
#2415=EDGE_CURVE('',#3104,#3105,#3434,.F.);
#2416=EDGE_CURVE('',#3105,#3099,#329,.T.);
#2417=EDGE_CURVE('',#3106,#3107,#3435,.F.);
#2418=EDGE_CURVE('',#3107,#2840,#330,.F.);
#2419=EDGE_CURVE('',#3108,#2986,#217,.T.);
#2420=EDGE_CURVE('',#3108,#3106,#529,.F.);
#2421=EDGE_CURVE('',#2928,#2919,#530,.T.);
#2422=EDGE_CURVE('',#2918,#2929,#531,.T.);
#2423=EDGE_CURVE('',#3099,#3109,#532,.T.);
#2424=EDGE_CURVE('',#3109,#3110,#533,.T.);
#2425=EDGE_CURVE('',#3110,#3111,#534,.T.);
#2426=EDGE_CURVE('',#3111,#3112,#535,.T.);
#2427=EDGE_CURVE('',#3112,#3113,#3436,.F.);
#2428=EDGE_CURVE('',#3113,#3100,#536,.T.);
#2429=EDGE_CURVE('',#2906,#3114,#3437,.T.);
#2430=EDGE_CURVE('',#3114,#3018,#537,.T.);
#2431=EDGE_CURVE('',#3022,#3115,#538,.T.);
#2432=EDGE_CURVE('',#3115,#2907,#3438,.F.);
#2433=EDGE_CURVE('',#3048,#3116,#3439,.F.);
#2434=EDGE_CURVE('',#3116,#3117,#3440,.T.);
#2435=EDGE_CURVE('',#3117,#3118,#3441,.T.);
#2436=EDGE_CURVE('',#3118,#3119,#539,.T.);
#2437=EDGE_CURVE('',#3119,#3073,#540,.T.);
#2438=EDGE_CURVE('',#2908,#3049,#3442,.T.);
#2439=EDGE_CURVE('',#2994,#3120,#541,.T.);
#2440=EDGE_CURVE('',#3120,#3121,#542,.T.);
#2441=EDGE_CURVE('',#3121,#3078,#543,.T.);
#2442=EDGE_CURVE('',#3080,#3079,#544,.T.);
#2443=EDGE_CURVE('',#2886,#3122,#3443,.F.);
#2444=EDGE_CURVE('',#3122,#3123,#3444,.T.);
#2445=EDGE_CURVE('',#3124,#3123,#3445,.T.);
#2446=EDGE_CURVE('',#3125,#3124,#218,.T.);
#2447=EDGE_CURVE('',#3125,#3126,#3446,.T.);
#2448=EDGE_CURVE('',#3126,#3127,#3447,.T.);
#2449=EDGE_CURVE('',#3127,#2878,#3448,.T.);
#2450=EDGE_CURVE('',#3128,#2876,#3449,.T.);
#2451=EDGE_CURVE('',#3128,#3129,#545,.T.);
#2452=EDGE_CURVE('',#3129,#3130,#546,.T.);
#2453=EDGE_CURVE('',#3130,#3107,#3450,.T.);
#2454=EDGE_CURVE('',#3106,#3131,#3451,.T.);
#2455=EDGE_CURVE('',#3131,#3132,#331,.F.);
#2456=EDGE_CURVE('',#3132,#3133,#3452,.T.);
#2457=EDGE_CURVE('',#3133,#3134,#332,.F.);
#2458=EDGE_CURVE('',#2995,#3134,#3453,.T.);
#2459=EDGE_CURVE('',#3135,#3136,#3454,.T.);
#2460=EDGE_CURVE('',#3136,#2885,#3455,.T.);
#2461=EDGE_CURVE('',#2884,#3135,#3456,.F.);
#2462=EDGE_CURVE('',#3074,#3137,#547,.T.);
#2463=EDGE_CURVE('',#3137,#3138,#548,.T.);
#2464=EDGE_CURVE('',#3138,#3139,#3457,.F.);
#2465=EDGE_CURVE('',#3139,#3140,#3458,.T.);
#2466=EDGE_CURVE('',#3140,#3113,#3459,.T.);
#2467=EDGE_CURVE('',#3112,#2905,#3460,.F.);
#2468=EDGE_CURVE('',#3033,#2976,#3461,.T.);
#2469=EDGE_CURVE('',#3141,#2993,#3462,.T.);
#2470=EDGE_CURVE('',#3141,#3034,#3463,.T.);
#2471=EDGE_CURVE('',#3142,#2992,#3464,.T.);
#2472=EDGE_CURVE('',#3142,#3141,#549,.T.);
#2473=EDGE_CURVE('',#2991,#3024,#3465,.T.);
#2474=EDGE_CURVE('',#3142,#3023,#3466,.T.);
#2475=EDGE_CURVE('',#2988,#2949,#219,.T.);
#2476=EDGE_CURVE('',#3143,#3143,#220,.F.);
#2477=EDGE_CURVE('',#3144,#3144,#221,.T.);
#2478=EDGE_CURVE('',#3145,#3145,#550,.T.);
#2479=EDGE_CURVE('',#2967,#3128,#551,.T.);
#2480=EDGE_CURVE('',#3146,#3146,#222,.F.);
#2481=EDGE_CURVE('',#3147,#3147,#223,.T.);
#2482=EDGE_CURVE('',#3148,#3148,#552,.T.);
#2483=EDGE_CURVE('',#3149,#3124,#3467,.T.);
#2484=EDGE_CURVE('',#3149,#3150,#553,.T.);
#2485=EDGE_CURVE('',#3150,#3125,#3468,.T.);
#2486=EDGE_CURVE('',#3123,#3060,#3469,.F.);
#2487=EDGE_CURVE('',#3059,#3149,#3470,.F.);
#2488=EDGE_CURVE('',#3069,#3126,#3471,.F.);
#2489=EDGE_CURVE('',#3070,#3150,#3472,.F.);
#2490=EDGE_CURVE('',#3151,#3152,#3473,.T.);
#2491=EDGE_CURVE('',#3152,#3153,#333,.T.);
#2492=EDGE_CURVE('',#3153,#3154,#3474,.T.);
#2493=EDGE_CURVE('',#3154,#3155,#554,.T.);
#2494=EDGE_CURVE('',#2887,#3155,#3475,.T.);
#2495=EDGE_CURVE('',#2890,#3156,#3476,.T.);
#2496=EDGE_CURVE('',#3156,#3157,#3477,.T.);
#2497=EDGE_CURVE('',#3157,#3158,#3478,.F.);
#2498=EDGE_CURVE('',#3158,#3159,#555,.T.);
#2499=EDGE_CURVE('',#3159,#3151,#556,.T.);
#2500=EDGE_CURVE('',#3001,#3160,#557,.T.);
#2501=EDGE_CURVE('',#3160,#3161,#3479,.F.);
#2502=EDGE_CURVE('',#3161,#3162,#558,.T.);
#2503=EDGE_CURVE('',#3162,#3163,#559,.T.);
#2504=EDGE_CURVE('',#3163,#3164,#3480,.T.);
#2505=EDGE_CURVE('',#3164,#3165,#3481,.T.);
#2506=EDGE_CURVE('',#3165,#2897,#3482,.F.);
#2507=EDGE_CURVE('',#3166,#3167,#3483,.F.);
#2508=EDGE_CURVE('',#3167,#3168,#560,.F.);
#2509=EDGE_CURVE('',#3168,#3169,#334,.F.);
#2510=EDGE_CURVE('',#3169,#3170,#561,.T.);
#2511=EDGE_CURVE('',#3170,#3171,#562,.T.);
#2512=EDGE_CURVE('',#3171,#3172,#563,.T.);
#2513=EDGE_CURVE('',#3172,#3173,#335,.F.);
#2514=EDGE_CURVE('',#3173,#3174,#564,.T.);
#2515=EDGE_CURVE('',#3174,#3175,#565,.T.);
#2516=EDGE_CURVE('',#3175,#3176,#3484,.T.);
#2517=EDGE_CURVE('',#3176,#3166,#224,.T.);
#2518=EDGE_CURVE('',#3177,#3178,#566,.T.);
#2519=EDGE_CURVE('',#3178,#3179,#567,.T.);
#2520=EDGE_CURVE('',#3179,#3180,#3485,.T.);
#2521=EDGE_CURVE('',#3180,#3000,#568,.T.);
#2522=EDGE_CURVE('',#2900,#3181,#3486,.T.);
#2523=EDGE_CURVE('',#3181,#3182,#3487,.T.);
#2524=EDGE_CURVE('',#3182,#3177,#3488,.F.);
#2525=EDGE_CURVE('',#3183,#3184,#3489,.T.);
#2526=EDGE_CURVE('',#3184,#3185,#569,.T.);
#2527=EDGE_CURVE('',#3185,#3186,#570,.T.);
#2528=EDGE_CURVE('',#3186,#3187,#3490,.T.);
#2529=EDGE_CURVE('',#3187,#3188,#3491,.T.);
#2530=EDGE_CURVE('',#3188,#2892,#3492,.F.);
#2531=EDGE_CURVE('',#3005,#3189,#571,.T.);
#2532=EDGE_CURVE('',#3189,#3183,#3493,.F.);
#2533=EDGE_CURVE('',#3057,#3190,#572,.F.);
#2534=EDGE_CURVE('',#3190,#3050,#573,.T.);
#2535=EDGE_CURVE('',#3191,#3191,#225,.T.);
#2536=EDGE_CURVE('',#3192,#3192,#226,.T.);
#2537=EDGE_CURVE('',#3193,#2858,#3494,.T.);
#2538=EDGE_CURVE('',#3193,#3194,#574,.T.);
#2539=EDGE_CURVE('',#3194,#2859,#3495,.T.);
#2540=EDGE_CURVE('',#2857,#3007,#3496,.F.);
#2541=EDGE_CURVE('',#3193,#3006,#3497,.T.);
#2542=EDGE_CURVE('',#3016,#2860,#3498,.F.);
#2543=EDGE_CURVE('',#3017,#3194,#3499,.F.);
#2544=EDGE_CURVE('',#3195,#3195,#575,.T.);
#2545=EDGE_CURVE('',#3196,#3196,#227,.T.);
#2546=EDGE_CURVE('',#3197,#3197,#228,.F.);
#2547=EDGE_CURVE('',#3155,#2864,#229,.T.);
#2548=EDGE_CURVE('',#3198,#3198,#230,.T.);
#2549=EDGE_CURVE('',#2983,#3133,#3500,.F.);
#2550=EDGE_CURVE('',#3132,#2984,#3501,.T.);
#2551=EDGE_CURVE('',#2985,#3131,#3502,.F.);
#2552=EDGE_CURVE('',#3134,#2982,#3503,.T.);
#2553=EDGE_CURVE('',#3199,#3200,#3504,.T.);
#2554=EDGE_CURVE('',#3200,#3201,#3505,.T.);
#2555=EDGE_CURVE('',#3201,#3199,#336,.F.);
#2556=EDGE_CURVE('',#3202,#3203,#3506,.F.);
#2557=EDGE_CURVE('',#3203,#3204,#337,.T.);
#2558=EDGE_CURVE('',#3204,#3205,#3507,.F.);
#2559=EDGE_CURVE('',#3205,#3206,#338,.T.);
#2560=EDGE_CURVE('',#3206,#3202,#576,.T.);
#2561=EDGE_CURVE('',#3207,#3208,#3508,.T.);
#2562=EDGE_CURVE('',#3208,#3209,#339,.F.);
#2563=EDGE_CURVE('',#3209,#3210,#3509,.T.);
#2564=EDGE_CURVE('',#3210,#3211,#3510,.F.);
#2565=EDGE_CURVE('',#3211,#3207,#3511,.F.);
#2566=EDGE_CURVE('',#3212,#3213,#3512,.F.);
#2567=EDGE_CURVE('',#3213,#3214,#3513,.F.);
#2568=EDGE_CURVE('',#3214,#3215,#577,.T.);
#2569=EDGE_CURVE('',#3215,#3212,#340,.T.);
#2570=EDGE_CURVE('',#3216,#3217,#341,.F.);
#2571=EDGE_CURVE('',#3217,#3218,#3514,.T.);
#2572=EDGE_CURVE('',#3218,#3216,#3515,.T.);
#2573=EDGE_CURVE('',#3219,#3220,#3516,.F.);
#2574=EDGE_CURVE('',#3220,#3221,#3517,.T.);
#2575=EDGE_CURVE('',#3221,#3222,#342,.F.);
#2576=EDGE_CURVE('',#3222,#3223,#3518,.T.);
#2577=EDGE_CURVE('',#3223,#3219,#3519,.F.);
#2578=EDGE_CURVE('',#3224,#3015,#3520,.F.);
#2579=EDGE_CURVE('',#3224,#2861,#343,.F.);
#2580=EDGE_CURVE('',#3225,#3014,#3521,.F.);
#2581=EDGE_CURVE('',#3225,#2931,#344,.F.);
#2582=EDGE_CURVE('',#2930,#3224,#345,.F.);
#2583=EDGE_CURVE('',#3226,#3013,#3522,.F.);
#2584=EDGE_CURVE('',#3226,#3157,#346,.F.);
#2585=EDGE_CURVE('',#3156,#3225,#347,.F.);
#2586=EDGE_CURVE('',#3227,#3012,#3523,.F.);
#2587=EDGE_CURVE('',#3227,#3165,#348,.F.);
#2588=EDGE_CURVE('',#3164,#3226,#349,.F.);
#2589=EDGE_CURVE('',#3228,#3011,#3524,.F.);
#2590=EDGE_CURVE('',#3228,#2935,#350,.F.);
#2591=EDGE_CURVE('',#2934,#3227,#351,.F.);
#2592=EDGE_CURVE('',#2856,#3229,#352,.F.);
#2593=EDGE_CURVE('',#3008,#3229,#3525,.T.);
#2594=EDGE_CURVE('',#3230,#3010,#3526,.F.);
#2595=EDGE_CURVE('',#3230,#3182,#353,.F.);
#2596=EDGE_CURVE('',#3181,#3228,#354,.F.);
#2597=EDGE_CURVE('',#2932,#3231,#355,.F.);
#2598=EDGE_CURVE('',#3009,#3231,#3527,.F.);
#2599=EDGE_CURVE('',#3229,#2933,#356,.F.);
#2600=EDGE_CURVE('',#3231,#3188,#357,.F.);
#2601=EDGE_CURVE('',#3187,#3230,#358,.F.);
#2602=EDGE_CURVE('',#3232,#3068,#3528,.T.);
#2603=EDGE_CURVE('',#3232,#3127,#359,.F.);
#2604=EDGE_CURVE('',#3233,#3067,#3529,.T.);
#2605=EDGE_CURVE('',#3233,#3036,#360,.F.);
#2606=EDGE_CURVE('',#3035,#3232,#361,.F.);
#2607=EDGE_CURVE('',#2968,#3233,#362,.F.);
#2608=EDGE_CURVE('',#3234,#3066,#3530,.F.);
#2609=EDGE_CURVE('',#3234,#2960,#363,.F.);
#2610=EDGE_CURVE('',#3116,#3234,#364,.F.);
#2611=EDGE_CURVE('',#3235,#3065,#3531,.F.);
#2612=EDGE_CURVE('',#3235,#3117,#365,.F.);
#2613=EDGE_CURVE('',#3236,#3064,#3532,.F.);
#2614=EDGE_CURVE('',#3236,#2937,#366,.F.);
#2615=EDGE_CURVE('',#2936,#3235,#367,.F.);
#2616=EDGE_CURVE('',#3122,#3237,#368,.F.);
#2617=EDGE_CURVE('',#3061,#3237,#3533,.T.);
#2618=EDGE_CURVE('',#3139,#3236,#369,.F.);
#2619=EDGE_CURVE('',#3238,#3063,#3534,.F.);
#2620=EDGE_CURVE('',#3238,#3140,#370,.F.);
#2621=EDGE_CURVE('',#3237,#3136,#371,.F.);
#2622=EDGE_CURVE('',#3135,#3239,#372,.F.);
#2623=EDGE_CURVE('',#3062,#3239,#3535,.F.);
#2624=EDGE_CURVE('',#3239,#2809,#373,.F.);
#2625=EDGE_CURVE('',#2808,#3238,#374,.F.);
#2626=EDGE_CURVE('',#3240,#3032,#3536,.T.);
#2627=EDGE_CURVE('',#3240,#2977,#375,.T.);
#2628=EDGE_CURVE('',#3097,#3240,#376,.T.);
#2629=EDGE_CURVE('',#3241,#3031,#3537,.T.);
#2630=EDGE_CURVE('',#3241,#3098,#377,.T.);
#2631=EDGE_CURVE('',#2824,#3241,#378,.T.);
#2632=EDGE_CURVE('',#3242,#3030,#3538,.T.);
#2633=EDGE_CURVE('',#3242,#2825,#379,.T.);
#2634=EDGE_CURVE('',#3101,#3242,#380,.T.);
#2635=EDGE_CURVE('',#3243,#3029,#3539,.T.);
#2636=EDGE_CURVE('',#3243,#3102,#381,.T.);
#2637=EDGE_CURVE('',#3088,#3243,#382,.T.);
#2638=EDGE_CURVE('',#3244,#3028,#3540,.T.);
#2639=EDGE_CURVE('',#3244,#3089,#383,.T.);
#2640=EDGE_CURVE('',#3245,#3027,#3541,.T.);
#2641=EDGE_CURVE('',#3245,#3091,#384,.T.);
#2642=EDGE_CURVE('',#3090,#3244,#385,.T.);
#2643=EDGE_CURVE('',#3025,#2990,#3542,.F.);
#2644=EDGE_CURVE('',#3246,#3026,#3543,.F.);
#2645=EDGE_CURVE('',#3246,#2948,#386,.T.);
#2646=EDGE_CURVE('',#2947,#3245,#387,.T.);
#2647=EDGE_CURVE('',#3058,#3246,#388,.T.);
#2648=EDGE_CURVE('',#3093,#2943,#578,.T.);
#2649=EDGE_CURVE('',#2942,#3104,#579,.T.);
#2650=EDGE_CURVE('',#3118,#2939,#580,.T.);
#2651=EDGE_CURVE('',#2938,#3138,#581,.T.);
#2652=EDGE_CURVE('',#3180,#3166,#582,.T.);
#2653=EDGE_CURVE('',#3176,#3160,#583,.T.);
#2654=EDGE_CURVE('',#2852,#2973,#584,.T.);
#2655=EDGE_CURVE('',#2972,#3189,#585,.T.);
#2656=EDGE_CURVE('',#3154,#2956,#586,.T.);
#2657=EDGE_CURVE('',#2955,#2849,#587,.T.);
#2658=EDGE_CURVE('',#3120,#2927,#588,.T.);
#2659=EDGE_CURVE('',#2926,#2815,#589,.T.);
#2660=EDGE_CURVE('',#2965,#2921,#590,.T.);
#2661=EDGE_CURVE('',#2920,#3130,#591,.T.);
#2662=EDGE_CURVE('',#2978,#3096,#592,.T.);
#2663=EDGE_CURVE('',#3095,#2823,#593,.T.);
#2664=EDGE_CURVE('',#2987,#2844,#594,.T.);
#2665=EDGE_CURVE('',#2848,#2950,#595,.T.);
#2666=EDGE_CURVE('',#2841,#3107,#596,.F.);
#2667=EDGE_CURVE('',#2838,#2845,#597,.T.);
#2668=EDGE_CURVE('',#3247,#3248,#598,.T.);
#2669=EDGE_CURVE('',#3248,#3183,#389,.T.);
#2670=EDGE_CURVE('',#2971,#3247,#390,.F.);
#2671=EDGE_CURVE('',#3186,#3177,#599,.T.);
#2672=EDGE_CURVE('',#3179,#3249,#600,.T.);
#2673=EDGE_CURVE('',#3249,#3167,#601,.T.);
#2674=EDGE_CURVE('',#3163,#3158,#602,.T.);
#2675=EDGE_CURVE('',#3153,#3250,#603,.T.);
#2676=EDGE_CURVE('',#3250,#2957,#391,.F.);
#2677=EDGE_CURVE('',#3251,#3252,#604,.T.);
#2678=EDGE_CURVE('',#3252,#2850,#605,.T.);
#2679=EDGE_CURVE('',#2954,#3251,#392,.F.);
#2680=EDGE_CURVE('',#3222,#3253,#606,.T.);
#2681=EDGE_CURVE('',#3253,#3213,#393,.T.);
#2682=EDGE_CURVE('',#3212,#3254,#607,.T.);
#2683=EDGE_CURVE('',#3254,#3223,#394,.F.);
#2684=EDGE_CURVE('',#3218,#3220,#395,.T.);
#2685=EDGE_CURVE('',#3219,#3255,#396,.F.);
#2686=EDGE_CURVE('',#3255,#3216,#608,.T.);
#2687=EDGE_CURVE('',#3204,#3208,#609,.T.);
#2688=EDGE_CURVE('',#3207,#3256,#397,.F.);
#2689=EDGE_CURVE('',#3256,#3205,#610,.T.);
#2690=EDGE_CURVE('',#3210,#3200,#398,.T.);
#2691=EDGE_CURVE('',#3199,#3257,#611,.T.);
#2692=EDGE_CURVE('',#3257,#3211,#399,.F.);
#2693=EDGE_CURVE('',#2980,#2919,#612,.T.);
#2694=EDGE_CURVE('',#2994,#2928,#613,.T.);
#2695=EDGE_CURVE('',#2964,#3258,#614,.T.);
#2696=EDGE_CURVE('',#3258,#3259,#400,.F.);
#2697=EDGE_CURVE('',#2922,#3259,#231,.T.);
#2698=EDGE_CURVE('',#3259,#3260,#615,.T.);
#2699=EDGE_CURVE('',#3260,#2975,#616,.T.);
#2700=EDGE_CURVE('',#3261,#3048,#232,.T.);
#2701=EDGE_CURVE('',#3261,#3262,#401,.T.);
#2702=EDGE_CURVE('',#3262,#2961,#617,.T.);
#2703=EDGE_CURVE('',#3047,#3263,#618,.T.);
#2704=EDGE_CURVE('',#3263,#3261,#619,.T.);
#2705=EDGE_CURVE('',#3114,#3112,#233,.T.);
#2706=EDGE_CURVE('',#3018,#3111,#234,.T.);
#2707=EDGE_CURVE('',#3110,#3019,#620,.T.);
#2708=EDGE_CURVE('',#3049,#3115,#235,.T.);
#2709=EDGE_CURVE('',#3043,#3022,#236,.T.);
#2710=EDGE_CURVE('',#3021,#3264,#621,.T.);
#2711=EDGE_CURVE('',#3264,#3044,#622,.T.);
#2712=EDGE_CURVE('',#2847,#3265,#402,.T.);
#2713=EDGE_CURVE('',#3265,#3266,#403,.F.);
#2714=EDGE_CURVE('',#3266,#2951,#623,.T.);
#2715=EDGE_CURVE('',#2918,#2817,#237,.T.);
#2716=EDGE_CURVE('',#2929,#2816,#238,.T.);
#2717=EDGE_CURVE('',#2826,#3100,#239,.T.);
#2718=EDGE_CURVE('',#2827,#3113,#240,.T.);
#2719=EDGE_CURVE('',#2946,#3267,#624,.T.);
#2720=EDGE_CURVE('',#3267,#3268,#404,.T.);
#2721=EDGE_CURVE('',#3037,#3268,#241,.T.);
#2722=EDGE_CURVE('',#3268,#3269,#625,.T.);
#2723=EDGE_CURVE('',#3269,#3038,#626,.T.);
#2724=EDGE_CURVE('',#3105,#2941,#242,.T.);
#2725=EDGE_CURVE('',#3099,#3054,#243,.T.);
#2726=EDGE_CURVE('',#3053,#3109,#627,.T.);
#2727=EDGE_CURVE('',#2940,#3092,#244,.T.);
#2728=EDGE_CURVE('',#3055,#3042,#245,.T.);
#2729=EDGE_CURVE('',#3041,#3056,#628,.T.);
#2730=EDGE_CURVE('',#3265,#3217,#246,.T.);
#2731=EDGE_CURVE('',#3266,#3216,#247,.T.);
#2732=EDGE_CURVE('',#2951,#3255,#248,.T.);
#2733=EDGE_CURVE('',#2944,#3219,#249,.T.);
#2734=EDGE_CURVE('',#2945,#3223,#250,.T.);
#2735=EDGE_CURVE('',#2946,#3254,#251,.T.);
#2736=EDGE_CURVE('',#3267,#3212,#252,.T.);
#2737=EDGE_CURVE('',#3268,#3215,#253,.T.);
#2738=EDGE_CURVE('',#3214,#3269,#254,.T.);
#2739=EDGE_CURVE('',#3259,#3270,#255,.T.);
#2740=EDGE_CURVE('',#3199,#3258,#256,.T.);
#2741=EDGE_CURVE('',#3270,#3201,#629,.T.);
#2742=EDGE_CURVE('',#3260,#3270,#630,.T.);
#2743=EDGE_CURVE('',#3257,#2964,#257,.T.);
#2744=EDGE_CURVE('',#2969,#3200,#258,.T.);
#2745=EDGE_CURVE('',#3211,#2963,#259,.T.);
#2746=EDGE_CURVE('',#2970,#3210,#260,.T.);
#2747=EDGE_CURVE('',#3207,#2962,#261,.T.);
#2748=EDGE_CURVE('',#2971,#3209,#262,.T.);
#2749=EDGE_CURVE('',#3256,#2961,#263,.T.);
#2750=EDGE_CURVE('',#3247,#3208,#264,.T.);
#2751=EDGE_CURVE('',#3205,#3262,#265,.T.);
#2752=EDGE_CURVE('',#3248,#3204,#266,.T.);
#2753=EDGE_CURVE('',#3206,#3261,#267,.T.);
#2754=EDGE_CURVE('',#3183,#3203,#268,.T.);
#2755=EDGE_CURVE('',#3263,#3202,#269,.F.);
#2756=EDGE_CURVE('',#3202,#3184,#270,.F.);
#2757=EDGE_CURVE('',#3271,#3056,#271,.T.);
#2758=EDGE_CURVE('',#3271,#3190,#631,.T.);
#2759=EDGE_CURVE('',#3161,#3271,#632,.T.);
#2760=EDGE_CURVE('',#3162,#3041,#272,.T.);
#2761=EDGE_CURVE('',#3163,#3040,#273,.T.);
#2762=EDGE_CURVE('',#3158,#3039,#274,.T.);
#2763=EDGE_CURVE('',#3159,#3038,#275,.T.);
#2764=EDGE_CURVE('',#3151,#3269,#276,.T.);
#2765=EDGE_CURVE('',#3151,#3214,#277,.T.);
#2766=EDGE_CURVE('',#3152,#3213,#278,.T.);
#2767=EDGE_CURVE('',#3153,#3253,#279,.T.);
#2768=EDGE_CURVE('',#3250,#3222,#280,.T.);
#2769=EDGE_CURVE('',#2957,#3221,#281,.T.);
#2770=EDGE_CURVE('',#2958,#3220,#282,.T.);
#2771=EDGE_CURVE('',#2959,#3218,#283,.T.);
#2772=EDGE_CURVE('',#2952,#3217,#284,.T.);
#2773=EDGE_CURVE('',#2952,#3265,#285,.T.);
#2774=EDGE_CURVE('',#2953,#2847,#286,.T.);
#2775=EDGE_CURVE('',#2954,#2846,#287,.T.);
#2776=EDGE_CURVE('',#3251,#2845,#288,.T.);
#2777=EDGE_CURVE('',#3252,#2837,#633,.F.);
#2778=EDGE_CURVE('',#2850,#2836,#289,.T.);
#2779=EDGE_CURVE('',#3184,#3263,#290,.T.);
#2780=EDGE_CURVE('',#3185,#3047,#291,.T.);
#2781=EDGE_CURVE('',#3186,#3046,#292,.T.);
#2782=EDGE_CURVE('',#3177,#3045,#293,.T.);
#2783=EDGE_CURVE('',#3178,#3044,#294,.T.);
#2784=EDGE_CURVE('',#3179,#3264,#295,.T.);
#2785=EDGE_CURVE('',#3249,#3021,#296,.T.);
#2786=EDGE_CURVE('',#3020,#3167,#634,.T.);
#2787=EDGE_CURVE('',#3161,#3175,#297,.T.);
#2788=EDGE_CURVE('',#3271,#3174,#298,.T.);
#2789=EDGE_CURVE('',#3173,#3051,#635,.T.);
#2790=EDGE_CURVE('',#3272,#2829,#3544,.T.);
#2791=EDGE_CURVE('',#3272,#3273,#3545,.T.);
#2792=EDGE_CURVE('',#3273,#2830,#3546,.T.);
#2793=EDGE_CURVE('',#3274,#2828,#3547,.T.);
#2794=EDGE_CURVE('',#3274,#3272,#3548,.T.);
#2795=EDGE_CURVE('',#3275,#2833,#3549,.T.);
#2796=EDGE_CURVE('',#3274,#3275,#3550,.T.);
#2797=EDGE_CURVE('',#3276,#2832,#3551,.T.);
#2798=EDGE_CURVE('',#3275,#3276,#3552,.T.);
#2799=EDGE_CURVE('',#3277,#2831,#3553,.T.);
#2800=EDGE_CURVE('',#3276,#3277,#3554,.T.);
#2801=EDGE_CURVE('',#3277,#3273,#3555,.T.);
#2802=EDGE_CURVE('',#3052,#3173,#299,.T.);
#2803=EDGE_CURVE('',#3053,#3172,#300,.T.);
#2804=EDGE_CURVE('',#3109,#3171,#301,.T.);
#2805=EDGE_CURVE('',#3110,#3170,#302,.T.);
#2806=EDGE_CURVE('',#3019,#3169,#303,.T.);
#2807=EDGE_CURVE('',#3020,#3168,#304,.T.);
#2808=VERTEX_POINT('',#8322);
#2809=VERTEX_POINT('',#8323);
#2810=VERTEX_POINT('',#8325);
#2811=VERTEX_POINT('',#8330);
#2812=VERTEX_POINT('',#8335);
#2813=VERTEX_POINT('',#8337);
#2814=VERTEX_POINT('',#8342);
#2815=VERTEX_POINT('',#8347);
#2816=VERTEX_POINT('',#8349);
#2817=VERTEX_POINT('',#8360);
#2818=VERTEX_POINT('',#8362);
#2819=VERTEX_POINT('',#8367);
#2820=VERTEX_POINT('',#8369);
#2821=VERTEX_POINT('',#8374);
#2822=VERTEX_POINT('',#8376);
#2823=VERTEX_POINT('',#8381);
#2824=VERTEX_POINT('',#8383);
#2825=VERTEX_POINT('',#8385);
#2826=VERTEX_POINT('',#8387);
#2827=VERTEX_POINT('',#8399);
#2828=VERTEX_POINT('',#8402);
#2829=VERTEX_POINT('',#8403);
#2830=VERTEX_POINT('',#8405);
#2831=VERTEX_POINT('',#8407);
#2832=VERTEX_POINT('',#8409);
#2833=VERTEX_POINT('',#8411);
#2834=VERTEX_POINT('',#8598);
#2835=VERTEX_POINT('',#8599);
#2836=VERTEX_POINT('',#8604);
#2837=VERTEX_POINT('',#8609);
#2838=VERTEX_POINT('',#8614);
#2839=VERTEX_POINT('',#8619);
#2840=VERTEX_POINT('',#8626);
#2841=VERTEX_POINT('',#8631);
#2842=VERTEX_POINT('',#8636);
#2843=VERTEX_POINT('',#8641);
#2844=VERTEX_POINT('',#8648);
#2845=VERTEX_POINT('',#8649);
#2846=VERTEX_POINT('',#8651);
#2847=VERTEX_POINT('',#8653);
#2848=VERTEX_POINT('',#8655);
#2849=VERTEX_POINT('',#8659);
#2850=VERTEX_POINT('',#8660);
#2851=VERTEX_POINT('',#8665);
#2852=VERTEX_POINT('',#8668);
#2853=VERTEX_POINT('',#8673);
#2854=VERTEX_POINT('',#8675);
#2855=VERTEX_POINT('',#8680);
#2856=VERTEX_POINT('',#8682);
#2857=VERTEX_POINT('',#8684);
#2858=VERTEX_POINT('',#8686);
#2859=VERTEX_POINT('',#8688);
#2860=VERTEX_POINT('',#8690);
#2861=VERTEX_POINT('',#8692);
#2862=VERTEX_POINT('',#8694);
#2863=VERTEX_POINT('',#8699);
#2864=VERTEX_POINT('',#8701);
#2865=VERTEX_POINT('',#8713);
#2866=VERTEX_POINT('',#8714);
#2867=VERTEX_POINT('',#8716);
#2868=VERTEX_POINT('',#8721);
#2869=VERTEX_POINT('',#8728);
#2870=VERTEX_POINT('',#8732);
#2871=VERTEX_POINT('',#8739);
#2872=VERTEX_POINT('',#8741);
#2873=VERTEX_POINT('',#8748);
#2874=VERTEX_POINT('',#8924);
#2875=VERTEX_POINT('',#8925);
#2876=VERTEX_POINT('',#8933);
#2877=VERTEX_POINT('',#8938);
#2878=VERTEX_POINT('',#8943);
#2879=VERTEX_POINT('',#8950);
#2880=VERTEX_POINT('',#8957);
#2881=VERTEX_POINT('',#8964);
#2882=VERTEX_POINT('',#9143);
#2883=VERTEX_POINT('',#9144);
#2884=VERTEX_POINT('',#9158);
#2885=VERTEX_POINT('',#9165);
#2886=VERTEX_POINT('',#9172);
#2887=VERTEX_POINT('',#9179);
#2888=VERTEX_POINT('',#9186);
#2889=VERTEX_POINT('',#9188);
#2890=VERTEX_POINT('',#9195);
#2891=VERTEX_POINT('',#9202);
#2892=VERTEX_POINT('',#9207);
#2893=VERTEX_POINT('',#9214);
#2894=VERTEX_POINT('',#9216);
#2895=VERTEX_POINT('',#9225);
#2896=VERTEX_POINT('',#9226);
#2897=VERTEX_POINT('',#9231);
#2898=VERTEX_POINT('',#9238);
#2899=VERTEX_POINT('',#9240);
#2900=VERTEX_POINT('',#9247);
#2901=VERTEX_POINT('',#9426);
#2902=VERTEX_POINT('',#9427);
#2903=VERTEX_POINT('',#9435);
#2904=VERTEX_POINT('',#9440);
#2905=VERTEX_POINT('',#9445);
#2906=VERTEX_POINT('',#9452);
#2907=VERTEX_POINT('',#9458);
#2908=VERTEX_POINT('',#9465);
#2909=VERTEX_POINT('',#9644);
#2910=VERTEX_POINT('',#9645);
#2911=VERTEX_POINT('',#9660);
#2912=VERTEX_POINT('',#9666);
#2913=VERTEX_POINT('',#9671);
#2914=VERTEX_POINT('',#9676);
#2915=VERTEX_POINT('',#9683);
#2916=VERTEX_POINT('',#9689);
#2917=VERTEX_POINT('',#9696);
#2918=VERTEX_POINT('',#9703);
#2919=VERTEX_POINT('',#9704);
#2920=VERTEX_POINT('',#9716);
#2921=VERTEX_POINT('',#9717);
#2922=VERTEX_POINT('',#9719);
#2923=VERTEX_POINT('',#9721);
#2924=VERTEX_POINT('',#9723);
#2925=VERTEX_POINT('',#9725);
#2926=VERTEX_POINT('',#9737);
#2927=VERTEX_POINT('',#9738);
#2928=VERTEX_POINT('',#9743);
#2929=VERTEX_POINT('',#9745);
#2930=VERTEX_POINT('',#9749);
#2931=VERTEX_POINT('',#9750);
#2932=VERTEX_POINT('',#9755);
#2933=VERTEX_POINT('',#9757);
#2934=VERTEX_POINT('',#9761);
#2935=VERTEX_POINT('',#9762);
#2936=VERTEX_POINT('',#9767);
#2937=VERTEX_POINT('',#9768);
#2938=VERTEX_POINT('',#9770);
#2939=VERTEX_POINT('',#9777);
#2940=VERTEX_POINT('',#9781);
#2941=VERTEX_POINT('',#9782);
#2942=VERTEX_POINT('',#9784);
#2943=VERTEX_POINT('',#9790);
#2944=VERTEX_POINT('',#9794);
#2945=VERTEX_POINT('',#9795);
#2946=VERTEX_POINT('',#9797);
#2947=VERTEX_POINT('',#9799);
#2948=VERTEX_POINT('',#9801);
#2949=VERTEX_POINT('',#9804);
#2950=VERTEX_POINT('',#9809);
#2951=VERTEX_POINT('',#9811);
#2952=VERTEX_POINT('',#9815);
#2953=VERTEX_POINT('',#9816);
#2954=VERTEX_POINT('',#9818);
#2955=VERTEX_POINT('',#9820);
#2956=VERTEX_POINT('',#9822);
#2957=VERTEX_POINT('',#9824);
#2958=VERTEX_POINT('',#9826);
#2959=VERTEX_POINT('',#9828);
#2960=VERTEX_POINT('',#9832);
#2961=VERTEX_POINT('',#9833);
#2962=VERTEX_POINT('',#9835);
#2963=VERTEX_POINT('',#9837);
#2964=VERTEX_POINT('',#9839);
#2965=VERTEX_POINT('',#9841);
#2966=VERTEX_POINT('',#9846);
#2967=VERTEX_POINT('',#9851);
#2968=VERTEX_POINT('',#9854);
#2969=VERTEX_POINT('',#9858);
#2970=VERTEX_POINT('',#9859);
#2971=VERTEX_POINT('',#9861);
#2972=VERTEX_POINT('',#9863);
#2973=VERTEX_POINT('',#9865);
#2974=VERTEX_POINT('',#9871);
#2975=VERTEX_POINT('',#9876);
#2976=VERTEX_POINT('',#9880);
#2977=VERTEX_POINT('',#9881);
#2978=VERTEX_POINT('',#9883);
#2979=VERTEX_POINT('',#9885);
#2980=VERTEX_POINT('',#9888);
#2981=VERTEX_POINT('',#9890);
#2982=VERTEX_POINT('',#9892);
#2983=VERTEX_POINT('',#9894);
#2984=VERTEX_POINT('',#9896);
#2985=VERTEX_POINT('',#9898);
#2986=VERTEX_POINT('',#9900);
#2987=VERTEX_POINT('',#9903);
#2988=VERTEX_POINT('',#9905);
#2989=VERTEX_POINT('',#9908);
#2990=VERTEX_POINT('',#9910);
#2991=VERTEX_POINT('',#9912);
#2992=VERTEX_POINT('',#9914);
#2993=VERTEX_POINT('',#9916);
#2994=VERTEX_POINT('',#9925);
#2995=VERTEX_POINT('',#9927);
#2996=VERTEX_POINT('',#9932);
#2997=VERTEX_POINT('',#9936);
#2998=VERTEX_POINT('',#9948);
#2999=VERTEX_POINT('',#9951);
#3000=VERTEX_POINT('',#9953);
#3001=VERTEX_POINT('',#9955);
#3002=VERTEX_POINT('',#9959);
#3003=VERTEX_POINT('',#9971);
#3004=VERTEX_POINT('',#9974);
#3005=VERTEX_POINT('',#9976);
#3006=VERTEX_POINT('',#9980);
#3007=VERTEX_POINT('',#9981);
#3008=VERTEX_POINT('',#9983);
#3009=VERTEX_POINT('',#9985);
#3010=VERTEX_POINT('',#9987);
#3011=VERTEX_POINT('',#9989);
#3012=VERTEX_POINT('',#9991);
#3013=VERTEX_POINT('',#9993);
#3014=VERTEX_POINT('',#9995);
#3015=VERTEX_POINT('',#9997);
#3016=VERTEX_POINT('',#9999);
#3017=VERTEX_POINT('',#10001);
#3018=VERTEX_POINT('',#10009);
#3019=VERTEX_POINT('',#10010);
#3020=VERTEX_POINT('',#10012);
#3021=VERTEX_POINT('',#10018);
#3022=VERTEX_POINT('',#10026);
#3023=VERTEX_POINT('',#10030);
#3024=VERTEX_POINT('',#10031);
#3025=VERTEX_POINT('',#10033);
#3026=VERTEX_POINT('',#10035);
#3027=VERTEX_POINT('',#10037);
#3028=VERTEX_POINT('',#10039);
#3029=VERTEX_POINT('',#10041);
#3030=VERTEX_POINT('',#10043);
#3031=VERTEX_POINT('',#10045);
#3032=VERTEX_POINT('',#10047);
#3033=VERTEX_POINT('',#10049);
#3034=VERTEX_POINT('',#10051);
#3035=VERTEX_POINT('',#10055);
#3036=VERTEX_POINT('',#10056);
#3037=VERTEX_POINT('',#10096);
#3038=VERTEX_POINT('',#10097);
#3039=VERTEX_POINT('',#10102);
#3040=VERTEX_POINT('',#10107);
#3041=VERTEX_POINT('',#10112);
#3042=VERTEX_POINT('',#10117);
#3043=VERTEX_POINT('',#10132);
#3044=VERTEX_POINT('',#10133);
#3045=VERTEX_POINT('',#10138);
#3046=VERTEX_POINT('',#10144);
#3047=VERTEX_POINT('',#10149);
#3048=VERTEX_POINT('',#10154);
#3049=VERTEX_POINT('',#10156);
#3050=VERTEX_POINT('',#10167);
#3051=VERTEX_POINT('',#10168);
#3052=VERTEX_POINT('',#10173);
#3053=VERTEX_POINT('',#10175);
#3054=VERTEX_POINT('',#10181);
#3055=VERTEX_POINT('',#10184);
#3056=VERTEX_POINT('',#10190);
#3057=VERTEX_POINT('',#10192);
#3058=VERTEX_POINT('',#10196);
#3059=VERTEX_POINT('',#10200);
#3060=VERTEX_POINT('',#10201);
#3061=VERTEX_POINT('',#10203);
#3062=VERTEX_POINT('',#10205);
#3063=VERTEX_POINT('',#10207);
#3064=VERTEX_POINT('',#10209);
#3065=VERTEX_POINT('',#10211);
#3066=VERTEX_POINT('',#10213);
#3067=VERTEX_POINT('',#10215);
#3068=VERTEX_POINT('',#10217);
#3069=VERTEX_POINT('',#10219);
#3070=VERTEX_POINT('',#10221);
#3071=VERTEX_POINT('',#10225);
#3072=VERTEX_POINT('',#10237);
#3073=VERTEX_POINT('',#10246);
#3074=VERTEX_POINT('',#10247);
#3075=VERTEX_POINT('',#10251);
#3076=VERTEX_POINT('',#10254);
#3077=VERTEX_POINT('',#10266);
#3078=VERTEX_POINT('',#10275);
#3079=VERTEX_POINT('',#10277);
#3080=VERTEX_POINT('',#10279);
#3081=VERTEX_POINT('',#10283);
#3082=VERTEX_POINT('',#10295);
#3083=VERTEX_POINT('',#10299);
#3084=VERTEX_POINT('',#10320);
#3085=VERTEX_POINT('',#10324);
#3086=VERTEX_POINT('',#10327);
#3087=VERTEX_POINT('',#10339);
#3088=VERTEX_POINT('',#10345);
#3089=VERTEX_POINT('',#10347);
#3090=VERTEX_POINT('',#10351);
#3091=VERTEX_POINT('',#10352);
#3092=VERTEX_POINT('',#10355);
#3093=VERTEX_POINT('',#10357);
#3094=VERTEX_POINT('',#10362);
#3095=VERTEX_POINT('',#10370);
#3096=VERTEX_POINT('',#10371);
#3097=VERTEX_POINT('',#10373);
#3098=VERTEX_POINT('',#10375);
#3099=VERTEX_POINT('',#10379);
#3100=VERTEX_POINT('',#10380);
#3101=VERTEX_POINT('',#10382);
#3102=VERTEX_POINT('',#10384);
#3103=VERTEX_POINT('',#10390);
#3104=VERTEX_POINT('',#10395);
#3105=VERTEX_POINT('',#10397);
#3106=VERTEX_POINT('',#10401);
#3107=VERTEX_POINT('',#10402);
#3108=VERTEX_POINT('',#10405);
#3109=VERTEX_POINT('',#10443);
#3110=VERTEX_POINT('',#10449);
#3111=VERTEX_POINT('',#10455);
#3112=VERTEX_POINT('',#10460);
#3113=VERTEX_POINT('',#10462);
#3114=VERTEX_POINT('',#10476);
#3115=VERTEX_POINT('',#10485);
#3116=VERTEX_POINT('',#10489);
#3117=VERTEX_POINT('',#10491);
#3118=VERTEX_POINT('',#10493);
#3119=VERTEX_POINT('',#10498);
#3120=VERTEX_POINT('',#10509);
#3121=VERTEX_POINT('',#10514);
#3122=VERTEX_POINT('',#10524);
#3123=VERTEX_POINT('',#10526);
#3124=VERTEX_POINT('',#10528);
#3125=VERTEX_POINT('',#10530);
#3126=VERTEX_POINT('',#10532);
#3127=VERTEX_POINT('',#10534);
#3128=VERTEX_POINT('',#10537);
#3129=VERTEX_POINT('',#10542);
#3130=VERTEX_POINT('',#10547);
#3131=VERTEX_POINT('',#10550);
#3132=VERTEX_POINT('',#10552);
#3133=VERTEX_POINT('',#10554);
#3134=VERTEX_POINT('',#10556);
#3135=VERTEX_POINT('',#10560);
#3136=VERTEX_POINT('',#10561);
#3137=VERTEX_POINT('',#10569);
#3138=VERTEX_POINT('',#10574);
#3139=VERTEX_POINT('',#10576);
#3140=VERTEX_POINT('',#10578);
#3141=VERTEX_POINT('',#10584);
#3142=VERTEX_POINT('',#10588);
#3143=VERTEX_POINT('',#10606);
#3144=VERTEX_POINT('',#10609);
#3145=VERTEX_POINT('',#10621);
#3146=VERTEX_POINT('',#10631);
#3147=VERTEX_POINT('',#10634);
#3148=VERTEX_POINT('',#10646);
#3149=VERTEX_POINT('',#10649);
#3150=VERTEX_POINT('',#10661);
#3151=VERTEX_POINT('',#10671);
#3152=VERTEX_POINT('',#10672);
#3153=VERTEX_POINT('',#10674);
#3154=VERTEX_POINT('',#10676);
#3155=VERTEX_POINT('',#10681);
#3156=VERTEX_POINT('',#10684);
#3157=VERTEX_POINT('',#10686);
#3158=VERTEX_POINT('',#10688);
#3159=VERTEX_POINT('',#10693);
#3160=VERTEX_POINT('',#10703);
#3161=VERTEX_POINT('',#10705);
#3162=VERTEX_POINT('',#10710);
#3163=VERTEX_POINT('',#10715);
#3164=VERTEX_POINT('',#10717);
#3165=VERTEX_POINT('',#10719);
#3166=VERTEX_POINT('',#10723);
#3167=VERTEX_POINT('',#10724);
#3168=VERTEX_POINT('',#10729);
#3169=VERTEX_POINT('',#10731);
#3170=VERTEX_POINT('',#10739);
#3171=VERTEX_POINT('',#10745);
#3172=VERTEX_POINT('',#10753);
#3173=VERTEX_POINT('',#10755);
#3174=VERTEX_POINT('',#10762);
#3175=VERTEX_POINT('',#10769);
#3176=VERTEX_POINT('',#10771);
#3177=VERTEX_POINT('',#10778);
#3178=VERTEX_POINT('',#10779);
#3179=VERTEX_POINT('',#10784);
#3180=VERTEX_POINT('',#10786);
#3181=VERTEX_POINT('',#10792);
#3182=VERTEX_POINT('',#10794);
#3183=VERTEX_POINT('',#10798);
#3184=VERTEX_POINT('',#10799);
#3185=VERTEX_POINT('',#10804);
#3186=VERTEX_POINT('',#10809);
#3187=VERTEX_POINT('',#10811);
#3188=VERTEX_POINT('',#10813);
#3189=VERTEX_POINT('',#10819);
#3190=VERTEX_POINT('',#10826);
#3191=VERTEX_POINT('',#10833);
#3192=VERTEX_POINT('',#10837);
#3193=VERTEX_POINT('',#10841);
#3194=VERTEX_POINT('',#10853);
#3195=VERTEX_POINT('',#10873);
#3196=VERTEX_POINT('',#10875);
#3197=VERTEX_POINT('',#10879);
#3198=VERTEX_POINT('',#10883);
#3199=VERTEX_POINT('',#10893);
#3200=VERTEX_POINT('',#10894);
#3201=VERTEX_POINT('',#10896);
#3202=VERTEX_POINT('',#10900);
#3203=VERTEX_POINT('',#10901);
#3204=VERTEX_POINT('',#10903);
#3205=VERTEX_POINT('',#10905);
#3206=VERTEX_POINT('',#10907);
#3207=VERTEX_POINT('',#10914);
#3208=VERTEX_POINT('',#10915);
#3209=VERTEX_POINT('',#10917);
#3210=VERTEX_POINT('',#10919);
#3211=VERTEX_POINT('',#10921);
#3212=VERTEX_POINT('',#10925);
#3213=VERTEX_POINT('',#10926);
#3214=VERTEX_POINT('',#10928);
#3215=VERTEX_POINT('',#10933);
#3216=VERTEX_POINT('',#10937);
#3217=VERTEX_POINT('',#10938);
#3218=VERTEX_POINT('',#10940);
#3219=VERTEX_POINT('',#10944);
#3220=VERTEX_POINT('',#10945);
#3221=VERTEX_POINT('',#10947);
#3222=VERTEX_POINT('',#10949);
#3223=VERTEX_POINT('',#10951);
#3224=VERTEX_POINT('',#10955);
#3225=VERTEX_POINT('',#10959);
#3226=VERTEX_POINT('',#10964);
#3227=VERTEX_POINT('',#10969);
#3228=VERTEX_POINT('',#10974);
#3229=VERTEX_POINT('',#10979);
#3230=VERTEX_POINT('',#10983);
#3231=VERTEX_POINT('',#10988);
#3232=VERTEX_POINT('',#10996);
#3233=VERTEX_POINT('',#11000);
#3234=VERTEX_POINT('',#11006);
#3235=VERTEX_POINT('',#11011);
#3236=VERTEX_POINT('',#11015);
#3237=VERTEX_POINT('',#11020);
#3238=VERTEX_POINT('',#11025);
#3239=VERTEX_POINT('',#11030);
#3240=VERTEX_POINT('',#11037);
#3241=VERTEX_POINT('',#11042);
#3242=VERTEX_POINT('',#11047);
#3243=VERTEX_POINT('',#11052);
#3244=VERTEX_POINT('',#11057);
#3245=VERTEX_POINT('',#11061);
#3246=VERTEX_POINT('',#11068);
#3247=VERTEX_POINT('',#11905);
#3248=VERTEX_POINT('',#11906);
#3249=VERTEX_POINT('',#11922);
#3250=VERTEX_POINT('',#11947);
#3251=VERTEX_POINT('',#11957);
#3252=VERTEX_POINT('',#11958);
#3253=VERTEX_POINT('',#11972);
#3254=VERTEX_POINT('',#11979);
#3255=VERTEX_POINT('',#11984);
#3256=VERTEX_POINT('',#11999);
#3257=VERTEX_POINT('',#12012);
#3258=VERTEX_POINT('',#12137);
#3259=VERTEX_POINT('',#12139);
#3260=VERTEX_POINT('',#12157);
#3261=VERTEX_POINT('',#12164);
#3262=VERTEX_POINT('',#12166);
#3263=VERTEX_POINT('',#12188);
#3264=VERTEX_POINT('',#12294);
#3265=VERTEX_POINT('',#12301);
#3266=VERTEX_POINT('',#12303);
#3267=VERTEX_POINT('',#12428);
#3268=VERTEX_POINT('',#12430);
#3269=VERTEX_POINT('',#12457);
#3270=VERTEX_POINT('',#12667);
#3271=VERTEX_POINT('',#12859);
#3272=VERTEX_POINT('',#13251);
#3273=VERTEX_POINT('',#13253);
#3274=VERTEX_POINT('',#13257);
#3275=VERTEX_POINT('',#13261);
#3276=VERTEX_POINT('',#13265);
#3277=VERTEX_POINT('',#13269);
#3278=LINE('',#8321,#3556);
#3279=LINE('',#8324,#3557);
#3280=LINE('',#8336,#3558);
#3281=LINE('',#8348,#3559);
#3282=LINE('',#8361,#3560);
#3283=LINE('',#8368,#3561);
#3284=LINE('',#8375,#3562);
#3285=LINE('',#8382,#3563);
#3286=LINE('',#8384,#3564);
#3287=LINE('',#8386,#3565);
#3288=LINE('',#8400,#3566);
#3289=LINE('',#8401,#3567);
#3290=LINE('',#8404,#3568);
#3291=LINE('',#8406,#3569);
#3292=LINE('',#8408,#3570);
#3293=LINE('',#8410,#3571);
#3294=LINE('',#8412,#3572);
#3295=LINE('',#8647,#3573);
#3296=LINE('',#8652,#3574);
#3297=LINE('',#8654,#3575);
#3298=LINE('',#8658,#3576);
#3299=LINE('',#8666,#3577);
#3300=LINE('',#8667,#3578);
#3301=LINE('',#8674,#3579);
#3302=LINE('',#8681,#3580);
#3303=LINE('',#8683,#3581);
#3304=LINE('',#8685,#3582);
#3305=LINE('',#8689,#3583);
#3306=LINE('',#8691,#3584);
#3307=LINE('',#8693,#3585);
#3308=LINE('',#8700,#3586);
#3309=LINE('',#9702,#3587);
#3310=LINE('',#9705,#3588);
#3311=LINE('',#9706,#3589);
#3312=LINE('',#9718,#3590);
#3313=LINE('',#9720,#3591);
#3314=LINE('',#9722,#3592);
#3315=LINE('',#9726,#3593);
#3316=LINE('',#9727,#3594);
#3317=LINE('',#9744,#3595);
#3318=LINE('',#9746,#3596);
#3319=LINE('',#9748,#3597);
#3320=LINE('',#9751,#3598);
#3321=LINE('',#9752,#3599);
#3322=LINE('',#9754,#3600);
#3323=LINE('',#9756,#3601);
#3324=LINE('',#9758,#3602);
#3325=LINE('',#9760,#3603);
#3326=LINE('',#9763,#3604);
#3327=LINE('',#9764,#3605);
#3328=LINE('',#9766,#3606);
#3329=LINE('',#9769,#3607);
#3330=LINE('',#9778,#3608);
#3331=LINE('',#9780,#3609);
#3332=LINE('',#9783,#3610);
#3333=LINE('',#9791,#3611);
#3334=LINE('',#9793,#3612);
#3335=LINE('',#9798,#3613);
#3336=LINE('',#9800,#3614);
#3337=LINE('',#9802,#3615);
#3338=LINE('',#9803,#3616);
#3339=LINE('',#9810,#3617);
#3340=LINE('',#9817,#3618);
#3341=LINE('',#9819,#3619);
#3342=LINE('',#9823,#3620);
#3343=LINE('',#9825,#3621);
#3344=LINE('',#9829,#3622);
#3345=LINE('',#9831,#3623);
#3346=LINE('',#9836,#3624);
#3347=LINE('',#9840,#3625);
#3348=LINE('',#9852,#3626);
#3349=LINE('',#9853,#3627);
#3350=LINE('',#9855,#3628);
#3351=LINE('',#9860,#3629);
#3352=LINE('',#9862,#3630);
#3353=LINE('',#9866,#3631);
#3354=LINE('',#9877,#3632);
#3355=LINE('',#9879,#3633);
#3356=LINE('',#9882,#3634);
#3357=LINE('',#9886,#3635);
#3358=LINE('',#9887,#3636);
#3359=LINE('',#9889,#3637);
#3360=LINE('',#9891,#3638);
#3361=LINE('',#9895,#3639);
#3362=LINE('',#9899,#3640);
#3363=LINE('',#9901,#3641);
#3364=LINE('',#9902,#3642);
#3365=LINE('',#9906,#3643);
#3366=LINE('',#9907,#3644);
#3367=LINE('',#9909,#3645);
#3368=LINE('',#9911,#3646);
#3369=LINE('',#9913,#3647);
#3370=LINE('',#9917,#3648);
#3371=LINE('',#9926,#3649);
#3372=LINE('',#9952,#3650);
#3373=LINE('',#9956,#3651);
#3374=LINE('',#9977,#3652);
#3375=LINE('',#9979,#3653);
#3376=LINE('',#9982,#3654);
#3377=LINE('',#9984,#3655);
#3378=LINE('',#9986,#3656);
#3379=LINE('',#9988,#3657);
#3380=LINE('',#9990,#3658);
#3381=LINE('',#9992,#3659);
#3382=LINE('',#9994,#3660);
#3383=LINE('',#9996,#3661);
#3384=LINE('',#9998,#3662);
#3385=LINE('',#10000,#3663);
#3386=LINE('',#10027,#3664);
#3387=LINE('',#10029,#3665);
#3388=LINE('',#10032,#3666);
#3389=LINE('',#10034,#3667);
#3390=LINE('',#10036,#3668);
#3391=LINE('',#10038,#3669);
#3392=LINE('',#10040,#3670);
#3393=LINE('',#10042,#3671);
#3394=LINE('',#10044,#3672);
#3395=LINE('',#10046,#3673);
#3396=LINE('',#10048,#3674);
#3397=LINE('',#10050,#3675);
#3398=LINE('',#10054,#3676);
#3399=LINE('',#10057,#3677);
#3400=LINE('',#10058,#3678);
#3401=LINE('',#10118,#3679);
#3402=LINE('',#10155,#3680);
#3403=LINE('',#10195,#3681);
#3404=LINE('',#10197,#3682);
#3405=LINE('',#10199,#3683);
#3406=LINE('',#10202,#3684);
#3407=LINE('',#10204,#3685);
#3408=LINE('',#10206,#3686);
#3409=LINE('',#10208,#3687);
#3410=LINE('',#10210,#3688);
#3411=LINE('',#10212,#3689);
#3412=LINE('',#10214,#3690);
#3413=LINE('',#10216,#3691);
#3414=LINE('',#10218,#3692);
#3415=LINE('',#10220,#3693);
#3416=LINE('',#10248,#3694);
#3417=LINE('',#10249,#3695);
#3418=LINE('',#10276,#3696);
#3419=LINE('',#10280,#3697);
#3420=LINE('',#10344,#3698);
#3421=LINE('',#10346,#3699);
#3422=LINE('',#10348,#3700);
#3423=LINE('',#10350,#3701);
#3424=LINE('',#10353,#3702);
#3425=LINE('',#10356,#3703);
#3426=LINE('',#10367,#3704);
#3427=LINE('',#10372,#3705);
#3428=LINE('',#10374,#3706);
#3429=LINE('',#10376,#3707);
#3430=LINE('',#10378,#3708);
#3431=LINE('',#10381,#3709);
#3432=LINE('',#10383,#3710);
#3433=LINE('',#10385,#3711);
#3434=LINE('',#10396,#3712);
#3435=LINE('',#10400,#3713);
#3436=LINE('',#10461,#3714);
#3437=LINE('',#10475,#3715);
#3438=LINE('',#10486,#3716);
#3439=LINE('',#10488,#3717);
#3440=LINE('',#10490,#3718);
#3441=LINE('',#10492,#3719);
#3442=LINE('',#10503,#3720);
#3443=LINE('',#10523,#3721);
#3444=LINE('',#10525,#3722);
#3445=LINE('',#10527,#3723);
#3446=LINE('',#10531,#3724);
#3447=LINE('',#10533,#3725);
#3448=LINE('',#10535,#3726);
#3449=LINE('',#10536,#3727);
#3450=LINE('',#10548,#3728);
#3451=LINE('',#10549,#3729);
#3452=LINE('',#10553,#3730);
#3453=LINE('',#10557,#3731);
#3454=LINE('',#10559,#3732);
#3455=LINE('',#10562,#3733);
#3456=LINE('',#10563,#3734);
#3457=LINE('',#10575,#3735);
#3458=LINE('',#10577,#3736);
#3459=LINE('',#10579,#3737);
#3460=LINE('',#10580,#3738);
#3461=LINE('',#10582,#3739);
#3462=LINE('',#10583,#3740);
#3463=LINE('',#10585,#3741);
#3464=LINE('',#10587,#3742);
#3465=LINE('',#10601,#3743);
#3466=LINE('',#10602,#3744);
#3467=LINE('',#10648,#3745);
#3468=LINE('',#10662,#3746);
#3469=LINE('',#10664,#3747);
#3470=LINE('',#10665,#3748);
#3471=LINE('',#10667,#3749);
#3472=LINE('',#10668,#3750);
#3473=LINE('',#10670,#3751);
#3474=LINE('',#10675,#3752);
#3475=LINE('',#10682,#3753);
#3476=LINE('',#10683,#3754);
#3477=LINE('',#10685,#3755);
#3478=LINE('',#10687,#3756);
#3479=LINE('',#10704,#3757);
#3480=LINE('',#10716,#3758);
#3481=LINE('',#10718,#3759);
#3482=LINE('',#10720,#3760);
#3483=LINE('',#10722,#3761);
#3484=LINE('',#10770,#3762);
#3485=LINE('',#10785,#3763);
#3486=LINE('',#10791,#3764);
#3487=LINE('',#10793,#3765);
#3488=LINE('',#10795,#3766);
#3489=LINE('',#10797,#3767);
#3490=LINE('',#10810,#3768);
#3491=LINE('',#10812,#3769);
#3492=LINE('',#10814,#3770);
#3493=LINE('',#10820,#3771);
#3494=LINE('',#10840,#3772);
#3495=LINE('',#10854,#3773);
#3496=LINE('',#10856,#3774);
#3497=LINE('',#10857,#3775);
#3498=LINE('',#10859,#3776);
#3499=LINE('',#10860,#3777);
#3500=LINE('',#10885,#3778);
#3501=LINE('',#10886,#3779);
#3502=LINE('',#10888,#3780);
#3503=LINE('',#10890,#3781);
#3504=LINE('',#10892,#3782);
#3505=LINE('',#10895,#3783);
#3506=LINE('',#10899,#3784);
#3507=LINE('',#10904,#3785);
#3508=LINE('',#10913,#3786);
#3509=LINE('',#10918,#3787);
#3510=LINE('',#10920,#3788);
#3511=LINE('',#10922,#3789);
#3512=LINE('',#10924,#3790);
#3513=LINE('',#10927,#3791);
#3514=LINE('',#10939,#3792);
#3515=LINE('',#10941,#3793);
#3516=LINE('',#10943,#3794);
#3517=LINE('',#10946,#3795);
#3518=LINE('',#10950,#3796);
#3519=LINE('',#10952,#3797);
#3520=LINE('',#10954,#3798);
#3521=LINE('',#10958,#3799);
#3522=LINE('',#10963,#3800);
#3523=LINE('',#10968,#3801);
#3524=LINE('',#10973,#3802);
#3525=LINE('',#10980,#3803);
#3526=LINE('',#10982,#3804);
#3527=LINE('',#10989,#3805);
#3528=LINE('',#10995,#3806);
#3529=LINE('',#10999,#3807);
#3530=LINE('',#11005,#3808);
#3531=LINE('',#11010,#3809);
#3532=LINE('',#11014,#3810);
#3533=LINE('',#11021,#3811);
#3534=LINE('',#11024,#3812);
#3535=LINE('',#11031,#3813);
#3536=LINE('',#11036,#3814);
#3537=LINE('',#11041,#3815);
#3538=LINE('',#11046,#3816);
#3539=LINE('',#11051,#3817);
#3540=LINE('',#11056,#3818);
#3541=LINE('',#11060,#3819);
#3542=LINE('',#11065,#3820);
#3543=LINE('',#11067,#3821);
#3544=LINE('',#13250,#3822);
#3545=LINE('',#13252,#3823);
#3546=LINE('',#13254,#3824);
#3547=LINE('',#13256,#3825);
#3548=LINE('',#13258,#3826);
#3549=LINE('',#13260,#3827);
#3550=LINE('',#13262,#3828);
#3551=LINE('',#13264,#3829);
#3552=LINE('',#13266,#3830);
#3553=LINE('',#13268,#3831);
#3554=LINE('',#13270,#3832);
#3555=LINE('',#13272,#3833);
#3556=VECTOR('',#7205,1.);
#3557=VECTOR('',#7206,1.);
#3558=VECTOR('',#7207,1.);
#3559=VECTOR('',#7208,1.);
#3560=VECTOR('',#7209,1.);
#3561=VECTOR('',#7210,1.);
#3562=VECTOR('',#7211,1.);
#3563=VECTOR('',#7212,1.);
#3564=VECTOR('',#7213,1.);
#3565=VECTOR('',#7214,1.);
#3566=VECTOR('',#7215,1.);
#3567=VECTOR('',#7216,1.);
#3568=VECTOR('',#7217,1.);
#3569=VECTOR('',#7218,1.);
#3570=VECTOR('',#7219,1.);
#3571=VECTOR('',#7220,1.);
#3572=VECTOR('',#7221,1.);
#3573=VECTOR('',#7224,1.);
#3574=VECTOR('',#7227,1.);
#3575=VECTOR('',#7228,1.);
#3576=VECTOR('',#7233,1.);
#3577=VECTOR('',#7234,1.);
#3578=VECTOR('',#7235,1.);
#3579=VECTOR('',#7236,1.);
#3580=VECTOR('',#7237,1.);
#3581=VECTOR('',#7238,1.);
#3582=VECTOR('',#7239,1.);
#3583=VECTOR('',#7242,1.);
#3584=VECTOR('',#7243,1.);
#3585=VECTOR('',#7244,1.);
#3586=VECTOR('',#7245,1.);
#3587=VECTOR('',#7284,1.);
#3588=VECTOR('',#7285,1.);
#3589=VECTOR('',#7286,1.);
#3590=VECTOR('',#7289,1.);
#3591=VECTOR('',#7290,1.);
#3592=VECTOR('',#7291,1.);
#3593=VECTOR('',#7294,1.);
#3594=VECTOR('',#7295,1.);
#3595=VECTOR('',#7298,1.);
#3596=VECTOR('',#7299,1.);
#3597=VECTOR('',#7302,1.);
#3598=VECTOR('',#7303,1.);
#3599=VECTOR('',#7304,1.);
#3600=VECTOR('',#7307,1.);
#3601=VECTOR('',#7308,1.);
#3602=VECTOR('',#7309,1.);
#3603=VECTOR('',#7312,1.);
#3604=VECTOR('',#7313,1.);
#3605=VECTOR('',#7314,1.);
#3606=VECTOR('',#7317,1.);
#3607=VECTOR('',#7318,1.);
#3608=VECTOR('',#7319,1.);
#3609=VECTOR('',#7322,1.);
#3610=VECTOR('',#7323,1.);
#3611=VECTOR('',#7324,1.);
#3612=VECTOR('',#7327,1.);
#3613=VECTOR('',#7330,1.);
#3614=VECTOR('',#7331,1.);
#3615=VECTOR('',#7332,1.);
#3616=VECTOR('',#7333,1.);
#3617=VECTOR('',#7334,1.);
#3618=VECTOR('',#7341,1.);
#3619=VECTOR('',#7342,1.);
#3620=VECTOR('',#7345,1.);
#3621=VECTOR('',#7346,1.);
#3622=VECTOR('',#7349,1.);
#3623=VECTOR('',#7352,1.);
#3624=VECTOR('',#7355,1.);
#3625=VECTOR('',#7358,1.);
#3626=VECTOR('',#7359,1.);
#3627=VECTOR('',#7360,1.);
#3628=VECTOR('',#7361,1.);
#3629=VECTOR('',#7366,1.);
#3630=VECTOR('',#7367,1.);
#3631=VECTOR('',#7370,1.);
#3632=VECTOR('',#7371,1.);
#3633=VECTOR('',#7374,1.);
#3634=VECTOR('',#7375,1.);
#3635=VECTOR('',#7378,1.);
#3636=VECTOR('',#7379,1.);
#3637=VECTOR('',#7380,1.);
#3638=VECTOR('',#7381,1.);
#3639=VECTOR('',#7384,1.);
#3640=VECTOR('',#7387,1.);
#3641=VECTOR('',#7388,1.);
#3642=VECTOR('',#7389,1.);
#3643=VECTOR('',#7392,1.);
#3644=VECTOR('',#7393,1.);
#3645=VECTOR('',#7394,1.);
#3646=VECTOR('',#7395,1.);
#3647=VECTOR('',#7396,1.);
#3648=VECTOR('',#7399,1.);
#3649=VECTOR('',#7402,1.);
#3650=VECTOR('',#7413,1.);
#3651=VECTOR('',#7416,1.);
#3652=VECTOR('',#7427,1.);
#3653=VECTOR('',#7430,1.);
#3654=VECTOR('',#7431,1.);
#3655=VECTOR('',#7432,1.);
#3656=VECTOR('',#7433,1.);
#3657=VECTOR('',#7434,1.);
#3658=VECTOR('',#7435,1.);
#3659=VECTOR('',#7436,1.);
#3660=VECTOR('',#7437,1.);
#3661=VECTOR('',#7438,1.);
#3662=VECTOR('',#7439,1.);
#3663=VECTOR('',#7440,1.);
#3664=VECTOR('',#7447,1.);
#3665=VECTOR('',#7450,1.);
#3666=VECTOR('',#7451,1.);
#3667=VECTOR('',#7452,1.);
#3668=VECTOR('',#7453,1.);
#3669=VECTOR('',#7454,1.);
#3670=VECTOR('',#7455,1.);
#3671=VECTOR('',#7456,1.);
#3672=VECTOR('',#7457,1.);
#3673=VECTOR('',#7458,1.);
#3674=VECTOR('',#7459,1.);
#3675=VECTOR('',#7460,1.);
#3676=VECTOR('',#7465,1.);
#3677=VECTOR('',#7466,1.);
#3678=VECTOR('',#7467,1.);
#3679=VECTOR('',#7468,1.);
#3680=VECTOR('',#7469,1.);
#3681=VECTOR('',#7484,1.);
#3682=VECTOR('',#7485,1.);
#3683=VECTOR('',#7488,1.);
#3684=VECTOR('',#7489,1.);
#3685=VECTOR('',#7490,1.);
#3686=VECTOR('',#7491,1.);
#3687=VECTOR('',#7492,1.);
#3688=VECTOR('',#7493,1.);
#3689=VECTOR('',#7494,1.);
#3690=VECTOR('',#7495,1.);
#3691=VECTOR('',#7496,1.);
#3692=VECTOR('',#7497,1.);
#3693=VECTOR('',#7498,1.);
#3694=VECTOR('',#7507,1.);
#3695=VECTOR('',#7508,1.);
#3696=VECTOR('',#7517,1.);
#3697=VECTOR('',#7520,1.);
#3698=VECTOR('',#7549,1.);
#3699=VECTOR('',#7550,1.);
#3700=VECTOR('',#7551,1.);
#3701=VECTOR('',#7554,1.);
#3702=VECTOR('',#7555,1.);
#3703=VECTOR('',#7558,1.);
#3704=VECTOR('',#7559,1.);
#3705=VECTOR('',#7564,1.);
#3706=VECTOR('',#7565,1.);
#3707=VECTOR('',#7566,1.);
#3708=VECTOR('',#7569,1.);
#3709=VECTOR('',#7570,1.);
#3710=VECTOR('',#7571,1.);
#3711=VECTOR('',#7572,1.);
#3712=VECTOR('',#7573,1.);
#3713=VECTOR('',#7578,1.);
#3714=VECTOR('',#7583,1.);
#3715=VECTOR('',#7586,1.);
#3716=VECTOR('',#7587,1.);
#3717=VECTOR('',#7590,1.);
#3718=VECTOR('',#7591,1.);
#3719=VECTOR('',#7592,1.);
#3720=VECTOR('',#7593,1.);
#3721=VECTOR('',#7596,1.);
#3722=VECTOR('',#7597,1.);
#3723=VECTOR('',#7598,1.);
#3724=VECTOR('',#7601,1.);
#3725=VECTOR('',#7602,1.);
#3726=VECTOR('',#7603,1.);
#3727=VECTOR('',#7604,1.);
#3728=VECTOR('',#7605,1.);
#3729=VECTOR('',#7606,1.);
#3730=VECTOR('',#7609,1.);
#3731=VECTOR('',#7612,1.);
#3732=VECTOR('',#7615,1.);
#3733=VECTOR('',#7616,1.);
#3734=VECTOR('',#7617,1.);
#3735=VECTOR('',#7620,1.);
#3736=VECTOR('',#7621,1.);
#3737=VECTOR('',#7622,1.);
#3738=VECTOR('',#7623,1.);
#3739=VECTOR('',#7626,1.);
#3740=VECTOR('',#7627,1.);
#3741=VECTOR('',#7628,1.);
#3742=VECTOR('',#7631,1.);
#3743=VECTOR('',#7634,1.);
#3744=VECTOR('',#7635,1.);
#3745=VECTOR('',#7656,1.);
#3746=VECTOR('',#7657,1.);
#3747=VECTOR('',#7660,1.);
#3748=VECTOR('',#7661,1.);
#3749=VECTOR('',#7664,1.);
#3750=VECTOR('',#7665,1.);
#3751=VECTOR('',#7668,1.);
#3752=VECTOR('',#7671,1.);
#3753=VECTOR('',#7672,1.);
#3754=VECTOR('',#7673,1.);
#3755=VECTOR('',#7674,1.);
#3756=VECTOR('',#7675,1.);
#3757=VECTOR('',#7678,1.);
#3758=VECTOR('',#7679,1.);
#3759=VECTOR('',#7680,1.);
#3760=VECTOR('',#7681,1.);
#3761=VECTOR('',#7684,1.);
#3762=VECTOR('',#7689,1.);
#3763=VECTOR('',#7694,1.);
#3764=VECTOR('',#7695,1.);
#3765=VECTOR('',#7696,1.);
#3766=VECTOR('',#7697,1.);
#3767=VECTOR('',#7700,1.);
#3768=VECTOR('',#7701,1.);
#3769=VECTOR('',#7702,1.);
#3770=VECTOR('',#7703,1.);
#3771=VECTOR('',#7704,1.);
#3772=VECTOR('',#7721,1.);
#3773=VECTOR('',#7722,1.);
#3774=VECTOR('',#7725,1.);
#3775=VECTOR('',#7726,1.);
#3776=VECTOR('',#7729,1.);
#3777=VECTOR('',#7730,1.);
#3778=VECTOR('',#7749,1.);
#3779=VECTOR('',#7750,1.);
#3780=VECTOR('',#7753,1.);
#3781=VECTOR('',#7756,1.);
#3782=VECTOR('',#7759,1.);
#3783=VECTOR('',#7760,1.);
#3784=VECTOR('',#7765,1.);
#3785=VECTOR('',#7768,1.);
#3786=VECTOR('',#7773,1.);
#3787=VECTOR('',#7776,1.);
#3788=VECTOR('',#7777,1.);
#3789=VECTOR('',#7778,1.);
#3790=VECTOR('',#7781,1.);
#3791=VECTOR('',#7782,1.);
#3792=VECTOR('',#7789,1.);
#3793=VECTOR('',#7790,1.);
#3794=VECTOR('',#7793,1.);
#3795=VECTOR('',#7794,1.);
#3796=VECTOR('',#7797,1.);
#3797=VECTOR('',#7798,1.);
#3798=VECTOR('',#7801,1.);
#3799=VECTOR('',#7806,1.);
#3800=VECTOR('',#7813,1.);
#3801=VECTOR('',#7820,1.);
#3802=VECTOR('',#7827,1.);
#3803=VECTOR('',#7836,1.);
#3804=VECTOR('',#7839,1.);
#3805=VECTOR('',#7848,1.);
#3806=VECTOR('',#7859,1.);
#3807=VECTOR('',#7864,1.);
#3808=VECTOR('',#7873,1.);
#3809=VECTOR('',#7880,1.);
#3810=VECTOR('',#7885,1.);
#3811=VECTOR('',#7894,1.);
#3812=VECTOR('',#7899,1.);
#3813=VECTOR('',#7908,1.);
#3814=VECTOR('',#7917,1.);
#3815=VECTOR('',#7924,1.);
#3816=VECTOR('',#7931,1.);
#3817=VECTOR('',#7938,1.);
#3818=VECTOR('',#7945,1.);
#3819=VECTOR('',#7950,1.);
#3820=VECTOR('',#7957,1.);
#3821=VECTOR('',#7960,1.);
#3822=VECTOR('',#8283,1.);
#3823=VECTOR('',#8284,1.);
#3824=VECTOR('',#8285,1.);
#3825=VECTOR('',#8288,1.);
#3826=VECTOR('',#8289,1.);
#3827=VECTOR('',#8292,1.);
#3828=VECTOR('',#8293,1.);
#3829=VECTOR('',#8296,1.);
#3830=VECTOR('',#8297,1.);
#3831=VECTOR('',#8300,1.);
#3832=VECTOR('',#8301,1.);
#3833=VECTOR('',#8304,1.);
#3834=EDGE_LOOP('',(#636,#637,#638,#639,#640,#641,#642,#643,#644,#645,#646,
#647,#648,#649,#650,#651,#652,#653,#654,#655));
#3835=EDGE_LOOP('',(#656,#657,#658,#659,#660,#661));
#3836=EDGE_LOOP('',(#662,#663,#664,#665,#666,#667,#668,#669,#670,#671));
#3837=EDGE_LOOP('',(#672,#673,#674,#675,#676));
#3838=EDGE_LOOP('',(#677,#678,#679,#680,#681,#682,#683,#684,#685,#686,#687,
#688,#689,#690,#691,#692,#693,#694));
#3839=EDGE_LOOP('',(#695,#696,#697));
#3840=EDGE_LOOP('',(#698,#699,#700,#701,#702));
#3841=EDGE_LOOP('',(#703,#704,#705,#706,#707,#708));
#3842=EDGE_LOOP('',(#709,#710,#711,#712,#713,#714,#715,#716));
#3843=EDGE_LOOP('',(#717,#718,#719,#720,#721,#722,#723,#724));
#3844=EDGE_LOOP('',(#725,#726,#727,#728,#729,#730));
#3845=EDGE_LOOP('',(#731,#732,#733,#734,#735,#736));
#3846=EDGE_LOOP('',(#737,#738,#739,#740,#741,#742));
#3847=EDGE_LOOP('',(#743,#744,#745,#746,#747,#748,#749,#750));
#3848=EDGE_LOOP('',(#751,#752,#753,#754,#755,#756,#757,#758,#759));
#3849=EDGE_LOOP('',(#760,#761,#762,#763));
#3850=EDGE_LOOP('',(#764,#765,#766,#767,#768,#769,#770));
#3851=EDGE_LOOP('',(#771,#772,#773,#774));
#3852=EDGE_LOOP('',(#775,#776,#777,#778));
#3853=EDGE_LOOP('',(#779,#780,#781,#782));
#3854=EDGE_LOOP('',(#783,#784,#785,#786));
#3855=EDGE_LOOP('',(#787,#788,#789,#790));
#3856=EDGE_LOOP('',(#791,#792,#793,#794));
#3857=EDGE_LOOP('',(#795,#796,#797,#798,#799,#800,#801,#802,#803,#804));
#3858=EDGE_LOOP('',(#805,#806,#807,#808,#809,#810,#811,#812));
#3859=EDGE_LOOP('',(#813,#814,#815,#816,#817,#818,#819,#820,#821,#822,#823,
#824));
#3860=EDGE_LOOP('',(#825,#826,#827,#828,#829,#830,#831,#832,#833));
#3861=EDGE_LOOP('',(#834,#835,#836,#837,#838,#839,#840,#841,#842,#843,#844,
#845,#846,#847,#848,#849,#850,#851,#852,#853,#854,#855,#856));
#3862=EDGE_LOOP('',(#857,#858,#859,#860,#861));
#3863=EDGE_LOOP('',(#862));
#3864=EDGE_LOOP('',(#863));
#3865=EDGE_LOOP('',(#864));
#3866=EDGE_LOOP('',(#865,#866,#867,#868));
#3867=EDGE_LOOP('',(#869));
#3868=EDGE_LOOP('',(#870));
#3869=EDGE_LOOP('',(#871));
#3870=EDGE_LOOP('',(#872,#873,#874,#875));
#3871=EDGE_LOOP('',(#876,#877,#878,#879,#880,#881,#882,#883,#884,#885,#886,
#887));
#3872=EDGE_LOOP('',(#888,#889,#890,#891,#892));
#3873=EDGE_LOOP('',(#893,#894,#895,#896,#897,#898,#899,#900,#901,#902,#903,
#904));
#3874=EDGE_LOOP('',(#905,#906,#907,#908));
#3875=EDGE_LOOP('',(#909,#910,#911));
#3876=EDGE_LOOP('',(#912,#913,#914));
#3877=EDGE_LOOP('',(#915,#916,#917,#918,#919,#920));
#3878=EDGE_LOOP('',(#921,#922,#923,#924,#925,#926,#927));
#3879=EDGE_LOOP('',(#928,#929,#930,#931,#932,#933,#934,#935,#936,#937));
#3880=EDGE_LOOP('',(#938,#939,#940,#941));
#3881=EDGE_LOOP('',(#942,#943,#944,#945,#946,#947,#948,#949,#950,#951,#952,
#953));
#3882=EDGE_LOOP('',(#954));
#3883=EDGE_LOOP('',(#955));
#3884=EDGE_LOOP('',(#956,#957,#958,#959));
#3885=EDGE_LOOP('',(#960));
#3886=EDGE_LOOP('',(#961));
#3887=EDGE_LOOP('',(#962));
#3888=EDGE_LOOP('',(#963,#964,#965,#966,#967,#968));
#3889=EDGE_LOOP('',(#969));
#3890=EDGE_LOOP('',(#970));
#3891=EDGE_LOOP('',(#971,#972,#973,#974,#975,#976));
#3892=EDGE_LOOP('',(#977));
#3893=EDGE_LOOP('',(#978));
#3894=EDGE_LOOP('',(#979));
#3895=EDGE_LOOP('',(#980));
#3896=EDGE_LOOP('',(#981,#982,#983,#984,#985,#986));
#3897=EDGE_LOOP('',(#987,#988,#989,#990));
#3898=EDGE_LOOP('',(#991,#992,#993,#994,#995,#996,#997,#998,#999,#1000,
#1001));
#3899=EDGE_LOOP('',(#1002,#1003,#1004,#1005));
#3900=EDGE_LOOP('',(#1006,#1007,#1008,#1009,#1010,#1011,#1012,#1013,#1014,
#1015,#1016));
#3901=EDGE_LOOP('',(#1017,#1018,#1019,#1020,#1021,#1022));
#3902=EDGE_LOOP('',(#1023,#1024,#1025,#1026));
#3903=EDGE_LOOP('',(#1027,#1028,#1029,#1030,#1031,#1032,#1033));
#3904=EDGE_LOOP('',(#1034,#1035,#1036,#1037,#1038,#1039));
#3905=EDGE_LOOP('',(#1040,#1041,#1042,#1043,#1044,#1045,#1046,#1047,#1048,
#1049));
#3906=EDGE_LOOP('',(#1050,#1051,#1052,#1053,#1054,#1055,#1056,#1057,#1058,
#1059,#1060,#1061,#1062,#1063,#1064,#1065,#1066,#1067,#1068,#1069,#1070,
#1071,#1072,#1073,#1074,#1075,#1076,#1077));
#3907=EDGE_LOOP('',(#1078,#1079,#1080,#1081));
#3908=EDGE_LOOP('',(#1082,#1083,#1084,#1085,#1086,#1087,#1088,#1089,#1090,
#1091));
#3909=EDGE_LOOP('',(#1092,#1093,#1094,#1095,#1096));
#3910=EDGE_LOOP('',(#1097,#1098,#1099,#1100));
#3911=EDGE_LOOP('',(#1101,#1102,#1103,#1104,#1105));
#3912=EDGE_LOOP('',(#1106,#1107,#1108,#1109));
#3913=EDGE_LOOP('',(#1110));
#3914=EDGE_LOOP('',(#1111));
#3915=EDGE_LOOP('',(#1112));
#3916=EDGE_LOOP('',(#1113,#1114,#1115,#1116));
#3917=EDGE_LOOP('',(#1117));
#3918=EDGE_LOOP('',(#1118));
#3919=EDGE_LOOP('',(#1119));
#3920=EDGE_LOOP('',(#1120,#1121,#1122,#1123));
#3921=EDGE_LOOP('',(#1124,#1125,#1126,#1127,#1128));
#3922=EDGE_LOOP('',(#1129,#1130,#1131,#1132,#1133));
#3923=EDGE_LOOP('',(#1134,#1135,#1136,#1137,#1138,#1139,#1140,#1141,#1142,
#1143,#1144));
#3924=EDGE_LOOP('',(#1145,#1146,#1147,#1148,#1149,#1150,#1151,#1152,#1153));
#3925=EDGE_LOOP('',(#1154,#1155,#1156,#1157,#1158,#1159,#1160,#1161,#1162,
#1163,#1164));
#3926=EDGE_LOOP('',(#1165,#1166,#1167,#1168,#1169,#1170,#1171,#1172,#1173));
#3927=EDGE_LOOP('',(#1174,#1175,#1176,#1177,#1178,#1179,#1180,#1181,#1182,
#1183));
#3928=EDGE_LOOP('',(#1184,#1185,#1186));
#3929=EDGE_LOOP('',(#1187));
#3930=EDGE_LOOP('',(#1188));
#3931=EDGE_LOOP('',(#1189));
#3932=EDGE_LOOP('',(#1190));
#3933=EDGE_LOOP('',(#1191,#1192,#1193,#1194));
#3934=EDGE_LOOP('',(#1195));
#3935=EDGE_LOOP('',(#1196));
#3936=EDGE_LOOP('',(#1197));
#3937=EDGE_LOOP('',(#1198));
#3938=EDGE_LOOP('',(#1199,#1200,#1201,#1202));
#3939=EDGE_LOOP('',(#1203));
#3940=EDGE_LOOP('',(#1204));
#3941=EDGE_LOOP('',(#1205,#1206,#1207,#1208));
#3942=EDGE_LOOP('',(#1209,#1210,#1211,#1212,#1213));
#3943=EDGE_LOOP('',(#1214,#1215,#1216,#1217,#1218));
#3944=EDGE_LOOP('',(#1219));
#3945=EDGE_LOOP('',(#1220));
#3946=EDGE_LOOP('',(#1221));
#3947=EDGE_LOOP('',(#1222,#1223,#1224,#1225));
#3948=EDGE_LOOP('',(#1226));
#3949=EDGE_LOOP('',(#1227));
#3950=EDGE_LOOP('',(#1228));
#3951=EDGE_LOOP('',(#1229,#1230,#1231,#1232));
#3952=EDGE_LOOP('',(#1233));
#3953=EDGE_LOOP('',(#1234));
#3954=EDGE_LOOP('',(#1235,#1236,#1237,#1238));
#3955=EDGE_LOOP('',(#1239,#1240,#1241,#1242,#1243));
#3956=EDGE_LOOP('',(#1244,#1245,#1246,#1247,#1248));
#3957=EDGE_LOOP('',(#1249,#1250,#1251));
#3958=EDGE_LOOP('',(#1252,#1253,#1254,#1255,#1256));
#3959=EDGE_LOOP('',(#1257,#1258,#1259,#1260,#1261));
#3960=EDGE_LOOP('',(#1262,#1263,#1264,#1265));
#3961=EDGE_LOOP('',(#1266,#1267,#1268));
#3962=EDGE_LOOP('',(#1269,#1270,#1271,#1272,#1273));
#3963=EDGE_LOOP('',(#1274,#1275,#1276,#1277,#1278));
#3964=EDGE_LOOP('',(#1279,#1280,#1281,#1282,#1283,#1284));
#3965=EDGE_LOOP('',(#1285,#1286,#1287,#1288,#1289,#1290));
#3966=EDGE_LOOP('',(#1291,#1292,#1293,#1294,#1295,#1296));
#3967=EDGE_LOOP('',(#1297,#1298,#1299,#1300,#1301,#1302));
#3968=EDGE_LOOP('',(#1303,#1304,#1305,#1306,#1307));
#3969=EDGE_LOOP('',(#1308,#1309,#1310,#1311,#1312,#1313));
#3970=EDGE_LOOP('',(#1314,#1315,#1316,#1317,#1318,#1319));
#3971=EDGE_LOOP('',(#1320,#1321,#1322,#1323,#1324,#1325));
#3972=EDGE_LOOP('',(#1326,#1327,#1328,#1329,#1330));
#3973=EDGE_LOOP('',(#1331,#1332,#1333,#1334,#1335,#1336));
#3974=EDGE_LOOP('',(#1337,#1338,#1339,#1340,#1341,#1342));
#3975=EDGE_LOOP('',(#1343,#1344,#1345,#1346,#1347,#1348));
#3976=EDGE_LOOP('',(#1349,#1350,#1351,#1352,#1353,#1354));
#3977=EDGE_LOOP('',(#1355,#1356,#1357,#1358,#1359));
#3978=EDGE_LOOP('',(#1360,#1361,#1362,#1363,#1364,#1365));
#3979=EDGE_LOOP('',(#1366,#1367,#1368,#1369,#1370,#1371));
#3980=EDGE_LOOP('',(#1372,#1373,#1374,#1375,#1376,#1377));
#3981=EDGE_LOOP('',(#1378,#1379,#1380,#1381,#1382));
#3982=EDGE_LOOP('',(#1383,#1384,#1385,#1386,#1387,#1388));
#3983=EDGE_LOOP('',(#1389,#1390,#1391,#1392,#1393,#1394));
#3984=EDGE_LOOP('',(#1395,#1396,#1397,#1398,#1399,#1400));
#3985=EDGE_LOOP('',(#1401,#1402,#1403,#1404,#1405,#1406));
#3986=EDGE_LOOP('',(#1407,#1408,#1409,#1410,#1411,#1412));
#3987=EDGE_LOOP('',(#1413,#1414,#1415,#1416));
#3988=EDGE_LOOP('',(#1417,#1418,#1419,#1420,#1421,#1422));
#3989=EDGE_LOOP('',(#1423,#1424,#1425,#1426,#1427,#1428));
#3990=EDGE_LOOP('',(#1429,#1430,#1431,#1432,#1433,#1434,#1435,#1436));
#3991=EDGE_LOOP('',(#1437));
#3992=EDGE_LOOP('',(#1438));
#3993=EDGE_LOOP('',(#1439));
#3994=EDGE_LOOP('',(#1440));
#3995=EDGE_LOOP('',(#1441,#1442,#1443,#1444,#1445,#1446,#1447,#1448));
#3996=EDGE_LOOP('',(#1449,#1450,#1451,#1452,#1453,#1454));
#3997=EDGE_LOOP('',(#1455));
#3998=EDGE_LOOP('',(#1456));
#3999=EDGE_LOOP('',(#1457));
#4000=EDGE_LOOP('',(#1458));
#4001=EDGE_LOOP('',(#1459));
#4002=EDGE_LOOP('',(#1460));
#4003=EDGE_LOOP('',(#1461,#1462,#1463,#1464,#1465,#1466));
#4004=EDGE_LOOP('',(#1467,#1468,#1469,#1470,#1471,#1472));
#4005=EDGE_LOOP('',(#1473));
#4006=EDGE_LOOP('',(#1474));
#4007=EDGE_LOOP('',(#1475,#1476));
#4008=EDGE_LOOP('',(#1477));
#4009=EDGE_LOOP('',(#1478));
#4010=EDGE_LOOP('',(#1479));
#4011=EDGE_LOOP('',(#1480,#1481));
#4012=EDGE_LOOP('',(#1482));
#4013=EDGE_LOOP('',(#1483,#1484,#1485,#1486,#1487,#1488,#1489,#1490));
#4014=EDGE_LOOP('',(#1491,#1492,#1493,#1494,#1495,#1496,#1497,#1498));
#4015=EDGE_LOOP('',(#1499,#1500,#1501,#1502,#1503,#1504));
#4016=EDGE_LOOP('',(#1505,#1506,#1507,#1508,#1509,#1510));
#4017=EDGE_LOOP('',(#1511,#1512,#1513));
#4018=EDGE_LOOP('',(#1514,#1515,#1516,#1517));
#4019=EDGE_LOOP('',(#1518,#1519,#1520,#1521,#1522));
#4020=EDGE_LOOP('',(#1523,#1524,#1525,#1526,#1527));
#4021=EDGE_LOOP('',(#1528,#1529,#1530,#1531,#1532,#1533));
#4022=EDGE_LOOP('',(#1534,#1535,#1536,#1537,#1538));
#4023=EDGE_LOOP('',(#1539,#1540,#1541,#1542,#1543));
#4024=EDGE_LOOP('',(#1544,#1545,#1546,#1547,#1548));
#4025=EDGE_LOOP('',(#1549,#1550,#1551,#1552,#1553));
#4026=EDGE_LOOP('',(#1554,#1555,#1556,#1557,#1558));
#4027=EDGE_LOOP('',(#1559,#1560,#1561,#1562,#1563));
#4028=EDGE_LOOP('',(#1564,#1565,#1566,#1567,#1568));
#4029=EDGE_LOOP('',(#1569,#1570,#1571,#1572,#1573));
#4030=EDGE_LOOP('',(#1574,#1575,#1576,#1577,#1578));
#4031=EDGE_LOOP('',(#1579,#1580,#1581,#1582,#1583,#1584));
#4032=EDGE_LOOP('',(#1585,#1586,#1587,#1588,#1589,#1590));
#4033=EDGE_LOOP('',(#1591,#1592,#1593,#1594,#1595,#1596));
#4034=EDGE_LOOP('',(#1597,#1598,#1599,#1600,#1601));
#4035=EDGE_LOOP('',(#1602,#1603,#1604,#1605,#1606));
#4036=EDGE_LOOP('',(#1607,#1608,#1609,#1610,#1611));
#4037=EDGE_LOOP('',(#1612,#1613,#1614,#1615));
#4038=EDGE_LOOP('',(#1616,#1617,#1618,#1619));
#4039=EDGE_LOOP('',(#1620,#1621,#1622,#1623));
#4040=EDGE_LOOP('',(#1624,#1625,#1626,#1627));
#4041=EDGE_LOOP('',(#1628,#1629,#1630,#1631));
#4042=EDGE_LOOP('',(#1632,#1633,#1634,#1635,#1636));
#4043=EDGE_LOOP('',(#1637,#1638,#1639,#1640,#1641,#1642));
#4044=EDGE_LOOP('',(#1643,#1644,#1645,#1646,#1647));
#4045=EDGE_LOOP('',(#1648,#1649,#1650,#1651,#1652,#1653,#1654));
#4046=EDGE_LOOP('',(#1655,#1656,#1657,#1658));
#4047=EDGE_LOOP('',(#1659,#1660,#1661,#1662,#1663));
#4048=EDGE_LOOP('',(#1664,#1665,#1666,#1667,#1668));
#4049=EDGE_LOOP('',(#1669,#1670,#1671,#1672,#1673));
#4050=EDGE_LOOP('',(#1674,#1675,#1676,#1677,#1678));
#4051=EDGE_LOOP('',(#1679,#1680,#1681,#1682));
#4052=EDGE_LOOP('',(#1683,#1684,#1685,#1686));
#4053=EDGE_LOOP('',(#1687,#1688,#1689,#1690));
#4054=EDGE_LOOP('',(#1691,#1692,#1693,#1694,#1695));
#4055=EDGE_LOOP('',(#1696,#1697,#1698,#1699));
#4056=EDGE_LOOP('',(#1700,#1701,#1702,#1703));
#4057=EDGE_LOOP('',(#1704,#1705,#1706,#1707,#1708));
#4058=EDGE_LOOP('',(#1709,#1710,#1711,#1712,#1713,#1714));
#4059=EDGE_LOOP('',(#1715,#1716,#1717,#1718,#1719));
#4060=EDGE_LOOP('',(#1720,#1721,#1722,#1723,#1724));
#4061=EDGE_LOOP('',(#1725,#1726,#1727,#1728,#1729));
#4062=EDGE_LOOP('',(#1730,#1731,#1732,#1733));
#4063=EDGE_LOOP('',(#1734,#1735,#1736,#1737));
#4064=EDGE_LOOP('',(#1738,#1739,#1740,#1741));
#4065=EDGE_LOOP('',(#1742,#1743,#1744,#1745,#1746));
#4066=EDGE_LOOP('',(#1747,#1748,#1749,#1750));
#4067=EDGE_LOOP('',(#1751,#1752,#1753,#1754,#1755));
#4068=EDGE_LOOP('',(#1756,#1757,#1758,#1759,#1760,#1761,#1762));
#4069=EDGE_LOOP('',(#1763,#1764,#1765,#1766));
#4070=EDGE_LOOP('',(#1767,#1768,#1769,#1770,#1771));
#4071=EDGE_LOOP('',(#1772,#1773,#1774,#1775));
#4072=EDGE_LOOP('',(#1776,#1777,#1778,#1779));
#4073=EDGE_LOOP('',(#1780,#1781,#1782,#1783));
#4074=EDGE_LOOP('',(#1784,#1785,#1786,#1787,#1788));
#4075=EDGE_LOOP('',(#1789,#1790,#1791,#1792));
#4076=EDGE_LOOP('',(#1793,#1794,#1795,#1796));
#4077=EDGE_LOOP('',(#1797,#1798,#1799,#1800));
#4078=EDGE_LOOP('',(#1801,#1802,#1803,#1804));
#4079=EDGE_LOOP('',(#1805,#1806,#1807,#1808));
#4080=EDGE_LOOP('',(#1809,#1810,#1811,#1812));
#4081=EDGE_LOOP('',(#1813,#1814,#1815,#1816));
#4082=EDGE_LOOP('',(#1817,#1818,#1819,#1820));
#4083=EDGE_LOOP('',(#1821,#1822,#1823,#1824));
#4084=EDGE_LOOP('',(#1825,#1826,#1827,#1828));
#4085=EDGE_LOOP('',(#1829,#1830,#1831,#1832));
#4086=EDGE_LOOP('',(#1833,#1834,#1835,#1836,#1837));
#4087=EDGE_LOOP('',(#1838,#1839,#1840));
#4088=EDGE_LOOP('',(#1841,#1842,#1843,#1844));
#4089=EDGE_LOOP('',(#1845,#1846,#1847,#1848,#1849,#1850));
#4090=EDGE_LOOP('',(#1851,#1852,#1853,#1854));
#4091=EDGE_LOOP('',(#1855,#1856,#1857,#1858));
#4092=EDGE_LOOP('',(#1859,#1860,#1861,#1862));
#4093=EDGE_LOOP('',(#1863,#1864,#1865,#1866));
#4094=EDGE_LOOP('',(#1867,#1868,#1869,#1870));
#4095=EDGE_LOOP('',(#1871,#1872,#1873,#1874));
#4096=EDGE_LOOP('',(#1875,#1876,#1877,#1878));
#4097=EDGE_LOOP('',(#1879,#1880,#1881,#1882));
#4098=EDGE_LOOP('',(#1883,#1884,#1885,#1886));
#4099=EDGE_LOOP('',(#1887,#1888,#1889,#1890));
#4100=EDGE_LOOP('',(#1891,#1892,#1893,#1894));
#4101=EDGE_LOOP('',(#1895,#1896,#1897,#1898));
#4102=EDGE_LOOP('',(#1899,#1900,#1901,#1902));
#4103=EDGE_LOOP('',(#1903,#1904,#1905,#1906,#1907));
#4104=EDGE_LOOP('',(#1908,#1909,#1910,#1911));
#4105=EDGE_LOOP('',(#1912,#1913,#1914,#1915));
#4106=EDGE_LOOP('',(#1916,#1917,#1918,#1919));
#4107=EDGE_LOOP('',(#1920,#1921,#1922,#1923));
#4108=EDGE_LOOP('',(#1924,#1925,#1926));
#4109=EDGE_LOOP('',(#1927,#1928,#1929,#1930));
#4110=EDGE_LOOP('',(#1931,#1932,#1933,#1934));
#4111=EDGE_LOOP('',(#1935,#1936,#1937,#1938));
#4112=EDGE_LOOP('',(#1939,#1940,#1941,#1942));
#4113=EDGE_LOOP('',(#1943,#1944,#1945,#1946));
#4114=EDGE_LOOP('',(#1947,#1948,#1949,#1950));
#4115=EDGE_LOOP('',(#1951,#1952,#1953,#1954));
#4116=EDGE_LOOP('',(#1955,#1956,#1957));
#4117=EDGE_LOOP('',(#1958,#1959,#1960,#1961));
#4118=EDGE_LOOP('',(#1962,#1963,#1964,#1965));
#4119=EDGE_LOOP('',(#1966,#1967,#1968,#1969));
#4120=EDGE_LOOP('',(#1970,#1971,#1972,#1973,#1974));
#4121=EDGE_LOOP('',(#1975,#1976,#1977,#1978));
#4122=EDGE_LOOP('',(#1979,#1980,#1981,#1982));
#4123=EDGE_LOOP('',(#1983,#1984,#1985));
#4124=EDGE_LOOP('',(#1986,#1987,#1988,#1989));
#4125=EDGE_LOOP('',(#1990,#1991,#1992,#1993));
#4126=EDGE_LOOP('',(#1994,#1995,#1996,#1997));
#4127=EDGE_LOOP('',(#1998,#1999,#2000,#2001));
#4128=EDGE_LOOP('',(#2002,#2003,#2004,#2005));
#4129=EDGE_LOOP('',(#2006,#2007,#2008,#2009));
#4130=EDGE_LOOP('',(#2010,#2011,#2012,#2013));
#4131=EDGE_LOOP('',(#2014,#2015,#2016,#2017));
#4132=EDGE_LOOP('',(#2018,#2019,#2020,#2021));
#4133=EDGE_LOOP('',(#2022,#2023,#2024,#2025,#2026,#2027));
#4134=EDGE_LOOP('',(#2028,#2029,#2030,#2031));
#4135=EDGE_LOOP('',(#2032,#2033,#2034,#2035));
#4136=EDGE_LOOP('',(#2036,#2037,#2038,#2039));
#4137=EDGE_LOOP('',(#2040,#2041,#2042,#2043));
#4138=EDGE_LOOP('',(#2044,#2045,#2046,#2047));
#4139=EDGE_LOOP('',(#2048,#2049,#2050,#2051));
#4140=EDGE_LOOP('',(#2052,#2053,#2054,#2055,#2056,#2057));
#4141=EDGE_LOOP('',(#2058,#2059,#2060));
#4142=EDGE_LOOP('',(#2061,#2062,#2063,#2064));
#4143=EDGE_LOOP('',(#2065,#2066,#2067,#2068));
#4144=EDGE_LOOP('',(#2069,#2070,#2071,#2072));
#4145=EDGE_LOOP('',(#2073,#2074,#2075,#2076));
#4146=EDGE_LOOP('',(#2077,#2078,#2079,#2080));
#4147=EDGE_LOOP('',(#2081,#2082,#2083));
#4148=FACE_BOUND('',#3834,.T.);
#4149=FACE_BOUND('',#3835,.T.);
#4150=FACE_BOUND('',#3836,.T.);
#4151=FACE_BOUND('',#3837,.T.);
#4152=FACE_BOUND('',#3838,.T.);
#4153=FACE_BOUND('',#3839,.T.);
#4154=FACE_BOUND('',#3840,.T.);
#4155=FACE_BOUND('',#3841,.T.);
#4156=FACE_BOUND('',#3842,.T.);
#4157=FACE_BOUND('',#3843,.T.);
#4158=FACE_BOUND('',#3844,.T.);
#4159=FACE_BOUND('',#3845,.T.);
#4160=FACE_BOUND('',#3846,.T.);
#4161=FACE_BOUND('',#3847,.T.);
#4162=FACE_BOUND('',#3848,.T.);
#4163=FACE_BOUND('',#3849,.T.);
#4164=FACE_BOUND('',#3850,.T.);
#4165=FACE_BOUND('',#3851,.T.);
#4166=FACE_BOUND('',#3852,.T.);
#4167=FACE_BOUND('',#3853,.T.);
#4168=FACE_BOUND('',#3854,.T.);
#4169=FACE_BOUND('',#3855,.T.);
#4170=FACE_BOUND('',#3856,.T.);
#4171=FACE_BOUND('',#3857,.T.);
#4172=FACE_BOUND('',#3858,.T.);
#4173=FACE_BOUND('',#3859,.T.);
#4174=FACE_BOUND('',#3860,.T.);
#4175=FACE_BOUND('',#3861,.T.);
#4176=FACE_BOUND('',#3862,.T.);
#4177=FACE_BOUND('',#3863,.T.);
#4178=FACE_BOUND('',#3864,.T.);
#4179=FACE_BOUND('',#3865,.T.);
#4180=FACE_BOUND('',#3866,.T.);
#4181=FACE_BOUND('',#3867,.T.);
#4182=FACE_BOUND('',#3868,.T.);
#4183=FACE_BOUND('',#3869,.T.);
#4184=FACE_BOUND('',#3870,.T.);
#4185=FACE_BOUND('',#3871,.T.);
#4186=FACE_BOUND('',#3872,.T.);
#4187=FACE_BOUND('',#3873,.T.);
#4188=FACE_BOUND('',#3874,.T.);
#4189=FACE_BOUND('',#3875,.T.);
#4190=FACE_BOUND('',#3876,.T.);
#4191=FACE_BOUND('',#3877,.T.);
#4192=FACE_BOUND('',#3878,.T.);
#4193=FACE_BOUND('',#3879,.T.);
#4194=FACE_BOUND('',#3880,.T.);
#4195=FACE_BOUND('',#3881,.T.);
#4196=FACE_BOUND('',#3882,.T.);
#4197=FACE_BOUND('',#3883,.T.);
#4198=FACE_BOUND('',#3884,.T.);
#4199=FACE_BOUND('',#3885,.T.);
#4200=FACE_BOUND('',#3886,.T.);
#4201=FACE_BOUND('',#3887,.T.);
#4202=FACE_BOUND('',#3888,.T.);
#4203=FACE_BOUND('',#3889,.T.);
#4204=FACE_BOUND('',#3890,.T.);
#4205=FACE_BOUND('',#3891,.T.);
#4206=FACE_BOUND('',#3892,.T.);
#4207=FACE_BOUND('',#3893,.T.);
#4208=FACE_BOUND('',#3894,.T.);
#4209=FACE_BOUND('',#3895,.T.);
#4210=FACE_BOUND('',#3896,.T.);
#4211=FACE_BOUND('',#3897,.T.);
#4212=FACE_BOUND('',#3898,.T.);
#4213=FACE_BOUND('',#3899,.T.);
#4214=FACE_BOUND('',#3900,.T.);
#4215=FACE_BOUND('',#3901,.T.);
#4216=FACE_BOUND('',#3902,.T.);
#4217=FACE_BOUND('',#3903,.T.);
#4218=FACE_BOUND('',#3904,.T.);
#4219=FACE_BOUND('',#3905,.T.);
#4220=FACE_BOUND('',#3906,.T.);
#4221=FACE_BOUND('',#3907,.T.);
#4222=FACE_BOUND('',#3908,.T.);
#4223=FACE_BOUND('',#3909,.T.);
#4224=FACE_BOUND('',#3910,.T.);
#4225=FACE_BOUND('',#3911,.T.);
#4226=FACE_BOUND('',#3912,.T.);
#4227=FACE_BOUND('',#3913,.T.);
#4228=FACE_BOUND('',#3914,.T.);
#4229=FACE_BOUND('',#3915,.T.);
#4230=FACE_BOUND('',#3916,.T.);
#4231=FACE_BOUND('',#3917,.T.);
#4232=FACE_BOUND('',#3918,.T.);
#4233=FACE_BOUND('',#3919,.T.);
#4234=FACE_BOUND('',#3920,.T.);
#4235=FACE_BOUND('',#3921,.T.);
#4236=FACE_BOUND('',#3922,.T.);
#4237=FACE_BOUND('',#3923,.T.);
#4238=FACE_BOUND('',#3924,.T.);
#4239=FACE_BOUND('',#3925,.T.);
#4240=FACE_BOUND('',#3926,.T.);
#4241=FACE_BOUND('',#3927,.T.);
#4242=FACE_BOUND('',#3928,.T.);
#4243=FACE_BOUND('',#3929,.T.);
#4244=FACE_BOUND('',#3930,.T.);
#4245=FACE_BOUND('',#3931,.T.);
#4246=FACE_BOUND('',#3932,.T.);
#4247=FACE_BOUND('',#3933,.T.);
#4248=FACE_BOUND('',#3934,.T.);
#4249=FACE_BOUND('',#3935,.T.);
#4250=FACE_BOUND('',#3936,.T.);
#4251=FACE_BOUND('',#3937,.T.);
#4252=FACE_BOUND('',#3938,.T.);
#4253=FACE_BOUND('',#3939,.T.);
#4254=FACE_BOUND('',#3940,.T.);
#4255=FACE_BOUND('',#3941,.T.);
#4256=FACE_BOUND('',#3942,.T.);
#4257=FACE_BOUND('',#3943,.T.);
#4258=FACE_BOUND('',#3944,.T.);
#4259=FACE_BOUND('',#3945,.T.);
#4260=FACE_BOUND('',#3946,.T.);
#4261=FACE_BOUND('',#3947,.T.);
#4262=FACE_BOUND('',#3948,.T.);
#4263=FACE_BOUND('',#3949,.T.);
#4264=FACE_BOUND('',#3950,.T.);
#4265=FACE_BOUND('',#3951,.T.);
#4266=FACE_BOUND('',#3952,.T.);
#4267=FACE_BOUND('',#3953,.T.);
#4268=FACE_BOUND('',#3954,.T.);
#4269=FACE_BOUND('',#3955,.T.);
#4270=FACE_BOUND('',#3956,.T.);
#4271=FACE_BOUND('',#3957,.T.);
#4272=FACE_BOUND('',#3958,.T.);
#4273=FACE_BOUND('',#3959,.T.);
#4274=FACE_BOUND('',#3960,.T.);
#4275=FACE_BOUND('',#3961,.T.);
#4276=FACE_BOUND('',#3962,.T.);
#4277=FACE_BOUND('',#3963,.T.);
#4278=FACE_BOUND('',#3964,.T.);
#4279=FACE_BOUND('',#3965,.T.);
#4280=FACE_BOUND('',#3966,.T.);
#4281=FACE_BOUND('',#3967,.T.);
#4282=FACE_BOUND('',#3968,.T.);
#4283=FACE_BOUND('',#3969,.T.);
#4284=FACE_BOUND('',#3970,.T.);
#4285=FACE_BOUND('',#3971,.T.);
#4286=FACE_BOUND('',#3972,.T.);
#4287=FACE_BOUND('',#3973,.T.);
#4288=FACE_BOUND('',#3974,.T.);
#4289=FACE_BOUND('',#3975,.T.);
#4290=FACE_BOUND('',#3976,.T.);
#4291=FACE_BOUND('',#3977,.T.);
#4292=FACE_BOUND('',#3978,.T.);
#4293=FACE_BOUND('',#3979,.T.);
#4294=FACE_BOUND('',#3980,.T.);
#4295=FACE_BOUND('',#3981,.T.);
#4296=FACE_BOUND('',#3982,.T.);
#4297=FACE_BOUND('',#3983,.T.);
#4298=FACE_BOUND('',#3984,.T.);
#4299=FACE_BOUND('',#3985,.T.);
#4300=FACE_BOUND('',#3986,.T.);
#4301=FACE_BOUND('',#3987,.T.);
#4302=FACE_BOUND('',#3988,.T.);
#4303=FACE_BOUND('',#3989,.T.);
#4304=FACE_BOUND('',#3990,.T.);
#4305=FACE_BOUND('',#3991,.T.);
#4306=FACE_BOUND('',#3992,.T.);
#4307=FACE_BOUND('',#3993,.T.);
#4308=FACE_BOUND('',#3994,.T.);
#4309=FACE_BOUND('',#3995,.T.);
#4310=FACE_BOUND('',#3996,.T.);
#4311=FACE_BOUND('',#3997,.T.);
#4312=FACE_BOUND('',#3998,.T.);
#4313=FACE_BOUND('',#3999,.T.);
#4314=FACE_BOUND('',#4000,.T.);
#4315=FACE_BOUND('',#4001,.T.);
#4316=FACE_BOUND('',#4002,.T.);
#4317=FACE_BOUND('',#4003,.T.);
#4318=FACE_BOUND('',#4004,.T.);
#4319=FACE_BOUND('',#4005,.T.);
#4320=FACE_BOUND('',#4006,.T.);
#4321=FACE_BOUND('',#4007,.T.);
#4322=FACE_BOUND('',#4008,.T.);
#4323=FACE_BOUND('',#4009,.T.);
#4324=FACE_BOUND('',#4010,.T.);
#4325=FACE_BOUND('',#4011,.T.);
#4326=FACE_BOUND('',#4012,.T.);
#4327=FACE_BOUND('',#4013,.T.);
#4328=FACE_BOUND('',#4014,.T.);
#4329=FACE_BOUND('',#4015,.T.);
#4330=FACE_BOUND('',#4016,.T.);
#4331=FACE_BOUND('',#4017,.T.);
#4332=FACE_BOUND('',#4018,.T.);
#4333=FACE_BOUND('',#4019,.T.);
#4334=FACE_BOUND('',#4020,.T.);
#4335=FACE_BOUND('',#4021,.T.);
#4336=FACE_BOUND('',#4022,.T.);
#4337=FACE_BOUND('',#4023,.T.);
#4338=FACE_BOUND('',#4024,.T.);
#4339=FACE_BOUND('',#4025,.T.);
#4340=FACE_BOUND('',#4026,.T.);
#4341=FACE_BOUND('',#4027,.T.);
#4342=FACE_BOUND('',#4028,.T.);
#4343=FACE_BOUND('',#4029,.T.);
#4344=FACE_BOUND('',#4030,.T.);
#4345=FACE_BOUND('',#4031,.T.);
#4346=FACE_BOUND('',#4032,.T.);
#4347=FACE_BOUND('',#4033,.T.);
#4348=FACE_BOUND('',#4034,.T.);
#4349=FACE_BOUND('',#4035,.T.);
#4350=FACE_BOUND('',#4036,.T.);
#4351=FACE_BOUND('',#4037,.T.);
#4352=FACE_BOUND('',#4038,.T.);
#4353=FACE_BOUND('',#4039,.T.);
#4354=FACE_BOUND('',#4040,.T.);
#4355=FACE_BOUND('',#4041,.T.);
#4356=FACE_BOUND('',#4042,.T.);
#4357=FACE_BOUND('',#4043,.T.);
#4358=FACE_BOUND('',#4044,.T.);
#4359=FACE_BOUND('',#4045,.T.);
#4360=FACE_BOUND('',#4046,.T.);
#4361=FACE_BOUND('',#4047,.T.);
#4362=FACE_BOUND('',#4048,.T.);
#4363=FACE_BOUND('',#4049,.T.);
#4364=FACE_BOUND('',#4050,.T.);
#4365=FACE_BOUND('',#4051,.T.);
#4366=FACE_BOUND('',#4052,.T.);
#4367=FACE_BOUND('',#4053,.T.);
#4368=FACE_BOUND('',#4054,.T.);
#4369=FACE_BOUND('',#4055,.T.);
#4370=FACE_BOUND('',#4056,.T.);
#4371=FACE_BOUND('',#4057,.T.);
#4372=FACE_BOUND('',#4058,.T.);
#4373=FACE_BOUND('',#4059,.T.);
#4374=FACE_BOUND('',#4060,.T.);
#4375=FACE_BOUND('',#4061,.T.);
#4376=FACE_BOUND('',#4062,.T.);
#4377=FACE_BOUND('',#4063,.T.);
#4378=FACE_BOUND('',#4064,.T.);
#4379=FACE_BOUND('',#4065,.T.);
#4380=FACE_BOUND('',#4066,.T.);
#4381=FACE_BOUND('',#4067,.T.);
#4382=FACE_BOUND('',#4068,.T.);
#4383=FACE_BOUND('',#4069,.T.);
#4384=FACE_BOUND('',#4070,.T.);
#4385=FACE_BOUND('',#4071,.T.);
#4386=FACE_BOUND('',#4072,.T.);
#4387=FACE_BOUND('',#4073,.T.);
#4388=FACE_BOUND('',#4074,.T.);
#4389=FACE_BOUND('',#4075,.T.);
#4390=FACE_BOUND('',#4076,.T.);
#4391=FACE_BOUND('',#4077,.T.);
#4392=FACE_BOUND('',#4078,.T.);
#4393=FACE_BOUND('',#4079,.T.);
#4394=FACE_BOUND('',#4080,.T.);
#4395=FACE_BOUND('',#4081,.T.);
#4396=FACE_BOUND('',#4082,.T.);
#4397=FACE_BOUND('',#4083,.T.);
#4398=FACE_BOUND('',#4084,.T.);
#4399=FACE_BOUND('',#4085,.T.);
#4400=FACE_BOUND('',#4086,.T.);
#4401=FACE_BOUND('',#4087,.T.);
#4402=FACE_BOUND('',#4088,.T.);
#4403=FACE_BOUND('',#4089,.T.);
#4404=FACE_BOUND('',#4090,.T.);
#4405=FACE_BOUND('',#4091,.T.);
#4406=FACE_BOUND('',#4092,.T.);
#4407=FACE_BOUND('',#4093,.T.);
#4408=FACE_BOUND('',#4094,.T.);
#4409=FACE_BOUND('',#4095,.T.);
#4410=FACE_BOUND('',#4096,.T.);
#4411=FACE_BOUND('',#4097,.T.);
#4412=FACE_BOUND('',#4098,.T.);
#4413=FACE_BOUND('',#4099,.T.);
#4414=FACE_BOUND('',#4100,.T.);
#4415=FACE_BOUND('',#4101,.T.);
#4416=FACE_BOUND('',#4102,.T.);
#4417=FACE_BOUND('',#4103,.T.);
#4418=FACE_BOUND('',#4104,.T.);
#4419=FACE_BOUND('',#4105,.T.);
#4420=FACE_BOUND('',#4106,.T.);
#4421=FACE_BOUND('',#4107,.T.);
#4422=FACE_BOUND('',#4108,.T.);
#4423=FACE_BOUND('',#4109,.T.);
#4424=FACE_BOUND('',#4110,.T.);
#4425=FACE_BOUND('',#4111,.T.);
#4426=FACE_BOUND('',#4112,.T.);
#4427=FACE_BOUND('',#4113,.T.);
#4428=FACE_BOUND('',#4114,.T.);
#4429=FACE_BOUND('',#4115,.T.);
#4430=FACE_BOUND('',#4116,.T.);
#4431=FACE_BOUND('',#4117,.T.);
#4432=FACE_BOUND('',#4118,.T.);
#4433=FACE_BOUND('',#4119,.T.);
#4434=FACE_BOUND('',#4120,.T.);
#4435=FACE_BOUND('',#4121,.T.);
#4436=FACE_BOUND('',#4122,.T.);
#4437=FACE_BOUND('',#4123,.T.);
#4438=FACE_BOUND('',#4124,.T.);
#4439=FACE_BOUND('',#4125,.T.);
#4440=FACE_BOUND('',#4126,.T.);
#4441=FACE_BOUND('',#4127,.T.);
#4442=FACE_BOUND('',#4128,.T.);
#4443=FACE_BOUND('',#4129,.T.);
#4444=FACE_BOUND('',#4130,.T.);
#4445=FACE_BOUND('',#4131,.T.);
#4446=FACE_BOUND('',#4132,.T.);
#4447=FACE_BOUND('',#4133,.T.);
#4448=FACE_BOUND('',#4134,.T.);
#4449=FACE_BOUND('',#4135,.T.);
#4450=FACE_BOUND('',#4136,.T.);
#4451=FACE_BOUND('',#4137,.T.);
#4452=FACE_BOUND('',#4138,.T.);
#4453=FACE_BOUND('',#4139,.T.);
#4454=FACE_BOUND('',#4140,.T.);
#4455=FACE_BOUND('',#4141,.T.);
#4456=FACE_BOUND('',#4142,.T.);
#4457=FACE_BOUND('',#4143,.T.);
#4458=FACE_BOUND('',#4144,.T.);
#4459=FACE_BOUND('',#4145,.T.);
#4460=FACE_BOUND('',#4146,.T.);
#4461=FACE_BOUND('',#4147,.T.);
#4462=PLANE('',#6782);
#4463=PLANE('',#6783);
#4464=PLANE('',#6786);
#4465=PLANE('',#6788);
#4466=PLANE('',#6806);
#4467=PLANE('',#6807);
#4468=PLANE('',#6809);
#4469=PLANE('',#6810);
#4470=PLANE('',#6811);
#4471=PLANE('',#6812);
#4472=PLANE('',#6813);
#4473=PLANE('',#6814);
#4474=PLANE('',#6815);
#4475=PLANE('',#6818);
#4476=PLANE('',#6822);
#4477=PLANE('',#6825);
#4478=PLANE('',#6828);
#4479=PLANE('',#6838);
#4480=PLANE('',#6843);
#4481=PLANE('',#6846);
#4482=PLANE('',#6850);
#4483=PLANE('',#6852);
#4484=PLANE('',#6859);
#4485=PLANE('',#6860);
#4486=PLANE('',#6864);
#4487=PLANE('',#6868);
#4488=PLANE('',#6876);
#4489=PLANE('',#6880);
#4490=PLANE('',#6883);
#4491=PLANE('',#6884);
#4492=PLANE('',#6886);
#4493=PLANE('',#6888);
#4494=PLANE('',#6893);
#4495=PLANE('',#6894);
#4496=PLANE('',#6895);
#4497=PLANE('',#6899);
#4498=PLANE('',#6900);
#4499=PLANE('',#6901);
#4500=PLANE('',#6903);
#4501=PLANE('',#6904);
#4502=PLANE('',#6909);
#4503=PLANE('',#6914);
#4504=PLANE('',#6915);
#4505=PLANE('',#6916);
#4506=PLANE('',#6918);
#4507=PLANE('',#6919);
#4508=PLANE('',#6923);
#4509=PLANE('',#6924);
#4510=PLANE('',#6925);
#4511=PLANE('',#6928);
#4512=PLANE('',#6931);
#4513=PLANE('',#6933);
#4514=PLANE('',#6934);
#4515=PLANE('',#6937);
#4516=PLANE('',#6938);
#4517=PLANE('',#6943);
#4518=PLANE('',#6944);
#4519=PLANE('',#6945);
#4520=PLANE('',#6946);
#4521=PLANE('',#6948);
#4522=PLANE('',#6951);
#4523=PLANE('',#6953);
#4524=PLANE('',#6955);
#4525=PLANE('',#6957);
#4526=PLANE('',#6959);
#4527=PLANE('',#6961);
#4528=PLANE('',#6964);
#4529=PLANE('',#6967);
#4530=PLANE('',#6970);
#4531=PLANE('',#6973);
#4532=PLANE('',#6975);
#4533=PLANE('',#6978);
#4534=PLANE('',#6981);
#4535=PLANE('',#6984);
#4536=PLANE('',#6986);
#4537=PLANE('',#6989);
#4538=PLANE('',#6992);
#4539=PLANE('',#6995);
#4540=PLANE('',#6998);
#4541=PLANE('',#7000);
#4542=PLANE('',#7003);
#4543=PLANE('',#7006);
#4544=PLANE('',#7009);
#4545=PLANE('',#7011);
#4546=PLANE('',#7014);
#4547=PLANE('',#7017);
#4548=PLANE('',#7020);
#4549=PLANE('',#7023);
#4550=PLANE('',#7026);
#4551=PLANE('',#7027);
#4552=PLANE('',#7030);
#4553=PLANE('',#7188);
#4554=PLANE('',#7189);
#4555=PLANE('',#7190);
#4556=PLANE('',#7191);
#4557=PLANE('',#7192);
#4558=PLANE('',#7193);
#4559=PLANE('',#7194);
#4560=OVER_RIDING_STYLED_ITEM('',(#5115),#4836,#5113);
#4561=OVER_RIDING_STYLED_ITEM('',(#5116),#4837,#5113);
#4562=OVER_RIDING_STYLED_ITEM('',(#5117),#4838,#5113);
#4563=OVER_RIDING_STYLED_ITEM('',(#5118),#4839,#5113);
#4564=OVER_RIDING_STYLED_ITEM('',(#5119),#4840,#5113);
#4565=OVER_RIDING_STYLED_ITEM('',(#5120),#4841,#5113);
#4566=OVER_RIDING_STYLED_ITEM('',(#5121),#4842,#5113);
#4567=OVER_RIDING_STYLED_ITEM('',(#5122),#4843,#5113);
#4568=OVER_RIDING_STYLED_ITEM('',(#5123),#4844,#5113);
#4569=OVER_RIDING_STYLED_ITEM('',(#5124),#4845,#5113);
#4570=OVER_RIDING_STYLED_ITEM('',(#5125),#4846,#5113);
#4571=OVER_RIDING_STYLED_ITEM('',(#5126),#4847,#5113);
#4572=OVER_RIDING_STYLED_ITEM('',(#5127),#4848,#5113);
#4573=OVER_RIDING_STYLED_ITEM('',(#5128),#4849,#5113);
#4574=OVER_RIDING_STYLED_ITEM('',(#5129),#4850,#5113);
#4575=OVER_RIDING_STYLED_ITEM('',(#5130),#4851,#5113);
#4576=OVER_RIDING_STYLED_ITEM('',(#5131),#4852,#5113);
#4577=OVER_RIDING_STYLED_ITEM('',(#5132),#4853,#5113);
#4578=OVER_RIDING_STYLED_ITEM('',(#5133),#4854,#5113);
#4579=OVER_RIDING_STYLED_ITEM('',(#5134),#4855,#5113);
#4580=OVER_RIDING_STYLED_ITEM('',(#5135),#4856,#5113);
#4581=OVER_RIDING_STYLED_ITEM('',(#5136),#4857,#5113);
#4582=OVER_RIDING_STYLED_ITEM('',(#5137),#4858,#5113);
#4583=OVER_RIDING_STYLED_ITEM('',(#5138),#4859,#5113);
#4584=OVER_RIDING_STYLED_ITEM('',(#5139),#4860,#5113);
#4585=OVER_RIDING_STYLED_ITEM('',(#5140),#4861,#5113);
#4586=OVER_RIDING_STYLED_ITEM('',(#5141),#4862,#5113);
#4587=OVER_RIDING_STYLED_ITEM('',(#5142),#4863,#5113);
#4588=OVER_RIDING_STYLED_ITEM('',(#5143),#4864,#5113);
#4589=OVER_RIDING_STYLED_ITEM('',(#5144),#4865,#5113);
#4590=OVER_RIDING_STYLED_ITEM('',(#5145),#4866,#5113);
#4591=OVER_RIDING_STYLED_ITEM('',(#5146),#4867,#5113);
#4592=OVER_RIDING_STYLED_ITEM('',(#5147),#4868,#5113);
#4593=OVER_RIDING_STYLED_ITEM('',(#5148),#4869,#5113);
#4594=OVER_RIDING_STYLED_ITEM('',(#5149),#4870,#5113);
#4595=OVER_RIDING_STYLED_ITEM('',(#5150),#4871,#5113);
#4596=OVER_RIDING_STYLED_ITEM('',(#5151),#4872,#5113);
#4597=OVER_RIDING_STYLED_ITEM('',(#5152),#4873,#5113);
#4598=OVER_RIDING_STYLED_ITEM('',(#5153),#4874,#5113);
#4599=OVER_RIDING_STYLED_ITEM('',(#5154),#4875,#5113);
#4600=OVER_RIDING_STYLED_ITEM('',(#5155),#4876,#5113);
#4601=OVER_RIDING_STYLED_ITEM('',(#5156),#4877,#5113);
#4602=OVER_RIDING_STYLED_ITEM('',(#5157),#4878,#5113);
#4603=OVER_RIDING_STYLED_ITEM('',(#5158),#4879,#5113);
#4604=OVER_RIDING_STYLED_ITEM('',(#5159),#4880,#5113);
#4605=OVER_RIDING_STYLED_ITEM('',(#5160),#4881,#5113);
#4606=OVER_RIDING_STYLED_ITEM('',(#5161),#4882,#5113);
#4607=OVER_RIDING_STYLED_ITEM('',(#5162),#4883,#5113);
#4608=OVER_RIDING_STYLED_ITEM('',(#5163),#4884,#5113);
#4609=OVER_RIDING_STYLED_ITEM('',(#5164),#4885,#5113);
#4610=OVER_RIDING_STYLED_ITEM('',(#5165),#4886,#5113);
#4611=OVER_RIDING_STYLED_ITEM('',(#5166),#4887,#5113);
#4612=OVER_RIDING_STYLED_ITEM('',(#5167),#4888,#5113);
#4613=OVER_RIDING_STYLED_ITEM('',(#5168),#4889,#5113);
#4614=OVER_RIDING_STYLED_ITEM('',(#5169),#4890,#5113);
#4615=OVER_RIDING_STYLED_ITEM('',(#5170),#4891,#5113);
#4616=OVER_RIDING_STYLED_ITEM('',(#5171),#4892,#5113);
#4617=OVER_RIDING_STYLED_ITEM('',(#5172),#4893,#5113);
#4618=OVER_RIDING_STYLED_ITEM('',(#5173),#4894,#5113);
#4619=OVER_RIDING_STYLED_ITEM('',(#5174),#4895,#5113);
#4620=OVER_RIDING_STYLED_ITEM('',(#5175),#4896,#5113);
#4621=OVER_RIDING_STYLED_ITEM('',(#5176),#4897,#5113);
#4622=OVER_RIDING_STYLED_ITEM('',(#5177),#4898,#5113);
#4623=OVER_RIDING_STYLED_ITEM('',(#5178),#4899,#5113);
#4624=OVER_RIDING_STYLED_ITEM('',(#5179),#4900,#5113);
#4625=OVER_RIDING_STYLED_ITEM('',(#5180),#4901,#5113);
#4626=OVER_RIDING_STYLED_ITEM('',(#5181),#4902,#5113);
#4627=OVER_RIDING_STYLED_ITEM('',(#5182),#4903,#5113);
#4628=OVER_RIDING_STYLED_ITEM('',(#5183),#4904,#5113);
#4629=OVER_RIDING_STYLED_ITEM('',(#5184),#4905,#5113);
#4630=OVER_RIDING_STYLED_ITEM('',(#5185),#4906,#5113);
#4631=OVER_RIDING_STYLED_ITEM('',(#5186),#4907,#5113);
#4632=OVER_RIDING_STYLED_ITEM('',(#5187),#4908,#5113);
#4633=OVER_RIDING_STYLED_ITEM('',(#5188),#4909,#5113);
#4634=OVER_RIDING_STYLED_ITEM('',(#5189),#4910,#5113);
#4635=OVER_RIDING_STYLED_ITEM('',(#5190),#4911,#5113);
#4636=OVER_RIDING_STYLED_ITEM('',(#5191),#4912,#5113);
#4637=OVER_RIDING_STYLED_ITEM('',(#5192),#4913,#5113);
#4638=OVER_RIDING_STYLED_ITEM('',(#5193),#4914,#5113);
#4639=OVER_RIDING_STYLED_ITEM('',(#5194),#4915,#5113);
#4640=OVER_RIDING_STYLED_ITEM('',(#5195),#4916,#5113);
#4641=OVER_RIDING_STYLED_ITEM('',(#5196),#4917,#5113);
#4642=OVER_RIDING_STYLED_ITEM('',(#5197),#4918,#5113);
#4643=OVER_RIDING_STYLED_ITEM('',(#5198),#4919,#5113);
#4644=OVER_RIDING_STYLED_ITEM('',(#5199),#4920,#5113);
#4645=OVER_RIDING_STYLED_ITEM('',(#5200),#4921,#5113);
#4646=OVER_RIDING_STYLED_ITEM('',(#5201),#4922,#5113);
#4647=OVER_RIDING_STYLED_ITEM('',(#5202),#4923,#5113);
#4648=OVER_RIDING_STYLED_ITEM('',(#5203),#4924,#5113);
#4649=OVER_RIDING_STYLED_ITEM('',(#5204),#4925,#5113);
#4650=OVER_RIDING_STYLED_ITEM('',(#5205),#4926,#5113);
#4651=OVER_RIDING_STYLED_ITEM('',(#5206),#4927,#5113);
#4652=OVER_RIDING_STYLED_ITEM('',(#5207),#4928,#5113);
#4653=OVER_RIDING_STYLED_ITEM('',(#5208),#4929,#5113);
#4654=OVER_RIDING_STYLED_ITEM('',(#5209),#4930,#5113);
#4655=OVER_RIDING_STYLED_ITEM('',(#5210),#4931,#5113);
#4656=OVER_RIDING_STYLED_ITEM('',(#5211),#4932,#5113);
#4657=OVER_RIDING_STYLED_ITEM('',(#5212),#4933,#5113);
#4658=OVER_RIDING_STYLED_ITEM('',(#5213),#4934,#5113);
#4659=OVER_RIDING_STYLED_ITEM('',(#5214),#4935,#5113);
#4660=OVER_RIDING_STYLED_ITEM('',(#5215),#4936,#5113);
#4661=OVER_RIDING_STYLED_ITEM('',(#5216),#4937,#5113);
#4662=OVER_RIDING_STYLED_ITEM('',(#5217),#4938,#5113);
#4663=OVER_RIDING_STYLED_ITEM('',(#5218),#4939,#5113);
#4664=OVER_RIDING_STYLED_ITEM('',(#5219),#4940,#5113);
#4665=OVER_RIDING_STYLED_ITEM('',(#5220),#4941,#5113);
#4666=OVER_RIDING_STYLED_ITEM('',(#5221),#4942,#5113);
#4667=OVER_RIDING_STYLED_ITEM('',(#5222),#4943,#5113);
#4668=OVER_RIDING_STYLED_ITEM('',(#5223),#4944,#5113);
#4669=OVER_RIDING_STYLED_ITEM('',(#5224),#4945,#5113);
#4670=OVER_RIDING_STYLED_ITEM('',(#5225),#4946,#5113);
#4671=OVER_RIDING_STYLED_ITEM('',(#5226),#4947,#5113);
#4672=OVER_RIDING_STYLED_ITEM('',(#5227),#4948,#5113);
#4673=OVER_RIDING_STYLED_ITEM('',(#5228),#4949,#5113);
#4674=OVER_RIDING_STYLED_ITEM('',(#5229),#4950,#5113);
#4675=OVER_RIDING_STYLED_ITEM('',(#5230),#4951,#5113);
#4676=OVER_RIDING_STYLED_ITEM('',(#5231),#4952,#5113);
#4677=OVER_RIDING_STYLED_ITEM('',(#5232),#4953,#5113);
#4678=OVER_RIDING_STYLED_ITEM('',(#5233),#4954,#5113);
#4679=OVER_RIDING_STYLED_ITEM('',(#5234),#4955,#5113);
#4680=OVER_RIDING_STYLED_ITEM('',(#5235),#4956,#5113);
#4681=OVER_RIDING_STYLED_ITEM('',(#5236),#4957,#5113);
#4682=OVER_RIDING_STYLED_ITEM('',(#5237),#4958,#5113);
#4683=OVER_RIDING_STYLED_ITEM('',(#5238),#4959,#5113);
#4684=OVER_RIDING_STYLED_ITEM('',(#5239),#4960,#5113);
#4685=OVER_RIDING_STYLED_ITEM('',(#5240),#4961,#5113);
#4686=OVER_RIDING_STYLED_ITEM('',(#5241),#4962,#5113);
#4687=OVER_RIDING_STYLED_ITEM('',(#5242),#4963,#5113);
#4688=OVER_RIDING_STYLED_ITEM('',(#5243),#4964,#5113);
#4689=OVER_RIDING_STYLED_ITEM('',(#5244),#4965,#5113);
#4690=OVER_RIDING_STYLED_ITEM('',(#5245),#4966,#5113);
#4691=OVER_RIDING_STYLED_ITEM('',(#5246),#4967,#5113);
#4692=OVER_RIDING_STYLED_ITEM('',(#5247),#4968,#5113);
#4693=OVER_RIDING_STYLED_ITEM('',(#5248),#4969,#5113);
#4694=OVER_RIDING_STYLED_ITEM('',(#5249),#4970,#5113);
#4695=OVER_RIDING_STYLED_ITEM('',(#5250),#4971,#5113);
#4696=OVER_RIDING_STYLED_ITEM('',(#5251),#4972,#5113);
#4697=OVER_RIDING_STYLED_ITEM('',(#5252),#4973,#5113);
#4698=OVER_RIDING_STYLED_ITEM('',(#5253),#4974,#5113);
#4699=OVER_RIDING_STYLED_ITEM('',(#5254),#4975,#5113);
#4700=OVER_RIDING_STYLED_ITEM('',(#5255),#4976,#5113);
#4701=OVER_RIDING_STYLED_ITEM('',(#5256),#4977,#5113);
#4702=OVER_RIDING_STYLED_ITEM('',(#5257),#4978,#5113);
#4703=OVER_RIDING_STYLED_ITEM('',(#5258),#4979,#5113);
#4704=OVER_RIDING_STYLED_ITEM('',(#5259),#4980,#5113);
#4705=OVER_RIDING_STYLED_ITEM('',(#5260),#4981,#5113);
#4706=OVER_RIDING_STYLED_ITEM('',(#5261),#4982,#5113);
#4707=OVER_RIDING_STYLED_ITEM('',(#5262),#4983,#5113);
#4708=OVER_RIDING_STYLED_ITEM('',(#5263),#4984,#5113);
#4709=OVER_RIDING_STYLED_ITEM('',(#5264),#4985,#5113);
#4710=OVER_RIDING_STYLED_ITEM('',(#5265),#4986,#5113);
#4711=OVER_RIDING_STYLED_ITEM('',(#5266),#4987,#5113);
#4712=OVER_RIDING_STYLED_ITEM('',(#5267),#4988,#5113);
#4713=OVER_RIDING_STYLED_ITEM('',(#5268),#4989,#5113);
#4714=OVER_RIDING_STYLED_ITEM('',(#5269),#4990,#5113);
#4715=OVER_RIDING_STYLED_ITEM('',(#5270),#4991,#5113);
#4716=OVER_RIDING_STYLED_ITEM('',(#5271),#4992,#5113);
#4717=OVER_RIDING_STYLED_ITEM('',(#5272),#4993,#5113);
#4718=OVER_RIDING_STYLED_ITEM('',(#5273),#4994,#5113);
#4719=OVER_RIDING_STYLED_ITEM('',(#5274),#4995,#5113);
#4720=OVER_RIDING_STYLED_ITEM('',(#5275),#4996,#5113);
#4721=OVER_RIDING_STYLED_ITEM('',(#5276),#4997,#5113);
#4722=OVER_RIDING_STYLED_ITEM('',(#5277),#4998,#5113);
#4723=OVER_RIDING_STYLED_ITEM('',(#5278),#4999,#5113);
#4724=OVER_RIDING_STYLED_ITEM('',(#5279),#5000,#5113);
#4725=OVER_RIDING_STYLED_ITEM('',(#5280),#5001,#5113);
#4726=OVER_RIDING_STYLED_ITEM('',(#5281),#5002,#5113);
#4727=OVER_RIDING_STYLED_ITEM('',(#5282),#5003,#5113);
#4728=OVER_RIDING_STYLED_ITEM('',(#5283),#5004,#5113);
#4729=OVER_RIDING_STYLED_ITEM('',(#5284),#5005,#5113);
#4730=OVER_RIDING_STYLED_ITEM('',(#5285),#5006,#5113);
#4731=OVER_RIDING_STYLED_ITEM('',(#5286),#5007,#5113);
#4732=OVER_RIDING_STYLED_ITEM('',(#5287),#5008,#5113);
#4733=OVER_RIDING_STYLED_ITEM('',(#5288),#5009,#5113);
#4734=OVER_RIDING_STYLED_ITEM('',(#5289),#5010,#5113);
#4735=OVER_RIDING_STYLED_ITEM('',(#5290),#5011,#5113);
#4736=OVER_RIDING_STYLED_ITEM('',(#5291),#5012,#5113);
#4737=OVER_RIDING_STYLED_ITEM('',(#5292),#5013,#5113);
#4738=OVER_RIDING_STYLED_ITEM('',(#5293),#5014,#5113);
#4739=OVER_RIDING_STYLED_ITEM('',(#5294),#5015,#5113);
#4740=OVER_RIDING_STYLED_ITEM('',(#5295),#5016,#5113);
#4741=OVER_RIDING_STYLED_ITEM('',(#5296),#5017,#5113);
#4742=OVER_RIDING_STYLED_ITEM('',(#5297),#5018,#5113);
#4743=OVER_RIDING_STYLED_ITEM('',(#5298),#5019,#5113);
#4744=OVER_RIDING_STYLED_ITEM('',(#5299),#5020,#5113);
#4745=OVER_RIDING_STYLED_ITEM('',(#5300),#5021,#5113);
#4746=OVER_RIDING_STYLED_ITEM('',(#5301),#5022,#5113);
#4747=OVER_RIDING_STYLED_ITEM('',(#5302),#5023,#5113);
#4748=OVER_RIDING_STYLED_ITEM('',(#5303),#5024,#5113);
#4749=OVER_RIDING_STYLED_ITEM('',(#5304),#5025,#5113);
#4750=OVER_RIDING_STYLED_ITEM('',(#5305),#5026,#5113);
#4751=OVER_RIDING_STYLED_ITEM('',(#5306),#5027,#5113);
#4752=OVER_RIDING_STYLED_ITEM('',(#5307),#5028,#5113);
#4753=OVER_RIDING_STYLED_ITEM('',(#5308),#5029,#5113);
#4754=OVER_RIDING_STYLED_ITEM('',(#5309),#5030,#5113);
#4755=OVER_RIDING_STYLED_ITEM('',(#5310),#5031,#5113);
#4756=OVER_RIDING_STYLED_ITEM('',(#5311),#5032,#5113);
#4757=OVER_RIDING_STYLED_ITEM('',(#5312),#5033,#5113);
#4758=OVER_RIDING_STYLED_ITEM('',(#5313),#5034,#5113);
#4759=OVER_RIDING_STYLED_ITEM('',(#5314),#5035,#5113);
#4760=OVER_RIDING_STYLED_ITEM('',(#5315),#5036,#5113);
#4761=OVER_RIDING_STYLED_ITEM('',(#5316),#5037,#5113);
#4762=OVER_RIDING_STYLED_ITEM('',(#5317),#5038,#5113);
#4763=OVER_RIDING_STYLED_ITEM('',(#5318),#5039,#5113);
#4764=OVER_RIDING_STYLED_ITEM('',(#5319),#5040,#5113);
#4765=OVER_RIDING_STYLED_ITEM('',(#5320),#5041,#5113);
#4766=OVER_RIDING_STYLED_ITEM('',(#5321),#5042,#5113);
#4767=OVER_RIDING_STYLED_ITEM('',(#5322),#5043,#5113);
#4768=OVER_RIDING_STYLED_ITEM('',(#5323),#5044,#5113);
#4769=OVER_RIDING_STYLED_ITEM('',(#5324),#5045,#5113);
#4770=OVER_RIDING_STYLED_ITEM('',(#5325),#5046,#5113);
#4771=OVER_RIDING_STYLED_ITEM('',(#5326),#5047,#5113);
#4772=OVER_RIDING_STYLED_ITEM('',(#5327),#5048,#5113);
#4773=OVER_RIDING_STYLED_ITEM('',(#5328),#5049,#5113);
#4774=OVER_RIDING_STYLED_ITEM('',(#5329),#5050,#5113);
#4775=OVER_RIDING_STYLED_ITEM('',(#5330),#5051,#5113);
#4776=OVER_RIDING_STYLED_ITEM('',(#5331),#5052,#5113);
#4777=OVER_RIDING_STYLED_ITEM('',(#5332),#5053,#5113);
#4778=OVER_RIDING_STYLED_ITEM('',(#5333),#5054,#5113);
#4779=OVER_RIDING_STYLED_ITEM('',(#5334),#5055,#5113);
#4780=OVER_RIDING_STYLED_ITEM('',(#5335),#5056,#5113);
#4781=OVER_RIDING_STYLED_ITEM('',(#5336),#5057,#5113);
#4782=OVER_RIDING_STYLED_ITEM('',(#5337),#5058,#5113);
#4783=OVER_RIDING_STYLED_ITEM('',(#5338),#5059,#5113);
#4784=OVER_RIDING_STYLED_ITEM('',(#5339),#5060,#5113);
#4785=OVER_RIDING_STYLED_ITEM('',(#5340),#5061,#5113);
#4786=OVER_RIDING_STYLED_ITEM('',(#5341),#5062,#5113);
#4787=OVER_RIDING_STYLED_ITEM('',(#5342),#5063,#5113);
#4788=OVER_RIDING_STYLED_ITEM('',(#5343),#5064,#5113);
#4789=OVER_RIDING_STYLED_ITEM('',(#5344),#5065,#5113);
#4790=OVER_RIDING_STYLED_ITEM('',(#5345),#5066,#5113);
#4791=OVER_RIDING_STYLED_ITEM('',(#5346),#5067,#5113);
#4792=OVER_RIDING_STYLED_ITEM('',(#5347),#5068,#5113);
#4793=OVER_RIDING_STYLED_ITEM('',(#5348),#5069,#5113);
#4794=OVER_RIDING_STYLED_ITEM('',(#5349),#5070,#5113);
#4795=OVER_RIDING_STYLED_ITEM('',(#5350),#5071,#5113);
#4796=OVER_RIDING_STYLED_ITEM('',(#5351),#5072,#5113);
#4797=OVER_RIDING_STYLED_ITEM('',(#5352),#5073,#5113);
#4798=OVER_RIDING_STYLED_ITEM('',(#5353),#5074,#5113);
#4799=OVER_RIDING_STYLED_ITEM('',(#5354),#5075,#5113);
#4800=OVER_RIDING_STYLED_ITEM('',(#5355),#5076,#5113);
#4801=OVER_RIDING_STYLED_ITEM('',(#5356),#5077,#5113);
#4802=OVER_RIDING_STYLED_ITEM('',(#5357),#5078,#5113);
#4803=OVER_RIDING_STYLED_ITEM('',(#5358),#5079,#5113);
#4804=OVER_RIDING_STYLED_ITEM('',(#5359),#5080,#5113);
#4805=OVER_RIDING_STYLED_ITEM('',(#5360),#5081,#5113);
#4806=OVER_RIDING_STYLED_ITEM('',(#5361),#5082,#5113);
#4807=OVER_RIDING_STYLED_ITEM('',(#5362),#5083,#5113);
#4808=OVER_RIDING_STYLED_ITEM('',(#5363),#5084,#5113);
#4809=OVER_RIDING_STYLED_ITEM('',(#5364),#5085,#5113);
#4810=OVER_RIDING_STYLED_ITEM('',(#5365),#5086,#5113);
#4811=OVER_RIDING_STYLED_ITEM('',(#5366),#5087,#5113);
#4812=OVER_RIDING_STYLED_ITEM('',(#5367),#5088,#5113);
#4813=OVER_RIDING_STYLED_ITEM('',(#5368),#5089,#5113);
#4814=OVER_RIDING_STYLED_ITEM('',(#5369),#5090,#5113);
#4815=OVER_RIDING_STYLED_ITEM('',(#5370),#5091,#5113);
#4816=OVER_RIDING_STYLED_ITEM('',(#5371),#5092,#5113);
#4817=OVER_RIDING_STYLED_ITEM('',(#5372),#5093,#5113);
#4818=OVER_RIDING_STYLED_ITEM('',(#5373),#5094,#5113);
#4819=OVER_RIDING_STYLED_ITEM('',(#5374),#5095,#5113);
#4820=OVER_RIDING_STYLED_ITEM('',(#5375),#5096,#5113);
#4821=OVER_RIDING_STYLED_ITEM('',(#5376),#5097,#5113);
#4822=OVER_RIDING_STYLED_ITEM('',(#5377),#5098,#5113);
#4823=OVER_RIDING_STYLED_ITEM('',(#5378),#5099,#5113);
#4824=OVER_RIDING_STYLED_ITEM('',(#5379),#5100,#5113);
#4825=OVER_RIDING_STYLED_ITEM('',(#5380),#5101,#5113);
#4826=OVER_RIDING_STYLED_ITEM('',(#5381),#5102,#5113);
#4827=OVER_RIDING_STYLED_ITEM('',(#5382),#5103,#5113);
#4828=OVER_RIDING_STYLED_ITEM('',(#5383),#5104,#5113);
#4829=OVER_RIDING_STYLED_ITEM('',(#5384),#5105,#5113);
#4830=OVER_RIDING_STYLED_ITEM('',(#5385),#5106,#5113);
#4831=OVER_RIDING_STYLED_ITEM('',(#5386),#5107,#5113);
#4832=OVER_RIDING_STYLED_ITEM('',(#5387),#5108,#5113);
#4833=OVER_RIDING_STYLED_ITEM('',(#5388),#5109,#5113);
#4834=OVER_RIDING_STYLED_ITEM('',(#5389),#5110,#5113);
#4835=OVER_RIDING_STYLED_ITEM('',(#5390),#5111,#5113);
#4836=ADVANCED_FACE('',(#4148,#4149),#4462,.T.);
#4837=ADVANCED_FACE('',(#4150),#405,.T.);
#4838=ADVANCED_FACE('',(#4151),#4463,.T.);
#4839=ADVANCED_FACE('',(#4152),#4464,.F.);
#4840=ADVANCED_FACE('',(#4153),#4465,.T.);
#4841=ADVANCED_FACE('',(#4154),#162,.T.);
#4842=ADVANCED_FACE('',(#4155),#163,.T.);
#4843=ADVANCED_FACE('',(#4156),#406,.T.);
#4844=ADVANCED_FACE('',(#4157),#407,.T.);
#4845=ADVANCED_FACE('',(#4158),#164,.T.);
#4846=ADVANCED_FACE('',(#4159),#165,.T.);
#4847=ADVANCED_FACE('',(#4160),#166,.T.);
#4848=ADVANCED_FACE('',(#4161),#408,.T.);
#4849=ADVANCED_FACE('',(#4162),#409,.T.);
#4850=ADVANCED_FACE('',(#4163),#4466,.T.);
#4851=ADVANCED_FACE('',(#4164),#4467,.T.);
#4852=ADVANCED_FACE('',(#4165),#4468,.T.);
#4853=ADVANCED_FACE('',(#4166),#4469,.F.);
#4854=ADVANCED_FACE('',(#4167),#4470,.F.);
#4855=ADVANCED_FACE('',(#4168),#4471,.F.);
#4856=ADVANCED_FACE('',(#4169),#4472,.T.);
#4857=ADVANCED_FACE('',(#4170),#4473,.T.);
#4858=ADVANCED_FACE('',(#4171),#4474,.T.);
#4859=ADVANCED_FACE('',(#4172),#4475,.F.);
#4860=ADVANCED_FACE('',(#4173),#4476,.T.);
#4861=ADVANCED_FACE('',(#4174),#4477,.F.);
#4862=ADVANCED_FACE('',(#4175),#4478,.T.);
#4863=ADVANCED_FACE('',(#4176),#87,.F.);
#4864=ADVANCED_FACE('',(#4177,#4178),#88,.F.);
#4865=ADVANCED_FACE('',(#4179,#4180),#4479,.T.);
#4866=ADVANCED_FACE('',(#4181,#4182),#89,.F.);
#4867=ADVANCED_FACE('',(#4183,#4184),#4480,.T.);
#4868=ADVANCED_FACE('',(#4185),#4481,.F.);
#4869=ADVANCED_FACE('',(#4186),#90,.T.);
#4870=ADVANCED_FACE('',(#4187),#4482,.F.);
#4871=ADVANCED_FACE('',(#4188),#4483,.T.);
#4872=ADVANCED_FACE('',(#4189),#15,.T.);
#4873=ADVANCED_FACE('',(#4190),#16,.T.);
#4874=ADVANCED_FACE('',(#4191),#17,.T.);
#4875=ADVANCED_FACE('',(#4192),#18,.T.);
#4876=ADVANCED_FACE('',(#4193),#91,.T.);
#4877=ADVANCED_FACE('',(#4194),#4484,.T.);
#4878=ADVANCED_FACE('',(#4195),#4485,.T.);
#4879=ADVANCED_FACE('',(#4196,#4197),#92,.F.);
#4880=ADVANCED_FACE('',(#4198,#4199),#4486,.T.);
#4881=ADVANCED_FACE('',(#4200,#4201),#93,.F.);
#4882=ADVANCED_FACE('',(#4202),#4487,.T.);
#4883=ADVANCED_FACE('',(#4203,#4204),#94,.F.);
#4884=ADVANCED_FACE('',(#4205),#95,.T.);
#4885=ADVANCED_FACE('',(#4206,#4207),#4488,.T.);
#4886=ADVANCED_FACE('',(#4208,#4209),#96,.F.);
#4887=ADVANCED_FACE('',(#4210),#4489,.T.);
#4888=ADVANCED_FACE('',(#4211),#4490,.T.);
#4889=ADVANCED_FACE('',(#4212),#4491,.T.);
#4890=ADVANCED_FACE('',(#4213),#4492,.T.);
#4891=ADVANCED_FACE('',(#4214),#4493,.T.);
#4892=ADVANCED_FACE('',(#4215),#97,.F.);
#4893=ADVANCED_FACE('',(#4216),#19,.T.);
#4894=ADVANCED_FACE('',(#4217),#20,.T.);
#4895=ADVANCED_FACE('',(#4218),#4494,.T.);
#4896=ADVANCED_FACE('',(#4219),#4495,.T.);
#4897=ADVANCED_FACE('',(#4220),#4496,.T.);
#4898=ADVANCED_FACE('',(#4221),#4497,.T.);
#4899=ADVANCED_FACE('',(#4222),#4498,.T.);
#4900=ADVANCED_FACE('',(#4223),#4499,.F.);
#4901=ADVANCED_FACE('',(#4224),#98,.F.);
#4902=ADVANCED_FACE('',(#4225),#4500,.T.);
#4903=ADVANCED_FACE('',(#4226,#4227),#4501,.T.);
#4904=ADVANCED_FACE('',(#4228,#4229),#99,.F.);
#4905=ADVANCED_FACE('',(#4230,#4231),#4502,.T.);
#4906=ADVANCED_FACE('',(#4232,#4233),#100,.F.);
#4907=ADVANCED_FACE('',(#4234),#101,.F.);
#4908=ADVANCED_FACE('',(#4235),#4503,.F.);
#4909=ADVANCED_FACE('',(#4236),#4504,.T.);
#4910=ADVANCED_FACE('',(#4237),#4505,.F.);
#4911=ADVANCED_FACE('',(#4238),#4506,.F.);
#4912=ADVANCED_FACE('',(#4239),#4507,.F.);
#4913=ADVANCED_FACE('',(#4240),#4508,.F.);
#4914=ADVANCED_FACE('',(#4241),#4509,.F.);
#4915=ADVANCED_FACE('',(#4242),#4510,.T.);
#4916=ADVANCED_FACE('',(#4243,#4244,#4245,#4246,#4247),#102,.F.);
#4917=ADVANCED_FACE('',(#4248),#4511,.T.);
#4918=ADVANCED_FACE('',(#4249,#4250,#4251,#4252,#4253),#103,.F.);
#4919=ADVANCED_FACE('',(#4254),#4512,.T.);
#4920=ADVANCED_FACE('',(#4255),#104,.F.);
#4921=ADVANCED_FACE('',(#4256),#4513,.T.);
#4922=ADVANCED_FACE('',(#4257),#4514,.T.);
#4923=ADVANCED_FACE('',(#4258,#4259,#4260,#4261,#4262),#105,.F.);
#4924=ADVANCED_FACE('',(#4263),#4515,.T.);
#4925=ADVANCED_FACE('',(#4264,#4265),#4516,.T.);
#4926=ADVANCED_FACE('',(#4266,#4267),#106,.F.);
#4927=ADVANCED_FACE('',(#4268),#4517,.T.);
#4928=ADVANCED_FACE('',(#4269),#4518,.T.);
#4929=ADVANCED_FACE('',(#4270),#4519,.F.);
#4930=ADVANCED_FACE('',(#4271),#4520,.T.);
#4931=ADVANCED_FACE('',(#4272),#4521,.F.);
#4932=ADVANCED_FACE('',(#4273),#4522,.T.);
#4933=ADVANCED_FACE('',(#4274),#4523,.F.);
#4934=ADVANCED_FACE('',(#4275),#4524,.T.);
#4935=ADVANCED_FACE('',(#4276),#4525,.T.);
#4936=ADVANCED_FACE('',(#4277),#4526,.F.);
#4937=ADVANCED_FACE('',(#4278),#4527,.F.);
#4938=ADVANCED_FACE('',(#4279),#4528,.F.);
#4939=ADVANCED_FACE('',(#4280),#4529,.F.);
#4940=ADVANCED_FACE('',(#4281),#4530,.F.);
#4941=ADVANCED_FACE('',(#4282),#4531,.F.);
#4942=ADVANCED_FACE('',(#4283),#4532,.F.);
#4943=ADVANCED_FACE('',(#4284),#4533,.F.);
#4944=ADVANCED_FACE('',(#4285),#4534,.F.);
#4945=ADVANCED_FACE('',(#4286),#4535,.F.);
#4946=ADVANCED_FACE('',(#4287),#4536,.F.);
#4947=ADVANCED_FACE('',(#4288),#4537,.F.);
#4948=ADVANCED_FACE('',(#4289),#4538,.F.);
#4949=ADVANCED_FACE('',(#4290),#4539,.F.);
#4950=ADVANCED_FACE('',(#4291),#4540,.F.);
#4951=ADVANCED_FACE('',(#4292),#4541,.F.);
#4952=ADVANCED_FACE('',(#4293),#4542,.F.);
#4953=ADVANCED_FACE('',(#4294),#4543,.F.);
#4954=ADVANCED_FACE('',(#4295),#4544,.T.);
#4955=ADVANCED_FACE('',(#4296),#4545,.T.);
#4956=ADVANCED_FACE('',(#4297),#4546,.T.);
#4957=ADVANCED_FACE('',(#4298),#4547,.T.);
#4958=ADVANCED_FACE('',(#4299),#4548,.T.);
#4959=ADVANCED_FACE('',(#4300),#4549,.T.);
#4960=ADVANCED_FACE('',(#4301),#4550,.T.);
#4961=ADVANCED_FACE('',(#4302),#4551,.T.);
#4962=ADVANCED_FACE('',(#4303),#4552,.T.);
#4963=ADVANCED_FACE('',(#4304),#410,.T.);
#4964=ADVANCED_FACE('',(#4305,#4306),#167,.F.);
#4965=ADVANCED_FACE('',(#4307,#4308),#168,.F.);
#4966=ADVANCED_FACE('',(#4309),#411,.T.);
#4967=ADVANCED_FACE('',(#4310),#169,.T.);
#4968=ADVANCED_FACE('',(#4311,#4312),#170,.F.);
#4969=ADVANCED_FACE('',(#4313,#4314),#171,.F.);
#4970=ADVANCED_FACE('',(#4315,#4316),#172,.F.);
#4971=ADVANCED_FACE('',(#4317),#173,.T.);
#4972=ADVANCED_FACE('',(#4318),#174,.T.);
#4973=ADVANCED_FACE('',(#4319,#4320),#175,.F.);
#4974=ADVANCED_FACE('',(#4321,#4322),#176,.F.);
#4975=ADVANCED_FACE('',(#4323,#4324),#177,.F.);
#4976=ADVANCED_FACE('',(#4325,#4326),#178,.F.);
#4977=ADVANCED_FACE('',(#4327),#412,.T.);
#4978=ADVANCED_FACE('',(#4328),#413,.T.);
#4979=ADVANCED_FACE('',(#4329),#179,.T.);
#4980=ADVANCED_FACE('',(#4330),#180,.T.);
#4981=ADVANCED_FACE('',(#4331),#21,.T.);
#4982=ADVANCED_FACE('',(#4332),#107,.T.);
#4983=ADVANCED_FACE('',(#4333),#108,.T.);
#4984=ADVANCED_FACE('',(#4334),#109,.T.);
#4985=ADVANCED_FACE('',(#4335),#110,.T.);
#4986=ADVANCED_FACE('',(#4336),#111,.T.);
#4987=ADVANCED_FACE('',(#4337),#112,.T.);
#4988=ADVANCED_FACE('',(#4338),#113,.T.);
#4989=ADVANCED_FACE('',(#4339),#114,.T.);
#4990=ADVANCED_FACE('',(#4340),#115,.T.);
#4991=ADVANCED_FACE('',(#4341),#116,.T.);
#4992=ADVANCED_FACE('',(#4342),#117,.T.);
#4993=ADVANCED_FACE('',(#4343),#118,.T.);
#4994=ADVANCED_FACE('',(#4344),#119,.T.);
#4995=ADVANCED_FACE('',(#4345),#120,.T.);
#4996=ADVANCED_FACE('',(#4346),#121,.T.);
#4997=ADVANCED_FACE('',(#4347),#122,.T.);
#4998=ADVANCED_FACE('',(#4348),#123,.T.);
#4999=ADVANCED_FACE('',(#4349),#124,.T.);
#5000=ADVANCED_FACE('',(#4350),#125,.T.);
#5001=ADVANCED_FACE('',(#4351),#126,.T.);
#5002=ADVANCED_FACE('',(#4352),#127,.T.);
#5003=ADVANCED_FACE('',(#4353),#128,.T.);
#5004=ADVANCED_FACE('',(#4354),#22,.T.);
#5005=ADVANCED_FACE('',(#4355),#23,.T.);
#5006=ADVANCED_FACE('',(#4356),#129,.T.);
#5007=ADVANCED_FACE('',(#4357),#130,.T.);
#5008=ADVANCED_FACE('',(#4358),#24,.T.);
#5009=ADVANCED_FACE('',(#4359),#131,.T.);
#5010=ADVANCED_FACE('',(#4360),#25,.T.);
#5011=ADVANCED_FACE('',(#4361),#132,.T.);
#5012=ADVANCED_FACE('',(#4362),#133,.T.);
#5013=ADVANCED_FACE('',(#4363),#134,.T.);
#5014=ADVANCED_FACE('',(#4364),#135,.T.);
#5015=ADVANCED_FACE('',(#4365),#136,.T.);
#5016=ADVANCED_FACE('',(#4366),#26,.T.);
#5017=ADVANCED_FACE('',(#4367),#27,.T.);
#5018=ADVANCED_FACE('',(#4368),#137,.T.);
#5019=ADVANCED_FACE('',(#4369),#138,.T.);
#5020=ADVANCED_FACE('',(#4370),#28,.T.);
#5021=ADVANCED_FACE('',(#4371),#29,.T.);
#5022=ADVANCED_FACE('',(#4372),#139,.T.);
#5023=ADVANCED_FACE('',(#4373),#140,.T.);
#5024=ADVANCED_FACE('',(#4374),#141,.T.);
#5025=ADVANCED_FACE('',(#4375),#142,.T.);
#5026=ADVANCED_FACE('',(#4376),#143,.T.);
#5027=ADVANCED_FACE('',(#4377),#30,.T.);
#5028=ADVANCED_FACE('',(#4378),#144,.T.);
#5029=ADVANCED_FACE('',(#4379),#145,.T.);
#5030=ADVANCED_FACE('',(#4380),#31,.T.);
#5031=ADVANCED_FACE('',(#4381),#146,.T.);
#5032=ADVANCED_FACE('',(#4382),#147,.T.);
#5033=ADVANCED_FACE('',(#4383),#32,.T.);
#5034=ADVANCED_FACE('',(#4384),#148,.T.);
#5035=ADVANCED_FACE('',(#4385),#149,.T.);
#5036=ADVANCED_FACE('',(#4386),#33,.T.);
#5037=ADVANCED_FACE('',(#4387),#34,.T.);
#5038=ADVANCED_FACE('',(#4388),#150,.T.);
#5039=ADVANCED_FACE('',(#4389),#151,.T.);
#5040=ADVANCED_FACE('',(#4390),#35,.T.);
#5041=ADVANCED_FACE('',(#4391),#36,.T.);
#5042=ADVANCED_FACE('',(#4392),#37,.F.);
#5043=ADVANCED_FACE('',(#4393),#38,.F.);
#5044=ADVANCED_FACE('',(#4394),#39,.F.);
#5045=ADVANCED_FACE('',(#4395),#152,.F.);
#5046=ADVANCED_FACE('',(#4396),#40,.F.);
#5047=ADVANCED_FACE('',(#4397),#41,.F.);
#5048=ADVANCED_FACE('',(#4398),#42,.F.);
#5049=ADVANCED_FACE('',(#4399),#43,.F.);
#5050=ADVANCED_FACE('',(#4400),#44,.F.);
#5051=ADVANCED_FACE('',(#4401),#45,.F.);
#5052=ADVANCED_FACE('',(#4402),#46,.F.);
#5053=ADVANCED_FACE('',(#4403),#153,.F.);
#5054=ADVANCED_FACE('',(#4404),#47,.F.);
#5055=ADVANCED_FACE('',(#4405),#48,.F.);
#5056=ADVANCED_FACE('',(#4406),#154,.F.);
#5057=ADVANCED_FACE('',(#4407),#155,.F.);
#5058=ADVANCED_FACE('',(#4408),#49,.F.);
#5059=ADVANCED_FACE('',(#4409),#50,.F.);
#5060=ADVANCED_FACE('',(#4410),#51,.F.);
#5061=ADVANCED_FACE('',(#4411),#52,.F.);
#5062=ADVANCED_FACE('',(#4412),#53,.F.);
#5063=ADVANCED_FACE('',(#4413),#54,.F.);
#5064=ADVANCED_FACE('',(#4414),#55,.F.);
#5065=ADVANCED_FACE('',(#4415),#156,.F.);
#5066=ADVANCED_FACE('',(#4416),#56,.F.);
#5067=ADVANCED_FACE('',(#4417),#57,.F.);
#5068=ADVANCED_FACE('',(#4418),#58,.F.);
#5069=ADVANCED_FACE('',(#4419),#59,.F.);
#5070=ADVANCED_FACE('',(#4420),#60,.F.);
#5071=ADVANCED_FACE('',(#4421),#61,.F.);
#5072=ADVANCED_FACE('',(#4422),#12,.F.);
#5073=ADVANCED_FACE('',(#4423),#157,.F.);
#5074=ADVANCED_FACE('',(#4424),#62,.F.);
#5075=ADVANCED_FACE('',(#4425),#63,.F.);
#5076=ADVANCED_FACE('',(#4426),#64,.F.);
#5077=ADVANCED_FACE('',(#4427),#158,.F.);
#5078=ADVANCED_FACE('',(#4428),#65,.F.);
#5079=ADVANCED_FACE('',(#4429),#159,.F.);
#5080=ADVANCED_FACE('',(#4430),#13,.F.);
#5081=ADVANCED_FACE('',(#4431),#66,.F.);
#5082=ADVANCED_FACE('',(#4432),#160,.F.);
#5083=ADVANCED_FACE('',(#4433),#67,.F.);
#5084=ADVANCED_FACE('',(#4434),#68,.F.);
#5085=ADVANCED_FACE('',(#4435),#69,.F.);
#5086=ADVANCED_FACE('',(#4436),#70,.F.);
#5087=ADVANCED_FACE('',(#4437),#14,.F.);
#5088=ADVANCED_FACE('',(#4438),#71,.F.);
#5089=ADVANCED_FACE('',(#4439),#72,.F.);
#5090=ADVANCED_FACE('',(#4440),#73,.F.);
#5091=ADVANCED_FACE('',(#4441),#74,.F.);
#5092=ADVANCED_FACE('',(#4442),#75,.F.);
#5093=ADVANCED_FACE('',(#4443),#76,.F.);
#5094=ADVANCED_FACE('',(#4444),#77,.F.);
#5095=ADVANCED_FACE('',(#4445),#161,.T.);
#5096=ADVANCED_FACE('',(#4446),#78,.T.);
#5097=ADVANCED_FACE('',(#4447),#79,.T.);
#5098=ADVANCED_FACE('',(#4448),#4553,.T.);
#5099=ADVANCED_FACE('',(#4449),#4554,.T.);
#5100=ADVANCED_FACE('',(#4450),#4555,.F.);
#5101=ADVANCED_FACE('',(#4451),#4556,.F.);
#5102=ADVANCED_FACE('',(#4452),#4557,.F.);
#5103=ADVANCED_FACE('',(#4453),#4558,.F.);
#5104=ADVANCED_FACE('',(#4454),#4559,.T.);
#5105=ADVANCED_FACE('',(#4455),#80,.T.);
#5106=ADVANCED_FACE('',(#4456),#81,.T.);
#5107=ADVANCED_FACE('',(#4457),#82,.T.);
#5108=ADVANCED_FACE('',(#4458),#83,.T.);
#5109=ADVANCED_FACE('',(#4459),#84,.T.);
#5110=ADVANCED_FACE('',(#4460),#85,.T.);
#5111=ADVANCED_FACE('',(#4461),#86,.T.);
#5112=CLOSED_SHELL('',(#4836,#4837,#4838,#4839,#4840,#4841,#4842,#4843,
#4844,#4845,#4846,#4847,#4848,#4849,#4850,#4851,#4852,#4853,#4854,#4855,
#4856,#4857,#4858,#4859,#4860,#4861,#4862,#4863,#4864,#4865,#4866,#4867,
#4868,#4869,#4870,#4871,#4872,#4873,#4874,#4875,#4876,#4877,#4878,#4879,
#4880,#4881,#4882,#4883,#4884,#4885,#4886,#4887,#4888,#4889,#4890,#4891,
#4892,#4893,#4894,#4895,#4896,#4897,#4898,#4899,#4900,#4901,#4902,#4903,
#4904,#4905,#4906,#4907,#4908,#4909,#4910,#4911,#4912,#4913,#4914,#4915,
#4916,#4917,#4918,#4919,#4920,#4921,#4922,#4923,#4924,#4925,#4926,#4927,
#4928,#4929,#4930,#4931,#4932,#4933,#4934,#4935,#4936,#4937,#4938,#4939,
#4940,#4941,#4942,#4943,#4944,#4945,#4946,#4947,#4948,#4949,#4950,#4951,
#4952,#4953,#4954,#4955,#4956,#4957,#4958,#4959,#4960,#4961,#4962,#4963,
#4964,#4965,#4966,#4967,#4968,#4969,#4970,#4971,#4972,#4973,#4974,#4975,
#4976,#4977,#4978,#4979,#4980,#4981,#4982,#4983,#4984,#4985,#4986,#4987,
#4988,#4989,#4990,#4991,#4992,#4993,#4994,#4995,#4996,#4997,#4998,#4999,
#5000,#5001,#5002,#5003,#5004,#5005,#5006,#5007,#5008,#5009,#5010,#5011,
#5012,#5013,#5014,#5015,#5016,#5017,#5018,#5019,#5020,#5021,#5022,#5023,
#5024,#5025,#5026,#5027,#5028,#5029,#5030,#5031,#5032,#5033,#5034,#5035,
#5036,#5037,#5038,#5039,#5040,#5041,#5042,#5043,#5044,#5045,#5046,#5047,
#5048,#5049,#5050,#5051,#5052,#5053,#5054,#5055,#5056,#5057,#5058,#5059,
#5060,#5061,#5062,#5063,#5064,#5065,#5066,#5067,#5068,#5069,#5070,#5071,
#5072,#5073,#5074,#5075,#5076,#5077,#5078,#5079,#5080,#5081,#5082,#5083,
#5084,#5085,#5086,#5087,#5088,#5089,#5090,#5091,#5092,#5093,#5094,#5095,
#5096,#5097,#5098,#5099,#5100,#5101,#5102,#5103,#5104,#5105,#5106,#5107,
#5108,#5109,#5110,#5111));
#5113=STYLED_ITEM('',(#5114),#6778);
#5114=PRESENTATION_STYLE_ASSIGNMENT((#5391));
#5115=PRESENTATION_STYLE_ASSIGNMENT((#5392));
#5116=PRESENTATION_STYLE_ASSIGNMENT((#5393));
#5117=PRESENTATION_STYLE_ASSIGNMENT((#5394));
#5118=PRESENTATION_STYLE_ASSIGNMENT((#5395));
#5119=PRESENTATION_STYLE_ASSIGNMENT((#5396));
#5120=PRESENTATION_STYLE_ASSIGNMENT((#5397));
#5121=PRESENTATION_STYLE_ASSIGNMENT((#5398));
#5122=PRESENTATION_STYLE_ASSIGNMENT((#5399));
#5123=PRESENTATION_STYLE_ASSIGNMENT((#5400));
#5124=PRESENTATION_STYLE_ASSIGNMENT((#5401));
#5125=PRESENTATION_STYLE_ASSIGNMENT((#5402));
#5126=PRESENTATION_STYLE_ASSIGNMENT((#5403));
#5127=PRESENTATION_STYLE_ASSIGNMENT((#5404));
#5128=PRESENTATION_STYLE_ASSIGNMENT((#5405));
#5129=PRESENTATION_STYLE_ASSIGNMENT((#5406));
#5130=PRESENTATION_STYLE_ASSIGNMENT((#5407));
#5131=PRESENTATION_STYLE_ASSIGNMENT((#5408));
#5132=PRESENTATION_STYLE_ASSIGNMENT((#5409));
#5133=PRESENTATION_STYLE_ASSIGNMENT((#5410));
#5134=PRESENTATION_STYLE_ASSIGNMENT((#5411));
#5135=PRESENTATION_STYLE_ASSIGNMENT((#5412));
#5136=PRESENTATION_STYLE_ASSIGNMENT((#5413));
#5137=PRESENTATION_STYLE_ASSIGNMENT((#5414));
#5138=PRESENTATION_STYLE_ASSIGNMENT((#5415));
#5139=PRESENTATION_STYLE_ASSIGNMENT((#5416));
#5140=PRESENTATION_STYLE_ASSIGNMENT((#5417));
#5141=PRESENTATION_STYLE_ASSIGNMENT((#5418));
#5142=PRESENTATION_STYLE_ASSIGNMENT((#5419));
#5143=PRESENTATION_STYLE_ASSIGNMENT((#5420));
#5144=PRESENTATION_STYLE_ASSIGNMENT((#5421));
#5145=PRESENTATION_STYLE_ASSIGNMENT((#5422));
#5146=PRESENTATION_STYLE_ASSIGNMENT((#5423));
#5147=PRESENTATION_STYLE_ASSIGNMENT((#5424));
#5148=PRESENTATION_STYLE_ASSIGNMENT((#5425));
#5149=PRESENTATION_STYLE_ASSIGNMENT((#5426));
#5150=PRESENTATION_STYLE_ASSIGNMENT((#5427));
#5151=PRESENTATION_STYLE_ASSIGNMENT((#5428));
#5152=PRESENTATION_STYLE_ASSIGNMENT((#5429));
#5153=PRESENTATION_STYLE_ASSIGNMENT((#5430));
#5154=PRESENTATION_STYLE_ASSIGNMENT((#5431));
#5155=PRESENTATION_STYLE_ASSIGNMENT((#5432));
#5156=PRESENTATION_STYLE_ASSIGNMENT((#5433));
#5157=PRESENTATION_STYLE_ASSIGNMENT((#5434));
#5158=PRESENTATION_STYLE_ASSIGNMENT((#5435));
#5159=PRESENTATION_STYLE_ASSIGNMENT((#5436));
#5160=PRESENTATION_STYLE_ASSIGNMENT((#5437));
#5161=PRESENTATION_STYLE_ASSIGNMENT((#5438));
#5162=PRESENTATION_STYLE_ASSIGNMENT((#5439));
#5163=PRESENTATION_STYLE_ASSIGNMENT((#5440));
#5164=PRESENTATION_STYLE_ASSIGNMENT((#5441));
#5165=PRESENTATION_STYLE_ASSIGNMENT((#5442));
#5166=PRESENTATION_STYLE_ASSIGNMENT((#5443));
#5167=PRESENTATION_STYLE_ASSIGNMENT((#5444));
#5168=PRESENTATION_STYLE_ASSIGNMENT((#5445));
#5169=PRESENTATION_STYLE_ASSIGNMENT((#5446));
#5170=PRESENTATION_STYLE_ASSIGNMENT((#5447));
#5171=PRESENTATION_STYLE_ASSIGNMENT((#5448));
#5172=PRESENTATION_STYLE_ASSIGNMENT((#5449));
#5173=PRESENTATION_STYLE_ASSIGNMENT((#5450));
#5174=PRESENTATION_STYLE_ASSIGNMENT((#5451));
#5175=PRESENTATION_STYLE_ASSIGNMENT((#5452));
#5176=PRESENTATION_STYLE_ASSIGNMENT((#5453));
#5177=PRESENTATION_STYLE_ASSIGNMENT((#5454));
#5178=PRESENTATION_STYLE_ASSIGNMENT((#5455));
#5179=PRESENTATION_STYLE_ASSIGNMENT((#5456));
#5180=PRESENTATION_STYLE_ASSIGNMENT((#5457));
#5181=PRESENTATION_STYLE_ASSIGNMENT((#5458));
#5182=PRESENTATION_STYLE_ASSIGNMENT((#5459));
#5183=PRESENTATION_STYLE_ASSIGNMENT((#5460));
#5184=PRESENTATION_STYLE_ASSIGNMENT((#5461));
#5185=PRESENTATION_STYLE_ASSIGNMENT((#5462));
#5186=PRESENTATION_STYLE_ASSIGNMENT((#5463));
#5187=PRESENTATION_STYLE_ASSIGNMENT((#5464));
#5188=PRESENTATION_STYLE_ASSIGNMENT((#5465));
#5189=PRESENTATION_STYLE_ASSIGNMENT((#5466));
#5190=PRESENTATION_STYLE_ASSIGNMENT((#5467));
#5191=PRESENTATION_STYLE_ASSIGNMENT((#5468));
#5192=PRESENTATION_STYLE_ASSIGNMENT((#5469));
#5193=PRESENTATION_STYLE_ASSIGNMENT((#5470));
#5194=PRESENTATION_STYLE_ASSIGNMENT((#5471));
#5195=PRESENTATION_STYLE_ASSIGNMENT((#5472));
#5196=PRESENTATION_STYLE_ASSIGNMENT((#5473));
#5197=PRESENTATION_STYLE_ASSIGNMENT((#5474));
#5198=PRESENTATION_STYLE_ASSIGNMENT((#5475));
#5199=PRESENTATION_STYLE_ASSIGNMENT((#5476));
#5200=PRESENTATION_STYLE_ASSIGNMENT((#5477));
#5201=PRESENTATION_STYLE_ASSIGNMENT((#5478));
#5202=PRESENTATION_STYLE_ASSIGNMENT((#5479));
#5203=PRESENTATION_STYLE_ASSIGNMENT((#5480));
#5204=PRESENTATION_STYLE_ASSIGNMENT((#5481));
#5205=PRESENTATION_STYLE_ASSIGNMENT((#5482));
#5206=PRESENTATION_STYLE_ASSIGNMENT((#5483));
#5207=PRESENTATION_STYLE_ASSIGNMENT((#5484));
#5208=PRESENTATION_STYLE_ASSIGNMENT((#5485));
#5209=PRESENTATION_STYLE_ASSIGNMENT((#5486));
#5210=PRESENTATION_STYLE_ASSIGNMENT((#5487));
#5211=PRESENTATION_STYLE_ASSIGNMENT((#5488));
#5212=PRESENTATION_STYLE_ASSIGNMENT((#5489));
#5213=PRESENTATION_STYLE_ASSIGNMENT((#5490));
#5214=PRESENTATION_STYLE_ASSIGNMENT((#5491));
#5215=PRESENTATION_STYLE_ASSIGNMENT((#5492));
#5216=PRESENTATION_STYLE_ASSIGNMENT((#5493));
#5217=PRESENTATION_STYLE_ASSIGNMENT((#5494));
#5218=PRESENTATION_STYLE_ASSIGNMENT((#5495));
#5219=PRESENTATION_STYLE_ASSIGNMENT((#5496));
#5220=PRESENTATION_STYLE_ASSIGNMENT((#5497));
#5221=PRESENTATION_STYLE_ASSIGNMENT((#5498));
#5222=PRESENTATION_STYLE_ASSIGNMENT((#5499));
#5223=PRESENTATION_STYLE_ASSIGNMENT((#5500));
#5224=PRESENTATION_STYLE_ASSIGNMENT((#5501));
#5225=PRESENTATION_STYLE_ASSIGNMENT((#5502));
#5226=PRESENTATION_STYLE_ASSIGNMENT((#5503));
#5227=PRESENTATION_STYLE_ASSIGNMENT((#5504));
#5228=PRESENTATION_STYLE_ASSIGNMENT((#5505));
#5229=PRESENTATION_STYLE_ASSIGNMENT((#5506));
#5230=PRESENTATION_STYLE_ASSIGNMENT((#5507));
#5231=PRESENTATION_STYLE_ASSIGNMENT((#5508));
#5232=PRESENTATION_STYLE_ASSIGNMENT((#5509));
#5233=PRESENTATION_STYLE_ASSIGNMENT((#5510));
#5234=PRESENTATION_STYLE_ASSIGNMENT((#5511));
#5235=PRESENTATION_STYLE_ASSIGNMENT((#5512));
#5236=PRESENTATION_STYLE_ASSIGNMENT((#5513));
#5237=PRESENTATION_STYLE_ASSIGNMENT((#5514));
#5238=PRESENTATION_STYLE_ASSIGNMENT((#5515));
#5239=PRESENTATION_STYLE_ASSIGNMENT((#5516));
#5240=PRESENTATION_STYLE_ASSIGNMENT((#5517));
#5241=PRESENTATION_STYLE_ASSIGNMENT((#5518));
#5242=PRESENTATION_STYLE_ASSIGNMENT((#5519));
#5243=PRESENTATION_STYLE_ASSIGNMENT((#5520));
#5244=PRESENTATION_STYLE_ASSIGNMENT((#5521));
#5245=PRESENTATION_STYLE_ASSIGNMENT((#5522));
#5246=PRESENTATION_STYLE_ASSIGNMENT((#5523));
#5247=PRESENTATION_STYLE_ASSIGNMENT((#5524));
#5248=PRESENTATION_STYLE_ASSIGNMENT((#5525));
#5249=PRESENTATION_STYLE_ASSIGNMENT((#5526));
#5250=PRESENTATION_STYLE_ASSIGNMENT((#5527));
#5251=PRESENTATION_STYLE_ASSIGNMENT((#5528));
#5252=PRESENTATION_STYLE_ASSIGNMENT((#5529));
#5253=PRESENTATION_STYLE_ASSIGNMENT((#5530));
#5254=PRESENTATION_STYLE_ASSIGNMENT((#5531));
#5255=PRESENTATION_STYLE_ASSIGNMENT((#5532));
#5256=PRESENTATION_STYLE_ASSIGNMENT((#5533));
#5257=PRESENTATION_STYLE_ASSIGNMENT((#5534));
#5258=PRESENTATION_STYLE_ASSIGNMENT((#5535));
#5259=PRESENTATION_STYLE_ASSIGNMENT((#5536));
#5260=PRESENTATION_STYLE_ASSIGNMENT((#5537));
#5261=PRESENTATION_STYLE_ASSIGNMENT((#5538));
#5262=PRESENTATION_STYLE_ASSIGNMENT((#5539));
#5263=PRESENTATION_STYLE_ASSIGNMENT((#5540));
#5264=PRESENTATION_STYLE_ASSIGNMENT((#5541));
#5265=PRESENTATION_STYLE_ASSIGNMENT((#5542));
#5266=PRESENTATION_STYLE_ASSIGNMENT((#5543));
#5267=PRESENTATION_STYLE_ASSIGNMENT((#5544));
#5268=PRESENTATION_STYLE_ASSIGNMENT((#5545));
#5269=PRESENTATION_STYLE_ASSIGNMENT((#5546));
#5270=PRESENTATION_STYLE_ASSIGNMENT((#5547));
#5271=PRESENTATION_STYLE_ASSIGNMENT((#5548));
#5272=PRESENTATION_STYLE_ASSIGNMENT((#5549));
#5273=PRESENTATION_STYLE_ASSIGNMENT((#5550));
#5274=PRESENTATION_STYLE_ASSIGNMENT((#5551));
#5275=PRESENTATION_STYLE_ASSIGNMENT((#5552));
#5276=PRESENTATION_STYLE_ASSIGNMENT((#5553));
#5277=PRESENTATION_STYLE_ASSIGNMENT((#5554));
#5278=PRESENTATION_STYLE_ASSIGNMENT((#5555));
#5279=PRESENTATION_STYLE_ASSIGNMENT((#5556));
#5280=PRESENTATION_STYLE_ASSIGNMENT((#5557));
#5281=PRESENTATION_STYLE_ASSIGNMENT((#5558));
#5282=PRESENTATION_STYLE_ASSIGNMENT((#5559));
#5283=PRESENTATION_STYLE_ASSIGNMENT((#5560));
#5284=PRESENTATION_STYLE_ASSIGNMENT((#5561));
#5285=PRESENTATION_STYLE_ASSIGNMENT((#5562));
#5286=PRESENTATION_STYLE_ASSIGNMENT((#5563));
#5287=PRESENTATION_STYLE_ASSIGNMENT((#5564));
#5288=PRESENTATION_STYLE_ASSIGNMENT((#5565));
#5289=PRESENTATION_STYLE_ASSIGNMENT((#5566));
#5290=PRESENTATION_STYLE_ASSIGNMENT((#5567));
#5291=PRESENTATION_STYLE_ASSIGNMENT((#5568));
#5292=PRESENTATION_STYLE_ASSIGNMENT((#5569));
#5293=PRESENTATION_STYLE_ASSIGNMENT((#5570));
#5294=PRESENTATION_STYLE_ASSIGNMENT((#5571));
#5295=PRESENTATION_STYLE_ASSIGNMENT((#5572));
#5296=PRESENTATION_STYLE_ASSIGNMENT((#5573));
#5297=PRESENTATION_STYLE_ASSIGNMENT((#5574));
#5298=PRESENTATION_STYLE_ASSIGNMENT((#5575));
#5299=PRESENTATION_STYLE_ASSIGNMENT((#5576));
#5300=PRESENTATION_STYLE_ASSIGNMENT((#5577));
#5301=PRESENTATION_STYLE_ASSIGNMENT((#5578));
#5302=PRESENTATION_STYLE_ASSIGNMENT((#5579));
#5303=PRESENTATION_STYLE_ASSIGNMENT((#5580));
#5304=PRESENTATION_STYLE_ASSIGNMENT((#5581));
#5305=PRESENTATION_STYLE_ASSIGNMENT((#5582));
#5306=PRESENTATION_STYLE_ASSIGNMENT((#5583));
#5307=PRESENTATION_STYLE_ASSIGNMENT((#5584));
#5308=PRESENTATION_STYLE_ASSIGNMENT((#5585));
#5309=PRESENTATION_STYLE_ASSIGNMENT((#5586));
#5310=PRESENTATION_STYLE_ASSIGNMENT((#5587));
#5311=PRESENTATION_STYLE_ASSIGNMENT((#5588));
#5312=PRESENTATION_STYLE_ASSIGNMENT((#5589));
#5313=PRESENTATION_STYLE_ASSIGNMENT((#5590));
#5314=PRESENTATION_STYLE_ASSIGNMENT((#5591));
#5315=PRESENTATION_STYLE_ASSIGNMENT((#5592));
#5316=PRESENTATION_STYLE_ASSIGNMENT((#5593));
#5317=PRESENTATION_STYLE_ASSIGNMENT((#5594));
#5318=PRESENTATION_STYLE_ASSIGNMENT((#5595));
#5319=PRESENTATION_STYLE_ASSIGNMENT((#5596));
#5320=PRESENTATION_STYLE_ASSIGNMENT((#5597));
#5321=PRESENTATION_STYLE_ASSIGNMENT((#5598));
#5322=PRESENTATION_STYLE_ASSIGNMENT((#5599));
#5323=PRESENTATION_STYLE_ASSIGNMENT((#5600));
#5324=PRESENTATION_STYLE_ASSIGNMENT((#5601));
#5325=PRESENTATION_STYLE_ASSIGNMENT((#5602));
#5326=PRESENTATION_STYLE_ASSIGNMENT((#5603));
#5327=PRESENTATION_STYLE_ASSIGNMENT((#5604));
#5328=PRESENTATION_STYLE_ASSIGNMENT((#5605));
#5329=PRESENTATION_STYLE_ASSIGNMENT((#5606));
#5330=PRESENTATION_STYLE_ASSIGNMENT((#5607));
#5331=PRESENTATION_STYLE_ASSIGNMENT((#5608));
#5332=PRESENTATION_STYLE_ASSIGNMENT((#5609));
#5333=PRESENTATION_STYLE_ASSIGNMENT((#5610));
#5334=PRESENTATION_STYLE_ASSIGNMENT((#5611));
#5335=PRESENTATION_STYLE_ASSIGNMENT((#5612));
#5336=PRESENTATION_STYLE_ASSIGNMENT((#5613));
#5337=PRESENTATION_STYLE_ASSIGNMENT((#5614));
#5338=PRESENTATION_STYLE_ASSIGNMENT((#5615));
#5339=PRESENTATION_STYLE_ASSIGNMENT((#5616));
#5340=PRESENTATION_STYLE_ASSIGNMENT((#5617));
#5341=PRESENTATION_STYLE_ASSIGNMENT((#5618));
#5342=PRESENTATION_STYLE_ASSIGNMENT((#5619));
#5343=PRESENTATION_STYLE_ASSIGNMENT((#5620));
#5344=PRESENTATION_STYLE_ASSIGNMENT((#5621));
#5345=PRESENTATION_STYLE_ASSIGNMENT((#5622));
#5346=PRESENTATION_STYLE_ASSIGNMENT((#5623));
#5347=PRESENTATION_STYLE_ASSIGNMENT((#5624));
#5348=PRESENTATION_STYLE_ASSIGNMENT((#5625));
#5349=PRESENTATION_STYLE_ASSIGNMENT((#5626));
#5350=PRESENTATION_STYLE_ASSIGNMENT((#5627));
#5351=PRESENTATION_STYLE_ASSIGNMENT((#5628));
#5352=PRESENTATION_STYLE_ASSIGNMENT((#5629));
#5353=PRESENTATION_STYLE_ASSIGNMENT((#5630));
#5354=PRESENTATION_STYLE_ASSIGNMENT((#5631));
#5355=PRESENTATION_STYLE_ASSIGNMENT((#5632));
#5356=PRESENTATION_STYLE_ASSIGNMENT((#5633));
#5357=PRESENTATION_STYLE_ASSIGNMENT((#5634));
#5358=PRESENTATION_STYLE_ASSIGNMENT((#5635));
#5359=PRESENTATION_STYLE_ASSIGNMENT((#5636));
#5360=PRESENTATION_STYLE_ASSIGNMENT((#5637));
#5361=PRESENTATION_STYLE_ASSIGNMENT((#5638));
#5362=PRESENTATION_STYLE_ASSIGNMENT((#5639));
#5363=PRESENTATION_STYLE_ASSIGNMENT((#5640));
#5364=PRESENTATION_STYLE_ASSIGNMENT((#5641));
#5365=PRESENTATION_STYLE_ASSIGNMENT((#5642));
#5366=PRESENTATION_STYLE_ASSIGNMENT((#5643));
#5367=PRESENTATION_STYLE_ASSIGNMENT((#5644));
#5368=PRESENTATION_STYLE_ASSIGNMENT((#5645));
#5369=PRESENTATION_STYLE_ASSIGNMENT((#5646));
#5370=PRESENTATION_STYLE_ASSIGNMENT((#5647));
#5371=PRESENTATION_STYLE_ASSIGNMENT((#5648));
#5372=PRESENTATION_STYLE_ASSIGNMENT((#5649));
#5373=PRESENTATION_STYLE_ASSIGNMENT((#5650));
#5374=PRESENTATION_STYLE_ASSIGNMENT((#5651));
#5375=PRESENTATION_STYLE_ASSIGNMENT((#5652));
#5376=PRESENTATION_STYLE_ASSIGNMENT((#5653));
#5377=PRESENTATION_STYLE_ASSIGNMENT((#5654));
#5378=PRESENTATION_STYLE_ASSIGNMENT((#5655));
#5379=PRESENTATION_STYLE_ASSIGNMENT((#5656));
#5380=PRESENTATION_STYLE_ASSIGNMENT((#5657));
#5381=PRESENTATION_STYLE_ASSIGNMENT((#5658));
#5382=PRESENTATION_STYLE_ASSIGNMENT((#5659));
#5383=PRESENTATION_STYLE_ASSIGNMENT((#5660));
#5384=PRESENTATION_STYLE_ASSIGNMENT((#5661));
#5385=PRESENTATION_STYLE_ASSIGNMENT((#5662));
#5386=PRESENTATION_STYLE_ASSIGNMENT((#5663));
#5387=PRESENTATION_STYLE_ASSIGNMENT((#5664));
#5388=PRESENTATION_STYLE_ASSIGNMENT((#5665));
#5389=PRESENTATION_STYLE_ASSIGNMENT((#5666));
#5390=PRESENTATION_STYLE_ASSIGNMENT((#5667));
#5391=SURFACE_STYLE_USAGE(.BOTH.,#5668);
#5392=SURFACE_STYLE_USAGE(.BOTH.,#5669);
#5393=SURFACE_STYLE_USAGE(.BOTH.,#5670);
#5394=SURFACE_STYLE_USAGE(.BOTH.,#5671);
#5395=SURFACE_STYLE_USAGE(.BOTH.,#5672);
#5396=SURFACE_STYLE_USAGE(.BOTH.,#5673);
#5397=SURFACE_STYLE_USAGE(.BOTH.,#5674);
#5398=SURFACE_STYLE_USAGE(.BOTH.,#5675);
#5399=SURFACE_STYLE_USAGE(.BOTH.,#5676);
#5400=SURFACE_STYLE_USAGE(.BOTH.,#5677);
#5401=SURFACE_STYLE_USAGE(.BOTH.,#5678);
#5402=SURFACE_STYLE_USAGE(.BOTH.,#5679);
#5403=SURFACE_STYLE_USAGE(.BOTH.,#5680);
#5404=SURFACE_STYLE_USAGE(.BOTH.,#5681);
#5405=SURFACE_STYLE_USAGE(.BOTH.,#5682);
#5406=SURFACE_STYLE_USAGE(.BOTH.,#5683);
#5407=SURFACE_STYLE_USAGE(.BOTH.,#5684);
#5408=SURFACE_STYLE_USAGE(.BOTH.,#5685);
#5409=SURFACE_STYLE_USAGE(.BOTH.,#5686);
#5410=SURFACE_STYLE_USAGE(.BOTH.,#5687);
#5411=SURFACE_STYLE_USAGE(.BOTH.,#5688);
#5412=SURFACE_STYLE_USAGE(.BOTH.,#5689);
#5413=SURFACE_STYLE_USAGE(.BOTH.,#5690);
#5414=SURFACE_STYLE_USAGE(.BOTH.,#5691);
#5415=SURFACE_STYLE_USAGE(.BOTH.,#5692);
#5416=SURFACE_STYLE_USAGE(.BOTH.,#5693);
#5417=SURFACE_STYLE_USAGE(.BOTH.,#5694);
#5418=SURFACE_STYLE_USAGE(.BOTH.,#5695);
#5419=SURFACE_STYLE_USAGE(.BOTH.,#5696);
#5420=SURFACE_STYLE_USAGE(.BOTH.,#5697);
#5421=SURFACE_STYLE_USAGE(.BOTH.,#5698);
#5422=SURFACE_STYLE_USAGE(.BOTH.,#5699);
#5423=SURFACE_STYLE_USAGE(.BOTH.,#5700);
#5424=SURFACE_STYLE_USAGE(.BOTH.,#5701);
#5425=SURFACE_STYLE_USAGE(.BOTH.,#5702);
#5426=SURFACE_STYLE_USAGE(.BOTH.,#5703);
#5427=SURFACE_STYLE_USAGE(.BOTH.,#5704);
#5428=SURFACE_STYLE_USAGE(.BOTH.,#5705);
#5429=SURFACE_STYLE_USAGE(.BOTH.,#5706);
#5430=SURFACE_STYLE_USAGE(.BOTH.,#5707);
#5431=SURFACE_STYLE_USAGE(.BOTH.,#5708);
#5432=SURFACE_STYLE_USAGE(.BOTH.,#5709);
#5433=SURFACE_STYLE_USAGE(.BOTH.,#5710);
#5434=SURFACE_STYLE_USAGE(.BOTH.,#5711);
#5435=SURFACE_STYLE_USAGE(.BOTH.,#5712);
#5436=SURFACE_STYLE_USAGE(.BOTH.,#5713);
#5437=SURFACE_STYLE_USAGE(.BOTH.,#5714);
#5438=SURFACE_STYLE_USAGE(.BOTH.,#5715);
#5439=SURFACE_STYLE_USAGE(.BOTH.,#5716);
#5440=SURFACE_STYLE_USAGE(.BOTH.,#5717);
#5441=SURFACE_STYLE_USAGE(.BOTH.,#5718);
#5442=SURFACE_STYLE_USAGE(.BOTH.,#5719);
#5443=SURFACE_STYLE_USAGE(.BOTH.,#5720);
#5444=SURFACE_STYLE_USAGE(.BOTH.,#5721);
#5445=SURFACE_STYLE_USAGE(.BOTH.,#5722);
#5446=SURFACE_STYLE_USAGE(.BOTH.,#5723);
#5447=SURFACE_STYLE_USAGE(.BOTH.,#5724);
#5448=SURFACE_STYLE_USAGE(.BOTH.,#5725);
#5449=SURFACE_STYLE_USAGE(.BOTH.,#5726);
#5450=SURFACE_STYLE_USAGE(.BOTH.,#5727);
#5451=SURFACE_STYLE_USAGE(.BOTH.,#5728);
#5452=SURFACE_STYLE_USAGE(.BOTH.,#5729);
#5453=SURFACE_STYLE_USAGE(.BOTH.,#5730);
#5454=SURFACE_STYLE_USAGE(.BOTH.,#5731);
#5455=SURFACE_STYLE_USAGE(.BOTH.,#5732);
#5456=SURFACE_STYLE_USAGE(.BOTH.,#5733);
#5457=SURFACE_STYLE_USAGE(.BOTH.,#5734);
#5458=SURFACE_STYLE_USAGE(.BOTH.,#5735);
#5459=SURFACE_STYLE_USAGE(.BOTH.,#5736);
#5460=SURFACE_STYLE_USAGE(.BOTH.,#5737);
#5461=SURFACE_STYLE_USAGE(.BOTH.,#5738);
#5462=SURFACE_STYLE_USAGE(.BOTH.,#5739);
#5463=SURFACE_STYLE_USAGE(.BOTH.,#5740);
#5464=SURFACE_STYLE_USAGE(.BOTH.,#5741);
#5465=SURFACE_STYLE_USAGE(.BOTH.,#5742);
#5466=SURFACE_STYLE_USAGE(.BOTH.,#5743);
#5467=SURFACE_STYLE_USAGE(.BOTH.,#5744);
#5468=SURFACE_STYLE_USAGE(.BOTH.,#5745);
#5469=SURFACE_STYLE_USAGE(.BOTH.,#5746);
#5470=SURFACE_STYLE_USAGE(.BOTH.,#5747);
#5471=SURFACE_STYLE_USAGE(.BOTH.,#5748);
#5472=SURFACE_STYLE_USAGE(.BOTH.,#5749);
#5473=SURFACE_STYLE_USAGE(.BOTH.,#5750);
#5474=SURFACE_STYLE_USAGE(.BOTH.,#5751);
#5475=SURFACE_STYLE_USAGE(.BOTH.,#5752);
#5476=SURFACE_STYLE_USAGE(.BOTH.,#5753);
#5477=SURFACE_STYLE_USAGE(.BOTH.,#5754);
#5478=SURFACE_STYLE_USAGE(.BOTH.,#5755);
#5479=SURFACE_STYLE_USAGE(.BOTH.,#5756);
#5480=SURFACE_STYLE_USAGE(.BOTH.,#5757);
#5481=SURFACE_STYLE_USAGE(.BOTH.,#5758);
#5482=SURFACE_STYLE_USAGE(.BOTH.,#5759);
#5483=SURFACE_STYLE_USAGE(.BOTH.,#5760);
#5484=SURFACE_STYLE_USAGE(.BOTH.,#5761);
#5485=SURFACE_STYLE_USAGE(.BOTH.,#5762);
#5486=SURFACE_STYLE_USAGE(.BOTH.,#5763);
#5487=SURFACE_STYLE_USAGE(.BOTH.,#5764);
#5488=SURFACE_STYLE_USAGE(.BOTH.,#5765);
#5489=SURFACE_STYLE_USAGE(.BOTH.,#5766);
#5490=SURFACE_STYLE_USAGE(.BOTH.,#5767);
#5491=SURFACE_STYLE_USAGE(.BOTH.,#5768);
#5492=SURFACE_STYLE_USAGE(.BOTH.,#5769);
#5493=SURFACE_STYLE_USAGE(.BOTH.,#5770);
#5494=SURFACE_STYLE_USAGE(.BOTH.,#5771);
#5495=SURFACE_STYLE_USAGE(.BOTH.,#5772);
#5496=SURFACE_STYLE_USAGE(.BOTH.,#5773);
#5497=SURFACE_STYLE_USAGE(.BOTH.,#5774);
#5498=SURFACE_STYLE_USAGE(.BOTH.,#5775);
#5499=SURFACE_STYLE_USAGE(.BOTH.,#5776);
#5500=SURFACE_STYLE_USAGE(.BOTH.,#5777);
#5501=SURFACE_STYLE_USAGE(.BOTH.,#5778);
#5502=SURFACE_STYLE_USAGE(.BOTH.,#5779);
#5503=SURFACE_STYLE_USAGE(.BOTH.,#5780);
#5504=SURFACE_STYLE_USAGE(.BOTH.,#5781);
#5505=SURFACE_STYLE_USAGE(.BOTH.,#5782);
#5506=SURFACE_STYLE_USAGE(.BOTH.,#5783);
#5507=SURFACE_STYLE_USAGE(.BOTH.,#5784);
#5508=SURFACE_STYLE_USAGE(.BOTH.,#5785);
#5509=SURFACE_STYLE_USAGE(.BOTH.,#5786);
#5510=SURFACE_STYLE_USAGE(.BOTH.,#5787);
#5511=SURFACE_STYLE_USAGE(.BOTH.,#5788);
#5512=SURFACE_STYLE_USAGE(.BOTH.,#5789);
#5513=SURFACE_STYLE_USAGE(.BOTH.,#5790);
#5514=SURFACE_STYLE_USAGE(.BOTH.,#5791);
#5515=SURFACE_STYLE_USAGE(.BOTH.,#5792);
#5516=SURFACE_STYLE_USAGE(.BOTH.,#5793);
#5517=SURFACE_STYLE_USAGE(.BOTH.,#5794);
#5518=SURFACE_STYLE_USAGE(.BOTH.,#5795);
#5519=SURFACE_STYLE_USAGE(.BOTH.,#5796);
#5520=SURFACE_STYLE_USAGE(.BOTH.,#5797);
#5521=SURFACE_STYLE_USAGE(.BOTH.,#5798);
#5522=SURFACE_STYLE_USAGE(.BOTH.,#5799);
#5523=SURFACE_STYLE_USAGE(.BOTH.,#5800);
#5524=SURFACE_STYLE_USAGE(.BOTH.,#5801);
#5525=SURFACE_STYLE_USAGE(.BOTH.,#5802);
#5526=SURFACE_STYLE_USAGE(.BOTH.,#5803);
#5527=SURFACE_STYLE_USAGE(.BOTH.,#5804);
#5528=SURFACE_STYLE_USAGE(.BOTH.,#5805);
#5529=SURFACE_STYLE_USAGE(.BOTH.,#5806);
#5530=SURFACE_STYLE_USAGE(.BOTH.,#5807);
#5531=SURFACE_STYLE_USAGE(.BOTH.,#5808);
#5532=SURFACE_STYLE_USAGE(.BOTH.,#5809);
#5533=SURFACE_STYLE_USAGE(.BOTH.,#5810);
#5534=SURFACE_STYLE_USAGE(.BOTH.,#5811);
#5535=SURFACE_STYLE_USAGE(.BOTH.,#5812);
#5536=SURFACE_STYLE_USAGE(.BOTH.,#5813);
#5537=SURFACE_STYLE_USAGE(.BOTH.,#5814);
#5538=SURFACE_STYLE_USAGE(.BOTH.,#5815);
#5539=SURFACE_STYLE_USAGE(.BOTH.,#5816);
#5540=SURFACE_STYLE_USAGE(.BOTH.,#5817);
#5541=SURFACE_STYLE_USAGE(.BOTH.,#5818);
#5542=SURFACE_STYLE_USAGE(.BOTH.,#5819);
#5543=SURFACE_STYLE_USAGE(.BOTH.,#5820);
#5544=SURFACE_STYLE_USAGE(.BOTH.,#5821);
#5545=SURFACE_STYLE_USAGE(.BOTH.,#5822);
#5546=SURFACE_STYLE_USAGE(.BOTH.,#5823);
#5547=SURFACE_STYLE_USAGE(.BOTH.,#5824);
#5548=SURFACE_STYLE_USAGE(.BOTH.,#5825);
#5549=SURFACE_STYLE_USAGE(.BOTH.,#5826);
#5550=SURFACE_STYLE_USAGE(.BOTH.,#5827);
#5551=SURFACE_STYLE_USAGE(.BOTH.,#5828);
#5552=SURFACE_STYLE_USAGE(.BOTH.,#5829);
#5553=SURFACE_STYLE_USAGE(.BOTH.,#5830);
#5554=SURFACE_STYLE_USAGE(.BOTH.,#5831);
#5555=SURFACE_STYLE_USAGE(.BOTH.,#5832);
#5556=SURFACE_STYLE_USAGE(.BOTH.,#5833);
#5557=SURFACE_STYLE_USAGE(.BOTH.,#5834);
#5558=SURFACE_STYLE_USAGE(.BOTH.,#5835);
#5559=SURFACE_STYLE_USAGE(.BOTH.,#5836);
#5560=SURFACE_STYLE_USAGE(.BOTH.,#5837);
#5561=SURFACE_STYLE_USAGE(.BOTH.,#5838);
#5562=SURFACE_STYLE_USAGE(.BOTH.,#5839);
#5563=SURFACE_STYLE_USAGE(.BOTH.,#5840);
#5564=SURFACE_STYLE_USAGE(.BOTH.,#5841);
#5565=SURFACE_STYLE_USAGE(.BOTH.,#5842);
#5566=SURFACE_STYLE_USAGE(.BOTH.,#5843);
#5567=SURFACE_STYLE_USAGE(.BOTH.,#5844);
#5568=SURFACE_STYLE_USAGE(.BOTH.,#5845);
#5569=SURFACE_STYLE_USAGE(.BOTH.,#5846);
#5570=SURFACE_STYLE_USAGE(.BOTH.,#5847);
#5571=SURFACE_STYLE_USAGE(.BOTH.,#5848);
#5572=SURFACE_STYLE_USAGE(.BOTH.,#5849);
#5573=SURFACE_STYLE_USAGE(.BOTH.,#5850);
#5574=SURFACE_STYLE_USAGE(.BOTH.,#5851);
#5575=SURFACE_STYLE_USAGE(.BOTH.,#5852);
#5576=SURFACE_STYLE_USAGE(.BOTH.,#5853);
#5577=SURFACE_STYLE_USAGE(.BOTH.,#5854);
#5578=SURFACE_STYLE_USAGE(.BOTH.,#5855);
#5579=SURFACE_STYLE_USAGE(.BOTH.,#5856);
#5580=SURFACE_STYLE_USAGE(.BOTH.,#5857);
#5581=SURFACE_STYLE_USAGE(.BOTH.,#5858);
#5582=SURFACE_STYLE_USAGE(.BOTH.,#5859);
#5583=SURFACE_STYLE_USAGE(.BOTH.,#5860);
#5584=SURFACE_STYLE_USAGE(.BOTH.,#5861);
#5585=SURFACE_STYLE_USAGE(.BOTH.,#5862);
#5586=SURFACE_STYLE_USAGE(.BOTH.,#5863);
#5587=SURFACE_STYLE_USAGE(.BOTH.,#5864);
#5588=SURFACE_STYLE_USAGE(.BOTH.,#5865);
#5589=SURFACE_STYLE_USAGE(.BOTH.,#5866);
#5590=SURFACE_STYLE_USAGE(.BOTH.,#5867);
#5591=SURFACE_STYLE_USAGE(.BOTH.,#5868);
#5592=SURFACE_STYLE_USAGE(.BOTH.,#5869);
#5593=SURFACE_STYLE_USAGE(.BOTH.,#5870);
#5594=SURFACE_STYLE_USAGE(.BOTH.,#5871);
#5595=SURFACE_STYLE_USAGE(.BOTH.,#5872);
#5596=SURFACE_STYLE_USAGE(.BOTH.,#5873);
#5597=SURFACE_STYLE_USAGE(.BOTH.,#5874);
#5598=SURFACE_STYLE_USAGE(.BOTH.,#5875);
#5599=SURFACE_STYLE_USAGE(.BOTH.,#5876);
#5600=SURFACE_STYLE_USAGE(.BOTH.,#5877);
#5601=SURFACE_STYLE_USAGE(.BOTH.,#5878);
#5602=SURFACE_STYLE_USAGE(.BOTH.,#5879);
#5603=SURFACE_STYLE_USAGE(.BOTH.,#5880);
#5604=SURFACE_STYLE_USAGE(.BOTH.,#5881);
#5605=SURFACE_STYLE_USAGE(.BOTH.,#5882);
#5606=SURFACE_STYLE_USAGE(.BOTH.,#5883);
#5607=SURFACE_STYLE_USAGE(.BOTH.,#5884);
#5608=SURFACE_STYLE_USAGE(.BOTH.,#5885);
#5609=SURFACE_STYLE_USAGE(.BOTH.,#5886);
#5610=SURFACE_STYLE_USAGE(.BOTH.,#5887);
#5611=SURFACE_STYLE_USAGE(.BOTH.,#5888);
#5612=SURFACE_STYLE_USAGE(.BOTH.,#5889);
#5613=SURFACE_STYLE_USAGE(.BOTH.,#5890);
#5614=SURFACE_STYLE_USAGE(.BOTH.,#5891);
#5615=SURFACE_STYLE_USAGE(.BOTH.,#5892);
#5616=SURFACE_STYLE_USAGE(.BOTH.,#5893);
#5617=SURFACE_STYLE_USAGE(.BOTH.,#5894);
#5618=SURFACE_STYLE_USAGE(.BOTH.,#5895);
#5619=SURFACE_STYLE_USAGE(.BOTH.,#5896);
#5620=SURFACE_STYLE_USAGE(.BOTH.,#5897);
#5621=SURFACE_STYLE_USAGE(.BOTH.,#5898);
#5622=SURFACE_STYLE_USAGE(.BOTH.,#5899);
#5623=SURFACE_STYLE_USAGE(.BOTH.,#5900);
#5624=SURFACE_STYLE_USAGE(.BOTH.,#5901);
#5625=SURFACE_STYLE_USAGE(.BOTH.,#5902);
#5626=SURFACE_STYLE_USAGE(.BOTH.,#5903);
#5627=SURFACE_STYLE_USAGE(.BOTH.,#5904);
#5628=SURFACE_STYLE_USAGE(.BOTH.,#5905);
#5629=SURFACE_STYLE_USAGE(.BOTH.,#5906);
#5630=SURFACE_STYLE_USAGE(.BOTH.,#5907);
#5631=SURFACE_STYLE_USAGE(.BOTH.,#5908);
#5632=SURFACE_STYLE_USAGE(.BOTH.,#5909);
#5633=SURFACE_STYLE_USAGE(.BOTH.,#5910);
#5634=SURFACE_STYLE_USAGE(.BOTH.,#5911);
#5635=SURFACE_STYLE_USAGE(.BOTH.,#5912);
#5636=SURFACE_STYLE_USAGE(.BOTH.,#5913);
#5637=SURFACE_STYLE_USAGE(.BOTH.,#5914);
#5638=SURFACE_STYLE_USAGE(.BOTH.,#5915);
#5639=SURFACE_STYLE_USAGE(.BOTH.,#5916);
#5640=SURFACE_STYLE_USAGE(.BOTH.,#5917);
#5641=SURFACE_STYLE_USAGE(.BOTH.,#5918);
#5642=SURFACE_STYLE_USAGE(.BOTH.,#5919);
#5643=SURFACE_STYLE_USAGE(.BOTH.,#5920);
#5644=SURFACE_STYLE_USAGE(.BOTH.,#5921);
#5645=SURFACE_STYLE_USAGE(.BOTH.,#5922);
#5646=SURFACE_STYLE_USAGE(.BOTH.,#5923);
#5647=SURFACE_STYLE_USAGE(.BOTH.,#5924);
#5648=SURFACE_STYLE_USAGE(.BOTH.,#5925);
#5649=SURFACE_STYLE_USAGE(.BOTH.,#5926);
#5650=SURFACE_STYLE_USAGE(.BOTH.,#5927);
#5651=SURFACE_STYLE_USAGE(.BOTH.,#5928);
#5652=SURFACE_STYLE_USAGE(.BOTH.,#5929);
#5653=SURFACE_STYLE_USAGE(.BOTH.,#5930);
#5654=SURFACE_STYLE_USAGE(.BOTH.,#5931);
#5655=SURFACE_STYLE_USAGE(.BOTH.,#5932);
#5656=SURFACE_STYLE_USAGE(.BOTH.,#5933);
#5657=SURFACE_STYLE_USAGE(.BOTH.,#5934);
#5658=SURFACE_STYLE_USAGE(.BOTH.,#5935);
#5659=SURFACE_STYLE_USAGE(.BOTH.,#5936);
#5660=SURFACE_STYLE_USAGE(.BOTH.,#5937);
#5661=SURFACE_STYLE_USAGE(.BOTH.,#5938);
#5662=SURFACE_STYLE_USAGE(.BOTH.,#5939);
#5663=SURFACE_STYLE_USAGE(.BOTH.,#5940);
#5664=SURFACE_STYLE_USAGE(.BOTH.,#5941);
#5665=SURFACE_STYLE_USAGE(.BOTH.,#5942);
#5666=SURFACE_STYLE_USAGE(.BOTH.,#5943);
#5667=SURFACE_STYLE_USAGE(.BOTH.,#5944);
#5668=SURFACE_SIDE_STYLE('',(#5945));
#5669=SURFACE_SIDE_STYLE('',(#5946));
#5670=SURFACE_SIDE_STYLE('',(#5947));
#5671=SURFACE_SIDE_STYLE('',(#5948));
#5672=SURFACE_SIDE_STYLE('',(#5949));
#5673=SURFACE_SIDE_STYLE('',(#5950));
#5674=SURFACE_SIDE_STYLE('',(#5951));
#5675=SURFACE_SIDE_STYLE('',(#5952));
#5676=SURFACE_SIDE_STYLE('',(#5953));
#5677=SURFACE_SIDE_STYLE('',(#5954));
#5678=SURFACE_SIDE_STYLE('',(#5955));
#5679=SURFACE_SIDE_STYLE('',(#5956));
#5680=SURFACE_SIDE_STYLE('',(#5957));
#5681=SURFACE_SIDE_STYLE('',(#5958));
#5682=SURFACE_SIDE_STYLE('',(#5959));
#5683=SURFACE_SIDE_STYLE('',(#5960));
#5684=SURFACE_SIDE_STYLE('',(#5961));
#5685=SURFACE_SIDE_STYLE('',(#5962));
#5686=SURFACE_SIDE_STYLE('',(#5963));
#5687=SURFACE_SIDE_STYLE('',(#5964));
#5688=SURFACE_SIDE_STYLE('',(#5965));
#5689=SURFACE_SIDE_STYLE('',(#5966));
#5690=SURFACE_SIDE_STYLE('',(#5967));
#5691=SURFACE_SIDE_STYLE('',(#5968));
#5692=SURFACE_SIDE_STYLE('',(#5969));
#5693=SURFACE_SIDE_STYLE('',(#5970));
#5694=SURFACE_SIDE_STYLE('',(#5971));
#5695=SURFACE_SIDE_STYLE('',(#5972));
#5696=SURFACE_SIDE_STYLE('',(#5973));
#5697=SURFACE_SIDE_STYLE('',(#5974));
#5698=SURFACE_SIDE_STYLE('',(#5975));
#5699=SURFACE_SIDE_STYLE('',(#5976));
#5700=SURFACE_SIDE_STYLE('',(#5977));
#5701=SURFACE_SIDE_STYLE('',(#5978));
#5702=SURFACE_SIDE_STYLE('',(#5979));
#5703=SURFACE_SIDE_STYLE('',(#5980));
#5704=SURFACE_SIDE_STYLE('',(#5981));
#5705=SURFACE_SIDE_STYLE('',(#5982));
#5706=SURFACE_SIDE_STYLE('',(#5983));
#5707=SURFACE_SIDE_STYLE('',(#5984));
#5708=SURFACE_SIDE_STYLE('',(#5985));
#5709=SURFACE_SIDE_STYLE('',(#5986));
#5710=SURFACE_SIDE_STYLE('',(#5987));
#5711=SURFACE_SIDE_STYLE('',(#5988));
#5712=SURFACE_SIDE_STYLE('',(#5989));
#5713=SURFACE_SIDE_STYLE('',(#5990));
#5714=SURFACE_SIDE_STYLE('',(#5991));
#5715=SURFACE_SIDE_STYLE('',(#5992));
#5716=SURFACE_SIDE_STYLE('',(#5993));
#5717=SURFACE_SIDE_STYLE('',(#5994));
#5718=SURFACE_SIDE_STYLE('',(#5995));
#5719=SURFACE_SIDE_STYLE('',(#5996));
#5720=SURFACE_SIDE_STYLE('',(#5997));
#5721=SURFACE_SIDE_STYLE('',(#5998));
#5722=SURFACE_SIDE_STYLE('',(#5999));
#5723=SURFACE_SIDE_STYLE('',(#6000));
#5724=SURFACE_SIDE_STYLE('',(#6001));
#5725=SURFACE_SIDE_STYLE('',(#6002));
#5726=SURFACE_SIDE_STYLE('',(#6003));
#5727=SURFACE_SIDE_STYLE('',(#6004));
#5728=SURFACE_SIDE_STYLE('',(#6005));
#5729=SURFACE_SIDE_STYLE('',(#6006));
#5730=SURFACE_SIDE_STYLE('',(#6007));
#5731=SURFACE_SIDE_STYLE('',(#6008));
#5732=SURFACE_SIDE_STYLE('',(#6009));
#5733=SURFACE_SIDE_STYLE('',(#6010));
#5734=SURFACE_SIDE_STYLE('',(#6011));
#5735=SURFACE_SIDE_STYLE('',(#6012));
#5736=SURFACE_SIDE_STYLE('',(#6013));
#5737=SURFACE_SIDE_STYLE('',(#6014));
#5738=SURFACE_SIDE_STYLE('',(#6015));
#5739=SURFACE_SIDE_STYLE('',(#6016));
#5740=SURFACE_SIDE_STYLE('',(#6017));
#5741=SURFACE_SIDE_STYLE('',(#6018));
#5742=SURFACE_SIDE_STYLE('',(#6019));
#5743=SURFACE_SIDE_STYLE('',(#6020));
#5744=SURFACE_SIDE_STYLE('',(#6021));
#5745=SURFACE_SIDE_STYLE('',(#6022));
#5746=SURFACE_SIDE_STYLE('',(#6023));
#5747=SURFACE_SIDE_STYLE('',(#6024));
#5748=SURFACE_SIDE_STYLE('',(#6025));
#5749=SURFACE_SIDE_STYLE('',(#6026));
#5750=SURFACE_SIDE_STYLE('',(#6027));
#5751=SURFACE_SIDE_STYLE('',(#6028));
#5752=SURFACE_SIDE_STYLE('',(#6029));
#5753=SURFACE_SIDE_STYLE('',(#6030));
#5754=SURFACE_SIDE_STYLE('',(#6031));
#5755=SURFACE_SIDE_STYLE('',(#6032));
#5756=SURFACE_SIDE_STYLE('',(#6033));
#5757=SURFACE_SIDE_STYLE('',(#6034));
#5758=SURFACE_SIDE_STYLE('',(#6035));
#5759=SURFACE_SIDE_STYLE('',(#6036));
#5760=SURFACE_SIDE_STYLE('',(#6037));
#5761=SURFACE_SIDE_STYLE('',(#6038));
#5762=SURFACE_SIDE_STYLE('',(#6039));
#5763=SURFACE_SIDE_STYLE('',(#6040));
#5764=SURFACE_SIDE_STYLE('',(#6041));
#5765=SURFACE_SIDE_STYLE('',(#6042));
#5766=SURFACE_SIDE_STYLE('',(#6043));
#5767=SURFACE_SIDE_STYLE('',(#6044));
#5768=SURFACE_SIDE_STYLE('',(#6045));
#5769=SURFACE_SIDE_STYLE('',(#6046));
#5770=SURFACE_SIDE_STYLE('',(#6047));
#5771=SURFACE_SIDE_STYLE('',(#6048));
#5772=SURFACE_SIDE_STYLE('',(#6049));
#5773=SURFACE_SIDE_STYLE('',(#6050));
#5774=SURFACE_SIDE_STYLE('',(#6051));
#5775=SURFACE_SIDE_STYLE('',(#6052));
#5776=SURFACE_SIDE_STYLE('',(#6053));
#5777=SURFACE_SIDE_STYLE('',(#6054));
#5778=SURFACE_SIDE_STYLE('',(#6055));
#5779=SURFACE_SIDE_STYLE('',(#6056));
#5780=SURFACE_SIDE_STYLE('',(#6057));
#5781=SURFACE_SIDE_STYLE('',(#6058));
#5782=SURFACE_SIDE_STYLE('',(#6059));
#5783=SURFACE_SIDE_STYLE('',(#6060));
#5784=SURFACE_SIDE_STYLE('',(#6061));
#5785=SURFACE_SIDE_STYLE('',(#6062));
#5786=SURFACE_SIDE_STYLE('',(#6063));
#5787=SURFACE_SIDE_STYLE('',(#6064));
#5788=SURFACE_SIDE_STYLE('',(#6065));
#5789=SURFACE_SIDE_STYLE('',(#6066));
#5790=SURFACE_SIDE_STYLE('',(#6067));
#5791=SURFACE_SIDE_STYLE('',(#6068));
#5792=SURFACE_SIDE_STYLE('',(#6069));
#5793=SURFACE_SIDE_STYLE('',(#6070));
#5794=SURFACE_SIDE_STYLE('',(#6071));
#5795=SURFACE_SIDE_STYLE('',(#6072));
#5796=SURFACE_SIDE_STYLE('',(#6073));
#5797=SURFACE_SIDE_STYLE('',(#6074));
#5798=SURFACE_SIDE_STYLE('',(#6075));
#5799=SURFACE_SIDE_STYLE('',(#6076));
#5800=SURFACE_SIDE_STYLE('',(#6077));
#5801=SURFACE_SIDE_STYLE('',(#6078));
#5802=SURFACE_SIDE_STYLE('',(#6079));
#5803=SURFACE_SIDE_STYLE('',(#6080));
#5804=SURFACE_SIDE_STYLE('',(#6081));
#5805=SURFACE_SIDE_STYLE('',(#6082));
#5806=SURFACE_SIDE_STYLE('',(#6083));
#5807=SURFACE_SIDE_STYLE('',(#6084));
#5808=SURFACE_SIDE_STYLE('',(#6085));
#5809=SURFACE_SIDE_STYLE('',(#6086));
#5810=SURFACE_SIDE_STYLE('',(#6087));
#5811=SURFACE_SIDE_STYLE('',(#6088));
#5812=SURFACE_SIDE_STYLE('',(#6089));
#5813=SURFACE_SIDE_STYLE('',(#6090));
#5814=SURFACE_SIDE_STYLE('',(#6091));
#5815=SURFACE_SIDE_STYLE('',(#6092));
#5816=SURFACE_SIDE_STYLE('',(#6093));
#5817=SURFACE_SIDE_STYLE('',(#6094));
#5818=SURFACE_SIDE_STYLE('',(#6095));
#5819=SURFACE_SIDE_STYLE('',(#6096));
#5820=SURFACE_SIDE_STYLE('',(#6097));
#5821=SURFACE_SIDE_STYLE('',(#6098));
#5822=SURFACE_SIDE_STYLE('',(#6099));
#5823=SURFACE_SIDE_STYLE('',(#6100));
#5824=SURFACE_SIDE_STYLE('',(#6101));
#5825=SURFACE_SIDE_STYLE('',(#6102));
#5826=SURFACE_SIDE_STYLE('',(#6103));
#5827=SURFACE_SIDE_STYLE('',(#6104));
#5828=SURFACE_SIDE_STYLE('',(#6105));
#5829=SURFACE_SIDE_STYLE('',(#6106));
#5830=SURFACE_SIDE_STYLE('',(#6107));
#5831=SURFACE_SIDE_STYLE('',(#6108));
#5832=SURFACE_SIDE_STYLE('',(#6109));
#5833=SURFACE_SIDE_STYLE('',(#6110));
#5834=SURFACE_SIDE_STYLE('',(#6111));
#5835=SURFACE_SIDE_STYLE('',(#6112));
#5836=SURFACE_SIDE_STYLE('',(#6113));
#5837=SURFACE_SIDE_STYLE('',(#6114));
#5838=SURFACE_SIDE_STYLE('',(#6115));
#5839=SURFACE_SIDE_STYLE('',(#6116));
#5840=SURFACE_SIDE_STYLE('',(#6117));
#5841=SURFACE_SIDE_STYLE('',(#6118));
#5842=SURFACE_SIDE_STYLE('',(#6119));
#5843=SURFACE_SIDE_STYLE('',(#6120));
#5844=SURFACE_SIDE_STYLE('',(#6121));
#5845=SURFACE_SIDE_STYLE('',(#6122));
#5846=SURFACE_SIDE_STYLE('',(#6123));
#5847=SURFACE_SIDE_STYLE('',(#6124));
#5848=SURFACE_SIDE_STYLE('',(#6125));
#5849=SURFACE_SIDE_STYLE('',(#6126));
#5850=SURFACE_SIDE_STYLE('',(#6127));
#5851=SURFACE_SIDE_STYLE('',(#6128));
#5852=SURFACE_SIDE_STYLE('',(#6129));
#5853=SURFACE_SIDE_STYLE('',(#6130));
#5854=SURFACE_SIDE_STYLE('',(#6131));
#5855=SURFACE_SIDE_STYLE('',(#6132));
#5856=SURFACE_SIDE_STYLE('',(#6133));
#5857=SURFACE_SIDE_STYLE('',(#6134));
#5858=SURFACE_SIDE_STYLE('',(#6135));
#5859=SURFACE_SIDE_STYLE('',(#6136));
#5860=SURFACE_SIDE_STYLE('',(#6137));
#5861=SURFACE_SIDE_STYLE('',(#6138));
#5862=SURFACE_SIDE_STYLE('',(#6139));
#5863=SURFACE_SIDE_STYLE('',(#6140));
#5864=SURFACE_SIDE_STYLE('',(#6141));
#5865=SURFACE_SIDE_STYLE('',(#6142));
#5866=SURFACE_SIDE_STYLE('',(#6143));
#5867=SURFACE_SIDE_STYLE('',(#6144));
#5868=SURFACE_SIDE_STYLE('',(#6145));
#5869=SURFACE_SIDE_STYLE('',(#6146));
#5870=SURFACE_SIDE_STYLE('',(#6147));
#5871=SURFACE_SIDE_STYLE('',(#6148));
#5872=SURFACE_SIDE_STYLE('',(#6149));
#5873=SURFACE_SIDE_STYLE('',(#6150));
#5874=SURFACE_SIDE_STYLE('',(#6151));
#5875=SURFACE_SIDE_STYLE('',(#6152));
#5876=SURFACE_SIDE_STYLE('',(#6153));
#5877=SURFACE_SIDE_STYLE('',(#6154));
#5878=SURFACE_SIDE_STYLE('',(#6155));
#5879=SURFACE_SIDE_STYLE('',(#6156));
#5880=SURFACE_SIDE_STYLE('',(#6157));
#5881=SURFACE_SIDE_STYLE('',(#6158));
#5882=SURFACE_SIDE_STYLE('',(#6159));
#5883=SURFACE_SIDE_STYLE('',(#6160));
#5884=SURFACE_SIDE_STYLE('',(#6161));
#5885=SURFACE_SIDE_STYLE('',(#6162));
#5886=SURFACE_SIDE_STYLE('',(#6163));
#5887=SURFACE_SIDE_STYLE('',(#6164));
#5888=SURFACE_SIDE_STYLE('',(#6165));
#5889=SURFACE_SIDE_STYLE('',(#6166));
#5890=SURFACE_SIDE_STYLE('',(#6167));
#5891=SURFACE_SIDE_STYLE('',(#6168));
#5892=SURFACE_SIDE_STYLE('',(#6169));
#5893=SURFACE_SIDE_STYLE('',(#6170));
#5894=SURFACE_SIDE_STYLE('',(#6171));
#5895=SURFACE_SIDE_STYLE('',(#6172));
#5896=SURFACE_SIDE_STYLE('',(#6173));
#5897=SURFACE_SIDE_STYLE('',(#6174));
#5898=SURFACE_SIDE_STYLE('',(#6175));
#5899=SURFACE_SIDE_STYLE('',(#6176));
#5900=SURFACE_SIDE_STYLE('',(#6177));
#5901=SURFACE_SIDE_STYLE('',(#6178));
#5902=SURFACE_SIDE_STYLE('',(#6179));
#5903=SURFACE_SIDE_STYLE('',(#6180));
#5904=SURFACE_SIDE_STYLE('',(#6181));
#5905=SURFACE_SIDE_STYLE('',(#6182));
#5906=SURFACE_SIDE_STYLE('',(#6183));
#5907=SURFACE_SIDE_STYLE('',(#6184));
#5908=SURFACE_SIDE_STYLE('',(#6185));
#5909=SURFACE_SIDE_STYLE('',(#6186));
#5910=SURFACE_SIDE_STYLE('',(#6187));
#5911=SURFACE_SIDE_STYLE('',(#6188));
#5912=SURFACE_SIDE_STYLE('',(#6189));
#5913=SURFACE_SIDE_STYLE('',(#6190));
#5914=SURFACE_SIDE_STYLE('',(#6191));
#5915=SURFACE_SIDE_STYLE('',(#6192));
#5916=SURFACE_SIDE_STYLE('',(#6193));
#5917=SURFACE_SIDE_STYLE('',(#6194));
#5918=SURFACE_SIDE_STYLE('',(#6195));
#5919=SURFACE_SIDE_STYLE('',(#6196));
#5920=SURFACE_SIDE_STYLE('',(#6197));
#5921=SURFACE_SIDE_STYLE('',(#6198));
#5922=SURFACE_SIDE_STYLE('',(#6199));
#5923=SURFACE_SIDE_STYLE('',(#6200));
#5924=SURFACE_SIDE_STYLE('',(#6201));
#5925=SURFACE_SIDE_STYLE('',(#6202));
#5926=SURFACE_SIDE_STYLE('',(#6203));
#5927=SURFACE_SIDE_STYLE('',(#6204));
#5928=SURFACE_SIDE_STYLE('',(#6205));
#5929=SURFACE_SIDE_STYLE('',(#6206));
#5930=SURFACE_SIDE_STYLE('',(#6207));
#5931=SURFACE_SIDE_STYLE('',(#6208));
#5932=SURFACE_SIDE_STYLE('',(#6209));
#5933=SURFACE_SIDE_STYLE('',(#6210));
#5934=SURFACE_SIDE_STYLE('',(#6211));
#5935=SURFACE_SIDE_STYLE('',(#6212));
#5936=SURFACE_SIDE_STYLE('',(#6213));
#5937=SURFACE_SIDE_STYLE('',(#6214));
#5938=SURFACE_SIDE_STYLE('',(#6215));
#5939=SURFACE_SIDE_STYLE('',(#6216));
#5940=SURFACE_SIDE_STYLE('',(#6217));
#5941=SURFACE_SIDE_STYLE('',(#6218));
#5942=SURFACE_SIDE_STYLE('',(#6219));
#5943=SURFACE_SIDE_STYLE('',(#6220));
#5944=SURFACE_SIDE_STYLE('',(#6221));
#5945=SURFACE_STYLE_FILL_AREA(#6222);
#5946=SURFACE_STYLE_FILL_AREA(#6223);
#5947=SURFACE_STYLE_FILL_AREA(#6224);
#5948=SURFACE_STYLE_FILL_AREA(#6225);
#5949=SURFACE_STYLE_FILL_AREA(#6226);
#5950=SURFACE_STYLE_FILL_AREA(#6227);
#5951=SURFACE_STYLE_FILL_AREA(#6228);
#5952=SURFACE_STYLE_FILL_AREA(#6229);
#5953=SURFACE_STYLE_FILL_AREA(#6230);
#5954=SURFACE_STYLE_FILL_AREA(#6231);
#5955=SURFACE_STYLE_FILL_AREA(#6232);
#5956=SURFACE_STYLE_FILL_AREA(#6233);
#5957=SURFACE_STYLE_FILL_AREA(#6234);
#5958=SURFACE_STYLE_FILL_AREA(#6235);
#5959=SURFACE_STYLE_FILL_AREA(#6236);
#5960=SURFACE_STYLE_FILL_AREA(#6237);
#5961=SURFACE_STYLE_FILL_AREA(#6238);
#5962=SURFACE_STYLE_FILL_AREA(#6239);
#5963=SURFACE_STYLE_FILL_AREA(#6240);
#5964=SURFACE_STYLE_FILL_AREA(#6241);
#5965=SURFACE_STYLE_FILL_AREA(#6242);
#5966=SURFACE_STYLE_FILL_AREA(#6243);
#5967=SURFACE_STYLE_FILL_AREA(#6244);
#5968=SURFACE_STYLE_FILL_AREA(#6245);
#5969=SURFACE_STYLE_FILL_AREA(#6246);
#5970=SURFACE_STYLE_FILL_AREA(#6247);
#5971=SURFACE_STYLE_FILL_AREA(#6248);
#5972=SURFACE_STYLE_FILL_AREA(#6249);
#5973=SURFACE_STYLE_FILL_AREA(#6250);
#5974=SURFACE_STYLE_FILL_AREA(#6251);
#5975=SURFACE_STYLE_FILL_AREA(#6252);
#5976=SURFACE_STYLE_FILL_AREA(#6253);
#5977=SURFACE_STYLE_FILL_AREA(#6254);
#5978=SURFACE_STYLE_FILL_AREA(#6255);
#5979=SURFACE_STYLE_FILL_AREA(#6256);
#5980=SURFACE_STYLE_FILL_AREA(#6257);
#5981=SURFACE_STYLE_FILL_AREA(#6258);
#5982=SURFACE_STYLE_FILL_AREA(#6259);
#5983=SURFACE_STYLE_FILL_AREA(#6260);
#5984=SURFACE_STYLE_FILL_AREA(#6261);
#5985=SURFACE_STYLE_FILL_AREA(#6262);
#5986=SURFACE_STYLE_FILL_AREA(#6263);
#5987=SURFACE_STYLE_FILL_AREA(#6264);
#5988=SURFACE_STYLE_FILL_AREA(#6265);
#5989=SURFACE_STYLE_FILL_AREA(#6266);
#5990=SURFACE_STYLE_FILL_AREA(#6267);
#5991=SURFACE_STYLE_FILL_AREA(#6268);
#5992=SURFACE_STYLE_FILL_AREA(#6269);
#5993=SURFACE_STYLE_FILL_AREA(#6270);
#5994=SURFACE_STYLE_FILL_AREA(#6271);
#5995=SURFACE_STYLE_FILL_AREA(#6272);
#5996=SURFACE_STYLE_FILL_AREA(#6273);
#5997=SURFACE_STYLE_FILL_AREA(#6274);
#5998=SURFACE_STYLE_FILL_AREA(#6275);
#5999=SURFACE_STYLE_FILL_AREA(#6276);
#6000=SURFACE_STYLE_FILL_AREA(#6277);
#6001=SURFACE_STYLE_FILL_AREA(#6278);
#6002=SURFACE_STYLE_FILL_AREA(#6279);
#6003=SURFACE_STYLE_FILL_AREA(#6280);
#6004=SURFACE_STYLE_FILL_AREA(#6281);
#6005=SURFACE_STYLE_FILL_AREA(#6282);
#6006=SURFACE_STYLE_FILL_AREA(#6283);
#6007=SURFACE_STYLE_FILL_AREA(#6284);
#6008=SURFACE_STYLE_FILL_AREA(#6285);
#6009=SURFACE_STYLE_FILL_AREA(#6286);
#6010=SURFACE_STYLE_FILL_AREA(#6287);
#6011=SURFACE_STYLE_FILL_AREA(#6288);
#6012=SURFACE_STYLE_FILL_AREA(#6289);
#6013=SURFACE_STYLE_FILL_AREA(#6290);
#6014=SURFACE_STYLE_FILL_AREA(#6291);
#6015=SURFACE_STYLE_FILL_AREA(#6292);
#6016=SURFACE_STYLE_FILL_AREA(#6293);
#6017=SURFACE_STYLE_FILL_AREA(#6294);
#6018=SURFACE_STYLE_FILL_AREA(#6295);
#6019=SURFACE_STYLE_FILL_AREA(#6296);
#6020=SURFACE_STYLE_FILL_AREA(#6297);
#6021=SURFACE_STYLE_FILL_AREA(#6298);
#6022=SURFACE_STYLE_FILL_AREA(#6299);
#6023=SURFACE_STYLE_FILL_AREA(#6300);
#6024=SURFACE_STYLE_FILL_AREA(#6301);
#6025=SURFACE_STYLE_FILL_AREA(#6302);
#6026=SURFACE_STYLE_FILL_AREA(#6303);
#6027=SURFACE_STYLE_FILL_AREA(#6304);
#6028=SURFACE_STYLE_FILL_AREA(#6305);
#6029=SURFACE_STYLE_FILL_AREA(#6306);
#6030=SURFACE_STYLE_FILL_AREA(#6307);
#6031=SURFACE_STYLE_FILL_AREA(#6308);
#6032=SURFACE_STYLE_FILL_AREA(#6309);
#6033=SURFACE_STYLE_FILL_AREA(#6310);
#6034=SURFACE_STYLE_FILL_AREA(#6311);
#6035=SURFACE_STYLE_FILL_AREA(#6312);
#6036=SURFACE_STYLE_FILL_AREA(#6313);
#6037=SURFACE_STYLE_FILL_AREA(#6314);
#6038=SURFACE_STYLE_FILL_AREA(#6315);
#6039=SURFACE_STYLE_FILL_AREA(#6316);
#6040=SURFACE_STYLE_FILL_AREA(#6317);
#6041=SURFACE_STYLE_FILL_AREA(#6318);
#6042=SURFACE_STYLE_FILL_AREA(#6319);
#6043=SURFACE_STYLE_FILL_AREA(#6320);
#6044=SURFACE_STYLE_FILL_AREA(#6321);
#6045=SURFACE_STYLE_FILL_AREA(#6322);
#6046=SURFACE_STYLE_FILL_AREA(#6323);
#6047=SURFACE_STYLE_FILL_AREA(#6324);
#6048=SURFACE_STYLE_FILL_AREA(#6325);
#6049=SURFACE_STYLE_FILL_AREA(#6326);
#6050=SURFACE_STYLE_FILL_AREA(#6327);
#6051=SURFACE_STYLE_FILL_AREA(#6328);
#6052=SURFACE_STYLE_FILL_AREA(#6329);
#6053=SURFACE_STYLE_FILL_AREA(#6330);
#6054=SURFACE_STYLE_FILL_AREA(#6331);
#6055=SURFACE_STYLE_FILL_AREA(#6332);
#6056=SURFACE_STYLE_FILL_AREA(#6333);
#6057=SURFACE_STYLE_FILL_AREA(#6334);
#6058=SURFACE_STYLE_FILL_AREA(#6335);
#6059=SURFACE_STYLE_FILL_AREA(#6336);
#6060=SURFACE_STYLE_FILL_AREA(#6337);
#6061=SURFACE_STYLE_FILL_AREA(#6338);
#6062=SURFACE_STYLE_FILL_AREA(#6339);
#6063=SURFACE_STYLE_FILL_AREA(#6340);
#6064=SURFACE_STYLE_FILL_AREA(#6341);
#6065=SURFACE_STYLE_FILL_AREA(#6342);
#6066=SURFACE_STYLE_FILL_AREA(#6343);
#6067=SURFACE_STYLE_FILL_AREA(#6344);
#6068=SURFACE_STYLE_FILL_AREA(#6345);
#6069=SURFACE_STYLE_FILL_AREA(#6346);
#6070=SURFACE_STYLE_FILL_AREA(#6347);
#6071=SURFACE_STYLE_FILL_AREA(#6348);
#6072=SURFACE_STYLE_FILL_AREA(#6349);
#6073=SURFACE_STYLE_FILL_AREA(#6350);
#6074=SURFACE_STYLE_FILL_AREA(#6351);
#6075=SURFACE_STYLE_FILL_AREA(#6352);
#6076=SURFACE_STYLE_FILL_AREA(#6353);
#6077=SURFACE_STYLE_FILL_AREA(#6354);
#6078=SURFACE_STYLE_FILL_AREA(#6355);
#6079=SURFACE_STYLE_FILL_AREA(#6356);
#6080=SURFACE_STYLE_FILL_AREA(#6357);
#6081=SURFACE_STYLE_FILL_AREA(#6358);
#6082=SURFACE_STYLE_FILL_AREA(#6359);
#6083=SURFACE_STYLE_FILL_AREA(#6360);
#6084=SURFACE_STYLE_FILL_AREA(#6361);
#6085=SURFACE_STYLE_FILL_AREA(#6362);
#6086=SURFACE_STYLE_FILL_AREA(#6363);
#6087=SURFACE_STYLE_FILL_AREA(#6364);
#6088=SURFACE_STYLE_FILL_AREA(#6365);
#6089=SURFACE_STYLE_FILL_AREA(#6366);
#6090=SURFACE_STYLE_FILL_AREA(#6367);
#6091=SURFACE_STYLE_FILL_AREA(#6368);
#6092=SURFACE_STYLE_FILL_AREA(#6369);
#6093=SURFACE_STYLE_FILL_AREA(#6370);
#6094=SURFACE_STYLE_FILL_AREA(#6371);
#6095=SURFACE_STYLE_FILL_AREA(#6372);
#6096=SURFACE_STYLE_FILL_AREA(#6373);
#6097=SURFACE_STYLE_FILL_AREA(#6374);
#6098=SURFACE_STYLE_FILL_AREA(#6375);
#6099=SURFACE_STYLE_FILL_AREA(#6376);
#6100=SURFACE_STYLE_FILL_AREA(#6377);
#6101=SURFACE_STYLE_FILL_AREA(#6378);
#6102=SURFACE_STYLE_FILL_AREA(#6379);
#6103=SURFACE_STYLE_FILL_AREA(#6380);
#6104=SURFACE_STYLE_FILL_AREA(#6381);
#6105=SURFACE_STYLE_FILL_AREA(#6382);
#6106=SURFACE_STYLE_FILL_AREA(#6383);
#6107=SURFACE_STYLE_FILL_AREA(#6384);
#6108=SURFACE_STYLE_FILL_AREA(#6385);
#6109=SURFACE_STYLE_FILL_AREA(#6386);
#6110=SURFACE_STYLE_FILL_AREA(#6387);
#6111=SURFACE_STYLE_FILL_AREA(#6388);
#6112=SURFACE_STYLE_FILL_AREA(#6389);
#6113=SURFACE_STYLE_FILL_AREA(#6390);
#6114=SURFACE_STYLE_FILL_AREA(#6391);
#6115=SURFACE_STYLE_FILL_AREA(#6392);
#6116=SURFACE_STYLE_FILL_AREA(#6393);
#6117=SURFACE_STYLE_FILL_AREA(#6394);
#6118=SURFACE_STYLE_FILL_AREA(#6395);
#6119=SURFACE_STYLE_FILL_AREA(#6396);
#6120=SURFACE_STYLE_FILL_AREA(#6397);
#6121=SURFACE_STYLE_FILL_AREA(#6398);
#6122=SURFACE_STYLE_FILL_AREA(#6399);
#6123=SURFACE_STYLE_FILL_AREA(#6400);
#6124=SURFACE_STYLE_FILL_AREA(#6401);
#6125=SURFACE_STYLE_FILL_AREA(#6402);
#6126=SURFACE_STYLE_FILL_AREA(#6403);
#6127=SURFACE_STYLE_FILL_AREA(#6404);
#6128=SURFACE_STYLE_FILL_AREA(#6405);
#6129=SURFACE_STYLE_FILL_AREA(#6406);
#6130=SURFACE_STYLE_FILL_AREA(#6407);
#6131=SURFACE_STYLE_FILL_AREA(#6408);
#6132=SURFACE_STYLE_FILL_AREA(#6409);
#6133=SURFACE_STYLE_FILL_AREA(#6410);
#6134=SURFACE_STYLE_FILL_AREA(#6411);
#6135=SURFACE_STYLE_FILL_AREA(#6412);
#6136=SURFACE_STYLE_FILL_AREA(#6413);
#6137=SURFACE_STYLE_FILL_AREA(#6414);
#6138=SURFACE_STYLE_FILL_AREA(#6415);
#6139=SURFACE_STYLE_FILL_AREA(#6416);
#6140=SURFACE_STYLE_FILL_AREA(#6417);
#6141=SURFACE_STYLE_FILL_AREA(#6418);
#6142=SURFACE_STYLE_FILL_AREA(#6419);
#6143=SURFACE_STYLE_FILL_AREA(#6420);
#6144=SURFACE_STYLE_FILL_AREA(#6421);
#6145=SURFACE_STYLE_FILL_AREA(#6422);
#6146=SURFACE_STYLE_FILL_AREA(#6423);
#6147=SURFACE_STYLE_FILL_AREA(#6424);
#6148=SURFACE_STYLE_FILL_AREA(#6425);
#6149=SURFACE_STYLE_FILL_AREA(#6426);
#6150=SURFACE_STYLE_FILL_AREA(#6427);
#6151=SURFACE_STYLE_FILL_AREA(#6428);
#6152=SURFACE_STYLE_FILL_AREA(#6429);
#6153=SURFACE_STYLE_FILL_AREA(#6430);
#6154=SURFACE_STYLE_FILL_AREA(#6431);
#6155=SURFACE_STYLE_FILL_AREA(#6432);
#6156=SURFACE_STYLE_FILL_AREA(#6433);
#6157=SURFACE_STYLE_FILL_AREA(#6434);
#6158=SURFACE_STYLE_FILL_AREA(#6435);
#6159=SURFACE_STYLE_FILL_AREA(#6436);
#6160=SURFACE_STYLE_FILL_AREA(#6437);
#6161=SURFACE_STYLE_FILL_AREA(#6438);
#6162=SURFACE_STYLE_FILL_AREA(#6439);
#6163=SURFACE_STYLE_FILL_AREA(#6440);
#6164=SURFACE_STYLE_FILL_AREA(#6441);
#6165=SURFACE_STYLE_FILL_AREA(#6442);
#6166=SURFACE_STYLE_FILL_AREA(#6443);
#6167=SURFACE_STYLE_FILL_AREA(#6444);
#6168=SURFACE_STYLE_FILL_AREA(#6445);
#6169=SURFACE_STYLE_FILL_AREA(#6446);
#6170=SURFACE_STYLE_FILL_AREA(#6447);
#6171=SURFACE_STYLE_FILL_AREA(#6448);
#6172=SURFACE_STYLE_FILL_AREA(#6449);
#6173=SURFACE_STYLE_FILL_AREA(#6450);
#6174=SURFACE_STYLE_FILL_AREA(#6451);
#6175=SURFACE_STYLE_FILL_AREA(#6452);
#6176=SURFACE_STYLE_FILL_AREA(#6453);
#6177=SURFACE_STYLE_FILL_AREA(#6454);
#6178=SURFACE_STYLE_FILL_AREA(#6455);
#6179=SURFACE_STYLE_FILL_AREA(#6456);
#6180=SURFACE_STYLE_FILL_AREA(#6457);
#6181=SURFACE_STYLE_FILL_AREA(#6458);
#6182=SURFACE_STYLE_FILL_AREA(#6459);
#6183=SURFACE_STYLE_FILL_AREA(#6460);
#6184=SURFACE_STYLE_FILL_AREA(#6461);
#6185=SURFACE_STYLE_FILL_AREA(#6462);
#6186=SURFACE_STYLE_FILL_AREA(#6463);
#6187=SURFACE_STYLE_FILL_AREA(#6464);
#6188=SURFACE_STYLE_FILL_AREA(#6465);
#6189=SURFACE_STYLE_FILL_AREA(#6466);
#6190=SURFACE_STYLE_FILL_AREA(#6467);
#6191=SURFACE_STYLE_FILL_AREA(#6468);
#6192=SURFACE_STYLE_FILL_AREA(#6469);
#6193=SURFACE_STYLE_FILL_AREA(#6470);
#6194=SURFACE_STYLE_FILL_AREA(#6471);
#6195=SURFACE_STYLE_FILL_AREA(#6472);
#6196=SURFACE_STYLE_FILL_AREA(#6473);
#6197=SURFACE_STYLE_FILL_AREA(#6474);
#6198=SURFACE_STYLE_FILL_AREA(#6475);
#6199=SURFACE_STYLE_FILL_AREA(#6476);
#6200=SURFACE_STYLE_FILL_AREA(#6477);
#6201=SURFACE_STYLE_FILL_AREA(#6478);
#6202=SURFACE_STYLE_FILL_AREA(#6479);
#6203=SURFACE_STYLE_FILL_AREA(#6480);
#6204=SURFACE_STYLE_FILL_AREA(#6481);
#6205=SURFACE_STYLE_FILL_AREA(#6482);
#6206=SURFACE_STYLE_FILL_AREA(#6483);
#6207=SURFACE_STYLE_FILL_AREA(#6484);
#6208=SURFACE_STYLE_FILL_AREA(#6485);
#6209=SURFACE_STYLE_FILL_AREA(#6486);
#6210=SURFACE_STYLE_FILL_AREA(#6487);
#6211=SURFACE_STYLE_FILL_AREA(#6488);
#6212=SURFACE_STYLE_FILL_AREA(#6489);
#6213=SURFACE_STYLE_FILL_AREA(#6490);
#6214=SURFACE_STYLE_FILL_AREA(#6491);
#6215=SURFACE_STYLE_FILL_AREA(#6492);
#6216=SURFACE_STYLE_FILL_AREA(#6493);
#6217=SURFACE_STYLE_FILL_AREA(#6494);
#6218=SURFACE_STYLE_FILL_AREA(#6495);
#6219=SURFACE_STYLE_FILL_AREA(#6496);
#6220=SURFACE_STYLE_FILL_AREA(#6497);
#6221=SURFACE_STYLE_FILL_AREA(#6498);
#6222=FILL_AREA_STYLE('',(#6499));
#6223=FILL_AREA_STYLE('',(#6500));
#6224=FILL_AREA_STYLE('',(#6501));
#6225=FILL_AREA_STYLE('',(#6502));
#6226=FILL_AREA_STYLE('',(#6503));
#6227=FILL_AREA_STYLE('',(#6504));
#6228=FILL_AREA_STYLE('',(#6505));
#6229=FILL_AREA_STYLE('',(#6506));
#6230=FILL_AREA_STYLE('',(#6507));
#6231=FILL_AREA_STYLE('',(#6508));
#6232=FILL_AREA_STYLE('',(#6509));
#6233=FILL_AREA_STYLE('',(#6510));
#6234=FILL_AREA_STYLE('',(#6511));
#6235=FILL_AREA_STYLE('',(#6512));
#6236=FILL_AREA_STYLE('',(#6513));
#6237=FILL_AREA_STYLE('',(#6514));
#6238=FILL_AREA_STYLE('',(#6515));
#6239=FILL_AREA_STYLE('',(#6516));
#6240=FILL_AREA_STYLE('',(#6517));
#6241=FILL_AREA_STYLE('',(#6518));
#6242=FILL_AREA_STYLE('',(#6519));
#6243=FILL_AREA_STYLE('',(#6520));
#6244=FILL_AREA_STYLE('',(#6521));
#6245=FILL_AREA_STYLE('',(#6522));
#6246=FILL_AREA_STYLE('',(#6523));
#6247=FILL_AREA_STYLE('',(#6524));
#6248=FILL_AREA_STYLE('',(#6525));
#6249=FILL_AREA_STYLE('',(#6526));
#6250=FILL_AREA_STYLE('',(#6527));
#6251=FILL_AREA_STYLE('',(#6528));
#6252=FILL_AREA_STYLE('',(#6529));
#6253=FILL_AREA_STYLE('',(#6530));
#6254=FILL_AREA_STYLE('',(#6531));
#6255=FILL_AREA_STYLE('',(#6532));
#6256=FILL_AREA_STYLE('',(#6533));
#6257=FILL_AREA_STYLE('',(#6534));
#6258=FILL_AREA_STYLE('',(#6535));
#6259=FILL_AREA_STYLE('',(#6536));
#6260=FILL_AREA_STYLE('',(#6537));
#6261=FILL_AREA_STYLE('',(#6538));
#6262=FILL_AREA_STYLE('',(#6539));
#6263=FILL_AREA_STYLE('',(#6540));
#6264=FILL_AREA_STYLE('',(#6541));
#6265=FILL_AREA_STYLE('',(#6542));
#6266=FILL_AREA_STYLE('',(#6543));
#6267=FILL_AREA_STYLE('',(#6544));
#6268=FILL_AREA_STYLE('',(#6545));
#6269=FILL_AREA_STYLE('',(#6546));
#6270=FILL_AREA_STYLE('',(#6547));
#6271=FILL_AREA_STYLE('',(#6548));
#6272=FILL_AREA_STYLE('',(#6549));
#6273=FILL_AREA_STYLE('',(#6550));
#6274=FILL_AREA_STYLE('',(#6551));
#6275=FILL_AREA_STYLE('',(#6552));
#6276=FILL_AREA_STYLE('',(#6553));
#6277=FILL_AREA_STYLE('',(#6554));
#6278=FILL_AREA_STYLE('',(#6555));
#6279=FILL_AREA_STYLE('',(#6556));
#6280=FILL_AREA_STYLE('',(#6557));
#6281=FILL_AREA_STYLE('',(#6558));
#6282=FILL_AREA_STYLE('',(#6559));
#6283=FILL_AREA_STYLE('',(#6560));
#6284=FILL_AREA_STYLE('',(#6561));
#6285=FILL_AREA_STYLE('',(#6562));
#6286=FILL_AREA_STYLE('',(#6563));
#6287=FILL_AREA_STYLE('',(#6564));
#6288=FILL_AREA_STYLE('',(#6565));
#6289=FILL_AREA_STYLE('',(#6566));
#6290=FILL_AREA_STYLE('',(#6567));
#6291=FILL_AREA_STYLE('',(#6568));
#6292=FILL_AREA_STYLE('',(#6569));
#6293=FILL_AREA_STYLE('',(#6570));
#6294=FILL_AREA_STYLE('',(#6571));
#6295=FILL_AREA_STYLE('',(#6572));
#6296=FILL_AREA_STYLE('',(#6573));
#6297=FILL_AREA_STYLE('',(#6574));
#6298=FILL_AREA_STYLE('',(#6575));
#6299=FILL_AREA_STYLE('',(#6576));
#6300=FILL_AREA_STYLE('',(#6577));
#6301=FILL_AREA_STYLE('',(#6578));
#6302=FILL_AREA_STYLE('',(#6579));
#6303=FILL_AREA_STYLE('',(#6580));
#6304=FILL_AREA_STYLE('',(#6581));
#6305=FILL_AREA_STYLE('',(#6582));
#6306=FILL_AREA_STYLE('',(#6583));
#6307=FILL_AREA_STYLE('',(#6584));
#6308=FILL_AREA_STYLE('',(#6585));
#6309=FILL_AREA_STYLE('',(#6586));
#6310=FILL_AREA_STYLE('',(#6587));
#6311=FILL_AREA_STYLE('',(#6588));
#6312=FILL_AREA_STYLE('',(#6589));
#6313=FILL_AREA_STYLE('',(#6590));
#6314=FILL_AREA_STYLE('',(#6591));
#6315=FILL_AREA_STYLE('',(#6592));
#6316=FILL_AREA_STYLE('',(#6593));
#6317=FILL_AREA_STYLE('',(#6594));
#6318=FILL_AREA_STYLE('',(#6595));
#6319=FILL_AREA_STYLE('',(#6596));
#6320=FILL_AREA_STYLE('',(#6597));
#6321=FILL_AREA_STYLE('',(#6598));
#6322=FILL_AREA_STYLE('',(#6599));
#6323=FILL_AREA_STYLE('',(#6600));
#6324=FILL_AREA_STYLE('',(#6601));
#6325=FILL_AREA_STYLE('',(#6602));
#6326=FILL_AREA_STYLE('',(#6603));
#6327=FILL_AREA_STYLE('',(#6604));
#6328=FILL_AREA_STYLE('',(#6605));
#6329=FILL_AREA_STYLE('',(#6606));
#6330=FILL_AREA_STYLE('',(#6607));
#6331=FILL_AREA_STYLE('',(#6608));
#6332=FILL_AREA_STYLE('',(#6609));
#6333=FILL_AREA_STYLE('',(#6610));
#6334=FILL_AREA_STYLE('',(#6611));
#6335=FILL_AREA_STYLE('',(#6612));
#6336=FILL_AREA_STYLE('',(#6613));
#6337=FILL_AREA_STYLE('',(#6614));
#6338=FILL_AREA_STYLE('',(#6615));
#6339=FILL_AREA_STYLE('',(#6616));
#6340=FILL_AREA_STYLE('',(#6617));
#6341=FILL_AREA_STYLE('',(#6618));
#6342=FILL_AREA_STYLE('',(#6619));
#6343=FILL_AREA_STYLE('',(#6620));
#6344=FILL_AREA_STYLE('',(#6621));
#6345=FILL_AREA_STYLE('',(#6622));
#6346=FILL_AREA_STYLE('',(#6623));
#6347=FILL_AREA_STYLE('',(#6624));
#6348=FILL_AREA_STYLE('',(#6625));
#6349=FILL_AREA_STYLE('',(#6626));
#6350=FILL_AREA_STYLE('',(#6627));
#6351=FILL_AREA_STYLE('',(#6628));
#6352=FILL_AREA_STYLE('',(#6629));
#6353=FILL_AREA_STYLE('',(#6630));
#6354=FILL_AREA_STYLE('',(#6631));
#6355=FILL_AREA_STYLE('',(#6632));
#6356=FILL_AREA_STYLE('',(#6633));
#6357=FILL_AREA_STYLE('',(#6634));
#6358=FILL_AREA_STYLE('',(#6635));
#6359=FILL_AREA_STYLE('',(#6636));
#6360=FILL_AREA_STYLE('',(#6637));
#6361=FILL_AREA_STYLE('',(#6638));
#6362=FILL_AREA_STYLE('',(#6639));
#6363=FILL_AREA_STYLE('',(#6640));
#6364=FILL_AREA_STYLE('',(#6641));
#6365=FILL_AREA_STYLE('',(#6642));
#6366=FILL_AREA_STYLE('',(#6643));
#6367=FILL_AREA_STYLE('',(#6644));
#6368=FILL_AREA_STYLE('',(#6645));
#6369=FILL_AREA_STYLE('',(#6646));
#6370=FILL_AREA_STYLE('',(#6647));
#6371=FILL_AREA_STYLE('',(#6648));
#6372=FILL_AREA_STYLE('',(#6649));
#6373=FILL_AREA_STYLE('',(#6650));
#6374=FILL_AREA_STYLE('',(#6651));
#6375=FILL_AREA_STYLE('',(#6652));
#6376=FILL_AREA_STYLE('',(#6653));
#6377=FILL_AREA_STYLE('',(#6654));
#6378=FILL_AREA_STYLE('',(#6655));
#6379=FILL_AREA_STYLE('',(#6656));
#6380=FILL_AREA_STYLE('',(#6657));
#6381=FILL_AREA_STYLE('',(#6658));
#6382=FILL_AREA_STYLE('',(#6659));
#6383=FILL_AREA_STYLE('',(#6660));
#6384=FILL_AREA_STYLE('',(#6661));
#6385=FILL_AREA_STYLE('',(#6662));
#6386=FILL_AREA_STYLE('',(#6663));
#6387=FILL_AREA_STYLE('',(#6664));
#6388=FILL_AREA_STYLE('',(#6665));
#6389=FILL_AREA_STYLE('',(#6666));
#6390=FILL_AREA_STYLE('',(#6667));
#6391=FILL_AREA_STYLE('',(#6668));
#6392=FILL_AREA_STYLE('',(#6669));
#6393=FILL_AREA_STYLE('',(#6670));
#6394=FILL_AREA_STYLE('',(#6671));
#6395=FILL_AREA_STYLE('',(#6672));
#6396=FILL_AREA_STYLE('',(#6673));
#6397=FILL_AREA_STYLE('',(#6674));
#6398=FILL_AREA_STYLE('',(#6675));
#6399=FILL_AREA_STYLE('',(#6676));
#6400=FILL_AREA_STYLE('',(#6677));
#6401=FILL_AREA_STYLE('',(#6678));
#6402=FILL_AREA_STYLE('',(#6679));
#6403=FILL_AREA_STYLE('',(#6680));
#6404=FILL_AREA_STYLE('',(#6681));
#6405=FILL_AREA_STYLE('',(#6682));
#6406=FILL_AREA_STYLE('',(#6683));
#6407=FILL_AREA_STYLE('',(#6684));
#6408=FILL_AREA_STYLE('',(#6685));
#6409=FILL_AREA_STYLE('',(#6686));
#6410=FILL_AREA_STYLE('',(#6687));
#6411=FILL_AREA_STYLE('',(#6688));
#6412=FILL_AREA_STYLE('',(#6689));
#6413=FILL_AREA_STYLE('',(#6690));
#6414=FILL_AREA_STYLE('',(#6691));
#6415=FILL_AREA_STYLE('',(#6692));
#6416=FILL_AREA_STYLE('',(#6693));
#6417=FILL_AREA_STYLE('',(#6694));
#6418=FILL_AREA_STYLE('',(#6695));
#6419=FILL_AREA_STYLE('',(#6696));
#6420=FILL_AREA_STYLE('',(#6697));
#6421=FILL_AREA_STYLE('',(#6698));
#6422=FILL_AREA_STYLE('',(#6699));
#6423=FILL_AREA_STYLE('',(#6700));
#6424=FILL_AREA_STYLE('',(#6701));
#6425=FILL_AREA_STYLE('',(#6702));
#6426=FILL_AREA_STYLE('',(#6703));
#6427=FILL_AREA_STYLE('',(#6704));
#6428=FILL_AREA_STYLE('',(#6705));
#6429=FILL_AREA_STYLE('',(#6706));
#6430=FILL_AREA_STYLE('',(#6707));
#6431=FILL_AREA_STYLE('',(#6708));
#6432=FILL_AREA_STYLE('',(#6709));
#6433=FILL_AREA_STYLE('',(#6710));
#6434=FILL_AREA_STYLE('',(#6711));
#6435=FILL_AREA_STYLE('',(#6712));
#6436=FILL_AREA_STYLE('',(#6713));
#6437=FILL_AREA_STYLE('',(#6714));
#6438=FILL_AREA_STYLE('',(#6715));
#6439=FILL_AREA_STYLE('',(#6716));
#6440=FILL_AREA_STYLE('',(#6717));
#6441=FILL_AREA_STYLE('',(#6718));
#6442=FILL_AREA_STYLE('',(#6719));
#6443=FILL_AREA_STYLE('',(#6720));
#6444=FILL_AREA_STYLE('',(#6721));
#6445=FILL_AREA_STYLE('',(#6722));
#6446=FILL_AREA_STYLE('',(#6723));
#6447=FILL_AREA_STYLE('',(#6724));
#6448=FILL_AREA_STYLE('',(#6725));
#6449=FILL_AREA_STYLE('',(#6726));
#6450=FILL_AREA_STYLE('',(#6727));
#6451=FILL_AREA_STYLE('',(#6728));
#6452=FILL_AREA_STYLE('',(#6729));
#6453=FILL_AREA_STYLE('',(#6730));
#6454=FILL_AREA_STYLE('',(#6731));
#6455=FILL_AREA_STYLE('',(#6732));
#6456=FILL_AREA_STYLE('',(#6733));
#6457=FILL_AREA_STYLE('',(#6734));
#6458=FILL_AREA_STYLE('',(#6735));
#6459=FILL_AREA_STYLE('',(#6736));
#6460=FILL_AREA_STYLE('',(#6737));
#6461=FILL_AREA_STYLE('',(#6738));
#6462=FILL_AREA_STYLE('',(#6739));
#6463=FILL_AREA_STYLE('',(#6740));
#6464=FILL_AREA_STYLE('',(#6741));
#6465=FILL_AREA_STYLE('',(#6742));
#6466=FILL_AREA_STYLE('',(#6743));
#6467=FILL_AREA_STYLE('',(#6744));
#6468=FILL_AREA_STYLE('',(#6745));
#6469=FILL_AREA_STYLE('',(#6746));
#6470=FILL_AREA_STYLE('',(#6747));
#6471=FILL_AREA_STYLE('',(#6748));
#6472=FILL_AREA_STYLE('',(#6749));
#6473=FILL_AREA_STYLE('',(#6750));
#6474=FILL_AREA_STYLE('',(#6751));
#6475=FILL_AREA_STYLE('',(#6752));
#6476=FILL_AREA_STYLE('',(#6753));
#6477=FILL_AREA_STYLE('',(#6754));
#6478=FILL_AREA_STYLE('',(#6755));
#6479=FILL_AREA_STYLE('',(#6756));
#6480=FILL_AREA_STYLE('',(#6757));
#6481=FILL_AREA_STYLE('',(#6758));
#6482=FILL_AREA_STYLE('',(#6759));
#6483=FILL_AREA_STYLE('',(#6760));
#6484=FILL_AREA_STYLE('',(#6761));
#6485=FILL_AREA_STYLE('',(#6762));
#6486=FILL_AREA_STYLE('',(#6763));
#6487=FILL_AREA_STYLE('',(#6764));
#6488=FILL_AREA_STYLE('',(#6765));
#6489=FILL_AREA_STYLE('',(#6766));
#6490=FILL_AREA_STYLE('',(#6767));
#6491=FILL_AREA_STYLE('',(#6768));
#6492=FILL_AREA_STYLE('',(#6769));
#6493=FILL_AREA_STYLE('',(#6770));
#6494=FILL_AREA_STYLE('',(#6771));
#6495=FILL_AREA_STYLE('',(#6772));
#6496=FILL_AREA_STYLE('',(#6773));
#6497=FILL_AREA_STYLE('',(#6774));
#6498=FILL_AREA_STYLE('',(#6775));
#6499=FILL_AREA_STYLE_COLOUR('',#6776);
#6500=FILL_AREA_STYLE_COLOUR('',#6777);
#6501=FILL_AREA_STYLE_COLOUR('',#6777);
#6502=FILL_AREA_STYLE_COLOUR('',#6777);
#6503=FILL_AREA_STYLE_COLOUR('',#6777);
#6504=FILL_AREA_STYLE_COLOUR('',#6777);
#6505=FILL_AREA_STYLE_COLOUR('',#6777);
#6506=FILL_AREA_STYLE_COLOUR('',#6777);
#6507=FILL_AREA_STYLE_COLOUR('',#6777);
#6508=FILL_AREA_STYLE_COLOUR('',#6777);
#6509=FILL_AREA_STYLE_COLOUR('',#6777);
#6510=FILL_AREA_STYLE_COLOUR('',#6777);
#6511=FILL_AREA_STYLE_COLOUR('',#6777);
#6512=FILL_AREA_STYLE_COLOUR('',#6777);
#6513=FILL_AREA_STYLE_COLOUR('',#6777);
#6514=FILL_AREA_STYLE_COLOUR('',#6777);
#6515=FILL_AREA_STYLE_COLOUR('',#6777);
#6516=FILL_AREA_STYLE_COLOUR('',#6777);
#6517=FILL_AREA_STYLE_COLOUR('',#6777);
#6518=FILL_AREA_STYLE_COLOUR('',#6777);
#6519=FILL_AREA_STYLE_COLOUR('',#6777);
#6520=FILL_AREA_STYLE_COLOUR('',#6777);
#6521=FILL_AREA_STYLE_COLOUR('',#6777);
#6522=FILL_AREA_STYLE_COLOUR('',#6777);
#6523=FILL_AREA_STYLE_COLOUR('',#6777);
#6524=FILL_AREA_STYLE_COLOUR('',#6777);
#6525=FILL_AREA_STYLE_COLOUR('',#6777);
#6526=FILL_AREA_STYLE_COLOUR('',#6777);
#6527=FILL_AREA_STYLE_COLOUR('',#6777);
#6528=FILL_AREA_STYLE_COLOUR('',#6777);
#6529=FILL_AREA_STYLE_COLOUR('',#6777);
#6530=FILL_AREA_STYLE_COLOUR('',#6777);
#6531=FILL_AREA_STYLE_COLOUR('',#6777);
#6532=FILL_AREA_STYLE_COLOUR('',#6777);
#6533=FILL_AREA_STYLE_COLOUR('',#6777);
#6534=FILL_AREA_STYLE_COLOUR('',#6777);
#6535=FILL_AREA_STYLE_COLOUR('',#6777);
#6536=FILL_AREA_STYLE_COLOUR('',#6777);
#6537=FILL_AREA_STYLE_COLOUR('',#6777);
#6538=FILL_AREA_STYLE_COLOUR('',#6777);
#6539=FILL_AREA_STYLE_COLOUR('',#6777);
#6540=FILL_AREA_STYLE_COLOUR('',#6777);
#6541=FILL_AREA_STYLE_COLOUR('',#6777);
#6542=FILL_AREA_STYLE_COLOUR('',#6777);
#6543=FILL_AREA_STYLE_COLOUR('',#6777);
#6544=FILL_AREA_STYLE_COLOUR('',#6777);
#6545=FILL_AREA_STYLE_COLOUR('',#6777);
#6546=FILL_AREA_STYLE_COLOUR('',#6777);
#6547=FILL_AREA_STYLE_COLOUR('',#6777);
#6548=FILL_AREA_STYLE_COLOUR('',#6777);
#6549=FILL_AREA_STYLE_COLOUR('',#6777);
#6550=FILL_AREA_STYLE_COLOUR('',#6777);
#6551=FILL_AREA_STYLE_COLOUR('',#6777);
#6552=FILL_AREA_STYLE_COLOUR('',#6777);
#6553=FILL_AREA_STYLE_COLOUR('',#6777);
#6554=FILL_AREA_STYLE_COLOUR('',#6777);
#6555=FILL_AREA_STYLE_COLOUR('',#6777);
#6556=FILL_AREA_STYLE_COLOUR('',#6777);
#6557=FILL_AREA_STYLE_COLOUR('',#6777);
#6558=FILL_AREA_STYLE_COLOUR('',#6777);
#6559=FILL_AREA_STYLE_COLOUR('',#6777);
#6560=FILL_AREA_STYLE_COLOUR('',#6777);
#6561=FILL_AREA_STYLE_COLOUR('',#6777);
#6562=FILL_AREA_STYLE_COLOUR('',#6777);
#6563=FILL_AREA_STYLE_COLOUR('',#6777);
#6564=FILL_AREA_STYLE_COLOUR('',#6777);
#6565=FILL_AREA_STYLE_COLOUR('',#6777);
#6566=FILL_AREA_STYLE_COLOUR('',#6777);
#6567=FILL_AREA_STYLE_COLOUR('',#6777);
#6568=FILL_AREA_STYLE_COLOUR('',#6777);
#6569=FILL_AREA_STYLE_COLOUR('',#6777);
#6570=FILL_AREA_STYLE_COLOUR('',#6777);
#6571=FILL_AREA_STYLE_COLOUR('',#6777);
#6572=FILL_AREA_STYLE_COLOUR('',#6777);
#6573=FILL_AREA_STYLE_COLOUR('',#6777);
#6574=FILL_AREA_STYLE_COLOUR('',#6777);
#6575=FILL_AREA_STYLE_COLOUR('',#6777);
#6576=FILL_AREA_STYLE_COLOUR('',#6777);
#6577=FILL_AREA_STYLE_COLOUR('',#6777);
#6578=FILL_AREA_STYLE_COLOUR('',#6777);
#6579=FILL_AREA_STYLE_COLOUR('',#6777);
#6580=FILL_AREA_STYLE_COLOUR('',#6777);
#6581=FILL_AREA_STYLE_COLOUR('',#6777);
#6582=FILL_AREA_STYLE_COLOUR('',#6777);
#6583=FILL_AREA_STYLE_COLOUR('',#6777);
#6584=FILL_AREA_STYLE_COLOUR('',#6777);
#6585=FILL_AREA_STYLE_COLOUR('',#6777);
#6586=FILL_AREA_STYLE_COLOUR('',#6777);
#6587=FILL_AREA_STYLE_COLOUR('',#6777);
#6588=FILL_AREA_STYLE_COLOUR('',#6777);
#6589=FILL_AREA_STYLE_COLOUR('',#6777);
#6590=FILL_AREA_STYLE_COLOUR('',#6777);
#6591=FILL_AREA_STYLE_COLOUR('',#6777);
#6592=FILL_AREA_STYLE_COLOUR('',#6777);
#6593=FILL_AREA_STYLE_COLOUR('',#6777);
#6594=FILL_AREA_STYLE_COLOUR('',#6777);
#6595=FILL_AREA_STYLE_COLOUR('',#6777);
#6596=FILL_AREA_STYLE_COLOUR('',#6777);
#6597=FILL_AREA_STYLE_COLOUR('',#6777);
#6598=FILL_AREA_STYLE_COLOUR('',#6777);
#6599=FILL_AREA_STYLE_COLOUR('',#6777);
#6600=FILL_AREA_STYLE_COLOUR('',#6777);
#6601=FILL_AREA_STYLE_COLOUR('',#6777);
#6602=FILL_AREA_STYLE_COLOUR('',#6777);
#6603=FILL_AREA_STYLE_COLOUR('',#6777);
#6604=FILL_AREA_STYLE_COLOUR('',#6777);
#6605=FILL_AREA_STYLE_COLOUR('',#6777);
#6606=FILL_AREA_STYLE_COLOUR('',#6777);
#6607=FILL_AREA_STYLE_COLOUR('',#6777);
#6608=FILL_AREA_STYLE_COLOUR('',#6777);
#6609=FILL_AREA_STYLE_COLOUR('',#6777);
#6610=FILL_AREA_STYLE_COLOUR('',#6777);
#6611=FILL_AREA_STYLE_COLOUR('',#6777);
#6612=FILL_AREA_STYLE_COLOUR('',#6777);
#6613=FILL_AREA_STYLE_COLOUR('',#6777);
#6614=FILL_AREA_STYLE_COLOUR('',#6777);
#6615=FILL_AREA_STYLE_COLOUR('',#6777);
#6616=FILL_AREA_STYLE_COLOUR('',#6777);
#6617=FILL_AREA_STYLE_COLOUR('',#6777);
#6618=FILL_AREA_STYLE_COLOUR('',#6777);
#6619=FILL_AREA_STYLE_COLOUR('',#6777);
#6620=FILL_AREA_STYLE_COLOUR('',#6777);
#6621=FILL_AREA_STYLE_COLOUR('',#6777);
#6622=FILL_AREA_STYLE_COLOUR('',#6777);
#6623=FILL_AREA_STYLE_COLOUR('',#6777);
#6624=FILL_AREA_STYLE_COLOUR('',#6777);
#6625=FILL_AREA_STYLE_COLOUR('',#6777);
#6626=FILL_AREA_STYLE_COLOUR('',#6777);
#6627=FILL_AREA_STYLE_COLOUR('',#6777);
#6628=FILL_AREA_STYLE_COLOUR('',#6777);
#6629=FILL_AREA_STYLE_COLOUR('',#6777);
#6630=FILL_AREA_STYLE_COLOUR('',#6777);
#6631=FILL_AREA_STYLE_COLOUR('',#6777);
#6632=FILL_AREA_STYLE_COLOUR('',#6777);
#6633=FILL_AREA_STYLE_COLOUR('',#6777);
#6634=FILL_AREA_STYLE_COLOUR('',#6777);
#6635=FILL_AREA_STYLE_COLOUR('',#6777);
#6636=FILL_AREA_STYLE_COLOUR('',#6777);
#6637=FILL_AREA_STYLE_COLOUR('',#6777);
#6638=FILL_AREA_STYLE_COLOUR('',#6777);
#6639=FILL_AREA_STYLE_COLOUR('',#6777);
#6640=FILL_AREA_STYLE_COLOUR('',#6777);
#6641=FILL_AREA_STYLE_COLOUR('',#6777);
#6642=FILL_AREA_STYLE_COLOUR('',#6777);
#6643=FILL_AREA_STYLE_COLOUR('',#6777);
#6644=FILL_AREA_STYLE_COLOUR('',#6777);
#6645=FILL_AREA_STYLE_COLOUR('',#6777);
#6646=FILL_AREA_STYLE_COLOUR('',#6777);
#6647=FILL_AREA_STYLE_COLOUR('',#6777);
#6648=FILL_AREA_STYLE_COLOUR('',#6777);
#6649=FILL_AREA_STYLE_COLOUR('',#6777);
#6650=FILL_AREA_STYLE_COLOUR('',#6777);
#6651=FILL_AREA_STYLE_COLOUR('',#6777);
#6652=FILL_AREA_STYLE_COLOUR('',#6777);
#6653=FILL_AREA_STYLE_COLOUR('',#6777);
#6654=FILL_AREA_STYLE_COLOUR('',#6777);
#6655=FILL_AREA_STYLE_COLOUR('',#6777);
#6656=FILL_AREA_STYLE_COLOUR('',#6777);
#6657=FILL_AREA_STYLE_COLOUR('',#6777);
#6658=FILL_AREA_STYLE_COLOUR('',#6777);
#6659=FILL_AREA_STYLE_COLOUR('',#6777);
#6660=FILL_AREA_STYLE_COLOUR('',#6777);
#6661=FILL_AREA_STYLE_COLOUR('',#6777);
#6662=FILL_AREA_STYLE_COLOUR('',#6777);
#6663=FILL_AREA_STYLE_COLOUR('',#6777);
#6664=FILL_AREA_STYLE_COLOUR('',#6777);
#6665=FILL_AREA_STYLE_COLOUR('',#6777);
#6666=FILL_AREA_STYLE_COLOUR('',#6777);
#6667=FILL_AREA_STYLE_COLOUR('',#6777);
#6668=FILL_AREA_STYLE_COLOUR('',#6777);
#6669=FILL_AREA_STYLE_COLOUR('',#6777);
#6670=FILL_AREA_STYLE_COLOUR('',#6777);
#6671=FILL_AREA_STYLE_COLOUR('',#6777);
#6672=FILL_AREA_STYLE_COLOUR('',#6777);
#6673=FILL_AREA_STYLE_COLOUR('',#6777);
#6674=FILL_AREA_STYLE_COLOUR('',#6777);
#6675=FILL_AREA_STYLE_COLOUR('',#6777);
#6676=FILL_AREA_STYLE_COLOUR('',#6777);
#6677=FILL_AREA_STYLE_COLOUR('',#6777);
#6678=FILL_AREA_STYLE_COLOUR('',#6777);
#6679=FILL_AREA_STYLE_COLOUR('',#6777);
#6680=FILL_AREA_STYLE_COLOUR('',#6777);
#6681=FILL_AREA_STYLE_COLOUR('',#6777);
#6682=FILL_AREA_STYLE_COLOUR('',#6777);
#6683=FILL_AREA_STYLE_COLOUR('',#6777);
#6684=FILL_AREA_STYLE_COLOUR('',#6777);
#6685=FILL_AREA_STYLE_COLOUR('',#6777);
#6686=FILL_AREA_STYLE_COLOUR('',#6777);
#6687=FILL_AREA_STYLE_COLOUR('',#6777);
#6688=FILL_AREA_STYLE_COLOUR('',#6777);
#6689=FILL_AREA_STYLE_COLOUR('',#6777);
#6690=FILL_AREA_STYLE_COLOUR('',#6777);
#6691=FILL_AREA_STYLE_COLOUR('',#6777);
#6692=FILL_AREA_STYLE_COLOUR('',#6777);
#6693=FILL_AREA_STYLE_COLOUR('',#6777);
#6694=FILL_AREA_STYLE_COLOUR('',#6777);
#6695=FILL_AREA_STYLE_COLOUR('',#6777);
#6696=FILL_AREA_STYLE_COLOUR('',#6777);
#6697=FILL_AREA_STYLE_COLOUR('',#6777);
#6698=FILL_AREA_STYLE_COLOUR('',#6777);
#6699=FILL_AREA_STYLE_COLOUR('',#6777);
#6700=FILL_AREA_STYLE_COLOUR('',#6777);
#6701=FILL_AREA_STYLE_COLOUR('',#6777);
#6702=FILL_AREA_STYLE_COLOUR('',#6777);
#6703=FILL_AREA_STYLE_COLOUR('',#6777);
#6704=FILL_AREA_STYLE_COLOUR('',#6777);
#6705=FILL_AREA_STYLE_COLOUR('',#6777);
#6706=FILL_AREA_STYLE_COLOUR('',#6777);
#6707=FILL_AREA_STYLE_COLOUR('',#6777);
#6708=FILL_AREA_STYLE_COLOUR('',#6777);
#6709=FILL_AREA_STYLE_COLOUR('',#6777);
#6710=FILL_AREA_STYLE_COLOUR('',#6777);
#6711=FILL_AREA_STYLE_COLOUR('',#6777);
#6712=FILL_AREA_STYLE_COLOUR('',#6777);
#6713=FILL_AREA_STYLE_COLOUR('',#6777);
#6714=FILL_AREA_STYLE_COLOUR('',#6777);
#6715=FILL_AREA_STYLE_COLOUR('',#6777);
#6716=FILL_AREA_STYLE_COLOUR('',#6777);
#6717=FILL_AREA_STYLE_COLOUR('',#6777);
#6718=FILL_AREA_STYLE_COLOUR('',#6777);
#6719=FILL_AREA_STYLE_COLOUR('',#6777);
#6720=FILL_AREA_STYLE_COLOUR('',#6777);
#6721=FILL_AREA_STYLE_COLOUR('',#6777);
#6722=FILL_AREA_STYLE_COLOUR('',#6777);
#6723=FILL_AREA_STYLE_COLOUR('',#6777);
#6724=FILL_AREA_STYLE_COLOUR('',#6777);
#6725=FILL_AREA_STYLE_COLOUR('',#6777);
#6726=FILL_AREA_STYLE_COLOUR('',#6777);
#6727=FILL_AREA_STYLE_COLOUR('',#6777);
#6728=FILL_AREA_STYLE_COLOUR('',#6777);
#6729=FILL_AREA_STYLE_COLOUR('',#6777);
#6730=FILL_AREA_STYLE_COLOUR('',#6777);
#6731=FILL_AREA_STYLE_COLOUR('',#6777);
#6732=FILL_AREA_STYLE_COLOUR('',#6777);
#6733=FILL_AREA_STYLE_COLOUR('',#6777);
#6734=FILL_AREA_STYLE_COLOUR('',#6777);
#6735=FILL_AREA_STYLE_COLOUR('',#6777);
#6736=FILL_AREA_STYLE_COLOUR('',#6777);
#6737=FILL_AREA_STYLE_COLOUR('',#6777);
#6738=FILL_AREA_STYLE_COLOUR('',#6777);
#6739=FILL_AREA_STYLE_COLOUR('',#6777);
#6740=FILL_AREA_STYLE_COLOUR('',#6777);
#6741=FILL_AREA_STYLE_COLOUR('',#6777);
#6742=FILL_AREA_STYLE_COLOUR('',#6777);
#6743=FILL_AREA_STYLE_COLOUR('',#6777);
#6744=FILL_AREA_STYLE_COLOUR('',#6777);
#6745=FILL_AREA_STYLE_COLOUR('',#6777);
#6746=FILL_AREA_STYLE_COLOUR('',#6777);
#6747=FILL_AREA_STYLE_COLOUR('',#6777);
#6748=FILL_AREA_STYLE_COLOUR('',#6777);
#6749=FILL_AREA_STYLE_COLOUR('',#6777);
#6750=FILL_AREA_STYLE_COLOUR('',#6777);
#6751=FILL_AREA_STYLE_COLOUR('',#6777);
#6752=FILL_AREA_STYLE_COLOUR('',#6777);
#6753=FILL_AREA_STYLE_COLOUR('',#6777);
#6754=FILL_AREA_STYLE_COLOUR('',#6777);
#6755=FILL_AREA_STYLE_COLOUR('',#6777);
#6756=FILL_AREA_STYLE_COLOUR('',#6777);
#6757=FILL_AREA_STYLE_COLOUR('',#6777);
#6758=FILL_AREA_STYLE_COLOUR('',#6777);
#6759=FILL_AREA_STYLE_COLOUR('',#6777);
#6760=FILL_AREA_STYLE_COLOUR('',#6777);
#6761=FILL_AREA_STYLE_COLOUR('',#6777);
#6762=FILL_AREA_STYLE_COLOUR('',#6777);
#6763=FILL_AREA_STYLE_COLOUR('',#6777);
#6764=FILL_AREA_STYLE_COLOUR('',#6777);
#6765=FILL_AREA_STYLE_COLOUR('',#6777);
#6766=FILL_AREA_STYLE_COLOUR('',#6777);
#6767=FILL_AREA_STYLE_COLOUR('',#6777);
#6768=FILL_AREA_STYLE_COLOUR('',#6777);
#6769=FILL_AREA_STYLE_COLOUR('',#6777);
#6770=FILL_AREA_STYLE_COLOUR('',#6777);
#6771=FILL_AREA_STYLE_COLOUR('',#6777);
#6772=FILL_AREA_STYLE_COLOUR('',#6777);
#6773=FILL_AREA_STYLE_COLOUR('',#6777);
#6774=FILL_AREA_STYLE_COLOUR('',#6777);
#6775=FILL_AREA_STYLE_COLOUR('',#6777);
#6776=COLOUR_RGB('',0.647058823529412,0.647058823529412,0.647058823529412);
#6777=COLOUR_RGB('',0.654901960784314,0.584313725490196,0.823529411764706);
#6778=MANIFOLD_SOLID_BREP('7/8" Ang 3 [L] connector [7.5 angle]',#5112);
#6779=SHAPE_DEFINITION_REPRESENTATION(#13400,#6780);
#6780=SHAPE_REPRESENTATION('7/8" Ang 3 [L] connector [7.5 angle]',(#6781),
#13395);
#6781=AXIS2_PLACEMENT_3D('',#8319,#7201,#7202);
#6782=AXIS2_PLACEMENT_3D('',#8320,#7203,#7204);
#6783=AXIS2_PLACEMENT_3D('',#8646,#7222,#7223);
#6784=AXIS2_PLACEMENT_3D('',#8650,#7225,#7226);
#6785=AXIS2_PLACEMENT_3D('',#8656,#7229,#7230);
#6786=AXIS2_PLACEMENT_3D('',#8657,#7231,#7232);
#6787=AXIS2_PLACEMENT_3D('',#8687,#7240,#7241);
#6788=AXIS2_PLACEMENT_3D('',#8706,#7246,#7247);
#6789=AXIS2_PLACEMENT_3D('',#8711,#7248,#7249);
#6790=AXIS2_PLACEMENT_3D('',#8712,#7250,#7251);
#6791=AXIS2_PLACEMENT_3D('',#8715,#7252,#7253);
#6792=AXIS2_PLACEMENT_3D('',#8729,#7254,#7255);
#6793=AXIS2_PLACEMENT_3D('',#8730,#7256,#7257);
#6794=AXIS2_PLACEMENT_3D('',#8731,#7258,#7259);
#6795=AXIS2_PLACEMENT_3D('',#8740,#7260,#7261);
#6796=AXIS2_PLACEMENT_3D('',#8749,#7262,#7263);
#6797=AXIS2_PLACEMENT_3D('',#9177,#7264,#7265);
#6798=AXIS2_PLACEMENT_3D('',#9178,#7266,#7267);
#6799=AXIS2_PLACEMENT_3D('',#9187,#7268,#7269);
#6800=AXIS2_PLACEMENT_3D('',#9200,#7270,#7271);
#6801=AXIS2_PLACEMENT_3D('',#9201,#7272,#7273);
#6802=AXIS2_PLACEMENT_3D('',#9215,#7274,#7275);
#6803=AXIS2_PLACEMENT_3D('',#9223,#7276,#7277);
#6804=AXIS2_PLACEMENT_3D('',#9224,#7278,#7279);
#6805=AXIS2_PLACEMENT_3D('',#9239,#7280,#7281);
#6806=AXIS2_PLACEMENT_3D('',#9701,#7282,#7283);
#6807=AXIS2_PLACEMENT_3D('',#9707,#7287,#7288);
#6808=AXIS2_PLACEMENT_3D('',#9724,#7292,#7293);
#6809=AXIS2_PLACEMENT_3D('',#9728,#7296,#7297);
#6810=AXIS2_PLACEMENT_3D('',#9747,#7300,#7301);
#6811=AXIS2_PLACEMENT_3D('',#9753,#7305,#7306);
#6812=AXIS2_PLACEMENT_3D('',#9759,#7310,#7311);
#6813=AXIS2_PLACEMENT_3D('',#9765,#7315,#7316);
#6814=AXIS2_PLACEMENT_3D('',#9779,#7320,#7321);
#6815=AXIS2_PLACEMENT_3D('',#9792,#7325,#7326);
#6816=AXIS2_PLACEMENT_3D('',#9796,#7328,#7329);
#6817=AXIS2_PLACEMENT_3D('',#9812,#7335,#7336);
#6818=AXIS2_PLACEMENT_3D('',#9813,#7337,#7338);
#6819=AXIS2_PLACEMENT_3D('',#9814,#7339,#7340);
#6820=AXIS2_PLACEMENT_3D('',#9821,#7343,#7344);
#6821=AXIS2_PLACEMENT_3D('',#9827,#7347,#7348);
#6822=AXIS2_PLACEMENT_3D('',#9830,#7350,#7351);
#6823=AXIS2_PLACEMENT_3D('',#9834,#7353,#7354);
#6824=AXIS2_PLACEMENT_3D('',#9838,#7356,#7357);
#6825=AXIS2_PLACEMENT_3D('',#9856,#7362,#7363);
#6826=AXIS2_PLACEMENT_3D('',#9857,#7364,#7365);
#6827=AXIS2_PLACEMENT_3D('',#9864,#7368,#7369);
#6828=AXIS2_PLACEMENT_3D('',#9878,#7372,#7373);
#6829=AXIS2_PLACEMENT_3D('',#9884,#7376,#7377);
#6830=AXIS2_PLACEMENT_3D('',#9893,#7382,#7383);
#6831=AXIS2_PLACEMENT_3D('',#9897,#7385,#7386);
#6832=AXIS2_PLACEMENT_3D('',#9904,#7390,#7391);
#6833=AXIS2_PLACEMENT_3D('',#9915,#7397,#7398);
#6834=AXIS2_PLACEMENT_3D('',#9918,#7400,#7401);
#6835=AXIS2_PLACEMENT_3D('',#9933,#7403,#7404);
#6836=AXIS2_PLACEMENT_3D('',#9934,#7405,#7406);
#6837=AXIS2_PLACEMENT_3D('',#9935,#7407,#7408);
#6838=AXIS2_PLACEMENT_3D('',#9949,#7409,#7410);
#6839=AXIS2_PLACEMENT_3D('',#9950,#7411,#7412);
#6840=AXIS2_PLACEMENT_3D('',#9954,#7414,#7415);
#6841=AXIS2_PLACEMENT_3D('',#9957,#7417,#7418);
#6842=AXIS2_PLACEMENT_3D('',#9958,#7419,#7420);
#6843=AXIS2_PLACEMENT_3D('',#9972,#7421,#7422);
#6844=AXIS2_PLACEMENT_3D('',#9973,#7423,#7424);
#6845=AXIS2_PLACEMENT_3D('',#9975,#7425,#7426);
#6846=AXIS2_PLACEMENT_3D('',#9978,#7428,#7429);
#6847=AXIS2_PLACEMENT_3D('',#10002,#7441,#7442);
#6848=AXIS2_PLACEMENT_3D('',#10003,#7443,#7444);
#6849=AXIS2_PLACEMENT_3D('',#10011,#7445,#7446);
#6850=AXIS2_PLACEMENT_3D('',#10028,#7448,#7449);
#6851=AXIS2_PLACEMENT_3D('',#10052,#7461,#7462);
#6852=AXIS2_PLACEMENT_3D('',#10053,#7463,#7464);
#6853=AXIS2_PLACEMENT_3D('',#10161,#7470,#7471);
#6854=AXIS2_PLACEMENT_3D('',#10174,#7472,#7473);
#6855=AXIS2_PLACEMENT_3D('',#10182,#7474,#7475);
#6856=AXIS2_PLACEMENT_3D('',#10183,#7476,#7477);
#6857=AXIS2_PLACEMENT_3D('',#10191,#7478,#7479);
#6858=AXIS2_PLACEMENT_3D('',#10193,#7480,#7481);
#6859=AXIS2_PLACEMENT_3D('',#10194,#7482,#7483);
#6860=AXIS2_PLACEMENT_3D('',#10198,#7486,#7487);
#6861=AXIS2_PLACEMENT_3D('',#10222,#7499,#7500);
#6862=AXIS2_PLACEMENT_3D('',#10223,#7501,#7502);
#6863=AXIS2_PLACEMENT_3D('',#10224,#7503,#7504);
#6864=AXIS2_PLACEMENT_3D('',#10238,#7505,#7506);
#6865=AXIS2_PLACEMENT_3D('',#10250,#7509,#7510);
#6866=AXIS2_PLACEMENT_3D('',#10252,#7511,#7512);
#6867=AXIS2_PLACEMENT_3D('',#10253,#7513,#7514);
#6868=AXIS2_PLACEMENT_3D('',#10267,#7515,#7516);
#6869=AXIS2_PLACEMENT_3D('',#10278,#7518,#7519);
#6870=AXIS2_PLACEMENT_3D('',#10281,#7521,#7522);
#6871=AXIS2_PLACEMENT_3D('',#10282,#7523,#7524);
#6872=AXIS2_PLACEMENT_3D('',#10296,#7525,#7526);
#6873=AXIS2_PLACEMENT_3D('',#10297,#7527,#7528);
#6874=AXIS2_PLACEMENT_3D('',#10298,#7529,#7530);
#6875=AXIS2_PLACEMENT_3D('',#10321,#7531,#7532);
#6876=AXIS2_PLACEMENT_3D('',#10322,#7533,#7534);
#6877=AXIS2_PLACEMENT_3D('',#10323,#7535,#7536);
#6878=AXIS2_PLACEMENT_3D('',#10325,#7537,#7538);
#6879=AXIS2_PLACEMENT_3D('',#10326,#7539,#7540);
#6880=AXIS2_PLACEMENT_3D('',#10340,#7541,#7542);
#6881=AXIS2_PLACEMENT_3D('',#10341,#7543,#7544);
#6882=AXIS2_PLACEMENT_3D('',#10342,#7545,#7546);
#6883=AXIS2_PLACEMENT_3D('',#10343,#7547,#7548);
#6884=AXIS2_PLACEMENT_3D('',#10349,#7552,#7553);
#6885=AXIS2_PLACEMENT_3D('',#10354,#7556,#7557);
#6886=AXIS2_PLACEMENT_3D('',#10368,#7560,#7561);
#6887=AXIS2_PLACEMENT_3D('',#10369,#7562,#7563);
#6888=AXIS2_PLACEMENT_3D('',#10377,#7567,#7568);
#6889=AXIS2_PLACEMENT_3D('',#10398,#7574,#7575);
#6890=AXIS2_PLACEMENT_3D('',#10399,#7576,#7577);
#6891=AXIS2_PLACEMENT_3D('',#10403,#7579,#7580);
#6892=AXIS2_PLACEMENT_3D('',#10404,#7581,#7582);
#6893=AXIS2_PLACEMENT_3D('',#10474,#7584,#7585);
#6894=AXIS2_PLACEMENT_3D('',#10487,#7588,#7589);
#6895=AXIS2_PLACEMENT_3D('',#10504,#7594,#7595);
#6896=AXIS2_PLACEMENT_3D('',#10529,#7599,#7600);
#6897=AXIS2_PLACEMENT_3D('',#10551,#7607,#7608);
#6898=AXIS2_PLACEMENT_3D('',#10555,#7610,#7611);
#6899=AXIS2_PLACEMENT_3D('',#10558,#7613,#7614);
#6900=AXIS2_PLACEMENT_3D('',#10564,#7618,#7619);
#6901=AXIS2_PLACEMENT_3D('',#10581,#7624,#7625);
#6902=AXIS2_PLACEMENT_3D('',#10586,#7629,#7630);
#6903=AXIS2_PLACEMENT_3D('',#10600,#7632,#7633);
#6904=AXIS2_PLACEMENT_3D('',#10603,#7636,#7637);
#6905=AXIS2_PLACEMENT_3D('',#10604,#7638,#7639);
#6906=AXIS2_PLACEMENT_3D('',#10605,#7640,#7641);
#6907=AXIS2_PLACEMENT_3D('',#10607,#7642,#7643);
#6908=AXIS2_PLACEMENT_3D('',#10608,#7644,#7645);
#6909=AXIS2_PLACEMENT_3D('',#10622,#7646,#7647);
#6910=AXIS2_PLACEMENT_3D('',#10630,#7648,#7649);
#6911=AXIS2_PLACEMENT_3D('',#10632,#7650,#7651);
#6912=AXIS2_PLACEMENT_3D('',#10633,#7652,#7653);
#6913=AXIS2_PLACEMENT_3D('',#10647,#7654,#7655);
#6914=AXIS2_PLACEMENT_3D('',#10663,#7658,#7659);
#6915=AXIS2_PLACEMENT_3D('',#10666,#7662,#7663);
#6916=AXIS2_PLACEMENT_3D('',#10669,#7666,#7667);
#6917=AXIS2_PLACEMENT_3D('',#10673,#7669,#7670);
#6918=AXIS2_PLACEMENT_3D('',#10698,#7676,#7677);
#6919=AXIS2_PLACEMENT_3D('',#10721,#7682,#7683);
#6920=AXIS2_PLACEMENT_3D('',#10730,#7685,#7686);
#6921=AXIS2_PLACEMENT_3D('',#10754,#7687,#7688);
#6922=AXIS2_PLACEMENT_3D('',#10772,#7690,#7691);
#6923=AXIS2_PLACEMENT_3D('',#10773,#7692,#7693);
#6924=AXIS2_PLACEMENT_3D('',#10796,#7698,#7699);
#6925=AXIS2_PLACEMENT_3D('',#10821,#7705,#7706);
#6926=AXIS2_PLACEMENT_3D('',#10831,#7707,#7708);
#6927=AXIS2_PLACEMENT_3D('',#10832,#7709,#7710);
#6928=AXIS2_PLACEMENT_3D('',#10834,#7711,#7712);
#6929=AXIS2_PLACEMENT_3D('',#10835,#7713,#7714);
#6930=AXIS2_PLACEMENT_3D('',#10836,#7715,#7716);
#6931=AXIS2_PLACEMENT_3D('',#10838,#7717,#7718);
#6932=AXIS2_PLACEMENT_3D('',#10839,#7719,#7720);
#6933=AXIS2_PLACEMENT_3D('',#10855,#7723,#7724);
#6934=AXIS2_PLACEMENT_3D('',#10858,#7727,#7728);
#6935=AXIS2_PLACEMENT_3D('',#10861,#7731,#7732);
#6936=AXIS2_PLACEMENT_3D('',#10874,#7733,#7734);
#6937=AXIS2_PLACEMENT_3D('',#10876,#7735,#7736);
#6938=AXIS2_PLACEMENT_3D('',#10877,#7737,#7738);
#6939=AXIS2_PLACEMENT_3D('',#10878,#7739,#7740);
#6940=AXIS2_PLACEMENT_3D('',#10880,#7741,#7742);
#6941=AXIS2_PLACEMENT_3D('',#10881,#7743,#7744);
#6942=AXIS2_PLACEMENT_3D('',#10882,#7745,#7746);
#6943=AXIS2_PLACEMENT_3D('',#10884,#7747,#7748);
#6944=AXIS2_PLACEMENT_3D('',#10887,#7751,#7752);
#6945=AXIS2_PLACEMENT_3D('',#10889,#7754,#7755);
#6946=AXIS2_PLACEMENT_3D('',#10891,#7757,#7758);
#6947=AXIS2_PLACEMENT_3D('',#10897,#7761,#7762);
#6948=AXIS2_PLACEMENT_3D('',#10898,#7763,#7764);
#6949=AXIS2_PLACEMENT_3D('',#10902,#7766,#7767);
#6950=AXIS2_PLACEMENT_3D('',#10906,#7769,#7770);
#6951=AXIS2_PLACEMENT_3D('',#10912,#7771,#7772);
#6952=AXIS2_PLACEMENT_3D('',#10916,#7774,#7775);
#6953=AXIS2_PLACEMENT_3D('',#10923,#7779,#7780);
#6954=AXIS2_PLACEMENT_3D('',#10934,#7783,#7784);
#6955=AXIS2_PLACEMENT_3D('',#10935,#7785,#7786);
#6956=AXIS2_PLACEMENT_3D('',#10936,#7787,#7788);
#6957=AXIS2_PLACEMENT_3D('',#10942,#7791,#7792);
#6958=AXIS2_PLACEMENT_3D('',#10948,#7795,#7796);
#6959=AXIS2_PLACEMENT_3D('',#10953,#7799,#7800);
#6960=AXIS2_PLACEMENT_3D('',#10956,#7802,#7803);
#6961=AXIS2_PLACEMENT_3D('',#10957,#7804,#7805);
#6962=AXIS2_PLACEMENT_3D('',#10960,#7807,#7808);
#6963=AXIS2_PLACEMENT_3D('',#10961,#7809,#7810);
#6964=AXIS2_PLACEMENT_3D('',#10962,#7811,#7812);
#6965=AXIS2_PLACEMENT_3D('',#10965,#7814,#7815);
#6966=AXIS2_PLACEMENT_3D('',#10966,#7816,#7817);
#6967=AXIS2_PLACEMENT_3D('',#10967,#7818,#7819);
#6968=AXIS2_PLACEMENT_3D('',#10970,#7821,#7822);
#6969=AXIS2_PLACEMENT_3D('',#10971,#7823,#7824);
#6970=AXIS2_PLACEMENT_3D('',#10972,#7825,#7826);
#6971=AXIS2_PLACEMENT_3D('',#10975,#7828,#7829);
#6972=AXIS2_PLACEMENT_3D('',#10976,#7830,#7831);
#6973=AXIS2_PLACEMENT_3D('',#10977,#7832,#7833);
#6974=AXIS2_PLACEMENT_3D('',#10978,#7834,#7835);
#6975=AXIS2_PLACEMENT_3D('',#10981,#7837,#7838);
#6976=AXIS2_PLACEMENT_3D('',#10984,#7840,#7841);
#6977=AXIS2_PLACEMENT_3D('',#10985,#7842,#7843);
#6978=AXIS2_PLACEMENT_3D('',#10986,#7844,#7845);
#6979=AXIS2_PLACEMENT_3D('',#10987,#7846,#7847);
#6980=AXIS2_PLACEMENT_3D('',#10990,#7849,#7850);
#6981=AXIS2_PLACEMENT_3D('',#10991,#7851,#7852);
#6982=AXIS2_PLACEMENT_3D('',#10992,#7853,#7854);
#6983=AXIS2_PLACEMENT_3D('',#10993,#7855,#7856);
#6984=AXIS2_PLACEMENT_3D('',#10994,#7857,#7858);
#6985=AXIS2_PLACEMENT_3D('',#10997,#7860,#7861);
#6986=AXIS2_PLACEMENT_3D('',#10998,#7862,#7863);
#6987=AXIS2_PLACEMENT_3D('',#11001,#7865,#7866);
#6988=AXIS2_PLACEMENT_3D('',#11002,#7867,#7868);
#6989=AXIS2_PLACEMENT_3D('',#11003,#7869,#7870);
#6990=AXIS2_PLACEMENT_3D('',#11004,#7871,#7872);
#6991=AXIS2_PLACEMENT_3D('',#11007,#7874,#7875);
#6992=AXIS2_PLACEMENT_3D('',#11008,#7876,#7877);
#6993=AXIS2_PLACEMENT_3D('',#11009,#7878,#7879);
#6994=AXIS2_PLACEMENT_3D('',#11012,#7881,#7882);
#6995=AXIS2_PLACEMENT_3D('',#11013,#7883,#7884);
#6996=AXIS2_PLACEMENT_3D('',#11016,#7886,#7887);
#6997=AXIS2_PLACEMENT_3D('',#11017,#7888,#7889);
#6998=AXIS2_PLACEMENT_3D('',#11018,#7890,#7891);
#6999=AXIS2_PLACEMENT_3D('',#11019,#7892,#7893);
#7000=AXIS2_PLACEMENT_3D('',#11022,#7895,#7896);
#7001=AXIS2_PLACEMENT_3D('',#11023,#7897,#7898);
#7002=AXIS2_PLACEMENT_3D('',#11026,#7900,#7901);
#7003=AXIS2_PLACEMENT_3D('',#11027,#7902,#7903);
#7004=AXIS2_PLACEMENT_3D('',#11028,#7904,#7905);
#7005=AXIS2_PLACEMENT_3D('',#11029,#7906,#7907);
#7006=AXIS2_PLACEMENT_3D('',#11032,#7909,#7910);
#7007=AXIS2_PLACEMENT_3D('',#11033,#7911,#7912);
#7008=AXIS2_PLACEMENT_3D('',#11034,#7913,#7914);
#7009=AXIS2_PLACEMENT_3D('',#11035,#7915,#7916);
#7010=AXIS2_PLACEMENT_3D('',#11038,#7918,#7919);
#7011=AXIS2_PLACEMENT_3D('',#11039,#7920,#7921);
#7012=AXIS2_PLACEMENT_3D('',#11040,#7922,#7923);
#7013=AXIS2_PLACEMENT_3D('',#11043,#7925,#7926);
#7014=AXIS2_PLACEMENT_3D('',#11044,#7927,#7928);
#7015=AXIS2_PLACEMENT_3D('',#11045,#7929,#7930);
#7016=AXIS2_PLACEMENT_3D('',#11048,#7932,#7933);
#7017=AXIS2_PLACEMENT_3D('',#11049,#7934,#7935);
#7018=AXIS2_PLACEMENT_3D('',#11050,#7936,#7937);
#7019=AXIS2_PLACEMENT_3D('',#11053,#7939,#7940);
#7020=AXIS2_PLACEMENT_3D('',#11054,#7941,#7942);
#7021=AXIS2_PLACEMENT_3D('',#11055,#7943,#7944);
#7022=AXIS2_PLACEMENT_3D('',#11058,#7946,#7947);
#7023=AXIS2_PLACEMENT_3D('',#11059,#7948,#7949);
#7024=AXIS2_PLACEMENT_3D('',#11062,#7951,#7952);
#7025=AXIS2_PLACEMENT_3D('',#11063,#7953,#7954);
#7026=AXIS2_PLACEMENT_3D('',#11064,#7955,#7956);
#7027=AXIS2_PLACEMENT_3D('',#11066,#7958,#7959);
#7028=AXIS2_PLACEMENT_3D('',#11069,#7961,#7962);
#7029=AXIS2_PLACEMENT_3D('',#11070,#7963,#7964);
#7030=AXIS2_PLACEMENT_3D('',#11071,#7965,#7966);
#7031=AXIS2_PLACEMENT_3D('',#11072,#7967,#7968);
#7032=AXIS2_PLACEMENT_3D('',#11255,#7969,#7970);
#7033=AXIS2_PLACEMENT_3D('',#11256,#7971,#7972);
#7034=AXIS2_PLACEMENT_3D('',#11439,#7973,#7974);
#7035=AXIS2_PLACEMENT_3D('',#11452,#7975,#7976);
#7036=AXIS2_PLACEMENT_3D('',#11453,#7977,#7978);
#7037=AXIS2_PLACEMENT_3D('',#11454,#7979,#7980);
#7038=AXIS2_PLACEMENT_3D('',#11455,#7981,#7982);
#7039=AXIS2_PLACEMENT_3D('',#11468,#7983,#7984);
#7040=AXIS2_PLACEMENT_3D('',#11481,#7985,#7986);
#7041=AXIS2_PLACEMENT_3D('',#11482,#7987,#7988);
#7042=AXIS2_PLACEMENT_3D('',#11483,#7989,#7990);
#7043=AXIS2_PLACEMENT_3D('',#11484,#7991,#7992);
#7044=AXIS2_PLACEMENT_3D('',#11848,#7993,#7994);
#7045=AXIS2_PLACEMENT_3D('',#11861,#7995,#7996);
#7046=AXIS2_PLACEMENT_3D('',#11890,#7997,#7998);
#7047=AXIS2_PLACEMENT_3D('',#11891,#7999,#8000);
#7048=AXIS2_PLACEMENT_3D('',#11896,#8001,#8002);
#7049=AXIS2_PLACEMENT_3D('',#11897,#8003,#8004);
#7050=AXIS2_PLACEMENT_3D('',#11907,#8005,#8006);
#7051=AXIS2_PLACEMENT_3D('',#11908,#8007,#8008);
#7052=AXIS2_PLACEMENT_3D('',#11909,#8009,#8010);
#7053=AXIS2_PLACEMENT_3D('',#11915,#8011,#8012);
#7054=AXIS2_PLACEMENT_3D('',#11916,#8013,#8014);
#7055=AXIS2_PLACEMENT_3D('',#11932,#8015,#8016);
#7056=AXIS2_PLACEMENT_3D('',#11933,#8017,#8018);
#7057=AXIS2_PLACEMENT_3D('',#11938,#8019,#8020);
#7058=AXIS2_PLACEMENT_3D('',#11939,#8021,#8022);
#7059=AXIS2_PLACEMENT_3D('',#11948,#8023,#8024);
#7060=AXIS2_PLACEMENT_3D('',#11949,#8025,#8026);
#7061=AXIS2_PLACEMENT_3D('',#11950,#8027,#8028);
#7062=AXIS2_PLACEMENT_3D('',#11951,#8029,#8030);
#7063=AXIS2_PLACEMENT_3D('',#11952,#8031,#8032);
#7064=AXIS2_PLACEMENT_3D('',#11963,#8033,#8034);
#7065=AXIS2_PLACEMENT_3D('',#11964,#8035,#8036);
#7066=AXIS2_PLACEMENT_3D('',#11973,#8037,#8038);
#7067=AXIS2_PLACEMENT_3D('',#11980,#8039,#8040);
#7068=AXIS2_PLACEMENT_3D('',#11981,#8041,#8042);
#7069=AXIS2_PLACEMENT_3D('',#11982,#8043,#8044);
#7070=AXIS2_PLACEMENT_3D('',#11983,#8045,#8046);
#7071=AXIS2_PLACEMENT_3D('',#11990,#8047,#8048);
#7072=AXIS2_PLACEMENT_3D('',#11998,#8049,#8050);
#7073=AXIS2_PLACEMENT_3D('',#12005,#8051,#8052);
#7074=AXIS2_PLACEMENT_3D('',#12006,#8053,#8054);
#7075=AXIS2_PLACEMENT_3D('',#12013,#8055,#8056);
#7076=AXIS2_PLACEMENT_3D('',#12014,#8057,#8058);
#7077=AXIS2_PLACEMENT_3D('',#12015,#8059,#8060);
#7078=AXIS2_PLACEMENT_3D('',#12016,#8061,#8062);
#7079=AXIS2_PLACEMENT_3D('',#12130,#8063,#8064);
#7080=AXIS2_PLACEMENT_3D('',#12131,#8065,#8066);
#7081=AXIS2_PLACEMENT_3D('',#12138,#8067,#8068);
#7082=AXIS2_PLACEMENT_3D('',#12140,#8069,#8070);
#7083=AXIS2_PLACEMENT_3D('',#12162,#8071,#8072);
#7084=AXIS2_PLACEMENT_3D('',#12163,#8073,#8074);
#7085=AXIS2_PLACEMENT_3D('',#12165,#8075,#8076);
#7086=AXIS2_PLACEMENT_3D('',#12193,#8077,#8078);
#7087=AXIS2_PLACEMENT_3D('',#12194,#8079,#8080);
#7088=AXIS2_PLACEMENT_3D('',#12195,#8081,#8082);
#7089=AXIS2_PLACEMENT_3D('',#12196,#8083,#8084);
#7090=AXIS2_PLACEMENT_3D('',#12197,#8085,#8086);
#7091=AXIS2_PLACEMENT_3D('',#12198,#8087,#8088);
#7092=AXIS2_PLACEMENT_3D('',#12211,#8089,#8090);
#7093=AXIS2_PLACEMENT_3D('',#12252,#8091,#8092);
#7094=AXIS2_PLACEMENT_3D('',#12253,#8093,#8094);
#7095=AXIS2_PLACEMENT_3D('',#12254,#8095,#8096);
#7096=AXIS2_PLACEMENT_3D('',#12267,#8097,#8098);
#7097=AXIS2_PLACEMENT_3D('',#12299,#8099,#8100);
#7098=AXIS2_PLACEMENT_3D('',#12300,#8101,#8102);
#7099=AXIS2_PLACEMENT_3D('',#12302,#8103,#8104);
#7100=AXIS2_PLACEMENT_3D('',#12309,#8105,#8106);
#7101=AXIS2_PLACEMENT_3D('',#12310,#8107,#8108);
#7102=AXIS2_PLACEMENT_3D('',#12311,#8109,#8110);
#7103=AXIS2_PLACEMENT_3D('',#12312,#8111,#8112);
#7104=AXIS2_PLACEMENT_3D('',#12313,#8113,#8114);
#7105=AXIS2_PLACEMENT_3D('',#12371,#8115,#8116);
#7106=AXIS2_PLACEMENT_3D('',#12372,#8117,#8118);
#7107=AXIS2_PLACEMENT_3D('',#12373,#8119,#8120);
#7108=AXIS2_PLACEMENT_3D('',#12374,#8121,#8122);
#7109=AXIS2_PLACEMENT_3D('',#12420,#8123,#8124);
#7110=AXIS2_PLACEMENT_3D('',#12421,#8125,#8126);
#7111=AXIS2_PLACEMENT_3D('',#12422,#8127,#8128);
#7112=AXIS2_PLACEMENT_3D('',#12429,#8129,#8130);
#7113=AXIS2_PLACEMENT_3D('',#12431,#8131,#8132);
#7114=AXIS2_PLACEMENT_3D('',#12462,#8133,#8134);
#7115=AXIS2_PLACEMENT_3D('',#12463,#8135,#8136);
#7116=AXIS2_PLACEMENT_3D('',#12464,#8137,#8138);
#7117=AXIS2_PLACEMENT_3D('',#12477,#8139,#8140);
#7118=AXIS2_PLACEMENT_3D('',#12517,#8141,#8142);
#7119=AXIS2_PLACEMENT_3D('',#12518,#8143,#8144);
#7120=AXIS2_PLACEMENT_3D('',#12519,#8145,#8146);
#7121=AXIS2_PLACEMENT_3D('',#12532,#8147,#8148);
#7122=AXIS2_PLACEMENT_3D('',#12566,#8149,#8150);
#7123=AXIS2_PLACEMENT_3D('',#12567,#8151,#8152);
#7124=AXIS2_PLACEMENT_3D('',#12583,#8153,#8154);
#7125=AXIS2_PLACEMENT_3D('',#12596,#8155,#8156);
#7126=AXIS2_PLACEMENT_3D('',#12597,#8157,#8158);
#7127=AXIS2_PLACEMENT_3D('',#12598,#8159,#8160);
#7128=AXIS2_PLACEMENT_3D('',#12611,#8161,#8162);
#7129=AXIS2_PLACEMENT_3D('',#12627,#8163,#8164);
#7130=AXIS2_PLACEMENT_3D('',#12640,#8165,#8166);
#7131=AXIS2_PLACEMENT_3D('',#12653,#8167,#8168);
#7132=AXIS2_PLACEMENT_3D('',#12666,#8169,#8170);
#7133=AXIS2_PLACEMENT_3D('',#12668,#8171,#8172);
#7134=AXIS2_PLACEMENT_3D('',#12705,#8173,#8174);
#7135=AXIS2_PLACEMENT_3D('',#12706,#8175,#8176);
#7136=AXIS2_PLACEMENT_3D('',#12707,#8177,#8178);
#7137=AXIS2_PLACEMENT_3D('',#12720,#8179,#8180);
#7138=AXIS2_PLACEMENT_3D('',#12736,#8181,#8182);
#7139=AXIS2_PLACEMENT_3D('',#12737,#8183,#8184);
#7140=AXIS2_PLACEMENT_3D('',#12738,#8185,#8186);
#7141=AXIS2_PLACEMENT_3D('',#12739,#8187,#8188);
#7142=AXIS2_PLACEMENT_3D('',#12740,#8189,#8190);
#7143=AXIS2_PLACEMENT_3D('',#12753,#8191,#8192);
#7144=AXIS2_PLACEMENT_3D('',#12766,#8193,#8194);
#7145=AXIS2_PLACEMENT_3D('',#12782,#8195,#8196);
#7146=AXIS2_PLACEMENT_3D('',#12804,#8197,#8198);
#7147=AXIS2_PLACEMENT_3D('',#12817,#8199,#8200);
#7148=AXIS2_PLACEMENT_3D('',#12830,#8201,#8202);
#7149=AXIS2_PLACEMENT_3D('',#12843,#8203,#8204);
#7150=AXIS2_PLACEMENT_3D('',#12844,#8205,#8206);
#7151=AXIS2_PLACEMENT_3D('',#12845,#8207,#8208);
#7152=AXIS2_PLACEMENT_3D('',#12858,#8209,#8210);
#7153=AXIS2_PLACEMENT_3D('',#12884,#8211,#8212);
#7154=AXIS2_PLACEMENT_3D('',#12897,#8213,#8214);
#7155=AXIS2_PLACEMENT_3D('',#12910,#8215,#8216);
#7156=AXIS2_PLACEMENT_3D('',#12923,#8217,#8218);
#7157=AXIS2_PLACEMENT_3D('',#12936,#8219,#8220);
#7158=AXIS2_PLACEMENT_3D('',#12937,#8221,#8222);
#7159=AXIS2_PLACEMENT_3D('',#12938,#8223,#8224);
#7160=AXIS2_PLACEMENT_3D('',#12939,#8225,#8226);
#7161=AXIS2_PLACEMENT_3D('',#12940,#8227,#8228);
#7162=AXIS2_PLACEMENT_3D('',#12953,#8229,#8230);
#7163=AXIS2_PLACEMENT_3D('',#12975,#8231,#8232);
#7164=AXIS2_PLACEMENT_3D('',#12988,#8233,#8234);
#7165=AXIS2_PLACEMENT_3D('',#12989,#8235,#8236);
#7166=AXIS2_PLACEMENT_3D('',#12990,#8237,#8238);
#7167=AXIS2_PLACEMENT_3D('',#13006,#8239,#8240);
#7168=AXIS2_PLACEMENT_3D('',#13007,#8241,#8242);
#7169=AXIS2_PLACEMENT_3D('',#13008,#8243,#8244);
#7170=AXIS2_PLACEMENT_3D('',#13009,#8245,#8246);
#7171=AXIS2_PLACEMENT_3D('',#13010,#8247,#8248);
#7172=AXIS2_PLACEMENT_3D('',#13023,#8249,#8250);
#7173=AXIS2_PLACEMENT_3D('',#13024,#8251,#8252);
#7174=AXIS2_PLACEMENT_3D('',#13025,#8253,#8254);
#7175=AXIS2_PLACEMENT_3D('',#13038,#8255,#8256);
#7176=AXIS2_PLACEMENT_3D('',#13070,#8257,#8258);
#7177=AXIS2_PLACEMENT_3D('',#13083,#8259,#8260);
#7178=AXIS2_PLACEMENT_3D('',#13084,#8261,#8262);
#7179=AXIS2_PLACEMENT_3D('',#13097,#8263,#8264);
#7180=AXIS2_PLACEMENT_3D('',#13110,#8265,#8266);
#7181=AXIS2_PLACEMENT_3D('',#13126,#8267,#8268);
#7182=AXIS2_PLACEMENT_3D('',#13139,#8269,#8270);
#7183=AXIS2_PLACEMENT_3D('',#13152,#8271,#8272);
#7184=AXIS2_PLACEMENT_3D('',#13168,#8273,#8274);
#7185=AXIS2_PLACEMENT_3D('',#13197,#8275,#8276);
#7186=AXIS2_PLACEMENT_3D('',#13198,#8277,#8278);
#7187=AXIS2_PLACEMENT_3D('',#13226,#8279,#8280);
#7188=AXIS2_PLACEMENT_3D('',#13249,#8281,#8282);
#7189=AXIS2_PLACEMENT_3D('',#13255,#8286,#8287);
#7190=AXIS2_PLACEMENT_3D('',#13259,#8290,#8291);
#7191=AXIS2_PLACEMENT_3D('',#13263,#8294,#8295);
#7192=AXIS2_PLACEMENT_3D('',#13267,#8298,#8299);
#7193=AXIS2_PLACEMENT_3D('',#13271,#8302,#8303);
#7194=AXIS2_PLACEMENT_3D('',#13273,#8305,#8306);
#7195=AXIS2_PLACEMENT_3D('',#13286,#8307,#8308);
#7196=AXIS2_PLACEMENT_3D('',#13299,#8309,#8310);
#7197=AXIS2_PLACEMENT_3D('',#13324,#8311,#8312);
#7198=AXIS2_PLACEMENT_3D('',#13340,#8313,#8314);
#7199=AXIS2_PLACEMENT_3D('',#13365,#8315,#8316);
#7200=AXIS2_PLACEMENT_3D('',#13378,#8317,#8318);
#7201=DIRECTION('',(0.,0.,1.));
#7202=DIRECTION('',(1.,0.,0.));
#7203=DIRECTION('',(0.,1.,0.));
#7204=DIRECTION('',(0.,0.,1.));
#7205=DIRECTION('',(0.,0.,-1.));
#7206=DIRECTION('',(-0.999999485030187,0.,0.00101485928081352));
#7207=DIRECTION('',(0.999999485030187,0.,0.00101485928081279));
#7208=DIRECTION('',(-0.999999485030187,0.,0.00101485928081352));
#7209=DIRECTION('',(-0.17364817766693,0.,-0.984807753012208));
#7210=DIRECTION('',(-0.17364817766693,0.,-0.984807753012208));
#7211=DIRECTION('',(-0.17364817766693,0.,-0.984807753012208));
#7212=DIRECTION('',(-0.17364817766693,0.,-0.984807753012208));
#7213=DIRECTION('',(-0.984983474330646,0.,0.172648646955399));
#7214=DIRECTION('',(-0.17364817766693,0.,-0.984807753012208));
#7215=DIRECTION('',(-0.999999485030187,0.,0.00101485928081352));
#7216=DIRECTION('',(-0.643923116565322,0.,0.765090203801358));
#7217=DIRECTION('',(-0.765090203801359,0.,-0.643923116565321));
#7218=DIRECTION('',(-0.643923116565323,0.,0.765090203801357));
#7219=DIRECTION('',(0.765090203801357,0.,0.643923116565323));
#7220=DIRECTION('',(-0.643923116565323,0.,0.765090203801357));
#7221=DIRECTION('',(-0.765090203801356,0.,-0.643923116565324));
#7222=DIRECTION('',(0.696364419623323,-0.707106599117154,-0.122787835584983));
#7223=DIRECTION('',(0.712498112559344,0.701674026595949,0.));
#7224=DIRECTION('',(-0.17364817766693,-1.38777827543743E-17,-0.984807753012208));
#7225=DIRECTION('',(0.696364419623323,-0.707106599117154,-0.122787835584983));
#7226=DIRECTION('',(-0.676489415467963,-0.703844428356552,0.216714308321466));
#7227=DIRECTION('',(-0.6999087420757,-0.706946165543884,0.101758890465701));
#7228=DIRECTION('',(-0.17364817766693,-4.06471246776127E-18,-0.984807753012208));
#7229=DIRECTION('',(0.696364419623323,-0.707106599117154,-0.122787835584983));
#7230=DIRECTION('',(0.712498112559344,0.701674026595949,0.));
#7231=DIRECTION('',(-0.663089500309997,0.130347310609996,0.737103719428534));
#7232=DIRECTION('',(0.743446511276576,0.,0.668795398362376));
#7233=DIRECTION('',(-0.0922959556412574,-0.99144486137381,0.0922959556412574));
#7234=DIRECTION('',(-0.742828224524961,0.0068312130845868,-0.669447207311292));
#7235=DIRECTION('',(-0.0922959556412574,-0.99144486137381,0.0922959556412574));
#7236=DIRECTION('',(0.0922959556412573,0.99144486137381,-0.0922959556412573));
#7237=DIRECTION('',(-0.0922959556412574,-0.99144486137381,0.0922959556412574));
#7238=DIRECTION('',(-0.742828224524961,0.00683121308458679,-0.669447207311292));
#7239=DIRECTION('',(0.0922959556412574,0.99144486137381,-0.0922959556412574));
#7240=DIRECTION('',(0.663089500309997,-0.130347310609996,-0.737103719428534));
#7241=DIRECTION('',(-0.743446511276576,0.,-0.668795398362376));
#7242=DIRECTION('',(-0.0922959556412574,-0.99144486137381,0.0922959556412574));
#7243=DIRECTION('',(-0.742828224524961,0.00683121308458679,-0.669447207311292));
#7244=DIRECTION('',(-0.0922959556412574,-0.99144486137381,0.0922959556412574));
#7245=DIRECTION('',(-0.0922959556412574,-0.99144486137381,0.0922959556412573));
#7246=DIRECTION('',(0.0922959556412573,0.99144486137381,-0.0922959556412573));
#7247=DIRECTION('',(-0.995731618746872,0.0918986092470082,-0.00855505968410798));
#7248=DIRECTION('',(-0.696364419623323,0.707106599117154,0.122787835584983));
#7249=DIRECTION('',(-0.712498112559344,-0.701674026595949,0.));
#7250=DIRECTION('',(0.984807753012208,0.,-0.17364817766693));
#7251=DIRECTION('',(3.40804705525886E-18,1.,1.93279953048912E-17));
#7252=DIRECTION('',(0.696364419623323,-0.707106599117154,-0.122787835584983));
#7253=DIRECTION('',(0.712498112559344,0.701674026595949,0.));
#7254=DIRECTION('',(0.696364419623323,-0.707106599117154,-0.122787835584983));
#7255=DIRECTION('',(0.712498112559344,0.701674026595949,0.));
#7256=DIRECTION('',(-0.696364419623323,-0.707106599117154,0.122787835584983));
#7257=DIRECTION('',(0.712498112559344,-0.701674026595949,0.));
#7258=DIRECTION('',(0.696364419623323,0.707106599117154,-0.122787835584983));
#7259=DIRECTION('',(-0.669899493675978,0.70179886636273,0.242307696007896));
#7260=DIRECTION('',(0.696364419623323,0.707106599117154,-0.122787835584983));
#7261=DIRECTION('',(-0.712498112559344,0.701674026595949,0.));
#7262=DIRECTION('',(0.984807753012208,0.,-0.17364817766693));
#7263=DIRECTION('',(3.40804705525886E-18,-1.,1.93279953048912E-17));
#7264=DIRECTION('',(0.0563837926155636,0.0873390701459156,0.994581698381954));
#7265=DIRECTION('',(0.,-0.99616643122749,0.0874782332668376));
#7266=DIRECTION('',(-0.0563837926155645,-0.087339070145916,-0.994581698381954));
#7267=DIRECTION('',(0.,0.99616643122749,-0.0874782332668381));
#7268=DIRECTION('',(0.0563837926155645,0.087339070145916,0.994581698381954));
#7269=DIRECTION('',(0.,-0.99616643122749,0.0874782332668381));
#7270=DIRECTION('',(-0.994133957021161,0.0969998643375984,0.0478403785095331));
#7271=DIRECTION('',(-0.0971110571222165,-0.99527355163523,0.));
#7272=DIRECTION('',(0.994133957021161,-0.0969998643375992,-0.047840378509532));
#7273=DIRECTION('',(0.0866884542922854,0.979125583992457,-0.183842874933584));
#7274=DIRECTION('',(-0.994133957021161,0.0969998643375992,0.0478403785095319));
#7275=DIRECTION('',(-0.0971110571222173,-0.99527355163523,0.));
#7276=DIRECTION('',(0.663089500310003,-0.130347310609998,-0.737103719428529));
#7277=DIRECTION('',(-0.74344651127657,0.,-0.668795398362382));
#7278=DIRECTION('',(-0.663089500309997,0.130347310609996,0.737103719428535));
#7279=DIRECTION('',(0.160570024296218,0.986567973183031,-0.0300150226893064));
#7280=DIRECTION('',(0.663089500309997,-0.130347310609996,-0.737103719428534));
#7281=DIRECTION('',(-0.743446511276576,0.,-0.668795398362376));
#7282=DIRECTION('',(0.696364419623323,0.707106599117154,-0.122787835584983));
#7283=DIRECTION('',(-0.712498112559344,0.701674026595949,0.));
#7284=DIRECTION('',(-0.696488494055885,0.707106781186548,0.122081029024845));
#7285=DIRECTION('',(-0.17364817766693,-1.38777878078145E-17,-0.984807753012208));
#7286=DIRECTION('',(-0.17364817766693,1.38777928612546E-17,-0.984807753012208));
#7287=DIRECTION('',(-0.000717614064188108,-0.707106599117154,-0.707106599117154));
#7288=DIRECTION('',(0.,0.707106781186548,-0.707106781186548));
#7289=DIRECTION('',(-0.999999485030187,7.66646510941655E-20,0.00101485928081352));
#7290=DIRECTION('',(0.,0.707106781186548,-0.707106781186548));
#7291=DIRECTION('',(0.0349421826901154,0.706657245231847,-0.706692706648504));
#7292=DIRECTION('',(-0.000717614064188108,-0.707106599117154,-0.707106599117154));
#7293=DIRECTION('',(-0.118993473182084,-0.702022429813556,0.702143191506359));
#7294=DIRECTION('',(0.,0.707106781186548,-0.707106781186548));
#7295=DIRECTION('',(-0.999999485030187,4.49090849397806E-20,0.00101485928081352));
#7296=DIRECTION('',(-0.000717614064188108,0.707106599117154,-0.707106599117154));
#7297=DIRECTION('',(0.,0.707106781186548,0.707106781186548));
#7298=DIRECTION('',(0.,0.707106781186548,0.707106781186547));
#7299=DIRECTION('',(-0.999999485030188,7.66646510941655E-20,0.00101485928081352));
#7300=DIRECTION('',(0.0563837926155645,0.087339070145916,0.994581698381954));
#7301=DIRECTION('',(0.,-0.99616643122749,0.0874782332668381));
#7302=DIRECTION('',(-0.994133957021161,0.0969998643375992,0.0478403785095319));
#7303=DIRECTION('',(-0.0922959556412574,-0.99144486137381,0.0922959556412574));
#7304=DIRECTION('',(-0.0922959556412574,-0.99144486137381,0.0922959556412574));
#7305=DIRECTION('',(-0.994133957021161,0.0969998643375992,0.0478403785095319));
#7306=DIRECTION('',(-0.0971110571222173,-0.99527355163523,0.));
#7307=DIRECTION('',(-0.0922959556412574,-0.99144486137381,0.0922959556412573));
#7308=DIRECTION('',(-0.0563837926155645,-0.087339070145916,-0.994581698381954));
#7309=DIRECTION('',(-0.0922959556412574,-0.99144486137381,0.0922959556412574));
#7310=DIRECTION('',(0.663089500309997,-0.130347310609996,-0.737103719428534));
#7311=DIRECTION('',(-0.743446511276576,0.,-0.668795398362376));
#7312=DIRECTION('',(0.742828224524961,-0.00683121308458677,0.669447207311292));
#7313=DIRECTION('',(-0.0922959556412574,-0.99144486137381,0.0922959556412573));
#7314=DIRECTION('',(-0.0922959556412574,-0.99144486137381,0.0922959556412574));
#7315=DIRECTION('',(0.00101485928081352,0.,0.999999485030188));
#7316=DIRECTION('',(0.999999485030188,0.,-0.00101485928081352));
#7317=DIRECTION('',(0.,1.,0.));
#7318=DIRECTION('',(-0.999999485030188,0.,0.00101485928081352));
#7319=DIRECTION('',(-0.999999485030188,0.,0.00101485928081352));
#7320=DIRECTION('',(-0.984807753012208,0.,0.17364817766693));
#7321=DIRECTION('',(0.17364817766693,0.,0.984807753012208));
#7322=DIRECTION('',(0.,-1.,0.));
#7323=DIRECTION('',(-0.17364817766693,0.,-0.984807753012208));
#7324=DIRECTION('',(-0.17364817766693,0.,-0.984807753012208));
#7325=DIRECTION('',(0.,-1.,0.));
#7326=DIRECTION('',(0.,0.,-1.));
#7327=DIRECTION('',(-0.984983474330646,0.,0.1726486469554));
#7328=DIRECTION('',(0.,-1.,0.));
#7329=DIRECTION('',(0.1726486469554,0.,0.984983474330646));
#7330=DIRECTION('',(-0.17364817766693,0.,-0.984807753012208));
#7331=DIRECTION('',(0.984983474330646,0.,-0.172648646955399));
#7332=DIRECTION('',(-0.17364817766693,0.,-0.984807753012208));
#7333=DIRECTION('',(0.17364817766693,0.,0.984807753012208));
#7334=DIRECTION('',(-0.17364817766693,0.,-0.984807753012208));
#7335=DIRECTION('',(0.,-1.,0.));
#7336=DIRECTION('',(-0.1726486469554,0.,-0.984983474330646));
#7337=DIRECTION('',(0.0563837926155645,0.087339070145916,0.994581698381954));
#7338=DIRECTION('',(0.,-0.99616643122749,0.0874782332668381));
#7339=DIRECTION('',(0.0563837926155645,0.087339070145916,0.994581698381954));
#7340=DIRECTION('',(-0.806508819691976,0.59118961807469,-0.00619348365292455));
#7341=DIRECTION('',(-0.6999087420757,-0.706946165543884,0.101758890465701));
#7342=DIRECTION('',(-0.0922959556412574,-0.99144486137381,0.0922959556412574));
#7343=DIRECTION('',(0.0563837926155645,0.087339070145916,0.994581698381954));
#7344=DIRECTION('',(0.,-0.99616643122749,0.0874782332668381));
#7345=DIRECTION('',(-0.0922959556412574,-0.99144486137381,0.0922959556412574));
#7346=DIRECTION('',(-0.992050023696813,0.117154297067957,0.0459523792818893));
#7347=DIRECTION('',(0.0563837926155645,0.087339070145916,0.994581698381954));
#7348=DIRECTION('',(-0.119110105095601,0.989640504725958,-0.0801526934660697));
#7349=DIRECTION('',(0.0151817736412436,-0.996126258308607,0.086614036144266));
#7350=DIRECTION('',(0.,-1.,0.));
#7351=DIRECTION('',(0.,0.,-1.));
#7352=DIRECTION('',(-0.999999485030187,0.,0.00101485928081352));
#7353=DIRECTION('',(0.,-1.,0.));
#7354=DIRECTION('',(1.,0.,0.));
#7355=DIRECTION('',(0.,0.,-1.));
#7356=DIRECTION('',(0.,-1.,0.));
#7357=DIRECTION('',(-1.,0.,0.));
#7358=DIRECTION('',(-0.999999485030187,0.,0.00101485928081352));
#7359=DIRECTION('',(-0.999999485030187,0.,-0.00101485928081279));
#7360=DIRECTION('',(-0.999999485030187,0.,0.00101485928081352));
#7361=DIRECTION('',(0.,0.,1.));
#7362=DIRECTION('',(-0.994133957021161,0.0969998643375992,0.0478403785095319));
#7363=DIRECTION('',(-0.0971110571222173,-0.99527355163523,0.));
#7364=DIRECTION('',(-0.994133957021161,0.0969998643375992,0.0478403785095319));
#7365=DIRECTION('',(-0.0990758673796318,-0.994145319339751,-0.0431167779157735));
#7366=DIRECTION('',(-0.0526844958610539,-0.04800776554297,-0.997456564640004));
#7367=DIRECTION('',(-0.0922959556412574,-0.99144486137381,0.0922959556412573));
#7368=DIRECTION('',(-0.994133957021161,0.0969998643375992,0.0478403785095319));
#7369=DIRECTION('',(-0.0971110571222173,-0.99527355163523,0.));
#7370=DIRECTION('',(-0.0922959556412574,-0.99144486137381,0.0922959556412574));
#7371=DIRECTION('',(0.0971110571222173,0.99527355163523,8.68349192231868E-19));
#7372=DIRECTION('',(0.984807753012208,0.,-0.17364817766693));
#7373=DIRECTION('',(-0.17364817766693,0.,-0.984807753012208));
#7374=DIRECTION('',(0.,1.,0.));
#7375=DIRECTION('',(-0.17364817766693,-2.53745337661642E-17,-0.984807753012208));
#7376=DIRECTION('',(0.984807753012208,0.,-0.17364817766693));
#7377=DIRECTION('',(3.40804705525886E-18,-1.,1.93279953048912E-17));
#7378=DIRECTION('',(-0.17364817766693,0.,-0.984807753012208));
#7379=DIRECTION('',(-0.17364817766693,-2.53745337661642E-17,-0.984807753012208));
#7380=DIRECTION('',(0.,1.,0.));
#7381=DIRECTION('',(-0.17364817766693,0.,-0.984807753012208));
#7382=DIRECTION('',(0.984807753012208,0.,-0.17364817766693));
#7383=DIRECTION('',(0.17364817766693,0.,0.984807753012208));
#7384=DIRECTION('',(0.,1.,0.));
#7385=DIRECTION('',(0.984807753012208,0.,-0.17364817766693));
#7386=DIRECTION('',(-0.17364817766693,0.,-0.984807753012208));
#7387=DIRECTION('',(-0.17364817766693,0.,-0.984807753012208));
#7388=DIRECTION('',(0.,1.,0.));
#7389=DIRECTION('',(-0.17364817766693,0.,-0.984807753012208));
#7390=DIRECTION('',(0.984807753012208,0.,-0.17364817766693));
#7391=DIRECTION('',(3.40804705525886E-18,1.,1.93279953048912E-17));
#7392=DIRECTION('',(0.17364817766693,5.74837297917485E-18,0.984807753012208));
#7393=DIRECTION('',(-0.17364817766693,0.,-0.984807753012208));
#7394=DIRECTION('',(-0.100255839329864,0.816496510849203,-0.568579118901971));
#7395=DIRECTION('',(0.,1.,0.));
#7396=DIRECTION('',(0.17364817766693,1.55128324213538E-16,0.984807753012208));
#7397=DIRECTION('',(0.984807753012208,0.,-0.17364817766693));
#7398=DIRECTION('',(-0.17364817766693,0.,-0.984807753012208));
#7399=DIRECTION('',(0.17364817766693,1.67061272229964E-16,0.984807753012208));
#7400=DIRECTION('',(0.,-1.,0.));
#7401=DIRECTION('',(0.,0.,-1.));
#7402=DIRECTION('',(0.,1.,0.));
#7403=DIRECTION('',(0.,-1.,0.));
#7404=DIRECTION('',(0.,0.,-1.));
#7405=DIRECTION('',(-0.663089500309997,0.130347310609996,0.737103719428534));
#7406=DIRECTION('',(0.160570024296218,0.986567973183031,-0.0300150226893064));
#7407=DIRECTION('',(-0.663089500309992,0.130347310609999,0.737103719428539));
#7408=DIRECTION('',(0.74344651127658,0.,0.66879539836237));
#7409=DIRECTION('',(-0.663089500309997,0.130347310609996,0.737103719428535));
#7410=DIRECTION('',(-0.731115299987731,0.0984541157406273,-0.675112735191376));
#7411=DIRECTION('',(-0.663089500309997,0.130347310609996,0.737103719428535));
#7412=DIRECTION('',(0.743446511276576,0.,0.668795398362375));
#7413=DIRECTION('',(0.0922959556412573,0.99144486137381,-0.0922959556412574));
#7414=DIRECTION('',(-0.663089500309997,0.130347310609996,0.737103719428535));
#7415=DIRECTION('',(0.160570024296218,0.986567973183031,-0.0300150226893064));
#7416=DIRECTION('',(-0.0922959556412574,-0.99144486137381,0.0922959556412573));
#7417=DIRECTION('',(0.994133957021161,-0.0969998643375992,-0.047840378509532));
#7418=DIRECTION('',(0.0866884542922854,0.979125583992457,-0.183842874933584));
#7419=DIRECTION('',(0.994133957021161,-0.0969998643375984,-0.0478403785095331));
#7420=DIRECTION('',(0.0971110571222165,0.99527355163523,0.));
#7421=DIRECTION('',(0.994133957021161,-0.0969998643375992,-0.047840378509532));
#7422=DIRECTION('',(0.0646744724745575,0.178617236262121,0.981790759541064));
#7423=DIRECTION('',(0.994133957021161,-0.0969998643375992,-0.047840378509532));
#7424=DIRECTION('',(0.0971110571222173,0.99527355163523,0.));
#7425=DIRECTION('',(0.994133957021161,-0.0969998643375992,-0.047840378509532));
#7426=DIRECTION('',(0.0866884542922854,0.979125583992457,-0.183842874933584));
#7427=DIRECTION('',(-0.0922959556412574,-0.99144486137381,0.0922959556412573));
#7428=DIRECTION('',(0.0922959556412573,0.99144486137381,-0.0922959556412573));
#7429=DIRECTION('',(-0.995731618746872,0.0918986092470082,-0.00855505968410798));
#7430=DIRECTION('',(0.663089500309997,-0.130347310609996,-0.737103719428534));
#7431=DIRECTION('',(0.742828224524961,-0.00683121308458678,0.669447207311292));
#7432=DIRECTION('',(0.0563837926155645,0.087339070145916,0.994581698381954));
#7433=DIRECTION('',(-0.663089500309998,0.130347310609996,0.737103719428534));
#7434=DIRECTION('',(-0.994133957021161,0.0969998643375992,0.0478403785095319));
#7435=DIRECTION('',(-0.742828224524961,0.00683121308458678,-0.669447207311292));
#7436=DIRECTION('',(-0.0563837926155653,-0.087339070145916,-0.994581698381954));
#7437=DIRECTION('',(0.663089500309997,-0.130347310609996,-0.737103719428534));
#7438=DIRECTION('',(0.994133957021161,-0.0969998643375992,-0.0478403785095319));
#7439=DIRECTION('',(0.742828224524961,-0.00683121308458678,0.669447207311292));
#7440=DIRECTION('',(0.663089500309997,-0.130347310609996,-0.737103719428534));
#7441=DIRECTION('',(-0.0922959556412573,-0.99144486137381,0.0922959556412573));
#7442=DIRECTION('',(0.,-0.0926915987235715,-0.995694866676568));
#7443=DIRECTION('',(0.,-1.,0.));
#7444=DIRECTION('',(0.,0.,-1.));
#7445=DIRECTION('',(-0.662016490829826,0.142018497854645,0.735910940356558));
#7446=DIRECTION('',(-0.0949813178475238,-0.989864003925342,0.105583156766776));
#7447=DIRECTION('',(0.,-1.,0.));
#7448=DIRECTION('',(0.172648646955399,0.,0.984983474330646));
#7449=DIRECTION('',(0.,1.,0.));
#7450=DIRECTION('',(-0.984983474330646,0.,0.172648646955399));
#7451=DIRECTION('',(0.,-1.,0.));
#7452=DIRECTION('',(-0.696488494055885,-0.707106781186548,0.122081029024845));
#7453=DIRECTION('',(-0.984983474330646,0.,0.172648646955399));
#7454=DIRECTION('',(-0.696488494055885,0.707106781186548,0.122081029024845));
#7455=DIRECTION('',(0.,1.,0.));
#7456=DIRECTION('',(0.696488494055885,0.707106781186548,-0.122081029024845));
#7457=DIRECTION('',(0.984983474330646,0.,-0.172648646955399));
#7458=DIRECTION('',(0.696488494055885,-0.707106781186548,-0.122081029024845));
#7459=DIRECTION('',(0.,-1.,0.));
#7460=DIRECTION('',(0.984983474330646,1.69543682587091E-19,-0.172648646955399));
#7461=DIRECTION('',(-0.172648646955399,0.,-0.984983474330646));
#7462=DIRECTION('',(-0.984983474330646,0.,0.172648646955399));
#7463=DIRECTION('',(-0.000717614064188108,-0.707106599117154,-0.707106599117154));
#7464=DIRECTION('',(0.,0.707106781186548,-0.707106781186548));
#7465=DIRECTION('',(0.,-0.707106781186548,0.707106781186548));
#7466=DIRECTION('',(-0.999999485030187,7.66646510941655E-20,0.00101485928081352));
#7467=DIRECTION('',(-0.999999485030187,4.49090849397806E-20,0.00101485928081352));
#7468=DIRECTION('',(0.696488494055885,-0.707106781186548,-0.122081029024845));
#7469=DIRECTION('',(0.,-0.707106781186548,-0.707106781186548));
#7470=DIRECTION('',(0.,-1.,0.));
#7471=DIRECTION('',(0.,0.,-1.));
#7472=DIRECTION('',(-0.662016490829826,0.142018497854645,0.735910940356558));
#7473=DIRECTION('',(-0.0949813178475238,-0.989864003925342,0.105583156766776));
#7474=DIRECTION('',(0.642372373668598,-0.757976377343104,-0.113267581139514));
#7475=DIRECTION('',(-0.746461013007596,-0.652282002963308,0.131621216640211));
#7476=DIRECTION('',(0.642372373668598,0.757976377343104,-0.113267581139514));
#7477=DIRECTION('',(0.746461013007596,-0.652282002963308,-0.131621216640211));
#7478=DIRECTION('',(-0.994615418521267,0.0919198022151599,0.0478635477215289));
#7479=DIRECTION('',(-0.0918135531834484,-0.995766413352412,0.00441831315144161));
#7480=DIRECTION('',(0.0922959556412573,0.99144486137381,-0.0922959556412573));
#7481=DIRECTION('',(0.701057384649978,-0.130526192220052,-0.701057384649978));
#7482=DIRECTION('',(0.696364419623323,-0.707106599117154,-0.122787835584983));
#7483=DIRECTION('',(0.712498112559344,0.701674026595949,0.));
#7484=DIRECTION('',(-0.17364817766693,-4.06471246776127E-18,-0.984807753012208));
#7485=DIRECTION('',(0.696488494055885,0.707106781186548,-0.122081029024845));
#7486=DIRECTION('',(1.,0.,0.));
#7487=DIRECTION('',(0.,1.,0.));
#7488=DIRECTION('',(0.,0.,1.));
#7489=DIRECTION('',(0.,1.,0.));
#7490=DIRECTION('',(0.,0.707106781186548,0.707106781186547));
#7491=DIRECTION('',(0.,0.,1.));
#7492=DIRECTION('',(0.,-0.707106781186547,0.707106781186548));
#7493=DIRECTION('',(0.,-1.,0.));
#7494=DIRECTION('',(0.,-0.707106781186548,-0.707106781186548));
#7495=DIRECTION('',(0.,0.,-1.));
#7496=DIRECTION('',(0.,0.707106781186548,-0.707106781186548));
#7497=DIRECTION('',(0.,1.,0.));
#7498=DIRECTION('',(0.,0.,-1.));
#7499=DIRECTION('',(1.,0.,0.));
#7500=DIRECTION('',(0.,0.,-1.));
#7501=DIRECTION('',(0.000717614064187591,0.,0.999999742514994));
#7502=DIRECTION('',(0.,-1.,0.));
#7503=DIRECTION('',(0.000717614064188296,0.,0.999999742514994));
#7504=DIRECTION('',(0.999999742514994,0.,-0.000717614064188296));
#7505=DIRECTION('',(0.000717614064187591,-5.55111512312578E-17,0.999999742514994));
#7506=DIRECTION('',(-0.241258428200151,-0.970460890942148,0.000173130485758566));
#7507=DIRECTION('',(-0.999999698337572,0.000297245464805365,0.000717614032485243));
#7508=DIRECTION('',(0.999999698337572,0.000297245464805365,-0.000717614032485243));
#7509=DIRECTION('',(0.000717614064187591,-5.55111512312578E-17,0.999999742514994));
#7510=DIRECTION('',(0.999999742514994,0.,-0.000717614064187591));
#7511=DIRECTION('',(0.000717614064187591,0.707106599117154,-0.707106599117154));
#7512=DIRECTION('',(0.,0.707106781186548,0.707106781186548));
#7513=DIRECTION('',(0.000717614064188291,0.707106599117155,-0.707106599117154));
#7514=DIRECTION('',(0.,0.707106781186547,0.707106781186548));
#7515=DIRECTION('',(0.000717614064187591,0.707106599117154,-0.707106599117154));
#7516=DIRECTION('',(-0.241258428200151,0.686341898602042,0.686097055121022));
#7517=DIRECTION('',(-0.999997425158893,0.00202971438066515,0.00101485719033294));
#7518=DIRECTION('',(0.000717614064187591,0.707106599117154,-0.707106599117154));
#7519=DIRECTION('',(0.,0.707106781186548,0.707106781186548));
#7520=DIRECTION('',(-0.999997425158893,0.00202971438066515,0.00101485719033294));
#7521=DIRECTION('',(-0.985107115809388,-1.09287578986539E-16,0.171941764506789));
#7522=DIRECTION('',(0.0211508774269097,-0.992405199822584,0.12117986527955));
#7523=DIRECTION('',(-0.985107115809388,-1.09267250195805E-16,0.171941764506788));
#7524=DIRECTION('',(0.171941764506788,0.,0.985107115809389));
#7525=DIRECTION('',(0.985107115809388,2.23779328401008E-16,-0.171941764506789));
#7526=DIRECTION('',(-0.0211508774269098,0.992405199822584,-0.12117986527955));
#7527=DIRECTION('',(-0.985107115809389,-1.66533453693773E-16,0.171941764506789));
#7528=DIRECTION('',(0.0211508774269098,-0.992405199822584,0.12117986527955));
#7529=DIRECTION('',(-0.696364419623323,-0.707106599117154,0.122787835584983));
#7530=DIRECTION('',(0.696787423419736,-0.707104840903515,-0.120374542719385));
#7531=DIRECTION('',(-0.696364419623323,0.707106599117154,0.122787835584983));
#7532=DIRECTION('',(0.696787423419736,0.707104840903515,-0.120374542719385));
#7533=DIRECTION('',(-0.985107115809389,-1.66533453693773E-16,0.171941764506789));
#7534=DIRECTION('',(0.0414824105279671,-0.970460890942148,0.237665455564248));
#7535=DIRECTION('',(-0.985107115809389,-1.66533453693773E-16,0.171941764506789));
#7536=DIRECTION('',(0.171941764506789,0.,0.985107115809388));
#7537=DIRECTION('',(0.696364419623323,0.707106599117154,-0.122787835584983));
#7538=DIRECTION('',(-0.669899493675978,0.70179886636273,0.242307696007896));
#7539=DIRECTION('',(0.696364419623324,0.707106599117154,-0.122787835584983));
#7540=DIRECTION('',(-0.712498112559344,0.701674026595949,0.));
#7541=DIRECTION('',(0.696364419623323,0.707106599117154,-0.122787835584983));
#7542=DIRECTION('',(-0.634141319885786,0.686341898602042,0.356089293066863));
#7543=DIRECTION('',(0.696364419623323,0.707106599117154,-0.122787835584983));
#7544=DIRECTION('',(-0.669899493675978,0.70179886636273,0.242307696007896));
#7545=DIRECTION('',(0.696364419623323,0.707106599117154,-0.122787835584983));
#7546=DIRECTION('',(-0.712498112559344,0.701674026595949,0.));
#7547=DIRECTION('',(-0.984807753012208,0.,0.17364817766693));
#7548=DIRECTION('',(0.17364817766693,0.,0.984807753012208));
#7549=DIRECTION('',(-0.17364817766693,0.,-0.984807753012208));
#7550=DIRECTION('',(0.,-1.,0.));
#7551=DIRECTION('',(-0.17364817766693,0.,-0.984807753012208));
#7552=DIRECTION('',(-0.696364419623323,-0.707106599117154,0.122787835584983));
#7553=DIRECTION('',(0.712498112559344,-0.701674026595949,0.));
#7554=DIRECTION('',(0.696488494055885,-0.707106781186548,-0.122081029024845));
#7555=DIRECTION('',(-0.17364817766693,4.06471246776127E-18,-0.984807753012208));
#7556=DIRECTION('',(-0.696364419623323,-0.707106599117154,0.122787835584983));
#7557=DIRECTION('',(0.696364061016669,-0.707106963255894,-0.122787772352954));
#7558=DIRECTION('',(-0.17364817766693,1.38777827543743E-17,-0.984807753012208));
#7559=DIRECTION('',(-0.17364817766693,1.38777827543743E-17,-0.984807753012208));
#7560=DIRECTION('',(0.696364419623323,0.707106599117154,-0.122787835584983));
#7561=DIRECTION('',(-0.712498112559344,0.701674026595949,0.));
#7562=DIRECTION('',(0.696364419623323,0.707106599117154,-0.122787835584983));
#7563=DIRECTION('',(-0.712498112559344,0.701674026595949,0.));
#7564=DIRECTION('',(-0.17364817766693,-1.38777878078145E-17,-0.984807753012208));
#7565=DIRECTION('',(-0.696488494055885,0.707106781186548,0.122081029024845));
#7566=DIRECTION('',(-0.17364817766693,1.38777928612546E-17,-0.984807753012208));
#7567=DIRECTION('',(-0.696364419623323,0.707106599117154,0.122787835584983));
#7568=DIRECTION('',(-0.712498112559344,-0.701674026595949,0.));
#7569=DIRECTION('',(-0.696488494055885,-0.707106781186547,0.122081029024845));
#7570=DIRECTION('',(-0.17364817766693,-5.05344016393627E-24,-0.984807753012208));
#7571=DIRECTION('',(-0.696488494055886,-0.707106781186547,0.122081029024845));
#7572=DIRECTION('',(-0.17364817766693,-5.05344016393627E-24,-0.984807753012208));
#7573=DIRECTION('',(-0.17364817766693,-5.05344016393627E-24,-0.984807753012208));
#7574=DIRECTION('',(-0.696364419623323,0.707106599117154,0.122787835584983));
#7575=DIRECTION('',(-0.696364061016669,-0.707106963255894,0.122787772352954));
#7576=DIRECTION('',(0.,-1.,0.));
#7577=DIRECTION('',(0.,0.,-1.));
#7578=DIRECTION('',(0.,1.,0.));
#7579=DIRECTION('',(0.000878530738951689,0.500619323415323,0.86566709606345));
#7580=DIRECTION('',(0.000508058166522598,-0.865667541856101,0.500619065611484));
#7581=DIRECTION('',(0.,-1.,0.));
#7582=DIRECTION('',(0.,0.,-1.));
#7583=DIRECTION('',(0.,-0.707106781186547,0.707106781186548));
#7584=DIRECTION('',(0.00101485928081352,0.,0.999999485030188));
#7585=DIRECTION('',(0.999999485030188,0.,-0.00101485928081352));
#7586=DIRECTION('',(-0.999999485030188,0.,0.00101485928081352));
#7587=DIRECTION('',(-0.999999485030188,0.,0.00101485928081352));
#7588=DIRECTION('',(0.000717614064188108,-0.707106599117154,0.707106599117154));
#7589=DIRECTION('',(0.,-0.707106781186548,-0.707106781186548));
#7590=DIRECTION('',(-0.999999485030187,-7.66646510941655E-20,0.00101485928081352));
#7591=DIRECTION('',(0.,0.707106781186548,0.707106781186548));
#7592=DIRECTION('',(-0.999999485030187,-4.49090849397806E-20,0.00101485928081352));
#7593=DIRECTION('',(-0.999999485030187,-4.49090849397806E-20,0.00101485928081352));
#7594=DIRECTION('',(-0.00101485928081352,0.,-0.999999485030188));
#7595=DIRECTION('',(-0.999999485030188,0.,0.00101485928081352));
#7596=DIRECTION('',(-0.999999485030188,0.,0.00101485928081352));
#7597=DIRECTION('',(0.,-1.,0.));
#7598=DIRECTION('',(0.999999485030188,0.,-0.00101485928081352));
#7599=DIRECTION('',(-0.00101485928081352,0.,-0.999999485030188));
#7600=DIRECTION('',(-0.999999485030188,0.,0.00101485928081352));
#7601=DIRECTION('',(0.999999485030188,0.,-0.00101485928081352));
#7602=DIRECTION('',(0.,-1.,0.));
#7603=DIRECTION('',(-0.999999485030188,0.,0.00101485928081352));
#7604=DIRECTION('',(0.999997425158893,0.00202971438066515,-0.00101485719033294));
#7605=DIRECTION('',(-0.999999485030188,0.,0.00101485928081352));
#7606=DIRECTION('',(0.999999485030187,0.,-0.00101485928081364));
#7607=DIRECTION('',(-0.00101485928081352,0.,-0.999999485030188));
#7608=DIRECTION('',(-0.999999485030188,0.,0.00101485928081352));
#7609=DIRECTION('',(0.,1.,0.));
#7610=DIRECTION('',(-0.00101485928081352,0.,-0.999999485030188));
#7611=DIRECTION('',(0.999999485030188,0.,-0.00101485928081352));
#7612=DIRECTION('',(0.999999485030187,0.,-0.00101485928081364));
#7613=DIRECTION('',(-0.000717614064188108,0.707106599117154,-0.707106599117154));
#7614=DIRECTION('',(0.,0.707106781186548,0.707106781186548));
#7615=DIRECTION('',(5.42100946659851E-20,-0.707106781186548,-0.707106781186547));
#7616=DIRECTION('',(-0.999999485030188,7.66646510941655E-20,0.00101485928081352));
#7617=DIRECTION('',(-0.999999485030188,7.66646510941655E-20,0.00101485928081352));
#7618=DIRECTION('',(0.000717614064188108,0.707106599117154,0.707106599117154));
#7619=DIRECTION('',(0.,-0.707106781186547,0.707106781186548));
#7620=DIRECTION('',(-0.999999485030187,-1.0842021724855E-19,0.00101485928081352));
#7621=DIRECTION('',(-5.42101086242752E-20,0.707106781186547,-0.707106781186548));
#7622=DIRECTION('',(-0.999999485030187,7.66646510941655E-20,0.00101485928081352));
#7623=DIRECTION('',(-0.999999485030187,-1.0842021724855E-19,0.00101485928081352));
#7624=DIRECTION('',(-2.90098854814522E-17,1.,-1.64523236120152E-16));
#7625=DIRECTION('',(0.,1.64523236120152E-16,1.));
#7626=DIRECTION('',(0.818860889107027,1.18190086010642E-16,0.57399202458819));
#7627=DIRECTION('',(0.984807753012208,0.,-0.17364817766693));
#7628=DIRECTION('',(-0.172648646955399,0.,-0.984983474330646));
#7629=DIRECTION('',(0.984807753012208,0.,-0.17364817766693));
#7630=DIRECTION('',(-0.17364817766693,0.,-0.984807753012208));
#7631=DIRECTION('',(0.984807753012208,0.,-0.17364817766693));
#7632=DIRECTION('',(-2.69377508042056E-17,1.,-1.52771576397284E-16));
#7633=DIRECTION('',(0.,1.52771576397284E-16,1.));
#7634=DIRECTION('',(-0.818860889107027,-1.09747937009882E-16,-0.57399202458819));
#7635=DIRECTION('',(-0.172648646955399,0.,-0.984983474330646));
#7636=DIRECTION('',(0.696364419623323,-0.707106599117154,-0.122787835584983));
#7637=DIRECTION('',(0.717688369059073,0.686097055121022,0.119139564677692));
#7638=DIRECTION('',(0.696364419623323,-0.707106599117154,-0.122787835584983));
#7639=DIRECTION('',(0.712498112559344,0.701674026595949,0.));
#7640=DIRECTION('',(0.696364419623323,-0.707106599117154,-0.122787835584983));
#7641=DIRECTION('',(0.712498112559344,0.701674026595949,0.));
#7642=DIRECTION('',(0.696364419623323,-0.707106599117154,-0.122787835584983));
#7643=DIRECTION('',(0.712498112559344,0.701674026595949,0.));
#7644=DIRECTION('',(0.696364419623323,-0.707106599117154,-0.122787835584983));
#7645=DIRECTION('',(0.712498112559344,0.701674026595949,0.));
#7646=DIRECTION('',(0.000717614064187591,-0.707106599117154,-0.707106599117154));
#7647=DIRECTION('',(-0.241258428200151,0.686097055121022,-0.686341898602042));
#7648=DIRECTION('',(0.000717614064187591,-0.707106599117154,-0.707106599117154));
#7649=DIRECTION('',(0.,0.707106781186548,-0.707106781186548));
#7650=DIRECTION('',(0.000717614064187591,-0.707106599117154,-0.707106599117154));
#7651=DIRECTION('',(0.,0.707106781186548,-0.707106781186548));
#7652=DIRECTION('',(0.000717614064188292,-0.707106599117154,-0.707106599117154));
#7653=DIRECTION('',(0.,0.707106781186548,-0.707106781186548));
#7654=DIRECTION('',(-0.00101485928081352,0.,-0.999999485030187));
#7655=DIRECTION('',(-0.999999485030188,0.,0.00101485928081352));
#7656=DIRECTION('',(-0.00101485928081352,0.,-0.999999485030187));
#7657=DIRECTION('',(-0.00101485928081352,0.,-0.999999485030187));
#7658=DIRECTION('',(0.,1.,0.));
#7659=DIRECTION('',(0.,0.,1.));
#7660=DIRECTION('',(-0.70746549713778,0.,-0.70674788316598));
#7661=DIRECTION('',(1.,0.,0.));
#7662=DIRECTION('',(0.,1.,0.));
#7663=DIRECTION('',(0.,0.,1.));
#7664=DIRECTION('',(0.70746549713778,0.,0.70674788316598));
#7665=DIRECTION('',(1.,0.,0.));
#7666=DIRECTION('',(0.742828224524961,-0.00683121308458679,0.669447207311292));
#7667=DIRECTION('',(0.669462827893024,0.,-0.742845557346529));
#7668=DIRECTION('',(-0.00149732271376218,-0.999962391792181,-0.00854242506271507));
#7669=DIRECTION('',(0.742828224524961,-0.00683121308458679,0.669447207311292));
#7670=DIRECTION('',(-0.375537733318094,-0.832066606308906,0.408211432372844));
#7671=DIRECTION('',(-0.0922959556412574,-0.99144486137381,0.0922959556412574));
#7672=DIRECTION('',(0.0922959556412574,0.99144486137381,-0.0922959556412573));
#7673=DIRECTION('',(-0.0922959556412574,-0.99144486137381,0.0922959556412574));
#7674=DIRECTION('',(-0.663089500309997,0.130347310609996,0.737103719428534));
#7675=DIRECTION('',(-0.0922959556412574,-0.99144486137381,0.0922959556412574));
#7676=DIRECTION('',(0.994133957021161,-0.0969998643375993,-0.0478403785095327));
#7677=DIRECTION('',(0.0971110571222173,0.99527355163523,0.));
#7678=DIRECTION('',(-0.0922959556412574,-0.99144486137381,0.0922959556412574));
#7679=DIRECTION('',(-0.0922959556412574,-0.99144486137381,0.0922959556412574));
#7680=DIRECTION('',(0.0563837926155653,0.087339070145916,0.994581698381954));
#7681=DIRECTION('',(-0.0922959556412574,-0.99144486137381,0.0922959556412574));
#7682=DIRECTION('',(0.663089500309997,-0.130347310609996,-0.737103719428534));
#7683=DIRECTION('',(-0.743446511276576,0.,-0.668795398362376));
#7684=DIRECTION('',(-0.0922959556412574,-0.99144486137381,0.0922959556412573));
#7685=DIRECTION('',(0.663089500309997,-0.130347310609996,-0.737103719428534));
#7686=DIRECTION('',(-0.0871756815248768,-0.991468395167865,0.0969062533272859));
#7687=DIRECTION('',(0.663089500309997,-0.130347310609996,-0.737103719428534));
#7688=DIRECTION('',(-0.0871756815248768,-0.991468395167865,0.0969062533272859));
#7689=DIRECTION('',(-0.0922959556412574,-0.99144486137381,0.0922959556412574));
#7690=DIRECTION('',(0.663089500309997,-0.130347310609996,-0.737103719428534));
#7691=DIRECTION('',(-0.743446511276576,0.,-0.668795398362376));
#7692=DIRECTION('',(-0.0563837926155646,-0.087339070145916,-0.994581698381954));
#7693=DIRECTION('',(0.,0.996166431227489,-0.0874782332668381));
#7694=DIRECTION('',(-0.0922959556412574,-0.99144486137381,0.0922959556412574));
#7695=DIRECTION('',(-0.0922959556412574,-0.99144486137381,0.0922959556412574));
#7696=DIRECTION('',(0.994133957021161,-0.0969998643375992,-0.047840378509532));
#7697=DIRECTION('',(-0.0922959556412573,-0.99144486137381,0.0922959556412573));
#7698=DIRECTION('',(-0.74282822452496,0.00683121308458675,-0.669447207311292));
#7699=DIRECTION('',(-0.669462827893024,0.,0.742845557346529));
#7700=DIRECTION('',(0.00919583292320449,0.999957717434517,1.59032470602521E-18));
#7701=DIRECTION('',(-0.0922959556412574,-0.99144486137381,0.0922959556412574));
#7702=DIRECTION('',(0.663089500309998,-0.130347310609996,-0.737103719428534));
#7703=DIRECTION('',(-0.0922959556412574,-0.99144486137381,0.0922959556412574));
#7704=DIRECTION('',(-0.0922959556412574,-0.99144486137381,0.0922959556412574));
#7705=DIRECTION('',(0.0922959556412573,0.99144486137381,-0.0922959556412573));
#7706=DIRECTION('',(-0.995731618746872,0.0918986092470082,-0.00855505968410798));
#7707=DIRECTION('',(1.,0.,0.));
#7708=DIRECTION('',(0.,0.,-1.));
#7709=DIRECTION('',(1.,0.,0.));
#7710=DIRECTION('',(0.,0.,-1.));
#7711=DIRECTION('',(1.,0.,0.));
#7712=DIRECTION('',(0.,1.,0.));
#7713=DIRECTION('',(-0.172648646955399,0.,-0.984983474330646));
#7714=DIRECTION('',(-0.984983474330646,0.,0.172648646955399));
#7715=DIRECTION('',(-0.172648646955399,0.,-0.984983474330646));
#7716=DIRECTION('',(-0.984983474330646,0.,0.172648646955399));
#7717=DIRECTION('',(-0.172648646955399,0.,-0.984983474330646));
#7718=DIRECTION('',(0.984983474330646,0.,-0.172648646955399));
#7719=DIRECTION('',(0.663089500309997,-0.130347310609996,-0.737103719428534));
#7720=DIRECTION('',(-0.743446511276576,0.,-0.668795398362376));
#7721=DIRECTION('',(0.663089500309997,-0.130347310609996,-0.737103719428534));
#7722=DIRECTION('',(0.663089500309997,-0.130347310609996,-0.737103719428534));
#7723=DIRECTION('',(-0.74282822452496,0.00683121308458679,-0.669447207311292));
#7724=DIRECTION('',(-0.669462827893024,0.,0.742845557346529));
#7725=DIRECTION('',(0.534138178312824,0.608887917408221,-0.586474134555768));
#7726=DIRECTION('',(-0.0922959556412574,-0.99144486137381,0.0922959556412574));
#7727=DIRECTION('',(0.74282822452496,-0.00683121308458676,0.669447207311292));
#7728=DIRECTION('',(0.669462827893024,0.,-0.742845557346529));
#7729=DIRECTION('',(-0.534138178312823,-0.608887917408223,0.586474134555767));
#7730=DIRECTION('',(-0.0922959556412574,-0.99144486137381,0.0922959556412574));
#7731=DIRECTION('',(-0.0922959556412574,-0.99144486137381,0.0922959556412574));
#7732=DIRECTION('',(0.,-0.0926915987235715,-0.995694866676568));
#7733=DIRECTION('',(-0.0922959556412573,-0.99144486137381,0.0922959556412573));
#7734=DIRECTION('',(0.,-0.0926915987235715,-0.995694866676568));
#7735=DIRECTION('',(-0.0922959556412573,-0.99144486137381,0.0922959556412573));
#7736=DIRECTION('',(0.995731618746872,-0.0918986092470082,0.00855505968410798));
#7737=DIRECTION('',(-0.0563837926155645,-0.087339070145916,-0.994581698381954));
#7738=DIRECTION('',(0.99840916859286,-0.00493235456289337,-0.0561676414689178));
#7739=DIRECTION('',(-0.0563837926155645,-0.087339070145916,-0.994581698381954));
#7740=DIRECTION('',(0.,0.99616643122749,-0.0874782332668381));
#7741=DIRECTION('',(-0.0563837926155645,-0.087339070145916,-0.994581698381954));
#7742=DIRECTION('',(0.,0.99616643122749,-0.0874782332668381));
#7743=DIRECTION('',(-0.0563837926155645,-0.087339070145916,-0.994581698381954));
#7744=DIRECTION('',(0.,0.996166431227489,-0.0874782332668381));
#7745=DIRECTION('',(-0.0563837926155634,-0.0873390701459153,-0.994581698381954));
#7746=DIRECTION('',(0.,0.99616643122749,-0.0874782332668374));
#7747=DIRECTION('',(0.641942593308594,0.,-0.76675270256859));
#7748=DIRECTION('',(-0.76675270256859,0.,-0.641942593308594));
#7749=DIRECTION('',(-0.76675270256859,0.,-0.641942593308594));
#7750=DIRECTION('',(-0.76675270256859,0.,-0.641942593308594));
#7751=DIRECTION('',(0.,-1.,0.));
#7752=DIRECTION('',(1.,0.,0.));
#7753=DIRECTION('',(-0.76675270256859,0.,-0.641942593308594));
#7754=DIRECTION('',(0.,-1.,0.));
#7755=DIRECTION('',(1.,0.,0.));
#7756=DIRECTION('',(-0.76675270256859,0.,-0.641942593308594));
#7757=DIRECTION('',(0.,0.,-1.));
#7758=DIRECTION('',(-1.,0.,0.));
#7759=DIRECTION('',(-0.739152081348477,-0.673538566555928,0.));
#7760=DIRECTION('',(0.0971110571222173,0.99527355163523,0.));
#7761=DIRECTION('',(0.,0.,-1.));
#7762=DIRECTION('',(-1.,0.,0.));
#7763=DIRECTION('',(0.,0.,-1.));
#7764=DIRECTION('',(-1.,0.,0.));
#7765=DIRECTION('',(0.00919583292320449,0.999957717434517,0.));
#7766=DIRECTION('',(0.,0.,-1.));
#7767=DIRECTION('',(-0.0926915987235715,-0.995694866676568,0.));
#7768=DIRECTION('',(-0.739152081348477,-0.673538566555928,0.));
#7769=DIRECTION('',(0.,0.,-1.));
#7770=DIRECTION('',(-1.,0.,0.));
#7771=DIRECTION('',(0.673538566555928,-0.739152081348477,0.));
#7772=DIRECTION('',(-0.739152081348477,-0.673538566555928,0.));
#7773=DIRECTION('',(-0.739152081348477,-0.673538566555928,0.));
#7774=DIRECTION('',(0.673538566555928,-0.739152081348477,0.));
#7775=DIRECTION('',(-0.733407858579087,-0.668304250550195,0.1244280582143));
#7776=DIRECTION('',(-0.0526844958610539,-0.04800776554297,-0.997456564640004));
#7777=DIRECTION('',(-0.739152081348477,-0.673538566555928,0.));
#7778=DIRECTION('',(0.,0.,-1.));
#7779=DIRECTION('',(0.984983474330646,-1.28582243639687E-17,-0.172648646955399));
#7780=DIRECTION('',(-0.172648646955399,0.,-0.984983474330646));
#7781=DIRECTION('',(-0.126444974321264,0.68089264884303,-0.721385381900977));
#7782=DIRECTION('',(-0.00149732271376218,-0.999962391792181,-0.00854242506271507));
#7783=DIRECTION('',(0.984983474330646,-1.28582243639687E-17,-0.172648646955399));
#7784=DIRECTION('',(-0.172648646955399,-1.30492950505441E-20,-0.984983474330646));
#7785=DIRECTION('',(0.984983474330646,-1.28582243639687E-17,-0.172648646955399));
#7786=DIRECTION('',(-0.172648646955399,0.,-0.984983474330646));
#7787=DIRECTION('',(0.984983474330646,-1.28582243639687E-17,-0.172648646955399));
#7788=DIRECTION('',(-0.172648646955399,-1.30492950505441E-20,-0.984983474330646));
#7789=DIRECTION('',(0.0151817736412436,-0.996126258308607,0.086614036144266));
#7790=DIRECTION('',(-0.126444974321264,0.68089264884303,-0.721385381900977));
#7791=DIRECTION('',(-0.117555194544627,-0.73238323352704,-0.670668006903604));
#7792=DIRECTION('',(-0.126444974321264,0.68089264884303,-0.721385381900977));
#7793=DIRECTION('',(-0.126444974321264,0.68089264884303,-0.721385381900977));
#7794=DIRECTION('',(-0.992050023696813,0.117154297067957,0.0459523792818893));
#7795=DIRECTION('',(-0.117555194544627,-0.73238323352704,-0.670668006903604));
#7796=DIRECTION('',(-0.0175373200255639,-0.673714292253185,0.738783794367548));
#7797=DIRECTION('',(-0.126444974321264,0.68089264884303,-0.721385381900977));
#7798=DIRECTION('',(-0.984983474330646,1.01638591088893E-17,0.172648646955399));
#7799=DIRECTION('',(-0.403611986092774,0.793226851891734,0.455947942335719));
#7800=DIRECTION('',(-0.742828224524961,0.00683121308458679,-0.669447207311292));
#7801=DIRECTION('',(0.303805717527589,0.586259521495844,-0.751000572205515));
#7802=DIRECTION('',(-0.403611986092774,0.793226851891734,0.455947942335719));
#7803=DIRECTION('',(-0.534138178312823,-0.608887917408223,0.586474134555768));
#7804=DIRECTION('',(0.105132458217507,0.762815433412681,0.638012367259889));
#7805=DIRECTION('',(-0.994133957021161,0.0969998643375992,0.0478403785095319));
#7806=DIRECTION('',(-0.255065848770998,0.640789864947285,-0.724106181282532));
#7807=DIRECTION('',(0.105132458217507,0.762815433412681,0.638012367259889));
#7808=DIRECTION('',(-0.0253937340025446,-0.639299335887275,0.768538559479937));
#7809=DIRECTION('',(0.105132458217507,0.762815433412681,0.638012367259889));
#7810=DIRECTION('',(-0.0253937340025446,-0.639299335887275,0.768538559479937));
#7811=DIRECTION('',(0.59052197092839,0.696226987554135,0.408107563826187));
#7812=DIRECTION('',(-0.663089500309997,0.130347310609996,0.737103719428534));
#7813=DIRECTION('',(-0.627834392705268,0.714067118107109,-0.309729117414904));
#7814=DIRECTION('',(0.59052197092839,0.696226987554135,0.408107563826187));
#7815=DIRECTION('',(0.459995778708336,-0.705887781745821,0.538633756046236));
#7816=DIRECTION('',(0.59052197092839,0.696226987554135,0.408107563826187));
#7817=DIRECTION('',(0.459995778708336,-0.705887781745821,0.538633756046236));
#7818=DIRECTION('',(0.768221958527508,0.632468122802683,-0.0990913521686475));
#7819=DIRECTION('',(0.0563837926155653,0.087339070145916,0.994581698381954));
#7820=DIRECTION('',(-0.596137156864599,0.763166459887737,0.24939415532007));
#7821=DIRECTION('',(0.768221958527508,0.632468122802683,-0.0990913521686475));
#7822=DIRECTION('',(0.63769576630745,-0.769646646497272,0.0314348400514046));
#7823=DIRECTION('',(0.768221958527508,0.632468122802683,-0.0990913521686475));
#7824=DIRECTION('',(0.63769576630745,-0.769646646497272,0.0314348400514046));
#7825=DIRECTION('',(0.534138178312824,0.60888791740822,-0.586474134555769));
#7826=DIRECTION('',(0.742828224524961,-0.00683121308458678,0.669447207311292));
#7827=DIRECTION('',(-0.178541952114723,0.759326161777668,0.625736806792647));
#7828=DIRECTION('',(0.534138178312824,0.60888791740822,-0.586474134555769));
#7829=DIRECTION('',(0.403611986092772,-0.793226851891736,-0.455947942335717));
#7830=DIRECTION('',(0.534138178312824,0.60888791740822,-0.586474134555769));
#7831=DIRECTION('',(0.403611986092772,-0.793226851891736,-0.455947942335717));
#7832=DIRECTION('',(-0.403611986092773,0.793226851891735,0.455947942335717));
#7833=DIRECTION('',(-0.742828224524961,0.00683121308458679,-0.669447207311292));
#7834=DIRECTION('',(-0.403611986092773,0.793226851891735,0.455947942335717));
#7835=DIRECTION('',(-0.534138178312824,-0.608887917408221,0.586474134555768));
#7836=DIRECTION('',(0.721400922277474,0.582419223385774,-0.374657920732929));
#7837=DIRECTION('',(0.025393734002544,0.639299335887272,-0.76853855947994));
#7838=DIRECTION('',(0.994133957021161,-0.0969998643375992,-0.047840378509532));
#7839=DIRECTION('',(0.380329614183871,0.704795818326225,0.598842415869663));
#7840=DIRECTION('',(0.025393734002544,0.639299335887272,-0.76853855947994));
#7841=DIRECTION('',(-0.105132458217508,-0.762815433412683,-0.638012367259886));
#7842=DIRECTION('',(0.025393734002544,0.639299335887272,-0.76853855947994));
#7843=DIRECTION('',(-0.105132458217508,-0.762815433412683,-0.638012367259886));
#7844=DIRECTION('',(-0.637695766307452,0.76964664649727,-0.0314348400514047));
#7845=DIRECTION('',(-0.0563837926155645,-0.087339070145916,-0.994581698381954));
#7846=DIRECTION('',(-0.637695766307452,0.76964664649727,-0.0314348400514047));
#7847=DIRECTION('',(-0.768221958527505,-0.632468122802686,0.099091352168647));
#7848=DIRECTION('',(-0.75309815811814,-0.631518565166401,-0.184465352002035));
#7849=DIRECTION('',(-0.637695766307452,0.76964664649727,-0.0314348400514047));
#7850=DIRECTION('',(-0.768221958527505,-0.632468122802686,0.099091352168647));
#7851=DIRECTION('',(-0.459995778708336,0.705887781745821,-0.538633756046236));
#7852=DIRECTION('',(0.663089500309998,-0.130347310609996,-0.737103719428534));
#7853=DIRECTION('',(-0.459995778708336,0.705887781745821,-0.538633756046236));
#7854=DIRECTION('',(-0.590521970928389,-0.696226987554135,-0.408107563826186));
#7855=DIRECTION('',(-0.459995778708336,0.705887781745821,-0.538633756046236));
#7856=DIRECTION('',(-0.590521970928389,-0.696226987554135,-0.408107563826186));
#7857=DIRECTION('',(-0.70674788316598,0.,0.70746549713778));
#7858=DIRECTION('',(0.,-1.,0.));
#7859=DIRECTION('',(0.678915399641212,0.281215863833717,0.678226745313299));
#7860=DIRECTION('',(-0.70674788316598,0.,0.70746549713778));
#7861=DIRECTION('',(-0.70746549713778,0.,-0.70674788316598));
#7862=DIRECTION('',(-0.706853020767335,0.500179371341969,0.500179371341969));
#7863=DIRECTION('',(0.,-0.707106781186548,0.707106781186548));
#7864=DIRECTION('',(0.678729536336588,0.678729536336588,0.280450410961798));
#7865=DIRECTION('',(-0.706853020767335,0.500179371341969,0.500179371341969));
#7866=DIRECTION('',(-0.707360086040378,-0.500538178027444,-0.49910243539169));
#7867=DIRECTION('',(-0.706853020767335,0.500179371341969,0.500179371341969));
#7868=DIRECTION('',(-0.707360086040378,-0.500538178027444,-0.49910243539169));
#7869=DIRECTION('',(-0.707106781186548,0.707106781186548,0.));
#7870=DIRECTION('',(0.,0.,1.));
#7871=DIRECTION('',(-0.707106781186548,0.707106781186548,0.));
#7872=DIRECTION('',(-0.707106052909817,-0.707106052909817,0.00143522701972847));
#7873=DIRECTION('',(-0.678466812926705,-0.678466812926705,0.281718951286844));
#7874=DIRECTION('',(-0.707106781186548,0.707106781186548,0.));
#7875=DIRECTION('',(-0.707106052909817,-0.707106052909817,0.00143522701972847));
#7876=DIRECTION('',(-0.707360450571062,0.499820564286777,-0.499820564286777));
#7877=DIRECTION('',(0.,0.707106781186548,0.707106781186548));
#7878=DIRECTION('',(-0.707360450571062,0.499820564286777,-0.499820564286777));
#7879=DIRECTION('',(-0.706852657020583,-0.499461757600972,0.500896470298095));
#7880=DIRECTION('',(-0.678281129430308,-0.280953140605816,0.678969838978489));
#7881=DIRECTION('',(-0.707360450571062,0.499820564286777,-0.499820564286777));
#7882=DIRECTION('',(-0.706852657020583,-0.499461757600972,0.500896470298095));
#7883=DIRECTION('',(-0.707465497137784,0.,-0.706747883165976));
#7884=DIRECTION('',(0.,1.,0.));
#7885=DIRECTION('',(-0.678281129430308,0.280953140605813,0.678969838978489));
#7886=DIRECTION('',(-0.707465497137784,0.,-0.706747883165976));
#7887=DIRECTION('',(-0.706747883165976,0.,0.707465497137784));
#7888=DIRECTION('',(-0.707465497137784,0.,-0.706747883165976));
#7889=DIRECTION('',(-0.706747883165976,0.,0.707465497137784));
#7890=DIRECTION('',(-0.70674788316598,0.,0.70746549713778));
#7891=DIRECTION('',(0.,-1.,0.));
#7892=DIRECTION('',(-0.70674788316598,0.,0.70746549713778));
#7893=DIRECTION('',(-0.70746549713778,0.,-0.70674788316598));
#7894=DIRECTION('',(-0.678915399641212,0.281215863833718,-0.678226745313298));
#7895=DIRECTION('',(-0.707360450571061,-0.499820564286778,-0.499820564286778));
#7896=DIRECTION('',(0.,0.707106781186547,-0.707106781186548));
#7897=DIRECTION('',(-0.707360450571061,-0.499820564286778,-0.499820564286778));
#7898=DIRECTION('',(-0.706852657020584,0.499461757600971,0.500896470298095));
#7899=DIRECTION('',(-0.678466812926705,0.678466812926705,0.281718951286841));
#7900=DIRECTION('',(-0.707360450571061,-0.499820564286778,-0.499820564286778));
#7901=DIRECTION('',(-0.706852657020584,0.499461757600971,0.500896470298095));
#7902=DIRECTION('',(-0.706853020767335,-0.500179371341968,0.500179371341969));
#7903=DIRECTION('',(0.,-0.707106781186548,-0.707106781186548));
#7904=DIRECTION('',(-0.706853020767335,-0.500179371341968,0.500179371341969));
#7905=DIRECTION('',(-0.707360086040377,0.500538178027444,-0.49910243539169));
#7906=DIRECTION('',(-0.706853020767335,-0.500179371341968,0.500179371341969));
#7907=DIRECTION('',(-0.707360086040377,0.500538178027444,-0.49910243539169));
#7908=DIRECTION('',(0.678729536336588,-0.678729536336588,0.280450410961799));
#7909=DIRECTION('',(-0.707106781186548,-0.707106781186548,0.));
#7910=DIRECTION('',(0.,0.,-1.));
#7911=DIRECTION('',(-0.707106781186548,-0.707106781186548,0.));
#7912=DIRECTION('',(-0.707106052909817,0.707106052909817,0.00143522701972847));
#7913=DIRECTION('',(-0.707106781186548,-0.707106781186548,0.));
#7914=DIRECTION('',(-0.707106052909817,0.707106052909817,0.00143522701972847));
#7915=DIRECTION('',(0.57399202458819,0.,-0.818860889107027));
#7916=DIRECTION('',(0.,1.,0.));
#7917=DIRECTION('',(-0.785878390214269,-0.280953140605823,-0.550872479416021));
#7918=DIRECTION('',(0.57399202458819,0.,-0.818860889107027));
#7919=DIRECTION('',(-0.818860889107027,-3.58668145214471E-17,-0.57399202458819));
#7920=DIRECTION('',(0.370190171252239,0.499820564286777,-0.783031698352171));
#7921=DIRECTION('',(-0.696488494055885,0.707106781186548,0.122081029024845));
#7922=DIRECTION('',(0.370190171252239,0.499820564286777,-0.783031698352171));
#7923=DIRECTION('',(-0.615411900425607,-0.499461757600971,-0.609759088090281));
#7924=DIRECTION('',(-0.394624888679231,-0.67846681292671,-0.619640202853218));
#7925=DIRECTION('',(0.370190171252239,0.499820564286777,-0.783031698352171));
#7926=DIRECTION('',(-0.615411900425608,-0.499461757600971,-0.609759088090281));
#7927=DIRECTION('',(-0.122081029024846,0.707106781186544,-0.696488494055889));
#7928=DIRECTION('',(-0.984983474330646,0.,0.172648646955399));
#7929=DIRECTION('',(-0.122081029024846,0.707106781186544,-0.696488494055889));
#7930=DIRECTION('',(-0.123494578185198,-0.707106052909821,-0.696239986712308));
#7931=DIRECTION('',(0.159057284069427,-0.678729536336592,-0.716956760822277));
#7932=DIRECTION('',(-0.122081029024846,0.707106781186544,-0.696488494055889));
#7933=DIRECTION('',(-0.123494578185198,-0.707106052909821,-0.696239986712308));
#7934=DIRECTION('',(-0.614705632604747,0.500179371341968,-0.609883252539329));
#7935=DIRECTION('',(-0.696488494055885,-0.707106781186547,0.122081029024845));
#7936=DIRECTION('',(-0.614705632604747,0.500179371341968,-0.609883252539329));
#7937=DIRECTION('',(0.369482889093868,-0.500538178027445,-0.782907355313395));
#7938=DIRECTION('',(0.55082831083742,-0.281215863833719,-0.785815379022484));
#7939=DIRECTION('',(-0.614705632604747,0.500179371341968,-0.609883252539329));
#7940=DIRECTION('',(0.369482889093868,-0.500538178027445,-0.782907355313395));
#7941=DIRECTION('',(-0.818860889107027,0.,-0.57399202458819));
#7942=DIRECTION('',(0.,-1.,0.));
#7943=DIRECTION('',(-0.818860889107027,0.,-0.57399202458819));
#7944=DIRECTION('',(0.57399202458819,0.,-0.818860889107027));
#7945=DIRECTION('',(0.550828310837421,0.281215863833712,-0.785815379022485));
#7946=DIRECTION('',(-0.818860889107027,0.,-0.57399202458819));
#7947=DIRECTION('',(0.57399202458819,0.,-0.818860889107027));
#7948=DIRECTION('',(-0.614705632604749,-0.50017937134197,-0.609883252539327));
#7949=DIRECTION('',(0.696488494055885,-0.707106781186548,-0.122081029024845));
#7950=DIRECTION('',(0.159057284069421,0.678729536336593,-0.716956760822278));
#7951=DIRECTION('',(-0.614705632604749,-0.50017937134197,-0.609883252539327));
#7952=DIRECTION('',(0.369482889093866,0.500538178027443,-0.782907355313397));
#7953=DIRECTION('',(-0.614705632604749,-0.50017937134197,-0.609883252539327));
#7954=DIRECTION('',(0.369482889093866,0.500538178027443,-0.782907355313397));
#7955=DIRECTION('',(0.57399202458819,0.,-0.818860889107027));
#7956=DIRECTION('',(0.,1.,0.));
#7957=DIRECTION('',(-0.785878390214268,0.280953140605824,-0.550872479416021));
#7958=DIRECTION('',(-0.122081029024846,-0.707106781186544,-0.696488494055889));
#7959=DIRECTION('',(0.984983474330646,0.,-0.172648646955399));
#7960=DIRECTION('',(0.394624888679233,-0.678466812926709,0.619640202853218));
#7961=DIRECTION('',(-0.122081029024846,-0.707106781186544,-0.696488494055889));
#7962=DIRECTION('',(-0.123494578185198,0.70710605290982,-0.696239986712308));
#7963=DIRECTION('',(-0.122081029024846,-0.707106781186544,-0.696488494055889));
#7964=DIRECTION('',(-0.123494578185198,0.70710605290982,-0.696239986712308));
#7965=DIRECTION('',(0.370190171252238,-0.499820564286777,-0.783031698352172));
#7966=DIRECTION('',(0.696488494055885,0.707106781186548,-0.122081029024845));
#7967=DIRECTION('',(0.370190171252238,-0.499820564286777,-0.783031698352172));
#7968=DIRECTION('',(-0.615411900425608,0.499461757600971,-0.60975908809028));
#7969=DIRECTION('',(-0.985107115809388,-1.09267250195805E-16,0.171941764506788));
#7970=DIRECTION('',(0.171941764506788,0.,0.985107115809389));
#7971=DIRECTION('',(0.000717614064188296,0.,0.999999742514994));
#7972=DIRECTION('',(0.999999742514994,0.,-0.000717614064188296));
#7973=DIRECTION('',(0.663089500310003,-0.130347310609998,-0.737103719428529));
#7974=DIRECTION('',(-0.74344651127657,0.,-0.668795398362382));
#7975=DIRECTION('',(-0.663089500309992,0.130347310609999,0.737103719428539));
#7976=DIRECTION('',(0.74344651127658,0.,0.66879539836237));
#7977=DIRECTION('',(0.696364419623323,-0.707106599117154,-0.122787835584983));
#7978=DIRECTION('',(0.712498112559344,0.701674026595949,0.));
#7979=DIRECTION('',(0.994133957021161,-0.0969998643375984,-0.0478403785095331));
#7980=DIRECTION('',(0.0971110571222165,0.99527355163523,0.));
#7981=DIRECTION('',(-0.994133957021161,0.0969998643375984,0.0478403785095331));
#7982=DIRECTION('',(-0.0971110571222165,-0.99527355163523,0.));
#7983=DIRECTION('',(0.0563837926155636,0.0873390701459156,0.994581698381954));
#7984=DIRECTION('',(0.,-0.99616643122749,0.0874782332668376));
#7985=DIRECTION('',(-0.0563837926155634,-0.0873390701459153,-0.994581698381954));
#7986=DIRECTION('',(0.,0.99616643122749,-0.0874782332668374));
#7987=DIRECTION('',(0.000717614064188291,0.707106599117155,-0.707106599117154));
#7988=DIRECTION('',(0.,0.707106781186547,0.707106781186548));
#7989=DIRECTION('',(0.000717614064188292,-0.707106599117154,-0.707106599117154));
#7990=DIRECTION('',(0.,0.707106781186548,-0.707106781186548));
#7991=DIRECTION('',(0.696364419623324,0.707106599117154,-0.122787835584983));
#7992=DIRECTION('',(-0.712498112559344,0.701674026595949,0.));
#7993=DIRECTION('',(-0.696364419623323,-0.707106599117154,0.122787835584983));
#7994=DIRECTION('',(0.712498112559344,-0.701674026595949,0.));
#7995=DIRECTION('',(-0.696364419623323,0.707106599117154,0.122787835584983));
#7996=DIRECTION('',(-0.712498112559344,-0.701674026595949,0.));
#7997=DIRECTION('',(-0.999999485030187,0.,0.00101485928081352));
#7998=DIRECTION('',(0.00101485928081352,0.,0.999999485030188));
#7999=DIRECTION('',(-0.17364817766693,0.,-0.984807753012208));
#8000=DIRECTION('',(-0.984807753012208,0.,0.17364817766693));
#8001=DIRECTION('',(-0.0922959556412573,-0.99144486137381,0.0922959556412573));
#8002=DIRECTION('',(0.,-0.0926915987235715,-0.995694866676568));
#8003=DIRECTION('',(-0.0922959556412573,-0.99144486137381,0.0922959556412573));
#8004=DIRECTION('',(0.,-0.0926915987235715,-0.995694866676568));
#8005=DIRECTION('',(0.00243896297010639,0.0261993853034235,0.999653761894264));
#8006=DIRECTION('',(-0.0926595053600117,-0.995350119172039,0.0263126648336271));
#8007=DIRECTION('',(-0.782810381663984,0.621937898493608,0.0200288985329578));
#8008=DIRECTION('',(-0.615426026442548,-0.778568957178874,0.12280547583287));
#8009=DIRECTION('',(-0.0922959556412574,-0.99144486137381,0.0922959556412573));
#8010=DIRECTION('',(0.995694866676568,-0.0926915987235715,0.));
#8011=DIRECTION('',(-0.0922959556412574,-0.99144486137381,0.0922959556412574));
#8012=DIRECTION('',(0.995694866676568,-0.0926915987235715,0.));
#8013=DIRECTION('',(-0.0922959556412574,-0.99144486137381,0.0922959556412574));
#8014=DIRECTION('',(0.995694866676568,-0.0926915987235715,0.));
#8015=DIRECTION('',(-0.0922959556412574,-0.99144486137381,0.0922959556412574));
#8016=DIRECTION('',(0.,-0.0926915987235715,-0.995694866676568));
#8017=DIRECTION('',(-0.0922959556412574,-0.99144486137381,0.0922959556412574));
#8018=DIRECTION('',(0.,-0.0926915987235715,-0.995694866676568));
#8019=DIRECTION('',(-0.0922959556412574,-0.99144486137381,0.0922959556412573));
#8020=DIRECTION('',(0.995694866676568,-0.0926915987235715,0.));
#8021=DIRECTION('',(-0.0922959556412574,-0.99144486137381,0.0922959556412573));
#8022=DIRECTION('',(0.995694866676568,-0.0926915987235715,0.));
#8023=DIRECTION('',(0.113181555347672,0.61400342132632,0.781146422976292));
#8024=DIRECTION('',(-0.0362865937666515,-0.783119369532708,0.620811836368724));
#8025=DIRECTION('',(-0.0922959556412574,-0.99144486137381,0.0922959556412573));
#8026=DIRECTION('',(0.995694866676568,-0.0926915987235715,0.));
#8027=DIRECTION('',(-0.0922959556412573,-0.99144486137381,0.0922959556412574));
#8028=DIRECTION('',(0.,-0.0926915987235715,-0.995694866676568));
#8029=DIRECTION('',(-0.0922959556412573,-0.99144486137381,0.0922959556412574));
#8030=DIRECTION('',(0.,-0.0926915987235715,-0.995694866676568));
#8031=DIRECTION('',(-0.0922959556412574,-0.99144486137381,0.0922959556412573));
#8032=DIRECTION('',(0.995694866676568,-0.0926915987235715,0.));
#8033=DIRECTION('',(-0.792849526083459,0.589400051180111,0.154910324569143));
#8034=DIRECTION('',(-0.560313272327855,-0.804987143693905,0.195050596873681));
#8035=DIRECTION('',(0.126444974321264,-0.68089264884303,0.721385381900977));
#8036=DIRECTION('',(0.,-0.727222342681041,-0.686401969916681));
#8037=DIRECTION('',(-0.817263412078173,-0.221244132456929,-0.532101070410241));
#8038=DIRECTION('',(-0.157806449725417,-0.802142466560652,0.575903279870025));
#8039=DIRECTION('',(0.0533003705161107,0.95115243753211,0.304085696933563));
#8040=DIRECTION('',(0.164215181388251,-0.308721623111704,0.93686943253844));
#8041=DIRECTION('',(-0.126444974321264,0.68089264884303,-0.721385381900977));
#8042=DIRECTION('',(0.,0.727222342681041,0.686401969916681));
#8043=DIRECTION('',(-0.0175331406262777,-0.38386432977626,-0.923223031182174));
#8044=DIRECTION('',(-0.130609870168297,0.916332154894515,-0.378518749497294));
#8045=DIRECTION('',(0.0533003705161107,0.95115243753211,0.304085696933563));
#8046=DIRECTION('',(-0.164215181388251,0.308721623111704,-0.93686943253844));
#8047=DIRECTION('',(0.739152081348477,0.673538566555928,0.));
#8048=DIRECTION('',(-0.673538566555928,0.739152081348477,0.));
#8049=DIRECTION('',(-0.306459790324328,0.951883604709299,0.));
#8050=DIRECTION('',(0.951883604709299,0.306459790324328,0.));
#8051=DIRECTION('',(-0.739152081348477,-0.673538566555928,0.));
#8052=DIRECTION('',(0.673538566555928,-0.739152081348477,0.));
#8053=DIRECTION('',(0.916470085292799,-0.395771315925503,-0.0587166778181922));
#8054=DIRECTION('',(-0.397744811107559,-0.917114472210118,-0.0264595937188773));
#8055=DIRECTION('',(-0.306459790324328,0.951883604709299,0.));
#8056=DIRECTION('',(-0.951883604709299,-0.306459790324328,0.));
#8057=DIRECTION('',(0.76675270256859,0.,0.641942593308594));
#8058=DIRECTION('',(0.641942593308594,0.,-0.76675270256859));
#8059=DIRECTION('',(-0.76675270256859,0.,-0.641942593308594));
#8060=DIRECTION('',(-0.641942593308594,0.,0.76675270256859));
#8061=DIRECTION('',(-0.17364817766693,-2.53745337661641E-17,-0.984807753012208));
#8062=DIRECTION('',(-0.984807753012208,0.,0.17364817766693));
#8063=DIRECTION('',(-0.999999485030187,0.,0.00101485928081352));
#8064=DIRECTION('',(0.00101485928081352,0.,0.999999485030188));
#8065=DIRECTION('',(-0.999999485030187,0.,0.00101485928081352));
#8066=DIRECTION('',(0.00101485928081352,0.,0.999999485030188));
#8067=DIRECTION('',(0.00028995971833417,0.,0.99999995796168));
#8068=DIRECTION('',(-0.99999995796168,0.,0.00028995971833417));
#8069=DIRECTION('',(-0.99999894418763,-0.000386062240838149,0.0014009209727728));
#8070=DIRECTION('',(0.00140092107717228,0.,0.999999018709586));
#8071=DIRECTION('',(-0.999999485030187,0.,0.00101485928081352));
#8072=DIRECTION('',(0.00101485928081352,0.,0.999999485030188));
#8073=DIRECTION('',(-0.999999717352468,0.,0.000751861013560372));
#8074=DIRECTION('',(0.000751861013560372,0.,0.999999717352468));
#8075=DIRECTION('',(0.000289959718334171,0.,0.99999995796168));
#8076=DIRECTION('',(-0.99999995796168,0.,0.000289959718334171));
#8077=DIRECTION('',(-0.999999485030187,0.,0.00101485928081352));
#8078=DIRECTION('',(0.00101485928081352,0.,0.999999485030188));
#8079=DIRECTION('',(-0.999999485030187,0.,0.00101485928081352));
#8080=DIRECTION('',(0.00101485928081352,0.,0.999999485030188));
#8081=DIRECTION('',(-0.999999485030187,0.,0.00101485928081352));
#8082=DIRECTION('',(0.00101485928081352,0.,0.999999485030188));
#8083=DIRECTION('',(-0.999999485030187,0.,0.00101485928081352));
#8084=DIRECTION('',(0.00101485928081352,0.,0.999999485030188));
#8085=DIRECTION('',(-0.999999485030187,0.,0.00101485928081352));
#8086=DIRECTION('',(0.00101485928081352,0.,0.999999485030188));
#8087=DIRECTION('',(-0.999999485030187,2.85995232415387E-16,0.00101485928081374));
#8088=DIRECTION('',(0.00101485928081374,0.,0.999999485030187));
#8089=DIRECTION('',(-0.999999470581768,0.000169990744177268,0.00101485926615062));
#8090=DIRECTION('',(0.00101485928081374,0.,0.999999485030187));
#8091=DIRECTION('',(-0.999999485030187,0.,0.00101485928081352));
#8092=DIRECTION('',(0.00101485928081352,0.,0.999999485030188));
#8093=DIRECTION('',(-0.999999485030187,0.,0.00101485928081352));
#8094=DIRECTION('',(0.00101485928081352,0.,0.999999485030188));
#8095=DIRECTION('',(-0.999999485030187,-2.84685044832331E-16,0.00101485928081374));
#8096=DIRECTION('',(0.00101485928081374,0.,0.999999485030187));
#8097=DIRECTION('',(-0.999999817310939,1.11324962178294E-10,0.000604465126628017));
#8098=DIRECTION('',(0.000604465126628017,0.,0.999999817310939));
#8099=DIRECTION('',(-0.17364817766693,0.,-0.984807753012208));
#8100=DIRECTION('',(-0.984807753012208,0.,0.17364817766693));
#8101=DIRECTION('',(-0.0101206082995324,-0.121040037212455,-0.99259603196832));
#8102=DIRECTION('',(-0.808413991466195,0.585220118489495,-0.0631207677142461));
#8103=DIRECTION('',(-0.984933371770553,1.28582276072005E-17,0.172934245228321));
#8104=DIRECTION('',(-0.172934245228321,0.,-0.984933371770553));
#8105=DIRECTION('',(-0.17364817766693,0.,-0.984807753012208));
#8106=DIRECTION('',(-0.984807753012208,0.,0.17364817766693));
#8107=DIRECTION('',(-0.17364817766693,-2.53745337661641E-17,-0.984807753012208));
#8108=DIRECTION('',(-0.984807753012208,0.,0.17364817766693));
#8109=DIRECTION('',(-0.17364817766693,0.,-0.984807753012208));
#8110=DIRECTION('',(-0.984807753012208,0.,0.17364817766693));
#8111=DIRECTION('',(-0.17364817766693,0.,-0.984807753012208));
#8112=DIRECTION('',(-0.984807753012208,0.,0.17364817766693));
#8113=DIRECTION('',(0.174028348677847,-0.000386062240838349,0.984740567262468));
#8114=DIRECTION('',(0.98474064064734,0.,-0.174028361646794));
#8115=DIRECTION('',(0.99999923543361,0.000386062023882631,-0.00117477159845365));
#8116=DIRECTION('',(-0.00117477168599993,0.,-0.999999309955505));
#8117=DIRECTION('',(-0.999999485030187,0.,0.00101485928081352));
#8118=DIRECTION('',(0.00101485928081352,0.,0.999999485030188));
#8119=DIRECTION('',(-0.17364817766693,0.,-0.984807753012208));
#8120=DIRECTION('',(-0.984807753012208,0.,0.17364817766693));
#8121=DIRECTION('',(0.173389168830033,0.,0.984853388140809));
#8122=DIRECTION('',(0.984853388140809,0.,-0.173389168830033));
#8123=DIRECTION('',(0.999999485030168,0.,-0.00101485929954176));
#8124=DIRECTION('',(-0.00101485929954176,0.,-0.999999485030168));
#8125=DIRECTION('',(-0.999999485030187,0.,0.00101485928081352));
#8126=DIRECTION('',(0.00101485928081352,0.,0.999999485030188));
#8127=DIRECTION('',(-0.17364817766693,0.,-0.984807753012208));
#8128=DIRECTION('',(-0.984807753012208,0.,0.17364817766693));
#8129=DIRECTION('',(-0.984933371770553,1.28582276072005E-17,0.172934245228321));
#8130=DIRECTION('',(-0.172934245228321,0.,-0.984933371770553));
#8131=DIRECTION('',(0.173465029050172,0.000185967977049966,0.984840011937236));
#8132=DIRECTION('',(0.984840028967133,0.,-0.173465032049737));
#8133=DIRECTION('',(-0.17364817766693,0.,-0.984807753012208));
#8134=DIRECTION('',(-0.984807753012208,0.,0.17364817766693));
#8135=DIRECTION('',(-0.17364817766693,0.,-0.984807753012208));
#8136=DIRECTION('',(-0.984807753012208,0.,0.17364817766693));
#8137=DIRECTION('',(0.173648177666931,2.87492589653164E-16,0.984807753012208));
#8138=DIRECTION('',(0.984807753012208,0.,-0.173648177666931));
#8139=DIRECTION('',(0.173537224120496,-0.000112663003642254,0.984827304227295));
#8140=DIRECTION('',(0.984827310477478,0.,-0.173537225221846));
#8141=DIRECTION('',(-0.17364817766693,0.,-0.984807753012208));
#8142=DIRECTION('',(-0.984807753012208,0.,0.17364817766693));
#8143=DIRECTION('',(-0.17364817766693,0.,-0.984807753012208));
#8144=DIRECTION('',(-0.984807753012208,0.,0.17364817766693));
#8145=DIRECTION('',(0.173648177666931,-2.87492589653164E-16,0.984807753012208));
#8146=DIRECTION('',(0.984807753012208,0.,-0.173648177666931));
#8147=DIRECTION('',(0.173269352992753,-1.23205409176342E-11,0.984874474901991));
#8148=DIRECTION('',(0.984874474901991,0.,-0.173269352992753));
#8149=DIRECTION('',(0.172648642516298,-0.000226767557566683,0.984983449004984));
#8150=DIRECTION('',(0.984983474330646,0.,-0.172648646955399));
#8151=DIRECTION('',(0.172648642398293,-0.000229761891131129,0.984983448331747));
#8152=DIRECTION('',(0.984983474330646,0.,-0.172648646955399));
#8153=DIRECTION('',(0.779910143206239,-1.08574867673454E-15,0.625891499002842));
#8154=DIRECTION('',(0.625891499002842,0.,-0.779910143206239));
#8155=DIRECTION('',(0.984983474330645,0.,-0.172648646955402));
#8156=DIRECTION('',(-0.172648646955402,0.,-0.984983474330645));
#8157=DIRECTION('',(0.984983474330646,0.,-0.1726486469554));
#8158=DIRECTION('',(-0.1726486469554,0.,-0.984983474330646));
#8159=DIRECTION('',(0.984983474330645,0.,-0.172648646955402));
#8160=DIRECTION('',(-0.172648646955402,0.,-0.984983474330645));
#8161=DIRECTION('',(0.528685063555807,0.,-0.848818062704248));
#8162=DIRECTION('',(-0.848818062704248,0.,-0.528685063555807));
#8163=DIRECTION('',(-0.172648642155398,-0.000235805594440551,-0.984983446945997));
#8164=DIRECTION('',(-0.984983474330646,0.,0.1726486469554));
#8165=DIRECTION('',(-0.172707516380882,-0.000225065265633007,-0.984973128126434));
#8166=DIRECTION('',(-0.984973153073034,0.,0.172707520755078));
#8167=DIRECTION('',(0.172644507982491,0.00692431947589772,0.98495986094017));
#8168=DIRECTION('',(0.984983474330646,0.,-0.172648646955399));
#8169=DIRECTION('',(0.999999971403626,-0.000239150053167707,0.));
#8170=DIRECTION('',(0.000239150053167707,0.999999971403626,0.));
#8171=DIRECTION('',(-0.999999972169018,0.000235927877209623,0.));
#8172=DIRECTION('',(-0.000235927877209623,-0.999999972169018,0.));
#8173=DIRECTION('',(-0.74822649108247,-2.95076464114196E-15,-0.6634433796809));
#8174=DIRECTION('',(-0.6634433796809,0.,0.74822649108247));
#8175=DIRECTION('',(0.0971110571222173,0.99527355163523,0.));
#8176=DIRECTION('',(-0.99527355163523,0.0971110571222173,0.));
#8177=DIRECTION('',(0.0971110571222164,0.99527355163523,-3.36921661133667E-16));
#8178=DIRECTION('',(-0.99527355163523,0.0971110571222165,0.));
#8179=DIRECTION('',(0.,0.,-1.));
#8180=DIRECTION('',(-1.,0.,0.));
#8181=DIRECTION('',(-0.0526844958610552,-0.0480077655429713,-0.997456564640004));
#8182=DIRECTION('',(-0.998607997132444,0.,0.0527453131863732));
#8183=DIRECTION('',(0.,0.,1.));
#8184=DIRECTION('',(1.,0.,0.));
#8185=DIRECTION('',(0.,0.,-1.));
#8186=DIRECTION('',(-1.,0.,0.));
#8187=DIRECTION('',(-0.0526844958610539,-0.04800776554297,-0.997456564640004));
#8188=DIRECTION('',(-0.998607997132444,0.,0.0527453131863719));
#8189=DIRECTION('',(-0.0526844958610552,-0.048007765542971,-0.997456564640003));
#8190=DIRECTION('',(-0.998607997132444,0.,0.0527453131863732));
#8191=DIRECTION('',(0.754839984280597,-1.30943864133751E-15,-0.655908986164444));
#8192=DIRECTION('',(-0.655908986164444,0.,-0.754839984280597));
#8193=DIRECTION('',(-0.00200864065939933,-0.00183033638759377,-0.999996307608888));
#8194=DIRECTION('',(-0.999997982672558,0.,0.00200864402401275));
#8195=DIRECTION('',(0.999999973632735,0.000229640000219769,0.));
#8196=DIRECTION('',(-0.000229640000219769,0.999999973632735,0.));
#8197=DIRECTION('',(-0.0193759964608263,-0.999812267758878,-6.72239918620778E-17));
#8198=DIRECTION('',(0.999812267758878,-0.0193759964608263,0.));
#8199=DIRECTION('',(0.999999974362842,0.000226438324852504,0.));
#8200=DIRECTION('',(-0.000226438324852504,0.999999974362842,0.));
#8201=DIRECTION('',(-0.00919583292320479,-0.999957717434517,-3.19044545060875E-17));
#8202=DIRECTION('',(0.999957717434517,-0.00919583292320479,0.));
#8203=DIRECTION('',(0.999946707455074,-0.0103238679649035,0.));
#8204=DIRECTION('',(0.0103238679649035,0.999946707455074,0.));
#8205=DIRECTION('',(-0.00919583292320449,-0.999957717434517,0.));
#8206=DIRECTION('',(0.999957717434517,-0.00919583292320449,0.));
#8207=DIRECTION('',(-0.00919583292320449,-0.999957717434517,0.));
#8208=DIRECTION('',(0.999957717434517,-0.00919583292320449,0.));
#8209=DIRECTION('',(0.102554092056637,0.985920879113295,0.132070732302458));
#8210=DIRECTION('',(0.,-0.132770775630515,0.991146770735027));
#8211=DIRECTION('',(0.0831175083368282,0.402161986163251,0.911787923090182));
#8212=DIRECTION('',(0.,-0.914953889311932,0.403558397797603));
#8213=DIRECTION('',(0.0761083164538448,0.313129068916805,0.946656067622163));
#8214=DIRECTION('',(0.,-0.949409777710104,0.314039924195079));
#8215=DIRECTION('',(-0.506067903739664,0.64891244307224,0.568161876607855));
#8216=DIRECTION('',(0.,-0.658743266166821,0.752367801862805));
#8217=DIRECTION('',(-0.507625838260814,0.646198342259195,0.569862887712012));
#8218=DIRECTION('',(0.,-0.661417926227877,0.750017551037584));
#8219=DIRECTION('',(-0.656621771275453,0.187618954343879,0.730511449231288));
#8220=DIRECTION('',(0.743718484840522,0.,0.668492943348333));
#8221=DIRECTION('',(0.742828224524961,-0.00683121308458679,0.669447207311292));
#8222=DIRECTION('',(0.669462827893024,0.,-0.742845557346529));
#8223=DIRECTION('',(0.00149732271387715,0.999962391792182,0.00854242506258777));
#8224=DIRECTION('',(0.,-0.00854243463855691,0.999963512739563));
#8225=DIRECTION('',(0.00149732271376218,0.999962391792181,0.00854242506271507));
#8226=DIRECTION('',(0.,-0.00854243463868421,0.999963512739562));
#8227=DIRECTION('',(0.00149732271376224,0.999962391792181,0.00854242506271527));
#8228=DIRECTION('',(0.,-0.00854243463868441,0.999963512739562));
#8229=DIRECTION('',(-0.101724363708858,0.987185831535729,0.122948313705961));
#8230=DIRECTION('',(0.,-0.123589418679215,0.992333439722019));
#8231=DIRECTION('',(-0.983726222498905,-0.00652650336458766,0.17955535057989));
#8232=DIRECTION('',(0.17955917480424,0.,0.983747174198544));
#8233=DIRECTION('',(-0.992050023696812,0.117154297067961,0.0459523792818914));
#8234=DIRECTION('',(-0.117278186053911,-0.993099102343721,0.));
#8235=DIRECTION('',(-0.992050023696812,0.117154297067957,0.0459523792818893));
#8236=DIRECTION('',(-0.117278186053907,-0.993099102343721,0.));
#8237=DIRECTION('',(-0.992050023696812,0.11715429706796,0.0459523792818881));
#8238=DIRECTION('',(-0.11727818605391,-0.993099102343721,0.));
#8239=DIRECTION('',(0.0151817736412433,-0.996126258308607,0.0866140361442656));
#8240=DIRECTION('',(0.,-0.0866240195423085,-0.996241074860063));
#8241=DIRECTION('',(0.0151817736412436,-0.996126258308607,0.086614036144266));
#8242=DIRECTION('',(0.,-0.0866240195423089,-0.996241074860063));
#8243=DIRECTION('',(0.0151817736412471,-0.996126258308607,0.0866140361442653));
#8244=DIRECTION('',(0.,-0.0866240195423083,-0.996241074860063));
#8245=DIRECTION('',(0.0563837926155645,0.087339070145916,0.994581698381954));
#8246=DIRECTION('',(0.,-0.99616643122749,0.0874782332668381));
#8247=DIRECTION('',(-0.973330040936843,-0.217064457928659,0.0742405045377587));
#8248=DIRECTION('',(0.21766513404342,-0.97602350864201,0.));
#8249=DIRECTION('',(-0.6999087420757,-0.706946165543884,0.1017588904657));
#8250=DIRECTION('',(0.710635006956137,-0.703560862248925,0.));
#8251=DIRECTION('',(-0.6999087420757,-0.706946165543884,0.101758890465701));
#8252=DIRECTION('',(0.710635006956137,-0.703560862248925,0.));
#8253=DIRECTION('',(-0.6999087420757,-0.706946165543884,0.1017588904657));
#8254=DIRECTION('',(0.710635006956137,-0.703560862248925,0.));
#8255=DIRECTION('',(-0.69897632480987,-0.629395638537434,-0.339548564339983));
#8256=DIRECTION('',(0.669150879615577,-0.743126570854319,0.));
#8257=DIRECTION('',(-0.572688210271751,-0.722445623939564,-0.387428102060645));
#8258=DIRECTION('',(0.783648644381584,-0.621204315953219,0.));
#8259=DIRECTION('',(0.,0.,1.));
#8260=DIRECTION('',(1.,0.,0.));
#8261=DIRECTION('',(0.65847000324145,-0.173164237891061,-0.73241477425487));
#8262=DIRECTION('',(-0.743649109567038,0.,-0.668570117370012));
#8263=DIRECTION('',(0.512177268411751,-0.638156395999382,-0.574831157791014));
#8264=DIRECTION('',(0.,0.669280128797494,-0.743010167626803));
#8265=DIRECTION('',(0.508891315269489,-0.643979365679528,-0.571244436141204));
#8266=DIRECTION('',(0.,0.663596667773534,-0.748090544332611));
#8267=DIRECTION('',(0.956021871972993,-0.291901091715469,-0.0285645403353794));
#8268=DIRECTION('',(0.292020250501177,0.95641213569111,0.));
#8269=DIRECTION('',(0.928083138223928,-0.37183765968235,-0.0199610467255002));
#8270=DIRECTION('',(0.371911759954812,0.928268087788929,0.));
#8271=DIRECTION('',(0.716109668096111,-0.697681660322028,0.0206698841210314));
#8272=DIRECTION('',(0.697830748286311,0.716262693951156,0.));
#8273=DIRECTION('',(0.409302622489758,-0.879127108224582,0.244145224830818));
#8274=DIRECTION('',(0.906560834954022,0.42207517402409,0.));
#8275=DIRECTION('',(-0.0922959556412574,-0.99144486137381,0.0922959556412574));
#8276=DIRECTION('',(0.,-0.0926915987235715,-0.995694866676568));
#8277=DIRECTION('',(0.0922959556412553,0.991444861373807,-0.0922959556412917));
#8278=DIRECTION('',(0.,0.092691598723606,0.995694866676565));
#8279=DIRECTION('',(-0.108591176379078,0.957553734412165,-0.26701835541012));
#8280=DIRECTION('',(0.,0.26860676327046,0.963249919141116));
#8281=DIRECTION('',(0.643923116565321,0.,-0.765090203801359));
#8282=DIRECTION('',(-0.765090203801359,0.,-0.643923116565321));
#8283=DIRECTION('',(0.,1.,0.));
#8284=DIRECTION('',(-0.765090203801359,0.,-0.643923116565321));
#8285=DIRECTION('',(0.,1.,0.));
#8286=DIRECTION('',(-0.765090203801358,0.,-0.643923116565322));
#8287=DIRECTION('',(-0.643923116565322,0.,0.765090203801358));
#8288=DIRECTION('',(0.,1.,0.));
#8289=DIRECTION('',(-0.643923116565322,0.,0.765090203801358));
#8290=DIRECTION('',(0.643923116565324,0.,-0.765090203801356));
#8291=DIRECTION('',(-0.765090203801356,0.,-0.643923116565324));
#8292=DIRECTION('',(0.,1.,0.));
#8293=DIRECTION('',(-0.765090203801356,0.,-0.643923116565324));
#8294=DIRECTION('',(-0.765090203801357,0.,-0.643923116565323));
#8295=DIRECTION('',(-0.643923116565323,0.,0.765090203801357));
#8296=DIRECTION('',(0.,1.,0.));
#8297=DIRECTION('',(-0.643923116565323,0.,0.765090203801357));
#8298=DIRECTION('',(-0.643923116565323,0.,0.765090203801356));
#8299=DIRECTION('',(0.765090203801357,0.,0.643923116565323));
#8300=DIRECTION('',(0.,1.,0.));
#8301=DIRECTION('',(0.765090203801357,0.,0.643923116565323));
#8302=DIRECTION('',(-0.765090203801357,0.,-0.643923116565323));
#8303=DIRECTION('',(-0.643923116565323,0.,0.765090203801357));
#8304=DIRECTION('',(-0.643923116565323,0.,0.765090203801357));
#8305=DIRECTION('',(0.,1.,0.));
#8306=DIRECTION('',(-1.,0.,0.));
#8307=DIRECTION('',(-0.361341595891718,0.806650476042036,-0.467704244773963));
#8308=DIRECTION('',(0.,0.501595276898037,0.865102409078591));
#8309=DIRECTION('',(-0.235905181285217,0.898150986344238,-0.371043866910181));
#8310=DIRECTION('',(0.,0.381820334308605,0.924236567285922));
#8311=DIRECTION('',(0.741734795780261,0.246899334923692,0.623594588769862));
#8312=DIRECTION('',(0.643517150317235,0.,-0.765431693391112));
#8313=DIRECTION('',(0.698317137902294,-0.246899334922139,0.671858536692773));
#8314=DIRECTION('',(0.693323031878046,0.,-0.720626930850793));
#8315=DIRECTION('',(-0.393846523093798,-0.898150986344231,-0.195473072252452));
#8316=DIRECTION('',(0.915817967562546,-0.401593638258385,0.));
#8317=DIRECTION('',(-0.548735531070982,-0.754403196990344,-0.360229278808642));
#8318=DIRECTION('',(0.808695972706775,-0.588226847166842,0.));
#8319=CARTESIAN_POINT('',(0.,0.,0.));
#8320=CARTESIAN_POINT('',(0.,0.0145,0.057));
#8321=CARTESIAN_POINT('',(-0.002,0.0145,0.057));
#8322=CARTESIAN_POINT('',(-0.002,0.0145,0.0609370567414569));
#8323=CARTESIAN_POINT('',(-0.002,0.0145,0.0530670026977569));
#8324=CARTESIAN_POINT('',(-3.99349663684517E-6,0.0145,0.0530649770309892));
#8325=CARTESIAN_POINT('',(-0.00617247101823299,0.0145,0.0530712371708743));
#8326=CARTESIAN_POINT('',(-0.00617247101823299,0.0145,0.0530712371708743));
#8327=CARTESIAN_POINT('',(-0.00629508071559612,0.0145,0.0523457229790067));
#8328=CARTESIAN_POINT('',(-0.0064176131819811,0.0145,0.0516554907863692));
#8329=CARTESIAN_POINT('',(-0.00654006841738795,0.0145,0.0510005405929617));
#8330=CARTESIAN_POINT('',(-0.00654006844522768,0.0145,0.0510005405981669));
#8331=CARTESIAN_POINT('',(-0.00654006841529503,0.0145,0.0510005406041557));
#8332=CARTESIAN_POINT('',(-0.00672548333816096,0.0145,0.0500088513614535));
#8333=CARTESIAN_POINT('',(-0.0069109330813072,0.0145,0.0490969203326109));
#8334=CARTESIAN_POINT('',(-0.00709641764473376,0.0145,0.0482647475176279));
#8335=CARTESIAN_POINT('',(-0.00709491608856268,0.0144993855792835,0.0482651677308892));
#8336=CARTESIAN_POINT('',(-0.0200116751477099,0.0145,0.0482542461914962));
#8337=CARTESIAN_POINT('',(-0.0129086538687583,0.0144994345821403,0.0482608767716279));
#8338=CARTESIAN_POINT('',(-0.0129073363909604,0.0145,0.0482611231565045));
#8339=CARTESIAN_POINT('',(-0.0130935943320546,0.0145,0.0490962374713395));
#8340=CARTESIAN_POINT('',(-0.0132798279325922,0.0145,0.050011719578624));
#8341=CARTESIAN_POINT('',(-0.0134660371925731,0.0145,0.0510075694783581));
#8342=CARTESIAN_POINT('',(-0.013466037228176,0.0145,0.0510075694854846));
#8343=CARTESIAN_POINT('',(-0.0134660371950634,0.0145,0.0510075694916761));
#8344=CARTESIAN_POINT('',(-0.013588530001508,0.0145,0.051662662848026));
#8345=CARTESIAN_POINT('',(-0.0137110845129677,0.0145,0.052353143765785));
#8346=CARTESIAN_POINT('',(-0.0138337007294424,0.0145,0.0530790122449531));
#8347=CARTESIAN_POINT('',(-0.0138337007294423,0.0145,0.0530790122449531));
#8348=CARTESIAN_POINT('',(-3.99349663684516E-6,0.0145,0.0530649770309892));
#8349=CARTESIAN_POINT('',(-0.0399963913302775,0.0145,0.0531055641280065));
#8350=CARTESIAN_POINT('',(-0.0399963913302775,0.0145,0.0531055641280065));
#8351=CARTESIAN_POINT('',(-0.0410200115629582,0.0145,0.0531070484145579));
#8352=CARTESIAN_POINT('',(-0.0430318101068804,0.0145,0.0529331563176125));
#8353=CARTESIAN_POINT('',(-0.0459940093879315,0.0145,0.0521444841792551));
#8354=CARTESIAN_POINT('',(-0.0487528467534494,0.0145,0.0508623518226333));
#8355=CARTESIAN_POINT('',(-0.0512669132867611,0.0145,0.049106092213086));
#8356=CARTESIAN_POINT('',(-0.0534175621155946,0.0145,0.046960854333119));
#8357=CARTESIAN_POINT('',(-0.0557687236717107,0.0145,0.0436105095809666));
#8358=CARTESIAN_POINT('',(-0.0568205768718633,0.0145,0.0407343134940269));
#8359=CARTESIAN_POINT('',(-0.0571771775293264,0.0145,0.0387183674861845));
#8360=CARTESIAN_POINT('',(-0.0571771780482707,0.0145,0.0387183675776884));
#8361=CARTESIAN_POINT('',(-0.0523267318981432,0.0145,0.0662266146459409));
#8362=CARTESIAN_POINT('',(-0.0616907458504212,0.0145,0.01312065255974));
#8363=CARTESIAN_POINT('',(-0.0616907458504212,0.0145,0.01312065255974));
#8364=CARTESIAN_POINT('',(-0.0601242511955402,0.0145,0.0125477062101845));
#8365=CARTESIAN_POINT('',(-0.0585664360917614,0.0145,0.0119481335752955));
#8366=CARTESIAN_POINT('',(-0.0570385583123962,0.0145,0.0112894521932917));
#8367=CARTESIAN_POINT('',(-0.0570385583123962,0.0145,0.0112894521932917));
#8368=CARTESIAN_POINT('',(-0.0475016712732382,0.0145,0.0653758262742161));
#8369=CARTESIAN_POINT('',(-0.0575168043497665,0.0145,0.00857718413624915));
#8370=CARTESIAN_POINT('',(-0.0575168043497665,0.0145,0.00857718413624914));
#8371=CARTESIAN_POINT('',(-0.0575541677764457,0.0145,0.00841006532301854));
#8372=CARTESIAN_POINT('',(-0.0575839199726582,0.0145,0.00824142502587815));
#8373=CARTESIAN_POINT('',(-0.0576060135242691,0.0145,0.00807125376674906));
#8374=CARTESIAN_POINT('',(-0.0576060135242692,0.0145,0.00807125376674907));
#8375=CARTESIAN_POINT('',(-0.0475016712732382,0.0145,0.0653758262742161));
#8376=CARTESIAN_POINT('',(-0.0580842595616395,0.0145,0.00535898570970648));
#8377=CARTESIAN_POINT('',(-0.0580842595616395,0.0145,0.00535898570970655));
#8378=CARTESIAN_POINT('',(-0.0597469155426575,0.0145,0.00526249758346179));
#8379=CARTESIAN_POINT('',(-0.0614148012694293,0.0145,0.00523198188907233));
#8380=CARTESIAN_POINT('',(-0.0630821932734243,0.0145,0.00522936208670782));
#8381=CARTESIAN_POINT('',(-0.0630821932734245,0.0145,0.00522936208670784));
#8382=CARTESIAN_POINT('',(-0.0523267318981432,0.0145,0.0662266146459409));
#8383=CARTESIAN_POINT('',(-0.0637767668782522,0.0145,0.00129023942926211));
#8384=CARTESIAN_POINT('',(-0.0735706086559155,0.0145,0.00300691140952849));
#8385=CARTESIAN_POINT('',(-0.0715286400533857,0.0145,0.00264899361137278));
#8386=CARTESIAN_POINT('',(-0.0600772181457355,0.0145,0.0675932344850014));
#8387=CARTESIAN_POINT('',(-0.0649304710780034,0.0145,0.0400690693642238));
#8388=CARTESIAN_POINT('',(-0.0649304711984199,0.0145,0.0400690693854565));
#8389=CARTESIAN_POINT('',(-0.0646730162743804,0.0145,0.0415314176740121));
#8390=CARTESIAN_POINT('',(-0.0638956526313699,0.0145,0.0444116473046183));
#8391=CARTESIAN_POINT('',(-0.0620424005887154,0.0145,0.0483842501710662));
#8392=CARTESIAN_POINT('',(-0.0594747312646871,0.0145,0.0520476543097478));
#8393=CARTESIAN_POINT('',(-0.0563735406012724,0.0145,0.0551469287852449));
#8394=CARTESIAN_POINT('',(-0.0527092680097014,0.0145,0.0577117179218815));
#8395=CARTESIAN_POINT('',(-0.0487342007375476,0.0145,0.0595642480596198));
#8396=CARTESIAN_POINT('',(-0.0444144660793917,0.0145,0.0607229450112335));
#8397=CARTESIAN_POINT('',(-0.0414884056538985,0.0145,0.0609766866981679));
#8398=CARTESIAN_POINT('',(-0.0400035674716281,0.0145,0.0609756248951052));
#8399=CARTESIAN_POINT('',(-0.0400035674716281,0.0145,0.0609756248951052));
#8400=CARTESIAN_POINT('',(3.99349663684516E-6,0.0145,0.0609350229690108));
#8401=CARTESIAN_POINT('',(-0.0531043191354708,0.0145,0.0524600252796467));
#8402=CARTESIAN_POINT('',(-0.0519566838297688,0.0145,0.0510964393058853));
#8403=CARTESIAN_POINT('',(-0.0542519544411728,0.0145,0.0538236112534081));
#8404=CARTESIAN_POINT('',(-0.0551126809204494,0.0145,0.0530991977472722));
#8405=CARTESIAN_POINT('',(-0.0553995897468749,0.0145,0.0528577265785602));
#8406=CARTESIAN_POINT('',(-0.0547348967785968,0.0145,0.0520679582576498));
#8407=CARTESIAN_POINT('',(-0.0540702038103188,0.0145,0.0512781899367394));
#8408=CARTESIAN_POINT('',(-0.0546440214631698,0.0145,0.0507952475993154));
#8409=CARTESIAN_POINT('',(-0.0552178391160208,0.0145,0.0503123052618914));
#8410=CARTESIAN_POINT('',(-0.0547348967785968,0.0145,0.0497384876090404));
#8411=CARTESIAN_POINT('',(-0.0542519544411728,0.0145,0.0491646699561894));
#8412=CARTESIAN_POINT('',(-0.0533912279618963,0.0145,0.0498890834623254));
#8413=CARTESIAN_POINT('',(-0.0398994419767138,-0.0074868240874605,0.0440211390501392));
#8414=CARTESIAN_POINT('',(-0.0399017057307088,-0.00736763296282512,0.0439075167778333));
#8415=CARTESIAN_POINT('',(-0.0399062332386986,-0.00712925071355437,0.0436802722332215));
#8416=CARTESIAN_POINT('',(-0.0399150535769362,-0.0065988826625381,0.0432879819028866));
#8417=CARTESIAN_POINT('',(-0.03992555144359,-0.0058718252668329,0.042894326923944));
#8418=CARTESIAN_POINT('',(-0.0399348872891972,-0.00508043885105056,0.0426549375189944));
#8419=CARTESIAN_POINT('',(-0.0399415107251725,-0.00442845117001639,0.0425542997276072));
#8420=CARTESIAN_POINT('',(-0.0399443972480054,-0.00409922463920295,0.0425449062433622));
#8421=CARTESIAN_POINT('',(-0.0399458405094219,-0.00393461137379623,0.0425402095012396));
#8422=CARTESIAN_POINT('',(-0.0399430285260342,-0.00748697901470329,0.0440214438160191));
#8423=CARTESIAN_POINT('',(-0.0399444466960111,-0.00736778700169926,0.0439078191838091));
#8424=CARTESIAN_POINT('',(-0.0399472830359648,-0.00712940297569118,0.043680569919389));
#8425=CARTESIAN_POINT('',(-0.0399527614967024,-0.00659903473269577,0.0432882674792701));
#8426=CARTESIAN_POINT('',(-0.0399592133311528,-0.00587198123417826,0.0428945933425795));
#8427=CARTESIAN_POINT('',(-0.0399648473831498,-0.005080602972991,0.0426551789318398));
#8428=CARTESIAN_POINT('',(-0.0399687797544225,-0.00442862308844605,0.0425545181196044));
#8429=CARTESIAN_POINT('',(-0.0399704612361122,-0.00409940067374488,0.0425451119433629));
#8430=CARTESIAN_POINT('',(-0.039971301976957,-0.00393478946639429,0.0425404088552421));
#8431=CARTESIAN_POINT('',(-0.040030201624675,-0.00748728886918889,0.0440220533477791));
#8432=CARTESIAN_POINT('',(-0.0400299286266157,-0.00736809507944753,0.0439084239957607));
#8433=CARTESIAN_POINT('',(-0.0400293826304971,-0.00712970749996481,0.043681165291724));
#8434=CARTESIAN_POINT('',(-0.0400281773362346,-0.0065993388730111,0.0432888386320372));
#8435=CARTESIAN_POINT('',(-0.0400265371062786,-0.00587229316886898,0.0428951261798504));
#8436=CARTESIAN_POINT('',(-0.040024767571055,-0.00508093121687186,0.0426556617575305));
#8437=CARTESIAN_POINT('',(-0.0400233178129227,-0.00442896692530536,0.0425549549035988));
#8438=CARTESIAN_POINT('',(-0.0400225892123257,-0.00409975274282873,0.0425455233433643));
#8439=CARTESIAN_POINT('',(-0.0400222249120272,-0.00393514565159041,0.0425408075632471));
#8440=CARTESIAN_POINT('',(-0.0401417011231542,-0.00748713761247223,0.0440212212023645));
#8441=CARTESIAN_POINT('',(-0.0401401543142589,-0.00736794469005236,0.0439076014395954));
#8442=CARTESIAN_POINT('',(-0.0401370606964681,-0.00712955884521261,0.0436803619140571));
#8443=CARTESIAN_POINT('',(-0.0401318697107632,-0.00659919040568966,0.0432880722308021));
#8444=CARTESIAN_POINT('',(-0.0401269057387188,-0.00587214089669171,0.0428944037245965));
#8445=CARTESIAN_POINT('',(-0.0401243262950407,-0.00508077098329757,0.0426549790678927));
#8446=CARTESIAN_POINT('',(-0.0401236434741662,-0.00442879907995568,0.0425543011452951));
#8447=CARTESIAN_POINT('',(-0.0401239172556021,-0.00409958087888541,0.0425448825805513));
#8448=CARTESIAN_POINT('',(-0.0401240541463201,-0.00393497177835027,0.0425401732981794));
#8449=CARTESIAN_POINT('',(-0.0403653406584024,-0.00748723142157493,0.0440164709107188));
#8450=CARTESIAN_POINT('',(-0.0403605938535388,-0.00736803796124408,0.0439029169683689));
#8451=CARTESIAN_POINT('',(-0.0403511002438115,-0.00712965104058238,0.043675809083669));
#8452=CARTESIAN_POINT('',(-0.0403346050011568,-0.00659928248481555,0.0432837442574614));
#8453=CARTESIAN_POINT('',(-0.0403178777247174,-0.00587223533558194,0.0428902971583462));
#8454=CARTESIAN_POINT('',(-0.0403073924055637,-0.00508087035983066,0.0426509990757021));
#8455=CARTESIAN_POINT('',(-0.0403026981419338,-0.00442890317729694,0.0425503668077221));
#8456=CARTESIAN_POINT('',(-0.0403020193386781,-0.00409968746855054,0.0425409461352814));
#8457=CARTESIAN_POINT('',(-0.0403016799370503,-0.00393507961417734,0.042536235799061));
#8458=CARTESIAN_POINT('',(-0.0407895203817104,-0.00748716450935959,0.0439924823326365));
#8459=CARTESIAN_POINT('',(-0.040779101740054,-0.00736797143271002,0.0438792545197236));
#8460=CARTESIAN_POINT('',(-0.0407582644567412,-0.00712958527941088,0.0436527988938978));
#8461=CARTESIAN_POINT('',(-0.0407223686709712,-0.00659921680655528,0.043261861794473));
#8462=CARTESIAN_POINT('',(-0.0406864715785678,-0.00587216797414032,0.0428695494180702));
#8463=CARTESIAN_POINT('',(-0.0406648631475924,-0.00508079947645377,0.0426309472409857));
#8464=CARTESIAN_POINT('',(-0.040655981356191,-0.00442882892664988,0.0425306130139562));
#8465=CARTESIAN_POINT('',(-0.0406553223262109,-0.00409961144017241,0.0425212247851191));
#8466=CARTESIAN_POINT('',(-0.0406549928112208,-0.00393500269693367,0.0425165306707006));
#8467=CARTESIAN_POINT('',(-0.0413998397590003,-0.00748720199061788,0.0439180656489306));
#8468=CARTESIAN_POINT('',(-0.0413810431219183,-0.00736800869904865,0.0438058523840951));
#8469=CARTESIAN_POINT('',(-0.0413434498477543,-0.00712962211591018,0.0435814258544243));
#8470=CARTESIAN_POINT('',(-0.0412785254583085,-0.00659925359663772,0.0431939906946376));
#8471=CARTESIAN_POINT('',(-0.0412133300344895,-0.00587220570712379,0.0428051908979942));
#8472=CARTESIAN_POINT('',(-0.0411736021008153,-0.00508083918235187,0.0425687218503595));
#8473=CARTESIAN_POINT('',(-0.0411568262823768,-0.00442887051881705,0.0424692816237338));
#8474=CARTESIAN_POINT('',(-0.0411551978505922,-0.00409965402818381,0.0424599745193984));
#8475=CARTESIAN_POINT('',(-0.0411543836346999,-0.00393504578286719,0.0424553209672307));
#8476=CARTESIAN_POINT('',(-0.042115739406474,-0.007487190015288,0.0437657863090203));
#8477=CARTESIAN_POINT('',(-0.0420872063108554,-0.00736799679237951,0.0436556480846677));
#8478=CARTESIAN_POINT('',(-0.042030140119618,-0.00712961034656252,0.0434353716359626));
#8479=CARTESIAN_POINT('',(-0.0419316316534099,-0.00659924184201286,0.0430551011937222));
#8480=CARTESIAN_POINT('',(-0.0418327874430423,-0.00587219365100604,0.0426734918671422));
#8481=CARTESIAN_POINT('',(-0.0417726902697001,-0.0050808264955475,0.0424413970690396));
#8482=CARTESIAN_POINT('',(-0.0417474365473248,-0.00442885722904626,0.0423437972315888));
#8483=CARTESIAN_POINT('',(-0.0417450883937678,-0.00409964042008372,0.0423346631578226));
#8484=CARTESIAN_POINT('',(-0.0417439143169893,-0.00393503201560245,0.0423300961209395));
#8485=CARTESIAN_POINT('',(-0.0430634788963112,-0.00748719391370072,0.043474634677464));
#8486=CARTESIAN_POINT('',(-0.0430220241125026,-0.00736800066847309,0.0433684641955717));
#8487=CARTESIAN_POINT('',(-0.0429391145448853,-0.0071296141780178,0.043156123231787));
#8488=CARTESIAN_POINT('',(-0.0427959811021566,-0.00659924566921351,0.042789552030201));
#8489=CARTESIAN_POINT('',(-0.0426523372379174,-0.00587219757752714,0.0424216900884523));
#8490=CARTESIAN_POINT('',(-0.0425649614422519,-0.00508083062906719,0.0421979562705273));
#8491=CARTESIAN_POINT('',(-0.0425282078227069,-0.00442886156035638,0.0421038721969839));
#8492=CARTESIAN_POINT('',(-0.0425247592546784,-0.00409964485579929,0.0420950670081406));
#8493=CARTESIAN_POINT('',(-0.0425230349706641,-0.00393503650352075,0.042090664413719));
#8494=CARTESIAN_POINT('',(-0.0441770603606069,-0.0074871921774221,0.0429626351725447));
#8495=CARTESIAN_POINT('',(-0.0441204334207762,-0.0073679989418857,0.0428634417029403));
#8496=CARTESIAN_POINT('',(-0.0440071795411148,-0.00712961247081289,0.0426650547637316));
#8497=CARTESIAN_POINT('',(-0.0438116670233145,-0.0065992439597704,0.0423225725105124));
#8498=CARTESIAN_POINT('',(-0.0436154683573973,-0.00587219581483771,0.0419788837792172));
#8499=CARTESIAN_POINT('',(-0.0434961443102877,-0.00508082876123063,0.0417698511294155));
#8500=CARTESIAN_POINT('',(-0.0434459701445465,-0.00442885959288865,0.0416819482580708));
#8501=CARTESIAN_POINT('',(-0.043441277554016,-0.00409964283586052,0.0416737208011712));
#8502=CARTESIAN_POINT('',(-0.0434389312587507,-0.00393503445734646,0.0416696070727215));
#8503=CARTESIAN_POINT('',(-0.0453974275247352,-0.0074871920202226,0.0421142114894085));
#8504=CARTESIAN_POINT('',(-0.0453241688664125,-0.00736799878668305,0.0420265808823605));
#8505=CARTESIAN_POINT('',(-0.0451776515497669,-0.00712961231960394,0.0418513196682645));
#8506=CARTESIAN_POINT('',(-0.0449247133003771,-0.0065992438269188,0.0415487617297637));
#8507=CARTESIAN_POINT('',(-0.044670883481264,-0.00587219571762901,0.0412451405341433));
#8508=CARTESIAN_POINT('',(-0.0445165023707887,-0.00508082871267211,0.0410604817126922));
#8509=CARTESIAN_POINT('',(-0.0444515808118794,-0.00442885958712644,0.0409828327973307));
#8510=CARTESIAN_POINT('',(-0.0444455036059591,-0.00409964285215999,0.0409755686270054));
#8511=CARTESIAN_POINT('',(-0.044442465002999,-0.00393503448467677,0.0409719365418428));
#8512=CARTESIAN_POINT('',(-0.0464388972573065,-0.00748719473255498,0.041075449105365));
#8513=CARTESIAN_POINT('',(-0.0463514468831135,-0.00736800147939854,0.0410019706264465));
#8514=CARTESIAN_POINT('',(-0.0461765461347275,-0.00712961497308565,0.0408550136686097));
#8515=CARTESIAN_POINT('',(-0.0458746101107693,-0.00659924640965695,0.040601312263142));
#8516=CARTESIAN_POINT('',(-0.0455716124122807,-0.00587219822169114,0.0403467097326786));
#8517=CARTESIAN_POINT('',(-0.0453873317108039,-0.00508083114831008,0.0401918463473001));
#8518=CARTESIAN_POINT('',(-0.0453098408030147,-0.00442886197113658,0.0401267107286691));
#8519=CARTESIAN_POINT('',(-0.0453025905811533,-0.00409964521088866,0.0401206040324241));
#8520=CARTESIAN_POINT('',(-0.0452989654702226,-0.00393503683076469,0.0401175506843017));
#8521=CARTESIAN_POINT('',(-0.0472914525227949,-0.00748718404042483,0.0398552556609501));
#8522=CARTESIAN_POINT('',(-0.047192381519632,-0.0073679908637391,0.0397984187699601));
#8523=CARTESIAN_POINT('',(-0.0469942395133061,-0.00712960451036764,0.0396847449879801));
#8524=CARTESIAN_POINT('',(-0.0466521773840092,-0.00659923621155582,0.0394885239656237));
#8525=CARTESIAN_POINT('',(-0.0463089058168733,-0.0058721883026512,0.0392916411655446));
#8526=CARTESIAN_POINT('',(-0.0461001189402707,-0.00508082145431665,0.0391719491822371));
#8527=CARTESIAN_POINT('',(-0.0460123121610352,-0.00442885244085813,0.0391216643120728));
#8528=CARTESIAN_POINT('',(-0.0460040875973864,-0.00409963575967443,0.0391169983488157));
#8529=CARTESIAN_POINT('',(-0.0459999753155619,-0.00393502741908258,0.0391146653671872));
#8530=CARTESIAN_POINT('',(-0.0478051357073484,-0.00748721742058165,0.0387437948559129));
#8531=CARTESIAN_POINT('',(-0.0476990718697489,-0.00736802400534094,0.0387020626768223));
#8532=CARTESIAN_POINT('',(-0.04748694419455,-0.00712963717485953,0.0386185983186411));
#8533=CARTESIAN_POINT('',(-0.047120750095171,-0.00659926805294445,0.0384744587223897));
#8534=CARTESIAN_POINT('',(-0.0467532811465764,-0.0058722192793992,0.038329725812316));
#8535=CARTESIAN_POINT('',(-0.046529812419854,-0.00508085173792975,0.0382415454285563));
#8536=CARTESIAN_POINT('',(-0.0464358636438533,-0.00442888222177783,0.0382043234495106));
#8537=CARTESIAN_POINT('',(-0.0464270911329136,-0.00409966529811462,0.0382007218006029));
#8538=CARTESIAN_POINT('',(-0.0464227048774437,-0.00393505683628302,0.0381989209761491));
#8539=CARTESIAN_POINT('',(-0.0480604644045397,-0.00748715784158669,0.0379206816656087));
#8540=CARTESIAN_POINT('',(-0.0479509079407236,-0.00736796485210838,0.0378902408790786));
#8541=CARTESIAN_POINT('',(-0.0477317950130915,-0.00712957887315175,0.0378293593060183));
#8542=CARTESIAN_POINT('',(-0.0473535207662537,-0.00659921121994055,0.0377243301951284));
#8543=CARTESIAN_POINT('',(-0.0469738943126772,-0.00587216398873923,0.0376190505420525));
#8544=CARTESIAN_POINT('',(-0.0467429690610381,-0.00508079768309662,0.0375552332041695));
#8545=CARTESIAN_POINT('',(-0.046645827745231,-0.0044288290630042,0.0375285923120292));
#8546=CARTESIAN_POINT('',(-0.0466367086098968,-0.00409961257152344,0.0375262632522228));
#8547=CARTESIAN_POINT('',(-0.0466321490422297,-0.00393500432578306,0.0375250987223195));
#8548=CARTESIAN_POINT('',(-0.0481604369171197,-0.0074872413685516,0.0375039882027999));
#8549=CARTESIAN_POINT('',(-0.0480495364924412,-0.00736804778217682,0.0374791215649823));
#8550=CARTESIAN_POINT('',(-0.0478277356430842,-0.00712966060942727,0.037429388289347));
#8551=CARTESIAN_POINT('',(-0.0474448509705889,-0.00659929089720331,0.0373434295011622));
#8552=CARTESIAN_POINT('',(-0.0470606466668821,-0.00587224150379823,0.0372569998437393));
#8553=CARTESIAN_POINT('',(-0.0468270245239593,-0.00508087346571397,0.0372041317991339));
#8554=CARTESIAN_POINT('',(-0.0467288289263663,-0.00442890358950365,0.0371816242481719));
#8555=CARTESIAN_POINT('',(-0.0467196781785409,-0.00409968649218314,0.0371792862293132));
#8556=CARTESIAN_POINT('',(-0.0467151028046282,-0.00393507794352288,0.0371781172198839));
#8557=CARTESIAN_POINT('',(-0.0482048826708432,-0.00748712352547866,0.0372845725290553));
#8558=CARTESIAN_POINT('',(-0.0480933505836065,-0.00736793078122827,0.0372628431800254));
#8559=CARTESIAN_POINT('',(-0.047870286409133,-0.0071295452927275,0.0372193844819654));
#8560=CARTESIAN_POINT('',(-0.0474851787429185,-0.00659917848543471,0.0371445050953164));
#8561=CARTESIAN_POINT('',(-0.0470986747565613,-0.00587213214254226,0.0370695994335304));
#8562=CARTESIAN_POINT('',(-0.0468635306967133,-0.00508076654864213,0.0370244672702874));
#8563=CARTESIAN_POINT('',(-0.0467645825091275,-0.00442879844460121,0.037005877346007));
#8564=CARTESIAN_POINT('',(-0.0467552667231598,-0.00409958220201752,0.03700446437044));
#8565=CARTESIAN_POINT('',(-0.046750608830176,-0.00393497408072567,0.0370037578826565));
#8566=CARTESIAN_POINT('',(-0.0482255398996116,-0.00748731360975157,0.0371751837484118));
#8567=CARTESIAN_POINT('',(-0.0481137682101108,-0.0073681195071303,0.0371547076503819));
#8568=CARTESIAN_POINT('',(-0.0478902248311091,-0.00712973130188776,0.0371137554543221));
#8569=CARTESIAN_POINT('',(-0.0475043577646926,-0.00659935980885764,0.0370428040753979));
#8570=CARTESIAN_POINT('',(-0.0471172027796406,-0.00587230854540122,0.0369711860369171));
#8571=CARTESIAN_POINT('',(-0.0468818615857037,-0.00508093900896281,0.0369268807661677));
#8572=CARTESIAN_POINT('',(-0.0467830121212785,-0.00442896804636263,0.0369075666265602));
#8573=CARTESIAN_POINT('',(-0.0467738581741103,-0.00409975042506435,0.0369051851601057));
#8574=CARTESIAN_POINT('',(-0.0467692812005262,-0.00393514161441522,0.0369039944268784));
#8575=CARTESIAN_POINT('',(-0.0482402232284648,-0.00748692420679316,0.0370900412103714));
#8576=CARTESIAN_POINT('',(-0.048128165598432,-0.00736773288690415,0.0370712118139939));
#8577=CARTESIAN_POINT('',(-0.0479040503383666,-0.00712935024712614,0.037033553021239));
#8578=CARTESIAN_POINT('',(-0.0475170569850686,-0.00659898835320668,0.0369691046377854));
#8579=CARTESIAN_POINT('',(-0.0471285442003074,-0.00587194716992218,0.0369053527058113));
#8580=CARTESIAN_POINT('',(-0.0468919699265985,-0.00508058571009117,0.0368682338561096));
#8581=CARTESIAN_POINT('',(-0.0467922298636426,-0.00442862060347998,0.0368541376874251));
#8582=CARTESIAN_POINT('',(-0.0467826799544223,-0.00409940580658962,0.036854089745617));
#8583=CARTESIAN_POINT('',(-0.0467779049998121,-0.00393479840814445,0.036854065774713));
#8584=CARTESIAN_POINT('',(-0.0482475648928914,-0.00748672950531395,0.0370474699413512));
#8585=CARTESIAN_POINT('',(-0.0481353642925927,-0.00736753957679108,0.0370294638957999));
#8586=CARTESIAN_POINT('',(-0.0479109630919953,-0.00712915971974533,0.0369934518046975));
#8587=CARTESIAN_POINT('',(-0.0475234065952565,-0.00659880262538121,0.0369322549189791));
#8588=CARTESIAN_POINT('',(-0.0471342149106408,-0.00587176648218266,0.0368724360402585));
#8589=CARTESIAN_POINT('',(-0.0468970240970459,-0.00508040906065535,0.0368389104010805));
#8590=CARTESIAN_POINT('',(-0.0467968387348246,-0.00442844688203865,0.0368274232178575));
#8591=CARTESIAN_POINT('',(-0.0467870908445782,-0.00409923349735226,0.0368285420383727));
#8592=CARTESIAN_POINT('',(-0.046782216899455,-0.00393462680500906,0.0368291014486302));
#8593=CARTESIAN_POINT('',(-0.0471867237262041,-0.00634826308157909,0.037823728375806));
#8594=CARTESIAN_POINT('',(-0.0467997749097014,-0.00627653571112834,0.0389811739314037));
#8595=CARTESIAN_POINT('',(-0.0454862977478447,-0.00620028777874849,0.0411137077921499));
#8596=CARTESIAN_POINT('',(-0.043370576750954,-0.00627410545474715,0.0424364779491154));
#8597=CARTESIAN_POINT('',(-0.0422086591002575,-0.00634536525689185,0.0428329214881024));
#8598=CARTESIAN_POINT('',(-0.047186723726204,-0.00634826308157896,0.037823728375806));
#8599=CARTESIAN_POINT('',(-0.0422086591002575,-0.00634536525689185,0.0428329214881024));
#8600=CARTESIAN_POINT('',(-0.047186723726204,-0.00634826308157896,0.037823728375806));
#8601=CARTESIAN_POINT('',(-0.0472701865123965,-0.00644437148207525,0.0377293523802859));
#8602=CARTESIAN_POINT('',(-0.0473541962469884,-0.00653751489524731,0.037632586338725));
#8603=CARTESIAN_POINT('',(-0.0474386412666908,-0.00662832588189441,0.0375339445199642));
#8604=CARTESIAN_POINT('',(-0.0474386412666908,-0.00662832588189441,0.0375339445199642));
#8605=CARTESIAN_POINT('',(-0.0474386412666908,-0.00662832588189441,0.0375339445199642));
#8606=CARTESIAN_POINT('',(-0.0475723749643894,-0.00677214121971749,0.0373777276676609));
#8607=CARTESIAN_POINT('',(-0.0477096759342033,-0.00691726109462499,0.0372260116449938));
#8608=CARTESIAN_POINT('',(-0.0478533882089884,-0.00706174421593013,0.0370795409126851));
#8609=CARTESIAN_POINT('',(-0.0478533882089884,-0.00706174421593013,0.0370795409126851));
#8610=CARTESIAN_POINT('',(-0.0478533882089884,-0.00706174421593013,0.0370795409126851));
#8611=CARTESIAN_POINT('',(-0.047853263861356,-0.00706139941370822,0.0370786638371297));
#8612=CARTESIAN_POINT('',(-0.047852647768436,-0.00706056636741318,0.0370783165819603));
#8613=CARTESIAN_POINT('',(-0.0478520669876463,-0.00705982980492859,0.037078214636393));
#8614=CARTESIAN_POINT('',(-0.047852066987646,-0.00705982980492928,0.037078214636398));
#8615=CARTESIAN_POINT('',(-0.0478520669876484,-0.00705982980492927,0.0370782146363841));
#8616=CARTESIAN_POINT('',(-0.0471628144743293,-0.00618570043884689,0.0369572288207674));
#8617=CARTESIAN_POINT('',(-0.0467719107845072,-0.0050724851554108,0.0368883543384212));
#8618=CARTESIAN_POINT('',(-0.0467718125156984,-0.00393503487113586,0.0368889047386875));
#8619=CARTESIAN_POINT('',(-0.0467718125155292,-0.00393503487113636,0.0368889047396352));
#8620=CARTESIAN_POINT('',(-0.0400070443233329,-0.00393503487113636,0.0425406130634396));
#8621=CARTESIAN_POINT('',(-0.0408122655241806,-0.00393503487113636,0.0425423286704077));
#8622=CARTESIAN_POINT('',(-0.0423968207462036,-0.00393503487113637,0.0422645925267176));
#8623=CARTESIAN_POINT('',(-0.0452161231521227,-0.00393503487113636,0.0406491600473222));
#8624=CARTESIAN_POINT('',(-0.0464887584969495,-0.00393503487113638,0.0384742806966163));
#8625=CARTESIAN_POINT('',(-0.0467718125155292,-0.00393503487113637,0.0368889047396352));
#8626=CARTESIAN_POINT('',(-0.0400070443233329,-0.00393503487113636,0.0425406130634396));
#8627=CARTESIAN_POINT('',(-0.0400070443233328,-0.00393503487113637,0.0425406130634397));
#8628=CARTESIAN_POINT('',(-0.04000596086641,-0.00524403285915594,0.0425406107550227));
#8629=CARTESIAN_POINT('',(-0.0400037052286219,-0.00654497023108271,0.0430794733475046));
#8630=CARTESIAN_POINT('',(-0.0399999794012075,-0.00747057100238399,0.0440050687192258));
#8631=CARTESIAN_POINT('',(-0.0399990508544544,-0.00747056420548769,0.0440050609799655));
#8632=CARTESIAN_POINT('',(-0.0412249349840449,-0.00747056278060461,0.0439176309890255));
#8633=CARTESIAN_POINT('',(-0.0408216113340099,-0.00747056278060462,0.0439765716613223));
#8634=CARTESIAN_POINT('',(-0.0404133631360418,-0.0074705627806046,0.0440061372195445));
#8635=CARTESIAN_POINT('',(-0.0399999794226223,-0.0074705627806046,0.0440050604974831));
#8636=CARTESIAN_POINT('',(-0.0412249349840449,-0.00747056278060461,0.0439176309890255));
#8637=CARTESIAN_POINT('',(-0.0412249349840449,-0.0074705627806046,0.0439176309890255));
#8638=CARTESIAN_POINT('',(-0.0412420316196208,-0.00745448486599704,0.0438988838973897));
#8639=CARTESIAN_POINT('',(-0.0412592723084994,-0.00743840851365469,0.0438802688856243));
#8640=CARTESIAN_POINT('',(-0.0412766640997852,-0.00742234493293675,0.0438617828050642));
#8641=CARTESIAN_POINT('',(-0.0412766640997852,-0.00742234493293675,0.0438617828050642));
#8642=CARTESIAN_POINT('',(-0.0422086591002575,-0.00634536525689185,0.0428329214881024));
#8643=CARTESIAN_POINT('',(-0.0419328363262643,-0.00675622855568851,0.0431537041746843));
#8644=CARTESIAN_POINT('',(-0.0416171978632933,-0.00710781772251838,0.0434998227008854));
#8645=CARTESIAN_POINT('',(-0.0412766640997852,-0.00742234493293675,0.0438617828050642));
#8646=CARTESIAN_POINT('',(-0.0509549897295125,-0.010253048327205,0.0376221351996281));
#8647=CARTESIAN_POINT('',(-0.0482147776162458,-0.00747056259228617,0.0371389618711951));
#8648=CARTESIAN_POINT('',(-0.0524189277067088,-0.00747056259228617,0.0132960418962079));
#8649=CARTESIAN_POINT('',(-0.048283931570387,-0.00747056259228617,0.0367467703083195));
#8650=CARTESIAN_POINT('',(-0.0525263311044138,-0.0127725220078959,0.0432196786214238));
#8651=CARTESIAN_POINT('',(-0.0527716332543581,-0.0117792055306613,0.0361082223343854));
#8652=CARTESIAN_POINT('',(-0.0512343945862386,-0.0102265102768059,0.0358847250527471));
#8653=CARTESIAN_POINT('',(-0.0540154543803047,-0.0130355329955858,0.0362890599923617));
#8654=CARTESIAN_POINT('',(-0.0536952007924448,-0.0130355329955858,0.0381053083428589));
#8655=CARTESIAN_POINT('',(-0.0578993507048808,-0.0130355329955858,0.0142623893775132));
#8656=CARTESIAN_POINT('',(-0.0561644346124025,-0.010253048327205,0.00807790514499347));
#8657=CARTESIAN_POINT('',(-0.0441003389482253,-0.00632796894950524,0.0411281130956118));
#8658=CARTESIAN_POINT('',(-0.0470233894367871,-0.00630108792898783,0.038493819026281));
#8659=CARTESIAN_POINT('',(-0.0506155772684707,-0.0448884360101453,0.0420860068579646));
#8660=CARTESIAN_POINT('',(-0.0471298740549094,-0.00744494766497765,0.0386003036444033));
#8661=CARTESIAN_POINT('',(-0.0471298740549094,-0.00744494766497764,0.0386003036444033));
#8662=CARTESIAN_POINT('',(-0.0468499474269097,-0.00709182049421467,0.038789676221413));
#8663=CARTESIAN_POINT('',(-0.0465884312372301,-0.00671738399347591,0.0389587187121612));
#8664=CARTESIAN_POINT('',(-0.046357791801008,-0.0063072089124514,0.0390936649445621));
#8665=CARTESIAN_POINT('',(-0.046357791801008,-0.00630720891245141,0.0390936649445621));
#8666=CARTESIAN_POINT('',(-0.0441003389482253,-0.00632796894950524,0.0411281130956118));
#8667=CARTESIAN_POINT('',(-0.0411772884596635,-0.00635484997002266,0.0437624071649425));
#8668=CARTESIAN_POINT('',(-0.0447694762913472,-0.0449421980511803,0.0473545949966261));
#8669=CARTESIAN_POINT('',(-0.0447694762913472,-0.0449421980511803,0.0473545949966261));
#8670=CARTESIAN_POINT('',(-0.0435764844275434,-0.0452409124243335,0.048480619695929));
#8671=CARTESIAN_POINT('',(-0.0423889009044611,-0.0455668660620187,0.0496065960315204));
#8672=CARTESIAN_POINT('',(-0.0412211658195294,-0.0459550458688165,0.0507257208521773));
#8673=CARTESIAN_POINT('',(-0.0412211658195294,-0.0459550458688185,0.0507257208521764));
#8674=CARTESIAN_POINT('',(-0.0375378053348312,-0.00638831946394151,0.047042360367493));
#8675=CARTESIAN_POINT('',(-0.04177343784416,-0.0518875621649371,0.0512779928768218));
#8676=CARTESIAN_POINT('',(-0.04177343784416,-0.0518875621649372,0.0512779928768218));
#8677=CARTESIAN_POINT('',(-0.0430125195886158,-0.0522539537938948,0.0502281217244828));
#8678=CARTESIAN_POINT('',(-0.0442579838100518,-0.0525572817042796,0.0491613569664594));
#8679=CARTESIAN_POINT('',(-0.0455040936219997,-0.052833470994738,0.0480892123272788));
#8680=CARTESIAN_POINT('',(-0.0455040936219997,-0.052833470994738,0.0480892123272788));
#8681=CARTESIAN_POINT('',(-0.0411772884596635,-0.00635484997002266,0.0437624071649425));
#8682=CARTESIAN_POINT('',(-0.0458751526018035,-0.0568193934139496,0.0484602713070825));
#8683=CARTESIAN_POINT('',(-0.0487982030903653,-0.0567925123934322,0.0458259772377518));
#8684=CARTESIAN_POINT('',(-0.0480553748658403,-0.0567993436065168,0.0464954244450631));
#8685=CARTESIAN_POINT('',(-0.0474013854351097,-0.0497741770541394,0.0458414350143324));
#8686=CARTESIAN_POINT('',(-0.0465628040930965,-0.0407661207790143,0.0450028536723193));
#8687=CARTESIAN_POINT('',(-0.0470445799331814,-0.0379550600273298,0.0440723540805679));
#8688=CARTESIAN_POINT('',(-0.0480484605421465,-0.0407524583528452,0.0436639592576967));
#8689=CARTESIAN_POINT('',(-0.0488870418841596,-0.0497605146279702,0.0445025405997099));
#8690=CARTESIAN_POINT('',(-0.0495410313148902,-0.0567856811803476,0.0451565300304405));
#8691=CARTESIAN_POINT('',(-0.0487982030903653,-0.0567925123934322,0.0458259772377518));
#8692=CARTESIAN_POINT('',(-0.0517212535789271,-0.0567656313729148,0.043191683168421));
#8693=CARTESIAN_POINT('',(-0.0470233894367871,-0.00630108792898783,0.038493819026281));
#8694=CARTESIAN_POINT('',(-0.0513501945991233,-0.0527797089537033,0.0428206241886173));
#8695=CARTESIAN_POINT('',(-0.0513501945991233,-0.0527797089537033,0.0428206241886173));
#8696=CARTESIAN_POINT('',(-0.0525431864629275,-0.0524809945805499,0.0416945994893139));
#8697=CARTESIAN_POINT('',(-0.0537307699860104,-0.0521550409428646,0.0405686231537221));
#8698=CARTESIAN_POINT('',(-0.0548985050709425,-0.0517668611360665,0.0394494983330648));
#8699=CARTESIAN_POINT('',(-0.0548985050709415,-0.0517668611360651,0.0394494983330643));
#8700=CARTESIAN_POINT('',(-0.0506628725616193,-0.00626761843506898,0.0352138658237306));
#8701=CARTESIAN_POINT('',(-0.0543462330463029,-0.0458343448399461,0.0388972263084272));
#8702=CARTESIAN_POINT('',(-0.0543462330463036,-0.0458343448399443,0.0388972263084274));
#8703=CARTESIAN_POINT('',(-0.05310715130185,-0.0454679532109876,0.0399470974607646));
#8704=CARTESIAN_POINT('',(-0.0518616870804165,-0.0451646253006032,0.0410138622187859));
#8705=CARTESIAN_POINT('',(-0.0506155772684708,-0.0448884360101453,0.0420860068579645));
#8706=CARTESIAN_POINT('',(-0.0358836807844057,-0.00593498651565758,0.0535661958271864));
#8707=CARTESIAN_POINT('',(-0.046357791801008,-0.00630720891245142,0.0390936649445621));
#8708=CARTESIAN_POINT('',(-0.0467407047505929,-0.00630368756005109,0.0387485784275456));
#8709=CARTESIAN_POINT('',(-0.0470236956374982,-0.00631804312582845,0.0383113797877307));
#8710=CARTESIAN_POINT('',(-0.047186723726204,-0.0063482630815791,0.037823728375806));
#8711=CARTESIAN_POINT('',(-0.0547717057731558,-0.0116672615254393,0.0078323294738235));
#8712=CARTESIAN_POINT('',(-0.0519820058321868,1364.72318818407,0.00734043010617704));
#8713=CARTESIAN_POINT('',(-0.0525015364041419,-0.00883452450752681,0.00439402581871203));
#8714=CARTESIAN_POINT('',(-0.0526063385678058,-0.00600609665440989,0.00379966321326864));
#8715=CARTESIAN_POINT('',(-0.0547717057731558,-0.0116672615254393,0.0078323294738235));
#8716=CARTESIAN_POINT('',(-0.058080937241488,-0.0145,0.00537782752358114));
#8717=CARTESIAN_POINT('',(-0.0630775333005554,-0.0145,0.00525579010611986));
#8718=CARTESIAN_POINT('',(-0.0614100825145665,-0.0145,0.00525622651129455));
#8719=CARTESIAN_POINT('',(-0.059741661341117,-0.0145,0.00528441676343256));
#8720=CARTESIAN_POINT('',(-0.058080937241488,-0.0145,0.00537782752358112));
#8721=CARTESIAN_POINT('',(-0.0630775333005554,-0.0145,0.00525579010611986));
#8722=CARTESIAN_POINT('',(-0.0630775333005554,-0.0145,0.00525579010611986));
#8723=CARTESIAN_POINT('',(-0.0627034859971157,-0.0145,0.00525588800177002));
#8724=CARTESIAN_POINT('',(-0.0619905707699383,-0.0144127557767188,0.00501168182256172));
#8725=CARTESIAN_POINT('',(-0.0608900804547564,-0.013988524955149,0.00410180728468553));
#8726=CARTESIAN_POINT('',(-0.0602635836900458,-0.0134679192850351,0.00334416995012164));
#8727=CARTESIAN_POINT('',(-0.0599099406457888,-0.0130355329955858,0.00285976719893531));
#8728=CARTESIAN_POINT('',(-0.0599099406457888,-0.0130355329955858,0.00285976719893531));
#8729=CARTESIAN_POINT('',(-0.0561644346124025,-0.010253048327205,0.00807790514499347));
#8730=CARTESIAN_POINT('',(-0.0547817019719334,0.0116774101208605,0.00783408161509148));
#8731=CARTESIAN_POINT('',(-0.0547817019719334,0.0116774101208605,0.00783408161509148));
#8732=CARTESIAN_POINT('',(-0.0514658309685285,0.00883452450752682,0.0102678032261858));
#8733=CARTESIAN_POINT('',(-0.0616907458504212,0.0145,0.01312065255974));
#8734=CARTESIAN_POINT('',(-0.0613400580757622,0.0145,0.012992388298066));
#8735=CARTESIAN_POINT('',(-0.0605881157127682,0.0144131175246964,0.012974464071615));
#8736=CARTESIAN_POINT('',(-0.0592427181220367,0.0139888289622002,0.0134458354619742));
#8737=CARTESIAN_POINT('',(-0.0583952947078204,0.0134679404419747,0.0139398851267054));
#8738=CARTESIAN_POINT('',(-0.0578976629943871,0.0130355329955857,0.0142719608593534));
#8739=CARTESIAN_POINT('',(-0.0578976629943871,0.0130355329955858,0.0142719608593534));
#8740=CARTESIAN_POINT('',(-0.0561744308111801,0.0102631969226262,0.00807965728626145));
#8741=CARTESIAN_POINT('',(-0.0524206280282702,0.00747056259228611,0.0132863988934496));
#8742=CARTESIAN_POINT('',(-0.0524206280282702,0.00747056259228611,0.0132863988934496));
#8743=CARTESIAN_POINT('',(-0.0520669764299175,0.00703769351782973,0.0127992644083343));
#8744=CARTESIAN_POINT('',(-0.0516677679337381,0.0062941572434707,0.0120814998493521));
#8745=CARTESIAN_POINT('',(-0.0513719292317956,0.00504884616459049,0.0113025484595607));
#8746=CARTESIAN_POINT('',(-0.051306854481375,0.00430351924778194,0.011169403687563));
#8747=CARTESIAN_POINT('',(-0.0512956415144457,0.00393502959678772,0.0112329955830162));
#8748=CARTESIAN_POINT('',(-0.0512956415143289,0.00393502959670034,0.0112329955836783));
#8749=CARTESIAN_POINT('',(-0.0519820076206582,-1345.016030544,0.00734041996325138));
#8750=CARTESIAN_POINT('',(-0.00971596431541715,-0.0151794502156333,0.04242918247802));
#8751=CARTESIAN_POINT('',(-0.00981871552536336,-0.015223205564204,0.0424759905834368));
#8752=CARTESIAN_POINT('',(-0.00987642244454804,-0.015237753120416,0.0424922526225507));
#8753=CARTESIAN_POINT('',(-0.00999585885418293,-0.0152500098919016,0.0425080578711528));
#8754=CARTESIAN_POINT('',(-0.010057510239957,-0.015247711091938,0.0425075907448998));
#8755=CARTESIAN_POINT('',(-0.0101754487386079,-0.0152266033039881,0.0424899869308628));
#8756=CARTESIAN_POINT('',(-0.0102316587263579,-0.0152078081193047,0.0424728617549803));
#8757=CARTESIAN_POINT('',(-0.010330144246721,-0.0151565492412916,0.042424528899412));
#8758=CARTESIAN_POINT('',(-0.0103723553753566,-0.0151241190683782,0.0423933528266887));
#8759=CARTESIAN_POINT('',(-0.0104363943897298,-0.015050512799816,0.0423216491687103));
#8760=CARTESIAN_POINT('',(-0.0104581803975615,-0.0150093848385186,0.0422811684736065));
#8761=CARTESIAN_POINT('',(-0.0104780235465211,-0.0149246370665535,0.0421970102451501));
#8762=CARTESIAN_POINT('',(-0.0104760677113476,-0.0148810726761536,0.0421533877465369));
#8763=CARTESIAN_POINT('',(-0.0104486940553426,-0.0147980854808272,0.0420695872749891));
#8764=CARTESIAN_POINT('',(-0.0104232941353395,-0.0147587169448505,0.042029464102841));
#8765=CARTESIAN_POINT('',(-0.0103528710653543,-0.0146901243743708,0.0419587792503421));
#8766=CARTESIAN_POINT('',(-0.0103078939680906,-0.014660945195543,0.0419282637939012));
#8767=CARTESIAN_POINT('',(-0.0102051427581443,-0.0146171898469722,0.0418814556884842));
#8768=CARTESIAN_POINT('',(-0.0101474358389597,-0.0146026422907603,0.0418651936493705));
#8769=CARTESIAN_POINT('',(-0.0100279994293248,-0.0145903855192746,0.0418493884007683));
#8770=CARTESIAN_POINT('',(-0.00996634804355073,-0.0145926843192382,0.0418498555270213));
#8771=CARTESIAN_POINT('',(-0.00984840954489975,-0.0146137921071882,0.0418674593410584));
#8772=CARTESIAN_POINT('',(-0.00979219955714981,-0.0146325872918715,0.0418845845169407));
#8773=CARTESIAN_POINT('',(-0.00969371403678668,-0.0146838461698847,0.0419329173725092));
#8774=CARTESIAN_POINT('',(-0.0096515029081511,-0.014716276342798,0.0419640934452325));
#8775=CARTESIAN_POINT('',(-0.00958746389377784,-0.0147898826113602,0.0420357971032109));
#8776=CARTESIAN_POINT('',(-0.00956567788594614,-0.0148310105726576,0.0420762777983146));
#8777=CARTESIAN_POINT('',(-0.00954583473698662,-0.0149157583446227,0.0421604360267711));
#8778=CARTESIAN_POINT('',(-0.00954779057216005,-0.0149593227350227,0.0422040585253842));
#8779=CARTESIAN_POINT('',(-0.00957516422816508,-0.0150423099303491,0.0422878589969321));
#8780=CARTESIAN_POINT('',(-0.0096005641481682,-0.0150816784663258,0.0423279821690801));
#8781=CARTESIAN_POINT('',(-0.00967098721815341,-0.0151502710368055,0.0423986670215789));
#8782=CARTESIAN_POINT('',(-0.00971596431541715,-0.0151794502156333,0.04242918247802));
#8783=CARTESIAN_POINT('',(-0.00981871552536336,-0.015223205564204,0.0424759905834368));
#8784=CARTESIAN_POINT('',(-0.00680853541739904,-0.0144702509188316,0.0481400379713344));
#8785=CARTESIAN_POINT('',(-0.00791953905720086,-0.014958854482999,0.0486306710574852));
#8786=CARTESIAN_POINT('',(-0.00854349859294145,-0.0151248522333987,0.0487978086237677));
#8787=CARTESIAN_POINT('',(-0.00983491195828594,-0.0152753859778761,0.0489507014530586));
#8788=CARTESIAN_POINT('',(-0.0105015212763483,-0.0152598235313707,0.0489363567327755));
#8789=CARTESIAN_POINT('',(-0.0117767383890535,-0.0150493700581533,0.0487282327579243));
#8790=CARTESIAN_POINT('',(-0.0123845122635908,-0.0148546166561492,0.0485345896047034));
#8791=CARTESIAN_POINT('',(-0.0134493928781195,-0.0143152155987687,0.0479971338142323));
#8792=CARTESIAN_POINT('',(-0.0139058032462173,-0.0139709206812773,0.0476536726427722));
#8793=CARTESIAN_POINT('',(-0.0145982289421742,-0.0131846909610368,0.0468687078087314));
#8794=CARTESIAN_POINT('',(-0.0148337914626601,-0.0127432703082052,0.0464277174689038));
#8795=CARTESIAN_POINT('',(-0.0150483467046899,-0.0118299082728211,0.0455147473715519));
#8796=CARTESIAN_POINT('',(-0.0150271991191998,-0.0113585641775546,0.0450433646450081));
#8797=CARTESIAN_POINT('',(-0.0147312198166515,-0.010457120917267,0.0441413807055728));
#8798=CARTESIAN_POINT('',(-0.0144565816533729,-0.0100276112453247,0.0437113693393336));
#8799=CARTESIAN_POINT('',(-0.0136951279720006,-0.00927532332490907,0.0429576904360893));
#8800=CARTESIAN_POINT('',(-0.0132088104016911,-0.00895303703032932,0.042634515762602));
#8801=CARTESIAN_POINT('',(-0.0120978067618893,-0.00846443346616188,0.0421438826764513));
#8802=CARTESIAN_POINT('',(-0.0114738472261487,-0.00829843571576213,0.0419767451101688));
#8803=CARTESIAN_POINT('',(-0.0101824338608042,-0.00814790197128474,0.0418238522808779));
#8804=CARTESIAN_POINT('',(-0.00951582454274186,-0.00816346441779017,0.041838197001161));
#8805=CARTESIAN_POINT('',(-0.00824060743003671,-0.00837391789100759,0.0420463209760122));
#8806=CARTESIAN_POINT('',(-0.00763283355549933,-0.00856867129301168,0.042239964129233));
#8807=CARTESIAN_POINT('',(-0.00656795294097069,-0.00910807235039221,0.0427774199197042));
#8808=CARTESIAN_POINT('',(-0.00611154257287286,-0.00945236726788357,0.0431208810911642));
#8809=CARTESIAN_POINT('',(-0.005419116876916,-0.0102385969881241,0.0439058459252051));
#8810=CARTESIAN_POINT('',(-0.00518355435643006,-0.0106800176409557,0.0443468362650327));
#8811=CARTESIAN_POINT('',(-0.00496899911440024,-0.0115933796763397,0.0452598063623845));
#8812=CARTESIAN_POINT('',(-0.00499014669989032,-0.0120647237716063,0.0457311890889284));
#8813=CARTESIAN_POINT('',(-0.00528612600243867,-0.0129661670318939,0.0466331730283637));
#8814=CARTESIAN_POINT('',(-0.00556076416571727,-0.0133956767038362,0.0470631843946028));
#8815=CARTESIAN_POINT('',(-0.00632221784708961,-0.0141479646242518,0.0478168632978471));
#8816=CARTESIAN_POINT('',(-0.00680853541739904,-0.0144702509188316,0.0481400379713344));
#8817=CARTESIAN_POINT('',(-0.00791953905720086,-0.014958854482999,0.0486306710574852));
#8818=CARTESIAN_POINT('',(-0.00552704703814296,-0.014157661793076,0.0506571743165368));
#8819=CARTESIAN_POINT('',(-0.00708245149307648,-0.0148423381895691,0.0513434292304893));
#8820=CARTESIAN_POINT('',(-0.00795599448323426,-0.015075089649413,0.0515770672140005));
#8821=CARTESIAN_POINT('',(-0.00976397244987356,-0.015286570828969,0.0517903832377203));
#8822=CARTESIAN_POINT('',(-0.0106972251106828,-0.015265162251911,0.0517699217812743));
#8823=CARTESIAN_POINT('',(-0.0124825283329684,-0.0149712521220243,0.0514778234838648));
#8824=CARTESIAN_POINT('',(-0.0133334114067771,-0.0146989427698524,0.0512063776587219));
#8825=CARTESIAN_POINT('',(-0.0148242436529303,-0.013944386483496,0.0504533343580858));
#8826=CARTESIAN_POINT('',(-0.0154632179050252,-0.013462632986588,0.0499722293304617));
#8827=CARTESIAN_POINT('',(-0.0164326134799971,-0.0123623048982899,0.0488728850427662));
#8828=CARTESIAN_POINT('',(-0.016762400872813,-0.0117444498594439,0.0482553646918889));
#8829=CARTESIAN_POINT('',(-0.0170627780879065,-0.0104658649461484,0.0469770846193548));
#8830=CARTESIAN_POINT('',(-0.0170331714804176,-0.00980597119415866,0.0463171608208093));
#8831=CARTESIAN_POINT('',(-0.0166188006275608,-0.00854378241851408,0.0450545515168424));
#8832=CARTESIAN_POINT('',(-0.0162343073573727,-0.00794231279516918,0.0444526916867329));
#8833=CARTESIAN_POINT('',(-0.0151682726426321,-0.00688867695649785,0.0433979739722805));
#8834=CARTESIAN_POINT('',(-0.0144874283246904,-0.00643719975961625,0.0429458058138682));
#8835=CARTESIAN_POINT('',(-0.0129320238697569,-0.00575252336312316,0.0422595508999157));
#8836=CARTESIAN_POINT('',(-0.0120584808795992,-0.00551977190327928,0.0420259129164046));
#8837=CARTESIAN_POINT('',(-0.0102505029129599,-0.0053082907237233,0.0418125968926847));
#8838=CARTESIAN_POINT('',(-0.00931725025215064,-0.00532969930078123,0.0418330583491308));
#8839=CARTESIAN_POINT('',(-0.007531947029865,-0.005623609430668,0.0421251566465403));
#8840=CARTESIAN_POINT('',(-0.00668106395605632,-0.00589591878283991,0.0423966024716832));
#8841=CARTESIAN_POINT('',(-0.00519023170990312,-0.00665047506919626,0.0431496457723193));
#8842=CARTESIAN_POINT('',(-0.0045512574578082,-0.00713222856610424,0.0436307507999434));
#8843=CARTESIAN_POINT('',(-0.00358186188283638,-0.00823255665440239,0.0447300950876388));
#8844=CARTESIAN_POINT('',(-0.00325207449002044,-0.0088504116932484,0.0453476154385162));
#8845=CARTESIAN_POINT('',(-0.00295169727492697,-0.0101289966065439,0.0466258955110503));
#8846=CARTESIAN_POINT('',(-0.00298130388241588,-0.0107888903585336,0.0472858193095958));
#8847=CARTESIAN_POINT('',(-0.00339567473527265,-0.0120510791341782,0.0485484286135627));
#8848=CARTESIAN_POINT('',(-0.00378016800546079,-0.0126525487575231,0.0491502884436722));
#8849=CARTESIAN_POINT('',(-0.00484620272020131,-0.0137061845961944,0.0502050061581246));
#8850=CARTESIAN_POINT('',(-0.00552704703814296,-0.014157661793076,0.0506571743165368));
#8851=CARTESIAN_POINT('',(-0.00708245149307648,-0.0148423381895691,0.0513434292304893));
#8852=CARTESIAN_POINT('',(-0.00458808395454054,-0.0139286237041076,0.052501512620963));
#8853=CARTESIAN_POINT('',(-0.00646910662535964,-0.0147569651967743,0.0533311021742505));
#8854=CARTESIAN_POINT('',(-0.00752552263549109,-0.0150386279615322,0.0536134658721986));
#8855=CARTESIAN_POINT('',(-0.00971199415600344,-0.015294766113797,0.0538710547507335));
#8856=CARTESIAN_POINT('',(-0.0108406198372633,-0.015269074001391,0.0538461114827143));
#8857=CARTESIAN_POINT('',(-0.0129996697388848,-0.0149140141014697,0.0534924841147887));
#8858=CARTESIAN_POINT('',(-0.0140286820623184,-0.0145848785031139,0.0531640312672467));
#8859=CARTESIAN_POINT('',(-0.0158316145693634,-0.0136726752021435,0.0522530242139872));
#8860=CARTESIAN_POINT('',(-0.0166043557367478,-0.0130902040290663,0.0516710657555284));
#8861=CARTESIAN_POINT('',(-0.0177766907186425,-0.0117597320104758,0.050341371582494));
#8862=CARTESIAN_POINT('',(-0.0181755178921597,-0.0110126012186638,0.0495945054129524));
#8863=CARTESIAN_POINT('',(-0.0185387779751536,-0.0094664127865248,0.0480485580042799));
#8864=CARTESIAN_POINT('',(-0.0185029733330131,-0.00866836626627379,0.0472504877276093));
#8865=CARTESIAN_POINT('',(-0.018001855462431,-0.00714185459314653,0.0457236435622211));
#8866=CARTESIAN_POINT('',(-0.0175368699368288,-0.00641438769285493,0.0449958681435194));
#8867=CARTESIAN_POINT('',(-0.0162476647658222,-0.00513995034311034,0.0437205754047192));
#8868=CARTESIAN_POINT('',(-0.0154242881879268,-0.00459381330384364,0.043173892054183));
#8869=CARTESIAN_POINT('',(-0.0135432655171077,-0.00376547181117697,0.0423443025008956));
#8870=CARTESIAN_POINT('',(-0.0124868495069762,-0.00348380904641906,0.0420619388029475));
#8871=CARTESIAN_POINT('',(-0.0103003779864639,-0.00322767089415432,0.0418043499244126));
#8872=CARTESIAN_POINT('',(-0.00917175230520404,-0.00325336300656034,0.0418292931924318));
#8873=CARTESIAN_POINT('',(-0.00701270240358252,-0.00360842290648162,0.0421829205603574));
#8874=CARTESIAN_POINT('',(-0.00598369008014896,-0.00393755850483734,0.0425113734078993));
#8875=CARTESIAN_POINT('',(-0.00418075757310393,-0.00484976180580774,0.0434223804611589));
#8876=CARTESIAN_POINT('',(-0.00340801640571957,-0.00543223297888501,0.0440043389196176));
#8877=CARTESIAN_POINT('',(-0.0022356814238248,-0.00676270499747546,0.045334033092652));
#8878=CARTESIAN_POINT('',(-0.00183685425030764,-0.00750983578928751,0.0460808992621937));
#8879=CARTESIAN_POINT('',(-0.00147359416731373,-0.00905602422142648,0.0476268466708662));
#8880=CARTESIAN_POINT('',(-0.00150939880945427,-0.00985407074167749,0.0484249169475368));
#8881=CARTESIAN_POINT('',(-0.0020105166800363,-0.0113805824148047,0.049951761112925));
#8882=CARTESIAN_POINT('',(-0.00247550220563854,-0.0121080493150963,0.0506795365316267));
#8883=CARTESIAN_POINT('',(-0.00376470737664509,-0.0133824866648409,0.051954829270427));
#8884=CARTESIAN_POINT('',(-0.00458808395454054,-0.0139286237041076,0.052501512620963));
#8885=CARTESIAN_POINT('',(-0.00646910662535964,-0.0147569651967743,0.0533311021742505));
#8886=CARTESIAN_POINT('',(-0.00453680515093177,-0.0139161154389924,0.0526022359223924));
#8887=CARTESIAN_POINT('',(-0.00643561053635961,-0.0147523027931,0.0534396532901587));
#8888=CARTESIAN_POINT('',(-0.00750201363740053,-0.0150366367099433,0.0537246780046951));
#8889=CARTESIAN_POINT('',(-0.00970915550902165,-0.015295213676016,0.0539846847195293));
#8890=CARTESIAN_POINT('',(-0.0108484509332363,-0.0152692876304855,0.0539594966900924));
#8891=CARTESIAN_POINT('',(-0.0130279119488876,-0.0149108882094445,0.0536025090866279));
#8892=CARTESIAN_POINT('',(-0.014066652295678,-0.014578649206952,0.0532709429623694));
#8893=CARTESIAN_POINT('',(-0.0158866292725898,-0.013657836461752,0.0523513091671329));
#8894=CARTESIAN_POINT('',(-0.0166666757403617,-0.0130698648786731,0.0517638428848168));
#8895=CARTESIAN_POINT('',(-0.0178500936819317,-0.0117268242025824,0.0504215688066319));
#8896=CARTESIAN_POINT('',(-0.0182526912671057,-0.0109726333824652,0.0496676387823458));
#8897=CARTESIAN_POINT('',(-0.0186193855194399,-0.00941183054372451,0.0481070734818712));
#8898=CARTESIAN_POINT('',(-0.0185832423892297,-0.00860623920217499,0.04730145872742));
#8899=CARTESIAN_POINT('',(-0.0180773870765019,-0.00706529228426972,0.0457601841250934));
#8900=CARTESIAN_POINT('',(-0.0176080056948437,-0.00633094440033497,0.0450255321839262));
#8901=CARTESIAN_POINT('',(-0.0163066127028269,-0.00504444860279774,0.0437381933662629));
#8902=CARTESIAN_POINT('',(-0.0154754521301251,-0.00449314198492665,0.0431863483367859));
#8903=CARTESIAN_POINT('',(-0.0135766467446973,-0.00365695463081902,0.0423489309690197));
#8904=CARTESIAN_POINT('',(-0.0125102436436564,-0.00337262071397565,0.0420639062544833));
#8905=CARTESIAN_POINT('',(-0.0103031017720353,-0.00311404374790311,0.041803899539649));
#8906=CARTESIAN_POINT('',(-0.00916380634782058,-0.00313996979343356,0.041829087569086));
#8907=CARTESIAN_POINT('',(-0.00698434533216935,-0.00349836921447455,0.0421860751725504));
#8908=CARTESIAN_POINT('',(-0.00594560498537895,-0.003830608216967,0.0425176412968089));
#8909=CARTESIAN_POINT('',(-0.0041256280084671,-0.00475142096216697,0.0434372750920454));
#8910=CARTESIAN_POINT('',(-0.00334558154069526,-0.00533939254524588,0.0440247413743615));
#8911=CARTESIAN_POINT('',(-0.00216216359912527,-0.00668243322133661,0.0453670154525464));
#8912=CARTESIAN_POINT('',(-0.00175956601395125,-0.00743662404145381,0.0461209454768325));
#8913=CARTESIAN_POINT('',(-0.00139287176161701,-0.00899742688019452,0.0476815107773071));
#8914=CARTESIAN_POINT('',(-0.00142901489182721,-0.00980301822174403,0.0484871255317583));
#8915=CARTESIAN_POINT('',(-0.00193487020455502,-0.0113439651396493,0.0500284001340849));
#8916=CARTESIAN_POINT('',(-0.00240425158621325,-0.012078313023584,0.0507630520752521));
#8917=CARTESIAN_POINT('',(-0.00370564457823,-0.0133648088211213,0.0520503908929154));
#8918=CARTESIAN_POINT('',(-0.00453680515093177,-0.0139161154389924,0.0526022359223924));
#8919=CARTESIAN_POINT('',(-0.00643561053635961,-0.0147523027931,0.0534396532901587));
#8920=CARTESIAN_POINT('',(-0.0069060212428362,-0.0145,0.048266769868361));
#8921=CARTESIAN_POINT('',(-0.0067055989924168,-0.0145,0.0490973027643095));
#8922=CARTESIAN_POINT('',(-0.00650517500688396,-0.0145,0.0500084800674163));
#8923=CARTESIAN_POINT('',(-0.00630474928623768,-0.0145,0.0510003017776815));
#8924=CARTESIAN_POINT('',(-0.00690440002743477,-0.0144993669130158,0.0482666347128428));
#8925=CARTESIAN_POINT('',(-0.00630474928623607,-0.0145,0.0510003017822115));
#8926=CARTESIAN_POINT('',(-0.00707975335771878,-0.00874053080479746,0.0425079010838995));
#8927=CARTESIAN_POINT('',(-0.0064343119234032,-0.00906315837641233,0.0428311836880816));
#8928=CARTESIAN_POINT('',(-0.00536108483517,-0.0099226498414346,0.0436917643281356));
#8929=CARTESIAN_POINT('',(-0.00474881419848886,-0.0115906568819625,0.0453603927375215));
#8930=CARTESIAN_POINT('',(-0.00526207547452087,-0.0132678964934876,0.0470371114608089));
#8931=CARTESIAN_POINT('',(-0.00628272049369089,-0.0141606622083767,0.0479288413640944));
#8932=CARTESIAN_POINT('',(-0.00690327191221745,-0.0144993252406787,0.0482668746237059));
#8933=CARTESIAN_POINT('',(-0.00708045664205025,-0.00874202438190305,0.042507814657019));
#8934=CARTESIAN_POINT('',(-0.0065236766808104,-0.00600609664830491,0.042506620617234));
#8935=CARTESIAN_POINT('',(-0.00670965659967156,-0.00699807247338992,0.0425068093607779));
#8936=CARTESIAN_POINT('',(-0.00689575133533181,-0.00791018667547794,0.0425069982208447));
#8937=CARTESIAN_POINT('',(-0.00708196088779115,-0.00874243925456897,0.0425071871974345));
#8938=CARTESIAN_POINT('',(-0.00652367671088076,-0.00600609665440989,0.0425066206172645));
#8939=CARTESIAN_POINT('',(-0.00615512086530684,-0.0039350295967004,0.0425062465847515));
#8940=CARTESIAN_POINT('',(-0.00627801595176693,-0.00466070599078849,0.0425063713060348));
#8941=CARTESIAN_POINT('',(-0.00640086789097705,-0.00535106167843798,0.0425064959835297));
#8942=CARTESIAN_POINT('',(-0.00652367668293721,-0.00600609665964888,0.0425066206172361));
#8943=CARTESIAN_POINT('',(-0.00615512086530684,-0.0039350295967004,0.0425062465847515));
#8944=CARTESIAN_POINT('',(-0.00615512086530685,-0.0039350295967004,0.0425062465847515));
#8945=CARTESIAN_POINT('',(-0.00621804768289294,-0.00430660267901518,0.0425063104466492));
#8946=CARTESIAN_POINT('',(-0.00608228818323982,-0.00505560920830725,0.0425952205187015));
#8947=CARTESIAN_POINT('',(-0.00534433030795963,-0.00628989888046561,0.0430179757314544));
#8948=CARTESIAN_POINT('',(-0.00469020362657584,-0.00703834850448653,0.043536990994395));
#8949=CARTESIAN_POINT('',(-0.0042640268357517,-0.00747064746864327,0.0439688782057074));
#8950=CARTESIAN_POINT('',(-0.00426394066383198,-0.00747060505993646,0.0439688357075105));
#8951=CARTESIAN_POINT('',(-0.00417300158942464,-0.0130355329934408,0.0495336713506038));
#8952=CARTESIAN_POINT('',(-0.00378907403749863,-0.0126258681549901,0.0491236168795131));
#8953=CARTESIAN_POINT('',(-0.00318538470845499,-0.0117182019901089,0.0482153380545982));
#8954=CARTESIAN_POINT('',(-0.00280930034476134,-0.0097528173258754,0.0462495717174612));
#8955=CARTESIAN_POINT('',(-0.003470003582485,-0.00827664786631791,0.0447740727790617));
#8956=CARTESIAN_POINT('',(-0.00426385451780728,-0.00747056262216209,0.0439687931823101));
#8957=CARTESIAN_POINT('',(-0.00417302790662452,-0.0130355206510627,0.0495336590349339));
#8958=CARTESIAN_POINT('',(-0.00417305422553073,-0.0130355083105747,0.0495336467213282));
#8959=CARTESIAN_POINT('',(-0.00457958783230338,-0.0134691875965025,0.0499677325260609));
#8960=CARTESIAN_POINT('',(-0.00519007592320112,-0.0139818915818396,0.0507024374345567));
#8961=CARTESIAN_POINT('',(-0.00587201026097442,-0.0144135516237015,0.0519574885076036));
#8962=CARTESIAN_POINT('',(-0.0059746052545602,-0.0145,0.0527048149808065));
#8963=CARTESIAN_POINT('',(-0.00590785641818967,-0.0145,0.0530709686241533));
#8964=CARTESIAN_POINT('',(-0.00590785641818967,-0.0145,0.0530709686241533));
#8965=CARTESIAN_POINT('',(-0.00630474928535827,-0.0145,0.0510003017820341));
#8966=CARTESIAN_POINT('',(-0.00617251776815114,-0.0145,0.0516546593622689));
#8967=CARTESIAN_POINT('',(-0.00604022014576161,-0.0145,0.0523448816429753));
#8968=CARTESIAN_POINT('',(-0.00590785641818968,-0.0145,0.0530709686241533));
#8969=CARTESIAN_POINT('',(-0.0097183059336654,0.0145776396217651,0.0418202589989703));
#8970=CARTESIAN_POINT('',(-0.00981978954229929,0.0145311487917046,0.0417768174089549));
#8971=CARTESIAN_POINT('',(-0.00987681872653713,0.0145149557950012,0.0417623379468278));
#8972=CARTESIAN_POINT('',(-0.00999491327025452,0.0144990991034424,0.0417500295978699));
#8973=CARTESIAN_POINT('',(-0.0100559014025626,0.0144994457779692,0.0417522087600054));
#8974=CARTESIAN_POINT('',(-0.0101726280576128,0.0145166372624603,0.0417729074866582));
#8975=CARTESIAN_POINT('',(-0.0102282902477054,0.0145334708301633,0.0417914135153753));
#8976=CARTESIAN_POINT('',(-0.0103258784389874,0.0145810932430321,0.0418419681241406));
#8977=CARTESIAN_POINT('',(-0.0103677406230018,0.0146118509458248,0.0418739836443245));
#8978=CARTESIAN_POINT('',(-0.0104313334330317,0.0146826542064107,0.0419466976542967));
#8979=CARTESIAN_POINT('',(-0.0104530224729338,0.0147226534628618,0.0419873485932205));
#8980=CARTESIAN_POINT('',(-0.0104729384728543,0.0148058584165739,0.0420711519555358));
#8981=CARTESIAN_POINT('',(-0.0104711524089311,0.0148490097024832,0.0421142495762502));
#8982=CARTESIAN_POINT('',(-0.010444359568293,0.014931949149373,0.042196383988675));
#8983=CARTESIAN_POINT('',(-0.010419370312586,0.0149716830726285,0.0422353670691075));
#8984=CARTESIAN_POINT('',(-0.010349947598499,0.0150417302337548,0.0423033283118998));
#8985=CARTESIAN_POINT('',(-0.010305559538661,0.01507199766473,0.0423322620314373));
#8986=CARTESIAN_POINT('',(-0.0102040759300271,0.0151184884947904,0.0423757036214526));
#8987=CARTESIAN_POINT('',(-0.0101470467457893,0.0151346814914938,0.0423901830835798));
#8988=CARTESIAN_POINT('',(-0.0100289522020719,0.0151505381830526,0.0424024914325377));
#8989=CARTESIAN_POINT('',(-0.00996796406976379,0.0151501915085259,0.0424003122704021));
#8990=CARTESIAN_POINT('',(-0.00985123741471357,0.0151330000240347,0.0423796135437495));
#8991=CARTESIAN_POINT('',(-0.00979557522462095,0.0151161664563317,0.0423611075150322));
#8992=CARTESIAN_POINT('',(-0.00969798703333902,0.0150685440434628,0.042310552906267));
#8993=CARTESIAN_POINT('',(-0.00965612484932461,0.0150377863406702,0.0422785373860831));
#8994=CARTESIAN_POINT('',(-0.00959253203929464,0.0149669830800843,0.0422058233761108));
#8995=CARTESIAN_POINT('',(-0.00957084299939257,0.0149269838236332,0.0421651724371871));
#8996=CARTESIAN_POINT('',(-0.00955092699947206,0.0148437788699212,0.0420813690748718));
#8997=CARTESIAN_POINT('',(-0.00955271306339528,0.0148006275840119,0.0420382714541574));
#8998=CARTESIAN_POINT('',(-0.00957950590403344,0.014717688137122,0.0419561370417326));
#8999=CARTESIAN_POINT('',(-0.00960449515974041,0.0146779542138665,0.0419171539613002));
#9000=CARTESIAN_POINT('',(-0.00967391787382738,0.0146079070527402,0.0418491927185077));
#9001=CARTESIAN_POINT('',(-0.0097183059336654,0.0145776396217651,0.0418202589989703));
#9002=CARTESIAN_POINT('',(-0.00981978954229929,0.0145311487917046,0.0417768174089549));
#9003=CARTESIAN_POINT('',(-0.00679904993761077,0.00886549205117249,0.0425352617761086));
#9004=CARTESIAN_POINT('',(-0.00790836325225501,0.00837294793099182,0.0420447440901157));
#9005=CARTESIAN_POINT('',(-0.00853174701096108,0.00820473643083455,0.0418776713540426));
#9006=CARTESIAN_POINT('',(-0.00982263380043086,0.00804961969275228,0.0417249127388532));
#9007=CARTESIAN_POINT('',(-0.010489292664004,0.0080628158924298,0.0417393267552602));
#9008=CARTESIAN_POINT('',(-0.0117652271165208,0.00826874165368209,0.0419475833252766));
#9009=CARTESIAN_POINT('',(-0.0123736683162593,0.00846133655141735,0.042141289690829));
#9010=CARTESIAN_POINT('',(-0.0134404009778024,0.00899695448157539,0.0426788562711168));
#9011=CARTESIAN_POINT('',(-0.0138979948565792,0.00933962725006504,0.0430223649476117));
#9012=CARTESIAN_POINT('',(-0.0145931253493842,0.0101233943746512,0.0438074018993756));
#9013=CARTESIAN_POINT('',(-0.0148302073872546,0.0105639761912289,0.0442484168047305));
#9014=CARTESIAN_POINT('',(-0.0150479083951651,0.0114765710703916,0.0451614093684421));
#9015=CARTESIAN_POINT('',(-0.0150283850010177,0.0119479873473677,0.0456327899811267));
#9016=CARTESIAN_POINT('',(-0.0147355135190437,0.0128504756834473,0.0465347433152589));
#9017=CARTESIAN_POINT('',(-0.0144623569526574,0.0132809575660516,0.0469647262100682));
#9018=CARTESIAN_POINT('',(-0.0137035000090431,0.014035943690957,0.0477183260957265));
#9019=CARTESIAN_POINT('',(-0.0132182958814794,0.014359954214891,0.0480414502747305));
#9020=CARTESIAN_POINT('',(-0.0121089825668352,0.0148524983350716,0.0485319679607234));
#9021=CARTESIAN_POINT('',(-0.0114855988081291,0.0150207098352289,0.0486990406967966));
#9022=CARTESIAN_POINT('',(-0.0101947120186593,0.0151758265733112,0.0488517993119859));
#9023=CARTESIAN_POINT('',(-0.00952805315508618,0.0151626303736336,0.048837385295579));
#9024=CARTESIAN_POINT('',(-0.00825211870256936,0.0149567046123814,0.0486291287255626));
#9025=CARTESIAN_POINT('',(-0.00764367750283083,0.0147641097146461,0.0484354223600101));
#9026=CARTESIAN_POINT('',(-0.00657694484128775,0.0142284917844881,0.0478978557797223));
#9027=CARTESIAN_POINT('',(-0.00611935096251096,0.0138858190159984,0.0475543471032274));
#9028=CARTESIAN_POINT('',(-0.00542422046970598,0.0131020518914123,0.0467693101514635));
#9029=CARTESIAN_POINT('',(-0.00518713843183557,0.0126614700748345,0.0463282952461087));
#9030=CARTESIAN_POINT('',(-0.00496943742392506,0.0117488751956719,0.0454153026823971));
#9031=CARTESIAN_POINT('',(-0.00498896081807247,0.0112774589186958,0.0449439220697124));
#9032=CARTESIAN_POINT('',(-0.00528183230004645,0.0103749705826161,0.0440419687355803));
#9033=CARTESIAN_POINT('',(-0.00555498886643279,0.00994448870001188,0.043611985840771));
#9034=CARTESIAN_POINT('',(-0.00631384581004706,0.00918950257510646,0.0428583859551126));
#9035=CARTESIAN_POINT('',(-0.00679904993761077,0.00886549205117249,0.0425352617761086));
#9036=CARTESIAN_POINT('',(-0.00790836325225501,0.00837294793099182,0.0420447440901157));
#9037=CARTESIAN_POINT('',(-0.0055137673719103,0.00635056232417587,0.0428500613706373));
#9038=CARTESIAN_POINT('',(-0.0070668053725981,0.00566163100193422,0.0421627061642358));
#9039=CARTESIAN_POINT('',(-0.00793954227523965,0.00542648918377225,0.0419284500516752));
#9040=CARTESIAN_POINT('',(-0.00974678303595808,0.00521005938848049,0.0417138543523866));
#9041=CARTESIAN_POINT('',(-0.0106801050604538,0.00522891294423644,0.041733655099149));
#9042=CARTESIAN_POINT('',(-0.012466412558062,0.00551793415028665,0.0420244891568751));
#9043=CARTESIAN_POINT('',(-0.0133182298867674,0.00578791279700456,0.0422953322787597));
#9044=CARTESIAN_POINT('',(-0.0148116549976726,0.00653838414575949,0.0430473192446292));
#9045=CARTESIAN_POINT('',(-0.0154522861640355,0.00701838608183896,0.0435279713315282));
#9046=CARTESIAN_POINT('',(-0.0164254684530347,0.00811605511349058,0.0446266280067664));
#9047=CARTESIAN_POINT('',(-0.0167573831693125,0.00873300439539174,0.0452439141355712));
#9048=CARTESIAN_POINT('',(-0.0170621644548246,0.0100107609502656,0.0465219800007206));
#9049=CARTESIAN_POINT('',(-0.0170348317142785,0.0106707326424783,0.0471819239540336));
#9050=CARTESIAN_POINT('',(-0.0166248118084334,0.0119340498679868,0.048444825066821));
#9051=CARTESIAN_POINT('',(-0.0162423927730399,0.0125365692630301,0.0490469563601572));
#9052=CARTESIAN_POINT('',(-0.015179993489663,0.0135931185635885,0.0501024274743878));
#9053=CARTESIAN_POINT('',(-0.0145007079909231,0.014046457545419,0.0505550770766705));
#9054=CARTESIAN_POINT('',(-0.0129476699902353,0.0147353888676606,0.051242432283072));
#9055=CARTESIAN_POINT('',(-0.0120749330875938,0.0149705306858226,0.0514766883956325));
#9056=CARTESIAN_POINT('',(-0.0102676923268754,0.0151869604811143,0.0516912840949211));
#9057=CARTESIAN_POINT('',(-0.00933437030237966,0.0151681069253584,0.0516714833481588));
#9058=CARTESIAN_POINT('',(-0.00754806280477139,0.0148790857193082,0.0513806492904327));
#9059=CARTESIAN_POINT('',(-0.00669624547606601,0.0146091070725903,0.051109806168548));
#9060=CARTESIAN_POINT('',(-0.00520282036516079,0.0138586357238353,0.0503578192026786));
#9061=CARTESIAN_POINT('',(-0.00456218919879792,0.0133786337877559,0.0498771671157796));
#9062=CARTESIAN_POINT('',(-0.00358900690979878,0.0122809647561043,0.0487785104405414));
#9063=CARTESIAN_POINT('',(-0.00325709219352099,0.0116640154742031,0.0481612243117366));
#9064=CARTESIAN_POINT('',(-0.00295231090800891,0.0103862589193292,0.0468831584465871));
#9065=CARTESIAN_POINT('',(-0.00297964364855488,0.00972628722711653,0.0462232144932742));
#9066=CARTESIAN_POINT('',(-0.0033896635544,0.00846297000160803,0.0449603133804867));
#9067=CARTESIAN_POINT('',(-0.00377208258979352,0.00786045060656477,0.0443581820871506));
#9068=CARTESIAN_POINT('',(-0.00483448187317045,0.00680390130600634,0.0433027109729201));
#9069=CARTESIAN_POINT('',(-0.0055137673719103,0.00635056232417587,0.0428500613706373));
#9070=CARTESIAN_POINT('',(-0.0070668053725981,0.00566163100193422,0.0421627061642358));
#9071=CARTESIAN_POINT('',(-0.00457329763997404,0.00451033251844594,0.0430804072091172));
#9072=CARTESIAN_POINT('',(-0.00645101882525749,0.00367770032901222,0.0422490216276108));
#9073=CARTESIAN_POINT('',(-0.00750621294835208,0.00339358411415953,0.0419656059498607));
#9074=CARTESIAN_POINT('',(-0.00969128135093212,0.0031322901963652,0.0417057626859832));
#9075=CARTESIAN_POINT('',(-0.0108197267188565,0.00315528336491645,0.0417295050227027));
#9076=CARTESIAN_POINT('',(-0.012979485482135,0.00350510734911034,0.0420807628578945));
#9077=CARTESIAN_POINT('',(-0.0140093865170053,0.00383170939958716,0.042408048653543));
#9078=CARTESIAN_POINT('',(-0.0158150319475351,0.00473939375533817,0.0433169317665563));
#9079=CARTESIAN_POINT('',(-0.0165895955528684,0.00531988248621036,0.0438979347255995));
#9080=CARTESIAN_POINT('',(-0.0177662345020678,0.00664724049853471,0.0452260739015241));
#9081=CARTESIAN_POINT('',(-0.0181675403903888,0.00739324176267029,0.0459723415902522));
#9082=CARTESIAN_POINT('',(-0.0185360402445007,0.00893819520672192,0.0475175396791653));
#9083=CARTESIAN_POINT('',(-0.0185029932321596,0.00973613707417465,0.0483154596069031));
#9084=CARTESIAN_POINT('',(-0.018007253228855,0.0112634807931345,0.0498424742070231));
#9085=CARTESIAN_POINT('',(-0.0175448844239087,0.0119918838479458,0.0505705702979348));
#9086=CARTESIAN_POINT('',(-0.0162603764847964,0.0132690936060074,0.0518469272788152));
#9087=CARTESIAN_POINT('',(-0.0154390773464142,0.0138170650860725,0.052394353503267));
#9088=CARTESIAN_POINT('',(-0.0135613561611308,0.0146496972755062,0.0532257390847735));
#9089=CARTESIAN_POINT('',(-0.0125061620380362,0.0149338134903589,0.0535091547625236));
#9090=CARTESIAN_POINT('',(-0.0103210936354562,0.0151951074081532,0.0537689980264011));
#9091=CARTESIAN_POINT('',(-0.0091926482675318,0.0151721142396019,0.0537452556896815));
#9092=CARTESIAN_POINT('',(-0.00703288950425336,0.0148222902554081,0.0533939978544897));
#9093=CARTESIAN_POINT('',(-0.00600298846938302,0.0144956882049312,0.0530667120588412));
#9094=CARTESIAN_POINT('',(-0.00419734303885327,0.0135880038491802,0.0521578289458278));
#9095=CARTESIAN_POINT('',(-0.00342277943352,0.0130075151183081,0.0515768259867848));
#9096=CARTESIAN_POINT('',(-0.00224614048432052,0.0116801571059837,0.0502486868108601));
#9097=CARTESIAN_POINT('',(-0.00184483459599958,0.0109341558418481,0.049502419122132));
#9098=CARTESIAN_POINT('',(-0.00147633474188757,0.00938920239779647,0.0479572210332189));
#9099=CARTESIAN_POINT('',(-0.00150938175422873,0.00859126053034374,0.0471593011054811));
#9100=CARTESIAN_POINT('',(-0.00200512175753336,0.00706391681138393,0.0456322865053611));
#9101=CARTESIAN_POINT('',(-0.00246749056247962,0.00633551375657257,0.0449041904144494));
#9102=CARTESIAN_POINT('',(-0.00375199850159194,0.00505830399851104,0.0436278334335691));
#9103=CARTESIAN_POINT('',(-0.00457329763997404,0.00451033251844594,0.0430804072091172));
#9104=CARTESIAN_POINT('',(-0.00645101882525749,0.00367770032901222,0.0422490216276108));
#9105=CARTESIAN_POINT('',(-0.00452184755703713,0.00440965944741275,0.0430930086912188));
#9106=CARTESIAN_POINT('',(-0.00641733111808707,0.0035691658443853,0.0422537436697973));
#9107=CARTESIAN_POINT('',(-0.00748250689057023,0.00328237039735112,0.041967638629891));
#9108=CARTESIAN_POINT('',(-0.00968824503173889,0.00301862210729443,0.0417053200168643));
#9109=CARTESIAN_POINT('',(-0.0108273649720195,0.00304184174078592,0.0417292779853298));
#9110=CARTESIAN_POINT('',(-0.0130075540563802,0.00339499204997684,0.0420838414116068));
#9111=CARTESIAN_POINT('',(-0.0140471974796983,0.0037246917852814,0.0424142150049247));
#9112=CARTESIAN_POINT('',(-0.0158699234826205,0.00464097676046123,0.0433316814029805));
#9113=CARTESIAN_POINT('',(-0.016651814102167,0.00522696280161422,0.0439181742364122));
#9114=CARTESIAN_POINT('',(-0.0178395835127582,0.00656688636145595,0.0452588676639964));
#9115=CARTESIAN_POINT('',(-0.0182446855695633,0.00731994764566837,0.0460121915202225));
#9116=CARTESIAN_POINT('',(-0.0186166712622172,0.0088795185746234,0.0475720035564016));
#9117=CARTESIAN_POINT('',(-0.0185833116403919,0.00968500834789157,0.0483774717072097));
#9118=CARTESIAN_POINT('',(-0.0180828821654605,0.0112267961095721,0.0499189351092066));
#9119=CARTESIAN_POINT('',(-0.017616139565022,0.011962085855699,0.0506539223302231));
#9120=CARTESIAN_POINT('',(-0.0163194807736593,0.0132513672397299,0.0519423632684843));
#9121=CARTESIAN_POINT('',(-0.0154904125244918,0.0138045157602859,0.0524949744179853));
#9122=CARTESIAN_POINT('',(-0.0135949289634418,0.0146450093633133,0.0533342394394067));
#9123=CARTESIAN_POINT('',(-0.0125297531909587,0.0149318048103475,0.053620344479313));
#9124=CARTESIAN_POINT('',(-0.01032401504979,0.0151955531004042,0.0538826630923397));
#9125=CARTESIAN_POINT('',(-0.00918489510950948,0.0151723334669127,0.0538587051238743));
#9126=CARTESIAN_POINT('',(-0.00700470602514875,0.0148191831577218,0.0535041416975971));
#9127=CARTESIAN_POINT('',(-0.00596506260183064,0.0144894834224172,0.0531737681042793));
#9128=CARTESIAN_POINT('',(-0.00414233659890841,0.0135731984472374,0.0522563017062234));
#9129=CARTESIAN_POINT('',(-0.00336044597936195,0.0129872124060844,0.0516698088727918));
#9130=CARTESIAN_POINT('',(-0.00217267656877078,0.0116472888462427,0.0503291154452076));
#9131=CARTESIAN_POINT('',(-0.00176757451196565,0.0108942275620303,0.0495757915889815));
#9132=CARTESIAN_POINT('',(-0.00139558881931173,0.00933465663307523,0.0480159795528023));
#9133=CARTESIAN_POINT('',(-0.00142894844113707,0.00852916685980706,0.0472105114019943));
#9134=CARTESIAN_POINT('',(-0.00192937791606836,0.00698737909812654,0.0456690479999974));
#9135=CARTESIAN_POINT('',(-0.002396120516507,0.00625208935199964,0.0449340607789809));
#9136=CARTESIAN_POINT('',(-0.00369277930786959,0.00496280796796875,0.0436456198407197));
#9137=CARTESIAN_POINT('',(-0.00452184755703713,0.00440965944741275,0.0430930086912188));
#9138=CARTESIAN_POINT('',(-0.00641733111808707,0.0035691658443853,0.0422537436697973));
#9139=CARTESIAN_POINT('',(-0.00689326271161982,0.00874023493118468,0.0425069956952406));
#9140=CARTESIAN_POINT('',(-0.00669218953386712,0.00790960657606059,0.0425067916341549));
#9141=CARTESIAN_POINT('',(-0.00649119742754626,0.00699822715197407,0.0425065876553454));
#9142=CARTESIAN_POINT('',(-0.00629028639265723,0.00600609665892511,0.042506383758812));
#9143=CARTESIAN_POINT('',(-0.00689159804031708,0.00874037857752209,0.0425076516572065));
#9144=CARTESIAN_POINT('',(-0.00629028639263928,0.00600609665440986,0.042506383758812));
#9145=CARTESIAN_POINT('',(-0.00709420965767108,0.0144993107776516,0.0482666663856359));
#9146=CARTESIAN_POINT('',(-0.00644744432353293,0.0141777335811616,0.0479457455652858));
#9147=CARTESIAN_POINT('',(-0.00536952488264444,0.0133196170312737,0.0470887229525098));
#9148=CARTESIAN_POINT('',(-0.00474917930494738,0.0116520503651861,0.0454217858502132));
#9149=CARTESIAN_POINT('',(-0.00525460386720704,0.0099738267488583,0.0437430492988135));
#9150=CARTESIAN_POINT('',(-0.00627146883177525,0.00907959737937407,0.0428477879539512));
#9151=CARTESIAN_POINT('',(-0.00689044298068646,0.00874013984338234,0.0425077022459764));
#9152=CARTESIAN_POINT('',(-0.00617247101823299,0.0145,0.0530712371708743));
#9153=CARTESIAN_POINT('',(-0.00623538613767787,0.0145,0.0526989516745234));
#9154=CARTESIAN_POINT('',(-0.00609623801417499,0.0144105622600833,0.0519489268102511));
#9155=CARTESIAN_POINT('',(-0.00535252782646371,0.0139871774908302,0.0507153931325816));
#9156=CARTESIAN_POINT('',(-0.004695882904062,0.0134677897994603,0.0499664384337747));
#9157=CARTESIAN_POINT('',(-0.00426829380475435,0.0130354496783751,0.0495336847457404));
#9158=CARTESIAN_POINT('',(-0.00426820958118599,0.0130354913085063,0.0495337262884331));
#9159=CARTESIAN_POINT('',(-0.00416903280444369,0.00747056259442175,0.0439686969238244));
#9160=CARTESIAN_POINT('',(-0.00378570629348727,0.00788087783755207,0.0443786231442871));
#9161=CARTESIAN_POINT('',(-0.00318327816582086,0.00878985850743402,0.0452869924340779));
#9162=CARTESIAN_POINT('',(-0.00281011171042813,0.0107553359712553,0.0472520911862635));
#9163=CARTESIAN_POINT('',(-0.00347302183055384,0.0122307898968274,0.0487282178726698));
#9164=CARTESIAN_POINT('',(-0.00426812538370826,0.0130355329657494,0.0495337678602275));
#9165=CARTESIAN_POINT('',(-0.00416905964446314,0.00747057512700716,0.0439687094836486));
#9166=CARTESIAN_POINT('',(-0.00416908648616359,0.00747058765754379,0.0439687220416035));
#9167=CARTESIAN_POINT('',(-0.00457438305666309,0.00703686618253228,0.0435354057359672));
#9168=CARTESIAN_POINT('',(-0.00518255076038183,0.00630268046886876,0.0430231276205028));
#9169=CARTESIAN_POINT('',(-0.0058593745053095,0.00504707679800818,0.0425920728910079));
#9170=CARTESIAN_POINT('',(-0.00595935408569139,0.00430064539084774,0.042506047908916));
#9171=CARTESIAN_POINT('',(-0.00589260422906076,0.00393502959670033,0.0425059801671696));
#9172=CARTESIAN_POINT('',(-0.00589260422906069,0.00393502959670034,0.0425059801671697));
#9173=CARTESIAN_POINT('',(-0.00629028639177817,0.00600609665458425,0.0425063837588111));
#9174=CARTESIAN_POINT('',(-0.00615775757275808,0.00535164837185826,0.0425062492606399));
#9175=CARTESIAN_POINT('',(-0.00602519685185224,0.00466129268589696,0.0425061147300927));
#9176=CARTESIAN_POINT('',(-0.00589260422906064,0.00393502959670035,0.0425059801671696));
#9177=CARTESIAN_POINT('',(-0.058604965777887,-0.0484120121560044,0.0393650155010332));
#9178=CARTESIAN_POINT('',(-0.058604965777887,-0.0484120121560044,0.0393650155010332));
#9179=CARTESIAN_POINT('',(-0.0628636985094704,-0.0509896794720616,0.0398328046936512));
#9180=CARTESIAN_POINT('',(-0.0513501945991233,-0.0527797089537033,0.0428206241886173));
#9181=CARTESIAN_POINT('',(-0.0516178099650604,-0.052712700486414,0.0425680310896187));
#9182=CARTESIAN_POINT('',(-0.0522394600462352,-0.0528119449710224,0.0421447132405612));
#9183=CARTESIAN_POINT('',(-0.0535082482272464,-0.0534470883064342,0.0416911808835754));
#9184=CARTESIAN_POINT('',(-0.0544683172371903,-0.0540060003284385,0.0416326359444967));
#9185=CARTESIAN_POINT('',(-0.0551145778153884,-0.0543587647843859,0.0417002510454875));
#9186=CARTESIAN_POINT('',(-0.0551145778153884,-0.0543587647843859,0.0417002510454875));
#9187=CARTESIAN_POINT('',(-0.0584921981926558,-0.0482373340157126,0.0413541788977971));
#9188=CARTESIAN_POINT('',(-0.0629384694038505,-0.0535953702566032,0.042076757584034));
#9189=CARTESIAN_POINT('',(-0.0629384694038505,-0.0535953702566032,0.042076757584034));
#9190=CARTESIAN_POINT('',(-0.0635086512623967,-0.0531234446026867,0.0420676396481818));
#9191=CARTESIAN_POINT('',(-0.0643280727673448,-0.0523945628656712,0.0422105185235035));
#9192=CARTESIAN_POINT('',(-0.0654062651604487,-0.0515266347532175,0.0427783460826625));
#9193=CARTESIAN_POINT('',(-0.0659538228565863,-0.0513139690332019,0.0432583418625152));
#9194=CARTESIAN_POINT('',(-0.0662036748117602,-0.0513304218074477,0.04353541328775));
#9195=CARTESIAN_POINT('',(-0.0662036748117602,-0.0513304218074477,0.04353541328775));
#9196=CARTESIAN_POINT('',(-0.0628636985094697,-0.0509896794720635,0.0398328046936516));
#9197=CARTESIAN_POINT('',(-0.0639735432937214,-0.0511558817308323,0.0410626084161077));
#9198=CARTESIAN_POINT('',(-0.0650884563600769,-0.0512569845697544,0.0422987002684702));
#9199=CARTESIAN_POINT('',(-0.0662036748117601,-0.0513304218074477,0.0435354132877498));
#9200=CARTESIAN_POINT('',(-0.041271422908881,-0.0485714152601672,0.0549862472789282));
#9201=CARTESIAN_POINT('',(-0.041271422908881,-0.0485714152601672,0.0549862472789282));
#9202=CARTESIAN_POINT('',(-0.0413216799982397,-0.0511877846515156,0.0592467737056723));
#9203=CARTESIAN_POINT('',(-0.0446616563005364,-0.0515285269869008,0.0629493822997774));
#9204=CARTESIAN_POINT('',(-0.0435460712276009,-0.0514550656071642,0.0617122627186486));
#9205=CARTESIAN_POINT('',(-0.0424305099536728,-0.0513538349369239,0.0604754529102889));
#9206=CARTESIAN_POINT('',(-0.0413216799982398,-0.0511877846515157,0.0592467737056722));
#9207=CARTESIAN_POINT('',(-0.0446616563005363,-0.0515285269869008,0.0629493822997774));
#9208=CARTESIAN_POINT('',(-0.0446616563005363,-0.0515285269869008,0.0629493822997774));
#9209=CARTESIAN_POINT('',(-0.0444114050485495,-0.0515120479189232,0.062671868077379));
#9210=CARTESIAN_POINT('',(-0.043993319880195,-0.0517241965391988,0.0620754671657453));
#9211=CARTESIAN_POINT('',(-0.0435501108353765,-0.0525820831879585,0.0609412192457137));
#9212=CARTESIAN_POINT('',(-0.0434993051087596,-0.0533079821031688,0.0600997727500133));
#9213=CARTESIAN_POINT('',(-0.0435721443896926,-0.0537734672761688,0.0595299611223106));
#9214=CARTESIAN_POINT('',(-0.0435721443896927,-0.0537734672761688,0.0595299611223106));
#9215=CARTESIAN_POINT('',(-0.0432596908229234,-0.048377415531492,0.0550819280359473));
#9216=CARTESIAN_POINT('',(-0.0440158880900813,-0.0544608307963791,0.0517025457835111));
#9217=CARTESIAN_POINT('',(-0.0440158880900813,-0.0544608307963791,0.0517025457835111));
#9218=CARTESIAN_POINT('',(-0.0440120002415375,-0.0541017533211578,0.0510552803334705));
#9219=CARTESIAN_POINT('',(-0.0441624296942957,-0.053535788350449,0.0501170963461774));
#9220=CARTESIAN_POINT('',(-0.0447401064225293,-0.0528803730941225,0.0489026225418876));
#9221=CARTESIAN_POINT('',(-0.0452249169527059,-0.0527715939390681,0.0483294140867849));
#9222=CARTESIAN_POINT('',(-0.0455040936219998,-0.0528334709947381,0.0480892123272788));
#9223=CARTESIAN_POINT('',(-0.0686156099548451,-0.0448201868735318,0.0679378248949063));
#9224=CARTESIAN_POINT('',(-0.0686156099548451,-0.0448201868735318,0.0679378248949063));
#9225=CARTESIAN_POINT('',(-0.0718675876322347,-0.0477590785217072,0.0655320906897113));
#9226=CARTESIAN_POINT('',(-0.0659159043020933,-0.0478138115214747,0.0708958311247389));
#9227=CARTESIAN_POINT('',(-0.072235012391669,-0.0491663741773752,0.0607503153474497));
#9228=CARTESIAN_POINT('',(-0.0721156639970479,-0.0487354624652483,0.0623566971651801));
#9229=CARTESIAN_POINT('',(-0.0719939952314162,-0.0482776225522603,0.0639566979252064));
#9230=CARTESIAN_POINT('',(-0.0718675876322347,-0.0477590785217071,0.0655320906897112));
#9231=CARTESIAN_POINT('',(-0.072235012391669,-0.0491663741773752,0.0607503153474497));
#9232=CARTESIAN_POINT('',(-0.072235012391669,-0.0491663741773752,0.0607503153474497));
#9233=CARTESIAN_POINT('',(-0.0722082398165413,-0.0490697108228075,0.0611106635367619));
#9234=CARTESIAN_POINT('',(-0.0720903011862775,-0.0491288527243767,0.061857717087353));
#9235=CARTESIAN_POINT('',(-0.0716636080367842,-0.0497604715188869,0.063137526744381));
#9236=CARTESIAN_POINT('',(-0.0711626747089825,-0.0503774782506899,0.0639159296966459));
#9237=CARTESIAN_POINT('',(-0.0707468068597505,-0.0507937339790164,0.0643636488036821));
#9238=CARTESIAN_POINT('',(-0.0707468068597505,-0.0507937339790164,0.0643636488036821));
#9239=CARTESIAN_POINT('',(-0.0672894309542251,-0.0450808814947518,0.0664636174560492));
#9240=CARTESIAN_POINT('',(-0.064900705882627,-0.0508474960200513,0.0696322369423436));
#9241=CARTESIAN_POINT('',(-0.064900705882627,-0.0508474960200513,0.0696322369423436));
#9242=CARTESIAN_POINT('',(-0.0644075582866606,-0.0504391334327864,0.0700036528242184));
#9243=CARTESIAN_POINT('',(-0.0635805388205306,-0.0498376193304491,0.0704247871848099));
#9244=CARTESIAN_POINT('',(-0.062251774799051,-0.0492187527672868,0.0707241473927463));
#9245=CARTESIAN_POINT('',(-0.061495931228617,-0.0491683782154906,0.0707642097105824));
#9246=CARTESIAN_POINT('',(-0.0611363226663619,-0.0492684401893688,0.0707526100854734));
#9247=CARTESIAN_POINT('',(-0.0611363226663619,-0.0492684401893688,0.0707526100854734));
#9248=CARTESIAN_POINT('',(-0.0659159043020934,-0.0478138115214749,0.0708958311247389));
#9249=CARTESIAN_POINT('',(-0.0643397953780379,-0.04834848791988,0.0708534325371554));
#9250=CARTESIAN_POINT('',(-0.0627414416006195,-0.0488218118669953,0.070804385209447));
#9251=CARTESIAN_POINT('',(-0.061136322666362,-0.0492684401893687,0.0707526100854734));
#9252=CARTESIAN_POINT('',(-0.0102851590441554,-0.000299987571138157,0.0780509371338489));
#9253=CARTESIAN_POINT('',(-0.0101804611962058,-0.00035988140664231,0.078050389129381));
#9254=CARTESIAN_POINT('',(-0.0101221936094169,-0.000379402665409858,0.0780500841479652));
#9255=CARTESIAN_POINT('',(-0.0100025451122394,-0.000394671082165157,0.0780494578895241));
#9256=CARTESIAN_POINT('',(-0.00994124244522322,-0.000390408255469054,0.0780491370220367));
#9257=CARTESIAN_POINT('',(-0.00982485869789674,-0.000358726775433032,0.0780485278517931));
#9258=CARTESIAN_POINT('',(-0.00976985372599647,-0.000331328839995147,0.0780482399474));
#9259=CARTESIAN_POINT('',(-0.00967445309903013,-0.000257520681309947,0.0780477406060017));
#9260=CARTESIAN_POINT('',(-0.0096341198305963,-0.000211158724437805,0.0780475294955372));
#9261=CARTESIAN_POINT('',(-0.0095742262046369,-0.000106460510190597,0.0780472160031848));
#9262=CARTESIAN_POINT('',(-0.00955470501416653,-4.81927195458288E-5,0.0780471138263035));
#9263=CARTESIAN_POINT('',(-0.00953943665082937,7.14561962359323E-5,0.0780470339093663));
#9264=CARTESIAN_POINT('',(-0.00954369946261152,0.000132759077726527,0.0780470562215719));
#9265=CARTESIAN_POINT('',(-0.00957538083180662,0.000249143232235159,0.0780472220466792));
#9266=CARTESIAN_POINT('',(-0.00960277867138996,0.000304148396576657,0.0780473654511407));
#9267=CARTESIAN_POINT('',(-0.00967658657184966,0.000399549357313192,0.0780477517729229));
#9268=CARTESIAN_POINT('',(-0.00972294836651969,0.000439882766857665,0.0780479944376111));
#9269=CARTESIAN_POINT('',(-0.00982764621446926,0.000499776602361822,0.078048542442079));
#9270=CARTESIAN_POINT('',(-0.00988591380125819,0.00051929786112938,0.0780488474234948));
#9271=CARTESIAN_POINT('',(-0.0100055622984357,0.000534566277884656,0.0780494736819358));
#9272=CARTESIAN_POINT('',(-0.0100668649654519,0.000530303451188566,0.0780497945494233));
#9273=CARTESIAN_POINT('',(-0.0101832487127783,0.00049862197115254,0.0780504037196669));
#9274=CARTESIAN_POINT('',(-0.0102382536846786,0.000471224035714651,0.0780506916240599));
#9275=CARTESIAN_POINT('',(-0.0103336543116449,0.000397415877029451,0.0780511909654583));
#9276=CARTESIAN_POINT('',(-0.0103739875800788,0.000351053920157314,0.0780514020759229));
#9277=CARTESIAN_POINT('',(-0.0104338812060382,0.000246355705910099,0.0780517155682751));
#9278=CARTESIAN_POINT('',(-0.0104534023965085,0.000188087915265329,0.0780518177451565));
#9279=CARTESIAN_POINT('',(-0.0104686707598457,6.84389994835724E-5,0.0780518976620937));
#9280=CARTESIAN_POINT('',(-0.0104644079480636,7.13611799298056E-6,0.078051875349888));
#9281=CARTESIAN_POINT('',(-0.0104327265788684,-0.000109248036515646,0.0780517095247809));
#9282=CARTESIAN_POINT('',(-0.0104053287392851,-0.000164253200857146,0.0780515661203194));
#9283=CARTESIAN_POINT('',(-0.0103315208388254,-0.000259654161593678,0.0780511797985371));
#9284=CARTESIAN_POINT('',(-0.0102851590441554,-0.000299987571138157,0.0780509371338489));
#9285=CARTESIAN_POINT('',(-0.0101804611962058,-0.00035988140664231,0.078050389129381));
#9286=CARTESIAN_POINT('',(-0.010327918298162,-0.000356165215004229,0.0779810082608606));
#9287=CARTESIAN_POINT('',(-0.0102073211846874,-0.000425154413271112,0.0779804488468532));
#9288=CARTESIAN_POINT('',(-0.0101402051654617,-0.000447640132881436,0.0779801375156762));
#9289=CARTESIAN_POINT('',(-0.0100023870185392,-0.000465227182064145,0.0779794982184356));
#9290=CARTESIAN_POINT('',(-0.00993177501614158,-0.000460317010697772,0.0779791706704364));
#9291=CARTESIAN_POINT('',(-0.00979771739931558,-0.000423824441985225,0.0779785488171723));
#9292=CARTESIAN_POINT('',(-0.00973435945101164,-0.000392265908721876,0.0779782549185643));
#9293=CARTESIAN_POINT('',(-0.00962447142120849,-0.00030724938489459,0.0779777451807992));
#9294=CARTESIAN_POINT('',(-0.00957801320028633,-0.000253846990344806,0.0779775296749816));
#9295=CARTESIAN_POINT('',(-0.00950902421390613,-0.000133249506478748,0.0779772096556689));
#9296=CARTESIAN_POINT('',(-0.00948653856335628,-6.61332811188534E-5,0.0779771053514489));
#9297=CARTESIAN_POINT('',(-0.00946895156818872,7.16852890862874E-5,0.0779770237706284));
#9298=CARTESIAN_POINT('',(-0.00947386172447447,0.000142297508355375,0.0779770465473776));
#9299=CARTESIAN_POINT('',(-0.0095103541811073,0.000276355536914286,0.0779772158249899));
#9300=CARTESIAN_POINT('',(-0.00954191261744482,0.000339713679810225,0.0779773622151548));
#9301=CARTESIAN_POINT('',(-0.00962692888016062,0.00044960204711385,0.0779777565802175));
#9302=CARTESIAN_POINT('',(-0.00968033111069549,0.000496060410723738,0.0779780042972228));
#9303=CARTESIAN_POINT('',(-0.00980092822417008,0.000565049608990623,0.0779785637112302));
#9304=CARTESIAN_POINT('',(-0.0098680442433958,0.000587535328600957,0.0779788750424073));
#9305=CARTESIAN_POINT('',(-0.0100058623903182,0.000605122377783644,0.0779795143396478));
#9306=CARTESIAN_POINT('',(-0.0100764743927159,0.000600212206417284,0.077979841887647));
#9307=CARTESIAN_POINT('',(-0.0102105320095419,0.000563719637704733,0.0779804637409112));
#9308=CARTESIAN_POINT('',(-0.0102738899578458,0.000532161104441381,0.0779807576395191));
#9309=CARTESIAN_POINT('',(-0.010383777987649,0.000447144580614093,0.0779812673772842));
#9310=CARTESIAN_POINT('',(-0.0104302362085711,0.000393742186064314,0.0779814828831019));
#9311=CARTESIAN_POINT('',(-0.0104992251949514,0.000273144702198251,0.0779818029024144));
#9312=CARTESIAN_POINT('',(-0.0105217108455012,0.000206028476838353,0.0779819072066346));
#9313=CARTESIAN_POINT('',(-0.0105392978406688,6.82099066332174E-5,0.077981988787455));
#9314=CARTESIAN_POINT('',(-0.010534387684383,-2.40231263586792E-6,0.0779819660107057));
#9315=CARTESIAN_POINT('',(-0.0104978952277502,-0.000136460341194772,0.0779817967330936));
#9316=CARTESIAN_POINT('',(-0.0104663367914127,-0.000199818484090714,0.0779816503429286));
#9317=CARTESIAN_POINT('',(-0.0103813205286968,-0.000309706851394336,0.0779812559778658));
#9318=CARTESIAN_POINT('',(-0.010327918298162,-0.000356165215004229,0.0779810082608606));
#9319=CARTESIAN_POINT('',(-0.0102073211846874,-0.000425154413271112,0.0779804488468532));
#9320=CARTESIAN_POINT('',(-0.0130595839361539,-0.00394506176938623,0.0735136174262103));
#9321=CARTESIAN_POINT('',(-0.0119232657042215,-0.00459510623864012,0.0735123291162553));
#9322=CARTESIAN_POINT('',(-0.0112908695041507,-0.00480697589413788,0.0735116121319659));
#9323=CARTESIAN_POINT('',(-0.00999228723690491,-0.00497268827142176,0.0735101398538529));
#9324=CARTESIAN_POINT('',(-0.00932695036933095,-0.00492642262665442,0.0735093855228162));
#9325=CARTESIAN_POINT('',(-0.00806380144528236,-0.00458257470471329,0.0735079534175416));
#9326=CARTESIAN_POINT('',(-0.00746681541699968,-0.00428521728469756,0.0735072765798199));
#9327=CARTESIAN_POINT('',(-0.00643140280936115,-0.00348415679265775,0.0735061026724299));
#9328=CARTESIAN_POINT('',(-0.00599365333148398,-0.00298097756903931,0.0735056063704307));
#9329=CARTESIAN_POINT('',(-0.00534360922372984,-0.00184465870518245,0.0735048693776837));
#9330=CARTESIAN_POINT('',(-0.00513173968605607,-0.00121226215342621,0.0735046291688876));
#9331=CARTESIAN_POINT('',(-0.00496602740092739,8.63208359816514E-5,0.0735044412912485));
#9332=CARTESIAN_POINT('',(-0.00501229301996568,0.000751658073559851,0.0735044937452671));
#9333=CARTESIAN_POINT('',(-0.0053561407506877,0.00201480770006548,0.0735048835854034));
#9334=CARTESIAN_POINT('',(-0.00565349800533837,0.00261179406034144,0.0735052207165878));
#9335=CARTESIAN_POINT('',(-0.0064545580518961,0.00364720724378921,0.0735061289248727));
#9336=CARTESIAN_POINT('',(-0.00695773699568884,0.00408495696510576,0.0735066994080562));
#9337=CARTESIAN_POINT('',(-0.00809405522762124,0.00473500143435963,0.0735079877180112));
#9338=CARTESIAN_POINT('',(-0.00872645142769205,0.00494687108985739,0.0735087047023006));
#9339=CARTESIAN_POINT('',(-0.0100250336949378,0.00511258346714126,0.0735101769804137));
#9340=CARTESIAN_POINT('',(-0.0106903705625118,0.00506631782237394,0.0735109313114504));
#9341=CARTESIAN_POINT('',(-0.0119535194865604,0.0047224699004328,0.0735123634167249));
#9342=CARTESIAN_POINT('',(-0.0125505055148431,0.00442511248041706,0.0735130402544466));
#9343=CARTESIAN_POINT('',(-0.0135859181224816,0.00362405198837727,0.0735142141618367));
#9344=CARTESIAN_POINT('',(-0.0140236676003587,0.00312087276475883,0.0735147104638358));
#9345=CARTESIAN_POINT('',(-0.0146737117081129,0.00198455390090197,0.0735154474565828));
#9346=CARTESIAN_POINT('',(-0.0148855812457867,0.00135215734914572,0.073515687665379));
#9347=CARTESIAN_POINT('',(-0.0150512935309154,5.35743597378553E-5,0.073515875543018));
#9348=CARTESIAN_POINT('',(-0.0150050279118771,-0.000611762877840347,0.0735158230889995));
#9349=CARTESIAN_POINT('',(-0.014661180181155,-0.00187491250434597,0.0735154332488631));
#9350=CARTESIAN_POINT('',(-0.0143638229265044,-0.00247189886462192,0.0735150961176788));
#9351=CARTESIAN_POINT('',(-0.0135627628799466,-0.0035073120480697,0.0735141879093939));
#9352=CARTESIAN_POINT('',(-0.0130595839361539,-0.00394506176938623,0.0735136174262103));
#9353=CARTESIAN_POINT('',(-0.0119232657042215,-0.00459510623864012,0.0735123291162553));
#9354=CARTESIAN_POINT('',(-0.0142819834072482,-0.00555106551628463,0.0715144942108734));
#9355=CARTESIAN_POINT('',(-0.0126911377468071,-0.00646112777324007,0.0715128797255591));
#9356=CARTESIAN_POINT('',(-0.0118057829911668,-0.00675774529093693,0.0715119812146058));
#9357=CARTESIAN_POINT('',(-0.00998776766190412,-0.00698974261913437,0.0715101361839261));
#9358=CARTESIAN_POINT('',(-0.00905629596782463,-0.0069249707164601,0.0715091908707458));
#9359=CARTESIAN_POINT('',(-0.00728788732327062,-0.00644358362574251,0.0715073961838964));
#9360=CARTESIAN_POINT('',(-0.00645210681236357,-0.00602728323772049,0.0715065479838514));
#9361=CARTESIAN_POINT('',(-0.00500252903798729,-0.00490579854886476,0.0715050768656362));
#9362=CARTESIAN_POINT('',(-0.00438967971666909,-0.00420134763579894,0.0715044549094944));
#9363=CARTESIAN_POINT('',(-0.00347961788816408,-0.00261050122639933,0.071503531324326));
#9364=CARTESIAN_POINT('',(-0.00318300051011251,-0.00172514605394058,0.071503230299272));
#9365=CARTESIAN_POINT('',(-0.00295100329113766,9.28701312303993E-5,0.07150299485462));
#9366=CARTESIAN_POINT('',(-0.0030157751633178,0.0010243422638399,0.0715030605889895));
#9367=CARTESIAN_POINT('',(-0.003497162027402,0.00279275174094776,0.0715035491291677));
#9368=CARTESIAN_POINT('',(-0.00391346221943293,0.00362853264533411,0.0715039716154988));
#9369=CARTESIAN_POINT('',(-0.00503494638030216,0.005078111102161,0.0715051097646938));
#9370=CARTESIAN_POINT('',(-0.00573939696171784,0.00569096071200416,0.0715058246832724));
#9371=CARTESIAN_POINT('',(-0.00733024262215895,0.00660102296895959,0.0715074391685867));
#9372=CARTESIAN_POINT('',(-0.00821559737779921,0.00689764048665645,0.0715083376795399));
#9373=CARTESIAN_POINT('',(-0.0100336127070619,0.00712963781485388,0.0715101827102197));
#9374=CARTESIAN_POINT('',(-0.0109650844011413,0.00706486591217961,0.0715111280234));
#9375=CARTESIAN_POINT('',(-0.0127334930456954,0.00658347882146202,0.0715129227102494));
#9376=CARTESIAN_POINT('',(-0.0135692735566024,0.00616717843343999,0.0715137709102944));
#9377=CARTESIAN_POINT('',(-0.0150188513309787,0.00504569374458427,0.0715152420285096));
#9378=CARTESIAN_POINT('',(-0.0156317006522969,0.00434124283151846,0.0715158639846514));
#9379=CARTESIAN_POINT('',(-0.0165417624808019,0.00275039642211887,0.0715167875698198));
#9380=CARTESIAN_POINT('',(-0.0168383798588535,0.0018650412496601,0.0715170885948737));
#9381=CARTESIAN_POINT('',(-0.0170703770778283,4.70250644891083E-5,0.0715173240395258));
#9382=CARTESIAN_POINT('',(-0.0170056052056482,-0.000884447068120396,0.0715172583051563));
#9383=CARTESIAN_POINT('',(-0.016524218341564,-0.00265285654522824,0.0715167697649781));
#9384=CARTESIAN_POINT('',(-0.0161079181495331,-0.0034886374496146,0.071516347278647));
#9385=CARTESIAN_POINT('',(-0.0149864339886638,-0.00493821590644148,0.071515209129452));
#9386=CARTESIAN_POINT('',(-0.0142819834072482,-0.00555106551628463,0.0715144942108734));
#9387=CARTESIAN_POINT('',(-0.0126911377468071,-0.00646112777324007,0.0715128797255591));
#9388=CARTESIAN_POINT('',(-0.0151771933023849,-0.00672720349723696,0.0700504598045389));
#9389=CARTESIAN_POINT('',(-0.0132534798182627,-0.00782768672701368,0.0700486064485313));
#9390=CARTESIAN_POINT('',(-0.0121828738355399,-0.00818636834619808,0.0700475749986579));
#9391=CARTESIAN_POINT('',(-0.00998445780423632,-0.00846690867965659,0.0700454569870141));
#9392=CARTESIAN_POINT('',(-0.00885808539581427,-0.0083885839363668,0.0700443718103039));
#9393=CARTESIAN_POINT('',(-0.00671965572940435,-0.00780647165084252,0.0700423115910969));
#9394=CARTESIAN_POINT('',(-0.00570899688387399,-0.00730306477722882,0.0700413378958671));
#9395=CARTESIAN_POINT('',(-0.0039561101141554,-0.0059469211913318,0.070039649118795));
#9396=CARTESIAN_POINT('',(-0.00321502847910349,-0.00509507132050721,0.0700389351413177));
#9397=CARTESIAN_POINT('',(-0.00211454572680776,-0.00317135700171806,0.0700378749073811));
#9398=CARTESIAN_POINT('',(-0.00175586426324922,-0.00210075055447734,0.070037529344255));
#9399=CARTESIAN_POINT('',(-0.00147532405151239,9.76664306820034E-5,0.0700372590644597));
#9400=CARTESIAN_POINT('',(-0.0015536487608184,0.0012240393278181,0.0700373345245382));
#9401=CARTESIAN_POINT('',(-0.00213576079377406,0.00336246992205675,0.0700378953465328));
#9402=CARTESIAN_POINT('',(-0.00263916744896805,0.00437312920609498,0.0700383803417031));
#9403=CARTESIAN_POINT('',(-0.00399531044645743,0.00612601673636171,0.0700396868854229));
#9404=CARTESIAN_POINT('',(-0.00484715994767886,0.00686709869295649,0.0700405075795666));
#9405=CARTESIAN_POINT('',(-0.00677087343180103,0.0079675819227332,0.0700423609355742));
#9406=CARTESIAN_POINT('',(-0.00784147941452381,0.00832626354191759,0.0700433923854477));
#9407=CARTESIAN_POINT('',(-0.0100398954458273,0.0086068038753761,0.0700455103970915));
#9408=CARTESIAN_POINT('',(-0.0111662678542494,0.00852847913208631,0.0700465955738016));
#9409=CARTESIAN_POINT('',(-0.0133046975206593,0.00794636684656203,0.0700486557930086));
#9410=CARTESIAN_POINT('',(-0.0143153563661897,0.00744295997294832,0.0700496294882384));
#9411=CARTESIAN_POINT('',(-0.0160682431359082,0.00608681638705132,0.0700513182653105));
#9412=CARTESIAN_POINT('',(-0.0168093247709602,0.00523496651622674,0.0700520322427878));
#9413=CARTESIAN_POINT('',(-0.0179098075232559,0.00331125219743759,0.0700530924767244));
#9414=CARTESIAN_POINT('',(-0.0182684889868144,0.00224064575019686,0.0700534380398505));
#9415=CARTESIAN_POINT('',(-0.0185490291985512,4.22287650375048E-5,0.0700537083196458));
#9416=CARTESIAN_POINT('',(-0.0184707044892452,-0.0010841441320986,0.0700536328595673));
#9417=CARTESIAN_POINT('',(-0.0178885924562896,-0.00322257472633723,0.0700530720375726));
#9418=CARTESIAN_POINT('',(-0.0173851858010956,-0.00423323401037547,0.0700525870424024));
#9419=CARTESIAN_POINT('',(-0.0160290428036063,-0.00598612154064219,0.0700512804986826));
#9420=CARTESIAN_POINT('',(-0.0151771933023849,-0.00672720349723696,0.0700504598045389));
#9421=CARTESIAN_POINT('',(-0.0132534798182627,-0.00782768672701368,0.0700486064485313));
#9422=CARTESIAN_POINT('',(-0.0129302646120822,-0.00408517276491376,0.0734340462952987));
#9423=CARTESIAN_POINT('',(-0.0131156582909605,-0.00466993491341943,0.0728494722953855));
#9424=CARTESIAN_POINT('',(-0.0133010902734324,-0.00531024287575248,0.0722093525205178));
#9425=CARTESIAN_POINT('',(-0.0134865605594979,-0.00600609665191292,0.0715136869706954));
#9426=CARTESIAN_POINT('',(-0.0129320456578135,-0.00408502860942211,0.0734332668233761));
#9427=CARTESIAN_POINT('',(-0.0134865605599344,-0.0060060966544099,0.0715136869681989));
#9428=CARTESIAN_POINT('',(-0.0131221806665484,0.00408578426585393,0.0734322861523781));
#9429=CARTESIAN_POINT('',(-0.0137549373769683,0.00359538061588286,0.0734327402276097));
#9430=CARTESIAN_POINT('',(-0.0147657325364439,0.0023353411022595,0.0734334655886189));
#9431=CARTESIAN_POINT('',(-0.0152795470562724,-5.3168672192735E-5,0.0734338343092396));
#9432=CARTESIAN_POINT('',(-0.0146584007526679,-0.00241240403845453,0.0734333885658015));
#9433=CARTESIAN_POINT('',(-0.0135806565221638,-0.0036321240262128,0.0734326151611849));
#9434=CARTESIAN_POINT('',(-0.0129335524156854,-0.00408583469247688,0.0734321507900575));
#9435=CARTESIAN_POINT('',(-0.0131214977932406,0.00408490424302518,0.0734334451240594));
#9436=CARTESIAN_POINT('',(-0.0137199677998037,0.00600609665447902,0.0715139238437553));
#9437=CARTESIAN_POINT('',(-0.0135199553150079,0.00530954507662592,0.0722102724369774));
#9438=CARTESIAN_POINT('',(-0.0133199688548911,0.00466923943325039,0.0728503751221333));
#9439=CARTESIAN_POINT('',(-0.0131200084194533,0.00408517972435245,0.073434231899223));
#9440=CARTESIAN_POINT('',(-0.013719967799358,0.00600609665440986,0.071513923843824));
#9441=CARTESIAN_POINT('',(-0.0141190897938797,0.00747056259228613,0.0700498629588166));
#9442=CARTESIAN_POINT('',(-0.013985939095353,0.00695718827209379,0.0705631021497172));
#9443=CARTESIAN_POINT('',(-0.0138528984306488,0.00646903295944886,0.0710511224447393));
#9444=CARTESIAN_POINT('',(-0.0137199677997671,0.00600609665435134,0.0715139238438829));
#9445=CARTESIAN_POINT('',(-0.0141190897938797,0.00747056259228613,0.0700498629588166));
#9446=CARTESIAN_POINT('',(-0.0141190897938797,0.00747056259228611,0.0700498629588166));
#9447=CARTESIAN_POINT('',(-0.0140521755434057,0.00721256876853321,0.0703077888739864));
#9448=CARTESIAN_POINT('',(-0.014151427148079,0.00662808571979994,0.0707712524273521));
#9449=CARTESIAN_POINT('',(-0.0148220350670938,0.00544649154485698,0.0713537757579251));
#9450=CARTESIAN_POINT('',(-0.0154414295945539,0.00454640242976387,0.0715156878017012));
#9451=CARTESIAN_POINT('',(-0.0158468171771393,0.00393489127213677,0.0715160822958521));
#9452=CARTESIAN_POINT('',(-0.015846921529039,0.00393496039732113,0.071516082403668));
#9453=CARTESIAN_POINT('',(-0.0157517450757314,-0.00393502959371074,0.0715159858129113));
#9454=CARTESIAN_POINT('',(-0.0165473172545209,-0.00279328313786671,0.0715167932071363));
#9455=CARTESIAN_POINT('',(-0.017439156600992,-1.87947063664037E-5,0.0715176982990401));
#9456=CARTESIAN_POINT('',(-0.0166137593857946,0.00277747932149035,0.0715168606365846));
#9457=CARTESIAN_POINT('',(-0.0158470258598914,0.0039350295577211,0.0715160825095492));
#9458=CARTESIAN_POINT('',(-0.0157517241665796,-0.00393501501987975,0.0715159857916915));
#9459=CARTESIAN_POINT('',(-0.0157517032555533,-0.00393500044888674,0.0715159857703848));
#9460=CARTESIAN_POINT('',(-0.0153244070666742,-0.00454803891094127,0.0715155556984066));
#9461=CARTESIAN_POINT('',(-0.0146790888464833,-0.0054280878578105,0.0713575142731166));
#9462=CARTESIAN_POINT('',(-0.013931127200874,-0.00661082501410237,0.0707828162839241));
#9463=CARTESIAN_POINT('',(-0.0137936650435964,-0.00720733340304432,0.0703127618875604));
#9464=CARTESIAN_POINT('',(-0.0138570349362046,-0.00747056259228617,0.0700495970098753));
#9465=CARTESIAN_POINT('',(-0.0138570349362046,-0.00747056259228617,0.0700495970098753));
#9466=CARTESIAN_POINT('',(-0.0134865605601553,-0.00600609665438056,0.0715136869682284));
#9467=CARTESIAN_POINT('',(-0.0136099877644658,-0.00646917506739365,0.0710507338165236));
#9468=CARTESIAN_POINT('',(-0.0137334792231489,-0.00695733038002885,0.0705627038304059));
#9469=CARTESIAN_POINT('',(-0.0138570349362046,-0.00747056259228616,0.0700495970098753));
#9470=CARTESIAN_POINT('',(-0.0868599922074428,-7.14682180325616E-5,0.0139600542699599));
#9471=CARTESIAN_POINT('',(-0.0868599922074428,5.71159367489462E-5,0.0139600542699599));
#9472=CARTESIAN_POINT('',(-0.0868625005326419,0.000121365970742879,0.0139475187392474));
#9473=CARTESIAN_POINT('',(-0.0868721582792869,0.000240162239550276,0.0138992534745497));
#9474=CARTESIAN_POINT('',(-0.0868793013851107,0.000294630788297308,0.0138635553033279));
#9475=CARTESIAN_POINT('',(-0.0868971465740217,0.000385553516095173,0.0137743727229581));
#9476=CARTESIAN_POINT('',(-0.0869078369873612,0.000421948236807025,0.01372094663419));
#9477=CARTESIAN_POINT('',(-0.086931152850293,0.000471155262505402,0.0136044239775678));
#9478=CARTESIAN_POINT('',(-0.0869437630526261,0.000483935388871874,0.0135414036089595));
#9479=CARTESIAN_POINT('',(-0.0869689999608067,0.000483935388871873,0.0134152803942748));
#9480=CARTESIAN_POINT('',(-0.0869816101631397,0.000471155262505358,0.0133522600256665));
#9481=CARTESIAN_POINT('',(-0.0870049260260715,0.000421948236806972,0.0132357373690443));
#9482=CARTESIAN_POINT('',(-0.0870156164394111,0.000385553516095091,0.0131823112802762));
#9483=CARTESIAN_POINT('',(-0.087033461628322,0.000294630788297208,0.0130931286999063));
#9484=CARTESIAN_POINT('',(-0.0870406047341458,0.00024016223955016,0.0130574305286845));
#9485=CARTESIAN_POINT('',(-0.0870502624807908,0.000121365970742759,0.013009165263987));
#9486=CARTESIAN_POINT('',(-0.0870527708059899,5.71159367488116E-5,0.0129966297332745));
#9487=CARTESIAN_POINT('',(-0.08705277080599,-7.14682180326874E-5,0.0129966297332745));
#9488=CARTESIAN_POINT('',(-0.0870502624807909,-0.000135718252026622,0.013009165263987));
#9489=CARTESIAN_POINT('',(-0.0870406047341457,-0.000254514520834023,0.0130574305286846));
#9490=CARTESIAN_POINT('',(-0.087033461628322,-0.000308983069581036,0.0130931286999064));
#9491=CARTESIAN_POINT('',(-0.087015616439411,-0.000399905797378913,0.0131823112802763));
#9492=CARTESIAN_POINT('',(-0.0870049260260716,-0.000436300518090768,0.0132357373690444));
#9493=CARTESIAN_POINT('',(-0.0869816101631396,-0.000485507543789149,0.0133522600256666));
#9494=CARTESIAN_POINT('',(-0.0869689999608067,-0.000498287670155625,0.0134152803942749));
#9495=CARTESIAN_POINT('',(-0.086943763052626,-0.000498287670155605,0.0135414036089596));
#9496=CARTESIAN_POINT('',(-0.0869311528502931,-0.0004855075437891,0.0136044239775679));
#9497=CARTESIAN_POINT('',(-0.0869078369873611,-0.000436300518090715,0.0137209466341901));
#9498=CARTESIAN_POINT('',(-0.0868971465740217,-0.000399905797378841,0.0137743727229582));
#9499=CARTESIAN_POINT('',(-0.0868793013851107,-0.000308983069580947,0.013863555303328));
#9500=CARTESIAN_POINT('',(-0.086872158279287,-0.00025451452083392,0.0138992534745498));
#9501=CARTESIAN_POINT('',(-0.0868625005326419,-0.000135718252026495,0.0139475187392474));
#9502=CARTESIAN_POINT('',(-0.0868599922074428,-7.14682180325616E-5,0.0139600542699599));
#9503=CARTESIAN_POINT('',(-0.0868599922074428,5.71159367489462E-5,0.0139600542699599));
#9504=CARTESIAN_POINT('',(-0.0816443376446609,-0.000661732931983152,0.0176188321204235));
#9505=CARTESIAN_POINT('',(-0.0816443376446609,0.000647380650700701,0.0176188321204233));
#9506=CARTESIAN_POINT('',(-0.0816670206143428,0.0013015093987973,0.0174907098624493));
#9507=CARTESIAN_POINT('',(-0.0817543563291923,0.00251097264357105,0.0169974036884681));
#9508=CARTESIAN_POINT('',(-0.0818189519617256,0.00306551621946219,0.0166325423668914));
#9509=CARTESIAN_POINT('',(-0.081980327320539,0.00399119931112045,0.0157210314120869));
#9510=CARTESIAN_POINT('',(-0.0820770015164313,0.00436173348232665,0.0151749778556409));
#9511=CARTESIAN_POINT('',(-0.0822878485837004,0.00486270956150299,0.0139840314000149));
#9512=CARTESIAN_POINT('',(-0.082401883572981,0.00499282385935822,0.0133399173126807));
#9513=CARTESIAN_POINT('',(-0.0826301027940475,0.00499282385935805,0.0120508461581456));
#9514=CARTESIAN_POINT('',(-0.0827441377833282,0.00486270956150264,0.0114067320708114));
#9515=CARTESIAN_POINT('',(-0.0829549848505972,0.004361733482326,0.0102157856151856));
#9516=CARTESIAN_POINT('',(-0.0830516590464895,0.00399119931111966,0.00966973205873969));
#9517=CARTESIAN_POINT('',(-0.0832130344053029,0.00306551621946116,0.00875822110393534));
#9518=CARTESIAN_POINT('',(-0.0832776300378361,0.00251097264356993,0.00839335978235877));
#9519=CARTESIAN_POINT('',(-0.0833649657526856,0.00130150939879605,0.00790005360837792));
#9520=CARTESIAN_POINT('',(-0.0833876487223674,0.000647380650699401,0.00777193135040409));
#9521=CARTESIAN_POINT('',(-0.0833876487223674,-0.000661732931984435,0.00777193135040426));
#9522=CARTESIAN_POINT('',(-0.0833649657526856,-0.00131586168008103,0.00790005360837825));
#9523=CARTESIAN_POINT('',(-0.083277630037836,-0.00252532492485479,0.00839335978235942));
#9524=CARTESIAN_POINT('',(-0.0832130344053027,-0.00307986850074593,0.00875822110393612));
#9525=CARTESIAN_POINT('',(-0.0830516590464893,-0.00400555159240421,0.00966973205874072));
#9526=CARTESIAN_POINT('',(-0.082954984850597,-0.00437608576361038,0.0102157856151867));
#9527=CARTESIAN_POINT('',(-0.0827441377833279,-0.00487706184278673,0.0114067320708127));
#9528=CARTESIAN_POINT('',(-0.0826301027940473,-0.00500717614064196,0.0120508461581469));
#9529=CARTESIAN_POINT('',(-0.0824018835729808,-0.00500717614064179,0.013339917312682));
#9530=CARTESIAN_POINT('',(-0.0822878485837002,-0.00487706184278639,0.0139840314000161));
#9531=CARTESIAN_POINT('',(-0.0820770015164311,-0.00437608576360974,0.015174977855642));
#9532=CARTESIAN_POINT('',(-0.0819803273205388,-0.00400555159240342,0.0157210314120879));
#9533=CARTESIAN_POINT('',(-0.0818189519617254,-0.00307986850074491,0.0166325423668922));
#9534=CARTESIAN_POINT('',(-0.0817543563291922,-0.00252532492485369,0.0169974036884688));
#9535=CARTESIAN_POINT('',(-0.0816670206143427,-0.00131586168007978,0.0174907098624497));
#9536=CARTESIAN_POINT('',(-0.0816443376446609,-0.000661732931983152,0.0176188321204235));
#9537=CARTESIAN_POINT('',(-0.0816443376446609,0.000647380650700701,0.0176188321204233));
#9538=CARTESIAN_POINT('',(-0.0793308386096228,-0.00092355564851929,0.0192417499967085));
#9539=CARTESIAN_POINT('',(-0.0793308386096229,0.000909203367237355,0.0192417499967082));
#9540=CARTESIAN_POINT('',(-0.0793624704120891,0.00182498361457321,0.0190623571304599));
#9541=CARTESIAN_POINT('',(-0.0794842616113504,0.00351823215725598,0.0183716449162998));
#9542=CARTESIAN_POINT('',(-0.0795743413635665,0.00429459316350382,0.0178607772552407));
#9543=CARTESIAN_POINT('',(-0.0797993821560415,0.00559054949182539,0.0165845075002053));
#9544=CARTESIAN_POINT('',(-0.0799341960323077,0.00610929733151395,0.0158199400147045));
#9545=CARTESIAN_POINT('',(-0.0802282259973418,0.00681066384236103,0.0141524132195839));
#9546=CARTESIAN_POINT('',(-0.0803872498070874,0.00699282385935826,0.0132505443784874));
#9547=CARTESIAN_POINT('',(-0.0807055055478924,0.00699282385935802,0.0114456263816707));
#9548=CARTESIAN_POINT('',(-0.080864529357638,0.00681066384236055,0.0105437575405742));
#9549=CARTESIAN_POINT('',(-0.0811585593226721,0.00610929733151304,0.00887623074545377));
#9550=CARTESIAN_POINT('',(-0.0812933731989382,0.00559054949182427,0.00811166325995316));
#9551=CARTESIAN_POINT('',(-0.0815184139914131,0.00429459316350238,0.00683539350491801));
#9552=CARTESIAN_POINT('',(-0.0816084937436292,0.00351823215725441,0.00632452584385917));
#9553=CARTESIAN_POINT('',(-0.0817302849428905,0.00182498361457145,0.00563381362969951));
#9554=CARTESIAN_POINT('',(-0.0817619167453566,0.000909203367235537,0.0054544207634514));
#9555=CARTESIAN_POINT('',(-0.0817619167453566,-0.000923555648521086,0.00545442076345164));
#9556=CARTESIAN_POINT('',(-0.0817302849428904,-0.00183933589585693,0.00563381362969996));
#9557=CARTESIAN_POINT('',(-0.0816084937436291,-0.00353258443853972,0.00632452584386006));
#9558=CARTESIAN_POINT('',(-0.0815184139914129,-0.00430894544478757,0.00683539350491912));
#9559=CARTESIAN_POINT('',(-0.081293373198938,-0.00560490177310914,0.00811166325995459));
#9560=CARTESIAN_POINT('',(-0.0811585593226718,-0.00612364961279769,0.00887623074545531));
#9561=CARTESIAN_POINT('',(-0.0808645293576377,-0.00682501612364477,0.0105437575405759));
#9562=CARTESIAN_POINT('',(-0.0807055055478921,-0.007007176140642,0.0114456263816724));
#9563=CARTESIAN_POINT('',(-0.080387249807087,-0.00700717614064176,0.0132505443784892));
#9564=CARTESIAN_POINT('',(-0.0802282259973415,-0.0068250161236443,0.0141524132195857));
#9565=CARTESIAN_POINT('',(-0.0799341960323074,-0.00612364961279679,0.015819940014706));
#9566=CARTESIAN_POINT('',(-0.0797993821560413,-0.00560490177310804,0.0165845075002067));
#9567=CARTESIAN_POINT('',(-0.0795743413635663,-0.00430894544478612,0.0178607772552418));
#9568=CARTESIAN_POINT('',(-0.0794842616113503,-0.00353258443853816,0.0183716449163007));
#9569=CARTESIAN_POINT('',(-0.079362470412089,-0.00183933589585519,0.0190623571304603));
#9570=CARTESIAN_POINT('',(-0.0793308386096228,-0.00092355564851929,0.0192417499967085));
#9571=CARTESIAN_POINT('',(-0.0793308386096229,0.000909203367237355,0.0192417499967082));
#9572=CARTESIAN_POINT('',(-0.0776381923887795,-0.00111511537037954,0.0204291400791892));
#9573=CARTESIAN_POINT('',(-0.0776381923887796,0.00110076308909798,0.0204291400791889));
#9574=CARTESIAN_POINT('',(-0.0776763715067034,0.00220797778903479,0.0202122356341495));
#9575=CARTESIAN_POINT('',(-0.0778233716836188,0.00425518254427842,0.0193770934535965));
#9576=CARTESIAN_POINT('',(-0.0779320966127809,0.00519383384307625,0.0187594018539919));
#9577=CARTESIAN_POINT('',(-0.078203717522236,0.00676069652805739,0.017216260319293));
#9578=CARTESIAN_POINT('',(-0.0783664358777656,0.00738788327436944,0.0162918195117746));
#9579=CARTESIAN_POINT('',(-0.0787213256985456,0.00823586324894553,0.0142756079329751));
#9580=CARTESIAN_POINT('',(-0.0789132650858587,0.00845610194610755,0.0131851556504107));
#9581=CARTESIAN_POINT('',(-0.0792973950598341,0.00845610194610725,0.0110028239633791));
#9582=CARTESIAN_POINT('',(-0.0794893344471472,0.00823586324894495,0.00991237168081471));
#9583=CARTESIAN_POINT('',(-0.0798442242679272,0.00738788327436834,0.00789616010201537));
#9584=CARTESIAN_POINT('',(-0.0800069426234566,0.00676069652805604,0.00697171929449711));
#9585=CARTESIAN_POINT('',(-0.0802785635329117,0.0051938338430745,0.00542857775979863));
#9586=CARTESIAN_POINT('',(-0.0803872884620739,0.00425518254427652,0.00481088616019434));
#9587=CARTESIAN_POINT('',(-0.0805342886389891,0.00220797778903266,0.00397574397964189));
#9588=CARTESIAN_POINT('',(-0.0805724677569129,0.00110076308909578,0.00375883953460275));
#9589=CARTESIAN_POINT('',(-0.0805724677569128,-0.00111511537038171,0.00375883953460304));
#9590=CARTESIAN_POINT('',(-0.0805342886389889,-0.00222233007031851,0.00397574397964244));
#9591=CARTESIAN_POINT('',(-0.0803872884620737,-0.00426953482556215,0.00481088616019542));
#9592=CARTESIAN_POINT('',(-0.0802785635329115,-0.00520818612436,0.00542857775979998));
#9593=CARTESIAN_POINT('',(-0.0800069426234564,-0.00677504880934114,0.00697171929449884));
#9594=CARTESIAN_POINT('',(-0.0798442242679268,-0.00740223555565318,0.00789616010201723));
#9595=CARTESIAN_POINT('',(-0.0794893344471468,-0.00825021553022926,0.0099123716808168));
#9596=CARTESIAN_POINT('',(-0.0792973950598337,-0.00847045422739128,0.0110028239633812));
#9597=CARTESIAN_POINT('',(-0.0789132650858583,-0.008470454227391,0.0131851556504128));
#9598=CARTESIAN_POINT('',(-0.0787213256985452,-0.0082502155302287,0.0142756079329772));
#9599=CARTESIAN_POINT('',(-0.0783664358777653,-0.00740223555565209,0.0162918195117765));
#9600=CARTESIAN_POINT('',(-0.0782037175222358,-0.00677504880933981,0.0172162603192947));
#9601=CARTESIAN_POINT('',(-0.0779320966127807,-0.00520818612435826,0.0187594018539932));
#9602=CARTESIAN_POINT('',(-0.0778233716836186,-0.00426953482556027,0.0193770934535975));
#9603=CARTESIAN_POINT('',(-0.0776763715067033,-0.00222233007031639,0.02021223563415));
#9604=CARTESIAN_POINT('',(-0.0776381923887795,-0.00111511537037954,0.0204291400791892));
#9605=CARTESIAN_POINT('',(-0.0776381923887796,0.00110076308909798,0.0204291400791889));
#9606=CARTESIAN_POINT('',(-0.0775459743905929,-0.00112555184190301,0.0204938309372815));
#9607=CARTESIAN_POINT('',(-0.0775459743905929,0.00111119956062147,0.0204938309372812));
#9608=CARTESIAN_POINT('',(-0.077584510216444,0.00222884390721771,0.0202748828030985));
#9609=CARTESIAN_POINT('',(-0.0777328838176621,0.0042953327473257,0.019431871853387));
#9610=CARTESIAN_POINT('',(-0.0778426245650576,0.00524282587362404,0.0188083603194986));
#9611=CARTESIAN_POINT('',(-0.0781167832317182,0.00682444795817701,0.0172506791952564));
#9612=CARTESIAN_POINT('',(-0.0782810218666696,0.00745754262474507,0.0163175282405505));
#9613=CARTESIAN_POINT('',(-0.0786392274270281,0.00831351032880993,0.0142823197725292));
#9614=CARTESIAN_POINT('',(-0.078832960106191,0.0085358236116799,0.0131815931708252));
#9615=CARTESIAN_POINT('',(-0.0792206790108243,0.00853582361167961,0.0109786993990701));
#9616=CARTESIAN_POINT('',(-0.0794144116899872,0.00831351032880935,0.00987797279736619));
#9617=CARTESIAN_POINT('',(-0.0797726172503458,0.00745754262474395,0.00784276432934508));
#9618=CARTESIAN_POINT('',(-0.0799368558852971,0.00682444795817565,0.00690961337463932));
#9619=CARTESIAN_POINT('',(-0.0802110145519576,0.00524282587362227,0.00535193225039755));
#9620=CARTESIAN_POINT('',(-0.0803207552993531,0.00429533274732379,0.00472842071650944));
#9621=CARTESIAN_POINT('',(-0.0804691289005711,0.00222884390721556,0.00388540976679844));
#9622=CARTESIAN_POINT('',(-0.0805076647264221,0.00111119956061925,0.00366646163261604));
#9623=CARTESIAN_POINT('',(-0.080507664726422,-0.0011255518419052,0.00366646163261633));
#9624=CARTESIAN_POINT('',(-0.0804691289005709,-0.00224319618850142,0.00388540976679899));
#9625=CARTESIAN_POINT('',(-0.080320755299353,-0.00430968502860943,0.00472842071651053));
#9626=CARTESIAN_POINT('',(-0.0802110145519573,-0.00525717815490779,0.00535193225039891));
#9627=CARTESIAN_POINT('',(-0.0799368558852968,-0.00683880023946076,0.00690961337464107));
#9628=CARTESIAN_POINT('',(-0.0797726172503454,-0.0074718949060288,0.00784276432934696));
#9629=CARTESIAN_POINT('',(-0.0794144116899869,-0.00832786261009366,0.0098779727973683));
#9630=CARTESIAN_POINT('',(-0.079220679010824,-0.00855017589296364,0.0109786993990723));
#9631=CARTESIAN_POINT('',(-0.0788329601061907,-0.00855017589296335,0.0131815931708274));
#9632=CARTESIAN_POINT('',(-0.0786392274270277,-0.0083278626100931,0.0142823197725313));
#9633=CARTESIAN_POINT('',(-0.0782810218666693,-0.0074718949060277,0.0163175282405524));
#9634=CARTESIAN_POINT('',(-0.0781167832317179,-0.00683880023945942,0.0172506791952582));
#9635=CARTESIAN_POINT('',(-0.0778426245650574,-0.00525717815490603,0.0188083603194999));
#9636=CARTESIAN_POINT('',(-0.0777328838176619,-0.00430968502860753,0.0194318718533881));
#9637=CARTESIAN_POINT('',(-0.0775845102164439,-0.00224319618849929,0.0202748828030991));
#9638=CARTESIAN_POINT('',(-0.0775459743905929,-0.00112555184190301,0.0204938309372815));
#9639=CARTESIAN_POINT('',(-0.0775459743905929,0.00111119956062147,0.0204938309372812));
#9640=CARTESIAN_POINT('',(-0.083039961995152,-0.00400361523740929,0.00973809091236005));
#9641=CARTESIAN_POINT('',(-0.0824779192062114,-0.00460980573995673,0.0094346837876078));
#9642=CARTESIAN_POINT('',(-0.0818554860479982,-0.00527729954583115,0.00912073599427386));
#9643=CARTESIAN_POINT('',(-0.0811726625205123,-0.00600609665503255,0.00879624753235822));
#9644=CARTESIAN_POINT('',(-0.083040026170889,-0.00400280377643575,0.00973623652455198));
#9645=CARTESIAN_POINT('',(-0.0811726625204066,-0.0060060966544099,0.0087962475365433));
#9646=CARTESIAN_POINT('',(-0.083384582690137,-0.000373725394491548,0.00778505353497783));
#9647=CARTESIAN_POINT('',(-0.083380098041452,-0.000728550665319943,0.00781074746302715));
#9648=CARTESIAN_POINT('',(-0.0833580341916228,-0.00142314301863077,0.00793626987495336));
#9649=CARTESIAN_POINT('',(-0.0833013657968913,-0.00221806860604926,0.00825760762425927));
#9650=CARTESIAN_POINT('',(-0.083241409507339,-0.00279313356000348,0.00859711983374959));
#9651=CARTESIAN_POINT('',(-0.0831983762956871,-0.00312509547301744,0.00884061038920984));
#9652=CARTESIAN_POINT('',(-0.0831612677333296,-0.00337154070080781,0.00905045227829876));
#9653=CARTESIAN_POINT('',(-0.0831364776808651,-0.00352016879254271,0.00919057748970839));
#9654=CARTESIAN_POINT('',(-0.0831171133666903,-0.00362888718408529,0.00930000165083416));
#9655=CARTESIAN_POINT('',(-0.0831022735752094,-0.00370715775946731,0.00938384010222079));
#9656=CARTESIAN_POINT('',(-0.0830959573571666,-0.00374030313082956,0.00941951510001996));
#9657=CARTESIAN_POINT('',(-0.0830687431730176,-0.00387576784673844,0.00957324642203079));
#9658=CARTESIAN_POINT('',(-0.0830521322234276,-0.00395052441568193,0.00966713645631287));
#9659=CARTESIAN_POINT('',(-0.0830399534436747,-0.00400311247099438,0.00973598788227604));
#9660=CARTESIAN_POINT('',(-0.0833849333928432,-0.000373721349303803,0.00778517060984702));
#9661=CARTESIAN_POINT('',(-0.0830359070687715,0.00400429065886243,0.009756356333589));
#9662=CARTESIAN_POINT('',(-0.0831591914031383,0.00347725428517862,0.00905881149525982));
#9663=CARTESIAN_POINT('',(-0.083348645685586,0.00207238904687732,0.00798655319197194));
#9664=CARTESIAN_POINT('',(-0.0833945565423541,0.000415405496855228,0.00772791027599735));
#9665=CARTESIAN_POINT('',(-0.083384582690137,-0.000373725394491548,0.00778505353497783));
#9666=CARTESIAN_POINT('',(-0.0830361679645284,0.00400409585220641,0.00975654963235043));
#9667=CARTESIAN_POINT('',(-0.0811685011047801,0.00600609665541713,0.00881984809152887));
#9668=CARTESIAN_POINT('',(-0.0818513483720633,0.00527756255802586,0.00914268729449494));
#9669=CARTESIAN_POINT('',(-0.0824739126892354,0.00461022272158839,0.00945500457421767));
#9670=CARTESIAN_POINT('',(-0.0830361940562965,0.00400407714610474,0.00975679993069706));
#9671=CARTESIAN_POINT('',(-0.0811685011045991,0.00600609665440986,0.00881984809835635));
#9672=CARTESIAN_POINT('',(-0.0797923412408659,0.00747056259228612,0.00819091964083282));
#9673=CARTESIAN_POINT('',(-0.0802752411265128,0.00695786548578816,0.00840476174191058));
#9674=CARTESIAN_POINT('',(-0.0807339610817326,0.00646971017287789,0.00861440455908428));
#9675=CARTESIAN_POINT('',(-0.0811685011065252,0.0060060966535553,0.00881984809235392));
#9676=CARTESIAN_POINT('',(-0.0797923412408659,0.00747056259228612,0.00819091964083284));
#9677=CARTESIAN_POINT('',(-0.0797923412408659,0.00747056259228609,0.00819091964083285));
#9678=CARTESIAN_POINT('',(-0.0800379209594854,0.00720982943642264,0.00829966947609402));
#9679=CARTESIAN_POINT('',(-0.0805170060325775,0.00662046044510048,0.00826297510723987));
#9680=CARTESIAN_POINT('',(-0.0812084325030191,0.00544400723896437,0.00766387245305034));
#9681=CARTESIAN_POINT('',(-0.0814784972962485,0.00454606576996536,0.00706218197216435));
#9682=CARTESIAN_POINT('',(-0.0815508065105218,0.00393444780355284,0.00665168620528051));
#9683=CARTESIAN_POINT('',(-0.0815508808027268,0.00393473750634014,0.0066512650681738));
#9684=CARTESIAN_POINT('',(-0.0815526379647726,-0.00393502845488204,0.00664129970700938));
#9685=CARTESIAN_POINT('',(-0.081688226636751,-0.00277598793349408,0.00587233813667243));
#9686=CARTESIAN_POINT('',(-0.0818362081976124,2.23626150100691E-6,0.00503309300092023));
#9687=CARTESIAN_POINT('',(-0.0816870197317128,0.00277790248490901,0.00587918283527326));
#9688=CARTESIAN_POINT('',(-0.0815509549313297,0.00393502837016669,0.00665084466397628));
#9689=CARTESIAN_POINT('',(-0.0815525673349658,-0.00393475278123225,0.00664170026854845));
#9690=CARTESIAN_POINT('',(-0.0815524965541951,-0.00393447818997855,0.00664210151115178));
#9691=CARTESIAN_POINT('',(-0.0814804150648814,-0.0045473808731129,0.00705128519630023));
#9692=CARTESIAN_POINT('',(-0.0812166200326491,-0.0054315913136709,0.00764037359802008));
#9693=CARTESIAN_POINT('',(-0.0805226746588893,-0.00661913664856908,0.00824049111662436));
#9694=CARTESIAN_POINT('',(-0.0800421727315717,-0.00721018599925349,0.0082735031159122));
#9695=CARTESIAN_POINT('',(-0.0797970151587324,-0.00747056259228617,0.00816441253541002));
#9696=CARTESIAN_POINT('',(-0.0797970151587324,-0.00747056259228617,0.00816441253541002));
#9697=CARTESIAN_POINT('',(-0.0811726625215895,-0.00600609665388279,0.00879624753287026));
#9698=CARTESIAN_POINT('',(-0.0807383336051775,-0.00646966834698259,0.00858984761197248));
#9699=CARTESIAN_POINT('',(-0.0802797844842252,-0.00695782365978372,0.00837923594615239));
#9700=CARTESIAN_POINT('',(-0.0797970151587324,-0.00747056259228617,0.00816441253541002));
#9701=CARTESIAN_POINT('',(-0.0509549897295125,0.0102530483272049,0.0376221351996281));
#9702=CARTESIAN_POINT('',(-0.0509549897295132,0.0102530483272049,0.0376221351996282));
#9703=CARTESIAN_POINT('',(-0.0536956911454457,0.0130355329955847,0.0381025274127982));
#9704=CARTESIAN_POINT('',(-0.0482142872630571,0.00747056259228573,0.0371417428023217));
#9705=CARTESIAN_POINT('',(-0.0482147776162458,0.00747056259228611,0.037138961871195));
#9706=CARTESIAN_POINT('',(-0.0536952007924448,0.0130355329955858,0.0381053083428589));
#9707=CARTESIAN_POINT('',(0.,-0.010253048327205,0.0467469516727951));
#9708=CARTESIAN_POINT('',(-0.0157562642834607,-0.00747056259600854,0.0439804563408723));
#9709=CARTESIAN_POINT('',(-0.0161527263861596,-0.00787423347144734,0.0443845295697627));
#9710=CARTESIAN_POINT('',(-0.0166279088038801,-0.00855319987753354,0.045063978219384));
#9711=CARTESIAN_POINT('',(-0.0169443824147505,-0.00949608155873579,0.0460071810769327));
#9712=CARTESIAN_POINT('',(-0.0170609072786741,-0.0104974951247983,0.0470087128993957));
#9713=CARTESIAN_POINT('',(-0.0168274860570944,-0.0117155990734173,0.0482265799581996));
#9714=CARTESIAN_POINT('',(-0.0162205312375707,-0.0126265236278106,0.0491368885385442));
#9715=CARTESIAN_POINT('',(-0.0158360537545547,-0.0130355329791747,0.0495455076991654));
#9716=CARTESIAN_POINT('',(-0.0157562420425981,-0.00747057352862233,0.0439804672509147));
#9717=CARTESIAN_POINT('',(-0.0158359849267281,-0.0130355006268929,0.049545475277033));
#9718=CARTESIAN_POINT('',(2.8238289352402E-6,-0.0130355329955858,0.0495294334753854));
#9719=CARTESIAN_POINT('',(-0.0399999794012075,-0.0130355329955851,0.0495700307124078));
#9720=CARTESIAN_POINT('',(-0.0399999794012075,-0.010253048327205,0.0467875460440276));
#9721=CARTESIAN_POINT('',(-0.0399999794012075,-0.0114870371970496,0.0480215349138723));
#9722=CARTESIAN_POINT('',(-0.0398891975715518,-0.00924662814016638,0.0457810134289632));
#9723=CARTESIAN_POINT('',(-0.0399825591531171,-0.0111347368088338,0.0476692168465469));
#9724=CARTESIAN_POINT('',(-0.04502704133894,-0.011442631659899,0.0479822311398117));
#9725=CARTESIAN_POINT('',(-0.0399999794012075,-0.0102942359383908,0.0468287336552135));
#9726=CARTESIAN_POINT('',(-0.0399999794012075,-0.010253048327205,0.0467875460440276));
#9727=CARTESIAN_POINT('',(-2.82383001762559E-6,-0.00747056259228617,0.0439644688036679));
#9728=CARTESIAN_POINT('',(0.,0.0102530483272049,0.0467469516727951));
#9729=CARTESIAN_POINT('',(-0.0157405110295228,0.0130355329906288,0.0495454107481483));
#9730=CARTESIAN_POINT('',(-0.016168443298131,0.0126030515315744,0.049113363580352));
#9731=CARTESIAN_POINT('',(-0.0166714071873742,0.0118721114477464,0.0483829339343577));
#9732=CARTESIAN_POINT('',(-0.0169766374827867,0.010852440603955,0.047363572856524));
#9733=CARTESIAN_POINT('',(-0.0170526904635332,0.00976767039343511,0.0462788798291172));
#9734=CARTESIAN_POINT('',(-0.0167040933725114,0.0084812616987222,0.044992117357229));
#9735=CARTESIAN_POINT('',(-0.0159573346649856,0.00753456397140205,0.0440446617745137));
#9736=CARTESIAN_POINT('',(-0.015492574499792,0.00712087640789073,0.0436305025445925));
#9737=CARTESIAN_POINT('',(-0.0157404866361574,0.0130355209220889,0.0495453986548527));
#9738=CARTESIAN_POINT('',(-0.0154925151168804,0.00712090975534269,0.0436305358317791));
#9739=CARTESIAN_POINT('',(-0.0154923797035315,0.00712087538636968,0.0436305013253805));
#9740=CARTESIAN_POINT('',(-0.0317207412693764,0.00722896420110287,0.0437550596519425));
#9741=CARTESIAN_POINT('',(-0.0398896580995883,0.00734479836676755,0.0438791841229358));
#9742=CARTESIAN_POINT('',(-0.0399991301941671,0.00746837788336373,0.0440028747383604));
#9743=CARTESIAN_POINT('',(-0.0399999793983382,0.00746947011652448,0.0440039678333397));
#9744=CARTESIAN_POINT('',(-0.0399999794012075,0.0102530483272049,0.0467875460440276));
#9745=CARTESIAN_POINT('',(-0.0399999794012075,0.0130355317526142,0.0495700294694369));
#9746=CARTESIAN_POINT('',(2.8238289352402E-6,0.0130355329955857,0.0495294334753854));
#9747=CARTESIAN_POINT('',(-0.0545327016956459,-0.00570434946277608,0.0373946824007872));
#9748=CARTESIAN_POINT('',(-0.0592305658377859,-0.056168892906703,0.0420925465429271));
#9749=CARTESIAN_POINT('',(-0.0553186200435549,-0.0565505901705944,0.0419042932736539));
#9750=CARTESIAN_POINT('',(-0.063142511632017,-0.0557871956428117,0.0422807998122004));
#9751=CARTESIAN_POINT('',(-0.058444647489877,-0.00532265219888473,0.0375829356700604));
#9752=CARTESIAN_POINT('',(-0.0506207559014149,-0.00608604672666742,0.037206429131514));
#9753=CARTESIAN_POINT('',(-0.0393001943259134,-0.00584443097855548,0.0511224315389373));
#9754=CARTESIAN_POINT('',(-0.0390783224757191,-0.00550074921845029,0.0550361392083371));
#9755=CARTESIAN_POINT('',(-0.0437761866178591,-0.0559652926623773,0.0597340033504771));
#9756=CARTESIAN_POINT('',(-0.0439980584680534,-0.0563089744224824,0.0558202956810773));
#9757=CARTESIAN_POINT('',(-0.0442199303182477,-0.0566526561825876,0.0519065880116775));
#9758=CARTESIAN_POINT('',(-0.0395220661761077,-0.00618811273866067,0.0472087238695375));
#9759=CARTESIAN_POINT('',(-0.0633299344572152,-0.00254789694181535,0.0625041209590392));
#9760=CARTESIAN_POINT('',(-0.0680277985993553,-0.0530124403857423,0.0672019851011792));
#9761=CARTESIAN_POINT('',(-0.070950849087917,-0.0529855593652249,0.0645676910318485));
#9762=CARTESIAN_POINT('',(-0.0651047481107934,-0.0530393214062597,0.06983627917051));
#9763=CARTESIAN_POINT('',(-0.0604068839686534,-0.00257477796233277,0.06513841502837));
#9764=CARTESIAN_POINT('',(-0.066252984945777,-0.00252101592129793,0.0598698268897085));
#9765=CARTESIAN_POINT('',(0.,-1.7347234759768E-17,0.0715));
#9766=CARTESIAN_POINT('',(-0.00199797028143837,-1.7347234759768E-17,0.0715020276597271));
#9767=CARTESIAN_POINT('',(-0.00199797028143837,-0.00393502959670039,0.0715020276597271));
#9768=CARTESIAN_POINT('',(-0.00199797028143837,0.00393502959670035,0.0715020276597271));
#9769=CARTESIAN_POINT('',(0.,0.00393502959670035,0.0715));
#9770=CARTESIAN_POINT('',(-0.00417386074384457,0.00393473738238534,0.0715042358834941));
#9771=CARTESIAN_POINT('',(-0.00417342085702019,0.00393502835399883,0.0715042354370706));
#9772=CARTESIAN_POINT('',(-0.00378981606464558,0.00335153055217645,0.0715038461319864));
#9773=CARTESIAN_POINT('',(-0.00318578046377711,0.00206535320690848,0.0715032331205352));
#9774=CARTESIAN_POINT('',(-0.0028142060464008,-0.000711756865250148,0.0715028560245951));
#9775=CARTESIAN_POINT('',(-0.00347533027009742,-0.00279647862833899,0.0715035269729948));
#9776=CARTESIAN_POINT('',(-0.00426957168038918,-0.00393502954983749,0.0715043330166763));
#9777=CARTESIAN_POINT('',(-0.00426966594052761,-0.00393496372865466,0.0715043331123371));
#9778=CARTESIAN_POINT('',(0.,-0.00393502959670039,0.0715));
#9779=CARTESIAN_POINT('',(-0.0753363332711172,-1.7347234759768E-17,0.0418957155013416));
#9780=CARTESIAN_POINT('',(-0.0753363332711179,-1.7347234759768E-17,0.0418957155013418));
#9781=CARTESIAN_POINT('',(-0.0753363332711179,-0.00393502917564057,0.0418957155013418));
#9782=CARTESIAN_POINT('',(-0.0753363332711179,0.00393502959670034,0.0418957155013418));
#9783=CARTESIAN_POINT('',(-0.0753363332711172,0.00393502959670034,0.0418957155013416));
#9784=CARTESIAN_POINT('',(-0.0795418865412966,0.00393476200512212,0.0180448376987394));
#9785=CARTESIAN_POINT('',(-0.07954181862132,0.00393502851251423,0.0180452228920677));
#9786=CARTESIAN_POINT('',(-0.079405694458698,0.00277767022443283,0.0188172213807569));
#9787=CARTESIAN_POINT('',(-0.0792565472251148,2.23077825334847E-6,0.0196630773750234));
#9788=CARTESIAN_POINT('',(-0.07940456887195,-0.00277621944460995,0.0188236049004169));
#9789=CARTESIAN_POINT('',(-0.079540098995721,-0.003935028309026,0.0180549753734643));
#9790=CARTESIAN_POINT('',(-0.0795401759223412,-0.00393472806388658,0.0180545391009211));
#9791=CARTESIAN_POINT('',(-0.0753363332711172,-0.00393502959670039,0.0418957155013416));
#9792=CARTESIAN_POINT('',(0.,-0.0145,0.057));
#9793=CARTESIAN_POINT('',(-0.0671754576964942,-0.0145,0.0133922888109115));
#9794=CARTESIAN_POINT('',(-0.0642205072735022,-0.0145,0.0128743428700453));
#9795=CARTESIAN_POINT('',(-0.0671754576964942,-0.0145,0.0133922888109115));
#9796=CARTESIAN_POINT('',(-0.0661612088439106,-0.0145,0.0191787132994374));
#9797=CARTESIAN_POINT('',(-0.0693526615772109,-0.0145,0.0149895807831822));
#9798=CARTESIAN_POINT('',(-0.0600772181457355,-0.0145,0.0675932344850014));
#9799=CARTESIAN_POINT('',(-0.0715286400533857,-0.0145,0.00264899361137278));
#9800=CARTESIAN_POINT('',(-0.0617387967562629,-0.0145,0.000933022487794053));
#9801=CARTESIAN_POINT('',(-0.0637767668782521,-0.0145,0.00129023942926211));
#9802=CARTESIAN_POINT('',(-0.0523267318981432,-0.0145,0.0662266146459409));
#9803=CARTESIAN_POINT('',(-0.0475016712732383,-0.0145,0.0653758262742161));
#9804=CARTESIAN_POINT('',(-0.057041877055605,-0.0145,0.0112706306652676));
#9805=CARTESIAN_POINT('',(-0.057041877055605,-0.0145,0.0112706306652677));
#9806=CARTESIAN_POINT('',(-0.0585718978920475,-0.0145,0.0119270093396692));
#9807=CARTESIAN_POINT('',(-0.0601291751877697,-0.0145,0.0125237205366882));
#9808=CARTESIAN_POINT('',(-0.0616954022463624,-0.0145,0.0130942448261839));
#9809=CARTESIAN_POINT('',(-0.061695402246347,-0.0145,0.0130942448261812));
#9810=CARTESIAN_POINT('',(-0.0523267318981432,-0.0145,0.0662266146459409));
#9811=CARTESIAN_POINT('',(-0.0615950100179842,-0.0145,0.0136635974457256));
#9812=CARTESIAN_POINT('',(-0.0632062584209187,-0.0145,0.0186607673585712));
#9813=CARTESIAN_POINT('',(-0.0545327016956459,-0.00570434946277608,0.0373946824007872));
#9814=CARTESIAN_POINT('',(-0.057562204085821,-0.00932532185970818,0.0378844030516502));
#9815=CARTESIAN_POINT('',(-0.0559227757008667,-0.016156854338474,0.0383913724691671));
#9816=CARTESIAN_POINT('',(-0.0525099579558269,-0.0142750680535283,0.0380326477179556));
#9817=CARTESIAN_POINT('',(-0.0492146341361155,-0.0109466105011028,0.0375535445499847));
#9818=CARTESIAN_POINT('',(-0.0512661368298803,-0.0130187405886038,0.0378518100599793));
#9819=CARTESIAN_POINT('',(-0.0506207559014149,-0.00608604672666742,0.037206429131514));
#9820=CARTESIAN_POINT('',(-0.0540459269814612,-0.0428792977748219,0.0406316002115603));
#9821=CARTESIAN_POINT('',(-0.0584921981926558,-0.0482373340157126,0.0413541788977971));
#9822=CARTESIAN_POINT('',(-0.0618698185699233,-0.0421159032470392,0.0410081067501068));
#9823=CARTESIAN_POINT('',(-0.058444647489877,-0.00532265219888473,0.0375829356700604));
#9824=CARTESIAN_POINT('',(-0.0617206335877111,-0.0405133554107792,0.0408589217678946));
#9825=CARTESIAN_POINT('',(-0.0585342151195983,-0.0408896495561138,0.0407113248660247));
#9826=CARTESIAN_POINT('',(-0.0595687153059401,-0.040767482186271,0.0407592435634638));
#9827=CARTESIAN_POINT('',(-0.0596593971254828,-0.0348175488166738,0.0402418917321755));
#9828=CARTESIAN_POINT('',(-0.0556311213199654,-0.0352932605339445,0.0400552994704493));
#9829=CARTESIAN_POINT('',(-0.0560818387585797,-0.00572020232014161,0.037483896586867));
#9830=CARTESIAN_POINT('',(0.,-0.0145,0.057));
#9831=CARTESIAN_POINT('',(3.99349663684518E-6,-0.0145,0.0609350229690108));
#9832=CARTESIAN_POINT('',(-0.002,-0.0145,0.0609370567414569));
#9833=CARTESIAN_POINT('',(-0.0152865608411855,-0.0145,0.0609505407379805));
#9834=CARTESIAN_POINT('',(-0.0199803726587346,-0.0145,0.0585));
#9835=CARTESIAN_POINT('',(-0.0140415887514469,-0.0145,0.0585));
#9836=CARTESIAN_POINT('',(-0.0140415887514469,-0.0145,0.0555));
#9837=CARTESIAN_POINT('',(-0.0140415887514469,-0.0145,0.0555));
#9838=CARTESIAN_POINT('',(-0.0199803726587346,-0.0145,0.0555));
#9839=CARTESIAN_POINT('',(-0.0152512530941152,-0.0145,0.0530804508618672));
#9840=CARTESIAN_POINT('',(-3.99349663684517E-6,-0.0145,0.0530649770309892));
#9841=CARTESIAN_POINT('',(-0.0140975786960471,-0.0145,0.0530792800440944));
#9842=CARTESIAN_POINT('',(-0.0140975786960471,-0.0145,0.0530792800440944));
#9843=CARTESIAN_POINT('',(-0.0139652844709014,-0.0145,0.0523530518161392));
#9844=CARTESIAN_POINT('',(-0.0138330766279134,-0.0145,0.0516625611015618));
#9845=CARTESIAN_POINT('',(-0.013700955167083,-0.0145,0.0510078079003621));
#9846=CARTESIAN_POINT('',(-0.0137009551971826,-0.0145,0.0510078078942884));
#9847=CARTESIAN_POINT('',(-0.0137009551644134,-0.0145,0.0510078078871327));
#9848=CARTESIAN_POINT('',(-0.0134998459535477,-0.0145,0.050011172679788));
#9849=CARTESIAN_POINT('',(-0.013298704267761,-0.0145,0.0490958997625591));
#9850=CARTESIAN_POINT('',(-0.0130975301070533,-0.0145,0.048261989135446));
#9851=CARTESIAN_POINT('',(-0.0130987247338623,-0.0144992245503474,0.0482612152585246));
#9852=CARTESIAN_POINT('',(-0.0200115850564131,-0.0145,0.0482542462829263));
#9853=CARTESIAN_POINT('',(-3.99349663684518E-6,-0.0145,0.0530649770309892));
#9854=CARTESIAN_POINT('',(-0.002,-0.0145,0.0530670026977569));
#9855=CARTESIAN_POINT('',(-0.002,-0.0145,0.057));
#9856=CARTESIAN_POINT('',(-0.0393001943259134,-0.00584443097855548,0.0511224315389373));
#9857=CARTESIAN_POINT('',(-0.0418756366909015,-0.0344458796928572,0.0555956807570191));
#9858=CARTESIAN_POINT('',(-0.0420869120395381,-0.0346384004190516,0.0515956807570191));
#9859=CARTESIAN_POINT('',(-0.0424551875349257,-0.0403855908233741,0.0555956807570191));
#9860=CARTESIAN_POINT('',(-0.0425941380809668,-0.0405122069203374,0.0529649801677112));
#9861=CARTESIAN_POINT('',(-0.0423138453149018,-0.0402567953580416,0.0582716620475197));
#9862=CARTESIAN_POINT('',(-0.0390783224757191,-0.00550074921845029,0.0550361392083371));
#9863=CARTESIAN_POINT('',(-0.0425034935557655,-0.0422940002666048,0.0584613102883834));
#9864=CARTESIAN_POINT('',(-0.0432596908229234,-0.048377415531492,0.0550819280359473));
#9865=CARTESIAN_POINT('',(-0.042947237256154,-0.0429813637868151,0.0506338949495838));
#9866=CARTESIAN_POINT('',(-0.0395220661761077,-0.00618811273866067,0.0472087238695375));
#9867=CARTESIAN_POINT('',(-0.0400765561831979,-0.0130355317526127,0.0495699378494021));
#9868=CARTESIAN_POINT('',(-0.0400510257148771,-0.012519333526579,0.0490538371585343));
#9869=CARTESIAN_POINT('',(-0.0400254995114104,-0.0120031645017242,0.0485377070505501));
#9870=CARTESIAN_POINT('',(-0.0399999794012075,-0.0114870371970496,0.0480215349138723));
#9871=CARTESIAN_POINT('',(-0.0400765561831979,-0.0130355317526127,0.0495699378494021));
#9872=CARTESIAN_POINT('',(-0.0400765561831979,-0.0130355317526127,0.0495699378494022));
#9873=CARTESIAN_POINT('',(-0.0401047784493514,-0.0136061551951587,0.0501404534731892));
#9874=CARTESIAN_POINT('',(-0.0401123041063564,-0.0140255327658147,0.0508343872863528));
#9875=CARTESIAN_POINT('',(-0.0400991930869919,-0.0142666306105568,0.0515956807570191));
#9876=CARTESIAN_POINT('',(-0.0400991930869918,-0.0142666306105568,0.0515956807570191));
#9877=CARTESIAN_POINT('',(-0.0392776350824965,-0.00584663213417997,0.0515956807570191));
#9878=CARTESIAN_POINT('',(-0.0467718125155284,-1.56125112837912E-17,0.0368889047396351));
#9879=CARTESIAN_POINT('',(-0.0533707955451355,0.00600609665440986,-0.000535787744141112));
#9880=CARTESIAN_POINT('',(-0.0533707955451355,0.000999999999999981,-0.00053578774414111));
#9881=CARTESIAN_POINT('',(-0.0533707955451355,0.00393502959670034,-0.000535787744141112));
#9882=CARTESIAN_POINT('',(-0.0467718125155284,0.00393502959670034,0.0368889047396351));
#9883=CARTESIAN_POINT('',(-0.0526683737270103,0.00393502959627768,0.00344784434269498));
#9884=CARTESIAN_POINT('',(-0.0519820076206582,-1345.016030544,0.00734041996325138));
#9885=CARTESIAN_POINT('',(-0.0524981842727971,0.00883452450752682,0.00441303670026495));
#9886=CARTESIAN_POINT('',(-0.0502455280795819,0.00883452450743384,0.0171884848146958));
#9887=CARTESIAN_POINT('',(-0.0467718125155284,0.00393502959670034,0.0368889047396351));
#9888=CARTESIAN_POINT('',(-0.0467718125155292,0.00393502959670034,0.0368889047396352));
#9889=CARTESIAN_POINT('',(-0.0467718125155292,-1.56125112837912E-17,0.0368889047396352));
#9890=CARTESIAN_POINT('',(-0.0467718125155284,0.0035,0.0368889047396351));
#9891=CARTESIAN_POINT('',(-0.0480741738480304,0.0035,0.0295028465920435));
#9892=CARTESIAN_POINT('',(-0.0488369466591948,0.0035,0.025176947015588));
#9893=CARTESIAN_POINT('',(-0.0488369466591948,0.0015,0.025176947015588));
#9894=CARTESIAN_POINT('',(-0.0493765351805324,0.0015,0.0221167884444519));
#9895=CARTESIAN_POINT('',(-0.0493765351805324,-0.0035,0.0221167884444519));
#9896=CARTESIAN_POINT('',(-0.0493765351805324,-0.0015,0.0221167884444519));
#9897=CARTESIAN_POINT('',(-0.0488369466591948,-0.0015,0.025176947015588));
#9898=CARTESIAN_POINT('',(-0.0488369466591948,-0.0035,0.025176947015588));
#9899=CARTESIAN_POINT('',(-0.0480741738480304,-0.0035,0.0295028465920435));
#9900=CARTESIAN_POINT('',(-0.0467718125155284,-0.0035,0.0368889047396351));
#9901=CARTESIAN_POINT('',(-0.0467718125155292,-1.56125112837912E-17,0.0368889047396352));
#9902=CARTESIAN_POINT('',(-0.0467718125155284,-0.0039350295967004,0.0368889047396351));
#9903=CARTESIAN_POINT('',(-0.0512909408756168,-0.00393502959650504,0.011259654230547));
#9904=CARTESIAN_POINT('',(-0.0519820058321868,1364.72318818407,0.00734043010617704));
#9905=CARTESIAN_POINT('',(-0.0514624752602409,-0.00883452450752681,0.0102868343935893));
#9906=CARTESIAN_POINT('',(-0.05024552450264,-0.00883452450743383,0.0171885051005411));
#9907=CARTESIAN_POINT('',(-0.0467718125155284,-0.00600609665440989,0.0368889047396351));
#9908=CARTESIAN_POINT('',(-0.0533706923129019,-0.00600609665440989,-0.000535202285051876));
#9909=CARTESIAN_POINT('',(-0.0516627152798943,-0.0199160823209099,0.00915121681056911));
#9910=CARTESIAN_POINT('',(-0.0533707955451355,-0.00600525591776002,-0.000535787744141113));
#9911=CARTESIAN_POINT('',(-0.0533707955451355,-0.00100000000000002,-0.000535787744141113));
#9912=CARTESIAN_POINT('',(-0.0533707955451355,-0.00100000000000002,-0.000535787744141111));
#9913=CARTESIAN_POINT('',(-0.0521400093646408,-0.00100000000000002,0.00644434754513485));
#9914=CARTESIAN_POINT('',(-0.050562279107076,-0.00100000000000002,0.015392100471123));
#9915=CARTESIAN_POINT('',(-0.0500711278912001,-1.95257406892321E-17,0.0181775574324031));
#9916=CARTESIAN_POINT('',(-0.050562279107076,0.000999999999999982,0.015392100471123));
#9917=CARTESIAN_POINT('',(-0.0521400093646408,0.000999999999999982,0.00644434754513485));
#9918=CARTESIAN_POINT('',(-0.0400216536272935,0.,0.0356837271343148));
#9919=CARTESIAN_POINT('',(-0.0467718125155292,0.00393503487113632,0.0368889047396352));
#9920=CARTESIAN_POINT('',(-0.0464886426820036,0.00393503487113633,0.0384749293721998));
#9921=CARTESIAN_POINT('',(-0.0452151895254407,0.00393524570380995,0.0406501917983511));
#9922=CARTESIAN_POINT('',(-0.0423944703171377,0.00393468348334688,0.0422659516105615));
#9923=CARTESIAN_POINT('',(-0.0408055278713381,0.00393580792427301,0.0425431406710312));
#9924=CARTESIAN_POINT('',(-0.0399999794012075,0.00393503303652541,0.0425405943712325));
#9925=CARTESIAN_POINT('',(-0.0399999794012075,0.00393502821242544,0.0425405943712325));
#9926=CARTESIAN_POINT('',(-0.0399999794012075,-1.56125112837912E-17,0.0425405943712325));
#9927=CARTESIAN_POINT('',(-0.0399999794011943,0.0035,0.0425405943712325));
#9928=CARTESIAN_POINT('',(-0.0400294103052088,0.0035,0.042540624239474));
#9929=CARTESIAN_POINT('',(-0.0400196000038706,0.0035,0.0425406142833935));
#9930=CARTESIAN_POINT('',(-0.0400097897025324,0.0035,0.042540604327313));
#9931=CARTESIAN_POINT('',(-0.0399999794011943,0.0035,0.0425405943712325));
#9932=CARTESIAN_POINT('',(-0.0400294103052088,0.0035,0.042540624239474));
#9933=CARTESIAN_POINT('',(-0.0400216536272935,0.0035,0.0356837271343148));
#9934=CARTESIAN_POINT('',(-0.0499814688171336,-0.048483206996294,0.0472237361715256));
#9935=CARTESIAN_POINT('',(-0.0672894309542252,-0.0450808814947518,0.0664636174560492));
#9936=CARTESIAN_POINT('',(-0.065802537931672,-0.0450808814947518,0.0678012082527739));
#9937=CARTESIAN_POINT('',(-0.0662213473709369,-0.0437684177504629,0.0631732090007071));
#9938=CARTESIAN_POINT('',(-0.0650370940317463,-0.0432664688189614,0.0642901977775365));
#9939=CARTESIAN_POINT('',(-0.0638964022876468,-0.0440813758630133,0.0652554029360788));
#9940=CARTESIAN_POINT('',(-0.0636032254076077,-0.0457035856088086,0.0656635175138206));
#9941=CARTESIAN_POINT('',(-0.0644297417426295,-0.0471667275336472,0.0653860210013977));
#9942=CARTESIAN_POINT('',(-0.0657492472016068,-0.0476398250286013,0.0644228098467105));
#9943=CARTESIAN_POINT('',(-0.0666895571990948,-0.0468677422492423,0.0632358564725668));
#9944=CARTESIAN_POINT('',(-0.0668443976755755,-0.0452700183495703,0.0626710508517226));
#9945=CARTESIAN_POINT('',(-0.0662213473709369,-0.0437684177504629,0.0631732090007071));
#9946=CARTESIAN_POINT('',(-0.0650370940317463,-0.0432664688189614,0.0642901977775365));
#9947=CARTESIAN_POINT('',(-0.0638964022876468,-0.0440813758630133,0.0652554029360788));
#9948=CARTESIAN_POINT('',(-0.0650443542975948,-0.043485944814887,0.064264900507822));
#9949=CARTESIAN_POINT('',(-0.0672719348463306,-0.0299350882600515,0.0665143403994525));
#9950=CARTESIAN_POINT('',(-0.0686156099548451,-0.0448201868735318,0.0679378248949063));
#9951=CARTESIAN_POINT('',(-0.0656418239097388,-0.0448201868735318,0.0706130064883558));
#9952=CARTESIAN_POINT('',(-0.0616802717927645,-0.00231456882047908,0.0666601986154101));
#9953=CARTESIAN_POINT('',(-0.0653636322774556,-0.0418812952253564,0.0703435591001012));
#9954=CARTESIAN_POINT('',(-0.0686156099548451,-0.0448201868735318,0.0679378248949063));
#9955=CARTESIAN_POINT('',(-0.071315315607597,-0.0418265622255891,0.0649798186650736));
#9956=CARTESIAN_POINT('',(-0.0676319551229059,-0.00225983582071163,0.0612964581803825));
#9957=CARTESIAN_POINT('',(-0.0692085753690897,-0.045845525072552,0.0563306575958031));
#9958=CARTESIAN_POINT('',(-0.0432596908229234,-0.048377415531492,0.0550819280359473));
#9959=CARTESIAN_POINT('',(-0.0430654687086789,-0.0463868684282215,0.0550819280359473));
#9960=CARTESIAN_POINT('',(-0.0459676467780362,-0.0462772429580955,0.0564770628434379));
#9961=CARTESIAN_POINT('',(-0.0459098202065055,-0.0459295714861062,0.0548103735310666));
#9962=CARTESIAN_POINT('',(-0.0462176758253218,-0.0468308020678461,0.05339974228936));
#9963=CARTESIAN_POINT('',(-0.0464998204972435,-0.0484695542575855,0.0530548360765448));
#9964=CARTESIAN_POINT('',(-0.0464419582517039,-0.0499038536781414,0.0539715448587758));
#9965=CARTESIAN_POINT('',(-0.0462941534342868,-0.0502698715215061,0.0556258955769743));
#9966=CARTESIAN_POINT('',(-0.0462867931609153,-0.0493428838653087,0.0570506035237422));
#9967=CARTESIAN_POINT('',(-0.0462134491865055,-0.047680620926063,0.0574072619097433));
#9968=CARTESIAN_POINT('',(-0.0459676467780362,-0.0462772429580955,0.0564770628434379));
#9969=CARTESIAN_POINT('',(-0.0459098202065055,-0.0459295714861062,0.0548103735310666));
#9970=CARTESIAN_POINT('',(-0.0462176758253218,-0.0468308020678461,0.05339974228936));
#9971=CARTESIAN_POINT('',(-0.04597076723823,-0.0461377218283944,0.0548530498761774));
#9972=CARTESIAN_POINT('',(-0.0398825833659477,-0.0336817670506441,0.0536567990626723));
#9973=CARTESIAN_POINT('',(-0.041271422908881,-0.0485714152601672,0.0549862472789282));
#9974=CARTESIAN_POINT('',(-0.0408829786803921,-0.0445903210536263,0.0549862472789282));
#9975=CARTESIAN_POINT('',(-0.041271422908881,-0.0485714152601672,0.0549862472789282));
#9976=CARTESIAN_POINT('',(-0.040769407973602,-0.0452552683553971,0.0586945016810345));
#9977=CARTESIAN_POINT('',(-0.0370860474889109,-0.00568854195051986,0.0550111411963434));
#9978=CARTESIAN_POINT('',(-0.0407661368378282,-0.0583824196823322,0.0584486518806089));
#9979=CARTESIAN_POINT('',(-0.0528815932792928,-0.0578698021549944,0.0518397423923453));
#9980=CARTESIAN_POINT('',(-0.05019156107191,-0.0583985972324654,0.0488494481039914));
#9981=CARTESIAN_POINT('',(-0.0495661457777428,-0.0585215387080444,0.0481542237952026));
#9982=CARTESIAN_POINT('',(-0.039591804343909,-0.0586132649638104,0.0571432400942528));
#9983=CARTESIAN_POINT('',(-0.0464628549383707,-0.0585500772587985,0.0509509529949055));
#9984=CARTESIAN_POINT('',(-0.0460234605689802,-0.0578694508966882,0.0587016483258758));
#9985=CARTESIAN_POINT('',(-0.0458789816483858,-0.0576456515743112,0.0612501837038523));
#9986=CARTESIAN_POINT('',(-0.042197953689625,-0.058369252377039,0.0571582784656386));
#9987=CARTESIAN_POINT('',(-0.0527454982507758,-0.0562958609774732,0.0688831426404261));
#9988=CARTESIAN_POINT('',(-0.0402087971545316,-0.0575190948253749,0.0682798431338864));
#9989=CARTESIAN_POINT('',(-0.0630400924461206,-0.0552913944935486,0.0693785459806189));
#9990=CARTESIAN_POINT('',(-0.0561690418516589,-0.0553545821985605,0.0755708330799662));
#9991=CARTESIAN_POINT('',(-0.0707323305739148,-0.0552206549658712,0.0624461931665906));
#9992=CARTESIAN_POINT('',(-0.0708768094945093,-0.0554444542882482,0.0598976577886141));
#9993=CARTESIAN_POINT('',(-0.0713162038638998,-0.0561250806503586,0.0521469624576438));
#9994=CARTESIAN_POINT('',(-0.060768659302749,-0.0581984720499243,0.0404220982828563));
#9995=CARTESIAN_POINT('',(-0.0644496872615098,-0.0574748712471965,0.04451400352107));
#9996=CARTESIAN_POINT('',(-0.0416183919699208,-0.0597025715790228,0.0434153006743375));
#9997=CARTESIAN_POINT('',(-0.0541550930661649,-0.0584793377311211,0.0440186001808772));
#9998=CARTESIAN_POINT('',(-0.039591804343909,-0.0586132649638104,0.0571432400942528));
#9999=CARTESIAN_POINT('',(-0.0510518022267927,-0.0585078762818753,0.0468153293805801));
#10000=CARTESIAN_POINT('',(-0.0543672497283427,-0.0578561397288253,0.0505008479777227));
#10001=CARTESIAN_POINT('',(-0.0516772175209599,-0.0583849348062962,0.0475105536893689));
#10002=CARTESIAN_POINT('',(-0.0585975927561427,-0.0568853661123349,0.056698573080748));
#10003=CARTESIAN_POINT('',(-0.0400216536272935,0.,0.0356837271343148));
#10004=CARTESIAN_POINT('',(-0.0399999794012075,0.00393502912147848,0.0715405943712326));
#10005=CARTESIAN_POINT('',(-0.042766147464789,0.00393502912147848,0.0715422664233839));
#10006=CARTESIAN_POINT('',(-0.0483059820798188,0.00393502912147844,0.0708969789793706));
#10007=CARTESIAN_POINT('',(-0.0534891638242084,0.00393502912147847,0.0690298935370645));
#10008=CARTESIAN_POINT('',(-0.0559626539345209,0.00393502912147847,0.0678022561638797));
#10009=CARTESIAN_POINT('',(-0.0399999794012075,0.00393502896868219,0.0715405943712326));
#10010=CARTESIAN_POINT('',(-0.0559626539345209,0.00393502912147845,0.0678022561638797));
#10011=CARTESIAN_POINT('',(-0.0400216536272935,0.244675372817529,0.0356837271343148));
#10012=CARTESIAN_POINT('',(-0.0596994005841552,-0.00237650291523074,0.0656587446075331));
#10013=CARTESIAN_POINT('',(-0.0596994005841553,-0.00237650291523116,0.0656587446075331));
#10014=CARTESIAN_POINT('',(-0.0593874595192987,-0.00243353970329268,0.0658635250499528));
#10015=CARTESIAN_POINT('',(-0.0588637842208519,-0.00295332920576001,0.0661937474841147));
#10016=CARTESIAN_POINT('',(-0.0585389149429457,-0.00359811267632721,0.0663896933208368));
#10017=CARTESIAN_POINT('',(-0.0583903409687235,-0.0039350291214876,0.0664783163209043));
#10018=CARTESIAN_POINT('',(-0.0583903409687083,-0.0039350291214785,0.0664783163209134));
#10019=CARTESIAN_POINT('',(-0.0583903409687083,-0.00393502912147852,0.0664783163209134));
#10020=CARTESIAN_POINT('',(-0.0570013157965596,-0.00393502912147852,0.0673068569759599));
#10021=CARTESIAN_POINT('',(-0.054140289582604,-0.00393502912147851,0.0687608380926766));
#10022=CARTESIAN_POINT('',(-0.0495753271582065,-0.00393502912147852,0.0703576728472176));
#10023=CARTESIAN_POINT('',(-0.0448239702833559,-0.00393502912147847,0.0713265323290686));
#10024=CARTESIAN_POINT('',(-0.0416191375654755,-0.00393502912147852,0.0715415730958905));
#10025=CARTESIAN_POINT('',(-0.0399999794012075,-0.00393502912147852,0.0715405943712326));
#10026=CARTESIAN_POINT('',(-0.0399999794012075,-0.00393502896868223,0.0715405943712326));
#10027=CARTESIAN_POINT('',(-0.0399999794012075,-1.7347234759768E-17,0.0715405943712326));
#10028=CARTESIAN_POINT('',(-0.068,-2.08166817117217E-17,-5.20417042793042E-18));
#10029=CARTESIAN_POINT('',(-0.068,-0.00100000000000002,-5.20417042793042E-18));
#10030=CARTESIAN_POINT('',(-0.0567650339325318,-0.00100000000000002,-0.00196927333370376));
#10031=CARTESIAN_POINT('',(-0.0556857083450707,-0.00100000000000002,-0.00215845833746854));
#10032=CARTESIAN_POINT('',(-0.0556857083450707,-0.00600609665440989,-0.00215845833746854));
#10033=CARTESIAN_POINT('',(-0.0556857083450707,-0.0051776698313261,-0.00215845833746854));
#10034=CARTESIAN_POINT('',(-0.0634760717768211,-0.0130868009332915,-0.000792957554121358));
#10035=CARTESIAN_POINT('',(-0.0628980825548072,-0.0125,-0.000894267941286293));
#10036=CARTESIAN_POINT('',(-0.0739159059498263,-0.0125,0.00103694446086721));
#10037=CARTESIAN_POINT('',(-0.0730979189646522,-0.0125,0.000893567084598635));
#10038=CARTESIAN_POINT('',(-0.0808882834108767,-0.00459086786809449,0.0022590680457636));
#10039=CARTESIAN_POINT('',(-0.0803102931743888,-0.0051776698313261,0.00215775748078089));
#10040=CARTESIAN_POINT('',(-0.0803102931743888,0.00600609665440986,0.00215775748078089));
#10041=CARTESIAN_POINT('',(-0.0803102931743888,0.00517766983132605,0.00215775748078089));
#10042=CARTESIAN_POINT('',(-0.0725219289829086,0.0130847712136845,0.000792607125777525));
#10043=CARTESIAN_POINT('',(-0.0730979189646522,0.0125,0.000893567084598633));
#10044=CARTESIAN_POINT('',(-0.0620840940501737,0.0125,-0.00103694446086722));
#10045=CARTESIAN_POINT('',(-0.0628980825548072,0.0125,-0.000894267941286291));
#10046=CARTESIAN_POINT('',(-0.0551097173488531,0.00459289758770132,-0.00225941847410743));
#10047=CARTESIAN_POINT('',(-0.0556857083450707,0.00517766983132604,-0.00215845833746854));
#10048=CARTESIAN_POINT('',(-0.0556857083450707,0.000999999999999981,-0.00215845833746854));
#10049=CARTESIAN_POINT('',(-0.0556857083450707,0.000999999999999981,-0.00215845833746855));
#10050=CARTESIAN_POINT('',(-0.0586335721272856,0.000999999999999981,-0.00164175454834753));
#10051=CARTESIAN_POINT('',(-0.0567650339325318,0.000999999999999981,-0.00196927333370377));
#10052=CARTESIAN_POINT('',(-0.068,0.,-5.20056235024167E-18));
#10053=CARTESIAN_POINT('',(0.,-0.010253048327205,0.0467469516727951));
#10054=CARTESIAN_POINT('',(-0.00200143522812838,-0.0102520327391238,0.0467479672608762));
#10055=CARTESIAN_POINT('',(-0.00200143522812838,-0.00747056259228617,0.0439664971140385));
#10056=CARTESIAN_POINT('',(-0.00200143522812838,-0.0130355329955858,0.0495314675173381));
#10057=CARTESIAN_POINT('',(2.8238289352402E-6,-0.0130355329955858,0.0495294334753854));
#10058=CARTESIAN_POINT('',(-2.82383001762559E-6,-0.00747056259228617,0.0439644688036679));
#10059=CARTESIAN_POINT('',(-0.0399999794012075,-0.0114777462222584,0.0480122439390811));
#10060=CARTESIAN_POINT('',(-0.0400227700063933,-0.0114777462222584,0.0480122840062471));
#10061=CARTESIAN_POINT('',(-0.0400455682842571,-0.0114777462222584,0.0480122608904902));
#10062=CARTESIAN_POINT('',(-0.0400683740515644,-0.0114777462222584,0.048012174464755));
#10063=CARTESIAN_POINT('',(-0.0399999794012075,-0.0130448239703763,0.049579321687199));
#10064=CARTESIAN_POINT('',(-0.040025666920176,-0.0130448239703763,0.049579361754365));
#10065=CARTESIAN_POINT('',(-0.0400513630729745,-0.0130448239703763,0.0495793306057371));
#10066=CARTESIAN_POINT('',(-0.0400770676530489,-0.0130448239703763,0.049579228098151));
#10067=CARTESIAN_POINT('',(-0.0399999794012075,-0.0130355317526127,0.0495700294694354));
#10068=CARTESIAN_POINT('',(-0.0400255049825003,-0.0130355317250279,0.0495700692830701));
#10069=CARTESIAN_POINT('',(-0.0400510306734847,-0.0130355317526127,0.0495700387707948));
#10070=CARTESIAN_POINT('',(-0.0400765561831979,-0.0130355317526127,0.0495699378494022));
#10071=CARTESIAN_POINT('',(-0.0399999794012075,-0.00747056278060459,0.0440050604974273));
#10072=CARTESIAN_POINT('',(-0.040409284052456,-0.00747056278060459,0.0440061265959913));
#10073=CARTESIAN_POINT('',(-0.0408209103555745,-0.00747056278060459,0.0439770518804373));
#10074=CARTESIAN_POINT('',(-0.0412324025277866,-0.00747056278060459,0.0439165362425159));
#10075=CARTESIAN_POINT('',(-0.0399999794012075,-0.0103111779773375,0.0468456756941602));
#10076=CARTESIAN_POINT('',(-0.0405490064937637,-0.0103111779773375,0.0468467417927243));
#10077=CARTESIAN_POINT('',(-0.0411011209651834,-0.0103111779773375,0.0468073760519909));
#10078=CARTESIAN_POINT('',(-0.0416530275631653,-0.0103111779773375,0.046725836738284));
#10079=CARTESIAN_POINT('',(-0.0399999794012075,-0.0102942359383908,0.0468287336552135));
#10080=CARTESIAN_POINT('',(-0.040046780061662,-0.0097873554850513,0.046321944217352));
#10081=CARTESIAN_POINT('',(-0.0402682609361371,-0.00879990087743236,0.0453348561412898));
#10082=CARTESIAN_POINT('',(-0.0408129107729738,-0.00785803609676855,0.0443694307368079));
#10083=CARTESIAN_POINT('',(-0.0412249349840449,-0.0074705627806046,0.0439176309890255));
#10084=CARTESIAN_POINT('',(-0.0646260552261584,-0.0130355334062829,0.0507051997686452));
#10085=CARTESIAN_POINT('',(-0.0665398538133102,-0.0130355334062829,0.0475704958575248));
#10086=CARTESIAN_POINT('',(-0.067796367160232,-0.0130355334062829,0.0441814776891871));
#10087=CARTESIAN_POINT('',(-0.0684124542366704,-0.0130355334062829,0.0406820927572723));
#10088=CARTESIAN_POINT('',(-0.0694064836589409,-0.00743717258260564,0.0536188140037714));
#10089=CARTESIAN_POINT('',(-0.0716914889142024,-0.00743717258260564,0.0498750634696367));
#10090=CARTESIAN_POINT('',(-0.0731915253912527,-0.00743717258260564,0.0458277061985622));
#10091=CARTESIAN_POINT('',(-0.0739267471313327,-0.00743717258260564,0.0416486421786483));
#10092=CARTESIAN_POINT('',(-0.0684124542366756,-0.0130355334062777,0.0406820927572732));
#10093=CARTESIAN_POINT('',(-0.0682329297127029,-0.0130355339447809,0.0417017919600541));
#10094=CARTESIAN_POINT('',(-0.0679979227148376,-0.0130355334062777,0.0427138390114874));
#10095=CARTESIAN_POINT('',(-0.0677095764335208,-0.0130355334062777,0.0437086974656532));
#10096=CARTESIAN_POINT('',(-0.0684124546411998,-0.0130355329955864,0.0406820928281785));
#10097=CARTESIAN_POINT('',(-0.0677095764335208,-0.0130355334062777,0.0437086974656532));
#10098=CARTESIAN_POINT('',(-0.0677095764335208,-0.0130355334062777,0.0437086974656532));
#10099=CARTESIAN_POINT('',(-0.0678613888089118,-0.0128442705738365,0.0438719686830684));
#10100=CARTESIAN_POINT('',(-0.0680129269124518,-0.0126526384745133,0.0440350608872884));
#10101=CARTESIAN_POINT('',(-0.0681642068457296,-0.0124606604819496,0.0441979865793102));
#10102=CARTESIAN_POINT('',(-0.0681642068457296,-0.0124606604819496,0.0441979865793102));
#10103=CARTESIAN_POINT('',(-0.0681642068457296,-0.0124606604819496,0.0441979865793102));
#10104=CARTESIAN_POINT('',(-0.0691917545171324,-0.0111566769664549,0.0453046364291696));
#10105=CARTESIAN_POINT('',(-0.0698795679210307,-0.0100045938297598,0.0469366407439268));
#10106=CARTESIAN_POINT('',(-0.069753238244113,-0.00935605818588335,0.0488264918544041));
#10107=CARTESIAN_POINT('',(-0.0697532382441131,-0.00935605818588335,0.0488264918544041));
#10108=CARTESIAN_POINT('',(-0.0697532382441131,-0.00935605818588335,0.0488264918544041));
#10109=CARTESIAN_POINT('',(-0.0696462707573126,-0.00880692175477195,0.0504266908626443));
#10110=CARTESIAN_POINT('',(-0.0695349683818449,-0.00817080905436692,0.0519937946667459));
#10111=CARTESIAN_POINT('',(-0.0694196003206738,-0.00747056267637089,0.0535330537691157));
#10112=CARTESIAN_POINT('',(-0.069419600320674,-0.00747056267637081,0.0535330537691155));
#10113=CARTESIAN_POINT('',(-0.069419600320674,-0.00747056267637083,0.0535330537691155));
#10114=CARTESIAN_POINT('',(-0.0716270006175415,-0.00747056267637082,0.0498974524052106));
#10115=CARTESIAN_POINT('',(-0.0731573716937056,-0.00747056453245593,0.0458291061464236));
#10116=CARTESIAN_POINT('',(-0.0738938584407677,-0.0074705626763708,0.0416428774241381));
#10117=CARTESIAN_POINT('',(-0.0738938587045256,-0.00747056240859182,0.0416428774703698));
#10118=CARTESIAN_POINT('',(-0.0711531560571339,-0.010253048327205,0.0411624850413487));
#10119=CARTESIAN_POINT('',(-0.0399999794012075,-0.0130355334062829,0.0645111576193595));
#10120=CARTESIAN_POINT('',(-0.0437421726575779,-0.0130355334062829,0.0645139712292211));
#10121=CARTESIAN_POINT('',(-0.0474829970874674,-0.0130355334062829,0.0637967990889725));
#10122=CARTESIAN_POINT('',(-0.0510602220126779,-0.0130355334062829,0.0623139961179987));
#10123=CARTESIAN_POINT('',(-0.0399999794012075,-0.0074371728519913,0.0701095181736512));
#10124=CARTESIAN_POINT('',(-0.0444689161362889,-0.0074371728519913,0.0701123317835127));
#10125=CARTESIAN_POINT('',(-0.0489361130879647,-0.0074371728519913,0.0692553368524345));
#10126=CARTESIAN_POINT('',(-0.0532078273194164,-0.0074371728519913,0.0674840476015254));
#10127=CARTESIAN_POINT('',(-0.0400008646195285,-0.00747056267637078,0.0700761288957475));
#10128=CARTESIAN_POINT('',(-0.0422544667138491,-0.00747056267637078,0.0700774911196411));
#10129=CARTESIAN_POINT('',(-0.0467035182436023,-0.0074705626763708,0.069643674381527));
#10130=CARTESIAN_POINT('',(-0.0510404469667589,-0.00747056267637081,0.0683405380373899));
#10131=CARTESIAN_POINT('',(-0.0531170262287515,-0.00747056267637082,0.0674854400996824));
#10132=CARTESIAN_POINT('',(-0.0400008646200931,-0.00747056309742971,0.0700761284746889));
#10133=CARTESIAN_POINT('',(-0.0531170262287515,-0.00747056267637078,0.0674854400996824));
#10134=CARTESIAN_POINT('',(-0.0531170262287515,-0.00747056267637078,0.0674854400996824));
#10135=CARTESIAN_POINT('',(-0.0518081308013217,-0.0080131334486592,0.0674376490146182));
#10136=CARTESIAN_POINT('',(-0.0504808500582283,-0.00850512463953858,0.0673853734655841));
#10137=CARTESIAN_POINT('',(-0.0491304501041795,-0.00893359427778505,0.0673282160646175));
#10138=CARTESIAN_POINT('',(-0.0491304501041795,-0.00893359427778503,0.0673282160646175));
#10139=CARTESIAN_POINT('',(-0.0491304501041795,-0.00893359427778503,0.0673282160646175));
#10140=CARTESIAN_POINT('',(-0.0481833104678327,-0.00923411308048322,0.0672881271710984));
#10141=CARTESIAN_POINT('',(-0.0464441562663486,-0.0101048586117693,0.066806081272299));
#10142=CARTESIAN_POINT('',(-0.0452029286060689,-0.0113006203053191,0.0658062524222001));
#10143=CARTESIAN_POINT('',(-0.0447135617760552,-0.0119431366246369,0.0652333892536059));
#10144=CARTESIAN_POINT('',(-0.0447135617760552,-0.0119431366246369,0.0652333892536059));
#10145=CARTESIAN_POINT('',(-0.0447135617760552,-0.0119431366246369,0.0652333892536059));
#10146=CARTESIAN_POINT('',(-0.0444351215118184,-0.0123087159871007,0.0649074411871412));
#10147=CARTESIAN_POINT('',(-0.0441560992277937,-0.0126729105770238,0.0645804478984444));
#10148=CARTESIAN_POINT('',(-0.0438764046093996,-0.0130355334062777,0.064252278252781));
#10149=CARTESIAN_POINT('',(-0.0438764046093997,-0.0130355334062777,0.064252278252781));
#10150=CARTESIAN_POINT('',(-0.0438764046093997,-0.0130355334062777,0.0642522782527809));
#10151=CARTESIAN_POINT('',(-0.042592229051547,-0.0130355334062777,0.0644255518980667));
#10152=CARTESIAN_POINT('',(-0.0412946057520623,-0.0130355340803337,0.0645121303246128));
#10153=CARTESIAN_POINT('',(-0.0399999794012075,-0.0130355334062777,0.0645111576193647));
#10154=CARTESIAN_POINT('',(-0.0399999794012075,-0.013035532995586,0.0645111580300564));
#10155=CARTESIAN_POINT('',(-0.0399999794012075,-0.010253048327205,0.0672936426984375));
#10156=CARTESIAN_POINT('',(-0.0399999794012075,-0.00747056341315091,0.0700761276124916));
#10157=CARTESIAN_POINT('',(-0.0399999794012075,-0.00747056341315134,0.070076127612491));
#10158=CARTESIAN_POINT('',(-0.04000027447417,-0.0074705633112165,0.070076127900382));
#10159=CARTESIAN_POINT('',(-0.040000569547132,-0.0074705632060774,0.0700761281876799));
#10160=CARTESIAN_POINT('',(-0.0400008646200931,-0.00747056309742972,0.0700761284746889));
#10161=CARTESIAN_POINT('',(-0.0400216536272935,0.,0.0356837271343148));
#10162=CARTESIAN_POINT('',(-0.0674644948834784,-0.00251136546774336,0.0587619823024566));
#10163=CARTESIAN_POINT('',(-0.0675767507298976,-0.00238771560120486,0.0586284965016056));
#10164=CARTESIAN_POINT('',(-0.0677787643580488,-0.00219221691230654,0.0583853293681159));
#10165=CARTESIAN_POINT('',(-0.0680411267853498,-0.00204577901606492,0.0580591059645242));
#10166=CARTESIAN_POINT('',(-0.068153858420865,-0.00201655238275111,0.0579164609129255));
#10167=CARTESIAN_POINT('',(-0.0674644948834785,-0.00251136546774335,0.0587619823024565));
#10168=CARTESIAN_POINT('',(-0.0681538584208651,-0.00201655238275108,0.0579164609129255));
#10169=CARTESIAN_POINT('',(-0.068396603993852,-0.00118966638645204,0.0576058070884014));
#10170=CARTESIAN_POINT('',(-0.0682769423516701,-0.00143444654497676,0.057760691714532));
#10171=CARTESIAN_POINT('',(-0.0682059232557369,-0.00172287099182574,0.0578505806387431));
#10172=CARTESIAN_POINT('',(-0.068153858420865,-0.00201655238275108,0.0579164609129255));
#10173=CARTESIAN_POINT('',(-0.068396603993852,-0.00118966638645205,0.0576058070884014));
#10174=CARTESIAN_POINT('',(-0.0400216536272935,0.244675372817529,0.0356837271343148));
#10175=CARTESIAN_POINT('',(-0.0702806060663859,0.00393502912147844,0.0549220013580276));
#10176=CARTESIAN_POINT('',(-0.0702806060663859,0.00393502912147846,0.0549220013580276));
#10177=CARTESIAN_POINT('',(-0.0715395178504671,0.00393502912147846,0.0529419198103505));
#10178=CARTESIAN_POINT('',(-0.073655112291163,0.00393502912147845,0.0487614732610402));
#10179=CARTESIAN_POINT('',(-0.0749290135633173,0.00393502912147847,0.0442109477584033));
#10180=CARTESIAN_POINT('',(-0.0753361733704426,0.00393502912147847,0.0418966244559158));
#10181=CARTESIAN_POINT('',(-0.0753361733704576,0.00393502885991878,0.0418966244558306));
#10182=CARTESIAN_POINT('',(-0.0400216536272935,0.0347919162550678,0.0356837271343148));
#10183=CARTESIAN_POINT('',(-0.0400216536272935,-0.0347919162550678,0.0356837271343148));
#10184=CARTESIAN_POINT('',(-0.0753361733704576,-0.00393502885991882,0.0418966244558306));
#10185=CARTESIAN_POINT('',(-0.0753361733704426,-0.0039350291214785,0.0418966244559158));
#10186=CARTESIAN_POINT('',(-0.0748310217412119,-0.00393502912147852,0.0447679397634661));
#10187=CARTESIAN_POINT('',(-0.0731114594901569,-0.00393502912147846,0.0503881940991582));
#10188=CARTESIAN_POINT('',(-0.0701270028165508,-0.00393502912147852,0.0553775487174091));
#10189=CARTESIAN_POINT('',(-0.0683427634818464,-0.00393502912147852,0.0576753194919494));
#10190=CARTESIAN_POINT('',(-0.0683427634818464,-0.0039350291214785,0.0576753194919494));
#10191=CARTESIAN_POINT('',(-0.0400216536272935,0.313963916013932,0.0356837271343148));
#10192=CARTESIAN_POINT('',(-0.0682041145938261,-0.00252715780064041,0.0578527210602441));
#10193=CARTESIAN_POINT('',(-0.0400216536272935,-0.00721449426107445,0.0356837271343148));
#10194=CARTESIAN_POINT('',(-0.0509549897295125,-0.010253048327205,0.0376221351996281));
#10195=CARTESIAN_POINT('',(-0.0536952007924448,-0.0130355329955858,0.0381053083428589));
#10196=CARTESIAN_POINT('',(-0.0602945709428195,-0.0130355329955858,0.000678420388111263));
#10197=CARTESIAN_POINT('',(-0.0533716912156956,-0.00600711078593566,-0.00053502719661611));
#10198=CARTESIAN_POINT('',(0.,-2.08166817117217E-17,0.057));
#10199=CARTESIAN_POINT('',(0.,0.001,0.057));
#10200=CARTESIAN_POINT('',(0.,0.001,0.0455937517123289));
#10201=CARTESIAN_POINT('',(0.,0.001,0.044502030749547));
#10202=CARTESIAN_POINT('',(0.,-2.08166817117217E-17,0.044502030749547));
#10203=CARTESIAN_POINT('',(0.,0.00517766983132603,0.044502030749547));
#10204=CARTESIAN_POINT('',(0.,0.00883781954088949,0.0481621804591105));
#10205=CARTESIAN_POINT('',(0.,0.0125,0.051824360918221));
#10206=CARTESIAN_POINT('',(0.,0.0125,0.057));
#10207=CARTESIAN_POINT('',(0.,0.0125,0.0621796985209928));
#10208=CARTESIAN_POINT('',(0.,0.00883984926049638,0.0658398492604964));
#10209=CARTESIAN_POINT('',(0.,0.00517766983132607,0.0695020286896667));
#10210=CARTESIAN_POINT('',(0.,-2.08166817117217E-17,0.0695020286896667));
#10211=CARTESIAN_POINT('',(0.,-0.00517766983132611,0.0695020286896667));
#10212=CARTESIAN_POINT('',(0.,-0.00883984926049642,0.0658398492604964));
#10213=CARTESIAN_POINT('',(0.,-0.0125,0.0621796985209928));
#10214=CARTESIAN_POINT('',(0.,-0.0125,0.057));
#10215=CARTESIAN_POINT('',(0.,-0.0125,0.0518243609182209));
#10216=CARTESIAN_POINT('',(0.,-0.00883781954088955,0.0481621804591105));
#10217=CARTESIAN_POINT('',(0.,-0.00517766983132609,0.044502030749547));
#10218=CARTESIAN_POINT('',(0.,-2.08166817117217E-17,0.044502030749547));
#10219=CARTESIAN_POINT('',(0.,-0.001,0.044502030749547));
#10220=CARTESIAN_POINT('',(0.,-0.001,0.049509217189901));
#10221=CARTESIAN_POINT('',(0.,-0.001,0.0455937517123289));
#10222=CARTESIAN_POINT('',(0.,0.,0.057));
#10223=CARTESIAN_POINT('',(-0.010013741249958,6.99475978597694E-5,0.0664300536895653));
#10224=CARTESIAN_POINT('',(-0.0100101531796371,6.99475978597694E-5,0.0714300524021403));
#10225=CARTESIAN_POINT('',(-0.00801015369460709,6.99475978597694E-5,0.0714286171740119));
#10226=CARTESIAN_POINT('',(-0.011581601129921,-0.00149589593441665,0.0683723078172667));
#10227=CARTESIAN_POINT('',(-0.0100120329807627,-0.00214699685388287,0.0682431275230445));
#10228=CARTESIAN_POINT('',(-0.00844472263863366,-0.00149643106289324,0.0683721394801171));
#10229=CARTESIAN_POINT('',(-0.00779603115940027,6.89785006145399E-5,0.0684934276395952));
#10230=CARTESIAN_POINT('',(-0.00844490118641492,0.00163710485666489,0.0683528868829917));
#10231=CARTESIAN_POINT('',(-0.0100115893418207,0.00228591151086905,0.0682156610633461));
#10232=CARTESIAN_POINT('',(-0.0115774416056918,0.00163893325503419,0.0683525193422761));
#10233=CARTESIAN_POINT('',(-0.0122286757730616,7.27310498509873E-5,0.0684934505527644));
#10234=CARTESIAN_POINT('',(-0.011581601129921,-0.00149589593441665,0.0683723078172667));
#10235=CARTESIAN_POINT('',(-0.0100120329807627,-0.00214699685388287,0.0682431275230445));
#10236=CARTESIAN_POINT('',(-0.00844472263863366,-0.00149643106289324,0.0683721394801171));
#10237=CARTESIAN_POINT('',(-0.0100124092819343,-0.00193005240214023,0.068286159564927));
#10238=CARTESIAN_POINT('',(-0.0200087102269625,6.27714609136507E-5,0.0734372280241166));
#10239=CARTESIAN_POINT('',(-0.00708645100450479,-0.00408424468797217,0.0734279548267698));
#10240=CARTESIAN_POINT('',(-0.00643740013940917,-0.00362614175423439,0.0734274890586207));
#10241=CARTESIAN_POINT('',(-0.00536065277844871,-0.00240769851616029,0.0734267163693719));
#10242=CARTESIAN_POINT('',(-0.00474325403842183,-4.25911929808065E-5,0.0734262733152388));
#10243=CARTESIAN_POINT('',(-0.00525446370513865,0.00233653397677811,0.0734266401665798));
#10244=CARTESIAN_POINT('',(-0.00627538137117391,0.00360384066577854,0.073427372791644));
#10245=CARTESIAN_POINT('',(-0.00689729423371652,0.0040851316018987,0.0734278190851758));
#10246=CARTESIAN_POINT('',(-0.00708691069736281,-0.00408499132105207,0.0734274527246615));
#10247=CARTESIAN_POINT('',(-0.00689740800088769,0.00408498507991628,0.0734272957412586));
#10248=CARTESIAN_POINT('',(-0.0200075133972313,0.00408917431026885,0.0734372271652546));
#10249=CARTESIAN_POINT('',(-0.0200074760801785,-0.00408917429917656,0.0734372271384753));
#10250=CARTESIAN_POINT('',(-0.0100087179515087,6.99475978597694E-5,0.0734300518871703));
#10251=CARTESIAN_POINT('',(-0.00600871898144872,6.99475978597694E-5,0.0734271814309135));
#10252=CARTESIAN_POINT('',(-0.010013741249958,0.00661859449007048,0.0502824846683808));
#10253=CARTESIAN_POINT('',(-0.0100101531796371,0.0101541274856563,0.046746951672795));
#10254=CARTESIAN_POINT('',(-0.0100101531796371,0.0115683410480294,0.0481611652351681));
#10255=CARTESIAN_POINT('',(-0.011581601129921,0.00909919413450548,0.0500163221838453));
#10256=CARTESIAN_POINT('',(-0.0100120329807627,0.00946824774785666,0.0505680643212769));
#10257=CARTESIAN_POINT('',(-0.00844472263863366,0.00909945349514003,0.0500168196091599));
#10258=CARTESIAN_POINT('',(-0.00779603115940027,0.00807830545749403,0.0488241442114247));
#10259=CARTESIAN_POINT('',(-0.00844490118641492,0.00687009535534605,0.0478146887533316));
#10260=CARTESIAN_POINT('',(-0.0100115893418207,0.00631428646285405,0.0474529464760901));
#10261=CARTESIAN_POINT('',(-0.0115774416056918,0.00686854259192804,0.0478136557709783));
#10262=CARTESIAN_POINT('',(-0.0122286757730616,0.00807566820653954,0.0488214745563555));
#10263=CARTESIAN_POINT('',(-0.011581601129921,0.00909919413450548,0.0500163221838453));
#10264=CARTESIAN_POINT('',(-0.0100120329807627,0.00946824774785666,0.0505680643212769));
#10265=CARTESIAN_POINT('',(-0.00844472263863366,0.00909945349514003,0.0500168196091599));
#10266=CARTESIAN_POINT('',(-0.0100124092819343,0.00934527310351202,0.0503842331796855));
#10267=CARTESIAN_POINT('',(-0.0200087102269625,0.0115784892740854,0.0453327384745605));
#10268=CARTESIAN_POINT('',(-0.013123174167895,0.00875317394585104,0.0425144110000976));
#10269=CARTESIAN_POINT('',(-0.0137505528350514,0.00910172277166168,0.0428623231245174));
#10270=CARTESIAN_POINT('',(-0.0147460779779591,0.00998998854169789,0.0437495785761028));
#10271=CARTESIAN_POINT('',(-0.0152477677759383,0.0116702015495473,0.0454292824391424));
#10272=CARTESIAN_POINT('',(-0.0146247379763378,0.0133258038951058,0.0470855170726009));
#10273=CARTESIAN_POINT('',(-0.0135514977449778,0.0141817203926144,0.0479425227584797));
#10274=CARTESIAN_POINT('',(-0.0129088534633239,0.0144996299210896,0.0482610844808042));
#10275=CARTESIAN_POINT('',(-0.013122913327169,0.00875212767321436,0.0425140987730455));
#10276=CARTESIAN_POINT('',(-0.0200172728567637,0.00876607421499039,0.0425203147255967));
#10277=CARTESIAN_POINT('',(-0.00976012248732712,0.00874525507577493,0.042509905155989));
#10278=CARTESIAN_POINT('',(-0.0100087179515087,0.0115683406838906,0.0453327384745607));
#10279=CARTESIAN_POINT('',(-0.0102745004713519,0.00874629911885444,0.0425104271775287));
#10280=CARTESIAN_POINT('',(-0.0200172728567637,0.00876607421499039,0.0425203147255967));
#10281=CARTESIAN_POINT('',(-0.0756373071536796,-7.1761406418569E-6,0.0114947677164132));
#10282=CARTESIAN_POINT('',(-0.0805628427327265,-7.17614064185745E-6,0.0123544765389472));
#10283=CARTESIAN_POINT('',(-0.0802189592037129,-7.17614064185745E-6,0.0143246907705659));
#10284=CARTESIAN_POINT('',(-0.0771942132553625,-0.00136927779533096,0.0135416518611244));
#10285=CARTESIAN_POINT('',(-0.0772895331261489,-0.0022072923035128,0.0120601387418656));
#10286=CARTESIAN_POINT('',(-0.0776679368602321,-0.00175347223233997,0.010464556923777));
#10287=CARTESIAN_POINT('',(-0.0779697571280549,-0.000282425086804616,0.00966956216759478));
#10288=CARTESIAN_POINT('',(-0.0777993878953331,0.00135651643932295,0.0100980753864516));
#10289=CARTESIAN_POINT('',(-0.0773868425367586,0.00219176116432631,0.0115221085369504));
#10290=CARTESIAN_POINT('',(-0.0771992099133518,0.00174157521392674,0.0131496197678007));
#10291=CARTESIAN_POINT('',(-0.0772107461363259,0.000267384718152367,0.0140020028748415));
#10292=CARTESIAN_POINT('',(-0.0771942132553625,-0.00136927779533096,0.0135416518611244));
#10293=CARTESIAN_POINT('',(-0.0772895331261489,-0.0022072923035128,0.0120601387418656));
#10294=CARTESIAN_POINT('',(-0.0776679368602321,-0.00175347223233997,0.010464556923777));
#10295=CARTESIAN_POINT('',(-0.0773367137700318,-0.00199198654028703,0.0120411272920606));
#10296=CARTESIAN_POINT('',(-0.0825330569643453,-7.17614064187078E-6,0.0126983600679608));
#10297=CARTESIAN_POINT('',(-0.0825330569643453,-7.17614064187078E-6,0.0126983600679608));
#10298=CARTESIAN_POINT('',(-0.0864553611058637,-7.17614064187167E-6,0.0133829636853764));
#10299=CARTESIAN_POINT('',(-0.0819939840925718,-0.00400766469464064,0.0156484485146895));
#10300=CARTESIAN_POINT('',(-0.0819960338040707,-0.00400761138006306,0.0156493923330226));
#10301=CARTESIAN_POINT('',(-0.0819069577904494,-0.00362407501040049,0.0161531147618955));
#10302=CARTESIAN_POINT('',(-0.0817735652691217,-0.0027460704847735,0.0169055629180852));
#10303=CARTESIAN_POINT('',(-0.0816795444472927,-0.00152110662597294,0.0174308719866415));
#10304=CARTESIAN_POINT('',(-0.0816534924472758,-0.000757193333536077,0.0175726049309813));
#10305=CARTESIAN_POINT('',(-0.0816462056713582,-0.000336783137577895,0.017610497900683));
#10306=CARTESIAN_POINT('',(-0.0816447811697048,-0.000156564109701253,0.0176171524505352));
#10307=CARTESIAN_POINT('',(-0.0816444468896126,-7.12295323317163E-5,0.0176184867412769));
#10308=CARTESIAN_POINT('',(-0.0816443637355238,-3.86072250634666E-5,0.0176187665992754));
#10309=CARTESIAN_POINT('',(-0.0816443429044207,-1.44679434851319E-5,0.017618819538788));
#10310=CARTESIAN_POINT('',(-0.0816443363234959,-1.86582234079362E-5,0.017618837909567));
#10311=CARTESIAN_POINT('',(-0.0816443425644951,4.96201437414154E-5,0.017618805590645));
#10312=CARTESIAN_POINT('',(-0.0816449323857859,0.000214751456862281,0.0176155072157494));
#10313=CARTESIAN_POINT('',(-0.0816483292733884,0.000524575919592128,0.0175964997867674));
#10314=CARTESIAN_POINT('',(-0.0816604652885288,0.00100987024142542,0.017528457463257));
#10315=CARTESIAN_POINT('',(-0.0816893090647302,0.00161795158693985,0.0173663310932514));
#10316=CARTESIAN_POINT('',(-0.0817350384066529,0.00224602238830464,0.0171088045491085));
#10317=CARTESIAN_POINT('',(-0.0818214921930032,0.00308124581131297,0.0166212352418009));
#10318=CARTESIAN_POINT('',(-0.0819179797708114,0.00367129544688009,0.0160762550551645));
#10319=CARTESIAN_POINT('',(-0.0819970003586058,0.00400790194899485,0.015629634595795));
#10320=CARTESIAN_POINT('',(-0.0819967236848107,0.00400765381696099,0.0156293986330672));
#10321=CARTESIAN_POINT('',(-0.0864694996542216,-7.17614064187167E-6,0.0133854314443776));
#10322=CARTESIAN_POINT('',(-0.0808136402047255,-1.43522775879756E-5,0.022549426153051));
#10323=CARTESIAN_POINT('',(-0.0825330569643453,-7.17614064185766E-6,0.0126983600679607));
#10324=CARTESIAN_POINT('',(-0.0818452899063181,-7.17614064185766E-6,0.0166387885311983));
#10325=CARTESIAN_POINT('',(-0.0596562529092967,0.00672766392704041,0.00869359646418636));
#10326=CARTESIAN_POINT('',(-0.05617443081118,0.0102631969226262,0.00807965728626144));
#10327=CARTESIAN_POINT('',(-0.0575994270362987,0.0116665449758181,0.00807965728626144));
#10328=CARTESIAN_POINT('',(-0.0589890464771119,0.00902506815256515,0.0103506364849545));
#10329=CARTESIAN_POINT('',(-0.059940251911509,0.00950315844117783,0.00901914363340263));
#10330=CARTESIAN_POINT('',(-0.0598390581211162,0.00925102276806413,0.00733949759917055));
#10331=CARTESIAN_POINT('',(-0.0588472196262245,0.00832399592191838,0.00631774935846268));
#10332=CARTESIAN_POINT('',(-0.0576931167251627,0.00709874237920228,0.00657383299730163));
#10333=CARTESIAN_POINT('',(-0.0569686974459152,0.00639464950705717,0.00794320065154786));
#10334=CARTESIAN_POINT('',(-0.0569329026620871,0.006780983327879,0.00959732613354351));
#10335=CARTESIAN_POINT('',(-0.0577046389495847,0.00793548807759903,0.0105829576817774));
#10336=CARTESIAN_POINT('',(-0.0589890464771119,0.00902506815256515,0.0103506364849545));
#10337=CARTESIAN_POINT('',(-0.059940251911509,0.00950315844117783,0.00901914363340263));
#10338=CARTESIAN_POINT('',(-0.0598390581211162,0.00925102276806413,0.00733949759917055));
#10339=CARTESIAN_POINT('',(-0.0597648520407107,0.00938145411422344,0.00896111810295591));
#10340=CARTESIAN_POINT('',(-0.0530552168360117,0.0116875587110553,0.0176839087498476));
#10341=CARTESIAN_POINT('',(-0.0547817019719334,0.0116774101208605,0.00783408161509148));
#10342=CARTESIAN_POINT('',(-0.0547817019719334,0.0116774101208605,0.00783408161509148));
#10343=CARTESIAN_POINT('',(-0.0753363332711172,-1.7347234759768E-17,0.0418957155013416));
#10344=CARTESIAN_POINT('',(-0.0753363332711172,0.00393502959670034,0.0418957155013416));
#10345=CARTESIAN_POINT('',(-0.0819346113865024,0.00393502959670034,0.00447502078477605));
#10346=CARTESIAN_POINT('',(-0.0819346113865024,-0.0060060966544099,0.00447502078477605));
#10347=CARTESIAN_POINT('',(-0.0819346113865024,-0.00393502959670039,0.00447502078477605));
#10348=CARTESIAN_POINT('',(-0.0753363332711172,-0.00393502959670039,0.0418957155013416));
#10349=CARTESIAN_POINT('',(-0.0711531560571331,-0.010253048327205,0.0411624850413486));
#10350=CARTESIAN_POINT('',(-0.0735693605282445,-0.0144989844119189,0.00300814974560879));
#10351=CARTESIAN_POINT('',(-0.0804922398712077,-0.00747056259228617,0.00422159726300019));
#10352=CARTESIAN_POINT('',(-0.0750108359888184,-0.0130355329955858,0.00326081265252367));
#10353=CARTESIAN_POINT('',(-0.0684129449942008,-0.0130355329955858,0.0406793118981178));
#10354=CARTESIAN_POINT('',(-0.0435034757254102,-0.0383274492506536,0.0362976663122398));
#10355=CARTESIAN_POINT('',(-0.0738941166041728,-0.00747056259228616,0.0416414137909319));
#10356=CARTESIAN_POINT('',(-0.0738933681703998,-0.00747056259228616,0.0416456583697817));
#10357=CARTESIAN_POINT('',(-0.0784104265343526,-0.00747056259228615,0.0160281473921441));
#10358=CARTESIAN_POINT('',(-0.0784104265343526,-0.00747056259228615,0.0160281473921441));
#10359=CARTESIAN_POINT('',(-0.0789378731797055,-0.00695781415988999,0.0159896478386938));
#10360=CARTESIAN_POINT('',(-0.0794410952798097,-0.00646965884701248,0.0159469064504616));
#10361=CARTESIAN_POINT('',(-0.0799200928346653,-0.00600609665365362,0.0158999232274476));
#10362=CARTESIAN_POINT('',(-0.0799200928348611,-0.0060060966544099,0.0158999232219821));
#10363=CARTESIAN_POINT('',(-0.0799200928329817,-0.00600609665528289,0.0158999232276128));
#10364=CARTESIAN_POINT('',(-0.0806713320663366,-0.00527906558127613,0.0158262367545438));
#10365=CARTESIAN_POINT('',(-0.0813624732540217,-0.00461304106787533,0.0157420606357011));
#10366=CARTESIAN_POINT('',(-0.0819935163960371,-0.00400802311508049,0.0156473948710847));
#10367=CARTESIAN_POINT('',(-0.0738933681703998,-0.00747056259228617,0.0416456583697817));
#10368=CARTESIAN_POINT('',(-0.0509549897295125,0.0102530483272049,0.0376221351996281));
#10369=CARTESIAN_POINT('',(-0.0561744308111801,0.0102631969226262,0.00807965728626145));
#10370=CARTESIAN_POINT('',(-0.0599116319332254,0.0130355329955858,0.00285017543124463));
#10371=CARTESIAN_POINT('',(-0.0544278205469443,0.00747056259228611,0.00190304445382065));
#10372=CARTESIAN_POINT('',(-0.0482147776162458,0.00747056259228611,0.037138961871195));
#10373=CARTESIAN_POINT('',(-0.0548131670604302,0.00747056259228611,-0.00028236422236526));
#10374=CARTESIAN_POINT('',(-0.0617380456436637,0.0145010141315257,0.000931433723369967));
#10375=CARTESIAN_POINT('',(-0.0602945709428195,0.0130355329955858,0.000678420388111268));
#10376=CARTESIAN_POINT('',(-0.0536952007924448,0.0130355329955858,0.0381053083428589));
#10377=CARTESIAN_POINT('',(-0.0711531560571331,0.0102530483272049,0.0411624850413486));
#10378=CARTESIAN_POINT('',(-0.0711531560571339,0.0102530483272049,0.0411624850413487));
#10379=CARTESIAN_POINT('',(-0.0738938587045256,0.00747056240859177,0.0416428774703698));
#10380=CARTESIAN_POINT('',(-0.0684124546411998,0.0130355329955863,0.0406820928281785));
#10381=CARTESIAN_POINT('',(-0.0684129449942008,0.0130355329955857,0.0406793118981178));
#10382=CARTESIAN_POINT('',(-0.0750108359888184,0.0130355329955857,0.00326081265252366));
#10383=CARTESIAN_POINT('',(-0.0819357149562125,0.00600508106632876,0.00447461066559486));
#10384=CARTESIAN_POINT('',(-0.0804922398712077,0.00747056259228611,0.00422159726300019));
#10385=CARTESIAN_POINT('',(-0.0738933681703998,0.00747056259228612,0.0416456583697817));
#10386=CARTESIAN_POINT('',(-0.0819968711501112,0.00400801034314023,0.0156284426659299));
#10387=CARTESIAN_POINT('',(-0.0813660213598712,0.0046131092297947,0.0157215457988555));
#10388=CARTESIAN_POINT('',(-0.0806751490593459,0.00527913800045005,0.0158041724662975));
#10389=CARTESIAN_POINT('',(-0.0799242542485355,0.00600609665510628,0.0158763226682558));
#10390=CARTESIAN_POINT('',(-0.0799242542500435,0.00600609665440986,0.0158763226637141));
#10391=CARTESIAN_POINT('',(-0.0799242542498808,0.00600609665380415,0.0158763226681244));
#10392=CARTESIAN_POINT('',(-0.0794453859678338,0.00646970012670214,0.0159223350293405));
#10393=CARTESIAN_POINT('',(-0.0789423347058994,0.00695785543952946,0.015964107546455));
#10394=CARTESIAN_POINT('',(-0.0784151004640776,0.00747056259228612,0.016001640219468));
#10395=CARTESIAN_POINT('',(-0.0784151004640777,0.00747056259228612,0.016001640219468));
#10396=CARTESIAN_POINT('',(-0.0738933681703998,0.00747056259228612,0.0416456583697817));
#10397=CARTESIAN_POINT('',(-0.0738941161222394,0.00747056308157206,0.0416414137064279));
#10398=CARTESIAN_POINT('',(-0.0435034757254102,0.0383274492506535,0.0362976663122398));
#10399=CARTESIAN_POINT('',(-0.0400216536272935,0.,0.0356837271343148));
#10400=CARTESIAN_POINT('',(-0.0399999794012075,-1.56125112837912E-17,0.0425405943712325));
#10401=CARTESIAN_POINT('',(-0.0399999794012075,-0.0035,0.0425405943712325));
#10402=CARTESIAN_POINT('',(-0.0399999794012075,-0.00393502383961629,0.0425405943712325));
#10403=CARTESIAN_POINT('',(-0.0400216536272935,0.0079218622113685,0.0356837271343148));
#10404=CARTESIAN_POINT('',(-0.0400216536272935,-0.0035,0.0356837271343148));
#10405=CARTESIAN_POINT('',(-0.0400294103052088,-0.0035,0.042540624239474));
#10406=CARTESIAN_POINT('',(-0.0399999794011943,-0.0035,0.0425405943712325));
#10407=CARTESIAN_POINT('',(-0.0400097897025324,-0.0035,0.042540604327313));
#10408=CARTESIAN_POINT('',(-0.0400196000038706,-0.0035,0.0425406142833935));
#10409=CARTESIAN_POINT('',(-0.0400294103052088,-0.0035,0.042540624239474));
#10410=CARTESIAN_POINT('',(-0.0399999794012075,0.0130689359288436,0.0496034336456663));
#10411=CARTESIAN_POINT('',(-0.0470732953113523,0.0130689359288436,0.0496144474301947));
#10412=CARTESIAN_POINT('',(-0.0524965456655749,0.0130689359288436,0.0450734921492455));
#10413=CARTESIAN_POINT('',(-0.0537285924826998,0.0130689359288436,0.0381082943840296));
#10414=CARTESIAN_POINT('',(-0.0399999794012075,0.00743497451918236,0.0439694722360051));
#10415=CARTESIAN_POINT('',(-0.0442103909215507,0.00743497451918236,0.0439804860205335));
#10416=CARTESIAN_POINT('',(-0.047441463351304,0.00743497451918236,0.0412808828223254));
#10417=CARTESIAN_POINT('',(-0.048179233599167,0.00743497451918236,0.0371355985696527));
#10418=CARTESIAN_POINT('',(-0.0399999794012075,0.00747056278060455,0.0440050604974272));
#10419=CARTESIAN_POINT('',(-0.0419311105644,0.0074705592999805,0.0440100869527049));
#10420=CARTESIAN_POINT('',(-0.0458186645248513,0.00747056626187538,0.0426057771114982));
#10421=CARTESIAN_POINT('',(-0.0478759224359354,0.00747055929868683,0.0390430060867137));
#10422=CARTESIAN_POINT('',(-0.048214287448548,0.00747056278060455,0.0371417428348347));
#10423=CARTESIAN_POINT('',(-0.0536956899211388,0.0130355317526127,0.0381025271982007));
#10424=CARTESIAN_POINT('',(-0.0534115131533863,0.0130355299909217,0.039709034090093));
#10425=CARTESIAN_POINT('',(-0.0522886084997014,0.01303553263346,0.0427745701761073));
#10426=CARTESIAN_POINT('',(-0.0491206787392612,0.0130355313121836,0.0465512693261195));
#10427=CARTESIAN_POINT('',(-0.0448444014204221,0.0130355326334817,0.0490065466806167));
#10428=CARTESIAN_POINT('',(-0.0416314248810678,0.0130355299908711,0.0495725741248267));
#10429=CARTESIAN_POINT('',(-0.0399999794012075,0.0130355317526127,0.0495700294694354));
#10430=CARTESIAN_POINT('',(-0.0399999794012075,0.0074371725826056,0.0701095184430369));
#10431=CARTESIAN_POINT('',(-0.0574934874133721,0.0074371725826056,0.0701205322275652));
#10432=CARTESIAN_POINT('',(-0.0708956682467787,0.0074371725826056,0.0588775569637045));
#10433=CARTESIAN_POINT('',(-0.0739267471313327,0.0074371725826056,0.0416486421786484));
#10434=CARTESIAN_POINT('',(-0.0399999794012075,0.0130355334062829,0.0645111576193596));
#10435=CARTESIAN_POINT('',(-0.0546486735049356,0.0130355334062829,0.064522171403888));
#10436=CARTESIAN_POINT('',(-0.065872528624248,0.0130355334062829,0.0551089128549725));
#10437=CARTESIAN_POINT('',(-0.0684124542366705,0.0130355334062829,0.0406820927572723));
#10438=CARTESIAN_POINT('',(-0.0738938584407677,0.00747056267637076,0.0416428774241381));
#10439=CARTESIAN_POINT('',(-0.0734537107991742,0.00747056378562559,0.0441446993600182));
#10440=CARTESIAN_POINT('',(-0.0720032320606147,0.00747056212174334,0.0490722352583911));
#10441=CARTESIAN_POINT('',(-0.0695728249428004,0.00747056267637072,0.053455350460475));
#10442=CARTESIAN_POINT('',(-0.0681306186565711,0.00747056267637072,0.0555009876938749));
#10443=CARTESIAN_POINT('',(-0.0681306186565711,0.00747056267637075,0.0555009876938749));
#10444=CARTESIAN_POINT('',(-0.0681306186565711,0.00747056267637075,0.0555009876938749));
#10445=CARTESIAN_POINT('',(-0.0662297357962894,0.0080744098236221,0.0571492526690194));
#10446=CARTESIAN_POINT('',(-0.0624255203845187,0.00872501281443128,0.0605090614598058));
#10447=CARTESIAN_POINT('',(-0.0586063462098769,0.00807499684465699,0.0640071007754417));
#10448=CARTESIAN_POINT('',(-0.0567650770495987,0.00747056267636638,0.0657252900631031));
#10449=CARTESIAN_POINT('',(-0.0567650770495885,0.00747056267637077,0.0657252900631037));
#10450=CARTESIAN_POINT('',(-0.0567650770495885,0.00747056267637075,0.0657252900631038));
#10451=CARTESIAN_POINT('',(-0.0542189752200308,0.00747056267637075,0.0671443394351227));
#10452=CARTESIAN_POINT('',(-0.0488318913789388,0.00747056267637074,0.0693126460379551));
#10453=CARTESIAN_POINT('',(-0.0429375897907779,0.00747056267637075,0.0700779040437239));
#10454=CARTESIAN_POINT('',(-0.0400008646195285,0.00747056267637075,0.0700761288957475));
#10455=CARTESIAN_POINT('',(-0.0400008646200931,0.00747056309742967,0.0700761284746889));
#10456=CARTESIAN_POINT('',(-0.0400008646200931,0.00747056309742967,0.0700761284746889));
#10457=CARTESIAN_POINT('',(-0.040000569547132,0.00747056320607735,0.0700761281876799));
#10458=CARTESIAN_POINT('',(-0.04000027447417,0.00747056331121556,0.070076127900383));
#10459=CARTESIAN_POINT('',(-0.0399999794012075,0.00747056341315159,0.0700761276124908));
#10460=CARTESIAN_POINT('',(-0.0399999794012075,0.00747056259228613,0.0700761284333563));
#10461=CARTESIAN_POINT('',(-0.0399999794012075,0.0102530483272049,0.0672936426984375));
#10462=CARTESIAN_POINT('',(-0.0399999794012075,0.0130355334062776,0.0645111576193648));
#10463=CARTESIAN_POINT('',(-0.0399999794012075,0.0130355334062777,0.0645111576193647));
#10464=CARTESIAN_POINT('',(-0.0416751816699447,0.0130355342768364,0.0645124162683713));
#10465=CARTESIAN_POINT('',(-0.0450356116090521,0.0130355330020896,0.0642233356465816));
#10466=CARTESIAN_POINT('',(-0.0499492205897097,0.0130355335150979,0.062902758565564));
#10467=CARTESIAN_POINT('',(-0.0544828503902134,0.0130355333751849,0.060791374616291));
#10468=CARTESIAN_POINT('',(-0.0586588226909243,0.0130355334218287,0.0578678742474534));
#10469=CARTESIAN_POINT('',(-0.0621937496485559,0.0130355333751664,0.0543360330935453));
#10470=CARTESIAN_POINT('',(-0.0651208958554975,0.013035533515172,0.0501577702034499));
#10471=CARTESIAN_POINT('',(-0.0672315564445307,0.013035533001812,0.0456397266582479));
#10472=CARTESIAN_POINT('',(-0.0681219913677958,0.0130355342774349,0.042331921702098));
#10473=CARTESIAN_POINT('',(-0.0684124542366756,0.0130355334062777,0.0406820927572732));
#10474=CARTESIAN_POINT('',(0.,-1.7347234759768E-17,0.0715));
#10475=CARTESIAN_POINT('',(0.,0.00393502959670035,0.0715));
#10476=CARTESIAN_POINT('',(-0.0399984931749994,0.00393502930517251,0.0715405928629213));
#10477=CARTESIAN_POINT('',(-0.0399984931749994,0.00393502930517251,0.0715405928629213));
#10478=CARTESIAN_POINT('',(-0.0399989885836631,0.00393502909277636,0.0715405933656916));
#10479=CARTESIAN_POINT('',(-0.0399994839923213,0.00393502886844949,0.071540593868462));
#10480=CARTESIAN_POINT('',(-0.0399999794009742,0.00393502863219189,0.0715405943712323));
#10481=CARTESIAN_POINT('',(-0.0399999794009742,-0.0039350286321919,0.0715405943712323));
#10482=CARTESIAN_POINT('',(-0.0399994839923213,-0.0039350288684495,0.071540593868462));
#10483=CARTESIAN_POINT('',(-0.0399989885836631,-0.0039350290927764,0.0715405933656916));
#10484=CARTESIAN_POINT('',(-0.0399984931749994,-0.00393502930517255,0.0715405928629213));
#10485=CARTESIAN_POINT('',(-0.0399984931751243,-0.00393502959670039,0.0715405928629214));
#10486=CARTESIAN_POINT('',(0.,-0.00393502959670039,0.0715));
#10487=CARTESIAN_POINT('',(0.,-0.010253048327205,0.0672530483272049));
#10488=CARTESIAN_POINT('',(-2.8238289352402E-6,-0.0130355329955858,0.0644705665246146));
#10489=CARTESIAN_POINT('',(-0.00199856477187162,-0.0130355329955858,0.0644725919218757));
#10490=CARTESIAN_POINT('',(-0.00199856477187162,-0.0102540624587307,0.0672540624587307));
#10491=CARTESIAN_POINT('',(-0.00199856477187162,-0.00747056259228618,0.0700375623251753));
#10492=CARTESIAN_POINT('',(2.8238300176256E-6,-0.00747056259228617,0.0700355311963322));
#10493=CARTESIAN_POINT('',(-0.00616735615106244,-0.00747056259228617,0.0700417930639749));
#10494=CARTESIAN_POINT('',(-0.00616735615106244,-0.00747056259228617,0.0700417930639749));
#10495=CARTESIAN_POINT('',(-0.00629013552719197,-0.00695753997293717,0.0705549402871774));
#10496=CARTESIAN_POINT('',(-0.00641285922073893,-0.00646938466028333,0.0710432201471747));
#10497=CARTESIAN_POINT('',(-0.00653552723170331,-0.00600609665432463,0.0715066326439669));
#10498=CARTESIAN_POINT('',(-0.00653552723234487,-0.0060060966544099,0.0715066326438824));
#10499=CARTESIAN_POINT('',(-0.00653552723165476,-0.00600609665450795,0.0715066326437836));
#10500=CARTESIAN_POINT('',(-0.00671969691031481,-0.00531053142511464,0.0722023847795808));
#10501=CARTESIAN_POINT('',(-0.00690393511395529,-0.00467046595317531,0.0728426372274673));
#10502=CARTESIAN_POINT('',(-0.00708824184257621,-0.00408590023868997,0.073427389987443));
#10503=CARTESIAN_POINT('',(2.8238300176256E-6,-0.00747056259228617,0.0700355311963322));
#10504=CARTESIAN_POINT('',(0.,-1.56125112837912E-17,0.0425));
#10505=CARTESIAN_POINT('',(-0.0399999793952204,0.00393502821242544,0.0425405943712264));
#10506=CARTESIAN_POINT('',(-0.0313755179746062,0.00394573198121484,0.0425318417520044));
#10507=CARTESIAN_POINT('',(-0.0227510658941792,0.00396231954386036,0.0425230891422612));
#10508=CARTESIAN_POINT('',(-0.0141266088473674,0.00397577621980211,0.042514336527478));
#10509=CARTESIAN_POINT('',(-0.0141266088473674,0.00397577621980203,0.042514336527478));
#10510=CARTESIAN_POINT('',(-0.0141266088473674,0.00397577621980203,0.042514336527478));
#10511=CARTESIAN_POINT('',(-0.0140012775054609,0.00465372152272963,0.042514209333737));
#10512=CARTESIAN_POINT('',(-0.0138705328520935,0.00533061604854299,0.0425140766462438));
#10513=CARTESIAN_POINT('',(-0.0137325040449834,0.00600609664831412,0.0425139365663557));
#10514=CARTESIAN_POINT('',(-0.0137325040748145,0.00600609665440986,0.0425139365663861));
#10515=CARTESIAN_POINT('',(-0.0137325040422809,0.00600609666153987,0.042513936566353));
#10516=CARTESIAN_POINT('',(-0.0135288656634297,0.00700265511236707,0.0425137299019479));
#10517=CARTESIAN_POINT('',(-0.0133252801713653,0.00791774009289926,0.0425135232912154));
#10518=CARTESIAN_POINT('',(-0.0131217475660876,0.00875135160313646,0.0425133167341557));
#10519=CARTESIAN_POINT('',(-0.0102745004713519,0.00874629911885444,0.0425104271775288));
#10520=CARTESIAN_POINT('',(-0.0101035133128436,0.00873816930191503,0.0425102536495347));
#10521=CARTESIAN_POINT('',(-0.00993205651183174,0.00873777964025085,0.0425100796449193));
#10522=CARTESIAN_POINT('',(-0.00976012248732712,0.00874525507577492,0.042509905155989));
#10523=CARTESIAN_POINT('',(0.,0.00393502959670034,0.0425));
#10524=CARTESIAN_POINT('',(-0.00200202971856162,0.00393502959670034,0.0425020317794867));
#10525=CARTESIAN_POINT('',(-0.00200202971856162,-1.56125112837912E-17,0.0425020317794867));
#10526=CARTESIAN_POINT('',(-0.00200202971856162,0.001,0.0425020317794867));
#10527=CARTESIAN_POINT('',(-0.00908578175872117,0.001,0.0425092207946898));
#10528=CARTESIAN_POINT('',(-0.0181715635174423,0.001,0.0425184415893794));
#10529=CARTESIAN_POINT('',(-0.020999989185634,2.29406086568651E-19,0.0425213120448971));
#10530=CARTESIAN_POINT('',(-0.0181715635174423,-0.001,0.0425184415893794));
#10531=CARTESIAN_POINT('',(-0.00908578175872117,-0.001,0.0425092207946898));
#10532=CARTESIAN_POINT('',(-0.00200202971856162,-0.001,0.0425020317794867));
#10533=CARTESIAN_POINT('',(-0.00200202971856162,-1.56125112837912E-17,0.0425020317794867));
#10534=CARTESIAN_POINT('',(-0.00200202971856162,-0.0039350295967004,0.0425020317794867));
#10535=CARTESIAN_POINT('',(0.,-0.0039350295967004,0.0425));
#10536=CARTESIAN_POINT('',(-0.0200175431295405,-0.00876607476356834,0.0425203149998857));
#10537=CARTESIAN_POINT('',(-0.0129349695723841,-0.0087522884624626,0.042513705978411));
#10538=CARTESIAN_POINT('',(-0.0129336060405017,-0.00875203806424458,0.042513125796884));
#10539=CARTESIAN_POINT('',(-0.0131223123398183,-0.00791720134938177,0.0425133173073218));
#10540=CARTESIAN_POINT('',(-0.0133110786083144,-0.00700188754610358,0.04251350887862));
#10541=CARTESIAN_POINT('',(-0.0134999048459901,-0.00600609665441003,0.0425137005107784));
#10542=CARTESIAN_POINT('',(-0.0134999048459392,-0.00600609665440989,0.0425137005107784));
#10543=CARTESIAN_POINT('',(-0.0134999048459913,-0.00600609665441052,0.0425137005107784));
#10544=CARTESIAN_POINT('',(-0.0136240929550376,-0.00535118031774498,0.0425138265442983));
#10545=CARTESIAN_POINT('',(-0.0137483778980626,-0.00466082463184161,0.0425139526760912));
#10546=CARTESIAN_POINT('',(-0.0138727596750662,-0.0039350295967004,0.042514078906157));
#10547=CARTESIAN_POINT('',(-0.0138727596750662,-0.0039350295967004,0.042514078906157));
#10548=CARTESIAN_POINT('',(0.,-0.0039350295967004,0.0425));
#10549=CARTESIAN_POINT('',(-0.0324999897005969,-0.0035,0.0425329829331592));
#10550=CARTESIAN_POINT('',(-0.0281117713746175,-0.0035,0.0425285295067715));
#10551=CARTESIAN_POINT('',(-0.0281117713746174,-0.0015,0.0425285295067715));
#10552=CARTESIAN_POINT('',(-0.025,-0.0015,0.0425253714950859));
#10553=CARTESIAN_POINT('',(-0.025,-0.0035,0.0425253714950859));
#10554=CARTESIAN_POINT('',(-0.025,0.0015,0.0425253714950859));
#10555=CARTESIAN_POINT('',(-0.0281117713746175,0.0015,0.0425285295067715));
#10556=CARTESIAN_POINT('',(-0.0281117713746175,0.0035,0.0425285295067715));
#10557=CARTESIAN_POINT('',(-0.0324999897005969,0.0035,0.0425329829331592));
#10558=CARTESIAN_POINT('',(0.,0.0102530483272049,0.0467469516727951));
#10559=CARTESIAN_POINT('',(-0.00200143522812838,0.0102520327391238,0.0467479672608762));
#10560=CARTESIAN_POINT('',(-0.00200143522812838,0.0130355329955857,0.0495314675173381));
#10561=CARTESIAN_POINT('',(-0.00200143522812838,0.00747056259228611,0.0439664971140385));
#10562=CARTESIAN_POINT('',(-2.82383001762562E-6,0.00747056259228611,0.0439644688036679));
#10563=CARTESIAN_POINT('',(2.8238289352402E-6,0.0130355329955857,0.0495294334753854));
#10564=CARTESIAN_POINT('',(0.,0.0102530483272049,0.0672530483272049));
#10565=CARTESIAN_POINT('',(-0.00689901717000709,0.00408582938665965,0.0734272688029592));
#10566=CARTESIAN_POINT('',(-0.00669967117304254,0.00466971424189698,0.0728431816394826));
#10567=CARTESIAN_POINT('',(-0.00650035118146279,0.00530980333190057,0.0722028902676315));
#10568=CARTESIAN_POINT('',(-0.00630105719526784,0.0060060966566704,0.0715063946874061));
#10569=CARTESIAN_POINT('',(-0.00630105720983571,0.00600609665440986,0.0715063946896814));
#10570=CARTESIAN_POINT('',(-0.00630105719646446,0.00600609665248979,0.0715063946915879));
#10571=CARTESIAN_POINT('',(-0.00616826639043296,0.00647004116765455,0.0710423154123718));
#10572=CARTESIAN_POINT('',(-0.00603573627792566,0.00695819648092,0.0705540255996224));
#10573=CARTESIAN_POINT('',(-0.00590346685894256,0.00747056259228613,0.0700415252533398));
#10574=CARTESIAN_POINT('',(-0.00590346685894255,0.00747056259228612,0.0700415252533398));
#10575=CARTESIAN_POINT('',(2.82383001762561E-6,0.00747056259228612,0.0700355311963322));
#10576=CARTESIAN_POINT('',(-0.00199856477187162,0.00747056259228612,0.0700375623251753));
#10577=CARTESIAN_POINT('',(-0.00199856477187162,0.0102540624587307,0.0672540624587307));
#10578=CARTESIAN_POINT('',(-0.00199856477187162,0.0130355329955858,0.0644725919218756));
#10579=CARTESIAN_POINT('',(-2.82382893524022E-6,0.0130355329955858,0.0644705665246146));
#10580=CARTESIAN_POINT('',(2.8238300176256E-6,0.00747056259228613,0.0700355311963322));
#10581=CARTESIAN_POINT('',(-0.0570640481297019,0.000999999999999982,0.00731258843346951));
#10582=CARTESIAN_POINT('',(-0.0556857083450707,0.000999999999999981,-0.00215845833746854));
#10583=CARTESIAN_POINT('',(-0.0554863178721371,0.00099999999999998,0.0162603413594576));
#10584=CARTESIAN_POINT('',(-0.053627192777809,0.000999999999999981,0.0159325274448155));
#10585=CARTESIAN_POINT('',(-0.0498590880543158,0.000999999999999987,0.0374300656395221));
#10586=CARTESIAN_POINT('',(-0.0549951666562612,-1.95257406892321E-17,0.0190457983207378));
#10587=CARTESIAN_POINT('',(-0.0554863178721371,-0.00100000000000002,0.0162603413594576));
#10588=CARTESIAN_POINT('',(-0.0536271927778091,-0.00100000000000002,0.0159325274448155));
#10589=CARTESIAN_POINT('',(-0.053627192777809,-0.00100000000000002,0.0159325274448155));
#10590=CARTESIAN_POINT('',(-0.053644080806923,-0.00166754213144973,0.0161751579061284));
#10591=CARTESIAN_POINT('',(-0.0537076621583333,-0.00279927114393355,0.0171360852066889));
#10592=CARTESIAN_POINT('',(-0.0534556197105846,-0.00321046225207397,0.0193355691935352));
#10593=CARTESIAN_POINT('',(-0.0528148174092637,-0.00210045561427465,0.0211851403476331));
#10594=CARTESIAN_POINT('',(-0.0524595178019524,-2.28288906937791E-6,0.0219058424658368));
#10595=CARTESIAN_POINT('',(-0.0528141236995012,0.00209882011674273,0.0211865111120065));
#10596=CARTESIAN_POINT('',(-0.0534544065280005,0.00320889009887261,0.0193402475528078));
#10597=CARTESIAN_POINT('',(-0.0537077993329574,0.00280292544839731,0.0171402514260369));
#10598=CARTESIAN_POINT('',(-0.053644081110391,0.00166755412679067,0.0161751622660556));
#10599=CARTESIAN_POINT('',(-0.053627192777809,0.000999999999999981,0.0159325274448155));
#10600=CARTESIAN_POINT('',(-0.0570640481297019,-0.00100000000000002,0.00731258843346951));
#10601=CARTESIAN_POINT('',(-0.0521583530700597,-0.00100000000000002,0.00031409081303895));
#10602=CARTESIAN_POINT('',(-0.0498590880543158,-0.00100000000000001,0.0374300656395221));
#10603=CARTESIAN_POINT('',(-0.0530352244436046,-0.0116672615254395,0.017680404468214));
#10604=CARTESIAN_POINT('',(-0.0547717057731558,-0.0116672615254393,0.0078323294738235));
#10605=CARTESIAN_POINT('',(-0.0547717057731558,-0.0116672615254393,0.0078323294738235));
#10606=CARTESIAN_POINT('',(-0.0519217133229184,-0.00886056541905546,0.0078323294738235));
#10607=CARTESIAN_POINT('',(-0.0596462567105191,-0.00671751533161918,0.00869184432291839));
#10608=CARTESIAN_POINT('',(-0.0561644346124025,-0.010253048327205,0.00807790514499347));
#10609=CARTESIAN_POINT('',(-0.0547394383872838,-0.00884970027401306,0.00807790514499347));
#10610=CARTESIAN_POINT('',(-0.0570816740178834,-0.00708861692375172,0.0100163108004047));
#10611=CARTESIAN_POINT('',(-0.0568655445266795,-0.00638157572942831,0.00848020660185969));
#10612=CARTESIAN_POINT('',(-0.0573965116521736,-0.00677123855584428,0.00691136621018944));
#10613=CARTESIAN_POINT('',(-0.0584538079794402,-0.00792458653380488,0.0062487918680236));
#10614=CARTESIAN_POINT('',(-0.0595827129091349,-0.00901714632527483,0.00690504284290498));
#10615=CARTESIAN_POINT('',(-0.0600217703112587,-0.00949426787113004,0.00847834556818318));
#10616=CARTESIAN_POINT('',(-0.0593588768581528,-0.00924394261530697,0.0100225527220242));
#10617=CARTESIAN_POINT('',(-0.0580770997089436,-0.00831362717238138,0.0106482428848525));
#10618=CARTESIAN_POINT('',(-0.0570816740178834,-0.00708861692375172,0.0100163108004047));
#10619=CARTESIAN_POINT('',(-0.0568655445266795,-0.00638157572942831,0.00848020660185969));
#10620=CARTESIAN_POINT('',(-0.0573965116521736,-0.00677123855584428,0.00691136621018944));
#10621=CARTESIAN_POINT('',(-0.0569900606294625,-0.00656435973288486,0.00847475056967215));
#10622=CARTESIAN_POINT('',(-0.0200087102269625,-0.0116672615254395,0.0454215107259146));
#10623=CARTESIAN_POINT('',(-0.0130990064171462,-0.0144989143507452,0.0482601759318705));
#10624=CARTESIAN_POINT('',(-0.0137262615573772,-0.0141552620338535,0.0479158870389505));
#10625=CARTESIAN_POINT('',(-0.0147336582218271,-0.0132701548363465,0.0470297574750627));
#10626=CARTESIAN_POINT('',(-0.0152480285423344,-0.0115937654452451,0.0453528460701989));
#10627=CARTESIAN_POINT('',(-0.0146403495744816,-0.00993499133474265,0.0436946886686543));
#10628=CARTESIAN_POINT('',(-0.0135744653145272,-0.00907329332290407,0.0428340723799063));
#10629=CARTESIAN_POINT('',(-0.0129351941065101,-0.00875205966885412,0.0425134874965089));
#10630=CARTESIAN_POINT('',(-0.0100087179515087,-0.0116672615254393,0.0454316593161094));
#10631=CARTESIAN_POINT('',(-0.0100087179515087,-0.00883883440069307,0.0426032321913632));
#10632=CARTESIAN_POINT('',(-0.010013741249958,-0.00671751533161919,0.0503814055099295));
#10633=CARTESIAN_POINT('',(-0.0100101531796371,-0.010253048327205,0.0468458725143437));
#10634=CARTESIAN_POINT('',(-0.0100101531796371,-0.00883883476483186,0.0454316589519706));
#10635=CARTESIAN_POINT('',(-0.011581601129921,-0.00698367781615468,0.0479008058654945));
#10636=CARTESIAN_POINT('',(-0.0100120329807627,-0.00643193567872314,0.0475317522521434));
#10637=CARTESIAN_POINT('',(-0.00844472263863366,-0.00698318039084001,0.0479005465048599));
#10638=CARTESIAN_POINT('',(-0.00779603115940027,-0.00817585578857527,0.0489216945425059));
#10639=CARTESIAN_POINT('',(-0.0084449011864149,-0.00918531124666839,0.0501299046446539));
#10640=CARTESIAN_POINT('',(-0.0100115893418207,-0.00954705352390983,0.0506857135371459));
#10641=CARTESIAN_POINT('',(-0.0115774416056918,-0.00918634422902169,0.050131457408072));
#10642=CARTESIAN_POINT('',(-0.0122286757730616,-0.00817852544364446,0.0489243317934605));
#10643=CARTESIAN_POINT('',(-0.011581601129921,-0.00698367781615468,0.0479008058654945));
#10644=CARTESIAN_POINT('',(-0.0100120329807627,-0.00643193567872314,0.0475317522521434));
#10645=CARTESIAN_POINT('',(-0.00844472263863366,-0.00698318039084001,0.0479005465048599));
#10646=CARTESIAN_POINT('',(-0.0100124092819343,-0.00661576682031454,0.047654726896488));
#10647=CARTESIAN_POINT('',(-0.0209928851706682,2.29406086568651E-19,0.0495213084401084));
#10648=CARTESIAN_POINT('',(-0.0181644595024767,0.001,0.0495184379845908));
#10649=CARTESIAN_POINT('',(-0.0181684425088154,0.001,0.0455937517123289));
#10650=CARTESIAN_POINT('',(-0.0181684425088154,0.001,0.0455937517123289));
#10651=CARTESIAN_POINT('',(-0.0184044079372853,0.00166757867514398,0.0456522791666072));
#10652=CARTESIAN_POINT('',(-0.0193397248932664,0.00279959074793712,0.045880884104546));
#10653=CARTESIAN_POINT('',(-0.0215498644825606,0.00321028209467312,0.0460122353372863));
#10654=CARTESIAN_POINT('',(-0.0234821768912647,0.002100330341996,0.045700413632533));
#10655=CARTESIAN_POINT('',(-0.0242539197587768,2.29452036909869E-6,0.0454749044599616));
#10656=CARTESIAN_POINT('',(-0.0234836430581427,-0.00209871524010763,0.0456999693754576));
#10657=CARTESIAN_POINT('',(-0.0215546529611993,-0.00320870803476758,0.0460118483793313));
#10658=CARTESIAN_POINT('',(-0.0193438165871607,-0.00280324700206136,0.0458817389282892));
#10659=CARTESIAN_POINT('',(-0.0184044128916412,-0.00166759269169885,0.0456522803954561));
#10660=CARTESIAN_POINT('',(-0.0181684425088154,-0.001,0.0455937517123289));
#10661=CARTESIAN_POINT('',(-0.0181684425088154,-0.001,0.0455937517123289));
#10662=CARTESIAN_POINT('',(-0.0181644595024767,-0.001,0.0495184379845908));
#10663=CARTESIAN_POINT('',(-0.00907867774375548,0.001,0.049509217189901));
#10664=CARTESIAN_POINT('',(-0.00200202971856162,0.001,0.0425020317794867));
#10665=CARTESIAN_POINT('',(-0.04,0.001,0.0455937517123289));
#10666=CARTESIAN_POINT('',(-0.00907867774375547,-0.001,0.049509217189901));
#10667=CARTESIAN_POINT('',(-0.00204035373115855,-0.001,0.0424637466406539));
#10668=CARTESIAN_POINT('',(-0.04,-0.001,0.0455937517123289));
#10669=CARTESIAN_POINT('',(-0.0644861459583321,-0.00433888035593378,0.0421091325213118));
#10670=CARTESIAN_POINT('',(-0.0649152608100409,-0.0304852273785586,0.0423184804041416));
#10671=CARTESIAN_POINT('',(-0.0648940565907397,-0.016324337638916,0.0424394532931438));
#10672=CARTESIAN_POINT('',(-0.0649241045261925,-0.036391358016904,0.0422680258282468));
#10673=CARTESIAN_POINT('',(-0.0615200331386185,-0.0335057957742214,0.0385202644110085));
#10674=CARTESIAN_POINT('',(-0.0648861631069981,-0.0371776867237625,0.0422179015829879));
#10675=CARTESIAN_POINT('',(-0.061876869649424,-0.00485180078273222,0.0392086081254137));
#10676=CARTESIAN_POINT('',(-0.0654690574811076,-0.0434391488638897,0.0428007959570973));
#10677=CARTESIAN_POINT('',(-0.0654690574811076,-0.0434391488638897,0.0428007959570974));
#10678=CARTESIAN_POINT('',(-0.0644070000073007,-0.043940681943306,0.0416172039750974));
#10679=CARTESIAN_POINT('',(-0.0633500427822946,-0.0444689770497254,0.0404389982156598));
#10680=CARTESIAN_POINT('',(-0.0623114264848309,-0.0450571631759413,0.0392805326690127));
#10681=CARTESIAN_POINT('',(-0.0623114264848319,-0.0450571631759427,0.0392805326690127));
#10682=CARTESIAN_POINT('',(-0.0586280660001348,-0.00549043677106684,0.035597172184316));
#10683=CARTESIAN_POINT('',(-0.061876869649424,-0.00485180078273222,0.0392086081254137));
#10684=CARTESIAN_POINT('',(-0.066574733791564,-0.0553163442266592,0.0439064722675537));
#10685=CARTESIAN_POINT('',(-0.0691840101004722,-0.0548034237998608,0.0468069966634518));
#10686=CARTESIAN_POINT('',(-0.0717932864093804,-0.0542905033730623,0.0497075210593498));
#10687=CARTESIAN_POINT('',(-0.0670954222672404,-0.00382595992913535,0.0450096569172098));
#10688=CARTESIAN_POINT('',(-0.0680321713861765,-0.0138885362783689,0.0459464060361459));
#10689=CARTESIAN_POINT('',(-0.0680321713861765,-0.0138885362783689,0.0459464060361459));
#10690=CARTESIAN_POINT('',(-0.0678824194199713,-0.0140805577709926,0.0457782796690791));
#10691=CARTESIAN_POINT('',(-0.0677324444762199,-0.0142721908262678,0.045609909846644));
#10692=CARTESIAN_POINT('',(-0.06758223148688,-0.014463409194958,0.0454412801169786));
#10693=CARTESIAN_POINT('',(-0.06758223148688,-0.014463409194958,0.0454412801169786));
#10694=CARTESIAN_POINT('',(-0.06758223148688,-0.014463409194958,0.0454412801169786));
#10695=CARTESIAN_POINT('',(-0.0668168294643105,-0.0154377518719202,0.0445820366073566));
#10696=CARTESIAN_POINT('',(-0.0658821192270794,-0.0160420148668626,0.0435387026631453));
#10697=CARTESIAN_POINT('',(-0.0648940565907397,-0.016324337638916,0.0424394532931438));
#10698=CARTESIAN_POINT('',(-0.0681496150669598,-0.00306169635665883,0.0521651975386625));
#10699=CARTESIAN_POINT('',(-0.071315315607597,-0.0418265622255892,0.0649798186650736));
#10700=CARTESIAN_POINT('',(-0.0713715609789068,-0.0415906541329739,0.0633327061425747));
#10701=CARTESIAN_POINT('',(-0.0714345958965954,-0.041419136630088,0.06167506192791));
#10702=CARTESIAN_POINT('',(-0.0715003950610165,-0.0412751012338177,0.0600156980167973));
#10703=CARTESIAN_POINT('',(-0.0715003950610165,-0.0412751012338177,0.0600156980167972));
#10704=CARTESIAN_POINT('',(-0.0679082072293328,-0.00268775315265992,0.0564235101851135));
#10705=CARTESIAN_POINT('',(-0.0683485606109535,-0.00741803731693487,0.0568638635667342));
#10706=CARTESIAN_POINT('',(-0.0683485606109536,-0.0074180373169349,0.0568638635667343));
#10707=CARTESIAN_POINT('',(-0.0684556991489273,-0.00812000560675686,0.0560607923741506));
#10708=CARTESIAN_POINT('',(-0.0685512138490074,-0.00864834355748654,0.0551472189752611));
#10709=CARTESIAN_POINT('',(-0.0686401741659466,-0.00907877582700293,0.0541713362251346));
#10710=CARTESIAN_POINT('',(-0.0686401741659466,-0.00907877582700291,0.0541713362251346));
#10711=CARTESIAN_POINT('',(-0.0686401741659466,-0.00907877582700291,0.0541713362251346));
#10712=CARTESIAN_POINT('',(-0.0687854452648792,-0.00978166640743375,0.0525777317459919));
#10713=CARTESIAN_POINT('',(-0.0689253963649632,-0.0104168820094834,0.0509574620887051));
#10714=CARTESIAN_POINT('',(-0.0690584433509669,-0.010964271319754,0.0493025872675595));
#10715=CARTESIAN_POINT('',(-0.0690584433509669,-0.010964271319754,0.0493025872675595));
#10716=CARTESIAN_POINT('',(-0.0683519509297214,-0.00337511667287029,0.048596094846314));
#10717=CARTESIAN_POINT('',(-0.0730498150718614,-0.0538396601167973,0.053293958988454));
#10718=CARTESIAN_POINT('',(-0.0728474792090998,-0.0535262398005858,0.0568630616808025));
#10719=CARTESIAN_POINT('',(-0.0726060713714728,-0.0531522965965869,0.0611213743272535));
#10720=CARTESIAN_POINT('',(-0.0679082072293328,-0.00268775315265992,0.0564235101851135));
#10721=CARTESIAN_POINT('',(-0.0633299344572152,-0.00254789694181535,0.0625041209590392));
#10722=CARTESIAN_POINT('',(-0.0604068839686534,-0.00257477796233277,0.06513841502837));
#10723=CARTESIAN_POINT('',(-0.0638320550486997,-0.0393680290104872,0.0685635861084163));
#10724=CARTESIAN_POINT('',(-0.060455860067428,-0.00310088012057848,0.0651873911271446));
#10725=CARTESIAN_POINT('',(-0.0600423113680038,-0.00198546098340071,0.0653621669589921));
#10726=CARTESIAN_POINT('',(-0.060267091207733,-0.00229448895791445,0.0652146053833851));
#10727=CARTESIAN_POINT('',(-0.0603733021571686,-0.00270705355268791,0.0651920160522392));
#10728=CARTESIAN_POINT('',(-0.0604558600674239,-0.00310088012056992,0.0651873911271468));
#10729=CARTESIAN_POINT('',(-0.0600423113680038,-0.0019854609834007,0.065362166958992));
#10730=CARTESIAN_POINT('',(-0.0420109221282235,0.24506641474936,0.0378950382926004));
#10731=CARTESIAN_POINT('',(-0.0566182032382616,0.00432607105330846,0.067326339549339));
#10732=CARTESIAN_POINT('',(-0.0566182032382616,0.00432607105330846,0.067326339549339));
#10733=CARTESIAN_POINT('',(-0.0565363824635072,0.00451266000418164,0.0673669486629848));
#10734=CARTESIAN_POINT('',(-0.0565450206845878,0.00495741207051523,0.0672805291432406));
#10735=CARTESIAN_POINT('',(-0.056903765572534,0.00532881054497808,0.0668921295825656));
#10736=CARTESIAN_POINT('',(-0.0572964911678955,0.00557426321972922,0.0664954332871654));
#10737=CARTESIAN_POINT('',(-0.0575784122299893,0.00568965402595577,0.0662214151644404));
#10738=CARTESIAN_POINT('',(-0.0577216127390523,0.00574028447526013,0.0660836403924188));
#10739=CARTESIAN_POINT('',(-0.0577216127390526,0.00574028447525951,0.0660836403924186));
#10740=CARTESIAN_POINT('',(-0.0577216127390526,0.00574028447525951,0.0660836403924186));
#10741=CARTESIAN_POINT('',(-0.05942268350806,0.00634172072640193,0.0644470216476535));
#10742=CARTESIAN_POINT('',(-0.0629860008159347,0.00699783486146099,0.0611254795884426));
#10743=CARTESIAN_POINT('',(-0.0665817225577429,0.00634091249065377,0.05800698051141));
#10744=CARTESIAN_POINT('',(-0.0683861287886131,0.00574028447526538,0.0564899720497406));
#10745=CARTESIAN_POINT('',(-0.0683861287886131,0.00574028447526535,0.0564899720497406));
#10746=CARTESIAN_POINT('',(-0.0683861287886131,0.00574028447526537,0.0564899720497406));
#10747=CARTESIAN_POINT('',(-0.0685382239121804,0.00568965696652837,0.0563621019584702));
#10748=CARTESIAN_POINT('',(-0.0688407801823931,0.0055742413287432,0.0561103358051435));
#10749=CARTESIAN_POINT('',(-0.0692769298019733,0.00532806101463165,0.0557615147577641));
#10750=CARTESIAN_POINT('',(-0.0696992251720742,0.0049592906382701,0.0554468352994487));
#10751=CARTESIAN_POINT('',(-0.0697872584558298,0.00451273459078312,0.055446609325403));
#10752=CARTESIAN_POINT('',(-0.0697382300671548,0.00432607105330845,0.0555237237101877));
#10753=CARTESIAN_POINT('',(-0.0697382300671549,0.00432607105330844,0.0555237237101876));
#10754=CARTESIAN_POINT('',(-0.0420109221282235,0.24506641474936,0.0378950382926004));
#10755=CARTESIAN_POINT('',(-0.0680118548488687,-0.000798624454611289,0.057982986240295));
#10756=CARTESIAN_POINT('',(-0.0680118548488687,-0.000798624454611211,0.057982986240295));
#10757=CARTESIAN_POINT('',(-0.0678340518778074,-0.000898227428533958,0.0581605491253606));
#10758=CARTESIAN_POINT('',(-0.0675530080098921,-0.00127001020857698,0.0584791177572391));
#10759=CARTESIAN_POINT('',(-0.0672283585381997,-0.00219731460625253,0.0589351503093131));
#10760=CARTESIAN_POINT('',(-0.0671061253861617,-0.00297020879126125,0.0591817861535185));
#10761=CARTESIAN_POINT('',(-0.0670471256826868,-0.00349046640587945,0.0593268624324285));
#10762=CARTESIAN_POINT('',(-0.0670471256826868,-0.00349046640587946,0.0593268624324285));
#10763=CARTESIAN_POINT('',(-0.0670471256826868,-0.00349046640587946,0.0593268624324285));
#10764=CARTESIAN_POINT('',(-0.0670117931113004,-0.00380202796000943,0.0594137428348571));
#10765=CARTESIAN_POINT('',(-0.0668379398790801,-0.00439267485409181,0.0596745873835633));
#10766=CARTESIAN_POINT('',(-0.0666434534602619,-0.00562219133001608,0.0600669691619145));
#10767=CARTESIAN_POINT('',(-0.066631446558775,-0.00658645756310287,0.0602482885027065));
#10768=CARTESIAN_POINT('',(-0.0666933383273977,-0.00725130008557278,0.0603101802713292));
#10769=CARTESIAN_POINT('',(-0.0666933383273977,-0.00725130008557278,0.0603101802713292));
#10770=CARTESIAN_POINT('',(-0.066252984945777,-0.00252101592129793,0.0598698268897085));
#10771=CARTESIAN_POINT('',(-0.0696781560258233,-0.0393142669694524,0.0632949979697548));
#10772=CARTESIAN_POINT('',(-0.0672894309542251,-0.0450808814947518,0.0664636174560492));
#10773=CARTESIAN_POINT('',(-0.05255312186721,-0.00320512516684968,0.0662209758083951));
#10774=CARTESIAN_POINT('',(-0.0496344120022835,-0.0105224858272794,0.0666980844713106));
#10775=CARTESIAN_POINT('',(-0.0510335988419706,-0.0100952736703277,0.0667398901350623));
#10776=CARTESIAN_POINT('',(-0.0524101462284796,-0.00960359010600798,0.0667747507976998));
#10777=CARTESIAN_POINT('',(-0.0537682747296581,-0.00905945423861951,0.0668039611834451));
#10778=CARTESIAN_POINT('',(-0.0496344120022835,-0.0105224858272794,0.0666980844713106));
#10779=CARTESIAN_POINT('',(-0.0537682747296581,-0.00905945423861951,0.0668039611834451));
#10780=CARTESIAN_POINT('',(-0.0537682747296581,-0.00905945423861951,0.0668039611834451));
#10781=CARTESIAN_POINT('',(-0.0550276762815231,-0.0085548734458449,0.0668310481675606));
#10782=CARTESIAN_POINT('',(-0.0562191418182651,-0.00790133266076042,0.0668412028901711));
#10783=CARTESIAN_POINT('',(-0.0571966991276599,-0.00694893132188202,0.0668129865467714));
#10784=CARTESIAN_POINT('',(-0.0571966991276599,-0.00694893132188202,0.0668129865467714));
#10785=CARTESIAN_POINT('',(-0.0568095175040256,-0.00278981916465317,0.0664258049231371));
#10786=CARTESIAN_POINT('',(-0.0604017053357092,-0.0413771672458106,0.0700179927548207));
#10787=CARTESIAN_POINT('',(-0.0604017053357092,-0.0413771672458106,0.0700179927548207));
#10788=CARTESIAN_POINT('',(-0.0620608795421335,-0.0415053865562595,0.0701233124986767));
#10789=CARTESIAN_POINT('',(-0.063718750870616,-0.0416612463104207,0.0702309856233122));
#10790=CARTESIAN_POINT('',(-0.0653636322774556,-0.0418812952253563,0.0703435591001012));
#10791=CARTESIAN_POINT('',(-0.0568095175040256,-0.00278981916465317,0.0664258049231371));
#10792=CARTESIAN_POINT('',(-0.0615073816461656,-0.0532543626085801,0.0711236690652771));
#10793=CARTESIAN_POINT('',(-0.05725098600935,-0.0536696686107767,0.0709188399505351));
#10794=CARTESIAN_POINT('',(-0.0536834900577035,-0.0540177571363628,0.0707471625267306));
#10795=CARTESIAN_POINT('',(-0.0489856259155635,-0.00355321369243585,0.0660492983845906));
#10796=CARTESIAN_POINT('',(-0.0429441274471083,-0.0045369855353868,0.0615231015333392));
#10797=CARTESIAN_POINT('',(-0.0427094633329305,-0.0144945213762951,0.0611611055853774));
#10798=CARTESIAN_POINT('',(-0.0428733795861364,-0.0323188254686925,0.0611611055853774));
#10799=CARTESIAN_POINT('',(-0.0427261782520515,-0.0163121068534135,0.0611611055853774));
#10800=CARTESIAN_POINT('',(-0.0427261782520515,-0.0163121068534135,0.0611611055853774));
#10801=CARTESIAN_POINT('',(-0.0437588516656767,-0.0160405347183422,0.0623097460115108));
#10802=CARTESIAN_POINT('',(-0.0447462114566909,-0.0154390331332235,0.0634114724777206));
#10803=CARTESIAN_POINT('',(-0.0455511670681189,-0.0144360843426196,0.06431489712115));
#10804=CARTESIAN_POINT('',(-0.0455511670681189,-0.0144360843426197,0.06431489712115));
#10805=CARTESIAN_POINT('',(-0.0455511670681189,-0.0144360843426197,0.06431489712115));
#10806=CARTESIAN_POINT('',(-0.0458420606889496,-0.0140736402512132,0.0646413753293193));
#10807=CARTESIAN_POINT('',(-0.0461319623614679,-0.0137094386304055,0.0649667707916978));
#10808=CARTESIAN_POINT('',(-0.0464209895344023,-0.0133436875753067,0.065291211707623));
#10809=CARTESIAN_POINT('',(-0.0464209895344023,-0.0133436875753067,0.065291211707623));
#10810=CARTESIAN_POINT('',(-0.0455534037560166,-0.00402406510858837,0.0644236259292373));
#10811=CARTESIAN_POINT('',(-0.0502512678981566,-0.0544886085525153,0.0691214900713773));
#10812=CARTESIAN_POINT('',(-0.0476419915892483,-0.0550015289793138,0.0662209656754792));
#10813=CARTESIAN_POINT('',(-0.0450327152803401,-0.0555144494061122,0.0633204412795812));
#10814=CARTESIAN_POINT('',(-0.0403348511382001,-0.00504990596218523,0.0586225771374412));
#10815=CARTESIAN_POINT('',(-0.040769407973602,-0.0452552683553971,0.0586945016810345));
#10816=CARTESIAN_POINT('',(-0.0418089748385977,-0.0446665439065726,0.0598540274842347));
#10817=CARTESIAN_POINT('',(-0.0428653305262372,-0.0441386223010092,0.0610315619578815));
#10818=CARTESIAN_POINT('',(-0.0439270389698836,-0.0436372540433427,0.0622147649691247));
#10819=CARTESIAN_POINT('',(-0.0439270389698838,-0.0436372540433427,0.0622147649691248));
#10820=CARTESIAN_POINT('',(-0.0403348511382001,-0.00504990596218523,0.0586225771374412));
#10821=CARTESIAN_POINT('',(-0.0358836807844057,-0.00593498651565758,0.0535661958271864));
#10822=CARTESIAN_POINT('',(-0.0681303862458875,-0.0025247365656896,0.0579524583587752));
#10823=CARTESIAN_POINT('',(-0.068153882226708,-0.00252570127742169,0.0579185994266981));
#10824=CARTESIAN_POINT('',(-0.0681784491288926,-0.00252650970038699,0.0578853484300785));
#10825=CARTESIAN_POINT('',(-0.0682041145938261,-0.00252715780064041,0.0578527210602441));
#10826=CARTESIAN_POINT('',(-0.0681303862458875,-0.00252473656568961,0.0579524583587752));
#10827=CARTESIAN_POINT('',(-0.0681303862458875,-0.0025247365656896,0.0579524583587752));
#10828=CARTESIAN_POINT('',(-0.0679305471485518,-0.0025165314550708,0.0582404369060304));
#10829=CARTESIAN_POINT('',(-0.0677096042328859,-0.00251190147956525,0.0585111151041514));
#10830=CARTESIAN_POINT('',(-0.0674644948834785,-0.00251136546774335,0.0587619823024565));
#10831=CARTESIAN_POINT('',(-0.04,0.,0.057));
#10832=CARTESIAN_POINT('',(-0.04,0.,0.057));
#10833=CARTESIAN_POINT('',(-0.04,0.,0.04555));
#10834=CARTESIAN_POINT('',(-0.04,-2.08166817117217E-17,0.057));
#10835=CARTESIAN_POINT('',(-0.061094054121784,0.,0.0393993389732258));
#10836=CARTESIAN_POINT('',(-0.061094054121784,0.,0.0393993389732258));
#10837=CARTESIAN_POINT('',(-0.0723721149028699,0.,0.0413761659808652));
#10838=CARTESIAN_POINT('',(-0.061094054121784,-2.08166817117217E-17,0.0393993389732258));
#10839=CARTESIAN_POINT('',(-0.0516862064353514,-0.0370426288530598,0.0492320801165676));
#10840=CARTESIAN_POINT('',(-0.0512044305952665,-0.0398536896047443,0.050162579708319));
#10841=CARTESIAN_POINT('',(-0.0485143983878837,-0.0403824846822153,0.0471722854199652));
#10842=CARTESIAN_POINT('',(-0.0485143983878837,-0.0403824846822153,0.0471722854199652));
#10843=CARTESIAN_POINT('',(-0.0480350544126618,-0.0401455264406166,0.0476399564111742));
#10844=CARTESIAN_POINT('',(-0.0472573491682999,-0.0391962088828286,0.0484776955283276));
#10845=CARTESIAN_POINT('',(-0.0468341565394923,-0.0369912661481947,0.048644221873316));
#10846=CARTESIAN_POINT('',(-0.0472764056297073,-0.0351077894438834,0.0474960591476088));
#10847=CARTESIAN_POINT('',(-0.0486161092292371,-0.0343577234365817,0.0458562298280081));
#10848=CARTESIAN_POINT('',(-0.0503951422257337,-0.0350777021801597,0.0446845672452265));
#10849=CARTESIAN_POINT('',(-0.0516017802255508,-0.0369427634901144,0.0443462332875253));
#10850=CARTESIAN_POINT('',(-0.0514194482972754,-0.0391537466407197,0.0447271578995341));
#10851=CARTESIAN_POINT('',(-0.0505124424121281,-0.0401227402998162,0.0454073001453716));
#10852=CARTESIAN_POINT('',(-0.0500000548369336,-0.0403688222560461,0.0458333910053426));
#10853=CARTESIAN_POINT('',(-0.0500000548369336,-0.0403688222560461,0.0458333910053426));
#10854=CARTESIAN_POINT('',(-0.0526900870443164,-0.0398400271785752,0.0488236852936965));
#10855=CARTESIAN_POINT('',(-0.0520430119372797,-0.0488617458798694,0.0510011610503322));
#10856=CARTESIAN_POINT('',(-0.0480229739521897,-0.0567624083608522,0.0464598488233165));
#10857=CARTESIAN_POINT('',(-0.0464997228462597,-0.018740802777513,0.0451576098783412));
#10858=CARTESIAN_POINT('',(-0.0535286683863296,-0.0488480834537002,0.0496622666357096));
#10859=CARTESIAN_POINT('',(-0.0495086304012396,-0.056748745934683,0.0451209544086939));
#10860=CARTESIAN_POINT('',(-0.0479853792953096,-0.0187271403513438,0.0438187154637186));
#10861=CARTESIAN_POINT('',(-0.0549057545304925,-0.0172275716573824,0.0530067348550977));
#10862=CARTESIAN_POINT('',(-0.0567579347504728,-0.0464272330457412,0.044075578577294));
#10863=CARTESIAN_POINT('',(-0.0583317721227949,-0.0457791892029714,0.0440038308796771));
#10864=CARTESIAN_POINT('',(-0.0598865894363345,-0.0464055450808014,0.0442989470930639));
#10865=CARTESIAN_POINT('',(-0.0605292167241736,-0.0479527603669201,0.0445768493748698));
#10866=CARTESIAN_POINT('',(-0.0598912941760103,-0.049531162380615,0.044525665740826));
#10867=CARTESIAN_POINT('',(-0.0583312051580866,-0.0501951345314789,0.0443916699813855));
#10868=CARTESIAN_POINT('',(-0.056760377053626,-0.0495458104630299,0.0443971783676866));
#10869=CARTESIAN_POINT('',(-0.05610365559329,-0.0479774801886141,0.0443281878178856));
#10870=CARTESIAN_POINT('',(-0.0567579347504728,-0.0464272330457412,0.044075578577294));
#10871=CARTESIAN_POINT('',(-0.0583317721227949,-0.0457791892029714,0.0440038308796771));
#10872=CARTESIAN_POINT('',(-0.0598865894363345,-0.0464055450808014,0.0442989470930639));
#10873=CARTESIAN_POINT('',(-0.0583286021129978,-0.0459915891564047,0.0440649748648443));
#10874=CARTESIAN_POINT('',(-0.0549057545304925,-0.0172275716573824,0.0530067348550977));
#10875=CARTESIAN_POINT('',(-0.0549057545304925,-0.0183027942025759,0.0414566744016495));
#10876=CARTESIAN_POINT('',(-0.0549057545304924,-0.0172275716573824,0.0530067348550977));
#10877=CARTESIAN_POINT('',(-0.0571631328428459,-0.033532781161862,0.0379766587567288));
#10878=CARTESIAN_POINT('',(-0.058604965777887,-0.0484120121560044,0.0393650155010332));
#10879=CARTESIAN_POINT('',(-0.058604965777887,-0.0444273464310944,0.0390151025679659));
#10880=CARTESIAN_POINT('',(-0.058604965777887,-0.0484120121560044,0.0393650155010332));
#10881=CARTESIAN_POINT('',(-0.0570204684378044,-0.0459576096067639,0.0673147503889629));
#10882=CARTESIAN_POINT('',(-0.0584921981926558,-0.0482373340157126,0.0413541788977972));
#10883=CARTESIAN_POINT('',(-0.0584921981926558,-0.0462450011532576,0.0411792224312635));
#10884=CARTESIAN_POINT('',(-0.0371882675902662,-0.0035,0.0323210799697689));
#10885=CARTESIAN_POINT('',(-0.025,0.0015,0.0425253714950859));
#10886=CARTESIAN_POINT('',(-0.0371882675902662,-0.0015,0.0323210799697689));
#10887=CARTESIAN_POINT('',(-0.0393588698111028,-0.0035,0.0200186116229423));
#10888=CARTESIAN_POINT('',(-0.0458036838255756,-0.0035,0.0277164628243711));
#10889=CARTESIAN_POINT('',(-0.0393588698111028,0.0035,0.0200186116229423));
#10890=CARTESIAN_POINT('',(-0.0506604203671496,0.0035,0.0236502938495891));
#10891=CARTESIAN_POINT('',(-0.0284564356886851,-0.0269294576688016,0.0535));
#10892=CARTESIAN_POINT('',(-0.029803512821797,-0.0254511535061047,0.0535));
#10893=CARTESIAN_POINT('',(-0.0197808442956954,-0.0163181834956298,0.0535));
#10894=CARTESIAN_POINT('',(-0.0400986441254958,-0.0348324001477268,0.0535));
#10895=CARTESIAN_POINT('',(-0.0392250158865929,-0.0258787433149377,0.0535));
#10896=CARTESIAN_POINT('',(-0.0382917419871862,-0.016313788962285,0.0535));
#10897=CARTESIAN_POINT('',(1.54205829499995,-0.0095,0.0535));
#10898=CARTESIAN_POINT('',(-0.0284564356886851,-0.0269294576688016,0.0605));
#10899=CARTESIAN_POINT('',(-0.0413223647885697,-0.0252254008540381,0.0605));
#10900=CARTESIAN_POINT('',(-0.0412405218030015,-0.0163257692795827,0.0605));
#10901=CARTESIAN_POINT('',(-0.0413877231370865,-0.0323324878948617,0.0605));
#10902=CARTESIAN_POINT('',(-0.0512736511599402,-0.0826231693220241,0.0605));
#10903=CARTESIAN_POINT('',(-0.0414414342827376,-0.0360559926674745,0.0605));
#10904=CARTESIAN_POINT('',(-0.0161632255953273,-0.0130216958373031,0.0605));
#10905=CARTESIAN_POINT('',(-0.019790953248727,-0.0163273950907888,0.0605));
#10906=CARTESIAN_POINT('',(-1.54205829499994,-0.0095,0.0605));
#10907=CARTESIAN_POINT('',(-0.0400013769672068,-0.0163320038703238,0.0605));
#10908=CARTESIAN_POINT('',(-0.0400013769672068,-0.0163320038703238,0.0605));
#10909=CARTESIAN_POINT('',(-0.0404144360506156,-0.0163320731640324,0.0605));
#10910=CARTESIAN_POINT('',(-0.0408274845238374,-0.0163300336491764,0.0605));
#10911=CARTESIAN_POINT('',(-0.0412405218030015,-0.0163257692795827,0.0605));
#10912=CARTESIAN_POINT('',(-0.0284564356886851,-0.0269294576688016,0.057));
#10913=CARTESIAN_POINT('',(-0.0426979779034877,-0.0399067977466435,0.0585));
#10914=CARTESIAN_POINT('',(-0.0153886658845587,-0.0150216958373031,0.0585));
#10915=CARTESIAN_POINT('',(-0.041663796052688,-0.03896441879795,0.0585));
#10916=CARTESIAN_POINT('',(-0.0493456959292557,-0.0459644069760936,0.0592249676362036));
#10917=CARTESIAN_POINT('',(-0.0416726545339713,-0.0389724909240198,0.0581759812905006));
#10918=CARTESIAN_POINT('',(-0.0416673092342543,-0.0389676201192152,0.0582771819227836));
#10919=CARTESIAN_POINT('',(-0.0418139967539952,-0.0391012863893523,0.0555));
#10920=CARTESIAN_POINT('',(-0.0284564356886851,-0.0269294576688016,0.0555));
#10921=CARTESIAN_POINT('',(-0.0153886658845587,-0.0150216958373031,0.0555));
#10922=CARTESIAN_POINT('',(-0.0153886658845587,-0.0150216958373031,0.0585));
#10923=CARTESIAN_POINT('',(-0.0663990685629133,-0.0285580227231448,0.0294059125200003));
#10924=CARTESIAN_POINT('',(-0.0640100454003456,-0.0386918459318209,0.0430356071421087));
#10925=CARTESIAN_POINT('',(-0.0681649063333086,-0.0163183646495056,0.0193315733759605));
#10926=CARTESIAN_POINT('',(-0.0644397940265811,-0.0363776955907348,0.0405838341197135));
#10927=CARTESIAN_POINT('',(-0.064409716812499,-0.016291121964653,0.0407554286230427));
#10928=CARTESIAN_POINT('',(-0.0644097460911226,-0.0163106752127484,0.0407552615846042));
#10929=CARTESIAN_POINT('',(-0.0644097460911226,-0.0163106752127484,0.0407552615846041));
#10930=CARTESIAN_POINT('',(-0.0644537433203757,-0.0163124398264906,0.04050425154488));
#10931=CARTESIAN_POINT('',(-0.064497741026938,-0.0163133357242808,0.0402532387820431));
#10932=CARTESIAN_POINT('',(-0.0645417392008568,-0.0163133810203466,0.0400022233528752));
#10933=CARTESIAN_POINT('',(-0.0645417392008568,-0.0163133810203467,0.0400022233528752));
#10934=CARTESIAN_POINT('',(-0.337681720318353,-0.0095,-1.51829766676569));
#10935=CARTESIAN_POINT('',(-0.0595041842425988,-0.0285580227231448,0.0281973719913125));
#10936=CARTESIAN_POINT('',(0.201681720318344,-0.0095,1.51829766676564));
#10937=CARTESIAN_POINT('',(-0.0612683778041712,-0.016327218537979,0.0181324132771077));
#10938=CARTESIAN_POINT('',(-0.0580055102347588,-0.0163315324787658,0.0367475063663161));
#10939=CARTESIAN_POINT('',(-0.0578321979336861,-0.0277031243669358,0.0377362760755798));
#10940=CARTESIAN_POINT('',(-0.0577138558538579,-0.0354679386742363,0.0384114333675961));
#10941=CARTESIAN_POINT('',(-0.0592690738535095,-0.0270932562560906,0.0295387080051197));
#10942=CARTESIAN_POINT('',(-0.062951626402756,-0.0285580227231448,0.0288016422556564));
#10943=CARTESIAN_POINT('',(-0.06147415119126,-0.0285580227231448,0.0285426692852232));
#10944=CARTESIAN_POINT('',(-0.063985396884413,-0.015035233532946,0.0142156788838525));
#10945=CARTESIAN_POINT('',(-0.059446372502082,-0.0394773938595087,0.0401114161805071));
#10946=CARTESIAN_POINT('',(-0.0636496164734474,-0.038981019603062,0.0403061130774102));
#10947=CARTESIAN_POINT('',(-0.061598290783853,-0.039223267084017,0.0402110943849378));
#10948=CARTESIAN_POINT('',(-0.0619095492824491,-0.0461951683345978,0.0478791113205166));
#10949=CARTESIAN_POINT('',(-0.0624574172393221,-0.0391753319830404,0.0403093366041584));
#10950=CARTESIAN_POINT('',(-0.0670397426973305,-0.0145,0.0141665609164411));
#10951=CARTESIAN_POINT('',(-0.0669403473074049,-0.015035233532946,0.0147336248247187));
#10952=CARTESIAN_POINT('',(-0.063985396884413,-0.015035233532946,0.0142156788838525));
#10953=CARTESIAN_POINT('',(-0.0487982030903653,-0.0567925123934322,0.0458259772377518));
#10954=CARTESIAN_POINT('',(-0.0537725925493027,-0.0577412193974293,0.043073067919766));
#10955=CARTESIAN_POINT('',(-0.0534300953222274,-0.0570802961531503,0.042226422848022));
#10956=CARTESIAN_POINT('',(-0.0554981808586833,-0.0610711191267339,0.04733868154377));
#10957=CARTESIAN_POINT('',(-0.0592305658377859,-0.056168892906703,0.0420925465429271));
#10958=CARTESIAN_POINT('',(-0.0647708228207177,-0.056668097574413,0.0436023321053452));
#10959=CARTESIAN_POINT('',(-0.065058372859725,-0.055945699215131,0.0427860065891052));
#10960=CARTESIAN_POINT('',(-0.0633220724471454,-0.0603077245989512,0.0477151880823165));
#10961=CARTESIAN_POINT('',(-0.0554981808586833,-0.0610711191267339,0.04733868154377));
#10962=CARTESIAN_POINT('',(-0.0691840101004722,-0.0548034237998608,0.0468069966634518));
#10963=CARTESIAN_POINT('',(-0.0721066662082821,-0.0552260487164864,0.0517570042025372));
#10964=CARTESIAN_POINT('',(-0.0728144591369802,-0.0544210407992962,0.0514078291945012));
#10965=CARTESIAN_POINT('',(-0.0685406250649619,-0.0592818837453543,0.0535162368741126));
#10966=CARTESIAN_POINT('',(-0.0633220724471454,-0.0603077245989512,0.0477151880823165));
#10967=CARTESIAN_POINT('',(-0.0728474792090998,-0.0535262398005858,0.0568630616808025));
#10968=CARTESIAN_POINT('',(-0.0714248268377093,-0.0543341309234761,0.0627358991827021));
#10969=CARTESIAN_POINT('',(-0.0721549440037127,-0.0533994451276557,0.0630413439143438));
#10970=CARTESIAN_POINT('',(-0.0680968813645733,-0.058594520225144,0.0613436522129121));
#10971=CARTESIAN_POINT('',(-0.0685406250649619,-0.0592818837453543,0.0535162368741126));
#10972=CARTESIAN_POINT('',(-0.0680277985993553,-0.0530124403857423,0.0672019851011792));
#10973=CARTESIAN_POINT('',(-0.0632648821226324,-0.0543353800652799,0.0701663674013797));
#10974=CARTESIAN_POINT('',(-0.0634661624804004,-0.0534793490893948,0.0708717956038164));
#10975=CARTESIAN_POINT('',(-0.0622507803874497,-0.0586482822661788,0.0666122403515736));
#10976=CARTESIAN_POINT('',(-0.0680968813645733,-0.0585945202251439,0.0613436522129121));
#10977=CARTESIAN_POINT('',(-0.0487982030903653,-0.0567925123934322,0.0458259772377518));
#10978=CARTESIAN_POINT('',(-0.0496520798815598,-0.0611248811677687,0.0526072696824315));
#10979=CARTESIAN_POINT('',(-0.0447413137989151,-0.0571602001148894,0.0500568745374945));
#10980=CARTESIAN_POINT('',(-0.0455545895249296,-0.0578167939756908,0.0504792474276334));
#10981=CARTESIAN_POINT('',(-0.05725098600935,-0.0536696686107766,0.0709188399505351));
#10982=CARTESIAN_POINT('',(-0.0522296112237033,-0.0553398612187122,0.0696954249925928));
#10983=CARTESIAN_POINT('',(-0.0518378849429029,-0.0546139460274141,0.0703122118627332));
#10984=CARTESIAN_POINT('',(-0.0544268887989876,-0.0594116767939615,0.0662357338130271));
#10985=CARTESIAN_POINT('',(-0.0622507803874497,-0.0586482822661788,0.0666122403515736));
#10986=CARTESIAN_POINT('',(-0.0439980584680534,-0.0563089744224824,0.0558202956810773));
#10987=CARTESIAN_POINT('',(-0.0492083361811712,-0.0604375176475583,0.060434685021231));
#10988=CARTESIAN_POINT('',(-0.0440817986656476,-0.0561386044432489,0.0616903892573372));
#10989=CARTESIAN_POINT('',(-0.044930808463653,-0.0568505507462227,0.0614824311186085));
#10990=CARTESIAN_POINT('',(-0.0496520798815598,-0.0611248811677687,0.0526072696824315));
#10991=CARTESIAN_POINT('',(-0.0476419915892483,-0.0550015289793138,0.0662209656754792));
#10992=CARTESIAN_POINT('',(-0.0492083361811712,-0.0604375176475583,0.060434685021231));
#10993=CARTESIAN_POINT('',(-0.0544268887989876,-0.0594116767939614,0.0662357338130271));
#10994=CARTESIAN_POINT('',(-0.00200202971856162,-1.56125112837912E-17,0.0425020317794867));
#10995=CARTESIAN_POINT('',(-0.000857159434625565,-0.00553271676497767,0.0436457407701654));
#10996=CARTESIAN_POINT('',(-0.00162113032649959,-0.00584916375441952,0.0428825448082183));
#10997=CARTESIAN_POINT('',(0.00299797028143837,-0.0039350295967004,0.0474969600553199));
#10998=CARTESIAN_POINT('',(-0.00200143522812838,-0.0102520327391238,0.0467479672608762));
#10999=CARTESIAN_POINT('',(-0.000857512351748423,-0.0133575123517484,0.0514700376147875));
#11000=CARTESIAN_POINT('',(-0.0016201147054065,-0.0141201147054065,0.0511549310339862));
#11001=CARTESIAN_POINT('',(0.00299856477187162,-0.0095,0.053061929855295));
#11002=CARTESIAN_POINT('',(0.00299856477187162,-0.0039350295967004,0.0474969594519954));
#11003=CARTESIAN_POINT('',(-0.002,-0.0145,0.057));
#11004=CARTESIAN_POINT('',(0.003,-0.0095,0.0530619283987397));
#11005=CARTESIAN_POINT('',(-0.000851237041025416,-0.0133512370410254,0.0625331566444045));
#11006=CARTESIAN_POINT('',(-0.00161867947727812,-0.0141186794772781,0.0628518208357767));
#11007=CARTESIAN_POINT('',(0.003,-0.0095,0.0609319824424397));
#11008=CARTESIAN_POINT('',(-0.00199856477187162,-0.0102540624587307,0.0672540624587307));
#11009=CARTESIAN_POINT('',(0.00300143522812837,-0.0095,0.0609319809858844));
#11010=CARTESIAN_POINT('',(-0.000851592778262209,-0.00553041098125454,0.0703544861537533));
#11011=CARTESIAN_POINT('',(-0.00161766537980958,-0.00584772852703025,0.071121336606095));
#11012=CARTESIAN_POINT('',(0.00300143522812837,-0.00393502959670039,0.066496951389184));
#11013=CARTESIAN_POINT('',(-0.00199797028143838,-1.7347234759768E-17,0.0715020276597271));
#11014=CARTESIAN_POINT('',(-0.000853577405185541,0.00553123304034305,0.0703564727958167));
#11015=CARTESIAN_POINT('',(-0.00161766537980959,0.00584772852703021,0.071121336606095));
#11016=CARTESIAN_POINT('',(0.00300202971856158,0.00393502959670035,0.0664969507858595));
#11017=CARTESIAN_POINT('',(0.00300202971856158,-0.00393502959670039,0.0664969507858595));
#11018=CARTESIAN_POINT('',(-0.00200202971856162,-1.56125112837912E-17,0.0425020317794867));
#11019=CARTESIAN_POINT('',(0.00299797028143837,0.00393502959670034,0.0474969600553199));
#11020=CARTESIAN_POINT('',(-0.0016211303264996,0.00584916375441947,0.0428825448082183));
#11021=CARTESIAN_POINT('',(-0.000857159434625563,0.00553271676497761,0.0436457407701654));
#11022=CARTESIAN_POINT('',(-0.00199856477187162,0.0102540624587307,0.0672540624587307));
#11023=CARTESIAN_POINT('',(0.00300143522812838,0.00393502959670035,0.066496951389184));
#11024=CARTESIAN_POINT('',(-0.000856028547439773,0.0133560285474398,0.0625351462157976));
#11025=CARTESIAN_POINT('',(-0.00161867947727812,0.0141186794772781,0.0628518208357767));
#11026=CARTESIAN_POINT('',(0.00300143522812838,0.0095,0.0609319809858843));
#11027=CARTESIAN_POINT('',(-0.00200143522812838,0.0102520327391238,0.0467479672608762));
#11028=CARTESIAN_POINT('',(0.00299856477187162,0.00393502959670034,0.0474969594519954));
#11029=CARTESIAN_POINT('',(0.00299856477187162,0.0095,0.0530619298552951));
#11030=CARTESIAN_POINT('',(-0.0016201147054065,0.0141201147054065,0.0511549310339862));
#11031=CARTESIAN_POINT('',(-0.000852720573657622,0.0133527205736576,0.0514720175730225));
#11032=CARTESIAN_POINT('',(-0.002,0.0145,0.057));
#11033=CARTESIAN_POINT('',(0.003,0.0095,0.0530619283987397));
#11034=CARTESIAN_POINT('',(0.003,0.0095,0.0609319824424397));
#11035=CARTESIAN_POINT('',(-0.0556857083450707,-2.08166817117217E-17,-0.00215845833746854));
#11036=CARTESIAN_POINT('',(-0.0568312114178892,0.00476815012714605,-0.00296141478182399));
#11037=CARTESIAN_POINT('',(-0.0538114290684853,0.0058477285270302,-0.00084465599213478));
#11038=CARTESIAN_POINT('',(-0.0591639567884265,0.00393502959670034,-0.00459658536561335));
#11039=CARTESIAN_POINT('',(-0.0592928945628371,0.00883984926049636,-0.0015261880141144));
#11040=CARTESIAN_POINT('',(-0.059163853556193,0.00393502959670034,-0.0045959999065241));
#11041=CARTESIAN_POINT('',(-0.0634739267831024,0.0115099681760537,-0.00179845884426485));
#11042=CARTESIAN_POINT('',(-0.0619565903604097,0.0141186794772781,0.00058406358583488));
#11043=CARTESIAN_POINT('',(-0.0646452574385823,0.0095,-0.00363521529604758));
#11044=CARTESIAN_POINT('',(-0.068,0.0125,-5.20417042793042E-18));
#11045=CARTESIAN_POINT('',(-0.0646450082137049,0.0095,-0.0036338018715315));
#11046=CARTESIAN_POINT('',(-0.0728659227770205,0.0115100254396749,-0.000152164559699775));
#11047=CARTESIAN_POINT('',(-0.0734775857260455,0.0141201147054065,0.00260492945968874));
#11048=CARTESIAN_POINT('',(-0.0723968813888384,0.0095,-0.00227504768942085));
#11049=CARTESIAN_POINT('',(-0.0767051061968926,0.00883781954088951,0.00152583758577056));
#11050=CARTESIAN_POINT('',(-0.072396632163961,0.0095,-0.00227363426490481));
#11051=CARTESIAN_POINT('',(-0.0795082635264355,0.00476820747103717,0.00101357658195329));
#11052=CARTESIAN_POINT('',(-0.0816255741060998,0.00584916375441948,0.00403414611865294));
#11053=CARTESIAN_POINT('',(-0.0778780360463503,0.00393502959670034,-0.00131284965442829));
#11054=CARTESIAN_POINT('',(-0.0803102931743888,-2.08166817117217E-17,0.00215775748078089));
#11055=CARTESIAN_POINT('',(-0.0778779328141168,0.00393502959670034,-0.00131226419533904));
#11056=CARTESIAN_POINT('',(-0.079509873945558,-0.00476902964265722,0.00101587401672233));
#11057=CARTESIAN_POINT('',(-0.0816255741060998,-0.00584916375441953,0.00403414611865295));
#11058=CARTESIAN_POINT('',(-0.0778779328141168,-0.00393502959670039,-0.00131226419533904));
#11059=CARTESIAN_POINT('',(-0.0767051061968927,-0.00883781954088955,0.00152583758577056));
#11060=CARTESIAN_POINT('',(-0.072867045709158,-0.0115148172177657,-0.000147102900357312));
#11061=CARTESIAN_POINT('',(-0.0734775857260455,-0.0141201147054065,0.00260492945968874));
#11062=CARTESIAN_POINT('',(-0.0723966321639611,-0.0095,-0.00227363426490485));
#11063=CARTESIAN_POINT('',(-0.0778780360463504,-0.00393502959670039,-0.00131284965442832));
#11064=CARTESIAN_POINT('',(-0.0556857083450707,-2.08166817117217E-17,-0.00215845833746854));
#11065=CARTESIAN_POINT('',(-0.0568289119651344,-0.00476897218623462,-0.0029598029481661));
#11066=CARTESIAN_POINT('',(-0.068,-0.0125,-5.20417042793042E-18));
#11067=CARTESIAN_POINT('',(-0.0634739267831024,-0.0115099681760538,-0.00179845884426486));
#11068=CARTESIAN_POINT('',(-0.0619565903604097,-0.0141186794772782,0.000584063585834872));
#11069=CARTESIAN_POINT('',(-0.0646450082137049,-0.0095,-0.00363380187153151));
#11070=CARTESIAN_POINT('',(-0.0723968813888384,-0.0095,-0.00227504768942083));
#11071=CARTESIAN_POINT('',(-0.0592928945628371,-0.00883984926049641,-0.0015261880141144));
#11072=CARTESIAN_POINT('',(-0.0646452574385822,-0.0095,-0.00363521529604756));
#11073=CARTESIAN_POINT('',(-0.0868599922074428,-7.14682180325616E-5,0.0139600542699599));
#11074=CARTESIAN_POINT('',(-0.0868599922074428,5.71159367489462E-5,0.0139600542699599));
#11075=CARTESIAN_POINT('',(-0.0868625005326419,0.000121365970742879,0.0139475187392474));
#11076=CARTESIAN_POINT('',(-0.0868721582792869,0.000240162239550276,0.0138992534745497));
#11077=CARTESIAN_POINT('',(-0.0868793013851107,0.000294630788297308,0.0138635553033279));
#11078=CARTESIAN_POINT('',(-0.0868971465740217,0.000385553516095173,0.0137743727229581));
#11079=CARTESIAN_POINT('',(-0.0869078369873612,0.000421948236807025,0.01372094663419));
#11080=CARTESIAN_POINT('',(-0.086931152850293,0.000471155262505402,0.0136044239775678));
#11081=CARTESIAN_POINT('',(-0.0869437630526261,0.000483935388871874,0.0135414036089595));
#11082=CARTESIAN_POINT('',(-0.0869689999608067,0.000483935388871873,0.0134152803942748));
#11083=CARTESIAN_POINT('',(-0.0869816101631397,0.000471155262505358,0.0133522600256665));
#11084=CARTESIAN_POINT('',(-0.0870049260260715,0.000421948236806972,0.0132357373690443));
#11085=CARTESIAN_POINT('',(-0.0870156164394111,0.000385553516095091,0.0131823112802762));
#11086=CARTESIAN_POINT('',(-0.087033461628322,0.000294630788297208,0.0130931286999063));
#11087=CARTESIAN_POINT('',(-0.0870406047341458,0.00024016223955016,0.0130574305286845));
#11088=CARTESIAN_POINT('',(-0.0870502624807908,0.000121365970742759,0.013009165263987));
#11089=CARTESIAN_POINT('',(-0.0870527708059899,5.71159367488116E-5,0.0129966297332745));
#11090=CARTESIAN_POINT('',(-0.08705277080599,-7.14682180326874E-5,0.0129966297332745));
#11091=CARTESIAN_POINT('',(-0.0870502624807909,-0.000135718252026622,0.013009165263987));
#11092=CARTESIAN_POINT('',(-0.0870406047341457,-0.000254514520834023,0.0130574305286846));
#11093=CARTESIAN_POINT('',(-0.087033461628322,-0.000308983069581036,0.0130931286999064));
#11094=CARTESIAN_POINT('',(-0.087015616439411,-0.000399905797378913,0.0131823112802763));
#11095=CARTESIAN_POINT('',(-0.0870049260260716,-0.000436300518090768,0.0132357373690444));
#11096=CARTESIAN_POINT('',(-0.0869816101631396,-0.000485507543789149,0.0133522600256666));
#11097=CARTESIAN_POINT('',(-0.0869689999608067,-0.000498287670155625,0.0134152803942749));
#11098=CARTESIAN_POINT('',(-0.086943763052626,-0.000498287670155605,0.0135414036089596));
#11099=CARTESIAN_POINT('',(-0.0869311528502931,-0.0004855075437891,0.0136044239775679));
#11100=CARTESIAN_POINT('',(-0.0869078369873611,-0.000436300518090715,0.0137209466341901));
#11101=CARTESIAN_POINT('',(-0.0868971465740217,-0.000399905797378841,0.0137743727229582));
#11102=CARTESIAN_POINT('',(-0.0868793013851107,-0.000308983069580947,0.013863555303328));
#11103=CARTESIAN_POINT('',(-0.086872158279287,-0.00025451452083392,0.0138992534745498));
#11104=CARTESIAN_POINT('',(-0.0868625005326419,-0.000135718252026495,0.0139475187392474));
#11105=CARTESIAN_POINT('',(-0.0868599922074428,-7.14682180325616E-5,0.0139600542699599));
#11106=CARTESIAN_POINT('',(-0.0868599922074428,5.71159367489462E-5,0.0139600542699599));
#11107=CARTESIAN_POINT('',(-0.0816443376446609,-0.000661732931983152,0.0176188321204235));
#11108=CARTESIAN_POINT('',(-0.0816443376446609,0.000647380650700701,0.0176188321204233));
#11109=CARTESIAN_POINT('',(-0.0816670206143428,0.0013015093987973,0.0174907098624493));
#11110=CARTESIAN_POINT('',(-0.0817543563291923,0.00251097264357105,0.0169974036884681));
#11111=CARTESIAN_POINT('',(-0.0818189519617256,0.00306551621946219,0.0166325423668914));
#11112=CARTESIAN_POINT('',(-0.081980327320539,0.00399119931112045,0.0157210314120869));
#11113=CARTESIAN_POINT('',(-0.0820770015164313,0.00436173348232665,0.0151749778556409));
#11114=CARTESIAN_POINT('',(-0.0822878485837004,0.00486270956150299,0.0139840314000149));
#11115=CARTESIAN_POINT('',(-0.082401883572981,0.00499282385935822,0.0133399173126807));
#11116=CARTESIAN_POINT('',(-0.0826301027940475,0.00499282385935805,0.0120508461581456));
#11117=CARTESIAN_POINT('',(-0.0827441377833282,0.00486270956150264,0.0114067320708114));
#11118=CARTESIAN_POINT('',(-0.0829549848505972,0.004361733482326,0.0102157856151856));
#11119=CARTESIAN_POINT('',(-0.0830516590464895,0.00399119931111966,0.00966973205873969));
#11120=CARTESIAN_POINT('',(-0.0832130344053029,0.00306551621946116,0.00875822110393534));
#11121=CARTESIAN_POINT('',(-0.0832776300378361,0.00251097264356993,0.00839335978235877));
#11122=CARTESIAN_POINT('',(-0.0833649657526856,0.00130150939879605,0.00790005360837792));
#11123=CARTESIAN_POINT('',(-0.0833876487223674,0.000647380650699401,0.00777193135040409));
#11124=CARTESIAN_POINT('',(-0.0833876487223674,-0.000661732931984435,0.00777193135040426));
#11125=CARTESIAN_POINT('',(-0.0833649657526856,-0.00131586168008103,0.00790005360837825));
#11126=CARTESIAN_POINT('',(-0.083277630037836,-0.00252532492485479,0.00839335978235942));
#11127=CARTESIAN_POINT('',(-0.0832130344053027,-0.00307986850074593,0.00875822110393612));
#11128=CARTESIAN_POINT('',(-0.0830516590464893,-0.00400555159240421,0.00966973205874072));
#11129=CARTESIAN_POINT('',(-0.082954984850597,-0.00437608576361038,0.0102157856151867));
#11130=CARTESIAN_POINT('',(-0.0827441377833279,-0.00487706184278673,0.0114067320708127));
#11131=CARTESIAN_POINT('',(-0.0826301027940473,-0.00500717614064196,0.0120508461581469));
#11132=CARTESIAN_POINT('',(-0.0824018835729808,-0.00500717614064179,0.013339917312682));
#11133=CARTESIAN_POINT('',(-0.0822878485837002,-0.00487706184278639,0.0139840314000161));
#11134=CARTESIAN_POINT('',(-0.0820770015164311,-0.00437608576360974,0.015174977855642));
#11135=CARTESIAN_POINT('',(-0.0819803273205388,-0.00400555159240342,0.0157210314120879));
#11136=CARTESIAN_POINT('',(-0.0818189519617254,-0.00307986850074491,0.0166325423668922));
#11137=CARTESIAN_POINT('',(-0.0817543563291922,-0.00252532492485369,0.0169974036884688));
#11138=CARTESIAN_POINT('',(-0.0816670206143427,-0.00131586168007978,0.0174907098624497));
#11139=CARTESIAN_POINT('',(-0.0816443376446609,-0.000661732931983152,0.0176188321204235));
#11140=CARTESIAN_POINT('',(-0.0816443376446609,0.000647380650700701,0.0176188321204233));
#11141=CARTESIAN_POINT('',(-0.0793308386096228,-0.00092355564851929,0.0192417499967085));
#11142=CARTESIAN_POINT('',(-0.0793308386096229,0.000909203367237355,0.0192417499967082));
#11143=CARTESIAN_POINT('',(-0.0793624704120891,0.00182498361457321,0.0190623571304599));
#11144=CARTESIAN_POINT('',(-0.0794842616113504,0.00351823215725598,0.0183716449162998));
#11145=CARTESIAN_POINT('',(-0.0795743413635665,0.00429459316350382,0.0178607772552407));
#11146=CARTESIAN_POINT('',(-0.0797993821560415,0.00559054949182539,0.0165845075002053));
#11147=CARTESIAN_POINT('',(-0.0799341960323077,0.00610929733151395,0.0158199400147045));
#11148=CARTESIAN_POINT('',(-0.0802282259973418,0.00681066384236103,0.0141524132195839));
#11149=CARTESIAN_POINT('',(-0.0803872498070874,0.00699282385935826,0.0132505443784874));
#11150=CARTESIAN_POINT('',(-0.0807055055478924,0.00699282385935802,0.0114456263816707));
#11151=CARTESIAN_POINT('',(-0.080864529357638,0.00681066384236055,0.0105437575405742));
#11152=CARTESIAN_POINT('',(-0.0811585593226721,0.00610929733151304,0.00887623074545377));
#11153=CARTESIAN_POINT('',(-0.0812933731989382,0.00559054949182427,0.00811166325995316));
#11154=CARTESIAN_POINT('',(-0.0815184139914131,0.00429459316350238,0.00683539350491801));
#11155=CARTESIAN_POINT('',(-0.0816084937436292,0.00351823215725441,0.00632452584385917));
#11156=CARTESIAN_POINT('',(-0.0817302849428905,0.00182498361457145,0.00563381362969951));
#11157=CARTESIAN_POINT('',(-0.0817619167453566,0.000909203367235537,0.0054544207634514));
#11158=CARTESIAN_POINT('',(-0.0817619167453566,-0.000923555648521086,0.00545442076345164));
#11159=CARTESIAN_POINT('',(-0.0817302849428904,-0.00183933589585693,0.00563381362969996));
#11160=CARTESIAN_POINT('',(-0.0816084937436291,-0.00353258443853972,0.00632452584386006));
#11161=CARTESIAN_POINT('',(-0.0815184139914129,-0.00430894544478757,0.00683539350491912));
#11162=CARTESIAN_POINT('',(-0.081293373198938,-0.00560490177310914,0.00811166325995459));
#11163=CARTESIAN_POINT('',(-0.0811585593226718,-0.00612364961279769,0.00887623074545531));
#11164=CARTESIAN_POINT('',(-0.0808645293576377,-0.00682501612364477,0.0105437575405759));
#11165=CARTESIAN_POINT('',(-0.0807055055478921,-0.007007176140642,0.0114456263816724));
#11166=CARTESIAN_POINT('',(-0.080387249807087,-0.00700717614064176,0.0132505443784892));
#11167=CARTESIAN_POINT('',(-0.0802282259973415,-0.0068250161236443,0.0141524132195857));
#11168=CARTESIAN_POINT('',(-0.0799341960323074,-0.00612364961279679,0.015819940014706));
#11169=CARTESIAN_POINT('',(-0.0797993821560413,-0.00560490177310804,0.0165845075002067));
#11170=CARTESIAN_POINT('',(-0.0795743413635663,-0.00430894544478612,0.0178607772552418));
#11171=CARTESIAN_POINT('',(-0.0794842616113503,-0.00353258443853816,0.0183716449163007));
#11172=CARTESIAN_POINT('',(-0.079362470412089,-0.00183933589585519,0.0190623571304603));
#11173=CARTESIAN_POINT('',(-0.0793308386096228,-0.00092355564851929,0.0192417499967085));
#11174=CARTESIAN_POINT('',(-0.0793308386096229,0.000909203367237355,0.0192417499967082));
#11175=CARTESIAN_POINT('',(-0.0776381923887795,-0.00111511537037954,0.0204291400791892));
#11176=CARTESIAN_POINT('',(-0.0776381923887796,0.00110076308909798,0.0204291400791889));
#11177=CARTESIAN_POINT('',(-0.0776763715067034,0.00220797778903479,0.0202122356341495));
#11178=CARTESIAN_POINT('',(-0.0778233716836188,0.00425518254427842,0.0193770934535965));
#11179=CARTESIAN_POINT('',(-0.0779320966127809,0.00519383384307625,0.0187594018539919));
#11180=CARTESIAN_POINT('',(-0.078203717522236,0.00676069652805739,0.017216260319293));
#11181=CARTESIAN_POINT('',(-0.0783664358777656,0.00738788327436944,0.0162918195117746));
#11182=CARTESIAN_POINT('',(-0.0787213256985456,0.00823586324894553,0.0142756079329751));
#11183=CARTESIAN_POINT('',(-0.0789132650858587,0.00845610194610755,0.0131851556504107));
#11184=CARTESIAN_POINT('',(-0.0792973950598341,0.00845610194610725,0.0110028239633791));
#11185=CARTESIAN_POINT('',(-0.0794893344471472,0.00823586324894495,0.00991237168081471));
#11186=CARTESIAN_POINT('',(-0.0798442242679272,0.00738788327436834,0.00789616010201537));
#11187=CARTESIAN_POINT('',(-0.0800069426234566,0.00676069652805604,0.00697171929449711));
#11188=CARTESIAN_POINT('',(-0.0802785635329117,0.0051938338430745,0.00542857775979863));
#11189=CARTESIAN_POINT('',(-0.0803872884620739,0.00425518254427652,0.00481088616019434));
#11190=CARTESIAN_POINT('',(-0.0805342886389891,0.00220797778903266,0.00397574397964189));
#11191=CARTESIAN_POINT('',(-0.0805724677569129,0.00110076308909578,0.00375883953460275));
#11192=CARTESIAN_POINT('',(-0.0805724677569128,-0.00111511537038171,0.00375883953460304));
#11193=CARTESIAN_POINT('',(-0.0805342886389889,-0.00222233007031851,0.00397574397964244));
#11194=CARTESIAN_POINT('',(-0.0803872884620737,-0.00426953482556215,0.00481088616019542));
#11195=CARTESIAN_POINT('',(-0.0802785635329115,-0.00520818612436,0.00542857775979998));
#11196=CARTESIAN_POINT('',(-0.0800069426234564,-0.00677504880934114,0.00697171929449884));
#11197=CARTESIAN_POINT('',(-0.0798442242679268,-0.00740223555565318,0.00789616010201723));
#11198=CARTESIAN_POINT('',(-0.0794893344471468,-0.00825021553022926,0.0099123716808168));
#11199=CARTESIAN_POINT('',(-0.0792973950598337,-0.00847045422739128,0.0110028239633812));
#11200=CARTESIAN_POINT('',(-0.0789132650858583,-0.008470454227391,0.0131851556504128));
#11201=CARTESIAN_POINT('',(-0.0787213256985452,-0.0082502155302287,0.0142756079329772));
#11202=CARTESIAN_POINT('',(-0.0783664358777653,-0.00740223555565209,0.0162918195117765));
#11203=CARTESIAN_POINT('',(-0.0782037175222358,-0.00677504880933981,0.0172162603192947));
#11204=CARTESIAN_POINT('',(-0.0779320966127807,-0.00520818612435826,0.0187594018539932));
#11205=CARTESIAN_POINT('',(-0.0778233716836186,-0.00426953482556027,0.0193770934535975));
#11206=CARTESIAN_POINT('',(-0.0776763715067033,-0.00222233007031639,0.02021223563415));
#11207=CARTESIAN_POINT('',(-0.0776381923887795,-0.00111511537037954,0.0204291400791892));
#11208=CARTESIAN_POINT('',(-0.0776381923887796,0.00110076308909798,0.0204291400791889));
#11209=CARTESIAN_POINT('',(-0.0775459743905929,-0.00112555184190301,0.0204938309372815));
#11210=CARTESIAN_POINT('',(-0.0775459743905929,0.00111119956062147,0.0204938309372812));
#11211=CARTESIAN_POINT('',(-0.077584510216444,0.00222884390721771,0.0202748828030985));
#11212=CARTESIAN_POINT('',(-0.0777328838176621,0.0042953327473257,0.019431871853387));
#11213=CARTESIAN_POINT('',(-0.0778426245650576,0.00524282587362404,0.0188083603194986));
#11214=CARTESIAN_POINT('',(-0.0781167832317182,0.00682444795817701,0.0172506791952564));
#11215=CARTESIAN_POINT('',(-0.0782810218666696,0.00745754262474507,0.0163175282405505));
#11216=CARTESIAN_POINT('',(-0.0786392274270281,0.00831351032880993,0.0142823197725292));
#11217=CARTESIAN_POINT('',(-0.078832960106191,0.0085358236116799,0.0131815931708252));
#11218=CARTESIAN_POINT('',(-0.0792206790108243,0.00853582361167961,0.0109786993990701));
#11219=CARTESIAN_POINT('',(-0.0794144116899872,0.00831351032880935,0.00987797279736619));
#11220=CARTESIAN_POINT('',(-0.0797726172503458,0.00745754262474395,0.00784276432934508));
#11221=CARTESIAN_POINT('',(-0.0799368558852971,0.00682444795817565,0.00690961337463932));
#11222=CARTESIAN_POINT('',(-0.0802110145519576,0.00524282587362227,0.00535193225039755));
#11223=CARTESIAN_POINT('',(-0.0803207552993531,0.00429533274732379,0.00472842071650944));
#11224=CARTESIAN_POINT('',(-0.0804691289005711,0.00222884390721556,0.00388540976679844));
#11225=CARTESIAN_POINT('',(-0.0805076647264221,0.00111119956061925,0.00366646163261604));
#11226=CARTESIAN_POINT('',(-0.080507664726422,-0.0011255518419052,0.00366646163261633));
#11227=CARTESIAN_POINT('',(-0.0804691289005709,-0.00224319618850142,0.00388540976679899));
#11228=CARTESIAN_POINT('',(-0.080320755299353,-0.00430968502860943,0.00472842071651053));
#11229=CARTESIAN_POINT('',(-0.0802110145519573,-0.00525717815490779,0.00535193225039891));
#11230=CARTESIAN_POINT('',(-0.0799368558852968,-0.00683880023946076,0.00690961337464107));
#11231=CARTESIAN_POINT('',(-0.0797726172503454,-0.0074718949060288,0.00784276432934696));
#11232=CARTESIAN_POINT('',(-0.0794144116899869,-0.00832786261009366,0.0098779727973683));
#11233=CARTESIAN_POINT('',(-0.079220679010824,-0.00855017589296364,0.0109786993990723));
#11234=CARTESIAN_POINT('',(-0.0788329601061907,-0.00855017589296335,0.0131815931708274));
#11235=CARTESIAN_POINT('',(-0.0786392274270277,-0.0083278626100931,0.0142823197725313));
#11236=CARTESIAN_POINT('',(-0.0782810218666693,-0.0074718949060277,0.0163175282405524));
#11237=CARTESIAN_POINT('',(-0.0781167832317179,-0.00683880023945942,0.0172506791952582));
#11238=CARTESIAN_POINT('',(-0.0778426245650574,-0.00525717815490603,0.0188083603194999));
#11239=CARTESIAN_POINT('',(-0.0777328838176619,-0.00430968502860753,0.0194318718533881));
#11240=CARTESIAN_POINT('',(-0.0775845102164439,-0.00224319618849929,0.0202748828030991));
#11241=CARTESIAN_POINT('',(-0.0775459743905929,-0.00112555184190301,0.0204938309372815));
#11242=CARTESIAN_POINT('',(-0.0775459743905929,0.00111119956062147,0.0204938309372812));
#11243=CARTESIAN_POINT('',(-0.0784104265343526,-0.00747056259228617,0.0160281473921442));
#11244=CARTESIAN_POINT('',(-0.0786779054048966,-0.00721053748305689,0.0160086234892735));
#11245=CARTESIAN_POINT('',(-0.079116281314769,-0.00662203381990657,0.0162013965420484));
#11246=CARTESIAN_POINT('',(-0.0795637275212154,-0.00544417222795571,0.0169923701820229));
#11247=CARTESIAN_POINT('',(-0.0796122999707927,-0.00454585906673606,0.0176459260137216));
#11248=CARTESIAN_POINT('',(-0.0795402529490977,-0.00393442903577274,0.0180541020527743));
#11249=CARTESIAN_POINT('',(-0.0795419545490617,0.00393449652675366,0.0180444518438941));
#11250=CARTESIAN_POINT('',(-0.0796145243869398,0.00454718021836327,0.0176332640083314));
#11251=CARTESIAN_POINT('',(-0.0795687270488586,0.00543088068833933,0.0169865667049823));
#11252=CARTESIAN_POINT('',(-0.0791235299054429,0.00661793723192756,0.0161799844423949));
#11253=CARTESIAN_POINT('',(-0.0786831709749556,0.00720987833191766,0.0159825568556972));
#11254=CARTESIAN_POINT('',(-0.0784151004640777,0.00747056259228612,0.016001640219468));
#11255=CARTESIAN_POINT('',(-0.0805628427327265,-7.17614064185745E-6,0.0123544765389472));
#11256=CARTESIAN_POINT('',(-0.0100087179515087,6.99475978597694E-5,0.0734300518871703));
#11257=CARTESIAN_POINT('',(-0.0102851590441554,-0.000299987571138157,0.0780509371338489));
#11258=CARTESIAN_POINT('',(-0.0101804611962058,-0.00035988140664231,0.078050389129381));
#11259=CARTESIAN_POINT('',(-0.0101221936094169,-0.000379402665409858,0.0780500841479652));
#11260=CARTESIAN_POINT('',(-0.0100025451122394,-0.000394671082165157,0.0780494578895241));
#11261=CARTESIAN_POINT('',(-0.00994124244522322,-0.000390408255469054,0.0780491370220367));
#11262=CARTESIAN_POINT('',(-0.00982485869789674,-0.000358726775433032,0.0780485278517931));
#11263=CARTESIAN_POINT('',(-0.00976985372599647,-0.000331328839995147,0.0780482399474));
#11264=CARTESIAN_POINT('',(-0.00967445309903013,-0.000257520681309947,0.0780477406060017));
#11265=CARTESIAN_POINT('',(-0.0096341198305963,-0.000211158724437805,0.0780475294955372));
#11266=CARTESIAN_POINT('',(-0.0095742262046369,-0.000106460510190597,0.0780472160031848));
#11267=CARTESIAN_POINT('',(-0.00955470501416653,-4.81927195458288E-5,0.0780471138263035));
#11268=CARTESIAN_POINT('',(-0.00953943665082937,7.14561962359323E-5,0.0780470339093663));
#11269=CARTESIAN_POINT('',(-0.00954369946261152,0.000132759077726527,0.0780470562215719));
#11270=CARTESIAN_POINT('',(-0.00957538083180662,0.000249143232235159,0.0780472220466792));
#11271=CARTESIAN_POINT('',(-0.00960277867138996,0.000304148396576657,0.0780473654511407));
#11272=CARTESIAN_POINT('',(-0.00967658657184966,0.000399549357313192,0.0780477517729229));
#11273=CARTESIAN_POINT('',(-0.00972294836651969,0.000439882766857665,0.0780479944376111));
#11274=CARTESIAN_POINT('',(-0.00982764621446926,0.000499776602361822,0.078048542442079));
#11275=CARTESIAN_POINT('',(-0.00988591380125819,0.00051929786112938,0.0780488474234948));
#11276=CARTESIAN_POINT('',(-0.0100055622984357,0.000534566277884656,0.0780494736819358));
#11277=CARTESIAN_POINT('',(-0.0100668649654519,0.000530303451188566,0.0780497945494233));
#11278=CARTESIAN_POINT('',(-0.0101832487127783,0.00049862197115254,0.0780504037196669));
#11279=CARTESIAN_POINT('',(-0.0102382536846786,0.000471224035714651,0.0780506916240599));
#11280=CARTESIAN_POINT('',(-0.0103336543116449,0.000397415877029451,0.0780511909654583));
#11281=CARTESIAN_POINT('',(-0.0103739875800788,0.000351053920157314,0.0780514020759229));
#11282=CARTESIAN_POINT('',(-0.0104338812060382,0.000246355705910099,0.0780517155682751));
#11283=CARTESIAN_POINT('',(-0.0104534023965085,0.000188087915265329,0.0780518177451565));
#11284=CARTESIAN_POINT('',(-0.0104686707598457,6.84389994835724E-5,0.0780518976620937));
#11285=CARTESIAN_POINT('',(-0.0104644079480636,7.13611799298056E-6,0.078051875349888));
#11286=CARTESIAN_POINT('',(-0.0104327265788684,-0.000109248036515646,0.0780517095247809));
#11287=CARTESIAN_POINT('',(-0.0104053287392851,-0.000164253200857146,0.0780515661203194));
#11288=CARTESIAN_POINT('',(-0.0103315208388254,-0.000259654161593678,0.0780511797985371));
#11289=CARTESIAN_POINT('',(-0.0102851590441554,-0.000299987571138157,0.0780509371338489));
#11290=CARTESIAN_POINT('',(-0.0101804611962058,-0.00035988140664231,0.078050389129381));
#11291=CARTESIAN_POINT('',(-0.010327918298162,-0.000356165215004229,0.0779810082608606));
#11292=CARTESIAN_POINT('',(-0.0102073211846874,-0.000425154413271112,0.0779804488468532));
#11293=CARTESIAN_POINT('',(-0.0101402051654617,-0.000447640132881436,0.0779801375156762));
#11294=CARTESIAN_POINT('',(-0.0100023870185392,-0.000465227182064145,0.0779794982184356));
#11295=CARTESIAN_POINT('',(-0.00993177501614158,-0.000460317010697772,0.0779791706704364));
#11296=CARTESIAN_POINT('',(-0.00979771739931558,-0.000423824441985225,0.0779785488171723));
#11297=CARTESIAN_POINT('',(-0.00973435945101164,-0.000392265908721876,0.0779782549185643));
#11298=CARTESIAN_POINT('',(-0.00962447142120849,-0.00030724938489459,0.0779777451807992));
#11299=CARTESIAN_POINT('',(-0.00957801320028633,-0.000253846990344806,0.0779775296749816));
#11300=CARTESIAN_POINT('',(-0.00950902421390613,-0.000133249506478748,0.0779772096556689));
#11301=CARTESIAN_POINT('',(-0.00948653856335628,-6.61332811188534E-5,0.0779771053514489));
#11302=CARTESIAN_POINT('',(-0.00946895156818872,7.16852890862874E-5,0.0779770237706284));
#11303=CARTESIAN_POINT('',(-0.00947386172447447,0.000142297508355375,0.0779770465473776));
#11304=CARTESIAN_POINT('',(-0.0095103541811073,0.000276355536914286,0.0779772158249899));
#11305=CARTESIAN_POINT('',(-0.00954191261744482,0.000339713679810225,0.0779773622151548));
#11306=CARTESIAN_POINT('',(-0.00962692888016062,0.00044960204711385,0.0779777565802175));
#11307=CARTESIAN_POINT('',(-0.00968033111069549,0.000496060410723738,0.0779780042972228));
#11308=CARTESIAN_POINT('',(-0.00980092822417008,0.000565049608990623,0.0779785637112302));
#11309=CARTESIAN_POINT('',(-0.0098680442433958,0.000587535328600957,0.0779788750424073));
#11310=CARTESIAN_POINT('',(-0.0100058623903182,0.000605122377783644,0.0779795143396478));
#11311=CARTESIAN_POINT('',(-0.0100764743927159,0.000600212206417284,0.077979841887647));
#11312=CARTESIAN_POINT('',(-0.0102105320095419,0.000563719637704733,0.0779804637409112));
#11313=CARTESIAN_POINT('',(-0.0102738899578458,0.000532161104441381,0.0779807576395191));
#11314=CARTESIAN_POINT('',(-0.010383777987649,0.000447144580614093,0.0779812673772842));
#11315=CARTESIAN_POINT('',(-0.0104302362085711,0.000393742186064314,0.0779814828831019));
#11316=CARTESIAN_POINT('',(-0.0104992251949514,0.000273144702198251,0.0779818029024144));
#11317=CARTESIAN_POINT('',(-0.0105217108455012,0.000206028476838353,0.0779819072066346));
#11318=CARTESIAN_POINT('',(-0.0105392978406688,6.82099066332174E-5,0.077981988787455));
#11319=CARTESIAN_POINT('',(-0.010534387684383,-2.40231263586792E-6,0.0779819660107057));
#11320=CARTESIAN_POINT('',(-0.0104978952277502,-0.000136460341194772,0.0779817967330936));
#11321=CARTESIAN_POINT('',(-0.0104663367914127,-0.000199818484090714,0.0779816503429286));
#11322=CARTESIAN_POINT('',(-0.0103813205286968,-0.000309706851394336,0.0779812559778658));
#11323=CARTESIAN_POINT('',(-0.010327918298162,-0.000356165215004229,0.0779810082608606));
#11324=CARTESIAN_POINT('',(-0.0102073211846874,-0.000425154413271112,0.0779804488468532));
#11325=CARTESIAN_POINT('',(-0.0130595839361539,-0.00394506176938623,0.0735136174262103));
#11326=CARTESIAN_POINT('',(-0.0119232657042215,-0.00459510623864012,0.0735123291162553));
#11327=CARTESIAN_POINT('',(-0.0112908695041507,-0.00480697589413788,0.0735116121319659));
#11328=CARTESIAN_POINT('',(-0.00999228723690491,-0.00497268827142176,0.0735101398538529));
#11329=CARTESIAN_POINT('',(-0.00932695036933095,-0.00492642262665442,0.0735093855228162));
#11330=CARTESIAN_POINT('',(-0.00806380144528236,-0.00458257470471329,0.0735079534175416));
#11331=CARTESIAN_POINT('',(-0.00746681541699968,-0.00428521728469756,0.0735072765798199));
#11332=CARTESIAN_POINT('',(-0.00643140280936115,-0.00348415679265775,0.0735061026724299));
#11333=CARTESIAN_POINT('',(-0.00599365333148398,-0.00298097756903931,0.0735056063704307));
#11334=CARTESIAN_POINT('',(-0.00534360922372984,-0.00184465870518245,0.0735048693776837));
#11335=CARTESIAN_POINT('',(-0.00513173968605607,-0.00121226215342621,0.0735046291688876));
#11336=CARTESIAN_POINT('',(-0.00496602740092739,8.63208359816514E-5,0.0735044412912485));
#11337=CARTESIAN_POINT('',(-0.00501229301996568,0.000751658073559851,0.0735044937452671));
#11338=CARTESIAN_POINT('',(-0.0053561407506877,0.00201480770006548,0.0735048835854034));
#11339=CARTESIAN_POINT('',(-0.00565349800533837,0.00261179406034144,0.0735052207165878));
#11340=CARTESIAN_POINT('',(-0.0064545580518961,0.00364720724378921,0.0735061289248727));
#11341=CARTESIAN_POINT('',(-0.00695773699568884,0.00408495696510576,0.0735066994080562));
#11342=CARTESIAN_POINT('',(-0.00809405522762124,0.00473500143435963,0.0735079877180112));
#11343=CARTESIAN_POINT('',(-0.00872645142769205,0.00494687108985739,0.0735087047023006));
#11344=CARTESIAN_POINT('',(-0.0100250336949378,0.00511258346714126,0.0735101769804137));
#11345=CARTESIAN_POINT('',(-0.0106903705625118,0.00506631782237394,0.0735109313114504));
#11346=CARTESIAN_POINT('',(-0.0119535194865604,0.0047224699004328,0.0735123634167249));
#11347=CARTESIAN_POINT('',(-0.0125505055148431,0.00442511248041706,0.0735130402544466));
#11348=CARTESIAN_POINT('',(-0.0135859181224816,0.00362405198837727,0.0735142141618367));
#11349=CARTESIAN_POINT('',(-0.0140236676003587,0.00312087276475883,0.0735147104638358));
#11350=CARTESIAN_POINT('',(-0.0146737117081129,0.00198455390090197,0.0735154474565828));
#11351=CARTESIAN_POINT('',(-0.0148855812457867,0.00135215734914572,0.073515687665379));
#11352=CARTESIAN_POINT('',(-0.0150512935309154,5.35743597378553E-5,0.073515875543018));
#11353=CARTESIAN_POINT('',(-0.0150050279118771,-0.000611762877840347,0.0735158230889995));
#11354=CARTESIAN_POINT('',(-0.014661180181155,-0.00187491250434597,0.0735154332488631));
#11355=CARTESIAN_POINT('',(-0.0143638229265044,-0.00247189886462192,0.0735150961176788));
#11356=CARTESIAN_POINT('',(-0.0135627628799466,-0.0035073120480697,0.0735141879093939));
#11357=CARTESIAN_POINT('',(-0.0130595839361539,-0.00394506176938623,0.0735136174262103));
#11358=CARTESIAN_POINT('',(-0.0119232657042215,-0.00459510623864012,0.0735123291162553));
#11359=CARTESIAN_POINT('',(-0.0142819834072482,-0.00555106551628463,0.0715144942108734));
#11360=CARTESIAN_POINT('',(-0.0126911377468071,-0.00646112777324007,0.0715128797255591));
#11361=CARTESIAN_POINT('',(-0.0118057829911668,-0.00675774529093693,0.0715119812146058));
#11362=CARTESIAN_POINT('',(-0.00998776766190412,-0.00698974261913437,0.0715101361839261));
#11363=CARTESIAN_POINT('',(-0.00905629596782463,-0.0069249707164601,0.0715091908707458));
#11364=CARTESIAN_POINT('',(-0.00728788732327062,-0.00644358362574251,0.0715073961838964));
#11365=CARTESIAN_POINT('',(-0.00645210681236357,-0.00602728323772049,0.0715065479838514));
#11366=CARTESIAN_POINT('',(-0.00500252903798729,-0.00490579854886476,0.0715050768656362));
#11367=CARTESIAN_POINT('',(-0.00438967971666909,-0.00420134763579894,0.0715044549094944));
#11368=CARTESIAN_POINT('',(-0.00347961788816408,-0.00261050122639933,0.071503531324326));
#11369=CARTESIAN_POINT('',(-0.00318300051011251,-0.00172514605394058,0.071503230299272));
#11370=CARTESIAN_POINT('',(-0.00295100329113766,9.28701312303993E-5,0.07150299485462));
#11371=CARTESIAN_POINT('',(-0.0030157751633178,0.0010243422638399,0.0715030605889895));
#11372=CARTESIAN_POINT('',(-0.003497162027402,0.00279275174094776,0.0715035491291677));
#11373=CARTESIAN_POINT('',(-0.00391346221943293,0.00362853264533411,0.0715039716154988));
#11374=CARTESIAN_POINT('',(-0.00503494638030216,0.005078111102161,0.0715051097646938));
#11375=CARTESIAN_POINT('',(-0.00573939696171784,0.00569096071200416,0.0715058246832724));
#11376=CARTESIAN_POINT('',(-0.00733024262215895,0.00660102296895959,0.0715074391685867));
#11377=CARTESIAN_POINT('',(-0.00821559737779921,0.00689764048665645,0.0715083376795399));
#11378=CARTESIAN_POINT('',(-0.0100336127070619,0.00712963781485388,0.0715101827102197));
#11379=CARTESIAN_POINT('',(-0.0109650844011413,0.00706486591217961,0.0715111280234));
#11380=CARTESIAN_POINT('',(-0.0127334930456954,0.00658347882146202,0.0715129227102494));
#11381=CARTESIAN_POINT('',(-0.0135692735566024,0.00616717843343999,0.0715137709102944));
#11382=CARTESIAN_POINT('',(-0.0150188513309787,0.00504569374458427,0.0715152420285096));
#11383=CARTESIAN_POINT('',(-0.0156317006522969,0.00434124283151846,0.0715158639846514));
#11384=CARTESIAN_POINT('',(-0.0165417624808019,0.00275039642211887,0.0715167875698198));
#11385=CARTESIAN_POINT('',(-0.0168383798588535,0.0018650412496601,0.0715170885948737));
#11386=CARTESIAN_POINT('',(-0.0170703770778283,4.70250644891083E-5,0.0715173240395258));
#11387=CARTESIAN_POINT('',(-0.0170056052056482,-0.000884447068120396,0.0715172583051563));
#11388=CARTESIAN_POINT('',(-0.016524218341564,-0.00265285654522824,0.0715167697649781));
#11389=CARTESIAN_POINT('',(-0.0161079181495331,-0.0034886374496146,0.071516347278647));
#11390=CARTESIAN_POINT('',(-0.0149864339886638,-0.00493821590644148,0.071515209129452));
#11391=CARTESIAN_POINT('',(-0.0142819834072482,-0.00555106551628463,0.0715144942108734));
#11392=CARTESIAN_POINT('',(-0.0126911377468071,-0.00646112777324007,0.0715128797255591));
#11393=CARTESIAN_POINT('',(-0.0151771933023849,-0.00672720349723696,0.0700504598045389));
#11394=CARTESIAN_POINT('',(-0.0132534798182627,-0.00782768672701368,0.0700486064485313));
#11395=CARTESIAN_POINT('',(-0.0121828738355399,-0.00818636834619808,0.0700475749986579));
#11396=CARTESIAN_POINT('',(-0.00998445780423632,-0.00846690867965659,0.0700454569870141));
#11397=CARTESIAN_POINT('',(-0.00885808539581427,-0.0083885839363668,0.0700443718103039));
#11398=CARTESIAN_POINT('',(-0.00671965572940435,-0.00780647165084252,0.0700423115910969));
#11399=CARTESIAN_POINT('',(-0.00570899688387399,-0.00730306477722882,0.0700413378958671));
#11400=CARTESIAN_POINT('',(-0.0039561101141554,-0.0059469211913318,0.070039649118795));
#11401=CARTESIAN_POINT('',(-0.00321502847910349,-0.00509507132050721,0.0700389351413177));
#11402=CARTESIAN_POINT('',(-0.00211454572680776,-0.00317135700171806,0.0700378749073811));
#11403=CARTESIAN_POINT('',(-0.00175586426324922,-0.00210075055447734,0.070037529344255));
#11404=CARTESIAN_POINT('',(-0.00147532405151239,9.76664306820034E-5,0.0700372590644597));
#11405=CARTESIAN_POINT('',(-0.0015536487608184,0.0012240393278181,0.0700373345245382));
#11406=CARTESIAN_POINT('',(-0.00213576079377406,0.00336246992205675,0.0700378953465328));
#11407=CARTESIAN_POINT('',(-0.00263916744896805,0.00437312920609498,0.0700383803417031));
#11408=CARTESIAN_POINT('',(-0.00399531044645743,0.00612601673636171,0.0700396868854229));
#11409=CARTESIAN_POINT('',(-0.00484715994767886,0.00686709869295649,0.0700405075795666));
#11410=CARTESIAN_POINT('',(-0.00677087343180103,0.0079675819227332,0.0700423609355742));
#11411=CARTESIAN_POINT('',(-0.00784147941452381,0.00832626354191759,0.0700433923854477));
#11412=CARTESIAN_POINT('',(-0.0100398954458273,0.0086068038753761,0.0700455103970915));
#11413=CARTESIAN_POINT('',(-0.0111662678542494,0.00852847913208631,0.0700465955738016));
#11414=CARTESIAN_POINT('',(-0.0133046975206593,0.00794636684656203,0.0700486557930086));
#11415=CARTESIAN_POINT('',(-0.0143153563661897,0.00744295997294832,0.0700496294882384));
#11416=CARTESIAN_POINT('',(-0.0160682431359082,0.00608681638705132,0.0700513182653105));
#11417=CARTESIAN_POINT('',(-0.0168093247709602,0.00523496651622674,0.0700520322427878));
#11418=CARTESIAN_POINT('',(-0.0179098075232559,0.00331125219743759,0.0700530924767244));
#11419=CARTESIAN_POINT('',(-0.0182684889868144,0.00224064575019686,0.0700534380398505));
#11420=CARTESIAN_POINT('',(-0.0185490291985512,4.22287650375048E-5,0.0700537083196458));
#11421=CARTESIAN_POINT('',(-0.0184707044892452,-0.0010841441320986,0.0700536328595673));
#11422=CARTESIAN_POINT('',(-0.0178885924562896,-0.00322257472633723,0.0700530720375726));
#11423=CARTESIAN_POINT('',(-0.0173851858010956,-0.00423323401037547,0.0700525870424024));
#11424=CARTESIAN_POINT('',(-0.0160290428036063,-0.00598612154064219,0.0700512804986826));
#11425=CARTESIAN_POINT('',(-0.0151771933023849,-0.00672720349723696,0.0700504598045389));
#11426=CARTESIAN_POINT('',(-0.0132534798182627,-0.00782768672701368,0.0700486064485313));
#11427=CARTESIAN_POINT('',(-0.00616735615106231,-0.00747056259228615,0.0700417930639749));
#11428=CARTESIAN_POINT('',(-0.00623027758111102,-0.00720765103601045,0.0703047684766807));
#11429=CARTESIAN_POINT('',(-0.00609318781535999,-0.00661450215152836,0.0707715775269087));
#11430=CARTESIAN_POINT('',(-0.00535146362236927,-0.00544295564045844,0.0713435978579394));
#11431=CARTESIAN_POINT('',(-0.00469660927881245,-0.00454614558452725,0.07150478249184));
#11432=CARTESIAN_POINT('',(-0.00426976022911655,-0.00393489795123996,0.0715043332062938));
#11433=CARTESIAN_POINT('',(-0.00417430136630371,0.00393444758425652,0.0715042362967902));
#11434=CARTESIAN_POINT('',(-0.00457990519916565,0.00454750489675464,0.0715047192892505));
#11435=CARTESIAN_POINT('',(-0.00519179893028558,0.00543268819831867,0.0713482910166144));
#11436=CARTESIAN_POINT('',(-0.00587038428738871,0.00662531828383228,0.0707654925887689));
#11437=CARTESIAN_POINT('',(-0.00597011499141391,0.00721239071305127,0.0702997647710853));
#11438=CARTESIAN_POINT('',(-0.00590346685894256,0.00747056259228611,0.0700415252533398));
#11439=CARTESIAN_POINT('',(-0.0686156099548451,-0.0448201868735318,0.0679378248949063));
#11440=CARTESIAN_POINT('',(-0.0604017053357092,-0.0413771672458106,0.0700179927548207));
#11441=CARTESIAN_POINT('',(-0.0607738960654843,-0.0414059297702896,0.0700416183826624));
#11442=CARTESIAN_POINT('',(-0.0615081672297232,-0.0412256318434663,0.0699796925606594));
#11443=CARTESIAN_POINT('',(-0.0627015070863677,-0.0404433089035607,0.0695521029117368));
#11444=CARTESIAN_POINT('',(-0.0634161871994676,-0.0397842847388137,0.0690113052154525));
#11445=CARTESIAN_POINT('',(-0.0638320550486997,-0.0393680290104872,0.0685635861084163));
#11446=CARTESIAN_POINT('',(-0.0696781560258233,-0.0393142669694524,0.0632949979697548));
#11447=CARTESIAN_POINT('',(-0.0701713036217897,-0.0397226295567174,0.0629235820878801));
#11448=CARTESIAN_POINT('',(-0.0707867146837069,-0.04036574073815,0.0622672195390355));
#11449=CARTESIAN_POINT('',(-0.0713466100430716,-0.0411357482291544,0.0611131693528504));
#11450=CARTESIAN_POINT('',(-0.0714856535098392,-0.0413073707190634,0.0603874595464866));
#11451=CARTESIAN_POINT('',(-0.0715003950610165,-0.0412751012338177,0.0600156980167971));
#11452=CARTESIAN_POINT('',(-0.0672894309542252,-0.0450808814947518,0.0664636174560492));
#11453=CARTESIAN_POINT('',(-0.0561644346124025,-0.010253048327205,0.00807790514499347));
#11454=CARTESIAN_POINT('',(-0.0432596908229234,-0.048377415531492,0.0550819280359473));
#11455=CARTESIAN_POINT('',(-0.041271422908881,-0.0485714152601672,0.0549862472789282));
#11456=CARTESIAN_POINT('',(-0.0447694762913472,-0.0449421980511803,0.0473545949966261));
#11457=CARTESIAN_POINT('',(-0.04450186092541,-0.0450092065184696,0.0476071880956246));
#11458=CARTESIAN_POINT('',(-0.0439959123086491,-0.0448872179326304,0.0481591220360587));
#11459=CARTESIAN_POINT('',(-0.0432897297189126,-0.0441414799855977,0.0492380581638871));
#11460=CARTESIAN_POINT('',(-0.0430200765370871,-0.0434468489598152,0.0500640833218812));
#11461=CARTESIAN_POINT('',(-0.042947237256154,-0.0429813637868152,0.0506338949495839));
#11462=CARTESIAN_POINT('',(-0.0425034935557655,-0.0422940002666048,0.0584613102883834));
#11463=CARTESIAN_POINT('',(-0.0425073814043092,-0.0426530777418261,0.059108575738424));
#11464=CARTESIAN_POINT('',(-0.0426742049017493,-0.0431880876355932,0.0600620267841587));
#11465=CARTESIAN_POINT('',(-0.0432492510640765,-0.043731029152125,0.061331972689579));
#11466=CARTESIAN_POINT('',(-0.0436891753207764,-0.0437495798744395,0.0619496818499565));
#11467=CARTESIAN_POINT('',(-0.0439270389698838,-0.0436372540433426,0.0622147649691248));
#11468=CARTESIAN_POINT('',(-0.058604965777887,-0.0484120121560044,0.0393650155010332));
#11469=CARTESIAN_POINT('',(-0.0654690574811076,-0.0434391488638897,0.0428007959570973));
#11470=CARTESIAN_POINT('',(-0.0652308136941024,-0.0435516542066752,0.0425352891996806));
#11471=CARTESIAN_POINT('',(-0.0646615715695634,-0.0435335901817074,0.0420341570942106));
#11472=CARTESIAN_POINT('',(-0.0634579728523051,-0.0429994259908933,0.0413377801498112));
#11473=CARTESIAN_POINT('',(-0.0625160791481214,-0.0424686677029866,0.0410757218510976));
#11474=CARTESIAN_POINT('',(-0.0618698185699233,-0.0421159032470392,0.0410081067501068));
#11475=CARTESIAN_POINT('',(-0.0540459269814612,-0.0428792977748219,0.0406316002115603));
#11476=CARTESIAN_POINT('',(-0.0534757451229149,-0.0433512234287384,0.0406407181474125));
#11477=CARTESIAN_POINT('',(-0.0526383301429183,-0.0440522330892841,0.0408152351077289));
#11478=CARTESIAN_POINT('',(-0.0514947593489001,-0.0448188893915492,0.0414006496063032));
#11479=CARTESIAN_POINT('',(-0.0508947539377646,-0.0449503130658153,0.0418458050984585));
#11480=CARTESIAN_POINT('',(-0.0506155772684707,-0.0448884360101453,0.0420860068579646));
#11481=CARTESIAN_POINT('',(-0.0584921981926558,-0.0482373340157126,0.0413541788977972));
#11482=CARTESIAN_POINT('',(-0.0100087179515087,0.0115683406838906,0.0453327384745607));
#11483=CARTESIAN_POINT('',(-0.0100087179515087,-0.0116672615254393,0.0454316593161094));
#11484=CARTESIAN_POINT('',(-0.05617443081118,0.0102631969226262,0.00807965728626144));
#11485=CARTESIAN_POINT('',(-0.0097183059336654,0.0145776396217651,0.0418202589989703));
#11486=CARTESIAN_POINT('',(-0.00981978954229929,0.0145311487917046,0.0417768174089549));
#11487=CARTESIAN_POINT('',(-0.00987681872653713,0.0145149557950012,0.0417623379468278));
#11488=CARTESIAN_POINT('',(-0.00999491327025452,0.0144990991034424,0.0417500295978699));
#11489=CARTESIAN_POINT('',(-0.0100559014025626,0.0144994457779692,0.0417522087600054));
#11490=CARTESIAN_POINT('',(-0.0101726280576128,0.0145166372624603,0.0417729074866582));
#11491=CARTESIAN_POINT('',(-0.0102282902477054,0.0145334708301633,0.0417914135153753));
#11492=CARTESIAN_POINT('',(-0.0103258784389874,0.0145810932430321,0.0418419681241406));
#11493=CARTESIAN_POINT('',(-0.0103677406230018,0.0146118509458248,0.0418739836443245));
#11494=CARTESIAN_POINT('',(-0.0104313334330317,0.0146826542064107,0.0419466976542967));
#11495=CARTESIAN_POINT('',(-0.0104530224729338,0.0147226534628618,0.0419873485932205));
#11496=CARTESIAN_POINT('',(-0.0104729384728543,0.0148058584165739,0.0420711519555358));
#11497=CARTESIAN_POINT('',(-0.0104711524089311,0.0148490097024832,0.0421142495762502));
#11498=CARTESIAN_POINT('',(-0.010444359568293,0.014931949149373,0.042196383988675));
#11499=CARTESIAN_POINT('',(-0.010419370312586,0.0149716830726285,0.0422353670691075));
#11500=CARTESIAN_POINT('',(-0.010349947598499,0.0150417302337548,0.0423033283118998));
#11501=CARTESIAN_POINT('',(-0.010305559538661,0.01507199766473,0.0423322620314373));
#11502=CARTESIAN_POINT('',(-0.0102040759300271,0.0151184884947904,0.0423757036214526));
#11503=CARTESIAN_POINT('',(-0.0101470467457893,0.0151346814914938,0.0423901830835798));
#11504=CARTESIAN_POINT('',(-0.0100289522020719,0.0151505381830526,0.0424024914325377));
#11505=CARTESIAN_POINT('',(-0.00996796406976379,0.0151501915085259,0.0424003122704021));
#11506=CARTESIAN_POINT('',(-0.00985123741471357,0.0151330000240347,0.0423796135437495));
#11507=CARTESIAN_POINT('',(-0.00979557522462095,0.0151161664563317,0.0423611075150322));
#11508=CARTESIAN_POINT('',(-0.00969798703333902,0.0150685440434628,0.042310552906267));
#11509=CARTESIAN_POINT('',(-0.00965612484932461,0.0150377863406702,0.0422785373860831));
#11510=CARTESIAN_POINT('',(-0.00959253203929464,0.0149669830800843,0.0422058233761108));
#11511=CARTESIAN_POINT('',(-0.00957084299939257,0.0149269838236332,0.0421651724371871));
#11512=CARTESIAN_POINT('',(-0.00955092699947206,0.0148437788699212,0.0420813690748718));
#11513=CARTESIAN_POINT('',(-0.00955271306339528,0.0148006275840119,0.0420382714541574));
#11514=CARTESIAN_POINT('',(-0.00957950590403344,0.014717688137122,0.0419561370417326));
#11515=CARTESIAN_POINT('',(-0.00960449515974041,0.0146779542138665,0.0419171539613002));
#11516=CARTESIAN_POINT('',(-0.00967391787382738,0.0146079070527402,0.0418491927185077));
#11517=CARTESIAN_POINT('',(-0.0097183059336654,0.0145776396217651,0.0418202589989703));
#11518=CARTESIAN_POINT('',(-0.00981978954229929,0.0145311487917046,0.0417768174089549));
#11519=CARTESIAN_POINT('',(-0.00679904993761077,0.00886549205117249,0.0425352617761086));
#11520=CARTESIAN_POINT('',(-0.00790836325225501,0.00837294793099182,0.0420447440901157));
#11521=CARTESIAN_POINT('',(-0.00853174701096108,0.00820473643083455,0.0418776713540426));
#11522=CARTESIAN_POINT('',(-0.00982263380043086,0.00804961969275228,0.0417249127388532));
#11523=CARTESIAN_POINT('',(-0.010489292664004,0.0080628158924298,0.0417393267552602));
#11524=CARTESIAN_POINT('',(-0.0117652271165208,0.00826874165368209,0.0419475833252766));
#11525=CARTESIAN_POINT('',(-0.0123736683162593,0.00846133655141735,0.042141289690829));
#11526=CARTESIAN_POINT('',(-0.0134404009778024,0.00899695448157539,0.0426788562711168));
#11527=CARTESIAN_POINT('',(-0.0138979948565792,0.00933962725006504,0.0430223649476117));
#11528=CARTESIAN_POINT('',(-0.0145931253493842,0.0101233943746512,0.0438074018993756));
#11529=CARTESIAN_POINT('',(-0.0148302073872546,0.0105639761912289,0.0442484168047305));
#11530=CARTESIAN_POINT('',(-0.0150479083951651,0.0114765710703916,0.0451614093684421));
#11531=CARTESIAN_POINT('',(-0.0150283850010177,0.0119479873473677,0.0456327899811267));
#11532=CARTESIAN_POINT('',(-0.0147355135190437,0.0128504756834473,0.0465347433152589));
#11533=CARTESIAN_POINT('',(-0.0144623569526574,0.0132809575660516,0.0469647262100682));
#11534=CARTESIAN_POINT('',(-0.0137035000090431,0.014035943690957,0.0477183260957265));
#11535=CARTESIAN_POINT('',(-0.0132182958814794,0.014359954214891,0.0480414502747305));
#11536=CARTESIAN_POINT('',(-0.0121089825668352,0.0148524983350716,0.0485319679607234));
#11537=CARTESIAN_POINT('',(-0.0114855988081291,0.0150207098352289,0.0486990406967966));
#11538=CARTESIAN_POINT('',(-0.0101947120186593,0.0151758265733112,0.0488517993119859));
#11539=CARTESIAN_POINT('',(-0.00952805315508618,0.0151626303736336,0.048837385295579));
#11540=CARTESIAN_POINT('',(-0.00825211870256936,0.0149567046123814,0.0486291287255626));
#11541=CARTESIAN_POINT('',(-0.00764367750283083,0.0147641097146461,0.0484354223600101));
#11542=CARTESIAN_POINT('',(-0.00657694484128775,0.0142284917844881,0.0478978557797223));
#11543=CARTESIAN_POINT('',(-0.00611935096251096,0.0138858190159984,0.0475543471032274));
#11544=CARTESIAN_POINT('',(-0.00542422046970598,0.0131020518914123,0.0467693101514635));
#11545=CARTESIAN_POINT('',(-0.00518713843183557,0.0126614700748345,0.0463282952461087));
#11546=CARTESIAN_POINT('',(-0.00496943742392506,0.0117488751956719,0.0454153026823971));
#11547=CARTESIAN_POINT('',(-0.00498896081807247,0.0112774589186958,0.0449439220697124));
#11548=CARTESIAN_POINT('',(-0.00528183230004645,0.0103749705826161,0.0440419687355803));
#11549=CARTESIAN_POINT('',(-0.00555498886643279,0.00994448870001188,0.043611985840771));
#11550=CARTESIAN_POINT('',(-0.00631384581004706,0.00918950257510646,0.0428583859551126));
#11551=CARTESIAN_POINT('',(-0.00679904993761077,0.00886549205117249,0.0425352617761086));
#11552=CARTESIAN_POINT('',(-0.00790836325225501,0.00837294793099182,0.0420447440901157));
#11553=CARTESIAN_POINT('',(-0.0055137673719103,0.00635056232417587,0.0428500613706373));
#11554=CARTESIAN_POINT('',(-0.0070668053725981,0.00566163100193422,0.0421627061642358));
#11555=CARTESIAN_POINT('',(-0.00793954227523965,0.00542648918377225,0.0419284500516752));
#11556=CARTESIAN_POINT('',(-0.00974678303595808,0.00521005938848049,0.0417138543523866));
#11557=CARTESIAN_POINT('',(-0.0106801050604538,0.00522891294423644,0.041733655099149));
#11558=CARTESIAN_POINT('',(-0.012466412558062,0.00551793415028665,0.0420244891568751));
#11559=CARTESIAN_POINT('',(-0.0133182298867674,0.00578791279700456,0.0422953322787597));
#11560=CARTESIAN_POINT('',(-0.0148116549976726,0.00653838414575949,0.0430473192446292));
#11561=CARTESIAN_POINT('',(-0.0154522861640355,0.00701838608183896,0.0435279713315282));
#11562=CARTESIAN_POINT('',(-0.0164254684530347,0.00811605511349058,0.0446266280067664));
#11563=CARTESIAN_POINT('',(-0.0167573831693125,0.00873300439539174,0.0452439141355712));
#11564=CARTESIAN_POINT('',(-0.0170621644548246,0.0100107609502656,0.0465219800007206));
#11565=CARTESIAN_POINT('',(-0.0170348317142785,0.0106707326424783,0.0471819239540336));
#11566=CARTESIAN_POINT('',(-0.0166248118084334,0.0119340498679868,0.048444825066821));
#11567=CARTESIAN_POINT('',(-0.0162423927730399,0.0125365692630301,0.0490469563601572));
#11568=CARTESIAN_POINT('',(-0.015179993489663,0.0135931185635885,0.0501024274743878));
#11569=CARTESIAN_POINT('',(-0.0145007079909231,0.014046457545419,0.0505550770766705));
#11570=CARTESIAN_POINT('',(-0.0129476699902353,0.0147353888676606,0.051242432283072));
#11571=CARTESIAN_POINT('',(-0.0120749330875938,0.0149705306858226,0.0514766883956325));
#11572=CARTESIAN_POINT('',(-0.0102676923268754,0.0151869604811143,0.0516912840949211));
#11573=CARTESIAN_POINT('',(-0.00933437030237966,0.0151681069253584,0.0516714833481588));
#11574=CARTESIAN_POINT('',(-0.00754806280477139,0.0148790857193082,0.0513806492904327));
#11575=CARTESIAN_POINT('',(-0.00669624547606601,0.0146091070725903,0.051109806168548));
#11576=CARTESIAN_POINT('',(-0.00520282036516079,0.0138586357238353,0.0503578192026786));
#11577=CARTESIAN_POINT('',(-0.00456218919879792,0.0133786337877559,0.0498771671157796));
#11578=CARTESIAN_POINT('',(-0.00358900690979878,0.0122809647561043,0.0487785104405414));
#11579=CARTESIAN_POINT('',(-0.00325709219352099,0.0116640154742031,0.0481612243117366));
#11580=CARTESIAN_POINT('',(-0.00295231090800891,0.0103862589193292,0.0468831584465871));
#11581=CARTESIAN_POINT('',(-0.00297964364855488,0.00972628722711653,0.0462232144932742));
#11582=CARTESIAN_POINT('',(-0.0033896635544,0.00846297000160803,0.0449603133804867));
#11583=CARTESIAN_POINT('',(-0.00377208258979352,0.00786045060656477,0.0443581820871506));
#11584=CARTESIAN_POINT('',(-0.00483448187317045,0.00680390130600634,0.0433027109729201));
#11585=CARTESIAN_POINT('',(-0.0055137673719103,0.00635056232417587,0.0428500613706373));
#11586=CARTESIAN_POINT('',(-0.0070668053725981,0.00566163100193422,0.0421627061642358));
#11587=CARTESIAN_POINT('',(-0.00457329763997404,0.00451033251844594,0.0430804072091172));
#11588=CARTESIAN_POINT('',(-0.00645101882525749,0.00367770032901222,0.0422490216276108));
#11589=CARTESIAN_POINT('',(-0.00750621294835208,0.00339358411415953,0.0419656059498607));
#11590=CARTESIAN_POINT('',(-0.00969128135093212,0.0031322901963652,0.0417057626859832));
#11591=CARTESIAN_POINT('',(-0.0108197267188565,0.00315528336491645,0.0417295050227027));
#11592=CARTESIAN_POINT('',(-0.012979485482135,0.00350510734911034,0.0420807628578945));
#11593=CARTESIAN_POINT('',(-0.0140093865170053,0.00383170939958716,0.042408048653543));
#11594=CARTESIAN_POINT('',(-0.0158150319475351,0.00473939375533817,0.0433169317665563));
#11595=CARTESIAN_POINT('',(-0.0165895955528684,0.00531988248621036,0.0438979347255995));
#11596=CARTESIAN_POINT('',(-0.0177662345020678,0.00664724049853471,0.0452260739015241));
#11597=CARTESIAN_POINT('',(-0.0181675403903888,0.00739324176267029,0.0459723415902522));
#11598=CARTESIAN_POINT('',(-0.0185360402445007,0.00893819520672192,0.0475175396791653));
#11599=CARTESIAN_POINT('',(-0.0185029932321596,0.00973613707417465,0.0483154596069031));
#11600=CARTESIAN_POINT('',(-0.018007253228855,0.0112634807931345,0.0498424742070231));
#11601=CARTESIAN_POINT('',(-0.0175448844239087,0.0119918838479458,0.0505705702979348));
#11602=CARTESIAN_POINT('',(-0.0162603764847964,0.0132690936060074,0.0518469272788152));
#11603=CARTESIAN_POINT('',(-0.0154390773464142,0.0138170650860725,0.052394353503267));
#11604=CARTESIAN_POINT('',(-0.0135613561611308,0.0146496972755062,0.0532257390847735));
#11605=CARTESIAN_POINT('',(-0.0125061620380362,0.0149338134903589,0.0535091547625236));
#11606=CARTESIAN_POINT('',(-0.0103210936354562,0.0151951074081532,0.0537689980264011));
#11607=CARTESIAN_POINT('',(-0.0091926482675318,0.0151721142396019,0.0537452556896815));
#11608=CARTESIAN_POINT('',(-0.00703288950425336,0.0148222902554081,0.0533939978544897));
#11609=CARTESIAN_POINT('',(-0.00600298846938302,0.0144956882049312,0.0530667120588412));
#11610=CARTESIAN_POINT('',(-0.00419734303885327,0.0135880038491802,0.0521578289458278));
#11611=CARTESIAN_POINT('',(-0.00342277943352,0.0130075151183081,0.0515768259867848));
#11612=CARTESIAN_POINT('',(-0.00224614048432052,0.0116801571059837,0.0502486868108601));
#11613=CARTESIAN_POINT('',(-0.00184483459599958,0.0109341558418481,0.049502419122132));
#11614=CARTESIAN_POINT('',(-0.00147633474188757,0.00938920239779647,0.0479572210332189));
#11615=CARTESIAN_POINT('',(-0.00150938175422873,0.00859126053034374,0.0471593011054811));
#11616=CARTESIAN_POINT('',(-0.00200512175753336,0.00706391681138393,0.0456322865053611));
#11617=CARTESIAN_POINT('',(-0.00246749056247962,0.00633551375657257,0.0449041904144494));
#11618=CARTESIAN_POINT('',(-0.00375199850159194,0.00505830399851104,0.0436278334335691));
#11619=CARTESIAN_POINT('',(-0.00457329763997404,0.00451033251844594,0.0430804072091172));
#11620=CARTESIAN_POINT('',(-0.00645101882525749,0.00367770032901222,0.0422490216276108));
#11621=CARTESIAN_POINT('',(-0.00452184755703713,0.00440965944741275,0.0430930086912188));
#11622=CARTESIAN_POINT('',(-0.00641733111808707,0.0035691658443853,0.0422537436697973));
#11623=CARTESIAN_POINT('',(-0.00748250689057023,0.00328237039735112,0.041967638629891));
#11624=CARTESIAN_POINT('',(-0.00968824503173889,0.00301862210729443,0.0417053200168643));
#11625=CARTESIAN_POINT('',(-0.0108273649720195,0.00304184174078592,0.0417292779853298));
#11626=CARTESIAN_POINT('',(-0.0130075540563802,0.00339499204997684,0.0420838414116068));
#11627=CARTESIAN_POINT('',(-0.0140471974796983,0.0037246917852814,0.0424142150049247));
#11628=CARTESIAN_POINT('',(-0.0158699234826205,0.00464097676046123,0.0433316814029805));
#11629=CARTESIAN_POINT('',(-0.016651814102167,0.00522696280161422,0.0439181742364122));
#11630=CARTESIAN_POINT('',(-0.0178395835127582,0.00656688636145595,0.0452588676639964));
#11631=CARTESIAN_POINT('',(-0.0182446855695633,0.00731994764566837,0.0460121915202225));
#11632=CARTESIAN_POINT('',(-0.0186166712622172,0.0088795185746234,0.0475720035564016));
#11633=CARTESIAN_POINT('',(-0.0185833116403919,0.00968500834789157,0.0483774717072097));
#11634=CARTESIAN_POINT('',(-0.0180828821654605,0.0112267961095721,0.0499189351092066));
#11635=CARTESIAN_POINT('',(-0.017616139565022,0.011962085855699,0.0506539223302231));
#11636=CARTESIAN_POINT('',(-0.0163194807736593,0.0132513672397299,0.0519423632684843));
#11637=CARTESIAN_POINT('',(-0.0154904125244918,0.0138045157602859,0.0524949744179853));
#11638=CARTESIAN_POINT('',(-0.0135949289634418,0.0146450093633133,0.0533342394394067));
#11639=CARTESIAN_POINT('',(-0.0125297531909587,0.0149318048103475,0.053620344479313));
#11640=CARTESIAN_POINT('',(-0.01032401504979,0.0151955531004042,0.0538826630923397));
#11641=CARTESIAN_POINT('',(-0.00918489510950948,0.0151723334669127,0.0538587051238743));
#11642=CARTESIAN_POINT('',(-0.00700470602514875,0.0148191831577218,0.0535041416975971));
#11643=CARTESIAN_POINT('',(-0.00596506260183064,0.0144894834224172,0.0531737681042793));
#11644=CARTESIAN_POINT('',(-0.00414233659890841,0.0135731984472374,0.0522563017062234));
#11645=CARTESIAN_POINT('',(-0.00336044597936195,0.0129872124060844,0.0516698088727918));
#11646=CARTESIAN_POINT('',(-0.00217267656877078,0.0116472888462427,0.0503291154452076));
#11647=CARTESIAN_POINT('',(-0.00176757451196565,0.0108942275620303,0.0495757915889815));
#11648=CARTESIAN_POINT('',(-0.00139558881931173,0.00933465663307523,0.0480159795528023));
#11649=CARTESIAN_POINT('',(-0.00142894844113707,0.00852916685980706,0.0472105114019943));
#11650=CARTESIAN_POINT('',(-0.00192937791606836,0.00698737909812654,0.0456690479999974));
#11651=CARTESIAN_POINT('',(-0.002396120516507,0.00625208935199964,0.0449340607789809));
#11652=CARTESIAN_POINT('',(-0.00369277930786959,0.00496280796796875,0.0436456198407197));
#11653=CARTESIAN_POINT('',(-0.00452184755703713,0.00440965944741275,0.0430930086912188));
#11654=CARTESIAN_POINT('',(-0.00641733111808707,0.0035691658443853,0.0422537436697973));
#11655=CARTESIAN_POINT('',(-0.0141266088473674,0.00397577621980203,0.042514336527478));
#11656=CARTESIAN_POINT('',(-0.0140113051973054,0.00459947949131252,0.0425142195104384));
#11657=CARTESIAN_POINT('',(-0.0144564650590931,0.00582390389006314,0.0427662283188025));
#11658=CARTESIAN_POINT('',(-0.0151479365494742,0.00671377113999624,0.043299940463452));
#11659=CARTESIAN_POINT('',(-0.0154923797035314,0.00712087538636991,0.0436305013253808));
#11660=CARTESIAN_POINT('',(-0.0157404622381722,0.0130355088582768,0.0495453865664448));
#11661=CARTESIAN_POINT('',(-0.0153115149802178,0.0134687821705037,0.0499782186414364));
#11662=CARTESIAN_POINT('',(-0.0146633437396156,0.0139803960588063,0.0507119771944379));
#11663=CARTESIAN_POINT('',(-0.0139106372334029,0.0144105319867557,0.0519532189883299));
#11664=CARTESIAN_POINT('',(-0.0137707950926814,0.0145,0.0527066208908599));
#11665=CARTESIAN_POINT('',(-0.0138337007294423,0.0145,0.0530790122449531));
#11666=CARTESIAN_POINT('',(-0.00971596431541715,-0.0151794502156333,0.04242918247802));
#11667=CARTESIAN_POINT('',(-0.00981871552536336,-0.015223205564204,0.0424759905834368));
#11668=CARTESIAN_POINT('',(-0.00987642244454804,-0.015237753120416,0.0424922526225507));
#11669=CARTESIAN_POINT('',(-0.00999585885418293,-0.0152500098919016,0.0425080578711528));
#11670=CARTESIAN_POINT('',(-0.010057510239957,-0.015247711091938,0.0425075907448998));
#11671=CARTESIAN_POINT('',(-0.0101754487386079,-0.0152266033039881,0.0424899869308628));
#11672=CARTESIAN_POINT('',(-0.0102316587263579,-0.0152078081193047,0.0424728617549803));
#11673=CARTESIAN_POINT('',(-0.010330144246721,-0.0151565492412916,0.042424528899412));
#11674=CARTESIAN_POINT('',(-0.0103723553753566,-0.0151241190683782,0.0423933528266887));
#11675=CARTESIAN_POINT('',(-0.0104363943897298,-0.015050512799816,0.0423216491687103));
#11676=CARTESIAN_POINT('',(-0.0104581803975615,-0.0150093848385186,0.0422811684736065));
#11677=CARTESIAN_POINT('',(-0.0104780235465211,-0.0149246370665535,0.0421970102451501));
#11678=CARTESIAN_POINT('',(-0.0104760677113476,-0.0148810726761536,0.0421533877465369));
#11679=CARTESIAN_POINT('',(-0.0104486940553426,-0.0147980854808272,0.0420695872749891));
#11680=CARTESIAN_POINT('',(-0.0104232941353395,-0.0147587169448505,0.042029464102841));
#11681=CARTESIAN_POINT('',(-0.0103528710653543,-0.0146901243743708,0.0419587792503421));
#11682=CARTESIAN_POINT('',(-0.0103078939680906,-0.014660945195543,0.0419282637939012));
#11683=CARTESIAN_POINT('',(-0.0102051427581443,-0.0146171898469722,0.0418814556884842));
#11684=CARTESIAN_POINT('',(-0.0101474358389597,-0.0146026422907603,0.0418651936493705));
#11685=CARTESIAN_POINT('',(-0.0100279994293248,-0.0145903855192746,0.0418493884007683));
#11686=CARTESIAN_POINT('',(-0.00996634804355073,-0.0145926843192382,0.0418498555270213));
#11687=CARTESIAN_POINT('',(-0.00984840954489975,-0.0146137921071882,0.0418674593410584));
#11688=CARTESIAN_POINT('',(-0.00979219955714981,-0.0146325872918715,0.0418845845169407));
#11689=CARTESIAN_POINT('',(-0.00969371403678668,-0.0146838461698847,0.0419329173725092));
#11690=CARTESIAN_POINT('',(-0.0096515029081511,-0.014716276342798,0.0419640934452325));
#11691=CARTESIAN_POINT('',(-0.00958746389377784,-0.0147898826113602,0.0420357971032109));
#11692=CARTESIAN_POINT('',(-0.00956567788594614,-0.0148310105726576,0.0420762777983146));
#11693=CARTESIAN_POINT('',(-0.00954583473698662,-0.0149157583446227,0.0421604360267711));
#11694=CARTESIAN_POINT('',(-0.00954779057216005,-0.0149593227350227,0.0422040585253842));
#11695=CARTESIAN_POINT('',(-0.00957516422816508,-0.0150423099303491,0.0422878589969321));
#11696=CARTESIAN_POINT('',(-0.0096005641481682,-0.0150816784663258,0.0423279821690801));
#11697=CARTESIAN_POINT('',(-0.00967098721815341,-0.0151502710368055,0.0423986670215789));
#11698=CARTESIAN_POINT('',(-0.00971596431541715,-0.0151794502156333,0.04242918247802));
#11699=CARTESIAN_POINT('',(-0.00981871552536336,-0.015223205564204,0.0424759905834368));
#11700=CARTESIAN_POINT('',(-0.00680853541739904,-0.0144702509188316,0.0481400379713344));
#11701=CARTESIAN_POINT('',(-0.00791953905720086,-0.014958854482999,0.0486306710574852));
#11702=CARTESIAN_POINT('',(-0.00854349859294145,-0.0151248522333987,0.0487978086237677));
#11703=CARTESIAN_POINT('',(-0.00983491195828594,-0.0152753859778761,0.0489507014530586));
#11704=CARTESIAN_POINT('',(-0.0105015212763483,-0.0152598235313707,0.0489363567327755));
#11705=CARTESIAN_POINT('',(-0.0117767383890535,-0.0150493700581533,0.0487282327579243));
#11706=CARTESIAN_POINT('',(-0.0123845122635908,-0.0148546166561492,0.0485345896047034));
#11707=CARTESIAN_POINT('',(-0.0134493928781195,-0.0143152155987687,0.0479971338142323));
#11708=CARTESIAN_POINT('',(-0.0139058032462173,-0.0139709206812773,0.0476536726427722));
#11709=CARTESIAN_POINT('',(-0.0145982289421742,-0.0131846909610368,0.0468687078087314));
#11710=CARTESIAN_POINT('',(-0.0148337914626601,-0.0127432703082052,0.0464277174689038));
#11711=CARTESIAN_POINT('',(-0.0150483467046899,-0.0118299082728211,0.0455147473715519));
#11712=CARTESIAN_POINT('',(-0.0150271991191998,-0.0113585641775546,0.0450433646450081));
#11713=CARTESIAN_POINT('',(-0.0147312198166515,-0.010457120917267,0.0441413807055728));
#11714=CARTESIAN_POINT('',(-0.0144565816533729,-0.0100276112453247,0.0437113693393336));
#11715=CARTESIAN_POINT('',(-0.0136951279720006,-0.00927532332490907,0.0429576904360893));
#11716=CARTESIAN_POINT('',(-0.0132088104016911,-0.00895303703032932,0.042634515762602));
#11717=CARTESIAN_POINT('',(-0.0120978067618893,-0.00846443346616188,0.0421438826764513));
#11718=CARTESIAN_POINT('',(-0.0114738472261487,-0.00829843571576213,0.0419767451101688));
#11719=CARTESIAN_POINT('',(-0.0101824338608042,-0.00814790197128474,0.0418238522808779));
#11720=CARTESIAN_POINT('',(-0.00951582454274186,-0.00816346441779017,0.041838197001161));
#11721=CARTESIAN_POINT('',(-0.00824060743003671,-0.00837391789100759,0.0420463209760122));
#11722=CARTESIAN_POINT('',(-0.00763283355549933,-0.00856867129301168,0.042239964129233));
#11723=CARTESIAN_POINT('',(-0.00656795294097069,-0.00910807235039221,0.0427774199197042));
#11724=CARTESIAN_POINT('',(-0.00611154257287286,-0.00945236726788357,0.0431208810911642));
#11725=CARTESIAN_POINT('',(-0.005419116876916,-0.0102385969881241,0.0439058459252051));
#11726=CARTESIAN_POINT('',(-0.00518355435643006,-0.0106800176409557,0.0443468362650327));
#11727=CARTESIAN_POINT('',(-0.00496899911440024,-0.0115933796763397,0.0452598063623845));
#11728=CARTESIAN_POINT('',(-0.00499014669989032,-0.0120647237716063,0.0457311890889284));
#11729=CARTESIAN_POINT('',(-0.00528612600243867,-0.0129661670318939,0.0466331730283637));
#11730=CARTESIAN_POINT('',(-0.00556076416571727,-0.0133956767038362,0.0470631843946028));
#11731=CARTESIAN_POINT('',(-0.00632221784708961,-0.0141479646242518,0.0478168632978471));
#11732=CARTESIAN_POINT('',(-0.00680853541739904,-0.0144702509188316,0.0481400379713344));
#11733=CARTESIAN_POINT('',(-0.00791953905720086,-0.014958854482999,0.0486306710574852));
#11734=CARTESIAN_POINT('',(-0.00552704703814296,-0.014157661793076,0.0506571743165368));
#11735=CARTESIAN_POINT('',(-0.00708245149307648,-0.0148423381895691,0.0513434292304893));
#11736=CARTESIAN_POINT('',(-0.00795599448323426,-0.015075089649413,0.0515770672140005));
#11737=CARTESIAN_POINT('',(-0.00976397244987356,-0.015286570828969,0.0517903832377203));
#11738=CARTESIAN_POINT('',(-0.0106972251106828,-0.015265162251911,0.0517699217812743));
#11739=CARTESIAN_POINT('',(-0.0124825283329684,-0.0149712521220243,0.0514778234838648));
#11740=CARTESIAN_POINT('',(-0.0133334114067771,-0.0146989427698524,0.0512063776587219));
#11741=CARTESIAN_POINT('',(-0.0148242436529303,-0.013944386483496,0.0504533343580858));
#11742=CARTESIAN_POINT('',(-0.0154632179050252,-0.013462632986588,0.0499722293304617));
#11743=CARTESIAN_POINT('',(-0.0164326134799971,-0.0123623048982899,0.0488728850427662));
#11744=CARTESIAN_POINT('',(-0.016762400872813,-0.0117444498594439,0.0482553646918889));
#11745=CARTESIAN_POINT('',(-0.0170627780879065,-0.0104658649461484,0.0469770846193548));
#11746=CARTESIAN_POINT('',(-0.0170331714804176,-0.00980597119415866,0.0463171608208093));
#11747=CARTESIAN_POINT('',(-0.0166188006275608,-0.00854378241851408,0.0450545515168424));
#11748=CARTESIAN_POINT('',(-0.0162343073573727,-0.00794231279516918,0.0444526916867329));
#11749=CARTESIAN_POINT('',(-0.0151682726426321,-0.00688867695649785,0.0433979739722805));
#11750=CARTESIAN_POINT('',(-0.0144874283246904,-0.00643719975961625,0.0429458058138682));
#11751=CARTESIAN_POINT('',(-0.0129320238697569,-0.00575252336312316,0.0422595508999157));
#11752=CARTESIAN_POINT('',(-0.0120584808795992,-0.00551977190327928,0.0420259129164046));
#11753=CARTESIAN_POINT('',(-0.0102505029129599,-0.0053082907237233,0.0418125968926847));
#11754=CARTESIAN_POINT('',(-0.00931725025215064,-0.00532969930078123,0.0418330583491308));
#11755=CARTESIAN_POINT('',(-0.007531947029865,-0.005623609430668,0.0421251566465403));
#11756=CARTESIAN_POINT('',(-0.00668106395605632,-0.00589591878283991,0.0423966024716832));
#11757=CARTESIAN_POINT('',(-0.00519023170990312,-0.00665047506919626,0.0431496457723193));
#11758=CARTESIAN_POINT('',(-0.0045512574578082,-0.00713222856610424,0.0436307507999434));
#11759=CARTESIAN_POINT('',(-0.00358186188283638,-0.00823255665440239,0.0447300950876388));
#11760=CARTESIAN_POINT('',(-0.00325207449002044,-0.0088504116932484,0.0453476154385162));
#11761=CARTESIAN_POINT('',(-0.00295169727492697,-0.0101289966065439,0.0466258955110503));
#11762=CARTESIAN_POINT('',(-0.00298130388241588,-0.0107888903585336,0.0472858193095958));
#11763=CARTESIAN_POINT('',(-0.00339567473527265,-0.0120510791341782,0.0485484286135627));
#11764=CARTESIAN_POINT('',(-0.00378016800546079,-0.0126525487575231,0.0491502884436722));
#11765=CARTESIAN_POINT('',(-0.00484620272020131,-0.0137061845961944,0.0502050061581246));
#11766=CARTESIAN_POINT('',(-0.00552704703814296,-0.014157661793076,0.0506571743165368));
#11767=CARTESIAN_POINT('',(-0.00708245149307648,-0.0148423381895691,0.0513434292304893));
#11768=CARTESIAN_POINT('',(-0.00458808395454054,-0.0139286237041076,0.052501512620963));
#11769=CARTESIAN_POINT('',(-0.00646910662535964,-0.0147569651967743,0.0533311021742505));
#11770=CARTESIAN_POINT('',(-0.00752552263549109,-0.0150386279615322,0.0536134658721986));
#11771=CARTESIAN_POINT('',(-0.00971199415600344,-0.015294766113797,0.0538710547507335));
#11772=CARTESIAN_POINT('',(-0.0108406198372633,-0.015269074001391,0.0538461114827143));
#11773=CARTESIAN_POINT('',(-0.0129996697388848,-0.0149140141014697,0.0534924841147887));
#11774=CARTESIAN_POINT('',(-0.0140286820623184,-0.0145848785031139,0.0531640312672467));
#11775=CARTESIAN_POINT('',(-0.0158316145693634,-0.0136726752021435,0.0522530242139872));
#11776=CARTESIAN_POINT('',(-0.0166043557367478,-0.0130902040290663,0.0516710657555284));
#11777=CARTESIAN_POINT('',(-0.0177766907186425,-0.0117597320104758,0.050341371582494));
#11778=CARTESIAN_POINT('',(-0.0181755178921597,-0.0110126012186638,0.0495945054129524));
#11779=CARTESIAN_POINT('',(-0.0185387779751536,-0.0094664127865248,0.0480485580042799));
#11780=CARTESIAN_POINT('',(-0.0185029733330131,-0.00866836626627379,0.0472504877276093));
#11781=CARTESIAN_POINT('',(-0.018001855462431,-0.00714185459314653,0.0457236435622211));
#11782=CARTESIAN_POINT('',(-0.0175368699368288,-0.00641438769285493,0.0449958681435194));
#11783=CARTESIAN_POINT('',(-0.0162476647658222,-0.00513995034311034,0.0437205754047192));
#11784=CARTESIAN_POINT('',(-0.0154242881879268,-0.00459381330384364,0.043173892054183));
#11785=CARTESIAN_POINT('',(-0.0135432655171077,-0.00376547181117697,0.0423443025008956));
#11786=CARTESIAN_POINT('',(-0.0124868495069762,-0.00348380904641906,0.0420619388029475));
#11787=CARTESIAN_POINT('',(-0.0103003779864639,-0.00322767089415432,0.0418043499244126));
#11788=CARTESIAN_POINT('',(-0.00917175230520404,-0.00325336300656034,0.0418292931924318));
#11789=CARTESIAN_POINT('',(-0.00701270240358252,-0.00360842290648162,0.0421829205603574));
#11790=CARTESIAN_POINT('',(-0.00598369008014896,-0.00393755850483734,0.0425113734078993));
#11791=CARTESIAN_POINT('',(-0.00418075757310393,-0.00484976180580774,0.0434223804611589));
#11792=CARTESIAN_POINT('',(-0.00340801640571957,-0.00543223297888501,0.0440043389196176));
#11793=CARTESIAN_POINT('',(-0.0022356814238248,-0.00676270499747546,0.045334033092652));
#11794=CARTESIAN_POINT('',(-0.00183685425030764,-0.00750983578928751,0.0460808992621937));
#11795=CARTESIAN_POINT('',(-0.00147359416731373,-0.00905602422142648,0.0476268466708662));
#11796=CARTESIAN_POINT('',(-0.00150939880945427,-0.00985407074167749,0.0484249169475368));
#11797=CARTESIAN_POINT('',(-0.0020105166800363,-0.0113805824148047,0.049951761112925));
#11798=CARTESIAN_POINT('',(-0.00247550220563854,-0.0121080493150963,0.0506795365316267));
#11799=CARTESIAN_POINT('',(-0.00376470737664509,-0.0133824866648409,0.051954829270427));
#11800=CARTESIAN_POINT('',(-0.00458808395454054,-0.0139286237041076,0.052501512620963));
#11801=CARTESIAN_POINT('',(-0.00646910662535964,-0.0147569651967743,0.0533311021742505));
#11802=CARTESIAN_POINT('',(-0.00453680515093177,-0.0139161154389924,0.0526022359223924));
#11803=CARTESIAN_POINT('',(-0.00643561053635961,-0.0147523027931,0.0534396532901587));
#11804=CARTESIAN_POINT('',(-0.00750201363740053,-0.0150366367099433,0.0537246780046951));
#11805=CARTESIAN_POINT('',(-0.00970915550902165,-0.015295213676016,0.0539846847195293));
#11806=CARTESIAN_POINT('',(-0.0108484509332363,-0.0152692876304855,0.0539594966900924));
#11807=CARTESIAN_POINT('',(-0.0130279119488876,-0.0149108882094445,0.0536025090866279));
#11808=CARTESIAN_POINT('',(-0.014066652295678,-0.014578649206952,0.0532709429623694));
#11809=CARTESIAN_POINT('',(-0.0158866292725898,-0.013657836461752,0.0523513091671329));
#11810=CARTESIAN_POINT('',(-0.0166666757403617,-0.0130698648786731,0.0517638428848168));
#11811=CARTESIAN_POINT('',(-0.0178500936819317,-0.0117268242025824,0.0504215688066319));
#11812=CARTESIAN_POINT('',(-0.0182526912671057,-0.0109726333824652,0.0496676387823458));
#11813=CARTESIAN_POINT('',(-0.0186193855194399,-0.00941183054372451,0.0481070734818712));
#11814=CARTESIAN_POINT('',(-0.0185832423892297,-0.00860623920217499,0.04730145872742));
#11815=CARTESIAN_POINT('',(-0.0180773870765019,-0.00706529228426972,0.0457601841250934));
#11816=CARTESIAN_POINT('',(-0.0176080056948437,-0.00633094440033497,0.0450255321839262));
#11817=CARTESIAN_POINT('',(-0.0163066127028269,-0.00504444860279774,0.0437381933662629));
#11818=CARTESIAN_POINT('',(-0.0154754521301251,-0.00449314198492665,0.0431863483367859));
#11819=CARTESIAN_POINT('',(-0.0135766467446973,-0.00365695463081902,0.0423489309690197));
#11820=CARTESIAN_POINT('',(-0.0125102436436564,-0.00337262071397565,0.0420639062544833));
#11821=CARTESIAN_POINT('',(-0.0103031017720353,-0.00311404374790311,0.041803899539649));
#11822=CARTESIAN_POINT('',(-0.00916380634782058,-0.00313996979343356,0.041829087569086));
#11823=CARTESIAN_POINT('',(-0.00698434533216935,-0.00349836921447455,0.0421860751725504));
#11824=CARTESIAN_POINT('',(-0.00594560498537895,-0.003830608216967,0.0425176412968089));
#11825=CARTESIAN_POINT('',(-0.0041256280084671,-0.00475142096216697,0.0434372750920454));
#11826=CARTESIAN_POINT('',(-0.00334558154069526,-0.00533939254524588,0.0440247413743615));
#11827=CARTESIAN_POINT('',(-0.00216216359912527,-0.00668243322133661,0.0453670154525464));
#11828=CARTESIAN_POINT('',(-0.00175956601395125,-0.00743662404145381,0.0461209454768325));
#11829=CARTESIAN_POINT('',(-0.00139287176161701,-0.00899742688019452,0.0476815107773071));
#11830=CARTESIAN_POINT('',(-0.00142901489182721,-0.00980301822174403,0.0484871255317583));
#11831=CARTESIAN_POINT('',(-0.00193487020455502,-0.0113439651396493,0.0500284001340849));
#11832=CARTESIAN_POINT('',(-0.00240425158621325,-0.012078313023584,0.0507630520752521));
#11833=CARTESIAN_POINT('',(-0.00370564457823,-0.0133648088211213,0.0520503908929154));
#11834=CARTESIAN_POINT('',(-0.00453680515093177,-0.0139161154389924,0.0526022359223924));
#11835=CARTESIAN_POINT('',(-0.00643561053635961,-0.0147523027931,0.0534396532901587));
#11836=CARTESIAN_POINT('',(-0.0140975786960471,-0.0145,0.0530792800440944));
#11837=CARTESIAN_POINT('',(-0.014031066463279,-0.0145,0.0527141616053466));
#11838=CARTESIAN_POINT('',(-0.014132529656093,-0.0144142462489412,0.0519729137865423));
#11839=CARTESIAN_POINT('',(-0.0148067838832764,-0.0139899454024033,0.0507267429063461));
#11840=CARTESIAN_POINT('',(-0.015429206550719,-0.0134678288539217,0.0499773748567861));
#11841=CARTESIAN_POINT('',(-0.0158359160855633,-0.0130354682892682,0.0495454428707284));
#11842=CARTESIAN_POINT('',(-0.0157562197983141,-0.00747058445756786,0.0439804781574206));
#11843=CARTESIAN_POINT('',(-0.0153305040007022,-0.00703733075137881,0.0435467870504733));
#11844=CARTESIAN_POINT('',(-0.0146871757449502,-0.00630278870151261,0.0430342501028306));
#11845=CARTESIAN_POINT('',(-0.013943788263874,-0.00505924850252031,0.0426032267665286));
#11846=CARTESIAN_POINT('',(-0.0138090852955075,-0.00430658361098346,0.0425140142855886));
#11847=CARTESIAN_POINT('',(-0.0138727596750662,-0.0039350295967004,0.042514078906157));
#11848=CARTESIAN_POINT('',(-0.0547817019719334,0.0116774101208605,0.00783408161509148));
#11849=CARTESIAN_POINT('',(-0.0526683737269966,0.00393502959670034,0.00344784434277244));
#11850=CARTESIAN_POINT('',(-0.0526571429849322,0.00430410338870968,0.00351153704606298));
#11851=CARTESIAN_POINT('',(-0.0527643561379152,0.0050494505066941,0.00340802769674286));
#11852=CARTESIAN_POINT('',(-0.0533057332796667,0.00628985532178013,0.00278037055724462));
#11853=CARTESIAN_POINT('',(-0.0539294608112688,0.00703819139916518,0.00223945777991727));
#11854=CARTESIAN_POINT('',(-0.0544278205469443,0.00747056259228612,0.00190304445382066));
#11855=CARTESIAN_POINT('',(-0.0599116319332254,0.0130355329955858,0.00285017543124463));
#11856=CARTESIAN_POINT('',(-0.0602660692875359,0.0134684205435499,0.00333296005751845));
#11857=CARTESIAN_POINT('',(-0.0608891681084189,0.013986677146612,0.00408269904367382));
#11858=CARTESIAN_POINT('',(-0.0619963013106023,0.0144134784885849,0.00499021509014112));
#11859=CARTESIAN_POINT('',(-0.0627093841360909,0.0145,0.00522994784354075));
#11860=CARTESIAN_POINT('',(-0.0630821932734245,0.0145,0.00522936208670782));
#11861=CARTESIAN_POINT('',(-0.0547717057731558,-0.0116672615254393,0.0078323294738235));
#11862=CARTESIAN_POINT('',(-0.0512909408756261,-0.0039350295967004,0.0112596542304946));
#11863=CARTESIAN_POINT('',(-0.0513022364206477,-0.00430337723827198,0.0111955940113709));
#11864=CARTESIAN_POINT('',(-0.0513678902499869,-0.00504786708779548,0.0113256717146203));
#11865=CARTESIAN_POINT('',(-0.0516632614843559,-0.00628963561304997,0.0120935826048812));
#11866=CARTESIAN_POINT('',(-0.0520652849122499,-0.00703817655880406,0.0128116392024019));
#11867=CARTESIAN_POINT('',(-0.0524189277067088,-0.00747056259228617,0.0132960418962079));
#11868=CARTESIAN_POINT('',(-0.0578993507048808,-0.0130355329955858,0.0142623893775132));
#11869=CARTESIAN_POINT('',(-0.0583979050791005,-0.013468408217238,0.0139277747845134));
#11870=CARTESIAN_POINT('',(-0.0592403445410321,-0.0139864272699084,0.013432712523953));
#11871=CARTESIAN_POINT('',(-0.0605910679595317,-0.01441313776416,0.0129513696624384));
#11872=CARTESIAN_POINT('',(-0.0613445070093146,-0.0145,0.0129664253924015));
#11873=CARTESIAN_POINT('',(-0.0616954022463471,-0.0145,0.0130942448261784));
#11874=CARTESIAN_POINT('',(-0.0399876895296477,-0.00747055092066378,0.0440050361649898));
#11875=CARTESIAN_POINT('',(-0.0399954795763842,-0.00600608696969895,0.0425405801198303));
#11876=CARTESIAN_POINT('',(-0.0399999370332289,-0.00393501792507801,0.0425405942371785));
#11877=CARTESIAN_POINT('',(-0.03999178614752,-0.00747055973769505,0.0440050491395139));
#11878=CARTESIAN_POINT('',(-0.0399985642289226,-0.00600609514880296,0.0425405914294241));
#11879=CARTESIAN_POINT('',(-0.0400023061264714,-0.00393502674210928,0.0425406017404064));
#11880=CARTESIAN_POINT('',(-0.0399958827720874,-0.00747056643160612,0.0440050599909245));
#11881=CARTESIAN_POINT('',(-0.0400016488889625,-0.00600610135840054,0.0425406007695192));
#11882=CARTESIAN_POINT('',(-0.0400046752235857,-0.00393503343602036,0.0425406080158279));
#11883=CARTESIAN_POINT('',(-0.0399999794012075,-0.00747057100239354,0.0440050687192162));
#11884=CARTESIAN_POINT('',(-0.040004733553574,-0.00600610559848513,0.0425406081401059));
#11885=CARTESIAN_POINT('',(-0.0400070443233328,-0.00393503800680777,0.0425406130634396));
#11886=CARTESIAN_POINT('',(-0.0399999794012075,-0.00393502959670041,0.0425405943712325));
#11887=CARTESIAN_POINT('',(-0.0399999794012075,-0.00524402610655453,0.0425405943712325));
#11888=CARTESIAN_POINT('',(-0.0399994325289461,-0.00654496204529066,0.0430794592071146));
#11889=CARTESIAN_POINT('',(-0.0399984931751244,-0.00747056259228617,0.0440050588007977));
#11890=CARTESIAN_POINT('',(5.07429640406759E-6,-0.0039350295967004,0.0474999974251509));
#11891=CARTESIAN_POINT('',(-0.0516958512805895,-0.0039350295967004,0.0377571456279697));
#11892=CARTESIAN_POINT('',(-0.0478520669876482,-0.00705982980492927,0.0370782146363856));
#11893=CARTESIAN_POINT('',(-0.0479883980292389,-0.00720313846805348,0.0369657277334377));
#11894=CARTESIAN_POINT('',(-0.0481321230635197,-0.00733978893896016,0.0368546240664537));
#11895=CARTESIAN_POINT('',(-0.048283931570387,-0.00747056259228618,0.0367467703083195));
#11896=CARTESIAN_POINT('',(-0.0440489922608249,-0.0050157498967623,0.0552753411008847));
#11897=CARTESIAN_POINT('',(-0.0440489922608249,-0.0050157498967623,0.0552753411008847));
#11898=CARTESIAN_POINT('',(-0.0423080738440679,-0.0402570022856747,0.0585036599986734));
#11899=CARTESIAN_POINT('',(-0.042308716167241,-0.0402734752391636,0.0589900740074378));
#11900=CARTESIAN_POINT('',(-0.0424377282090006,-0.0399835504931895,0.0599485249201873));
#11901=CARTESIAN_POINT('',(-0.0427992601223367,-0.0388631158275385,0.0608542324906904));
#11902=CARTESIAN_POINT('',(-0.0430164809606374,-0.0374664414381687,0.0612332522966717));
#11903=CARTESIAN_POINT('',(-0.0430285684775278,-0.0365066676764905,0.0612712411100443));
#11904=CARTESIAN_POINT('',(-0.0430092252259438,-0.0360256094517984,0.0612585861211485));
#11905=CARTESIAN_POINT('',(-0.0423080738440679,-0.0402570022856747,0.0585036599986734));
#11906=CARTESIAN_POINT('',(-0.043009225225944,-0.0360256094517985,0.0612585861211486));
#11907=CARTESIAN_POINT('',(-0.0512736511599402,-0.0826231693220241,0.0625));
#11908=CARTESIAN_POINT('',(-0.0479986187961438,-0.0474427111387906,0.0592249676362036));
#11909=CARTESIAN_POINT('',(-0.0492675448786414,-0.00398990904316543,0.0610763898926808));
#11910=CARTESIAN_POINT('',(-0.0464209895344023,-0.0133436875753067,0.065291211707623));
#11911=CARTESIAN_POINT('',(-0.0467558619618238,-0.0127563624975921,0.0656687841744272));
#11912=CARTESIAN_POINT('',(-0.047612042740794,-0.0116502137777505,0.0663409026451367));
#11913=CARTESIAN_POINT('',(-0.0489098350176787,-0.0108055626024039,0.0666818658578564));
#11914=CARTESIAN_POINT('',(-0.0496344120022835,-0.0105224858272794,0.0666980844713106));
#11915=CARTESIAN_POINT('',(-0.0570914364671034,-0.00322651451538274,0.0614528964312273));
#11916=CARTESIAN_POINT('',(-0.0570914364671034,-0.00322651451538274,0.0614528964312273));
#11917=CARTESIAN_POINT('',(-0.0571966991276599,-0.00694893132188202,0.0668129865467714));
#11918=CARTESIAN_POINT('',(-0.0575187124468986,-0.00650906783938528,0.0667926152335108));
#11919=CARTESIAN_POINT('',(-0.0581263919201187,-0.00560827233412454,0.0666705119501943));
#11920=CARTESIAN_POINT('',(-0.0586322994655671,-0.00468279582624692,0.0664262985264328));
#11921=CARTESIAN_POINT('',(-0.0587916417093401,-0.00416862143967891,0.0663099579445211));
#11922=CARTESIAN_POINT('',(-0.0587916417093422,-0.00416862143968064,0.0663099579445191));
#11923=CARTESIAN_POINT('',(-0.0587916417093422,-0.00416862143968062,0.0663099579445191));
#11924=CARTESIAN_POINT('',(-0.0588642970289265,-0.00393417322623732,0.0662569101025951));
#11925=CARTESIAN_POINT('',(-0.0590257053507757,-0.00347605760740681,0.066140607441524));
#11926=CARTESIAN_POINT('',(-0.0593017075875609,-0.00293848958659495,0.0659474492219351));
#11927=CARTESIAN_POINT('',(-0.0596393910377248,-0.00262509759838516,0.0657183240338199));
#11928=CARTESIAN_POINT('',(-0.0599728587740688,-0.00260532813372344,0.0654976461447959));
#11929=CARTESIAN_POINT('',(-0.0602477841677697,-0.0028168280798503,0.0653198247909696));
#11930=CARTESIAN_POINT('',(-0.0603898057077248,-0.00300171683099868,0.0652292770699878));
#11931=CARTESIAN_POINT('',(-0.0604558600674298,-0.00310088012057656,0.0651873911271434));
#11932=CARTESIAN_POINT('',(-0.062937537444227,-0.00317275247434791,0.0561843082925658));
#11933=CARTESIAN_POINT('',(-0.0633812811446156,-0.00386011599455829,0.0483568929537663));
#11934=CARTESIAN_POINT('',(-0.0690584433509669,-0.010964271319754,0.0493025872675595));
#11935=CARTESIAN_POINT('',(-0.0691887257697146,-0.011586988423208,0.0478578933901801));
#11936=CARTESIAN_POINT('',(-0.0687057640154046,-0.0126899604844826,0.0467060646588343));
#11937=CARTESIAN_POINT('',(-0.0680321713861765,-0.0138885362783689,0.0459464060361459));
#11938=CARTESIAN_POINT('',(-0.0581627285267992,-0.00488595684815515,0.0425558441619702));
#11939=CARTESIAN_POINT('',(-0.0581627285267992,-0.00488595684815515,0.0425558441619702));
#11940=CARTESIAN_POINT('',(-0.0648861631069981,-0.0371776867237625,0.0422179015829879));
#11941=CARTESIAN_POINT('',(-0.0648663651302173,-0.0375855748890521,0.0421917712672258));
#11942=CARTESIAN_POINT('',(-0.064771129091023,-0.0383943084665154,0.042082135620118));
#11943=CARTESIAN_POINT('',(-0.0643551932836826,-0.0395021604060994,0.0417241462349168));
#11944=CARTESIAN_POINT('',(-0.0635340263627481,-0.0403275717552764,0.0412472089380752));
#11945=CARTESIAN_POINT('',(-0.0627400495387542,-0.040511849591459,0.0410054429594461));
#11946=CARTESIAN_POINT('',(-0.0623353722046059,-0.0404906837350626,0.0409301716446118));
#11947=CARTESIAN_POINT('',(-0.0623353722046059,-0.0404906837350626,0.0409301716446118));
#11948=CARTESIAN_POINT('',(-0.0621446596715384,-0.0476599348016518,0.0465377753067094));
#11949=CARTESIAN_POINT('',(-0.050338836938337,-0.00564935137593784,0.0421793376234237));
#11950=CARTESIAN_POINT('',(-0.0444927359612135,-0.00570311341697268,0.0474479257620852));
#11951=CARTESIAN_POINT('',(-0.0444927359612135,-0.00570311341697268,0.0474479257620852));
#11952=CARTESIAN_POINT('',(-0.050338836938337,-0.00564935137593784,0.0421793376234237));
#11953=CARTESIAN_POINT('',(-0.0479386192339411,-0.00863043613986697,0.0381858993625439));
#11954=CARTESIAN_POINT('',(-0.0477873705500899,-0.00844430881781528,0.0382518342458207));
#11955=CARTESIAN_POINT('',(-0.047645566722048,-0.00825190932166381,0.0383197751446823));
#11956=CARTESIAN_POINT('',(-0.0475123878782439,-0.00805323454553092,0.0383879839368977));
#11957=CARTESIAN_POINT('',(-0.0479386192339411,-0.00863043613986697,0.0381858993625439));
#11958=CARTESIAN_POINT('',(-0.0475123878782439,-0.00805323454553092,0.0383879839368977));
#11959=CARTESIAN_POINT('',(-0.0475123878782551,-0.00805323454554761,0.038387983936892));
#11960=CARTESIAN_POINT('',(-0.0473784647834372,-0.00785376434462319,0.03845662537211));
#11961=CARTESIAN_POINT('',(-0.0472515679493806,-0.00765054589662584,0.0385271867061847));
#11962=CARTESIAN_POINT('',(-0.0471298740549094,-0.00744494766497764,0.0386003036444033));
#11963=CARTESIAN_POINT('',(-0.0511336022651672,-0.0141867352061302,0.0429741029502538));
#11964=CARTESIAN_POINT('',(-0.0641939912251627,-0.0270932562560907,0.0304019512398966));
#11965=CARTESIAN_POINT('',(-0.0624574172393221,-0.0391753319830404,0.0403093366041583));
#11966=CARTESIAN_POINT('',(-0.0627348294329861,-0.0391790174902389,0.0403619862724159));
#11967=CARTESIAN_POINT('',(-0.0632737122831833,-0.0390621303509033,0.0405076436545647));
#11968=CARTESIAN_POINT('',(-0.0639031781680516,-0.0385381156594673,0.0407753409350489));
#11969=CARTESIAN_POINT('',(-0.0642531150590809,-0.0377650043269315,0.0408766066307301));
#11970=CARTESIAN_POINT('',(-0.0643543586071578,-0.037214593820098,0.0408005891437751));
#11971=CARTESIAN_POINT('',(-0.064388956399134,-0.0369424598849427,0.0407405769982441));
#11972=CARTESIAN_POINT('',(-0.064388956399134,-0.0369424598849427,0.0407405769982441));
#11973=CARTESIAN_POINT('',(-0.0630056895876684,-0.0334921333480522,0.0371813699963859));
#11974=CARTESIAN_POINT('',(-0.0681649063333086,-0.0163183646495056,0.0193315733759605));
#11975=CARTESIAN_POINT('',(-0.0682655694001334,-0.0161292363720423,0.0187572772025099));
#11976=CARTESIAN_POINT('',(-0.0683750208867617,-0.0157814030748575,0.0175865436497748));
#11977=CARTESIAN_POINT('',(-0.0681791931417165,-0.0154999726399884,0.0164044323687252));
#11978=CARTESIAN_POINT('',(-0.0679735052387466,-0.0153337935853679,0.0158485862503037));
#11979=CARTESIAN_POINT('',(-0.0679735052387466,-0.0153337935853679,0.0158485862503037));
#11980=CARTESIAN_POINT('',(-0.0661612088439106,-0.0165,0.0191787132994374));
#11981=CARTESIAN_POINT('',(-0.0612390408021708,-0.0270932562560907,0.0298840052990305));
#11982=CARTESIAN_POINT('',(-0.059772164710714,-0.0349922269569656,0.0382527283354116));
#11983=CARTESIAN_POINT('',(-0.0632062584209187,-0.0165,0.0186607673585712));
#11984=CARTESIAN_POINT('',(-0.0626156634488677,-0.0153420906217762,0.0149354120728813));
#11985=CARTESIAN_POINT('',(-0.0626156634488677,-0.0153420906217762,0.0149354120728813));
#11986=CARTESIAN_POINT('',(-0.0622401537635871,-0.0155076724043631,0.0153875172266158));
#11987=CARTESIAN_POINT('',(-0.0616621898293788,-0.0157909972596291,0.0164274265275193));
#11988=CARTESIAN_POINT('',(-0.0613683797672773,-0.0161391038731521,0.0175618887882276));
#11989=CARTESIAN_POINT('',(-0.0612683778041744,-0.0163272185379618,0.0181324132770896));
#11990=CARTESIAN_POINT('',(-0.029803512821797,-0.0254511535061047,0.0585));
#11991=CARTESIAN_POINT('',(-0.0414414342827376,-0.0360559926674745,0.0605));
#11992=CARTESIAN_POINT('',(-0.041555701252515,-0.0363727837857471,0.0605));
#11993=CARTESIAN_POINT('',(-0.0417502346163348,-0.0370127603151353,0.0604659269852739));
#11994=CARTESIAN_POINT('',(-0.0418586986719414,-0.0380042662425615,0.0602006006745744));
#11995=CARTESIAN_POINT('',(-0.0417237110288529,-0.0387787723005057,0.0595086773827354));
#11996=CARTESIAN_POINT('',(-0.0416624296786456,-0.0389631737150542,0.058840122806646));
#11997=CARTESIAN_POINT('',(-0.041663796052688,-0.03896441879795,0.0585));
#11998=CARTESIAN_POINT('',(-0.0199803726587346,-0.0165,0.0585));
#11999=CARTESIAN_POINT('',(-0.0163512445652037,-0.0153315989170302,0.0597252703689903));
#12000=CARTESIAN_POINT('',(-0.0163512445652037,-0.0153315989170302,0.0597252703689903));
#12001=CARTESIAN_POINT('',(-0.0168716531656165,-0.0154991449381786,0.0600177034704589));
#12002=CARTESIAN_POINT('',(-0.0180156093826795,-0.0157863829835189,0.0604067481916427));
#12003=CARTESIAN_POINT('',(-0.0192023181182109,-0.0161377704243279,0.0605));
#12004=CARTESIAN_POINT('',(-0.019790953248727,-0.0163273950907888,0.0605));
#12005=CARTESIAN_POINT('',(-0.029803512821797,-0.0254511535061047,0.0555));
#12006=CARTESIAN_POINT('',(-0.0398873687768592,-0.0346398794215323,0.0555));
#12007=CARTESIAN_POINT('',(-0.0197808442956954,-0.0163181834956298,0.0535));
#12008=CARTESIAN_POINT('',(-0.0191887989515187,-0.0161276907977861,0.0535));
#12009=CARTESIAN_POINT('',(-0.0179946420283398,-0.0157756185425459,0.0535942838134306));
#12010=CARTESIAN_POINT('',(-0.0168449547310226,-0.0154905493529366,0.0539914743237994));
#12011=CARTESIAN_POINT('',(-0.0163239455720192,-0.015322809981405,0.0542902254309325));
#12012=CARTESIAN_POINT('',(-0.0163239455720202,-0.0153228099814022,0.0542902254309336));
#12013=CARTESIAN_POINT('',(-0.0199803726587346,-0.0165,0.0555));
#12014=CARTESIAN_POINT('',(-0.0458036838255756,0.0015,0.0277164628243711));
#12015=CARTESIAN_POINT('',(-0.0384721527768834,-0.0015,0.0338545853749061));
#12016=CARTESIAN_POINT('',(-0.0516965997143624,0.00393502959670034,0.0377529010491199));
#12017=CARTESIAN_POINT('',(-0.0467718125155292,0.00393502959670034,0.0368889047396352));
#12018=CARTESIAN_POINT('',(-0.0467719254368986,0.00525798683536735,0.0368882643307256));
#12019=CARTESIAN_POINT('',(-0.047292851789434,0.00653509046241354,0.0369802965367442));
#12020=CARTESIAN_POINT('',(-0.048214287262973,0.0074705625922863,0.0371417428027972));
#12021=CARTESIAN_POINT('',(-0.0399420423300502,0.00393455404300847,0.0425401664520762));
#12022=CARTESIAN_POINT('',(-0.0399233919300358,0.00600570062766033,0.042539949899071));
#12023=CARTESIAN_POINT('',(-0.0398931995357116,0.00747014104078305,0.0440043606184966));
#12024=CARTESIAN_POINT('',(-0.0400438995195742,0.00393614028994653,0.0425413491334383));
#12025=CARTESIAN_POINT('',(-0.0400560053203159,0.00600709129690847,0.0425417667885803));
#12026=CARTESIAN_POINT('',(-0.0400693288132002,0.00747162980627616,0.0440063082135072));
#12027=CARTESIAN_POINT('',(-0.0402469318230471,0.00393453498563589,0.0425391676633511));
#12028=CARTESIAN_POINT('',(-0.0402414592221481,0.0060056483901533,0.0425389787669867));
#12029=CARTESIAN_POINT('',(-0.0402856945909626,0.00747008025700746,0.0440031596774148));
#12030=CARTESIAN_POINT('',(-0.040650265453614,0.0039353234610179,0.0425169687778255));
#12031=CARTESIAN_POINT('',(-0.0406534225339408,0.00600635711220806,0.0425170779524149));
#12032=CARTESIAN_POINT('',(-0.0407899193912983,0.00747084134724655,0.0439764658255624));
#12033=CARTESIAN_POINT('',(-0.0411496512816684,0.00393493698970393,0.0424561136280659));
#12034=CARTESIAN_POINT('',(-0.0411485814281147,0.00600600973476089,0.0424560764896496));
#12035=CARTESIAN_POINT('',(-0.0413887319479059,0.00747046829881162,0.0439024929223825));
#12036=CARTESIAN_POINT('',(-0.0417400438659861,0.00393506051272133,0.0423311524497517));
#12037=CARTESIAN_POINT('',(-0.0417403238612794,0.00600612076310057,0.0423311622167138));
#12038=CARTESIAN_POINT('',(-0.0421075281045831,0.00747058753144708,0.0437508817124877));
#12039=CARTESIAN_POINT('',(-0.042521144314315,0.00393502007739748,0.0420914275844364));
#12040=CARTESIAN_POINT('',(-0.0425209828649228,0.00600608441878005,0.042091422004952));
#12041=CARTESIAN_POINT('',(-0.0430546950813626,0.00747054850155372,0.0434599453678589));
#12042=CARTESIAN_POINT('',(-0.0434347321942728,0.00393503980686008,0.041671910891814));
#12043=CARTESIAN_POINT('',(-0.0434347871258923,0.00600610214599202,0.0416719117134903));
#12044=CARTESIAN_POINT('',(-0.0441637735640186,0.00747056753784861,0.0429508345083753));
#12045=CARTESIAN_POINT('',(-0.0444416368717074,0.00393503386787236,0.0409731444837568));
#12046=CARTESIAN_POINT('',(-0.0444416215756238,0.00600609683493119,0.0409731481873038));
#12047=CARTESIAN_POINT('',(-0.0453856066586015,0.00747056183793787,0.042102836623468));
#12048=CARTESIAN_POINT('',(-0.0453005477531014,0.0039350339484682,0.0401153678959788));
#12049=CARTESIAN_POINT('',(-0.0453005541137726,0.00600609680652592,0.0401153521819523));
#12050=CARTESIAN_POINT('',(-0.0464279968410666,0.00747056179402698,0.0410618268324212));
#12051=CARTESIAN_POINT('',(-0.0458823195802406,0.00393503862897188,0.0392835495088798));
#12052=CARTESIAN_POINT('',(-0.045882312136756,0.00600610132709441,0.0392835962459359));
#12053=CARTESIAN_POINT('',(-0.0471339952802058,0.00747056669032228,0.0400524600739085));
#12054=CARTESIAN_POINT('',(-0.0462547422726042,0.00393502829156586,0.0385625846143044));
#12055=CARTESIAN_POINT('',(-0.046254754434422,0.0060060913960455,0.0385625035605994));
#12056=CARTESIAN_POINT('',(-0.0475859943163644,0.00747055594042806,0.0391772971035863));
#12057=CARTESIAN_POINT('',(-0.0464450540873059,0.00393505472853931,0.0380977808010153));
#12058=CARTESIAN_POINT('',(-0.0464450176493064,0.00600611678577385,0.0380980252607995));
#12059=CARTESIAN_POINT('',(-0.0478168619231862,0.00747058342262653,0.0386137785182582));
#12060=CARTESIAN_POINT('',(-0.0465728000294184,0.00393500044372496,0.0377159846495956));
#12061=CARTESIAN_POINT('',(-0.0465728632483578,0.00600606465249189,0.0377155606424538));
#12062=CARTESIAN_POINT('',(-0.0479720754962913,0.0074705269930002,0.0381493001024073));
#12063=CARTESIAN_POINT('',(-0.0466561209908914,0.00393516629458225,0.0374248762952956));
#12064=CARTESIAN_POINT('',(-0.0466558795024215,0.00600622392949339,0.0374264954701765));
#12065=CARTESIAN_POINT('',(-0.0480726285854015,0.00747069939640641,0.0377995021534664));
#12066=CARTESIAN_POINT('',(-0.0467268670883482,0.00393454360476389,0.0371288480653464));
#12067=CARTESIAN_POINT('',(-0.0467277703151633,0.00600562591724292,0.0371227932628871));
#12068=CARTESIAN_POINT('',(-0.0481605984565606,0.00747005210500135,0.0374271699915311));
#12069=CARTESIAN_POINT('',(-0.0467654312369728,0.00393609354370792,0.0369282614067074));
#12070=CARTESIAN_POINT('',(-0.0467634842225557,0.0060071144102598,0.0369413123373952));
#12071=CARTESIAN_POINT('',(-0.0482021364630535,0.00747166327981063,0.0372163001188988));
#12072=CARTESIAN_POINT('',(-0.046782373454464,0.00393461324262825,0.0368281770001005));
#12073=CARTESIAN_POINT('',(-0.0467852886266766,0.00600566075094217,0.036810955920203));
#12074=CARTESIAN_POINT('',(-0.0482313374649336,0.00747008581595836,0.0370432161876679));
#12075=CARTESIAN_POINT('',(-0.0399999794012075,0.00393503303652541,0.0425405943712326));
#12076=CARTESIAN_POINT('',(-0.040000522743289,0.00524403014769846,0.0425405960887106));
#12077=CARTESIAN_POINT('',(-0.0400001917284117,0.00654496381395389,0.0430794620838147));
#12078=CARTESIAN_POINT('',(-0.0399999793954688,0.00747056278060769,0.0440050604974155));
#12079=CARTESIAN_POINT('',(-0.0401118626622762,0.00747138018538794,0.0440054171973773));
#12080=CARTESIAN_POINT('',(-0.0401307088067356,0.00600697540008108,0.0425407270432512));
#12081=CARTESIAN_POINT('',(-0.0401552607730246,0.00393585227474181,0.0425407519600549));
#12082=CARTESIAN_POINT('',(-0.0400640565049236,0.00747057275387241,0.044005127950906));
#12083=CARTESIAN_POINT('',(-0.0400744933351022,0.00600610956716228,0.0425406699924363));
#12084=CARTESIAN_POINT('',(-0.0400871486795877,0.00393504484435351,0.0425406828358291));
#12085=CARTESIAN_POINT('',(-0.0399670159396567,0.00747056576478506,0.0440050270150326));
#12086=CARTESIAN_POINT('',(-0.0399610816450582,0.00600610104137059,0.04254055489546));
#12087=CARTESIAN_POINT('',(-0.0399505894641005,0.0039350356184841,0.0425405442473707));
#12088=CARTESIAN_POINT('',(-0.0396745039276939,0.00747129755288461,0.0440049194059953));
#12089=CARTESIAN_POINT('',(-0.0396765636734152,0.00600680132211459,0.0425402661496125));
#12090=CARTESIAN_POINT('',(-0.0396773769774216,0.00393558045152619,0.0425402669750001));
#12091=CARTESIAN_POINT('',(-0.0392084686818784,0.00747223037014648,0.0440046870578902));
#12092=CARTESIAN_POINT('',(-0.0392055376104498,0.00600769229094679,0.0425397881241915));
#12093=CARTESIAN_POINT('',(-0.0391992989477111,0.0039362712624389,0.0425397817928249));
#12094=CARTESIAN_POINT('',(-0.0385187274997991,0.00747374381528102,0.0440043778270106));
#12095=CARTESIAN_POINT('',(-0.0385185889619972,0.00600913912938866,0.0425390909676231));
#12096=CARTESIAN_POINT('',(-0.0385163074222786,0.00393739487039199,0.0425390886521796));
#12097=CARTESIAN_POINT('',(-0.0377013008815721,0.00747548084348647,0.0440039964785211));
#12098=CARTESIAN_POINT('',(-0.0377002712198823,0.00601079934587105,0.0425382604898395));
#12099=CARTESIAN_POINT('',(-0.0376967273971306,0.003938683680128,0.0425382568933564));
#12100=CARTESIAN_POINT('',(-0.0366078137738213,0.00747782226646548,0.0440034908637192));
#12101=CARTESIAN_POINT('',(-0.0366070690555329,0.00601303755672897,0.0425371510429061));
#12102=CARTESIAN_POINT('',(-0.0366039506030108,0.00394042156896502,0.0425371478781139));
#12103=CARTESIAN_POINT('',(-0.0352421850546317,0.00748073639168792,0.0440028565728013));
#12104=CARTESIAN_POINT('',(-0.0352412879466263,0.00601582342574207,0.0425357649665582));
#12105=CARTESIAN_POINT('',(-0.0352379807827436,0.00394258493882859,0.0425357616102505));
#12106=CARTESIAN_POINT('',(-0.0336029032706213,0.00748423202706793,0.0440020941859813));
#12107=CARTESIAN_POINT('',(-0.033602055690609,0.00601916561783682,0.0425341013756332));
#12108=CARTESIAN_POINT('',(-0.0335988164896298,0.00394518088940994,0.0425340980882983));
#12109=CARTESIAN_POINT('',(-0.0319637625699032,0.00748772130243493,0.0440013299283521));
#12110=CARTESIAN_POINT('',(-0.0319629062285437,0.00602250213197059,0.0425324378687322));
#12111=CARTESIAN_POINT('',(-0.0319596523264247,0.00394777293083455,0.0425324345664778));
#12112=CARTESIAN_POINT('',(-0.0297781923711344,0.00749236701460075,0.044000308660794));
#12113=CARTESIAN_POINT('',(-0.029777306355187,0.00602694507731823,0.0425302197912748));
#12114=CARTESIAN_POINT('',(-0.0297741000552282,0.00395122514513631,0.0425302165373297));
#12115=CARTESIAN_POINT('',(-0.027046246556748,0.00749816089744799,0.0439990277569657));
#12116=CARTESIAN_POINT('',(-0.0270453168431498,0.00603248709220489,0.0425274472049336));
#12117=CARTESIAN_POINT('',(-0.0270421597202342,0.00395553260940445,0.0425274440008979));
#12118=CARTESIAN_POINT('',(-0.0237679043817602,0.00750509276030987,0.0439974838510382));
#12119=CARTESIAN_POINT('',(-0.0237669825086486,0.00603911910789362,0.0425241201552023));
#12120=CARTESIAN_POINT('',(-0.0237638312919962,0.00396068935231015,0.042524116957154));
#12121=CARTESIAN_POINT('',(-0.0193967840768611,0.00751430762734836,0.0439954162776622));
#12122=CARTESIAN_POINT('',(-0.0193957197611359,0.00604793780090098,0.0425196839363163));
#12123=CARTESIAN_POINT('',(-0.0193927266978236,0.00396754875329897,0.0425196808988045));
#12124=CARTESIAN_POINT('',(-0.0161184433379963,0.00752118796279096,0.0439938555231706));
#12125=CARTESIAN_POINT('',(-0.0161175006893689,0.00605452423474567,0.0425163570037054));
#12126=CARTESIAN_POINT('',(-0.0161143982231602,0.00397267514638537,0.0425163538550133));
#12127=CARTESIAN_POINT('',(-0.013932882999523,0.00752576135313036,0.0439928106145351));
#12128=CARTESIAN_POINT('',(-0.0139320952388248,0.00605890315121774,0.0425141391234356));
#12129=CARTESIAN_POINT('',(-0.0139288458947493,0.00397608476608953,0.0425141358258069));
#12130=CARTESIAN_POINT('',(6.41189925618074E-6,-0.0095,0.0530649664709712));
#12131=CARTESIAN_POINT('',(6.41189925618074E-6,-0.0095,0.0530649664709712));
#12132=CARTESIAN_POINT('',(-0.0152512530941153,-0.0145,0.0530804508618672));
#12133=CARTESIAN_POINT('',(-0.0159220578897157,-0.0145,0.0526556826453002));
#12134=CARTESIAN_POINT('',(-0.0174081553995062,-0.0144084858506214,0.0520995795415232));
#12135=CARTESIAN_POINT('',(-0.0189894081654667,-0.0143702643636455,0.0519526409713443));
#12136=CARTESIAN_POINT('',(-0.0197803846958088,-0.0143701310683071,0.0519528703226859));
#12137=CARTESIAN_POINT('',(-0.0197803846958087,-0.0143701310683071,0.0519528703226859));
#12138=CARTESIAN_POINT('',(1.54205829499995,-0.0095,0.0515));
#12139=CARTESIAN_POINT('',(-0.0399961191008173,-0.0143667007792572,0.0519587317887173));
#12140=CARTESIAN_POINT('',(-0.0399963913296251,-0.0095,0.0531055637079929));
#12141=CARTESIAN_POINT('',(-0.0399962257512165,-0.0143704892811725,0.0519749281924111));
#12142=CARTESIAN_POINT('',(-0.039998400634193,-0.0140470229773905,0.0505815182300184));
#12143=CARTESIAN_POINT('',(-0.0399999794012075,-0.0130355317526127,0.0495700294694354));
#12144=CARTESIAN_POINT('',(-0.0400366348714663,-0.0143704892811722,0.0519749912643568));
#12145=CARTESIAN_POINT('',(-0.0400353535040095,-0.0140470229773885,0.0505815759073333));
#12146=CARTESIAN_POINT('',(-0.0400344233479034,-0.0130355317526035,0.0495700832307422));
#12147=CARTESIAN_POINT('',(-0.0400770186221385,-0.014370489281173,0.0519749039510131));
#12148=CARTESIAN_POINT('',(-0.0400722831741433,-0.0140470229773926,0.05058149606202));
#12149=CARTESIAN_POINT('',(-0.0400688456700687,-0.0130355317526211,0.0495700088065319));
#12150=CARTESIAN_POINT('',(-0.0401173770972606,-0.0143704892811725,0.0519746668097754));
#12151=CARTESIAN_POINT('',(-0.0401091897305826,-0.0140470229773905,0.0505812792038172));
#12152=CARTESIAN_POINT('',(-0.0401032464478467,-0.0130355317526127,0.04956980667197));
#12153=CARTESIAN_POINT('',(-0.0399961191005766,-0.0143667010755611,0.0519587317188933));
#12154=CARTESIAN_POINT('',(-0.0400166418006044,-0.0143666956838345,0.0519587408710336));
#12155=CARTESIAN_POINT('',(-0.0400371644949438,-0.0143666968905892,0.0519587395379012));
#12156=CARTESIAN_POINT('',(-0.040057687182521,-0.0143667043230779,0.0519587256408311));
#12157=CARTESIAN_POINT('',(-0.040057687182521,-0.0143667043230779,0.0519587256408311));
#12158=CARTESIAN_POINT('',(-0.040057687182521,-0.0143667043230779,0.0519587256408311));
#12159=CARTESIAN_POINT('',(-0.0400835506448063,-0.0143382094230635,0.0518377453331618));
#12160=CARTESIAN_POINT('',(-0.0400971093693477,-0.0143049479845987,0.0517166721607471));
#12161=CARTESIAN_POINT('',(-0.0400991930869918,-0.0142666306105568,0.0515956807570191));
#12162=CARTESIAN_POINT('',(3.99349663684518E-6,-0.0095,0.0609350229690108));
#12163=CARTESIAN_POINT('',(-0.0400026376316731,-0.0095,0.0609756240908138));
#12164=CARTESIAN_POINT('',(-0.0400018189750833,-0.0143800027406272,0.0620644641071948));
#12165=CARTESIAN_POINT('',(-1.54205829499994,-0.0095,0.0625));
#12166=CARTESIAN_POINT('',(-0.0197914012038845,-0.0143767107791349,0.0620586039016899));
#12167=CARTESIAN_POINT('',(-0.0197914012038845,-0.0143767107791349,0.0620586039016899));
#12168=CARTESIAN_POINT('',(-0.0190056137822391,-0.0143765818875052,0.0620583760549809));
#12169=CARTESIAN_POINT('',(-0.0174351318550138,-0.014412770048043,0.0619125206885987));
#12170=CARTESIAN_POINT('',(-0.0159566173701623,-0.0145,0.0613665143979748));
#12171=CARTESIAN_POINT('',(-0.0152865608411855,-0.0145,0.0609505407379805));
#12172=CARTESIAN_POINT('',(-0.0399999794012075,-0.0130355334062777,0.0645111576193647));
#12173=CARTESIAN_POINT('',(-0.0400007571721325,-0.0140699947917871,0.0634766968186311));
#12174=CARTESIAN_POINT('',(-0.0400018315211283,-0.0143836960123623,0.0620477774712654));
#12175=CARTESIAN_POINT('',(-0.0413125798757306,-0.0130355334064703,0.0645121445125222));
#12176=CARTESIAN_POINT('',(-0.0412662555042299,-0.0140699947918612,0.0634776482975035));
#12177=CARTESIAN_POINT('',(-0.0412022668149087,-0.0143836960123871,0.0620486800317207));
#12178=CARTESIAN_POINT('',(-0.0426122663547655,-0.0130355334062552,0.0644238956071239));
#12179=CARTESIAN_POINT('',(-0.0425193032543191,-0.014069994791773,0.0633925661687861));
#12180=CARTESIAN_POINT('',(-0.0423908916482327,-0.0143836960123564,0.0619679722286936));
#12181=CARTESIAN_POINT('',(-0.0438994368347512,-0.0130355334062777,0.064249161063076));
#12182=CARTESIAN_POINT('',(-0.0437602841369782,-0.0140699947917871,0.0632241019038639));
#12183=CARTESIAN_POINT('',(-0.0435680700076995,-0.0143836960123623,0.0618081692133707));
#12184=CARTESIAN_POINT('',(-0.0438764046093997,-0.0130355334062777,0.064252278252781));
#12185=CARTESIAN_POINT('',(-0.0431094814977006,-0.0137827692494234,0.0636017520280126));
#12186=CARTESIAN_POINT('',(-0.0421813737696296,-0.0141893263449302,0.0628331687104614));
#12187=CARTESIAN_POINT('',(-0.0412203869183049,-0.0143755494854162,0.0620570131594963));
#12188=CARTESIAN_POINT('',(-0.0412203869183046,-0.0143755494854162,0.0620570131594963));
#12189=CARTESIAN_POINT('',(-0.0412203869183046,-0.0143755494854162,0.0620570131594963));
#12190=CARTESIAN_POINT('',(-0.0408142605381899,-0.0143785965248208,0.0620620582558087));
#12191=CARTESIAN_POINT('',(-0.0404080710008953,-0.0143800522617754,0.062064547728897));
#12192=CARTESIAN_POINT('',(-0.0400018189750872,-0.0143800027782426,0.062064464060882));
#12193=CARTESIAN_POINT('',(5.07429640406759E-6,-0.0039350295967004,0.0474999974251509));
#12194=CARTESIAN_POINT('',(7.64240303314931E-7,0.00393502959670034,0.0475000017992536));
#12195=CARTESIAN_POINT('',(-3.99349663684517E-6,0.0095,0.0530649770309892));
#12196=CARTESIAN_POINT('',(-5.07429640406759E-6,0.00393502959670035,0.0665000025748491));
#12197=CARTESIAN_POINT('',(-5.07429640406759E-6,0.00393502959670035,0.0665000025748491));
#12198=CARTESIAN_POINT('',(-0.0400035674715285,0.00393502959670035,0.0665405954377705));
#12199=CARTESIAN_POINT('',(-0.0399999794024287,0.00747056341315117,0.0700761276124921));
#12200=CARTESIAN_POINT('',(-0.0399979298606098,0.00600609744277773,0.0715405922912362));
#12201=CARTESIAN_POINT('',(-0.0399971332130546,0.00393502985825889,0.0715405914827506));
#12202=CARTESIAN_POINT('',(-0.0400010431886869,0.00747056304602426,0.0700761286500212));
#12203=CARTESIAN_POINT('',(-0.0399989483496591,0.0060060970858574,0.0715405933248599));
#12204=CARTESIAN_POINT('',(-0.0399980876422229,0.00393502949113189,0.0715405924513624));
#12205=CARTESIAN_POINT('',(-0.0400021069665777,0.00747056263461852,0.0700761296824682));
#12206=CARTESIAN_POINT('',(-0.0399999668306937,0.00600609668588946,0.0715405943584753));
#12207=CARTESIAN_POINT('',(-0.0399990420638849,0.00393502907972632,0.0715405934199666));
#12208=CARTESIAN_POINT('',(-0.0400031707361005,0.00747056217893551,0.0700761307098337));
#12209=CARTESIAN_POINT('',(-0.0400009853037128,0.00600609624287499,0.0715405953920826));
#12210=CARTESIAN_POINT('',(-0.0399999964780407,0.00393502862404322,0.0715405943885632));
#12211=CARTESIAN_POINT('',(-0.0400050536973783,0.00393502863219186,0.0665405969460814));
#12212=CARTESIAN_POINT('',(-0.0399064939516502,0.00747070731900088,0.070075924791497));
#12213=CARTESIAN_POINT('',(-0.0398966973848307,0.0060062447026877,0.0715403837426253));
#12214=CARTESIAN_POINT('',(-0.0398904228111094,0.0039351707358682,0.0715403607784664));
#12215=CARTESIAN_POINT('',(-0.0400718649188684,0.00747020094377145,0.070076535385464));
#12216=CARTESIAN_POINT('',(-0.0400777647946098,0.00600572531938101,0.0715410127990118));
#12217=CARTESIAN_POINT('',(-0.040082590199331,0.00393466971751815,0.0715410640871889));
#12218=CARTESIAN_POINT('',(-0.040452558359471,0.00747072598644588,0.0700749859510188));
#12219=CARTESIAN_POINT('',(-0.0404692088599164,0.00600626428303884,0.0715394051815308));
#12220=CARTESIAN_POINT('',(-0.0404670299019303,0.00393519138025159,0.0715393820284975));
#12221=CARTESIAN_POINT('',(-0.0411843543137082,0.00747046959119373,0.0700598539070597));
#12222=CARTESIAN_POINT('',(-0.0412348306371004,0.00600600108922387,0.0715236250053655));
#12223=CARTESIAN_POINT('',(-0.0412360731243975,0.0039349366355335,0.071523638192023));
#12224=CARTESIAN_POINT('',(-0.0424788096359368,0.00747062961314644,0.0700023215566358));
#12225=CARTESIAN_POINT('',(-0.0425827430576946,0.00600616535419862,0.0714636451935339));
#12226=CARTESIAN_POINT('',(-0.0425818489597231,0.00393509562735141,0.0714636357394058));
#12227=CARTESIAN_POINT('',(-0.0443260346184394,0.0074705399726695,0.0698299058583873));
#12228=CARTESIAN_POINT('',(-0.0445095551902246,0.00600607333683607,0.0712838865960345));
#12229=CARTESIAN_POINT('',(-0.0445098587597465,0.003935006563931,0.0712838897739434));
#12230=CARTESIAN_POINT('',(-0.0465283801458842,0.00747056862630477,0.0694796665412736));
#12231=CARTESIAN_POINT('',(-0.0468053819686068,0.00600610275023318,0.0709187340701258));
#12232=CARTESIAN_POINT('',(-0.0468053023162104,0.00393503503311132,0.0709187332526003));
#12233=CARTESIAN_POINT('',(-0.0494318452569221,0.0074705592316797,0.0688218659226644));
#12234=CARTESIAN_POINT('',(-0.0498325769287676,0.00600609310649734,0.0702329235116868));
#12235=CARTESIAN_POINT('',(-0.0498326231167886,0.00393502569895567,0.0702329239683565));
#12236=CARTESIAN_POINT('',(-0.0529199437193493,0.00747056392892022,0.0676664759819008));
#12237=CARTESIAN_POINT('',(-0.0534691538825204,0.00600609792834829,0.0690283358398179));
#12238=CARTESIAN_POINT('',(-0.0534691370547448,0.00393503036601943,0.069028335684298));
#12239=CARTESIAN_POINT('',(-0.0555688797982159,0.00747056267651475,0.0663969622683579));
#12240=CARTESIAN_POINT('',(-0.0562308974183851,0.00600609664256613,0.0677047648697681));
#12241=CARTESIAN_POINT('',(-0.0562308974184657,0.00393502912150663,0.0677047648699648));
#12242=CARTESIAN_POINT('',(-0.056856767114633,0.00747056267637076,0.0656740036413937));
#12243=CARTESIAN_POINT('',(-0.0575736243626118,0.00600609664253254,0.0669510218865724));
#12244=CARTESIAN_POINT('',(-0.0575736243626118,0.00393502912147848,0.0669510218865724));
#12245=CARTESIAN_POINT('',(-0.0567650770496034,0.00747056267636128,0.0657252900631063));
#12246=CARTESIAN_POINT('',(-0.0566037717309474,0.00729644335630831,0.0660145288349249));
#12247=CARTESIAN_POINT('',(-0.0563119443075009,0.00690010017449746,0.06656645788753));
#12248=CARTESIAN_POINT('',(-0.055979744091302,0.00609114819038311,0.0672915595426458));
#12249=CARTESIAN_POINT('',(-0.0558288292317711,0.00506398070839058,0.0677733974445348));
#12250=CARTESIAN_POINT('',(-0.0558922449475049,0.00430285667372262,0.067837201403203));
#12251=CARTESIAN_POINT('',(-0.0559626539345208,0.00393502912147847,0.0678022561638797));
#12252=CARTESIAN_POINT('',(-7.64240303314937E-7,-0.00393502959670039,0.0664999982007464));
#12253=CARTESIAN_POINT('',(-7.64240303314937E-7,-0.00393502959670039,0.0664999982007464));
#12254=CARTESIAN_POINT('',(-0.0400035674715285,-0.0039350295967004,0.0665405954377705));
#12255=CARTESIAN_POINT('',(-0.0399971332130547,-0.00393502985825893,0.0715405914827506));
#12256=CARTESIAN_POINT('',(-0.0399979298606098,-0.00600609744277777,0.0715405922912362));
#12257=CARTESIAN_POINT('',(-0.0399999794024287,-0.00747056341315121,0.0700761276124921));
#12258=CARTESIAN_POINT('',(-0.0399980876422303,-0.00393502949113193,0.0715405924513624));
#12259=CARTESIAN_POINT('',(-0.0399989483496671,-0.00600609708585746,0.0715405933248598));
#12260=CARTESIAN_POINT('',(-0.0400010431886951,-0.00747056304602436,0.0700761286500212));
#12261=CARTESIAN_POINT('',(-0.0399990420638922,-0.00393502907972635,0.0715405934199666));
#12262=CARTESIAN_POINT('',(-0.0399999668307015,-0.00600609668588952,0.0715405943584753));
#12263=CARTESIAN_POINT('',(-0.0400021069665859,-0.00747056263461856,0.0700761296824681));
#12264=CARTESIAN_POINT('',(-0.0399999964780405,-0.00393502862404324,0.0715405943885632));
#12265=CARTESIAN_POINT('',(-0.0400009853037127,-0.00600609624287504,0.0715405953920826));
#12266=CARTESIAN_POINT('',(-0.0400031707361003,-0.00747056217893556,0.0700761307098337));
#12267=CARTESIAN_POINT('',(-0.0400030017268618,-0.00393502954253743,0.066540594863619));
#12268=CARTESIAN_POINT('',(-0.0399999794012075,-0.00393502912147848,0.0715405943712326));
#12269=CARTESIAN_POINT('',(-0.0399999794012075,-0.00600609664253257,0.0715405943712326));
#12270=CARTESIAN_POINT('',(-0.0400008646195285,-0.0074705626763708,0.0700761288957475));
#12271=CARTESIAN_POINT('',(-0.0416280636320904,-0.00393502912146633,0.0715415784913866));
#12272=CARTESIAN_POINT('',(-0.0416280636321262,-0.00600609664251678,0.0715415784911827));
#12273=CARTESIAN_POINT('',(-0.0415624546658681,-0.00747056267644328,0.0700770728224128));
#12274=CARTESIAN_POINT('',(-0.0448521863183715,-0.00393502912148296,0.0713244405476637));
#12275=CARTESIAN_POINT('',(-0.0448521863183552,-0.00600609664253819,0.0713244405477626));
#12276=CARTESIAN_POINT('',(-0.0446548977959944,-0.00747056267633368,0.0698688032224801));
#12277=CARTESIAN_POINT('',(-0.0496447374657472,-0.00393502912148109,0.0703404189178248));
#12278=CARTESIAN_POINT('',(-0.0496447374657505,-0.0060060966425366,0.0703404189177847));
#12279=CARTESIAN_POINT('',(-0.0492517116624523,-0.00747056267639199,0.0689249709848872));
#12280=CARTESIAN_POINT('',(-0.0542363245424642,-0.00393502912146382,0.0687208194546464));
#12281=CARTESIAN_POINT('',(-0.0542363245424673,-0.006006096642511,0.0687208194547077));
#12282=CARTESIAN_POINT('',(-0.053655769228976,-0.0074705626763233,0.0673715191715897));
#12283=CARTESIAN_POINT('',(-0.0571013341407629,-0.00393502912151115,0.0672530759420365));
#12284=CARTESIAN_POINT('',(-0.0571013341407534,-0.00600609664258036,0.0672530759419201));
#12285=CARTESIAN_POINT('',(-0.0564037661607815,-0.00747056267646765,0.0659637212109202));
#12286=CARTESIAN_POINT('',(-0.0584897925484595,-0.0039350291214785,0.0664187762249953));
#12287=CARTESIAN_POINT('',(-0.0584897925484595,-0.00600609664253259,0.0664187762249953));
#12288=CARTESIAN_POINT('',(-0.0577355171772228,-0.00747056267637081,0.0651634959467925));
#12289=CARTESIAN_POINT('',(-0.0583903409687206,-0.00393502912148519,0.066478316320906));
#12290=CARTESIAN_POINT('',(-0.0581304049556721,-0.00435606381837923,0.066633365746099));
#12291=CARTESIAN_POINT('',(-0.0574234876777313,-0.0050120404440558,0.0669428751542576));
#12292=CARTESIAN_POINT('',(-0.056648723059132,-0.00565358658809101,0.0671243937931484));
#12293=CARTESIAN_POINT('',(-0.0562466925431706,-0.00596304630727257,0.0671770424808791));
#12294=CARTESIAN_POINT('',(-0.0562466925431706,-0.00596304630727256,0.0671770424808791));
#12295=CARTESIAN_POINT('',(-0.0562466925431706,-0.00596304630727256,0.0671770424808791));
#12296=CARTESIAN_POINT('',(-0.0553161184019164,-0.00667934818237147,0.0672989076265038));
#12297=CARTESIAN_POINT('',(-0.0542344597925292,-0.00712407688337693,0.0674000129256784));
#12298=CARTESIAN_POINT('',(-0.0531170262287515,-0.00747056267637076,0.0674854400996824));
#12299=CARTESIAN_POINT('',(-0.0571770228905614,-0.0095,0.0387192475207838));
#12300=CARTESIAN_POINT('',(-0.0576749716710521,-0.0095,0.0358952396548863));
#12301=CARTESIAN_POINT('',(-0.0564650566272066,-0.0143796660562613,0.0364779438630154));
#12302=CARTESIAN_POINT('',(0.203651687267005,-0.0095,1.51795236947173));
#12303=CARTESIAN_POINT('',(-0.0597333208622506,-0.0143765846699728,0.0178638023515467));
#12304=CARTESIAN_POINT('',(-0.0597333208622506,-0.0143765846699728,0.0178638023515467));
#12305=CARTESIAN_POINT('',(-0.0598679441616273,-0.0143764569116182,0.0170970659541439));
#12306=CARTESIAN_POINT('',(-0.0602807871424633,-0.0144128280928965,0.015589768452358));
#12307=CARTESIAN_POINT('',(-0.06107149782515,-0.0145,0.0142436787213569));
#12308=CARTESIAN_POINT('',(-0.0615950100179842,-0.0145,0.0136635974457256));
#12309=CARTESIAN_POINT('',(-0.0571770228905614,-0.0095,0.0387192475207838));
#12310=CARTESIAN_POINT('',(-0.0516965997143624,0.00393502959670034,0.0377529010491199));
#12311=CARTESIAN_POINT('',(-0.0523267318981432,0.0095,0.0662266146459409));
#12312=CARTESIAN_POINT('',(-0.0523267318981432,0.0095,0.0662266146459409));
#12313=CARTESIAN_POINT('',(-0.0571775132433436,0.0095,0.0387164665919654));
#12314=CARTESIAN_POINT('',(-0.0398525661372702,0.0130355610429996,0.0495698286725324));
#12315=CARTESIAN_POINT('',(-0.0398502803622727,0.0145,0.0510342883266034));
#12316=CARTESIAN_POINT('',(-0.0398470478130823,0.0145,0.053105331134605));
#12317=CARTESIAN_POINT('',(-0.0401115630523856,0.0130355095822749,0.0495701814615408));
#12318=CARTESIAN_POINT('',(-0.0401092780358778,0.014500000000002,0.0510346499465402));
#12319=CARTESIAN_POINT('',(-0.0401060446274223,0.0145,0.0531057353850323));
#12320=CARTESIAN_POINT('',(-0.0404906227206344,0.0130355420405355,0.0495668993764124));
#12321=CARTESIAN_POINT('',(-0.0405455407940399,0.0144999999999991,0.051031039627619));
#12322=CARTESIAN_POINT('',(-0.0406232082443699,0.0145,0.0531016418588731));
#12323=CARTESIAN_POINT('',(-0.0411171024261604,0.0130355290003896,0.0495313543041804));
#12324=CARTESIAN_POINT('',(-0.0412311690896999,0.0145000000000002,0.0509917387339208));
#12325=CARTESIAN_POINT('',(-0.04139248313737,0.0145,0.0530570370871377));
#12326=CARTESIAN_POINT('',(-0.0417223102229854,0.0130355324735823,0.049469987988044));
#12327=CARTESIAN_POINT('',(-0.0419020459146687,0.0144999999999999,0.0509239025860821));
#12328=CARTESIAN_POINT('',(-0.0421562309670501,0.0145,0.0529800491479311));
#12329=CARTESIAN_POINT('',(-0.0425293564673166,0.0130355313367491,0.0493523559454039));
#12330=CARTESIAN_POINT('',(-0.0427936009022874,0.0145,0.0507938642981362));
#12331=CARTESIAN_POINT('',(-0.0431672989999833,0.0145,0.0528324664601799));
#12332=CARTESIAN_POINT('',(-0.0435233682977329,0.0130355318905373,0.0491400585204616));
#12333=CARTESIAN_POINT('',(-0.0438927361628947,0.0145,0.0505591780969156));
#12334=CARTESIAN_POINT('',(-0.0444151016112418,0.0145,0.0525661173807334));
#12335=CARTESIAN_POINT('',(-0.0451009604891593,0.0130355316732016,0.0486535050305478));
#12336=CARTESIAN_POINT('',(-0.0456365875332913,0.0145,0.0500213118590929));
#12337=CARTESIAN_POINT('',(-0.0463940789552362,0.0145,0.0519556840633262));
#12338=CARTESIAN_POINT('',(-0.0469547771711166,0.0130355317776897,0.0477988524820812));
#12339=CARTESIAN_POINT('',(-0.047685966156303,0.0145,0.0490765279528392));
#12340=CARTESIAN_POINT('',(-0.0487200242002029,0.0145,0.0508834350060986));
#12341=CARTESIAN_POINT('',(-0.0489856166518955,0.0130355317526135,0.0463839762316806));
#12342=CARTESIAN_POINT('',(-0.0499309628478768,0.0145,0.0475124324345294));
#12343=CARTESIAN_POINT('',(-0.0512678850532828,0.0145,0.0491083114901464));
#12344=CARTESIAN_POINT('',(-0.0507184771893094,0.0130355317275325,0.0446514400252858));
#12345=CARTESIAN_POINT('',(-0.0518465744924562,0.0145,0.0455971990282057));
#12346=CARTESIAN_POINT('',(-0.0534419460019204,0.0145,0.0469347050219868));
#12347=CARTESIAN_POINT('',(-0.051899358274679,0.0130355318320326,0.0429591974862168));
#12348=CARTESIAN_POINT('',(-0.0531520012600923,0.0145,0.0437264349049424));
#12349=CARTESIAN_POINT('',(-0.0549235069680451,0.0145,0.0448114731870999));
#12350=CARTESIAN_POINT('',(-0.0526489358770065,0.0130355316146728,0.0415041952499551));
#12351=CARTESIAN_POINT('',(-0.0539806102136052,0.0145,0.0421181003588185));
#12352=CARTESIAN_POINT('',(-0.0558638833720366,0.0145,0.0429862937497581));
#12353=CARTESIAN_POINT('',(-0.0530336243195403,0.0130355321685223,0.0405633307687419));
#12354=CARTESIAN_POINT('',(-0.0544059193777119,0.0145,0.0410777216595332));
#12355=CARTESIAN_POINT('',(-0.0563466385545591,0.0145,0.0418051808226344));
#12356=CARTESIAN_POINT('',(-0.0532922302261336,0.0130355310315633,0.0397880428330226));
#12357=CARTESIAN_POINT('',(-0.0546916933110382,0.0145000000000001,0.0402212654359787));
#12358=CARTESIAN_POINT('',(-0.0566708346612671,0.0145,0.0408339349241258));
#12359=CARTESIAN_POINT('',(-0.0534599887195268,0.0130355345051402,0.0392008098559944));
#12360=CARTESIAN_POINT('',(-0.0548774640458539,0.0144999999999998,0.0395702863377127));
#12361=CARTESIAN_POINT('',(-0.0568820763752856,0.0145,0.0400928056862262));
#12362=CARTESIAN_POINT('',(-0.0536062769312837,0.013035521463552,0.0385856690045555));
#12363=CARTESIAN_POINT('',(-0.0550379777268726,0.0145000000000007,0.0388970893170395));
#12364=CARTESIAN_POINT('',(-0.0570627158468865,0.0145,0.0393375039782056));
#12365=CARTESIAN_POINT('',(-0.053676275445041,0.0130355539254026,0.0382124090093833));
#12366=CARTESIAN_POINT('',(-0.0551183507059849,0.0144999999999985,0.0384674968828704));
#12367=CARTESIAN_POINT('',(-0.0571577412215585,0.0145,0.0388282454266161));
#12368=CARTESIAN_POINT('',(-0.0537213384033276,0.0130355024612506,0.0379573622366376));
#12369=CARTESIAN_POINT('',(-0.0551634222211049,0.0145,0.038212452425267));
#12370=CARTESIAN_POINT('',(-0.0572028548527926,0.0145,0.0385732076381755));
#12371=CARTESIAN_POINT('',(-0.0399944610220961,0.0095,0.0531055612220519));
#12372=CARTESIAN_POINT('',(-3.99349663684517E-6,0.0095,0.0530649770309892));
#12373=CARTESIAN_POINT('',(-0.0649311228960842,0.0095,0.0400653727201929));
#12374=CARTESIAN_POINT('',(-0.0649304710780034,0.0095,0.0400690693642238));
#12375=CARTESIAN_POINT('',(-0.0397888152445473,0.0145,0.060975463448306));
#12376=CARTESIAN_POINT('',(-0.0397872580947819,0.0145,0.0630465229217094));
#12377=CARTESIAN_POINT('',(-0.0397861570207089,0.013035543264723,0.0645109869961158));
#12378=CARTESIAN_POINT('',(-0.0401622619829616,0.0145,0.060975744228508));
#12379=CARTESIAN_POINT('',(-0.0401607052000641,0.0145000000000018,0.0630468179660618));
#12380=CARTESIAN_POINT('',(-0.0401596037477656,0.0130355260467353,0.0645112849943948));
#12381=CARTESIAN_POINT('',(-0.0409081598145012,0.0145,0.0609693419890934));
#12382=CARTESIAN_POINT('',(-0.0409868179715409,0.0144999999999992,0.0630398969319877));
#12383=CARTESIAN_POINT('',(-0.0410424382593614,0.0130355368213996,0.0645040015784462));
#12384=CARTESIAN_POINT('',(-0.0420190982352586,0.0145,0.0609045046271248));
#12385=CARTESIAN_POINT('',(-0.0421810397070073,0.0145000000000002,0.0629697480587086));
#12386=CARTESIAN_POINT('',(-0.0422955493395352,0.0130355324926649,0.0644300951161562));
#12387=CARTESIAN_POINT('',(-0.0431233712634074,0.0145,0.0607929668709573));
#12388=CARTESIAN_POINT('',(-0.0433777854067299,0.0144999999999999,0.0628490774454356));
#12389=CARTESIAN_POINT('',(-0.0435576834451089,0.0130355336456071,0.0643029670644646));
#12390=CARTESIAN_POINT('',(-0.0445863744771735,0.0145,0.0605794193250855));
#12391=CARTESIAN_POINT('',(-0.0449599188393553,0.0145,0.0626180430180339));
#12392=CARTESIAN_POINT('',(-0.045224054475328,0.013035533268228,0.0640595674006124));
#12393=CARTESIAN_POINT('',(-0.0463985854098698,0.0145,0.0601927570648708));
#12394=CARTESIAN_POINT('',(-0.0469208520422176,0.0145,0.0621997183961463));
#12395=CARTESIAN_POINT('',(-0.0472901503022966,0.0130355334520782,0.0636188541776069));
#12396=CARTESIAN_POINT('',(-0.0492568606720592,0.0145,0.0593108940359302));
#12397=CARTESIAN_POINT('',(-0.0500130534953873,0.0145,0.0612456425541038));
#12398=CARTESIAN_POINT('',(-0.0505477624647258,0.0130355333798348,0.0626137161516619));
#12399=CARTESIAN_POINT('',(-0.052593001363246,0.0145,0.0577800353532639));
#12400=CARTESIAN_POINT('',(-0.053622442325286,0.0145000000000001,0.0595894270704407));
#12401=CARTESIAN_POINT('',(-0.0543503669203772,0.0130355334152616,0.0608688600432797));
#12402=CARTESIAN_POINT('',(-0.0562928221274043,0.0145,0.0552165827566688));
#12403=CARTESIAN_POINT('',(-0.0576252086374649,0.0144999999999995,0.0568160620296216));
#12404=CARTESIAN_POINT('',(-0.0585673480363352,0.0130355334038705,0.0579470645105621));
#12405=CARTESIAN_POINT('',(-0.0594242542952435,0.0145,0.052109838699651));
#12406=CARTESIAN_POINT('',(-0.0610130685792182,0.0145000000000018,0.0534549172452572));
#12407=CARTESIAN_POINT('',(-0.0621365297760724,0.0130355334069226,0.0544060312713057));
#12408=CARTESIAN_POINT('',(-0.0620170368228249,0.0145,0.0484312533964705));
#12409=CARTESIAN_POINT('',(-0.0638181638175565,0.0144999999999932,0.0494751050715089));
#12410=CARTESIAN_POINT('',(-0.0650917527489703,0.0130355334061052,0.0502132195653751));
#12411=CARTESIAN_POINT('',(-0.0638879235421232,0.0145,0.0444372336181624));
#12412=CARTESIAN_POINT('',(-0.0658422514992064,0.0145000000000254,0.0451540285650315));
#12413=CARTESIAN_POINT('',(-0.0672241698548742,0.0130355334063228,0.0456608790608248));
#12414=CARTESIAN_POINT('',(-0.0646714646468016,0.0145,0.0415402309438507));
#12415=CARTESIAN_POINT('',(-0.0666899540380473,0.0144999999999453,0.0420198001704587));
#12416=CARTESIAN_POINT('',(-0.0681172413732482,0.0130355334062875,0.0423589067750622));
#12417=CARTESIAN_POINT('',(-0.0649304711984199,0.0145,0.0400690693854565));
#12418=CARTESIAN_POINT('',(-0.0669701697576774,0.0145,0.0404281701836362));
#12419=CARTESIAN_POINT('',(-0.0684124542366756,0.0130355334062777,0.0406820927572732));
#12420=CARTESIAN_POINT('',(-0.0400035674716281,0.0095,0.0609756248951052));
#12421=CARTESIAN_POINT('',(-6.41189925618075E-6,0.0095,0.0609350335290288));
#12422=CARTESIAN_POINT('',(-0.0600772181457355,-0.0095,0.0675932344850014));
#12423=CARTESIAN_POINT('',(-0.0693526615772109,-0.0145,0.0149895807831822));
#12424=CARTESIAN_POINT('',(-0.0696567731415525,-0.0145,0.0157176283252387));
#12425=CARTESIAN_POINT('',(-0.0699493754517443,-0.0144085648317546,0.0172623033501343));
#12426=CARTESIAN_POINT('',(-0.0698247772659064,-0.0143703926072929,0.0188255423347674));
#12427=CARTESIAN_POINT('',(-0.0696891021633317,-0.0143702604639326,0.0195982691944348));
#12428=CARTESIAN_POINT('',(-0.0696891021633317,-0.0143702604639326,0.0195982691944348));
#12429=CARTESIAN_POINT('',(-0.339651687267015,-0.0095,-1.51795236947178));
#12430=CARTESIAN_POINT('',(-0.0660599217071766,-0.0143667006600818,0.0402679802476335));
#12431=CARTESIAN_POINT('',(-0.0649306325430106,-0.0095,0.0400681536506641));
#12432=CARTESIAN_POINT('',(-0.0660468499024763,-0.0143704856432552,0.040248900277174));
#12433=CARTESIAN_POINT('',(-0.0674191460665051,-0.014047016978704,0.0404905010007456));
#12434=CARTESIAN_POINT('',(-0.0684153091280782,-0.0130355326473321,0.0406658813033217));
#12435=CARTESIAN_POINT('',(-0.0660267895465969,-0.0143704861309384,0.0403628313191619));
#12436=CARTESIAN_POINT('',(-0.0673990830547114,-0.0140470187262557,0.0406044315644876));
#12437=CARTESIAN_POINT('',(-0.0683952455857208,-0.013035537981036,0.0407798117991472));
#12438=CARTESIAN_POINT('',(-0.0659824267343906,-0.0143704855237439,0.0406067804936511));
#12439=CARTESIAN_POINT('',(-0.0673510669271251,-0.0140470165504501,0.0408687266258111));
#12440=CARTESIAN_POINT('',(-0.0683445757473508,-0.013035531340258,0.0410588757555164));
#12441=CARTESIAN_POINT('',(-0.0658898893313934,-0.0143704858205944,0.0410767220584209));
#12442=CARTESIAN_POINT('',(-0.0672542918577476,-0.0140470176141771,0.0413597932214497));
#12443=CARTESIAN_POINT('',(-0.0682447253497371,-0.01303553458686,0.04156527746952));
#12444=CARTESIAN_POINT('',(-0.065710234653127,-0.0143704856316907,0.0419011019238631));
#12445=CARTESIAN_POINT('',(-0.0670647542830865,-0.014047016937263,0.0422299745078217));
#12446=CARTESIAN_POINT('',(-0.068048013167805,-0.0130355325208468,0.0424687062211236));
#12447=CARTESIAN_POINT('',(-0.0655285634383608,-0.0143704857126438,0.0425958946997395));
#12448=CARTESIAN_POINT('',(-0.0668736777660048,-0.0140470172273546,0.042960409872148));
#12449=CARTESIAN_POINT('',(-0.0678501094652638,-0.0130355334062516,0.0432250150152799));
#12450=CARTESIAN_POINT('',(-0.0653950084028554,-0.0143704857126488,0.0430555808809057));
#12451=CARTESIAN_POINT('',(-0.0667330796667586,-0.0140470172273675,0.0434443377381389));
#12452=CARTESIAN_POINT('',(-0.0677043987368924,-0.0130355334062777,0.0437265401583407));
#12453=CARTESIAN_POINT('',(-0.0660599217230089,-0.0143667007288189,0.0402679802511286));
#12454=CARTESIAN_POINT('',(-0.0660166259628302,-0.014366668376644,0.0405146892243897));
#12455=CARTESIAN_POINT('',(-0.0659723742750043,-0.0143660286705459,0.0407612146243701));
#12456=CARTESIAN_POINT('',(-0.0659271693647122,-0.0143647680091059,0.0410075568518433));
#12457=CARTESIAN_POINT('',(-0.0659271693647122,-0.014364768009106,0.0410075568518433));
#12458=CARTESIAN_POINT('',(-0.0659271693647201,-0.0143647680091044,0.0410075568518378));
#12459=CARTESIAN_POINT('',(-0.0665620902988313,-0.0141702717416502,0.0419875595277727));
#12460=CARTESIAN_POINT('',(-0.0671845363728808,-0.0137576912376729,0.04292605457038));
#12461=CARTESIAN_POINT('',(-0.0677095764335208,-0.0130355334062777,0.0437086974656532));
#12462=CARTESIAN_POINT('',(-0.0704122945060561,0.00393502959670034,0.041027474613007));
#12463=CARTESIAN_POINT('',(-0.0704122945060561,0.00393502959670034,0.041027474613007));
#12464=CARTESIAN_POINT('',(-0.0704122945060561,0.00393502959670034,0.041027474613007));
#12465=CARTESIAN_POINT('',(-0.0753367497247534,0.00393503009413503,0.0418933475289281));
#12466=CARTESIAN_POINT('',(-0.075336578481832,0.00600609724962222,0.041894321414583));
#12467=CARTESIAN_POINT('',(-0.0738941190796281,0.0074705630897208,0.0416413968873165));
#12468=CARTESIAN_POINT('',(-0.0753365565118022,0.00393502963573047,0.0418944463616271));
#12469=CARTESIAN_POINT('',(-0.075336396398425,0.00600609677847339,0.0418953567741355));
#12470=CARTESIAN_POINT('',(-0.0738939528089241,0.00747056263131625,0.0416423424951826));
#12471=CARTESIAN_POINT('',(-0.0753363632475658,0.00393502922213703,0.0418955451853072));
#12472=CARTESIAN_POINT('',(-0.0753362142696568,0.00600609635338147,0.0418963921257131));
#12473=CARTESIAN_POINT('',(-0.0738937864940862,0.0074705622177228,0.0416432880952874));
#12474=CARTESIAN_POINT('',(-0.0753361699320446,0.0039350288533547,0.0418966439999658));
#12475=CARTESIAN_POINT('',(-0.0753360320955278,0.00600609597434648,0.0418974274693131));
#12476=CARTESIAN_POINT('',(-0.0738936201351149,0.00747056184894047,0.0416442336876287));
#12477=CARTESIAN_POINT('',(-0.0704120366064013,0.00393502941300561,0.0410289382924862));
#12478=CARTESIAN_POINT('',(-0.0753524506011638,0.00393513662853279,0.0418033825992234));
#12479=CARTESIAN_POINT('',(-0.0753515175471142,0.00600620495263699,0.0418087694291491));
#12480=CARTESIAN_POINT('',(-0.0739078685184949,0.00747066754493131,0.0415626379813991));
#12481=CARTESIAN_POINT('',(-0.0753240744304651,0.00393475893757019,0.0419672076268902));
#12482=CARTESIAN_POINT('',(-0.0753247554518604,0.00600582060177786,0.0419631273318343));
#12483=CARTESIAN_POINT('',(-0.0738834446535592,0.00747029448877155,0.041703617883414));
#12484=CARTESIAN_POINT('',(-0.075264994352292,0.00393515110040553,0.0422947403451067));
#12485=CARTESIAN_POINT('',(-0.075264686848081,0.00600622126593518,0.0422965827161811));
#12486=CARTESIAN_POINT('',(-0.0738250488146855,0.00747068375403155,0.0420278756570757));
#12487=CARTESIAN_POINT('',(-0.0751375964081528,0.00393495959465949,0.0429487336074656));
#12488=CARTESIAN_POINT('',(-0.0751377717380111,0.00600602560847323,0.0429476831893716));
#12489=CARTESIAN_POINT('',(-0.0737036982387659,0.00747049366326491,0.0426502253387316));
#12490=CARTESIAN_POINT('',(-0.074890146933928,0.00393507911763508,0.0440912980603018));
#12491=CARTESIAN_POINT('',(-0.0748900207779108,0.00600614772257143,0.0440920537664572));
#12492=CARTESIAN_POINT('',(-0.0734658282173286,0.00747061230312052,0.0437492041160595));
#12493=CARTESIAN_POINT('',(-0.0744669788468541,0.00393501216371764,0.0457125347344446));
#12494=CARTESIAN_POINT('',(-0.0744670216816543,0.00600607931714642,0.0457122782405393));
#12495=CARTESIAN_POINT('',(-0.0730602382951934,0.00747054584390596,0.0453025015361334));
#12496=CARTESIAN_POINT('',(-0.0738530217360569,0.00393503356558155,0.0476210715817671));
#12497=CARTESIAN_POINT('',(-0.0738530104932526,0.00600610118297928,0.0476211388541263));
#12498=CARTESIAN_POINT('',(-0.072471262066416,0.00747056708763711,0.0471336412720021));
#12499=CARTESIAN_POINT('',(-0.0728901532555442,0.00393502654857524,0.0501234006779109));
#12500=CARTESIAN_POINT('',(-0.072890159780085,0.00600609401385211,0.0501233616903285));
#12501=CARTESIAN_POINT('',(-0.0715477499736137,0.00747056012248088,0.049533589533294));
#12502=CARTESIAN_POINT('',(-0.0714462644321919,0.00393503005709176,0.0531028361736365));
#12503=CARTESIAN_POINT('',(-0.0714462620512051,0.00600609759842312,0.0531028503684664));
#12504=CARTESIAN_POINT('',(-0.0701628169636099,0.00747056360504747,0.0523914293615876));
#12505=CARTESIAN_POINT('',(-0.0700396961427777,0.00393502912145176,0.0553405177432535));
#12506=CARTESIAN_POINT('',(-0.0700396961426548,0.00600609664251753,0.0553405177432013));
#12507=CARTESIAN_POINT('',(-0.0688136998331529,0.0074705626763938,0.0545376954828869));
#12508=CARTESIAN_POINT('',(-0.0692730950769631,0.00393502912147847,0.0564218218137828));
#12509=CARTESIAN_POINT('',(-0.0692730950769631,0.00600609664253252,0.0564218218137827));
#12510=CARTESIAN_POINT('',(-0.0680784082732284,0.00747056267637075,0.0555748369535395));
#12511=CARTESIAN_POINT('',(-0.0702806060663859,0.00393502912147844,0.0549220013580276));
#12512=CARTESIAN_POINT('',(-0.0703227732786918,0.00430280275269247,0.0548556785862023));
#12513=CARTESIAN_POINT('',(-0.0702669814422424,0.00506329253701912,0.0547855115587437));
#12514=CARTESIAN_POINT('',(-0.0696014625788131,0.00643581352059392,0.0549200733442264));
#12515=CARTESIAN_POINT('',(-0.0687400478585567,0.00712223028355889,0.055241091190965));
#12516=CARTESIAN_POINT('',(-0.0681306186565711,0.0074705626763708,0.0555009876938748));
#12517=CARTESIAN_POINT('',(-0.0704115460722832,-0.00393502959670039,0.0410317191918568));
#12518=CARTESIAN_POINT('',(-0.0704115460722832,-0.00393502959670039,0.0410317191918568));
#12519=CARTESIAN_POINT('',(-0.0704122945060561,-0.00393502959670039,0.041027474613007));
#12520=CARTESIAN_POINT('',(-0.0753361699320446,-0.00393502885335475,0.0418966439999658));
#12521=CARTESIAN_POINT('',(-0.0753360320955278,-0.00600609597434653,0.0418974274693131));
#12522=CARTESIAN_POINT('',(-0.0738936201351149,-0.00747056184894052,0.0416442336876287));
#12523=CARTESIAN_POINT('',(-0.0753363632475658,-0.00393502922213708,0.0418955451853071));
#12524=CARTESIAN_POINT('',(-0.0753362142696568,-0.00600609635338152,0.0418963921257131));
#12525=CARTESIAN_POINT('',(-0.0738937864940862,-0.00747056221772286,0.0416432880952873));
#12526=CARTESIAN_POINT('',(-0.0753365565118022,-0.00393502963573052,0.0418944463616271));
#12527=CARTESIAN_POINT('',(-0.075336396398425,-0.00600609677847341,0.0418953567741355));
#12528=CARTESIAN_POINT('',(-0.0738939528089241,-0.00747056263131629,0.0416423424951826));
#12529=CARTESIAN_POINT('',(-0.0753367497247534,-0.00393503009413508,0.0418933475289281));
#12530=CARTESIAN_POINT('',(-0.075336578481832,-0.00600609724962227,0.041894321414583));
#12531=CARTESIAN_POINT('',(-0.0738941190796281,-0.00747056308972085,0.0416413968873165));
#12532=CARTESIAN_POINT('',(-0.0704118009959476,-0.00393502885991882,0.0410302776908668));
#12533=CARTESIAN_POINT('',(-0.0738938584407677,-0.00747056267637077,0.0416428774241381));
#12534=CARTESIAN_POINT('',(-0.0753361733704426,-0.00600609664253254,0.0418966244559159));
#12535=CARTESIAN_POINT('',(-0.0753361733704426,-0.00393502912147846,0.0418966244559159));
#12536=CARTESIAN_POINT('',(-0.0734086853796355,-0.00747056267638006,0.0444006332277456));
#12537=CARTESIAN_POINT('',(-0.0748303411182833,-0.00600609664249245,0.0447718084691505));
#12538=CARTESIAN_POINT('',(-0.0748303411183029,-0.00393502912144577,0.0447718084691466));
#12539=CARTESIAN_POINT('',(-0.0717385377592454,-0.00747056267631536,0.0498545671653381));
#12540=CARTESIAN_POINT('',(-0.0730890768150194,-0.00600609664257148,0.0504579767826191));
#12541=CARTESIAN_POINT('',(-0.0730890768149727,-0.00393502912150466,0.0504579767826084));
#12542=CARTESIAN_POINT('',(-0.0688426652604753,-0.00747056267647249,0.0546567290617401));
#12543=CARTESIAN_POINT('',(-0.0700698949491539,-0.006006096642495,0.0554646199000123));
#12544=CARTESIAN_POINT('',(-0.0700698949492277,-0.00393502912145899,0.0554646199000376));
#12545=CARTESIAN_POINT('',(-0.0671247167547696,-0.00747056267637084,0.0568559188066639));
#12546=CARTESIAN_POINT('',(-0.0682787943474137,-0.00600609664253261,0.0577574535107414));
#12547=CARTESIAN_POINT('',(-0.0682787943474137,-0.00393502912147854,0.0577574535107414));
#12548=CARTESIAN_POINT('',(-0.069419600320674,-0.00747056267637079,0.0535330537691155));
#12549=CARTESIAN_POINT('',(-0.0692406496283158,-0.00715802158700189,0.0544299963700319));
#12550=CARTESIAN_POINT('',(-0.0689600370780396,-0.00656650868990321,0.0557282140439492));
#12551=CARTESIAN_POINT('',(-0.0685800395079997,-0.00528560339103214,0.0571427192221352));
#12552=CARTESIAN_POINT('',(-0.06840871633734,-0.00441318220664121,0.0575903843933318));
#12553=CARTESIAN_POINT('',(-0.0683427634818465,-0.00393502912147844,0.0576753194919493));
#12554=CARTESIAN_POINT('',(-0.0612683778041745,-0.0163272185379619,0.0181324132770895));
#12555=CARTESIAN_POINT('',(-0.0612683144217199,-0.0147293984897099,0.0181327748824158));
#12556=CARTESIAN_POINT('',(-0.0597333208622507,-0.0143765846699728,0.0178638023515467));
#12557=CARTESIAN_POINT('',(-0.0601812694339637,-0.0163286652685719,0.0243345109960526));
#12558=CARTESIAN_POINT('',(-0.0601807996594555,-0.014729311794285,0.0243371911219367));
#12559=CARTESIAN_POINT('',(-0.0586444144537932,-0.014377618048955,0.0240655830278484));
#12560=CARTESIAN_POINT('',(-0.0590936449007327,-0.016330103254423,0.030539553493639));
#12561=CARTESIAN_POINT('',(-0.0590931739628363,-0.0147292144178179,0.0305422402575257));
#12562=CARTESIAN_POINT('',(-0.057554991028733,-0.0143786451817242,0.0302703083322101));
#12563=CARTESIAN_POINT('',(-0.0580055102347581,-0.0163315324787658,0.0367475063663203));
#12564=CARTESIAN_POINT('',(-0.0580054474979921,-0.0147291063604346,0.0367478642879076));
#12565=CARTESIAN_POINT('',(-0.0564650566272056,-0.0143796660562613,0.0364779438630212));
#12566=CARTESIAN_POINT('',(-0.0560355432860981,-0.0163315324787658,0.0364022090724034));
#12567=CARTESIAN_POINT('',(-0.0592984108555131,-0.0163272185379618,0.0177871159831788));
#12568=CARTESIAN_POINT('',(-0.0626156634488676,-0.0153420906217762,0.0149354120728813));
#12569=CARTESIAN_POINT('',(-0.0622414208605002,-0.0145,0.0144690763083717));
#12570=CARTESIAN_POINT('',(-0.0615950100179842,-0.0145,0.0136635974457256));
#12571=CARTESIAN_POINT('',(-0.0622704068424226,-0.0154943322401949,0.0153510931999404));
#12572=CARTESIAN_POINT('',(-0.0618945589597009,-0.0145600081894134,0.0149551118092708));
#12573=CARTESIAN_POINT('',(-0.0611118544098667,-0.0145,0.0141989613344463));
#12574=CARTESIAN_POINT('',(-0.0616981593989385,-0.015764527280586,0.0163295730504249));
#12575=CARTESIAN_POINT('',(-0.0613485087461045,-0.014623684544738,0.0161301539308813));
#12576=CARTESIAN_POINT('',(-0.0603107464138277,-0.0144180286726253,0.0155009049384776));
#12577=CARTESIAN_POINT('',(-0.0613745927161255,-0.0161274166341743,0.017526443089397));
#12578=CARTESIAN_POINT('',(-0.0612249456085148,-0.0146947162497984,0.0174917663838725));
#12579=CARTESIAN_POINT('',(-0.0598718052112951,-0.0143764532469044,0.0170750756358167));
#12580=CARTESIAN_POINT('',(-0.0612683778041712,-0.0163272185379679,0.0181324132771078));
#12581=CARTESIAN_POINT('',(-0.0612683144217212,-0.014729398489711,0.0181327748824359));
#12582=CARTESIAN_POINT('',(-0.0597333208622465,-0.0143765846699728,0.0178638023515704));
#12583=CARTESIAN_POINT('',(-0.0615950100179842,-0.0165,0.0136635974457256));
#12584=CARTESIAN_POINT('',(-0.063985396884413,-0.0150352335329459,0.0142156788838525));
#12585=CARTESIAN_POINT('',(-0.0640847922743386,-0.0145,0.0136486149755749));
#12586=CARTESIAN_POINT('',(-0.0642205072735022,-0.0145,0.0128743428700453));
#12587=CARTESIAN_POINT('',(-0.0635525566709264,-0.0150352335329498,0.014139810324481));
#12588=CARTESIAN_POINT('',(-0.0634689642931617,-0.0144999999999997,0.0135406721821488));
#12589=CARTESIAN_POINT('',(-0.0633548268465164,-0.0145,0.0127226057512991));
#12590=CARTESIAN_POINT('',(-0.0630626738595406,-0.0151449804445093,0.0143972216656634));
#12591=CARTESIAN_POINT('',(-0.0627686898976334,-0.0144999999999969,0.01385556353551));
#12592=CARTESIAN_POINT('',(-0.0624158222612996,-0.0145,0.013004881297669));
#12593=CARTESIAN_POINT('',(-0.0626156634488677,-0.0153420906217762,0.0149354120728813));
#12594=CARTESIAN_POINT('',(-0.0622414208605002,-0.0145,0.0144690763083718));
#12595=CARTESIAN_POINT('',(-0.0615950100179842,-0.0145,0.0136635974457256));
#12596=CARTESIAN_POINT('',(-0.0642205072735022,-0.0165,0.0128743428700453));
#12597=CARTESIAN_POINT('',(-0.00941809189974125,-0.0165,0.00326853413239382));
#12598=CARTESIAN_POINT('',(-0.0671754576964942,-0.0165,0.0133922888109115));
#12599=CARTESIAN_POINT('',(-0.0679735052387466,-0.0153337935853679,0.0158485862503037));
#12600=CARTESIAN_POINT('',(-0.0684814888500692,-0.0145,0.0155321894161202));
#12601=CARTESIAN_POINT('',(-0.0693526615772109,-0.0145,0.0149895807831823));
#12602=CARTESIAN_POINT('',(-0.0677358754206634,-0.0151418080677593,0.0152064210568531));
#12603=CARTESIAN_POINT('',(-0.0681916798894432,-0.0145000000000037,0.0147928482275208));
#12604=CARTESIAN_POINT('',(-0.0688060967099406,-0.0145,0.0141120562156099));
#12605=CARTESIAN_POINT('',(-0.0673670775046787,-0.015035233532947,0.0148084224158412));
#12606=CARTESIAN_POINT('',(-0.0676468775884621,-0.0144999999999983,0.0142729799784978));
#12607=CARTESIAN_POINT('',(-0.0680289180910599,-0.0145,0.0135418839931603));
#12608=CARTESIAN_POINT('',(-0.0669403473074049,-0.0150352335329459,0.0147336248247187));
#12609=CARTESIAN_POINT('',(-0.0670397426973305,-0.0145,0.0141665609164411));
#12610=CARTESIAN_POINT('',(-0.0671754576964941,-0.0145,0.0133922888109115));
#12611=CARTESIAN_POINT('',(-0.0693526615772109,-0.0165,0.0149895807831822));
#12612=CARTESIAN_POINT('',(-0.0681649063333086,-0.0163183646495057,0.0193315733759605));
#12613=CARTESIAN_POINT('',(-0.0681649710065032,-0.0147297922293607,0.0193312044067908));
#12614=CARTESIAN_POINT('',(-0.0696891021633317,-0.0143702604639327,0.0195982691944348));
#12615=CARTESIAN_POINT('',(-0.0682734296126609,-0.0161144684087948,0.0187124336454891));
#12616=CARTESIAN_POINT('',(-0.0684285057288879,-0.0146935590175868,0.0187299176640953));
#12617=CARTESIAN_POINT('',(-0.0698306175772333,-0.0143703982954401,0.0187922793050065));
#12618=CARTESIAN_POINT('',(-0.0683733716162601,-0.0157553273709017,0.0174815540094383));
#12619=CARTESIAN_POINT('',(-0.0687694648445985,-0.0146226716322222,0.0174080349488434));
#12620=CARTESIAN_POINT('',(-0.0699503623765827,-0.0144142671685396,0.017167987584651));
#12621=CARTESIAN_POINT('',(-0.0681625020143753,-0.0154864875623022,0.0163593266509478));
#12622=CARTESIAN_POINT('',(-0.0686489783488667,-0.0145604815672937,0.016109846330332));
#12623=CARTESIAN_POINT('',(-0.0696328097189401,-0.0145000000000007,0.015660259547929));
#12624=CARTESIAN_POINT('',(-0.0679735052387468,-0.0153337935853686,0.0158485862503037));
#12625=CARTESIAN_POINT('',(-0.0684814888500694,-0.0145000000000008,0.0155321894161202));
#12626=CARTESIAN_POINT('',(-0.0693526615772111,-0.0145000000000008,0.0149895807831822));
#12627=CARTESIAN_POINT('',(-0.0701348732819699,-0.0163183646495056,0.0196768706698713));
#12628=CARTESIAN_POINT('',(-0.0696891021633319,-0.0143702604639326,0.0195982691944337));
#12629=CARTESIAN_POINT('',(-0.0681649710065035,-0.0147297922293606,0.0193312044067896));
#12630=CARTESIAN_POINT('',(-0.0681649063333088,-0.0163183646495056,0.0193315733759594));
#12631=CARTESIAN_POINT('',(-0.0684787162886793,-0.0143690815854379,0.0264919266028783));
#12632=CARTESIAN_POINT('',(-0.0669570837346408,-0.0147298407789374,0.0262223618107558));
#12633=CARTESIAN_POINT('',(-0.0669565190875565,-0.0163167142196566,0.026225583196757));
#12634=CARTESIAN_POINT('',(-0.0672689867359037,-0.0143678949898523,0.033381845980939));
#12635=CARTESIAN_POINT('',(-0.065749350049787,-0.0147298761423979,0.0331126429800635));
#12636=CARTESIAN_POINT('',(-0.0657487870801543,-0.0163150529858161,0.0331158547956923));
#12637=CARTESIAN_POINT('',(-0.066059921769594,-0.0143667006943145,0.0402679802585928));
#12638=CARTESIAN_POINT('',(-0.0645417839422608,-0.014729898321191,0.0400019680972199));
#12639=CARTESIAN_POINT('',(-0.0645417185618569,-0.0163133809720403,0.0400023411011127));
#12640=CARTESIAN_POINT('',(-0.0665116854434137,-0.0163133810114836,0.0403476383832335));
#12641=CARTESIAN_POINT('',(-0.0644097460911209,-0.0163106752127483,0.0407552615846143));
#12642=CARTESIAN_POINT('',(-0.0644116360363143,-0.0147297966065388,0.040744479196129));
#12643=CARTESIAN_POINT('',(-0.0659271693647127,-0.0143647680091059,0.0410075568518406));
#12644=CARTESIAN_POINT('',(-0.0644540043861007,-0.0163124502971146,0.0405027621302255));
#12645=CARTESIAN_POINT('',(-0.0644552881204694,-0.0147298709223047,0.0404954382551159));
#12646=CARTESIAN_POINT('',(-0.0659726344608473,-0.014366035926535,0.0407597967527071));
#12647=CARTESIAN_POINT('',(-0.0644982682133768,-0.0163133364097614,0.0402502311133516));
#12648=CARTESIAN_POINT('',(-0.064498317151131,-0.0147298989808096,0.0402499519169891));
#12649=CARTESIAN_POINT('',(-0.0660163972751515,-0.0143666688641154,0.0405159797183923));
#12650=CARTESIAN_POINT('',(-0.0645425372716957,-0.0163133818393586,0.0399976702526829));
#12651=CARTESIAN_POINT('',(-0.0645425857088347,-0.0147298983783259,0.0399973939123682));
#12652=CARTESIAN_POINT('',(-0.0660607205807535,-0.0143667013138276,0.0402634284083986));
#12653=CARTESIAN_POINT('',(-0.0663797130397815,-0.0163106752127483,0.0411005588785289));
#12654=CARTESIAN_POINT('',(-0.0399965846501701,-0.0163133814809233,0.0535));
#12655=CARTESIAN_POINT('',(-0.0399962059600758,-0.0147298983144432,0.0535));
#12656=CARTESIAN_POINT('',(-0.0399961191014301,-0.0143667010578024,0.0519587320715865));
#12657=CARTESIAN_POINT('',(-0.0332615565424318,-0.0163149921633186,0.0535));
#12658=CARTESIAN_POINT('',(-0.0332585034009632,-0.0147298769469701,0.0535000000000119));
#12659=CARTESIAN_POINT('',(-0.0332610929755722,-0.0143678515452262,0.0519567791852775));
#12660=CARTESIAN_POINT('',(-0.0265229621910912,-0.0163165928420314,0.0535));
#12661=CARTESIAN_POINT('',(-0.0265199004582189,-0.0147298433445734,0.0535000000000182));
#12662=CARTESIAN_POINT('',(-0.0265225006071792,-0.0143689948871522,0.0519548252647696));
#12663=CARTESIAN_POINT('',(-0.0197808442956924,-0.0163181834956299,0.0535));
#12664=CARTESIAN_POINT('',(-0.0197804695511473,-0.0147297975061172,0.0535));
#12665=CARTESIAN_POINT('',(-0.0197803846958058,-0.014370131068307,0.0519528703226859));
#12666=CARTESIAN_POINT('',(-0.0399965846491547,-0.0163133814809235,0.0515));
#12667=CARTESIAN_POINT('',(-0.0399961353272757,-0.0144345490484928,0.0521855567867147));
#12668=CARTESIAN_POINT('',(-0.0197808442956954,-0.0163181834956298,0.0515));
#12669=CARTESIAN_POINT('',(-0.0399961353272757,-0.0144345490484928,0.0521855567867147));
#12670=CARTESIAN_POINT('',(-0.0398458006310275,-0.0146003059940029,0.0526397306528901));
#12671=CARTESIAN_POINT('',(-0.0392999782513173,-0.0152021219244958,0.0533013649039809));
#12672=CARTESIAN_POINT('',(-0.0386271686839394,-0.0159439522739773,0.0534999999999999));
#12673=CARTESIAN_POINT('',(-0.0382917419871847,-0.0163137889622851,0.0535));
#12674=CARTESIAN_POINT('',(-0.0399961191002037,-0.0143667010755612,0.0519587317188931));
#12675=CARTESIAN_POINT('',(-0.0399961291645448,-0.0143940641102809,0.0520748498969319));
#12676=CARTESIAN_POINT('',(-0.0399961442346046,-0.0144350367443668,0.0521868918982991));
#12677=CARTESIAN_POINT('',(-0.0400166513051549,-0.0143666958132364,0.0519587414350002));
#12678=CARTESIAN_POINT('',(-0.0400166548053534,-0.0143940593374235,0.052074859093356));
#12679=CARTESIAN_POINT('',(-0.0400166600483239,-0.0144350323529521,0.0521869005365917));
#12680=CARTESIAN_POINT('',(-0.0400374098242816,-0.0143666969034554,0.0519587395138508));
#12681=CARTESIAN_POINT('',(-0.0400374035855708,-0.0143940603330426,0.0520748572748202));
#12682=CARTESIAN_POINT('',(-0.040037394241195,-0.0144350332755363,0.0521868988283148));
#12683=CARTESIAN_POINT('',(-0.0400580566626518,-0.0143667044575747,0.0519587253893525));
#12684=CARTESIAN_POINT('',(-0.0400580422403814,-0.0143940671716303,0.0520748439060525));
#12685=CARTESIAN_POINT('',(-0.0400580206447608,-0.0144350395552412,0.0521868862710933));
#12686=CARTESIAN_POINT('',(-0.040057687182521,-0.0143667043230779,0.0519587256408311));
#12687=CARTESIAN_POINT('',(-0.0400408817328552,-0.0143852196170724,0.0520373357065937));
#12688=CARTESIAN_POINT('',(-0.0400202103683111,-0.0144080008128851,0.0521128231332075));
#12689=CARTESIAN_POINT('',(-0.0399961353272757,-0.0144345490484928,0.0521855567867147));
#12690=CARTESIAN_POINT('',(-0.0152512530941152,-0.0145,0.0530804508618672));
#12691=CARTESIAN_POINT('',(-0.0159264991270097,-0.0145,0.0538419882971386));
#12692=CARTESIAN_POINT('',(-0.0163239455720202,-0.0153228099814022,0.0542902254309336));
#12693=CARTESIAN_POINT('',(-0.0158695225478837,-0.0145,0.0526889491715969));
#12694=CARTESIAN_POINT('',(-0.0164741945882682,-0.0145602310525375,0.053576669478665));
#12695=CARTESIAN_POINT('',(-0.0168020978284472,-0.0154767515302978,0.0540160488343706));
#12696=CARTESIAN_POINT('',(-0.0173129086335413,-0.0144140006378364,0.0521139250441197));
#12697=CARTESIAN_POINT('',(-0.0177511170896878,-0.0146219114588396,0.053231680657166));
#12698=CARTESIAN_POINT('',(-0.0178882955879026,-0.0157485934876193,0.0536132391003203));
#12699=CARTESIAN_POINT('',(-0.018966582729894,-0.01437026820963,0.0519526343504907));
#12700=CARTESIAN_POINT('',(-0.0191428634583639,-0.0146937998854921,0.0533453236014769));
#12701=CARTESIAN_POINT('',(-0.0191516822776124,-0.0161157483752837,0.0535));
#12702=CARTESIAN_POINT('',(-0.0197803846958088,-0.014370131068307,0.0519528703226859));
#12703=CARTESIAN_POINT('',(-0.0197804695511503,-0.0147297975061172,0.0535));
#12704=CARTESIAN_POINT('',(-0.0197808442956954,-0.0163181834956299,0.0535));
#12705=CARTESIAN_POINT('',(-0.0152512530941152,-0.0165,0.0530804508618673));
#12706=CARTESIAN_POINT('',(-0.0392250158865929,-0.0258787433149377,0.0515));
#12707=CARTESIAN_POINT('',(-0.0400986441254958,-0.0348324001477268,0.0515));
#12708=CARTESIAN_POINT('',(-0.0163239455720202,-0.0153228099814022,0.0542902254309336));
#12709=CARTESIAN_POINT('',(-0.0159264991270097,-0.0145,0.0538419882971386));
#12710=CARTESIAN_POINT('',(-0.0152512530941153,-0.0145,0.0530804508618672));
#12711=CARTESIAN_POINT('',(-0.015722509290255,-0.0151291770247133,0.0546350941380225));
#12712=CARTESIAN_POINT('',(-0.0152394705881532,-0.0144999999999987,0.0542556193287908));
#12713=CARTESIAN_POINT('',(-0.0144733723872061,-0.0145,0.0537701882760502));
#12714=CARTESIAN_POINT('',(-0.0153886658845597,-0.0150216958373039,0.055066917115788));
#12715=CARTESIAN_POINT('',(-0.0148161484622187,-0.014499999999996,0.0548828537756896));
#12716=CARTESIAN_POINT('',(-0.0140415887514529,-0.0145,0.054633834231576));
#12717=CARTESIAN_POINT('',(-0.0153886658845588,-0.015021695837303,0.0555));
#12718=CARTESIAN_POINT('',(-0.0148161484622155,-0.0145,0.0555));
#12719=CARTESIAN_POINT('',(-0.0140415887514469,-0.0145,0.0555));
#12720=CARTESIAN_POINT('',(-0.0140415887514469,-0.0165,0.0555));
#12721=CARTESIAN_POINT('',(-0.0420869120395382,-0.0346384004190516,0.0515956807570191));
#12722=CARTESIAN_POINT('',(-0.0419961353415439,-0.0346472577036542,0.0535));
#12723=CARTESIAN_POINT('',(-0.0400986441254958,-0.0348324001477267,0.0535));
#12724=CARTESIAN_POINT('',(-0.0422386380971212,-0.0361934131712707,0.0515956807570249));
#12725=CARTESIAN_POINT('',(-0.0421213947659846,-0.0357638136121486,0.0531609793623372));
#12726=CARTESIAN_POINT('',(-0.0406030341551458,-0.0360003937715646,0.0535));
#12727=CARTESIAN_POINT('',(-0.0424951018138824,-0.0392493419431228,0.0524624252939764));
#12728=CARTESIAN_POINT('',(-0.0423808641369255,-0.0384637489498895,0.0532434630121323));
#12729=CARTESIAN_POINT('',(-0.0415620180984602,-0.0382853655211349,0.0539333722684773));
#12730=CARTESIAN_POINT('',(-0.0425104992930016,-0.0404359926326671,0.0545484831841138));
#12731=CARTESIAN_POINT('',(-0.0424237554053591,-0.0396763099541326,0.0548107287579284));
#12732=CARTESIAN_POINT('',(-0.041869308512071,-0.0391516881986526,0.0549764012135531));
#12733=CARTESIAN_POINT('',(-0.0424551875349257,-0.040385590823374,0.0555956807570191));
#12734=CARTESIAN_POINT('',(-0.0423823697861886,-0.0396192057283253,0.0555549483544454));
#12735=CARTESIAN_POINT('',(-0.0418139967539952,-0.0391012863893523,0.0555));
#12736=CARTESIAN_POINT('',(-0.0404669196208833,-0.0405795905520492,0.0555));
#12737=CARTESIAN_POINT('',(-0.0140415887514469,-0.0165,0.057));
#12738=CARTESIAN_POINT('',(-0.0140415887514469,-0.0165,0.0585));
#12739=CARTESIAN_POINT('',(-0.0403202321011424,-0.0404459242819121,0.0582771819227836));
#12740=CARTESIAN_POINT('',(-0.0403255774008594,-0.0404507950867168,0.0581759812905006));
#12741=CARTESIAN_POINT('',(-0.0153886658845588,-0.0150216958373031,0.0585));
#12742=CARTESIAN_POINT('',(-0.0148161484622155,-0.0145,0.0585));
#12743=CARTESIAN_POINT('',(-0.0140415887514469,-0.0145,0.0585));
#12744=CARTESIAN_POINT('',(-0.0153886658845597,-0.0150216958373039,0.0589395936308249));
#12745=CARTESIAN_POINT('',(-0.0148161484622188,-0.0144999999999959,0.0591264240850419));
#12746=CARTESIAN_POINT('',(-0.014041588751453,-0.0145,0.0593791872616376));
#12747=CARTESIAN_POINT('',(-0.0157329470879467,-0.0151325374831544,0.0593778305903968));
#12748=CARTESIAN_POINT('',(-0.0152533669265111,-0.0145000000000077,0.0597631419796717));
#12749=CARTESIAN_POINT('',(-0.014486872340057,-0.0145,0.0602556611807857));
#12750=CARTESIAN_POINT('',(-0.0163512445652038,-0.0153315989170301,0.0597252703689903));
#12751=CARTESIAN_POINT('',(-0.0159586245705795,-0.0145,0.0601771093844969));
#12752=CARTESIAN_POINT('',(-0.0152865608411856,-0.0145,0.0609505407379805));
#12753=CARTESIAN_POINT('',(-0.0152865608411855,-0.0165,0.0609505407379805));
#12754=CARTESIAN_POINT('',(-0.0423138453149017,-0.0402567953580416,0.0582716620475197));
#12755=CARTESIAN_POINT('',(-0.0422410275661646,-0.039490410262993,0.058230929644946));
#12756=CARTESIAN_POINT('',(-0.0416726545339712,-0.0389724909240199,0.0581759812905006));
#12757=CARTESIAN_POINT('',(-0.0423098958572578,-0.0402543046943588,0.0583486826738412));
#12758=CARTESIAN_POINT('',(-0.0422367884241721,-0.0394865474238113,0.0583210220337644));
#12759=CARTESIAN_POINT('',(-0.0416669674739185,-0.0389673086964749,0.0582836523479999));
#12760=CARTESIAN_POINT('',(-0.0423079713484934,-0.0402543736948026,0.0584260428655849));
#12761=CARTESIAN_POINT('',(-0.0422351685356932,-0.0394850713306057,0.0584114676440328));
#12762=CARTESIAN_POINT('',(-0.0416640135951994,-0.0389646170295116,0.0583916970499926));
#12763=CARTESIAN_POINT('',(-0.0423080738440678,-0.0402570022856747,0.0585036599986734));
#12764=CARTESIAN_POINT('',(-0.0422361687443236,-0.0394859827520916,0.0585021043363145));
#12765=CARTESIAN_POINT('',(-0.0416637960526879,-0.03896441879795,0.0585));
#12766=CARTESIAN_POINT('',(-0.0403167189195761,-0.040442722960647,0.0585));
#12767=CARTESIAN_POINT('',(-0.0163512445652037,-0.0153315989170301,0.0597252703689903));
#12768=CARTESIAN_POINT('',(-0.0159586245705794,-0.0145,0.0601771093844968));
#12769=CARTESIAN_POINT('',(-0.0152865608411855,-0.0145,0.0609505407379805));
#12770=CARTESIAN_POINT('',(-0.0168292821568567,-0.0154855035495625,0.0599938939416374));
#12771=CARTESIAN_POINT('',(-0.0165063583079862,-0.0145599096714366,0.0604358369878638));
#12772=CARTESIAN_POINT('',(-0.0159049967709422,-0.0145,0.0613344681294042));
#12773=CARTESIAN_POINT('',(-0.0179126542883676,-0.0157601101658985,0.0603879666868701));
#12774=CARTESIAN_POINT('',(-0.0177786509707033,-0.014623164208832,0.0607693778420139));
#12775=CARTESIAN_POINT('',(-0.0173433611216039,-0.0144180591025588,0.0618978464325926));
#12776=CARTESIAN_POINT('',(-0.0191593979153213,-0.0161239439825836,0.0605));
#12777=CARTESIAN_POINT('',(-0.0191522327651623,-0.0146941113124101,0.0606560955930513));
#12778=CARTESIAN_POINT('',(-0.0189746259929243,-0.0143765768042845,0.0620583670712556));
#12779=CARTESIAN_POINT('',(-0.019790953248727,-0.0163273950907888,0.0605));
#12780=CARTESIAN_POINT('',(-0.019791320215118,-0.0147293878579566,0.0605));
#12781=CARTESIAN_POINT('',(-0.0197914012038846,-0.0143767107791349,0.0620586039016899));
#12782=CARTESIAN_POINT('',(-0.019790953248727,-0.0163273950907888,0.0625));
#12783=CARTESIAN_POINT('',(-0.0414414342827376,-0.0360559926674745,0.0605));
#12784=CARTESIAN_POINT('',(-0.0424087843354016,-0.0360372457768819,0.0605));
#12785=CARTESIAN_POINT('',(-0.043009225225944,-0.0360256094517984,0.0612585861211486));
#12786=CARTESIAN_POINT('',(-0.0415922483098861,-0.0364741060026137,0.0605));
#12787=CARTESIAN_POINT('',(-0.042483329774954,-0.0365061051011679,0.0605680092427461));
#12788=CARTESIAN_POINT('',(-0.0430321035239849,-0.0365945826772938,0.0612735538547601));
#12789=CARTESIAN_POINT('',(-0.0418130168001882,-0.0372816883898315,0.0604376173567316));
#12790=CARTESIAN_POINT('',(-0.0425677014627575,-0.0374520081851491,0.0605979747249513));
#12791=CARTESIAN_POINT('',(-0.0430034271011753,-0.0377225483399653,0.061213710635053));
#12792=CARTESIAN_POINT('',(-0.0418336197717112,-0.0382556075152249,0.0600433615358122));
#12793=CARTESIAN_POINT('',(-0.042461276270035,-0.0386437080756219,0.0601941572284578));
#12794=CARTESIAN_POINT('',(-0.0427145686417101,-0.0391785170454569,0.0606865678187295));
#12795=CARTESIAN_POINT('',(-0.0417013709209495,-0.0388312707135553,0.0593521545628198));
#12796=CARTESIAN_POINT('',(-0.0422925117964927,-0.0393410122558453,0.0594295981636497));
#12797=CARTESIAN_POINT('',(-0.0423930071727906,-0.040081215757187,0.0597195939198457));
#12798=CARTESIAN_POINT('',(-0.0416626435065393,-0.0389633685617396,0.0587868952558898));
#12799=CARTESIAN_POINT('',(-0.0422417674073587,-0.0394906754184548,0.0588179509821622));
#12800=CARTESIAN_POINT('',(-0.0423086168663648,-0.0402709285890252,0.058914876632148));
#12801=CARTESIAN_POINT('',(-0.041663796052688,-0.03896441879795,0.0585));
#12802=CARTESIAN_POINT('',(-0.0422361687443236,-0.0394859827520915,0.0585021043363145));
#12803=CARTESIAN_POINT('',(-0.0423080738440679,-0.0402570022856747,0.0585036599986734));
#12804=CARTESIAN_POINT('',(-0.0414414342827376,-0.0360559926674745,0.0625));
#12805=CARTESIAN_POINT('',(-0.0400018189750819,-0.0143800027486308,0.0620644641089806));
#12806=CARTESIAN_POINT('',(-0.0400017399328097,-0.0147290702952252,0.0605));
#12807=CARTESIAN_POINT('',(-0.0400013769672132,-0.0163320038480831,0.0605));
#12808=CARTESIAN_POINT('',(-0.0332616246259004,-0.0143789125780631,0.062062509724027));
#12809=CARTESIAN_POINT('',(-0.033264248172884,-0.0147291883640673,0.0604999999999847));
#12810=CARTESIAN_POINT('',(-0.0332611806345603,-0.016330477609301,0.0605));
#12811=CARTESIAN_POINT('',(-0.0265248044478089,-0.0143778152500175,0.0620605563174243));
#12812=CARTESIAN_POINT('',(-0.0265274175824107,-0.0147292942183535,0.0605000000000653));
#12813=CARTESIAN_POINT('',(-0.026524358474101,-0.0163289413499927,0.0605));
#12814=CARTESIAN_POINT('',(-0.0197914012038811,-0.0143767107791349,0.0620586039016899));
#12815=CARTESIAN_POINT('',(-0.0197913202151145,-0.0147293878579566,0.0605));
#12816=CARTESIAN_POINT('',(-0.0197909532487235,-0.0163273950907888,0.0605));
#12817=CARTESIAN_POINT('',(-0.0400013769672105,-0.0163320038480831,0.0625));
#12818=CARTESIAN_POINT('',(-0.0430092252259445,-0.0360256094518115,0.0612585861211489));
#12819=CARTESIAN_POINT('',(-0.0424087843354021,-0.036037245776895,0.0605));
#12820=CARTESIAN_POINT('',(-0.0414414342827378,-0.0360559926674876,0.0605));
#12821=CARTESIAN_POINT('',(-0.0429576186172335,-0.0347421756162125,0.0612248233870376));
#12822=CARTESIAN_POINT('',(-0.0423575655616292,-0.0347585138673061,0.0604999999999974));
#12823=CARTESIAN_POINT('',(-0.0414164528583132,-0.0347669371772394,0.0605));
#12824=CARTESIAN_POINT('',(-0.0429124321222764,-0.0335062669592279,0.061192321878475));
#12825=CARTESIAN_POINT('',(-0.0423139137262784,-0.0335194696416793,0.0604999999999985));
#12826=CARTESIAN_POINT('',(-0.0413986938773231,-0.0335254495852468,0.0605));
#12827=CARTESIAN_POINT('',(-0.0428733795861363,-0.0323188254686925,0.0611611055853774));
#12828=CARTESIAN_POINT('',(-0.0422776323492757,-0.0323243040923974,0.0605));
#12829=CARTESIAN_POINT('',(-0.0413877231370864,-0.0323324878948617,0.0605));
#12830=CARTESIAN_POINT('',(-0.0413877231370865,-0.0323324878948617,0.0625));
#12831=CARTESIAN_POINT('',(-0.0399939410951092,-0.016332002622899,0.0605));
#12832=CARTESIAN_POINT('',(-0.0399942099998443,-0.0147290704566341,0.0605));
#12833=CARTESIAN_POINT('',(-0.0399942685589005,-0.0143800018734993,0.0620644624389212));
#12834=CARTESIAN_POINT('',(-0.0404095237245665,-0.0163320723402187,0.0605));
#12835=CARTESIAN_POINT('',(-0.0404098002019657,-0.0147290650613932,0.0605000000000002));
#12836=CARTESIAN_POINT('',(-0.0404098511227194,-0.0143800516715854,0.0620645517132895));
#12837=CARTESIAN_POINT('',(-0.0408250522932986,-0.0163300587604412,0.0605));
#12838=CARTESIAN_POINT('',(-0.0408139159448695,-0.0147291535598464,0.0604999999999983));
#12839=CARTESIAN_POINT('',(-0.0408120112686109,-0.0143786134003807,0.0620620861973445));
#12840=CARTESIAN_POINT('',(-0.0412405218030014,-0.0163257692795827,0.0605));
#12841=CARTESIAN_POINT('',(-0.0412240379772493,-0.0147291828700019,0.0605));
#12842=CARTESIAN_POINT('',(-0.0412203869183046,-0.0143755494854162,0.0620570131594963));
#12843=CARTESIAN_POINT('',(-0.0412405218029888,-0.0163257692795828,0.0625));
#12844=CARTESIAN_POINT('',(-0.0411322627636658,-0.00455364784482038,0.0625));
#12845=CARTESIAN_POINT('',(-0.0412405218030015,-0.0163257692795827,0.0625));
#12846=CARTESIAN_POINT('',(-0.0680073216575969,-0.00255549823532161,0.0581555570937281));
#12847=CARTESIAN_POINT('',(-0.0680904641590865,-0.00252593588568514,0.0579971591100344));
#12848=CARTESIAN_POINT('',(-0.0682010359984686,-0.00249588355510333,0.0578566341831692));
#12849=CARTESIAN_POINT('',(-0.0680559630340746,-0.00303730083164711,0.0580946147445827));
#12850=CARTESIAN_POINT('',(-0.0681385770941995,-0.00300776780541304,0.0579366313117261));
#12851=CARTESIAN_POINT('',(-0.0682484722813071,-0.00297777467513571,0.0577963477647294));
#12852=CARTESIAN_POINT('',(-0.0681044131966591,-0.00351699795011777,0.0580335064390154));
#12853=CARTESIAN_POINT('',(-0.0681864989340579,-0.00348747412747534,0.0578759420238684));
#12854=CARTESIAN_POINT('',(-0.0682957151001037,-0.00345749315737217,0.0577359091193918));
#12855=CARTESIAN_POINT('',(-0.0681526707661209,-0.00399457593654681,0.0579722335902314));
#12856=CARTESIAN_POINT('',(-0.0682342284235188,-0.00396504233278135,0.057815092604327));
#12857=CARTESIAN_POINT('',(-0.0683427634818466,-0.00393502912148019,0.0576753194919492));
#12858=CARTESIAN_POINT('',(-0.0699224388334866,-0.00393502912147848,0.0589019513778142));
#12859=CARTESIAN_POINT('',(-0.0681536500756724,-0.00399422164646451,0.0579703492228061));
#12860=CARTESIAN_POINT('',(-0.0681536500756724,-0.00399422164646451,0.0579703492228061));
#12861=CARTESIAN_POINT('',(-0.0681347869655079,-0.00350451719343349,0.0579750486689174));
#12862=CARTESIAN_POINT('',(-0.0681209647490991,-0.00301435851108233,0.0579747327979085));
#12863=CARTESIAN_POINT('',(-0.0681303862458875,-0.0025247365656896,0.0579524583587752));
#12864=CARTESIAN_POINT('',(-0.0679341709194443,-0.00412902885015367,0.0588062706207952));
#12865=CARTESIAN_POINT('',(-0.0679561377232191,-0.00404194278391102,0.0581732220723818));
#12866=CARTESIAN_POINT('',(-0.0683427634818464,-0.00393502912147849,0.0576753194919495));
#12867=CARTESIAN_POINT('',(-0.0680576538981801,-0.00531615306417161,0.0586472473270679));
#12868=CARTESIAN_POINT('',(-0.0680618864371703,-0.0050466471977677,0.058012851361894));
#12869=CARTESIAN_POINT('',(-0.068459722794355,-0.00478297498863707,0.0575246974958611));
#12870=CARTESIAN_POINT('',(-0.0683247359188938,-0.00739207813246954,0.0573063119477935));
#12871=CARTESIAN_POINT('',(-0.0682980678978237,-0.00681458978656625,0.0566895796626452));
#12872=CARTESIAN_POINT('',(-0.0688243834362693,-0.00626577860953846,0.05634238100068));
#12873=CARTESIAN_POINT('',(-0.0685412287520038,-0.0086000309173737,0.0552567541549985));
#12874=CARTESIAN_POINT('',(-0.0684819101361501,-0.00774261863408301,0.0547509424202059));
#12875=CARTESIAN_POINT('',(-0.0692238049559146,-0.00712860202524975,0.0545144257820484));
#12876=CARTESIAN_POINT('',(-0.0686401741659466,-0.00907877582700292,0.0541713362251346));
#12877=CARTESIAN_POINT('',(-0.0685655812039164,-0.00809746150937413,0.0537317084498369));
#12878=CARTESIAN_POINT('',(-0.069419600320674,-0.0074705626763708,0.0535330537691155));
#12879=CARTESIAN_POINT('',(-0.0683485606109535,-0.00741803731693489,0.0568638635667342));
#12880=CARTESIAN_POINT('',(-0.0682826352185899,-0.006879663050606,0.0571422150513317));
#12881=CARTESIAN_POINT('',(-0.068241716701425,-0.00576157086940079,0.0575870057023266));
#12882=CARTESIAN_POINT('',(-0.068202850240388,-0.00460587451735474,0.0579157986615869));
#12883=CARTESIAN_POINT('',(-0.0681536500756724,-0.00399422164646451,0.0579703492228061));
#12884=CARTESIAN_POINT('',(-0.0706284420799889,-0.00888477609832771,0.0542670169821537));
#12885=CARTESIAN_POINT('',(-0.0697532382441131,-0.00935605818588338,0.0488264918544042));
#12886=CARTESIAN_POINT('',(-0.0689801634218382,-0.0100018898109771,0.0489779631618101));
#12887=CARTESIAN_POINT('',(-0.0690584433509669,-0.010964271319754,0.0493025872675595));
#12888=CARTESIAN_POINT('',(-0.0696466110818534,-0.00880866887016952,0.0504215997189775));
#12889=CARTESIAN_POINT('',(-0.068848037284361,-0.00944679264808227,0.0505980742999717));
#12890=CARTESIAN_POINT('',(-0.0689253963649135,-0.0104168820089585,0.0509574620886727));
#12891=CARTESIAN_POINT('',(-0.069535404024178,-0.00817345326272435,0.0519879822533743));
#12892=CARTESIAN_POINT('',(-0.0687091649455428,-0.00880412849148125,0.052180824570367));
#12893=CARTESIAN_POINT('',(-0.0687854452649086,-0.00978166640782276,0.052577731746168));
#12894=CARTESIAN_POINT('',(-0.069419600320674,-0.00747056267637081,0.0535330537691155));
#12895=CARTESIAN_POINT('',(-0.0685655812039164,-0.00809746150937413,0.0537317084498369));
#12896=CARTESIAN_POINT('',(-0.0686401741659466,-0.00907877582700293,0.0541713362251346));
#12897=CARTESIAN_POINT('',(-0.0710467112650092,-0.0107702715910788,0.0493982680245786));
#12898=CARTESIAN_POINT('',(-0.0690584433509669,-0.010964271319754,0.0493025872675595));
#12899=CARTESIAN_POINT('',(-0.0689801634218382,-0.0100018898109771,0.04897796316181));
#12900=CARTESIAN_POINT('',(-0.0697532382441131,-0.00935605818588333,0.0488264918544041));
#12901=CARTESIAN_POINT('',(-0.0691817750012548,-0.0115537655059684,0.04793497004808));
#12902=CARTESIAN_POINT('',(-0.0690457895439138,-0.0105981445611528,0.0474156842549918));
#12903=CARTESIAN_POINT('',(-0.0698777212541263,-0.00999511369998426,0.0469642661352163));
#12904=CARTESIAN_POINT('',(-0.068738630803031,-0.0126314780515588,0.0467431308877892));
#12905=CARTESIAN_POINT('',(-0.0683601817456792,-0.0116988688968064,0.0460713002511479));
#12906=CARTESIAN_POINT('',(-0.06920488407717,-0.0111400152297911,0.0453187767188099));
#12907=CARTESIAN_POINT('',(-0.0680321713861765,-0.0138885362783689,0.0459464060361459));
#12908=CARTESIAN_POINT('',(-0.0674314214641536,-0.0128456970718432,0.04529044670682));
#12909=CARTESIAN_POINT('',(-0.0681642068457296,-0.0124606604819497,0.0441979865793102));
#12910=CARTESIAN_POINT('',(-0.0695178278352264,-0.0138748738521997,0.0446075116215233));
#12911=CARTESIAN_POINT('',(-0.0677095764335208,-0.0130355334062777,0.0437086974656532));
#12912=CARTESIAN_POINT('',(-0.0669887951735729,-0.0134258690863533,0.0447933819994275));
#12913=CARTESIAN_POINT('',(-0.06758223148688,-0.014463409194958,0.0454412801169786));
#12914=CARTESIAN_POINT('',(-0.067861353518515,-0.0128443150349169,0.043871930728919));
#12915=CARTESIAN_POINT('',(-0.0671366521700336,-0.0132326952709557,0.0449594174394707));
#12916=CARTESIAN_POINT('',(-0.0677324444762115,-0.014272190826226,0.0456099098466351));
#12917=CARTESIAN_POINT('',(-0.0680128926321377,-0.012652681977081,0.0440350239680315));
#12918=CARTESIAN_POINT('',(-0.0672841859763043,-0.0130393003384716,0.0451250965194432));
#12919=CARTESIAN_POINT('',(-0.0678824194199861,-0.0140805577709969,0.0457782796690955));
#12920=CARTESIAN_POINT('',(-0.0681642068457296,-0.0124606604819496,0.0441979865793102));
#12921=CARTESIAN_POINT('',(-0.0674314214641537,-0.0128456970718432,0.04529044670682));
#12922=CARTESIAN_POINT('',(-0.0680321713861765,-0.0138885362783689,0.0459464060361459));
#12923=CARTESIAN_POINT('',(-0.0690678879359299,-0.0144497467687888,0.044102385702356));
#12924=CARTESIAN_POINT('',(-0.06758223148688,-0.014463409194958,0.0454412801169786));
#12925=CARTESIAN_POINT('',(-0.0669887951735729,-0.0134258690863533,0.0447933819994274));
#12926=CARTESIAN_POINT('',(-0.0677095764335208,-0.0130355334062777,0.0437086974656531));
#12927=CARTESIAN_POINT('',(-0.0668168294613036,-0.0154377518642209,0.0445820366040986));
#12928=CARTESIAN_POINT('',(-0.0663029824781024,-0.0141670129380368,0.0440248315701945));
#12929=CARTESIAN_POINT('',(-0.0672035840182958,-0.0137314924597327,0.042954447661515));
#12930=CARTESIAN_POINT('',(-0.065882119227432,-0.0160420148687008,0.0435387026635177));
#12931=CARTESIAN_POINT('',(-0.0654714104545832,-0.014536499117132,0.0430983369910959));
#12932=CARTESIAN_POINT('',(-0.0665854729939302,-0.0141631088863126,0.0420236507953729));
#12933=CARTESIAN_POINT('',(-0.0648940565907331,-0.0163243376389178,0.0424394532931364));
#12934=CARTESIAN_POINT('',(-0.0646649540392627,-0.0146011850098805,0.0422028213122624));
#12935=CARTESIAN_POINT('',(-0.0659271693647131,-0.0143647680091062,0.0410075568518337));
#12936=CARTESIAN_POINT('',(-0.0663797130397896,-0.0163106752127468,0.0411005588785212));
#12937=CARTESIAN_POINT('',(-0.0663797130397815,-0.0163106752127483,0.0411005588785289));
#12938=CARTESIAN_POINT('',(-0.0663797130397856,-0.0163106752127482,0.0411005588785252));
#12939=CARTESIAN_POINT('',(-0.0663617709278103,-0.00432833029938367,0.0412029210116693));
#12940=CARTESIAN_POINT('',(-0.0664097609752424,-0.0363776955907348,0.0409291314136242));
#12941=CARTESIAN_POINT('',(-0.0649241045261925,-0.036391358016904,0.0422680258282468));
#12942=CARTESIAN_POINT('',(-0.0642715050293075,-0.0363861495686803,0.0415439452132509));
#12943=CARTESIAN_POINT('',(-0.0644397940265811,-0.0363776955907348,0.0405838341197134));
#12944=CARTESIAN_POINT('',(-0.064924515151912,-0.0366655876623575,0.0422656831539464));
#12945=CARTESIAN_POINT('',(-0.0642998963297327,-0.0366124798331341,0.0415731390747162));
#12946=CARTESIAN_POINT('',(-0.0644283045033761,-0.0365777858535574,0.0406493833764524));
#12947=CARTESIAN_POINT('',(-0.0649118193928888,-0.0369287048574978,0.0422489108414508));
#12948=CARTESIAN_POINT('',(-0.0643157757805691,-0.0368324161198823,0.0415885148541831));
#12949=CARTESIAN_POINT('',(-0.0644112934826485,-0.0367667643249235,0.0407018318578741));
#12950=CARTESIAN_POINT('',(-0.0648861631069981,-0.0371776867237625,0.0422179015829879));
#12951=CARTESIAN_POINT('',(-0.0643186766134208,-0.0370409595481341,0.0415896056286526));
#12952=CARTESIAN_POINT('',(-0.064388956399134,-0.0369424598849427,0.040740576998244));
#12953=CARTESIAN_POINT('',(-0.066371819556048,-0.0371640242975934,0.0408790071683653));
#12954=CARTESIAN_POINT('',(-0.0624574172393221,-0.0391753319830404,0.0403093366041584));
#12955=CARTESIAN_POINT('',(-0.0623509060747449,-0.0397090315687759,0.0408734781522348));
#12956=CARTESIAN_POINT('',(-0.062335372204606,-0.0404906837350625,0.0409301716446118));
#12957=CARTESIAN_POINT('',(-0.0627039275947869,-0.0391786069470927,0.0403561214533435));
#12958=CARTESIAN_POINT('',(-0.062620954984919,-0.0397185934114843,0.040929847028474));
#12959=CARTESIAN_POINT('',(-0.0626894706092602,-0.0405092041530234,0.0409960351117516));
#12960=CARTESIAN_POINT('',(-0.0631839692540515,-0.0390866617814042,0.040480101669895));
#12961=CARTESIAN_POINT('',(-0.0631389818843452,-0.0396166287452955,0.0410707863032716));
#12962=CARTESIAN_POINT('',(-0.0633709700753798,-0.0403812665866749,0.0411893844643154));
#12963=CARTESIAN_POINT('',(-0.063791011069946,-0.0386657764246436,0.040724078839663));
#12964=CARTESIAN_POINT('',(-0.0638035029688045,-0.039110899788293,0.0413464305038054));
#12965=CARTESIAN_POINT('',(-0.0642069939452579,-0.0397179396491152,0.0416201924737155));
#12966=CARTESIAN_POINT('',(-0.0642052022781107,-0.0379443798707046,0.0408808279288231));
#12967=CARTESIAN_POINT('',(-0.0642403412111837,-0.0382268325370871,0.0415860619719641));
#12968=CARTESIAN_POINT('',(-0.0647331594275496,-0.0386104101553194,0.042039284979399));
#12969=CARTESIAN_POINT('',(-0.0643445519869239,-0.0372917292091254,0.0408175993720308));
#12970=CARTESIAN_POINT('',(-0.0643231674370199,-0.037445142652403,0.0416154552447013));
#12971=CARTESIAN_POINT('',(-0.0648623989043842,-0.0376672891818368,0.0421865364522897));
#12972=CARTESIAN_POINT('',(-0.064388956399134,-0.0369424598849428,0.040740576998244));
#12973=CARTESIAN_POINT('',(-0.0643186766134208,-0.0370409595481341,0.0415896056286525));
#12974=CARTESIAN_POINT('',(-0.0648861631069981,-0.0371776867237626,0.0422179015829878));
#12975=CARTESIAN_POINT('',(-0.0626925276284114,-0.0406400984500944,0.0389680005903512));
#12976=CARTESIAN_POINT('',(-0.062335372204606,-0.0404906837350625,0.0409301716446118));
#12977=CARTESIAN_POINT('',(-0.0623509060747449,-0.0397090315687758,0.0408734781522348));
#12978=CARTESIAN_POINT('',(-0.0624574172393221,-0.0391753319830403,0.0403093366041584));
#12979=CARTESIAN_POINT('',(-0.062130422824815,-0.0404799642586379,0.0408920503860443));
#12980=CARTESIAN_POINT('',(-0.0621126271746742,-0.0397037635354047,0.0408259596461509));
#12981=CARTESIAN_POINT('',(-0.0621717087107998,-0.0391734364580139,0.0402571874453472));
#12982=CARTESIAN_POINT('',(-0.0619249875490962,-0.0404875407502166,0.0408682398791611));
#12983=CARTESIAN_POINT('',(-0.0618723701930903,-0.0397156406953702,0.0407968173235907));
#12984=CARTESIAN_POINT('',(-0.0618846031420163,-0.0391894555601423,0.0402243565529361));
#12985=CARTESIAN_POINT('',(-0.0617206335877111,-0.0405133554107792,0.0408589217678945));
#12986=CARTESIAN_POINT('',(-0.0616331983829406,-0.0397445378178761,0.0407864513592329));
#12987=CARTESIAN_POINT('',(-0.061598290783853,-0.0392232670840169,0.0402110943849378));
#12988=CARTESIAN_POINT('',(-0.0618334011729422,-0.040688033551071,0.0388697583711306));
#12989=CARTESIAN_POINT('',(-0.0638847268625367,-0.040445786070116,0.0389647770636031));
#12990=CARTESIAN_POINT('',(-0.0596814828911712,-0.0409421603265628,0.0387700801666999));
#12991=CARTESIAN_POINT('',(-0.0595687153059401,-0.040767482186271,0.0407592435634638));
#12992=CARTESIAN_POINT('',(-0.0594812801011696,-0.0399986645933679,0.0406867731548022));
#12993=CARTESIAN_POINT('',(-0.059446372502082,-0.0394773938595087,0.0401114161805071));
#12994=CARTESIAN_POINT('',(-0.0585141151448524,-0.0408920232251333,0.0407103938225879));
#12995=CARTESIAN_POINT('',(-0.0587335330477699,-0.0401384964694905,0.0406566619745726));
#12996=CARTESIAN_POINT('',(-0.0589075084925574,-0.039601934898376,0.040152965061612));
#12997=CARTESIAN_POINT('',(-0.0564329605048956,-0.0398508457185679,0.0405009802900049));
#12998=CARTESIAN_POINT('',(-0.0571629586172619,-0.0391158933982443,0.0404778248366933));
#12999=CARTESIAN_POINT('',(-0.0579046652881233,-0.0388781519729293,0.039832980151646));
#13000=CARTESIAN_POINT('',(-0.0556073808748876,-0.0368509494621152,0.0401907418644229));
#13001=CARTESIAN_POINT('',(-0.0570702265580158,-0.0364538228294138,0.0402387983658649));
#13002=CARTESIAN_POINT('',(-0.0576285636522891,-0.0366421526344825,0.0388980367121111));
#13003=CARTESIAN_POINT('',(-0.0556311213199655,-0.0352932605339445,0.0400552994704493));
#13004=CARTESIAN_POINT('',(-0.0574077835144492,-0.0353114417349691,0.0401576167381799));
#13005=CARTESIAN_POINT('',(-0.0577138558538579,-0.0354679386742363,0.0384114333675962));
#13006=CARTESIAN_POINT('',(-0.0557438889051966,-0.0354679386742363,0.0380661360736853));
#13007=CARTESIAN_POINT('',(-0.0558622309850248,-0.0277031243669358,0.037390978781669));
#13008=CARTESIAN_POINT('',(-0.0560355432860979,-0.0163315324787658,0.0364022090724032));
#13009=CARTESIAN_POINT('',(-0.0560355432860981,-0.0163315324787658,0.0364022090724034));
#13010=CARTESIAN_POINT('',(-0.0560355432860981,-0.0163315324787658,0.0364022090724033));
#13011=CARTESIAN_POINT('',(-0.0559227757008667,-0.0161568543384739,0.0383913724691671));
#13012=CARTESIAN_POINT('',(-0.0563206967417825,-0.0144170899977022,0.0382611538028089));
#13013=CARTESIAN_POINT('',(-0.0564650566272067,-0.0143796660562613,0.0364779438630149));
#13014=CARTESIAN_POINT('',(-0.0546323770670255,-0.0158690797212466,0.0382929476372992));
#13015=CARTESIAN_POINT('',(-0.0553596917173081,-0.0142357713806889,0.0381907510319386));
#13016=CARTESIAN_POINT('',(-0.0555370351337909,-0.0141741127582394,0.0364434158981913));
#13017=CARTESIAN_POINT('',(-0.0534337994622849,-0.0152081985765587,0.0381669639237871));
#13018=CARTESIAN_POINT('',(-0.0544405279461915,-0.0137581964461053,0.0380967045697083));
#13019=CARTESIAN_POINT('',(-0.0546767376866408,-0.0137020547977426,0.036377080103521));
#13020=CARTESIAN_POINT('',(-0.0525099579558269,-0.0142750680535282,0.0380326477179557));
#13021=CARTESIAN_POINT('',(-0.0537409697799217,-0.0130616037169185,0.0379958747394491));
#13022=CARTESIAN_POINT('',(-0.0540154543803047,-0.0130355329955858,0.0362890599923617));
#13023=CARTESIAN_POINT('',(-0.052622725541058,-0.0144497461938201,0.0360434843211917));
#13024=CARTESIAN_POINT('',(-0.049841665746992,-0.0116407234750402,0.0356391493815771));
#13025=CARTESIAN_POINT('',(-0.0513789044151114,-0.0131934187288956,0.0358626466632154));
#13026=CARTESIAN_POINT('',(-0.0512661368298803,-0.0130187405886038,0.0378518100599794));
#13027=CARTESIAN_POINT('',(-0.052497148653975,-0.011805276251994,0.0378150370814728));
#13028=CARTESIAN_POINT('',(-0.0527716332543581,-0.0117792055306613,0.0361082223343854));
#13029=CARTESIAN_POINT('',(-0.0500934462594175,-0.0113861055281532,0.0376419594561183));
#13030=CARTESIAN_POINT('',(-0.0512087199334535,-0.0104586398353769,0.0373671134062487));
#13031=CARTESIAN_POINT('',(-0.0511943359412499,-0.0101860488512377,0.0358789009745144));
#13032=CARTESIAN_POINT('',(-0.0489149439026935,-0.00983190574225803,0.0377602834071829));
#13033=CARTESIAN_POINT('',(-0.0497134242141313,-0.00897614557523224,0.0373100170437902));
#13034=CARTESIAN_POINT('',(-0.0496049327725754,-0.00866006267354627,0.0361050546367399));
#13035=CARTESIAN_POINT('',(-0.0479386192339411,-0.00863043613986694,0.0381858993625439));
#13036=CARTESIAN_POINT('',(-0.0484573611421707,-0.00781384856602088,0.0377401064456526));
#13037=CARTESIAN_POINT('',(-0.048283931570387,-0.00747056259228614,0.0367467703083195));
#13038=CARTESIAN_POINT('',(-0.0468912027311404,-0.00888477579052048,0.0365011946371495));
#13039=CARTESIAN_POINT('',(-0.0479386192339412,-0.00863043613986697,0.0381858993625439));
#13040=CARTESIAN_POINT('',(-0.0484573611421708,-0.0078138485660209,0.0377401064456526));
#13041=CARTESIAN_POINT('',(-0.048283931570387,-0.00747056259228617,0.0367467703083195));
#13042=CARTESIAN_POINT('',(-0.047787013354982,-0.00844386925222092,0.0382519899604021));
#13043=CARTESIAN_POINT('',(-0.0482901159738439,-0.00768466417329004,0.0377985843956874));
#13044=CARTESIAN_POINT('',(-0.048130775550433,-0.00733862813997142,0.0368555814214137));
#13045=CARTESIAN_POINT('',(-0.0476438620773789,-0.00824973715363253,0.0383205581232623));
#13046=CARTESIAN_POINT('',(-0.0481272815091138,-0.0075439506827249,0.0378634560450778));
#13047=CARTESIAN_POINT('',(-0.0479861681678327,-0.00720096732175437,0.0369674787902004));
#13048=CARTESIAN_POINT('',(-0.0475085548167163,-0.00804751110081035,0.0383899483695294));
#13049=CARTESIAN_POINT('',(-0.0479707873952431,-0.00739164439242803,0.0379325855331259));
#13050=CARTESIAN_POINT('',(-0.0478496229675395,-0.00705725913608229,0.0370802320021678));
#13051=CARTESIAN_POINT('',(-0.0478533882089884,-0.00706174421593013,0.0370795409126852));
#13052=CARTESIAN_POINT('',(-0.0479295709537067,-0.00727299053511445,0.0376168894880619));
#13053=CARTESIAN_POINT('',(-0.0478003171548856,-0.00764387070088269,0.038103382098784));
#13054=CARTESIAN_POINT('',(-0.04751238788109,-0.0080532345414979,0.0383879839340867));
#13055=CARTESIAN_POINT('',(-0.0474386412666908,-0.00662832588189442,0.0375339445199642));
#13056=CARTESIAN_POINT('',(-0.0474836862808687,-0.00694652316010984,0.0381938785267838));
#13057=CARTESIAN_POINT('',(-0.0471298740549094,-0.00744494766497765,0.0386003036444034));
#13058=CARTESIAN_POINT('',(-0.0475078360241882,-0.00670273695131311,0.0374531168206051));
#13059=CARTESIAN_POINT('',(-0.0475647722306558,-0.00702643677952343,0.0381453472506609));
#13060=CARTESIAN_POINT('',(-0.0471916489353126,-0.00754931449832817,0.0385631876486309));
#13061=CARTESIAN_POINT('',(-0.0476446727110012,-0.00685006271792894,0.0373043966217331));
#13062=CARTESIAN_POINT('',(-0.0477253090661553,-0.00718434550358144,0.0380555909036998));
#13063=CARTESIAN_POINT('',(-0.047317456366333,-0.00775610906729758,0.0384905642515046));
#13064=CARTESIAN_POINT('',(-0.0477884538063547,-0.00699361020254288,0.0371323752178359));
#13065=CARTESIAN_POINT('',(-0.0479011695154171,-0.00732552473245067,0.0379636236427579));
#13066=CARTESIAN_POINT('',(-0.0474483325903908,-0.00795793292479657,0.0384207785100255));
#13067=CARTESIAN_POINT('',(-0.0478558754216169,-0.00706427355519705,0.0370771425011142));
#13068=CARTESIAN_POINT('',(-0.0479772793641592,-0.00739947126580354,0.0379301409251363));
#13069=CARTESIAN_POINT('',(-0.0475151725493104,-0.00805738004531588,0.0383865574710193));
#13070=CARTESIAN_POINT('',(-0.0458036950542894,-0.00770564228619764,0.0371260962055463));
#13071=CARTESIAN_POINT('',(-0.0471298740549094,-0.00744494766497764,0.0386003036444033));
#13072=CARTESIAN_POINT('',(-0.0474836862808687,-0.00694652316010983,0.0381938785267838));
#13073=CARTESIAN_POINT('',(-0.0474386412666908,-0.0066283258818944,0.0375339445199641));
#13074=CARTESIAN_POINT('',(-0.046847646384786,-0.00708891773508319,0.0387912328951829));
#13075=CARTESIAN_POINT('',(-0.0471926099563626,-0.00666857562977458,0.0384065757868392));
#13076=CARTESIAN_POINT('',(-0.047202161426422,-0.00637401878854203,0.0378101810808982));
#13077=CARTESIAN_POINT('',(-0.0465846687632083,-0.00671184747899937,0.0389611243264597));
#13078=CARTESIAN_POINT('',(-0.0469113152632868,-0.00636280928359836,0.0386055542110467));
#13079=CARTESIAN_POINT('',(-0.0469690955968085,-0.00610468289464416,0.0380717224893483));
#13080=CARTESIAN_POINT('',(-0.0463536547157184,-0.0062998409981428,0.0390960836950792));
#13081=CARTESIAN_POINT('',(-0.0466622568028272,-0.00601963816868,0.0387689187620784));
#13082=CARTESIAN_POINT('',(-0.046756401410925,-0.00581039254844094,0.0382912799546422));
#13083=CARTESIAN_POINT('',(-0.0412405218030015,-0.0163257692795827,0.0625));
#13084=CARTESIAN_POINT('',(-0.0412405218030015,-0.0163257692795827,0.0625));
#13085=CARTESIAN_POINT('',(-0.0427261782520526,-0.0163121068534132,0.0611611055853787));
#13086=CARTESIAN_POINT('',(-0.0425177082364386,-0.0146142668427103,0.0609471094657385));
#13087=CARTESIAN_POINT('',(-0.0412203869183056,-0.014375549485416,0.0620570131594972));
#13088=CARTESIAN_POINT('',(-0.0437588516661378,-0.0160405347202132,0.0623097460120035));
#13089=CARTESIAN_POINT('',(-0.0433715562049941,-0.0145644195475813,0.0618950600748809));
#13090=CARTESIAN_POINT('',(-0.0422214028056268,-0.0141815693890411,0.0628654987654034));
#13091=CARTESIAN_POINT('',(-0.044746211453578,-0.0154390331259846,0.0634114724743403));
#13092=CARTESIAN_POINT('',(-0.0442604658021926,-0.0142012340790531,0.0628851129543658));
#13093=CARTESIAN_POINT('',(-0.0431411379825182,-0.0137519253981598,0.0636286039712236));
#13094=CARTESIAN_POINT('',(-0.0455511670681189,-0.0144360843426196,0.06431489712115));
#13095=CARTESIAN_POINT('',(-0.0449891681846764,-0.0134325335274805,0.0637015355911761));
#13096=CARTESIAN_POINT('',(-0.0438764046093997,-0.0130355334062777,0.0642522782527809));
#13097=CARTESIAN_POINT('',(-0.044065510619069,-0.0144497467687888,0.0656537915357726));
#13098=CARTESIAN_POINT('',(-0.0447135617760552,-0.011943136624637,0.065233389253606));
#13099=CARTESIAN_POINT('',(-0.0458446189930894,-0.0123300831203034,0.0646620057698643));
#13100=CARTESIAN_POINT('',(-0.0464209895344022,-0.0133436875753067,0.065291211707623));
#13101=CARTESIAN_POINT('',(-0.044434990740213,-0.012308887684278,0.0649072881031058));
#13102=CARTESIAN_POINT('',(-0.0455606637393795,-0.0126985266795923,0.0643431652532248));
#13103=CARTESIAN_POINT('',(-0.0461319623614952,-0.0137094386304352,0.064966770791728));
#13104=CARTESIAN_POINT('',(-0.0441559613693259,-0.012673089309839,0.0645802861472333));
#13105=CARTESIAN_POINT('',(-0.0452755748456466,-0.0130660505892729,0.0640230762178538));
#13106=CARTESIAN_POINT('',(-0.0458420606889209,-0.0140736402511705,0.0646413753292879));
#13107=CARTESIAN_POINT('',(-0.0438764046093997,-0.0130355334062777,0.064252278252781));
#13108=CARTESIAN_POINT('',(-0.0449891681846764,-0.0134325335274805,0.0637015355911761));
#13109=CARTESIAN_POINT('',(-0.0455511670681189,-0.0144360843426196,0.06431489712115));
#13110=CARTESIAN_POINT('',(-0.0449353330853524,-0.0133573500014758,0.0666301061222456));
#13111=CARTESIAN_POINT('',(-0.0464209895344023,-0.0133436875753067,0.065291211707623));
#13112=CARTESIAN_POINT('',(-0.0458446189930895,-0.0123300831203034,0.0646620057698643));
#13113=CARTESIAN_POINT('',(-0.0447135617760552,-0.0119431366246369,0.0652333892536059));
#13114=CARTESIAN_POINT('',(-0.0467744032301455,-0.0127238433926544,0.0656896896651218));
#13115=CARTESIAN_POINT('',(-0.0461890864005994,-0.011751072099312,0.0651775827088964));
#13116=CARTESIAN_POINT('',(-0.0452098390911052,-0.0112915471531104,0.0658143419829143));
#13117=CARTESIAN_POINT('',(-0.0476823886484141,-0.0115856977745752,0.0663754754891514));
#13118=CARTESIAN_POINT('',(-0.0471376105443493,-0.0106533564334572,0.0660936189198789));
#13119=CARTESIAN_POINT('',(-0.0464692241072714,-0.0100873091713253,0.0668190189155436));
#13120=CARTESIAN_POINT('',(-0.0489459702575481,-0.0107914453362961,0.0666826746933475));
#13121=CARTESIAN_POINT('',(-0.0485702607460494,-0.00984745507639177,0.0665500762498649));
#13122=CARTESIAN_POINT('',(-0.0481958025496936,-0.00923014945913244,0.0672886559115455));
#13123=CARTESIAN_POINT('',(-0.0496344120022835,-0.0105224858272791,0.066698084471311));
#13124=CARTESIAN_POINT('',(-0.049347958532653,-0.00957457093185122,0.0665986041181829));
#13125=CARTESIAN_POINT('',(-0.0491304501041794,-0.00893359427778478,0.0673282160646179));
#13126=CARTESIAN_POINT('',(-0.0495216444170524,-0.0103478076869876,0.0686872478680745));
#13127=CARTESIAN_POINT('',(-0.0531170262287515,-0.00747056267637073,0.0674854400996824));
#13128=CARTESIAN_POINT('',(-0.0533849313416273,-0.00809694957294016,0.066697706848809));
#13129=CARTESIAN_POINT('',(-0.0537682747296581,-0.00905945423861951,0.0668039611834451));
#13130=CARTESIAN_POINT('',(-0.0518043551618739,-0.00801469854846051,0.0674375111561658));
#13131=CARTESIAN_POINT('',(-0.0520619683393141,-0.00864454530794311,0.0666707938568475));
#13132=CARTESIAN_POINT('',(-0.0524101462286073,-0.0096035901064881,0.0667747507977492));
#13133=CARTESIAN_POINT('',(-0.0504768868896912,-0.00850638211677351,0.0673852057195651));
#13134=CARTESIAN_POINT('',(-0.0507171196898835,-0.00914177922205156,0.0666382176293078));
#13135=CARTESIAN_POINT('',(-0.0510335988418339,-0.0100952736699854,0.0667398901350245));
#13136=CARTESIAN_POINT('',(-0.0491304501041795,-0.00893359427778503,0.0673282160646175));
#13137=CARTESIAN_POINT('',(-0.0493479585326531,-0.00957457093185147,0.0665986041181825));
#13138=CARTESIAN_POINT('',(-0.0496344120022835,-0.0105224858272794,0.0666980844713106));
#13139=CARTESIAN_POINT('',(-0.053655507144427,-0.00888477609832768,0.068793124580209));
#13140=CARTESIAN_POINT('',(-0.0537682747296581,-0.00905945423861952,0.0668039611834451));
#13141=CARTESIAN_POINT('',(-0.0533849313416273,-0.0080969495729402,0.066697706848809));
#13142=CARTESIAN_POINT('',(-0.0531170262287515,-0.00747056267637077,0.0674854400996824));
#13143=CARTESIAN_POINT('',(-0.0550323299305353,-0.008553008959973,0.0668311482577982));
#13144=CARTESIAN_POINT('',(-0.0545744178241785,-0.00772058915713786,0.0667320899371384));
#13145=CARTESIAN_POINT('',(-0.0542836767454811,-0.00710881604724951,0.0673962503126904));
#13146=CARTESIAN_POINT('',(-0.0562115683090516,-0.0079087112495626,0.0668414214905259));
#13147=CARTESIAN_POINT('',(-0.055711479277158,-0.00721450289163208,0.0667521091405235));
#13148=CARTESIAN_POINT('',(-0.0553560600617407,-0.00664860340215578,0.0672936769950317));
#13149=CARTESIAN_POINT('',(-0.0571966991276599,-0.00694893132188208,0.0668129865467714));
#13150=CARTESIAN_POINT('',(-0.0566697402344176,-0.00641034003908628,0.0667358164129288));
#13151=CARTESIAN_POINT('',(-0.0562466925431706,-0.0059630463072726,0.0671770424808791));
#13152=CARTESIAN_POINT('',(-0.0570839315424288,-0.00677425318159019,0.0688021499435353));
#13153=CARTESIAN_POINT('',(-0.0583903409687227,-0.0039350291214864,0.0664783163209049));
#13154=CARTESIAN_POINT('',(-0.0585782347398635,-0.00405363364522893,0.0663662394260132));
#13155=CARTESIAN_POINT('',(-0.0587916417093416,-0.00416862143968251,0.0663099579445196));
#13156=CARTESIAN_POINT('',(-0.0581437344620912,-0.00433447302425164,0.0666254148189301));
#13157=CARTESIAN_POINT('',(-0.0583615468555174,-0.00453212381456623,0.0664864589580241));
#13158=CARTESIAN_POINT('',(-0.0586200341257688,-0.0047223740450611,0.0664352537890847));
#13159=CARTESIAN_POINT('',(-0.0574387756426915,-0.00500288101232096,0.0669391369800272));
#13160=CARTESIAN_POINT('',(-0.0577208675413477,-0.00533233992602662,0.0667106401290257));
#13161=CARTESIAN_POINT('',(-0.0581013282785507,-0.00564176717003604,0.0666776797842851));
#13162=CARTESIAN_POINT('',(-0.0566528478140002,-0.00565041159334172,0.0671238536269798));
#13163=CARTESIAN_POINT('',(-0.0570222771310569,-0.00606817464166257,0.0667586023524605));
#13164=CARTESIAN_POINT('',(-0.0575072101565812,-0.0065247797297665,0.0667933428953464));
#13165=CARTESIAN_POINT('',(-0.0562466925431706,-0.00596304630727255,0.0671770424808791));
#13166=CARTESIAN_POINT('',(-0.0566697402344176,-0.00641034003908623,0.0667358164129288));
#13167=CARTESIAN_POINT('',(-0.0571966991276599,-0.00694893132188201,0.0668129865467714));
#13168=CARTESIAN_POINT('',(-0.0594148969548506,-0.00393502912148767,0.0681959556984487));
#13169=CARTESIAN_POINT('',(-0.0587916417093419,-0.00416862143968142,0.0663099579445193));
#13170=CARTESIAN_POINT('',(-0.058578234739864,-0.0040536336452294,0.0663662394260131));
#13171=CARTESIAN_POINT('',(-0.0583903409687232,-0.00393502912148846,0.0664783163209045));
#13172=CARTESIAN_POINT('',(-0.0588743518908907,-0.00390172762213613,0.0662495687421347));
#13173=CARTESIAN_POINT('',(-0.0586801978899699,-0.00378547307363051,0.0663044370841944));
#13174=CARTESIAN_POINT('',(-0.0585091985991984,-0.00366549946187422,0.0664074188447565));
#13175=CARTESIAN_POINT('',(-0.0590568086307843,-0.00339017267839787,0.0661182652880282));
#13176=CARTESIAN_POINT('',(-0.0589035446724284,-0.00327122809204826,0.0661678039976509));
#13177=CARTESIAN_POINT('',(-0.0587687129325883,-0.00314858601590997,0.0662508754840317));
#13178=CARTESIAN_POINT('',(-0.0593731683364844,-0.00283437939340845,0.0658982061758266));
#13179=CARTESIAN_POINT('',(-0.0592844092756786,-0.00271077245890314,0.0659286423439413));
#13180=CARTESIAN_POINT('',(-0.0592071755639763,-0.00258548024506196,0.0659780268033012));
#13181=CARTESIAN_POINT('',(-0.0597140503583547,-0.00260412564963963,0.0656686091915659));
#13182=CARTESIAN_POINT('',(-0.059686143849071,-0.00247735760087901,0.065668271489618));
#13183=CARTESIAN_POINT('',(-0.0596668212707141,-0.00234958404494758,0.0656811961202214));
#13184=CARTESIAN_POINT('',(-0.0600894511722697,-0.00263361434020038,0.0654211350016602));
#13185=CARTESIAN_POINT('',(-0.0601214768249195,-0.00250468490568909,0.0653793011427263));
#13186=CARTESIAN_POINT('',(-0.0601631815092347,-0.00237459125691669,0.0653516009263703));
#13187=CARTESIAN_POINT('',(-0.0603291314250743,-0.00290769265035084,0.0652677007118999));
#13188=CARTESIAN_POINT('',(-0.0603925720965271,-0.00277853674317922,0.0651927812590744));
#13189=CARTESIAN_POINT('',(-0.060471226129675,-0.00264738054282264,0.0651383610357339));
#13190=CARTESIAN_POINT('',(-0.0604656684465947,-0.00311571429461423,0.0651811733941461));
#13191=CARTESIAN_POINT('',(-0.0605453426597671,-0.00298639736118378,0.0650862508251766));
#13192=CARTESIAN_POINT('',(-0.0606449060327695,-0.00285498933906747,0.065016249324506));
#13193=CARTESIAN_POINT('',(-0.0596994005841552,-0.00237650291523074,0.0656587446075331));
#13194=CARTESIAN_POINT('',(-0.0600032300379201,-0.00251930496143795,0.0654592892072295));
#13195=CARTESIAN_POINT('',(-0.0602647666335431,-0.00278399654112343,0.0653032596609445));
#13196=CARTESIAN_POINT('',(-0.0604558600674239,-0.0031008801205699,0.0651873911271468));
#13197=CARTESIAN_POINT('',(-0.062937537444227,-0.00317275247434791,0.0561843082925658));
#13198=CARTESIAN_POINT('',(-0.0633778908258477,-0.00790303663862288,0.0566246616741866));
#13199=CARTESIAN_POINT('',(-0.0681536500756724,-0.0039942216464645,0.0579703492228061));
#13200=CARTESIAN_POINT('',(-0.0677331690987055,-0.00372862013348588,0.0587518205803235));
#13201=CARTESIAN_POINT('',(-0.0670471256826868,-0.00349046640587958,0.0593268624324285));
#13202=CARTESIAN_POINT('',(-0.0681866613406384,-0.00440461296108774,0.0579337479160949));
#13203=CARTESIAN_POINT('',(-0.067766057302168,-0.00401443539621912,0.0587727775067747));
#13204=CARTESIAN_POINT('',(-0.0670294592741408,-0.00364624714427904,0.0593703027373221));
#13205=CARTESIAN_POINT('',(-0.0682158319101792,-0.00491922214039888,0.0578075945342934));
#13206=CARTESIAN_POINT('',(-0.0678073518293251,-0.00442486141986559,0.0588082080171776));
#13207=CARTESIAN_POINT('',(-0.0669582273974676,-0.00394651017031794,0.0594874797168335));
#13208=CARTESIAN_POINT('',(-0.0682334795239939,-0.00543745144229838,0.0576625598623605));
#13209=CARTESIAN_POINT('',(-0.0678419244709073,-0.00490902313002103,0.0588627246613519));
#13210=CARTESIAN_POINT('',(-0.0668542835775221,-0.00439781867886772,0.0596607944113678));
#13211=CARTESIAN_POINT('',(-0.0682447515032105,-0.00584920817411161,0.0575270507157435));
#13212=CARTESIAN_POINT('',(-0.0678772506865078,-0.00533895697565043,0.0589069738992911));
#13213=CARTESIAN_POINT('',(-0.0667671926011416,-0.00485443125458231,0.0598198864497796));
#13214=CARTESIAN_POINT('',(-0.0682604246264763,-0.00632683336630874,0.0573562516003701));
#13215=CARTESIAN_POINT('',(-0.0679352019273023,-0.00587738111227447,0.0589500550533238));
#13216=CARTESIAN_POINT('',(-0.0666815392786652,-0.00547283715820741,0.0600062962610204));
#13217=CARTESIAN_POINT('',(-0.0682884190559193,-0.00684746721604532,0.0571436918948728));
#13218=CARTESIAN_POINT('',(-0.0680382472986095,-0.00651129629213903,0.0589694564410982));
#13219=CARTESIAN_POINT('',(-0.0666344059818471,-0.00626470726232112,0.0601887288402008));
#13220=CARTESIAN_POINT('',(-0.068325613410327,-0.0072306409000936,0.0569607516870803));
#13221=CARTESIAN_POINT('',(-0.0681600143835824,-0.00699710822468637,0.0589458258498702));
#13222=CARTESIAN_POINT('',(-0.0666623924437397,-0.00691887882459684,0.060279234386476));
#13223=CARTESIAN_POINT('',(-0.0683485606109535,-0.00741803731693485,0.0568638635667343));
#13224=CARTESIAN_POINT('',(-0.0682317859529565,-0.00723715218003735,0.0589237097085236));
#13225=CARTESIAN_POINT('',(-0.0666933383273977,-0.00725130008557279,0.0603101802713293));
#13226=CARTESIAN_POINT('',(-0.0637316781811368,-0.00414220295892957,0.0556413438352859));
#13227=CARTESIAN_POINT('',(-0.0670471256826868,-0.00349046640587946,0.0593268624324285));
#13228=CARTESIAN_POINT('',(-0.0677331690987055,-0.00372862013348539,0.0587518205803235));
#13229=CARTESIAN_POINT('',(-0.0681536500756723,-0.00399422164646367,0.0579703492228062));
#13230=CARTESIAN_POINT('',(-0.067106479379513,-0.00296708724344905,0.0591809156998498));
#13231=CARTESIAN_POINT('',(-0.0677289660756791,-0.00322302909995738,0.0586661942982072));
#13232=CARTESIAN_POINT('',(-0.068134529637694,-0.00349783673849571,0.0579751127794906));
#13233=CARTESIAN_POINT('',(-0.0672295020366789,-0.00218975644819086,0.0589327850690277));
#13234=CARTESIAN_POINT('',(-0.0677468674686879,-0.00247264540599267,0.0585173947204696));
#13235=CARTESIAN_POINT('',(-0.0681166372003625,-0.00276557457456345,0.0579720360977178));
#13236=CARTESIAN_POINT('',(-0.0675583540402653,-0.00125766784325862,0.0584721259450981));
#13237=CARTESIAN_POINT('',(-0.0678908985136459,-0.00158360522590695,0.0582306108329834));
#13238=CARTESIAN_POINT('',(-0.0681498622515509,-0.00191478510030688,0.057917385055456));
#13239=CARTESIAN_POINT('',(-0.0678440605776703,-0.000887692746692851,0.0581496824982824));
#13240=CARTESIAN_POINT('',(-0.0680513453810334,-0.00124223104227384,0.0580259071585021));
#13241=CARTESIAN_POINT('',(-0.0682098611878577,-0.00160082982091962,0.0578525275929532));
#13242=CARTESIAN_POINT('',(-0.068024720583074,-0.000791599701846664,0.0579701701458339));
#13243=CARTESIAN_POINT('',(-0.0681630731257838,-0.00116188970469644,0.0579111909123163));
#13244=CARTESIAN_POINT('',(-0.0682575705491112,-0.00153575341531747,0.0578061631772357));
#13245=CARTESIAN_POINT('',(-0.0680118548488495,-0.000798624454622059,0.0579829862403143));
#13246=CARTESIAN_POINT('',(-0.0679928216234217,-0.00120642035939558,0.0580722217572022));
#13247=CARTESIAN_POINT('',(-0.0680746500041223,-0.00162618616583553,0.0580166873368718));
#13248=CARTESIAN_POINT('',(-0.068153858420865,-0.00201655238275108,0.0579164609129255));
#13249=CARTESIAN_POINT('',(-0.0551126809204494,0.01375,0.0530991977472722));
#13250=CARTESIAN_POINT('',(-0.0542519544411728,0.01375,0.0538236112534081));
#13251=CARTESIAN_POINT('',(-0.0542519544411728,0.01375,0.0538236112534081));
#13252=CARTESIAN_POINT('',(-0.0551126809204494,0.01375,0.0530991977472722));
#13253=CARTESIAN_POINT('',(-0.0553995897468749,0.01375,0.0528577265785602));
#13254=CARTESIAN_POINT('',(-0.0553995897468749,0.01375,0.0528577265785602));
#13255=CARTESIAN_POINT('',(-0.0531043191354708,0.01375,0.0524600252796467));
#13256=CARTESIAN_POINT('',(-0.0519566838297688,0.01375,0.0510964393058853));
#13257=CARTESIAN_POINT('',(-0.0519566838297688,0.01375,0.0510964393058853));
#13258=CARTESIAN_POINT('',(-0.0531043191354708,0.01375,0.0524600252796467));
#13259=CARTESIAN_POINT('',(-0.0533912279618963,0.01375,0.0498890834623254));
#13260=CARTESIAN_POINT('',(-0.0542519544411728,0.01375,0.0491646699561894));
#13261=CARTESIAN_POINT('',(-0.0542519544411728,0.01375,0.0491646699561894));
#13262=CARTESIAN_POINT('',(-0.0533912279618963,0.01375,0.0498890834623254));
#13263=CARTESIAN_POINT('',(-0.0547348967785968,0.01375,0.0497384876090404));
#13264=CARTESIAN_POINT('',(-0.0552178391160208,0.01375,0.0503123052618914));
#13265=CARTESIAN_POINT('',(-0.0552178391160208,0.01375,0.0503123052618914));
#13266=CARTESIAN_POINT('',(-0.0547348967785968,0.01375,0.0497384876090404));
#13267=CARTESIAN_POINT('',(-0.0546440214631698,0.01375,0.0507952475993154));
#13268=CARTESIAN_POINT('',(-0.0540702038103188,0.01375,0.0512781899367394));
#13269=CARTESIAN_POINT('',(-0.0540702038103188,0.01375,0.0512781899367394));
#13270=CARTESIAN_POINT('',(-0.0546440214631698,0.01375,0.0507952475993154));
#13271=CARTESIAN_POINT('',(-0.0547348967785968,0.01375,0.0520679582576498));
#13272=CARTESIAN_POINT('',(-0.0547348967785968,0.01375,0.0520679582576498));
#13273=CARTESIAN_POINT('',(-0.0367643075266929,0.01375,0.0318457997480199));
#13274=CARTESIAN_POINT('',(-0.068396603993852,-0.00118966638645203,0.0576058070884015));
#13275=CARTESIAN_POINT('',(-0.0682314232598879,-0.000991708282380737,0.0578196095714487));
#13276=CARTESIAN_POINT('',(-0.0680118548488494,-0.000798624454622072,0.0579829862403144));
#13277=CARTESIAN_POINT('',(-0.0682751128624563,-0.00143818904305367,0.0577630597227569));
#13278=CARTESIAN_POINT('',(-0.0681420344922708,-0.00135647474206941,0.057932871396944));
#13279=CARTESIAN_POINT('',(-0.0679895501165732,-0.00127651682722231,0.0580875604234006));
#13280=CARTESIAN_POINT('',(-0.0682054442739036,-0.00172550402037535,0.0578511867187314));
#13281=CARTESIAN_POINT('',(-0.0681452668146178,-0.00170055133515513,0.0579273323579091));
#13282=CARTESIAN_POINT('',(-0.0680850893066849,-0.00167559865602339,0.0580034779582809));
#13283=CARTESIAN_POINT('',(-0.068153858420865,-0.00201655238275108,0.0579164609129256));
#13284=CARTESIAN_POINT('',(-0.068153858420865,-0.00201655238275108,0.0579164609129256));
#13285=CARTESIAN_POINT('',(-0.068153858420865,-0.00201655238275108,0.0579164609129256));
#13286=CARTESIAN_POINT('',(-0.0660225863479195,-0.00118966638645204,0.0557716750820286));
#13287=CARTESIAN_POINT('',(-0.0680118548488496,-0.000798624454622304,0.0579829862403141));
#13288=CARTESIAN_POINT('',(-0.0682314232598881,-0.000991708282380985,0.0578196095714484));
#13289=CARTESIAN_POINT('',(-0.0683966039938521,-0.00118966638645229,0.0576058070884013));
#13290=CARTESIAN_POINT('',(-0.0686244077015961,0.000568824119974477,0.0571901254885187));
#13291=CARTESIAN_POINT('',(-0.0688792447911352,0.000378164923770704,0.0569945927824267));
#13292=CARTESIAN_POINT('',(-0.0690650860433129,0.000177782188142769,0.0567405541099379));
#13293=CARTESIAN_POINT('',(-0.0692006688602851,0.00227943890405193,0.056369227771673));
#13294=CARTESIAN_POINT('',(-0.069490309395302,0.00209182566939363,0.0561418476721115));
#13295=CARTESIAN_POINT('',(-0.0696939627821633,0.00188839697221902,0.0558447042486083));
#13296=CARTESIAN_POINT('',(-0.069738230067155,0.00432607105330827,0.0555237237101875));
#13297=CARTESIAN_POINT('',(-0.0700613935276464,0.00413504576882394,0.055266790173627));
#13298=CARTESIAN_POINT('',(-0.0702806060663859,0.00393502912147828,0.0549220013580275));
#13299=CARTESIAN_POINT('',(-0.0677489615662249,0.00393502912147844,0.053312412551902));
#13300=CARTESIAN_POINT('',(-0.0697382300671549,0.00432607105330843,0.0555237237101876));
#13301=CARTESIAN_POINT('',(-0.0700613935276463,0.0041350457688241,0.0552667901736271));
#13302=CARTESIAN_POINT('',(-0.0702806060663859,0.00393502912147842,0.0549220013580275));
#13303=CARTESIAN_POINT('',(-0.0697627443031094,0.0044194028062263,0.0554851664831545));
#13304=CARTESIAN_POINT('',(-0.0700802682951733,0.00429916164052086,0.0552207888826669));
#13305=CARTESIAN_POINT('',(-0.0703073585621787,0.00416835850378084,0.0548799236493719));
#13306=CARTESIAN_POINT('',(-0.0697778976504007,0.00462631575714298,0.0554349448234478));
#13307=CARTESIAN_POINT('',(-0.070080214961517,0.00466302134471561,0.0551564929529976));
#13308=CARTESIAN_POINT('',(-0.0703072164126377,0.00468564088103992,0.0548145830879639));
#13309=CARTESIAN_POINT('',(-0.0696215391155052,0.0050196308417567,0.0555060503380311));
#13310=CARTESIAN_POINT('',(-0.0698799146205245,0.0053632397297816,0.0552128560788335));
#13311=CARTESIAN_POINT('',(-0.0700245241799246,0.00566892859270787,0.0548211047878017));
#13312=CARTESIAN_POINT('',(-0.0692794236783909,0.00532844397535903,0.05575920357533));
#13313=CARTESIAN_POINT('',(-0.0694844174957502,0.0059348213281415,0.0554675636074359));
#13314=CARTESIAN_POINT('',(-0.0694736692083949,0.00644096142574999,0.0549800283750332));
#13315=CARTESIAN_POINT('',(-0.0688400676458688,0.00557413190906766,0.0561109961437573));
#13316=CARTESIAN_POINT('',(-0.0689915886750438,0.0064148258028847,0.0558260237767821));
#13317=CARTESIAN_POINT('',(-0.0687989061946298,0.0070551812639947,0.0552239663150183));
#13318=CARTESIAN_POINT('',(-0.0685382239131255,0.0056896569719536,0.0563621019566606));
#13319=CARTESIAN_POINT('',(-0.0686598005893,0.00665519015111139,0.0560819909421456));
#13320=CARTESIAN_POINT('',(-0.068352058596315,0.00734399391138527,0.0554065526547805));
#13321=CARTESIAN_POINT('',(-0.0683861287886131,0.00574028447526537,0.0564899720497406));
#13322=CARTESIAN_POINT('',(-0.0684935027475507,0.00676409265430916,0.0562123324420395));
#13323=CARTESIAN_POINT('',(-0.068130618656571,0.00747056267637079,0.0555009876938749));
#13324=CARTESIAN_POINT('',(-0.0663968602876831,0.00534924254343537,0.054278660891455));
#13325=CARTESIAN_POINT('',(-0.0683861287886131,0.00574028447526536,0.0564899720497406));
#13326=CARTESIAN_POINT('',(-0.0684935027475508,0.00676409265430912,0.0562123324420395));
#13327=CARTESIAN_POINT('',(-0.0681306186565711,0.00747056267637074,0.0555009876938749));
#13328=CARTESIAN_POINT('',(-0.0665817225577785,0.00634091249139722,0.0580069805112465));
#13329=CARTESIAN_POINT('',(-0.0666332415299444,0.00735412224212187,0.0577814615630337));
#13330=CARTESIAN_POINT('',(-0.0662398694971856,0.00807119068472476,0.0571404656862242));
#13331=CARTESIAN_POINT('',(-0.0629860008160222,0.0069978348606123,0.061125479588514));
#13332=CARTESIAN_POINT('',(-0.0628991367035433,0.00800340346484602,0.0610257996106939));
#13333=CARTESIAN_POINT('',(-0.0624315527754413,0.00872811304583156,0.0605033177455642));
#13334=CARTESIAN_POINT('',(-0.0594226835078496,0.00634172072735581,0.064447021647674));
#13335=CARTESIAN_POINT('',(-0.0591930602759748,0.00735491376006347,0.0644744177478857));
#13336=CARTESIAN_POINT('',(-0.058597213724613,0.00807199892056823,0.0640156227979597));
#13337=CARTESIAN_POINT('',(-0.0577216127390526,0.00574028447525951,0.0660836403924186));
#13338=CARTESIAN_POINT('',(-0.0574342004123885,0.00676409265430334,0.0661611457038774));
#13339=CARTESIAN_POINT('',(-0.0567650770495943,0.00747056267636487,0.0657252900631073));
#13340=CARTESIAN_POINT('',(-0.0557323442381268,0.00534924254343098,0.063872329234129));
#13341=CARTESIAN_POINT('',(-0.0577216127390526,0.0057402844752595,0.0660836403924186));
#13342=CARTESIAN_POINT('',(-0.0574342004123865,0.00676409265429674,0.0661611457038803));
#13343=CARTESIAN_POINT('',(-0.0567650770495944,0.00747056267635612,0.0657252900631172));
#13344=CARTESIAN_POINT('',(-0.0575784122280446,0.00568965403130872,0.0662214151652431));
#13345=CARTESIAN_POINT('',(-0.0572870447589478,0.00665518386141632,0.0663127842508615));
#13346=CARTESIAN_POINT('',(-0.0566478160669457,0.00734398655981737,0.0659355523215275));
#13347=CARTESIAN_POINT('',(-0.0572972043623372,0.00557407334549976,0.0664948252829742));
#13348=CARTESIAN_POINT('',(-0.0569978544765825,0.00641474685845228,0.0666154544865611));
#13349=CARTESIAN_POINT('',(-0.0564194164656265,0.00705503485505426,0.0663602538409457));
#13350=CARTESIAN_POINT('',(-0.0569012693949052,0.00532947509675174,0.0668942575960307));
#13351=CARTESIAN_POINT('',(-0.0565896457574159,0.00593671962834943,0.0670672070292436));
#13352=CARTESIAN_POINT('',(-0.0561057806508818,0.00644353922923785,0.0670047740480846));
#13353=CARTESIAN_POINT('',(-0.0566121217330369,0.00501736563083508,0.0672095638439797));
#13354=CARTESIAN_POINT('',(-0.0562933632809289,0.00535917222661541,0.0674358709535805));
#13355=CARTESIAN_POINT('',(-0.0558888463382858,0.00566326556540059,0.0675390130405494));
#13356=CARTESIAN_POINT('',(-0.0565258828334792,0.00462721824417555,0.067356135850822));
#13357=CARTESIAN_POINT('',(-0.0562170812916069,0.0046646180840151,0.0676273162644926));
#13358=CARTESIAN_POINT('',(-0.0558530646930667,0.00468789709862582,0.0678168302426804));
#13359=CARTESIAN_POINT('',(-0.056577292799386,0.00441936549774314,0.0673466441579715));
#13360=CARTESIAN_POINT('',(-0.0562809161083685,0.00429909613186554,0.0676345290983844));
#13361=CARTESIAN_POINT('',(-0.0559180081520256,0.00416826523256333,0.0678244146640967));
#13362=CARTESIAN_POINT('',(-0.0566182032382616,0.00432607105330846,0.067326339549339));
#13363=CARTESIAN_POINT('',(-0.0563286318911337,0.00413504576882416,0.0676206147595229));
#13364=CARTESIAN_POINT('',(-0.0559626539345209,0.00393502912147851,0.0678022561638796));
#13365=CARTESIAN_POINT('',(-0.0546289347373316,0.00393502912147848,0.0651150283910534));
#13366=CARTESIAN_POINT('',(-0.0566182032382614,0.0043260710533083,0.0673263395493391));
#13367=CARTESIAN_POINT('',(-0.0563286318911335,0.00413504576882397,0.067620614759523));
#13368=CARTESIAN_POINT('',(-0.0559626539345207,0.00393502912147831,0.0678022561638798));
#13369=CARTESIAN_POINT('',(-0.0577975511474507,0.00163661608602221,0.0667410080926779));
#13370=CARTESIAN_POINT('',(-0.0575504481899761,0.00145182090505889,0.0669959775446718));
#13371=CARTESIAN_POINT('',(-0.0572496823171782,0.00124557415418914,0.0671634809626722));
#13372=CARTESIAN_POINT('',(-0.0589416702348296,-0.000472296366647558,0.0660847065781464));
#13373=CARTESIAN_POINT('',(-0.0587415717036668,-0.000662954117278946,0.0662984281426296));
#13374=CARTESIAN_POINT('',(-0.0584982653071745,-0.00086333829847469,0.0664472557756252));
#13375=CARTESIAN_POINT('',(-0.0600423113680037,-0.00198546098340102,0.0653621669589921));
#13376=CARTESIAN_POINT('',(-0.0598891383820297,-0.00217901552402566,0.0655341871363636));
#13377=CARTESIAN_POINT('',(-0.0596994005841551,-0.00237650291523101,0.0656587446075332));
#13378=CARTESIAN_POINT('',(-0.0580530428670739,-0.00237650291523072,0.0631508558007064));
#13379=CARTESIAN_POINT('',(-0.0600423113680039,-0.0019854609834007,0.065362166958992));
#13380=CARTESIAN_POINT('',(-0.0598891383820299,-0.00217901552402552,0.0655341871363635));
#13381=CARTESIAN_POINT('',(-0.0596994005841553,-0.002376502915231,0.0656587446075331));
#13382=CARTESIAN_POINT('',(-0.0601547012831468,-0.00213997497448995,0.0652883861761138));
#13383=CARTESIAN_POINT('',(-0.0599953523335769,-0.00228149201795459,0.0654567600129343));
#13384=CARTESIAN_POINT('',(-0.0598075972624559,-0.00242735614156103,0.0655877165636271));
#13385=CARTESIAN_POINT('',(-0.060325202306474,-0.0024971653301104,0.065198170058115));
#13386=CARTESIAN_POINT('',(-0.0601937896570012,-0.00252583903141773,0.0653214578464135));
#13387=CARTESIAN_POINT('',(-0.0600539909046797,-0.00255774244254979,0.0654340559603008));
#13388=CARTESIAN_POINT('',(-0.0604145811128103,-0.00290396683651554,0.0651897035892105));
#13389=CARTESIAN_POINT('',(-0.0603806073748918,-0.00291136143920628,0.065221573590762));
#13390=CARTESIAN_POINT('',(-0.0603466336361796,-0.00291875604423843,0.0652534435901638));
#13391=CARTESIAN_POINT('',(-0.0604558600674239,-0.00310088012056992,0.0651873911271468));
#13392=CARTESIAN_POINT('',(-0.0604558600674233,-0.00310088012057062,0.0651873911271474));
#13393=CARTESIAN_POINT('',(-0.0604558600674228,-0.00310088012057132,0.065187391127148));
#13394=MECHANICAL_DESIGN_GEOMETRIC_PRESENTATION_REPRESENTATION('',(#5113,
#4560,#4561,#4562,#4563,#4564,#4565,#4566,#4567,#4568,#4569,#4570,#4571,
#4572,#4573,#4574,#4575,#4576,#4577,#4578,#4579,#4580,#4581,#4582,#4583,
#4584,#4585,#4586,#4587,#4588,#4589,#4590,#4591,#4592,#4593,#4594,#4595,
#4596,#4597,#4598,#4599,#4600,#4601,#4602,#4603,#4604,#4605,#4606,#4607,
#4608,#4609,#4610,#4611,#4612,#4613,#4614,#4615,#4616,#4617,#4618,#4619,
#4620,#4621,#4622,#4623,#4624,#4625,#4626,#4627,#4628,#4629,#4630,#4631,
#4632,#4633,#4634,#4635,#4636,#4637,#4638,#4639,#4640,#4641,#4642,#4643,
#4644,#4645,#4646,#4647,#4648,#4649,#4650,#4651,#4652,#4653,#4654,#4655,
#4656,#4657,#4658,#4659,#4660,#4661,#4662,#4663,#4664,#4665,#4666,#4667,
#4668,#4669,#4670,#4671,#4672,#4673,#4674,#4675,#4676,#4677,#4678,#4679,
#4680,#4681,#4682,#4683,#4684,#4685,#4686,#4687,#4688,#4689,#4690,#4691,
#4692,#4693,#4694,#4695,#4696,#4697,#4698,#4699,#4700,#4701,#4702,#4703,
#4704,#4705,#4706,#4707,#4708,#4709,#4710,#4711,#4712,#4713,#4714,#4715,
#4716,#4717,#4718,#4719,#4720,#4721,#4722,#4723,#4724,#4725,#4726,#4727,
#4728,#4729,#4730,#4731,#4732,#4733,#4734,#4735,#4736,#4737,#4738,#4739,
#4740,#4741,#4742,#4743,#4744,#4745,#4746,#4747,#4748,#4749,#4750,#4751,
#4752,#4753,#4754,#4755,#4756,#4757,#4758,#4759,#4760,#4761,#4762,#4763,
#4764,#4765,#4766,#4767,#4768,#4769,#4770,#4771,#4772,#4773,#4774,#4775,
#4776,#4777,#4778,#4779,#4780,#4781,#4782,#4783,#4784,#4785,#4786,#4787,
#4788,#4789,#4790,#4791,#4792,#4793,#4794,#4795,#4796,#4797,#4798,#4799,
#4800,#4801,#4802,#4803,#4804,#4805,#4806,#4807,#4808,#4809,#4810,#4811,
#4812,#4813,#4814,#4815,#4816,#4817,#4818,#4819,#4820,#4821,#4822,#4823,
#4824,#4825,#4826,#4827,#4828,#4829,#4830,#4831,#4832,#4833,#4834,#4835),
#13395);
#13395=(
GEOMETRIC_REPRESENTATION_CONTEXT(3)
GLOBAL_UNCERTAINTY_ASSIGNED_CONTEXT((#13396))
GLOBAL_UNIT_ASSIGNED_CONTEXT((#13399,#13398,#13397))
REPRESENTATION_CONTEXT('7/8" Ang 3 [L] connector [7.5 angle]',
'TOP_LEVEL_ASSEMBLY_PART')
);
#13396=UNCERTAINTY_MEASURE_WITH_UNIT(LENGTH_MEASURE(5.E-6),#13399,
'DISTANCE_ACCURACY_VALUE','Maximum Tolerance applied to model');
#13397=(
NAMED_UNIT(*)
SI_UNIT($,.STERADIAN.)
SOLID_ANGLE_UNIT()
);
#13398=(
NAMED_UNIT(*)
PLANE_ANGLE_UNIT()
SI_UNIT($,.RADIAN.)
);
#13399=(
LENGTH_UNIT()
NAMED_UNIT(*)
SI_UNIT($,.METRE.)
);
#13400=PRODUCT_DEFINITION_SHAPE('','',#13401);
#13401=PRODUCT_DEFINITION('','',#13403,#13402);
#13402=PRODUCT_DEFINITION_CONTEXT('',#13409,'design');
#13403=PRODUCT_DEFINITION_FORMATION_WITH_SPECIFIED_SOURCE('','',#13405,
 .NOT_KNOWN.);
#13404=PRODUCT_RELATED_PRODUCT_CATEGORY('','',(#13405));
#13405=PRODUCT('7/8" Ang 3 [L] connector [7.5 angle]',
'7/8" Ang 3 [L] connector [7.5 angle]',
'7/8" Ang 3 [L] connector [7.5 angle]',(#13407));
#13406=PRODUCT_CATEGORY('','');
#13407=PRODUCT_CONTEXT('',#13409,'mechanical');
#13408=APPLICATION_PROTOCOL_DEFINITION('international standard',
'ap242_managed_model_based_3d_engineering',2011,#13409);
#13409=APPLICATION_CONTEXT('managed model based 3d engineering');
ENDSEC;
END-ISO-10303-21;
