ISO-10303-21;
HEADER;
/* Generated by software containing ST-Developer
 * from STEP Tools, Inc. (www.steptools.com) 
 */
/* OPTION: using custom renumber hook */

FILE_DESCRIPTION(
/* description */ ('STEP AP242',
'CAx-IF Rec.Pracs.---Representation and Presentation of Product Manufa
cturing Information (PMI)---4.0---2014-10-13',
'CAx-IF Rec.Pracs.---3D Tessellated Geometry---0.4---2014-09-14','2;1'),

/* implementation_level */ '2;1');

FILE_NAME(
/* name */ '64246a661269fe207307ec7c',
/* time_stamp */ '2023-03-29T16:42:14+00:00',
/* author */ (''),
/* organization */ (''),
/* preprocessor_version */ 'ST-DEVELOPER v18.102',
/* originating_system */ '  ',
/* authorisation */ '  ');

FILE_SCHEMA (('AP242_MANAGED_MODEL_BASED_3D_ENGINEERING_MIM_LF { 1 0 10303 442 1 1 4 }'));
ENDSEC;

DATA;
#10=SHAPE_REPRESENTATION_RELATIONSHIP('','',#3977,#11);
#11=ADVANCED_BREP_SHAPE_REPRESENTATION('',(#3975),#7716);
#12=SPHERICAL_SURFACE('',#4166,0.005);
#13=SPHERICAL_SURFACE('',#4172,0.005);
#14=SPHERICAL_SURFACE('',#4174,0.005);
#15=SPHERICAL_SURFACE('',#4179,0.005);
#16=ELLIPSE('',#3995,799.925071830671,0.574037479373177);
#17=ELLIPSE('',#3997,799.925067864241,0.574037477950013);
#18=ELLIPSE('',#4001,799.92280846295,0.574035852797307);
#19=ELLIPSE('',#4003,799.922809842633,0.574035853292361);
#20=ELLIPSE('',#4006,799.92279880552,0.574035849332174);
#21=ELLIPSE('',#4008,799.922799322929,0.57403584951784);
#22=ELLIPSE('',#4021,799.925067864241,0.574037477950013);
#23=ELLIPSE('',#4023,799.925071830671,0.574037479373177);
#24=ELLIPSE('',#4024,0.00233217510068906,0.0015);
#25=ELLIPSE('',#4025,0.00233217510068906,0.0015);
#26=ELLIPSE('',#4028,0.0450524343141702,0.0318568736098419);
#27=ELLIPSE('',#4029,799.92279880552,0.574035849332174);
#28=ELLIPSE('',#4034,799.922799322929,0.57403584951784);
#29=ELLIPSE('',#4035,0.0450524343141702,0.0318568736098419);
#30=ELLIPSE('',#4037,0.0487164302236015,0.0368568736098418);
#31=ELLIPSE('',#4038,0.0487164302236016,0.0368568736098418);
#32=ELLIPSE('',#4041,0.0123359605227611,0.00585690734116194);
#33=ELLIPSE('',#4044,799.92280846295,0.574035852797307);
#34=ELLIPSE('',#4048,0.00233217630168945,0.0015);
#35=ELLIPSE('',#4049,0.00233217630168945,0.0015);
#36=ELLIPSE('',#4054,799.922809842633,0.574035853292361);
#37=ELLIPSE('',#4147,0.0070685338477549,0.005);
#38=ELLIPSE('',#4149,0.00706748247119992,0.005);
#39=ELLIPSE('',#4150,0.00706748247119992,0.005);
#40=ELLIPSE('',#4152,0.00706853384775492,0.005);
#41=CONICAL_SURFACE('',#3992,0.005,0.785398163397449);
#42=CONICAL_SURFACE('',#3996,0.005,0.785398163397449);
#43=CONICAL_SURFACE('',#4000,0.005,0.785398163397452);
#44=CONICAL_SURFACE('',#4005,0.005,0.785398163397449);
#45=CONICAL_SURFACE('',#4089,0.002,0.785398163397446);
#46=CONICAL_SURFACE('',#4090,0.005,0.785398163397449);
#47=CONICAL_SURFACE('',#4091,0.005,0.785398163397452);
#48=CONICAL_SURFACE('',#4092,0.002,0.785398163397449);
#49=CONICAL_SURFACE('',#4093,0.002,0.785398163397447);
#50=CONICAL_SURFACE('',#4094,0.005,0.785398163397449);
#51=CONICAL_SURFACE('',#4095,0.00400287251835595,0.78539816339745);
#52=CONICAL_SURFACE('',#4096,0.005,0.785398163397449);
#53=CONICAL_SURFACE('',#4097,0.00400287251835596,0.785398163397449);
#54=CONICAL_SURFACE('',#4098,0.002,0.785398163397446);
#55=B_SPLINE_SURFACE_WITH_KNOTS('',1,3,((#5022,#5023,#5024,#5025,#5026,
#5027,#5028,#5029,#5030,#5031,#5032,#5033,#5034,#5035,#5036,#5037,#5038,
#5039,#5040,#5041,#5042,#5043,#5044,#5045,#5046,#5047,#5048,#5049,#5050,
#5051,#5052,#5053,#5054,#5055),(#5056,#5057,#5058,#5059,#5060,#5061,#5062,
#5063,#5064,#5065,#5066,#5067,#5068,#5069,#5070,#5071,#5072,#5073,#5074,
#5075,#5076,#5077,#5078,#5079,#5080,#5081,#5082,#5083,#5084,#5085,#5086,
#5087,#5088,#5089),(#5090,#5091,#5092,#5093,#5094,#5095,#5096,#5097,#5098,
#5099,#5100,#5101,#5102,#5103,#5104,#5105,#5106,#5107,#5108,#5109,#5110,
#5111,#5112,#5113,#5114,#5115,#5116,#5117,#5118,#5119,#5120,#5121,#5122,
#5123),(#5124,#5125,#5126,#5127,#5128,#5129,#5130,#5131,#5132,#5133,#5134,
#5135,#5136,#5137,#5138,#5139,#5140,#5141,#5142,#5143,#5144,#5145,#5146,
#5147,#5148,#5149,#5150,#5151,#5152,#5153,#5154,#5155,#5156,#5157),(#5158,
#5159,#5160,#5161,#5162,#5163,#5164,#5165,#5166,#5167,#5168,#5169,#5170,
#5171,#5172,#5173,#5174,#5175,#5176,#5177,#5178,#5179,#5180,#5181,#5182,
#5183,#5184,#5185,#5186,#5187,#5188,#5189,#5190,#5191)),.RULED_SURF.,.F.,
 .T.,.F.,(2,1,1,1,2),(2,2,2,2,2,2,2,2,2,2,2,2,2,2,2,2,2,2,2),(-2.37200391852017,
-2.33565908090771,0.,1.,1.73158491054154),(-2.35049688916223,-1.9577978074635,
-1.56509872576477,-1.17239964406605,-0.779700562367327,-0.387001480668604,
0.00569760103012085,0.398396682728845,0.791095764427569,1.18379484612629,
1.57649392782502,1.96919300952374,2.36189209122246,2.75459117292119,3.14729025461992,
3.53998933631864,3.93268841801736,4.32538749971608,4.71808658141481),
 .UNSPECIFIED.);
#56=B_SPLINE_SURFACE_WITH_KNOTS('',1,3,((#5242,#5243,#5244,#5245,#5246,
#5247,#5248,#5249,#5250,#5251,#5252,#5253,#5254,#5255,#5256,#5257,#5258,
#5259,#5260,#5261,#5262,#5263,#5264,#5265,#5266,#5267,#5268,#5269,#5270,
#5271,#5272,#5273,#5274,#5275),(#5276,#5277,#5278,#5279,#5280,#5281,#5282,
#5283,#5284,#5285,#5286,#5287,#5288,#5289,#5290,#5291,#5292,#5293,#5294,
#5295,#5296,#5297,#5298,#5299,#5300,#5301,#5302,#5303,#5304,#5305,#5306,
#5307,#5308,#5309),(#5310,#5311,#5312,#5313,#5314,#5315,#5316,#5317,#5318,
#5319,#5320,#5321,#5322,#5323,#5324,#5325,#5326,#5327,#5328,#5329,#5330,
#5331,#5332,#5333,#5334,#5335,#5336,#5337,#5338,#5339,#5340,#5341,#5342,
#5343),(#5344,#5345,#5346,#5347,#5348,#5349,#5350,#5351,#5352,#5353,#5354,
#5355,#5356,#5357,#5358,#5359,#5360,#5361,#5362,#5363,#5364,#5365,#5366,
#5367,#5368,#5369,#5370,#5371,#5372,#5373,#5374,#5375,#5376,#5377),(#5378,
#5379,#5380,#5381,#5382,#5383,#5384,#5385,#5386,#5387,#5388,#5389,#5390,
#5391,#5392,#5393,#5394,#5395,#5396,#5397,#5398,#5399,#5400,#5401,#5402,
#5403,#5404,#5405,#5406,#5407,#5408,#5409,#5410,#5411)),.RULED_SURF.,.F.,
 .T.,.F.,(2,1,1,1,2),(2,2,2,2,2,2,2,2,2,2,2,2,2,2,2,2,2,2,2),(-2.36730206140694,
0.,1.,1.73078127255852,1.77176210589818),(3.88629827848162,4.27899736018034,
4.67169644187907,5.06439552357779,5.45709460527651,5.84979368697524,6.24249276867396,
6.63519185037269,7.02789093207141,7.42059001377013,7.81328909546886,8.20598817716758,
8.59868725886631,8.99138634056503,9.38408542226376,9.77678450396248,10.1694835856612,
10.5621826673599,10.9548817490586),.UNSPECIFIED.);
#57=B_SPLINE_SURFACE_WITH_KNOTS('',1,3,((#6296,#6297,#6298,#6299,#6300,
#6301,#6302,#6303,#6304,#6305,#6306,#6307,#6308,#6309,#6310,#6311,#6312,
#6313,#6314,#6315,#6316,#6317,#6318,#6319,#6320,#6321,#6322,#6323,#6324,
#6325,#6326,#6327,#6328,#6329),(#6330,#6331,#6332,#6333,#6334,#6335,#6336,
#6337,#6338,#6339,#6340,#6341,#6342,#6343,#6344,#6345,#6346,#6347,#6348,
#6349,#6350,#6351,#6352,#6353,#6354,#6355,#6356,#6357,#6358,#6359,#6360,
#6361,#6362,#6363),(#6364,#6365,#6366,#6367,#6368,#6369,#6370,#6371,#6372,
#6373,#6374,#6375,#6376,#6377,#6378,#6379,#6380,#6381,#6382,#6383,#6384,
#6385,#6386,#6387,#6388,#6389,#6390,#6391,#6392,#6393,#6394,#6395,#6396,
#6397),(#6398,#6399,#6400,#6401,#6402,#6403,#6404,#6405,#6406,#6407,#6408,
#6409,#6410,#6411,#6412,#6413,#6414,#6415,#6416,#6417,#6418,#6419,#6420,
#6421,#6422,#6423,#6424,#6425,#6426,#6427,#6428,#6429,#6430,#6431),(#6432,
#6433,#6434,#6435,#6436,#6437,#6438,#6439,#6440,#6441,#6442,#6443,#6444,
#6445,#6446,#6447,#6448,#6449,#6450,#6451,#6452,#6453,#6454,#6455,#6456,
#6457,#6458,#6459,#6460,#6461,#6462,#6463,#6464,#6465)),.RULED_SURF.,.F.,
 .T.,.F.,(2,1,1,1,2),(2,2,2,2,2,2,2,2,2,2,2,2,2,2,2,2,2,2,2),(-2.37200391852017,
-2.33565908090771,0.,1.,1.73158491054154),(-2.35049688916223,-1.9577978074635,
-1.56509872576477,-1.17239964406605,-0.779700562367327,-0.387001480668604,
0.00569760103012085,0.398396682728845,0.791095764427569,1.18379484612629,
1.57649392782502,1.96919300952374,2.36189209122246,2.75459117292119,3.14729025461992,
3.53998933631864,3.93268841801736,4.32538749971608,4.71808658141481),
 .UNSPECIFIED.);
#58=B_SPLINE_SURFACE_WITH_KNOTS('',1,3,((#6481,#6482,#6483,#6484,#6485,
#6486,#6487,#6488,#6489,#6490,#6491,#6492,#6493,#6494,#6495,#6496,#6497,
#6498,#6499,#6500,#6501,#6502,#6503,#6504,#6505,#6506,#6507,#6508,#6509,
#6510,#6511,#6512,#6513,#6514),(#6515,#6516,#6517,#6518,#6519,#6520,#6521,
#6522,#6523,#6524,#6525,#6526,#6527,#6528,#6529,#6530,#6531,#6532,#6533,
#6534,#6535,#6536,#6537,#6538,#6539,#6540,#6541,#6542,#6543,#6544,#6545,
#6546,#6547,#6548),(#6549,#6550,#6551,#6552,#6553,#6554,#6555,#6556,#6557,
#6558,#6559,#6560,#6561,#6562,#6563,#6564,#6565,#6566,#6567,#6568,#6569,
#6570,#6571,#6572,#6573,#6574,#6575,#6576,#6577,#6578,#6579,#6580,#6581,
#6582),(#6583,#6584,#6585,#6586,#6587,#6588,#6589,#6590,#6591,#6592,#6593,
#6594,#6595,#6596,#6597,#6598,#6599,#6600,#6601,#6602,#6603,#6604,#6605,
#6606,#6607,#6608,#6609,#6610,#6611,#6612,#6613,#6614,#6615,#6616),(#6617,
#6618,#6619,#6620,#6621,#6622,#6623,#6624,#6625,#6626,#6627,#6628,#6629,
#6630,#6631,#6632,#6633,#6634,#6635,#6636,#6637,#6638,#6639,#6640,#6641,
#6642,#6643,#6644,#6645,#6646,#6647,#6648,#6649,#6650)),.RULED_SURF.,.F.,
 .T.,.F.,(2,1,1,1,2),(2,2,2,2,2,2,2,2,2,2,2,2,2,2,2,2,2,2,2),(-2.36730206140694,
0.,1.,1.73078127255852,1.77176210589818),(3.88629827848162,4.27899736018034,
4.67169644187907,5.06439552357779,5.45709460527651,5.84979368697524,6.24249276867396,
6.63519185037269,7.02789093207141,7.42059001377013,7.81328909546886,8.20598817716758,
8.59868725886631,8.99138634056503,9.38408542226376,9.77678450396248,10.1694835856612,
10.5621826673599,10.9548817490586),.UNSPECIFIED.);
#59=B_SPLINE_SURFACE_WITH_KNOTS('',3,3,((#7130,#7131,#7132,#7133,#7134,
#7135,#7136,#7137,#7138),(#7139,#7140,#7141,#7142,#7143,#7144,#7145,#7146,
#7147),(#7148,#7149,#7150,#7151,#7152,#7153,#7154,#7155,#7156),(#7157,#7158,
#7159,#7160,#7161,#7162,#7163,#7164,#7165),(#7166,#7167,#7168,#7169,#7170,
#7171,#7172,#7173,#7174),(#7175,#7176,#7177,#7178,#7179,#7180,#7181,#7182,
#7183),(#7184,#7185,#7186,#7187,#7188,#7189,#7190,#7191,#7192),(#7193,#7194,
#7195,#7196,#7197,#7198,#7199,#7200,#7201),(#7202,#7203,#7204,#7205,#7206,
#7207,#7208,#7209,#7210),(#7211,#7212,#7213,#7214,#7215,#7216,#7217,#7218,
#7219),(#7220,#7221,#7222,#7223,#7224,#7225,#7226,#7227,#7228),(#7229,#7230,
#7231,#7232,#7233,#7234,#7235,#7236,#7237),(#7238,#7239,#7240,#7241,#7242,
#7243,#7244,#7245,#7246),(#7247,#7248,#7249,#7250,#7251,#7252,#7253,#7254,
#7255),(#7256,#7257,#7258,#7259,#7260,#7261,#7262,#7263,#7264),(#7265,#7266,
#7267,#7268,#7269,#7270,#7271,#7272,#7273),(#7274,#7275,#7276,#7277,#7278,
#7279,#7280,#7281,#7282),(#7283,#7284,#7285,#7286,#7287,#7288,#7289,#7290,
#7291),(#7292,#7293,#7294,#7295,#7296,#7297,#7298,#7299,#7300),(#7301,#7302,
#7303,#7304,#7305,#7306,#7307,#7308,#7309)),.UNSPECIFIED.,.F.,.F.,.F.,(4,
1,1,1,1,1,1,1,1,1,1,1,1,1,1,1,1,4),(4,1,1,1,1,1,4),(-9.0568756169999E-5,
2.87744485748166E-5,0.000148117653319632,0.000386804062809263,0.000864176881788525,
0.00181892251974705,0.00277366815770557,0.0037284137956641,0.00563790507158115,
0.0075473963474982,0.00945688762341524,0.0113663788993323,0.0132758701752493,
0.0142306158132079,0.0147079886321871,0.0149466750416768,0.0150660182464216,
0.0151853614511664),(-0.0060041113716567,0.1197464025498,0.245496916471257,
0.496997944314172,0.748498972157086,0.874249486078543,1.),.UNSPECIFIED.);
#60=B_SPLINE_SURFACE_WITH_KNOTS('',1,3,((#7340,#7341,#7342,#7343),(#7344,
#7345,#7346,#7347)),.RULED_SURF.,.F.,.F.,.F.,(2,2),(4,4),(0.,1.),(2.35619474767734,
3.14159265358981),.PIECEWISE_BEZIER_KNOTS.);
#61=B_SPLINE_SURFACE_WITH_KNOTS('',1,3,((#7357,#7358,#7359,#7360),(#7361,
#7362,#7363,#7364)),.RULED_SURF.,.F.,.F.,.F.,(2,2),(4,4),(0.,1.),(1.57079632679489,
2.35619474767731),.PIECEWISE_BEZIER_KNOTS.);
#62=B_SPLINE_SURFACE_WITH_KNOTS('',1,3,((#7374,#7375,#7376,#7377),(#7378,
#7379,#7380,#7381)),.RULED_SURF.,.F.,.F.,.F.,(2,2),(4,4),(0.,1.),(0.785397905912477,
1.5707963267949),.PIECEWISE_BEZIER_KNOTS.);
#63=B_SPLINE_SURFACE_WITH_KNOTS('',1,3,((#7401,#7402,#7403,#7404),(#7405,
#7406,#7407,#7408)),.RULED_SURF.,.F.,.F.,.F.,(2,2),(4,4),(0.,1.),(4.71238898038468,
5.49778740126711),.PIECEWISE_BEZIER_KNOTS.);
#64=B_SPLINE_SURFACE_WITH_KNOTS('',1,3,((#7418,#7419,#7420,#7421),(#7422,
#7423,#7424,#7425)),.RULED_SURF.,.F.,.F.,.F.,(2,2),(4,4),(0.,1.),(3.92699055950227,
4.71238898038468),.PIECEWISE_BEZIER_KNOTS.);
#65=B_SPLINE_SURFACE_WITH_KNOTS('',1,3,((#7435,#7436,#7437,#7438),(#7439,
#7440,#7441,#7442)),.RULED_SURF.,.F.,.F.,.F.,(2,2),(4,4),(0.,1.),(3.1415926535898,
3.92699055950227),.PIECEWISE_BEZIER_KNOTS.);
#66=B_SPLINE_SURFACE_WITH_KNOTS('',1,3,((#7453,#7454,#7455,#7456),(#7457,
#7458,#7459,#7460)),.RULED_SURF.,.F.,.F.,.F.,(2,2),(4,4),(0.,1.),(2.35619474767731,
3.1415926535898),.PIECEWISE_BEZIER_KNOTS.);
#67=B_SPLINE_SURFACE_WITH_KNOTS('',1,3,((#7475,#7476,#7477,#7478),(#7479,
#7480,#7481,#7482)),.RULED_SURF.,.F.,.F.,.F.,(2,2),(4,4),(0.,1.),(3.1415926535898,
3.92699055950227),.PIECEWISE_BEZIER_KNOTS.);
#68=B_SPLINE_SURFACE_WITH_KNOTS('',1,3,((#7487,#7488,#7489,#7490),(#7491,
#7492,#7493,#7494)),.RULED_SURF.,.F.,.F.,.F.,(2,2),(4,4),(0.,1.),(1.5707963267949,
2.35619474767731),.PIECEWISE_BEZIER_KNOTS.);
#69=B_SPLINE_SURFACE_WITH_KNOTS('',1,3,((#7509,#7510,#7511,#7512),(#7513,
#7514,#7515,#7516)),.RULED_SURF.,.F.,.F.,.F.,(2,2),(4,4),(0.,1.),(3.92699055950227,
4.71238898038469),.PIECEWISE_BEZIER_KNOTS.);
#70=B_SPLINE_SURFACE_WITH_KNOTS('',1,3,((#7521,#7522,#7523,#7524),(#7525,
#7526,#7527,#7528)),.RULED_SURF.,.F.,.F.,.F.,(2,2),(4,4),(0.,1.),(0.785397905912473,
1.5707963267949),.PIECEWISE_BEZIER_KNOTS.);
#71=B_SPLINE_SURFACE_WITH_KNOTS('',1,3,((#7543,#7544,#7545,#7546),(#7547,
#7548,#7549,#7550)),.RULED_SURF.,.F.,.F.,.F.,(2,2),(4,4),(0.,1.),(4.71238898038469,
5.49778740126711),.PIECEWISE_BEZIER_KNOTS.);
#72=B_SPLINE_SURFACE_WITH_KNOTS('',1,3,((#7555,#7556,#7557,#7558),(#7559,
#7560,#7561,#7562)),.RULED_SURF.,.F.,.F.,.F.,(2,2),(4,4),(0.,1.),(0.,0.785397905912473),
 .PIECEWISE_BEZIER_KNOTS.);
#73=B_SPLINE_SURFACE_WITH_KNOTS('',1,3,((#7577,#7578,#7579,#7580),(#7581,
#7582,#7583,#7584)),.RULED_SURF.,.F.,.F.,.F.,(2,2),(4,4),(0.,1.),(5.49778740126711,
6.28318530717959),.PIECEWISE_BEZIER_KNOTS.);
#74=(
BOUNDED_SURFACE()
B_SPLINE_SURFACE(3,2,((#4851,#4852,#4853),(#4854,#4855,#4856),(#4857,#4858,
#4859),(#4860,#4861,#4862)),.UNSPECIFIED.,.F.,.F.,.F.)
B_SPLINE_SURFACE_WITH_KNOTS((4,4),(3,3),(0.0513193745215278,0.0602121675624011),
(0.,1.),.PIECEWISE_BEZIER_KNOTS.)
GEOMETRIC_REPRESENTATION_ITEM()
RATIONAL_B_SPLINE_SURFACE(((1.,0.92387955045105,1.),(1.,0.92387955045105,
1.),(1.,0.92387955045105,1.),(1.,0.92387955045105,1.)))
REPRESENTATION_ITEM('')
SURFACE()
);
#75=(
BOUNDED_SURFACE()
B_SPLINE_SURFACE(3,2,((#4877,#4878,#4879),(#4880,#4881,#4882),(#4883,#4884,
#4885),(#4886,#4887,#4888)),.UNSPECIFIED.,.F.,.F.,.F.)
B_SPLINE_SURFACE_WITH_KNOTS((4,4),(3,3),(0.0513272697585956,0.0602207814453033),
(0.,1.),.PIECEWISE_BEZIER_KNOTS.)
GEOMETRIC_REPRESENTATION_ITEM()
RATIONAL_B_SPLINE_SURFACE(((1.,0.923879550451051,1.),(1.,0.923879550451051,
1.),(1.,0.92387955045105,1.),(1.,0.92387955045105,1.)))
REPRESENTATION_ITEM('')
SURFACE()
);
#76=(
BOUNDED_SURFACE()
B_SPLINE_SURFACE(1,3,((#5765,#5766,#5767,#5768),(#5769,#5770,#5771,#5772)),
 .SURF_OF_REVOLUTION.,.F.,.F.,.F.)
B_SPLINE_SURFACE_WITH_KNOTS((2,2),(4,4),(0.16129037606207,0.842774229628157),
(0.,1.),.PIECEWISE_BEZIER_KNOTS.)
GEOMETRIC_REPRESENTATION_ITEM()
RATIONAL_B_SPLINE_SURFACE(((1.,0.843812116645932,0.843812116645932,1.),
(1.,0.843812116645932,0.843812116645932,1.)))
REPRESENTATION_ITEM('')
SURFACE()
);
#77=(
BOUNDED_SURFACE()
B_SPLINE_SURFACE(1,3,((#5806,#5807,#5808,#5809),(#5810,#5811,#5812,#5813)),
 .SURF_OF_REVOLUTION.,.F.,.F.,.F.)
B_SPLINE_SURFACE_WITH_KNOTS((2,2),(4,4),(0.161290352922094,0.842774092502784),
(0.,1.),.PIECEWISE_BEZIER_KNOTS.)
GEOMETRIC_REPRESENTATION_ITEM()
RATIONAL_B_SPLINE_SURFACE(((1.,0.843812116645932,0.843812116645932,1.),
(1.,0.843812116645932,0.843812116645932,1.)))
REPRESENTATION_ITEM('')
SURFACE()
);
#78=(
BOUNDED_SURFACE()
B_SPLINE_SURFACE(1,3,((#5840,#5841,#5842,#5843),(#5844,#5845,#5846,#5847)),
 .SURF_OF_REVOLUTION.,.F.,.F.,.F.)
B_SPLINE_SURFACE_WITH_KNOTS((2,2),(4,4),(0.,1.),(0.,1.),
 .PIECEWISE_BEZIER_KNOTS.)
GEOMETRIC_REPRESENTATION_ITEM()
RATIONAL_B_SPLINE_SURFACE(((1.,0.843812116645932,0.843812116645932,1.),
(1.,0.843812116645932,0.843812116645932,1.)))
REPRESENTATION_ITEM('')
SURFACE()
);
#79=(
BOUNDED_SURFACE()
B_SPLINE_SURFACE(1,3,((#5861,#5862,#5863,#5864),(#5865,#5866,#5867,#5868)),
 .SURF_OF_REVOLUTION.,.F.,.F.,.F.)
B_SPLINE_SURFACE_WITH_KNOTS((2,2),(4,4),(0.,1.),(0.,1.),
 .PIECEWISE_BEZIER_KNOTS.)
GEOMETRIC_REPRESENTATION_ITEM()
RATIONAL_B_SPLINE_SURFACE(((1.,0.843812116645932,0.843812116645932,1.),
(1.,0.843812116645932,0.843812116645932,1.)))
REPRESENTATION_ITEM('')
SURFACE()
);
#80=(
BOUNDED_SURFACE()
B_SPLINE_SURFACE(3,2,((#6682,#6683,#6684),(#6685,#6686,#6687),(#6688,#6689,
#6690),(#6691,#6692,#6693),(#6694,#6695,#6696),(#6697,#6698,#6699),(#6700,
#6701,#6702),(#6703,#6704,#6705),(#6706,#6707,#6708),(#6709,#6710,#6711),
(#6712,#6713,#6714),(#6715,#6716,#6717),(#6718,#6719,#6720),(#6721,#6722,
#6723),(#6724,#6725,#6726),(#6727,#6728,#6729),(#6730,#6731,#6732),(#6733,
#6734,#6735),(#6736,#6737,#6738)),.UNSPECIFIED.,.F.,.F.,.F.)
B_SPLINE_SURFACE_WITH_KNOTS((4,1,1,1,1,1,1,1,1,1,1,1,1,1,1,1,4),(3,3),(0.013128899236464,
0.0136114718462366,0.0140940444560092,0.0145766170657817,0.0150591896755543,
0.0160243348950994,0.0169894801146446,0.0189197705537349,0.0208500609928251,
0.0227803514319154,0.0247106418710057,0.0256757870905508,0.0266409323100959,
0.0271235049198685,0.0276060775296411,0.0280886501394136,0.0285712227491862),
(0.,1.),.UNSPECIFIED.)
GEOMETRIC_REPRESENTATION_ITEM()
RATIONAL_B_SPLINE_SURFACE(((1.,0.92386814826733,1.),(1.,0.923900060425359,
1.),(1.,0.923870620510409,1.),(1.,0.9238824480328,1.),(1.,0.923879297815663,
1.),(1.,0.923880328943868,1.),(1.,0.923879826570055,1.),(1.,0.923880024154543,
1.),(1.,0.92387992590202,1.),(1.,0.923879963044143,1.),(1.,0.923879932378676,
1.),(1.,0.923880003645129,1.),(1.,0.923879862191667,1.),(1.,0.923880221539313,
1.),(1.,0.923879484019541,1.),(1.,0.923881737219744,1.),(1.,0.92387327755876,
1.),(1.,0.923894334521246,1.),(1.,0.923876697869047,1.)))
REPRESENTATION_ITEM('')
SURFACE()
);
#81=(
BOUNDED_SURFACE()
B_SPLINE_SURFACE(3,2,((#6766,#6767,#6768),(#6769,#6770,#6771),(#6772,#6773,
#6774),(#6775,#6776,#6777),(#6778,#6779,#6780),(#6781,#6782,#6783),(#6784,
#6785,#6786),(#6787,#6788,#6789),(#6790,#6791,#6792),(#6793,#6794,#6795),
(#6796,#6797,#6798),(#6799,#6800,#6801),(#6802,#6803,#6804),(#6805,#6806,
#6807),(#6808,#6809,#6810),(#6811,#6812,#6813),(#6814,#6815,#6816),(#6817,
#6818,#6819),(#6820,#6821,#6822)),.UNSPECIFIED.,.F.,.F.,.F.)
B_SPLINE_SURFACE_WITH_KNOTS((4,1,1,1,1,1,1,1,1,1,1,1,1,1,1,1,4),(3,3),(-0.000142052120651765,
0.000605770803969916,0.0013535937285916,0.00210141665321328,0.00284923957783496,
0.00434488542707832,0.00584053127632168,0.00883182297480841,0.0118231146732951,
0.0148144063717819,0.0178056980702686,0.0193013439195119,0.0207969897687553,
0.021544812693377,0.0222926356179987,0.0230404585426204,0.023788281467242),
(0.,1.),.UNSPECIFIED.)
GEOMETRIC_REPRESENTATION_ITEM()
RATIONAL_B_SPLINE_SURFACE(((1.,0.923881054970291,1.),(1.,0.923878166130392,
1.),(1.,0.923879985299296,1.),(1.,0.923879254445964,1.),(1.,0.923879449105939,
1.),(1.,0.923879385390513,1.),(1.,0.923879416428408,1.),(1.,0.923879404247228,
1.),(1.,0.923879410105628,1.),(1.,0.923879408691026,1.),(1.,0.923879407319356,
1.),(1.,0.923879413070423,1.),(1.,0.923879401103913,1.),(1.,0.923879431596188,
1.),(1.,0.923879369000623,1.),(1.,0.923879560239301,1.),(1.,0.923878842231265,
1.),(1.,0.923880629426909,1.),(1.,0.923877740374003,1.)))
REPRESENTATION_ITEM('')
SURFACE()
);
#82=(
BOUNDED_SURFACE()
B_SPLINE_SURFACE(3,2,((#6831,#6832,#6833),(#6834,#6835,#6836),(#6837,#6838,
#6839),(#6840,#6841,#6842),(#6843,#6844,#6845),(#6846,#6847,#6848),(#6849,
#6850,#6851),(#6852,#6853,#6854),(#6855,#6856,#6857),(#6858,#6859,#6860),
(#6861,#6862,#6863),(#6864,#6865,#6866),(#6867,#6868,#6869),(#6870,#6871,
#6872),(#6873,#6874,#6875)),.UNSPECIFIED.,.F.,.F.,.F.)
B_SPLINE_SURFACE_WITH_KNOTS((4,1,1,1,1,1,1,1,1,1,1,1,4),(3,3),(0.,0.00450357506327244,
0.00900715012654487,0.0135107251898173,0.0180143002530897,0.0225178753163622,
0.0247696628479984,0.0270214503796346,0.0292732379112708,0.0315250254429071,
0.0337768129745433,0.0349027067403614,0.0360286005061795),(0.,1.),
 .UNSPECIFIED.)
GEOMETRIC_REPRESENTATION_ITEM()
RATIONAL_B_SPLINE_SURFACE(((1.,0.923879506230812,1.),(1.,0.923879506230812,
1.),(1.,0.923879506228176,1.),(1.,0.923879506240036,1.),(1.,0.923879506196551,
1.),(1.,0.923879506358629,1.),(1.,0.923879505854607,1.),(1.,0.923879506882416,
1.),(1.,0.923879503743645,1.),(1.,0.923879515527872,1.),(1.,0.923879471529737,
1.),(1.,0.923879608369997,1.),(1.,0.923879329320492,1.),(1.,0.923879897437019,
1.),(1.,0.92387897671241,1.)))
REPRESENTATION_ITEM('')
SURFACE()
);
#83=(
BOUNDED_SURFACE()
B_SPLINE_SURFACE(3,2,((#6884,#6885,#6886),(#6887,#6888,#6889),(#6890,#6891,
#6892),(#6893,#6894,#6895)),.UNSPECIFIED.,.F.,.F.,.F.)
B_SPLINE_SURFACE_WITH_KNOTS((4,4),(3,3),(0.,2.88530562557291E-6),(0.,1.),
 .PIECEWISE_BEZIER_KNOTS.)
GEOMETRIC_REPRESENTATION_ITEM()
RATIONAL_B_SPLINE_SURFACE(((1.,0.923879534954713,1.),(1.,0.923879532596533,
1.),(1.,0.923879529969232,1.),(1.,0.923879527072814,1.)))
REPRESENTATION_ITEM('')
SURFACE()
);
#84=(
BOUNDED_SURFACE()
B_SPLINE_SURFACE(3,2,((#6897,#6898,#6899),(#6900,#6901,#6902),(#6903,#6904,
#6905),(#6906,#6907,#6908),(#6909,#6910,#6911)),.UNSPECIFIED.,.F.,.F.,.F.)
B_SPLINE_SURFACE_WITH_KNOTS((4,1,4),(3,3),(0.0156591867381753,0.020106781779962,
0.0245543768217486),(0.,1.),.UNSPECIFIED.)
GEOMETRIC_REPRESENTATION_ITEM()
RATIONAL_B_SPLINE_SURFACE(((1.,0.923879550451049,1.),(1.,0.923879550451049,
1.),(1.,0.92387955045105,1.),(1.,0.923879550451049,1.),(1.,0.923879550451049,
1.)))
REPRESENTATION_ITEM('')
SURFACE()
);
#85=(
BOUNDED_SURFACE()
B_SPLINE_SURFACE(3,2,((#6913,#6914,#6915),(#6916,#6917,#6918),(#6919,#6920,
#6921),(#6922,#6923,#6924)),.UNSPECIFIED.,.F.,.F.,.F.)
B_SPLINE_SURFACE_WITH_KNOTS((4,4),(3,3),(3.14199456748143,3.14208698250696),
(0.,1.),.PIECEWISE_BEZIER_KNOTS.)
GEOMETRIC_REPRESENTATION_ITEM()
RATIONAL_B_SPLINE_SURFACE(((1.,0.923879566324722,1.),(1.,0.923879563955727,
1.),(1.,0.923879561314372,1.),(1.,0.923879558400657,1.)))
REPRESENTATION_ITEM('')
SURFACE()
);
#86=(
BOUNDED_SURFACE()
B_SPLINE_SURFACE(3,2,((#6934,#6935,#6936),(#6937,#6938,#6939),(#6940,#6941,
#6942),(#6943,#6944,#6945)),.UNSPECIFIED.,.F.,.F.,.F.)
B_SPLINE_SURFACE_WITH_KNOTS((4,4),(3,3),(0.,2.88539370969225E-6),(0.,1.),
 .PIECEWISE_BEZIER_KNOTS.)
GEOMETRIC_REPRESENTATION_ITEM()
RATIONAL_B_SPLINE_SURFACE(((1.,0.923879534954713,1.),(1.,0.923879532596534,
1.),(1.,0.923879529969232,1.),(1.,0.923879527072815,1.)))
REPRESENTATION_ITEM('')
SURFACE()
);
#87=(
BOUNDED_SURFACE()
B_SPLINE_SURFACE(3,2,((#6947,#6948,#6949),(#6950,#6951,#6952),(#6953,#6954,
#6955),(#6956,#6957,#6958),(#6959,#6960,#6961),(#6962,#6963,#6964),(#6965,
#6966,#6967),(#6968,#6969,#6970),(#6971,#6972,#6973),(#6974,#6975,#6976)),
 .UNSPECIFIED.,.F.,.F.,.F.)
B_SPLINE_SURFACE_WITH_KNOTS((4,1,1,1,1,1,1,4),(3,3),(0.0156089809896897,
0.0161683553532505,0.0167277297168114,0.0178464784439331,0.0189652271710548,
0.0200839758981765,0.0223214733524199,0.0245589708066633),(0.,1.),
 .UNSPECIFIED.)
GEOMETRIC_REPRESENTATION_ITEM()
RATIONAL_B_SPLINE_SURFACE(((1.,0.923879198740962,1.),(1.,0.923881374610399,
1.),(1.,0.923878725541128,1.),(1.,0.923880026681965,1.),(1.,0.923879388922436,
1.),(1.,0.923879592782687,1.),(1.,0.92387952594326,1.),(1.,0.923879559362973,
1.),(1.,0.923879550451049,1.),(1.,0.923879550451049,1.)))
REPRESENTATION_ITEM('')
SURFACE()
);
#88=(
BOUNDED_SURFACE()
B_SPLINE_SURFACE(3,2,((#6978,#6979,#6980),(#6981,#6982,#6983),(#6984,#6985,
#6986),(#6987,#6988,#6989)),.UNSPECIFIED.,.F.,.F.,.F.)
B_SPLINE_SURFACE_WITH_KNOTS((4,4),(3,3),(6.28269097826242,6.28278339328837),
(0.,1.),.PIECEWISE_BEZIER_KNOTS.)
GEOMETRIC_REPRESENTATION_ITEM()
RATIONAL_B_SPLINE_SURFACE(((1.,0.923879558400657,1.),(1.,0.923879561314372,
1.),(1.,0.923879563955727,1.),(1.,0.923879566324722,1.)))
REPRESENTATION_ITEM('')
SURFACE()
);
#89=(
BOUNDED_SURFACE()
B_SPLINE_SURFACE(3,2,((#7003,#7004,#7005),(#7006,#7007,#7008),(#7009,#7010,
#7011),(#7012,#7013,#7014),(#7015,#7016,#7017),(#7018,#7019,#7020),(#7021,
#7022,#7023),(#7024,#7025,#7026),(#7027,#7028,#7029),(#7030,#7031,#7032),
(#7033,#7034,#7035),(#7036,#7037,#7038),(#7039,#7040,#7041),(#7042,#7043,
#7044),(#7045,#7046,#7047),(#7048,#7049,#7050),(#7051,#7052,#7053),(#7054,
#7055,#7056),(#7057,#7058,#7059)),.UNSPECIFIED.,.F.,.F.,.F.)
B_SPLINE_SURFACE_WITH_KNOTS((4,1,1,1,1,1,1,1,1,1,1,1,1,1,1,1,4),(3,3),(-0.000215008069047192,
0.000917843065614478,0.00205069420027615,0.00318354533493782,0.00431639646959949,
0.00658209873892283,0.00884780100824617,0.0133792055468928,0.0179106100855395,
0.0224420146241862,0.0247077168935095,0.0269734191628329,0.0292391214321562,
0.0315048237014796,0.0337705259708029,0.0349033771054646,0.0360362282401262),
(0.,1.),.UNSPECIFIED.)
GEOMETRIC_REPRESENTATION_ITEM()
RATIONAL_B_SPLINE_SURFACE(((1.,0.923880033568018,1.),(1.,0.923879107413211,
1.),(1.,0.923879691298117,1.),(1.,0.923879456721642,1.),(1.,0.923879519200185,
1.),(1.,0.923879498749924,1.),(1.,0.923879508711934,1.),(1.,0.923879504802173,
1.),(1.,0.923879506682946,1.),(1.,0.923879506227066,1.),(1.,0.923879505865893,
1.),(1.,0.923879506888412,1.),(1.,0.923879503709696,1.),(1.,0.923879515657671,
1.),(1.,0.923879471044488,1.),(1.,0.92387960979845,1.),(1.,0.923879326846325,
1.),(1.,0.923879902908207,1.),(1.,0.92387897673911,1.)))
REPRESENTATION_ITEM('')
SURFACE()
);
#90=(
BOUNDED_SURFACE()
B_SPLINE_SURFACE(3,2,((#7068,#7069,#7070),(#7071,#7072,#7073),(#7074,#7075,
#7076),(#7077,#7078,#7079),(#7080,#7081,#7082),(#7083,#7084,#7085),(#7086,
#7087,#7088),(#7089,#7090,#7091),(#7092,#7093,#7094),(#7095,#7096,#7097),
(#7098,#7099,#7100),(#7101,#7102,#7103),(#7104,#7105,#7106),(#7107,#7108,
#7109),(#7110,#7111,#7112)),.UNSPECIFIED.,.F.,.F.,.F.)
B_SPLINE_SURFACE_WITH_KNOTS((4,1,1,1,1,1,1,1,1,1,1,1,4),(3,3),(0.,0.00297353505390088,
0.00594707010780176,0.00892060516170264,0.0118941402156035,0.0148676752695044,
0.0178412103234053,0.0193279778503557,0.0208147453773062,0.0215581291407814,
0.0223015129042566,0.0230448966677318,0.023788280431207),(0.,1.),
 .UNSPECIFIED.)
GEOMETRIC_REPRESENTATION_ITEM()
RATIONAL_B_SPLINE_SURFACE(((1.,0.923879408698182,1.),(1.,0.923879408698182,
1.),(1.,0.923879408690063,1.),(1.,0.923879408726592,1.),(1.,0.923879408592655,
1.),(1.,0.923879409091872,1.),(1.,0.923879407228942,1.),(1.,0.923879413022696,
1.),(1.,0.923879401207903,1.),(1.,0.923879431275048,1.),(1.,0.923879369557875,
1.),(1.,0.92387955811183,1.),(1.,0.923878850183892,1.),(1.,0.923880612289088,
1.),(1.,0.923877740386009,1.)))
REPRESENTATION_ITEM('')
SURFACE()
);
#91=(
BOUNDED_SURFACE()
B_SPLINE_SURFACE(3,2,((#7318,#7319,#7320),(#7321,#7322,#7323),(#7324,#7325,
#7326),(#7327,#7328,#7329)),.UNSPECIFIED.,.F.,.F.,.F.)
B_SPLINE_SURFACE_WITH_KNOTS((4,4),(3,3),(6.2804912967206,6.28187332360196),
(0.,1.),.PIECEWISE_BEZIER_KNOTS.)
GEOMETRIC_REPRESENTATION_ITEM()
RATIONAL_B_SPLINE_SURFACE(((1.,0.923878887429258,1.),(1.,0.923879124896698,
1.),(1.,0.923879301453811,1.),(1.,0.923879417100536,1.)))
REPRESENTATION_ITEM('')
SURFACE()
);
#92=(
BOUNDED_SURFACE()
B_SPLINE_SURFACE(3,2,((#7613,#7614,#7615),(#7616,#7617,#7618),(#7619,#7620,
#7621),(#7622,#7623,#7624),(#7625,#7626,#7627),(#7628,#7629,#7630),(#7631,
#7632,#7633),(#7634,#7635,#7636),(#7637,#7638,#7639)),.UNSPECIFIED.,.F.,
 .F.,.F.)
B_SPLINE_SURFACE_WITH_KNOTS((4,1,1,1,1,1,4),(3,3),(0.,0.00663027712447818,
0.00994541568671727,0.0132605542489564,0.0165756928111954,0.0198908313734345,
0.0265211084979127),(0.,1.),.UNSPECIFIED.)
GEOMETRIC_REPRESENTATION_ITEM()
RATIONAL_B_SPLINE_SURFACE(((1.,0.907105167200085,1.),(1.,0.911835687215865,
1.),(1.,0.918158522101296,1.),(1.,0.922991663482301,1.),(1.,0.924315106354954,
1.),(1.,0.92302498750816,1.),(1.,0.918229790530945,1.),(1.,0.911844397955722,
1.),(1.,0.907105167200082,1.)))
REPRESENTATION_ITEM('')
SURFACE()
);
#93=(
BOUNDED_SURFACE()
B_SPLINE_SURFACE(3,2,((#7649,#7650,#7651),(#7652,#7653,#7654),(#7655,#7656,
#7657),(#7658,#7659,#7660),(#7661,#7662,#7663),(#7664,#7665,#7666),(#7667,
#7668,#7669),(#7670,#7671,#7672),(#7673,#7674,#7675)),.UNSPECIFIED.,.F.,
 .F.,.F.)
B_SPLINE_SURFACE_WITH_KNOTS((4,1,1,1,1,1,4),(3,3),(0.,0.00662977591985163,
0.00994466387977744,0.0132595518397033,0.0165744397996291,0.0198893277595549,
0.0265191036794065),(0.,1.),.UNSPECIFIED.)
GEOMETRIC_REPRESENTATION_ITEM()
RATIONAL_B_SPLINE_SURFACE(((1.,0.907105167200084,1.),(1.,0.911835709803012,
1.),(1.,0.91815831284829,1.),(1.,0.922991125574445,1.),(1.,0.924315144071193,
1.),(1.,0.923025349763868,1.),(1.,0.918229629768673,1.),(1.,0.911844564936845,
1.),(1.,0.907105167200085,1.)))
REPRESENTATION_ITEM('')
SURFACE()
);
#94=B_SPLINE_CURVE_WITH_KNOTS('',3,(#4831,#4832,#4833,#4834,#4835),
 .UNSPECIFIED.,.F.,.F.,(4,1,4),(0.,0.00412442754603395,0.00824885509206791),
 .UNSPECIFIED.);
#95=B_SPLINE_CURVE_WITH_KNOTS('',3,(#4837,#4838,#4839,#4840),
 .UNSPECIFIED.,.F.,.F.,(4,4),(0.,0.0103705087854107),.UNSPECIFIED.);
#96=B_SPLINE_CURVE_WITH_KNOTS('',3,(#4845,#4846,#4847,#4848),
 .UNSPECIFIED.,.F.,.F.,(4,4),(0.0415852905835799,0.0519558427968188),
 .UNSPECIFIED.);
#97=B_SPLINE_CURVE_WITH_KNOTS('',3,(#4863,#4864,#4865,#4866),
 .UNSPECIFIED.,.F.,.F.,(4,4),(0.0399297212562154,0.0499113403093835),
 .UNSPECIFIED.);
#98=B_SPLINE_CURVE_WITH_KNOTS('',3,(#4871,#4872,#4873,#4874),
 .UNSPECIFIED.,.F.,.F.,(4,4),(0.,0.0103701474084872),.UNSPECIFIED.);
#99=B_SPLINE_CURVE_WITH_KNOTS('',3,(#4889,#4890,#4891,#4892),
 .UNSPECIFIED.,.F.,.F.,(4,4),(0.0415852812387052,0.0519801681165882),
 .UNSPECIFIED.);
#100=B_SPLINE_CURVE_WITH_KNOTS('',3,(#4897,#4898,#4899,#4900),
 .UNSPECIFIED.,.F.,.F.,(4,4),(-5.99999999986281E-8,0.00995804154595321),
 .UNSPECIFIED.);
#101=B_SPLINE_CURVE_WITH_KNOTS('',3,(#4904,#4905,#4906,#4907,#4908,#4909,
#4910,#4911,#4912,#4913,#4914),.UNSPECIFIED.,.T.,.F.,(1,1,1,1,1,1,1,1,1,
1,1,1,1,1,1),(-0.0046981146469768,-0.00313207643131787,-0.00156603821565893,
1.71319293820237E-19,0.00156603821565893,0.00313207643131787,0.0046981146469768,
0.00626415286263573,0.00783019107829467,0.0093962292939536,0.0109622675096125,
0.0125283057252715,0.0140943439409304,0.0156603821565893,0.0172264203722483),
 .UNSPECIFIED.);
#102=B_SPLINE_CURVE_WITH_KNOTS('',3,(#4916,#4917,#4918,#4919,#4920,#4921,
#4922,#4923,#4924,#4925,#4926),.UNSPECIFIED.,.T.,.F.,(1,1,1,1,1,1,1,1,1,
1,1,1,1,1,1),(-0.00469814428773928,-0.00313209619182618,-0.00156604809591309,
1.73472347597681E-18,0.00156604809591309,0.00313209619182619,0.00469814428773928,
0.00626419238365237,0.00783024047956546,0.00939628857547856,0.0109623366713917,
0.0125283847673047,0.0140944328632178,0.0156604809591309,0.017226529055044),
 .UNSPECIFIED.);
#103=B_SPLINE_CURVE_WITH_KNOTS('',3,(#4930,#4931,#4932,#4933,#4934,#4935,
#4936,#4937,#4938,#4939,#4940),.UNSPECIFIED.,.T.,.F.,(1,1,1,1,1,1,1,1,1,
1,1,1,1,1,1),(-0.00469815165254289,-0.00313210110169526,-0.00156605055084763,
0.,0.00156605055084763,0.00313210110169526,0.00469815165254288,0.00626420220339051,
0.00783025275423814,0.00939630330508577,0.0109623538559334,0.012528404406781,
0.0140944549576287,0.0156605055084763,0.0172265560593239),.UNSPECIFIED.);
#104=B_SPLINE_CURVE_WITH_KNOTS('',3,(#4949,#4950,#4951,#4952,#4953,#4954,
#4955,#4956,#4957,#4958,#4959),.UNSPECIFIED.,.F.,.F.,(4,1,1,1,1,1,1,1,4),
(0.,0.00210050265725481,0.00420100531450961,0.00630150797176442,0.00840201062901923,
0.010502513286274,0.0126030159435288,0.0147035186007836,0.0168040212580385),
 .UNSPECIFIED.);
#105=B_SPLINE_CURVE_WITH_KNOTS('',3,(#4965,#4966,#4967,#4968),
 .UNSPECIFIED.,.F.,.F.,(4,4),(0.,1.),.UNSPECIFIED.);
#106=B_SPLINE_CURVE_WITH_KNOTS('',3,(#4972,#4973,#4974,#4975),
 .UNSPECIFIED.,.F.,.F.,(4,4),(0.,1.),.UNSPECIFIED.);
#107=B_SPLINE_CURVE_WITH_KNOTS('',3,(#4979,#4980,#4981,#4982),
 .UNSPECIFIED.,.F.,.F.,(4,4),(0.,1.),.UNSPECIFIED.);
#108=B_SPLINE_CURVE_WITH_KNOTS('',3,(#4986,#4987,#4988,#4989),
 .UNSPECIFIED.,.F.,.F.,(4,4),(0.,1.),.UNSPECIFIED.);
#109=B_SPLINE_CURVE_WITH_KNOTS('',3,(#4993,#4994,#4995,#4996),
 .UNSPECIFIED.,.F.,.F.,(4,4),(0.,1.),.UNSPECIFIED.);
#110=B_SPLINE_CURVE_WITH_KNOTS('',3,(#5000,#5001,#5002,#5003),
 .UNSPECIFIED.,.F.,.F.,(4,4),(0.,1.),.UNSPECIFIED.);
#111=B_SPLINE_CURVE_WITH_KNOTS('',3,(#5007,#5008,#5009,#5010),
 .UNSPECIFIED.,.F.,.F.,(4,4),(0.,1.),.UNSPECIFIED.);
#112=B_SPLINE_CURVE_WITH_KNOTS('',3,(#5014,#5015,#5016,#5017),
 .UNSPECIFIED.,.F.,.F.,(4,4),(0.,1.),.UNSPECIFIED.);
#113=B_SPLINE_CURVE_WITH_KNOTS('',3,(#5192,#5193,#5194,#5195),
 .UNSPECIFIED.,.F.,.F.,(4,4),(0.922262114308545,0.999999976767192),
 .UNSPECIFIED.);
#114=B_SPLINE_CURVE_WITH_KNOTS('',3,(#5198,#5199,#5200,#5201,#5202,#5203,
#5204),.UNSPECIFIED.,.F.,.F.,(4,1,1,1,4),(0.061635679784936,0.14827163473962,
0.234907589694304,0.321543544648988,0.408179499603672),.UNSPECIFIED.);
#115=B_SPLINE_CURVE_WITH_KNOTS('',3,(#5206,#5207,#5208,#5209),
 .UNSPECIFIED.,.F.,.F.,(4,4),(0.,0.0776914850862147),.UNSPECIFIED.);
#116=B_SPLINE_CURVE_WITH_KNOTS('',3,(#5211,#5212,#5213,#5214),
 .UNSPECIFIED.,.F.,.F.,(4,4),(0.,1.),.UNSPECIFIED.);
#117=B_SPLINE_CURVE_WITH_KNOTS('',3,(#5216,#5217,#5218,#5219,#5220,#5221,
#5222),.UNSPECIFIED.,.F.,.F.,(4,1,1,1,4),(0.,0.00116392452377821,0.00232784904755642,
0.00349177357133463,0.00465569809511284),.UNSPECIFIED.);
#118=B_SPLINE_CURVE_WITH_KNOTS('',3,(#5224,#5225,#5226,#5227,#5228),
 .UNSPECIFIED.,.F.,.F.,(4,1,4),(0.216187790628339,0.504759334956848,0.793330879285356),
 .UNSPECIFIED.);
#119=B_SPLINE_CURVE_WITH_KNOTS('',3,(#5230,#5231,#5232,#5233,#5234,#5235,
#5236),.UNSPECIFIED.,.F.,.F.,(4,1,1,1,4),(0.,0.00118312096828379,0.00236624193656759,
0.00354936290485138,0.00473248387313517),.UNSPECIFIED.);
#120=B_SPLINE_CURVE_WITH_KNOTS('',3,(#5238,#5239,#5240,#5241),
 .UNSPECIFIED.,.F.,.F.,(4,4),(0.,1.),.UNSPECIFIED.);
#121=B_SPLINE_CURVE_WITH_KNOTS('',3,(#5412,#5413,#5414,#5415),
 .UNSPECIFIED.,.F.,.F.,(4,4),(0.920772975552145,1.),.UNSPECIFIED.);
#122=B_SPLINE_CURVE_WITH_KNOTS('',3,(#5418,#5419,#5420,#5421,#5422,#5423,
#5424),.UNSPECIFIED.,.F.,.F.,(4,1,1,1,4),(0.591842142882593,0.678459339132609,
0.765076535382626,0.851693731632642,0.938310927882659),.UNSPECIFIED.);
#123=B_SPLINE_CURVE_WITH_KNOTS('',3,(#5426,#5427,#5428,#5429),
 .UNSPECIFIED.,.F.,.F.,(4,4),(0.,0.0777910367678841),.UNSPECIFIED.);
#124=B_SPLINE_CURVE_WITH_KNOTS('',3,(#5431,#5432,#5433,#5434),
 .UNSPECIFIED.,.F.,.F.,(4,4),(0.,1.),.UNSPECIFIED.);
#125=B_SPLINE_CURVE_WITH_KNOTS('',3,(#5436,#5437,#5438,#5439,#5440,#5441,
#5442),.UNSPECIFIED.,.F.,.F.,(4,1,1,1,4),(0.,0.00119311406714922,0.00238622813429843,
0.00357934220144765,0.00477245626859686),.UNSPECIFIED.);
#126=B_SPLINE_CURVE_WITH_KNOTS('',3,(#5444,#5445,#5446,#5447,#5448),
 .UNSPECIFIED.,.F.,.F.,(4,1,4),(0.206671886026202,0.495242650271939,0.783813414517675),
 .UNSPECIFIED.);
#127=B_SPLINE_CURVE_WITH_KNOTS('',3,(#5450,#5451,#5452,#5453,#5454,#5455),
 .UNSPECIFIED.,.F.,.F.,(4,1,1,4),(0.,0.00230783987398147,0.00346175981097221,
0.00461567974796295),.UNSPECIFIED.);
#128=B_SPLINE_CURVE_WITH_KNOTS('',3,(#5457,#5458,#5459,#5460),
 .UNSPECIFIED.,.F.,.F.,(4,4),(0.,1.),.UNSPECIFIED.);
#129=B_SPLINE_CURVE_WITH_KNOTS('',3,(#5465,#5466,#5467,#5468),
 .UNSPECIFIED.,.F.,.F.,(4,4),(-0.00208725115468571,0.00286098774841533),
 .UNSPECIFIED.);
#130=B_SPLINE_CURVE_WITH_KNOTS('',3,(#5470,#5471,#5472,#5473,#5474,#5475,
#5476),.UNSPECIFIED.,.F.,.F.,(4,1,1,1,4),(0.,0.00117250853444326,0.00234501706888652,
0.00351752560332979,0.00469003413777305),.UNSPECIFIED.);
#131=B_SPLINE_CURVE_WITH_KNOTS('',3,(#5480,#5481,#5482,#5483,#5484,#5485,
#5486),.UNSPECIFIED.,.F.,.F.,(4,1,1,1,4),(0.,0.00116575665194607,0.00233151330389213,
0.0034972699558382,0.00466302660778427),.UNSPECIFIED.);
#132=B_SPLINE_CURVE_WITH_KNOTS('',3,(#5495,#5496,#5497,#5498),
 .UNSPECIFIED.,.F.,.F.,(4,4),(-0.00208725115468579,0.00286098774841552),
 .UNSPECIFIED.);
#133=B_SPLINE_CURVE_WITH_KNOTS('',3,(#5500,#5501,#5502,#5503,#5504,#5505,
#5506),.UNSPECIFIED.,.F.,.F.,(4,1,1,1,4),(0.,0.00117250853444326,0.00234501706888652,
0.00351752560332978,0.00469003413777304),.UNSPECIFIED.);
#134=B_SPLINE_CURVE_WITH_KNOTS('',3,(#5510,#5511,#5512,#5513,#5514,#5515,
#5516),.UNSPECIFIED.,.F.,.F.,(4,1,1,1,4),(2.4532694666934E-18,0.00116575665196664,
0.00233151330393328,0.00349726995589992,0.00466302660786656),
 .UNSPECIFIED.);
#135=B_SPLINE_CURVE_WITH_KNOTS('',3,(#5525,#5526,#5527,#5528,#5529,#5530,
#5531),.UNSPECIFIED.,.F.,.F.,(4,1,1,1,4),(1.07208950538325E-13,0.00117250854204203,
0.00234501708397685,0.00351752562591167,0.00469003416784649),
 .UNSPECIFIED.);
#136=B_SPLINE_CURVE_WITH_KNOTS('',3,(#5535,#5536,#5537,#5538,#5539,#5540,
#5541),.UNSPECIFIED.,.F.,.F.,(4,1,1,1,4),(0.,0.00116575703001882,0.00233151406003763,
0.00349727109005645,0.00466302812007526),.UNSPECIFIED.);
#137=B_SPLINE_CURVE_WITH_KNOTS('',3,(#5550,#5551,#5552,#5553,#5554,#5555,
#5556),.UNSPECIFIED.,.F.,.F.,(4,1,1,1,4),(0.,0.00117250854217817,0.00234501708435634,
0.00351752562653451,0.00469003416871268),.UNSPECIFIED.);
#138=B_SPLINE_CURVE_WITH_KNOTS('',3,(#5560,#5561,#5562,#5563,#5564,#5565,
#5566),.UNSPECIFIED.,.F.,.F.,(4,1,1,1,4),(0.,0.00116575703001936,0.00233151406003872,
0.00349727109005809,0.00466302812007745),.UNSPECIFIED.);
#139=B_SPLINE_CURVE_WITH_KNOTS('',3,(#5568,#5569,#5570,#5571,#5572),
 .UNSPECIFIED.,.F.,.F.,(4,1,4),(0.216144272783949,0.504730527007552,0.793316781231154),
 .UNSPECIFIED.);
#140=B_SPLINE_CURVE_WITH_KNOTS('',3,(#5586,#5587,#5588,#5589,#5590),
 .UNSPECIFIED.,.F.,.F.,(4,1,4),(0.206716425731524,0.495286413492955,0.783856401254387),
 .UNSPECIFIED.);
#141=B_SPLINE_CURVE_WITH_KNOTS('',3,(#5618,#5619,#5620,#5621,#5622,#5623,
#5624,#5625,#5626,#5627,#5628),.UNSPECIFIED.,.T.,.F.,(1,1,1,1,1,1,1,1,1,
1,1,1,1,1,1),(-0.00469832557833383,-0.00313221705222255,-0.00156610852611128,
0.,0.00156610852611128,0.00313221705222255,0.00469832557833383,0.0062644341044451,
0.00783054263055638,0.00939665115666766,0.0109627596827789,0.0125288682088902,
0.0140949767350015,0.0156610852611128,0.017227193787224),.UNSPECIFIED.);
#142=B_SPLINE_CURVE_WITH_KNOTS('',3,(#5637,#5638,#5639,#5640,#5641,#5642,
#5643,#5644,#5645,#5646,#5647),.UNSPECIFIED.,.F.,.F.,(4,1,1,1,1,1,1,1,4),
(9.74576541614053E-18,0.00210049153112389,0.00420098306224777,0.00630147459337164,
0.00840196612449552,0.0105024576556194,0.0126029491867433,0.0147034407178672,
0.016803932248991),.UNSPECIFIED.);
#143=B_SPLINE_CURVE_WITH_KNOTS('',3,(#5650,#5651,#5652,#5653,#5654,#5655,
#5656,#5657,#5658,#5659,#5660),.UNSPECIFIED.,.T.,.F.,(1,1,1,1,1,1,1,1,1,
1,1,1,1,1,1),(-0.00469832142145045,-0.00313221428096696,-0.00156610714048348,
0.,0.00156610714048348,0.00313221428096696,0.00469832142145045,0.00626442856193393,
0.00783053570241741,0.00939664284290089,0.0109627499833844,0.0125288571238679,
0.0140949642643513,0.0156610714048348,0.0172271785453183),.UNSPECIFIED.);
#144=B_SPLINE_CURVE_WITH_KNOTS('',3,(#5662,#5663,#5664,#5665,#5666,#5667,
#5668,#5669,#5670,#5671,#5672),.UNSPECIFIED.,.T.,.F.,(1,1,1,1,1,1,1,1,1,
1,1,1,1,1,1),(-0.00469811464697678,-0.00313207643131785,-0.00156603821565893,
7.92106006348819E-20,0.00156603821565893,0.00313207643131785,0.00469811464697678,
0.0062641528626357,0.00783019107829463,0.00939622929395355,0.0109622675096125,
0.0125283057252714,0.0140943439409303,0.0156603821565893,0.0172264203722482),
 .UNSPECIFIED.);
#145=B_SPLINE_CURVE_WITH_KNOTS('',3,(#5773,#5774,#5775,#5776),
 .UNSPECIFIED.,.F.,.F.,(4,4),(9.43319568121718E-12,0.00995721844339374),
 .UNSPECIFIED.);
#146=B_SPLINE_CURVE_WITH_KNOTS('',3,(#5779,#5780,#5781,#5782,#5783,#5784,
#5785,#5786,#5787),.UNSPECIFIED.,.F.,.F.,(4,1,1,1,1,1,4),(0.,0.0073387041069138,
0.0110080561603707,0.0146774082138276,0.0183467602672845,0.0220161123207414,
0.0293548164276552),.UNSPECIFIED.);
#147=B_SPLINE_CURVE_WITH_KNOTS('',3,(#5788,#5789,#5790,#5791,#5792,#5793,
#5794,#5795,#5796,#5797,#5798),.UNSPECIFIED.,.F.,.F.,(4,1,1,1,1,1,1,1,4),
(-6.00000000333149E-8,0.00514729913716983,0.0102946582743397,0.0154420174115096,
0.0205893765486794,0.0257367356858493,0.0308840948230192,0.036031453960189,
0.0411788130973589),.UNSPECIFIED.);
#148=B_SPLINE_CURVE_WITH_KNOTS('',3,(#5802,#5803,#5804,#5805),
 .UNSPECIFIED.,.F.,.F.,(4,4),(-5.99999999968444E-8,8.01201695608493E-7),
 .UNSPECIFIED.);
#149=B_SPLINE_CURVE_WITH_KNOTS('',3,(#5814,#5815,#5816,#5817,#5818,#5819,
#5820,#5821),.UNSPECIFIED.,.F.,.F.,(4,1,1,1,1,4),(-5.99999999787104E-8,
0.00468223313696855,0.00936452627393707,0.0140468194109056,0.0163879659793899,
0.0187291125478741),.UNSPECIFIED.);
#150=B_SPLINE_CURVE_WITH_KNOTS('',3,(#5822,#5823,#5824,#5825,#5826,#5827),
 .UNSPECIFIED.,.F.,.F.,(4,1,1,4),(-5.9999999997504E-8,0.0051608856228952,
0.0077413584343428,0.0103218312457904),.UNSPECIFIED.);
#151=B_SPLINE_CURVE_WITH_KNOTS('',3,(#5835,#5836,#5837,#5838,#5839),
 .UNSPECIFIED.,.F.,.F.,(4,1,4),(0.,0.00406738833357279,0.00813477666714558),
 .UNSPECIFIED.);
#152=B_SPLINE_CURVE_WITH_KNOTS('',3,(#5848,#5849,#5850,#5851,#5852,#5853),
 .UNSPECIFIED.,.F.,.F.,(4,1,1,4),(-6.00000000037608E-8,0.00515299418835078,
0.00772952128252617,0.0103060483767016),.UNSPECIFIED.);
#153=B_SPLINE_CURVE_WITH_KNOTS('',3,(#5854,#5855,#5856,#5857,#5858,#5859,
#5860),.UNSPECIFIED.,.F.,.F.,(4,1,1,1,4),(-5.99999999674979E-8,0.00474828969703218,
0.00949663939406433,0.0142449890910965,0.0189933387881286),
 .UNSPECIFIED.);
#154=B_SPLINE_CURVE_WITH_KNOTS('',3,(#5869,#5870,#5871,#5872,#5873,#5874,
#5875,#5876,#5877),.UNSPECIFIED.,.F.,.F.,(4,1,1,1,1,1,4),(9.7736389720375E-16,
0.00733826857905266,0.0110074028685785,0.0146765371581044,0.0183456714476302,
0.022014805737156,0.0293530743162077),.UNSPECIFIED.);
#155=B_SPLINE_CURVE_WITH_KNOTS('',3,(#5879,#5880,#5881,#5882),
 .UNSPECIFIED.,.F.,.F.,(4,4),(0.0399373105393083,0.0499364411335038),
 .UNSPECIFIED.);
#156=B_SPLINE_CURVE_WITH_KNOTS('',3,(#5884,#5885,#5886,#5887),
 .UNSPECIFIED.,.F.,.F.,(4,4),(0.,8.61201695605531E-7),.UNSPECIFIED.);
#157=B_SPLINE_CURVE_WITH_KNOTS('',3,(#5891,#5892,#5893,#5894,#5895,#5896,
#5897,#5898,#5899,#5900,#5901,#5902,#5903,#5904),.UNSPECIFIED.,.F.,.F.,
(4,1,1,1,1,1,1,1,1,1,1,4),(-5.99999999801917E-8,0.00254662506886075,0.00509331013772149,
0.00763999520658222,0.010186680275443,0.0152800504131644,0.0203734205508859,
0.0254667906886073,0.0305601608263288,0.0356535309640503,0.038200216032911,
0.0407469011017717),.UNSPECIFIED.);
#158=B_SPLINE_CURVE_WITH_KNOTS('',3,(#5906,#5907,#5908,#5909),
 .UNSPECIFIED.,.F.,.F.,(4,4),(0.,1.48622689504005E-6),.UNSPECIFIED.);
#159=B_SPLINE_CURVE_WITH_KNOTS('',3,(#5914,#5915,#5916,#5917),
 .UNSPECIFIED.,.F.,.F.,(4,4),(0.,1.48622689504007E-6),.UNSPECIFIED.);
#160=B_SPLINE_CURVE_WITH_KNOTS('',3,(#5936,#5937,#5938,#5939,#5940,#5941,
#5942,#5943,#5944,#5945,#5946),.UNSPECIFIED.,.F.,.F.,(4,1,1,1,1,1,1,1,4),
(2.00682009472147E-11,0.00447671499026034,0.00895342996045248,0.0134301449306446,
0.0179068599008368,0.0223835748710289,0.026860289841221,0.0313370048114132,
0.0358137197816053),.UNSPECIFIED.);
#161=B_SPLINE_CURVE_WITH_KNOTS('',3,(#5955,#5956,#5957,#5958),
 .UNSPECIFIED.,.F.,.F.,(4,4),(0.0173883224670939,0.0223668102619906),
 .UNSPECIFIED.);
#162=B_SPLINE_CURVE_WITH_KNOTS('',3,(#5962,#5963,#5964,#5965,#5966,#5967,
#5968,#5969,#5970,#5971,#5972),.UNSPECIFIED.,.F.,.F.,(4,1,1,1,1,1,1,1,4),
(0.,0.00295579316140303,0.00591158632280606,0.00886737948420909,0.0118231726456121,
0.0147789658070152,0.0177347589684182,0.0206905521298212,0.0236463452912243),
 .UNSPECIFIED.);
#163=B_SPLINE_CURVE_WITH_KNOTS('',3,(#5976,#5977,#5978,#5979),
 .UNSPECIFIED.,.F.,.F.,(4,4),(0.,1.),.UNSPECIFIED.);
#164=B_SPLINE_CURVE_WITH_KNOTS('',3,(#5981,#5982,#5983,#5984),
 .UNSPECIFIED.,.F.,.F.,(4,4),(0.,0.078154192471465),.UNSPECIFIED.);
#165=B_SPLINE_CURVE_WITH_KNOTS('',3,(#6005,#6006,#6007,#6008),
 .UNSPECIFIED.,.F.,.F.,(4,4),(0.,1.),.UNSPECIFIED.);
#166=B_SPLINE_CURVE_WITH_KNOTS('',3,(#6010,#6011,#6012,#6013),
 .UNSPECIFIED.,.F.,.F.,(4,4),(0.,0.0780166473022893),.UNSPECIFIED.);
#167=B_SPLINE_CURVE_WITH_KNOTS('',3,(#6031,#6032,#6033,#6034),
 .UNSPECIFIED.,.F.,.F.,(4,4),(0.921975982110405,1.),.UNSPECIFIED.);
#168=B_SPLINE_CURVE_WITH_KNOTS('',3,(#6036,#6037,#6038,#6039),
 .UNSPECIFIED.,.F.,.F.,(4,4),(0.,1.),.UNSPECIFIED.);
#169=B_SPLINE_CURVE_WITH_KNOTS('',3,(#6056,#6057,#6058,#6059,#6060,#6061,
#6062,#6063,#6064,#6065,#6066),.UNSPECIFIED.,.F.,.F.,(4,1,1,1,1,1,1,1,4),
(0.,0.004464347772013,0.00892869554402599,0.013393043316039,0.017857391088052,
0.022321738860065,0.026786086632078,0.031250434404091,0.035714782176104),
 .UNSPECIFIED.);
#170=B_SPLINE_CURVE_WITH_KNOTS('',3,(#6075,#6076,#6077,#6078),
 .UNSPECIFIED.,.F.,.F.,(4,4),(0.920316299176168,1.),.UNSPECIFIED.);
#171=B_SPLINE_CURVE_WITH_KNOTS('',3,(#6080,#6081,#6082,#6083),
 .UNSPECIFIED.,.F.,.F.,(4,4),(0.,1.),.UNSPECIFIED.);
#172=B_SPLINE_CURVE_WITH_KNOTS('',3,(#6087,#6088,#6089,#6090,#6091,#6092,
#6093,#6094,#6095,#6096),.UNSPECIFIED.,.F.,.F.,(4,1,1,1,1,1,1,4),(0.,0.0029558004006501,
0.00591160080130021,0.00886740120195031,0.0118232016026004,0.0147790020032505,
0.0177348024039006,0.0236464032052008),.UNSPECIFIED.);
#173=B_SPLINE_CURVE_WITH_KNOTS('',3,(#6101,#6102,#6103,#6104),
 .UNSPECIFIED.,.F.,.F.,(4,4),(0.0173883224670926,0.02236681026199),
 .UNSPECIFIED.);
#174=B_SPLINE_CURVE_WITH_KNOTS('',3,(#6117,#6118,#6119,#6120),
 .UNSPECIFIED.,.F.,.F.,(4,4),(0.,1.),.UNSPECIFIED.);
#175=B_SPLINE_CURVE_WITH_KNOTS('',3,(#6130,#6131,#6132,#6133),
 .UNSPECIFIED.,.F.,.F.,(4,4),(0.,1.),.UNSPECIFIED.);
#176=B_SPLINE_CURVE_WITH_KNOTS('',3,(#6137,#6138,#6139,#6140),
 .UNSPECIFIED.,.F.,.F.,(4,4),(0.,1.),.UNSPECIFIED.);
#177=B_SPLINE_CURVE_WITH_KNOTS('',3,(#6144,#6145,#6146,#6147),
 .UNSPECIFIED.,.F.,.F.,(4,4),(0.,1.),.UNSPECIFIED.);
#178=B_SPLINE_CURVE_WITH_KNOTS('',3,(#6155,#6156,#6157,#6158),
 .UNSPECIFIED.,.F.,.F.,(4,4),(0.,1.),.UNSPECIFIED.);
#179=B_SPLINE_CURVE_WITH_KNOTS('',3,(#6162,#6163,#6164,#6165),
 .UNSPECIFIED.,.F.,.F.,(4,4),(0.,1.),.UNSPECIFIED.);
#180=B_SPLINE_CURVE_WITH_KNOTS('',3,(#6192,#6193,#6194,#6195,#6196,#6197,
#6198),.UNSPECIFIED.,.F.,.F.,(4,1,1,1,4),(0.100660100566081,0.187022263535245,
0.273384426504409,0.359746589473573,0.446108752442737),.UNSPECIFIED.);
#181=B_SPLINE_CURVE_WITH_KNOTS('',3,(#6202,#6203,#6204,#6205,#6206,#6207,
#6208),.UNSPECIFIED.,.F.,.F.,(4,1,1,1,4),(0.553901877902927,0.640267596637138,
0.726633315371348,0.812999034105559,0.89936475283977),.UNSPECIFIED.);
#182=B_SPLINE_CURVE_WITH_KNOTS('',3,(#6233,#6234,#6235,#6236,#6237,#6238,
#6239),.UNSPECIFIED.,.F.,.F.,(4,1,1,1,4),(0.,0.00117250854190143,0.00234501708380287,
0.0035175256257043,0.00469003416760573),.UNSPECIFIED.);
#183=B_SPLINE_CURVE_WITH_KNOTS('',3,(#6240,#6241,#6242,#6243,#6244,#6245,
#6246),.UNSPECIFIED.,.F.,.F.,(4,1,1,1,4),(0.,0.00116575703004958,0.00233151406009917,
0.00349727109014875,0.00466302812019833),.UNSPECIFIED.);
#184=B_SPLINE_CURVE_WITH_KNOTS('',3,(#6248,#6249,#6250,#6251,#6252,#6253,
#6254),.UNSPECIFIED.,.F.,.F.,(4,1,1,1,4),(3.30660033027138E-14,0.00117250854209141,
0.00234501708414976,0.00351752562620811,0.00469003416826645),
 .UNSPECIFIED.);
#185=B_SPLINE_CURVE_WITH_KNOTS('',3,(#6255,#6256,#6257,#6258,#6259,#6260,
#6261),.UNSPECIFIED.,.F.,.F.,(4,1,1,1,4),(5.55382496713543E-18,0.00116575703004286,
0.00233151406008571,0.00349727109012856,0.00466302812017142),
 .UNSPECIFIED.);
#186=B_SPLINE_CURVE_WITH_KNOTS('',3,(#6265,#6266,#6267,#6268,#6269,#6270,
#6271),.UNSPECIFIED.,.F.,.F.,(4,1,1,1,4),(0.,0.00117250818046279,0.00234501636092558,
0.00351752454138836,0.00469003272185115),.UNSPECIFIED.);
#187=B_SPLINE_CURVE_WITH_KNOTS('',3,(#6272,#6273,#6274,#6275,#6276,#6277,
#6278),.UNSPECIFIED.,.F.,.F.,(4,1,1,1,4),(0.,0.00116575695939027,0.00233151391878053,
0.0034972708781708,0.00466302783756107),.UNSPECIFIED.);
#188=B_SPLINE_CURVE_WITH_KNOTS('',3,(#6281,#6282,#6283,#6284,#6285,#6286,
#6287),.UNSPECIFIED.,.F.,.F.,(4,1,1,1,4),(0.,0.00117250818030426,0.00234501636060852,
0.00351752454091278,0.00469003272121704),.UNSPECIFIED.);
#189=B_SPLINE_CURVE_WITH_KNOTS('',3,(#6288,#6289,#6290,#6291,#6292,#6293,
#6294),.UNSPECIFIED.,.F.,.F.,(4,1,1,1,4),(0.,0.00116575695939026,0.00233151391878051,
0.00349727087817077,0.00466302783756102),.UNSPECIFIED.);
#190=B_SPLINE_CURVE_WITH_KNOTS('',3,(#6466,#6467,#6468,#6469,#6470,#6471,
#6472),.UNSPECIFIED.,.F.,.F.,(4,1,1,1,4),(0.,0.00119274379573745,0.00238548759147491,
0.00357823138721236,0.00477097518294981),.UNSPECIFIED.);
#191=B_SPLINE_CURVE_WITH_KNOTS('',3,(#6473,#6474,#6475,#6476,#6477,#6478,
#6479),.UNSPECIFIED.,.F.,.F.,(4,1,1,1,4),(0.,0.00115204954675048,0.00230409909350096,
0.00345614864025143,0.00460819818700191),.UNSPECIFIED.);
#192=B_SPLINE_CURVE_WITH_KNOTS('',3,(#6651,#6652,#6653,#6654,#6655,#6656,
#6657),.UNSPECIFIED.,.F.,.F.,(4,1,1,1,4),(0.,0.00116353129929264,0.00232706259858527,
0.00349059389787791,0.00465412519717054),.UNSPECIFIED.);
#193=B_SPLINE_CURVE_WITH_KNOTS('',3,(#6658,#6659,#6660,#6661,#6662,#6663,
#6664),.UNSPECIFIED.,.F.,.F.,(4,1,1,1,4),(0.,0.00118078029741797,0.00236156059483594,
0.0035423408922539,0.00472312118967187),.UNSPECIFIED.);
#194=B_SPLINE_CURVE_WITH_KNOTS('',3,(#6673,#6674,#6675,#6676),
 .UNSPECIFIED.,.F.,.F.,(4,4),(0.,1.),.UNSPECIFIED.);
#195=B_SPLINE_CURVE_WITH_KNOTS('',3,(#6678,#6679,#6680,#6681),
 .UNSPECIFIED.,.F.,.F.,(4,4),(0.,0.00389261177963225),.UNSPECIFIED.);
#196=B_SPLINE_CURVE_WITH_KNOTS('',3,(#6740,#6741,#6742,#6743),
 .UNSPECIFIED.,.F.,.F.,(4,4),(0.,1.),.UNSPECIFIED.);
#197=B_SPLINE_CURVE_WITH_KNOTS('',3,(#6745,#6746,#6747,#6748),
 .UNSPECIFIED.,.F.,.F.,(4,4),(0.,1.),.UNSPECIFIED.);
#198=B_SPLINE_CURVE_WITH_KNOTS('',3,(#6750,#6751,#6752,#6753),
 .UNSPECIFIED.,.F.,.F.,(4,4),(0.,1.),.UNSPECIFIED.);
#199=B_SPLINE_CURVE_WITH_KNOTS('',3,(#6755,#6756,#6757,#6758),
 .UNSPECIFIED.,.F.,.F.,(4,4),(0.,1.),.UNSPECIFIED.);
#200=B_SPLINE_CURVE_WITH_KNOTS('',3,(#6760,#6761,#6762,#6763),
 .UNSPECIFIED.,.F.,.F.,(4,4),(0.,1.),.UNSPECIFIED.);
#201=B_SPLINE_CURVE_WITH_KNOTS('',3,(#6826,#6827,#6828,#6829),
 .UNSPECIFIED.,.F.,.F.,(4,4),(0.,1.),.UNSPECIFIED.);
#202=B_SPLINE_CURVE_WITH_KNOTS('',3,(#6878,#6879,#6880,#6881),
 .UNSPECIFIED.,.F.,.F.,(4,4),(0.,1.),.UNSPECIFIED.);
#203=B_SPLINE_CURVE_WITH_KNOTS('',3,(#6928,#6929,#6930,#6931),
 .UNSPECIFIED.,.F.,.F.,(4,4),(0.,1.),.UNSPECIFIED.);
#204=B_SPLINE_CURVE_WITH_KNOTS('',3,(#6993,#6994,#6995,#6996),
 .UNSPECIFIED.,.F.,.F.,(4,4),(0.,1.),.UNSPECIFIED.);
#205=B_SPLINE_CURVE_WITH_KNOTS('',3,(#6998,#6999,#7000,#7001),
 .UNSPECIFIED.,.F.,.F.,(4,4),(0.,1.),.UNSPECIFIED.);
#206=B_SPLINE_CURVE_WITH_KNOTS('',3,(#7062,#7063,#7064,#7065),
 .UNSPECIFIED.,.F.,.F.,(4,4),(0.,1.),.UNSPECIFIED.);
#207=B_SPLINE_CURVE_WITH_KNOTS('',3,(#7116,#7117,#7118,#7119),
 .UNSPECIFIED.,.F.,.F.,(4,4),(0.,1.),.UNSPECIFIED.);
#208=B_SPLINE_CURVE_WITH_KNOTS('',3,(#7121,#7122,#7123,#7124),
 .UNSPECIFIED.,.F.,.F.,(4,4),(0.,1.),.UNSPECIFIED.);
#209=B_SPLINE_CURVE_WITH_KNOTS('',3,(#7126,#7127,#7128,#7129),
 .UNSPECIFIED.,.F.,.F.,(4,4),(0.,1.),.UNSPECIFIED.);
#210=B_SPLINE_CURVE_WITH_KNOTS('',3,(#7310,#7311,#7312,#7313),
 .UNSPECIFIED.,.F.,.F.,(4,4),(0.,0.00389260458584443),.UNSPECIFIED.);
#211=B_SPLINE_CURVE_WITH_KNOTS('',3,(#7314,#7315,#7316,#7317),
 .UNSPECIFIED.,.F.,.F.,(4,4),(0.,1.),.UNSPECIFIED.);
#212=B_SPLINE_CURVE_WITH_KNOTS('',3,(#7330,#7331,#7332,#7333),
 .UNSPECIFIED.,.F.,.F.,(4,4),(0.,1.),.UNSPECIFIED.);
#213=B_SPLINE_CURVE_WITH_KNOTS('',3,(#7336,#7337,#7338,#7339),
 .UNSPECIFIED.,.F.,.F.,(4,4),(0.,1.),.UNSPECIFIED.);
#214=B_SPLINE_CURVE_WITH_KNOTS('',3,(#7348,#7349,#7350,#7351),
 .UNSPECIFIED.,.F.,.F.,(4,4),(0.,1.),.UNSPECIFIED.);
#215=B_SPLINE_CURVE_WITH_KNOTS('',3,(#7353,#7354,#7355,#7356),
 .UNSPECIFIED.,.F.,.F.,(4,4),(0.,1.),.UNSPECIFIED.);
#216=B_SPLINE_CURVE_WITH_KNOTS('',3,(#7365,#7366,#7367,#7368),
 .UNSPECIFIED.,.F.,.F.,(4,4),(0.,1.),.UNSPECIFIED.);
#217=B_SPLINE_CURVE_WITH_KNOTS('',3,(#7370,#7371,#7372,#7373),
 .UNSPECIFIED.,.F.,.F.,(4,4),(0.,1.),.UNSPECIFIED.);
#218=B_SPLINE_CURVE_WITH_KNOTS('',3,(#7382,#7383,#7384,#7385),
 .UNSPECIFIED.,.F.,.F.,(4,4),(0.,1.),.UNSPECIFIED.);
#219=B_SPLINE_CURVE_WITH_KNOTS('',3,(#7397,#7398,#7399,#7400),
 .UNSPECIFIED.,.F.,.F.,(4,4),(0.,1.),.UNSPECIFIED.);
#220=B_SPLINE_CURVE_WITH_KNOTS('',3,(#7409,#7410,#7411,#7412),
 .UNSPECIFIED.,.F.,.F.,(4,4),(0.,1.),.UNSPECIFIED.);
#221=B_SPLINE_CURVE_WITH_KNOTS('',3,(#7414,#7415,#7416,#7417),
 .UNSPECIFIED.,.F.,.F.,(4,4),(0.,1.),.UNSPECIFIED.);
#222=B_SPLINE_CURVE_WITH_KNOTS('',3,(#7426,#7427,#7428,#7429),
 .UNSPECIFIED.,.F.,.F.,(4,4),(0.,1.),.UNSPECIFIED.);
#223=B_SPLINE_CURVE_WITH_KNOTS('',3,(#7431,#7432,#7433,#7434),
 .UNSPECIFIED.,.F.,.F.,(4,4),(0.,1.),.UNSPECIFIED.);
#224=B_SPLINE_CURVE_WITH_KNOTS('',3,(#7443,#7444,#7445,#7446),
 .UNSPECIFIED.,.F.,.F.,(4,4),(0.,1.),.UNSPECIFIED.);
#225=B_SPLINE_CURVE_WITH_KNOTS('',3,(#7449,#7450,#7451,#7452),
 .UNSPECIFIED.,.F.,.F.,(4,4),(0.,1.),.UNSPECIFIED.);
#226=B_SPLINE_CURVE_WITH_KNOTS('',3,(#7461,#7462,#7463,#7464),
 .UNSPECIFIED.,.F.,.F.,(4,4),(0.,1.),.UNSPECIFIED.);
#227=B_SPLINE_CURVE_WITH_KNOTS('',3,(#7466,#7467,#7468,#7469),
 .UNSPECIFIED.,.F.,.F.,(4,4),(0.,1.),.UNSPECIFIED.);
#228=B_SPLINE_CURVE_WITH_KNOTS('',3,(#7471,#7472,#7473,#7474),
 .UNSPECIFIED.,.F.,.F.,(4,4),(0.,1.),.UNSPECIFIED.);
#229=B_SPLINE_CURVE_WITH_KNOTS('',3,(#7483,#7484,#7485,#7486),
 .UNSPECIFIED.,.F.,.F.,(4,4),(0.,1.),.UNSPECIFIED.);
#230=B_SPLINE_CURVE_WITH_KNOTS('',3,(#7495,#7496,#7497,#7498),
 .UNSPECIFIED.,.F.,.F.,(4,4),(0.,1.),.UNSPECIFIED.);
#231=B_SPLINE_CURVE_WITH_KNOTS('',3,(#7500,#7501,#7502,#7503),
 .UNSPECIFIED.,.F.,.F.,(4,4),(0.,1.),.UNSPECIFIED.);
#232=B_SPLINE_CURVE_WITH_KNOTS('',3,(#7505,#7506,#7507,#7508),
 .UNSPECIFIED.,.F.,.F.,(4,4),(0.,1.),.UNSPECIFIED.);
#233=B_SPLINE_CURVE_WITH_KNOTS('',3,(#7517,#7518,#7519,#7520),
 .UNSPECIFIED.,.F.,.F.,(4,4),(0.,1.),.UNSPECIFIED.);
#234=B_SPLINE_CURVE_WITH_KNOTS('',3,(#7529,#7530,#7531,#7532),
 .UNSPECIFIED.,.F.,.F.,(4,4),(0.,1.),.UNSPECIFIED.);
#235=B_SPLINE_CURVE_WITH_KNOTS('',3,(#7534,#7535,#7536,#7537),
 .UNSPECIFIED.,.F.,.F.,(4,4),(0.,1.),.UNSPECIFIED.);
#236=B_SPLINE_CURVE_WITH_KNOTS('',3,(#7539,#7540,#7541,#7542),
 .UNSPECIFIED.,.F.,.F.,(4,4),(0.,1.),.UNSPECIFIED.);
#237=B_SPLINE_CURVE_WITH_KNOTS('',3,(#7551,#7552,#7553,#7554),
 .UNSPECIFIED.,.F.,.F.,(4,4),(0.,1.),.UNSPECIFIED.);
#238=B_SPLINE_CURVE_WITH_KNOTS('',3,(#7563,#7564,#7565,#7566),
 .UNSPECIFIED.,.F.,.F.,(4,4),(0.,1.),.UNSPECIFIED.);
#239=B_SPLINE_CURVE_WITH_KNOTS('',3,(#7568,#7569,#7570,#7571),
 .UNSPECIFIED.,.F.,.F.,(4,4),(0.,1.),.UNSPECIFIED.);
#240=B_SPLINE_CURVE_WITH_KNOTS('',3,(#7573,#7574,#7575,#7576),
 .UNSPECIFIED.,.F.,.F.,(4,4),(0.,1.),.UNSPECIFIED.);
#241=B_SPLINE_CURVE_WITH_KNOTS('',3,(#7586,#7587,#7588,#7589,#7590,#7591,
#7592,#7593,#7594),.UNSPECIFIED.,.F.,.F.,(4,1,1,1,1,1,4),(8.67361737988404E-19,
0.00674089985449803,0.010111349781747,0.0134817997089961,0.0168522496362451,
0.0202226995634941,0.0269635994179921),.UNSPECIFIED.);
#242=B_SPLINE_CURVE_WITH_KNOTS('',3,(#7599,#7600,#7601,#7602,#7603,#7604,
#7605,#7606,#7607),.UNSPECIFIED.,.F.,.F.,(4,1,1,1,1,1,4),(0.,0.00674117393901612,
0.0101117609085242,0.0134823478780322,0.0168529348475403,0.0202235218170483,
0.0269646957560645),.UNSPECIFIED.);
#243=CYLINDRICAL_SURFACE('',#3981,0.00585690734116194);
#244=CYLINDRICAL_SURFACE('',#3983,0.0368568736098418);
#245=CYLINDRICAL_SURFACE('',#3988,0.01145);
#246=CYLINDRICAL_SURFACE('',#4017,0.01145);
#247=CYLINDRICAL_SURFACE('',#4036,0.0368568736098418);
#248=CYLINDRICAL_SURFACE('',#4039,0.00585690734116194);
#249=CYLINDRICAL_SURFACE('',#4060,0.003);
#250=CYLINDRICAL_SURFACE('',#4064,0.002);
#251=CYLINDRICAL_SURFACE('',#4069,0.002);
#252=CYLINDRICAL_SURFACE('',#4075,0.002);
#253=CYLINDRICAL_SURFACE('',#4077,0.002);
#254=CYLINDRICAL_SURFACE('',#4082,0.002);
#255=CYLINDRICAL_SURFACE('',#4087,0.002);
#256=CYLINDRICAL_SURFACE('',#4101,0.003);
#257=CYLINDRICAL_SURFACE('',#4102,0.005);
#258=CYLINDRICAL_SURFACE('',#4103,0.005);
#259=CYLINDRICAL_SURFACE('',#4104,0.005);
#260=CYLINDRICAL_SURFACE('',#4105,0.005);
#261=CYLINDRICAL_SURFACE('',#4106,0.005);
#262=CYLINDRICAL_SURFACE('',#4107,0.005);
#263=CYLINDRICAL_SURFACE('',#4108,0.005);
#264=CYLINDRICAL_SURFACE('',#4109,0.005);
#265=CYLINDRICAL_SURFACE('',#4112,0.005);
#266=CYLINDRICAL_SURFACE('',#4113,0.005);
#267=CYLINDRICAL_SURFACE('',#4116,0.005);
#268=CYLINDRICAL_SURFACE('',#4117,0.005);
#269=CYLINDRICAL_SURFACE('',#4122,0.005);
#270=CYLINDRICAL_SURFACE('',#4123,0.005);
#271=CYLINDRICAL_SURFACE('',#4124,0.005);
#272=CYLINDRICAL_SURFACE('',#4129,0.005);
#273=CYLINDRICAL_SURFACE('',#4130,0.005);
#274=CYLINDRICAL_SURFACE('',#4131,0.005);
#275=CYLINDRICAL_SURFACE('',#4134,0.005);
#276=CYLINDRICAL_SURFACE('',#4135,0.005);
#277=CYLINDRICAL_SURFACE('',#4138,0.005);
#278=CYLINDRICAL_SURFACE('',#4139,0.005);
#279=CYLINDRICAL_SURFACE('',#4140,0.005);
#280=CYLINDRICAL_SURFACE('',#4141,0.005);
#281=CYLINDRICAL_SURFACE('',#4142,0.005);
#282=CYLINDRICAL_SURFACE('',#4170,0.005);
#283=CYLINDRICAL_SURFACE('',#4176,0.005);
#284=CYLINDRICAL_SURFACE('',#4190,0.005);
#285=CYLINDRICAL_SURFACE('',#4191,0.005);
#286=CYLINDRICAL_SURFACE('',#4192,0.005);
#287=CYLINDRICAL_SURFACE('',#4193,0.0015);
#288=CYLINDRICAL_SURFACE('',#4194,0.0015);
#289=LINE('',#4806,#461);
#290=LINE('',#4808,#462);
#291=LINE('',#4810,#463);
#292=LINE('',#4811,#464);
#293=LINE('',#4814,#465);
#294=LINE('',#4816,#466);
#295=LINE('',#4818,#467);
#296=LINE('',#4820,#468);
#297=LINE('',#4822,#469);
#298=LINE('',#4824,#470);
#299=LINE('',#4829,#471);
#300=LINE('',#4843,#472);
#301=LINE('',#4850,#473);
#302=LINE('',#4942,#474);
#303=LINE('',#4947,#475);
#304=LINE('',#4961,#476);
#305=LINE('',#4963,#477);
#306=LINE('',#4970,#478);
#307=LINE('',#4977,#479);
#308=LINE('',#4984,#480);
#309=LINE('',#4991,#481);
#310=LINE('',#4998,#482);
#311=LINE('',#5005,#483);
#312=LINE('',#5012,#484);
#313=LINE('',#5019,#485);
#314=LINE('',#5021,#486);
#315=LINE('',#5575,#487);
#316=LINE('',#5577,#488);
#317=LINE('',#5579,#489);
#318=LINE('',#5581,#490);
#319=LINE('',#5584,#491);
#320=LINE('',#5592,#492);
#321=LINE('',#5594,#493);
#322=LINE('',#5597,#494);
#323=LINE('',#5598,#495);
#324=LINE('',#5603,#496);
#325=LINE('',#5605,#497);
#326=LINE('',#5607,#498);
#327=LINE('',#5609,#499);
#328=LINE('',#5612,#500);
#329=LINE('',#5614,#501);
#330=LINE('',#5635,#502);
#331=LINE('',#5649,#503);
#332=LINE('',#5675,#504);
#333=LINE('',#5678,#505);
#334=LINE('',#5682,#506);
#335=LINE('',#5683,#507);
#336=LINE('',#5685,#508);
#337=LINE('',#5687,#509);
#338=LINE('',#5691,#510);
#339=LINE('',#5693,#511);
#340=LINE('',#5695,#512);
#341=LINE('',#5699,#513);
#342=LINE('',#5700,#514);
#343=LINE('',#5701,#515);
#344=LINE('',#5705,#516);
#345=LINE('',#5709,#517);
#346=LINE('',#5711,#518);
#347=LINE('',#5714,#519);
#348=LINE('',#5715,#520);
#349=LINE('',#5717,#521);
#350=LINE('',#5719,#522);
#351=LINE('',#5721,#523);
#352=LINE('',#5723,#524);
#353=LINE('',#5726,#525);
#354=LINE('',#5730,#526);
#355=LINE('',#5732,#527);
#356=LINE('',#5734,#528);
#357=LINE('',#5736,#529);
#358=LINE('',#5738,#530);
#359=LINE('',#5741,#531);
#360=LINE('',#5743,#532);
#361=LINE('',#5747,#533);
#362=LINE('',#5750,#534);
#363=LINE('',#5751,#535);
#364=LINE('',#5755,#536);
#365=LINE('',#5758,#537);
#366=LINE('',#5760,#538);
#367=LINE('',#5762,#539);
#368=LINE('',#5800,#540);
#369=LINE('',#5831,#541);
#370=LINE('',#5889,#542);
#371=LINE('',#5911,#543);
#372=LINE('',#5912,#544);
#373=LINE('',#5919,#545);
#374=LINE('',#5921,#546);
#375=LINE('',#5923,#547);
#376=LINE('',#5927,#548);
#377=LINE('',#5928,#549);
#378=LINE('',#5930,#550);
#379=LINE('',#5932,#551);
#380=LINE('',#5934,#552);
#381=LINE('',#5948,#553);
#382=LINE('',#5950,#554);
#383=LINE('',#5952,#555);
#384=LINE('',#5953,#556);
#385=LINE('',#5960,#557);
#386=LINE('',#5974,#558);
#387=LINE('',#5986,#559);
#388=LINE('',#5988,#560);
#389=LINE('',#5990,#561);
#390=LINE('',#5992,#562);
#391=LINE('',#5994,#563);
#392=LINE('',#5998,#564);
#393=LINE('',#6002,#565);
#394=LINE('',#6003,#566);
#395=LINE('',#6015,#567);
#396=LINE('',#6016,#568);
#397=LINE('',#6018,#569);
#398=LINE('',#6020,#570);
#399=LINE('',#6024,#571);
#400=LINE('',#6026,#572);
#401=LINE('',#6028,#573);
#402=LINE('',#6029,#574);
#403=LINE('',#6041,#575);
#404=LINE('',#6043,#576);
#405=LINE('',#6045,#577);
#406=LINE('',#6047,#578);
#407=LINE('',#6049,#579);
#408=LINE('',#6052,#580);
#409=LINE('',#6054,#581);
#410=LINE('',#6068,#582);
#411=LINE('',#6070,#583);
#412=LINE('',#6072,#584);
#413=LINE('',#6073,#585);
#414=LINE('',#6085,#586);
#415=LINE('',#6098,#587);
#416=LINE('',#6099,#588);
#417=LINE('',#6106,#589);
#418=LINE('',#6109,#590);
#419=LINE('',#6111,#591);
#420=LINE('',#6112,#592);
#421=LINE('',#6113,#593);
#422=LINE('',#6123,#594);
#423=LINE('',#6125,#595);
#424=LINE('',#6126,#596);
#425=LINE('',#6128,#597);
#426=LINE('',#6135,#598);
#427=LINE('',#6142,#599);
#428=LINE('',#6149,#600);
#429=LINE('',#6151,#601);
#430=LINE('',#6153,#602);
#431=LINE('',#6160,#603);
#432=LINE('',#6167,#604);
#433=LINE('',#6171,#605);
#434=LINE('',#6172,#606);
#435=LINE('',#6174,#607);
#436=LINE('',#6175,#608);
#437=LINE('',#6666,#609);
#438=LINE('',#6667,#610);
#439=LINE('',#6669,#611);
#440=LINE('',#6670,#612);
#441=LINE('',#7389,#613);
#442=LINE('',#7394,#614);
#443=LINE('',#7597,#615);
#444=LINE('',#7609,#616);
#445=LINE('',#7679,#617);
#446=LINE('',#7681,#618);
#447=LINE('',#7683,#619);
#448=LINE('',#7684,#620);
#449=LINE('',#7686,#621);
#450=LINE('',#7688,#622);
#451=LINE('',#7690,#623);
#452=LINE('',#7692,#624);
#453=LINE('',#7694,#625);
#454=LINE('',#7696,#626);
#455=LINE('',#7698,#627);
#456=LINE('',#7700,#628);
#457=LINE('',#7702,#629);
#458=LINE('',#7704,#630);
#459=LINE('',#7706,#631);
#460=LINE('',#7708,#632);
#461=VECTOR('',#4201,1.);
#462=VECTOR('',#4202,1.);
#463=VECTOR('',#4203,1.);
#464=VECTOR('',#4204,1.);
#465=VECTOR('',#4205,1.);
#466=VECTOR('',#4206,1.);
#467=VECTOR('',#4207,1.);
#468=VECTOR('',#4208,1.);
#469=VECTOR('',#4209,1.);
#470=VECTOR('',#4212,1.);
#471=VECTOR('',#4215,1.);
#472=VECTOR('',#4218,1.);
#473=VECTOR('',#4219,1.);
#474=VECTOR('',#4232,1.);
#475=VECTOR('',#4235,1.);
#476=VECTOR('',#4238,1.);
#477=VECTOR('',#4239,1.);
#478=VECTOR('',#4240,1.);
#479=VECTOR('',#4241,1.);
#480=VECTOR('',#4242,1.);
#481=VECTOR('',#4243,1.);
#482=VECTOR('',#4244,1.);
#483=VECTOR('',#4245,1.);
#484=VECTOR('',#4246,1.);
#485=VECTOR('',#4247,1.);
#486=VECTOR('',#4248,1.);
#487=VECTOR('',#4287,1.);
#488=VECTOR('',#4288,1.);
#489=VECTOR('',#4289,1.);
#490=VECTOR('',#4292,1.);
#491=VECTOR('',#4293,1.);
#492=VECTOR('',#4294,1.);
#493=VECTOR('',#4297,1.);
#494=VECTOR('',#4298,1.);
#495=VECTOR('',#4299,1.);
#496=VECTOR('',#4304,1.);
#497=VECTOR('',#4305,1.);
#498=VECTOR('',#4306,1.);
#499=VECTOR('',#4309,1.);
#500=VECTOR('',#4310,1.);
#501=VECTOR('',#4311,1.);
#502=VECTOR('',#4320,1.);
#503=VECTOR('',#4321,1.);
#504=VECTOR('',#4324,1.);
#505=VECTOR('',#4325,1.);
#506=VECTOR('',#4328,1.);
#507=VECTOR('',#4329,1.);
#508=VECTOR('',#4330,1.);
#509=VECTOR('',#4331,1.);
#510=VECTOR('',#4334,1.);
#511=VECTOR('',#4335,1.);
#512=VECTOR('',#4336,1.);
#513=VECTOR('',#4339,1.);
#514=VECTOR('',#4340,1.);
#515=VECTOR('',#4341,1.);
#516=VECTOR('',#4344,1.);
#517=VECTOR('',#4347,1.);
#518=VECTOR('',#4350,1.);
#519=VECTOR('',#4351,1.);
#520=VECTOR('',#4352,1.);
#521=VECTOR('',#4355,1.);
#522=VECTOR('',#4356,1.);
#523=VECTOR('',#4357,1.);
#524=VECTOR('',#4358,1.);
#525=VECTOR('',#4361,1.);
#526=VECTOR('',#4364,1.);
#527=VECTOR('',#4367,1.);
#528=VECTOR('',#4368,1.);
#529=VECTOR('',#4369,1.);
#530=VECTOR('',#4372,1.);
#531=VECTOR('',#4373,1.);
#532=VECTOR('',#4374,1.);
#533=VECTOR('',#4379,1.);
#534=VECTOR('',#4380,1.);
#535=VECTOR('',#4381,1.);
#536=VECTOR('',#4384,1.);
#537=VECTOR('',#4387,1.);
#538=VECTOR('',#4388,1.);
#539=VECTOR('',#4391,1.);
#540=VECTOR('',#4396,1.);
#541=VECTOR('',#4401,1.);
#542=VECTOR('',#4404,1.);
#543=VECTOR('',#4407,1.);
#544=VECTOR('',#4408,1.);
#545=VECTOR('',#4411,1.);
#546=VECTOR('',#4412,1.);
#547=VECTOR('',#4413,1.);
#548=VECTOR('',#4416,1.);
#549=VECTOR('',#4417,1.);
#550=VECTOR('',#4420,1.);
#551=VECTOR('',#4421,1.);
#552=VECTOR('',#4422,1.);
#553=VECTOR('',#4423,1.);
#554=VECTOR('',#4424,1.);
#555=VECTOR('',#4425,1.);
#556=VECTOR('',#4426,1.);
#557=VECTOR('',#4427,1.);
#558=VECTOR('',#4428,1.);
#559=VECTOR('',#4429,1.);
#560=VECTOR('',#4432,1.);
#561=VECTOR('',#4433,1.);
#562=VECTOR('',#4434,1.);
#563=VECTOR('',#4437,1.);
#564=VECTOR('',#4440,1.);
#565=VECTOR('',#4443,1.);
#566=VECTOR('',#4444,1.);
#567=VECTOR('',#4445,1.);
#568=VECTOR('',#4446,1.);
#569=VECTOR('',#4447,1.);
#570=VECTOR('',#4448,1.);
#571=VECTOR('',#4451,1.);
#572=VECTOR('',#4452,1.);
#573=VECTOR('',#4453,1.);
#574=VECTOR('',#4454,1.);
#575=VECTOR('',#4455,1.);
#576=VECTOR('',#4458,1.);
#577=VECTOR('',#4459,1.);
#578=VECTOR('',#4460,1.);
#579=VECTOR('',#4463,1.);
#580=VECTOR('',#4464,1.);
#581=VECTOR('',#4465,1.);
#582=VECTOR('',#4466,1.);
#583=VECTOR('',#4467,1.);
#584=VECTOR('',#4468,1.);
#585=VECTOR('',#4469,1.);
#586=VECTOR('',#4470,1.);
#587=VECTOR('',#4471,1.);
#588=VECTOR('',#4472,1.);
#589=VECTOR('',#4475,1.);
#590=VECTOR('',#4476,1.);
#591=VECTOR('',#4477,1.);
#592=VECTOR('',#4478,1.);
#593=VECTOR('',#4479,1.);
#594=VECTOR('',#4484,1.);
#595=VECTOR('',#4485,1.);
#596=VECTOR('',#4486,1.);
#597=VECTOR('',#4487,1.);
#598=VECTOR('',#4488,1.);
#599=VECTOR('',#4489,1.);
#600=VECTOR('',#4490,1.);
#601=VECTOR('',#4491,1.);
#602=VECTOR('',#4492,1.);
#603=VECTOR('',#4493,1.);
#604=VECTOR('',#4494,1.);
#605=VECTOR('',#4501,1.);
#606=VECTOR('',#4502,1.);
#607=VECTOR('',#4505,1.);
#608=VECTOR('',#4506,1.);
#609=VECTOR('',#4587,1.);
#610=VECTOR('',#4588,1.);
#611=VECTOR('',#4591,1.);
#612=VECTOR('',#4592,1.);
#613=VECTOR('',#4687,1.);
#614=VECTOR('',#4694,1.);
#615=VECTOR('',#4725,1.);
#616=VECTOR('',#4726,1.);
#617=VECTOR('',#4757,1.);
#618=VECTOR('',#4760,1.);
#619=VECTOR('',#4763,1.);
#620=VECTOR('',#4764,1.);
#621=VECTOR('',#4767,1.);
#622=VECTOR('',#4768,1.);
#623=VECTOR('',#4769,1.);
#624=VECTOR('',#4772,1.);
#625=VECTOR('',#4773,1.);
#626=VECTOR('',#4776,1.);
#627=VECTOR('',#4777,1.);
#628=VECTOR('',#4780,1.);
#629=VECTOR('',#4781,1.);
#630=VECTOR('',#4784,1.);
#631=VECTOR('',#4785,1.);
#632=VECTOR('',#4788,1.);
#633=ORIENTED_EDGE('',*,*,#1453,.T.);
#634=ORIENTED_EDGE('',*,*,#1454,.T.);
#635=ORIENTED_EDGE('',*,*,#1455,.T.);
#636=ORIENTED_EDGE('',*,*,#1456,.T.);
#637=ORIENTED_EDGE('',*,*,#1457,.T.);
#638=ORIENTED_EDGE('',*,*,#1458,.T.);
#639=ORIENTED_EDGE('',*,*,#1459,.F.);
#640=ORIENTED_EDGE('',*,*,#1460,.F.);
#641=ORIENTED_EDGE('',*,*,#1461,.F.);
#642=ORIENTED_EDGE('',*,*,#1462,.F.);
#643=ORIENTED_EDGE('',*,*,#1463,.T.);
#644=ORIENTED_EDGE('',*,*,#1464,.T.);
#645=ORIENTED_EDGE('',*,*,#1465,.F.);
#646=ORIENTED_EDGE('',*,*,#1466,.T.);
#647=ORIENTED_EDGE('',*,*,#1467,.T.);
#648=ORIENTED_EDGE('',*,*,#1468,.T.);
#649=ORIENTED_EDGE('',*,*,#1469,.T.);
#650=ORIENTED_EDGE('',*,*,#1470,.T.);
#651=ORIENTED_EDGE('',*,*,#1471,.F.);
#652=ORIENTED_EDGE('',*,*,#1472,.T.);
#653=ORIENTED_EDGE('',*,*,#1473,.F.);
#654=ORIENTED_EDGE('',*,*,#1474,.F.);
#655=ORIENTED_EDGE('',*,*,#1475,.F.);
#656=ORIENTED_EDGE('',*,*,#1476,.T.);
#657=ORIENTED_EDGE('',*,*,#1477,.F.);
#658=ORIENTED_EDGE('',*,*,#1478,.F.);
#659=ORIENTED_EDGE('',*,*,#1479,.F.);
#660=ORIENTED_EDGE('',*,*,#1480,.F.);
#661=ORIENTED_EDGE('',*,*,#1481,.F.);
#662=ORIENTED_EDGE('',*,*,#1482,.T.);
#663=ORIENTED_EDGE('',*,*,#1483,.F.);
#664=ORIENTED_EDGE('',*,*,#1484,.T.);
#665=ORIENTED_EDGE('',*,*,#1485,.T.);
#666=ORIENTED_EDGE('',*,*,#1486,.F.);
#667=ORIENTED_EDGE('',*,*,#1487,.T.);
#668=ORIENTED_EDGE('',*,*,#1488,.T.);
#669=ORIENTED_EDGE('',*,*,#1489,.T.);
#670=ORIENTED_EDGE('',*,*,#1490,.T.);
#671=ORIENTED_EDGE('',*,*,#1491,.T.);
#672=ORIENTED_EDGE('',*,*,#1492,.T.);
#673=ORIENTED_EDGE('',*,*,#1493,.T.);
#674=ORIENTED_EDGE('',*,*,#1494,.T.);
#675=ORIENTED_EDGE('',*,*,#1495,.T.);
#676=ORIENTED_EDGE('',*,*,#1496,.T.);
#677=ORIENTED_EDGE('',*,*,#1497,.T.);
#678=ORIENTED_EDGE('',*,*,#1498,.T.);
#679=ORIENTED_EDGE('',*,*,#1499,.T.);
#680=ORIENTED_EDGE('',*,*,#1500,.T.);
#681=ORIENTED_EDGE('',*,*,#1501,.T.);
#682=ORIENTED_EDGE('',*,*,#1502,.T.);
#683=ORIENTED_EDGE('',*,*,#1503,.T.);
#684=ORIENTED_EDGE('',*,*,#1504,.T.);
#685=ORIENTED_EDGE('',*,*,#1505,.F.);
#686=ORIENTED_EDGE('',*,*,#1484,.F.);
#687=ORIENTED_EDGE('',*,*,#1506,.F.);
#688=ORIENTED_EDGE('',*,*,#1507,.F.);
#689=ORIENTED_EDGE('',*,*,#1508,.F.);
#690=ORIENTED_EDGE('',*,*,#1509,.F.);
#691=ORIENTED_EDGE('',*,*,#1510,.T.);
#692=ORIENTED_EDGE('',*,*,#1511,.F.);
#693=ORIENTED_EDGE('',*,*,#1512,.T.);
#694=ORIENTED_EDGE('',*,*,#1513,.F.);
#695=ORIENTED_EDGE('',*,*,#1514,.F.);
#696=ORIENTED_EDGE('',*,*,#1515,.F.);
#697=ORIENTED_EDGE('',*,*,#1516,.F.);
#698=ORIENTED_EDGE('',*,*,#1517,.F.);
#699=ORIENTED_EDGE('',*,*,#1518,.T.);
#700=ORIENTED_EDGE('',*,*,#1519,.F.);
#701=ORIENTED_EDGE('',*,*,#1520,.T.);
#702=ORIENTED_EDGE('',*,*,#1521,.F.);
#703=ORIENTED_EDGE('',*,*,#1522,.F.);
#704=ORIENTED_EDGE('',*,*,#1523,.F.);
#705=ORIENTED_EDGE('',*,*,#1524,.T.);
#706=ORIENTED_EDGE('',*,*,#1525,.F.);
#707=ORIENTED_EDGE('',*,*,#1526,.T.);
#708=ORIENTED_EDGE('',*,*,#1527,.F.);
#709=ORIENTED_EDGE('',*,*,#1528,.F.);
#710=ORIENTED_EDGE('',*,*,#1529,.F.);
#711=ORIENTED_EDGE('',*,*,#1530,.F.);
#712=ORIENTED_EDGE('',*,*,#1531,.T.);
#713=ORIENTED_EDGE('',*,*,#1532,.F.);
#714=ORIENTED_EDGE('',*,*,#1533,.T.);
#715=ORIENTED_EDGE('',*,*,#1534,.F.);
#716=ORIENTED_EDGE('',*,*,#1535,.F.);
#717=ORIENTED_EDGE('',*,*,#1536,.F.);
#718=ORIENTED_EDGE('',*,*,#1537,.T.);
#719=ORIENTED_EDGE('',*,*,#1538,.F.);
#720=ORIENTED_EDGE('',*,*,#1539,.T.);
#721=ORIENTED_EDGE('',*,*,#1540,.F.);
#722=ORIENTED_EDGE('',*,*,#1541,.F.);
#723=ORIENTED_EDGE('',*,*,#1542,.F.);
#724=ORIENTED_EDGE('',*,*,#1543,.T.);
#725=ORIENTED_EDGE('',*,*,#1544,.F.);
#726=ORIENTED_EDGE('',*,*,#1545,.T.);
#727=ORIENTED_EDGE('',*,*,#1546,.T.);
#728=ORIENTED_EDGE('',*,*,#1547,.T.);
#729=ORIENTED_EDGE('',*,*,#1548,.F.);
#730=ORIENTED_EDGE('',*,*,#1549,.T.);
#731=ORIENTED_EDGE('',*,*,#1550,.F.);
#732=ORIENTED_EDGE('',*,*,#1551,.T.);
#733=ORIENTED_EDGE('',*,*,#1552,.T.);
#734=ORIENTED_EDGE('',*,*,#1553,.T.);
#735=ORIENTED_EDGE('',*,*,#1554,.T.);
#736=ORIENTED_EDGE('',*,*,#1555,.T.);
#737=ORIENTED_EDGE('',*,*,#1525,.T.);
#738=ORIENTED_EDGE('',*,*,#1556,.T.);
#739=ORIENTED_EDGE('',*,*,#1557,.T.);
#740=ORIENTED_EDGE('',*,*,#1558,.T.);
#741=ORIENTED_EDGE('',*,*,#1559,.T.);
#742=ORIENTED_EDGE('',*,*,#1560,.T.);
#743=ORIENTED_EDGE('',*,*,#1561,.T.);
#744=ORIENTED_EDGE('',*,*,#1562,.T.);
#745=ORIENTED_EDGE('',*,*,#1563,.T.);
#746=ORIENTED_EDGE('',*,*,#1564,.T.);
#747=ORIENTED_EDGE('',*,*,#1565,.T.);
#748=ORIENTED_EDGE('',*,*,#1566,.F.);
#749=ORIENTED_EDGE('',*,*,#1567,.T.);
#750=ORIENTED_EDGE('',*,*,#1568,.T.);
#751=ORIENTED_EDGE('',*,*,#1569,.F.);
#752=ORIENTED_EDGE('',*,*,#1570,.F.);
#753=ORIENTED_EDGE('',*,*,#1571,.F.);
#754=ORIENTED_EDGE('',*,*,#1572,.F.);
#755=ORIENTED_EDGE('',*,*,#1573,.T.);
#756=ORIENTED_EDGE('',*,*,#1574,.T.);
#757=ORIENTED_EDGE('',*,*,#1575,.T.);
#758=ORIENTED_EDGE('',*,*,#1576,.F.);
#759=ORIENTED_EDGE('',*,*,#1528,.T.);
#760=ORIENTED_EDGE('',*,*,#1577,.T.);
#761=ORIENTED_EDGE('',*,*,#1578,.T.);
#762=ORIENTED_EDGE('',*,*,#1579,.F.);
#763=ORIENTED_EDGE('',*,*,#1580,.F.);
#764=ORIENTED_EDGE('',*,*,#1581,.T.);
#765=ORIENTED_EDGE('',*,*,#1582,.T.);
#766=ORIENTED_EDGE('',*,*,#1583,.T.);
#767=ORIENTED_EDGE('',*,*,#1584,.T.);
#768=ORIENTED_EDGE('',*,*,#1585,.F.);
#769=ORIENTED_EDGE('',*,*,#1527,.T.);
#770=ORIENTED_EDGE('',*,*,#1586,.T.);
#771=ORIENTED_EDGE('',*,*,#1465,.T.);
#772=ORIENTED_EDGE('',*,*,#1587,.T.);
#773=ORIENTED_EDGE('',*,*,#1588,.T.);
#774=ORIENTED_EDGE('',*,*,#1589,.T.);
#775=ORIENTED_EDGE('',*,*,#1590,.T.);
#776=ORIENTED_EDGE('',*,*,#1591,.F.);
#777=ORIENTED_EDGE('',*,*,#1592,.T.);
#778=ORIENTED_EDGE('',*,*,#1593,.T.);
#779=ORIENTED_EDGE('',*,*,#1544,.T.);
#780=ORIENTED_EDGE('',*,*,#1594,.T.);
#781=ORIENTED_EDGE('',*,*,#1540,.T.);
#782=ORIENTED_EDGE('',*,*,#1595,.T.);
#783=ORIENTED_EDGE('',*,*,#1596,.T.);
#784=ORIENTED_EDGE('',*,*,#1597,.T.);
#785=ORIENTED_EDGE('',*,*,#1598,.T.);
#786=ORIENTED_EDGE('',*,*,#1599,.T.);
#787=ORIENTED_EDGE('',*,*,#1600,.T.);
#788=ORIENTED_EDGE('',*,*,#1601,.T.);
#789=ORIENTED_EDGE('',*,*,#1602,.F.);
#790=ORIENTED_EDGE('',*,*,#1603,.T.);
#791=ORIENTED_EDGE('',*,*,#1604,.T.);
#792=ORIENTED_EDGE('',*,*,#1605,.T.);
#793=ORIENTED_EDGE('',*,*,#1532,.T.);
#794=ORIENTED_EDGE('',*,*,#1606,.T.);
#795=ORIENTED_EDGE('',*,*,#1607,.T.);
#796=ORIENTED_EDGE('',*,*,#1608,.T.);
#797=ORIENTED_EDGE('',*,*,#1609,.T.);
#798=ORIENTED_EDGE('',*,*,#1610,.T.);
#799=ORIENTED_EDGE('',*,*,#1611,.T.);
#800=ORIENTED_EDGE('',*,*,#1542,.T.);
#801=ORIENTED_EDGE('',*,*,#1612,.F.);
#802=ORIENTED_EDGE('',*,*,#1613,.T.);
#803=ORIENTED_EDGE('',*,*,#1614,.T.);
#804=ORIENTED_EDGE('',*,*,#1615,.T.);
#805=ORIENTED_EDGE('',*,*,#1616,.T.);
#806=ORIENTED_EDGE('',*,*,#1617,.T.);
#807=ORIENTED_EDGE('',*,*,#1473,.T.);
#808=ORIENTED_EDGE('',*,*,#1618,.T.);
#809=ORIENTED_EDGE('',*,*,#1475,.T.);
#810=ORIENTED_EDGE('',*,*,#1619,.T.);
#811=ORIENTED_EDGE('',*,*,#1455,.F.);
#812=ORIENTED_EDGE('',*,*,#1620,.T.);
#813=ORIENTED_EDGE('',*,*,#1621,.T.);
#814=ORIENTED_EDGE('',*,*,#1622,.T.);
#815=ORIENTED_EDGE('',*,*,#1471,.T.);
#816=ORIENTED_EDGE('',*,*,#1598,.F.);
#817=ORIENTED_EDGE('',*,*,#1623,.T.);
#818=ORIENTED_EDGE('',*,*,#1624,.T.);
#819=ORIENTED_EDGE('',*,*,#1625,.T.);
#820=ORIENTED_EDGE('',*,*,#1548,.T.);
#821=ORIENTED_EDGE('',*,*,#1626,.T.);
#822=ORIENTED_EDGE('',*,*,#1559,.F.);
#823=ORIENTED_EDGE('',*,*,#1627,.T.);
#824=ORIENTED_EDGE('',*,*,#1628,.F.);
#825=ORIENTED_EDGE('',*,*,#1629,.T.);
#826=ORIENTED_EDGE('',*,*,#1630,.T.);
#827=ORIENTED_EDGE('',*,*,#1631,.T.);
#828=ORIENTED_EDGE('',*,*,#1573,.F.);
#829=ORIENTED_EDGE('',*,*,#1550,.T.);
#830=ORIENTED_EDGE('',*,*,#1632,.T.);
#831=ORIENTED_EDGE('',*,*,#1554,.F.);
#832=ORIENTED_EDGE('',*,*,#1633,.T.);
#833=ORIENTED_EDGE('',*,*,#1477,.T.);
#834=ORIENTED_EDGE('',*,*,#1634,.T.);
#835=ORIENTED_EDGE('',*,*,#1635,.T.);
#836=ORIENTED_EDGE('',*,*,#1636,.T.);
#837=ORIENTED_EDGE('',*,*,#1637,.T.);
#838=ORIENTED_EDGE('',*,*,#1638,.T.);
#839=ORIENTED_EDGE('',*,*,#1616,.F.);
#840=ORIENTED_EDGE('',*,*,#1470,.F.);
#841=ORIENTED_EDGE('',*,*,#1639,.T.);
#842=ORIENTED_EDGE('',*,*,#1640,.T.);
#843=ORIENTED_EDGE('',*,*,#1538,.T.);
#844=ORIENTED_EDGE('',*,*,#1641,.T.);
#845=ORIENTED_EDGE('',*,*,#1642,.T.);
#846=ORIENTED_EDGE('',*,*,#1643,.T.);
#847=ORIENTED_EDGE('',*,*,#1644,.T.);
#848=ORIENTED_EDGE('',*,*,#1645,.T.);
#849=ORIENTED_EDGE('',*,*,#1646,.T.);
#850=ORIENTED_EDGE('',*,*,#1647,.F.);
#851=ORIENTED_EDGE('',*,*,#1534,.T.);
#852=ORIENTED_EDGE('',*,*,#1648,.T.);
#853=ORIENTED_EDGE('',*,*,#1624,.F.);
#854=ORIENTED_EDGE('',*,*,#1649,.T.);
#855=ORIENTED_EDGE('',*,*,#1650,.T.);
#856=ORIENTED_EDGE('',*,*,#1651,.T.);
#857=ORIENTED_EDGE('',*,*,#1652,.T.);
#858=ORIENTED_EDGE('',*,*,#1653,.T.);
#859=ORIENTED_EDGE('',*,*,#1654,.T.);
#860=ORIENTED_EDGE('',*,*,#1655,.T.);
#861=ORIENTED_EDGE('',*,*,#1530,.T.);
#862=ORIENTED_EDGE('',*,*,#1656,.T.);
#863=ORIENTED_EDGE('',*,*,#1657,.T.);
#864=ORIENTED_EDGE('',*,*,#1658,.T.);
#865=ORIENTED_EDGE('',*,*,#1659,.T.);
#866=ORIENTED_EDGE('',*,*,#1660,.T.);
#867=ORIENTED_EDGE('',*,*,#1661,.T.);
#868=ORIENTED_EDGE('',*,*,#1662,.T.);
#869=ORIENTED_EDGE('',*,*,#1663,.F.);
#870=ORIENTED_EDGE('',*,*,#1514,.T.);
#871=ORIENTED_EDGE('',*,*,#1521,.T.);
#872=ORIENTED_EDGE('',*,*,#1664,.T.);
#873=ORIENTED_EDGE('',*,*,#1665,.T.);
#874=ORIENTED_EDGE('',*,*,#1666,.T.);
#875=ORIENTED_EDGE('',*,*,#1519,.T.);
#876=ORIENTED_EDGE('',*,*,#1667,.F.);
#877=ORIENTED_EDGE('',*,*,#1668,.T.);
#878=ORIENTED_EDGE('',*,*,#1669,.T.);
#879=ORIENTED_EDGE('',*,*,#1670,.T.);
#880=ORIENTED_EDGE('',*,*,#1671,.T.);
#881=ORIENTED_EDGE('',*,*,#1463,.F.);
#882=ORIENTED_EDGE('',*,*,#1672,.T.);
#883=ORIENTED_EDGE('',*,*,#1673,.T.);
#884=ORIENTED_EDGE('',*,*,#1674,.T.);
#885=ORIENTED_EDGE('',*,*,#1675,.T.);
#886=ORIENTED_EDGE('',*,*,#1506,.T.);
#887=ORIENTED_EDGE('',*,*,#1513,.T.);
#888=ORIENTED_EDGE('',*,*,#1676,.T.);
#889=ORIENTED_EDGE('',*,*,#1677,.T.);
#890=ORIENTED_EDGE('',*,*,#1678,.F.);
#891=ORIENTED_EDGE('',*,*,#1679,.F.);
#892=ORIENTED_EDGE('',*,*,#1680,.T.);
#893=ORIENTED_EDGE('',*,*,#1681,.T.);
#894=ORIENTED_EDGE('',*,*,#1682,.T.);
#895=ORIENTED_EDGE('',*,*,#1517,.T.);
#896=ORIENTED_EDGE('',*,*,#1516,.T.);
#897=ORIENTED_EDGE('',*,*,#1683,.F.);
#898=ORIENTED_EDGE('',*,*,#1684,.T.);
#899=ORIENTED_EDGE('',*,*,#1685,.T.);
#900=ORIENTED_EDGE('',*,*,#1686,.T.);
#901=ORIENTED_EDGE('',*,*,#1629,.F.);
#902=ORIENTED_EDGE('',*,*,#1687,.T.);
#903=ORIENTED_EDGE('',*,*,#1688,.T.);
#904=ORIENTED_EDGE('',*,*,#1689,.T.);
#905=ORIENTED_EDGE('',*,*,#1511,.T.);
#906=ORIENTED_EDGE('',*,*,#1690,.T.);
#907=ORIENTED_EDGE('',*,*,#1691,.T.);
#908=ORIENTED_EDGE('',*,*,#1692,.T.);
#909=ORIENTED_EDGE('',*,*,#1693,.T.);
#910=ORIENTED_EDGE('',*,*,#1694,.T.);
#911=ORIENTED_EDGE('',*,*,#1695,.T.);
#912=ORIENTED_EDGE('',*,*,#1696,.T.);
#913=ORIENTED_EDGE('',*,*,#1509,.T.);
#914=ORIENTED_EDGE('',*,*,#1508,.T.);
#915=ORIENTED_EDGE('',*,*,#1697,.F.);
#916=ORIENTED_EDGE('',*,*,#1698,.T.);
#917=ORIENTED_EDGE('',*,*,#1699,.T.);
#918=ORIENTED_EDGE('',*,*,#1700,.T.);
#919=ORIENTED_EDGE('',*,*,#1701,.T.);
#920=ORIENTED_EDGE('',*,*,#1702,.T.);
#921=ORIENTED_EDGE('',*,*,#1523,.T.);
#922=ORIENTED_EDGE('',*,*,#1703,.T.);
#923=ORIENTED_EDGE('',*,*,#1704,.T.);
#924=ORIENTED_EDGE('',*,*,#1705,.T.);
#925=ORIENTED_EDGE('',*,*,#1706,.T.);
#926=ORIENTED_EDGE('',*,*,#1707,.T.);
#927=ORIENTED_EDGE('',*,*,#1637,.F.);
#928=ORIENTED_EDGE('',*,*,#1708,.T.);
#929=ORIENTED_EDGE('',*,*,#1536,.T.);
#930=ORIENTED_EDGE('',*,*,#1709,.F.);
#931=ORIENTED_EDGE('',*,*,#1710,.T.);
#932=ORIENTED_EDGE('',*,*,#1711,.T.);
#933=ORIENTED_EDGE('',*,*,#1712,.T.);
#934=ORIENTED_EDGE('',*,*,#1713,.F.);
#935=ORIENTED_EDGE('',*,*,#1567,.F.);
#936=ORIENTED_EDGE('',*,*,#1714,.T.);
#937=ORIENTED_EDGE('',*,*,#1715,.T.);
#938=ORIENTED_EDGE('',*,*,#1716,.T.);
#939=ORIENTED_EDGE('',*,*,#1717,.T.);
#940=ORIENTED_EDGE('',*,*,#1718,.T.);
#941=ORIENTED_EDGE('',*,*,#1719,.T.);
#942=ORIENTED_EDGE('',*,*,#1720,.T.);
#943=ORIENTED_EDGE('',*,*,#1721,.T.);
#944=ORIENTED_EDGE('',*,*,#1722,.T.);
#945=ORIENTED_EDGE('',*,*,#1723,.T.);
#946=ORIENTED_EDGE('',*,*,#1724,.T.);
#947=ORIENTED_EDGE('',*,*,#1725,.T.);
#948=ORIENTED_EDGE('',*,*,#1726,.T.);
#949=ORIENTED_EDGE('',*,*,#1727,.T.);
#950=ORIENTED_EDGE('',*,*,#1481,.T.);
#951=ORIENTED_EDGE('',*,*,#1566,.T.);
#952=ORIENTED_EDGE('',*,*,#1579,.T.);
#953=ORIENTED_EDGE('',*,*,#1728,.T.);
#954=ORIENTED_EDGE('',*,*,#1714,.F.);
#955=ORIENTED_EDGE('',*,*,#1570,.T.);
#956=ORIENTED_EDGE('',*,*,#1729,.T.);
#957=ORIENTED_EDGE('',*,*,#1713,.T.);
#958=ORIENTED_EDGE('',*,*,#1730,.T.);
#959=ORIENTED_EDGE('',*,*,#1581,.F.);
#960=ORIENTED_EDGE('',*,*,#1731,.F.);
#961=ORIENTED_EDGE('',*,*,#1568,.F.);
#962=ORIENTED_EDGE('',*,*,#1569,.T.);
#963=ORIENTED_EDGE('',*,*,#1731,.T.);
#964=ORIENTED_EDGE('',*,*,#1580,.T.);
#965=ORIENTED_EDGE('',*,*,#1729,.F.);
#966=ORIENTED_EDGE('',*,*,#1656,.F.);
#967=ORIENTED_EDGE('',*,*,#1529,.T.);
#968=ORIENTED_EDGE('',*,*,#1576,.T.);
#969=ORIENTED_EDGE('',*,*,#1732,.T.);
#970=ORIENTED_EDGE('',*,*,#1733,.T.);
#971=ORIENTED_EDGE('',*,*,#1734,.T.);
#972=ORIENTED_EDGE('',*,*,#1571,.T.);
#973=ORIENTED_EDGE('',*,*,#1522,.T.);
#974=ORIENTED_EDGE('',*,*,#1585,.T.);
#975=ORIENTED_EDGE('',*,*,#1735,.T.);
#976=ORIENTED_EDGE('',*,*,#1703,.F.);
#977=ORIENTED_EDGE('',*,*,#1736,.T.);
#978=ORIENTED_EDGE('',*,*,#1737,.T.);
#979=ORIENTED_EDGE('',*,*,#1565,.F.);
#980=ORIENTED_EDGE('',*,*,#1738,.T.);
#981=ORIENTED_EDGE('',*,*,#1683,.T.);
#982=ORIENTED_EDGE('',*,*,#1515,.T.);
#983=ORIENTED_EDGE('',*,*,#1663,.T.);
#984=ORIENTED_EDGE('',*,*,#1739,.T.);
#985=ORIENTED_EDGE('',*,*,#1675,.F.);
#986=ORIENTED_EDGE('',*,*,#1740,.T.);
#987=ORIENTED_EDGE('',*,*,#1697,.T.);
#988=ORIENTED_EDGE('',*,*,#1507,.T.);
#989=ORIENTED_EDGE('',*,*,#1741,.T.);
#990=ORIENTED_EDGE('',*,*,#1742,.T.);
#991=ORIENTED_EDGE('',*,*,#1480,.T.);
#992=ORIENTED_EDGE('',*,*,#1743,.T.);
#993=ORIENTED_EDGE('',*,*,#1482,.F.);
#994=ORIENTED_EDGE('',*,*,#1744,.T.);
#995=ORIENTED_EDGE('',*,*,#1709,.T.);
#996=ORIENTED_EDGE('',*,*,#1535,.T.);
#997=ORIENTED_EDGE('',*,*,#1647,.T.);
#998=ORIENTED_EDGE('',*,*,#1745,.T.);
#999=ORIENTED_EDGE('',*,*,#1746,.T.);
#1000=ORIENTED_EDGE('',*,*,#1479,.T.);
#1001=ORIENTED_EDGE('',*,*,#1747,.T.);
#1002=ORIENTED_EDGE('',*,*,#1612,.T.);
#1003=ORIENTED_EDGE('',*,*,#1541,.T.);
#1004=ORIENTED_EDGE('',*,*,#1602,.T.);
#1005=ORIENTED_EDGE('',*,*,#1748,.T.);
#1006=ORIENTED_EDGE('',*,*,#1749,.T.);
#1007=ORIENTED_EDGE('',*,*,#1572,.T.);
#1008=ORIENTED_EDGE('',*,*,#1748,.F.);
#1009=ORIENTED_EDGE('',*,*,#1749,.F.);
#1010=ORIENTED_EDGE('',*,*,#1613,.F.);
#1011=ORIENTED_EDGE('',*,*,#1747,.F.);
#1012=ORIENTED_EDGE('',*,*,#1601,.F.);
#1013=ORIENTED_EDGE('',*,*,#1750,.T.);
#1014=ORIENTED_EDGE('',*,*,#1453,.F.);
#1015=ORIENTED_EDGE('',*,*,#1751,.T.);
#1016=ORIENTED_EDGE('',*,*,#1710,.F.);
#1017=ORIENTED_EDGE('',*,*,#1744,.F.);
#1018=ORIENTED_EDGE('',*,*,#1646,.F.);
#1019=ORIENTED_EDGE('',*,*,#1752,.T.);
#1020=ORIENTED_EDGE('',*,*,#1564,.F.);
#1021=ORIENTED_EDGE('',*,*,#1753,.T.);
#1022=ORIENTED_EDGE('',*,*,#1745,.F.);
#1023=ORIENTED_EDGE('',*,*,#1746,.F.);
#1024=ORIENTED_EDGE('',*,*,#1733,.F.);
#1025=ORIENTED_EDGE('',*,*,#1734,.F.);
#1026=ORIENTED_EDGE('',*,*,#1732,.F.);
#1027=ORIENTED_EDGE('',*,*,#1575,.F.);
#1028=ORIENTED_EDGE('',*,*,#1754,.T.);
#1029=ORIENTED_EDGE('',*,*,#1557,.F.);
#1030=ORIENTED_EDGE('',*,*,#1755,.T.);
#1031=ORIENTED_EDGE('',*,*,#1657,.F.);
#1032=ORIENTED_EDGE('',*,*,#1737,.F.);
#1033=ORIENTED_EDGE('',*,*,#1736,.F.);
#1034=ORIENTED_EDGE('',*,*,#1704,.F.);
#1035=ORIENTED_EDGE('',*,*,#1735,.F.);
#1036=ORIENTED_EDGE('',*,*,#1584,.F.);
#1037=ORIENTED_EDGE('',*,*,#1756,.T.);
#1038=ORIENTED_EDGE('',*,*,#1609,.F.);
#1039=ORIENTED_EDGE('',*,*,#1757,.T.);
#1040=ORIENTED_EDGE('',*,*,#1743,.F.);
#1041=ORIENTED_EDGE('',*,*,#1741,.F.);
#1042=ORIENTED_EDGE('',*,*,#1698,.F.);
#1043=ORIENTED_EDGE('',*,*,#1740,.F.);
#1044=ORIENTED_EDGE('',*,*,#1674,.F.);
#1045=ORIENTED_EDGE('',*,*,#1673,.F.);
#1046=ORIENTED_EDGE('',*,*,#1758,.T.);
#1047=ORIENTED_EDGE('',*,*,#1552,.F.);
#1048=ORIENTED_EDGE('',*,*,#1759,.T.);
#1049=ORIENTED_EDGE('',*,*,#1699,.F.);
#1050=ORIENTED_EDGE('',*,*,#1739,.F.);
#1051=ORIENTED_EDGE('',*,*,#1742,.F.);
#1052=ORIENTED_EDGE('',*,*,#1684,.F.);
#1053=ORIENTED_EDGE('',*,*,#1738,.F.);
#1054=ORIENTED_EDGE('',*,*,#1662,.F.);
#1055=ORIENTED_EDGE('',*,*,#1661,.F.);
#1056=ORIENTED_EDGE('',*,*,#1760,.T.);
#1057=ORIENTED_EDGE('',*,*,#1546,.F.);
#1058=ORIENTED_EDGE('',*,*,#1761,.T.);
#1059=ORIENTED_EDGE('',*,*,#1685,.F.);
#1060=ORIENTED_EDGE('',*,*,#1678,.T.);
#1061=ORIENTED_EDGE('',*,*,#1762,.T.);
#1062=ORIENTED_EDGE('',*,*,#1487,.F.);
#1063=ORIENTED_EDGE('',*,*,#1483,.T.);
#1064=ORIENTED_EDGE('',*,*,#1763,.T.);
#1065=ORIENTED_EDGE('',*,*,#1505,.T.);
#1066=ORIENTED_EDGE('',*,*,#1764,.T.);
#1067=ORIENTED_EDGE('',*,*,#1680,.F.);
#1068=ORIENTED_EDGE('',*,*,#1765,.F.);
#1069=ORIENTED_EDGE('',*,*,#1485,.F.);
#1070=ORIENTED_EDGE('',*,*,#1486,.T.);
#1071=ORIENTED_EDGE('',*,*,#1765,.T.);
#1072=ORIENTED_EDGE('',*,*,#1679,.T.);
#1073=ORIENTED_EDGE('',*,*,#1763,.F.);
#1074=ORIENTED_EDGE('',*,*,#1766,.F.);
#1075=ORIENTED_EDGE('',*,*,#1553,.F.);
#1076=ORIENTED_EDGE('',*,*,#1758,.F.);
#1077=ORIENTED_EDGE('',*,*,#1672,.F.);
#1078=ORIENTED_EDGE('',*,*,#1526,.F.);
#1079=ORIENTED_EDGE('',*,*,#1555,.F.);
#1080=ORIENTED_EDGE('',*,*,#1767,.F.);
#1081=ORIENTED_EDGE('',*,*,#1586,.F.);
#1082=ORIENTED_EDGE('',*,*,#1766,.T.);
#1083=ORIENTED_EDGE('',*,*,#1466,.F.);
#1084=ORIENTED_EDGE('',*,*,#1767,.T.);
#1085=ORIENTED_EDGE('',*,*,#1632,.F.);
#1086=ORIENTED_EDGE('',*,*,#1608,.F.);
#1087=ORIENTED_EDGE('',*,*,#1768,.T.);
#1088=ORIENTED_EDGE('',*,*,#1690,.F.);
#1089=ORIENTED_EDGE('',*,*,#1757,.F.);
#1090=ORIENTED_EDGE('',*,*,#1583,.F.);
#1091=ORIENTED_EDGE('',*,*,#1769,.T.);
#1092=ORIENTED_EDGE('',*,*,#1606,.F.);
#1093=ORIENTED_EDGE('',*,*,#1756,.F.);
#1094=ORIENTED_EDGE('',*,*,#1605,.F.);
#1095=ORIENTED_EDGE('',*,*,#1770,.T.);
#1096=ORIENTED_EDGE('',*,*,#1577,.F.);
#1097=ORIENTED_EDGE('',*,*,#1533,.F.);
#1098=ORIENTED_EDGE('',*,*,#1655,.F.);
#1099=ORIENTED_EDGE('',*,*,#1771,.T.);
#1100=ORIENTED_EDGE('',*,*,#1603,.F.);
#1101=ORIENTED_EDGE('',*,*,#1531,.F.);
#1102=ORIENTED_EDGE('',*,*,#1666,.F.);
#1103=ORIENTED_EDGE('',*,*,#1772,.T.);
#1104=ORIENTED_EDGE('',*,*,#1649,.F.);
#1105=ORIENTED_EDGE('',*,*,#1520,.F.);
#1106=ORIENTED_EDGE('',*,*,#1760,.F.);
#1107=ORIENTED_EDGE('',*,*,#1660,.F.);
#1108=ORIENTED_EDGE('',*,*,#1773,.F.);
#1109=ORIENTED_EDGE('',*,*,#1547,.F.);
#1110=ORIENTED_EDGE('',*,*,#1773,.T.);
#1111=ORIENTED_EDGE('',*,*,#1659,.F.);
#1112=ORIENTED_EDGE('',*,*,#1774,.F.);
#1113=ORIENTED_EDGE('',*,*,#1626,.F.);
#1114=ORIENTED_EDGE('',*,*,#1774,.T.);
#1115=ORIENTED_EDGE('',*,*,#1658,.F.);
#1116=ORIENTED_EDGE('',*,*,#1755,.F.);
#1117=ORIENTED_EDGE('',*,*,#1560,.F.);
#1118=ORIENTED_EDGE('',*,*,#1651,.F.);
#1119=ORIENTED_EDGE('',*,*,#1775,.T.);
#1120=ORIENTED_EDGE('',*,*,#1643,.F.);
#1121=ORIENTED_EDGE('',*,*,#1776,.F.);
#1122=ORIENTED_EDGE('',*,*,#1776,.T.);
#1123=ORIENTED_EDGE('',*,*,#1623,.F.);
#1124=ORIENTED_EDGE('',*,*,#1777,.F.);
#1125=ORIENTED_EDGE('',*,*,#1652,.F.);
#1126=ORIENTED_EDGE('',*,*,#1597,.F.);
#1127=ORIENTED_EDGE('',*,*,#1778,.T.);
#1128=ORIENTED_EDGE('',*,*,#1653,.F.);
#1129=ORIENTED_EDGE('',*,*,#1777,.T.);
#1130=ORIENTED_EDGE('',*,*,#1539,.F.);
#1131=ORIENTED_EDGE('',*,*,#1640,.F.);
#1132=ORIENTED_EDGE('',*,*,#1779,.F.);
#1133=ORIENTED_EDGE('',*,*,#1648,.F.);
#1134=ORIENTED_EDGE('',*,*,#1779,.T.);
#1135=ORIENTED_EDGE('',*,*,#1639,.F.);
#1136=ORIENTED_EDGE('',*,*,#1780,.F.);
#1137=ORIENTED_EDGE('',*,*,#1625,.F.);
#1138=ORIENTED_EDGE('',*,*,#1469,.F.);
#1139=ORIENTED_EDGE('',*,*,#1781,.T.);
#1140=ORIENTED_EDGE('',*,*,#1621,.F.);
#1141=ORIENTED_EDGE('',*,*,#1780,.T.);
#1142=ORIENTED_EDGE('',*,*,#1474,.T.);
#1143=ORIENTED_EDGE('',*,*,#1620,.F.);
#1144=ORIENTED_EDGE('',*,*,#1782,.F.);
#1145=ORIENTED_EDGE('',*,*,#1599,.F.);
#1146=ORIENTED_EDGE('',*,*,#1782,.T.);
#1147=ORIENTED_EDGE('',*,*,#1454,.F.);
#1148=ORIENTED_EDGE('',*,*,#1750,.F.);
#1149=ORIENTED_EDGE('',*,*,#1600,.F.);
#1150=ORIENTED_EDGE('',*,*,#1645,.F.);
#1151=ORIENTED_EDGE('',*,*,#1783,.T.);
#1152=ORIENTED_EDGE('',*,*,#1561,.F.);
#1153=ORIENTED_EDGE('',*,*,#1752,.F.);
#1154=ORIENTED_EDGE('',*,*,#1537,.F.);
#1155=ORIENTED_EDGE('',*,*,#1708,.F.);
#1156=ORIENTED_EDGE('',*,*,#1784,.F.);
#1157=ORIENTED_EDGE('',*,*,#1641,.F.);
#1158=ORIENTED_EDGE('',*,*,#1784,.T.);
#1159=ORIENTED_EDGE('',*,*,#1636,.F.);
#1160=ORIENTED_EDGE('',*,*,#1785,.F.);
#1161=ORIENTED_EDGE('',*,*,#1642,.F.);
#1162=ORIENTED_EDGE('',*,*,#1635,.F.);
#1163=ORIENTED_EDGE('',*,*,#1786,.T.);
#1164=ORIENTED_EDGE('',*,*,#1467,.F.);
#1165=ORIENTED_EDGE('',*,*,#1785,.T.);
#1166=ORIENTED_EDGE('',*,*,#1478,.T.);
#1167=ORIENTED_EDGE('',*,*,#1615,.F.);
#1168=ORIENTED_EDGE('',*,*,#1787,.F.);
#1169=ORIENTED_EDGE('',*,*,#1619,.F.);
#1170=ORIENTED_EDGE('',*,*,#1787,.T.);
#1171=ORIENTED_EDGE('',*,*,#1614,.F.);
#1172=ORIENTED_EDGE('',*,*,#1751,.F.);
#1173=ORIENTED_EDGE('',*,*,#1456,.F.);
#1174=ORIENTED_EDGE('',*,*,#1563,.F.);
#1175=ORIENTED_EDGE('',*,*,#1788,.T.);
#1176=ORIENTED_EDGE('',*,*,#1705,.F.);
#1177=ORIENTED_EDGE('',*,*,#1753,.F.);
#1178=ORIENTED_EDGE('',*,*,#1707,.F.);
#1179=ORIENTED_EDGE('',*,*,#1789,.T.);
#1180=ORIENTED_EDGE('',*,*,#1694,.F.);
#1181=ORIENTED_EDGE('',*,*,#1790,.F.);
#1182=ORIENTED_EDGE('',*,*,#1790,.T.);
#1183=ORIENTED_EDGE('',*,*,#1693,.F.);
#1184=ORIENTED_EDGE('',*,*,#1791,.F.);
#1185=ORIENTED_EDGE('',*,*,#1638,.F.);
#1186=ORIENTED_EDGE('',*,*,#1692,.F.);
#1187=ORIENTED_EDGE('',*,*,#1792,.T.);
#1188=ORIENTED_EDGE('',*,*,#1617,.F.);
#1189=ORIENTED_EDGE('',*,*,#1791,.T.);
#1190=ORIENTED_EDGE('',*,*,#1759,.F.);
#1191=ORIENTED_EDGE('',*,*,#1551,.F.);
#1192=ORIENTED_EDGE('',*,*,#1793,.F.);
#1193=ORIENTED_EDGE('',*,*,#1700,.F.);
#1194=ORIENTED_EDGE('',*,*,#1793,.T.);
#1195=ORIENTED_EDGE('',*,*,#1633,.F.);
#1196=ORIENTED_EDGE('',*,*,#1794,.F.);
#1197=ORIENTED_EDGE('',*,*,#1701,.F.);
#1198=ORIENTED_EDGE('',*,*,#1794,.T.);
#1199=ORIENTED_EDGE('',*,*,#1556,.F.);
#1200=ORIENTED_EDGE('',*,*,#1524,.F.);
#1201=ORIENTED_EDGE('',*,*,#1702,.F.);
#1202=ORIENTED_EDGE('',*,*,#1696,.F.);
#1203=ORIENTED_EDGE('',*,*,#1795,.T.);
#1204=ORIENTED_EDGE('',*,*,#1687,.F.);
#1205=ORIENTED_EDGE('',*,*,#1510,.F.);
#1206=ORIENTED_EDGE('',*,*,#1689,.F.);
#1207=ORIENTED_EDGE('',*,*,#1796,.T.);
#1208=ORIENTED_EDGE('',*,*,#1676,.F.);
#1209=ORIENTED_EDGE('',*,*,#1512,.F.);
#1210=ORIENTED_EDGE('',*,*,#1682,.F.);
#1211=ORIENTED_EDGE('',*,*,#1797,.T.);
#1212=ORIENTED_EDGE('',*,*,#1664,.F.);
#1213=ORIENTED_EDGE('',*,*,#1518,.F.);
#1214=ORIENTED_EDGE('',*,*,#1627,.F.);
#1215=ORIENTED_EDGE('',*,*,#1798,.T.);
#1216=ORIENTED_EDGE('',*,*,#1631,.F.);
#1217=ORIENTED_EDGE('',*,*,#1799,.F.);
#1218=ORIENTED_EDGE('',*,*,#1799,.T.);
#1219=ORIENTED_EDGE('',*,*,#1630,.F.);
#1220=ORIENTED_EDGE('',*,*,#1800,.F.);
#1221=ORIENTED_EDGE('',*,*,#1761,.F.);
#1222=ORIENTED_EDGE('',*,*,#1549,.F.);
#1223=ORIENTED_EDGE('',*,*,#1800,.T.);
#1224=ORIENTED_EDGE('',*,*,#1686,.F.);
#1225=ORIENTED_EDGE('',*,*,#1728,.F.);
#1226=ORIENTED_EDGE('',*,*,#1578,.F.);
#1227=ORIENTED_EDGE('',*,*,#1801,.F.);
#1228=ORIENTED_EDGE('',*,*,#1715,.F.);
#1229=ORIENTED_EDGE('',*,*,#1801,.T.);
#1230=ORIENTED_EDGE('',*,*,#1770,.F.);
#1231=ORIENTED_EDGE('',*,*,#1802,.F.);
#1232=ORIENTED_EDGE('',*,*,#1716,.F.);
#1233=ORIENTED_EDGE('',*,*,#1802,.T.);
#1234=ORIENTED_EDGE('',*,*,#1604,.F.);
#1235=ORIENTED_EDGE('',*,*,#1803,.F.);
#1236=ORIENTED_EDGE('',*,*,#1717,.F.);
#1237=ORIENTED_EDGE('',*,*,#1803,.T.);
#1238=ORIENTED_EDGE('',*,*,#1771,.F.);
#1239=ORIENTED_EDGE('',*,*,#1804,.F.);
#1240=ORIENTED_EDGE('',*,*,#1718,.F.);
#1241=ORIENTED_EDGE('',*,*,#1804,.T.);
#1242=ORIENTED_EDGE('',*,*,#1654,.F.);
#1243=ORIENTED_EDGE('',*,*,#1805,.F.);
#1244=ORIENTED_EDGE('',*,*,#1719,.F.);
#1245=ORIENTED_EDGE('',*,*,#1805,.T.);
#1246=ORIENTED_EDGE('',*,*,#1778,.F.);
#1247=ORIENTED_EDGE('',*,*,#1806,.F.);
#1248=ORIENTED_EDGE('',*,*,#1720,.F.);
#1249=ORIENTED_EDGE('',*,*,#1596,.F.);
#1250=ORIENTED_EDGE('',*,*,#1807,.T.);
#1251=ORIENTED_EDGE('',*,*,#1808,.F.);
#1252=ORIENTED_EDGE('',*,*,#1721,.F.);
#1253=ORIENTED_EDGE('',*,*,#1806,.T.);
#1254=ORIENTED_EDGE('',*,*,#1808,.T.);
#1255=ORIENTED_EDGE('',*,*,#1809,.T.);
#1256=ORIENTED_EDGE('',*,*,#1592,.F.);
#1257=ORIENTED_EDGE('',*,*,#1810,.T.);
#1258=ORIENTED_EDGE('',*,*,#1811,.F.);
#1259=ORIENTED_EDGE('',*,*,#1722,.F.);
#1260=ORIENTED_EDGE('',*,*,#1811,.T.);
#1261=ORIENTED_EDGE('',*,*,#1812,.T.);
#1262=ORIENTED_EDGE('',*,*,#1610,.F.);
#1263=ORIENTED_EDGE('',*,*,#1813,.F.);
#1264=ORIENTED_EDGE('',*,*,#1723,.F.);
#1265=ORIENTED_EDGE('',*,*,#1813,.T.);
#1266=ORIENTED_EDGE('',*,*,#1792,.F.);
#1267=ORIENTED_EDGE('',*,*,#1814,.F.);
#1268=ORIENTED_EDGE('',*,*,#1724,.F.);
#1269=ORIENTED_EDGE('',*,*,#1814,.T.);
#1270=ORIENTED_EDGE('',*,*,#1691,.F.);
#1271=ORIENTED_EDGE('',*,*,#1815,.F.);
#1272=ORIENTED_EDGE('',*,*,#1725,.F.);
#1273=ORIENTED_EDGE('',*,*,#1815,.T.);
#1274=ORIENTED_EDGE('',*,*,#1768,.F.);
#1275=ORIENTED_EDGE('',*,*,#1816,.F.);
#1276=ORIENTED_EDGE('',*,*,#1726,.F.);
#1277=ORIENTED_EDGE('',*,*,#1816,.T.);
#1278=ORIENTED_EDGE('',*,*,#1607,.F.);
#1279=ORIENTED_EDGE('',*,*,#1817,.F.);
#1280=ORIENTED_EDGE('',*,*,#1727,.F.);
#1281=ORIENTED_EDGE('',*,*,#1817,.T.);
#1282=ORIENTED_EDGE('',*,*,#1769,.F.);
#1283=ORIENTED_EDGE('',*,*,#1818,.F.);
#1284=ORIENTED_EDGE('',*,*,#1711,.F.);
#1285=ORIENTED_EDGE('',*,*,#1818,.T.);
#1286=ORIENTED_EDGE('',*,*,#1582,.F.);
#1287=ORIENTED_EDGE('',*,*,#1730,.F.);
#1288=ORIENTED_EDGE('',*,*,#1712,.F.);
#1289=ORIENTED_EDGE('',*,*,#1764,.F.);
#1290=ORIENTED_EDGE('',*,*,#1504,.F.);
#1291=ORIENTED_EDGE('',*,*,#1819,.F.);
#1292=ORIENTED_EDGE('',*,*,#1681,.F.);
#1293=ORIENTED_EDGE('',*,*,#1819,.T.);
#1294=ORIENTED_EDGE('',*,*,#1503,.F.);
#1295=ORIENTED_EDGE('',*,*,#1820,.F.);
#1296=ORIENTED_EDGE('',*,*,#1797,.F.);
#1297=ORIENTED_EDGE('',*,*,#1762,.F.);
#1298=ORIENTED_EDGE('',*,*,#1677,.F.);
#1299=ORIENTED_EDGE('',*,*,#1821,.F.);
#1300=ORIENTED_EDGE('',*,*,#1488,.F.);
#1301=ORIENTED_EDGE('',*,*,#1820,.T.);
#1302=ORIENTED_EDGE('',*,*,#1502,.F.);
#1303=ORIENTED_EDGE('',*,*,#1822,.F.);
#1304=ORIENTED_EDGE('',*,*,#1665,.F.);
#1305=ORIENTED_EDGE('',*,*,#1821,.T.);
#1306=ORIENTED_EDGE('',*,*,#1796,.F.);
#1307=ORIENTED_EDGE('',*,*,#1823,.F.);
#1308=ORIENTED_EDGE('',*,*,#1489,.F.);
#1309=ORIENTED_EDGE('',*,*,#1822,.T.);
#1310=ORIENTED_EDGE('',*,*,#1501,.F.);
#1311=ORIENTED_EDGE('',*,*,#1824,.F.);
#1312=ORIENTED_EDGE('',*,*,#1772,.F.);
#1313=ORIENTED_EDGE('',*,*,#1823,.T.);
#1314=ORIENTED_EDGE('',*,*,#1688,.F.);
#1315=ORIENTED_EDGE('',*,*,#1825,.F.);
#1316=ORIENTED_EDGE('',*,*,#1490,.F.);
#1317=ORIENTED_EDGE('',*,*,#1824,.T.);
#1318=ORIENTED_EDGE('',*,*,#1500,.F.);
#1319=ORIENTED_EDGE('',*,*,#1826,.F.);
#1320=ORIENTED_EDGE('',*,*,#1650,.F.);
#1321=ORIENTED_EDGE('',*,*,#1825,.T.);
#1322=ORIENTED_EDGE('',*,*,#1795,.F.);
#1323=ORIENTED_EDGE('',*,*,#1827,.F.);
#1324=ORIENTED_EDGE('',*,*,#1491,.F.);
#1325=ORIENTED_EDGE('',*,*,#1826,.T.);
#1326=ORIENTED_EDGE('',*,*,#1499,.F.);
#1327=ORIENTED_EDGE('',*,*,#1828,.F.);
#1328=ORIENTED_EDGE('',*,*,#1775,.F.);
#1329=ORIENTED_EDGE('',*,*,#1827,.T.);
#1330=ORIENTED_EDGE('',*,*,#1695,.F.);
#1331=ORIENTED_EDGE('',*,*,#1829,.F.);
#1332=ORIENTED_EDGE('',*,*,#1492,.F.);
#1333=ORIENTED_EDGE('',*,*,#1828,.T.);
#1334=ORIENTED_EDGE('',*,*,#1498,.F.);
#1335=ORIENTED_EDGE('',*,*,#1830,.F.);
#1336=ORIENTED_EDGE('',*,*,#1644,.F.);
#1337=ORIENTED_EDGE('',*,*,#1829,.T.);
#1338=ORIENTED_EDGE('',*,*,#1789,.F.);
#1339=ORIENTED_EDGE('',*,*,#1831,.F.);
#1340=ORIENTED_EDGE('',*,*,#1493,.F.);
#1341=ORIENTED_EDGE('',*,*,#1830,.T.);
#1342=ORIENTED_EDGE('',*,*,#1497,.F.);
#1343=ORIENTED_EDGE('',*,*,#1832,.F.);
#1344=ORIENTED_EDGE('',*,*,#1783,.F.);
#1345=ORIENTED_EDGE('',*,*,#1831,.T.);
#1346=ORIENTED_EDGE('',*,*,#1706,.F.);
#1347=ORIENTED_EDGE('',*,*,#1833,.F.);
#1348=ORIENTED_EDGE('',*,*,#1494,.F.);
#1349=ORIENTED_EDGE('',*,*,#1832,.T.);
#1350=ORIENTED_EDGE('',*,*,#1496,.F.);
#1351=ORIENTED_EDGE('',*,*,#1834,.F.);
#1352=ORIENTED_EDGE('',*,*,#1562,.F.);
#1353=ORIENTED_EDGE('',*,*,#1833,.T.);
#1354=ORIENTED_EDGE('',*,*,#1788,.F.);
#1355=ORIENTED_EDGE('',*,*,#1834,.T.);
#1356=ORIENTED_EDGE('',*,*,#1495,.F.);
#1357=ORIENTED_EDGE('',*,*,#1835,.T.);
#1358=ORIENTED_EDGE('',*,*,#1836,.T.);
#1359=ORIENTED_EDGE('',*,*,#1837,.T.);
#1360=ORIENTED_EDGE('',*,*,#1838,.T.);
#1361=ORIENTED_EDGE('',*,*,#1839,.F.);
#1362=ORIENTED_EDGE('',*,*,#1472,.F.);
#1363=ORIENTED_EDGE('',*,*,#1840,.F.);
#1364=ORIENTED_EDGE('',*,*,#1840,.T.);
#1365=ORIENTED_EDGE('',*,*,#1622,.F.);
#1366=ORIENTED_EDGE('',*,*,#1841,.F.);
#1367=ORIENTED_EDGE('',*,*,#1835,.F.);
#1368=ORIENTED_EDGE('',*,*,#1839,.T.);
#1369=ORIENTED_EDGE('',*,*,#1838,.F.);
#1370=ORIENTED_EDGE('',*,*,#1842,.F.);
#1371=ORIENTED_EDGE('',*,*,#1618,.F.);
#1372=ORIENTED_EDGE('',*,*,#1841,.T.);
#1373=ORIENTED_EDGE('',*,*,#1781,.F.);
#1374=ORIENTED_EDGE('',*,*,#1843,.F.);
#1375=ORIENTED_EDGE('',*,*,#1476,.F.);
#1376=ORIENTED_EDGE('',*,*,#1842,.T.);
#1377=ORIENTED_EDGE('',*,*,#1844,.F.);
#1378=ORIENTED_EDGE('',*,*,#1843,.T.);
#1379=ORIENTED_EDGE('',*,*,#1468,.F.);
#1380=ORIENTED_EDGE('',*,*,#1845,.F.);
#1381=ORIENTED_EDGE('',*,*,#1836,.F.);
#1382=ORIENTED_EDGE('',*,*,#1844,.T.);
#1383=ORIENTED_EDGE('',*,*,#1837,.F.);
#1384=ORIENTED_EDGE('',*,*,#1846,.F.);
#1385=ORIENTED_EDGE('',*,*,#1634,.F.);
#1386=ORIENTED_EDGE('',*,*,#1845,.T.);
#1387=ORIENTED_EDGE('',*,*,#1786,.F.);
#1388=ORIENTED_EDGE('',*,*,#1846,.T.);
#1389=ORIENTED_EDGE('',*,*,#1591,.T.);
#1390=ORIENTED_EDGE('',*,*,#1847,.T.);
#1391=ORIENTED_EDGE('',*,*,#1667,.T.);
#1392=ORIENTED_EDGE('',*,*,#1628,.T.);
#1393=ORIENTED_EDGE('',*,*,#1671,.F.);
#1394=ORIENTED_EDGE('',*,*,#1848,.T.);
#1395=ORIENTED_EDGE('',*,*,#1587,.F.);
#1396=ORIENTED_EDGE('',*,*,#1464,.F.);
#1397=ORIENTED_EDGE('',*,*,#1589,.F.);
#1398=ORIENTED_EDGE('',*,*,#1849,.T.);
#1399=ORIENTED_EDGE('',*,*,#1669,.F.);
#1400=ORIENTED_EDGE('',*,*,#1850,.T.);
#1401=ORIENTED_EDGE('',*,*,#1458,.F.);
#1402=ORIENTED_EDGE('',*,*,#1851,.F.);
#1403=ORIENTED_EDGE('',*,*,#1852,.T.);
#1404=ORIENTED_EDGE('',*,*,#1853,.T.);
#1405=ORIENTED_EDGE('',*,*,#1457,.F.);
#1406=ORIENTED_EDGE('',*,*,#1854,.F.);
#1407=ORIENTED_EDGE('',*,*,#1855,.T.);
#1408=ORIENTED_EDGE('',*,*,#1851,.T.);
#1409=ORIENTED_EDGE('',*,*,#1462,.T.);
#1410=ORIENTED_EDGE('',*,*,#1856,.F.);
#1411=ORIENTED_EDGE('',*,*,#1857,.F.);
#1412=ORIENTED_EDGE('',*,*,#1854,.T.);
#1413=ORIENTED_EDGE('',*,*,#1461,.T.);
#1414=ORIENTED_EDGE('',*,*,#1858,.F.);
#1415=ORIENTED_EDGE('',*,*,#1859,.F.);
#1416=ORIENTED_EDGE('',*,*,#1856,.T.);
#1417=ORIENTED_EDGE('',*,*,#1460,.T.);
#1418=ORIENTED_EDGE('',*,*,#1860,.F.);
#1419=ORIENTED_EDGE('',*,*,#1861,.F.);
#1420=ORIENTED_EDGE('',*,*,#1858,.T.);
#1421=ORIENTED_EDGE('',*,*,#1459,.T.);
#1422=ORIENTED_EDGE('',*,*,#1853,.F.);
#1423=ORIENTED_EDGE('',*,*,#1862,.F.);
#1424=ORIENTED_EDGE('',*,*,#1860,.T.);
#1425=ORIENTED_EDGE('',*,*,#1852,.F.);
#1426=ORIENTED_EDGE('',*,*,#1855,.F.);
#1427=ORIENTED_EDGE('',*,*,#1857,.T.);
#1428=ORIENTED_EDGE('',*,*,#1859,.T.);
#1429=ORIENTED_EDGE('',*,*,#1861,.T.);
#1430=ORIENTED_EDGE('',*,*,#1862,.T.);
#1431=ORIENTED_EDGE('',*,*,#1545,.F.);
#1432=ORIENTED_EDGE('',*,*,#1593,.F.);
#1433=ORIENTED_EDGE('',*,*,#1809,.F.);
#1434=ORIENTED_EDGE('',*,*,#1807,.F.);
#1435=ORIENTED_EDGE('',*,*,#1595,.F.);
#1436=ORIENTED_EDGE('',*,*,#1543,.F.);
#1437=ORIENTED_EDGE('',*,*,#1611,.F.);
#1438=ORIENTED_EDGE('',*,*,#1812,.F.);
#1439=ORIENTED_EDGE('',*,*,#1810,.F.);
#1440=ORIENTED_EDGE('',*,*,#1594,.F.);
#1441=ORIENTED_EDGE('',*,*,#1798,.F.);
#1442=ORIENTED_EDGE('',*,*,#1558,.F.);
#1443=ORIENTED_EDGE('',*,*,#1754,.F.);
#1444=ORIENTED_EDGE('',*,*,#1574,.F.);
#1445=ORIENTED_EDGE('',*,*,#1588,.F.);
#1446=ORIENTED_EDGE('',*,*,#1848,.F.);
#1447=ORIENTED_EDGE('',*,*,#1670,.F.);
#1448=ORIENTED_EDGE('',*,*,#1849,.F.);
#1449=ORIENTED_EDGE('',*,*,#1590,.F.);
#1450=ORIENTED_EDGE('',*,*,#1850,.F.);
#1451=ORIENTED_EDGE('',*,*,#1668,.F.);
#1452=ORIENTED_EDGE('',*,*,#1847,.F.);
#1453=EDGE_CURVE('',#1863,#1864,#2124,.F.);
#1454=EDGE_CURVE('',#1864,#1865,#289,.F.);
#1455=EDGE_CURVE('',#1865,#1866,#290,.F.);
#1456=EDGE_CURVE('',#1866,#1863,#291,.T.);
#1457=EDGE_CURVE('',#1867,#1868,#292,.T.);
#1458=EDGE_CURVE('',#1868,#1869,#293,.T.);
#1459=EDGE_CURVE('',#1870,#1869,#294,.T.);
#1460=EDGE_CURVE('',#1871,#1870,#295,.T.);
#1461=EDGE_CURVE('',#1872,#1871,#296,.T.);
#1462=EDGE_CURVE('',#1867,#1872,#297,.T.);
#1463=EDGE_CURVE('',#1873,#1874,#298,.F.);
#1464=EDGE_CURVE('',#1874,#1875,#2125,.T.);
#1465=EDGE_CURVE('',#1876,#1875,#299,.F.);
#1466=EDGE_CURVE('',#1876,#1873,#94,.T.);
#1467=EDGE_CURVE('',#1877,#1878,#95,.T.);
#1468=EDGE_CURVE('',#1878,#1879,#300,.T.);
#1469=EDGE_CURVE('',#1879,#1880,#96,.T.);
#1470=EDGE_CURVE('',#1880,#1877,#301,.F.);
#1471=EDGE_CURVE('',#1881,#1882,#97,.T.);
#1472=EDGE_CURVE('',#1881,#1883,#2126,.T.);
#1473=EDGE_CURVE('',#1884,#1883,#98,.T.);
#1474=EDGE_CURVE('',#1882,#1884,#2127,.T.);
#1475=EDGE_CURVE('',#1885,#1886,#99,.T.);
#1476=EDGE_CURVE('',#1885,#1887,#2128,.T.);
#1477=EDGE_CURVE('',#1888,#1887,#100,.T.);
#1478=EDGE_CURVE('',#1886,#1888,#2129,.T.);
#1479=EDGE_CURVE('',#1889,#1889,#101,.T.);
#1480=EDGE_CURVE('',#1890,#1890,#102,.T.);
#1481=EDGE_CURVE('',#1891,#1891,#2130,.T.);
#1482=EDGE_CURVE('',#1892,#1892,#103,.T.);
#1483=EDGE_CURVE('',#1893,#1894,#302,.F.);
#1484=EDGE_CURVE('',#1893,#1895,#2131,.T.);
#1485=EDGE_CURVE('',#1895,#1896,#303,.F.);
#1486=EDGE_CURVE('',#1894,#1896,#104,.T.);
#1487=EDGE_CURVE('',#1893,#1897,#304,.T.);
#1488=EDGE_CURVE('',#1897,#1898,#305,.T.);
#1489=EDGE_CURVE('',#1898,#1899,#105,.T.);
#1490=EDGE_CURVE('',#1899,#1900,#306,.T.);
#1491=EDGE_CURVE('',#1900,#1901,#106,.T.);
#1492=EDGE_CURVE('',#1901,#1902,#307,.T.);
#1493=EDGE_CURVE('',#1902,#1903,#107,.T.);
#1494=EDGE_CURVE('',#1903,#1904,#308,.T.);
#1495=EDGE_CURVE('',#1904,#1905,#108,.T.);
#1496=EDGE_CURVE('',#1905,#1906,#309,.T.);
#1497=EDGE_CURVE('',#1906,#1907,#109,.T.);
#1498=EDGE_CURVE('',#1907,#1908,#310,.T.);
#1499=EDGE_CURVE('',#1908,#1909,#110,.T.);
#1500=EDGE_CURVE('',#1909,#1910,#311,.T.);
#1501=EDGE_CURVE('',#1910,#1911,#111,.T.);
#1502=EDGE_CURVE('',#1911,#1912,#312,.T.);
#1503=EDGE_CURVE('',#1912,#1913,#112,.T.);
#1504=EDGE_CURVE('',#1913,#1914,#313,.T.);
#1505=EDGE_CURVE('',#1895,#1914,#314,.T.);
#1506=EDGE_CURVE('',#1915,#1916,#113,.T.);
#1507=EDGE_CURVE('',#1917,#1915,#114,.T.);
#1508=EDGE_CURVE('',#1918,#1917,#115,.T.);
#1509=EDGE_CURVE('',#1919,#1918,#116,.T.);
#1510=EDGE_CURVE('',#1919,#1920,#117,.T.);
#1511=EDGE_CURVE('',#1921,#1920,#118,.T.);
#1512=EDGE_CURVE('',#1921,#1922,#119,.T.);
#1513=EDGE_CURVE('',#1916,#1922,#120,.T.);
#1514=EDGE_CURVE('',#1923,#1924,#121,.T.);
#1515=EDGE_CURVE('',#1925,#1923,#122,.T.);
#1516=EDGE_CURVE('',#1926,#1925,#123,.T.);
#1517=EDGE_CURVE('',#1927,#1926,#124,.T.);
#1518=EDGE_CURVE('',#1927,#1928,#125,.T.);
#1519=EDGE_CURVE('',#1929,#1928,#126,.T.);
#1520=EDGE_CURVE('',#1929,#1930,#127,.T.);
#1521=EDGE_CURVE('',#1924,#1930,#128,.T.);
#1522=EDGE_CURVE('',#1931,#1932,#2132,.T.);
#1523=EDGE_CURVE('',#1933,#1931,#129,.T.);
#1524=EDGE_CURVE('',#1933,#1934,#130,.T.);
#1525=EDGE_CURVE('',#1935,#1934,#2133,.F.);
#1526=EDGE_CURVE('',#1935,#1936,#131,.T.);
#1527=EDGE_CURVE('',#1932,#1936,#16,.T.);
#1528=EDGE_CURVE('',#1937,#1938,#17,.T.);
#1529=EDGE_CURVE('',#1939,#1937,#2134,.T.);
#1530=EDGE_CURVE('',#1940,#1939,#132,.T.);
#1531=EDGE_CURVE('',#1940,#1941,#133,.T.);
#1532=EDGE_CURVE('',#1942,#1941,#2135,.F.);
#1533=EDGE_CURVE('',#1942,#1938,#134,.T.);
#1534=EDGE_CURVE('',#1943,#1944,#18,.T.);
#1535=EDGE_CURVE('',#1945,#1943,#2136,.T.);
#1536=EDGE_CURVE('',#1946,#1945,#19,.T.);
#1537=EDGE_CURVE('',#1946,#1947,#135,.T.);
#1538=EDGE_CURVE('',#1948,#1947,#2137,.F.);
#1539=EDGE_CURVE('',#1948,#1944,#136,.T.);
#1540=EDGE_CURVE('',#1949,#1950,#20,.T.);
#1541=EDGE_CURVE('',#1951,#1949,#2138,.T.);
#1542=EDGE_CURVE('',#1952,#1951,#21,.T.);
#1543=EDGE_CURVE('',#1952,#1953,#137,.T.);
#1544=EDGE_CURVE('',#1954,#1953,#2139,.F.);
#1545=EDGE_CURVE('',#1954,#1950,#138,.T.);
#1546=EDGE_CURVE('',#1955,#1956,#139,.T.);
#1547=EDGE_CURVE('',#1956,#1957,#315,.T.);
#1548=EDGE_CURVE('',#1958,#1957,#316,.F.);
#1549=EDGE_CURVE('',#1958,#1955,#317,.F.);
#1550=EDGE_CURVE('',#1959,#1960,#318,.F.);
#1551=EDGE_CURVE('',#1959,#1961,#319,.F.);
#1552=EDGE_CURVE('',#1961,#1962,#140,.T.);
#1553=EDGE_CURVE('',#1962,#1960,#320,.T.);
#1554=EDGE_CURVE('',#1963,#1964,#321,.F.);
#1555=EDGE_CURVE('',#1964,#1935,#322,.T.);
#1556=EDGE_CURVE('',#1934,#1963,#323,.F.);
#1557=EDGE_CURVE('',#1965,#1966,#2140,.F.);
#1558=EDGE_CURVE('',#1966,#1967,#324,.F.);
#1559=EDGE_CURVE('',#1967,#1968,#325,.F.);
#1560=EDGE_CURVE('',#1968,#1965,#326,.T.);
#1561=EDGE_CURVE('',#1969,#1970,#327,.F.);
#1562=EDGE_CURVE('',#1970,#1971,#328,.T.);
#1563=EDGE_CURVE('',#1971,#1972,#329,.T.);
#1564=EDGE_CURVE('',#1972,#1969,#2141,.F.);
#1565=EDGE_CURVE('',#1973,#1973,#141,.T.);
#1566=EDGE_CURVE('',#1974,#1974,#2142,.T.);
#1567=EDGE_CURVE('',#1975,#1976,#2143,.T.);
#1568=EDGE_CURVE('',#1976,#1977,#330,.F.);
#1569=EDGE_CURVE('',#1978,#1977,#142,.T.);
#1570=EDGE_CURVE('',#1975,#1978,#331,.F.);
#1571=EDGE_CURVE('',#1979,#1979,#143,.T.);
#1572=EDGE_CURVE('',#1980,#1980,#144,.T.);
#1573=EDGE_CURVE('',#1981,#1982,#332,.F.);
#1574=EDGE_CURVE('',#1982,#1983,#333,.T.);
#1575=EDGE_CURVE('',#1983,#1984,#22,.T.);
#1576=EDGE_CURVE('',#1937,#1984,#334,.T.);
#1577=EDGE_CURVE('',#1938,#1985,#335,.T.);
#1578=EDGE_CURVE('',#1985,#1986,#336,.T.);
#1579=EDGE_CURVE('',#1987,#1986,#337,.T.);
#1580=EDGE_CURVE('',#1988,#1987,#2144,.T.);
#1581=EDGE_CURVE('',#1988,#1989,#338,.T.);
#1582=EDGE_CURVE('',#1989,#1990,#339,.T.);
#1583=EDGE_CURVE('',#1990,#1991,#340,.F.);
#1584=EDGE_CURVE('',#1991,#1992,#23,.T.);
#1585=EDGE_CURVE('',#1932,#1992,#341,.T.);
#1586=EDGE_CURVE('',#1936,#1876,#342,.F.);
#1587=EDGE_CURVE('',#1875,#1993,#343,.T.);
#1588=EDGE_CURVE('',#1993,#1994,#24,.F.);
#1589=EDGE_CURVE('',#1994,#1995,#344,.T.);
#1590=EDGE_CURVE('',#1995,#1996,#25,.F.);
#1591=EDGE_CURVE('',#1981,#1996,#345,.T.);
#1592=EDGE_CURVE('',#1997,#1998,#346,.T.);
#1593=EDGE_CURVE('',#1998,#1954,#347,.F.);
#1594=EDGE_CURVE('',#1953,#1997,#348,.T.);
#1595=EDGE_CURVE('',#1950,#1999,#349,.T.);
#1596=EDGE_CURVE('',#1999,#2000,#350,.T.);
#1597=EDGE_CURVE('',#2000,#2001,#351,.F.);
#1598=EDGE_CURVE('',#2001,#1882,#352,.F.);
#1599=EDGE_CURVE('',#1882,#2002,#26,.T.);
#1600=EDGE_CURVE('',#2002,#2003,#353,.T.);
#1601=EDGE_CURVE('',#2003,#2004,#27,.T.);
#1602=EDGE_CURVE('',#1949,#2004,#354,.T.);
#1603=EDGE_CURVE('',#1941,#2005,#355,.T.);
#1604=EDGE_CURVE('',#2005,#2006,#356,.T.);
#1605=EDGE_CURVE('',#2006,#1942,#357,.F.);
#1606=EDGE_CURVE('',#2007,#2008,#358,.T.);
#1607=EDGE_CURVE('',#2008,#2009,#359,.T.);
#1608=EDGE_CURVE('',#2009,#2010,#360,.F.);
#1609=EDGE_CURVE('',#2010,#2007,#2145,.F.);
#1610=EDGE_CURVE('',#2011,#2012,#361,.T.);
#1611=EDGE_CURVE('',#2012,#1952,#362,.F.);
#1612=EDGE_CURVE('',#2013,#1951,#363,.T.);
#1613=EDGE_CURVE('',#2013,#2014,#28,.T.);
#1614=EDGE_CURVE('',#2014,#2015,#364,.F.);
#1615=EDGE_CURVE('',#2015,#1888,#29,.T.);
#1616=EDGE_CURVE('',#1888,#2016,#365,.F.);
#1617=EDGE_CURVE('',#2016,#2011,#366,.T.);
#1618=EDGE_CURVE('',#1883,#1885,#367,.F.);
#1619=EDGE_CURVE('',#1886,#1866,#30,.T.);
#1620=EDGE_CURVE('',#1865,#1884,#31,.T.);
#1621=EDGE_CURVE('',#2017,#2018,#145,.T.);
#1622=EDGE_CURVE('',#2018,#1881,#146,.T.);
#1623=EDGE_CURVE('',#2001,#2019,#147,.T.);
#1624=EDGE_CURVE('',#2019,#2020,#368,.F.);
#1625=EDGE_CURVE('',#2020,#2017,#148,.T.);
#1626=EDGE_CURVE('',#1957,#1968,#149,.T.);
#1627=EDGE_CURVE('',#1967,#1958,#150,.T.);
#1628=EDGE_CURVE('',#2021,#1981,#2146,.T.);
#1629=EDGE_CURVE('',#2021,#2022,#369,.F.);
#1630=EDGE_CURVE('',#2022,#2023,#32,.F.);
#1631=EDGE_CURVE('',#2023,#1982,#151,.T.);
#1632=EDGE_CURVE('',#1960,#1964,#152,.T.);
#1633=EDGE_CURVE('',#1963,#1959,#153,.T.);
#1634=EDGE_CURVE('',#1887,#2024,#154,.T.);
#1635=EDGE_CURVE('',#2024,#2025,#155,.T.);
#1636=EDGE_CURVE('',#2025,#2026,#156,.T.);
#1637=EDGE_CURVE('',#2026,#2027,#370,.F.);
#1638=EDGE_CURVE('',#2027,#2016,#157,.T.);
#1639=EDGE_CURVE('',#1880,#2028,#158,.T.);
#1640=EDGE_CURVE('',#2028,#1948,#371,.F.);
#1641=EDGE_CURVE('',#1947,#2029,#372,.T.);
#1642=EDGE_CURVE('',#2029,#1877,#159,.T.);
#1643=EDGE_CURVE('',#2019,#2030,#373,.F.);
#1644=EDGE_CURVE('',#2030,#2031,#374,.T.);
#1645=EDGE_CURVE('',#2031,#2032,#375,.T.);
#1646=EDGE_CURVE('',#2032,#2033,#33,.T.);
#1647=EDGE_CURVE('',#1943,#2033,#376,.T.);
#1648=EDGE_CURVE('',#1944,#2020,#377,.T.);
#1649=EDGE_CURVE('',#1930,#2034,#378,.F.);
#1650=EDGE_CURVE('',#2034,#2035,#379,.T.);
#1651=EDGE_CURVE('',#2035,#2036,#380,.T.);
#1652=EDGE_CURVE('',#2036,#2037,#160,.T.);
#1653=EDGE_CURVE('',#2037,#2038,#381,.T.);
#1654=EDGE_CURVE('',#2038,#2039,#382,.T.);
#1655=EDGE_CURVE('',#2039,#1940,#383,.F.);
#1656=EDGE_CURVE('',#1939,#2040,#384,.T.);
#1657=EDGE_CURVE('',#2040,#2041,#161,.T.);
#1658=EDGE_CURVE('',#2041,#2042,#385,.F.);
#1659=EDGE_CURVE('',#2042,#2043,#162,.T.);
#1660=EDGE_CURVE('',#2043,#2044,#386,.F.);
#1661=EDGE_CURVE('',#2044,#2045,#163,.T.);
#1662=EDGE_CURVE('',#2045,#2046,#164,.T.);
#1663=EDGE_CURVE('',#1923,#2046,#387,.T.);
#1664=EDGE_CURVE('',#1928,#2047,#388,.F.);
#1665=EDGE_CURVE('',#2047,#2048,#389,.T.);
#1666=EDGE_CURVE('',#2048,#1929,#390,.T.);
#1667=EDGE_CURVE('',#2049,#2021,#391,.T.);
#1668=EDGE_CURVE('',#2049,#2050,#34,.F.);
#1669=EDGE_CURVE('',#2050,#2051,#392,.T.);
#1670=EDGE_CURVE('',#2051,#2052,#35,.F.);
#1671=EDGE_CURVE('',#2052,#1874,#393,.T.);
#1672=EDGE_CURVE('',#1873,#2053,#394,.F.);
#1673=EDGE_CURVE('',#2053,#2054,#165,.T.);
#1674=EDGE_CURVE('',#2054,#2055,#166,.T.);
#1675=EDGE_CURVE('',#2055,#1915,#395,.T.);
#1676=EDGE_CURVE('',#1922,#2056,#396,.F.);
#1677=EDGE_CURVE('',#2056,#2057,#397,.T.);
#1678=EDGE_CURVE('',#2058,#2057,#398,.T.);
#1679=EDGE_CURVE('',#2059,#2058,#2147,.T.);
#1680=EDGE_CURVE('',#2059,#2060,#399,.T.);
#1681=EDGE_CURVE('',#2060,#2061,#400,.T.);
#1682=EDGE_CURVE('',#2061,#1927,#401,.T.);
#1683=EDGE_CURVE('',#2062,#1925,#402,.T.);
#1684=EDGE_CURVE('',#2062,#2063,#167,.T.);
#1685=EDGE_CURVE('',#2063,#2064,#168,.T.);
#1686=EDGE_CURVE('',#2064,#2022,#403,.T.);
#1687=EDGE_CURVE('',#1920,#2065,#404,.F.);
#1688=EDGE_CURVE('',#2065,#2066,#405,.T.);
#1689=EDGE_CURVE('',#2066,#1921,#406,.T.);
#1690=EDGE_CURVE('',#2067,#2068,#407,.T.);
#1691=EDGE_CURVE('',#2068,#2069,#408,.T.);
#1692=EDGE_CURVE('',#2069,#2070,#409,.F.);
#1693=EDGE_CURVE('',#2070,#2071,#169,.T.);
#1694=EDGE_CURVE('',#2071,#2072,#410,.F.);
#1695=EDGE_CURVE('',#2072,#2073,#411,.T.);
#1696=EDGE_CURVE('',#2073,#1919,#412,.T.);
#1697=EDGE_CURVE('',#2074,#1917,#413,.T.);
#1698=EDGE_CURVE('',#2074,#2075,#170,.T.);
#1699=EDGE_CURVE('',#2075,#2076,#171,.T.);
#1700=EDGE_CURVE('',#2076,#2077,#414,.T.);
#1701=EDGE_CURVE('',#2077,#2078,#172,.T.);
#1702=EDGE_CURVE('',#2078,#1933,#415,.T.);
#1703=EDGE_CURVE('',#1931,#2079,#416,.T.);
#1704=EDGE_CURVE('',#2079,#2067,#173,.T.);
#1705=EDGE_CURVE('',#2080,#2081,#417,.F.);
#1706=EDGE_CURVE('',#2081,#2082,#418,.T.);
#1707=EDGE_CURVE('',#2082,#2027,#419,.T.);
#1708=EDGE_CURVE('',#2026,#1946,#420,.F.);
#1709=EDGE_CURVE('',#2083,#1945,#421,.T.);
#1710=EDGE_CURVE('',#2083,#2080,#36,.T.);
#1711=EDGE_CURVE('',#2084,#2085,#174,.T.);
#1712=EDGE_CURVE('',#2085,#2086,#422,.T.);
#1713=EDGE_CURVE('',#1976,#2086,#423,.T.);
#1714=EDGE_CURVE('',#1975,#2087,#424,.F.);
#1715=EDGE_CURVE('',#2087,#2088,#425,.T.);
#1716=EDGE_CURVE('',#2088,#2089,#175,.T.);
#1717=EDGE_CURVE('',#2089,#2090,#426,.T.);
#1718=EDGE_CURVE('',#2090,#2091,#176,.T.);
#1719=EDGE_CURVE('',#2091,#2092,#427,.T.);
#1720=EDGE_CURVE('',#2092,#2093,#177,.T.);
#1721=EDGE_CURVE('',#2093,#2094,#428,.T.);
#1722=EDGE_CURVE('',#2094,#2095,#429,.T.);
#1723=EDGE_CURVE('',#2095,#2096,#430,.T.);
#1724=EDGE_CURVE('',#2096,#2097,#178,.T.);
#1725=EDGE_CURVE('',#2097,#2098,#431,.T.);
#1726=EDGE_CURVE('',#2098,#2099,#179,.T.);
#1727=EDGE_CURVE('',#2099,#2084,#432,.T.);
#1728=EDGE_CURVE('',#1986,#2087,#433,.T.);
#1729=EDGE_CURVE('',#1978,#1987,#434,.T.);
#1730=EDGE_CURVE('',#2086,#1989,#435,.T.);
#1731=EDGE_CURVE('',#1977,#1988,#436,.T.);
#1732=EDGE_CURVE('',#1984,#2040,#2148,.T.);
#1733=EDGE_CURVE('',#2100,#2100,#2149,.F.);
#1734=EDGE_CURVE('',#2101,#2101,#2150,.T.);
#1735=EDGE_CURVE('',#1992,#2079,#2151,.T.);
#1736=EDGE_CURVE('',#2102,#2102,#2152,.F.);
#1737=EDGE_CURVE('',#2103,#2103,#2153,.T.);
#1738=EDGE_CURVE('',#2046,#2062,#180,.T.);
#1739=EDGE_CURVE('',#2104,#2104,#2154,.F.);
#1740=EDGE_CURVE('',#2055,#2074,#181,.T.);
#1741=EDGE_CURVE('',#2105,#2105,#2155,.F.);
#1742=EDGE_CURVE('',#2106,#2106,#2156,.T.);
#1743=EDGE_CURVE('',#2107,#2107,#2157,.T.);
#1744=EDGE_CURVE('',#2033,#2083,#2158,.T.);
#1745=EDGE_CURVE('',#2108,#2108,#2159,.F.);
#1746=EDGE_CURVE('',#2109,#2109,#2160,.T.);
#1747=EDGE_CURVE('',#2004,#2013,#2161,.T.);
#1748=EDGE_CURVE('',#2110,#2110,#2162,.F.);
#1749=EDGE_CURVE('',#2111,#2111,#2163,.T.);
#1750=EDGE_CURVE('',#2003,#1864,#182,.T.);
#1751=EDGE_CURVE('',#1863,#2014,#183,.T.);
#1752=EDGE_CURVE('',#2032,#1969,#184,.T.);
#1753=EDGE_CURVE('',#1972,#2080,#185,.T.);
#1754=EDGE_CURVE('',#1983,#1966,#186,.T.);
#1755=EDGE_CURVE('',#1965,#2041,#187,.T.);
#1756=EDGE_CURVE('',#1991,#2007,#188,.T.);
#1757=EDGE_CURVE('',#2010,#2067,#189,.T.);
#1758=EDGE_CURVE('',#2053,#1962,#190,.T.);
#1759=EDGE_CURVE('',#1961,#2076,#191,.T.);
#1760=EDGE_CURVE('',#2044,#1956,#192,.T.);
#1761=EDGE_CURVE('',#1955,#2064,#193,.T.);
#1762=EDGE_CURVE('',#2057,#1897,#437,.F.);
#1763=EDGE_CURVE('',#1894,#2058,#438,.T.);
#1764=EDGE_CURVE('',#1914,#2060,#439,.F.);
#1765=EDGE_CURVE('',#1896,#2059,#440,.T.);
#1766=EDGE_CURVE('',#1960,#1873,#194,.T.);
#1767=EDGE_CURVE('',#1876,#1964,#195,.T.);
#1768=EDGE_CURVE('',#2009,#2068,#196,.T.);
#1769=EDGE_CURVE('',#1990,#2008,#197,.T.);
#1770=EDGE_CURVE('',#2006,#1985,#198,.T.);
#1771=EDGE_CURVE('',#2039,#2005,#199,.T.);
#1772=EDGE_CURVE('',#2048,#2034,#200,.T.);
#1773=EDGE_CURVE('',#1957,#2043,#2164,.T.);
#1774=EDGE_CURVE('',#1968,#2042,#2165,.T.);
#1775=EDGE_CURVE('',#2035,#2030,#201,.T.);
#1776=EDGE_CURVE('',#2036,#2019,#2166,.T.);
#1777=EDGE_CURVE('',#2037,#2001,#2167,.T.);
#1778=EDGE_CURVE('',#2000,#2038,#202,.T.);
#1779=EDGE_CURVE('',#2020,#2028,#2168,.T.);
#1780=EDGE_CURVE('',#2017,#1880,#2169,.T.);
#1781=EDGE_CURVE('',#1879,#2018,#2170,.F.);
#1782=EDGE_CURVE('',#2002,#1865,#2171,.T.);
#1783=EDGE_CURVE('',#2031,#1970,#203,.T.);
#1784=EDGE_CURVE('',#2029,#2026,#2172,.T.);
#1785=EDGE_CURVE('',#1877,#2025,#2173,.T.);
#1786=EDGE_CURVE('',#2024,#1878,#2174,.F.);
#1787=EDGE_CURVE('',#1866,#2015,#2175,.T.);
#1788=EDGE_CURVE('',#1971,#2081,#204,.T.);
#1789=EDGE_CURVE('',#2082,#2072,#205,.T.);
#1790=EDGE_CURVE('',#2027,#2071,#2176,.T.);
#1791=EDGE_CURVE('',#2016,#2070,#2177,.T.);
#1792=EDGE_CURVE('',#2069,#2011,#206,.T.);
#1793=EDGE_CURVE('',#2077,#1959,#2178,.T.);
#1794=EDGE_CURVE('',#2078,#1963,#2179,.T.);
#1795=EDGE_CURVE('',#2073,#2065,#207,.T.);
#1796=EDGE_CURVE('',#2066,#2056,#208,.T.);
#1797=EDGE_CURVE('',#2061,#2047,#209,.T.);
#1798=EDGE_CURVE('',#1967,#1982,#210,.T.);
#1799=EDGE_CURVE('',#1958,#2023,#211,.F.);
#1800=EDGE_CURVE('',#1958,#2022,#212,.F.);
#1801=EDGE_CURVE('',#2088,#1985,#213,.F.);
#1802=EDGE_CURVE('',#2089,#2006,#214,.T.);
#1803=EDGE_CURVE('',#2090,#2005,#215,.F.);
#1804=EDGE_CURVE('',#2091,#2039,#216,.T.);
#1805=EDGE_CURVE('',#2092,#2038,#217,.F.);
#1806=EDGE_CURVE('',#2093,#2000,#218,.T.);
#1807=EDGE_CURVE('',#1999,#2112,#37,.T.);
#1808=EDGE_CURVE('',#2094,#2112,#441,.T.);
#1809=EDGE_CURVE('',#2112,#1998,#38,.T.);
#1810=EDGE_CURVE('',#1997,#2113,#39,.T.);
#1811=EDGE_CURVE('',#2095,#2113,#442,.F.);
#1812=EDGE_CURVE('',#2113,#2012,#40,.T.);
#1813=EDGE_CURVE('',#2096,#2011,#219,.F.);
#1814=EDGE_CURVE('',#2097,#2069,#220,.T.);
#1815=EDGE_CURVE('',#2098,#2068,#221,.F.);
#1816=EDGE_CURVE('',#2099,#2009,#222,.T.);
#1817=EDGE_CURVE('',#2084,#2008,#223,.F.);
#1818=EDGE_CURVE('',#2085,#1990,#224,.T.);
#1819=EDGE_CURVE('',#2061,#1913,#225,.F.);
#1820=EDGE_CURVE('',#2047,#1912,#226,.T.);
#1821=EDGE_CURVE('',#1898,#2056,#227,.F.);
#1822=EDGE_CURVE('',#2048,#1911,#228,.F.);
#1823=EDGE_CURVE('',#1899,#2066,#229,.T.);
#1824=EDGE_CURVE('',#2034,#1910,#230,.T.);
#1825=EDGE_CURVE('',#1900,#2065,#231,.F.);
#1826=EDGE_CURVE('',#2035,#1909,#232,.F.);
#1827=EDGE_CURVE('',#1901,#2073,#233,.T.);
#1828=EDGE_CURVE('',#2030,#1908,#234,.T.);
#1829=EDGE_CURVE('',#1902,#2072,#235,.F.);
#1830=EDGE_CURVE('',#2031,#1907,#236,.F.);
#1831=EDGE_CURVE('',#1903,#2082,#237,.T.);
#1832=EDGE_CURVE('',#1970,#1906,#238,.T.);
#1833=EDGE_CURVE('',#1904,#2081,#239,.F.);
#1834=EDGE_CURVE('',#1971,#1905,#240,.F.);
#1835=EDGE_CURVE('',#2114,#2115,#241,.T.);
#1836=EDGE_CURVE('',#2115,#2116,#443,.T.);
#1837=EDGE_CURVE('',#2116,#2117,#242,.T.);
#1838=EDGE_CURVE('',#2117,#2114,#444,.F.);
#1839=EDGE_CURVE('',#1883,#2114,#2180,.T.);
#1840=EDGE_CURVE('',#2114,#1881,#2181,.T.);
#1841=EDGE_CURVE('',#2115,#2018,#2182,.T.);
#1842=EDGE_CURVE('',#1885,#2117,#2183,.T.);
#1843=EDGE_CURVE('',#2115,#1879,#2184,.T.);
#1844=EDGE_CURVE('',#1887,#2117,#2185,.T.);
#1845=EDGE_CURVE('',#2116,#1878,#2186,.T.);
#1846=EDGE_CURVE('',#2024,#2116,#2187,.T.);
#1847=EDGE_CURVE('',#1996,#2049,#445,.T.);
#1848=EDGE_CURVE('',#2052,#1993,#446,.F.);
#1849=EDGE_CURVE('',#1994,#2051,#447,.T.);
#1850=EDGE_CURVE('',#2050,#1995,#448,.F.);
#1851=EDGE_CURVE('',#2118,#1868,#449,.T.);
#1852=EDGE_CURVE('',#2118,#2119,#450,.T.);
#1853=EDGE_CURVE('',#2119,#1869,#451,.T.);
#1854=EDGE_CURVE('',#2120,#1867,#452,.T.);
#1855=EDGE_CURVE('',#2120,#2118,#453,.T.);
#1856=EDGE_CURVE('',#2121,#1872,#454,.T.);
#1857=EDGE_CURVE('',#2120,#2121,#455,.T.);
#1858=EDGE_CURVE('',#2122,#1871,#456,.T.);
#1859=EDGE_CURVE('',#2121,#2122,#457,.T.);
#1860=EDGE_CURVE('',#2123,#1870,#458,.T.);
#1861=EDGE_CURVE('',#2122,#2123,#459,.T.);
#1862=EDGE_CURVE('',#2123,#2119,#460,.T.);
#1863=VERTEX_POINT('',#4804);
#1864=VERTEX_POINT('',#4805);
#1865=VERTEX_POINT('',#4807);
#1866=VERTEX_POINT('',#4809);
#1867=VERTEX_POINT('',#4812);
#1868=VERTEX_POINT('',#4813);
#1869=VERTEX_POINT('',#4815);
#1870=VERTEX_POINT('',#4817);
#1871=VERTEX_POINT('',#4819);
#1872=VERTEX_POINT('',#4821);
#1873=VERTEX_POINT('',#4825);
#1874=VERTEX_POINT('',#4826);
#1875=VERTEX_POINT('',#4828);
#1876=VERTEX_POINT('',#4830);
#1877=VERTEX_POINT('',#4841);
#1878=VERTEX_POINT('',#4842);
#1879=VERTEX_POINT('',#4844);
#1880=VERTEX_POINT('',#4849);
#1881=VERTEX_POINT('',#4867);
#1882=VERTEX_POINT('',#4868);
#1883=VERTEX_POINT('',#4870);
#1884=VERTEX_POINT('',#4875);
#1885=VERTEX_POINT('',#4893);
#1886=VERTEX_POINT('',#4894);
#1887=VERTEX_POINT('',#4896);
#1888=VERTEX_POINT('',#4901);
#1889=VERTEX_POINT('',#4915);
#1890=VERTEX_POINT('',#4927);
#1891=VERTEX_POINT('',#4929);
#1892=VERTEX_POINT('',#4941);
#1893=VERTEX_POINT('',#4943);
#1894=VERTEX_POINT('',#4944);
#1895=VERTEX_POINT('',#4946);
#1896=VERTEX_POINT('',#4948);
#1897=VERTEX_POINT('',#4962);
#1898=VERTEX_POINT('',#4964);
#1899=VERTEX_POINT('',#4969);
#1900=VERTEX_POINT('',#4971);
#1901=VERTEX_POINT('',#4976);
#1902=VERTEX_POINT('',#4978);
#1903=VERTEX_POINT('',#4983);
#1904=VERTEX_POINT('',#4985);
#1905=VERTEX_POINT('',#4990);
#1906=VERTEX_POINT('',#4992);
#1907=VERTEX_POINT('',#4997);
#1908=VERTEX_POINT('',#4999);
#1909=VERTEX_POINT('',#5004);
#1910=VERTEX_POINT('',#5006);
#1911=VERTEX_POINT('',#5011);
#1912=VERTEX_POINT('',#5013);
#1913=VERTEX_POINT('',#5018);
#1914=VERTEX_POINT('',#5020);
#1915=VERTEX_POINT('',#5196);
#1916=VERTEX_POINT('',#5197);
#1917=VERTEX_POINT('',#5205);
#1918=VERTEX_POINT('',#5210);
#1919=VERTEX_POINT('',#5215);
#1920=VERTEX_POINT('',#5223);
#1921=VERTEX_POINT('',#5229);
#1922=VERTEX_POINT('',#5237);
#1923=VERTEX_POINT('',#5416);
#1924=VERTEX_POINT('',#5417);
#1925=VERTEX_POINT('',#5425);
#1926=VERTEX_POINT('',#5430);
#1927=VERTEX_POINT('',#5435);
#1928=VERTEX_POINT('',#5443);
#1929=VERTEX_POINT('',#5449);
#1930=VERTEX_POINT('',#5456);
#1931=VERTEX_POINT('',#5463);
#1932=VERTEX_POINT('',#5464);
#1933=VERTEX_POINT('',#5469);
#1934=VERTEX_POINT('',#5477);
#1935=VERTEX_POINT('',#5479);
#1936=VERTEX_POINT('',#5487);
#1937=VERTEX_POINT('',#5491);
#1938=VERTEX_POINT('',#5492);
#1939=VERTEX_POINT('',#5494);
#1940=VERTEX_POINT('',#5499);
#1941=VERTEX_POINT('',#5507);
#1942=VERTEX_POINT('',#5509);
#1943=VERTEX_POINT('',#5519);
#1944=VERTEX_POINT('',#5520);
#1945=VERTEX_POINT('',#5522);
#1946=VERTEX_POINT('',#5524);
#1947=VERTEX_POINT('',#5532);
#1948=VERTEX_POINT('',#5534);
#1949=VERTEX_POINT('',#5544);
#1950=VERTEX_POINT('',#5545);
#1951=VERTEX_POINT('',#5547);
#1952=VERTEX_POINT('',#5549);
#1953=VERTEX_POINT('',#5557);
#1954=VERTEX_POINT('',#5559);
#1955=VERTEX_POINT('',#5573);
#1956=VERTEX_POINT('',#5574);
#1957=VERTEX_POINT('',#5576);
#1958=VERTEX_POINT('',#5578);
#1959=VERTEX_POINT('',#5582);
#1960=VERTEX_POINT('',#5583);
#1961=VERTEX_POINT('',#5585);
#1962=VERTEX_POINT('',#5591);
#1963=VERTEX_POINT('',#5595);
#1964=VERTEX_POINT('',#5596);
#1965=VERTEX_POINT('',#5601);
#1966=VERTEX_POINT('',#5602);
#1967=VERTEX_POINT('',#5604);
#1968=VERTEX_POINT('',#5606);
#1969=VERTEX_POINT('',#5610);
#1970=VERTEX_POINT('',#5611);
#1971=VERTEX_POINT('',#5613);
#1972=VERTEX_POINT('',#5615);
#1973=VERTEX_POINT('',#5629);
#1974=VERTEX_POINT('',#5631);
#1975=VERTEX_POINT('',#5633);
#1976=VERTEX_POINT('',#5634);
#1977=VERTEX_POINT('',#5636);
#1978=VERTEX_POINT('',#5648);
#1979=VERTEX_POINT('',#5661);
#1980=VERTEX_POINT('',#5673);
#1981=VERTEX_POINT('',#5676);
#1982=VERTEX_POINT('',#5677);
#1983=VERTEX_POINT('',#5679);
#1984=VERTEX_POINT('',#5681);
#1985=VERTEX_POINT('',#5684);
#1986=VERTEX_POINT('',#5686);
#1987=VERTEX_POINT('',#5688);
#1988=VERTEX_POINT('',#5690);
#1989=VERTEX_POINT('',#5692);
#1990=VERTEX_POINT('',#5694);
#1991=VERTEX_POINT('',#5696);
#1992=VERTEX_POINT('',#5698);
#1993=VERTEX_POINT('',#5702);
#1994=VERTEX_POINT('',#5704);
#1995=VERTEX_POINT('',#5706);
#1996=VERTEX_POINT('',#5708);
#1997=VERTEX_POINT('',#5712);
#1998=VERTEX_POINT('',#5713);
#1999=VERTEX_POINT('',#5718);
#2000=VERTEX_POINT('',#5720);
#2001=VERTEX_POINT('',#5722);
#2002=VERTEX_POINT('',#5725);
#2003=VERTEX_POINT('',#5727);
#2004=VERTEX_POINT('',#5729);
#2005=VERTEX_POINT('',#5733);
#2006=VERTEX_POINT('',#5735);
#2007=VERTEX_POINT('',#5739);
#2008=VERTEX_POINT('',#5740);
#2009=VERTEX_POINT('',#5742);
#2010=VERTEX_POINT('',#5744);
#2011=VERTEX_POINT('',#5748);
#2012=VERTEX_POINT('',#5749);
#2013=VERTEX_POINT('',#5752);
#2014=VERTEX_POINT('',#5754);
#2015=VERTEX_POINT('',#5756);
#2016=VERTEX_POINT('',#5759);
#2017=VERTEX_POINT('',#5777);
#2018=VERTEX_POINT('',#5778);
#2019=VERTEX_POINT('',#5799);
#2020=VERTEX_POINT('',#5801);
#2021=VERTEX_POINT('',#5830);
#2022=VERTEX_POINT('',#5832);
#2023=VERTEX_POINT('',#5834);
#2024=VERTEX_POINT('',#5878);
#2025=VERTEX_POINT('',#5883);
#2026=VERTEX_POINT('',#5888);
#2027=VERTEX_POINT('',#5890);
#2028=VERTEX_POINT('',#5910);
#2029=VERTEX_POINT('',#5913);
#2030=VERTEX_POINT('',#5920);
#2031=VERTEX_POINT('',#5922);
#2032=VERTEX_POINT('',#5924);
#2033=VERTEX_POINT('',#5926);
#2034=VERTEX_POINT('',#5931);
#2035=VERTEX_POINT('',#5933);
#2036=VERTEX_POINT('',#5935);
#2037=VERTEX_POINT('',#5947);
#2038=VERTEX_POINT('',#5949);
#2039=VERTEX_POINT('',#5951);
#2040=VERTEX_POINT('',#5954);
#2041=VERTEX_POINT('',#5959);
#2042=VERTEX_POINT('',#5961);
#2043=VERTEX_POINT('',#5973);
#2044=VERTEX_POINT('',#5975);
#2045=VERTEX_POINT('',#5980);
#2046=VERTEX_POINT('',#5985);
#2047=VERTEX_POINT('',#5989);
#2048=VERTEX_POINT('',#5991);
#2049=VERTEX_POINT('',#5995);
#2050=VERTEX_POINT('',#5997);
#2051=VERTEX_POINT('',#5999);
#2052=VERTEX_POINT('',#6001);
#2053=VERTEX_POINT('',#6004);
#2054=VERTEX_POINT('',#6009);
#2055=VERTEX_POINT('',#6014);
#2056=VERTEX_POINT('',#6017);
#2057=VERTEX_POINT('',#6019);
#2058=VERTEX_POINT('',#6021);
#2059=VERTEX_POINT('',#6023);
#2060=VERTEX_POINT('',#6025);
#2061=VERTEX_POINT('',#6027);
#2062=VERTEX_POINT('',#6030);
#2063=VERTEX_POINT('',#6035);
#2064=VERTEX_POINT('',#6040);
#2065=VERTEX_POINT('',#6044);
#2066=VERTEX_POINT('',#6046);
#2067=VERTEX_POINT('',#6050);
#2068=VERTEX_POINT('',#6051);
#2069=VERTEX_POINT('',#6053);
#2070=VERTEX_POINT('',#6055);
#2071=VERTEX_POINT('',#6067);
#2072=VERTEX_POINT('',#6069);
#2073=VERTEX_POINT('',#6071);
#2074=VERTEX_POINT('',#6074);
#2075=VERTEX_POINT('',#6079);
#2076=VERTEX_POINT('',#6084);
#2077=VERTEX_POINT('',#6086);
#2078=VERTEX_POINT('',#6097);
#2079=VERTEX_POINT('',#6100);
#2080=VERTEX_POINT('',#6107);
#2081=VERTEX_POINT('',#6108);
#2082=VERTEX_POINT('',#6110);
#2083=VERTEX_POINT('',#6114);
#2084=VERTEX_POINT('',#6121);
#2085=VERTEX_POINT('',#6122);
#2086=VERTEX_POINT('',#6124);
#2087=VERTEX_POINT('',#6127);
#2088=VERTEX_POINT('',#6129);
#2089=VERTEX_POINT('',#6134);
#2090=VERTEX_POINT('',#6136);
#2091=VERTEX_POINT('',#6141);
#2092=VERTEX_POINT('',#6143);
#2093=VERTEX_POINT('',#6148);
#2094=VERTEX_POINT('',#6150);
#2095=VERTEX_POINT('',#6152);
#2096=VERTEX_POINT('',#6154);
#2097=VERTEX_POINT('',#6159);
#2098=VERTEX_POINT('',#6161);
#2099=VERTEX_POINT('',#6166);
#2100=VERTEX_POINT('',#6180);
#2101=VERTEX_POINT('',#6183);
#2102=VERTEX_POINT('',#6187);
#2103=VERTEX_POINT('',#6190);
#2104=VERTEX_POINT('',#6200);
#2105=VERTEX_POINT('',#6210);
#2106=VERTEX_POINT('',#6213);
#2107=VERTEX_POINT('',#6216);
#2108=VERTEX_POINT('',#6220);
#2109=VERTEX_POINT('',#6223);
#2110=VERTEX_POINT('',#6227);
#2111=VERTEX_POINT('',#6230);
#2112=VERTEX_POINT('',#7388);
#2113=VERTEX_POINT('',#7393);
#2114=VERTEX_POINT('',#7595);
#2115=VERTEX_POINT('',#7596);
#2116=VERTEX_POINT('',#7598);
#2117=VERTEX_POINT('',#7608);
#2118=VERTEX_POINT('',#7687);
#2119=VERTEX_POINT('',#7689);
#2120=VERTEX_POINT('',#7693);
#2121=VERTEX_POINT('',#7697);
#2122=VERTEX_POINT('',#7701);
#2123=VERTEX_POINT('',#7705);
#2124=CIRCLE('',#3980,0.00700287251835596);
#2125=CIRCLE('',#3982,0.00585690734116194);
#2126=CIRCLE('',#3984,0.005);
#2127=CIRCLE('',#3985,0.005);
#2128=CIRCLE('',#3986,0.005);
#2129=CIRCLE('',#3987,0.005);
#2130=CIRCLE('',#3989,0.01145);
#2131=CIRCLE('',#3990,0.01145);
#2132=CIRCLE('',#3993,0.00500287251835591);
#2133=CIRCLE('',#3994,0.00700287251835595);
#2134=CIRCLE('',#3998,0.00500287251835594);
#2135=CIRCLE('',#3999,0.00700287251835596);
#2136=CIRCLE('',#4002,0.00500287251835591);
#2137=CIRCLE('',#4004,0.00700287251835596);
#2138=CIRCLE('',#4007,0.00500287251835595);
#2139=CIRCLE('',#4009,0.00700287251835596);
#2140=CIRCLE('',#4014,0.00700287251835596);
#2141=CIRCLE('',#4016,0.00700287251835596);
#2142=CIRCLE('',#4018,0.01145);
#2143=CIRCLE('',#4019,0.01145);
#2144=CIRCLE('',#4022,0.003);
#2145=CIRCLE('',#4032,0.00700287251835595);
#2146=CIRCLE('',#4040,0.00585690734116194);
#2147=CIRCLE('',#4050,0.003);
#2148=CIRCLE('',#4062,0.00500287251835594);
#2149=CIRCLE('',#4063,0.00400287251835595);
#2150=CIRCLE('',#4065,0.002);
#2151=CIRCLE('',#4067,0.00500287251835591);
#2152=CIRCLE('',#4068,0.00400287251835595);
#2153=CIRCLE('',#4070,0.002);
#2154=CIRCLE('',#4072,0.00400287251835595);
#2155=CIRCLE('',#4074,0.00400287251835596);
#2156=CIRCLE('',#4076,0.002);
#2157=CIRCLE('',#4078,0.002);
#2158=CIRCLE('',#4080,0.00500287251835591);
#2159=CIRCLE('',#4081,0.00400287251835595);
#2160=CIRCLE('',#4083,0.002);
#2161=CIRCLE('',#4085,0.00500287251835595);
#2162=CIRCLE('',#4086,0.00400287251835595);
#2163=CIRCLE('',#4088,0.002);
#2164=CIRCLE('',#4110,0.005);
#2165=CIRCLE('',#4111,0.005);
#2166=CIRCLE('',#4114,0.005);
#2167=CIRCLE('',#4115,0.005);
#2168=CIRCLE('',#4118,0.005);
#2169=CIRCLE('',#4119,0.005);
#2170=CIRCLE('',#4120,0.005);
#2171=CIRCLE('',#4121,0.005);
#2172=CIRCLE('',#4125,0.005);
#2173=CIRCLE('',#4126,0.005);
#2174=CIRCLE('',#4127,0.005);
#2175=CIRCLE('',#4128,0.005);
#2176=CIRCLE('',#4132,0.005);
#2177=CIRCLE('',#4133,0.005);
#2178=CIRCLE('',#4136,0.005);
#2179=CIRCLE('',#4137,0.005);
#2180=CIRCLE('',#4167,0.005);
#2181=CIRCLE('',#4168,0.005);
#2182=CIRCLE('',#4169,0.005);
#2183=CIRCLE('',#4171,0.005);
#2184=CIRCLE('',#4173,0.005);
#2185=CIRCLE('',#4175,0.005);
#2186=CIRCLE('',#4177,0.005);
#2187=CIRCLE('',#4178,0.005);
#2188=EDGE_LOOP('',(#633,#634,#635,#636));
#2189=EDGE_LOOP('',(#637,#638,#639,#640,#641,#642));
#2190=EDGE_LOOP('',(#643,#644,#645,#646));
#2191=EDGE_LOOP('',(#647,#648,#649,#650));
#2192=EDGE_LOOP('',(#651,#652,#653,#654));
#2193=EDGE_LOOP('',(#655,#656,#657,#658));
#2194=EDGE_LOOP('',(#659));
#2195=EDGE_LOOP('',(#660));
#2196=EDGE_LOOP('',(#661));
#2197=EDGE_LOOP('',(#662));
#2198=EDGE_LOOP('',(#663,#664,#665,#666));
#2199=EDGE_LOOP('',(#667,#668,#669,#670,#671,#672,#673,#674,#675,#676,#677,
#678,#679,#680,#681,#682,#683,#684,#685,#686));
#2200=EDGE_LOOP('',(#687,#688,#689,#690,#691,#692,#693,#694));
#2201=EDGE_LOOP('',(#695,#696,#697,#698,#699,#700,#701,#702));
#2202=EDGE_LOOP('',(#703,#704,#705,#706,#707,#708));
#2203=EDGE_LOOP('',(#709,#710,#711,#712,#713,#714));
#2204=EDGE_LOOP('',(#715,#716,#717,#718,#719,#720));
#2205=EDGE_LOOP('',(#721,#722,#723,#724,#725,#726));
#2206=EDGE_LOOP('',(#727,#728,#729,#730));
#2207=EDGE_LOOP('',(#731,#732,#733,#734));
#2208=EDGE_LOOP('',(#735,#736,#737,#738));
#2209=EDGE_LOOP('',(#739,#740,#741,#742));
#2210=EDGE_LOOP('',(#743,#744,#745,#746));
#2211=EDGE_LOOP('',(#747));
#2212=EDGE_LOOP('',(#748));
#2213=EDGE_LOOP('',(#749,#750,#751,#752));
#2214=EDGE_LOOP('',(#753));
#2215=EDGE_LOOP('',(#754));
#2216=EDGE_LOOP('',(#755,#756,#757,#758,#759,#760,#761,#762,#763,#764,#765,
#766,#767,#768,#769,#770,#771,#772,#773,#774,#775,#776));
#2217=EDGE_LOOP('',(#777,#778,#779,#780));
#2218=EDGE_LOOP('',(#781,#782,#783,#784,#785,#786,#787,#788,#789));
#2219=EDGE_LOOP('',(#790,#791,#792,#793));
#2220=EDGE_LOOP('',(#794,#795,#796,#797));
#2221=EDGE_LOOP('',(#798,#799,#800,#801,#802,#803,#804,#805,#806));
#2222=EDGE_LOOP('',(#807,#808,#809,#810,#811,#812));
#2223=EDGE_LOOP('',(#813,#814,#815,#816,#817,#818,#819));
#2224=EDGE_LOOP('',(#820,#821,#822,#823));
#2225=EDGE_LOOP('',(#824,#825,#826,#827,#828));
#2226=EDGE_LOOP('',(#829,#830,#831,#832));
#2227=EDGE_LOOP('',(#833,#834,#835,#836,#837,#838,#839));
#2228=EDGE_LOOP('',(#840,#841,#842,#843,#844,#845));
#2229=EDGE_LOOP('',(#846,#847,#848,#849,#850,#851,#852,#853));
#2230=EDGE_LOOP('',(#854,#855,#856,#857,#858,#859,#860,#861,#862,#863,#864,
#865,#866,#867,#868,#869,#870,#871));
#2231=EDGE_LOOP('',(#872,#873,#874,#875));
#2232=EDGE_LOOP('',(#876,#877,#878,#879,#880,#881,#882,#883,#884,#885,#886,
#887,#888,#889,#890,#891,#892,#893,#894,#895,#896,#897,#898,#899,#900,#901));
#2233=EDGE_LOOP('',(#902,#903,#904,#905));
#2234=EDGE_LOOP('',(#906,#907,#908,#909,#910,#911,#912,#913,#914,#915,#916,
#917,#918,#919,#920,#921,#922,#923));
#2235=EDGE_LOOP('',(#924,#925,#926,#927,#928,#929,#930,#931));
#2236=EDGE_LOOP('',(#932,#933,#934,#935,#936,#937,#938,#939,#940,#941,#942,
#943,#944,#945,#946,#947,#948,#949));
#2237=EDGE_LOOP('',(#950));
#2238=EDGE_LOOP('',(#951));
#2239=EDGE_LOOP('',(#952,#953,#954,#955,#956));
#2240=EDGE_LOOP('',(#957,#958,#959,#960,#961));
#2241=EDGE_LOOP('',(#962,#963,#964,#965));
#2242=EDGE_LOOP('',(#966,#967,#968,#969));
#2243=EDGE_LOOP('',(#970));
#2244=EDGE_LOOP('',(#971));
#2245=EDGE_LOOP('',(#972));
#2246=EDGE_LOOP('',(#973,#974,#975,#976));
#2247=EDGE_LOOP('',(#977));
#2248=EDGE_LOOP('',(#978));
#2249=EDGE_LOOP('',(#979));
#2250=EDGE_LOOP('',(#980,#981,#982,#983));
#2251=EDGE_LOOP('',(#984));
#2252=EDGE_LOOP('',(#985,#986,#987,#988));
#2253=EDGE_LOOP('',(#989));
#2254=EDGE_LOOP('',(#990));
#2255=EDGE_LOOP('',(#991));
#2256=EDGE_LOOP('',(#992));
#2257=EDGE_LOOP('',(#993));
#2258=EDGE_LOOP('',(#994,#995,#996,#997));
#2259=EDGE_LOOP('',(#998));
#2260=EDGE_LOOP('',(#999));
#2261=EDGE_LOOP('',(#1000));
#2262=EDGE_LOOP('',(#1001,#1002,#1003,#1004));
#2263=EDGE_LOOP('',(#1005));
#2264=EDGE_LOOP('',(#1006));
#2265=EDGE_LOOP('',(#1007));
#2266=EDGE_LOOP('',(#1008));
#2267=EDGE_LOOP('',(#1009));
#2268=EDGE_LOOP('',(#1010,#1011,#1012,#1013,#1014,#1015));
#2269=EDGE_LOOP('',(#1016,#1017,#1018,#1019,#1020,#1021));
#2270=EDGE_LOOP('',(#1022));
#2271=EDGE_LOOP('',(#1023));
#2272=EDGE_LOOP('',(#1024));
#2273=EDGE_LOOP('',(#1025));
#2274=EDGE_LOOP('',(#1026,#1027,#1028,#1029,#1030,#1031));
#2275=EDGE_LOOP('',(#1032));
#2276=EDGE_LOOP('',(#1033));
#2277=EDGE_LOOP('',(#1034,#1035,#1036,#1037,#1038,#1039));
#2278=EDGE_LOOP('',(#1040));
#2279=EDGE_LOOP('',(#1041));
#2280=EDGE_LOOP('',(#1042,#1043,#1044,#1045,#1046,#1047,#1048,#1049));
#2281=EDGE_LOOP('',(#1050));
#2282=EDGE_LOOP('',(#1051));
#2283=EDGE_LOOP('',(#1052,#1053,#1054,#1055,#1056,#1057,#1058,#1059));
#2284=EDGE_LOOP('',(#1060,#1061,#1062,#1063,#1064));
#2285=EDGE_LOOP('',(#1065,#1066,#1067,#1068,#1069));
#2286=EDGE_LOOP('',(#1070,#1071,#1072,#1073));
#2287=EDGE_LOOP('',(#1074,#1075,#1076,#1077));
#2288=EDGE_LOOP('',(#1078,#1079,#1080,#1081));
#2289=EDGE_LOOP('',(#1082,#1083,#1084,#1085));
#2290=EDGE_LOOP('',(#1086,#1087,#1088,#1089));
#2291=EDGE_LOOP('',(#1090,#1091,#1092,#1093));
#2292=EDGE_LOOP('',(#1094,#1095,#1096,#1097));
#2293=EDGE_LOOP('',(#1098,#1099,#1100,#1101));
#2294=EDGE_LOOP('',(#1102,#1103,#1104,#1105));
#2295=EDGE_LOOP('',(#1106,#1107,#1108,#1109));
#2296=EDGE_LOOP('',(#1110,#1111,#1112,#1113));
#2297=EDGE_LOOP('',(#1114,#1115,#1116,#1117));
#2298=EDGE_LOOP('',(#1118,#1119,#1120,#1121));
#2299=EDGE_LOOP('',(#1122,#1123,#1124,#1125));
#2300=EDGE_LOOP('',(#1126,#1127,#1128,#1129));
#2301=EDGE_LOOP('',(#1130,#1131,#1132,#1133));
#2302=EDGE_LOOP('',(#1134,#1135,#1136,#1137));
#2303=EDGE_LOOP('',(#1138,#1139,#1140,#1141));
#2304=EDGE_LOOP('',(#1142,#1143,#1144,#1145));
#2305=EDGE_LOOP('',(#1146,#1147,#1148,#1149));
#2306=EDGE_LOOP('',(#1150,#1151,#1152,#1153));
#2307=EDGE_LOOP('',(#1154,#1155,#1156,#1157));
#2308=EDGE_LOOP('',(#1158,#1159,#1160,#1161));
#2309=EDGE_LOOP('',(#1162,#1163,#1164,#1165));
#2310=EDGE_LOOP('',(#1166,#1167,#1168,#1169));
#2311=EDGE_LOOP('',(#1170,#1171,#1172,#1173));
#2312=EDGE_LOOP('',(#1174,#1175,#1176,#1177));
#2313=EDGE_LOOP('',(#1178,#1179,#1180,#1181));
#2314=EDGE_LOOP('',(#1182,#1183,#1184,#1185));
#2315=EDGE_LOOP('',(#1186,#1187,#1188,#1189));
#2316=EDGE_LOOP('',(#1190,#1191,#1192,#1193));
#2317=EDGE_LOOP('',(#1194,#1195,#1196,#1197));
#2318=EDGE_LOOP('',(#1198,#1199,#1200,#1201));
#2319=EDGE_LOOP('',(#1202,#1203,#1204,#1205));
#2320=EDGE_LOOP('',(#1206,#1207,#1208,#1209));
#2321=EDGE_LOOP('',(#1210,#1211,#1212,#1213));
#2322=EDGE_LOOP('',(#1214,#1215,#1216,#1217));
#2323=EDGE_LOOP('',(#1218,#1219,#1220));
#2324=EDGE_LOOP('',(#1221,#1222,#1223,#1224));
#2325=EDGE_LOOP('',(#1225,#1226,#1227,#1228));
#2326=EDGE_LOOP('',(#1229,#1230,#1231,#1232));
#2327=EDGE_LOOP('',(#1233,#1234,#1235,#1236));
#2328=EDGE_LOOP('',(#1237,#1238,#1239,#1240));
#2329=EDGE_LOOP('',(#1241,#1242,#1243,#1244));
#2330=EDGE_LOOP('',(#1245,#1246,#1247,#1248));
#2331=EDGE_LOOP('',(#1249,#1250,#1251,#1252,#1253));
#2332=EDGE_LOOP('',(#1254,#1255,#1256,#1257,#1258,#1259));
#2333=EDGE_LOOP('',(#1260,#1261,#1262,#1263,#1264));
#2334=EDGE_LOOP('',(#1265,#1266,#1267,#1268));
#2335=EDGE_LOOP('',(#1269,#1270,#1271,#1272));
#2336=EDGE_LOOP('',(#1273,#1274,#1275,#1276));
#2337=EDGE_LOOP('',(#1277,#1278,#1279,#1280));
#2338=EDGE_LOOP('',(#1281,#1282,#1283,#1284));
#2339=EDGE_LOOP('',(#1285,#1286,#1287,#1288));
#2340=EDGE_LOOP('',(#1289,#1290,#1291,#1292));
#2341=EDGE_LOOP('',(#1293,#1294,#1295,#1296));
#2342=EDGE_LOOP('',(#1297,#1298,#1299,#1300));
#2343=EDGE_LOOP('',(#1301,#1302,#1303,#1304));
#2344=EDGE_LOOP('',(#1305,#1306,#1307,#1308));
#2345=EDGE_LOOP('',(#1309,#1310,#1311,#1312));
#2346=EDGE_LOOP('',(#1313,#1314,#1315,#1316));
#2347=EDGE_LOOP('',(#1317,#1318,#1319,#1320));
#2348=EDGE_LOOP('',(#1321,#1322,#1323,#1324));
#2349=EDGE_LOOP('',(#1325,#1326,#1327,#1328));
#2350=EDGE_LOOP('',(#1329,#1330,#1331,#1332));
#2351=EDGE_LOOP('',(#1333,#1334,#1335,#1336));
#2352=EDGE_LOOP('',(#1337,#1338,#1339,#1340));
#2353=EDGE_LOOP('',(#1341,#1342,#1343,#1344));
#2354=EDGE_LOOP('',(#1345,#1346,#1347,#1348));
#2355=EDGE_LOOP('',(#1349,#1350,#1351,#1352));
#2356=EDGE_LOOP('',(#1353,#1354,#1355,#1356));
#2357=EDGE_LOOP('',(#1357,#1358,#1359,#1360));
#2358=EDGE_LOOP('',(#1361,#1362,#1363));
#2359=EDGE_LOOP('',(#1364,#1365,#1366,#1367));
#2360=EDGE_LOOP('',(#1368,#1369,#1370,#1371));
#2361=EDGE_LOOP('',(#1372,#1373,#1374));
#2362=EDGE_LOOP('',(#1375,#1376,#1377));
#2363=EDGE_LOOP('',(#1378,#1379,#1380,#1381));
#2364=EDGE_LOOP('',(#1382,#1383,#1384,#1385));
#2365=EDGE_LOOP('',(#1386,#1387,#1388));
#2366=EDGE_LOOP('',(#1389,#1390,#1391,#1392));
#2367=EDGE_LOOP('',(#1393,#1394,#1395,#1396));
#2368=EDGE_LOOP('',(#1397,#1398,#1399,#1400));
#2369=EDGE_LOOP('',(#1401,#1402,#1403,#1404));
#2370=EDGE_LOOP('',(#1405,#1406,#1407,#1408));
#2371=EDGE_LOOP('',(#1409,#1410,#1411,#1412));
#2372=EDGE_LOOP('',(#1413,#1414,#1415,#1416));
#2373=EDGE_LOOP('',(#1417,#1418,#1419,#1420));
#2374=EDGE_LOOP('',(#1421,#1422,#1423,#1424));
#2375=EDGE_LOOP('',(#1425,#1426,#1427,#1428,#1429,#1430));
#2376=EDGE_LOOP('',(#1431,#1432,#1433,#1434,#1435));
#2377=EDGE_LOOP('',(#1436,#1437,#1438,#1439,#1440));
#2378=EDGE_LOOP('',(#1441,#1442,#1443,#1444));
#2379=EDGE_LOOP('',(#1445,#1446,#1447,#1448));
#2380=EDGE_LOOP('',(#1449,#1450,#1451,#1452));
#2381=FACE_BOUND('',#2188,.T.);
#2382=FACE_BOUND('',#2189,.T.);
#2383=FACE_BOUND('',#2190,.T.);
#2384=FACE_BOUND('',#2191,.T.);
#2385=FACE_BOUND('',#2192,.T.);
#2386=FACE_BOUND('',#2193,.T.);
#2387=FACE_BOUND('',#2194,.T.);
#2388=FACE_BOUND('',#2195,.T.);
#2389=FACE_BOUND('',#2196,.T.);
#2390=FACE_BOUND('',#2197,.T.);
#2391=FACE_BOUND('',#2198,.T.);
#2392=FACE_BOUND('',#2199,.T.);
#2393=FACE_BOUND('',#2200,.T.);
#2394=FACE_BOUND('',#2201,.T.);
#2395=FACE_BOUND('',#2202,.T.);
#2396=FACE_BOUND('',#2203,.T.);
#2397=FACE_BOUND('',#2204,.T.);
#2398=FACE_BOUND('',#2205,.T.);
#2399=FACE_BOUND('',#2206,.T.);
#2400=FACE_BOUND('',#2207,.T.);
#2401=FACE_BOUND('',#2208,.T.);
#2402=FACE_BOUND('',#2209,.T.);
#2403=FACE_BOUND('',#2210,.T.);
#2404=FACE_BOUND('',#2211,.T.);
#2405=FACE_BOUND('',#2212,.T.);
#2406=FACE_BOUND('',#2213,.T.);
#2407=FACE_BOUND('',#2214,.T.);
#2408=FACE_BOUND('',#2215,.T.);
#2409=FACE_BOUND('',#2216,.T.);
#2410=FACE_BOUND('',#2217,.T.);
#2411=FACE_BOUND('',#2218,.T.);
#2412=FACE_BOUND('',#2219,.T.);
#2413=FACE_BOUND('',#2220,.T.);
#2414=FACE_BOUND('',#2221,.T.);
#2415=FACE_BOUND('',#2222,.T.);
#2416=FACE_BOUND('',#2223,.T.);
#2417=FACE_BOUND('',#2224,.T.);
#2418=FACE_BOUND('',#2225,.T.);
#2419=FACE_BOUND('',#2226,.T.);
#2420=FACE_BOUND('',#2227,.T.);
#2421=FACE_BOUND('',#2228,.T.);
#2422=FACE_BOUND('',#2229,.T.);
#2423=FACE_BOUND('',#2230,.T.);
#2424=FACE_BOUND('',#2231,.T.);
#2425=FACE_BOUND('',#2232,.T.);
#2426=FACE_BOUND('',#2233,.T.);
#2427=FACE_BOUND('',#2234,.T.);
#2428=FACE_BOUND('',#2235,.T.);
#2429=FACE_BOUND('',#2236,.T.);
#2430=FACE_BOUND('',#2237,.T.);
#2431=FACE_BOUND('',#2238,.T.);
#2432=FACE_BOUND('',#2239,.T.);
#2433=FACE_BOUND('',#2240,.T.);
#2434=FACE_BOUND('',#2241,.T.);
#2435=FACE_BOUND('',#2242,.T.);
#2436=FACE_BOUND('',#2243,.T.);
#2437=FACE_BOUND('',#2244,.T.);
#2438=FACE_BOUND('',#2245,.T.);
#2439=FACE_BOUND('',#2246,.T.);
#2440=FACE_BOUND('',#2247,.T.);
#2441=FACE_BOUND('',#2248,.T.);
#2442=FACE_BOUND('',#2249,.T.);
#2443=FACE_BOUND('',#2250,.T.);
#2444=FACE_BOUND('',#2251,.T.);
#2445=FACE_BOUND('',#2252,.T.);
#2446=FACE_BOUND('',#2253,.T.);
#2447=FACE_BOUND('',#2254,.T.);
#2448=FACE_BOUND('',#2255,.T.);
#2449=FACE_BOUND('',#2256,.T.);
#2450=FACE_BOUND('',#2257,.T.);
#2451=FACE_BOUND('',#2258,.T.);
#2452=FACE_BOUND('',#2259,.T.);
#2453=FACE_BOUND('',#2260,.T.);
#2454=FACE_BOUND('',#2261,.T.);
#2455=FACE_BOUND('',#2262,.T.);
#2456=FACE_BOUND('',#2263,.T.);
#2457=FACE_BOUND('',#2264,.T.);
#2458=FACE_BOUND('',#2265,.T.);
#2459=FACE_BOUND('',#2266,.T.);
#2460=FACE_BOUND('',#2267,.T.);
#2461=FACE_BOUND('',#2268,.T.);
#2462=FACE_BOUND('',#2269,.T.);
#2463=FACE_BOUND('',#2270,.T.);
#2464=FACE_BOUND('',#2271,.T.);
#2465=FACE_BOUND('',#2272,.T.);
#2466=FACE_BOUND('',#2273,.T.);
#2467=FACE_BOUND('',#2274,.T.);
#2468=FACE_BOUND('',#2275,.T.);
#2469=FACE_BOUND('',#2276,.T.);
#2470=FACE_BOUND('',#2277,.T.);
#2471=FACE_BOUND('',#2278,.T.);
#2472=FACE_BOUND('',#2279,.T.);
#2473=FACE_BOUND('',#2280,.T.);
#2474=FACE_BOUND('',#2281,.T.);
#2475=FACE_BOUND('',#2282,.T.);
#2476=FACE_BOUND('',#2283,.T.);
#2477=FACE_BOUND('',#2284,.T.);
#2478=FACE_BOUND('',#2285,.T.);
#2479=FACE_BOUND('',#2286,.T.);
#2480=FACE_BOUND('',#2287,.T.);
#2481=FACE_BOUND('',#2288,.T.);
#2482=FACE_BOUND('',#2289,.T.);
#2483=FACE_BOUND('',#2290,.T.);
#2484=FACE_BOUND('',#2291,.T.);
#2485=FACE_BOUND('',#2292,.T.);
#2486=FACE_BOUND('',#2293,.T.);
#2487=FACE_BOUND('',#2294,.T.);
#2488=FACE_BOUND('',#2295,.T.);
#2489=FACE_BOUND('',#2296,.T.);
#2490=FACE_BOUND('',#2297,.T.);
#2491=FACE_BOUND('',#2298,.T.);
#2492=FACE_BOUND('',#2299,.T.);
#2493=FACE_BOUND('',#2300,.T.);
#2494=FACE_BOUND('',#2301,.T.);
#2495=FACE_BOUND('',#2302,.T.);
#2496=FACE_BOUND('',#2303,.T.);
#2497=FACE_BOUND('',#2304,.T.);
#2498=FACE_BOUND('',#2305,.T.);
#2499=FACE_BOUND('',#2306,.T.);
#2500=FACE_BOUND('',#2307,.T.);
#2501=FACE_BOUND('',#2308,.T.);
#2502=FACE_BOUND('',#2309,.T.);
#2503=FACE_BOUND('',#2310,.T.);
#2504=FACE_BOUND('',#2311,.T.);
#2505=FACE_BOUND('',#2312,.T.);
#2506=FACE_BOUND('',#2313,.T.);
#2507=FACE_BOUND('',#2314,.T.);
#2508=FACE_BOUND('',#2315,.T.);
#2509=FACE_BOUND('',#2316,.T.);
#2510=FACE_BOUND('',#2317,.T.);
#2511=FACE_BOUND('',#2318,.T.);
#2512=FACE_BOUND('',#2319,.T.);
#2513=FACE_BOUND('',#2320,.T.);
#2514=FACE_BOUND('',#2321,.T.);
#2515=FACE_BOUND('',#2322,.T.);
#2516=FACE_BOUND('',#2323,.T.);
#2517=FACE_BOUND('',#2324,.T.);
#2518=FACE_BOUND('',#2325,.T.);
#2519=FACE_BOUND('',#2326,.T.);
#2520=FACE_BOUND('',#2327,.T.);
#2521=FACE_BOUND('',#2328,.T.);
#2522=FACE_BOUND('',#2329,.T.);
#2523=FACE_BOUND('',#2330,.T.);
#2524=FACE_BOUND('',#2331,.T.);
#2525=FACE_BOUND('',#2332,.T.);
#2526=FACE_BOUND('',#2333,.T.);
#2527=FACE_BOUND('',#2334,.T.);
#2528=FACE_BOUND('',#2335,.T.);
#2529=FACE_BOUND('',#2336,.T.);
#2530=FACE_BOUND('',#2337,.T.);
#2531=FACE_BOUND('',#2338,.T.);
#2532=FACE_BOUND('',#2339,.T.);
#2533=FACE_BOUND('',#2340,.T.);
#2534=FACE_BOUND('',#2341,.T.);
#2535=FACE_BOUND('',#2342,.T.);
#2536=FACE_BOUND('',#2343,.T.);
#2537=FACE_BOUND('',#2344,.T.);
#2538=FACE_BOUND('',#2345,.T.);
#2539=FACE_BOUND('',#2346,.T.);
#2540=FACE_BOUND('',#2347,.T.);
#2541=FACE_BOUND('',#2348,.T.);
#2542=FACE_BOUND('',#2349,.T.);
#2543=FACE_BOUND('',#2350,.T.);
#2544=FACE_BOUND('',#2351,.T.);
#2545=FACE_BOUND('',#2352,.T.);
#2546=FACE_BOUND('',#2353,.T.);
#2547=FACE_BOUND('',#2354,.T.);
#2548=FACE_BOUND('',#2355,.T.);
#2549=FACE_BOUND('',#2356,.T.);
#2550=FACE_BOUND('',#2357,.T.);
#2551=FACE_BOUND('',#2358,.T.);
#2552=FACE_BOUND('',#2359,.T.);
#2553=FACE_BOUND('',#2360,.T.);
#2554=FACE_BOUND('',#2361,.T.);
#2555=FACE_BOUND('',#2362,.T.);
#2556=FACE_BOUND('',#2363,.T.);
#2557=FACE_BOUND('',#2364,.T.);
#2558=FACE_BOUND('',#2365,.T.);
#2559=FACE_BOUND('',#2366,.T.);
#2560=FACE_BOUND('',#2367,.T.);
#2561=FACE_BOUND('',#2368,.T.);
#2562=FACE_BOUND('',#2369,.T.);
#2563=FACE_BOUND('',#2370,.T.);
#2564=FACE_BOUND('',#2371,.T.);
#2565=FACE_BOUND('',#2372,.T.);
#2566=FACE_BOUND('',#2373,.T.);
#2567=FACE_BOUND('',#2374,.T.);
#2568=FACE_BOUND('',#2375,.T.);
#2569=FACE_BOUND('',#2376,.T.);
#2570=FACE_BOUND('',#2377,.T.);
#2571=FACE_BOUND('',#2378,.T.);
#2572=FACE_BOUND('',#2379,.T.);
#2573=FACE_BOUND('',#2380,.T.);
#2574=PLANE('',#3979);
#2575=PLANE('',#3991);
#2576=PLANE('',#4010);
#2577=PLANE('',#4011);
#2578=PLANE('',#4012);
#2579=PLANE('',#4013);
#2580=PLANE('',#4015);
#2581=PLANE('',#4020);
#2582=PLANE('',#4026);
#2583=PLANE('',#4027);
#2584=PLANE('',#4030);
#2585=PLANE('',#4031);
#2586=PLANE('',#4033);
#2587=PLANE('',#4042);
#2588=PLANE('',#4043);
#2589=PLANE('',#4045);
#2590=PLANE('',#4046);
#2591=PLANE('',#4047);
#2592=PLANE('',#4051);
#2593=PLANE('',#4052);
#2594=PLANE('',#4053);
#2595=PLANE('',#4055);
#2596=PLANE('',#4056);
#2597=PLANE('',#4057);
#2598=PLANE('',#4058);
#2599=PLANE('',#4059);
#2600=PLANE('',#4061);
#2601=PLANE('',#4066);
#2602=PLANE('',#4071);
#2603=PLANE('',#4073);
#2604=PLANE('',#4079);
#2605=PLANE('',#4084);
#2606=PLANE('',#4099);
#2607=PLANE('',#4100);
#2608=PLANE('',#4143);
#2609=PLANE('',#4144);
#2610=PLANE('',#4145);
#2611=PLANE('',#4146);
#2612=PLANE('',#4148);
#2613=PLANE('',#4151);
#2614=PLANE('',#4153);
#2615=PLANE('',#4154);
#2616=PLANE('',#4155);
#2617=PLANE('',#4156);
#2618=PLANE('',#4157);
#2619=PLANE('',#4158);
#2620=PLANE('',#4159);
#2621=PLANE('',#4160);
#2622=PLANE('',#4161);
#2623=PLANE('',#4162);
#2624=PLANE('',#4163);
#2625=PLANE('',#4164);
#2626=PLANE('',#4165);
#2627=PLANE('',#4180);
#2628=PLANE('',#4181);
#2629=PLANE('',#4182);
#2630=PLANE('',#4183);
#2631=PLANE('',#4184);
#2632=PLANE('',#4185);
#2633=PLANE('',#4186);
#2634=PLANE('',#4187);
#2635=PLANE('',#4188);
#2636=PLANE('',#4189);
#2637=OVER_RIDING_STYLED_ITEM('',(#2972),#2803,#2970);
#2638=OVER_RIDING_STYLED_ITEM('',(#2973),#2804,#2970);
#2639=OVER_RIDING_STYLED_ITEM('',(#2974),#2805,#2970);
#2640=OVER_RIDING_STYLED_ITEM('',(#2975),#2806,#2970);
#2641=OVER_RIDING_STYLED_ITEM('',(#2976),#2807,#2970);
#2642=OVER_RIDING_STYLED_ITEM('',(#2977),#2808,#2970);
#2643=OVER_RIDING_STYLED_ITEM('',(#2978),#2809,#2970);
#2644=OVER_RIDING_STYLED_ITEM('',(#2979),#2810,#2970);
#2645=OVER_RIDING_STYLED_ITEM('',(#2980),#2811,#2970);
#2646=OVER_RIDING_STYLED_ITEM('',(#2981),#2812,#2970);
#2647=OVER_RIDING_STYLED_ITEM('',(#2982),#2813,#2970);
#2648=OVER_RIDING_STYLED_ITEM('',(#2983),#2814,#2970);
#2649=OVER_RIDING_STYLED_ITEM('',(#2984),#2815,#2970);
#2650=OVER_RIDING_STYLED_ITEM('',(#2985),#2816,#2970);
#2651=OVER_RIDING_STYLED_ITEM('',(#2986),#2817,#2970);
#2652=OVER_RIDING_STYLED_ITEM('',(#2987),#2818,#2970);
#2653=OVER_RIDING_STYLED_ITEM('',(#2988),#2819,#2970);
#2654=OVER_RIDING_STYLED_ITEM('',(#2989),#2820,#2970);
#2655=OVER_RIDING_STYLED_ITEM('',(#2990),#2821,#2970);
#2656=OVER_RIDING_STYLED_ITEM('',(#2991),#2822,#2970);
#2657=OVER_RIDING_STYLED_ITEM('',(#2992),#2823,#2970);
#2658=OVER_RIDING_STYLED_ITEM('',(#2993),#2824,#2970);
#2659=OVER_RIDING_STYLED_ITEM('',(#2994),#2825,#2970);
#2660=OVER_RIDING_STYLED_ITEM('',(#2995),#2826,#2970);
#2661=OVER_RIDING_STYLED_ITEM('',(#2996),#2827,#2970);
#2662=OVER_RIDING_STYLED_ITEM('',(#2997),#2828,#2970);
#2663=OVER_RIDING_STYLED_ITEM('',(#2998),#2829,#2970);
#2664=OVER_RIDING_STYLED_ITEM('',(#2999),#2830,#2970);
#2665=OVER_RIDING_STYLED_ITEM('',(#3000),#2831,#2970);
#2666=OVER_RIDING_STYLED_ITEM('',(#3001),#2832,#2970);
#2667=OVER_RIDING_STYLED_ITEM('',(#3002),#2833,#2970);
#2668=OVER_RIDING_STYLED_ITEM('',(#3003),#2834,#2970);
#2669=OVER_RIDING_STYLED_ITEM('',(#3004),#2835,#2970);
#2670=OVER_RIDING_STYLED_ITEM('',(#3005),#2836,#2970);
#2671=OVER_RIDING_STYLED_ITEM('',(#3006),#2837,#2970);
#2672=OVER_RIDING_STYLED_ITEM('',(#3007),#2838,#2970);
#2673=OVER_RIDING_STYLED_ITEM('',(#3008),#2839,#2970);
#2674=OVER_RIDING_STYLED_ITEM('',(#3009),#2840,#2970);
#2675=OVER_RIDING_STYLED_ITEM('',(#3010),#2841,#2970);
#2676=OVER_RIDING_STYLED_ITEM('',(#3011),#2842,#2970);
#2677=OVER_RIDING_STYLED_ITEM('',(#3012),#2843,#2970);
#2678=OVER_RIDING_STYLED_ITEM('',(#3013),#2844,#2970);
#2679=OVER_RIDING_STYLED_ITEM('',(#3014),#2845,#2970);
#2680=OVER_RIDING_STYLED_ITEM('',(#3015),#2846,#2970);
#2681=OVER_RIDING_STYLED_ITEM('',(#3016),#2847,#2970);
#2682=OVER_RIDING_STYLED_ITEM('',(#3017),#2848,#2970);
#2683=OVER_RIDING_STYLED_ITEM('',(#3018),#2849,#2970);
#2684=OVER_RIDING_STYLED_ITEM('',(#3019),#2850,#2970);
#2685=OVER_RIDING_STYLED_ITEM('',(#3020),#2851,#2970);
#2686=OVER_RIDING_STYLED_ITEM('',(#3021),#2852,#2970);
#2687=OVER_RIDING_STYLED_ITEM('',(#3022),#2853,#2970);
#2688=OVER_RIDING_STYLED_ITEM('',(#3023),#2854,#2970);
#2689=OVER_RIDING_STYLED_ITEM('',(#3024),#2855,#2970);
#2690=OVER_RIDING_STYLED_ITEM('',(#3025),#2856,#2970);
#2691=OVER_RIDING_STYLED_ITEM('',(#3026),#2857,#2970);
#2692=OVER_RIDING_STYLED_ITEM('',(#3027),#2858,#2970);
#2693=OVER_RIDING_STYLED_ITEM('',(#3028),#2859,#2970);
#2694=OVER_RIDING_STYLED_ITEM('',(#3029),#2860,#2970);
#2695=OVER_RIDING_STYLED_ITEM('',(#3030),#2861,#2970);
#2696=OVER_RIDING_STYLED_ITEM('',(#3031),#2862,#2970);
#2697=OVER_RIDING_STYLED_ITEM('',(#3032),#2863,#2970);
#2698=OVER_RIDING_STYLED_ITEM('',(#3033),#2864,#2970);
#2699=OVER_RIDING_STYLED_ITEM('',(#3034),#2865,#2970);
#2700=OVER_RIDING_STYLED_ITEM('',(#3035),#2866,#2970);
#2701=OVER_RIDING_STYLED_ITEM('',(#3036),#2867,#2970);
#2702=OVER_RIDING_STYLED_ITEM('',(#3037),#2868,#2970);
#2703=OVER_RIDING_STYLED_ITEM('',(#3038),#2869,#2970);
#2704=OVER_RIDING_STYLED_ITEM('',(#3039),#2870,#2970);
#2705=OVER_RIDING_STYLED_ITEM('',(#3040),#2871,#2970);
#2706=OVER_RIDING_STYLED_ITEM('',(#3041),#2872,#2970);
#2707=OVER_RIDING_STYLED_ITEM('',(#3042),#2873,#2970);
#2708=OVER_RIDING_STYLED_ITEM('',(#3043),#2874,#2970);
#2709=OVER_RIDING_STYLED_ITEM('',(#3044),#2875,#2970);
#2710=OVER_RIDING_STYLED_ITEM('',(#3045),#2876,#2970);
#2711=OVER_RIDING_STYLED_ITEM('',(#3046),#2877,#2970);
#2712=OVER_RIDING_STYLED_ITEM('',(#3047),#2878,#2970);
#2713=OVER_RIDING_STYLED_ITEM('',(#3048),#2879,#2970);
#2714=OVER_RIDING_STYLED_ITEM('',(#3049),#2880,#2970);
#2715=OVER_RIDING_STYLED_ITEM('',(#3050),#2881,#2970);
#2716=OVER_RIDING_STYLED_ITEM('',(#3051),#2882,#2970);
#2717=OVER_RIDING_STYLED_ITEM('',(#3052),#2883,#2970);
#2718=OVER_RIDING_STYLED_ITEM('',(#3053),#2884,#2970);
#2719=OVER_RIDING_STYLED_ITEM('',(#3054),#2885,#2970);
#2720=OVER_RIDING_STYLED_ITEM('',(#3055),#2886,#2970);
#2721=OVER_RIDING_STYLED_ITEM('',(#3056),#2887,#2970);
#2722=OVER_RIDING_STYLED_ITEM('',(#3057),#2888,#2970);
#2723=OVER_RIDING_STYLED_ITEM('',(#3058),#2889,#2970);
#2724=OVER_RIDING_STYLED_ITEM('',(#3059),#2890,#2970);
#2725=OVER_RIDING_STYLED_ITEM('',(#3060),#2891,#2970);
#2726=OVER_RIDING_STYLED_ITEM('',(#3061),#2892,#2970);
#2727=OVER_RIDING_STYLED_ITEM('',(#3062),#2893,#2970);
#2728=OVER_RIDING_STYLED_ITEM('',(#3063),#2894,#2970);
#2729=OVER_RIDING_STYLED_ITEM('',(#3064),#2895,#2970);
#2730=OVER_RIDING_STYLED_ITEM('',(#3065),#2896,#2970);
#2731=OVER_RIDING_STYLED_ITEM('',(#3066),#2897,#2970);
#2732=OVER_RIDING_STYLED_ITEM('',(#3067),#2898,#2970);
#2733=OVER_RIDING_STYLED_ITEM('',(#3068),#2899,#2970);
#2734=OVER_RIDING_STYLED_ITEM('',(#3069),#2900,#2970);
#2735=OVER_RIDING_STYLED_ITEM('',(#3070),#2901,#2970);
#2736=OVER_RIDING_STYLED_ITEM('',(#3071),#2902,#2970);
#2737=OVER_RIDING_STYLED_ITEM('',(#3072),#2903,#2970);
#2738=OVER_RIDING_STYLED_ITEM('',(#3073),#2904,#2970);
#2739=OVER_RIDING_STYLED_ITEM('',(#3074),#2905,#2970);
#2740=OVER_RIDING_STYLED_ITEM('',(#3075),#2906,#2970);
#2741=OVER_RIDING_STYLED_ITEM('',(#3076),#2907,#2970);
#2742=OVER_RIDING_STYLED_ITEM('',(#3077),#2908,#2970);
#2743=OVER_RIDING_STYLED_ITEM('',(#3078),#2909,#2970);
#2744=OVER_RIDING_STYLED_ITEM('',(#3079),#2910,#2970);
#2745=OVER_RIDING_STYLED_ITEM('',(#3080),#2911,#2970);
#2746=OVER_RIDING_STYLED_ITEM('',(#3081),#2912,#2970);
#2747=OVER_RIDING_STYLED_ITEM('',(#3082),#2913,#2970);
#2748=OVER_RIDING_STYLED_ITEM('',(#3083),#2914,#2970);
#2749=OVER_RIDING_STYLED_ITEM('',(#3084),#2915,#2970);
#2750=OVER_RIDING_STYLED_ITEM('',(#3085),#2916,#2970);
#2751=OVER_RIDING_STYLED_ITEM('',(#3086),#2917,#2970);
#2752=OVER_RIDING_STYLED_ITEM('',(#3087),#2918,#2970);
#2753=OVER_RIDING_STYLED_ITEM('',(#3088),#2919,#2970);
#2754=OVER_RIDING_STYLED_ITEM('',(#3089),#2920,#2970);
#2755=OVER_RIDING_STYLED_ITEM('',(#3090),#2921,#2970);
#2756=OVER_RIDING_STYLED_ITEM('',(#3091),#2922,#2970);
#2757=OVER_RIDING_STYLED_ITEM('',(#3092),#2923,#2970);
#2758=OVER_RIDING_STYLED_ITEM('',(#3093),#2924,#2970);
#2759=OVER_RIDING_STYLED_ITEM('',(#3094),#2925,#2970);
#2760=OVER_RIDING_STYLED_ITEM('',(#3095),#2926,#2970);
#2761=OVER_RIDING_STYLED_ITEM('',(#3096),#2927,#2970);
#2762=OVER_RIDING_STYLED_ITEM('',(#3097),#2928,#2970);
#2763=OVER_RIDING_STYLED_ITEM('',(#3098),#2929,#2970);
#2764=OVER_RIDING_STYLED_ITEM('',(#3099),#2930,#2970);
#2765=OVER_RIDING_STYLED_ITEM('',(#3100),#2931,#2970);
#2766=OVER_RIDING_STYLED_ITEM('',(#3101),#2932,#2970);
#2767=OVER_RIDING_STYLED_ITEM('',(#3102),#2933,#2970);
#2768=OVER_RIDING_STYLED_ITEM('',(#3103),#2934,#2970);
#2769=OVER_RIDING_STYLED_ITEM('',(#3104),#2935,#2970);
#2770=OVER_RIDING_STYLED_ITEM('',(#3105),#2936,#2970);
#2771=OVER_RIDING_STYLED_ITEM('',(#3106),#2937,#2970);
#2772=OVER_RIDING_STYLED_ITEM('',(#3107),#2938,#2970);
#2773=OVER_RIDING_STYLED_ITEM('',(#3108),#2939,#2970);
#2774=OVER_RIDING_STYLED_ITEM('',(#3109),#2940,#2970);
#2775=OVER_RIDING_STYLED_ITEM('',(#3110),#2941,#2970);
#2776=OVER_RIDING_STYLED_ITEM('',(#3111),#2942,#2970);
#2777=OVER_RIDING_STYLED_ITEM('',(#3112),#2943,#2970);
#2778=OVER_RIDING_STYLED_ITEM('',(#3113),#2944,#2970);
#2779=OVER_RIDING_STYLED_ITEM('',(#3114),#2945,#2970);
#2780=OVER_RIDING_STYLED_ITEM('',(#3115),#2946,#2970);
#2781=OVER_RIDING_STYLED_ITEM('',(#3116),#2947,#2970);
#2782=OVER_RIDING_STYLED_ITEM('',(#3117),#2948,#2970);
#2783=OVER_RIDING_STYLED_ITEM('',(#3118),#2949,#2970);
#2784=OVER_RIDING_STYLED_ITEM('',(#3119),#2950,#2970);
#2785=OVER_RIDING_STYLED_ITEM('',(#3120),#2951,#2970);
#2786=OVER_RIDING_STYLED_ITEM('',(#3121),#2952,#2970);
#2787=OVER_RIDING_STYLED_ITEM('',(#3122),#2953,#2970);
#2788=OVER_RIDING_STYLED_ITEM('',(#3123),#2954,#2970);
#2789=OVER_RIDING_STYLED_ITEM('',(#3124),#2955,#2970);
#2790=OVER_RIDING_STYLED_ITEM('',(#3125),#2956,#2970);
#2791=OVER_RIDING_STYLED_ITEM('',(#3126),#2957,#2970);
#2792=OVER_RIDING_STYLED_ITEM('',(#3127),#2958,#2970);
#2793=OVER_RIDING_STYLED_ITEM('',(#3128),#2959,#2970);
#2794=OVER_RIDING_STYLED_ITEM('',(#3129),#2960,#2970);
#2795=OVER_RIDING_STYLED_ITEM('',(#3130),#2961,#2970);
#2796=OVER_RIDING_STYLED_ITEM('',(#3131),#2962,#2970);
#2797=OVER_RIDING_STYLED_ITEM('',(#3132),#2963,#2970);
#2798=OVER_RIDING_STYLED_ITEM('',(#3133),#2964,#2970);
#2799=OVER_RIDING_STYLED_ITEM('',(#3134),#2965,#2970);
#2800=OVER_RIDING_STYLED_ITEM('',(#3135),#2966,#2970);
#2801=OVER_RIDING_STYLED_ITEM('',(#3136),#2967,#2970);
#2802=OVER_RIDING_STYLED_ITEM('',(#3137),#2968,#2970);
#2803=ADVANCED_FACE('',(#2381,#2382),#2574,.T.);
#2804=ADVANCED_FACE('',(#2383),#243,.F.);
#2805=ADVANCED_FACE('',(#2384),#244,.T.);
#2806=ADVANCED_FACE('',(#2385),#74,.T.);
#2807=ADVANCED_FACE('',(#2386),#75,.T.);
#2808=ADVANCED_FACE('',(#2387,#2388,#2389,#2390,#2391),#245,.F.);
#2809=ADVANCED_FACE('',(#2392),#2575,.T.);
#2810=ADVANCED_FACE('',(#2393),#55,.T.);
#2811=ADVANCED_FACE('',(#2394),#56,.T.);
#2812=ADVANCED_FACE('',(#2395),#41,.T.);
#2813=ADVANCED_FACE('',(#2396),#42,.T.);
#2814=ADVANCED_FACE('',(#2397),#43,.T.);
#2815=ADVANCED_FACE('',(#2398),#44,.T.);
#2816=ADVANCED_FACE('',(#2399),#2576,.T.);
#2817=ADVANCED_FACE('',(#2400),#2577,.T.);
#2818=ADVANCED_FACE('',(#2401),#2578,.T.);
#2819=ADVANCED_FACE('',(#2402),#2579,.T.);
#2820=ADVANCED_FACE('',(#2403),#2580,.T.);
#2821=ADVANCED_FACE('',(#2404,#2405,#2406,#2407,#2408),#246,.F.);
#2822=ADVANCED_FACE('',(#2409),#2581,.T.);
#2823=ADVANCED_FACE('',(#2410),#2582,.T.);
#2824=ADVANCED_FACE('',(#2411),#2583,.T.);
#2825=ADVANCED_FACE('',(#2412),#2584,.T.);
#2826=ADVANCED_FACE('',(#2413),#2585,.T.);
#2827=ADVANCED_FACE('',(#2414),#2586,.T.);
#2828=ADVANCED_FACE('',(#2415),#247,.T.);
#2829=ADVANCED_FACE('',(#2416),#76,.T.);
#2830=ADVANCED_FACE('',(#2417),#77,.T.);
#2831=ADVANCED_FACE('',(#2418),#248,.F.);
#2832=ADVANCED_FACE('',(#2419),#78,.T.);
#2833=ADVANCED_FACE('',(#2420),#79,.T.);
#2834=ADVANCED_FACE('',(#2421),#2587,.T.);
#2835=ADVANCED_FACE('',(#2422),#2588,.T.);
#2836=ADVANCED_FACE('',(#2423),#2589,.T.);
#2837=ADVANCED_FACE('',(#2424),#2590,.T.);
#2838=ADVANCED_FACE('',(#2425),#2591,.T.);
#2839=ADVANCED_FACE('',(#2426),#2592,.T.);
#2840=ADVANCED_FACE('',(#2427),#2593,.T.);
#2841=ADVANCED_FACE('',(#2428),#2594,.T.);
#2842=ADVANCED_FACE('',(#2429),#2595,.F.);
#2843=ADVANCED_FACE('',(#2430),#2596,.T.);
#2844=ADVANCED_FACE('',(#2431),#2597,.T.);
#2845=ADVANCED_FACE('',(#2432),#2598,.F.);
#2846=ADVANCED_FACE('',(#2433),#2599,.T.);
#2847=ADVANCED_FACE('',(#2434),#249,.F.);
#2848=ADVANCED_FACE('',(#2435,#2436),#2600,.T.);
#2849=ADVANCED_FACE('',(#2437,#2438),#250,.F.);
#2850=ADVANCED_FACE('',(#2439,#2440),#2601,.T.);
#2851=ADVANCED_FACE('',(#2441,#2442),#251,.F.);
#2852=ADVANCED_FACE('',(#2443,#2444),#2602,.T.);
#2853=ADVANCED_FACE('',(#2445,#2446),#2603,.T.);
#2854=ADVANCED_FACE('',(#2447,#2448),#252,.F.);
#2855=ADVANCED_FACE('',(#2449,#2450),#253,.F.);
#2856=ADVANCED_FACE('',(#2451,#2452),#2604,.T.);
#2857=ADVANCED_FACE('',(#2453,#2454),#254,.F.);
#2858=ADVANCED_FACE('',(#2455,#2456),#2605,.T.);
#2859=ADVANCED_FACE('',(#2457,#2458),#255,.F.);
#2860=ADVANCED_FACE('',(#2459,#2460),#45,.F.);
#2861=ADVANCED_FACE('',(#2461),#46,.T.);
#2862=ADVANCED_FACE('',(#2462),#47,.T.);
#2863=ADVANCED_FACE('',(#2463,#2464),#48,.F.);
#2864=ADVANCED_FACE('',(#2465,#2466),#49,.F.);
#2865=ADVANCED_FACE('',(#2467),#50,.T.);
#2866=ADVANCED_FACE('',(#2468,#2469),#51,.F.);
#2867=ADVANCED_FACE('',(#2470),#52,.T.);
#2868=ADVANCED_FACE('',(#2471,#2472),#53,.F.);
#2869=ADVANCED_FACE('',(#2473),#57,.T.);
#2870=ADVANCED_FACE('',(#2474,#2475),#54,.F.);
#2871=ADVANCED_FACE('',(#2476),#58,.T.);
#2872=ADVANCED_FACE('',(#2477),#2606,.F.);
#2873=ADVANCED_FACE('',(#2478),#2607,.T.);
#2874=ADVANCED_FACE('',(#2479),#256,.F.);
#2875=ADVANCED_FACE('',(#2480),#257,.T.);
#2876=ADVANCED_FACE('',(#2481),#258,.T.);
#2877=ADVANCED_FACE('',(#2482),#80,.T.);
#2878=ADVANCED_FACE('',(#2483),#259,.T.);
#2879=ADVANCED_FACE('',(#2484),#260,.T.);
#2880=ADVANCED_FACE('',(#2485),#261,.T.);
#2881=ADVANCED_FACE('',(#2486),#262,.T.);
#2882=ADVANCED_FACE('',(#2487),#263,.T.);
#2883=ADVANCED_FACE('',(#2488),#264,.T.);
#2884=ADVANCED_FACE('',(#2489),#81,.T.);
#2885=ADVANCED_FACE('',(#2490),#265,.T.);
#2886=ADVANCED_FACE('',(#2491),#266,.T.);
#2887=ADVANCED_FACE('',(#2492),#82,.T.);
#2888=ADVANCED_FACE('',(#2493),#267,.T.);
#2889=ADVANCED_FACE('',(#2494),#268,.T.);
#2890=ADVANCED_FACE('',(#2495),#83,.T.);
#2891=ADVANCED_FACE('',(#2496),#84,.T.);
#2892=ADVANCED_FACE('',(#2497),#85,.T.);
#2893=ADVANCED_FACE('',(#2498),#269,.T.);
#2894=ADVANCED_FACE('',(#2499),#270,.T.);
#2895=ADVANCED_FACE('',(#2500),#271,.T.);
#2896=ADVANCED_FACE('',(#2501),#86,.T.);
#2897=ADVANCED_FACE('',(#2502),#87,.T.);
#2898=ADVANCED_FACE('',(#2503),#88,.T.);
#2899=ADVANCED_FACE('',(#2504),#272,.T.);
#2900=ADVANCED_FACE('',(#2505),#273,.T.);
#2901=ADVANCED_FACE('',(#2506),#274,.T.);
#2902=ADVANCED_FACE('',(#2507),#89,.T.);
#2903=ADVANCED_FACE('',(#2508),#275,.T.);
#2904=ADVANCED_FACE('',(#2509),#276,.T.);
#2905=ADVANCED_FACE('',(#2510),#90,.T.);
#2906=ADVANCED_FACE('',(#2511),#277,.T.);
#2907=ADVANCED_FACE('',(#2512),#278,.T.);
#2908=ADVANCED_FACE('',(#2513),#279,.T.);
#2909=ADVANCED_FACE('',(#2514),#280,.T.);
#2910=ADVANCED_FACE('',(#2515),#59,.T.);
#2911=ADVANCED_FACE('',(#2516),#91,.T.);
#2912=ADVANCED_FACE('',(#2517),#281,.T.);
#2913=ADVANCED_FACE('',(#2518),#2608,.T.);
#2914=ADVANCED_FACE('',(#2519),#60,.T.);
#2915=ADVANCED_FACE('',(#2520),#2609,.T.);
#2916=ADVANCED_FACE('',(#2521),#61,.T.);
#2917=ADVANCED_FACE('',(#2522),#2610,.T.);
#2918=ADVANCED_FACE('',(#2523),#62,.T.);
#2919=ADVANCED_FACE('',(#2524),#2611,.T.);
#2920=ADVANCED_FACE('',(#2525),#2612,.T.);
#2921=ADVANCED_FACE('',(#2526),#2613,.T.);
#2922=ADVANCED_FACE('',(#2527),#63,.T.);
#2923=ADVANCED_FACE('',(#2528),#2614,.T.);
#2924=ADVANCED_FACE('',(#2529),#64,.T.);
#2925=ADVANCED_FACE('',(#2530),#2615,.T.);
#2926=ADVANCED_FACE('',(#2531),#65,.T.);
#2927=ADVANCED_FACE('',(#2532),#2616,.T.);
#2928=ADVANCED_FACE('',(#2533),#2617,.F.);
#2929=ADVANCED_FACE('',(#2534),#66,.T.);
#2930=ADVANCED_FACE('',(#2535),#2618,.F.);
#2931=ADVANCED_FACE('',(#2536),#2619,.F.);
#2932=ADVANCED_FACE('',(#2537),#67,.T.);
#2933=ADVANCED_FACE('',(#2538),#68,.T.);
#2934=ADVANCED_FACE('',(#2539),#2620,.F.);
#2935=ADVANCED_FACE('',(#2540),#2621,.F.);
#2936=ADVANCED_FACE('',(#2541),#69,.T.);
#2937=ADVANCED_FACE('',(#2542),#70,.T.);
#2938=ADVANCED_FACE('',(#2543),#2622,.F.);
#2939=ADVANCED_FACE('',(#2544),#2623,.F.);
#2940=ADVANCED_FACE('',(#2545),#71,.T.);
#2941=ADVANCED_FACE('',(#2546),#72,.T.);
#2942=ADVANCED_FACE('',(#2547),#2624,.F.);
#2943=ADVANCED_FACE('',(#2548),#2625,.F.);
#2944=ADVANCED_FACE('',(#2549),#73,.T.);
#2945=ADVANCED_FACE('',(#2550),#2626,.F.);
#2946=ADVANCED_FACE('',(#2551),#12,.T.);
#2947=ADVANCED_FACE('',(#2552),#92,.T.);
#2948=ADVANCED_FACE('',(#2553),#282,.T.);
#2949=ADVANCED_FACE('',(#2554),#13,.T.);
#2950=ADVANCED_FACE('',(#2555),#14,.T.);
#2951=ADVANCED_FACE('',(#2556),#283,.T.);
#2952=ADVANCED_FACE('',(#2557),#93,.T.);
#2953=ADVANCED_FACE('',(#2558),#15,.T.);
#2954=ADVANCED_FACE('',(#2559),#2627,.T.);
#2955=ADVANCED_FACE('',(#2560),#2628,.F.);
#2956=ADVANCED_FACE('',(#2561),#2629,.F.);
#2957=ADVANCED_FACE('',(#2562),#2630,.T.);
#2958=ADVANCED_FACE('',(#2563),#2631,.T.);
#2959=ADVANCED_FACE('',(#2564),#2632,.F.);
#2960=ADVANCED_FACE('',(#2565),#2633,.F.);
#2961=ADVANCED_FACE('',(#2566),#2634,.F.);
#2962=ADVANCED_FACE('',(#2567),#2635,.F.);
#2963=ADVANCED_FACE('',(#2568),#2636,.T.);
#2964=ADVANCED_FACE('',(#2569),#284,.T.);
#2965=ADVANCED_FACE('',(#2570),#285,.T.);
#2966=ADVANCED_FACE('',(#2571),#286,.T.);
#2967=ADVANCED_FACE('',(#2572),#287,.T.);
#2968=ADVANCED_FACE('',(#2573),#288,.T.);
#2969=CLOSED_SHELL('',(#2803,#2804,#2805,#2806,#2807,#2808,#2809,#2810,
#2811,#2812,#2813,#2814,#2815,#2816,#2817,#2818,#2819,#2820,#2821,#2822,
#2823,#2824,#2825,#2826,#2827,#2828,#2829,#2830,#2831,#2832,#2833,#2834,
#2835,#2836,#2837,#2838,#2839,#2840,#2841,#2842,#2843,#2844,#2845,#2846,
#2847,#2848,#2849,#2850,#2851,#2852,#2853,#2854,#2855,#2856,#2857,#2858,
#2859,#2860,#2861,#2862,#2863,#2864,#2865,#2866,#2867,#2868,#2869,#2870,
#2871,#2872,#2873,#2874,#2875,#2876,#2877,#2878,#2879,#2880,#2881,#2882,
#2883,#2884,#2885,#2886,#2887,#2888,#2889,#2890,#2891,#2892,#2893,#2894,
#2895,#2896,#2897,#2898,#2899,#2900,#2901,#2902,#2903,#2904,#2905,#2906,
#2907,#2908,#2909,#2910,#2911,#2912,#2913,#2914,#2915,#2916,#2917,#2918,
#2919,#2920,#2921,#2922,#2923,#2924,#2925,#2926,#2927,#2928,#2929,#2930,
#2931,#2932,#2933,#2934,#2935,#2936,#2937,#2938,#2939,#2940,#2941,#2942,
#2943,#2944,#2945,#2946,#2947,#2948,#2949,#2950,#2951,#2952,#2953,#2954,
#2955,#2956,#2957,#2958,#2959,#2960,#2961,#2962,#2963,#2964,#2965,#2966,
#2967,#2968));
#2970=STYLED_ITEM('',(#2971),#3975);
#2971=PRESENTATION_STYLE_ASSIGNMENT((#3138));
#2972=PRESENTATION_STYLE_ASSIGNMENT((#3139));
#2973=PRESENTATION_STYLE_ASSIGNMENT((#3140));
#2974=PRESENTATION_STYLE_ASSIGNMENT((#3141));
#2975=PRESENTATION_STYLE_ASSIGNMENT((#3142));
#2976=PRESENTATION_STYLE_ASSIGNMENT((#3143));
#2977=PRESENTATION_STYLE_ASSIGNMENT((#3144));
#2978=PRESENTATION_STYLE_ASSIGNMENT((#3145));
#2979=PRESENTATION_STYLE_ASSIGNMENT((#3146));
#2980=PRESENTATION_STYLE_ASSIGNMENT((#3147));
#2981=PRESENTATION_STYLE_ASSIGNMENT((#3148));
#2982=PRESENTATION_STYLE_ASSIGNMENT((#3149));
#2983=PRESENTATION_STYLE_ASSIGNMENT((#3150));
#2984=PRESENTATION_STYLE_ASSIGNMENT((#3151));
#2985=PRESENTATION_STYLE_ASSIGNMENT((#3152));
#2986=PRESENTATION_STYLE_ASSIGNMENT((#3153));
#2987=PRESENTATION_STYLE_ASSIGNMENT((#3154));
#2988=PRESENTATION_STYLE_ASSIGNMENT((#3155));
#2989=PRESENTATION_STYLE_ASSIGNMENT((#3156));
#2990=PRESENTATION_STYLE_ASSIGNMENT((#3157));
#2991=PRESENTATION_STYLE_ASSIGNMENT((#3158));
#2992=PRESENTATION_STYLE_ASSIGNMENT((#3159));
#2993=PRESENTATION_STYLE_ASSIGNMENT((#3160));
#2994=PRESENTATION_STYLE_ASSIGNMENT((#3161));
#2995=PRESENTATION_STYLE_ASSIGNMENT((#3162));
#2996=PRESENTATION_STYLE_ASSIGNMENT((#3163));
#2997=PRESENTATION_STYLE_ASSIGNMENT((#3164));
#2998=PRESENTATION_STYLE_ASSIGNMENT((#3165));
#2999=PRESENTATION_STYLE_ASSIGNMENT((#3166));
#3000=PRESENTATION_STYLE_ASSIGNMENT((#3167));
#3001=PRESENTATION_STYLE_ASSIGNMENT((#3168));
#3002=PRESENTATION_STYLE_ASSIGNMENT((#3169));
#3003=PRESENTATION_STYLE_ASSIGNMENT((#3170));
#3004=PRESENTATION_STYLE_ASSIGNMENT((#3171));
#3005=PRESENTATION_STYLE_ASSIGNMENT((#3172));
#3006=PRESENTATION_STYLE_ASSIGNMENT((#3173));
#3007=PRESENTATION_STYLE_ASSIGNMENT((#3174));
#3008=PRESENTATION_STYLE_ASSIGNMENT((#3175));
#3009=PRESENTATION_STYLE_ASSIGNMENT((#3176));
#3010=PRESENTATION_STYLE_ASSIGNMENT((#3177));
#3011=PRESENTATION_STYLE_ASSIGNMENT((#3178));
#3012=PRESENTATION_STYLE_ASSIGNMENT((#3179));
#3013=PRESENTATION_STYLE_ASSIGNMENT((#3180));
#3014=PRESENTATION_STYLE_ASSIGNMENT((#3181));
#3015=PRESENTATION_STYLE_ASSIGNMENT((#3182));
#3016=PRESENTATION_STYLE_ASSIGNMENT((#3183));
#3017=PRESENTATION_STYLE_ASSIGNMENT((#3184));
#3018=PRESENTATION_STYLE_ASSIGNMENT((#3185));
#3019=PRESENTATION_STYLE_ASSIGNMENT((#3186));
#3020=PRESENTATION_STYLE_ASSIGNMENT((#3187));
#3021=PRESENTATION_STYLE_ASSIGNMENT((#3188));
#3022=PRESENTATION_STYLE_ASSIGNMENT((#3189));
#3023=PRESENTATION_STYLE_ASSIGNMENT((#3190));
#3024=PRESENTATION_STYLE_ASSIGNMENT((#3191));
#3025=PRESENTATION_STYLE_ASSIGNMENT((#3192));
#3026=PRESENTATION_STYLE_ASSIGNMENT((#3193));
#3027=PRESENTATION_STYLE_ASSIGNMENT((#3194));
#3028=PRESENTATION_STYLE_ASSIGNMENT((#3195));
#3029=PRESENTATION_STYLE_ASSIGNMENT((#3196));
#3030=PRESENTATION_STYLE_ASSIGNMENT((#3197));
#3031=PRESENTATION_STYLE_ASSIGNMENT((#3198));
#3032=PRESENTATION_STYLE_ASSIGNMENT((#3199));
#3033=PRESENTATION_STYLE_ASSIGNMENT((#3200));
#3034=PRESENTATION_STYLE_ASSIGNMENT((#3201));
#3035=PRESENTATION_STYLE_ASSIGNMENT((#3202));
#3036=PRESENTATION_STYLE_ASSIGNMENT((#3203));
#3037=PRESENTATION_STYLE_ASSIGNMENT((#3204));
#3038=PRESENTATION_STYLE_ASSIGNMENT((#3205));
#3039=PRESENTATION_STYLE_ASSIGNMENT((#3206));
#3040=PRESENTATION_STYLE_ASSIGNMENT((#3207));
#3041=PRESENTATION_STYLE_ASSIGNMENT((#3208));
#3042=PRESENTATION_STYLE_ASSIGNMENT((#3209));
#3043=PRESENTATION_STYLE_ASSIGNMENT((#3210));
#3044=PRESENTATION_STYLE_ASSIGNMENT((#3211));
#3045=PRESENTATION_STYLE_ASSIGNMENT((#3212));
#3046=PRESENTATION_STYLE_ASSIGNMENT((#3213));
#3047=PRESENTATION_STYLE_ASSIGNMENT((#3214));
#3048=PRESENTATION_STYLE_ASSIGNMENT((#3215));
#3049=PRESENTATION_STYLE_ASSIGNMENT((#3216));
#3050=PRESENTATION_STYLE_ASSIGNMENT((#3217));
#3051=PRESENTATION_STYLE_ASSIGNMENT((#3218));
#3052=PRESENTATION_STYLE_ASSIGNMENT((#3219));
#3053=PRESENTATION_STYLE_ASSIGNMENT((#3220));
#3054=PRESENTATION_STYLE_ASSIGNMENT((#3221));
#3055=PRESENTATION_STYLE_ASSIGNMENT((#3222));
#3056=PRESENTATION_STYLE_ASSIGNMENT((#3223));
#3057=PRESENTATION_STYLE_ASSIGNMENT((#3224));
#3058=PRESENTATION_STYLE_ASSIGNMENT((#3225));
#3059=PRESENTATION_STYLE_ASSIGNMENT((#3226));
#3060=PRESENTATION_STYLE_ASSIGNMENT((#3227));
#3061=PRESENTATION_STYLE_ASSIGNMENT((#3228));
#3062=PRESENTATION_STYLE_ASSIGNMENT((#3229));
#3063=PRESENTATION_STYLE_ASSIGNMENT((#3230));
#3064=PRESENTATION_STYLE_ASSIGNMENT((#3231));
#3065=PRESENTATION_STYLE_ASSIGNMENT((#3232));
#3066=PRESENTATION_STYLE_ASSIGNMENT((#3233));
#3067=PRESENTATION_STYLE_ASSIGNMENT((#3234));
#3068=PRESENTATION_STYLE_ASSIGNMENT((#3235));
#3069=PRESENTATION_STYLE_ASSIGNMENT((#3236));
#3070=PRESENTATION_STYLE_ASSIGNMENT((#3237));
#3071=PRESENTATION_STYLE_ASSIGNMENT((#3238));
#3072=PRESENTATION_STYLE_ASSIGNMENT((#3239));
#3073=PRESENTATION_STYLE_ASSIGNMENT((#3240));
#3074=PRESENTATION_STYLE_ASSIGNMENT((#3241));
#3075=PRESENTATION_STYLE_ASSIGNMENT((#3242));
#3076=PRESENTATION_STYLE_ASSIGNMENT((#3243));
#3077=PRESENTATION_STYLE_ASSIGNMENT((#3244));
#3078=PRESENTATION_STYLE_ASSIGNMENT((#3245));
#3079=PRESENTATION_STYLE_ASSIGNMENT((#3246));
#3080=PRESENTATION_STYLE_ASSIGNMENT((#3247));
#3081=PRESENTATION_STYLE_ASSIGNMENT((#3248));
#3082=PRESENTATION_STYLE_ASSIGNMENT((#3249));
#3083=PRESENTATION_STYLE_ASSIGNMENT((#3250));
#3084=PRESENTATION_STYLE_ASSIGNMENT((#3251));
#3085=PRESENTATION_STYLE_ASSIGNMENT((#3252));
#3086=PRESENTATION_STYLE_ASSIGNMENT((#3253));
#3087=PRESENTATION_STYLE_ASSIGNMENT((#3254));
#3088=PRESENTATION_STYLE_ASSIGNMENT((#3255));
#3089=PRESENTATION_STYLE_ASSIGNMENT((#3256));
#3090=PRESENTATION_STYLE_ASSIGNMENT((#3257));
#3091=PRESENTATION_STYLE_ASSIGNMENT((#3258));
#3092=PRESENTATION_STYLE_ASSIGNMENT((#3259));
#3093=PRESENTATION_STYLE_ASSIGNMENT((#3260));
#3094=PRESENTATION_STYLE_ASSIGNMENT((#3261));
#3095=PRESENTATION_STYLE_ASSIGNMENT((#3262));
#3096=PRESENTATION_STYLE_ASSIGNMENT((#3263));
#3097=PRESENTATION_STYLE_ASSIGNMENT((#3264));
#3098=PRESENTATION_STYLE_ASSIGNMENT((#3265));
#3099=PRESENTATION_STYLE_ASSIGNMENT((#3266));
#3100=PRESENTATION_STYLE_ASSIGNMENT((#3267));
#3101=PRESENTATION_STYLE_ASSIGNMENT((#3268));
#3102=PRESENTATION_STYLE_ASSIGNMENT((#3269));
#3103=PRESENTATION_STYLE_ASSIGNMENT((#3270));
#3104=PRESENTATION_STYLE_ASSIGNMENT((#3271));
#3105=PRESENTATION_STYLE_ASSIGNMENT((#3272));
#3106=PRESENTATION_STYLE_ASSIGNMENT((#3273));
#3107=PRESENTATION_STYLE_ASSIGNMENT((#3274));
#3108=PRESENTATION_STYLE_ASSIGNMENT((#3275));
#3109=PRESENTATION_STYLE_ASSIGNMENT((#3276));
#3110=PRESENTATION_STYLE_ASSIGNMENT((#3277));
#3111=PRESENTATION_STYLE_ASSIGNMENT((#3278));
#3112=PRESENTATION_STYLE_ASSIGNMENT((#3279));
#3113=PRESENTATION_STYLE_ASSIGNMENT((#3280));
#3114=PRESENTATION_STYLE_ASSIGNMENT((#3281));
#3115=PRESENTATION_STYLE_ASSIGNMENT((#3282));
#3116=PRESENTATION_STYLE_ASSIGNMENT((#3283));
#3117=PRESENTATION_STYLE_ASSIGNMENT((#3284));
#3118=PRESENTATION_STYLE_ASSIGNMENT((#3285));
#3119=PRESENTATION_STYLE_ASSIGNMENT((#3286));
#3120=PRESENTATION_STYLE_ASSIGNMENT((#3287));
#3121=PRESENTATION_STYLE_ASSIGNMENT((#3288));
#3122=PRESENTATION_STYLE_ASSIGNMENT((#3289));
#3123=PRESENTATION_STYLE_ASSIGNMENT((#3290));
#3124=PRESENTATION_STYLE_ASSIGNMENT((#3291));
#3125=PRESENTATION_STYLE_ASSIGNMENT((#3292));
#3126=PRESENTATION_STYLE_ASSIGNMENT((#3293));
#3127=PRESENTATION_STYLE_ASSIGNMENT((#3294));
#3128=PRESENTATION_STYLE_ASSIGNMENT((#3295));
#3129=PRESENTATION_STYLE_ASSIGNMENT((#3296));
#3130=PRESENTATION_STYLE_ASSIGNMENT((#3297));
#3131=PRESENTATION_STYLE_ASSIGNMENT((#3298));
#3132=PRESENTATION_STYLE_ASSIGNMENT((#3299));
#3133=PRESENTATION_STYLE_ASSIGNMENT((#3300));
#3134=PRESENTATION_STYLE_ASSIGNMENT((#3301));
#3135=PRESENTATION_STYLE_ASSIGNMENT((#3302));
#3136=PRESENTATION_STYLE_ASSIGNMENT((#3303));
#3137=PRESENTATION_STYLE_ASSIGNMENT((#3304));
#3138=SURFACE_STYLE_USAGE(.BOTH.,#3305);
#3139=SURFACE_STYLE_USAGE(.BOTH.,#3306);
#3140=SURFACE_STYLE_USAGE(.BOTH.,#3307);
#3141=SURFACE_STYLE_USAGE(.BOTH.,#3308);
#3142=SURFACE_STYLE_USAGE(.BOTH.,#3309);
#3143=SURFACE_STYLE_USAGE(.BOTH.,#3310);
#3144=SURFACE_STYLE_USAGE(.BOTH.,#3311);
#3145=SURFACE_STYLE_USAGE(.BOTH.,#3312);
#3146=SURFACE_STYLE_USAGE(.BOTH.,#3313);
#3147=SURFACE_STYLE_USAGE(.BOTH.,#3314);
#3148=SURFACE_STYLE_USAGE(.BOTH.,#3315);
#3149=SURFACE_STYLE_USAGE(.BOTH.,#3316);
#3150=SURFACE_STYLE_USAGE(.BOTH.,#3317);
#3151=SURFACE_STYLE_USAGE(.BOTH.,#3318);
#3152=SURFACE_STYLE_USAGE(.BOTH.,#3319);
#3153=SURFACE_STYLE_USAGE(.BOTH.,#3320);
#3154=SURFACE_STYLE_USAGE(.BOTH.,#3321);
#3155=SURFACE_STYLE_USAGE(.BOTH.,#3322);
#3156=SURFACE_STYLE_USAGE(.BOTH.,#3323);
#3157=SURFACE_STYLE_USAGE(.BOTH.,#3324);
#3158=SURFACE_STYLE_USAGE(.BOTH.,#3325);
#3159=SURFACE_STYLE_USAGE(.BOTH.,#3326);
#3160=SURFACE_STYLE_USAGE(.BOTH.,#3327);
#3161=SURFACE_STYLE_USAGE(.BOTH.,#3328);
#3162=SURFACE_STYLE_USAGE(.BOTH.,#3329);
#3163=SURFACE_STYLE_USAGE(.BOTH.,#3330);
#3164=SURFACE_STYLE_USAGE(.BOTH.,#3331);
#3165=SURFACE_STYLE_USAGE(.BOTH.,#3332);
#3166=SURFACE_STYLE_USAGE(.BOTH.,#3333);
#3167=SURFACE_STYLE_USAGE(.BOTH.,#3334);
#3168=SURFACE_STYLE_USAGE(.BOTH.,#3335);
#3169=SURFACE_STYLE_USAGE(.BOTH.,#3336);
#3170=SURFACE_STYLE_USAGE(.BOTH.,#3337);
#3171=SURFACE_STYLE_USAGE(.BOTH.,#3338);
#3172=SURFACE_STYLE_USAGE(.BOTH.,#3339);
#3173=SURFACE_STYLE_USAGE(.BOTH.,#3340);
#3174=SURFACE_STYLE_USAGE(.BOTH.,#3341);
#3175=SURFACE_STYLE_USAGE(.BOTH.,#3342);
#3176=SURFACE_STYLE_USAGE(.BOTH.,#3343);
#3177=SURFACE_STYLE_USAGE(.BOTH.,#3344);
#3178=SURFACE_STYLE_USAGE(.BOTH.,#3345);
#3179=SURFACE_STYLE_USAGE(.BOTH.,#3346);
#3180=SURFACE_STYLE_USAGE(.BOTH.,#3347);
#3181=SURFACE_STYLE_USAGE(.BOTH.,#3348);
#3182=SURFACE_STYLE_USAGE(.BOTH.,#3349);
#3183=SURFACE_STYLE_USAGE(.BOTH.,#3350);
#3184=SURFACE_STYLE_USAGE(.BOTH.,#3351);
#3185=SURFACE_STYLE_USAGE(.BOTH.,#3352);
#3186=SURFACE_STYLE_USAGE(.BOTH.,#3353);
#3187=SURFACE_STYLE_USAGE(.BOTH.,#3354);
#3188=SURFACE_STYLE_USAGE(.BOTH.,#3355);
#3189=SURFACE_STYLE_USAGE(.BOTH.,#3356);
#3190=SURFACE_STYLE_USAGE(.BOTH.,#3357);
#3191=SURFACE_STYLE_USAGE(.BOTH.,#3358);
#3192=SURFACE_STYLE_USAGE(.BOTH.,#3359);
#3193=SURFACE_STYLE_USAGE(.BOTH.,#3360);
#3194=SURFACE_STYLE_USAGE(.BOTH.,#3361);
#3195=SURFACE_STYLE_USAGE(.BOTH.,#3362);
#3196=SURFACE_STYLE_USAGE(.BOTH.,#3363);
#3197=SURFACE_STYLE_USAGE(.BOTH.,#3364);
#3198=SURFACE_STYLE_USAGE(.BOTH.,#3365);
#3199=SURFACE_STYLE_USAGE(.BOTH.,#3366);
#3200=SURFACE_STYLE_USAGE(.BOTH.,#3367);
#3201=SURFACE_STYLE_USAGE(.BOTH.,#3368);
#3202=SURFACE_STYLE_USAGE(.BOTH.,#3369);
#3203=SURFACE_STYLE_USAGE(.BOTH.,#3370);
#3204=SURFACE_STYLE_USAGE(.BOTH.,#3371);
#3205=SURFACE_STYLE_USAGE(.BOTH.,#3372);
#3206=SURFACE_STYLE_USAGE(.BOTH.,#3373);
#3207=SURFACE_STYLE_USAGE(.BOTH.,#3374);
#3208=SURFACE_STYLE_USAGE(.BOTH.,#3375);
#3209=SURFACE_STYLE_USAGE(.BOTH.,#3376);
#3210=SURFACE_STYLE_USAGE(.BOTH.,#3377);
#3211=SURFACE_STYLE_USAGE(.BOTH.,#3378);
#3212=SURFACE_STYLE_USAGE(.BOTH.,#3379);
#3213=SURFACE_STYLE_USAGE(.BOTH.,#3380);
#3214=SURFACE_STYLE_USAGE(.BOTH.,#3381);
#3215=SURFACE_STYLE_USAGE(.BOTH.,#3382);
#3216=SURFACE_STYLE_USAGE(.BOTH.,#3383);
#3217=SURFACE_STYLE_USAGE(.BOTH.,#3384);
#3218=SURFACE_STYLE_USAGE(.BOTH.,#3385);
#3219=SURFACE_STYLE_USAGE(.BOTH.,#3386);
#3220=SURFACE_STYLE_USAGE(.BOTH.,#3387);
#3221=SURFACE_STYLE_USAGE(.BOTH.,#3388);
#3222=SURFACE_STYLE_USAGE(.BOTH.,#3389);
#3223=SURFACE_STYLE_USAGE(.BOTH.,#3390);
#3224=SURFACE_STYLE_USAGE(.BOTH.,#3391);
#3225=SURFACE_STYLE_USAGE(.BOTH.,#3392);
#3226=SURFACE_STYLE_USAGE(.BOTH.,#3393);
#3227=SURFACE_STYLE_USAGE(.BOTH.,#3394);
#3228=SURFACE_STYLE_USAGE(.BOTH.,#3395);
#3229=SURFACE_STYLE_USAGE(.BOTH.,#3396);
#3230=SURFACE_STYLE_USAGE(.BOTH.,#3397);
#3231=SURFACE_STYLE_USAGE(.BOTH.,#3398);
#3232=SURFACE_STYLE_USAGE(.BOTH.,#3399);
#3233=SURFACE_STYLE_USAGE(.BOTH.,#3400);
#3234=SURFACE_STYLE_USAGE(.BOTH.,#3401);
#3235=SURFACE_STYLE_USAGE(.BOTH.,#3402);
#3236=SURFACE_STYLE_USAGE(.BOTH.,#3403);
#3237=SURFACE_STYLE_USAGE(.BOTH.,#3404);
#3238=SURFACE_STYLE_USAGE(.BOTH.,#3405);
#3239=SURFACE_STYLE_USAGE(.BOTH.,#3406);
#3240=SURFACE_STYLE_USAGE(.BOTH.,#3407);
#3241=SURFACE_STYLE_USAGE(.BOTH.,#3408);
#3242=SURFACE_STYLE_USAGE(.BOTH.,#3409);
#3243=SURFACE_STYLE_USAGE(.BOTH.,#3410);
#3244=SURFACE_STYLE_USAGE(.BOTH.,#3411);
#3245=SURFACE_STYLE_USAGE(.BOTH.,#3412);
#3246=SURFACE_STYLE_USAGE(.BOTH.,#3413);
#3247=SURFACE_STYLE_USAGE(.BOTH.,#3414);
#3248=SURFACE_STYLE_USAGE(.BOTH.,#3415);
#3249=SURFACE_STYLE_USAGE(.BOTH.,#3416);
#3250=SURFACE_STYLE_USAGE(.BOTH.,#3417);
#3251=SURFACE_STYLE_USAGE(.BOTH.,#3418);
#3252=SURFACE_STYLE_USAGE(.BOTH.,#3419);
#3253=SURFACE_STYLE_USAGE(.BOTH.,#3420);
#3254=SURFACE_STYLE_USAGE(.BOTH.,#3421);
#3255=SURFACE_STYLE_USAGE(.BOTH.,#3422);
#3256=SURFACE_STYLE_USAGE(.BOTH.,#3423);
#3257=SURFACE_STYLE_USAGE(.BOTH.,#3424);
#3258=SURFACE_STYLE_USAGE(.BOTH.,#3425);
#3259=SURFACE_STYLE_USAGE(.BOTH.,#3426);
#3260=SURFACE_STYLE_USAGE(.BOTH.,#3427);
#3261=SURFACE_STYLE_USAGE(.BOTH.,#3428);
#3262=SURFACE_STYLE_USAGE(.BOTH.,#3429);
#3263=SURFACE_STYLE_USAGE(.BOTH.,#3430);
#3264=SURFACE_STYLE_USAGE(.BOTH.,#3431);
#3265=SURFACE_STYLE_USAGE(.BOTH.,#3432);
#3266=SURFACE_STYLE_USAGE(.BOTH.,#3433);
#3267=SURFACE_STYLE_USAGE(.BOTH.,#3434);
#3268=SURFACE_STYLE_USAGE(.BOTH.,#3435);
#3269=SURFACE_STYLE_USAGE(.BOTH.,#3436);
#3270=SURFACE_STYLE_USAGE(.BOTH.,#3437);
#3271=SURFACE_STYLE_USAGE(.BOTH.,#3438);
#3272=SURFACE_STYLE_USAGE(.BOTH.,#3439);
#3273=SURFACE_STYLE_USAGE(.BOTH.,#3440);
#3274=SURFACE_STYLE_USAGE(.BOTH.,#3441);
#3275=SURFACE_STYLE_USAGE(.BOTH.,#3442);
#3276=SURFACE_STYLE_USAGE(.BOTH.,#3443);
#3277=SURFACE_STYLE_USAGE(.BOTH.,#3444);
#3278=SURFACE_STYLE_USAGE(.BOTH.,#3445);
#3279=SURFACE_STYLE_USAGE(.BOTH.,#3446);
#3280=SURFACE_STYLE_USAGE(.BOTH.,#3447);
#3281=SURFACE_STYLE_USAGE(.BOTH.,#3448);
#3282=SURFACE_STYLE_USAGE(.BOTH.,#3449);
#3283=SURFACE_STYLE_USAGE(.BOTH.,#3450);
#3284=SURFACE_STYLE_USAGE(.BOTH.,#3451);
#3285=SURFACE_STYLE_USAGE(.BOTH.,#3452);
#3286=SURFACE_STYLE_USAGE(.BOTH.,#3453);
#3287=SURFACE_STYLE_USAGE(.BOTH.,#3454);
#3288=SURFACE_STYLE_USAGE(.BOTH.,#3455);
#3289=SURFACE_STYLE_USAGE(.BOTH.,#3456);
#3290=SURFACE_STYLE_USAGE(.BOTH.,#3457);
#3291=SURFACE_STYLE_USAGE(.BOTH.,#3458);
#3292=SURFACE_STYLE_USAGE(.BOTH.,#3459);
#3293=SURFACE_STYLE_USAGE(.BOTH.,#3460);
#3294=SURFACE_STYLE_USAGE(.BOTH.,#3461);
#3295=SURFACE_STYLE_USAGE(.BOTH.,#3462);
#3296=SURFACE_STYLE_USAGE(.BOTH.,#3463);
#3297=SURFACE_STYLE_USAGE(.BOTH.,#3464);
#3298=SURFACE_STYLE_USAGE(.BOTH.,#3465);
#3299=SURFACE_STYLE_USAGE(.BOTH.,#3466);
#3300=SURFACE_STYLE_USAGE(.BOTH.,#3467);
#3301=SURFACE_STYLE_USAGE(.BOTH.,#3468);
#3302=SURFACE_STYLE_USAGE(.BOTH.,#3469);
#3303=SURFACE_STYLE_USAGE(.BOTH.,#3470);
#3304=SURFACE_STYLE_USAGE(.BOTH.,#3471);
#3305=SURFACE_SIDE_STYLE('',(#3472));
#3306=SURFACE_SIDE_STYLE('',(#3473));
#3307=SURFACE_SIDE_STYLE('',(#3474));
#3308=SURFACE_SIDE_STYLE('',(#3475));
#3309=SURFACE_SIDE_STYLE('',(#3476));
#3310=SURFACE_SIDE_STYLE('',(#3477));
#3311=SURFACE_SIDE_STYLE('',(#3478));
#3312=SURFACE_SIDE_STYLE('',(#3479));
#3313=SURFACE_SIDE_STYLE('',(#3480));
#3314=SURFACE_SIDE_STYLE('',(#3481));
#3315=SURFACE_SIDE_STYLE('',(#3482));
#3316=SURFACE_SIDE_STYLE('',(#3483));
#3317=SURFACE_SIDE_STYLE('',(#3484));
#3318=SURFACE_SIDE_STYLE('',(#3485));
#3319=SURFACE_SIDE_STYLE('',(#3486));
#3320=SURFACE_SIDE_STYLE('',(#3487));
#3321=SURFACE_SIDE_STYLE('',(#3488));
#3322=SURFACE_SIDE_STYLE('',(#3489));
#3323=SURFACE_SIDE_STYLE('',(#3490));
#3324=SURFACE_SIDE_STYLE('',(#3491));
#3325=SURFACE_SIDE_STYLE('',(#3492));
#3326=SURFACE_SIDE_STYLE('',(#3493));
#3327=SURFACE_SIDE_STYLE('',(#3494));
#3328=SURFACE_SIDE_STYLE('',(#3495));
#3329=SURFACE_SIDE_STYLE('',(#3496));
#3330=SURFACE_SIDE_STYLE('',(#3497));
#3331=SURFACE_SIDE_STYLE('',(#3498));
#3332=SURFACE_SIDE_STYLE('',(#3499));
#3333=SURFACE_SIDE_STYLE('',(#3500));
#3334=SURFACE_SIDE_STYLE('',(#3501));
#3335=SURFACE_SIDE_STYLE('',(#3502));
#3336=SURFACE_SIDE_STYLE('',(#3503));
#3337=SURFACE_SIDE_STYLE('',(#3504));
#3338=SURFACE_SIDE_STYLE('',(#3505));
#3339=SURFACE_SIDE_STYLE('',(#3506));
#3340=SURFACE_SIDE_STYLE('',(#3507));
#3341=SURFACE_SIDE_STYLE('',(#3508));
#3342=SURFACE_SIDE_STYLE('',(#3509));
#3343=SURFACE_SIDE_STYLE('',(#3510));
#3344=SURFACE_SIDE_STYLE('',(#3511));
#3345=SURFACE_SIDE_STYLE('',(#3512));
#3346=SURFACE_SIDE_STYLE('',(#3513));
#3347=SURFACE_SIDE_STYLE('',(#3514));
#3348=SURFACE_SIDE_STYLE('',(#3515));
#3349=SURFACE_SIDE_STYLE('',(#3516));
#3350=SURFACE_SIDE_STYLE('',(#3517));
#3351=SURFACE_SIDE_STYLE('',(#3518));
#3352=SURFACE_SIDE_STYLE('',(#3519));
#3353=SURFACE_SIDE_STYLE('',(#3520));
#3354=SURFACE_SIDE_STYLE('',(#3521));
#3355=SURFACE_SIDE_STYLE('',(#3522));
#3356=SURFACE_SIDE_STYLE('',(#3523));
#3357=SURFACE_SIDE_STYLE('',(#3524));
#3358=SURFACE_SIDE_STYLE('',(#3525));
#3359=SURFACE_SIDE_STYLE('',(#3526));
#3360=SURFACE_SIDE_STYLE('',(#3527));
#3361=SURFACE_SIDE_STYLE('',(#3528));
#3362=SURFACE_SIDE_STYLE('',(#3529));
#3363=SURFACE_SIDE_STYLE('',(#3530));
#3364=SURFACE_SIDE_STYLE('',(#3531));
#3365=SURFACE_SIDE_STYLE('',(#3532));
#3366=SURFACE_SIDE_STYLE('',(#3533));
#3367=SURFACE_SIDE_STYLE('',(#3534));
#3368=SURFACE_SIDE_STYLE('',(#3535));
#3369=SURFACE_SIDE_STYLE('',(#3536));
#3370=SURFACE_SIDE_STYLE('',(#3537));
#3371=SURFACE_SIDE_STYLE('',(#3538));
#3372=SURFACE_SIDE_STYLE('',(#3539));
#3373=SURFACE_SIDE_STYLE('',(#3540));
#3374=SURFACE_SIDE_STYLE('',(#3541));
#3375=SURFACE_SIDE_STYLE('',(#3542));
#3376=SURFACE_SIDE_STYLE('',(#3543));
#3377=SURFACE_SIDE_STYLE('',(#3544));
#3378=SURFACE_SIDE_STYLE('',(#3545));
#3379=SURFACE_SIDE_STYLE('',(#3546));
#3380=SURFACE_SIDE_STYLE('',(#3547));
#3381=SURFACE_SIDE_STYLE('',(#3548));
#3382=SURFACE_SIDE_STYLE('',(#3549));
#3383=SURFACE_SIDE_STYLE('',(#3550));
#3384=SURFACE_SIDE_STYLE('',(#3551));
#3385=SURFACE_SIDE_STYLE('',(#3552));
#3386=SURFACE_SIDE_STYLE('',(#3553));
#3387=SURFACE_SIDE_STYLE('',(#3554));
#3388=SURFACE_SIDE_STYLE('',(#3555));
#3389=SURFACE_SIDE_STYLE('',(#3556));
#3390=SURFACE_SIDE_STYLE('',(#3557));
#3391=SURFACE_SIDE_STYLE('',(#3558));
#3392=SURFACE_SIDE_STYLE('',(#3559));
#3393=SURFACE_SIDE_STYLE('',(#3560));
#3394=SURFACE_SIDE_STYLE('',(#3561));
#3395=SURFACE_SIDE_STYLE('',(#3562));
#3396=SURFACE_SIDE_STYLE('',(#3563));
#3397=SURFACE_SIDE_STYLE('',(#3564));
#3398=SURFACE_SIDE_STYLE('',(#3565));
#3399=SURFACE_SIDE_STYLE('',(#3566));
#3400=SURFACE_SIDE_STYLE('',(#3567));
#3401=SURFACE_SIDE_STYLE('',(#3568));
#3402=SURFACE_SIDE_STYLE('',(#3569));
#3403=SURFACE_SIDE_STYLE('',(#3570));
#3404=SURFACE_SIDE_STYLE('',(#3571));
#3405=SURFACE_SIDE_STYLE('',(#3572));
#3406=SURFACE_SIDE_STYLE('',(#3573));
#3407=SURFACE_SIDE_STYLE('',(#3574));
#3408=SURFACE_SIDE_STYLE('',(#3575));
#3409=SURFACE_SIDE_STYLE('',(#3576));
#3410=SURFACE_SIDE_STYLE('',(#3577));
#3411=SURFACE_SIDE_STYLE('',(#3578));
#3412=SURFACE_SIDE_STYLE('',(#3579));
#3413=SURFACE_SIDE_STYLE('',(#3580));
#3414=SURFACE_SIDE_STYLE('',(#3581));
#3415=SURFACE_SIDE_STYLE('',(#3582));
#3416=SURFACE_SIDE_STYLE('',(#3583));
#3417=SURFACE_SIDE_STYLE('',(#3584));
#3418=SURFACE_SIDE_STYLE('',(#3585));
#3419=SURFACE_SIDE_STYLE('',(#3586));
#3420=SURFACE_SIDE_STYLE('',(#3587));
#3421=SURFACE_SIDE_STYLE('',(#3588));
#3422=SURFACE_SIDE_STYLE('',(#3589));
#3423=SURFACE_SIDE_STYLE('',(#3590));
#3424=SURFACE_SIDE_STYLE('',(#3591));
#3425=SURFACE_SIDE_STYLE('',(#3592));
#3426=SURFACE_SIDE_STYLE('',(#3593));
#3427=SURFACE_SIDE_STYLE('',(#3594));
#3428=SURFACE_SIDE_STYLE('',(#3595));
#3429=SURFACE_SIDE_STYLE('',(#3596));
#3430=SURFACE_SIDE_STYLE('',(#3597));
#3431=SURFACE_SIDE_STYLE('',(#3598));
#3432=SURFACE_SIDE_STYLE('',(#3599));
#3433=SURFACE_SIDE_STYLE('',(#3600));
#3434=SURFACE_SIDE_STYLE('',(#3601));
#3435=SURFACE_SIDE_STYLE('',(#3602));
#3436=SURFACE_SIDE_STYLE('',(#3603));
#3437=SURFACE_SIDE_STYLE('',(#3604));
#3438=SURFACE_SIDE_STYLE('',(#3605));
#3439=SURFACE_SIDE_STYLE('',(#3606));
#3440=SURFACE_SIDE_STYLE('',(#3607));
#3441=SURFACE_SIDE_STYLE('',(#3608));
#3442=SURFACE_SIDE_STYLE('',(#3609));
#3443=SURFACE_SIDE_STYLE('',(#3610));
#3444=SURFACE_SIDE_STYLE('',(#3611));
#3445=SURFACE_SIDE_STYLE('',(#3612));
#3446=SURFACE_SIDE_STYLE('',(#3613));
#3447=SURFACE_SIDE_STYLE('',(#3614));
#3448=SURFACE_SIDE_STYLE('',(#3615));
#3449=SURFACE_SIDE_STYLE('',(#3616));
#3450=SURFACE_SIDE_STYLE('',(#3617));
#3451=SURFACE_SIDE_STYLE('',(#3618));
#3452=SURFACE_SIDE_STYLE('',(#3619));
#3453=SURFACE_SIDE_STYLE('',(#3620));
#3454=SURFACE_SIDE_STYLE('',(#3621));
#3455=SURFACE_SIDE_STYLE('',(#3622));
#3456=SURFACE_SIDE_STYLE('',(#3623));
#3457=SURFACE_SIDE_STYLE('',(#3624));
#3458=SURFACE_SIDE_STYLE('',(#3625));
#3459=SURFACE_SIDE_STYLE('',(#3626));
#3460=SURFACE_SIDE_STYLE('',(#3627));
#3461=SURFACE_SIDE_STYLE('',(#3628));
#3462=SURFACE_SIDE_STYLE('',(#3629));
#3463=SURFACE_SIDE_STYLE('',(#3630));
#3464=SURFACE_SIDE_STYLE('',(#3631));
#3465=SURFACE_SIDE_STYLE('',(#3632));
#3466=SURFACE_SIDE_STYLE('',(#3633));
#3467=SURFACE_SIDE_STYLE('',(#3634));
#3468=SURFACE_SIDE_STYLE('',(#3635));
#3469=SURFACE_SIDE_STYLE('',(#3636));
#3470=SURFACE_SIDE_STYLE('',(#3637));
#3471=SURFACE_SIDE_STYLE('',(#3638));
#3472=SURFACE_STYLE_FILL_AREA(#3639);
#3473=SURFACE_STYLE_FILL_AREA(#3640);
#3474=SURFACE_STYLE_FILL_AREA(#3641);
#3475=SURFACE_STYLE_FILL_AREA(#3642);
#3476=SURFACE_STYLE_FILL_AREA(#3643);
#3477=SURFACE_STYLE_FILL_AREA(#3644);
#3478=SURFACE_STYLE_FILL_AREA(#3645);
#3479=SURFACE_STYLE_FILL_AREA(#3646);
#3480=SURFACE_STYLE_FILL_AREA(#3647);
#3481=SURFACE_STYLE_FILL_AREA(#3648);
#3482=SURFACE_STYLE_FILL_AREA(#3649);
#3483=SURFACE_STYLE_FILL_AREA(#3650);
#3484=SURFACE_STYLE_FILL_AREA(#3651);
#3485=SURFACE_STYLE_FILL_AREA(#3652);
#3486=SURFACE_STYLE_FILL_AREA(#3653);
#3487=SURFACE_STYLE_FILL_AREA(#3654);
#3488=SURFACE_STYLE_FILL_AREA(#3655);
#3489=SURFACE_STYLE_FILL_AREA(#3656);
#3490=SURFACE_STYLE_FILL_AREA(#3657);
#3491=SURFACE_STYLE_FILL_AREA(#3658);
#3492=SURFACE_STYLE_FILL_AREA(#3659);
#3493=SURFACE_STYLE_FILL_AREA(#3660);
#3494=SURFACE_STYLE_FILL_AREA(#3661);
#3495=SURFACE_STYLE_FILL_AREA(#3662);
#3496=SURFACE_STYLE_FILL_AREA(#3663);
#3497=SURFACE_STYLE_FILL_AREA(#3664);
#3498=SURFACE_STYLE_FILL_AREA(#3665);
#3499=SURFACE_STYLE_FILL_AREA(#3666);
#3500=SURFACE_STYLE_FILL_AREA(#3667);
#3501=SURFACE_STYLE_FILL_AREA(#3668);
#3502=SURFACE_STYLE_FILL_AREA(#3669);
#3503=SURFACE_STYLE_FILL_AREA(#3670);
#3504=SURFACE_STYLE_FILL_AREA(#3671);
#3505=SURFACE_STYLE_FILL_AREA(#3672);
#3506=SURFACE_STYLE_FILL_AREA(#3673);
#3507=SURFACE_STYLE_FILL_AREA(#3674);
#3508=SURFACE_STYLE_FILL_AREA(#3675);
#3509=SURFACE_STYLE_FILL_AREA(#3676);
#3510=SURFACE_STYLE_FILL_AREA(#3677);
#3511=SURFACE_STYLE_FILL_AREA(#3678);
#3512=SURFACE_STYLE_FILL_AREA(#3679);
#3513=SURFACE_STYLE_FILL_AREA(#3680);
#3514=SURFACE_STYLE_FILL_AREA(#3681);
#3515=SURFACE_STYLE_FILL_AREA(#3682);
#3516=SURFACE_STYLE_FILL_AREA(#3683);
#3517=SURFACE_STYLE_FILL_AREA(#3684);
#3518=SURFACE_STYLE_FILL_AREA(#3685);
#3519=SURFACE_STYLE_FILL_AREA(#3686);
#3520=SURFACE_STYLE_FILL_AREA(#3687);
#3521=SURFACE_STYLE_FILL_AREA(#3688);
#3522=SURFACE_STYLE_FILL_AREA(#3689);
#3523=SURFACE_STYLE_FILL_AREA(#3690);
#3524=SURFACE_STYLE_FILL_AREA(#3691);
#3525=SURFACE_STYLE_FILL_AREA(#3692);
#3526=SURFACE_STYLE_FILL_AREA(#3693);
#3527=SURFACE_STYLE_FILL_AREA(#3694);
#3528=SURFACE_STYLE_FILL_AREA(#3695);
#3529=SURFACE_STYLE_FILL_AREA(#3696);
#3530=SURFACE_STYLE_FILL_AREA(#3697);
#3531=SURFACE_STYLE_FILL_AREA(#3698);
#3532=SURFACE_STYLE_FILL_AREA(#3699);
#3533=SURFACE_STYLE_FILL_AREA(#3700);
#3534=SURFACE_STYLE_FILL_AREA(#3701);
#3535=SURFACE_STYLE_FILL_AREA(#3702);
#3536=SURFACE_STYLE_FILL_AREA(#3703);
#3537=SURFACE_STYLE_FILL_AREA(#3704);
#3538=SURFACE_STYLE_FILL_AREA(#3705);
#3539=SURFACE_STYLE_FILL_AREA(#3706);
#3540=SURFACE_STYLE_FILL_AREA(#3707);
#3541=SURFACE_STYLE_FILL_AREA(#3708);
#3542=SURFACE_STYLE_FILL_AREA(#3709);
#3543=SURFACE_STYLE_FILL_AREA(#3710);
#3544=SURFACE_STYLE_FILL_AREA(#3711);
#3545=SURFACE_STYLE_FILL_AREA(#3712);
#3546=SURFACE_STYLE_FILL_AREA(#3713);
#3547=SURFACE_STYLE_FILL_AREA(#3714);
#3548=SURFACE_STYLE_FILL_AREA(#3715);
#3549=SURFACE_STYLE_FILL_AREA(#3716);
#3550=SURFACE_STYLE_FILL_AREA(#3717);
#3551=SURFACE_STYLE_FILL_AREA(#3718);
#3552=SURFACE_STYLE_FILL_AREA(#3719);
#3553=SURFACE_STYLE_FILL_AREA(#3720);
#3554=SURFACE_STYLE_FILL_AREA(#3721);
#3555=SURFACE_STYLE_FILL_AREA(#3722);
#3556=SURFACE_STYLE_FILL_AREA(#3723);
#3557=SURFACE_STYLE_FILL_AREA(#3724);
#3558=SURFACE_STYLE_FILL_AREA(#3725);
#3559=SURFACE_STYLE_FILL_AREA(#3726);
#3560=SURFACE_STYLE_FILL_AREA(#3727);
#3561=SURFACE_STYLE_FILL_AREA(#3728);
#3562=SURFACE_STYLE_FILL_AREA(#3729);
#3563=SURFACE_STYLE_FILL_AREA(#3730);
#3564=SURFACE_STYLE_FILL_AREA(#3731);
#3565=SURFACE_STYLE_FILL_AREA(#3732);
#3566=SURFACE_STYLE_FILL_AREA(#3733);
#3567=SURFACE_STYLE_FILL_AREA(#3734);
#3568=SURFACE_STYLE_FILL_AREA(#3735);
#3569=SURFACE_STYLE_FILL_AREA(#3736);
#3570=SURFACE_STYLE_FILL_AREA(#3737);
#3571=SURFACE_STYLE_FILL_AREA(#3738);
#3572=SURFACE_STYLE_FILL_AREA(#3739);
#3573=SURFACE_STYLE_FILL_AREA(#3740);
#3574=SURFACE_STYLE_FILL_AREA(#3741);
#3575=SURFACE_STYLE_FILL_AREA(#3742);
#3576=SURFACE_STYLE_FILL_AREA(#3743);
#3577=SURFACE_STYLE_FILL_AREA(#3744);
#3578=SURFACE_STYLE_FILL_AREA(#3745);
#3579=SURFACE_STYLE_FILL_AREA(#3746);
#3580=SURFACE_STYLE_FILL_AREA(#3747);
#3581=SURFACE_STYLE_FILL_AREA(#3748);
#3582=SURFACE_STYLE_FILL_AREA(#3749);
#3583=SURFACE_STYLE_FILL_AREA(#3750);
#3584=SURFACE_STYLE_FILL_AREA(#3751);
#3585=SURFACE_STYLE_FILL_AREA(#3752);
#3586=SURFACE_STYLE_FILL_AREA(#3753);
#3587=SURFACE_STYLE_FILL_AREA(#3754);
#3588=SURFACE_STYLE_FILL_AREA(#3755);
#3589=SURFACE_STYLE_FILL_AREA(#3756);
#3590=SURFACE_STYLE_FILL_AREA(#3757);
#3591=SURFACE_STYLE_FILL_AREA(#3758);
#3592=SURFACE_STYLE_FILL_AREA(#3759);
#3593=SURFACE_STYLE_FILL_AREA(#3760);
#3594=SURFACE_STYLE_FILL_AREA(#3761);
#3595=SURFACE_STYLE_FILL_AREA(#3762);
#3596=SURFACE_STYLE_FILL_AREA(#3763);
#3597=SURFACE_STYLE_FILL_AREA(#3764);
#3598=SURFACE_STYLE_FILL_AREA(#3765);
#3599=SURFACE_STYLE_FILL_AREA(#3766);
#3600=SURFACE_STYLE_FILL_AREA(#3767);
#3601=SURFACE_STYLE_FILL_AREA(#3768);
#3602=SURFACE_STYLE_FILL_AREA(#3769);
#3603=SURFACE_STYLE_FILL_AREA(#3770);
#3604=SURFACE_STYLE_FILL_AREA(#3771);
#3605=SURFACE_STYLE_FILL_AREA(#3772);
#3606=SURFACE_STYLE_FILL_AREA(#3773);
#3607=SURFACE_STYLE_FILL_AREA(#3774);
#3608=SURFACE_STYLE_FILL_AREA(#3775);
#3609=SURFACE_STYLE_FILL_AREA(#3776);
#3610=SURFACE_STYLE_FILL_AREA(#3777);
#3611=SURFACE_STYLE_FILL_AREA(#3778);
#3612=SURFACE_STYLE_FILL_AREA(#3779);
#3613=SURFACE_STYLE_FILL_AREA(#3780);
#3614=SURFACE_STYLE_FILL_AREA(#3781);
#3615=SURFACE_STYLE_FILL_AREA(#3782);
#3616=SURFACE_STYLE_FILL_AREA(#3783);
#3617=SURFACE_STYLE_FILL_AREA(#3784);
#3618=SURFACE_STYLE_FILL_AREA(#3785);
#3619=SURFACE_STYLE_FILL_AREA(#3786);
#3620=SURFACE_STYLE_FILL_AREA(#3787);
#3621=SURFACE_STYLE_FILL_AREA(#3788);
#3622=SURFACE_STYLE_FILL_AREA(#3789);
#3623=SURFACE_STYLE_FILL_AREA(#3790);
#3624=SURFACE_STYLE_FILL_AREA(#3791);
#3625=SURFACE_STYLE_FILL_AREA(#3792);
#3626=SURFACE_STYLE_FILL_AREA(#3793);
#3627=SURFACE_STYLE_FILL_AREA(#3794);
#3628=SURFACE_STYLE_FILL_AREA(#3795);
#3629=SURFACE_STYLE_FILL_AREA(#3796);
#3630=SURFACE_STYLE_FILL_AREA(#3797);
#3631=SURFACE_STYLE_FILL_AREA(#3798);
#3632=SURFACE_STYLE_FILL_AREA(#3799);
#3633=SURFACE_STYLE_FILL_AREA(#3800);
#3634=SURFACE_STYLE_FILL_AREA(#3801);
#3635=SURFACE_STYLE_FILL_AREA(#3802);
#3636=SURFACE_STYLE_FILL_AREA(#3803);
#3637=SURFACE_STYLE_FILL_AREA(#3804);
#3638=SURFACE_STYLE_FILL_AREA(#3805);
#3639=FILL_AREA_STYLE('',(#3806));
#3640=FILL_AREA_STYLE('',(#3807));
#3641=FILL_AREA_STYLE('',(#3808));
#3642=FILL_AREA_STYLE('',(#3809));
#3643=FILL_AREA_STYLE('',(#3810));
#3644=FILL_AREA_STYLE('',(#3811));
#3645=FILL_AREA_STYLE('',(#3812));
#3646=FILL_AREA_STYLE('',(#3813));
#3647=FILL_AREA_STYLE('',(#3814));
#3648=FILL_AREA_STYLE('',(#3815));
#3649=FILL_AREA_STYLE('',(#3816));
#3650=FILL_AREA_STYLE('',(#3817));
#3651=FILL_AREA_STYLE('',(#3818));
#3652=FILL_AREA_STYLE('',(#3819));
#3653=FILL_AREA_STYLE('',(#3820));
#3654=FILL_AREA_STYLE('',(#3821));
#3655=FILL_AREA_STYLE('',(#3822));
#3656=FILL_AREA_STYLE('',(#3823));
#3657=FILL_AREA_STYLE('',(#3824));
#3658=FILL_AREA_STYLE('',(#3825));
#3659=FILL_AREA_STYLE('',(#3826));
#3660=FILL_AREA_STYLE('',(#3827));
#3661=FILL_AREA_STYLE('',(#3828));
#3662=FILL_AREA_STYLE('',(#3829));
#3663=FILL_AREA_STYLE('',(#3830));
#3664=FILL_AREA_STYLE('',(#3831));
#3665=FILL_AREA_STYLE('',(#3832));
#3666=FILL_AREA_STYLE('',(#3833));
#3667=FILL_AREA_STYLE('',(#3834));
#3668=FILL_AREA_STYLE('',(#3835));
#3669=FILL_AREA_STYLE('',(#3836));
#3670=FILL_AREA_STYLE('',(#3837));
#3671=FILL_AREA_STYLE('',(#3838));
#3672=FILL_AREA_STYLE('',(#3839));
#3673=FILL_AREA_STYLE('',(#3840));
#3674=FILL_AREA_STYLE('',(#3841));
#3675=FILL_AREA_STYLE('',(#3842));
#3676=FILL_AREA_STYLE('',(#3843));
#3677=FILL_AREA_STYLE('',(#3844));
#3678=FILL_AREA_STYLE('',(#3845));
#3679=FILL_AREA_STYLE('',(#3846));
#3680=FILL_AREA_STYLE('',(#3847));
#3681=FILL_AREA_STYLE('',(#3848));
#3682=FILL_AREA_STYLE('',(#3849));
#3683=FILL_AREA_STYLE('',(#3850));
#3684=FILL_AREA_STYLE('',(#3851));
#3685=FILL_AREA_STYLE('',(#3852));
#3686=FILL_AREA_STYLE('',(#3853));
#3687=FILL_AREA_STYLE('',(#3854));
#3688=FILL_AREA_STYLE('',(#3855));
#3689=FILL_AREA_STYLE('',(#3856));
#3690=FILL_AREA_STYLE('',(#3857));
#3691=FILL_AREA_STYLE('',(#3858));
#3692=FILL_AREA_STYLE('',(#3859));
#3693=FILL_AREA_STYLE('',(#3860));
#3694=FILL_AREA_STYLE('',(#3861));
#3695=FILL_AREA_STYLE('',(#3862));
#3696=FILL_AREA_STYLE('',(#3863));
#3697=FILL_AREA_STYLE('',(#3864));
#3698=FILL_AREA_STYLE('',(#3865));
#3699=FILL_AREA_STYLE('',(#3866));
#3700=FILL_AREA_STYLE('',(#3867));
#3701=FILL_AREA_STYLE('',(#3868));
#3702=FILL_AREA_STYLE('',(#3869));
#3703=FILL_AREA_STYLE('',(#3870));
#3704=FILL_AREA_STYLE('',(#3871));
#3705=FILL_AREA_STYLE('',(#3872));
#3706=FILL_AREA_STYLE('',(#3873));
#3707=FILL_AREA_STYLE('',(#3874));
#3708=FILL_AREA_STYLE('',(#3875));
#3709=FILL_AREA_STYLE('',(#3876));
#3710=FILL_AREA_STYLE('',(#3877));
#3711=FILL_AREA_STYLE('',(#3878));
#3712=FILL_AREA_STYLE('',(#3879));
#3713=FILL_AREA_STYLE('',(#3880));
#3714=FILL_AREA_STYLE('',(#3881));
#3715=FILL_AREA_STYLE('',(#3882));
#3716=FILL_AREA_STYLE('',(#3883));
#3717=FILL_AREA_STYLE('',(#3884));
#3718=FILL_AREA_STYLE('',(#3885));
#3719=FILL_AREA_STYLE('',(#3886));
#3720=FILL_AREA_STYLE('',(#3887));
#3721=FILL_AREA_STYLE('',(#3888));
#3722=FILL_AREA_STYLE('',(#3889));
#3723=FILL_AREA_STYLE('',(#3890));
#3724=FILL_AREA_STYLE('',(#3891));
#3725=FILL_AREA_STYLE('',(#3892));
#3726=FILL_AREA_STYLE('',(#3893));
#3727=FILL_AREA_STYLE('',(#3894));
#3728=FILL_AREA_STYLE('',(#3895));
#3729=FILL_AREA_STYLE('',(#3896));
#3730=FILL_AREA_STYLE('',(#3897));
#3731=FILL_AREA_STYLE('',(#3898));
#3732=FILL_AREA_STYLE('',(#3899));
#3733=FILL_AREA_STYLE('',(#3900));
#3734=FILL_AREA_STYLE('',(#3901));
#3735=FILL_AREA_STYLE('',(#3902));
#3736=FILL_AREA_STYLE('',(#3903));
#3737=FILL_AREA_STYLE('',(#3904));
#3738=FILL_AREA_STYLE('',(#3905));
#3739=FILL_AREA_STYLE('',(#3906));
#3740=FILL_AREA_STYLE('',(#3907));
#3741=FILL_AREA_STYLE('',(#3908));
#3742=FILL_AREA_STYLE('',(#3909));
#3743=FILL_AREA_STYLE('',(#3910));
#3744=FILL_AREA_STYLE('',(#3911));
#3745=FILL_AREA_STYLE('',(#3912));
#3746=FILL_AREA_STYLE('',(#3913));
#3747=FILL_AREA_STYLE('',(#3914));
#3748=FILL_AREA_STYLE('',(#3915));
#3749=FILL_AREA_STYLE('',(#3916));
#3750=FILL_AREA_STYLE('',(#3917));
#3751=FILL_AREA_STYLE('',(#3918));
#3752=FILL_AREA_STYLE('',(#3919));
#3753=FILL_AREA_STYLE('',(#3920));
#3754=FILL_AREA_STYLE('',(#3921));
#3755=FILL_AREA_STYLE('',(#3922));
#3756=FILL_AREA_STYLE('',(#3923));
#3757=FILL_AREA_STYLE('',(#3924));
#3758=FILL_AREA_STYLE('',(#3925));
#3759=FILL_AREA_STYLE('',(#3926));
#3760=FILL_AREA_STYLE('',(#3927));
#3761=FILL_AREA_STYLE('',(#3928));
#3762=FILL_AREA_STYLE('',(#3929));
#3763=FILL_AREA_STYLE('',(#3930));
#3764=FILL_AREA_STYLE('',(#3931));
#3765=FILL_AREA_STYLE('',(#3932));
#3766=FILL_AREA_STYLE('',(#3933));
#3767=FILL_AREA_STYLE('',(#3934));
#3768=FILL_AREA_STYLE('',(#3935));
#3769=FILL_AREA_STYLE('',(#3936));
#3770=FILL_AREA_STYLE('',(#3937));
#3771=FILL_AREA_STYLE('',(#3938));
#3772=FILL_AREA_STYLE('',(#3939));
#3773=FILL_AREA_STYLE('',(#3940));
#3774=FILL_AREA_STYLE('',(#3941));
#3775=FILL_AREA_STYLE('',(#3942));
#3776=FILL_AREA_STYLE('',(#3943));
#3777=FILL_AREA_STYLE('',(#3944));
#3778=FILL_AREA_STYLE('',(#3945));
#3779=FILL_AREA_STYLE('',(#3946));
#3780=FILL_AREA_STYLE('',(#3947));
#3781=FILL_AREA_STYLE('',(#3948));
#3782=FILL_AREA_STYLE('',(#3949));
#3783=FILL_AREA_STYLE('',(#3950));
#3784=FILL_AREA_STYLE('',(#3951));
#3785=FILL_AREA_STYLE('',(#3952));
#3786=FILL_AREA_STYLE('',(#3953));
#3787=FILL_AREA_STYLE('',(#3954));
#3788=FILL_AREA_STYLE('',(#3955));
#3789=FILL_AREA_STYLE('',(#3956));
#3790=FILL_AREA_STYLE('',(#3957));
#3791=FILL_AREA_STYLE('',(#3958));
#3792=FILL_AREA_STYLE('',(#3959));
#3793=FILL_AREA_STYLE('',(#3960));
#3794=FILL_AREA_STYLE('',(#3961));
#3795=FILL_AREA_STYLE('',(#3962));
#3796=FILL_AREA_STYLE('',(#3963));
#3797=FILL_AREA_STYLE('',(#3964));
#3798=FILL_AREA_STYLE('',(#3965));
#3799=FILL_AREA_STYLE('',(#3966));
#3800=FILL_AREA_STYLE('',(#3967));
#3801=FILL_AREA_STYLE('',(#3968));
#3802=FILL_AREA_STYLE('',(#3969));
#3803=FILL_AREA_STYLE('',(#3970));
#3804=FILL_AREA_STYLE('',(#3971));
#3805=FILL_AREA_STYLE('',(#3972));
#3806=FILL_AREA_STYLE_COLOUR('',#3973);
#3807=FILL_AREA_STYLE_COLOUR('',#3974);
#3808=FILL_AREA_STYLE_COLOUR('',#3974);
#3809=FILL_AREA_STYLE_COLOUR('',#3974);
#3810=FILL_AREA_STYLE_COLOUR('',#3974);
#3811=FILL_AREA_STYLE_COLOUR('',#3974);
#3812=FILL_AREA_STYLE_COLOUR('',#3974);
#3813=FILL_AREA_STYLE_COLOUR('',#3974);
#3814=FILL_AREA_STYLE_COLOUR('',#3974);
#3815=FILL_AREA_STYLE_COLOUR('',#3974);
#3816=FILL_AREA_STYLE_COLOUR('',#3974);
#3817=FILL_AREA_STYLE_COLOUR('',#3974);
#3818=FILL_AREA_STYLE_COLOUR('',#3974);
#3819=FILL_AREA_STYLE_COLOUR('',#3974);
#3820=FILL_AREA_STYLE_COLOUR('',#3974);
#3821=FILL_AREA_STYLE_COLOUR('',#3974);
#3822=FILL_AREA_STYLE_COLOUR('',#3974);
#3823=FILL_AREA_STYLE_COLOUR('',#3974);
#3824=FILL_AREA_STYLE_COLOUR('',#3974);
#3825=FILL_AREA_STYLE_COLOUR('',#3974);
#3826=FILL_AREA_STYLE_COLOUR('',#3974);
#3827=FILL_AREA_STYLE_COLOUR('',#3974);
#3828=FILL_AREA_STYLE_COLOUR('',#3974);
#3829=FILL_AREA_STYLE_COLOUR('',#3974);
#3830=FILL_AREA_STYLE_COLOUR('',#3974);
#3831=FILL_AREA_STYLE_COLOUR('',#3974);
#3832=FILL_AREA_STYLE_COLOUR('',#3974);
#3833=FILL_AREA_STYLE_COLOUR('',#3974);
#3834=FILL_AREA_STYLE_COLOUR('',#3974);
#3835=FILL_AREA_STYLE_COLOUR('',#3974);
#3836=FILL_AREA_STYLE_COLOUR('',#3974);
#3837=FILL_AREA_STYLE_COLOUR('',#3974);
#3838=FILL_AREA_STYLE_COLOUR('',#3974);
#3839=FILL_AREA_STYLE_COLOUR('',#3974);
#3840=FILL_AREA_STYLE_COLOUR('',#3974);
#3841=FILL_AREA_STYLE_COLOUR('',#3974);
#3842=FILL_AREA_STYLE_COLOUR('',#3974);
#3843=FILL_AREA_STYLE_COLOUR('',#3974);
#3844=FILL_AREA_STYLE_COLOUR('',#3974);
#3845=FILL_AREA_STYLE_COLOUR('',#3974);
#3846=FILL_AREA_STYLE_COLOUR('',#3974);
#3847=FILL_AREA_STYLE_COLOUR('',#3974);
#3848=FILL_AREA_STYLE_COLOUR('',#3974);
#3849=FILL_AREA_STYLE_COLOUR('',#3974);
#3850=FILL_AREA_STYLE_COLOUR('',#3974);
#3851=FILL_AREA_STYLE_COLOUR('',#3974);
#3852=FILL_AREA_STYLE_COLOUR('',#3974);
#3853=FILL_AREA_STYLE_COLOUR('',#3974);
#3854=FILL_AREA_STYLE_COLOUR('',#3974);
#3855=FILL_AREA_STYLE_COLOUR('',#3974);
#3856=FILL_AREA_STYLE_COLOUR('',#3974);
#3857=FILL_AREA_STYLE_COLOUR('',#3974);
#3858=FILL_AREA_STYLE_COLOUR('',#3974);
#3859=FILL_AREA_STYLE_COLOUR('',#3974);
#3860=FILL_AREA_STYLE_COLOUR('',#3974);
#3861=FILL_AREA_STYLE_COLOUR('',#3974);
#3862=FILL_AREA_STYLE_COLOUR('',#3974);
#3863=FILL_AREA_STYLE_COLOUR('',#3974);
#3864=FILL_AREA_STYLE_COLOUR('',#3974);
#3865=FILL_AREA_STYLE_COLOUR('',#3974);
#3866=FILL_AREA_STYLE_COLOUR('',#3974);
#3867=FILL_AREA_STYLE_COLOUR('',#3974);
#3868=FILL_AREA_STYLE_COLOUR('',#3974);
#3869=FILL_AREA_STYLE_COLOUR('',#3974);
#3870=FILL_AREA_STYLE_COLOUR('',#3974);
#3871=FILL_AREA_STYLE_COLOUR('',#3974);
#3872=FILL_AREA_STYLE_COLOUR('',#3974);
#3873=FILL_AREA_STYLE_COLOUR('',#3974);
#3874=FILL_AREA_STYLE_COLOUR('',#3974);
#3875=FILL_AREA_STYLE_COLOUR('',#3974);
#3876=FILL_AREA_STYLE_COLOUR('',#3974);
#3877=FILL_AREA_STYLE_COLOUR('',#3974);
#3878=FILL_AREA_STYLE_COLOUR('',#3974);
#3879=FILL_AREA_STYLE_COLOUR('',#3974);
#3880=FILL_AREA_STYLE_COLOUR('',#3974);
#3881=FILL_AREA_STYLE_COLOUR('',#3974);
#3882=FILL_AREA_STYLE_COLOUR('',#3974);
#3883=FILL_AREA_STYLE_COLOUR('',#3974);
#3884=FILL_AREA_STYLE_COLOUR('',#3974);
#3885=FILL_AREA_STYLE_COLOUR('',#3974);
#3886=FILL_AREA_STYLE_COLOUR('',#3974);
#3887=FILL_AREA_STYLE_COLOUR('',#3974);
#3888=FILL_AREA_STYLE_COLOUR('',#3974);
#3889=FILL_AREA_STYLE_COLOUR('',#3974);
#3890=FILL_AREA_STYLE_COLOUR('',#3974);
#3891=FILL_AREA_STYLE_COLOUR('',#3974);
#3892=FILL_AREA_STYLE_COLOUR('',#3974);
#3893=FILL_AREA_STYLE_COLOUR('',#3974);
#3894=FILL_AREA_STYLE_COLOUR('',#3974);
#3895=FILL_AREA_STYLE_COLOUR('',#3974);
#3896=FILL_AREA_STYLE_COLOUR('',#3974);
#3897=FILL_AREA_STYLE_COLOUR('',#3974);
#3898=FILL_AREA_STYLE_COLOUR('',#3974);
#3899=FILL_AREA_STYLE_COLOUR('',#3974);
#3900=FILL_AREA_STYLE_COLOUR('',#3974);
#3901=FILL_AREA_STYLE_COLOUR('',#3974);
#3902=FILL_AREA_STYLE_COLOUR('',#3974);
#3903=FILL_AREA_STYLE_COLOUR('',#3974);
#3904=FILL_AREA_STYLE_COLOUR('',#3974);
#3905=FILL_AREA_STYLE_COLOUR('',#3974);
#3906=FILL_AREA_STYLE_COLOUR('',#3974);
#3907=FILL_AREA_STYLE_COLOUR('',#3974);
#3908=FILL_AREA_STYLE_COLOUR('',#3974);
#3909=FILL_AREA_STYLE_COLOUR('',#3974);
#3910=FILL_AREA_STYLE_COLOUR('',#3974);
#3911=FILL_AREA_STYLE_COLOUR('',#3974);
#3912=FILL_AREA_STYLE_COLOUR('',#3974);
#3913=FILL_AREA_STYLE_COLOUR('',#3974);
#3914=FILL_AREA_STYLE_COLOUR('',#3974);
#3915=FILL_AREA_STYLE_COLOUR('',#3974);
#3916=FILL_AREA_STYLE_COLOUR('',#3974);
#3917=FILL_AREA_STYLE_COLOUR('',#3974);
#3918=FILL_AREA_STYLE_COLOUR('',#3974);
#3919=FILL_AREA_STYLE_COLOUR('',#3974);
#3920=FILL_AREA_STYLE_COLOUR('',#3974);
#3921=FILL_AREA_STYLE_COLOUR('',#3974);
#3922=FILL_AREA_STYLE_COLOUR('',#3974);
#3923=FILL_AREA_STYLE_COLOUR('',#3974);
#3924=FILL_AREA_STYLE_COLOUR('',#3974);
#3925=FILL_AREA_STYLE_COLOUR('',#3974);
#3926=FILL_AREA_STYLE_COLOUR('',#3974);
#3927=FILL_AREA_STYLE_COLOUR('',#3974);
#3928=FILL_AREA_STYLE_COLOUR('',#3974);
#3929=FILL_AREA_STYLE_COLOUR('',#3974);
#3930=FILL_AREA_STYLE_COLOUR('',#3974);
#3931=FILL_AREA_STYLE_COLOUR('',#3974);
#3932=FILL_AREA_STYLE_COLOUR('',#3974);
#3933=FILL_AREA_STYLE_COLOUR('',#3974);
#3934=FILL_AREA_STYLE_COLOUR('',#3974);
#3935=FILL_AREA_STYLE_COLOUR('',#3974);
#3936=FILL_AREA_STYLE_COLOUR('',#3974);
#3937=FILL_AREA_STYLE_COLOUR('',#3974);
#3938=FILL_AREA_STYLE_COLOUR('',#3974);
#3939=FILL_AREA_STYLE_COLOUR('',#3974);
#3940=FILL_AREA_STYLE_COLOUR('',#3974);
#3941=FILL_AREA_STYLE_COLOUR('',#3974);
#3942=FILL_AREA_STYLE_COLOUR('',#3974);
#3943=FILL_AREA_STYLE_COLOUR('',#3974);
#3944=FILL_AREA_STYLE_COLOUR('',#3974);
#3945=FILL_AREA_STYLE_COLOUR('',#3974);
#3946=FILL_AREA_STYLE_COLOUR('',#3974);
#3947=FILL_AREA_STYLE_COLOUR('',#3974);
#3948=FILL_AREA_STYLE_COLOUR('',#3974);
#3949=FILL_AREA_STYLE_COLOUR('',#3974);
#3950=FILL_AREA_STYLE_COLOUR('',#3974);
#3951=FILL_AREA_STYLE_COLOUR('',#3974);
#3952=FILL_AREA_STYLE_COLOUR('',#3974);
#3953=FILL_AREA_STYLE_COLOUR('',#3974);
#3954=FILL_AREA_STYLE_COLOUR('',#3974);
#3955=FILL_AREA_STYLE_COLOUR('',#3974);
#3956=FILL_AREA_STYLE_COLOUR('',#3974);
#3957=FILL_AREA_STYLE_COLOUR('',#3974);
#3958=FILL_AREA_STYLE_COLOUR('',#3974);
#3959=FILL_AREA_STYLE_COLOUR('',#3974);
#3960=FILL_AREA_STYLE_COLOUR('',#3974);
#3961=FILL_AREA_STYLE_COLOUR('',#3974);
#3962=FILL_AREA_STYLE_COLOUR('',#3974);
#3963=FILL_AREA_STYLE_COLOUR('',#3974);
#3964=FILL_AREA_STYLE_COLOUR('',#3974);
#3965=FILL_AREA_STYLE_COLOUR('',#3974);
#3966=FILL_AREA_STYLE_COLOUR('',#3974);
#3967=FILL_AREA_STYLE_COLOUR('',#3974);
#3968=FILL_AREA_STYLE_COLOUR('',#3974);
#3969=FILL_AREA_STYLE_COLOUR('',#3974);
#3970=FILL_AREA_STYLE_COLOUR('',#3974);
#3971=FILL_AREA_STYLE_COLOUR('',#3974);
#3972=FILL_AREA_STYLE_COLOUR('',#3974);
#3973=COLOUR_RGB('',0.647058823529412,0.647058823529412,0.647058823529412);
#3974=COLOUR_RGB('',0.654901960784314,0.584313725490196,0.823529411764706);
#3975=MANIFOLD_SOLID_BREP('[L} Ang 2 connector (7/8") Copy 1',#2969);
#3976=SHAPE_DEFINITION_REPRESENTATION(#7721,#3977);
#3977=SHAPE_REPRESENTATION('[L} Ang 2 connector (7/8") Copy 1',(#3978),
#7716);
#3978=AXIS2_PLACEMENT_3D('',#4801,#4195,#4196);
#3979=AXIS2_PLACEMENT_3D('',#4802,#4197,#4198);
#3980=AXIS2_PLACEMENT_3D('',#4803,#4199,#4200);
#3981=AXIS2_PLACEMENT_3D('',#4823,#4210,#4211);
#3982=AXIS2_PLACEMENT_3D('',#4827,#4213,#4214);
#3983=AXIS2_PLACEMENT_3D('',#4836,#4216,#4217);
#3984=AXIS2_PLACEMENT_3D('',#4869,#4220,#4221);
#3985=AXIS2_PLACEMENT_3D('',#4876,#4222,#4223);
#3986=AXIS2_PLACEMENT_3D('',#4895,#4224,#4225);
#3987=AXIS2_PLACEMENT_3D('',#4902,#4226,#4227);
#3988=AXIS2_PLACEMENT_3D('',#4903,#4228,#4229);
#3989=AXIS2_PLACEMENT_3D('',#4928,#4230,#4231);
#3990=AXIS2_PLACEMENT_3D('',#4945,#4233,#4234);
#3991=AXIS2_PLACEMENT_3D('',#4960,#4236,#4237);
#3992=AXIS2_PLACEMENT_3D('',#5461,#4249,#4250);
#3993=AXIS2_PLACEMENT_3D('',#5462,#4251,#4252);
#3994=AXIS2_PLACEMENT_3D('',#5478,#4253,#4254);
#3995=AXIS2_PLACEMENT_3D('',#5488,#4255,#4256);
#3996=AXIS2_PLACEMENT_3D('',#5489,#4257,#4258);
#3997=AXIS2_PLACEMENT_3D('',#5490,#4259,#4260);
#3998=AXIS2_PLACEMENT_3D('',#5493,#4261,#4262);
#3999=AXIS2_PLACEMENT_3D('',#5508,#4263,#4264);
#4000=AXIS2_PLACEMENT_3D('',#5517,#4265,#4266);
#4001=AXIS2_PLACEMENT_3D('',#5518,#4267,#4268);
#4002=AXIS2_PLACEMENT_3D('',#5521,#4269,#4270);
#4003=AXIS2_PLACEMENT_3D('',#5523,#4271,#4272);
#4004=AXIS2_PLACEMENT_3D('',#5533,#4273,#4274);
#4005=AXIS2_PLACEMENT_3D('',#5542,#4275,#4276);
#4006=AXIS2_PLACEMENT_3D('',#5543,#4277,#4278);
#4007=AXIS2_PLACEMENT_3D('',#5546,#4279,#4280);
#4008=AXIS2_PLACEMENT_3D('',#5548,#4281,#4282);
#4009=AXIS2_PLACEMENT_3D('',#5558,#4283,#4284);
#4010=AXIS2_PLACEMENT_3D('',#5567,#4285,#4286);
#4011=AXIS2_PLACEMENT_3D('',#5580,#4290,#4291);
#4012=AXIS2_PLACEMENT_3D('',#5593,#4295,#4296);
#4013=AXIS2_PLACEMENT_3D('',#5599,#4300,#4301);
#4014=AXIS2_PLACEMENT_3D('',#5600,#4302,#4303);
#4015=AXIS2_PLACEMENT_3D('',#5608,#4307,#4308);
#4016=AXIS2_PLACEMENT_3D('',#5616,#4312,#4313);
#4017=AXIS2_PLACEMENT_3D('',#5617,#4314,#4315);
#4018=AXIS2_PLACEMENT_3D('',#5630,#4316,#4317);
#4019=AXIS2_PLACEMENT_3D('',#5632,#4318,#4319);
#4020=AXIS2_PLACEMENT_3D('',#5674,#4322,#4323);
#4021=AXIS2_PLACEMENT_3D('',#5680,#4326,#4327);
#4022=AXIS2_PLACEMENT_3D('',#5689,#4332,#4333);
#4023=AXIS2_PLACEMENT_3D('',#5697,#4337,#4338);
#4024=AXIS2_PLACEMENT_3D('',#5703,#4342,#4343);
#4025=AXIS2_PLACEMENT_3D('',#5707,#4345,#4346);
#4026=AXIS2_PLACEMENT_3D('',#5710,#4348,#4349);
#4027=AXIS2_PLACEMENT_3D('',#5716,#4353,#4354);
#4028=AXIS2_PLACEMENT_3D('',#5724,#4359,#4360);
#4029=AXIS2_PLACEMENT_3D('',#5728,#4362,#4363);
#4030=AXIS2_PLACEMENT_3D('',#5731,#4365,#4366);
#4031=AXIS2_PLACEMENT_3D('',#5737,#4370,#4371);
#4032=AXIS2_PLACEMENT_3D('',#5745,#4375,#4376);
#4033=AXIS2_PLACEMENT_3D('',#5746,#4377,#4378);
#4034=AXIS2_PLACEMENT_3D('',#5753,#4382,#4383);
#4035=AXIS2_PLACEMENT_3D('',#5757,#4385,#4386);
#4036=AXIS2_PLACEMENT_3D('',#5761,#4389,#4390);
#4037=AXIS2_PLACEMENT_3D('',#5763,#4392,#4393);
#4038=AXIS2_PLACEMENT_3D('',#5764,#4394,#4395);
#4039=AXIS2_PLACEMENT_3D('',#5828,#4397,#4398);
#4040=AXIS2_PLACEMENT_3D('',#5829,#4399,#4400);
#4041=AXIS2_PLACEMENT_3D('',#5833,#4402,#4403);
#4042=AXIS2_PLACEMENT_3D('',#5905,#4405,#4406);
#4043=AXIS2_PLACEMENT_3D('',#5918,#4409,#4410);
#4044=AXIS2_PLACEMENT_3D('',#5925,#4414,#4415);
#4045=AXIS2_PLACEMENT_3D('',#5929,#4418,#4419);
#4046=AXIS2_PLACEMENT_3D('',#5987,#4430,#4431);
#4047=AXIS2_PLACEMENT_3D('',#5993,#4435,#4436);
#4048=AXIS2_PLACEMENT_3D('',#5996,#4438,#4439);
#4049=AXIS2_PLACEMENT_3D('',#6000,#4441,#4442);
#4050=AXIS2_PLACEMENT_3D('',#6022,#4449,#4450);
#4051=AXIS2_PLACEMENT_3D('',#6042,#4456,#4457);
#4052=AXIS2_PLACEMENT_3D('',#6048,#4461,#4462);
#4053=AXIS2_PLACEMENT_3D('',#6105,#4473,#4474);
#4054=AXIS2_PLACEMENT_3D('',#6115,#4480,#4481);
#4055=AXIS2_PLACEMENT_3D('',#6116,#4482,#4483);
#4056=AXIS2_PLACEMENT_3D('',#6168,#4495,#4496);
#4057=AXIS2_PLACEMENT_3D('',#6169,#4497,#4498);
#4058=AXIS2_PLACEMENT_3D('',#6170,#4499,#4500);
#4059=AXIS2_PLACEMENT_3D('',#6173,#4503,#4504);
#4060=AXIS2_PLACEMENT_3D('',#6176,#4507,#4508);
#4061=AXIS2_PLACEMENT_3D('',#6177,#4509,#4510);
#4062=AXIS2_PLACEMENT_3D('',#6178,#4511,#4512);
#4063=AXIS2_PLACEMENT_3D('',#6179,#4513,#4514);
#4064=AXIS2_PLACEMENT_3D('',#6181,#4515,#4516);
#4065=AXIS2_PLACEMENT_3D('',#6182,#4517,#4518);
#4066=AXIS2_PLACEMENT_3D('',#6184,#4519,#4520);
#4067=AXIS2_PLACEMENT_3D('',#6185,#4521,#4522);
#4068=AXIS2_PLACEMENT_3D('',#6186,#4523,#4524);
#4069=AXIS2_PLACEMENT_3D('',#6188,#4525,#4526);
#4070=AXIS2_PLACEMENT_3D('',#6189,#4527,#4528);
#4071=AXIS2_PLACEMENT_3D('',#6191,#4529,#4530);
#4072=AXIS2_PLACEMENT_3D('',#6199,#4531,#4532);
#4073=AXIS2_PLACEMENT_3D('',#6201,#4533,#4534);
#4074=AXIS2_PLACEMENT_3D('',#6209,#4535,#4536);
#4075=AXIS2_PLACEMENT_3D('',#6211,#4537,#4538);
#4076=AXIS2_PLACEMENT_3D('',#6212,#4539,#4540);
#4077=AXIS2_PLACEMENT_3D('',#6214,#4541,#4542);
#4078=AXIS2_PLACEMENT_3D('',#6215,#4543,#4544);
#4079=AXIS2_PLACEMENT_3D('',#6217,#4545,#4546);
#4080=AXIS2_PLACEMENT_3D('',#6218,#4547,#4548);
#4081=AXIS2_PLACEMENT_3D('',#6219,#4549,#4550);
#4082=AXIS2_PLACEMENT_3D('',#6221,#4551,#4552);
#4083=AXIS2_PLACEMENT_3D('',#6222,#4553,#4554);
#4084=AXIS2_PLACEMENT_3D('',#6224,#4555,#4556);
#4085=AXIS2_PLACEMENT_3D('',#6225,#4557,#4558);
#4086=AXIS2_PLACEMENT_3D('',#6226,#4559,#4560);
#4087=AXIS2_PLACEMENT_3D('',#6228,#4561,#4562);
#4088=AXIS2_PLACEMENT_3D('',#6229,#4563,#4564);
#4089=AXIS2_PLACEMENT_3D('',#6231,#4565,#4566);
#4090=AXIS2_PLACEMENT_3D('',#6232,#4567,#4568);
#4091=AXIS2_PLACEMENT_3D('',#6247,#4569,#4570);
#4092=AXIS2_PLACEMENT_3D('',#6262,#4571,#4572);
#4093=AXIS2_PLACEMENT_3D('',#6263,#4573,#4574);
#4094=AXIS2_PLACEMENT_3D('',#6264,#4575,#4576);
#4095=AXIS2_PLACEMENT_3D('',#6279,#4577,#4578);
#4096=AXIS2_PLACEMENT_3D('',#6280,#4579,#4580);
#4097=AXIS2_PLACEMENT_3D('',#6295,#4581,#4582);
#4098=AXIS2_PLACEMENT_3D('',#6480,#4583,#4584);
#4099=AXIS2_PLACEMENT_3D('',#6665,#4585,#4586);
#4100=AXIS2_PLACEMENT_3D('',#6668,#4589,#4590);
#4101=AXIS2_PLACEMENT_3D('',#6671,#4593,#4594);
#4102=AXIS2_PLACEMENT_3D('',#6672,#4595,#4596);
#4103=AXIS2_PLACEMENT_3D('',#6677,#4597,#4598);
#4104=AXIS2_PLACEMENT_3D('',#6739,#4599,#4600);
#4105=AXIS2_PLACEMENT_3D('',#6744,#4601,#4602);
#4106=AXIS2_PLACEMENT_3D('',#6749,#4603,#4604);
#4107=AXIS2_PLACEMENT_3D('',#6754,#4605,#4606);
#4108=AXIS2_PLACEMENT_3D('',#6759,#4607,#4608);
#4109=AXIS2_PLACEMENT_3D('',#6764,#4609,#4610);
#4110=AXIS2_PLACEMENT_3D('',#6765,#4611,#4612);
#4111=AXIS2_PLACEMENT_3D('',#6823,#4613,#4614);
#4112=AXIS2_PLACEMENT_3D('',#6824,#4615,#4616);
#4113=AXIS2_PLACEMENT_3D('',#6825,#4617,#4618);
#4114=AXIS2_PLACEMENT_3D('',#6830,#4619,#4620);
#4115=AXIS2_PLACEMENT_3D('',#6876,#4621,#4622);
#4116=AXIS2_PLACEMENT_3D('',#6877,#4623,#4624);
#4117=AXIS2_PLACEMENT_3D('',#6882,#4625,#4626);
#4118=AXIS2_PLACEMENT_3D('',#6883,#4627,#4628);
#4119=AXIS2_PLACEMENT_3D('',#6896,#4629,#4630);
#4120=AXIS2_PLACEMENT_3D('',#6912,#4631,#4632);
#4121=AXIS2_PLACEMENT_3D('',#6925,#4633,#4634);
#4122=AXIS2_PLACEMENT_3D('',#6926,#4635,#4636);
#4123=AXIS2_PLACEMENT_3D('',#6927,#4637,#4638);
#4124=AXIS2_PLACEMENT_3D('',#6932,#4639,#4640);
#4125=AXIS2_PLACEMENT_3D('',#6933,#4641,#4642);
#4126=AXIS2_PLACEMENT_3D('',#6946,#4643,#4644);
#4127=AXIS2_PLACEMENT_3D('',#6977,#4645,#4646);
#4128=AXIS2_PLACEMENT_3D('',#6990,#4647,#4648);
#4129=AXIS2_PLACEMENT_3D('',#6991,#4649,#4650);
#4130=AXIS2_PLACEMENT_3D('',#6992,#4651,#4652);
#4131=AXIS2_PLACEMENT_3D('',#6997,#4653,#4654);
#4132=AXIS2_PLACEMENT_3D('',#7002,#4655,#4656);
#4133=AXIS2_PLACEMENT_3D('',#7060,#4657,#4658);
#4134=AXIS2_PLACEMENT_3D('',#7061,#4659,#4660);
#4135=AXIS2_PLACEMENT_3D('',#7066,#4661,#4662);
#4136=AXIS2_PLACEMENT_3D('',#7067,#4663,#4664);
#4137=AXIS2_PLACEMENT_3D('',#7113,#4665,#4666);
#4138=AXIS2_PLACEMENT_3D('',#7114,#4667,#4668);
#4139=AXIS2_PLACEMENT_3D('',#7115,#4669,#4670);
#4140=AXIS2_PLACEMENT_3D('',#7120,#4671,#4672);
#4141=AXIS2_PLACEMENT_3D('',#7125,#4673,#4674);
#4142=AXIS2_PLACEMENT_3D('',#7334,#4675,#4676);
#4143=AXIS2_PLACEMENT_3D('',#7335,#4677,#4678);
#4144=AXIS2_PLACEMENT_3D('',#7352,#4679,#4680);
#4145=AXIS2_PLACEMENT_3D('',#7369,#4681,#4682);
#4146=AXIS2_PLACEMENT_3D('',#7386,#4683,#4684);
#4147=AXIS2_PLACEMENT_3D('',#7387,#4685,#4686);
#4148=AXIS2_PLACEMENT_3D('',#7390,#4688,#4689);
#4149=AXIS2_PLACEMENT_3D('',#7391,#4690,#4691);
#4150=AXIS2_PLACEMENT_3D('',#7392,#4692,#4693);
#4151=AXIS2_PLACEMENT_3D('',#7395,#4695,#4696);
#4152=AXIS2_PLACEMENT_3D('',#7396,#4697,#4698);
#4153=AXIS2_PLACEMENT_3D('',#7413,#4699,#4700);
#4154=AXIS2_PLACEMENT_3D('',#7430,#4701,#4702);
#4155=AXIS2_PLACEMENT_3D('',#7447,#4703,#4704);
#4156=AXIS2_PLACEMENT_3D('',#7448,#4705,#4706);
#4157=AXIS2_PLACEMENT_3D('',#7465,#4707,#4708);
#4158=AXIS2_PLACEMENT_3D('',#7470,#4709,#4710);
#4159=AXIS2_PLACEMENT_3D('',#7499,#4711,#4712);
#4160=AXIS2_PLACEMENT_3D('',#7504,#4713,#4714);
#4161=AXIS2_PLACEMENT_3D('',#7533,#4715,#4716);
#4162=AXIS2_PLACEMENT_3D('',#7538,#4717,#4718);
#4163=AXIS2_PLACEMENT_3D('',#7567,#4719,#4720);
#4164=AXIS2_PLACEMENT_3D('',#7572,#4721,#4722);
#4165=AXIS2_PLACEMENT_3D('',#7585,#4723,#4724);
#4166=AXIS2_PLACEMENT_3D('',#7610,#4727,#4728);
#4167=AXIS2_PLACEMENT_3D('',#7611,#4729,#4730);
#4168=AXIS2_PLACEMENT_3D('',#7612,#4731,#4732);
#4169=AXIS2_PLACEMENT_3D('',#7640,#4733,#4734);
#4170=AXIS2_PLACEMENT_3D('',#7641,#4735,#4736);
#4171=AXIS2_PLACEMENT_3D('',#7642,#4737,#4738);
#4172=AXIS2_PLACEMENT_3D('',#7643,#4739,#4740);
#4173=AXIS2_PLACEMENT_3D('',#7644,#4741,#4742);
#4174=AXIS2_PLACEMENT_3D('',#7645,#4743,#4744);
#4175=AXIS2_PLACEMENT_3D('',#7646,#4745,#4746);
#4176=AXIS2_PLACEMENT_3D('',#7647,#4747,#4748);
#4177=AXIS2_PLACEMENT_3D('',#7648,#4749,#4750);
#4178=AXIS2_PLACEMENT_3D('',#7676,#4751,#4752);
#4179=AXIS2_PLACEMENT_3D('',#7677,#4753,#4754);
#4180=AXIS2_PLACEMENT_3D('',#7678,#4755,#4756);
#4181=AXIS2_PLACEMENT_3D('',#7680,#4758,#4759);
#4182=AXIS2_PLACEMENT_3D('',#7682,#4761,#4762);
#4183=AXIS2_PLACEMENT_3D('',#7685,#4765,#4766);
#4184=AXIS2_PLACEMENT_3D('',#7691,#4770,#4771);
#4185=AXIS2_PLACEMENT_3D('',#7695,#4774,#4775);
#4186=AXIS2_PLACEMENT_3D('',#7699,#4778,#4779);
#4187=AXIS2_PLACEMENT_3D('',#7703,#4782,#4783);
#4188=AXIS2_PLACEMENT_3D('',#7707,#4786,#4787);
#4189=AXIS2_PLACEMENT_3D('',#7709,#4789,#4790);
#4190=AXIS2_PLACEMENT_3D('',#7710,#4791,#4792);
#4191=AXIS2_PLACEMENT_3D('',#7711,#4793,#4794);
#4192=AXIS2_PLACEMENT_3D('',#7712,#4795,#4796);
#4193=AXIS2_PLACEMENT_3D('',#7713,#4797,#4798);
#4194=AXIS2_PLACEMENT_3D('',#7714,#4799,#4800);
#4195=DIRECTION('',(0.,0.,1.));
#4196=DIRECTION('',(1.,0.,0.));
#4197=DIRECTION('',(-0.984807753012208,0.,0.17364817766693));
#4198=DIRECTION('',(0.17364817766693,0.,0.984807753012208));
#4199=DIRECTION('',(-0.984807753012208,0.,0.17364817766693));
#4200=DIRECTION('',(0.17364817766693,0.,0.984807753012208));
#4201=DIRECTION('',(-0.17364817766693,-5.74837297917486E-18,-0.984807753012208));
#4202=DIRECTION('',(0.,-1.,0.));
#4203=DIRECTION('',(-0.17364817766693,0.,-0.984807753012208));
#4204=DIRECTION('',(-0.17364817766693,-3.08597110142432E-16,-0.984807753012208));
#4205=DIRECTION('',(0.,-1.,0.));
#4206=DIRECTION('',(0.17364817766693,2.89120579329467E-16,0.984807753012208));
#4207=DIRECTION('',(0.,-1.,0.));
#4208=DIRECTION('',(-0.17364817766693,-1.92747052886312E-16,-0.984807753012208));
#4209=DIRECTION('',(0.,1.,0.));
#4210=DIRECTION('',(0.,-1.,0.));
#4211=DIRECTION('',(0.,0.,-1.));
#4212=DIRECTION('',(0.,1.,0.));
#4213=DIRECTION('',(0.,-1.,0.));
#4214=DIRECTION('',(0.,0.,-1.));
#4215=DIRECTION('',(0.,1.,0.));
#4216=DIRECTION('',(0.,-1.,0.));
#4217=DIRECTION('',(0.,0.,-1.));
#4218=DIRECTION('',(0.,-1.,0.));
#4219=DIRECTION('',(0.,-1.,0.));
#4220=DIRECTION('',(-0.437451074764347,7.39598123392646E-16,-0.899242212747777));
#4221=DIRECTION('',(-0.899242212747777,0.,0.437451074764347));
#4222=DIRECTION('',(-0.173251816109696,-4.55196525756069E-16,-0.984877560011747));
#4223=DIRECTION('',(-0.984877560011747,0.,0.173251816109696));
#4224=DIRECTION('',(-0.437451074764362,6.72361930356946E-17,-0.89924221274777));
#4225=DIRECTION('',(-0.89924221274777,0.,0.437451074764362));
#4226=DIRECTION('',(-0.173251816109696,6.70815932693153E-16,-0.984877560011747));
#4227=DIRECTION('',(-0.984877560011747,0.,0.173251816109696));
#4228=DIRECTION('',(1.,0.,0.));
#4229=DIRECTION('',(0.,0.,-1.));
#4230=DIRECTION('',(1.,0.,0.));
#4231=DIRECTION('',(0.,0.,-1.));
#4232=DIRECTION('',(1.,0.,0.));
#4233=DIRECTION('',(1.,0.,0.));
#4234=DIRECTION('',(0.,0.,-1.));
#4235=DIRECTION('',(1.,0.,0.));
#4236=DIRECTION('',(1.,0.,0.));
#4237=DIRECTION('',(0.,1.,0.));
#4238=DIRECTION('',(0.,0.,-1.));
#4239=DIRECTION('',(0.,1.,0.));
#4240=DIRECTION('',(0.,0.707106781186548,0.707106781186548));
#4241=DIRECTION('',(0.,0.,1.));
#4242=DIRECTION('',(0.,-0.707106781186547,0.707106781186548));
#4243=DIRECTION('',(0.,-1.,0.));
#4244=DIRECTION('',(0.,-0.707106781186548,-0.707106781186548));
#4245=DIRECTION('',(0.,0.,-1.));
#4246=DIRECTION('',(0.,0.707106781186547,-0.707106781186548));
#4247=DIRECTION('',(0.,1.,0.));
#4248=DIRECTION('',(0.,0.,-1.));
#4249=DIRECTION('',(-0.696364419623322,-0.707106599117155,0.122787835584983));
#4250=DIRECTION('',(0.712498112559345,-0.701674026595948,0.));
#4251=DIRECTION('',(0.696364419623323,0.707106599117154,-0.122787835584983));
#4252=DIRECTION('',(-0.712498112559344,0.701674026595949,0.));
#4253=DIRECTION('',(0.696364419623323,0.707106599117154,-0.122787835584983));
#4254=DIRECTION('',(-0.712498112559344,0.701674026595949,0.));
#4255=DIRECTION('',(0.984807753012208,0.,-0.17364817766693));
#4256=DIRECTION('',(1.15873599878801E-16,-1.,6.57151840366302E-16));
#4257=DIRECTION('',(-0.696364419623323,0.707106599117154,0.122787835584984));
#4258=DIRECTION('',(-0.712498112559344,-0.701674026595949,0.));
#4259=DIRECTION('',(0.984807753012208,0.,-0.17364817766693));
#4260=DIRECTION('',(1.1928164693406E-16,1.,6.76479835671194E-16));
#4261=DIRECTION('',(0.696364419623323,-0.707106599117154,-0.122787835584983));
#4262=DIRECTION('',(0.712498112559344,0.701674026595949,0.));
#4263=DIRECTION('',(0.696364419623323,-0.707106599117154,-0.122787835584983));
#4264=DIRECTION('',(0.712498112559344,0.701674026595949,0.));
#4265=DIRECTION('',(-0.00101485928081393,0.,-0.999999485030188));
#4266=DIRECTION('',(-0.999999485030188,0.,0.00101485928081393));
#4267=DIRECTION('',(0.000717614064188108,-0.707106599117154,0.707106599117154));
#4268=DIRECTION('',(-0.000717613694639104,-0.707106963255894,-0.707106234978601));
#4269=DIRECTION('',(0.00101485928081352,0.,0.999999485030188));
#4270=DIRECTION('',(0.999999485030188,0.,-0.00101485928081352));
#4271=DIRECTION('',(0.000717614064188108,0.707106599117154,0.707106599117154));
#4272=DIRECTION('',(-0.000717613694639105,0.707106963255894,-0.707106234978601));
#4273=DIRECTION('',(0.00101485928081352,0.,0.999999485030188));
#4274=DIRECTION('',(0.999999485030188,0.,-0.00101485928081352));
#4275=DIRECTION('',(0.984807753012208,0.,-0.173648177666931));
#4276=DIRECTION('',(-0.173648177666931,0.,-0.984807753012208));
#4277=DIRECTION('',(-0.696364419623323,-0.707106599117154,0.122787835584983));
#4278=DIRECTION('',(0.696364061016668,-0.707106963255894,-0.122787772352955));
#4279=DIRECTION('',(-0.984807753012208,0.,0.17364817766693));
#4280=DIRECTION('',(0.17364817766693,0.,0.984807753012208));
#4281=DIRECTION('',(-0.696364419623323,0.707106599117154,0.122787835584983));
#4282=DIRECTION('',(0.696364061016668,0.707106963255894,-0.122787772352955));
#4283=DIRECTION('',(-0.984807753012208,0.,0.17364817766693));
#4284=DIRECTION('',(0.17364817766693,0.,0.984807753012208));
#4285=DIRECTION('',(-0.000717614064188108,-0.707106599117154,-0.707106599117154));
#4286=DIRECTION('',(0.,0.707106781186548,-0.707106781186548));
#4287=DIRECTION('',(-0.999999485030188,-1.08420256728552E-19,0.00101485928081352));
#4288=DIRECTION('',(0.,0.707106781186547,-0.707106781186548));
#4289=DIRECTION('',(-0.999999485030188,1.08420256728552E-19,0.00101485928081352));
#4290=DIRECTION('',(-0.000717614064188108,0.707106599117154,-0.707106599117154));
#4291=DIRECTION('',(0.,0.707106781186548,0.707106781186548));
#4292=DIRECTION('',(0.,0.707106781186548,0.707106781186548));
#4293=DIRECTION('',(-0.999999485030187,-7.66646510941655E-20,0.00101485928081352));
#4294=DIRECTION('',(-0.999999485030187,-4.49090849397806E-20,0.00101485928081352));
#4295=DIRECTION('',(0.696364419623323,0.707106599117154,-0.122787835584983));
#4296=DIRECTION('',(-0.712498112559344,0.701674026595949,0.));
#4297=DIRECTION('',(-0.696488494055885,0.707106781186548,0.122081029024845));
#4298=DIRECTION('',(-0.17364817766693,1.38777827543743E-17,-0.984807753012208));
#4299=DIRECTION('',(-0.17364817766693,4.06471246776127E-18,-0.984807753012208));
#4300=DIRECTION('',(0.696364419623323,-0.707106599117154,-0.122787835584983));
#4301=DIRECTION('',(0.712498112559344,0.701674026595949,0.));
#4302=DIRECTION('',(0.696364419623323,-0.707106599117154,-0.122787835584983));
#4303=DIRECTION('',(0.712498112559344,0.701674026595949,0.));
#4304=DIRECTION('',(-0.17364817766693,4.06470741432111E-18,-0.984807753012208));
#4305=DIRECTION('',(0.696488494055885,0.707106781186547,-0.122081029024845));
#4306=DIRECTION('',(-0.17364817766693,5.05344016701775E-24,-0.984807753012208));
#4307=DIRECTION('',(0.00101485928081352,0.,0.999999485030188));
#4308=DIRECTION('',(0.999999485030188,0.,-0.00101485928081352));
#4309=DIRECTION('',(-0.999999485030188,0.,0.00101485928081352));
#4310=DIRECTION('',(0.,1.,0.));
#4311=DIRECTION('',(-0.999999485030188,-1.0842021724855E-19,0.00101485928081352));
#4312=DIRECTION('',(0.00101485928081352,0.,0.999999485030188));
#4313=DIRECTION('',(0.999999485030188,0.,-0.00101485928081352));
#4314=DIRECTION('',(-0.172648646955399,0.,-0.984983474330646));
#4315=DIRECTION('',(-0.984983474330646,0.,0.172648646955399));
#4316=DIRECTION('',(-0.172648646955399,0.,-0.984983474330646));
#4317=DIRECTION('',(-0.984983474330646,0.,0.172648646955399));
#4318=DIRECTION('',(-0.172648646955399,0.,-0.984983474330646));
#4319=DIRECTION('',(-0.984983474330646,0.,0.172648646955399));
#4320=DIRECTION('',(-0.172648646955399,0.,-0.984983474330646));
#4321=DIRECTION('',(-0.172648646955399,0.,-0.984983474330646));
#4322=DIRECTION('',(0.984807753012208,0.,-0.17364817766693));
#4323=DIRECTION('',(-0.17364817766693,0.,-0.984807753012208));
#4324=DIRECTION('',(0.,1.,0.));
#4325=DIRECTION('',(-0.17364817766693,1.96261607869893E-17,-0.984807753012208));
#4326=DIRECTION('',(0.984807753012208,0.,-0.17364817766693));
#4327=DIRECTION('',(1.1928164693406E-16,1.,6.76479835671194E-16));
#4328=DIRECTION('',(0.17364817766693,-1.96261607869893E-17,0.984807753012208));
#4329=DIRECTION('',(-0.17364817766693,1.96261607869893E-17,-0.984807753012208));
#4330=DIRECTION('',(0.,1.,0.));
#4331=DIRECTION('',(-0.17364817766693,-1.76790216307691E-16,-0.984807753012208));
#4332=DIRECTION('',(0.984807753012208,0.,-0.17364817766693));
#4333=DIRECTION('',(-0.17364817766693,0.,-0.984807753012208));
#4334=DIRECTION('',(-0.17364817766693,-1.89418088901098E-16,-0.984807753012208));
#4335=DIRECTION('',(0.,1.,0.));
#4336=DIRECTION('',(-0.17364817766693,0.,-0.984807753012208));
#4337=DIRECTION('',(0.984807753012208,0.,-0.17364817766693));
#4338=DIRECTION('',(1.15873599878801E-16,-1.,6.57151840366302E-16));
#4339=DIRECTION('',(-0.17364817766693,-1.96261607869893E-17,-0.984807753012208));
#4340=DIRECTION('',(-0.17364817766693,0.,-0.984807753012208));
#4341=DIRECTION('',(-0.17364817766693,0.,-0.984807753012208));
#4342=DIRECTION('',(0.984807753012208,0.,-0.17364817766693));
#4343=DIRECTION('',(0.17364817766693,0.,0.984807753012208));
#4344=DIRECTION('',(0.,-1.,0.));
#4345=DIRECTION('',(0.984807753012208,0.,-0.17364817766693));
#4346=DIRECTION('',(-0.17364817766693,0.,-0.984807753012208));
#4347=DIRECTION('',(-0.17364817766693,0.,-0.984807753012208));
#4348=DIRECTION('',(-0.984807753012208,0.,0.17364817766693));
#4349=DIRECTION('',(0.17364817766693,0.,0.984807753012208));
#4350=DIRECTION('',(0.,-1.,0.));
#4351=DIRECTION('',(-0.17364817766693,-5.74837297917486E-18,-0.984807753012208));
#4352=DIRECTION('',(-0.17364817766693,0.,-0.984807753012208));
#4353=DIRECTION('',(-0.696364419623323,-0.707106599117154,0.122787835584983));
#4354=DIRECTION('',(0.712498112559344,-0.701674026595949,0.));
#4355=DIRECTION('',(-0.17364817766693,5.74836287229191E-18,-0.984807753012208));
#4356=DIRECTION('',(0.696488494055885,-0.707106781186548,-0.122081029024845));
#4357=DIRECTION('',(-0.17364817766693,4.0647074143211E-18,-0.984807753012208));
#4358=DIRECTION('',(0.696488494055885,-0.707106781186548,-0.122081029024845));
#4359=DIRECTION('',(-0.696364419623323,-0.707106599117154,0.122787835584983));
#4360=DIRECTION('',(0.696364061016668,-0.707106963255894,-0.122787772352954));
#4361=DIRECTION('',(-0.17364817766693,5.74836287229191E-18,-0.984807753012208));
#4362=DIRECTION('',(-0.696364419623323,-0.707106599117154,0.122787835584983));
#4363=DIRECTION('',(0.696364061016668,-0.707106963255894,-0.122787772352955));
#4364=DIRECTION('',(0.17364817766693,1.38777878078145E-17,0.984807753012208));
#4365=DIRECTION('',(0.696364419623323,-0.707106599117154,-0.122787835584983));
#4366=DIRECTION('',(0.712498112559344,0.701674026595949,0.));
#4367=DIRECTION('',(-0.17364817766693,5.05344016701775E-24,-0.984807753012208));
#4368=DIRECTION('',(0.696488494055886,0.707106781186547,-0.122081029024845));
#4369=DIRECTION('',(-0.17364817766693,4.06470741432111E-18,-0.984807753012208));
#4370=DIRECTION('',(0.696364419623323,0.707106599117154,-0.122787835584983));
#4371=DIRECTION('',(-0.712498112559344,0.701674026595949,0.));
#4372=DIRECTION('',(-0.17364817766693,1.38777827543743E-17,-0.984807753012208));
#4373=DIRECTION('',(-0.696488494055885,0.707106781186548,0.122081029024845));
#4374=DIRECTION('',(-0.17364817766693,4.06471246776127E-18,-0.984807753012208));
#4375=DIRECTION('',(0.696364419623323,0.707106599117154,-0.122787835584983));
#4376=DIRECTION('',(-0.712498112559344,0.701674026595949,0.));
#4377=DIRECTION('',(-0.696364419623323,0.707106599117154,0.122787835584983));
#4378=DIRECTION('',(-0.712498112559344,-0.701674026595949,0.));
#4379=DIRECTION('',(-0.696488494055885,-0.707106781186548,0.122081029024845));
#4380=DIRECTION('',(-0.17364817766693,-1.38777878078145E-17,-0.984807753012208));
#4381=DIRECTION('',(-0.17364817766693,1.38777878078145E-17,-0.984807753012208));
#4382=DIRECTION('',(-0.696364419623323,0.707106599117154,0.122787835584983));
#4383=DIRECTION('',(0.696364061016668,0.707106963255894,-0.122787772352955));
#4384=DIRECTION('',(-0.17364817766693,-1.38777878078145E-17,-0.984807753012208));
#4385=DIRECTION('',(-0.696364419623323,0.707106599117154,0.122787835584983));
#4386=DIRECTION('',(-0.696364061016669,-0.707106963255894,0.122787772352954));
#4387=DIRECTION('',(-0.696488494055885,-0.707106781186548,0.122081029024845));
#4388=DIRECTION('',(-0.17364817766693,4.06471246776128E-18,-0.984807753012208));
#4389=DIRECTION('',(0.,-1.,0.));
#4390=DIRECTION('',(0.,0.,-1.));
#4391=DIRECTION('',(0.,-1.,0.));
#4392=DIRECTION('',(0.643990377164496,-0.756559408000011,-0.113552878810721));
#4393=DIRECTION('',(-0.745065570612738,-0.653924966771167,0.131375162495973));
#4394=DIRECTION('',(0.643990377164496,0.756559408000011,-0.113552878810721));
#4395=DIRECTION('',(0.745065570612738,-0.653924966771167,-0.131375162495974));
#4396=DIRECTION('',(0.,-0.707106781186548,-0.707106781186548));
#4397=DIRECTION('',(0.,-1.,0.));
#4398=DIRECTION('',(0.,0.,-1.));
#4399=DIRECTION('',(0.,-1.,0.));
#4400=DIRECTION('',(0.,0.,-1.));
#4401=DIRECTION('',(0.,1.,0.));
#4402=DIRECTION('',(0.00089318045642585,0.474783242890196,0.880102309109198));
#4403=DIRECTION('',(0.000481838180421868,-0.880102762335552,0.474782998391158));
#4404=DIRECTION('',(0.,-0.707106781186548,0.707106781186548));
#4405=DIRECTION('',(0.00101485928081352,0.,0.999999485030188));
#4406=DIRECTION('',(0.999999485030188,0.,-0.00101485928081352));
#4407=DIRECTION('',(-0.999999485030188,0.,0.00101485928081352));
#4408=DIRECTION('',(-0.999999485030188,-1.0842021724855E-19,0.00101485928081352));
#4409=DIRECTION('',(0.000717614064188108,-0.707106599117154,0.707106599117154));
#4410=DIRECTION('',(0.,-0.707106781186548,-0.707106781186548));
#4411=DIRECTION('',(-0.999999485030187,3.1755566154385E-20,0.00101485928081352));
#4412=DIRECTION('',(-5.42101086242752E-20,0.707106781186548,0.707106781186548));
#4413=DIRECTION('',(-0.999999485030187,3.1755566154385E-20,0.00101485928081352));
#4414=DIRECTION('',(0.000717614064188108,-0.707106599117154,0.707106599117154));
#4415=DIRECTION('',(-0.000717613694639104,-0.707106963255894,-0.707106234978601));
#4416=DIRECTION('',(0.999999485030187,0.,-0.00101485928081352));
#4417=DIRECTION('',(-0.999999485030187,3.1755566154385E-20,0.00101485928081352));
#4418=DIRECTION('',(0.,-1.,0.));
#4419=DIRECTION('',(0.,0.,-1.));
#4420=DIRECTION('',(-0.999999485030187,0.,0.00101485928081352));
#4421=DIRECTION('',(0.,0.,1.));
#4422=DIRECTION('',(-0.999999485030187,0.,0.00101485928081352));
#4423=DIRECTION('',(-0.17364817766693,0.,-0.984807753012208));
#4424=DIRECTION('',(0.984983474330646,0.,-0.172648646955399));
#4425=DIRECTION('',(-0.17364817766693,0.,-0.984807753012208));
#4426=DIRECTION('',(0.17364817766693,0.,0.984807753012208));
#4427=DIRECTION('',(-0.17364817766693,0.,-0.984807753012208));
#4428=DIRECTION('',(-0.999999485030187,0.,0.00101485928081352));
#4429=DIRECTION('',(-0.999999485030187,0.,-0.00101485928081206));
#4430=DIRECTION('',(-0.000717614064188108,-0.707106599117154,-0.707106599117154));
#4431=DIRECTION('',(0.,0.707106781186548,-0.707106781186548));
#4432=DIRECTION('',(-0.999999485030188,1.08420256728552E-19,0.00101485928081352));
#4433=DIRECTION('',(0.,-0.707106781186547,0.707106781186548));
#4434=DIRECTION('',(-0.999999485030188,-1.08420256728552E-19,0.00101485928081352));
#4435=DIRECTION('',(-0.00101485928081352,0.,-0.999999485030188));
#4436=DIRECTION('',(-0.999999485030188,0.,0.00101485928081352));
#4437=DIRECTION('',(-0.999999485030188,0.,0.00101485928081352));
#4438=DIRECTION('',(-0.00101485928081352,0.,-0.999999485030188));
#4439=DIRECTION('',(-0.999999485030188,0.,0.00101485928081352));
#4440=DIRECTION('',(0.,1.,0.));
#4441=DIRECTION('',(-0.00101485928081352,0.,-0.999999485030188));
#4442=DIRECTION('',(0.999999485030188,0.,-0.00101485928081352));
#4443=DIRECTION('',(-0.999999485030188,0.,0.00101485928081352));
#4444=DIRECTION('',(-0.999999485030188,0.,0.00101485928081352));
#4445=DIRECTION('',(0.999997425158893,-0.00202971438066443,-0.00101485719033294));
#4446=DIRECTION('',(-0.999999485030188,0.,0.00101485928081352));
#4447=DIRECTION('',(0.,-1.,0.));
#4448=DIRECTION('',(0.999999485030188,0.,-0.00101485928081352));
#4449=DIRECTION('',(-0.00101485928081352,0.,-0.999999485030188));
#4450=DIRECTION('',(-0.999999485030188,0.,0.00101485928081352));
#4451=DIRECTION('',(0.999999485030188,0.,-0.00101485928081352));
#4452=DIRECTION('',(0.,-1.,0.));
#4453=DIRECTION('',(-0.999999485030188,4.49091638998035E-20,0.00101485928081352));
#4454=DIRECTION('',(0.999997425158893,0.00202971438066443,-0.00101485719033294));
#4455=DIRECTION('',(-0.999999485030188,4.49091638998035E-20,0.00101485928081352));
#4456=DIRECTION('',(-0.000717614064188108,0.707106599117154,-0.707106599117154));
#4457=DIRECTION('',(0.,0.707106781186548,0.707106781186548));
#4458=DIRECTION('',(-0.999999485030187,-7.66646510941655E-20,0.00101485928081352));
#4459=DIRECTION('',(0.,-0.707106781186548,-0.707106781186548));
#4460=DIRECTION('',(-0.999999485030187,-4.49090849397806E-20,0.00101485928081352));
#4461=DIRECTION('',(0.,1.,0.));
#4462=DIRECTION('',(0.,0.,1.));
#4463=DIRECTION('',(-0.17364817766693,0.,-0.984807753012208));
#4464=DIRECTION('',(-0.984983474330646,0.,0.172648646955399));
#4465=DIRECTION('',(-0.17364817766693,0.,-0.984807753012208));
#4466=DIRECTION('',(-0.999999485030187,0.,0.00101485928081352));
#4467=DIRECTION('',(0.,0.,-1.));
#4468=DIRECTION('',(-0.999999485030187,0.,0.00101485928081352));
#4469=DIRECTION('',(0.999999485030187,0.,0.00101485928081206));
#4470=DIRECTION('',(-0.999999485030187,0.,0.00101485928081352));
#4471=DIRECTION('',(-0.17364817766693,0.,-0.984807753012208));
#4472=DIRECTION('',(-0.17364817766693,0.,-0.984807753012208));
#4473=DIRECTION('',(0.000717614064188108,0.707106599117154,0.707106599117154));
#4474=DIRECTION('',(0.,-0.707106781186548,0.707106781186548));
#4475=DIRECTION('',(-0.999999485030188,-7.66646905741668E-20,0.00101485928081352));
#4476=DIRECTION('',(5.42101225825654E-20,0.707106781186548,-0.707106781186548));
#4477=DIRECTION('',(-0.999999485030188,0.,0.00101485928081352));
#4478=DIRECTION('',(-0.999999485030188,-7.66646905741668E-20,0.00101485928081352));
#4479=DIRECTION('',(-0.999999485030187,-1.0842021724855E-19,0.00101485928081352));
#4480=DIRECTION('',(0.000717614064188108,0.707106599117154,0.707106599117154));
#4481=DIRECTION('',(-0.000717613694639105,0.707106963255894,-0.707106234978601));
#4482=DIRECTION('',(0.172648646955399,0.,0.984983474330646));
#4483=DIRECTION('',(0.,1.,0.));
#4484=DIRECTION('',(0.,-1.,0.));
#4485=DIRECTION('',(0.984983474330646,1.92232705475242E-19,-0.172648646955399));
#4486=DIRECTION('',(-0.984983474330646,0.,0.172648646955399));
#4487=DIRECTION('',(0.,-1.,0.));
#4488=DIRECTION('',(-0.696488494055885,-0.707106781186547,0.122081029024845));
#4489=DIRECTION('',(-0.984983474330646,0.,0.172648646955399));
#4490=DIRECTION('',(-0.696488494055885,0.707106781186548,0.122081029024845));
#4491=DIRECTION('',(0.,1.,0.));
#4492=DIRECTION('',(0.696488494055885,0.707106781186548,-0.122081029024845));
#4493=DIRECTION('',(0.984983474330646,0.,-0.172648646955399));
#4494=DIRECTION('',(0.696488494055885,-0.707106781186548,-0.122081029024845));
#4495=DIRECTION('',(1.,0.,0.));
#4496=DIRECTION('',(0.,1.,0.));
#4497=DIRECTION('',(-0.172648646955399,0.,-0.984983474330646));
#4498=DIRECTION('',(0.984983474330646,0.,-0.172648646955399));
#4499=DIRECTION('',(3.06992988911731E-17,-1.,1.7410437567652E-16));
#4500=DIRECTION('',(0.,-1.7410437567652E-16,-1.));
#4501=DIRECTION('',(-0.818860889107027,-1.25072978269217E-16,-0.57399202458819));
#4502=DIRECTION('',(0.984807753012208,0.,-0.17364817766693));
#4503=DIRECTION('',(3.28921059548283E-17,-1.,1.86540402510557E-16));
#4504=DIRECTION('',(0.,-1.86540402510557E-16,-1.));
#4505=DIRECTION('',(0.818860889107027,1.34006762431304E-16,0.57399202458819));
#4506=DIRECTION('',(0.984807753012208,0.,-0.17364817766693));
#4507=DIRECTION('',(0.984807753012208,0.,-0.17364817766693));
#4508=DIRECTION('',(-0.17364817766693,0.,-0.984807753012208));
#4509=DIRECTION('',(0.696364419623323,-0.707106599117154,-0.122787835584983));
#4510=DIRECTION('',(0.717688369059073,0.686097055121021,0.119139564677692));
#4511=DIRECTION('',(0.696364419623323,-0.707106599117154,-0.122787835584983));
#4512=DIRECTION('',(0.712498112559344,0.701674026595949,0.));
#4513=DIRECTION('',(0.696364419623323,-0.707106599117154,-0.122787835584983));
#4514=DIRECTION('',(0.712498112559344,0.701674026595949,0.));
#4515=DIRECTION('',(0.696364419623323,-0.707106599117154,-0.122787835584983));
#4516=DIRECTION('',(0.712498112559344,0.701674026595949,0.));
#4517=DIRECTION('',(0.696364419623323,-0.707106599117154,-0.122787835584983));
#4518=DIRECTION('',(0.712498112559344,0.701674026595949,0.));
#4519=DIRECTION('',(0.696364419623323,0.707106599117154,-0.122787835584983));
#4520=DIRECTION('',(0.717688369059073,-0.686097055121021,0.119139564677692));
#4521=DIRECTION('',(0.696364419623323,0.707106599117154,-0.122787835584983));
#4522=DIRECTION('',(-0.712498112559344,0.701674026595949,0.));
#4523=DIRECTION('',(0.696364419623323,0.707106599117154,-0.122787835584983));
#4524=DIRECTION('',(-0.712498112559344,0.701674026595949,0.));
#4525=DIRECTION('',(0.696364419623323,0.707106599117154,-0.122787835584983));
#4526=DIRECTION('',(-0.712498112559344,0.701674026595949,0.));
#4527=DIRECTION('',(0.696364419623322,0.707106599117156,-0.122787835584983));
#4528=DIRECTION('',(-0.712498112559346,0.701674026595947,0.));
#4529=DIRECTION('',(0.000717614064187078,-0.707106599117154,-0.707106599117154));
#4530=DIRECTION('',(-0.241258428200151,0.686097055121021,-0.686341898602041));
#4531=DIRECTION('',(0.000717614064187078,-0.707106599117154,-0.707106599117154));
#4532=DIRECTION('',(0.,0.707106781186548,-0.707106781186547));
#4533=DIRECTION('',(0.000717614064187078,0.707106599117154,-0.707106599117154));
#4534=DIRECTION('',(-0.241258428200151,-0.686097055121021,-0.686341898602041));
#4535=DIRECTION('',(0.000717614064187078,0.707106599117154,-0.707106599117154));
#4536=DIRECTION('',(0.,0.707106781186548,0.707106781186547));
#4537=DIRECTION('',(0.000717614064187078,-0.707106599117154,-0.707106599117154));
#4538=DIRECTION('',(0.,0.707106781186548,-0.707106781186548));
#4539=DIRECTION('',(0.000717614064186932,-0.707106599117154,-0.707106599117154));
#4540=DIRECTION('',(0.,0.707106781186548,-0.707106781186548));
#4541=DIRECTION('',(0.000717614064187078,0.707106599117154,-0.707106599117154));
#4542=DIRECTION('',(0.,0.707106781186548,0.707106781186548));
#4543=DIRECTION('',(0.000717614064186933,0.707106599117153,-0.707106599117155));
#4544=DIRECTION('',(0.,0.707106781186549,0.707106781186547));
#4545=DIRECTION('',(0.00101485928081352,0.,0.999999485030188));
#4546=DIRECTION('',(0.999999485030188,0.,-0.00101485928081352));
#4547=DIRECTION('',(0.00101485928081352,0.,0.999999485030188));
#4548=DIRECTION('',(0.999999485030188,0.,-0.00101485928081352));
#4549=DIRECTION('',(0.00101485928081352,0.,0.999999485030188));
#4550=DIRECTION('',(0.999999485030188,0.,-0.00101485928081352));
#4551=DIRECTION('',(0.00101485928081352,0.,0.999999485030188));
#4552=DIRECTION('',(0.999999485030188,0.,-0.00101485928081352));
#4553=DIRECTION('',(0.00101485928081392,0.,0.999999485030188));
#4554=DIRECTION('',(0.999999485030188,0.,-0.00101485928081392));
#4555=DIRECTION('',(-0.984807753012208,0.,0.17364817766693));
#4556=DIRECTION('',(0.,-1.,0.));
#4557=DIRECTION('',(-0.984807753012208,0.,0.17364817766693));
#4558=DIRECTION('',(0.17364817766693,0.,0.984807753012208));
#4559=DIRECTION('',(-0.984807753012208,0.,0.17364817766693));
#4560=DIRECTION('',(0.17364817766693,0.,0.984807753012208));
#4561=DIRECTION('',(-0.984807753012208,0.,0.17364817766693));
#4562=DIRECTION('',(0.17364817766693,0.,0.984807753012208));
#4563=DIRECTION('',(-0.984807753012208,0.,0.17364817766693));
#4564=DIRECTION('',(0.17364817766693,0.,0.984807753012208));
#4565=DIRECTION('',(-0.984807753012208,0.,0.17364817766693));
#4566=DIRECTION('',(0.17364817766693,0.,0.984807753012208));
#4567=DIRECTION('',(0.984807753012208,0.,-0.173648177666931));
#4568=DIRECTION('',(-0.173648177666931,0.,-0.984807753012208));
#4569=DIRECTION('',(-0.00101485928081393,0.,-0.999999485030188));
#4570=DIRECTION('',(-0.999999485030188,0.,0.00101485928081393));
#4571=DIRECTION('',(0.00101485928081392,0.,0.999999485030188));
#4572=DIRECTION('',(0.999999485030188,0.,-0.00101485928081392));
#4573=DIRECTION('',(0.696364419623323,-0.707106599117154,-0.122787835584983));
#4574=DIRECTION('',(0.712498112559344,0.701674026595949,0.));
#4575=DIRECTION('',(-0.696364419623323,0.707106599117154,0.122787835584984));
#4576=DIRECTION('',(-0.712498112559344,-0.701674026595949,0.));
#4577=DIRECTION('',(0.696364419623322,0.707106599117156,-0.122787835584983));
#4578=DIRECTION('',(-0.712498112559346,0.701674026595947,0.));
#4579=DIRECTION('',(-0.696364419623322,-0.707106599117155,0.122787835584983));
#4580=DIRECTION('',(0.712498112559345,-0.701674026595948,0.));
#4581=DIRECTION('',(0.000717614064186933,0.707106599117153,-0.707106599117155));
#4582=DIRECTION('',(0.,0.707106781186549,0.707106781186547));
#4583=DIRECTION('',(0.000717614064186932,-0.707106599117154,-0.707106599117154));
#4584=DIRECTION('',(0.,0.707106781186548,-0.707106781186548));
#4585=DIRECTION('',(0.,1.,0.));
#4586=DIRECTION('',(0.,0.,1.));
#4587=DIRECTION('',(-0.70746549713778,0.,-0.70674788316598));
#4588=DIRECTION('',(-0.00101485928081352,0.,-0.999999485030188));
#4589=DIRECTION('',(0.,1.,0.));
#4590=DIRECTION('',(0.,0.,1.));
#4591=DIRECTION('',(0.70746549713778,0.,0.70674788316598));
#4592=DIRECTION('',(-0.00101485928081352,0.,-0.999999485030188));
#4593=DIRECTION('',(-0.00101485928081352,0.,-0.999999485030188));
#4594=DIRECTION('',(-0.999999485030188,0.,0.00101485928081352));
#4595=DIRECTION('',(-0.999999485030187,0.,0.00101485928081352));
#4596=DIRECTION('',(0.00101485928081352,0.,0.999999485030188));
#4597=DIRECTION('',(-0.17364817766693,0.,-0.984807753012208));
#4598=DIRECTION('',(-0.984807753012208,0.,0.17364817766693));
#4599=DIRECTION('',(-0.17364817766693,0.,-0.984807753012208));
#4600=DIRECTION('',(-0.984807753012208,0.,0.17364817766693));
#4601=DIRECTION('',(-0.17364817766693,0.,-0.984807753012208));
#4602=DIRECTION('',(-0.984807753012208,0.,0.17364817766693));
#4603=DIRECTION('',(-0.17364817766693,1.96261607869893E-17,-0.984807753012208));
#4604=DIRECTION('',(-0.984807753012208,0.,0.17364817766693));
#4605=DIRECTION('',(-0.17364817766693,0.,-0.984807753012208));
#4606=DIRECTION('',(-0.984807753012208,0.,0.17364817766693));
#4607=DIRECTION('',(-0.999999485030187,0.,0.00101485928081352));
#4608=DIRECTION('',(0.00101485928081352,0.,0.999999485030188));
#4609=DIRECTION('',(-0.999999485030187,0.,0.00101485928081352));
#4610=DIRECTION('',(0.00101485928081352,0.,0.999999485030188));
#4611=DIRECTION('',(-0.999998882397293,-0.000419995893063259,0.00143485456228938));
#4612=DIRECTION('',(0.0014348546888411,0.,0.999998970595481));
#4613=DIRECTION('',(-0.173819485144921,0.000419995729435779,-0.984777441957086));
#4614=DIRECTION('',(-0.984777528812702,0.,0.17381950047549));
#4615=DIRECTION('',(-0.17364817766693,0.,-0.984807753012208));
#4616=DIRECTION('',(-0.984807753012208,0.,0.17364817766693));
#4617=DIRECTION('',(-0.999999485030187,0.,0.00101485928081352));
#4618=DIRECTION('',(0.00101485928081352,0.,0.999999485030188));
#4619=DIRECTION('',(-0.999999725303262,0.,0.000741210766690151));
#4620=DIRECTION('',(0.000741210766690151,0.,0.999999725303262));
#4621=DIRECTION('',(-0.173648177776907,0.,-0.984807752992816));
#4622=DIRECTION('',(-0.984807752992816,0.,0.173648177776907));
#4623=DIRECTION('',(-0.17364817766693,0.,-0.984807753012208));
#4624=DIRECTION('',(-0.984807753012208,0.,0.17364817766693));
#4625=DIRECTION('',(-0.999999485030187,0.,0.00101485928081352));
#4626=DIRECTION('',(0.00101485928081352,0.,0.999999485030188));
#4627=DIRECTION('',(-0.999999485030187,-2.84685044832331E-16,0.00101485928081374));
#4628=DIRECTION('',(0.00101485928081374,0.,0.999999485030187));
#4629=DIRECTION('',(-0.999999827089876,1.24902138565489E-10,0.000588064808606512));
#4630=DIRECTION('',(0.000588064808606512,0.,0.999999827089876));
#4631=DIRECTION('',(-0.961543284900978,-2.6893274102389E-16,-0.274653438467165));
#4632=DIRECTION('',(-0.274653438467165,0.,0.961543284900978));
#4633=DIRECTION('',(-0.173648177531364,-1.37658406030877E-10,-0.984807753036112));
#4634=DIRECTION('',(-0.984807753036112,0.,0.173648177531364));
#4635=DIRECTION('',(-0.17364817766693,-5.74837297917485E-18,-0.984807753012208));
#4636=DIRECTION('',(-0.984807753012208,0.,0.17364817766693));
#4637=DIRECTION('',(-0.999999485030187,0.,0.00101485928081352));
#4638=DIRECTION('',(0.00101485928081352,0.,0.999999485030188));
#4639=DIRECTION('',(-0.999999485030187,-1.0842021724855E-19,0.00101485928081352));
#4640=DIRECTION('',(0.00101485928081352,0.,0.999999485030188));
#4641=DIRECTION('',(-0.999999485030188,2.85995232415387E-16,0.00101485928081374));
#4642=DIRECTION('',(0.00101485928081374,0.,0.999999485030188));
#4643=DIRECTION('',(-0.99999946940391,0.000176783966239617,0.00101485926495526));
#4644=DIRECTION('',(0.00101485928081374,0.,0.999999485030188));
#4645=DIRECTION('',(-0.961543284900978,3.69782518907847E-16,-0.274653438467165));
#4646=DIRECTION('',(-0.274653438467165,0.,0.961543284900978));
#4647=DIRECTION('',(-0.173227848396341,-0.000176783913687067,-0.984881760054181));
#4648=DIRECTION('',(-0.984881775444216,0.,0.173227851103247));
#4649=DIRECTION('',(-0.17364817766693,0.,-0.984807753012208));
#4650=DIRECTION('',(-0.984807753012208,0.,0.17364817766693));
#4651=DIRECTION('',(-0.999999485030187,-1.0842021724855E-19,0.00101485928081352));
#4652=DIRECTION('',(0.00101485928081352,0.,0.999999485030188));
#4653=DIRECTION('',(-0.999999485030187,0.,0.00101485928081352));
#4654=DIRECTION('',(0.00101485928081352,0.,0.999999485030188));
#4655=DIRECTION('',(-0.999999643962418,0.000193498842600319,0.000821360599507638));
#4656=DIRECTION('',(0.000821360614884249,0.,0.999999662683313));
#4657=DIRECTION('',(-0.173569241732087,-0.000193498928813507,-0.984821649276006));
#4658=DIRECTION('',(-0.984821667712772,0.,0.173569244981463));
#4659=DIRECTION('',(-0.17364817766693,0.,-0.984807753012208));
#4660=DIRECTION('',(-0.984807753012208,0.,0.17364817766693));
#4661=DIRECTION('',(-0.999999485030187,0.,0.00101485928081352));
#4662=DIRECTION('',(0.00101485928081352,0.,0.999999485030188));
#4663=DIRECTION('',(-0.999998705844194,0.,0.00160882253109542));
#4664=DIRECTION('',(0.00160882253109542,0.,0.999998705844194));
#4665=DIRECTION('',(-0.173648177998,0.,-0.984807752953832));
#4666=DIRECTION('',(-0.984807752953832,0.,0.173648177998));
#4667=DIRECTION('',(-0.17364817766693,0.,-0.984807753012208));
#4668=DIRECTION('',(-0.984807753012208,0.,0.17364817766693));
#4669=DIRECTION('',(-0.999999485030187,0.,0.00101485928081352));
#4670=DIRECTION('',(0.00101485928081352,0.,0.999999485030188));
#4671=DIRECTION('',(-0.999999485030187,0.,0.00101485928081352));
#4672=DIRECTION('',(0.00101485928081352,0.,0.999999485030188));
#4673=DIRECTION('',(-0.999999485030187,4.49091638998035E-20,0.00101485928081352));
#4674=DIRECTION('',(0.00101485928081352,0.,0.999999485030188));
#4675=DIRECTION('',(-0.999999485030187,4.49091638998035E-20,0.00101485928081352));
#4676=DIRECTION('',(0.00101485928081352,0.,0.999999485030188));
#4677=DIRECTION('',(0.57399202458819,0.,-0.818860889107027));
#4678=DIRECTION('',(0.,1.,0.));
#4679=DIRECTION('',(0.370190171252239,-0.499820564286777,-0.783031698352171));
#4680=DIRECTION('',(0.696488494055886,0.707106781186547,-0.122081029024845));
#4681=DIRECTION('',(-0.122081029024846,-0.707106781186544,-0.696488494055889));
#4682=DIRECTION('',(0.984983474330646,0.,-0.172648646955399));
#4683=DIRECTION('',(-0.614705632604748,-0.500179371341969,-0.609883252539328));
#4684=DIRECTION('',(0.696488494055885,-0.707106781186548,-0.122081029024845));
#4685=DIRECTION('',(-0.614705632604748,-0.500179371341969,-0.609883252539328));
#4686=DIRECTION('',(0.369482889093868,0.500538178027444,-0.782907355313396));
#4687=DIRECTION('',(-0.55082831083742,-0.281215863833717,0.785815379022485));
#4688=DIRECTION('',(-0.818860889107028,0.,-0.573992024588189));
#4689=DIRECTION('',(0.,-1.,0.));
#4690=DIRECTION('',(-0.818860889107028,0.,-0.573992024588189));
#4691=DIRECTION('',(0.573992024588189,-8.13355528342609E-18,-0.818860889107028));
#4692=DIRECTION('',(-0.818860889107028,0.,-0.573992024588189));
#4693=DIRECTION('',(0.573992024588189,0.,-0.818860889107028));
#4694=DIRECTION('',(0.55082831083742,-0.281215863833713,-0.785815379022486));
#4695=DIRECTION('',(-0.614705632604749,0.50017937134197,-0.609883252539326));
#4696=DIRECTION('',(-0.696488494055885,-0.707106781186547,0.122081029024845));
#4697=DIRECTION('',(-0.614705632604749,0.50017937134197,-0.609883252539326));
#4698=DIRECTION('',(0.369482889093866,-0.500538178027443,-0.782907355313397));
#4699=DIRECTION('',(-0.122081029024846,0.707106781186544,-0.696488494055889));
#4700=DIRECTION('',(-0.984983474330646,0.,0.172648646955399));
#4701=DIRECTION('',(0.370190171252238,0.499820564286777,-0.783031698352172));
#4702=DIRECTION('',(-0.696488494055885,0.707106781186548,0.122081029024845));
#4703=DIRECTION('',(0.57399202458819,0.,-0.818860889107027));
#4704=DIRECTION('',(0.,1.,0.));
#4705=DIRECTION('',(-0.70674788316598,0.,0.70746549713778));
#4706=DIRECTION('',(0.,-1.,0.));
#4707=DIRECTION('',(-0.70674788316598,0.,0.70746549713778));
#4708=DIRECTION('',(0.,-1.,0.));
#4709=DIRECTION('',(-0.706853020767335,0.500179371341969,0.500179371341969));
#4710=DIRECTION('',(0.,-0.707106781186548,0.707106781186548));
#4711=DIRECTION('',(-0.706853020767334,-0.500179371341969,0.500179371341969));
#4712=DIRECTION('',(0.,-0.707106781186548,-0.707106781186548));
#4713=DIRECTION('',(-0.707106781186548,0.707106781186548,0.));
#4714=DIRECTION('',(0.,0.,1.));
#4715=DIRECTION('',(-0.707106781186548,-0.707106781186548,0.));
#4716=DIRECTION('',(0.,0.,-1.));
#4717=DIRECTION('',(-0.70736045057106,0.499820564286778,-0.499820564286778));
#4718=DIRECTION('',(0.,0.707106781186548,0.707106781186548));
#4719=DIRECTION('',(-0.707360450571061,-0.499820564286777,-0.499820564286777));
#4720=DIRECTION('',(0.,0.707106781186548,-0.707106781186548));
#4721=DIRECTION('',(-0.707465497137779,0.,-0.706747883165981));
#4722=DIRECTION('',(0.,1.,0.));
#4723=DIRECTION('',(0.64278760968654,0.,-0.766044443118978));
#4724=DIRECTION('',(-0.766044443118978,0.,-0.64278760968654));
#4725=DIRECTION('',(0.,1.,0.));
#4726=DIRECTION('',(0.,1.,0.));
#4727=DIRECTION('',(0.64278760968654,0.,-0.766044443118978));
#4728=DIRECTION('',(-0.766044443118978,0.,-0.64278760968654));
#4729=DIRECTION('',(-1.90442492464041E-16,1.,7.53957005456157E-15));
#4730=DIRECTION('',(0.,-7.53957005456157E-15,1.));
#4731=DIRECTION('',(0.709362443375144,-0.377506573554345,0.595225764607098));
#4732=DIRECTION('',(0.64278760968654,0.,-0.766044443118978));
#4733=DIRECTION('',(0.709362443375272,0.377506573553933,0.595225764607207));
#4734=DIRECTION('',(0.642787609686541,0.,-0.766044443118977));
#4735=DIRECTION('',(0.,-1.,0.));
#4736=DIRECTION('',(0.,0.,-1.));
#4737=DIRECTION('',(0.,1.,0.));
#4738=DIRECTION('',(0.,0.,1.));
#4739=DIRECTION('',(0.64278760968654,0.,-0.766044443118978));
#4740=DIRECTION('',(-0.766044443118978,0.,-0.64278760968654));
#4741=DIRECTION('',(5.54144378076501E-15,1.,4.64982343262957E-15));
#4742=DIRECTION('',(-1.,5.54144378076501E-15,0.));
#4743=DIRECTION('',(0.64278760968654,0.,-0.766044443118978));
#4744=DIRECTION('',(-0.766044443118978,0.,-0.64278760968654));
#4745=DIRECTION('',(0.709362443375148,0.377506573554321,0.595225764607108));
#4746=DIRECTION('',(0.642787609686544,0.,-0.766044443118974));
#4747=DIRECTION('',(0.,-1.,0.));
#4748=DIRECTION('',(0.,0.,-1.));
#4749=DIRECTION('',(-8.47514931175822E-15,1.,-7.11149466166873E-15));
#4750=DIRECTION('',(-1.,-8.47514931175822E-15,0.));
#4751=DIRECTION('',(0.709362443375277,-0.377506573553927,0.595225764607204));
#4752=DIRECTION('',(0.642787609686536,0.,-0.766044443118981));
#4753=DIRECTION('',(0.64278760968654,0.,-0.766044443118978));
#4754=DIRECTION('',(-0.766044443118978,0.,-0.64278760968654));
#4755=DIRECTION('',(0.,-1.,0.));
#4756=DIRECTION('',(1.,0.,0.));
#4757=DIRECTION('',(0.766370652961062,0.,0.64239864747681));
#4758=DIRECTION('',(0.,-1.,0.));
#4759=DIRECTION('',(1.,0.,0.));
#4760=DIRECTION('',(0.766370652961062,0.,0.64239864747681));
#4761=DIRECTION('',(-0.64239864747681,0.,0.766370652961062));
#4762=DIRECTION('',(0.766370652961062,0.,0.64239864747681));
#4763=DIRECTION('',(0.766370652961062,0.,0.64239864747681));
#4764=DIRECTION('',(0.766370652961062,0.,0.64239864747681));
#4765=DIRECTION('',(-0.17364817766693,0.,-0.984807753012208));
#4766=DIRECTION('',(-0.984807753012208,0.,0.17364817766693));
#4767=DIRECTION('',(-0.984807753012208,0.,0.17364817766693));
#4768=DIRECTION('',(0.,-1.,0.));
#4769=DIRECTION('',(-0.984807753012208,0.,0.17364817766693));
#4770=DIRECTION('',(-5.35873258095144E-17,1.,-3.0390882662543E-16));
#4771=DIRECTION('',(0.,3.0390882662543E-16,1.));
#4772=DIRECTION('',(-0.984807753012208,0.,0.17364817766693));
#4773=DIRECTION('',(-0.17364817766693,-3.08597110142432E-16,-0.984807753012208));
#4774=DIRECTION('',(0.17364817766693,0.,0.984807753012208));
#4775=DIRECTION('',(0.984807753012208,0.,-0.17364817766693));
#4776=DIRECTION('',(-0.984807753012208,0.,0.17364817766693));
#4777=DIRECTION('',(0.,1.,0.));
#4778=DIRECTION('',(-3.34701744843795E-17,1.,-1.89818792052694E-16));
#4779=DIRECTION('',(0.,1.89818792052694E-16,1.));
#4780=DIRECTION('',(-0.984807753012208,0.,0.17364817766693));
#4781=DIRECTION('',(-0.17364817766693,-1.92747052886312E-16,-0.984807753012208));
#4782=DIRECTION('',(-0.17364817766693,0.,-0.984807753012208));
#4783=DIRECTION('',(-0.984807753012208,0.,0.17364817766693));
#4784=DIRECTION('',(-0.984807753012208,0.,0.17364817766693));
#4785=DIRECTION('',(0.,-1.,0.));
#4786=DIRECTION('',(5.0205261726569E-17,-1.,2.8472818807904E-16));
#4787=DIRECTION('',(0.,-2.8472818807904E-16,-1.));
#4788=DIRECTION('',(0.17364817766693,2.89120579329467E-16,0.984807753012208));
#4789=DIRECTION('',(-0.984807753012208,0.,0.17364817766693));
#4790=DIRECTION('',(0.,-1.,0.));
#4791=DIRECTION('',(-0.17364817766693,-5.74837297917485E-18,-0.984807753012208));
#4792=DIRECTION('',(-0.984807753012208,0.,0.17364817766693));
#4793=DIRECTION('',(-0.17364817766693,0.,-0.984807753012208));
#4794=DIRECTION('',(-0.984807753012208,0.,0.17364817766693));
#4795=DIRECTION('',(-0.17364817766693,1.96261607869893E-17,-0.984807753012208));
#4796=DIRECTION('',(-0.984807753012208,0.,0.17364817766693));
#4797=DIRECTION('',(0.766370652961062,0.,0.64239864747681));
#4798=DIRECTION('',(0.64239864747681,0.,-0.766370652961062));
#4799=DIRECTION('',(-0.766370652961062,0.,-0.64239864747681));
#4800=DIRECTION('',(-0.64239864747681,0.,0.766370652961062));
#4801=CARTESIAN_POINT('',(0.,0.,0.));
#4802=CARTESIAN_POINT('',(-0.0763213167454478,-2.42861286636753E-17,0.042068364148297));
#4803=CARTESIAN_POINT('',(-0.0815307620754557,0.,0.0125241315579308));
#4804=CARTESIAN_POINT('',(-0.0805776833711911,0.00434924315907345,0.0179293094860914));
#4805=CARTESIAN_POINT('',(-0.0805776833711911,-0.00434924315907349,0.0179293094860914));
#4806=CARTESIAN_POINT('',(-0.0763213167454478,-0.00434924315907349,0.042068364148297));
#4807=CARTESIAN_POINT('',(-0.0763213167454486,-0.00434924254298426,0.0420683641482971));
#4808=CARTESIAN_POINT('',(-0.0763213167454486,-2.42861286636753E-17,0.0420683641482971));
#4809=CARTESIAN_POINT('',(-0.0763213167454486,0.00434924254298422,0.0420683641482971));
#4810=CARTESIAN_POINT('',(-0.0763213167454478,0.00434924315907345,0.042068364148297));
#4811=CARTESIAN_POINT('',(-0.0789256867744936,-2.06578420823529E-17,0.0272982477510123));
#4812=CARTESIAN_POINT('',(-0.0786652145079932,-2.01949464171393E-17,0.0287754593805306));
#4813=CARTESIAN_POINT('',(-0.079186159040994,4.33680868994202E-19,0.0258210361214939));
#4814=CARTESIAN_POINT('',(-0.079186159040994,-0.00075,0.0258210361214939));
#4815=CARTESIAN_POINT('',(-0.079186159040994,-0.0015,0.0258210361214939));
#4816=CARTESIAN_POINT('',(-0.0793163951742442,-0.0015,0.0250824303067348));
#4817=CARTESIAN_POINT('',(-0.0794466313074944,-0.0015,0.0243438244919755));
#4818=CARTESIAN_POINT('',(-0.0794466313074944,-0.000750000000000011,0.0243438244919756));
#4819=CARTESIAN_POINT('',(-0.0794466313074944,0.0015,0.0243438244919756));
#4820=CARTESIAN_POINT('',(-0.0790559229077438,0.0015,0.0265596419362531));
#4821=CARTESIAN_POINT('',(-0.0786652145079933,0.0015,0.0287754593805306));
#4822=CARTESIAN_POINT('',(-0.0786652145079933,0.00075,0.0287754593805306));
#4823=CARTESIAN_POINT('',(-0.0400216536272935,0.,0.0356837271343148));
#4824=CARTESIAN_POINT('',(-0.0399999794012075,-1.12757025938492E-17,0.0415405943712325));
#4825=CARTESIAN_POINT('',(-0.0399999794012075,0.00434924315907345,0.0415405943712325));
#4826=CARTESIAN_POINT('',(-0.0399999794012075,0.0025,0.0415405943712325));
#4827=CARTESIAN_POINT('',(-0.0400216536272935,0.0025,0.0356837271343148));
#4828=CARTESIAN_POINT('',(-0.0457868290411985,0.0025,0.0367162560926798));
#4829=CARTESIAN_POINT('',(-0.0457868290411985,-1.12757025938492E-17,0.0367162560926798));
#4830=CARTESIAN_POINT('',(-0.0457868290411985,0.00434924315907345,0.0367162560926798));
#4831=CARTESIAN_POINT('',(-0.0457868290411985,0.00434925042683736,0.0367162560926798));
#4832=CARTESIAN_POINT('',(-0.0455444431571234,0.00434925042683738,0.0380696294080007));
#4833=CARTESIAN_POINT('',(-0.0440922254170635,0.00434830862473772,0.0405506106069939));
#4834=CARTESIAN_POINT('',(-0.0413748773363015,0.00435113403103657,0.0415456823897047));
#4835=CARTESIAN_POINT('',(-0.0399999794012075,0.00434924745241149,0.0415405943712325));
#4836=CARTESIAN_POINT('',(-0.0400216536272935,0.,0.0356837271343148));
#4837=CARTESIAN_POINT('',(-0.0399999794012075,0.00434924266861616,0.0725405943712326));
#4838=CARTESIAN_POINT('',(-0.0434574208686439,0.00434924266861617,0.0725426275708413));
#4839=CARTESIAN_POINT('',(-0.046858548567372,0.0043492426686162,0.0720618054334242));
#4840=CARTESIAN_POINT('',(-0.0501445206953863,0.0043492426686162,0.0711232064563023));
#4841=CARTESIAN_POINT('',(-0.0399999794012075,0.0043492424913594,0.0725405943712326));
#4842=CARTESIAN_POINT('',(-0.0501445206953863,0.0043492426686162,0.0711232064563023));
#4843=CARTESIAN_POINT('',(-0.0501445206953863,0.,0.0711232064563023));
#4844=CARTESIAN_POINT('',(-0.0501445206953863,-0.00434924266861622,0.0711232064563023));
#4845=CARTESIAN_POINT('',(-0.0501445206953863,-0.0043492426686162,0.0711232064563024));
#4846=CARTESIAN_POINT('',(-0.0468594539751346,-0.00434924266861621,0.0720615468144321));
#4847=CARTESIAN_POINT('',(-0.0434570758986258,-0.00434924266861619,0.0725426273679766));
#4848=CARTESIAN_POINT('',(-0.0399999794012075,-0.0043492426686162,0.0725405943712326));
#4849=CARTESIAN_POINT('',(-0.0399999794012075,-0.00434924249135945,0.0725405943712326));
#4850=CARTESIAN_POINT('',(-0.0399999794012075,-2.42861286636753E-17,0.0725405943712326));
#4851=CARTESIAN_POINT('',(-0.0731649102071638,-0.00434924266861622,0.0518068061074126));
#4852=CARTESIAN_POINT('',(-0.0731649102071638,-0.00642031020587168,0.0518068061074126));
#4853=CARTESIAN_POINT('',(-0.071848000774325,-0.00788477624306532,0.051166173985614));
#4854=CARTESIAN_POINT('',(-0.0746614139169215,-0.00434924266872266,0.0487305322450823));
#4855=CARTESIAN_POINT('',(-0.0746614139167965,-0.00642031020595912,0.0487305322449228));
#4856=CARTESIAN_POINT('',(-0.073285042618868,-0.00788477624321688,0.0482121323503436));
#4857=CARTESIAN_POINT('',(-0.0757238310750249,-0.00434924266856844,0.0454648667267614));
#4858=CARTESIAN_POINT('',(-0.0757238310752935,-0.00642031020589969,0.0454648667267702));
#4859=CARTESIAN_POINT('',(-0.0743052458453891,-0.00788477624284154,0.0450762243203533));
#4860=CARTESIAN_POINT('',(-0.0763211613778159,-0.00434924266861626,0.0420692474233454));
#4861=CARTESIAN_POINT('',(-0.0763211613778159,-0.00642031020587171,0.0420692474233454));
#4862=CARTESIAN_POINT('',(-0.0748788419108418,-0.00788477624306536,0.0418155260703474));
#4863=CARTESIAN_POINT('',(-0.0718480007743338,-0.00788477624306534,0.0511661739855961));
#4864=CARTESIAN_POINT('',(-0.0732870036740085,-0.00788477624306535,0.0482081011260174));
#4865=CARTESIAN_POINT('',(-0.0743023959802839,-0.00788477765203841,0.0450924166989239));
#4866=CARTESIAN_POINT('',(-0.0748788419108418,-0.00788477624306532,0.0418155260703474));
#4867=CARTESIAN_POINT('',(-0.0718480007743338,-0.00788477624306533,0.0511661739855961));
#4868=CARTESIAN_POINT('',(-0.0748788421676768,-0.00788477598231476,0.0418155261153656));
#4869=CARTESIAN_POINT('',(-0.0686686991434262,-0.0043492426686162,0.0496195507335883));
#4870=CARTESIAN_POINT('',(-0.0731649102071638,-0.00434924266861623,0.0518068061074125));
#4871=CARTESIAN_POINT('',(-0.0763211613778159,-0.00434924266861622,0.0420692474233455));
#4872=CARTESIAN_POINT('',(-0.075722236406993,-0.00434924266861622,0.0454739318713322));
#4873=CARTESIAN_POINT('',(-0.0746612368935169,-0.00434924266861623,0.0487308961415892));
#4874=CARTESIAN_POINT('',(-0.0731649102071638,-0.00434924266861622,0.0518068061074125));
#4875=CARTESIAN_POINT('',(-0.0763211613778159,-0.00434924266861622,0.0420692474233455));
#4876=CARTESIAN_POINT('',(-0.0713967735777572,-0.00434924266861622,0.041202988342797));
#4877=CARTESIAN_POINT('',(-0.0718480007743251,0.0078847762430653,0.0511661739856139));
#4878=CARTESIAN_POINT('',(-0.0731649102071638,0.00642031020587166,0.0518068061074124));
#4879=CARTESIAN_POINT('',(-0.0731649102071638,0.00434924266861621,0.0518068061074124));
#4880=CARTESIAN_POINT('',(-0.0732850426188607,0.00788477624318402,0.0482121323504336));
#4881=CARTESIAN_POINT('',(-0.0746614139164002,0.00642031020587166,0.0487305322448935));
#4882=CARTESIAN_POINT('',(-0.0746614139169006,0.00434924266861749,0.0487305322451252));
#4883=CARTESIAN_POINT('',(-0.0743052458451805,0.00788477624301014,0.0450762243205656));
#4884=CARTESIAN_POINT('',(-0.0757238310749108,0.00642031020592344,0.0454648667268388));
#4885=CARTESIAN_POINT('',(-0.0757238310749831,0.00434924266867825,0.0454648667269988));
#4886=CARTESIAN_POINT('',(-0.0748788419108418,0.00788477624306531,0.0418155260703474));
#4887=CARTESIAN_POINT('',(-0.0763211613778159,0.00642031020587168,0.0420692474233454));
#4888=CARTESIAN_POINT('',(-0.0763211613778159,0.00434924266861622,0.0420692474233454));
#4889=CARTESIAN_POINT('',(-0.0731649102071726,0.0043492426686162,0.0518068061073944));
#4890=CARTESIAN_POINT('',(-0.0746634562920075,0.00434924266861621,0.0487263338558236));
#4891=CARTESIAN_POINT('',(-0.0757207451645942,0.00434924266861617,0.045482409076409));
#4892=CARTESIAN_POINT('',(-0.0763211613778159,0.00434924266861617,0.0420692474233455));
#4893=CARTESIAN_POINT('',(-0.0731649102071726,0.00434924266861616,0.0518068061073944));
#4894=CARTESIAN_POINT('',(-0.0763211613778332,0.00434924238228024,0.0420692474232474));
#4895=CARTESIAN_POINT('',(-0.0686686991434262,0.00434924266861618,0.0496195507335882));
#4896=CARTESIAN_POINT('',(-0.0718480007743336,0.00788477624306526,0.0511661739855966));
#4897=CARTESIAN_POINT('',(-0.0748788419108418,0.00788477624306526,0.0418155260703474));
#4898=CARTESIAN_POINT('',(-0.0743037541342974,0.00788477764824599,0.0450846960778732));
#4899=CARTESIAN_POINT('',(-0.07328487262879,0.00788477624306528,0.048212481789201));
#4900=CARTESIAN_POINT('',(-0.0718480007743336,0.00788477624306528,0.0511661739855966));
#4901=CARTESIAN_POINT('',(-0.0748788419108418,0.00788477624306527,0.0418155260703474));
#4902=CARTESIAN_POINT('',(-0.0713967735777572,0.00434924266861615,0.041202988342797));
#4903=CARTESIAN_POINT('',(-0.04,0.,0.057));
#4904=CARTESIAN_POINT('',(-0.00843834146391702,0.00156888205142779,0.0683624589988746));
#4905=CARTESIAN_POINT('',(-0.00778711112652745,-3.65818266373741E-7,0.0684937317249858));
#4906=CARTESIAN_POINT('',(-0.00843789984176041,-0.00156741877836229,0.0683626141011824));
#4907=CARTESIAN_POINT('',(-0.0100021940456151,-0.00221620465422319,0.0682296604916964));
#4908=CARTESIAN_POINT('',(-0.0115714216717344,-0.00156776015600801,0.0683625910932461));
#4909=CARTESIAN_POINT('',(-0.0122200549423941,-6.11546555953369E-7,0.06849362317121));
#4910=CARTESIAN_POINT('',(-0.0115730558027263,0.00156548906509319,0.0683629160599582));
#4911=CARTESIAN_POINT('',(-0.0100057560268203,0.00221640644011085,0.0682296180555004));
#4912=CARTESIAN_POINT('',(-0.00843834146391702,0.00156888205142779,0.0683624589988746));
#4913=CARTESIAN_POINT('',(-0.00778711112652745,-3.65818266373741E-7,0.0684937317249858));
#4914=CARTESIAN_POINT('',(-0.00843789984176041,-0.00156741877836229,0.0683626141011824));
#4915=CARTESIAN_POINT('',(-0.00800411430196454,2.52286315219999E-19,0.06845));
#4916=CARTESIAN_POINT('',(-0.00844393787198405,-0.00698362111741611,0.0479007664425874));
#4917=CARTESIAN_POINT('',(-0.0100135014794246,-0.00643193597425101,0.0475317525967751));
#4918=CARTESIAN_POINT('',(-0.0115808175874171,-0.0069832359074671,0.0479005845492401));
#4919=CARTESIAN_POINT('',(-0.0122292074946194,-0.00817598648511919,0.0489218204441262));
#4920=CARTESIAN_POINT('',(-0.0115804121801512,-0.00918542447861926,0.0501300629766477));
#4921=CARTESIAN_POINT('',(-0.0100136059288459,-0.00954705425466665,0.0506857143889018));
#4922=CARTESIAN_POINT('',(-0.00844787088692577,-0.00918622854616656,0.0501312963538267));
#4923=CARTESIAN_POINT('',(-0.00779656311497856,-0.00817840141783598,0.0489242126690918));
#4924=CARTESIAN_POINT('',(-0.00844393787198405,-0.00698362111741611,0.0479007664425874));
#4925=CARTESIAN_POINT('',(-0.0100135014794246,-0.00643193597425101,0.0475317525967751));
#4926=CARTESIAN_POINT('',(-0.0115808175874171,-0.0069832359074671,0.0479005845492401));
#4927=CARTESIAN_POINT('',(-0.0100131268961832,-0.00661576682031453,0.047654726896488));
#4928=CARTESIAN_POINT('',(-0.04,0.,0.057));
#4929=CARTESIAN_POINT('',(-0.04,0.,0.04555));
#4930=CARTESIAN_POINT('',(-0.0115817453182135,0.00918450485193207,0.0501288973394563));
#4931=CARTESIAN_POINT('',(-0.0100127847490236,0.00954765698032271,0.0506864876886909));
#4932=CARTESIAN_POINT('',(-0.00844598392070163,0.00918473762455201,0.0501293693057746));
#4933=CARTESIAN_POINT('',(-0.00779676182462777,0.00817874633694581,0.048924622002969));
#4934=CARTESIAN_POINT('',(-0.00844502840670577,0.00698266821027331,0.0478999785266952));
#4935=CARTESIAN_POINT('',(-0.0100123503305369,0.00643270350276727,0.0475323661129513));
#4936=CARTESIAN_POINT('',(-0.0115786759508085,0.00698111980413195,0.047898919181686));
#4937=CARTESIAN_POINT('',(-0.012229409355009,0.00817616266119249,0.048921938339695));
#4938=CARTESIAN_POINT('',(-0.0115817453182135,0.00918450485193207,0.0501288973394563));
#4939=CARTESIAN_POINT('',(-0.0100127847490236,0.00954765698032271,0.0506864876886909));
#4940=CARTESIAN_POINT('',(-0.00844598392070163,0.00918473762455201,0.0501293693057746));
#4941=CARTESIAN_POINT('',(-0.0100131447058349,0.00942664506629582,0.0505007028999991));
#4942=CARTESIAN_POINT('',(-0.04,0.001,0.0455937517123289));
#4943=CARTESIAN_POINT('',(0.,0.001,0.0455937517123289));
#4944=CARTESIAN_POINT('',(-0.0181253109671694,0.001,0.0455937517123289));
#4945=CARTESIAN_POINT('',(0.,0.,0.057));
#4946=CARTESIAN_POINT('',(0.,-0.001,0.0455937517123289));
#4947=CARTESIAN_POINT('',(-0.04,-0.001,0.0455937517123289));
#4948=CARTESIAN_POINT('',(-0.0181253109671694,-0.001,0.0455937517123289));
#4949=CARTESIAN_POINT('',(-0.0181253109671694,0.001,0.0455937517123289));
#4950=CARTESIAN_POINT('',(-0.0183612763956393,0.00166757867514397,0.0456522791666072));
#4951=CARTESIAN_POINT('',(-0.0192965933516204,0.00279959074793713,0.045880884104546));
#4952=CARTESIAN_POINT('',(-0.0215067329409145,0.00321028209467312,0.0460122353372863));
#4953=CARTESIAN_POINT('',(-0.0234390453496187,0.00210033034199601,0.045700413632533));
#4954=CARTESIAN_POINT('',(-0.0242107882171308,2.29452036910217E-6,0.0454749044599616));
#4955=CARTESIAN_POINT('',(-0.0234405115164967,-0.00209871524010764,0.0456999693754576));
#4956=CARTESIAN_POINT('',(-0.0215115214195533,-0.00320870803476757,0.0460118483793313));
#4957=CARTESIAN_POINT('',(-0.0193006850455146,-0.00280324700206137,0.0458817389282892));
#4958=CARTESIAN_POINT('',(-0.0183612813499952,-0.00166759269169884,0.0456522803954561));
#4959=CARTESIAN_POINT('',(-0.0181253109671694,-0.001,0.0455937517123289));
#4960=CARTESIAN_POINT('',(0.,-1.7347234759768E-17,0.057));
#4961=CARTESIAN_POINT('',(0.,0.001,0.0745111450931166));
#4962=CARTESIAN_POINT('',(0.,0.001,0.043502030749547));
#4963=CARTESIAN_POINT('',(0.,-1.7347234759768E-17,0.043502030749547));
#4964=CARTESIAN_POINT('',(0.,0.00434924315907345,0.043502030749547));
#4965=CARTESIAN_POINT('',(0.,0.00434924315907345,0.043502030749547));
#4966=CARTESIAN_POINT('',(0.,0.00513533276937279,0.0434988455649235));
#4967=CARTESIAN_POINT('',(0.,0.00591639780995217,0.0438220360141613));
#4968=CARTESIAN_POINT('',(0.,0.00647056295642491,0.0443807103122728));
#4969=CARTESIAN_POINT('',(0.,0.00647056295642491,0.0443807103122728));
#4970=CARTESIAN_POINT('',(0.,0.00954492632207605,0.0474550736779239));
#4971=CARTESIAN_POINT('',(0.,0.0126213197973514,0.0505314671531993));
#4972=CARTESIAN_POINT('',(0.,0.0126213197973514,0.0505314671531993));
#4973=CARTESIAN_POINT('',(0.,0.013179421870623,0.0510850646849121));
#4974=CARTESIAN_POINT('',(0.,0.0135031884589674,0.0518658920979943));
#4975=CARTESIAN_POINT('',(0.,0.0135,0.0526527891353838));
#4976=CARTESIAN_POINT('',(0.,0.0135,0.0526527891353838));
#4977=CARTESIAN_POINT('',(0.,0.0135,0.057));
#4978=CARTESIAN_POINT('',(0.,0.0135,0.06135127030383));
#4979=CARTESIAN_POINT('',(0.,0.0135,0.06135127030383));
#4980=CARTESIAN_POINT('',(0.,0.0135031851910622,0.0621373608372221));
#4981=CARTESIAN_POINT('',(0.,0.013179994465679,0.0629184267807625));
#4982=CARTESIAN_POINT('',(0.,0.0126213197973514,0.0634725922860144));
#4983=CARTESIAN_POINT('',(0.,0.0126213197973514,0.0634725922860144));
#4984=CARTESIAN_POINT('',(0.,0.00954695604168293,0.0665469560416829));
#4985=CARTESIAN_POINT('',(0.,0.00647056295642491,0.069623349126941));
#4986=CARTESIAN_POINT('',(0.,0.00647056295642491,0.069623349126941));
#4987=CARTESIAN_POINT('',(0.,0.00591696578310922,0.0701814508303902));
#4988=CARTESIAN_POINT('',(0.,0.00513613927240292,0.0705052171421887));
#4989=CARTESIAN_POINT('',(0.,0.00434924315907344,0.0705020286896667));
#4990=CARTESIAN_POINT('',(0.,0.00434924315907345,0.0705020286896667));
#4991=CARTESIAN_POINT('',(0.,-1.7347234759768E-17,0.0705020286896667));
#4992=CARTESIAN_POINT('',(0.,-0.00434924315907349,0.0705020286896667));
#4993=CARTESIAN_POINT('',(0.,-0.00434924315907349,0.0705020286896667));
#4994=CARTESIAN_POINT('',(0.,-0.00513533276938063,0.0705052138742902));
#4995=CARTESIAN_POINT('',(0.,-0.00591639780995772,0.0701820234250469));
#4996=CARTESIAN_POINT('',(0.,-0.00647056295642495,0.069623349126941));
#4997=CARTESIAN_POINT('',(0.,-0.00647056295642495,0.069623349126941));
#4998=CARTESIAN_POINT('',(0.,-0.00954695604168297,0.066546956041683));
#4999=CARTESIAN_POINT('',(0.,-0.0126213197973515,0.0634725922860144));
#5000=CARTESIAN_POINT('',(0.,-0.0126213197973515,0.0634725922860145));
#5001=CARTESIAN_POINT('',(0.,-0.0131794218706484,0.0629189947542763));
#5002=CARTESIAN_POINT('',(0.,-0.0135031884589673,0.0621381673411836));
#5003=CARTESIAN_POINT('',(0.,-0.0135,0.06135127030383));
#5004=CARTESIAN_POINT('',(0.,-0.0135,0.06135127030383));
#5005=CARTESIAN_POINT('',(0.,-0.0135,0.057));
#5006=CARTESIAN_POINT('',(0.,-0.0135,0.0526527891353838));
#5007=CARTESIAN_POINT('',(0.,-0.0135,0.0526527891353838));
#5008=CARTESIAN_POINT('',(0.,-0.0135031851910622,0.0518666986020076));
#5009=CARTESIAN_POINT('',(0.,-0.0131799944656904,0.0510856326584624));
#5010=CARTESIAN_POINT('',(0.,-0.0126213197973515,0.0505314671531993));
#5011=CARTESIAN_POINT('',(0.,-0.0126213197973515,0.0505314671531993));
#5012=CARTESIAN_POINT('',(0.,-0.00954492632207609,0.0474550736779239));
#5013=CARTESIAN_POINT('',(0.,-0.00647056295642495,0.0443807103122728));
#5014=CARTESIAN_POINT('',(0.,-0.00647056295642496,0.0443807103122728));
#5015=CARTESIAN_POINT('',(0.,-0.00591696578312528,0.0438226086088396));
#5016=CARTESIAN_POINT('',(0.,-0.00513613927242567,0.043498842297025));
#5017=CARTESIAN_POINT('',(0.,-0.0043492431590735,0.043502030749547));
#5018=CARTESIAN_POINT('',(0.,-0.0043492431590735,0.043502030749547));
#5019=CARTESIAN_POINT('',(0.,-1.7347234759768E-17,0.043502030749547));
#5020=CARTESIAN_POINT('',(0.,-0.001,0.043502030749547));
#5021=CARTESIAN_POINT('',(0.,-0.001,0.0745111450931166));
#5022=CARTESIAN_POINT('',(-0.00988782536919881,0.0156291400934524,0.0411608611000703));
#5023=CARTESIAN_POINT('',(-0.00994824282909096,0.0156100367455548,0.0411451427281358));
#5024=CARTESIAN_POINT('',(-0.0099808791502221,0.0156046687862958,0.0411416032661811));
#5025=CARTESIAN_POINT('',(-0.0100461205646254,0.0156031040045029,0.0411436937294108));
#5026=CARTESIAN_POINT('',(-0.0100786829936936,0.0156069082052481,0.04114932228755));
#5027=CARTESIAN_POINT('',(-0.0101388159486807,0.015623120213403,0.0411689033318674));
#5028=CARTESIAN_POINT('',(-0.010166347151039,0.0156355174190737,0.0411828430131466));
#5029=CARTESIAN_POINT('',(-0.01021221694932,0.0156670380858976,0.0412169336020573));
#5030=CARTESIAN_POINT('',(-0.0102305255489804,0.0156861409343111,0.041237062216365));
#5031=CARTESIAN_POINT('',(-0.0102551489295773,0.0157281715240158,0.0412804723667397));
#5032=CARTESIAN_POINT('',(-0.01026144760821,0.0157510717796689,0.0413037255150137));
#5033=CARTESIAN_POINT('',(-0.0102610758846377,0.01579721351598,0.0413498464249715));
#5034=CARTESIAN_POINT('',(-0.0102544057255189,0.015820424822541,0.0413726840261778));
#5035=CARTESIAN_POINT('',(-0.0102290954893217,0.0158636530443806,0.0414144942052645));
#5036=CARTESIAN_POINT('',(-0.0102104719637117,0.015883641690837,0.041433439441643));
#5037=CARTESIAN_POINT('',(-0.0101640764689133,0.0159173752932945,0.0414645736691026));
#5038=CARTESIAN_POINT('',(-0.0101363348397629,0.0159310981894209,0.0414767423001537));
#5039=CARTESIAN_POINT('',(-0.0100759173798708,0.0159502015373185,0.0414924606720883));
#5040=CARTESIAN_POINT('',(-0.0100432810587396,0.0159555694965774,0.0414960001340429));
#5041=CARTESIAN_POINT('',(-0.00997803964433634,0.0159571342783704,0.0414939096708132));
#5042=CARTESIAN_POINT('',(-0.00994547721526812,0.0159533300776253,0.041488281112674));
#5043=CARTESIAN_POINT('',(-0.00988534426028103,0.0159371180694704,0.0414687000683566));
#5044=CARTESIAN_POINT('',(-0.00985781305792269,0.0159247208637996,0.0414547603870773));
#5045=CARTESIAN_POINT('',(-0.00981194325964175,0.0158932001969758,0.0414206697981668));
#5046=CARTESIAN_POINT('',(-0.00979363465998124,0.0158740973485622,0.041400541183859));
#5047=CARTESIAN_POINT('',(-0.00976901127938444,0.0158320667588575,0.0413571310334844));
#5048=CARTESIAN_POINT('',(-0.00976271260075166,0.0158091665032044,0.0413338778852104));
#5049=CARTESIAN_POINT('',(-0.00976308432432398,0.0157630247668934,0.0412877569752525));
#5050=CARTESIAN_POINT('',(-0.00976975448344279,0.0157398134603323,0.0412649193740462));
#5051=CARTESIAN_POINT('',(-0.00979506471964004,0.0156965852384928,0.0412231091949595));
#5052=CARTESIAN_POINT('',(-0.00981368824525007,0.0156765965920363,0.041204163958581));
#5053=CARTESIAN_POINT('',(-0.00986008374004844,0.0156428629895788,0.0411730297311215));
#5054=CARTESIAN_POINT('',(-0.00988782536919881,0.0156291400934524,0.0411608611000703));
#5055=CARTESIAN_POINT('',(-0.00994824282909096,0.0156100367455548,0.0411451427281358));
#5056=CARTESIAN_POINT('',(-0.00985147487303015,0.0155325251935556,0.0411672293814686));
#5057=CARTESIAN_POINT('',(-0.00992954195045117,0.0155083444587853,0.041146415710774));
#5058=CARTESIAN_POINT('',(-0.00997171224713366,0.0155016802471655,0.04114157032081));
#5059=CARTESIAN_POINT('',(-0.010056012490116,0.0155002019216862,0.0411437278983144));
#5060=CARTESIAN_POINT('',(-0.0100980873088124,0.0155053887745682,0.0411507294548486));
#5061=CARTESIAN_POINT('',(-0.0101757867695463,0.0155268379200332,0.0411755298089354));
#5062=CARTESIAN_POINT('',(-0.0102113606005187,0.0155430861860845,0.0411933123884546));
#5063=CARTESIAN_POINT('',(-0.010270630240455,0.015584197364534,0.0412369798900304));
#5064=CARTESIAN_POINT('',(-0.0102942872904157,0.0156090333925388,0.0412628362560021));
#5065=CARTESIAN_POINT('',(-0.0103261038441543,0.0156635477997281,0.0413187229237991));
#5066=CARTESIAN_POINT('',(-0.0103342425416988,0.0156931905295617,0.0413487166788924));
#5067=CARTESIAN_POINT('',(-0.0103337622273502,0.0157528088411703,0.0414083142743521));
#5068=CARTESIAN_POINT('',(-0.0103251435295553,0.0157827454359279,0.0414378791412485));
#5069=CARTESIAN_POINT('',(-0.0102924394706249,0.0158383913044543,0.0414921144707156));
#5070=CARTESIAN_POINT('',(-0.0102683754961009,0.0158640641889603,0.0415167494664364));
#5071=CARTESIAN_POINT('',(-0.0102084265890984,0.0159072660353521,0.0415573656926437));
#5072=CARTESIAN_POINT('',(-0.0101725808598255,0.0159247667456656,0.0415733203624074));
#5073=CARTESIAN_POINT('',(-0.0100945137824045,0.0159489474804359,0.041594134033102));
#5074=CARTESIAN_POINT('',(-0.010052343485722,0.0159556116920557,0.0415989794230662));
#5075=CARTESIAN_POINT('',(-0.00996804324273963,0.015957090017535,0.0415968218455618));
#5076=CARTESIAN_POINT('',(-0.00992596842404326,0.015951903164653,0.0415898202890275));
#5077=CARTESIAN_POINT('',(-0.00984826896330936,0.0159304540191881,0.0415650199349408));
#5078=CARTESIAN_POINT('',(-0.00981269513233692,0.0159142057531367,0.0415472373554213));
#5079=CARTESIAN_POINT('',(-0.00975342549240062,0.0158730945746872,0.0415035698538457));
#5080=CARTESIAN_POINT('',(-0.00972976844243995,0.0158482585466824,0.041477713487874));
#5081=CARTESIAN_POINT('',(-0.00969795188870139,0.0157937441394931,0.041421826820077));
#5082=CARTESIAN_POINT('',(-0.00968981319115677,0.0157641014096596,0.0413918330649838));
#5083=CARTESIAN_POINT('',(-0.00969029350550549,0.015704483098051,0.0413322354695239));
#5084=CARTESIAN_POINT('',(-0.0096989122033003,0.0156745465032934,0.0413026706026276));
#5085=CARTESIAN_POINT('',(-0.00973161626223077,0.015618900634767,0.0412484352731605));
#5086=CARTESIAN_POINT('',(-0.00975568023675476,0.015593227750261,0.0412238002774395));
#5087=CARTESIAN_POINT('',(-0.00981562914375722,0.0155500259038691,0.0411831840512324));
#5088=CARTESIAN_POINT('',(-0.00985147487303015,0.0155325251935556,0.0411672293814686));
#5089=CARTESIAN_POINT('',(-0.00992954195045117,0.0155083444587853,0.041146415710774));
#5090=CARTESIAN_POINT('',(-0.00751545215153303,0.00932368005573773,0.0415764796424401));
#5091=CARTESIAN_POINT('',(-0.0087277515481465,0.00897320690818839,0.0412282224721779));
#5092=CARTESIAN_POINT('',(-0.00938261179026513,0.00888324053327508,0.0411394531245227));
#5093=CARTESIAN_POINT('',(-0.010691705675657,0.00888731822310204,0.0411459237234981));
#5094=CARTESIAN_POINT('',(-0.0113450832453256,0.00898135962126305,0.0412411594387216));
#5095=CARTESIAN_POINT('',(-0.0125516739424111,0.00933936735715452,0.0416013727168967));
#5096=CARTESIAN_POINT('',(-0.0131040980275296,0.00960309957800709,0.04186611472067));
#5097=CARTESIAN_POINT('',(-0.0140244930404495,0.010260533927522,0.0425252314717844));
#5098=CARTESIAN_POINT('',(-0.0143918620817956,0.0106538061311797,0.0429191751939249));
#5099=CARTESIAN_POINT('',(-0.014885939613234,0.0115105786742619,0.0437768508675299));
#5100=CARTESIAN_POINT('',(-0.0150123250044717,0.0119735187327391,0.0442400219474504));
#5101=CARTESIAN_POINT('',(-0.0150048662290909,0.0128991936163666,0.0451656831970888));
#5102=CARTESIAN_POINT('',(-0.0148710269400909,0.0133613231023225,0.045627568036528));
#5103=CARTESIAN_POINT('',(-0.0143631673888285,0.0142149747167265,0.0464802913280822));
#5104=CARTESIAN_POINT('',(-0.0139894792380847,0.0146059386051387,0.0468705721472321));
#5105=CARTESIAN_POINT('',(-0.0130585359238625,0.0152576062303972,0.0475205380895188));
#5106=CARTESIAN_POINT('',(-0.0125018895448338,0.0155178838133514,0.0477797981715682));
#5107=CARTESIAN_POINT('',(-0.0112895901482203,0.0158683569609007,0.0481280553418304));
#5108=CARTESIAN_POINT('',(-0.0106347299061017,0.015958323335814,0.0482168246894856));
#5109=CARTESIAN_POINT('',(-0.00932563602070976,0.0159542456459871,0.0482103540905102));
#5110=CARTESIAN_POINT('',(-0.00867225845104123,0.015860204247826,0.0481151183752866));
#5111=CARTESIAN_POINT('',(-0.00746566775395574,0.0155021965119345,0.0477549050971115));
#5112=CARTESIAN_POINT('',(-0.00691324366883721,0.015238464291082,0.0474901630933383));
#5113=CARTESIAN_POINT('',(-0.00599284865591736,0.014581029941567,0.0468310463422239));
#5114=CARTESIAN_POINT('',(-0.00562547961457123,0.0141877577379094,0.0464371026200834));
#5115=CARTESIAN_POINT('',(-0.00513140208313279,0.0133309851948271,0.0455794269464784));
#5116=CARTESIAN_POINT('',(-0.00500501669189505,0.01286804513635,0.0451162558665579));
#5117=CARTESIAN_POINT('',(-0.00501247546727592,0.0119423702527224,0.0441905946169195));
#5118=CARTESIAN_POINT('',(-0.00514631475627589,0.0114802407667666,0.0437287097774803));
#5119=CARTESIAN_POINT('',(-0.00565417430753831,0.0106265891523626,0.0428759864859261));
#5120=CARTESIAN_POINT('',(-0.0060278624582821,0.0102356252639504,0.0424857056667762));
#5121=CARTESIAN_POINT('',(-0.00695880577250427,0.00958395763869189,0.0418357397244895));
#5122=CARTESIAN_POINT('',(-0.00751545215153303,0.00932368005573773,0.0415764796424401));
#5123=CARTESIAN_POINT('',(-0.0087277515481465,0.00897320690818839,0.0412282224721779));
#5124=CARTESIAN_POINT('',(-0.00651529646075077,0.00666539606704666,0.0417516979627492));
#5125=CARTESIAN_POINT('',(-0.00821321138595912,0.00617522256020848,0.0412632476015182));
#5126=CARTESIAN_POINT('',(-0.0091303915661391,0.00604959080759752,0.0411385466582047));
#5127=CARTESIAN_POINT('',(-0.0109638743284957,0.00605604727579658,0.0411468638543596));
#5128=CARTESIAN_POINT('',(-0.0118789779163015,0.00618813127444037,0.0412798765548506));
#5129=CARTESIAN_POINT('',(-0.0135688973858005,0.00669023477892137,0.0417836950906722));
#5130=CARTESIAN_POINT('',(-0.0143426081554232,0.00705992593737072,0.0421541714570812));
#5131=CARTESIAN_POINT('',(-0.0156316894119916,0.00798123577115624,0.0430767895276173));
#5132=CARTESIAN_POINT('',(-0.0161462169124618,0.00853225196179576,0.0436283278915348));
#5133=CARTESIAN_POINT('',(-0.0168382090203376,0.00973250705438653,0.0448292852591002));
#5134=CARTESIAN_POINT('',(-0.0170152211039123,0.0103809610571655,0.0454779189043275));
#5135=CARTESIAN_POINT('',(-0.0170047745375951,0.011677433451054,0.0467743806964158));
#5136=CARTESIAN_POINT('',(-0.0168173227191688,0.0123246040222998,0.0474213610303459));
#5137=CARTESIAN_POINT('',(-0.0161060278736821,0.0135199175480678,0.0486159526915669));
#5138=CARTESIAN_POINT('',(-0.015582649993355,0.014067278834924,0.0491627828232503));
#5139=CARTESIAN_POINT('',(-0.0142787950610207,0.0149794578438174,0.0500736386021834));
#5140=CARTESIAN_POINT('',(-0.0134991706566401,0.0153436790522026,0.0504370686010989));
#5141=CARTESIAN_POINT('',(-0.0118012557314318,0.0158338525590408,0.0509255189623298));
#5142=CARTESIAN_POINT('',(-0.0108840755512518,0.0159594843116518,0.0510502199056434));
#5143=CARTESIAN_POINT('',(-0.00905059278889521,0.0159530278434527,0.0510419027094885));
#5144=CARTESIAN_POINT('',(-0.00813548920108939,0.0158209438448089,0.0509088900089975));
#5145=CARTESIAN_POINT('',(-0.00644556973159039,0.0153188403403279,0.0504050714731758));
#5146=CARTESIAN_POINT('',(-0.0056718589619677,0.0149491491818786,0.0500345951067669));
#5147=CARTESIAN_POINT('',(-0.00438277770539927,0.014027839348093,0.0491119770362307));
#5148=CARTESIAN_POINT('',(-0.0038682502049291,0.0134768231574535,0.0485604386723132));
#5149=CARTESIAN_POINT('',(-0.00317625809705332,0.0122765680648627,0.0473594813047478));
#5150=CARTESIAN_POINT('',(-0.00299924601347863,0.0116281140620838,0.0467108476595205));
#5151=CARTESIAN_POINT('',(-0.00300969257979577,0.0103316416681952,0.0454143858674322));
#5152=CARTESIAN_POINT('',(-0.00319714439822213,0.00968447109694954,0.0447674055335022));
#5153=CARTESIAN_POINT('',(-0.00390843924370876,0.0084891575711815,0.0435728138722812));
#5154=CARTESIAN_POINT('',(-0.00443181712403584,0.0079417962843253,0.0430259837405977));
#5155=CARTESIAN_POINT('',(-0.0057356720563702,0.00702961727543192,0.0421151279616647));
#5156=CARTESIAN_POINT('',(-0.00651529646075077,0.00666539606704666,0.0417516979627492));
#5157=CARTESIAN_POINT('',(-0.00821321138595912,0.00617522256020848,0.0412632476015182));
#5158=CARTESIAN_POINT('',(-0.00578359764918222,0.00472063561298608,0.0418798850419378));
#5159=CARTESIAN_POINT('',(-0.00783678156743524,0.00412825943129496,0.0412888714576334));
#5160=CARTESIAN_POINT('',(-0.00894587105603509,0.00397653542653164,0.0411378835011245));
#5161=CARTESIAN_POINT('',(-0.0111629888080349,0.00398473217309325,0.0411475516399117));
#5162=CARTESIAN_POINT('',(-0.0122695672014061,0.004144647564208,0.0413082014127902));
#5163=CARTESIAN_POINT('',(-0.0143130827076334,0.00475216935866199,0.0419170793881804));
#5164=CARTESIAN_POINT('',(-0.0152486834765431,0.00519937847699416,0.0423649094188194));
#5165=CARTESIAN_POINT('',(-0.016807490025689,0.00631373563333385,0.0434803010785523));
#5166=CARTESIAN_POINT('',(-0.0174296764343129,0.006980154944578,0.0441471333043761));
#5167=CARTESIAN_POINT('',(-0.0182664598598864,0.00843169668742355,0.045599230379308));
#5168=CARTESIAN_POINT('',(-0.0184805096676455,0.00921586989254883,0.0463835456387841));
#5169=CARTESIAN_POINT('',(-0.0184678772785635,0.0107836121498106,0.0479512795125494));
#5170=CARTESIAN_POINT('',(-0.0182412033425929,0.0115661559868846,0.0487336729172583));
#5171=CARTESIAN_POINT('',(-0.0173810783055802,0.0130114242115133,0.0501783703191188));
#5172=CARTESIAN_POINT('',(-0.016748189677827,0.0136732034751192,0.0508397295656075));
#5173=CARTESIAN_POINT('',(-0.0151715182327161,0.0147759686813041,0.0519414484123446));
#5174=CARTESIAN_POINT('',(-0.0142287664696058,0.0152162334776018,0.0523810875505717));
#5175=CARTESIAN_POINT('',(-0.0121755825513528,0.0158086096592929,0.052972101134876));
#5176=CARTESIAN_POINT('',(-0.0110664930627529,0.0159603336640562,0.053123089091385));
#5177=CARTESIAN_POINT('',(-0.0088493753107531,0.0159521369174946,0.0531134209525978));
#5178=CARTESIAN_POINT('',(-0.00774279691738192,0.0157922215263799,0.0529527711797193));
#5179=CARTESIAN_POINT('',(-0.00569928141115463,0.0151846997319259,0.052343893204329));
#5180=CARTESIAN_POINT('',(-0.00476368064224494,0.0147374906135937,0.0518960631736901));
#5181=CARTESIAN_POINT('',(-0.00320487409309897,0.013623133457254,0.0507806715139572));
#5182=CARTESIAN_POINT('',(-0.00258268768447511,0.0129567141460098,0.0501138392881334));
#5183=CARTESIAN_POINT('',(-0.00174590425890154,0.0115051724031643,0.0486617422132015));
#5184=CARTESIAN_POINT('',(-0.0015318544511425,0.010720999198039,0.0478774269537254));
#5185=CARTESIAN_POINT('',(-0.00154448684022448,0.00915325694077721,0.0463096930799602));
#5186=CARTESIAN_POINT('',(-0.00177116077619514,0.00837071310370324,0.0455272996752513));
#5187=CARTESIAN_POINT('',(-0.0026312858132078,0.0069254448790745,0.0440826022733907));
#5188=CARTESIAN_POINT('',(-0.00326417444096105,0.00626366561546868,0.043421243026902));
#5189=CARTESIAN_POINT('',(-0.00484084588607191,0.00516090040928372,0.0423195241801648));
#5190=CARTESIAN_POINT('',(-0.00578359764918222,0.00472063561298608,0.0418798850419378));
#5191=CARTESIAN_POINT('',(-0.00783678156743524,0.00412825943129496,0.0412888714576334));
#5192=CARTESIAN_POINT('',(-0.00777317610625249,0.00915543570024315,0.0415078886839753));
#5193=CARTESIAN_POINT('',(-0.00763679135220086,0.00832057562919343,0.0415077502725706));
#5194=CARTESIAN_POINT('',(-0.00750048293451692,0.00740886727569646,0.0415076119386366));
#5195=CARTESIAN_POINT('',(-0.00736425085320065,0.00642031063975221,0.0415074736821733));
#5196=CARTESIAN_POINT('',(-0.00777183008802296,0.00915567964880993,0.0415081639320795));
#5197=CARTESIAN_POINT('',(-0.00736425392243837,0.00642031021678297,0.0415074736852882));
#5198=CARTESIAN_POINT('',(-0.00752797147345101,0.0155000000148989,0.047852701853079));
#5199=CARTESIAN_POINT('',(-0.00671577940941984,0.0151782879130905,0.0475318140123491));
#5200=CARTESIAN_POINT('',(-0.00537511889526068,0.0142317127382611,0.0465865994199855));
#5201=CARTESIAN_POINT('',(-0.00467735258901644,0.0122746910764122,0.044630285893113));
#5202=CARTESIAN_POINT('',(-0.00552120744305038,0.0103355919753919,0.0426903303977214));
#5203=CARTESIAN_POINT('',(-0.0069513873569677,0.00943879955279358,0.0417920865430168));
#5204=CARTESIAN_POINT('',(-0.00777148199850899,0.00915543218107137,0.0415078868902079));
#5205=CARTESIAN_POINT('',(-0.00752706137736177,0.0154996607046157,0.0478525341761061));
#5206=CARTESIAN_POINT('',(-0.00706647086006746,0.0155,0.050586861266777));
#5207=CARTESIAN_POINT('',(-0.00722030568172701,0.0155,0.0495977884369999));
#5208=CARTESIAN_POINT('',(-0.00737412224462981,0.0155,0.048686402005375));
#5209=CARTESIAN_POINT('',(-0.00752792054877588,0.0155,0.0478527019719022));
#5210=CARTESIAN_POINT('',(-0.00706647089866672,0.0155,0.0505868612604843));
#5211=CARTESIAN_POINT('',(-0.00676045131097298,0.0155,0.0526576203260655));
#5212=CARTESIAN_POINT('',(-0.00686245782796025,0.0155,0.0519673673023007));
#5213=CARTESIAN_POINT('',(-0.00696446434494751,0.0155,0.0512771142785359));
#5214=CARTESIAN_POINT('',(-0.00706647086193478,0.0155,0.0505868612547711));
#5215=CARTESIAN_POINT('',(-0.00676045131097298,0.0155,0.0526576203260655));
#5216=CARTESIAN_POINT('',(-0.00676045131097298,0.0155,0.0526576203260655));
#5217=CARTESIAN_POINT('',(-0.00681540250999075,0.0155,0.0522671747145641));
#5218=CARTESIAN_POINT('',(-0.00657336786198713,0.0154014824213368,0.0514991303177204));
#5219=CARTESIAN_POINT('',(-0.00590399304976209,0.0150886272199698,0.0506033265612421));
#5220=CARTESIAN_POINT('',(-0.00518301878440368,0.0146407923020987,0.0498044177075651));
#5221=CARTESIAN_POINT('',(-0.00470408861131814,0.0142526568429997,0.0493371027268433));
#5222=CARTESIAN_POINT('',(-0.00446666183852736,0.0140353873810548,0.0491196102058243));
#5223=CARTESIAN_POINT('',(-0.00446652861273782,0.0140354601581043,0.0491196828416713));
#5224=CARTESIAN_POINT('',(-0.00457228739618935,0.00788477617701379,0.042969106190919));
#5225=CARTESIAN_POINT('',(-0.0035873758008091,0.00874388216547594,0.043827212632193));
#5226=CARTESIAN_POINT('',(-0.0024595973252679,0.0109431304108416,0.0460253163405167));
#5227=CARTESIAN_POINT('',(-0.00351284772892441,0.0131623228719218,0.0482455777030944));
#5228=CARTESIAN_POINT('',(-0.00446639541389611,0.0140355329617187,0.0491197555101075));
#5229=CARTESIAN_POINT('',(-0.00457235375535967,0.00788481423436971,0.0429691443156201));
#5230=CARTESIAN_POINT('',(-0.00457242013747079,0.0078848522696126,0.0429691824198703));
#5231=CARTESIAN_POINT('',(-0.00482385734583498,0.00766571978525499,0.0427502956735126));
#5232=CARTESIAN_POINT('',(-0.00533018292476827,0.00719775031732399,0.0423630237140132));
#5233=CARTESIAN_POINT('',(-0.0060973126084862,0.00640768426083523,0.0419200422141336));
#5234=CARTESIAN_POINT('',(-0.00683663099338634,0.00551461470864547,0.0416078671201654));
#5235=CARTESIAN_POINT('',(-0.0071432765884044,0.00475158916428018,0.0415072494242744));
#5236=CARTESIAN_POINT('',(-0.00709311374322831,0.00434924315907349,0.0415071985160192));
#5237=CARTESIAN_POINT('',(-0.00709311374322844,0.00434924315907345,0.0415071985160192));
#5238=CARTESIAN_POINT('',(-0.00736425085319919,0.00642031063975357,0.0415074736821733));
#5239=CARTESIAN_POINT('',(-0.00727387181654222,0.0057299548128602,0.041507381960122));
#5240=CARTESIAN_POINT('',(-0.00718349277988525,0.00503959898596684,0.0415072902380706));
#5241=CARTESIAN_POINT('',(-0.00709311374322829,0.00434924315907348,0.0415071985160192));
#5242=CARTESIAN_POINT('',(-0.00987274859284937,-0.0159331149736709,0.041477599023649));
#5243=CARTESIAN_POINT('',(-0.00993419686623722,-0.015951562824911,0.0414993619631986));
#5244=CARTESIAN_POINT('',(-0.00996772700968475,-0.0159563860109583,0.0415059940753625));
#5245=CARTESIAN_POINT('',(-0.0100353790740363,-0.0159565087616801,0.0415097666042681));
#5246=CARTESIAN_POINT('',(-0.0100694567543072,-0.0159518082460826,0.0415069045539885));
#5247=CARTESIAN_POINT('',(-0.0101330131960931,-0.0159335872086015,0.0414921123389225));
#5248=CARTESIAN_POINT('',(-0.0101624503952804,-0.0159200786022488,0.0414801918474103));
#5249=CARTESIAN_POINT('',(-0.0102122353223797,-0.0158862877643469,0.0414490868690241));
#5250=CARTESIAN_POINT('',(-0.0102325504937562,-0.0158660276301008,0.0414299227230528));
#5251=CARTESIAN_POINT('',(-0.010260984602319,-0.0158218113405335,0.0413872404323383));
#5252=CARTESIAN_POINT('',(-0.0102690849452006,-0.0157978841001745,0.0413637501994086));
#5253=CARTESIAN_POINT('',(-0.0102718393999535,-0.0157499738882068,0.0413159885882112));
#5254=CARTESIAN_POINT('',(-0.0102664917105666,-0.0157260222471784,0.041291748443347));
#5255=CARTESIAN_POINT('',(-0.0102431471707426,-0.0156817120082758,0.0412461787840117));
#5256=CARTESIAN_POINT('',(-0.0102251655863192,-0.0156613823868019,0.0412248790695307));
#5257=CARTESIAN_POINT('',(-0.0101792760464882,-0.0156274179531643,0.0411884389296018));
#5258=CARTESIAN_POINT('',(-0.0101513981002527,-0.0156138053518258,0.0411733223339515));
#5259=CARTESIAN_POINT('',(-0.0100899498268649,-0.0155953575005858,0.041151559394402));
#5260=CARTESIAN_POINT('',(-0.0100564196834173,-0.0155905343145385,0.0411449272822381));
#5261=CARTESIAN_POINT('',(-0.00998876761906578,-0.0155904115638168,0.0411411547533325));
#5262=CARTESIAN_POINT('',(-0.00995468993879495,-0.0155951120794143,0.0411440168036121));
#5263=CARTESIAN_POINT('',(-0.00989113349700902,-0.0156133331168953,0.041158809018678));
#5264=CARTESIAN_POINT('',(-0.0098616962978217,-0.015626841723248,0.0411707295101903));
#5265=CARTESIAN_POINT('',(-0.00981191137072239,-0.0156606325611499,0.0412018344885763));
#5266=CARTESIAN_POINT('',(-0.00979159619934593,-0.015680892695396,0.0412209986345477));
#5267=CARTESIAN_POINT('',(-0.00976316209078306,-0.0157251089849633,0.0412636809252623));
#5268=CARTESIAN_POINT('',(-0.0097550617479015,-0.0157490362253223,0.0412871711581919));
#5269=CARTESIAN_POINT('',(-0.00975230729314859,-0.0157969464372899,0.0413349327693895));
#5270=CARTESIAN_POINT('',(-0.00975765498253548,-0.0158208980783184,0.0413591729142535));
#5271=CARTESIAN_POINT('',(-0.00978099952235954,-0.0158652083172209,0.0414047425735889));
#5272=CARTESIAN_POINT('',(-0.00979898110678292,-0.0158855379386949,0.0414260422880697));
#5273=CARTESIAN_POINT('',(-0.00984487064661393,-0.0159195023723326,0.0414624824279988));
#5274=CARTESIAN_POINT('',(-0.00987274859284937,-0.0159331149736709,0.041477599023649));
#5275=CARTESIAN_POINT('',(-0.00993419686623722,-0.015951562824911,0.0414993619631986));
#5276=CARTESIAN_POINT('',(-0.00731487050081113,-0.01543753503443,0.0476899679754147));
#5277=CARTESIAN_POINT('',(-0.00850295356430991,-0.0158251909642243,0.0480797956171568));
#5278=CARTESIAN_POINT('',(-0.00915124835517672,-0.0159353436763685,0.0481911333554884));
#5279=CARTESIAN_POINT('',(-0.0104592797681997,-0.0159718061928193,0.0482299868389811));
#5280=CARTESIAN_POINT('',(-0.0111181610115481,-0.0158980921526958,0.0481574771761542));
#5281=CARTESIAN_POINT('',(-0.0123470048487973,-0.0155778101682072,0.0478394414107435));
#5282=CARTESIAN_POINT('',(-0.0129161638481005,-0.0153314516702053,0.0475941232856221));
#5283=CARTESIAN_POINT('',(-0.013878739774852,-0.0147031852135519,0.0469676163335901));
#5284=CARTESIAN_POINT('',(-0.0142715272319053,-0.0143216881057474,0.0465868372069097));
#5285=CARTESIAN_POINT('',(-0.0148212917890835,-0.0134810850497049,0.0457472390724034));
#5286=CARTESIAN_POINT('',(-0.014977909374178,-0.0130225288084812,0.0452889691144298));
#5287=CARTESIAN_POINT('',(-0.0150311658915802,-0.0120975633482464,0.0443641010024518));
#5288=CARTESIAN_POINT('',(-0.0149277699971275,-0.011631759004507,0.0438981076600588));
#5289=CARTESIAN_POINT('',(-0.0144764106527507,-0.0107632487465682,0.0430287723567077));
#5290=CARTESIAN_POINT('',(-0.0141287423663948,-0.0103611107891203,0.0426259988920343));
#5291=CARTESIAN_POINT('',(-0.0132414825288381,-0.00968127854718376,0.0419445448167014));
#5292=CARTESIAN_POINT('',(-0.0127024711955556,-0.00940402883465909,0.0416663098385935));
#5293=CARTESIAN_POINT('',(-0.0115143881320569,-0.0090163729048648,0.0412764821968514));
#5294=CARTESIAN_POINT('',(-0.0108660933411901,-0.00890622019272065,0.0411651444585198));
#5295=CARTESIAN_POINT('',(-0.00955806192816709,-0.00886975767626976,0.0411262909750272));
#5296=CARTESIAN_POINT('',(-0.00889918068481871,-0.00894347171639336,0.041198800637854));
#5297=CARTESIAN_POINT('',(-0.00767033684756951,-0.00926375370088196,0.0415168364032647));
#5298=CARTESIAN_POINT('',(-0.0071011778482663,-0.00951011219888387,0.0417621545283861));
#5299=CARTESIAN_POINT('',(-0.00613860192151479,-0.0101383786555372,0.0423886614804181));
#5300=CARTESIAN_POINT('',(-0.00574581446446149,-0.0105198757633417,0.0427694406070986));
#5301=CARTESIAN_POINT('',(-0.00519604990728333,-0.0113604788193842,0.0436090387416048));
#5302=CARTESIAN_POINT('',(-0.00503943232218879,-0.0118190350606079,0.0440673086995784));
#5303=CARTESIAN_POINT('',(-0.00498617580478662,-0.0127440005208427,0.0449921768115564));
#5304=CARTESIAN_POINT('',(-0.00508957169923934,-0.0132098048645821,0.0454581701539494));
#5305=CARTESIAN_POINT('',(-0.00554093104361615,-0.0140783151225208,0.0463275054573004));
#5306=CARTESIAN_POINT('',(-0.00588859932997196,-0.0144804530799688,0.0467302789219739));
#5307=CARTESIAN_POINT('',(-0.00677585916752869,-0.0151602853219053,0.0474117329973068));
#5308=CARTESIAN_POINT('',(-0.00731487050081113,-0.01543753503443,0.0476899679754147));
#5309=CARTESIAN_POINT('',(-0.00850295356430991,-0.0158251909642243,0.0480797956171568));
#5310=CARTESIAN_POINT('',(-0.00623436703074782,-0.0152281912640172,0.0503142080557336));
#5311=CARTESIAN_POINT('',(-0.00789836519121625,-0.0157718087352528,0.0508595142518153));
#5312=CARTESIAN_POINT('',(-0.00880634997156158,-0.0159264549354964,0.0510150819293145));
#5313=CARTESIAN_POINT('',(-0.0106383446628213,-0.01597826816123,0.0510687543728204));
#5314=CARTESIAN_POINT('',(-0.0115611565524795,-0.0158754013037912,0.0509668240400746));
#5315=CARTESIAN_POINT('',(-0.0132822431898598,-0.0154275221900929,0.0505206915880229));
#5316=CARTESIAN_POINT('',(-0.0140793924439407,-0.0150828028215265,0.0501767812141917));
#5317=CARTESIAN_POINT('',(-0.0154275511885899,-0.0142034169034226,0.0492987634882063));
#5318=CARTESIAN_POINT('',(-0.0159776790593357,-0.013669325422704,0.0487652303101506));
#5319=CARTESIAN_POINT('',(-0.0167476649634701,-0.0124923112345723,0.0475889975497621));
#5320=CARTESIAN_POINT('',(-0.0169670194694816,-0.0118501582280898,0.0469470671573506));
#5321=CARTESIAN_POINT('',(-0.0170416091591361,-0.0105547055104132,0.0456516901377517));
#5322=CARTESIAN_POINT('',(-0.0168967955653266,-0.00990225295227217,0.0449990906141153));
#5323=CARTESIAN_POINT('',(-0.0162646334364085,-0.00868558263800905,0.0437817787439183));
#5324=CARTESIAN_POINT('',(-0.0157776982996971,-0.00812216051568899,0.0432178624507011));
#5325=CARTESIAN_POINT('',(-0.0145350253057704,-0.00716949963104216,0.0422639404271839));
#5326=CARTESIAN_POINT('',(-0.0137801000866431,-0.00678088385523211,0.0418745585081144));
#5327=CARTESIAN_POINT('',(-0.0121161019261747,-0.0062372663839965,0.0413292523120328));
#5328=CARTESIAN_POINT('',(-0.0112081171458293,-0.00608262018375295,0.0411736846345335));
#5329=CARTESIAN_POINT('',(-0.00937612245456958,-0.00603080695801933,0.0411200121910276));
#5330=CARTESIAN_POINT('',(-0.00845331056491144,-0.00613367381545813,0.0412219425237734));
#5331=CARTESIAN_POINT('',(-0.00673222392753107,-0.00658155292915636,0.0416680749758251));
#5332=CARTESIAN_POINT('',(-0.00593507467345017,-0.0069262722977228,0.0420119853496563));
#5333=CARTESIAN_POINT('',(-0.00458691592880102,-0.00780565821582677,0.0428900030756417));
#5334=CARTESIAN_POINT('',(-0.00403678805805523,-0.00833974969654526,0.0434235362536974));
#5335=CARTESIAN_POINT('',(-0.00326680215392084,-0.00951676388467702,0.0445997690140858));
#5336=CARTESIAN_POINT('',(-0.00304744764790937,-0.0101589168911595,0.0452416994064974));
#5337=CARTESIAN_POINT('',(-0.00297285795825488,-0.0114543696088361,0.0465370764260963));
#5338=CARTESIAN_POINT('',(-0.00311767155206429,-0.0121068221669772,0.0471896759497327));
#5339=CARTESIAN_POINT('',(-0.00374983368098241,-0.0133234924812403,0.0484069878199297));
#5340=CARTESIAN_POINT('',(-0.00423676881769381,-0.0138869146035603,0.0489709041131469));
#5341=CARTESIAN_POINT('',(-0.00547944181162049,-0.0148395754882072,0.0499248261366641));
#5342=CARTESIAN_POINT('',(-0.00623436703074782,-0.0152281912640172,0.0503142080557336));
#5343=CARTESIAN_POINT('',(-0.00789836519121625,-0.0157718087352528,0.0508595142518153));
#5344=CARTESIAN_POINT('',(-0.00544475532989105,-0.0150752067570728,0.0522319535611281));
#5345=CARTESIAN_POINT('',(-0.00745654333055277,-0.0157327980020331,0.0528908805730056));
#5346=CARTESIAN_POINT('',(-0.00855430469187994,-0.0159199592101305,0.053078770661735));
#5347=CARTESIAN_POINT('',(-0.0107692019343835,-0.0159829904467284,0.0531432725236974));
#5348=CARTESIAN_POINT('',(-0.0118848893976191,-0.0158588192563533,0.0530198421163486));
#5349=CARTESIAN_POINT('',(-0.0139656978548871,-0.0153176945501965,0.0524800990046228));
#5350=CARTESIAN_POINT('',(-0.0149294581174853,-0.0149010948994689,0.0520641392618152));
#5351=CARTESIAN_POINT('',(-0.0165593935644744,-0.0138381955817618,0.0510023221723779));
#5352=CARTESIAN_POINT('',(-0.0172245028629633,-0.01319259099102,0.0503571591942697));
#5353=CARTESIAN_POINT('',(-0.0181554224032709,-0.0117697338476771,0.0489349201535918));
#5354=CARTESIAN_POINT('',(-0.0184206238761865,-0.0109934117634413,0.048158774155183));
#5355=CARTESIAN_POINT('',(-0.0185108034486072,-0.0094272138963046,0.0465926361645787));
#5356=CARTESIAN_POINT('',(-0.0183357225757555,-0.00863836231852231,0.045803668338346));
#5357=CARTESIAN_POINT('',(-0.0175714331578681,-0.00716726315524443,0.0443320617098086));
#5358=CARTESIAN_POINT('',(-0.0169827244150287,-0.0064859775856756,0.0436503852552847));
#5359=CARTESIAN_POINT('',(-0.0154803221424059,-0.00533393863831853,0.0424973487578619));
#5360=CARTESIAN_POINT('',(-0.0145676110990178,-0.00486393862906096,0.0420267427358355));
#5361=CARTESIAN_POINT('',(-0.0125558230983561,-0.00420634738410067,0.041367815723958));
#5362=CARTESIAN_POINT('',(-0.0114580617370289,-0.00401918617600327,0.0411799256352285));
#5363=CARTESIAN_POINT('',(-0.00924316449452536,-0.00395615493940534,0.0411154237732662));
#5364=CARTESIAN_POINT('',(-0.00812747703128978,-0.00408032612978042,0.041238854180615));
#5365=CARTESIAN_POINT('',(-0.00604666857402178,-0.00462145083593726,0.0417785972923409));
#5366=CARTESIAN_POINT('',(-0.00508290831142351,-0.00503805048666483,0.0421945570351484));
#5367=CARTESIAN_POINT('',(-0.00345297286443441,-0.00610094980437188,0.0432563741245857));
#5368=CARTESIAN_POINT('',(-0.00278786356594554,-0.00674655439511373,0.0439015371026939));
#5369=CARTESIAN_POINT('',(-0.00185694402563793,-0.00816941153845654,0.0453237761433717));
#5370=CARTESIAN_POINT('',(-0.00159174255272238,-0.00894573362269241,0.0460999221417806));
#5371=CARTESIAN_POINT('',(-0.00150156298030162,-0.0105119314898291,0.0476660601323849));
#5372=CARTESIAN_POINT('',(-0.00167664385315337,-0.0113007830676114,0.0484550279586177));
#5373=CARTESIAN_POINT('',(-0.00244093327104071,-0.0127718822308893,0.0499266345871549));
#5374=CARTESIAN_POINT('',(-0.00302964201388018,-0.0134531678004581,0.050608311041679));
#5375=CARTESIAN_POINT('',(-0.00453204428650293,-0.0146052067478152,0.0517613475391016));
#5376=CARTESIAN_POINT('',(-0.00544475532989105,-0.0150752067570728,0.0522319535611281));
#5377=CARTESIAN_POINT('',(-0.00745654333055277,-0.0157327980020331,0.0528908805730056));
#5378=CARTESIAN_POINT('',(-0.00540047539726147,-0.0150666276749068,0.0523394971065029));
#5379=CARTESIAN_POINT('',(-0.00743176679519592,-0.0157306103538042,0.0530047957591037));
#5380=CARTESIAN_POINT('',(-0.00854017046870189,-0.0159195949421221,0.0531944984275988));
#5381=CARTESIAN_POINT('',(-0.010776540162987,-0.0159832552635788,0.0532596075828917));
#5382=CARTESIAN_POINT('',(-0.0119030437240522,-0.015857889366456,0.0531349714919722));
#5383=CARTESIAN_POINT('',(-0.014004024701475,-0.0153115356236124,0.0525899788712798));
#5384=CARTESIAN_POINT('',(-0.0149771281947074,-0.0148909050624411,0.0521699787359592));
#5385=CARTESIAN_POINT('',(-0.0166228651468954,-0.013817714659936,0.0510978545254115));
#5386=CARTESIAN_POINT('',(-0.0172944223866554,-0.0131658566246291,0.0504464315589819));
#5387=CARTESIAN_POINT('',(-0.0182343667812805,-0.0117292130727486,0.0490103969508044));
#5388=CARTESIAN_POINT('',(-0.0185021392654964,-0.0109453670400739,0.0482267243947408));
#5389=CARTESIAN_POINT('',(-0.0185931930890938,-0.00936398629638558,0.0466454026403424));
#5390=CARTESIAN_POINT('',(-0.0184164148844073,-0.00856748571923575,0.045848787537296));
#5391=CARTESIAN_POINT('',(-0.0176447160177394,-0.00708211866671412,0.0443629205390667));
#5392=CARTESIAN_POINT('',(-0.0170503000033158,-0.00639422353766434,0.0436746403171422));
#5393=CARTESIAN_POINT('',(-0.0155333326033651,-0.00523100384517007,0.0425104378561445));
#5394=CARTESIAN_POINT('',(-0.0146117732290054,-0.00475643996183331,0.0420352769398543));
#5395=CARTESIAN_POINT('',(-0.012580481831071,-0.00409245728293582,0.0413699782872535));
#5396=CARTESIAN_POINT('',(-0.011472078157565,-0.00390347269461791,0.0411802756187585));
#5397=CARTESIAN_POINT('',(-0.00923570846327996,-0.00383981237316123,0.0411151664634656));
#5398=CARTESIAN_POINT('',(-0.00810920490221473,-0.00396517827028408,0.0412398025543851));
#5399=CARTESIAN_POINT('',(-0.0060082239247919,-0.00451153201312768,0.0417847951750775));
#5400=CARTESIAN_POINT('',(-0.00503512043155952,-0.004932162574299,0.042204795310398));
#5401=CARTESIAN_POINT('',(-0.00338938347937153,-0.0060053529768041,0.0432769195209457));
#5402=CARTESIAN_POINT('',(-0.00271782623961154,-0.00665721101211091,0.0439283424873754));
#5403=CARTESIAN_POINT('',(-0.00177788184498647,-0.00809385456399147,0.0453643770955528));
#5404=CARTESIAN_POINT('',(-0.00151010936077058,-0.00887770059666612,0.0461480496516165));
#5405=CARTESIAN_POINT('',(-0.00141905553717316,-0.0104590813403545,0.0477293714060148));
#5406=CARTESIAN_POINT('',(-0.00159583374185954,-0.0112555819175043,0.0485259865090613));
#5407=CARTESIAN_POINT('',(-0.00236753260852752,-0.012740948970026,0.0500118535072905));
#5408=CARTESIAN_POINT('',(-0.00296194862295115,-0.0134288440990757,0.0507001337292151));
#5409=CARTESIAN_POINT('',(-0.00447891602290182,-0.01459206379157,0.0518643361902127));
#5410=CARTESIAN_POINT('',(-0.00540047539726147,-0.0150666276749068,0.0523394971065029));
#5411=CARTESIAN_POINT('',(-0.00743176679519592,-0.0157306103538042,0.0530047957591037));
#5412=CARTESIAN_POINT('',(-0.00752764659023701,-0.0155,0.0478522390931242));
#5413=CARTESIAN_POINT('',(-0.00737388547025904,-0.0155,0.0486860645170046));
#5414=CARTESIAN_POINT('',(-0.00722012531088941,-0.0155,0.0495976052039473));
#5415=CARTESIAN_POINT('',(-0.00706636611212812,-0.0155,0.0505868611539524));
#5416=CARTESIAN_POINT('',(-0.00752649666243483,-0.0154995011371609,0.0478520388144254));
#5417=CARTESIAN_POINT('',(-0.00706636611387356,-0.0155,0.0505868611541424));
#5418=CARTESIAN_POINT('',(-0.00777181969602044,-0.00915525194088628,0.0415077063073071));
#5419=CARTESIAN_POINT('',(-0.00695207309236015,-0.00943845922780954,0.0417917455221075));
#5420=CARTESIAN_POINT('',(-0.00552244364676822,-0.0103342173281952,0.0426889544959513));
#5421=CARTESIAN_POINT('',(-0.00467710032722759,-0.0122738486434986,0.0446294437162097));
#5422=CARTESIAN_POINT('',(-0.00537456193190758,-0.0142308579863021,0.0465857452332662));
#5423=CARTESIAN_POINT('',(-0.00671405383786153,-0.0151772916030596,0.0475308194535313));
#5424=CARTESIAN_POINT('',(-0.00752591529412893,-0.0154992512485007,0.0478519551734145));
#5425=CARTESIAN_POINT('',(-0.00777245074637665,-0.00915670442909405,0.041508079305598));
#5426=CARTESIAN_POINT('',(-0.00736436695718024,-0.00642031021603766,0.0415074738000026));
#5427=CARTESIAN_POINT('',(-0.0075007963170334,-0.00740956331000627,0.0415076122566759));
#5428=CARTESIAN_POINT('',(-0.00763729344099748,-0.00832186138018474,0.0415077507821203));
#5429=CARTESIAN_POINT('',(-0.00777385832907248,-0.00915720442657307,0.0415078893763358));
#5430=CARTESIAN_POINT('',(-0.00736436696230895,-0.00642031021678299,0.0415074738000078));
#5431=CARTESIAN_POINT('',(-0.00709295369888972,-0.0043492431590735,0.0415071983535966));
#5432=CARTESIAN_POINT('',(-0.0071834247850521,-0.00503959884520339,0.0415072901690654));
#5433=CARTESIAN_POINT('',(-0.00727389587121448,-0.00572995453133329,0.0415073819845341));
#5434=CARTESIAN_POINT('',(-0.00736436695737687,-0.00642031021746319,0.0415074738000028));
#5435=CARTESIAN_POINT('',(-0.00709295369888971,-0.0043492431590735,0.0415071983535966));
#5436=CARTESIAN_POINT('',(-0.00709295369888974,-0.00434924315907349,0.0415071983535967));
#5437=CARTESIAN_POINT('',(-0.00714304057727878,-0.00475053759863688,0.0415072491847562));
#5438=CARTESIAN_POINT('',(-0.00683217010919956,-0.0055228908931909,0.0416099456309488));
#5439=CARTESIAN_POINT('',(-0.0061027111820624,-0.006400781992708,0.0419174886914642));
#5440=CARTESIAN_POINT('',(-0.00532946512701648,-0.00719864194125184,0.042362936056739));
#5441=CARTESIAN_POINT('',(-0.00482339021051475,-0.00766629708936983,0.042750867054443));
#5442=CARTESIAN_POINT('',(-0.00457248893133189,-0.00788489653720295,0.0429692267597371));
#5443=CARTESIAN_POINT('',(-0.00457238396643375,-0.00788483638680853,0.042969166498719));
#5444=CARTESIAN_POINT('',(-0.00446640244481788,-0.014035532975505,0.0491197555310292));
#5445=CARTESIAN_POINT('',(-0.00351276666177324,-0.0131622399500627,0.0482454946989636));
#5446=CARTESIAN_POINT('',(-0.00245965314978478,-0.0109433626995229,0.046025548685852));
#5447=CARTESIAN_POINT('',(-0.00358750676370724,-0.0087437452824062,0.0438270758820322));
#5448=CARTESIAN_POINT('',(-0.00457227904202241,-0.00788477619583765,0.0429691062012645));
#5449=CARTESIAN_POINT('',(-0.00446649037808569,-0.0140354849200637,0.0491197075648279));
#5450=CARTESIAN_POINT('',(-0.00446657832890983,-0.014035436881521,0.0491196596181557));
#5451=CARTESIAN_POINT('',(-0.00494270669479191,-0.0144712097095777,0.0495558919576138));
#5452=CARTESIAN_POINT('',(-0.00567096765371338,-0.0149795120136403,0.0502936626987764));
#5453=CARTESIAN_POINT('',(-0.00657673112996876,-0.0154032380628031,0.0515045599222696));
#5454=CARTESIAN_POINT('',(-0.00681544081807376,-0.0155,0.052267769235685));
#5455=CARTESIAN_POINT('',(-0.0067606242301111,-0.0155,0.0526576205015542));
#5456=CARTESIAN_POINT('',(-0.00676062423011112,-0.0155,0.0526576205015542));
#5457=CARTESIAN_POINT('',(-0.00706636611214087,-0.0155,0.050586861153873));
#5458=CARTESIAN_POINT('',(-0.00696445215146429,-0.0155,0.0512771142697668));
#5459=CARTESIAN_POINT('',(-0.00686253819078771,-0.0155,0.0519673673856605));
#5460=CARTESIAN_POINT('',(-0.00676062423011113,-0.0155,0.0526576205015542));
#5461=CARTESIAN_POINT('',(-0.0540732169595222,0.0123763994833114,0.00770989573448706));
#5462=CARTESIAN_POINT('',(-0.0540752172790999,0.0123743683066258,0.00771024844479866));
#5463=CARTESIAN_POINT('',(-0.056746506282696,0.0155000000000009,0.010560401951483));
#5464=CARTESIAN_POINT('',(-0.0505902175631866,0.00924873806991732,0.00947488609536394));
#5465=CARTESIAN_POINT('',(-0.061442466475239,0.0155,0.0121433552580735));
#5466=CARTESIAN_POINT('',(-0.0598672126373334,0.0155,0.0116435900312515));
#5467=CARTESIAN_POINT('',(-0.0582976609086725,0.0155,0.0111241063210519));
#5468=CARTESIAN_POINT('',(-0.0567465062826951,0.0155,0.0105604019514853));
#5469=CARTESIAN_POINT('',(-0.0614424664752391,0.0155,0.0121433552580735));
#5470=CARTESIAN_POINT('',(-0.0614424664752391,0.0155,0.0121433552580735));
#5471=CARTESIAN_POINT('',(-0.0610617294438973,0.0155,0.0120225625805701));
#5472=CARTESIAN_POINT('',(-0.0602598311180149,0.0154001637883628,0.0121575021170543));
#5473=CARTESIAN_POINT('',(-0.0592599104458825,0.015088158366183,0.0126940885903033));
#5474=CARTESIAN_POINT('',(-0.0583489217984113,0.0146432113760752,0.0132863847814499));
#5475=CARTESIAN_POINT('',(-0.0578003734748287,0.0142533138937354,0.0136925070967475));
#5476=CARTESIAN_POINT('',(-0.0575435214061453,0.0140355329955858,0.013895038001996));
#5477=CARTESIAN_POINT('',(-0.0575435214061453,0.0140355329955857,0.013895038001996));
#5478=CARTESIAN_POINT('',(-0.0554679461183466,0.0109601551083915,0.00795582411596863));
#5479=CARTESIAN_POINT('',(-0.0514862117091882,0.00788477615465922,0.0128269696582625));
#5480=CARTESIAN_POINT('',(-0.0514862117091882,0.00788477615465922,0.0128269696582625));
#5481=CARTESIAN_POINT('',(-0.0513135633269872,0.00766629156655785,0.012547905340382));
#5482=CARTESIAN_POINT('',(-0.0510178347118422,0.00719938299559248,0.0119961655813574));
#5483=CARTESIAN_POINT('',(-0.0507090429823748,0.006411502940927,0.0111937922941646));
#5484=CARTESIAN_POINT('',(-0.0505210235393288,0.00551191627154911,0.0104395037501882));
#5485=CARTESIAN_POINT('',(-0.0504702728620572,0.00474423648958437,0.0101551262982445));
#5486=CARTESIAN_POINT('',(-0.0504611185344507,0.00434924315908649,0.0102070430699641));
#5487=CARTESIAN_POINT('',(-0.0504611185344391,0.00434924315907345,0.0102070430700301));
#5488=CARTESIAN_POINT('',(-0.0509970739738903,-799.909159898086,0.00716748873014509));
#5489=CARTESIAN_POINT('',(-0.0540732169595221,-0.0123763994833114,0.00770989573448705));
#5490=CARTESIAN_POINT('',(-0.0509970739738876,799.909155931659,0.00716748873016055));
#5491=CARTESIAN_POINT('',(-0.0514039303847284,-0.00924873806986048,0.00486009136416431));
#5492=CARTESIAN_POINT('',(-0.0515330294134546,-0.00434924315868557,0.004127934389619));
#5493=CARTESIAN_POINT('',(-0.0540752172790999,-0.0123743683066258,0.00771024844479866));
#5494=CARTESIAN_POINT('',(-0.0575602177546219,-0.0155000000000009,0.00594561487433447));
#5495=CARTESIAN_POINT('',(-0.062514378811857,-0.0155,0.00606423831118805));
#5496=CARTESIAN_POINT('',(-0.0608631946300055,-0.0155,0.00599509546354325));
#5497=CARTESIAN_POINT('',(-0.0592106245596232,-0.0155,0.00594643216544239));
#5498=CARTESIAN_POINT('',(-0.0575602177546218,-0.0155,0.00594561487433191));
#5499=CARTESIAN_POINT('',(-0.062514378811857,-0.0155,0.00606423831118806));
#5500=CARTESIAN_POINT('',(-0.062514378811857,-0.0155,0.00606423831118806));
#5501=CARTESIAN_POINT('',(-0.0621152895041728,-0.0155,0.00604752656485403));
#5502=CARTESIAN_POINT('',(-0.0614079036043293,-0.0154001637883628,0.00564645949781644));
#5503=CARTESIAN_POINT('',(-0.0606518089098424,-0.0150881583661831,0.00480024013689394));
#5504=CARTESIAN_POINT('',(-0.0599983368283812,-0.0146432113760752,0.00393208730897768));
#5505=CARTESIAN_POINT('',(-0.0596217720290519,-0.0142533138937354,0.00336284258990338));
#5506=CARTESIAN_POINT('',(-0.0594496796847175,-0.0140355329955858,0.00308467721141562));
#5507=CARTESIAN_POINT('',(-0.0594496796847175,-0.0140355329955858,0.00308467721141561));
#5508=CARTESIAN_POINT('',(-0.0554679461183466,-0.0109601551083915,0.00795582411596863));
#5509=CARTESIAN_POINT('',(-0.0533923695726667,-0.00788477615465926,0.00201661122179575));
#5510=CARTESIAN_POINT('',(-0.0533923695726667,-0.00788477615465926,0.00201661122179575));
#5511=CARTESIAN_POINT('',(-0.0531346875439186,-0.00766629156655404,0.00221979667761099));
#5512=CARTESIAN_POINT('',(-0.0526680874350441,-0.00719938299558027,0.00263711731443094));
#5513=CARTESIAN_POINT('',(-0.0521034902988113,-0.00641150294089715,0.00328548857996263));
#5514=CARTESIAN_POINT('',(-0.0516688279396944,-0.0055119162715019,0.00392998152183447));
#5515=CARTESIAN_POINT('',(-0.0515238750859011,-0.00474423648949715,0.00417985116100828));
#5516=CARTESIAN_POINT('',(-0.0515330294135174,-0.00434924315899528,0.00412793438926271));
#5517=CARTESIAN_POINT('',(-0.00999796221653834,3.06161699786838E-19,0.0745130200797452));
#5518=CARTESIAN_POINT('',(-0.58402874553845,-565.630696648481,-565.551183630966));
#5519=CARTESIAN_POINT('',(-0.0123409534960882,-0.0044203091866985,0.0745125253676115));
#5520=CARTESIAN_POINT('',(-0.0130879196298254,-0.00788477615458305,0.0710488164657468));
#5521=CARTESIAN_POINT('',(-0.00999796513174025,3.06161699786838E-19,0.0745101475628685));
#5522=CARTESIAN_POINT('',(-0.0123409534963821,0.00442030918677201,0.0745125253675549));
#5523=CARTESIAN_POINT('',(-0.584028746528528,565.630697624063,-565.551184606547));
#5524=CARTESIAN_POINT('',(-0.0130879196301084,0.00788477615458305,0.0710488164657471));
#5525=CARTESIAN_POINT('',(-0.0130879196301492,0.00788477615465923,0.071048816465667));
#5526=CARTESIAN_POINT('',(-0.0130347931445487,0.00760481244498888,0.0713287262594026));
#5527=CARTESIAN_POINT('',(-0.0133064548220694,0.00699237373042157,0.0718002510096101));
#5528=CARTESIAN_POINT('',(-0.0140081087143848,0.00614133062803226,0.0722107645115126));
#5529=CARTESIAN_POINT('',(-0.014749347735899,0.00526505322692256,0.0724585449340521));
#5530=CARTESIAN_POINT('',(-0.0152444975651647,0.0046572316614875,0.0725154710278025));
#5531=CARTESIAN_POINT('',(-0.0154885535340902,0.00434924315907345,0.0725157187103951));
#5532=CARTESIAN_POINT('',(-0.0154885535340902,0.00434924315907345,0.0725157187103951));
#5533=CARTESIAN_POINT('',(-0.00999999485030188,3.06161699786838E-19,0.0725101485928082));
#5534=CARTESIAN_POINT('',(-0.0154885535340901,-0.00434924315907349,0.0725157187103951));
#5535=CARTESIAN_POINT('',(-0.0154885535340901,-0.00434924315907349,0.0725157187103951));
#5536=CARTESIAN_POINT('',(-0.0152437088604419,-0.0046582269741098,0.0725154702273777));
#5537=CARTESIAN_POINT('',(-0.0147517612034187,-0.00526206297976453,0.0724584986162697));
#5538=CARTESIAN_POINT('',(-0.0140154458051414,-0.00613273150888481,0.0722141892926882));
#5539=CARTESIAN_POINT('',(-0.0133056840841571,-0.00699238272380081,0.0718009127082982));
#5540=CARTESIAN_POINT('',(-0.013034918590589,-0.00760547351971061,0.0713280653119777));
#5541=CARTESIAN_POINT('',(-0.0130879196292329,-0.00788477615457496,0.0710488164657503));
#5542=CARTESIAN_POINT('',(-0.0835032064598278,0.,0.0128719267208425));
#5543=CARTESIAN_POINT('',(556.949348288438,-565.630689819643,-98.2070489328021));
#5544=CARTESIAN_POINT('',(-0.0839072334508118,-0.00442030918681011,0.0105640336182595));
#5545=CARTESIAN_POINT('',(-0.0806245001149308,-0.00788477615458305,0.0092302796651314));
#5546=CARTESIAN_POINT('',(-0.0835003775814802,-3.3344960370964E-18,0.0128714279132646));
#5547=CARTESIAN_POINT('',(-0.0839072334507897,0.00442030918670179,0.0105640336187142));
#5548=CARTESIAN_POINT('',(556.949348648748,565.63069018551,-98.2070489963343));
#5549=CARTESIAN_POINT('',(-0.0806245001143457,0.00788477615492411,0.00923027966578582));
#5550=CARTESIAN_POINT('',(-0.0806245001147455,0.00788477615465922,0.00923027966591682));
#5551=CARTESIAN_POINT('',(-0.0808910344201394,0.00760481244486728,0.00933093442347446));
#5552=CARTESIAN_POINT('',(-0.0814023805278478,0.00699237373051024,0.00914476026970204));
#5553=CARTESIAN_POINT('',(-0.0819278691383775,0.00614133062802502,0.00852451738210706));
#5554=CARTESIAN_POINT('',(-0.0822999026739741,0.00526505322693752,0.00783718814997533));
#5555=CARTESIAN_POINT('',(-0.0824414608836431,0.00465723166148987,0.00735930196391084));
#5556=CARTESIAN_POINT('',(-0.0824838407797204,0.00434924315907345,0.00711895362977011));
#5557=CARTESIAN_POINT('',(-0.0824838407797203,0.00434924315907345,0.0071189536297701));
#5558=CARTESIAN_POINT('',(-0.0815307620754557,0.,0.0125241315579308));
#5559=CARTESIAN_POINT('',(-0.0824838407797203,-0.00434924315907349,0.00711895362977013));
#5560=CARTESIAN_POINT('',(-0.0824838407797203,-0.00434924315907349,0.00711895362977013));
#5561=CARTESIAN_POINT('',(-0.0824413239264349,-0.00465822697410995,0.00736007868683493));
#5562=CARTESIAN_POINT('',(-0.082300273733627,-0.00526206297976785,0.00783480292766597));
#5563=CARTESIAN_POINT('',(-0.0819325092300403,-0.0061327315088757,0.00851788175270933));
#5564=CARTESIAN_POINT('',(-0.0814028992232578,-0.00699238272383905,0.00914563367547977));
#5565=CARTESIAN_POINT('',(-0.0808904050559992,-0.00760547351963024,0.00933069674886659));
#5566=CARTESIAN_POINT('',(-0.0806245001148465,-0.00788477615450279,0.0092302796662446));
#5567=CARTESIAN_POINT('',(0.,-0.0109601551083915,0.0460398448916085));
#5568=CARTESIAN_POINT('',(-0.0154486217176336,-0.00788477616276152,0.0429801441311782));
#5569=CARTESIAN_POINT('',(-0.0164310551403111,-0.00874304385014459,0.0438394088507515));
#5570=CARTESIAN_POINT('',(-0.017555035578696,-0.0109430064881852,0.0460405121713589));
#5571=CARTESIAN_POINT('',(-0.0164974096454828,-0.013162252642984,0.048258684984111));
#5572=CARTESIAN_POINT('',(-0.0155419084010926,-0.0140355329340323,0.0491309955753543));
#5573=CARTESIAN_POINT('',(-0.0154485786089325,-0.00788480085608209,0.0429801687807496));
#5574=CARTESIAN_POINT('',(-0.0155417416442253,-0.0140354416458658,0.0491309041179529));
#5575=CARTESIAN_POINT('',(3.12107418356798E-6,-0.0140355329955858,0.0491152196113501));
#5576=CARTESIAN_POINT('',(-0.0399999794012075,-0.0140355329955851,0.0491558171500346));
#5577=CARTESIAN_POINT('',(-0.0399999794012075,-0.0109601551083915,0.0460804392628411));
#5578=CARTESIAN_POINT('',(-0.0399989418310748,-0.00788478139369767,0.043005064495159));
#5579=CARTESIAN_POINT('',(-3.12107526595336E-6,-0.00788477615465926,0.0429644691053301));
#5580=CARTESIAN_POINT('',(0.,0.0109601551083915,0.0460398448916085));
#5581=CARTESIAN_POINT('',(-0.0399999794012075,0.0109601551083915,0.0460804392628411));
#5582=CARTESIAN_POINT('',(-0.0399999794012075,0.014035532995585,0.0491558171500346));
#5583=CARTESIAN_POINT('',(-0.0399999794012075,0.00788477615465921,0.0430050603091088));
#5584=CARTESIAN_POINT('',(3.12107418356796E-6,0.0140355329955857,0.0491152196113501));
#5585=CARTESIAN_POINT('',(-0.0155417466772208,0.0140354617170162,0.0491309241942112));
#5586=CARTESIAN_POINT('',(-0.0155418768365076,0.0140355329445031,0.0491309955537914));
#5587=CARTESIAN_POINT('',(-0.0164975897932684,0.0131618244285628,0.0482582569525146));
#5588=CARTESIAN_POINT('',(-0.0175551173193436,0.0109428850471068,0.0460403908132359));
#5589=CARTESIAN_POINT('',(-0.0164309575568466,0.00874309755248728,0.0438394624540607));
#5590=CARTESIAN_POINT('',(-0.0154485818808216,0.00788477617165061,0.0429801440996386));
#5591=CARTESIAN_POINT('',(-0.0154485065105443,0.00788481934432579,0.0429801871958235));
#5592=CARTESIAN_POINT('',(-3.12107526595338E-6,0.00788477615465922,0.0429644691053301));
#5593=CARTESIAN_POINT('',(-0.0502585012354566,0.0109601551083915,0.0375000541706033));
#5594=CARTESIAN_POINT('',(-0.0502585012354573,0.0109601551083915,0.0375000541706033));
#5595=CARTESIAN_POINT('',(-0.0532876962749308,0.0140355316181669,0.0380310137638945));
#5596=CARTESIAN_POINT('',(-0.0472293037887264,0.00788477615465884,0.0369690941553663));
#5597=CARTESIAN_POINT('',(-0.0472298457580374,0.00788477615465922,0.0369660204946638));
#5598=CARTESIAN_POINT('',(-0.0532871556625414,0.0140355329955857,0.0380340876613404));
#5599=CARTESIAN_POINT('',(-0.0502585012354566,-0.0109601551083915,0.0375000541706033));
#5600=CARTESIAN_POINT('',(-0.0554679461183466,-0.0109601551083915,0.00795582411596863));
#5601=CARTESIAN_POINT('',(-0.0575435214061453,-0.0140355329955858,0.013895038001996));
#5602=CARTESIAN_POINT('',(-0.0514862117091882,-0.00788477615465926,0.0128269696582626));
#5603=CARTESIAN_POINT('',(-0.0472298457580374,-0.00788477615465926,0.0369660204946638));
#5604=CARTESIAN_POINT('',(-0.0472293042139465,-0.00788477658636168,0.0369690942298992));
#5605=CARTESIAN_POINT('',(-0.0502585012354573,-0.0109601551083915,0.0375000541706033));
#5606=CARTESIAN_POINT('',(-0.0532876962749308,-0.0140355316181669,0.0380310137638945));
#5607=CARTESIAN_POINT('',(-0.0532871556625414,-0.0140355329955858,0.0380340876613404));
#5608=CARTESIAN_POINT('',(0.,-2.42861286636753E-17,0.0725));
#5609=CARTESIAN_POINT('',(0.,-0.00434924315907349,0.0725));
#5610=CARTESIAN_POINT('',(-0.00451143616651361,-0.00434924315907349,0.0725045784752212));
#5611=CARTESIAN_POINT('',(-0.00199797028143837,-0.00434924315907349,0.0725020276597271));
#5612=CARTESIAN_POINT('',(-0.00199797028143837,-2.42861286636753E-17,0.0725020276597271));
#5613=CARTESIAN_POINT('',(-0.00199797028143837,0.00434924315907345,0.0725020276597271));
#5614=CARTESIAN_POINT('',(-4.7154564534162E-22,0.00434924315907345,0.0725));
#5615=CARTESIAN_POINT('',(-0.00451143616651358,0.00434924315907345,0.0725045784752212));
#5616=CARTESIAN_POINT('',(-0.00999999485030188,3.06161699786838E-19,0.0725101485928082));
#5617=CARTESIAN_POINT('',(-0.061094054121784,0.,0.0393993389732258));
#5618=CARTESIAN_POINT('',(-0.0595816067495189,0.00901617577330268,0.00690455189131546));
#5619=CARTESIAN_POINT('',(-0.0600223893599313,0.00949498324725972,0.00848017271957234));
#5620=CARTESIAN_POINT('',(-0.0593563808588792,0.00924244190933687,0.0100253804534508));
#5621=CARTESIAN_POINT('',(-0.0580772194611674,0.0083138086410971,0.0106487708152221));
#5622=CARTESIAN_POINT('',(-0.0570806390099368,0.00708721017881561,0.0100156061962702));
#5623=CARTESIAN_POINT('',(-0.0568659936408297,0.00638246250931197,0.00848164139470102));
#5624=CARTESIAN_POINT('',(-0.0573946567003854,0.0067694544325442,0.0069140140614835));
#5625=CARTESIAN_POINT('',(-0.0584541512290576,0.00792505791249644,0.00624931392787298));
#5626=CARTESIAN_POINT('',(-0.0595816067495189,0.00901617577330268,0.00690455189131546));
#5627=CARTESIAN_POINT('',(-0.0600223893599313,0.00949498324725972,0.00848017271957234));
#5628=CARTESIAN_POINT('',(-0.0593563808588792,0.00924244190933687,0.0100253804534508));
#5629=CARTESIAN_POINT('',(-0.0598379241746872,0.00937309177861307,0.00847510387050927));
#5630=CARTESIAN_POINT('',(-0.061094054121784,0.,0.0393993389732258));
#5631=CARTESIAN_POINT('',(-0.0723721149028699,0.,0.0413761659808652));
#5632=CARTESIAN_POINT('',(-0.068,0.,-6.25829946302019E-18));
#5633=CARTESIAN_POINT('',(-0.05676445709846,-0.000999999337325198,-0.00196779019709003));
#5634=CARTESIAN_POINT('',(-0.0567649484554339,0.0010051319871048,-0.00196917906368211));
#5635=CARTESIAN_POINT('',(-0.0498590880543158,0.001,0.0374300656395221));
#5636=CARTESIAN_POINT('',(-0.0537996662995014,0.001,0.0149485430833829));
#5637=CARTESIAN_POINT('',(-0.0537996662995014,-0.001,0.0149485430833829));
#5638=CARTESIAN_POINT('',(-0.0538165543286154,-0.0016675421314497,0.0151911735446959));
#5639=CARTESIAN_POINT('',(-0.0538801356800256,-0.00279927114393354,0.0161521008452564));
#5640=CARTESIAN_POINT('',(-0.053628093232277,-0.00321046225207395,0.0183515848321027));
#5641=CARTESIAN_POINT('',(-0.0529872909309561,-0.00210045561427465,0.0202011559862005));
#5642=CARTESIAN_POINT('',(-0.0526319913236448,-2.28288906938183E-6,0.0209218581044043));
#5643=CARTESIAN_POINT('',(-0.0529865972211936,0.00209882011674274,0.0202025267505739));
#5644=CARTESIAN_POINT('',(-0.0536268800496929,0.00320889009887262,0.0183562631913753));
#5645=CARTESIAN_POINT('',(-0.0538802728546498,0.00280292544839735,0.0161562670646043));
#5646=CARTESIAN_POINT('',(-0.0538165546320834,0.00166755412679068,0.0151911779046231));
#5647=CARTESIAN_POINT('',(-0.0537996662995014,0.001,0.0149485430833829));
#5648=CARTESIAN_POINT('',(-0.0537996662995014,-0.001,0.0149485430833829));
#5649=CARTESIAN_POINT('',(-0.0498590880543158,-0.001,0.0374300656395221));
#5650=CARTESIAN_POINT('',(-0.0570815501227543,-0.00708861692375172,0.0100170176385809));
#5651=CARTESIAN_POINT('',(-0.0568654206315505,-0.0063815757294283,0.00848091344003588));
#5652=CARTESIAN_POINT('',(-0.0573963877570445,-0.00677123855584426,0.00691207304836561));
#5653=CARTESIAN_POINT('',(-0.058453684084311,-0.00792458653380486,0.00624949870619976));
#5654=CARTESIAN_POINT('',(-0.0595825890140057,-0.00901714632527481,0.00690574968108113));
#5655=CARTESIAN_POINT('',(-0.0600216464161296,-0.00949426787113003,0.00847905240635932));
#5656=CARTESIAN_POINT('',(-0.0593587529630237,-0.00924394261530696,0.0100232595602003));
#5657=CARTESIAN_POINT('',(-0.0580769758138145,-0.00831362717238138,0.0106489497230287));
#5658=CARTESIAN_POINT('',(-0.0570815501227543,-0.00708861692375172,0.0100170176385809));
#5659=CARTESIAN_POINT('',(-0.0568654206315505,-0.0063815757294283,0.00848091344003588));
#5660=CARTESIAN_POINT('',(-0.0573963877570445,-0.00677123855584426,0.00691207304836561));
#5661=CARTESIAN_POINT('',(-0.0569899367343334,-0.00656435973288486,0.00847545740784833));
#5662=CARTESIAN_POINT('',(-0.0771957278606581,0.00156888205142778,0.0133497659108778));
#5663=CARTESIAN_POINT('',(-0.0772125952899014,-3.65818266372277E-7,0.0140138810897345));
#5664=CARTESIAN_POINT('',(-0.0771958043884003,-0.00156741877836229,0.0133502276796076));
#5665=CARTESIAN_POINT('',(-0.0773349205579398,-0.00221620465422319,0.0117864694790339));
#5666=CARTESIAN_POINT('',(-0.0777367800301136,-0.001567760156008,0.0102637564883398));
#5667=CARTESIAN_POINT('',(-0.0779778301180649,-6.11546555960045E-7,0.0096474859468072));
#5668=CARTESIAN_POINT('',(-0.0777373822474593,0.00156548906509318,0.010262203001381));
#5669=CARTESIAN_POINT('',(-0.0773354937302236,0.00221640644011086,0.0117829536598591));
#5670=CARTESIAN_POINT('',(-0.0771957278606581,0.00156888205142778,0.0133497659108778));
#5671=CARTESIAN_POINT('',(-0.0772125952899014,-3.65818266372277E-7,0.0140138810897345));
#5672=CARTESIAN_POINT('',(-0.0771958043884003,-0.00156741877836229,0.0133502276796076));
#5673=CARTESIAN_POINT('',(-0.0772069855681107,-8.15319869239931E-20,0.0137925863249039));
#5674=CARTESIAN_POINT('',(-0.0457868290411978,-1.12757025938492E-17,0.0367162560926797));
#5675=CARTESIAN_POINT('',(-0.0457868290411985,-1.12757025938492E-17,0.0367162560926798));
#5676=CARTESIAN_POINT('',(-0.0457868290411985,-0.0025,0.0367162560926798));
#5677=CARTESIAN_POINT('',(-0.0457868290411985,-0.0043492504268374,0.0367162560926798));
#5678=CARTESIAN_POINT('',(-0.0457868290411978,-0.0043492431590735,0.0367162560926797));
#5679=CARTESIAN_POINT('',(-0.0504611185345114,-0.00434924315868557,0.01020704306962));
#5680=CARTESIAN_POINT('',(-0.0509970739738876,799.909155931659,0.00716748873016055));
#5681=CARTESIAN_POINT('',(-0.0505902175632377,-0.00924873806986048,0.00947488609507453));
#5682=CARTESIAN_POINT('',(-0.0492605926444316,-0.00924873806980695,0.0170155637240099));
#5683=CARTESIAN_POINT('',(-0.0457868290411978,-0.0043492431590735,0.0367162560926797));
#5684=CARTESIAN_POINT('',(-0.0523858120708048,-0.0043492431590735,-0.000708436391096572));
#5685=CARTESIAN_POINT('',(-0.0523858120708048,-0.001,-0.000708436391096516));
#5686=CARTESIAN_POINT('',(-0.0523858120708048,-0.001,-0.000708436391096514));
#5687=CARTESIAN_POINT('',(-0.0512418499791437,-0.001,0.00577929502167335));
#5688=CARTESIAN_POINT('',(-0.0497509438104123,-0.001,0.0142346440711554));
#5689=CARTESIAN_POINT('',(-0.0492597925945364,1.95156391047391E-18,0.0170201010324354));
#5690=CARTESIAN_POINT('',(-0.0497509438104123,0.001,0.0142346440711554));
#5691=CARTESIAN_POINT('',(-0.0512418499791437,0.001,0.00577929502167336));
#5692=CARTESIAN_POINT('',(-0.0523858120708048,0.001,-0.000708436391096514));
#5693=CARTESIAN_POINT('',(-0.0523858120708048,0.00434924315907345,-0.000708436391096516));
#5694=CARTESIAN_POINT('',(-0.0523858120708048,0.00434924315907345,-0.00070843639109653));
#5695=CARTESIAN_POINT('',(-0.0457868290411978,0.00434924315907345,0.0367162560926797));
#5696=CARTESIAN_POINT('',(-0.0515330294135376,0.00434924315857188,0.00412793438914862));
#5697=CARTESIAN_POINT('',(-0.0509970739738903,-799.909159898086,0.00716748873014509));
#5698=CARTESIAN_POINT('',(-0.0514039303847794,0.00924873806991731,0.0048600913638749));
#5699=CARTESIAN_POINT('',(-0.0492605926444316,0.00924873806980695,0.0170155637240099));
#5700=CARTESIAN_POINT('',(-0.0457868290411978,0.00434924315907345,0.0367162560926797));
#5701=CARTESIAN_POINT('',(-0.0457868290411978,0.0025,0.0367162560926797));
#5702=CARTESIAN_POINT('',(-0.0474869132960837,0.0025,0.0270745991661266));
#5703=CARTESIAN_POINT('',(-0.0474869132960837,0.001,0.0270745991661266));
#5704=CARTESIAN_POINT('',(-0.0478918912523186,0.001,0.0247778550455861));
#5705=CARTESIAN_POINT('',(-0.0478918912523186,-1.12757025938492E-17,0.0247778550455861));
#5706=CARTESIAN_POINT('',(-0.0478918912523186,-0.001,0.0247778550455861));
#5707=CARTESIAN_POINT('',(-0.0474869132960837,-0.001,0.0270745991661267));
#5708=CARTESIAN_POINT('',(-0.0474869132960837,-0.0025,0.0270745991661267));
#5709=CARTESIAN_POINT('',(-0.0457868290411978,-0.0025,0.0367162560926797));
#5710=CARTESIAN_POINT('',(-0.0763213167454478,-2.42861286636753E-17,0.042068364148297));
#5711=CARTESIAN_POINT('',(-0.082919594860833,-0.006420310216783,0.00464766943173145));
#5712=CARTESIAN_POINT('',(-0.082919594860833,0.00434924315907345,0.00464766943173145));
#5713=CARTESIAN_POINT('',(-0.082919594860833,-0.00434924315907349,0.00464766943173145));
#5714=CARTESIAN_POINT('',(-0.0763213167454478,-0.00434924315907349,0.042068364148297));
#5715=CARTESIAN_POINT('',(-0.0763213167454478,0.00434924315907345,0.042068364148297));
#5716=CARTESIAN_POINT('',(-0.071849644551189,-0.0109601551083915,0.0412845660703735));
#5717=CARTESIAN_POINT('',(-0.0748783000286082,-0.00788477615465926,0.0418185997463129));
#5718=CARTESIAN_POINT('',(-0.0814772233455383,-0.00788477615465926,0.00439424590995558));
#5719=CARTESIAN_POINT('',(-0.0754198298400761,-0.0140345174075047,0.00333250140352602));
#5720=CARTESIAN_POINT('',(-0.0754188295025995,-0.0140355329955858,0.00333232606361797));
#5721=CARTESIAN_POINT('',(-0.0688209901241042,-0.0140355329955858,0.0407505325796362));
#5722=CARTESIAN_POINT('',(-0.0688204477366126,-0.0140355334203329,0.0407536061659409));
#5723=CARTESIAN_POINT('',(-0.0718496445511898,-0.0109601551083915,0.0412845660703736));
#5724=CARTESIAN_POINT('',(-0.0435034757254102,-0.0397416628130267,0.0362976663122398));
#5725=CARTESIAN_POINT('',(-0.0748790995595603,-0.0078847766815164,0.0418140623469119));
#5726=CARTESIAN_POINT('',(-0.0748783000286082,-0.00788477615465925,0.0418185997463129));
#5727=CARTESIAN_POINT('',(-0.0795525907021386,-0.00788477615465925,0.0153093800299112));
#5728=CARTESIAN_POINT('',(556.949348288438,-565.630689819643,-98.2070489328021));
#5729=CARTESIAN_POINT('',(-0.0830935217121268,-0.00442030918681011,0.0151788222082731));
#5730=CARTESIAN_POINT('',(-0.0817638958048109,-0.00442030918684282,0.0227195054433867));
#5731=CARTESIAN_POINT('',(-0.0502585012354566,-0.0109601551083915,0.0375000541706033));
#5732=CARTESIAN_POINT('',(-0.0532871556625414,-0.0140355329955858,0.0380340876613404));
#5733=CARTESIAN_POINT('',(-0.0598865774290384,-0.0140355329955858,0.000606906977016937));
#5734=CARTESIAN_POINT('',(-0.0538291824888932,-0.00788579028618503,-0.0004548377808849));
#5735=CARTESIAN_POINT('',(-0.0538281835860996,-0.00788477615465926,-0.00045501286932069));
#5736=CARTESIAN_POINT('',(-0.0472298457580374,-0.00788477615465926,0.0369660204946638));
#5737=CARTESIAN_POINT('',(-0.0502585012354566,0.0109601551083915,0.0375000541706033));
#5738=CARTESIAN_POINT('',(-0.0472298457580374,0.00788477615465922,0.0369660204946638));
#5739=CARTESIAN_POINT('',(-0.0533923695726667,0.00788477615465922,0.00201661122179579));
#5740=CARTESIAN_POINT('',(-0.0538281835860996,0.00788477615465922,-0.000455012869320676));
#5741=CARTESIAN_POINT('',(-0.059887576331832,0.0140365471271115,0.000607082065452731));
#5742=CARTESIAN_POINT('',(-0.0598865774290384,0.0140355329955857,0.000606906977016958));
#5743=CARTESIAN_POINT('',(-0.0532871556625414,0.0140355329955857,0.0380340876613404));
#5744=CARTESIAN_POINT('',(-0.0594496796847175,0.0140355329955857,0.0030846772114156));
#5745=CARTESIAN_POINT('',(-0.0554679461183466,0.0109601551083915,0.00795582411596863));
#5746=CARTESIAN_POINT('',(-0.071849644551189,0.0109601551083915,0.0412845660703735));
#5747=CARTESIAN_POINT('',(-0.0829206984305432,0.00641929462870184,0.00464725931255027));
#5748=CARTESIAN_POINT('',(-0.0754188295025995,0.0140355329955857,0.00333232606361795));
#5749=CARTESIAN_POINT('',(-0.0814772233455383,0.00788477615465922,0.00439424590995559));
#5750=CARTESIAN_POINT('',(-0.0748783000286082,0.00788477615465922,0.0418185997463129));
#5751=CARTESIAN_POINT('',(-0.0817638958048109,0.00442030918684279,0.0227195054433867));
#5752=CARTESIAN_POINT('',(-0.0830935217122626,0.0044203091867018,0.0151788222078327));
#5753=CARTESIAN_POINT('',(556.949348648748,565.63069018551,-98.2070489963343));
#5754=CARTESIAN_POINT('',(-0.0795525907022843,0.00788477615465922,0.0153093800290849));
#5755=CARTESIAN_POINT('',(-0.0748783000286082,0.00788477615465922,0.0418185997463129));
#5756=CARTESIAN_POINT('',(-0.0748790995595603,0.00788477668151636,0.0418140623469119));
#5757=CARTESIAN_POINT('',(-0.0435034757254102,0.0397416628130266,0.0362976663122398));
#5758=CARTESIAN_POINT('',(-0.0718496445511898,0.0109601551083915,0.0412845660703736));
#5759=CARTESIAN_POINT('',(-0.0688204477366126,0.0140355334203329,0.0407536061659409));
#5760=CARTESIAN_POINT('',(-0.0688209901241042,0.0140355329955857,0.0407505325796362));
#5761=CARTESIAN_POINT('',(-0.0400216536272935,0.,0.0356837271343148));
#5762=CARTESIAN_POINT('',(-0.0731649102071638,0.,0.0518068061074125));
#5763=CARTESIAN_POINT('',(-0.0400216536272935,0.0362061298174408,0.0356837271343148));
#5764=CARTESIAN_POINT('',(-0.0400216536272935,-0.0362061298174409,0.0356837271343148));
#5765=CARTESIAN_POINT('',(-0.0399999794012075,-0.014035533420338,0.0649253711676775));
#5766=CARTESIAN_POINT('',(-0.054859156626769,-0.014035533420338,0.0649363849522059));
#5767=CARTESIAN_POINT('',(-0.0662441824979936,-0.014035533420338,0.0553877486602717));
#5768=CARTESIAN_POINT('',(-0.0688204477366076,-0.014035533420338,0.04075360616594));
#5769=CARTESIAN_POINT('',(-0.0399999794012075,-0.00784787143768664,0.0711130331503289));
#5770=CARTESIAN_POINT('',(-0.0580034246408103,-0.00784787143768665,0.0711240469348573));
#5771=CARTESIAN_POINT('',(-0.0717960736773598,-0.00784787143768665,0.059553092162091));
#5772=CARTESIAN_POINT('',(-0.0749151925342632,-0.00784787143768664,0.0418218976350621));
#5773=CARTESIAN_POINT('',(-0.0400008406018174,-0.00788477624306531,0.0710761288618698));
#5774=CARTESIAN_POINT('',(-0.0433205733166229,-0.0078847762430653,0.0710780810798091));
#5775=CARTESIAN_POINT('',(-0.0465877617937344,-0.00788477624306531,0.070616115711556));
#5776=CARTESIAN_POINT('',(-0.0497423001381753,-0.0078847762430653,0.0697150592363227));
#5777=CARTESIAN_POINT('',(-0.0400008406024351,-0.00788477669844965,0.0710761284064858));
#5778=CARTESIAN_POINT('',(-0.0497423001381753,-0.00788477624306532,0.0697150592363226));
#5779=CARTESIAN_POINT('',(-0.0497423001381753,-0.0078847762430653,0.0697150592363226));
#5780=CARTESIAN_POINT('',(-0.0515770857272869,-0.00875101845423715,0.0682900872759821));
#5781=CARTESIAN_POINT('',(-0.0543604819440442,-0.00979001738987688,0.0661062493149312));
#5782=CARTESIAN_POINT('',(-0.0581206291650279,-0.0105229053787674,0.0630651034627645));
#5783=CARTESIAN_POINT('',(-0.060985388341284,-0.0107158415720076,0.0606920803384484));
#5784=CARTESIAN_POINT('',(-0.0638104940729393,-0.0105270470489958,0.0582914015698969));
#5785=CARTESIAN_POINT('',(-0.067465285721846,-0.00979979337684841,0.0551114715775294));
#5786=CARTESIAN_POINT('',(-0.0701239356921737,-0.00875209223230715,0.052727574361999));
#5787=CARTESIAN_POINT('',(-0.0718480007743251,-0.00788477624306533,0.051166173985614));
#5788=CARTESIAN_POINT('',(-0.0688204477366126,-0.0140355334203329,0.0407536061659409));
#5789=CARTESIAN_POINT('',(-0.0685229660927923,-0.014035534300185,0.0424434072104864));
#5790=CARTESIAN_POINT('',(-0.0676257823701642,-0.0140355330118301,0.0457697662674724));
#5791=CARTESIAN_POINT('',(-0.0654817461584722,-0.0140355335303146,0.0503670482806176));
#5792=CARTESIAN_POINT('',(-0.0625141979218461,-0.0140355333889089,0.0546015487696252));
#5793=CARTESIAN_POINT('',(-0.0589246095508754,-0.0140355334360473,0.0581885729750743));
#5794=CARTESIAN_POINT('',(-0.0546911626458752,-0.0140355333888992,0.061151598023642));
#5795=CARTESIAN_POINT('',(-0.0500879326324754,-0.014035533530353,0.063296304059625));
#5796=CARTESIAN_POINT('',(-0.0450974303955708,-0.014035533011686,0.0646334454629404));
#5797=CARTESIAN_POINT('',(-0.0417157653095956,-0.0140355343004955,0.0649266420467841));
#5798=CARTESIAN_POINT('',(-0.0399999794012075,-0.0140355334203329,0.0649253711676827));
#5799=CARTESIAN_POINT('',(-0.0399999794012075,-0.014035532995586,0.0649253715924295));
#5800=CARTESIAN_POINT('',(-0.0399999794012075,-0.0109601551083915,0.068000749479624));
#5801=CARTESIAN_POINT('',(-0.0399999794012075,-0.00788477701985699,0.0710761275681586));
#5802=CARTESIAN_POINT('',(-0.0399999794012075,-0.00788477701985751,0.0710761275681579));
#5803=CARTESIAN_POINT('',(-0.0400002664682841,-0.00788477691576876,0.0710761278480459));
#5804=CARTESIAN_POINT('',(-0.0400005535353601,-0.0078847768087294,0.071076128127392));
#5805=CARTESIAN_POINT('',(-0.0400008406024351,-0.00788477669844965,0.0710761284064858));
#5806=CARTESIAN_POINT('',(-0.0399999794012075,-0.00788477658634119,0.0430050607407908));
#5807=CARTESIAN_POINT('',(-0.0437203240392164,-0.0078847765863412,0.0430160745253192));
#5808=CARTESIAN_POINT('',(-0.0465761433502161,-0.0078847765863412,0.0406316707021524));
#5809=CARTESIAN_POINT('',(-0.0472293042139263,-0.00788477658634119,0.0369690942298957));
#5810=CARTESIAN_POINT('',(-0.0399999794012075,-0.0140724375340405,0.0491927216884901));
#5811=CARTESIAN_POINT('',(-0.0468645915273456,-0.0140724375340405,0.0492037354730185));
#5812=CARTESIAN_POINT('',(-0.0521280336009696,-0.0140724375340405,0.0447970135072738));
#5813=CARTESIAN_POINT('',(-0.0533240479921713,-0.0140724375340405,0.0380373855203347));
#5814=CARTESIAN_POINT('',(-0.0399999794012075,-0.014035531618165,0.0491558157726146));
#5815=CARTESIAN_POINT('',(-0.0415607417631216,-0.0140355298798972,0.0491583250270523));
#5816=CARTESIAN_POINT('',(-0.0447102722588812,-0.0140355324042634,0.0486090763147525));
#5817=CARTESIAN_POINT('',(-0.0488455664061593,-0.0140355314742224,0.0462285963786066));
#5818=CARTESIAN_POINT('',(-0.0514115875822862,-0.0140355314189013,0.043171132739774));
#5819=CARTESIAN_POINT('',(-0.052737496045688,-0.0140355320056283,0.0403385458397661));
#5820=CARTESIAN_POINT('',(-0.0531517270212783,-0.0140355307491387,0.0387994594182791));
#5821=CARTESIAN_POINT('',(-0.0532876962749289,-0.014035531618165,0.0380310137638942));
#5822=CARTESIAN_POINT('',(-0.0472293042139465,-0.00788477658636168,0.0369690942298992));
#5823=CARTESIAN_POINT('',(-0.0469272755954293,-0.00788477306193342,0.0386626889651349));
#5824=CARTESIAN_POINT('',(-0.0455670019349832,-0.00788477690677974,0.0409873383060675));
#5825=CARTESIAN_POINT('',(-0.0425537665102735,-0.00788477722714092,0.0427120283094026));
#5826=CARTESIAN_POINT('',(-0.0408601332410157,-0.00788477482420452,0.0430076053957135));
#5827=CARTESIAN_POINT('',(-0.0399999794012075,-0.00788477658636166,0.0430050607408113));
#5828=CARTESIAN_POINT('',(-0.0400216536272935,0.,0.0356837271343148));
#5829=CARTESIAN_POINT('',(-0.0400216536272935,-0.0025,0.0356837271343148));
#5830=CARTESIAN_POINT('',(-0.0399999794012075,-0.0025,0.0415405943712325));
#5831=CARTESIAN_POINT('',(-0.0399999794012075,-1.12757025938492E-17,0.0415405943712325));
#5832=CARTESIAN_POINT('',(-0.0399999794012075,-0.00434923414233728,0.0415405943712325));
#5833=CARTESIAN_POINT('',(-0.0400216536272935,0.00650764864899541,0.0356837271343148));
#5834=CARTESIAN_POINT('',(-0.0400080255355515,-0.0043492504268374,0.0415406186202545));
#5835=CARTESIAN_POINT('',(-0.0400080255355515,-0.0043492504268374,0.0415406186202545));
#5836=CARTESIAN_POINT('',(-0.0413832643988768,-0.00434925042683739,0.0415438185909969));
#5837=CARTESIAN_POINT('',(-0.0440861719754075,-0.00434925042683743,0.0405529551425396));
#5838=CARTESIAN_POINT('',(-0.0455443840591699,-0.00434925042683737,0.0380699593842848));
#5839=CARTESIAN_POINT('',(-0.0457868290411985,-0.0043492504268374,0.0367162560926798));
#5840=CARTESIAN_POINT('',(-0.0399999794012075,0.0155,0.0506202841544496));
#5841=CARTESIAN_POINT('',(-0.0475900091426497,0.0155,0.050631297938978));
#5842=CARTESIAN_POINT('',(-0.0534089166687546,0.0155,0.045758004598529));
#5843=CARTESIAN_POINT('',(-0.0547301734297161,0.0155,0.038283852248527));
#5844=CARTESIAN_POINT('',(-0.0399999794012075,0.00642031021678297,0.0415405943712326));
#5845=CARTESIAN_POINT('',(-0.0429761536601053,0.00642031021678297,0.041551608155761));
#5846=CARTESIAN_POINT('',(-0.045262148186546,0.00642031021678297,0.0396458370394257));
#5847=CARTESIAN_POINT('',(-0.0457868290411986,0.00642031021678297,0.0367162560926798));
#5848=CARTESIAN_POINT('',(-0.0399999794012075,0.00788477658636163,0.0430050607408113));
#5849=CARTESIAN_POINT('',(-0.0417176566141533,0.00788477306743627,0.0430101422687171));
#5850=CARTESIAN_POINT('',(-0.0442609865326115,0.00788477690630071,0.042081458113355));
#5851=CARTESIAN_POINT('',(-0.0464887463834237,0.00788477722610487,0.0394211639892349));
#5852=CARTESIAN_POINT('',(-0.0470785208159585,0.00788477482703387,0.0378145967871638));
#5853=CARTESIAN_POINT('',(-0.0472293042139465,0.00788477658636163,0.0369690942298992));
#5854=CARTESIAN_POINT('',(-0.0532876962749289,0.014035531618165,0.0380310137638942));
#5855=CARTESIAN_POINT('',(-0.0530119213306906,0.0140355298555924,0.0395895871310229));
#5856=CARTESIAN_POINT('',(-0.0519223690109288,0.0140355324994102,0.0425636294682549));
#5857=CARTESIAN_POINT('',(-0.0488487591505387,0.0140355311776659,0.0462275264454425));
#5858=CARTESIAN_POINT('',(-0.0446999240879466,0.0140355324989163,0.0486093665911615));
#5859=CARTESIAN_POINT('',(-0.0415827605880176,0.0140355298567448,0.0491583604283245));
#5860=CARTESIAN_POINT('',(-0.0399999794012075,0.014035531618165,0.0491558157726146));
#5861=CARTESIAN_POINT('',(-0.0399999794012075,0.00642031021678295,0.0725405943712326));
#5862=CARTESIAN_POINT('',(-0.0587288416234378,0.00642031021678295,0.0725516081557611));
#5863=CARTESIAN_POINT('',(-0.0730769556280161,0.00642031021678295,0.0605140824152128));
#5864=CARTESIAN_POINT('',(-0.0763213167454486,0.00642031021678295,0.0420683641482971));
#5865=CARTESIAN_POINT('',(-0.0399999794012075,0.0155,0.0634609045880156));
#5866=CARTESIAN_POINT('',(-0.0541149861408934,0.0155,0.0634719183725439));
#5867=CARTESIAN_POINT('',(-0.0649301871458076,0.0155,0.0544019148561096));
#5868=CARTESIAN_POINT('',(-0.067377972356931,0.0155,0.04050076799245));
#5869=CARTESIAN_POINT('',(-0.0718480007743367,0.00788477624305941,0.0511661739856034));
#5870=CARTESIAN_POINT('',(-0.0701260511927745,0.00875102799899373,0.0527256584578556));
#5871=CARTESIAN_POINT('',(-0.0674921328395302,0.00978999501940025,0.0550874828089078));
#5872=CARTESIAN_POINT('',(-0.0638444698857835,0.010522843557561,0.0582622210623846));
#5873=CARTESIAN_POINT('',(-0.06101059202239,0.0107158461039244,0.0606709326741785));
#5874=CARTESIAN_POINT('',(-0.0581550824670058,0.0105270883031362,0.0630368617972322));
#5875=CARTESIAN_POINT('',(-0.0543886438831001,0.0097997654120832,0.0660840726677758));
#5876=CARTESIAN_POINT('',(-0.0515794122381801,0.00875211685066688,0.068288280409388));
#5877=CARTESIAN_POINT('',(-0.0497423001381753,0.00788477624306527,0.0697150592363226));
#5878=CARTESIAN_POINT('',(-0.0497423001381753,0.00788477624306526,0.0697150592363226));
#5879=CARTESIAN_POINT('',(-0.0497423001381753,0.00788477624306529,0.0697150592363227));
#5880=CARTESIAN_POINT('',(-0.0465801210819317,0.00788477624306529,0.0706182981902878));
#5881=CARTESIAN_POINT('',(-0.0433341210572671,0.00788477624306528,0.0710780890467584));
#5882=CARTESIAN_POINT('',(-0.0400008406018174,0.00788477624306527,0.0710761288618698));
#5883=CARTESIAN_POINT('',(-0.0400008406024351,0.00788477669844962,0.0710761284064858));
#5884=CARTESIAN_POINT('',(-0.0400008406024351,0.00788477669844962,0.0710761284064858));
#5885=CARTESIAN_POINT('',(-0.0400005535353601,0.00788477680872936,0.071076128127392));
#5886=CARTESIAN_POINT('',(-0.0400002664682841,0.00788477691576817,0.0710761278480466));
#5887=CARTESIAN_POINT('',(-0.0399999794012075,0.00788477701985775,0.0710761275681578));
#5888=CARTESIAN_POINT('',(-0.0399999794012075,0.00788477615465923,0.0710761284333563));
#5889=CARTESIAN_POINT('',(-0.0399999794012075,0.0109601551083915,0.0680007494796241));
#5890=CARTESIAN_POINT('',(-0.0399999794012075,0.014035532995586,0.0649253715924295));
#5891=CARTESIAN_POINT('',(-0.0399999794012075,0.0140355334203329,0.0649253711676827));
#5892=CARTESIAN_POINT('',(-0.0408488741912957,0.0140355338564855,0.0649259999416245));
#5893=CARTESIAN_POINT('',(-0.0425687385923188,0.0140355332179419,0.0648518530158659));
#5894=CARTESIAN_POINT('',(-0.0450886882529407,0.0140355334744725,0.0645201558220474));
#5895=CARTESIAN_POINT('',(-0.0475821285239851,0.0140355334061656,0.0639703167922311));
#5896=CARTESIAN_POINT('',(-0.0508629888738047,0.0140355334284283,0.0629350722897465));
#5897=CARTESIAN_POINT('',(-0.054688652871031,0.014035533418311,0.0611528139003936));
#5898=CARTESIAN_POINT('',(-0.0589258493575267,0.0140355334183014,0.0581878412927097));
#5899=CARTESIAN_POINT('',(-0.0625136485958063,0.0140355334304806,0.0546016652806062));
#5900=CARTESIAN_POINT('',(-0.0654817309215845,0.0140355333817736,0.0503684717255296));
#5901=CARTESIAN_POINT('',(-0.0672683261644681,0.0140355335339807,0.0465324538811425));
#5902=CARTESIAN_POINT('',(-0.0682981562927077,0.0140355332234786,0.0432830527527384));
#5903=CARTESIAN_POINT('',(-0.0686732670094886,0.0140355338556446,0.0415896447975595));
#5904=CARTESIAN_POINT('',(-0.0688204477366126,0.0140355334203329,0.0407536061659409));
#5905=CARTESIAN_POINT('',(0.,-2.42861286636753E-17,0.0725));
#5906=CARTESIAN_POINT('',(-0.0399999794009474,-0.00434924214175846,0.0725405943712323));
#5907=CARTESIAN_POINT('',(-0.0399994839922977,-0.004349242386382,0.072540593868462));
#5908=CARTESIAN_POINT('',(-0.0399989885836427,-0.0043492426194493,0.0725405933656916));
#5909=CARTESIAN_POINT('',(-0.0399984931749821,-0.00434924284096041,0.0725405928629213));
#5910=CARTESIAN_POINT('',(-0.0399984931751243,-0.00434924315907349,0.0725405928629214));
#5911=CARTESIAN_POINT('',(0.,-0.00434924315907349,0.0725));
#5912=CARTESIAN_POINT('',(-4.7154564534162E-22,0.00434924315907345,0.0725));
#5913=CARTESIAN_POINT('',(-0.0399984931749821,0.00434924284096039,0.0725405928629213));
#5914=CARTESIAN_POINT('',(-0.0399984931749821,0.00434924284096039,0.0725405928629213));
#5915=CARTESIAN_POINT('',(-0.0399989885836427,0.00434924261944927,0.0725405933656916));
#5916=CARTESIAN_POINT('',(-0.0399994839922977,0.00434924238638193,0.072540593868462));
#5917=CARTESIAN_POINT('',(-0.0399999794009474,0.00434924214175839,0.0725405943712323));
#5918=CARTESIAN_POINT('',(0.,-0.0109601551083915,0.0679601551083915));
#5919=CARTESIAN_POINT('',(-3.12107418356796E-6,-0.0140355329955858,0.06488478038865));
#5920=CARTESIAN_POINT('',(-0.00199856477187163,-0.0140355329955858,0.0648868054842488));
#5921=CARTESIAN_POINT('',(-0.00199856477187162,-0.0109611692399173,0.0679611692399173));
#5922=CARTESIAN_POINT('',(-0.00199856477187162,-0.00788477615465926,0.0710375623251753));
#5923=CARTESIAN_POINT('',(3.12107526595337E-6,-0.00788477615465926,0.0710355308946699));
#5924=CARTESIAN_POINT('',(-0.00691504252294414,-0.00788477615458305,0.0710425518607858));
#5925=CARTESIAN_POINT('',(-0.58402874553845,-565.630696648481,-565.551183630966));
#5926=CARTESIAN_POINT('',(-0.00765497676739213,-0.0044203091866985,0.0745077697581897));
#5927=CARTESIAN_POINT('',(-0.0199979599820422,-0.0044203091868428,0.0745202961556767));
#5928=CARTESIAN_POINT('',(3.12107526595337E-6,-0.00788477615465926,0.0710355308946699));
#5929=CARTESIAN_POINT('',(0.,-0.0155,0.057));
#5930=CARTESIAN_POINT('',(-4.41386489838125E-6,-0.0155,0.052650763895231));
#5931=CARTESIAN_POINT('',(-0.002,-0.0155,0.0526527891353838));
#5932=CARTESIAN_POINT('',(-0.002,-0.0155,0.057));
#5933=CARTESIAN_POINT('',(-0.002,-0.0155,0.06135127030383));
#5934=CARTESIAN_POINT('',(4.41386489838127E-6,-0.0155,0.061349236104769));
#5935=CARTESIAN_POINT('',(-0.0400025999773464,-0.0155,0.061389837614973));
#5936=CARTESIAN_POINT('',(-0.040002599977212,-0.0155,0.0613898377473498));
#5937=CARTESIAN_POINT('',(-0.0415122234117694,-0.0155,0.0613909566967354));
#5938=CARTESIAN_POINT('',(-0.0444832695138872,-0.0155,0.0611331935671429));
#5939=CARTESIAN_POINT('',(-0.0488712293670865,-0.0155,0.0599576615163028));
#5940=CARTESIAN_POINT('',(-0.0529177821944459,-0.0155,0.0580721664502015));
#5941=CARTESIAN_POINT('',(-0.0566394850307704,-0.0155,0.0554672734099212));
#5942=CARTESIAN_POINT('',(-0.0597950780065741,-0.0155,0.0523137484348607));
#5943=CARTESIAN_POINT('',(-0.0624037663323422,-0.0155,0.0485912507736554));
#5944=CARTESIAN_POINT('',(-0.0642886566032449,-0.0155,0.044548939639016));
#5945=CARTESIAN_POINT('',(-0.0650768897371595,-0.0155,0.0416264257126371));
#5946=CARTESIAN_POINT('',(-0.0653386259264929,-0.0155,0.0401396670383967));
#5947=CARTESIAN_POINT('',(-0.0653386259264929,-0.0155,0.0401396670383967));
#5948=CARTESIAN_POINT('',(-0.0604851386632965,-0.0155,0.0676651618782319));
#5949=CARTESIAN_POINT('',(-0.0719366335671668,-0.0155,0.00272050702246704));
#5950=CARTESIAN_POINT('',(-0.0633707726047413,-0.0155,0.00121907644651164));
#5951=CARTESIAN_POINT('',(-0.063368773364471,-0.0155,0.00121872601816779));
#5952=CARTESIAN_POINT('',(-0.0519188113805822,-0.0155,0.0661546872527103));
#5953=CARTESIAN_POINT('',(-0.0470937507556773,-0.0155,0.0653038988809856));
#5954=CARTESIAN_POINT('',(-0.05674650628269,-0.0155000000000005,0.0105604019514818));
#5955=CARTESIAN_POINT('',(-0.0567465062826894,-0.0155,0.0105604019514834));
#5956=CARTESIAN_POINT('',(-0.058298976711797,-0.0155,0.0111245844964439));
#5957=CARTESIAN_POINT('',(-0.0598676924375921,-0.0155,0.0116437422527407));
#5958=CARTESIAN_POINT('',(-0.0614424664752391,-0.0155,0.0121433552580734));
#5959=CARTESIAN_POINT('',(-0.0614424664752391,-0.0155,0.0121433552580734));
#5960=CARTESIAN_POINT('',(-0.0519188113805822,-0.0155,0.0661546872527103));
#5961=CARTESIAN_POINT('',(-0.0567695203438992,-0.0155,0.0386449532882905));
#5962=CARTESIAN_POINT('',(-0.0567695203438992,-0.0155,0.0386449532882905));
#5963=CARTESIAN_POINT('',(-0.0565953861659288,-0.0155,0.0396290987273449));
#5964=CARTESIAN_POINT('',(-0.0560825854790984,-0.0155,0.0415342331915833));
#5965=CARTESIAN_POINT('',(-0.0548210609325463,-0.0155,0.0442413347700106));
#5966=CARTESIAN_POINT('',(-0.0530988406470423,-0.0155,0.0466924357306056));
#5967=CARTESIAN_POINT('',(-0.0509990374884155,-0.0155,0.0487875924535266));
#5968=CARTESIAN_POINT('',(-0.0485442014951033,-0.0155,0.0505020759957118));
#5969=CARTESIAN_POINT('',(-0.045850372546249,-0.0155,0.0517537584074548));
#5970=CARTESIAN_POINT('',(-0.0429580556733949,-0.0155,0.0525234483437861));
#5971=CARTESIAN_POINT('',(-0.0409937433783698,-0.0155,0.0526929553336738));
#5972=CARTESIAN_POINT('',(-0.0399942913513672,-0.0155,0.0526913473907796));
#5973=CARTESIAN_POINT('',(-0.0399942913507343,-0.0155,0.0526913480144357));
#5974=CARTESIAN_POINT('',(-4.41386489838126E-6,-0.0155,0.052650763895231));
#5975=CARTESIAN_POINT('',(-0.0132447147421407,-0.0155,0.0526642009443767));
#5976=CARTESIAN_POINT('',(-0.0132447147421407,-0.0155,0.0526642009443767));
#5977=CARTESIAN_POINT('',(-0.0131426621069211,-0.0155,0.0519737408307154));
#5978=CARTESIAN_POINT('',(-0.0130406094717014,-0.0155,0.0512832807170541));
#5979=CARTESIAN_POINT('',(-0.0129385568364818,-0.0155,0.0505928206033928));
#5980=CARTESIAN_POINT('',(-0.0129385568296321,-0.0155,0.0505928206044579));
#5981=CARTESIAN_POINT('',(-0.01293855683683,-0.0155,0.0505928206056324));
#5982=CARTESIAN_POINT('',(-0.0127841448727432,-0.0155,0.0495997578003059));
#5983=CARTESIAN_POINT('',(-0.0126297544016603,-0.0155,0.0486849601636667));
#5984=CARTESIAN_POINT('',(-0.0124753854235813,-0.0155,0.0478484276957147));
#5985=CARTESIAN_POINT('',(-0.0124767986198047,-0.0154997192466661,0.0478480202275571));
#5986=CARTESIAN_POINT('',(-0.0200118823016614,-0.0155,0.0478400324188909));
#5987=CARTESIAN_POINT('',(0.,-0.0109601551083915,0.0460398448916085));
#5988=CARTESIAN_POINT('',(-3.12107526595336E-6,-0.00788477615465926,0.0429644691053301));
#5989=CARTESIAN_POINT('',(-0.00200143522812838,-0.00788477615465926,0.0429664971140385));
#5990=CARTESIAN_POINT('',(-0.00200143522812838,-0.0109591395203104,0.0460408604796896));
#5991=CARTESIAN_POINT('',(-0.00200143522812838,-0.0140355329955858,0.049117253954965));
#5992=CARTESIAN_POINT('',(3.12107418356798E-6,-0.0140355329955858,0.0491152196113501));
#5993=CARTESIAN_POINT('',(0.,-1.12757025938492E-17,0.0415));
#5994=CARTESIAN_POINT('',(0.,-0.0025,0.0415));
#5995=CARTESIAN_POINT('',(-0.0302410424714828,-0.0025,0.0415306904184183));
#5996=CARTESIAN_POINT('',(-0.0302410424714828,-0.001,0.0415306904184183));
#5997=CARTESIAN_POINT('',(-0.0279088673707938,-0.001,0.041528323587654));
#5998=CARTESIAN_POINT('',(-0.0279088673707938,-1.12757025938492E-17,0.041528323587654));
#5999=CARTESIAN_POINT('',(-0.0279088673707938,0.001,0.041528323587654));
#6000=CARTESIAN_POINT('',(-0.0302410424714828,0.001,0.0415306904184183));
#6001=CARTESIAN_POINT('',(-0.0302410424714828,0.0025,0.0415306904184183));
#6002=CARTESIAN_POINT('',(0.,0.0025,0.0415));
#6003=CARTESIAN_POINT('',(0.,0.00434924315907345,0.0415));
#6004=CARTESIAN_POINT('',(-0.0129347784833049,0.00434924315907345,0.0415131269867491));
#6005=CARTESIAN_POINT('',(-0.0129347784833049,0.00434924315907345,0.0415131269867491));
#6006=CARTESIAN_POINT('',(-0.0128430224145653,0.00503959884687463,0.0415130338672032));
#6007=CARTESIAN_POINT('',(-0.0127512663458258,0.0057299545346758,0.0415129407476573));
#6008=CARTESIAN_POINT('',(-0.0126595102770862,0.00642031022247698,0.0415128476281114));
#6009=CARTESIAN_POINT('',(-0.0126595102363554,0.00642031021678297,0.0415128476280701));
#6010=CARTESIAN_POINT('',(-0.01265951027873,0.00642031021071877,0.0415128476281131));
#6011=CARTESIAN_POINT('',(-0.0125208186534694,0.00741241204758761,0.0415127068755575));
#6012=CARTESIAN_POINT('',(-0.0123822039130759,0.00832711342443372,0.0415125662010293));
#6013=CARTESIAN_POINT('',(-0.0122436660575493,0.00916441434125711,0.0415124256045285));
#6014=CARTESIAN_POINT('',(-0.0122446329887684,0.00916468703652536,0.0415127845208464));
#6015=CARTESIAN_POINT('',(1.85508481733774E-5,0.00913962067314984,0.0414999811734899));
#6016=CARTESIAN_POINT('',(0.,0.00434924315907345,0.0415));
#6017=CARTESIAN_POINT('',(-0.00200202971856162,0.00434924315907345,0.0415020317794867));
#6018=CARTESIAN_POINT('',(-0.00200202971856162,-1.12757025938492E-17,0.0415020317794867));
#6019=CARTESIAN_POINT('',(-0.00200202971856162,0.001,0.0415020317794867));
#6020=CARTESIAN_POINT('',(-0.00904366512025621,0.001,0.0415091780522063));
#6021=CARTESIAN_POINT('',(-0.0181294468789774,0.001,0.041518398846896));
#6022=CARTESIAN_POINT('',(-0.020957872547169,-8.67361737988404E-19,0.0415212693024136));
#6023=CARTESIAN_POINT('',(-0.0181294468789774,-0.001,0.041518398846896));
#6024=CARTESIAN_POINT('',(-0.00904366512025622,-0.001,0.0415091780522063));
#6025=CARTESIAN_POINT('',(-0.00200202971856162,-0.001,0.0415020317794867));
#6026=CARTESIAN_POINT('',(-0.00200202971856162,-1.12757025938492E-17,0.0415020317794867));
#6027=CARTESIAN_POINT('',(-0.00200202971856162,-0.00434924315907349,0.0415020317794867));
#6028=CARTESIAN_POINT('',(-1.95320773286577E-22,-0.00434924315907349,0.0415));
#6029=CARTESIAN_POINT('',(-0.0200184348616118,-0.00918029013590756,0.0415203159048688));
#6030=CARTESIAN_POINT('',(-0.0122446977812147,-0.00916486213674099,0.0415127589745275));
#6031=CARTESIAN_POINT('',(-0.012243787707604,-0.00916470782180333,0.0415124257279862));
#6032=CARTESIAN_POINT('',(-0.0123822367533863,-0.00832732529109667,0.0415125662343576));
#6033=CARTESIAN_POINT('',(-0.0125207539697891,-0.00741252609173848,0.0415127068099126));
#6034=CARTESIAN_POINT('',(-0.0126593393568123,-0.00642031022372875,0.0415128474546513));
#6035=CARTESIAN_POINT('',(-0.0126593394053816,-0.00642031021678299,0.0415128474547005));
#6036=CARTESIAN_POINT('',(-0.0126593393586933,-0.00642031021026192,0.0415128474546532));
#6037=CARTESIAN_POINT('',(-0.0127510263863864,-0.00572995452653245,0.0415129405041321));
#6038=CARTESIAN_POINT('',(-0.0128427134140794,-0.00503959884280297,0.041513033553611));
#6039=CARTESIAN_POINT('',(-0.0129344004417724,-0.0043492431590735,0.0415131266030899));
#6040=CARTESIAN_POINT('',(-0.0129344004417724,-0.0043492431590735,0.0415131266030899));
#6041=CARTESIAN_POINT('',(-1.95320773286577E-22,-0.00434924315907349,0.0415));
#6042=CARTESIAN_POINT('',(0.,0.0109601551083915,0.0460398448916085));
#6043=CARTESIAN_POINT('',(3.12107418356796E-6,0.0140355329955857,0.0491152196113501));
#6044=CARTESIAN_POINT('',(-0.00200143522812838,0.0140355329955857,0.049117253954965));
#6045=CARTESIAN_POINT('',(-0.00200143522812838,0.0109591395203104,0.0460408604796896));
#6046=CARTESIAN_POINT('',(-0.00200143522812838,0.00788477615465922,0.0429664971140385));
#6047=CARTESIAN_POINT('',(-3.12107526595339E-6,0.00788477615465922,0.0429644691053301));
#6048=CARTESIAN_POINT('',(0.,0.0155,0.057));
#6049=CARTESIAN_POINT('',(-0.0519188113805822,0.0155,0.0661546872527104));
#6050=CARTESIAN_POINT('',(-0.062514378811857,0.0155,0.006064238311188));
#6051=CARTESIAN_POINT('',(-0.063368773364471,0.0155,0.0012187260181678));
#6052=CARTESIAN_POINT('',(-0.0719386328074371,0.0155,0.0027208574508109));
#6053=CARTESIAN_POINT('',(-0.0719366335671668,0.0155,0.00272050702246706));
#6054=CARTESIAN_POINT('',(-0.0604851386632965,0.0155,0.0676651618782319));
#6055=CARTESIAN_POINT('',(-0.0653386259264929,0.0155,0.0401396670383967));
#6056=CARTESIAN_POINT('',(-0.0653386259264929,0.0155,0.0401396670383967));
#6057=CARTESIAN_POINT('',(-0.0650769047312585,0.0155,0.0416263405405908));
#6058=CARTESIAN_POINT('',(-0.0643036706905896,0.0155,0.0445055387114832));
#6059=CARTESIAN_POINT('',(-0.0624066618556797,0.0155,0.0485909572077981));
#6060=CARTESIAN_POINT('',(-0.0597939568475524,0.0155,0.0523141880791709));
#6061=CARTESIAN_POINT('',(-0.0566402593859287,0.0155,0.0554667782177942));
#6062=CARTESIAN_POINT('',(-0.0529175140587232,0.0155,0.0580722742794753));
#6063=CARTESIAN_POINT('',(-0.04887254947974,0.0155,0.0599571360548701));
#6064=CARTESIAN_POINT('',(-0.0444836923905958,0.0155,0.0611332090508923));
#6065=CARTESIAN_POINT('',(-0.0415121442929817,0.0155,0.0613909566380917));
#6066=CARTESIAN_POINT('',(-0.040002599977212,0.0155,0.0613898377473498));
#6067=CARTESIAN_POINT('',(-0.0400025999773464,0.0155,0.061389837614973));
#6068=CARTESIAN_POINT('',(4.41386489838125E-6,0.0155,0.061349236104769));
#6069=CARTESIAN_POINT('',(-0.002,0.0155,0.06135127030383));
#6070=CARTESIAN_POINT('',(-0.002,0.0155,0.057));
#6071=CARTESIAN_POINT('',(-0.002,0.0155,0.0526527891353838));
#6072=CARTESIAN_POINT('',(-4.41386489838127E-6,0.0155,0.052650763895231));
#6073=CARTESIAN_POINT('',(-0.0200118823016614,0.0155,0.0478400324188909));
#6074=CARTESIAN_POINT('',(-0.0124769020543017,0.0154997092710851,0.0478480758421208));
#6075=CARTESIAN_POINT('',(-0.0124756349700718,0.0155,0.0478485213513529));
#6076=CARTESIAN_POINT('',(-0.0126300089746951,0.0155,0.0486850286456313));
#6077=CARTESIAN_POINT('',(-0.0127844016323232,0.0155,0.0495997951502981));
#6078=CARTESIAN_POINT('',(-0.0129388129429559,0.0155,0.0505928208653534));
#6079=CARTESIAN_POINT('',(-0.0129388129369281,0.0155,0.0505928208643709));
#6080=CARTESIAN_POINT('',(-0.0129388129426634,0.0155,0.0505928208634791));
#6081=CARTESIAN_POINT('',(-0.0130408388290934,0.0155,0.051283280949936));
#6082=CARTESIAN_POINT('',(-0.0131428647155235,0.0155,0.0519737410363929));
#6083=CARTESIAN_POINT('',(-0.0132448906019535,0.0155,0.0526642011228497));
#6084=CARTESIAN_POINT('',(-0.0132448906019535,0.0155,0.0526642011228497));
#6085=CARTESIAN_POINT('',(-4.41386489838127E-6,0.0155,0.052650763895231));
#6086=CARTESIAN_POINT('',(-0.0399942913507343,0.0155,0.0526913480144357));
#6087=CARTESIAN_POINT('',(-0.0399942913513673,0.0155,0.0526913473907796));
#6088=CARTESIAN_POINT('',(-0.0409937426179573,0.0155,0.0526929553324504));
#6089=CARTESIAN_POINT('',(-0.0429580539610171,0.0155,0.0525234513141524));
#6090=CARTESIAN_POINT('',(-0.0458503663881624,0.0155,0.0517537503355091));
#6091=CARTESIAN_POINT('',(-0.0485442021539105,0.0155,0.0505021146232602));
#6092=CARTESIAN_POINT('',(-0.0509990059205193,0.0155,0.0487874662079666));
#6093=CARTESIAN_POINT('',(-0.0530989244394203,0.0155,0.0466929370997941));
#6094=CARTESIAN_POINT('',(-0.0553946436908309,0.0155,0.0434216972150542));
#6095=CARTESIAN_POINT('',(-0.0564212459594516,0.0155,0.0406132782374103));
#6096=CARTESIAN_POINT('',(-0.0567695203438993,0.0155,0.0386449532882905));
#6097=CARTESIAN_POINT('',(-0.0567695203438993,0.0155,0.0386449532882905));
#6098=CARTESIAN_POINT('',(-0.0519188113805822,0.0155,0.0661546872527104));
#6099=CARTESIAN_POINT('',(-0.0470937507556772,0.0155,0.0653038988809856));
#6100=CARTESIAN_POINT('',(-0.0575602177546151,0.0155000000000005,0.00594561487433338));
#6101=CARTESIAN_POINT('',(-0.0575602177546151,0.0155,0.00594561487433204));
#6102=CARTESIAN_POINT('',(-0.0592120245557253,0.0155,0.00594643285872867));
#6103=CARTESIAN_POINT('',(-0.0608636975575833,0.0155,0.00599511652348629));
#6104=CARTESIAN_POINT('',(-0.062514378811857,0.0155,0.00606423831118801));
#6105=CARTESIAN_POINT('',(0.,0.0109601551083915,0.0679601551083915));
#6106=CARTESIAN_POINT('',(3.12107526595336E-6,0.00788477615465922,0.0710355308946699));
#6107=CARTESIAN_POINT('',(-0.00691504252262074,0.00788477615465922,0.071042551860819));
#6108=CARTESIAN_POINT('',(-0.00199856477187162,0.00788477615465922,0.0710375623251753));
#6109=CARTESIAN_POINT('',(-0.00199856477187162,0.0109611692399172,0.0679611692399173));
#6110=CARTESIAN_POINT('',(-0.00199856477187162,0.0140355329955858,0.0648868054842487));
#6111=CARTESIAN_POINT('',(-3.12107418356799E-6,0.0140355329955858,0.0648847803886499));
#6112=CARTESIAN_POINT('',(3.12107526595336E-6,0.00788477615465923,0.0710355308946699));
#6113=CARTESIAN_POINT('',(-0.0199979599820422,0.00442030918684277,0.0745202961556767));
#6114=CARTESIAN_POINT('',(-0.0076549767670985,0.00442030918677202,0.0745077697581325));
#6115=CARTESIAN_POINT('',(-0.584028746528528,565.630697624063,-565.551184606547));
#6116=CARTESIAN_POINT('',(-0.068,-1.7347234759768E-17,-5.20417042793042E-18));
#6117=CARTESIAN_POINT('',(-0.055566209719257,0.00647056295642491,-0.00217940414681198));
#6118=CARTESIAN_POINT('',(-0.0550164887643914,0.00591696578313718,-0.00227575965077114));
#6119=CARTESIAN_POINT('',(-0.0546975842976971,0.0051361392724426,-0.00233165746643777));
#6120=CARTESIAN_POINT('',(-0.05470072487074,0.00434924315907345,-0.00233110698442395));
#6121=CARTESIAN_POINT('',(-0.055566209719257,0.00647056295642491,-0.00217940414681198));
#6122=CARTESIAN_POINT('',(-0.05470072487074,0.00434924315907345,-0.00233110698442395));
#6123=CARTESIAN_POINT('',(-0.05470072487074,0.001,-0.00233110698442395));
#6124=CARTESIAN_POINT('',(-0.05470072487074,0.001,-0.00233110698442395));
#6125=CARTESIAN_POINT('',(-0.068,0.001,-5.20413723921392E-18));
#6126=CARTESIAN_POINT('',(-0.068,-0.001,-5.20417042793042E-18));
#6127=CARTESIAN_POINT('',(-0.05470072487074,-0.001,-0.00233110698442395));
#6128=CARTESIAN_POINT('',(-0.05470072487074,-0.0043492431590735,-0.00233110698442395));
#6129=CARTESIAN_POINT('',(-0.05470072487074,-0.0043492431590735,-0.00233110698442395));
#6130=CARTESIAN_POINT('',(-0.05470072487074,-0.00434924315907349,-0.00233110698442395));
#6131=CARTESIAN_POINT('',(-0.054697587516523,-0.00513533276940853,-0.00233165690223952));
#6132=CARTESIAN_POINT('',(-0.0550159247681088,-0.00591639780997732,-0.00227585850846532));
#6133=CARTESIAN_POINT('',(-0.055566209719257,-0.00647056295642496,-0.00217940414681198));
#6134=CARTESIAN_POINT('',(-0.055566209719257,-0.00647056295642495,-0.00217940414681198));
#6135=CARTESIAN_POINT('',(-0.0616256024649895,-0.0126223339288772,-0.00111730921203859));
#6136=CARTESIAN_POINT('',(-0.0616246035621958,-0.0126213197973515,-0.00111748430047435));
#6137=CARTESIAN_POINT('',(-0.0616246035621958,-0.0126213197973515,-0.00111748430047435));
#6138=CARTESIAN_POINT('',(-0.0621698879823646,-0.0131794218706245,-0.00102190643566603));
#6139=CARTESIAN_POINT('',(-0.0629389900805555,-0.0135031884589674,-0.00088709763929161));
#6140=CARTESIAN_POINT('',(-0.0637140706583818,-0.0135,-0.000751240930493456));
#6141=CARTESIAN_POINT('',(-0.0637140706583818,-0.0135,-0.000751240930493455));
#6142=CARTESIAN_POINT('',(-0.0722839301013479,-0.0135,0.000750890502149622));
#6143=CARTESIAN_POINT('',(-0.0722819308610776,-0.0135,0.0007505400738058));
#6144=CARTESIAN_POINT('',(-0.0722819308610776,-0.0135,0.0007505400738058));
#6145=CARTESIAN_POINT('',(-0.0730562170457887,-0.0135031851910622,0.000886257540779013));
#6146=CARTESIAN_POINT('',(-0.0738255540925409,-0.0131799944656847,0.00102110751911463));
#6147=CARTESIAN_POINT('',(-0.0743713979572637,-0.0126213197973515,0.00111678344378669));
#6148=CARTESIAN_POINT('',(-0.0743713979572637,-0.0126213197973515,0.00111678344378669));
#6149=CARTESIAN_POINT('',(-0.0818732668852073,-0.00500508143046758,0.002431716692719));
#6150=CARTESIAN_POINT('',(-0.0812952766487194,-0.00559188339369919,0.00233040612773629));
#6151=CARTESIAN_POINT('',(-0.0812952766487194,0.00642031021678294,0.00233040612773629));
#6152=CARTESIAN_POINT('',(-0.0812952766487194,0.00559188339369916,0.00233040612773629));
#6153=CARTESIAN_POINT('',(-0.0743723982947403,0.0126203042092703,0.00111695878369476));
#6154=CARTESIAN_POINT('',(-0.0743713979572637,0.0126213197973515,0.00111678344378669));
#6155=CARTESIAN_POINT('',(-0.0743713979572636,0.0126213197973514,0.00111678344378669));
#6156=CARTESIAN_POINT('',(-0.0738261135371112,0.0131794218706077,0.00102120557898124));
#6157=CARTESIAN_POINT('',(-0.0730570114389272,0.0135031884589675,0.000886396782608017));
#6158=CARTESIAN_POINT('',(-0.0722819308610776,0.0135,0.000750540073805797));
#6159=CARTESIAN_POINT('',(-0.0722819308610776,0.0135,0.000750540073805797));
#6160=CARTESIAN_POINT('',(-0.0637160698986521,0.0135,-0.000750890502149632));
#6161=CARTESIAN_POINT('',(-0.0637140706583818,0.0135,-0.000751240930493458));
#6162=CARTESIAN_POINT('',(-0.0637140706583818,0.0135,-0.000751240930493458));
#6163=CARTESIAN_POINT('',(-0.0629397844736835,0.0135031851910621,-0.000886958397464419));
#6164=CARTESIAN_POINT('',(-0.0621704474269276,0.013179994465694,-0.0010218083758007));
#6165=CARTESIAN_POINT('',(-0.0616246035621958,0.0126213197973514,-0.00111748430047435));
#6166=CARTESIAN_POINT('',(-0.0616246035621958,0.0126213197973514,-0.00111748430047435));
#6167=CARTESIAN_POINT('',(-0.0555672086220507,0.00647157708795068,-0.00217922905837622));
#6168=CARTESIAN_POINT('',(-0.04,-2.08166817117217E-17,0.057));
#6169=CARTESIAN_POINT('',(-0.061094054121784,-2.08166817117217E-17,0.0393993389732258));
#6170=CARTESIAN_POINT('',(-0.0817728475223059,-0.001,0.0111627336364767));
#6171=CARTESIAN_POINT('',(-0.05470072487074,-0.001,-0.00233110698442395));
#6172=CARTESIAN_POINT('',(-0.0802819413535745,-0.001,0.0196180826859588));
#6173=CARTESIAN_POINT('',(-0.0817728475223059,0.001,0.0111627336364767));
#6174=CARTESIAN_POINT('',(-0.0665111108685334,0.001,-0.0106097626880002));
#6175=CARTESIAN_POINT('',(-0.0802819413535745,0.001,0.0196180826859588));
#6176=CARTESIAN_POINT('',(-0.0797907901376986,1.95156391047391E-18,0.0224035396472388));
#6177=CARTESIAN_POINT('',(-0.0523387359495487,-0.012374368306626,0.0175583234391892));
#6178=CARTESIAN_POINT('',(-0.0540752172790999,-0.0123743683066258,0.00771024844479866));
#6179=CARTESIAN_POINT('',(-0.0540752172790999,-0.0123743683066258,0.00771024844479866));
#6180=CARTESIAN_POINT('',(-0.0512231781649556,-0.00956565662872073,0.00771024844479866));
#6181=CARTESIAN_POINT('',(-0.0742424634519359,0.00810397959998637,0.0112662780716592));
#6182=CARTESIAN_POINT('',(-0.0554699464379244,-0.0109581239317059,0.00795617682628023));
#6183=CARTESIAN_POINT('',(-0.0540449502128057,-0.00955477587851402,0.00795617682628023));
#6184=CARTESIAN_POINT('',(-0.0523387359495487,0.012374368306626,0.0175583234391892));
#6185=CARTESIAN_POINT('',(-0.0540752172790999,0.0123743683066258,0.00771024844479866));
#6186=CARTESIAN_POINT('',(-0.0540752172790999,0.0123743683066258,0.00771024844479866));
#6187=CARTESIAN_POINT('',(-0.0569272563932442,0.0151830799845309,0.00771024844479866));
#6188=CARTESIAN_POINT('',(-0.0742424634519359,-0.00810397959998637,0.0112662780716592));
#6189=CARTESIAN_POINT('',(-0.0554699464379244,0.0109581239317059,0.00795617682628023));
#6190=CARTESIAN_POINT('',(-0.0568949426630431,0.0123614719848978,0.00795617682628023));
#6191=CARTESIAN_POINT('',(-0.0200087102269625,-0.012374368306626,0.044714403944728));
#6192=CARTESIAN_POINT('',(-0.0124775461868771,-0.0154999101927674,0.0478475889065267));
#6193=CARTESIAN_POINT('',(-0.013271482028378,-0.0151845909887009,0.0475314639688882));
#6194=CARTESIAN_POINT('',(-0.0146255435861454,-0.0142353614275207,0.0465808602250616));
#6195=CARTESIAN_POINT('',(-0.0153172695021084,-0.0122795166241112,0.044624313416825));
#6196=CARTESIAN_POINT('',(-0.0144852017113187,-0.0103536323343694,0.0426992735592379));
#6197=CARTESIAN_POINT('',(-0.013066331072029,-0.0094536478556331,0.0418007290352796));
#6198=CARTESIAN_POINT('',(-0.0122447381234508,-0.00916479562172017,0.041512710603025));
#6199=CARTESIAN_POINT('',(-0.0100087179515087,-0.0123743683066258,0.0447245525349228));
#6200=CARTESIAN_POINT('',(-0.0100087179515087,-0.00954391000467108,0.0418940942329681));
#6201=CARTESIAN_POINT('',(-0.0200087102269625,0.012374368306626,0.044714403944728));
#6202=CARTESIAN_POINT('',(-0.012244604356005,0.00916481887130469,0.0415127339883647));
#6203=CARTESIAN_POINT('',(-0.0130663722858715,0.00945370792313169,0.0418007890609519));
#6204=CARTESIAN_POINT('',(-0.0144843204565293,0.0103531418448939,0.0426987839641124));
#6205=CARTESIAN_POINT('',(-0.0153172586289616,0.0122783507321476,0.0446231475358961));
#6206=CARTESIAN_POINT('',(-0.0146257605758106,0.0142352667402871,0.0465807653176139));
#6207=CARTESIAN_POINT('',(-0.0132714442572003,0.0151845629256071,0.0475314359441268));
#6208=CARTESIAN_POINT('',(-0.0124775268065501,0.0154998584660383,0.047847537199466));
#6209=CARTESIAN_POINT('',(-0.0100087179515087,0.0123743683066258,0.0447245525349228));
#6210=CARTESIAN_POINT('',(-0.0100087179515087,0.0152048266085806,0.0475550108368776));
#6211=CARTESIAN_POINT('',(-0.0100294451541606,0.00804934202430703,0.0651482628658557));
#6212=CARTESIAN_POINT('',(-0.0100101552409967,-0.010958123931706,0.0461407969098427));
#6213=CARTESIAN_POINT('',(-0.0100101552409967,-0.00954391036933287,0.0447265833474696));
#6214=CARTESIAN_POINT('',(-0.0100294451541606,-0.00804934202430703,0.0651482628658557));
#6215=CARTESIAN_POINT('',(-0.0100101552409967,0.010958123931706,0.0461407969098427));
#6216=CARTESIAN_POINT('',(-0.0100101552409967,0.0123723374940791,0.0475550104722158));
#6217=CARTESIAN_POINT('',(-0.0199979599820422,-2.77555756156289E-17,0.0745202961556767));
#6218=CARTESIAN_POINT('',(-0.00999796513174025,3.06161699786838E-19,0.0745101475628685));
#6219=CARTESIAN_POINT('',(-0.00999796513174025,4.28626379701574E-19,0.0745101475628685));
#6220=CARTESIAN_POINT('',(-0.0059950946747428,4.28626379701574E-19,0.0745060852105433));
#6221=CARTESIAN_POINT('',(-0.0100273597110017,4.28626379701574E-19,0.0455459702824683));
#6222=CARTESIAN_POINT('',(-0.00999999776550379,4.28626379701574E-19,0.0725072760759315));
#6223=CARTESIAN_POINT('',(-0.00799999879544341,4.28626379701574E-19,0.0725052463573699));
#6224=CARTESIAN_POINT('',(-0.0817638958048109,-2.77555756156289E-17,0.0227195054433867));
#6225=CARTESIAN_POINT('',(-0.0835003775814802,-3.3344960370964E-18,0.0128714279132646));
#6226=CARTESIAN_POINT('',(-0.0835003775814802,0.,0.0128714279132646));
#6227=CARTESIAN_POINT('',(-0.0828052860632346,0.,0.0168134878036611));
#6228=CARTESIAN_POINT('',(-0.054996205383093,0.,0.00784537329192886));
#6229=CARTESIAN_POINT('',(-0.0815279331971081,0.,0.0125236327503529));
#6230=CARTESIAN_POINT('',(-0.0811806368417742,0.,0.0144932482563774));
#6231=CARTESIAN_POINT('',(-0.0815279331971081,0.,0.0125236327503529));
#6232=CARTESIAN_POINT('',(-0.0835032064598278,0.,0.0128719267208425));
#6233=CARTESIAN_POINT('',(-0.0795525907021386,-0.00788477615465925,0.0153093800299112));
#6234=CARTESIAN_POINT('',(-0.0798374769765623,-0.0076048124450145,0.0153059555983086));
#6235=CARTESIAN_POINT('',(-0.0802543098302611,-0.00699237373052242,0.015655792744645));
#6236=CARTESIAN_POINT('',(-0.0805359720384462,-0.00614133062807097,0.0164183580995878));
#6237=CARTESIAN_POINT('',(-0.0806504887640911,-0.00526505322694917,0.0171914792701297));
#6238=CARTESIAN_POINT('',(-0.0806200632672693,-0.00465723166149587,0.017688961151946));
#6239=CARTESIAN_POINT('',(-0.0805776833711911,-0.00434924315907348,0.0179293094860914));
#6240=CARTESIAN_POINT('',(-0.0805776833711911,0.00434924315907345,0.0179293094860914));
#6241=CARTESIAN_POINT('',(-0.0806202002244776,0.00465822697411792,0.0176881844290204));
#6242=CARTESIAN_POINT('',(-0.0806500216520256,0.00526206297978962,0.0171938475558299));
#6243=CARTESIAN_POINT('',(-0.0805380627794474,0.00613273150892511,0.0164261805562734));
#6244=CARTESIAN_POINT('',(-0.0802550959667791,0.00699238272388871,0.0156551494163196));
#6245=CARTESIAN_POINT('',(-0.079836804278403,0.00760547351976007,0.0153059636833479));
#6246=CARTESIAN_POINT('',(-0.0795525907023588,0.00788477615462609,0.0153093800288534));
#6247=CARTESIAN_POINT('',(-0.00999796221653834,3.06161699786838E-19,0.0745130200797452));
#6248=CARTESIAN_POINT('',(-0.00691504252292376,-0.00788477615465926,0.0710425518608193));
#6249=CARTESIAN_POINT('',(-0.00696760076128523,-0.00760481244492864,0.0713225689097934));
#6250=CARTESIAN_POINT('',(-0.006694982580878,-0.0069923737304849,0.0717935412921396));
#6251=CARTESIAN_POINT('',(-0.00599249690761034,-0.00614133062803474,0.0722026297892957));
#6252=CARTESIAN_POINT('',(-0.00525075648864244,-0.00526505322693484,0.0724489051956016));
#6253=CARTESIAN_POINT('',(-0.00475549213544118,-0.00465723166149015,0.0725048261578139));
#6254=CARTESIAN_POINT('',(-0.00451143616651361,-0.00434924315907348,0.0725045784752212));
#6255=CARTESIAN_POINT('',(-0.00451143616651357,0.00434924315907345,0.0725045784752212));
#6256=CARTESIAN_POINT('',(-0.00475628084016688,0.00465822697411614,0.0725048269582386));
#6257=CARTESIAN_POINT('',(-0.0052483431201259,0.00526206297978727,0.0724488539792558));
#6258=CARTESIAN_POINT('',(-0.00598515288060648,0.00613273150890512,0.07220603967119));
#6259=CARTESIAN_POINT('',(-0.00669575197431926,0.00699238272391086,0.0717942045538181));
#6260=CARTESIAN_POINT('',(-0.00696747665672206,0.00760547351965725,0.0713219077090959));
#6261=CARTESIAN_POINT('',(-0.00691504252354491,0.00788477615453214,0.071042551860947));
#6262=CARTESIAN_POINT('',(-0.00999999776550379,4.28626379701574E-19,0.0725072760759315));
#6263=CARTESIAN_POINT('',(-0.0554699464379244,-0.0109581239317059,0.00795617682628023));
#6264=CARTESIAN_POINT('',(-0.0540732169595221,-0.0123763994833114,0.00770989573448705));
#6265=CARTESIAN_POINT('',(-0.0504611185345185,-0.0043492431590735,0.0102070430695799));
#6266=CARTESIAN_POINT('',(-0.0504702945292839,-0.00474517138989517,0.0101550034172898));
#6267=CARTESIAN_POINT('',(-0.0505213574067103,-0.0055114541695228,0.0104403445565436));
#6268=CARTESIAN_POINT('',(-0.0507067092497779,-0.0064030060301045,0.0111859270035628));
#6269=CARTESIAN_POINT('',(-0.0510161375287043,-0.00719730303694164,0.0119934156560239));
#6270=CARTESIAN_POINT('',(-0.051314119468398,-0.00766699535726544,0.0125488042727755));
#6271=CARTESIAN_POINT('',(-0.0514862117091882,-0.00788477615465926,0.0128269696582626));
#6272=CARTESIAN_POINT('',(-0.0575435214061453,-0.0140355329955858,0.013895038001996));
#6273=CARTESIAN_POINT('',(-0.0578012035345996,-0.0142540176885826,0.0136918525847645));
#6274=CARTESIAN_POINT('',(-0.0583464545065174,-0.0146410625427675,0.0132884002664956));
#6275=CARTESIAN_POINT('',(-0.0592502678608819,-0.015084494255974,0.012699842187493));
#6276=CARTESIAN_POINT('',(-0.0602595098990254,-0.0154006386218269,0.0121566634653119));
#6277=CARTESIAN_POINT('',(-0.0610626284520857,-0.0155,0.0120228478000187));
#6278=CARTESIAN_POINT('',(-0.0614424664752391,-0.0155,0.0121433552580734));
#6279=CARTESIAN_POINT('',(-0.0540752172791,0.0123743683066258,0.00771024844479866));
#6280=CARTESIAN_POINT('',(-0.0540732169595222,0.0123763994833114,0.00770989573448706));
#6281=CARTESIAN_POINT('',(-0.051533029413527,0.00434924315907345,0.00412793438920871));
#6282=CARTESIAN_POINT('',(-0.0515238534187631,0.00474517138977589,0.00417997404149034));
#6283=CARTESIAN_POINT('',(-0.0516694292450871,0.00551145416952377,0.00392930561188009));
#6284=CARTESIAN_POINT('',(-0.052098607219709,0.00640300603007617,0.00329208135187857));
#6285=CARTESIAN_POINT('',(-0.0526655520747192,0.00719730303693762,0.00263912092816585));
#6286=CARTESIAN_POINT('',(-0.0531355175988863,0.00766699535726298,0.00221914216903794));
#6287=CARTESIAN_POINT('',(-0.0533923695726667,0.00788477615465922,0.00201661122179578));
#6288=CARTESIAN_POINT('',(-0.0594496796847175,0.0140355329955857,0.0030846772114156));
#6289=CARTESIAN_POINT('',(-0.0596223281738112,0.0142540176885825,0.00336374152714578));
#6290=CARTESIAN_POINT('',(-0.0599967076688793,0.0146410625427674,0.00392934950902587));
#6291=CARTESIAN_POINT('',(-0.0606447156900074,0.015084494255974,0.0047915355657679));
#6292=CARTESIAN_POINT('',(-0.0614073149214258,0.0154006386218268,0.00564713770930566));
#6293=CARTESIAN_POINT('',(-0.0621162318463302,0.0155,0.00604756602515217));
#6294=CARTESIAN_POINT('',(-0.062514378811857,0.0155,0.006064238311188));
#6295=CARTESIAN_POINT('',(-0.0100087179515087,0.0123743683066258,0.0447245525349228));
#6296=CARTESIAN_POINT('',(-0.00988782536919881,0.0156291400934524,0.0411608611000703));
#6297=CARTESIAN_POINT('',(-0.00994824282909096,0.0156100367455548,0.0411451427281358));
#6298=CARTESIAN_POINT('',(-0.0099808791502221,0.0156046687862958,0.0411416032661811));
#6299=CARTESIAN_POINT('',(-0.0100461205646254,0.0156031040045029,0.0411436937294108));
#6300=CARTESIAN_POINT('',(-0.0100786829936936,0.0156069082052481,0.04114932228755));
#6301=CARTESIAN_POINT('',(-0.0101388159486807,0.015623120213403,0.0411689033318674));
#6302=CARTESIAN_POINT('',(-0.010166347151039,0.0156355174190737,0.0411828430131466));
#6303=CARTESIAN_POINT('',(-0.01021221694932,0.0156670380858976,0.0412169336020573));
#6304=CARTESIAN_POINT('',(-0.0102305255489804,0.0156861409343111,0.041237062216365));
#6305=CARTESIAN_POINT('',(-0.0102551489295773,0.0157281715240158,0.0412804723667397));
#6306=CARTESIAN_POINT('',(-0.01026144760821,0.0157510717796689,0.0413037255150137));
#6307=CARTESIAN_POINT('',(-0.0102610758846377,0.01579721351598,0.0413498464249715));
#6308=CARTESIAN_POINT('',(-0.0102544057255189,0.015820424822541,0.0413726840261778));
#6309=CARTESIAN_POINT('',(-0.0102290954893217,0.0158636530443806,0.0414144942052645));
#6310=CARTESIAN_POINT('',(-0.0102104719637117,0.015883641690837,0.041433439441643));
#6311=CARTESIAN_POINT('',(-0.0101640764689133,0.0159173752932945,0.0414645736691026));
#6312=CARTESIAN_POINT('',(-0.0101363348397629,0.0159310981894209,0.0414767423001537));
#6313=CARTESIAN_POINT('',(-0.0100759173798708,0.0159502015373185,0.0414924606720883));
#6314=CARTESIAN_POINT('',(-0.0100432810587396,0.0159555694965774,0.0414960001340429));
#6315=CARTESIAN_POINT('',(-0.00997803964433634,0.0159571342783704,0.0414939096708132));
#6316=CARTESIAN_POINT('',(-0.00994547721526812,0.0159533300776253,0.041488281112674));
#6317=CARTESIAN_POINT('',(-0.00988534426028103,0.0159371180694704,0.0414687000683566));
#6318=CARTESIAN_POINT('',(-0.00985781305792269,0.0159247208637996,0.0414547603870773));
#6319=CARTESIAN_POINT('',(-0.00981194325964175,0.0158932001969758,0.0414206697981668));
#6320=CARTESIAN_POINT('',(-0.00979363465998124,0.0158740973485622,0.041400541183859));
#6321=CARTESIAN_POINT('',(-0.00976901127938444,0.0158320667588575,0.0413571310334844));
#6322=CARTESIAN_POINT('',(-0.00976271260075166,0.0158091665032044,0.0413338778852104));
#6323=CARTESIAN_POINT('',(-0.00976308432432398,0.0157630247668934,0.0412877569752525));
#6324=CARTESIAN_POINT('',(-0.00976975448344279,0.0157398134603323,0.0412649193740462));
#6325=CARTESIAN_POINT('',(-0.00979506471964004,0.0156965852384928,0.0412231091949595));
#6326=CARTESIAN_POINT('',(-0.00981368824525007,0.0156765965920363,0.041204163958581));
#6327=CARTESIAN_POINT('',(-0.00986008374004844,0.0156428629895788,0.0411730297311215));
#6328=CARTESIAN_POINT('',(-0.00988782536919881,0.0156291400934524,0.0411608611000703));
#6329=CARTESIAN_POINT('',(-0.00994824282909096,0.0156100367455548,0.0411451427281358));
#6330=CARTESIAN_POINT('',(-0.00985147487303015,0.0155325251935556,0.0411672293814686));
#6331=CARTESIAN_POINT('',(-0.00992954195045117,0.0155083444587853,0.041146415710774));
#6332=CARTESIAN_POINT('',(-0.00997171224713366,0.0155016802471655,0.04114157032081));
#6333=CARTESIAN_POINT('',(-0.010056012490116,0.0155002019216862,0.0411437278983144));
#6334=CARTESIAN_POINT('',(-0.0100980873088124,0.0155053887745682,0.0411507294548486));
#6335=CARTESIAN_POINT('',(-0.0101757867695463,0.0155268379200332,0.0411755298089354));
#6336=CARTESIAN_POINT('',(-0.0102113606005187,0.0155430861860845,0.0411933123884546));
#6337=CARTESIAN_POINT('',(-0.010270630240455,0.015584197364534,0.0412369798900304));
#6338=CARTESIAN_POINT('',(-0.0102942872904157,0.0156090333925388,0.0412628362560021));
#6339=CARTESIAN_POINT('',(-0.0103261038441543,0.0156635477997281,0.0413187229237991));
#6340=CARTESIAN_POINT('',(-0.0103342425416988,0.0156931905295617,0.0413487166788924));
#6341=CARTESIAN_POINT('',(-0.0103337622273502,0.0157528088411703,0.0414083142743521));
#6342=CARTESIAN_POINT('',(-0.0103251435295553,0.0157827454359279,0.0414378791412485));
#6343=CARTESIAN_POINT('',(-0.0102924394706249,0.0158383913044543,0.0414921144707156));
#6344=CARTESIAN_POINT('',(-0.0102683754961009,0.0158640641889603,0.0415167494664364));
#6345=CARTESIAN_POINT('',(-0.0102084265890984,0.0159072660353521,0.0415573656926437));
#6346=CARTESIAN_POINT('',(-0.0101725808598255,0.0159247667456656,0.0415733203624074));
#6347=CARTESIAN_POINT('',(-0.0100945137824045,0.0159489474804359,0.041594134033102));
#6348=CARTESIAN_POINT('',(-0.010052343485722,0.0159556116920557,0.0415989794230662));
#6349=CARTESIAN_POINT('',(-0.00996804324273963,0.015957090017535,0.0415968218455618));
#6350=CARTESIAN_POINT('',(-0.00992596842404326,0.015951903164653,0.0415898202890275));
#6351=CARTESIAN_POINT('',(-0.00984826896330936,0.0159304540191881,0.0415650199349408));
#6352=CARTESIAN_POINT('',(-0.00981269513233692,0.0159142057531367,0.0415472373554213));
#6353=CARTESIAN_POINT('',(-0.00975342549240062,0.0158730945746872,0.0415035698538457));
#6354=CARTESIAN_POINT('',(-0.00972976844243995,0.0158482585466824,0.041477713487874));
#6355=CARTESIAN_POINT('',(-0.00969795188870139,0.0157937441394931,0.041421826820077));
#6356=CARTESIAN_POINT('',(-0.00968981319115677,0.0157641014096596,0.0413918330649838));
#6357=CARTESIAN_POINT('',(-0.00969029350550549,0.015704483098051,0.0413322354695239));
#6358=CARTESIAN_POINT('',(-0.0096989122033003,0.0156745465032934,0.0413026706026276));
#6359=CARTESIAN_POINT('',(-0.00973161626223077,0.015618900634767,0.0412484352731605));
#6360=CARTESIAN_POINT('',(-0.00975568023675476,0.015593227750261,0.0412238002774395));
#6361=CARTESIAN_POINT('',(-0.00981562914375722,0.0155500259038691,0.0411831840512324));
#6362=CARTESIAN_POINT('',(-0.00985147487303015,0.0155325251935556,0.0411672293814686));
#6363=CARTESIAN_POINT('',(-0.00992954195045117,0.0155083444587853,0.041146415710774));
#6364=CARTESIAN_POINT('',(-0.00751545215153303,0.00932368005573773,0.0415764796424401));
#6365=CARTESIAN_POINT('',(-0.0087277515481465,0.00897320690818839,0.0412282224721779));
#6366=CARTESIAN_POINT('',(-0.00938261179026513,0.00888324053327508,0.0411394531245227));
#6367=CARTESIAN_POINT('',(-0.010691705675657,0.00888731822310204,0.0411459237234981));
#6368=CARTESIAN_POINT('',(-0.0113450832453256,0.00898135962126305,0.0412411594387216));
#6369=CARTESIAN_POINT('',(-0.0125516739424111,0.00933936735715452,0.0416013727168967));
#6370=CARTESIAN_POINT('',(-0.0131040980275296,0.00960309957800709,0.04186611472067));
#6371=CARTESIAN_POINT('',(-0.0140244930404495,0.010260533927522,0.0425252314717844));
#6372=CARTESIAN_POINT('',(-0.0143918620817956,0.0106538061311797,0.0429191751939249));
#6373=CARTESIAN_POINT('',(-0.014885939613234,0.0115105786742619,0.0437768508675299));
#6374=CARTESIAN_POINT('',(-0.0150123250044717,0.0119735187327391,0.0442400219474504));
#6375=CARTESIAN_POINT('',(-0.0150048662290909,0.0128991936163666,0.0451656831970888));
#6376=CARTESIAN_POINT('',(-0.0148710269400909,0.0133613231023225,0.045627568036528));
#6377=CARTESIAN_POINT('',(-0.0143631673888285,0.0142149747167265,0.0464802913280822));
#6378=CARTESIAN_POINT('',(-0.0139894792380847,0.0146059386051387,0.0468705721472321));
#6379=CARTESIAN_POINT('',(-0.0130585359238625,0.0152576062303972,0.0475205380895188));
#6380=CARTESIAN_POINT('',(-0.0125018895448338,0.0155178838133514,0.0477797981715682));
#6381=CARTESIAN_POINT('',(-0.0112895901482203,0.0158683569609007,0.0481280553418304));
#6382=CARTESIAN_POINT('',(-0.0106347299061017,0.015958323335814,0.0482168246894856));
#6383=CARTESIAN_POINT('',(-0.00932563602070976,0.0159542456459871,0.0482103540905102));
#6384=CARTESIAN_POINT('',(-0.00867225845104123,0.015860204247826,0.0481151183752866));
#6385=CARTESIAN_POINT('',(-0.00746566775395574,0.0155021965119345,0.0477549050971115));
#6386=CARTESIAN_POINT('',(-0.00691324366883721,0.015238464291082,0.0474901630933383));
#6387=CARTESIAN_POINT('',(-0.00599284865591736,0.014581029941567,0.0468310463422239));
#6388=CARTESIAN_POINT('',(-0.00562547961457123,0.0141877577379094,0.0464371026200834));
#6389=CARTESIAN_POINT('',(-0.00513140208313279,0.0133309851948271,0.0455794269464784));
#6390=CARTESIAN_POINT('',(-0.00500501669189505,0.01286804513635,0.0451162558665579));
#6391=CARTESIAN_POINT('',(-0.00501247546727592,0.0119423702527224,0.0441905946169195));
#6392=CARTESIAN_POINT('',(-0.00514631475627589,0.0114802407667666,0.0437287097774803));
#6393=CARTESIAN_POINT('',(-0.00565417430753831,0.0106265891523626,0.0428759864859261));
#6394=CARTESIAN_POINT('',(-0.0060278624582821,0.0102356252639504,0.0424857056667762));
#6395=CARTESIAN_POINT('',(-0.00695880577250427,0.00958395763869189,0.0418357397244895));
#6396=CARTESIAN_POINT('',(-0.00751545215153303,0.00932368005573773,0.0415764796424401));
#6397=CARTESIAN_POINT('',(-0.0087277515481465,0.00897320690818839,0.0412282224721779));
#6398=CARTESIAN_POINT('',(-0.00651529646075077,0.00666539606704666,0.0417516979627492));
#6399=CARTESIAN_POINT('',(-0.00821321138595912,0.00617522256020848,0.0412632476015182));
#6400=CARTESIAN_POINT('',(-0.0091303915661391,0.00604959080759752,0.0411385466582047));
#6401=CARTESIAN_POINT('',(-0.0109638743284957,0.00605604727579658,0.0411468638543596));
#6402=CARTESIAN_POINT('',(-0.0118789779163015,0.00618813127444037,0.0412798765548506));
#6403=CARTESIAN_POINT('',(-0.0135688973858005,0.00669023477892137,0.0417836950906722));
#6404=CARTESIAN_POINT('',(-0.0143426081554232,0.00705992593737072,0.0421541714570812));
#6405=CARTESIAN_POINT('',(-0.0156316894119916,0.00798123577115624,0.0430767895276173));
#6406=CARTESIAN_POINT('',(-0.0161462169124618,0.00853225196179576,0.0436283278915348));
#6407=CARTESIAN_POINT('',(-0.0168382090203376,0.00973250705438653,0.0448292852591002));
#6408=CARTESIAN_POINT('',(-0.0170152211039123,0.0103809610571655,0.0454779189043275));
#6409=CARTESIAN_POINT('',(-0.0170047745375951,0.011677433451054,0.0467743806964158));
#6410=CARTESIAN_POINT('',(-0.0168173227191688,0.0123246040222998,0.0474213610303459));
#6411=CARTESIAN_POINT('',(-0.0161060278736821,0.0135199175480678,0.0486159526915669));
#6412=CARTESIAN_POINT('',(-0.015582649993355,0.014067278834924,0.0491627828232503));
#6413=CARTESIAN_POINT('',(-0.0142787950610207,0.0149794578438174,0.0500736386021834));
#6414=CARTESIAN_POINT('',(-0.0134991706566401,0.0153436790522026,0.0504370686010989));
#6415=CARTESIAN_POINT('',(-0.0118012557314318,0.0158338525590408,0.0509255189623298));
#6416=CARTESIAN_POINT('',(-0.0108840755512518,0.0159594843116518,0.0510502199056434));
#6417=CARTESIAN_POINT('',(-0.00905059278889521,0.0159530278434527,0.0510419027094885));
#6418=CARTESIAN_POINT('',(-0.00813548920108939,0.0158209438448089,0.0509088900089975));
#6419=CARTESIAN_POINT('',(-0.00644556973159039,0.0153188403403279,0.0504050714731758));
#6420=CARTESIAN_POINT('',(-0.0056718589619677,0.0149491491818786,0.0500345951067669));
#6421=CARTESIAN_POINT('',(-0.00438277770539927,0.014027839348093,0.0491119770362307));
#6422=CARTESIAN_POINT('',(-0.0038682502049291,0.0134768231574535,0.0485604386723132));
#6423=CARTESIAN_POINT('',(-0.00317625809705332,0.0122765680648627,0.0473594813047478));
#6424=CARTESIAN_POINT('',(-0.00299924601347863,0.0116281140620838,0.0467108476595205));
#6425=CARTESIAN_POINT('',(-0.00300969257979577,0.0103316416681952,0.0454143858674322));
#6426=CARTESIAN_POINT('',(-0.00319714439822213,0.00968447109694954,0.0447674055335022));
#6427=CARTESIAN_POINT('',(-0.00390843924370876,0.0084891575711815,0.0435728138722812));
#6428=CARTESIAN_POINT('',(-0.00443181712403584,0.0079417962843253,0.0430259837405977));
#6429=CARTESIAN_POINT('',(-0.0057356720563702,0.00702961727543192,0.0421151279616647));
#6430=CARTESIAN_POINT('',(-0.00651529646075077,0.00666539606704666,0.0417516979627492));
#6431=CARTESIAN_POINT('',(-0.00821321138595912,0.00617522256020848,0.0412632476015182));
#6432=CARTESIAN_POINT('',(-0.00578359764918222,0.00472063561298608,0.0418798850419378));
#6433=CARTESIAN_POINT('',(-0.00783678156743524,0.00412825943129496,0.0412888714576334));
#6434=CARTESIAN_POINT('',(-0.00894587105603509,0.00397653542653164,0.0411378835011245));
#6435=CARTESIAN_POINT('',(-0.0111629888080349,0.00398473217309325,0.0411475516399117));
#6436=CARTESIAN_POINT('',(-0.0122695672014061,0.004144647564208,0.0413082014127902));
#6437=CARTESIAN_POINT('',(-0.0143130827076334,0.00475216935866199,0.0419170793881804));
#6438=CARTESIAN_POINT('',(-0.0152486834765431,0.00519937847699416,0.0423649094188194));
#6439=CARTESIAN_POINT('',(-0.016807490025689,0.00631373563333385,0.0434803010785523));
#6440=CARTESIAN_POINT('',(-0.0174296764343129,0.006980154944578,0.0441471333043761));
#6441=CARTESIAN_POINT('',(-0.0182664598598864,0.00843169668742355,0.045599230379308));
#6442=CARTESIAN_POINT('',(-0.0184805096676455,0.00921586989254883,0.0463835456387841));
#6443=CARTESIAN_POINT('',(-0.0184678772785635,0.0107836121498106,0.0479512795125494));
#6444=CARTESIAN_POINT('',(-0.0182412033425929,0.0115661559868846,0.0487336729172583));
#6445=CARTESIAN_POINT('',(-0.0173810783055802,0.0130114242115133,0.0501783703191188));
#6446=CARTESIAN_POINT('',(-0.016748189677827,0.0136732034751192,0.0508397295656075));
#6447=CARTESIAN_POINT('',(-0.0151715182327161,0.0147759686813041,0.0519414484123446));
#6448=CARTESIAN_POINT('',(-0.0142287664696058,0.0152162334776018,0.0523810875505717));
#6449=CARTESIAN_POINT('',(-0.0121755825513528,0.0158086096592929,0.052972101134876));
#6450=CARTESIAN_POINT('',(-0.0110664930627529,0.0159603336640562,0.053123089091385));
#6451=CARTESIAN_POINT('',(-0.0088493753107531,0.0159521369174946,0.0531134209525978));
#6452=CARTESIAN_POINT('',(-0.00774279691738192,0.0157922215263799,0.0529527711797193));
#6453=CARTESIAN_POINT('',(-0.00569928141115463,0.0151846997319259,0.052343893204329));
#6454=CARTESIAN_POINT('',(-0.00476368064224494,0.0147374906135937,0.0518960631736901));
#6455=CARTESIAN_POINT('',(-0.00320487409309897,0.013623133457254,0.0507806715139572));
#6456=CARTESIAN_POINT('',(-0.00258268768447511,0.0129567141460098,0.0501138392881334));
#6457=CARTESIAN_POINT('',(-0.00174590425890154,0.0115051724031643,0.0486617422132015));
#6458=CARTESIAN_POINT('',(-0.0015318544511425,0.010720999198039,0.0478774269537254));
#6459=CARTESIAN_POINT('',(-0.00154448684022448,0.00915325694077721,0.0463096930799602));
#6460=CARTESIAN_POINT('',(-0.00177116077619514,0.00837071310370324,0.0455272996752513));
#6461=CARTESIAN_POINT('',(-0.0026312858132078,0.0069254448790745,0.0440826022733907));
#6462=CARTESIAN_POINT('',(-0.00326417444096105,0.00626366561546868,0.043421243026902));
#6463=CARTESIAN_POINT('',(-0.00484084588607191,0.00516090040928372,0.0423195241801648));
#6464=CARTESIAN_POINT('',(-0.00578359764918222,0.00472063561298608,0.0418798850419378));
#6465=CARTESIAN_POINT('',(-0.00783678156743524,0.00412825943129496,0.0412888714576334));
#6466=CARTESIAN_POINT('',(-0.0129347784833048,0.00434924315907345,0.0415131269867491));
#6467=CARTESIAN_POINT('',(-0.0128839746331999,0.00475029189804244,0.0415130754279637));
#6468=CARTESIAN_POINT('',(-0.0131939155321018,0.00552277535473998,0.0416163426309817));
#6469=CARTESIAN_POINT('',(-0.0139213274068487,0.00640105828105875,0.0419255160864234));
#6470=CARTESIAN_POINT('',(-0.0146927742719066,0.00719908137568423,0.0423727653932344));
#6471=CARTESIAN_POINT('',(-0.0151981118278757,0.00766630746582825,0.0427614105283407));
#6472=CARTESIAN_POINT('',(-0.0154484311242892,0.00788486250031854,0.0429802302774185));
#6473=CARTESIAN_POINT('',(-0.0155416164716696,0.0140353905336038,0.0491308528843986));
#6474=CARTESIAN_POINT('',(-0.0153030620413145,0.0142532683340334,0.0493484710281101));
#6475=CARTESIAN_POINT('',(-0.0148245430921135,0.0146400308162795,0.0498142686818216));
#6476=CARTESIAN_POINT('',(-0.0141101719604419,0.0150844070598507,0.0506018395333862));
#6477=CARTESIAN_POINT('',(-0.0134297780790949,0.0154026599984307,0.0515084475492871));
#6478=CARTESIAN_POINT('',(-0.0131900276016612,0.0155,0.0522743960052322));
#6479=CARTESIAN_POINT('',(-0.0132448906019535,0.0155,0.0526642011228497));
#6480=CARTESIAN_POINT('',(-0.0100101552409967,-0.010958123931706,0.0461407969098427));
#6481=CARTESIAN_POINT('',(-0.00987274859284937,-0.0159331149736709,0.041477599023649));
#6482=CARTESIAN_POINT('',(-0.00993419686623722,-0.015951562824911,0.0414993619631986));
#6483=CARTESIAN_POINT('',(-0.00996772700968475,-0.0159563860109583,0.0415059940753625));
#6484=CARTESIAN_POINT('',(-0.0100353790740363,-0.0159565087616801,0.0415097666042681));
#6485=CARTESIAN_POINT('',(-0.0100694567543072,-0.0159518082460826,0.0415069045539885));
#6486=CARTESIAN_POINT('',(-0.0101330131960931,-0.0159335872086015,0.0414921123389225));
#6487=CARTESIAN_POINT('',(-0.0101624503952804,-0.0159200786022488,0.0414801918474103));
#6488=CARTESIAN_POINT('',(-0.0102122353223797,-0.0158862877643469,0.0414490868690241));
#6489=CARTESIAN_POINT('',(-0.0102325504937562,-0.0158660276301008,0.0414299227230528));
#6490=CARTESIAN_POINT('',(-0.010260984602319,-0.0158218113405335,0.0413872404323383));
#6491=CARTESIAN_POINT('',(-0.0102690849452006,-0.0157978841001745,0.0413637501994086));
#6492=CARTESIAN_POINT('',(-0.0102718393999535,-0.0157499738882068,0.0413159885882112));
#6493=CARTESIAN_POINT('',(-0.0102664917105666,-0.0157260222471784,0.041291748443347));
#6494=CARTESIAN_POINT('',(-0.0102431471707426,-0.0156817120082758,0.0412461787840117));
#6495=CARTESIAN_POINT('',(-0.0102251655863192,-0.0156613823868019,0.0412248790695307));
#6496=CARTESIAN_POINT('',(-0.0101792760464882,-0.0156274179531643,0.0411884389296018));
#6497=CARTESIAN_POINT('',(-0.0101513981002527,-0.0156138053518258,0.0411733223339515));
#6498=CARTESIAN_POINT('',(-0.0100899498268649,-0.0155953575005858,0.041151559394402));
#6499=CARTESIAN_POINT('',(-0.0100564196834173,-0.0155905343145385,0.0411449272822381));
#6500=CARTESIAN_POINT('',(-0.00998876761906578,-0.0155904115638168,0.0411411547533325));
#6501=CARTESIAN_POINT('',(-0.00995468993879495,-0.0155951120794143,0.0411440168036121));
#6502=CARTESIAN_POINT('',(-0.00989113349700902,-0.0156133331168953,0.041158809018678));
#6503=CARTESIAN_POINT('',(-0.0098616962978217,-0.015626841723248,0.0411707295101903));
#6504=CARTESIAN_POINT('',(-0.00981191137072239,-0.0156606325611499,0.0412018344885763));
#6505=CARTESIAN_POINT('',(-0.00979159619934593,-0.015680892695396,0.0412209986345477));
#6506=CARTESIAN_POINT('',(-0.00976316209078306,-0.0157251089849633,0.0412636809252623));
#6507=CARTESIAN_POINT('',(-0.0097550617479015,-0.0157490362253223,0.0412871711581919));
#6508=CARTESIAN_POINT('',(-0.00975230729314859,-0.0157969464372899,0.0413349327693895));
#6509=CARTESIAN_POINT('',(-0.00975765498253548,-0.0158208980783184,0.0413591729142535));
#6510=CARTESIAN_POINT('',(-0.00978099952235954,-0.0158652083172209,0.0414047425735889));
#6511=CARTESIAN_POINT('',(-0.00979898110678292,-0.0158855379386949,0.0414260422880697));
#6512=CARTESIAN_POINT('',(-0.00984487064661393,-0.0159195023723326,0.0414624824279988));
#6513=CARTESIAN_POINT('',(-0.00987274859284937,-0.0159331149736709,0.041477599023649));
#6514=CARTESIAN_POINT('',(-0.00993419686623722,-0.015951562824911,0.0414993619631986));
#6515=CARTESIAN_POINT('',(-0.00731487050081113,-0.01543753503443,0.0476899679754147));
#6516=CARTESIAN_POINT('',(-0.00850295356430991,-0.0158251909642243,0.0480797956171568));
#6517=CARTESIAN_POINT('',(-0.00915124835517672,-0.0159353436763685,0.0481911333554884));
#6518=CARTESIAN_POINT('',(-0.0104592797681997,-0.0159718061928193,0.0482299868389811));
#6519=CARTESIAN_POINT('',(-0.0111181610115481,-0.0158980921526958,0.0481574771761542));
#6520=CARTESIAN_POINT('',(-0.0123470048487973,-0.0155778101682072,0.0478394414107435));
#6521=CARTESIAN_POINT('',(-0.0129161638481005,-0.0153314516702053,0.0475941232856221));
#6522=CARTESIAN_POINT('',(-0.013878739774852,-0.0147031852135519,0.0469676163335901));
#6523=CARTESIAN_POINT('',(-0.0142715272319053,-0.0143216881057474,0.0465868372069097));
#6524=CARTESIAN_POINT('',(-0.0148212917890835,-0.0134810850497049,0.0457472390724034));
#6525=CARTESIAN_POINT('',(-0.014977909374178,-0.0130225288084812,0.0452889691144298));
#6526=CARTESIAN_POINT('',(-0.0150311658915802,-0.0120975633482464,0.0443641010024518));
#6527=CARTESIAN_POINT('',(-0.0149277699971275,-0.011631759004507,0.0438981076600588));
#6528=CARTESIAN_POINT('',(-0.0144764106527507,-0.0107632487465682,0.0430287723567077));
#6529=CARTESIAN_POINT('',(-0.0141287423663948,-0.0103611107891203,0.0426259988920343));
#6530=CARTESIAN_POINT('',(-0.0132414825288381,-0.00968127854718376,0.0419445448167014));
#6531=CARTESIAN_POINT('',(-0.0127024711955556,-0.00940402883465909,0.0416663098385935));
#6532=CARTESIAN_POINT('',(-0.0115143881320569,-0.0090163729048648,0.0412764821968514));
#6533=CARTESIAN_POINT('',(-0.0108660933411901,-0.00890622019272065,0.0411651444585198));
#6534=CARTESIAN_POINT('',(-0.00955806192816709,-0.00886975767626976,0.0411262909750272));
#6535=CARTESIAN_POINT('',(-0.00889918068481871,-0.00894347171639336,0.041198800637854));
#6536=CARTESIAN_POINT('',(-0.00767033684756951,-0.00926375370088196,0.0415168364032647));
#6537=CARTESIAN_POINT('',(-0.0071011778482663,-0.00951011219888387,0.0417621545283861));
#6538=CARTESIAN_POINT('',(-0.00613860192151479,-0.0101383786555372,0.0423886614804181));
#6539=CARTESIAN_POINT('',(-0.00574581446446149,-0.0105198757633417,0.0427694406070986));
#6540=CARTESIAN_POINT('',(-0.00519604990728333,-0.0113604788193842,0.0436090387416048));
#6541=CARTESIAN_POINT('',(-0.00503943232218879,-0.0118190350606079,0.0440673086995784));
#6542=CARTESIAN_POINT('',(-0.00498617580478662,-0.0127440005208427,0.0449921768115564));
#6543=CARTESIAN_POINT('',(-0.00508957169923934,-0.0132098048645821,0.0454581701539494));
#6544=CARTESIAN_POINT('',(-0.00554093104361615,-0.0140783151225208,0.0463275054573004));
#6545=CARTESIAN_POINT('',(-0.00588859932997196,-0.0144804530799688,0.0467302789219739));
#6546=CARTESIAN_POINT('',(-0.00677585916752869,-0.0151602853219053,0.0474117329973068));
#6547=CARTESIAN_POINT('',(-0.00731487050081113,-0.01543753503443,0.0476899679754147));
#6548=CARTESIAN_POINT('',(-0.00850295356430991,-0.0158251909642243,0.0480797956171568));
#6549=CARTESIAN_POINT('',(-0.00623436703074782,-0.0152281912640172,0.0503142080557336));
#6550=CARTESIAN_POINT('',(-0.00789836519121625,-0.0157718087352528,0.0508595142518153));
#6551=CARTESIAN_POINT('',(-0.00880634997156158,-0.0159264549354964,0.0510150819293145));
#6552=CARTESIAN_POINT('',(-0.0106383446628213,-0.01597826816123,0.0510687543728204));
#6553=CARTESIAN_POINT('',(-0.0115611565524795,-0.0158754013037912,0.0509668240400746));
#6554=CARTESIAN_POINT('',(-0.0132822431898598,-0.0154275221900929,0.0505206915880229));
#6555=CARTESIAN_POINT('',(-0.0140793924439407,-0.0150828028215265,0.0501767812141917));
#6556=CARTESIAN_POINT('',(-0.0154275511885899,-0.0142034169034226,0.0492987634882063));
#6557=CARTESIAN_POINT('',(-0.0159776790593357,-0.013669325422704,0.0487652303101506));
#6558=CARTESIAN_POINT('',(-0.0167476649634701,-0.0124923112345723,0.0475889975497621));
#6559=CARTESIAN_POINT('',(-0.0169670194694816,-0.0118501582280898,0.0469470671573506));
#6560=CARTESIAN_POINT('',(-0.0170416091591361,-0.0105547055104132,0.0456516901377517));
#6561=CARTESIAN_POINT('',(-0.0168967955653266,-0.00990225295227217,0.0449990906141153));
#6562=CARTESIAN_POINT('',(-0.0162646334364085,-0.00868558263800905,0.0437817787439183));
#6563=CARTESIAN_POINT('',(-0.0157776982996971,-0.00812216051568899,0.0432178624507011));
#6564=CARTESIAN_POINT('',(-0.0145350253057704,-0.00716949963104216,0.0422639404271839));
#6565=CARTESIAN_POINT('',(-0.0137801000866431,-0.00678088385523211,0.0418745585081144));
#6566=CARTESIAN_POINT('',(-0.0121161019261747,-0.0062372663839965,0.0413292523120328));
#6567=CARTESIAN_POINT('',(-0.0112081171458293,-0.00608262018375295,0.0411736846345335));
#6568=CARTESIAN_POINT('',(-0.00937612245456958,-0.00603080695801933,0.0411200121910276));
#6569=CARTESIAN_POINT('',(-0.00845331056491144,-0.00613367381545813,0.0412219425237734));
#6570=CARTESIAN_POINT('',(-0.00673222392753107,-0.00658155292915636,0.0416680749758251));
#6571=CARTESIAN_POINT('',(-0.00593507467345017,-0.0069262722977228,0.0420119853496563));
#6572=CARTESIAN_POINT('',(-0.00458691592880102,-0.00780565821582677,0.0428900030756417));
#6573=CARTESIAN_POINT('',(-0.00403678805805523,-0.00833974969654526,0.0434235362536974));
#6574=CARTESIAN_POINT('',(-0.00326680215392084,-0.00951676388467702,0.0445997690140858));
#6575=CARTESIAN_POINT('',(-0.00304744764790937,-0.0101589168911595,0.0452416994064974));
#6576=CARTESIAN_POINT('',(-0.00297285795825488,-0.0114543696088361,0.0465370764260963));
#6577=CARTESIAN_POINT('',(-0.00311767155206429,-0.0121068221669772,0.0471896759497327));
#6578=CARTESIAN_POINT('',(-0.00374983368098241,-0.0133234924812403,0.0484069878199297));
#6579=CARTESIAN_POINT('',(-0.00423676881769381,-0.0138869146035603,0.0489709041131469));
#6580=CARTESIAN_POINT('',(-0.00547944181162049,-0.0148395754882072,0.0499248261366641));
#6581=CARTESIAN_POINT('',(-0.00623436703074782,-0.0152281912640172,0.0503142080557336));
#6582=CARTESIAN_POINT('',(-0.00789836519121625,-0.0157718087352528,0.0508595142518153));
#6583=CARTESIAN_POINT('',(-0.00544475532989105,-0.0150752067570728,0.0522319535611281));
#6584=CARTESIAN_POINT('',(-0.00745654333055277,-0.0157327980020331,0.0528908805730056));
#6585=CARTESIAN_POINT('',(-0.00855430469187994,-0.0159199592101305,0.053078770661735));
#6586=CARTESIAN_POINT('',(-0.0107692019343835,-0.0159829904467284,0.0531432725236974));
#6587=CARTESIAN_POINT('',(-0.0118848893976191,-0.0158588192563533,0.0530198421163486));
#6588=CARTESIAN_POINT('',(-0.0139656978548871,-0.0153176945501965,0.0524800990046228));
#6589=CARTESIAN_POINT('',(-0.0149294581174853,-0.0149010948994689,0.0520641392618152));
#6590=CARTESIAN_POINT('',(-0.0165593935644744,-0.0138381955817618,0.0510023221723779));
#6591=CARTESIAN_POINT('',(-0.0172245028629633,-0.01319259099102,0.0503571591942697));
#6592=CARTESIAN_POINT('',(-0.0181554224032709,-0.0117697338476771,0.0489349201535918));
#6593=CARTESIAN_POINT('',(-0.0184206238761865,-0.0109934117634413,0.048158774155183));
#6594=CARTESIAN_POINT('',(-0.0185108034486072,-0.0094272138963046,0.0465926361645787));
#6595=CARTESIAN_POINT('',(-0.0183357225757555,-0.00863836231852231,0.045803668338346));
#6596=CARTESIAN_POINT('',(-0.0175714331578681,-0.00716726315524443,0.0443320617098086));
#6597=CARTESIAN_POINT('',(-0.0169827244150287,-0.0064859775856756,0.0436503852552847));
#6598=CARTESIAN_POINT('',(-0.0154803221424059,-0.00533393863831853,0.0424973487578619));
#6599=CARTESIAN_POINT('',(-0.0145676110990178,-0.00486393862906096,0.0420267427358355));
#6600=CARTESIAN_POINT('',(-0.0125558230983561,-0.00420634738410067,0.041367815723958));
#6601=CARTESIAN_POINT('',(-0.0114580617370289,-0.00401918617600327,0.0411799256352285));
#6602=CARTESIAN_POINT('',(-0.00924316449452536,-0.00395615493940534,0.0411154237732662));
#6603=CARTESIAN_POINT('',(-0.00812747703128978,-0.00408032612978042,0.041238854180615));
#6604=CARTESIAN_POINT('',(-0.00604666857402178,-0.00462145083593726,0.0417785972923409));
#6605=CARTESIAN_POINT('',(-0.00508290831142351,-0.00503805048666483,0.0421945570351484));
#6606=CARTESIAN_POINT('',(-0.00345297286443441,-0.00610094980437188,0.0432563741245857));
#6607=CARTESIAN_POINT('',(-0.00278786356594554,-0.00674655439511373,0.0439015371026939));
#6608=CARTESIAN_POINT('',(-0.00185694402563793,-0.00816941153845654,0.0453237761433717));
#6609=CARTESIAN_POINT('',(-0.00159174255272238,-0.00894573362269241,0.0460999221417806));
#6610=CARTESIAN_POINT('',(-0.00150156298030162,-0.0105119314898291,0.0476660601323849));
#6611=CARTESIAN_POINT('',(-0.00167664385315337,-0.0113007830676114,0.0484550279586177));
#6612=CARTESIAN_POINT('',(-0.00244093327104071,-0.0127718822308893,0.0499266345871549));
#6613=CARTESIAN_POINT('',(-0.00302964201388018,-0.0134531678004581,0.050608311041679));
#6614=CARTESIAN_POINT('',(-0.00453204428650293,-0.0146052067478152,0.0517613475391016));
#6615=CARTESIAN_POINT('',(-0.00544475532989105,-0.0150752067570728,0.0522319535611281));
#6616=CARTESIAN_POINT('',(-0.00745654333055277,-0.0157327980020331,0.0528908805730056));
#6617=CARTESIAN_POINT('',(-0.00540047539726147,-0.0150666276749068,0.0523394971065029));
#6618=CARTESIAN_POINT('',(-0.00743176679519592,-0.0157306103538042,0.0530047957591037));
#6619=CARTESIAN_POINT('',(-0.00854017046870189,-0.0159195949421221,0.0531944984275988));
#6620=CARTESIAN_POINT('',(-0.010776540162987,-0.0159832552635788,0.0532596075828917));
#6621=CARTESIAN_POINT('',(-0.0119030437240522,-0.015857889366456,0.0531349714919722));
#6622=CARTESIAN_POINT('',(-0.014004024701475,-0.0153115356236124,0.0525899788712798));
#6623=CARTESIAN_POINT('',(-0.0149771281947074,-0.0148909050624411,0.0521699787359592));
#6624=CARTESIAN_POINT('',(-0.0166228651468954,-0.013817714659936,0.0510978545254115));
#6625=CARTESIAN_POINT('',(-0.0172944223866554,-0.0131658566246291,0.0504464315589819));
#6626=CARTESIAN_POINT('',(-0.0182343667812805,-0.0117292130727486,0.0490103969508044));
#6627=CARTESIAN_POINT('',(-0.0185021392654964,-0.0109453670400739,0.0482267243947408));
#6628=CARTESIAN_POINT('',(-0.0185931930890938,-0.00936398629638558,0.0466454026403424));
#6629=CARTESIAN_POINT('',(-0.0184164148844073,-0.00856748571923575,0.045848787537296));
#6630=CARTESIAN_POINT('',(-0.0176447160177394,-0.00708211866671412,0.0443629205390667));
#6631=CARTESIAN_POINT('',(-0.0170503000033158,-0.00639422353766434,0.0436746403171422));
#6632=CARTESIAN_POINT('',(-0.0155333326033651,-0.00523100384517007,0.0425104378561445));
#6633=CARTESIAN_POINT('',(-0.0146117732290054,-0.00475643996183331,0.0420352769398543));
#6634=CARTESIAN_POINT('',(-0.012580481831071,-0.00409245728293582,0.0413699782872535));
#6635=CARTESIAN_POINT('',(-0.011472078157565,-0.00390347269461791,0.0411802756187585));
#6636=CARTESIAN_POINT('',(-0.00923570846327996,-0.00383981237316123,0.0411151664634656));
#6637=CARTESIAN_POINT('',(-0.00810920490221473,-0.00396517827028408,0.0412398025543851));
#6638=CARTESIAN_POINT('',(-0.0060082239247919,-0.00451153201312768,0.0417847951750775));
#6639=CARTESIAN_POINT('',(-0.00503512043155952,-0.004932162574299,0.042204795310398));
#6640=CARTESIAN_POINT('',(-0.00338938347937153,-0.0060053529768041,0.0432769195209457));
#6641=CARTESIAN_POINT('',(-0.00271782623961154,-0.00665721101211091,0.0439283424873754));
#6642=CARTESIAN_POINT('',(-0.00177788184498647,-0.00809385456399147,0.0453643770955528));
#6643=CARTESIAN_POINT('',(-0.00151010936077058,-0.00887770059666612,0.0461480496516165));
#6644=CARTESIAN_POINT('',(-0.00141905553717316,-0.0104590813403545,0.0477293714060148));
#6645=CARTESIAN_POINT('',(-0.00159583374185954,-0.0112555819175043,0.0485259865090613));
#6646=CARTESIAN_POINT('',(-0.00236753260852752,-0.012740948970026,0.0500118535072905));
#6647=CARTESIAN_POINT('',(-0.00296194862295115,-0.0134288440990757,0.0507001337292151));
#6648=CARTESIAN_POINT('',(-0.00447891602290182,-0.01459206379157,0.0518643361902127));
#6649=CARTESIAN_POINT('',(-0.00540047539726147,-0.0150666276749068,0.0523394971065029));
#6650=CARTESIAN_POINT('',(-0.00743176679519592,-0.0157306103538042,0.0530047957591037));
#6651=CARTESIAN_POINT('',(-0.0132447147421407,-0.0155,0.0526642009443767));
#6652=CARTESIAN_POINT('',(-0.0131897464033761,-0.0155,0.0522738832611196));
#6653=CARTESIAN_POINT('',(-0.013431582835352,-0.0154014799427041,0.0515059522978173));
#6654=CARTESIAN_POINT('',(-0.014102470088326,-0.0150885975158243,0.0506116034736697));
#6655=CARTESIAN_POINT('',(-0.014824387306618,-0.0146407090470521,0.0498140556118631));
#6656=CARTESIAN_POINT('',(-0.015303714778202,-0.0142525134101012,0.0493477118992872));
#6657=CARTESIAN_POINT('',(-0.015541574835807,-0.0140353504077525,0.0491308127199815));
#6658=CARTESIAN_POINT('',(-0.0154485354920913,-0.00788482554140174,0.0429801934230015));
#6659=CARTESIAN_POINT('',(-0.015197315280717,-0.00766548086087724,0.0427605876611444));
#6660=CARTESIAN_POINT('',(-0.0146912955716816,-0.00719759192570507,0.0423725683285735));
#6661=CARTESIAN_POINT('',(-0.0139296481245328,-0.00641044233109506,0.0419294585035808));
#6662=CARTESIAN_POINT('',(-0.0131901977870292,-0.0055175632356222,0.0416145863145793));
#6663=CARTESIAN_POINT('',(-0.0128836839445541,-0.00474985224168476,0.0415130751329555));
#6664=CARTESIAN_POINT('',(-0.0129344004417724,-0.00434924315907349,0.0415131266030899));
#6665=CARTESIAN_POINT('',(-0.00901017275047209,0.001,0.0745111450931166));
#6666=CARTESIAN_POINT('',(-0.00200202971856162,0.001,0.0415020317794867));
#6667=CARTESIAN_POINT('',(-0.0180959545091933,0.001,0.0745203658878063));
#6668=CARTESIAN_POINT('',(-0.00901017275047209,-0.001,0.0745111450931166));
#6669=CARTESIAN_POINT('',(0.0109948907834511,-0.001,0.0544857689223386));
#6670=CARTESIAN_POINT('',(-0.0180959545091933,-0.001,0.0745203658878063));
#6671=CARTESIAN_POINT('',(-0.0209243801773848,-8.67361737988404E-19,0.074523236343324));
#6672=CARTESIAN_POINT('',(4.66995054987158E-7,0.00434924315907345,0.0465000021009159));
#6673=CARTESIAN_POINT('',(-0.0399999794012075,0.00788477615465921,0.0430050603091088));
#6674=CARTESIAN_POINT('',(-0.0400004233463567,0.0069591756076637,0.0420794602126554));
#6675=CARTESIAN_POINT('',(-0.0400004748099456,0.00565823966892757,0.041540594874003));
#6676=CARTESIAN_POINT('',(-0.0399999794012731,0.00434924315907344,0.0415405943712326));
#6677=CARTESIAN_POINT('',(-0.0507116678561541,0.00434924315907345,0.0375799596725887));
#6678=CARTESIAN_POINT('',(-0.0457868290411985,0.00434924315907345,0.0367162560926798));
#6679=CARTESIAN_POINT('',(-0.0457869533716909,0.00567220035324321,0.0367155509794185));
#6680=CARTESIAN_POINT('',(-0.0463078588440601,0.00694930405916181,0.0368077018007028));
#6681=CARTESIAN_POINT('',(-0.0472293037886538,0.00788477615465938,0.0369690941557772));
#6682=CARTESIAN_POINT('',(-0.0399508584059906,0.00434879820751763,0.0415402065921118));
#6683=CARTESIAN_POINT('',(-0.0399319568638508,0.00641995401839639,0.0415399781035004));
#6684=CARTESIAN_POINT('',(-0.0399008880104386,0.00788439520276631,0.0430043859897494));
#6685=CARTESIAN_POINT('',(-0.0400371277361047,0.00435025783544198,0.0415412494466733));
#6686=CARTESIAN_POINT('',(-0.0400487230979849,0.00642120354123166,0.0415416680773825));
#6687=CARTESIAN_POINT('',(-0.0400608032671482,0.00788574049382283,0.0430062047757813));
#6688=CARTESIAN_POINT('',(-0.0402099373455152,0.00434878294897503,0.0415395232750878));
#6689=CARTESIAN_POINT('',(-0.0402045582080864,0.00641989801453426,0.0415393289900312));
#6690=CARTESIAN_POINT('',(-0.04024782475995,0.00788432929476839,0.0430035445134921));
#6691=CARTESIAN_POINT('',(-0.0404695551119396,0.00434937548644858,0.0415254251147081));
#6692=CARTESIAN_POINT('',(-0.0404709934179588,0.00642042252150955,0.0415254771274028));
#6693=CARTESIAN_POINT('',(-0.040584006951185,0.00788489624574615,0.042986123127885));
#6694=CARTESIAN_POINT('',(-0.0407295389053905,0.00434921766625481,0.041499645826763));
#6695=CARTESIAN_POINT('',(-0.0407291623104673,0.00642028282229838,0.041499632182652));
#6696=CARTESIAN_POINT('',(-0.0409058941103206,0.00788474524041677,0.0429538442297463));
#6697=CARTESIAN_POINT('',(-0.0410719714107242,0.00434926932399019,0.0414502068468197));
#6698=CARTESIAN_POINT('',(-0.0410721884972969,0.00642032854879757,0.0414502147402555));
#6699=CARTESIAN_POINT('',(-0.0413349638995037,0.00788479466753645,0.042892061156807));
#6700=CARTESIAN_POINT('',(-0.0414933471228301,0.00434924415537454,0.0413605916331377));
#6701=CARTESIAN_POINT('',(-0.0414932751613644,0.00642030626983323,0.0413605889755165));
#6702=CARTESIAN_POINT('',(-0.0418612054169503,0.00788477058551247,0.0427800299698637));
#6703=CARTESIAN_POINT('',(-0.0421551729288078,0.00434925405729193,0.0411574463432316));
#6704=CARTESIAN_POINT('',(-0.0421552144053986,0.00642031503583215,0.0411574480222624));
#6705=CARTESIAN_POINT('',(-0.0426887082129766,0.00788478006106731,0.0425260939924161));
#6706=CARTESIAN_POINT('',(-0.0429437097394994,0.00434924911006021,0.0407949605895695));
#6707=CARTESIAN_POINT('',(-0.0429436958311465,0.00642031064900649,0.0407949588938732));
#6708=CARTESIAN_POINT('',(-0.0436743154123315,0.00788477531825624,0.0420729685773742));
#6709=CARTESIAN_POINT('',(-0.0437965124974804,0.00434925107404504,0.0402016907046802));
#6710=CARTESIAN_POINT('',(-0.0437965156410396,0.00642031241904367,0.040201695106653));
#6711=CARTESIAN_POINT('',(-0.0447403817406074,0.00788477723551532,0.0413313675768828));
#6712=CARTESIAN_POINT('',(-0.0445311631927452,0.00434924915478363,0.0394686774520511));
#6713=CARTESIAN_POINT('',(-0.0445311645184059,0.00642031060308587,0.0394686615410857));
#6714=CARTESIAN_POINT('',(-0.0456587214445436,0.00788477525785213,0.0404150374841987));
#6715=CARTESIAN_POINT('',(-0.0450273582366452,0.0043492539156677,0.0387588716248522));
#6716=CARTESIAN_POINT('',(-0.0450273513987007,0.00642031518124745,0.0387589183736655));
#6717=CARTESIAN_POINT('',(-0.0462789695687421,0.00788478025234693,0.0395278591451576));
#6718=CARTESIAN_POINT('',(-0.0453453244440761,0.00434924440135342,0.0381435864841191));
#6719=CARTESIAN_POINT('',(-0.0453453365159863,0.00642030601727009,0.0381435054617718));
#6720=CARTESIAN_POINT('',(-0.0466764748963783,0.00788477025328992,0.0387585102694285));
#6721=CARTESIAN_POINT('',(-0.0455078254251764,0.0043492685823266,0.0377469110362032));
#6722=CARTESIAN_POINT('',(-0.0455077889199197,0.00642032931031593,0.0377471553627533));
#6723=CARTESIAN_POINT('',(-0.0468795178532268,0.00788479566923768,0.0382632053777009));
#6724=CARTESIAN_POINT('',(-0.0456169393121322,0.00434921895205346,0.0374210687965139));
#6725=CARTESIAN_POINT('',(-0.0456170026593535,0.00642028150208624,0.0374206450555776));
#6726=CARTESIAN_POINT('',(-0.0470160987244177,0.00788474350379902,0.0378547502808709));
#6727=CARTESIAN_POINT('',(-0.0456881244479484,0.00434937057805187,0.0371726219962219));
#6728=CARTESIAN_POINT('',(-0.0456878824881391,0.00642042756137087,0.0371742400549752));
#6729=CARTESIAN_POINT('',(-0.0471045201869985,0.00788490287509548,0.0375476630268914));
#6730=CARTESIAN_POINT('',(-0.0457485877287547,0.00434880129676296,0.0369199683302676));
#6731=CARTESIAN_POINT('',(-0.0457494926299638,0.00641987917666173,0.0369139180803485));
#6732=CARTESIAN_POINT('',(-0.0471822146124394,0.00788430451398851,0.0372187662524465));
#6733=CARTESIAN_POINT('',(-0.0457815605836579,0.00435021829620114,0.036748781731744));
#6734=CARTESIAN_POINT('',(-0.0457796100645586,0.00642124414376399,0.03676182230812));
#6735=CARTESIAN_POINT('',(-0.0472181726732646,0.00788579389607616,0.0370373080731603));
#6736=CARTESIAN_POINT('',(-0.0457960515468518,0.00434886496438211,0.0366633659808077));
#6737=CARTESIAN_POINT('',(-0.045798970670313,0.0064199026335385,0.0366461594556668));
#6738=CARTESIAN_POINT('',(-0.0472449217792385,0.00788432571842836,0.0368789512765987));
#6739=CARTESIAN_POINT('',(-0.0519188113805822,0.0105,0.0661546872527104));
#6740=CARTESIAN_POINT('',(-0.0598865774290383,0.0140355329955858,0.000606906977017014));
#6741=CARTESIAN_POINT('',(-0.0607982407646133,0.0149611341494793,0.000766929135608468));
#6742=CARTESIAN_POINT('',(-0.0620795379952181,0.0155,0.000992127722878036));
#6743=CARTESIAN_POINT('',(-0.063368773364471,0.0155,0.00121872601816788));
#6744=CARTESIAN_POINT('',(-0.0507116678561541,0.00434924315907345,0.0375799596725887));
#6745=CARTESIAN_POINT('',(-0.0523858120708049,0.00434924315907344,-0.00070843639109652));
#6746=CARTESIAN_POINT('',(-0.0523858636869216,0.00565823966892757,-0.000708729120641149));
#6747=CARTESIAN_POINT('',(-0.0529165938445242,0.0069591756076637,-0.00061544890523882));
#6748=CARTESIAN_POINT('',(-0.0538281835860996,0.00788477615465921,-0.000455012869320668));
#6749=CARTESIAN_POINT('',(-0.0507108678062588,-0.0043492431590735,0.0375844969810143));
#6750=CARTESIAN_POINT('',(-0.0538281835860995,-0.00788477615465927,-0.000455012869320672));
#6751=CARTESIAN_POINT('',(-0.0529165938445241,-0.00695917560766376,-0.000615448905238828));
#6752=CARTESIAN_POINT('',(-0.0523858636869216,-0.00565823966892763,-0.000708729120641159));
#6753=CARTESIAN_POINT('',(-0.0523858120708048,-0.00434924315907351,-0.000708436391096534));
#6754=CARTESIAN_POINT('',(-0.056768977760658,-0.0105,0.0386480268392653));
#6755=CARTESIAN_POINT('',(-0.063368773364471,-0.0155,0.00121872601816782));
#6756=CARTESIAN_POINT('',(-0.0620795379952181,-0.0155,0.000992127722877971));
#6757=CARTESIAN_POINT('',(-0.0607982407646133,-0.0149611341494793,0.000766929135608399));
#6758=CARTESIAN_POINT('',(-0.0598865774290383,-0.0140355329955858,0.000606906977016947));
#6759=CARTESIAN_POINT('',(6.70914450450852E-6,-0.0105,0.0526507526069358));
#6760=CARTESIAN_POINT('',(-0.00200143522812838,-0.0140355329955858,0.049117253954965));
#6761=CARTESIAN_POINT('',(-0.00200121348775494,-0.0149611341494793,0.0500428548838232));
#6762=CARTESIAN_POINT('',(-0.00200061083406343,-0.0155,0.0513437917130628));
#6763=CARTESIAN_POINT('',(-0.002,-0.0155,0.0526527891353837));
#6764=CARTESIAN_POINT('',(6.70914450450852E-6,-0.0105,0.0526507526069358));
#6765=CARTESIAN_POINT('',(-0.0399963913294887,-0.0105,0.0526913501456197));
#6766=CARTESIAN_POINT('',(-0.039850194166852,-0.0155,0.0526911155639624));
#6767=CARTESIAN_POINT('',(-0.0398535261021322,-0.0155,0.0506200737372057));
#6768=CARTESIAN_POINT('',(-0.0398558821549097,-0.0140355620373302,0.0491556143651249));
#6769=CARTESIAN_POINT('',(-0.0401030571710782,-0.0155,0.052691522375244));
#6770=CARTESIAN_POINT('',(-0.0401063899813685,-0.0154999999999996,0.050620436328973));
#6771=CARTESIAN_POINT('',(-0.040108745267546,-0.014035508658444,0.049155967796769));
#6772=CARTESIAN_POINT('',(-0.0406079741278159,-0.0155,0.0526875563947721));
#6773=CARTESIAN_POINT('',(-0.0405304294559933,-0.0155000000000002,0.0506169499484508));
#6774=CARTESIAN_POINT('',(-0.0404755982134034,-0.0140355422723932,0.0491528066207404));
#6775=CARTESIAN_POINT('',(-0.0413590329315432,-0.0155,0.0526440467893927));
#6776=CARTESIAN_POINT('',(-0.041197820876068,-0.0155,0.0505787399707305));
#6777=CARTESIAN_POINT('',(-0.0410838263316567,-0.014035528767948,0.0491183496512068));
#6778=CARTESIAN_POINT('',(-0.0421046967043132,-0.0155,0.0525689185166669));
#6779=CARTESIAN_POINT('',(-0.0418506077177566,-0.0155,0.0505127599369764));
#6780=CARTESIAN_POINT('',(-0.0416709399632201,-0.014035532364805,0.0490588368856509));
#6781=CARTESIAN_POINT('',(-0.0430918260841057,-0.0155,0.0524248746776318));
#6782=CARTESIAN_POINT('',(-0.0427182108435741,-0.0155,0.0503862568429403));
#6783=CARTESIAN_POINT('',(-0.0424540250062885,-0.0140355311874943,0.0489447374690002));
#6784=CARTESIAN_POINT('',(-0.0443100871450303,-0.0155,0.052164880189517));
#6785=CARTESIAN_POINT('',(-0.0437877897562449,-0.0155,0.0501579225560764));
#6786=CARTESIAN_POINT('',(-0.0434184700309875,-0.0140355317610014,0.0487387900563717));
#6787=CARTESIAN_POINT('',(-0.0462422213639667,-0.0155,0.0515689579898843));
#6788=CARTESIAN_POINT('',(-0.0454847724619509,-0.0155,0.0496345677075746));
#6789=CARTESIAN_POINT('',(-0.0449491755038954,-0.0140355315359219,0.048266748149154));
#6790=CARTESIAN_POINT('',(-0.0485130861347033,-0.0155,0.0505221490949022));
#6791=CARTESIAN_POINT('',(-0.0474790438976972,-0.0155,0.0487152304594679));
#6792=CARTESIAN_POINT('',(-0.0467478661176501,-0.0140355316441713,0.0474375468470505));
#6793=CARTESIAN_POINT('',(-0.0510006283352887,-0.0155,0.0487890497620593));
#6794=CARTESIAN_POINT('',(-0.0496636904938418,-0.0155,0.0471931809789994));
#6795=CARTESIAN_POINT('',(-0.0487183332773914,-0.0140355316180327,0.0460647320829101));
#6796=CARTESIAN_POINT('',(-0.0531231466586117,-0.0155,0.0466669067803655));
#6797=CARTESIAN_POINT('',(-0.0515277415721933,-0.0155,0.0453294376494327));
#6798=CARTESIAN_POINT('',(-0.0503996205695924,-0.0140355315926877,0.0443837047486012));
#6799=CARTESIAN_POINT('',(-0.0545695707297795,-0.0155,0.0445938827439464));
#6800=CARTESIAN_POINT('',(-0.0527980209371742,-0.0155,0.0435089133840806));
#6801=CARTESIAN_POINT('',(-0.0515453468264448,-0.0140355316989532,0.0427417247294617));
#6802=CARTESIAN_POINT('',(-0.0554875819925004,-0.0155,0.042811909749094));
#6803=CARTESIAN_POINT('',(-0.0536042651929998,-0.0155,0.0419438106551628));
#6804=CARTESIAN_POINT('',(-0.0522725600489954,-0.0140355314778417,0.0413299722482331));
#6805=CARTESIAN_POINT('',(-0.0559588435859458,-0.0155,0.0416587417392338));
#6806=CARTESIAN_POINT('',(-0.0540180837945844,-0.0155,0.0409313872564088));
#6807=CARTESIAN_POINT('',(-0.0526457600671369,-0.0140355320412637,0.0404170704039553));
#6808=CARTESIAN_POINT('',(-0.0562753076772865,-0.0155,0.0407104720259942));
#6809=CARTESIAN_POINT('',(-0.054296126387696,-0.0155,0.0400979341585952));
#6810=CARTESIAN_POINT('',(-0.0528966351194933,-0.0140355308846521,0.0396648046436258));
#6811=CARTESIAN_POINT('',(-0.056481500492538,-0.0155,0.0399868714411145));
#6812=CARTESIAN_POINT('',(-0.0544768583484141,-0.0155000000000001,0.0394644556660796));
#6813=CARTESIAN_POINT('',(-0.053059361974757,-0.0140355344182708,0.0390950524313811));
#6814=CARTESIAN_POINT('',(-0.0566578211246504,-0.0155,0.0392494340979836));
#6815=CARTESIAN_POINT('',(-0.0546330302247707,-0.0154999999999998,0.0388092817896066));
#6816=CARTESIAN_POINT('',(-0.0532012922356445,-0.0140355211512548,0.0384980470101816));
#6817=CARTESIAN_POINT('',(-0.0567505391957669,-0.0155,0.0387522280916843));
#6818=CARTESIAN_POINT('',(-0.0547111661992533,-0.0155000000000005,0.0383913817057535));
#6819=CARTESIAN_POINT('',(-0.0532691032217163,-0.0140355541742183,0.0381362246457123));
#6820=CARTESIAN_POINT('',(-0.0567945963555147,-0.0155,0.038503232446996));
#6821=CARTESIAN_POINT('',(-0.0547551796767141,-0.0155,0.0381423791215427));
#6822=CARTESIAN_POINT('',(-0.0533131078202596,-0.0140355007915857,0.0378872196779854));
#6823=CARTESIAN_POINT('',(-0.0567691544580723,-0.0105000000000002,0.0386470211469501));
#6824=CARTESIAN_POINT('',(-0.056768977760658,-0.0105,0.0386480268392653));
#6825=CARTESIAN_POINT('',(4.41386489838127E-6,-0.0105,0.061349236104769));
#6826=CARTESIAN_POINT('',(-0.002,-0.0155,0.0613512703038299));
#6827=CARTESIAN_POINT('',(-0.00199938916593657,-0.0155,0.0626602677261508));
#6828=CARTESIAN_POINT('',(-0.00199878651224506,-0.0149611341494793,0.0639612045553905));
#6829=CARTESIAN_POINT('',(-0.00199856477187162,-0.0140355329955858,0.0648868054842487));
#6830=CARTESIAN_POINT('',(-0.0400025999773464,-0.0105,0.061389837614973));
#6831=CARTESIAN_POINT('',(-0.0399999794012075,-0.0140355334203329,0.0649253711676827));
#6832=CARTESIAN_POINT('',(-0.0400010648792425,-0.0155,0.0634609053925837));
#6833=CARTESIAN_POINT('',(-0.040002599977212,-0.0155,0.0613898377473498));
#6834=CARTESIAN_POINT('',(-0.0417275348860062,-0.0140355334205919,0.0649266516504263));
#6835=CARTESIAN_POINT('',(-0.041642101771638,-0.0155000000000014,0.0634621217465688));
#6836=CARTESIAN_POINT('',(-0.0415212810859704,-0.0155,0.0613909634099154));
#6837=CARTESIAN_POINT('',(-0.0451272732081174,-0.014035533420164,0.0646299160845702));
#6838=CARTESIAN_POINT('',(-0.0448715760641833,-0.0154999999999993,0.0631802470936288));
#6839=CARTESIAN_POINT('',(-0.0445099656458597,-0.0155,0.0611301052637739));
#6840=CARTESIAN_POINT('',(-0.0501472187776437,-0.0140355334205356,0.0632766619212623));
#6841=CARTESIAN_POINT('',(-0.0496401151223517,-0.0155000000000002,0.0618947661870372));
#6842=CARTESIAN_POINT('',(-0.0489229621566695,-0.0155,0.0599404702300855));
#6843=CARTESIAN_POINT('',(-0.0547717413624719,-0.0140355334196912,0.0611067698618283));
#6844=CARTESIAN_POINT('',(-0.0540330347742583,-0.0155,0.0598335447215055));
#6845=CARTESIAN_POINT('',(-0.0529883457559486,-0.0155,0.058032932210924));
#6846=CARTESIAN_POINT('',(-0.0590205021491334,-0.014035533422697,0.0581111707586739));
#6847=CARTESIAN_POINT('',(-0.0580690106142906,-0.0155,0.0569879730470915));
#6848=CARTESIAN_POINT('',(-0.0567233981946254,-0.0155,0.0553995313979665));
#6849=CARTESIAN_POINT('',(-0.0620160251931442,-0.0140355334133812,0.0550850432651086));
#6850=CARTESIAN_POINT('',(-0.0609145151316655,-0.0155,0.0541133883537111));
#6851=CARTESIAN_POINT('',(-0.0593567444521434,-0.0155,0.0527392605965336));
#6852=CARTESIAN_POINT('',(-0.0640936644147879,-0.014035533432373,0.0523525473447888));
#6853=CARTESIAN_POINT('',(-0.0628880993657788,-0.0155,0.0515177608539232));
#6854=CARTESIAN_POINT('',(-0.0611831726880629,-0.0155,0.0503371943359179));
#6855=CARTESIAN_POINT('',(-0.0654718641359486,-0.0140355333743761,0.0501602804228682));
#6856=CARTESIAN_POINT('',(-0.0641972879790927,-0.0155,0.0494352221706601));
#6857=CARTESIAN_POINT('',(-0.0623947648392013,-0.0155,0.0484098347486125));
#6858=CARTESIAN_POINT('',(-0.06663638772261,-0.0140355335921199,0.0478854625258148));
#6859=CARTESIAN_POINT('',(-0.0653034483259387,-0.0155,0.0472745701753018));
#6860=CARTESIAN_POINT('',(-0.0634183871400533,-0.0155,0.0464106380089553));
#6861=CARTESIAN_POINT('',(-0.0675995982543786,-0.0140355327791415,0.0455202664640544));
#6862=CARTESIAN_POINT('',(-0.0662185771859885,-0.0155,0.0450269320988977));
#6863=CARTESIAN_POINT('',(-0.0642655179396456,-0.0155,0.0443292513120467));
#6864=CARTESIAN_POINT('',(-0.0682324942833122,-0.0140355353076163,0.0434590622384487));
#6865=CARTESIAN_POINT('',(-0.0668192872898309,-0.0155,0.0430717387522255));
#6866=CARTESIAN_POINT('',(-0.0648207114244648,-0.0155,0.0425239816203905));
#6867=CARTESIAN_POINT('',(-0.068629399611686,-0.014035530151461,0.0417928419511011));
#6868=CARTESIAN_POINT('',(-0.0671973133931472,-0.0154999999999999,0.0414832903598301));
#6869=CARTESIAN_POINT('',(-0.0651720356186587,-0.0155,0.0410455171209897));
#6870=CARTESIAN_POINT('',(-0.0687924716783227,-0.0140355406488709,0.0409124788663047));
#6871=CARTESIAN_POINT('',(-0.0673501857844951,-0.0155000000000001,0.0406585714959136));
#6872=CARTESIAN_POINT('',(-0.0653104892443632,-0.0155,0.0402994938335832));
#6873=CARTESIAN_POINT('',(-0.0688583151830201,-0.0140355236361117,0.040538561451737));
#6874=CARTESIAN_POINT('',(-0.0674160263488148,-0.0155,0.0402846539485371));
#6875=CARTESIAN_POINT('',(-0.0653763159937858,-0.0155,0.0399255734708866));
#6876=CARTESIAN_POINT('',(-0.0653386259264929,-0.0105,0.0401396670383967));
#6877=CARTESIAN_POINT('',(-0.0604851386632965,-0.0105,0.0676651618782319));
#6878=CARTESIAN_POINT('',(-0.0754188295025995,-0.0140355329955858,0.00333232606361801));
#6879=CARTESIAN_POINT('',(-0.0745071661670246,-0.0149611341494793,0.00317230390502656));
#6880=CARTESIAN_POINT('',(-0.0732258689364198,-0.0155,0.00294710531775699));
#6881=CARTESIAN_POINT('',(-0.0719366335671669,-0.0155,0.00272050702246715));
#6882=CARTESIAN_POINT('',(-4.66995054987166E-7,-0.00434924315907349,0.0674999978990841));
#6883=CARTESIAN_POINT('',(-0.0400035674715285,-0.0043492431590735,0.0675405954377705));
#6884=CARTESIAN_POINT('',(-0.0399970702587522,-0.00434924344540823,0.0725405914188608));
#6885=CARTESIAN_POINT('',(-0.0399979037841097,-0.00642031105214018,0.0725405922647722));
#6886=CARTESIAN_POINT('',(-0.0399999794025111,-0.00788477701985731,0.0710761275681591));
#6887=CARTESIAN_POINT('',(-0.0399980457987137,-0.00434924305279021,0.0725405924088971));
#6888=CARTESIAN_POINT('',(-0.0399989427455346,-0.00642031067009489,0.0725405933191723));
#6889=CARTESIAN_POINT('',(-0.0400010632097155,-0.00788477662723945,0.071076128624498));
#6890=CARTESIAN_POINT('',(-0.039999021331047,-0.0043492426153654,0.0725405933989256));
#6891=CARTESIAN_POINT('',(-0.0399999816988305,-0.00642031024444937,0.0725405943735643));
#6892=CARTESIAN_POINT('',(-0.0400021470084437,-0.00788477618981439,0.0710761296758553));
#6893=CARTESIAN_POINT('',(-0.0399999968557521,-0.00434924213313482,0.0725405943889464));
#6894=CARTESIAN_POINT('',(-0.0400010206439966,-0.00642030977520462,0.072540595427948));
#6895=CARTESIAN_POINT('',(-0.0400032307986952,-0.00788477570758394,0.0710761307222317));
#6896=CARTESIAN_POINT('',(-0.0400029197252582,-0.00434924312400056,0.0675405947803988));
#6897=CARTESIAN_POINT('',(-0.039999979291784,-0.00434924266861622,0.0725405943711682));
#6898=CARTESIAN_POINT('',(-0.039999979291784,-0.0064203102058717,0.0725405943711682));
#6899=CARTESIAN_POINT('',(-0.0400008404967418,-0.00788477624306534,0.071076128861808));
#6900=CARTESIAN_POINT('',(-0.0417206647248695,-0.00434924266861364,0.0725416062508037));
#6901=CARTESIAN_POINT('',(-0.0417206647248638,-0.00642031020584238,0.0725416062509612));
#6902=CARTESIAN_POINT('',(-0.0416531564601032,-0.00788477624298414,0.0710771005356434));
#6903=CARTESIAN_POINT('',(-0.0451724855350713,-0.004349242668596,0.072299384193079));
#6904=CARTESIAN_POINT('',(-0.0451724855350496,-0.00642031020586688,0.0722993841930364));
#6905=CARTESIAN_POINT('',(-0.0449678231142354,-0.00788477624305776,0.0708445028945586));
#6906=CARTESIAN_POINT('',(-0.0485014143589734,-0.00434924266865912,0.0715925402992499));
#6907=CARTESIAN_POINT('',(-0.0485014143590226,-0.0064203102059105,0.0715925402991774));
#6908=CARTESIAN_POINT('',(-0.0481644807546992,-0.00788477624316155,0.0701657446351606));
#6909=CARTESIAN_POINT('',(-0.0501445206953863,-0.0043492426686162,0.0711232064563024));
#6910=CARTESIAN_POINT('',(-0.0501445206953863,-0.00642031020587167,0.0711232064563024));
#6911=CARTESIAN_POINT('',(-0.0497423001381753,-0.00788477624306532,0.0697150592363226));
#6912=CARTESIAN_POINT('',(-0.0487712535030505,-0.0043492426686162,0.0663154900317975));
#6913=CARTESIAN_POINT('',(-0.076321157879107,-0.00434924237526015,0.042069267312282));
#6914=CARTESIAN_POINT('',(-0.0763210136653958,-0.00642030950225709,0.0420700871154743));
#6915=CARTESIAN_POINT('',(-0.0748785926517994,-0.00788477537084592,0.0418169447115272));
#6916=CARTESIAN_POINT('',(-0.0763213545857266,-0.00434924276967904,0.0420681491057443));
#6917=CARTESIAN_POINT('',(-0.0763211993438957,-0.00642030990729719,0.0420690317478419));
#6918=CARTESIAN_POINT('',(-0.0748787626732175,-0.00788477576526481,0.041815978200783));
#6919=CARTESIAN_POINT('',(-0.0763215512406764,-0.00434924320944376,0.0420670308901183));
#6920=CARTESIAN_POINT('',(-0.0763213849765324,-0.00642031035890416,0.0420679763721445));
#6921=CARTESIAN_POINT('',(-0.0748789326499754,-0.00788477620502953,0.0418150116821835));
#6922=CARTESIAN_POINT('',(-0.0763217478439561,-0.0043492436945543,0.0420659126654067));
#6923=CARTESIAN_POINT('',(-0.0763215705633054,-0.00642031085707811,0.0420669209883848));
#6924=CARTESIAN_POINT('',(-0.0748791025820727,-0.00788477669014007,0.0418140451557308));
#6925=CARTESIAN_POINT('',(-0.0713972774614437,-0.00434924368593063,0.0412001231689871));
#6926=CARTESIAN_POINT('',(-0.0713964779304915,-0.00434924315907349,0.041204660568388));
#6927=CARTESIAN_POINT('',(-4.66995054987166E-7,-0.00434924315907349,0.0674999978990841));
#6928=CARTESIAN_POINT('',(-0.00199856477187162,-0.00788477615465926,0.0710375623251752));
#6929=CARTESIAN_POINT('',(-0.00199792266326654,-0.00695917560766374,0.0719631622205206));
#6930=CARTESIAN_POINT('',(-0.00199767303622175,-0.0056582396689276,0.0725020273580649));
#6931=CARTESIAN_POINT('',(-0.00199797028143837,-0.00434924315907346,0.0725020276597271));
#6932=CARTESIAN_POINT('',(-5.07429640406759E-6,0.00434924315907345,0.0675000025748491));
#6933=CARTESIAN_POINT('',(-0.0400035674715285,0.00434924315907345,0.0675405954377705));
#6934=CARTESIAN_POINT('',(-0.0399999794025111,0.00788477701985727,0.0710761275681591));
#6935=CARTESIAN_POINT('',(-0.0399979037841097,0.00642031105214014,0.0725405922647722));
#6936=CARTESIAN_POINT('',(-0.0399970702587522,0.00434924344540819,0.0725405914188609));
#6937=CARTESIAN_POINT('',(-0.0400010632097063,0.00788477662723938,0.071076128624498));
#6938=CARTESIAN_POINT('',(-0.0399989427455258,0.00642031067009484,0.0725405933191724));
#6939=CARTESIAN_POINT('',(-0.0399980457987055,0.00434924305279021,0.0725405924088971));
#6940=CARTESIAN_POINT('',(-0.0400021470084346,0.00788477618981426,0.0710761296758555));
#6941=CARTESIAN_POINT('',(-0.0399999816988217,0.00642031024444926,0.0725405943735645));
#6942=CARTESIAN_POINT('',(-0.0399990213310388,0.00434924261536529,0.0725405933989257));
#6943=CARTESIAN_POINT('',(-0.0400032307986953,0.00788477570758388,0.0710761307222318));
#6944=CARTESIAN_POINT('',(-0.0400010206439967,0.00642030977520455,0.072540595427948));
#6945=CARTESIAN_POINT('',(-0.0399999968557522,0.00434924213313477,0.0725405943889465));
#6946=CARTESIAN_POINT('',(-0.0400050536973514,0.00434924214175841,0.0675405969460814));
#6947=CARTESIAN_POINT('',(-0.0399470507767921,0.00788482183124441,0.0710760503433601));
#6948=CARTESIAN_POINT('',(-0.0399412876601328,0.00642035670031364,0.0725405132861691));
#6949=CARTESIAN_POINT('',(-0.0399378466901196,0.00434928663782162,0.0725405054619053));
#6950=CARTESIAN_POINT('',(-0.0401340680971663,0.00788450539005921,0.0710764813139647));
#6951=CARTESIAN_POINT('',(-0.0401454989796912,0.00642003287404549,0.0725409574324676));
#6952=CARTESIAN_POINT('',(-0.0401542167344604,0.00434897591711677,0.0725409974558216));
#6953=CARTESIAN_POINT('',(-0.0405716613047042,0.00788489872651627,0.0710738191809575));
#6954=CARTESIAN_POINT('',(-0.040591354162295,0.00642043561949369,0.0725381909153306));
#6955=CARTESIAN_POINT('',(-0.040587411475709,0.00434936329730951,0.0725381728186902));
#6956=CARTESIAN_POINT('',(-0.0413950339376052,0.00788470553182247,0.0710536307327423));
#6957=CARTESIAN_POINT('',(-0.0414536308330924,0.00642023780310607,0.0725171642899561));
#6958=CARTESIAN_POINT('',(-0.0414559074403178,0.00434917302814841,0.0725171747265365));
#6959=CARTESIAN_POINT('',(-0.0424419180585683,0.00788480022699571,0.0710007266976265));
#6960=CARTESIAN_POINT('',(-0.0425414637775981,0.00642033476355182,0.0724620725571423));
#6961=CARTESIAN_POINT('',(-0.0425406914048365,0.0043492662893597,0.0724620690268816));
#6962=CARTESIAN_POINT('',(-0.0436792396864465,0.00788476995762113,0.0708938870142476));
#6963=CARTESIAN_POINT('',(-0.0438307403037994,0.0064203037700671,0.0723508116435553));
#6964=CARTESIAN_POINT('',(-0.0438309427778043,0.00434923647835229,0.0723508125636291));
#6965=CARTESIAN_POINT('',(-0.0453205463230377,0.00788477988200829,0.0706942822164037));
#6966=CARTESIAN_POINT('',(-0.0455397127730387,0.00642031393186467,0.0721429477320237));
#6967=CARTESIAN_POINT('',(-0.0455395955059106,0.0043492462524536,0.0721429472048634));
#6968=CARTESIAN_POINT('',(-0.0473488646104313,0.00788477491979912,0.0703386748775651));
#6969=CARTESIAN_POINT('',(-0.0476520827278661,0.00642030885095962,0.0717726260308106));
#6970=CARTESIAN_POINT('',(-0.0476521253908503,0.00434924136539895,0.071772626218933));
#6971=CARTESIAN_POINT('',(-0.0489484548871325,0.00788477624309655,0.0699418117197545));
#6972=CARTESIAN_POINT('',(-0.0493178277445208,0.00642031020588386,0.0713593414957608));
#6973=CARTESIAN_POINT('',(-0.0493178277444861,0.00434924266862425,0.0713593414957611));
#6974=CARTESIAN_POINT('',(-0.0497423001381753,0.0078847762430653,0.0697150592363227));
#6975=CARTESIAN_POINT('',(-0.0501445206953863,0.00642031020587165,0.0711232064563024));
#6976=CARTESIAN_POINT('',(-0.0501445206953863,0.00434924266861619,0.0711232064563024));
#6977=CARTESIAN_POINT('',(-0.0487712535030505,0.00434924266861616,0.0663154900317975));
#6978=CARTESIAN_POINT('',(-0.0763217478439561,0.00434924369455424,0.0420659126654066));
#6979=CARTESIAN_POINT('',(-0.0763215705633055,0.00642031085707805,0.0420669209883847));
#6980=CARTESIAN_POINT('',(-0.0748791025820727,0.00788477669014001,0.0418140451557307));
#6981=CARTESIAN_POINT('',(-0.0763215512406756,0.0043492432094437,0.0420670308901234));
#6982=CARTESIAN_POINT('',(-0.0763213849765316,0.00642031035890413,0.0420679763721493));
#6983=CARTESIAN_POINT('',(-0.0748789326499747,0.00788477620502947,0.0418150116821878));
#6984=CARTESIAN_POINT('',(-0.0763213545857248,0.00434924276967898,0.0420681491057547));
#6985=CARTESIAN_POINT('',(-0.076321199343894,0.0064203099072971,0.0420690317478517));
#6986=CARTESIAN_POINT('',(-0.074878762673216,0.00788477576526476,0.0418159782007919));
#6987=CARTESIAN_POINT('',(-0.0763211578791043,0.00434924237526008,0.0420692673122976));
#6988=CARTESIAN_POINT('',(-0.0763210136653933,0.00642030950225703,0.042070087115489));
#6989=CARTESIAN_POINT('',(-0.0748785926517971,0.00788477537084585,0.0418169447115407));
#6990=CARTESIAN_POINT('',(-0.0713969078682566,0.00434924270368819,0.0412022248926155));
#6991=CARTESIAN_POINT('',(-0.0713972779803868,0.00434924315907345,0.0412001232599624));
#6992=CARTESIAN_POINT('',(-5.07429640406759E-6,0.00434924315907345,0.0675000025748491));
#6993=CARTESIAN_POINT('',(-0.00199797028143837,0.00434924315907345,0.0725020276597271));
#6994=CARTESIAN_POINT('',(-0.00199767303622175,0.00565823966892757,0.0725020273580649));
#6995=CARTESIAN_POINT('',(-0.00199792266326654,0.0069591756076637,0.0719631622205206));
#6996=CARTESIAN_POINT('',(-0.00199856477187162,0.00788477615465921,0.0710375623251753));
#6997=CARTESIAN_POINT('',(-6.70914450450852E-6,0.0105,0.0613492473930642));
#6998=CARTESIAN_POINT('',(-0.00199856477187162,0.0140355329955858,0.0648868054842488));
#6999=CARTESIAN_POINT('',(-0.00199878651224506,0.0149611341494793,0.0639612045553906));
#7000=CARTESIAN_POINT('',(-0.00199938916593657,0.0155,0.0626602677261509));
#7001=CARTESIAN_POINT('',(-0.002,0.0155,0.06135127030383));
#7002=CARTESIAN_POINT('',(-0.0400035674710974,0.0105,0.0613898385968435));
#7003=CARTESIAN_POINT('',(-0.0397851445237271,0.0155,0.0613896765669647));
#7004=CARTESIAN_POINT('',(-0.0397836094312292,0.0155,0.063460736140064));
#7005=CARTESIAN_POINT('',(-0.0397825239540717,0.0140355431642564,0.0649252002433519));
#7006=CARTESIAN_POINT('',(-0.0401670598913815,0.0155,0.0613899596468977));
#7007=CARTESIAN_POINT('',(-0.0401655251721283,0.0155000000000057,0.0634610333972798));
#7008=CARTESIAN_POINT('',(-0.0401644393105746,0.0140355260511416,0.0649255004364908));
#7009=CARTESIAN_POINT('',(-0.0409298026865117,0.0155,0.061383310994679));
#7010=CARTESIAN_POINT('',(-0.0410091178674958,0.0154999999999973,0.0634538545239962));
#7011=CARTESIAN_POINT('',(-0.0410652027528272,0.0140355368399321,0.0649179511074302));
#7012=CARTESIAN_POINT('',(-0.04206537937439,0.0155,0.0613165627927011));
#7013=CARTESIAN_POINT('',(-0.0422283917955241,0.0155000000000007,0.0633817264191597));
#7014=CARTESIAN_POINT('',(-0.0423436586985268,0.0140355325055224,0.064842017051391));
#7015=CARTESIAN_POINT('',(-0.0431937006411477,0.0155,0.0612018625532382));
#7016=CARTESIAN_POINT('',(-0.043449694204723,0.0154999999999998,0.0632577857002612));
#7017=CARTESIAN_POINT('',(-0.043630709064489,0.0140355336599757,0.0647115427938552));
#7018=CARTESIAN_POINT('',(-0.0446882799849878,0.0155,0.0609823265313575));
#7019=CARTESIAN_POINT('',(-0.0450640081972853,0.0155000000000001,0.0630205620893278));
#7020=CARTESIAN_POINT('',(-0.0453296880476604,0.014035533282104,0.0644618120248985));
#7021=CARTESIAN_POINT('',(-0.0465368566521478,0.0155,0.0605856904548848));
#7022=CARTESIAN_POINT('',(-0.0470618503176501,0.0155,0.0625919703111743));
#7023=CARTESIAN_POINT('',(-0.0474330768833256,0.0140355334661781,0.0640106242226413));
#7024=CARTESIAN_POINT('',(-0.0494611443392377,0.0155,0.0596783420202869));
#7025=CARTESIAN_POINT('',(-0.0502216094787975,0.0155,0.0616115191997269));
#7026=CARTESIAN_POINT('',(-0.0507593394329035,0.0140355333939351,0.0629784816989058));
#7027=CARTESIAN_POINT('',(-0.0528704727212007,0.0155,0.0581025214710182));
#7028=CARTESIAN_POINT('',(-0.053905681234717,0.0155,0.0599087406378826));
#7029=CARTESIAN_POINT('',(-0.0546376841078309,0.0140355334286872,0.061185930282824));
#7030=CARTESIAN_POINT('',(-0.0566423811019063,0.0155,0.0554701107707186));
#7031=CARTESIAN_POINT('',(-0.0579814617831012,0.0155,0.0570642387294986));
#7032=CARTESIAN_POINT('',(-0.0589283346773573,0.0140355334202637,0.0581914572692838));
#7033=CARTESIAN_POINT('',(-0.0593006345245596,0.0155,0.0528040188033265));
#7034=CARTESIAN_POINT('',(-0.0608538851079388,0.0155,0.0541833641171053));
#7035=CARTESIAN_POINT('',(-0.0619521989799497,0.0140355334135901,0.0551587083972995));
#7036=CARTESIAN_POINT('',(-0.0611451637460112,0.0155,0.0503926397749157));
#7037=CARTESIAN_POINT('',(-0.0628470281010315,0.0155,0.0515776730744119));
#7038=CARTESIAN_POINT('',(-0.0640504277609995,0.0140355334324837,0.0524156180566488));
#7039=CARTESIAN_POINT('',(-0.0623682585191613,0.0155,0.0484570902271081));
#7040=CARTESIAN_POINT('',(-0.0641686459485571,0.0155,0.0494862860263704));
#7041=CARTESIAN_POINT('',(-0.0654417119303654,0.0140355333737488,0.0502140372066614));
#7042=CARTESIAN_POINT('',(-0.0634015967765188,0.0155,0.0464480875598932));
#7043=CARTESIAN_POINT('',(-0.0652853059509686,0.0155000000000001,0.0473150326731122));
#7044=CARTESIAN_POINT('',(-0.0666172893314537,0.0140355335945183,0.0479280555011102));
#7045=CARTESIAN_POINT('',(-0.0642565741103564,0.0155,0.0443555408805526));
#7046=CARTESIAN_POINT('',(-0.0662089099909172,0.0154999999999998,0.0450553556266654));
#7047=CARTESIAN_POINT('',(-0.0675894195606082,0.0140355327701751,0.0455501989217433));
#7048=CARTESIAN_POINT('',(-0.0648168344339777,0.0155,0.0425388853530103));
#7049=CARTESIAN_POINT('',(-0.0668151061490794,0.0155000000000007,0.0430877964870443));
#7050=CARTESIAN_POINT('',(-0.0682280980841696,0.0140355353340114,0.0434759359888209));
#7051=CARTESIAN_POINT('',(-0.0651707269298752,0.0155,0.0410521500006366));
#7052=CARTESIAN_POINT('',(-0.0671958850519782,0.0154999999999988,0.0414905385969644));
#7053=CARTESIAN_POINT('',(-0.068627886646509,0.0140355301057431,0.0418005252994926));
#7054=CARTESIAN_POINT('',(-0.0653100980844724,0.0155,0.0403017157668997));
#7055=CARTESIAN_POINT('',(-0.0673497945429003,0.0155000000000027,0.0406607934102882));
#7056=CARTESIAN_POINT('',(-0.0687920804188669,0.014035540749968,0.0409147007820986));
#7057=CARTESIAN_POINT('',(-0.0653763140848227,0.0155,0.0399255843145054));
#7058=CARTESIAN_POINT('',(-0.0674160244394491,0.0155,0.0402846647920851));
#7059=CARTESIAN_POINT('',(-0.0688583132735711,0.0140355236366051,0.0405385722952703));
#7060=CARTESIAN_POINT('',(-0.0653384581835425,0.0105,0.0401406198805971));
#7061=CARTESIAN_POINT('',(-0.0653391680259876,0.0105,0.0401365934017113));
#7062=CARTESIAN_POINT('',(-0.0719366335671669,0.0155,0.00272050702246706));
#7063=CARTESIAN_POINT('',(-0.0732258689364198,0.0155,0.00294710531775691));
#7064=CARTESIAN_POINT('',(-0.0745071661670246,0.0149611341494793,0.00317230390502648));
#7065=CARTESIAN_POINT('',(-0.0754188295025995,0.0140355329955858,0.00333232606361794));
#7066=CARTESIAN_POINT('',(-4.41386489838126E-6,0.0105,0.052650763895231));
#7067=CARTESIAN_POINT('',(-0.0399942913507343,0.0105,0.0526913480144357));
#7068=CARTESIAN_POINT('',(-0.0399999794012075,0.014035531618165,0.0491558157726146));
#7069=CARTESIAN_POINT('',(-0.0399976233347133,0.0155,0.0506202803639521));
#7070=CARTESIAN_POINT('',(-0.0399942913513672,0.0155,0.0526913473907796));
#7071=CARTESIAN_POINT('',(-0.0407964155483117,0.014035531617924,0.049157097098349));
#7072=CARTESIAN_POINT('',(-0.0408806349615004,0.0154999999999792,0.0506217009741167));
#7073=CARTESIAN_POINT('',(-0.0409997392750509,0.0155,0.0526929649794653));
#7074=CARTESIAN_POINT('',(-0.0423614812615793,0.0140355316181269,0.0490212695602606));
#7075=CARTESIAN_POINT('',(-0.0426158289451725,0.0155000000000097,0.0504711085696841));
#7076=CARTESIAN_POINT('',(-0.0429755311219069,0.0155,0.0525214918863587));
#7077=CARTESIAN_POINT('',(-0.0446661427061492,0.01403553161866,0.0484039957928089));
#7078=CARTESIAN_POINT('',(-0.0451710154560176,0.0154999999999974,0.0497867345760217));
#7079=CARTESIAN_POINT('',(-0.0458850138071648,0.0155,0.0517422237827095));
#7080=CARTESIAN_POINT('',(-0.0468092819186047,0.0140355316162232,0.0474014337039007));
#7081=CARTESIAN_POINT('',(-0.0475471214027517,0.0155000000000007,0.048675191631153));
#7082=CARTESIAN_POINT('',(-0.0485905846864139,0.0155,0.0504765585298636));
#7083=CARTESIAN_POINT('',(-0.0487616440526066,0.0140355316254373,0.0460270978285292));
#7084=CARTESIAN_POINT('',(-0.0497117131654464,0.0154999999999998,0.0471514558101293));
#7085=CARTESIAN_POINT('',(-0.0510553146499858,0.0155,0.0487415391544622));
#7086=CARTESIAN_POINT('',(-0.0504259808492708,0.0140355315910177,0.044350878476866));
#7087=CARTESIAN_POINT('',(-0.0515569662845896,0.0155,0.0452930428438943));
#7088=CARTESIAN_POINT('',(-0.0531564222892092,0.0155,0.0466254653059113));
#7089=CARTESIAN_POINT('',(-0.0515610901344832,0.0140355316980713,0.0427150130119351));
#7090=CARTESIAN_POINT('',(-0.0528154756293304,0.0155,0.0434792985844989));
#7091=CARTESIAN_POINT('',(-0.0545894456877863,0.0155,0.0445601623621797));
#7092=CARTESIAN_POINT('',(-0.0522811656292493,0.0140355314797632,0.0413107491466183));
#7093=CARTESIAN_POINT('',(-0.0536138063819807,0.0155,0.0419224969330989));
#7094=CARTESIAN_POINT('',(-0.0554984463311389,0.0155,0.042787639442729));
#7095=CARTESIAN_POINT('',(-0.0526509982990853,0.0140355320353298,0.0404027364304255));
#7096=CARTESIAN_POINT('',(-0.0540238909127037,0.0155,0.0409154981417524));
#7097=CARTESIAN_POINT('',(-0.055965455235546,0.0155,0.0416406533186746));
#7098=CARTESIAN_POINT('',(-0.0528997106913014,0.0140355308949487,0.0396546750356751));
#7099=CARTESIAN_POINT('',(-0.0542995372061023,0.0155,0.0400866982021972));
#7100=CARTESIAN_POINT('',(-0.0562791925992889,0.0155,0.0406976714587632));
#7101=CARTESIAN_POINT('',(-0.0530611158207177,0.0140355343789605,0.0390881247328818));
#7102=CARTESIAN_POINT('',(-0.0544787993270356,0.0155000000000001,0.0394567948400595));
#7103=CARTESIAN_POINT('',(-0.0564837061419997,0.0155,0.0399781738084103));
#7104=CARTESIAN_POINT('',(-0.0532019593918883,0.0140355212981991,0.0384946828616896));
#7105=CARTESIAN_POINT('',(-0.0546337830474192,0.0154999999999996,0.0388054774239399));
#7106=CARTESIAN_POINT('',(-0.0566586950090436,0.0155,0.039245007178222));
#7107=CARTESIAN_POINT('',(-0.0532693642550782,0.014035553857555,0.0381347475590898));
#7108=CARTESIAN_POINT('',(-0.0547114272844774,0.0155000000000009,0.0383899046378657));
#7109=CARTESIAN_POINT('',(-0.056750800540921,0.0155,0.0387507510603648));
#7110=CARTESIAN_POINT('',(-0.0533131076373675,0.0140355007918076,0.0378872207129009));
#7111=CARTESIAN_POINT('',(-0.0547551794937845,0.0155,0.0381423801564516));
#7112=CARTESIAN_POINT('',(-0.0567945961724041,0.0155,0.0385032334818728));
#7113=CARTESIAN_POINT('',(-0.0567695203438993,0.0105,0.0386449532882905));
#7114=CARTESIAN_POINT('',(-0.0519188113805822,0.0105,0.0661546872527104));
#7115=CARTESIAN_POINT('',(-4.41386489838126E-6,0.0105,0.052650763895231));
#7116=CARTESIAN_POINT('',(-0.002,0.0155,0.0526527891353838));
#7117=CARTESIAN_POINT('',(-0.00200061083406342,0.0155,0.0513437917130629));
#7118=CARTESIAN_POINT('',(-0.00200121348775494,0.0149611341494793,0.0500428548838232));
#7119=CARTESIAN_POINT('',(-0.00200143522812837,0.0140355329955858,0.049117253954965));
#7120=CARTESIAN_POINT('',(4.66995054987158E-7,0.00434924315907345,0.0465000021009159));
#7121=CARTESIAN_POINT('',(-0.00200143522812837,0.00788477615465921,0.0429664971140385));
#7122=CARTESIAN_POINT('',(-0.00200207733673345,0.0069591756076637,0.0420408972186932));
#7123=CARTESIAN_POINT('',(-0.00200232696377825,0.00565823966892757,0.0415020320811489));
#7124=CARTESIAN_POINT('',(-0.00200202971856163,0.00434924315907344,0.0415020317794867));
#7125=CARTESIAN_POINT('',(5.07429640406759E-6,-0.00434924315907349,0.0464999974251509));
#7126=CARTESIAN_POINT('',(-0.00200202971856162,-0.0043492431590735,0.0415020317794866));
#7127=CARTESIAN_POINT('',(-0.00200232696377825,-0.00565823966892763,0.0415020320811488));
#7128=CARTESIAN_POINT('',(-0.00200207733673346,-0.00695917560766375,0.0420408972186931));
#7129=CARTESIAN_POINT('',(-0.00200143522812838,-0.00788477615465926,0.0429664971140385));
#7130=CARTESIAN_POINT('',(-0.0399078804020403,-0.00790108683496258,0.0430211775746483));
#7131=CARTESIAN_POINT('',(-0.0399101847442548,-0.00778189557481242,0.0429075552673906));
#7132=CARTESIAN_POINT('',(-0.0399147934286838,-0.00754351305451211,0.0426803106528753));
#7133=CARTESIAN_POINT('',(-0.0399237539842762,-0.00701314383238984,0.0422880204538251));
#7134=CARTESIAN_POINT('',(-0.0399343926907045,-0.00628608420284319,0.0418943660967892));
#7135=CARTESIAN_POINT('',(-0.0399438144217771,-0.00549469476457073,0.0416549780691464));
#7136=CARTESIAN_POINT('',(-0.0399504741793595,-0.00484270443056607,0.0415543418152644));
#7137=CARTESIAN_POINT('',(-0.0399533642734888,-0.00451347653304328,0.0415449492846278));
#7138=CARTESIAN_POINT('',(-0.0399548093205534,-0.00434886258428188,0.0415402530193096));
#7139=CARTESIAN_POINT('',(-0.0399477569106233,-0.00790122249635219,0.0430214631817646));
#7140=CARTESIAN_POINT('',(-0.0399492155983742,-0.00778203039798872,0.0429078385274563));
#7141=CARTESIAN_POINT('',(-0.039952132973876,-0.00754364620126175,0.0426805892188397));
#7142=CARTESIAN_POINT('',(-0.039957751375203,-0.00701327722075295,0.0422882868430635));
#7143=CARTESIAN_POINT('',(-0.0399643437175808,-0.00628622231554437,0.0418946130500492));
#7144=CARTESIAN_POINT('',(-0.0399700633579112,-0.00549484215109946,0.0416551994244765));
#7145=CARTESIAN_POINT('',(-0.0399740318395367,-0.0048428605959962,0.0415545394974536));
#7146=CARTESIAN_POINT('',(-0.0399757168004163,-0.0045136373206891,0.0415451338732498));
#7147=CARTESIAN_POINT('',(-0.0399765592808561,-0.00434902568303554,0.0415404310611478));
#7148=CARTESIAN_POINT('',(-0.0400275099277893,-0.00790149381913142,0.0430220343959971));
#7149=CARTESIAN_POINT('',(-0.040027277306613,-0.0077823000443413,0.0429084050475876));
#7150=CARTESIAN_POINT('',(-0.0400268120642604,-0.00754391249476104,0.0426811463507685));
#7151=CARTESIAN_POINT('',(-0.0400257461570567,-0.00701354399747917,0.0422888196215403));
#7152=CARTESIAN_POINT('',(-0.0400242457713334,-0.00628649854094672,0.0418951069565692));
#7153=CARTESIAN_POINT('',(-0.0400225612301794,-0.00549513692415692,0.0416556421351369));
#7154=CARTESIAN_POINT('',(-0.040021147159891,-0.00484317292685647,0.0415549348618321));
#7155=CARTESIAN_POINT('',(-0.0400204218542712,-0.00451395889598074,0.0415455030504937));
#7156=CARTESIAN_POINT('',(-0.0400200592014614,-0.00434935188054288,0.0415407871448244));
#7157=CARTESIAN_POINT('',(-0.0401241671216272,-0.00790136137182269,0.0430213332007331));
#7158=CARTESIAN_POINT('',(-0.0401226605811504,-0.00778216841538698,0.0429077126837542));
#7159=CARTESIAN_POINT('',(-0.0401196475001968,-0.00754378250251558,0.0426804716497965));
#7160=CARTESIAN_POINT('',(-0.0401145955595692,-0.0070134137693445,0.0422881793891904));
#7161=CARTESIAN_POINT('',(-0.040109771141181,-0.00628636370040262,0.0418945083596131));
#7162=CARTESIAN_POINT('',(-0.0401072766077657,-0.00549499302950008,0.041655082311397));
#7163=CARTESIAN_POINT('',(-0.0401066295237407,-0.0048430204612873,0.041554403945837));
#7164=CARTESIAN_POINT('',(-0.0401069066753613,-0.00451380191770507,0.0415449854602376));
#7165=CARTESIAN_POINT('',(-0.0401070452511715,-0.00434919264591396,0.0415402762174378));
#7166=CARTESIAN_POINT('',(-0.0403219198863063,-0.00790144351536824,0.0430172241568472));
#7167=CARTESIAN_POINT('',(-0.0403172130604457,-0.00778225005139085,0.0429036685234192));
#7168=CARTESIAN_POINT('',(-0.0403077994087244,-0.00754386312343605,0.0426765572565631));
#7169=CARTESIAN_POINT('',(-0.0402914421912811,-0.00701349453656334,0.042284486550913));
#7170=CARTESIAN_POINT('',(-0.0402748534120013,-0.006286447328229,0.0418910334869221));
#7171=CARTESIAN_POINT('',(-0.0402644523026858,-0.00549508227266952,0.0416517316635662));
#7172=CARTESIAN_POINT('',(-0.0402597934290899,-0.00484311502011979,0.0415510977205527));
#7173=CARTESIAN_POINT('',(-0.0402591179197604,-0.00451389927530929,0.0415416768057609));
#7174=CARTESIAN_POINT('',(-0.0402587801650957,-0.00434929140290404,0.041536966348365));
#7175=CARTESIAN_POINT('',(-0.0406946112772077,-0.00790138492398243,0.0429962402320674));
#7176=CARTESIAN_POINT('',(-0.0406842320313323,-0.00778219182202438,0.0428830086294449));
#7177=CARTESIAN_POINT('',(-0.0406634735395813,-0.00754380561810829,0.0426565454242));
#7178=CARTESIAN_POINT('',(-0.0406277137791609,-0.00701343692687971,0.0422655952475704));
#7179=CARTESIAN_POINT('',(-0.0405919531997611,-0.00628638767812089,0.0418732697743638));
#7180=CARTESIAN_POINT('',(-0.0405704278126701,-0.00549501861723386,0.0416346597015884));
#7181=CARTESIAN_POINT('',(-0.0405615809582393,-0.0048430475731139,0.0415343222264503));
#7182=CARTESIAN_POINT('',(-0.0405609252110251,-0.00451382983198818,0.0415249337551012));
#7183=CARTESIAN_POINT('',(-0.040560597337418,-0.00434922096142532,0.0415202395194267));
#7184=CARTESIAN_POINT('',(-0.0412321675207876,-0.0079014177441723,0.042930929548627));
#7185=CARTESIAN_POINT('',(-0.0412134092338121,-0.0077822244394295,0.042818709758322));
#7186=CARTESIAN_POINT('',(-0.0411758926598612,-0.0075438378299439,0.0425942701777122));
#7187=CARTESIAN_POINT('',(-0.0411111006763619,-0.00701346919720344,0.042206812468272));
#7188=CARTESIAN_POINT('',(-0.0410460381194548,-0.00628642109146863,0.0418179900181238));
#7189=CARTESIAN_POINT('',(-0.0410063909885571,-0.0054950542742859,0.0415815071602515));
#7190=CARTESIAN_POINT('',(-0.0409896491437163,-0.00484308535412194,0.0414820611008761));
#7191=CARTESIAN_POINT('',(-0.0409880238870188,-0.0045138687312882,0.0414727534298314));
#7192=CARTESIAN_POINT('',(-0.04098721125867,-0.00434926041987132,0.0414680995943091));
#7193=CARTESIAN_POINT('',(-0.0418621890376696,-0.00790140725850428,0.0427971151886533));
#7194=CARTESIAN_POINT('',(-0.0418336927753346,-0.0077822140185416,0.0426869672919138));
#7195=CARTESIAN_POINT('',(-0.0417767002506646,-0.00754382753861622,0.0424666714984349));
#7196=CARTESIAN_POINT('',(-0.04167831895484,-0.00701345888705578,0.0420863676499813));
#7197=CARTESIAN_POINT('',(-0.0415796023606036,-0.00628641041584265,0.0417047247914038));
#7198=CARTESIAN_POINT('',(-0.0415195828033887,-0.00549504288139542,0.0414726095991541));
#7199=CARTESIAN_POINT('',(-0.0414943617212566,-0.00484307328227129,0.0413750011911077));
#7200=CARTESIAN_POINT('',(-0.0414920166236522,-0.00451385630195909,0.0413658663204045));
#7201=CARTESIAN_POINT('',(-0.04149084407485,-0.00434924781180299,0.0413612988850529));
#7202=CARTESIAN_POINT('',(-0.0426964610059355,-0.00790141066976304,0.0425411349085785));
#7203=CARTESIAN_POINT('',(-0.0426550406057783,-0.00778221740876203,0.0424349508409558));
#7204=CARTESIAN_POINT('',(-0.0425721998054641,-0.00754383088676002,0.0422225827057105));
#7205=CARTESIAN_POINT('',(-0.0424291850729278,-0.0070134622419918,0.0418559645847923));
#7206=CARTESIAN_POINT('',(-0.0422856603319207,-0.006286413891158,0.0414880555465943));
#7207=CARTESIAN_POINT('',(-0.0421983569834357,-0.00549504659219459,0.0412642930762599));
#7208=CARTESIAN_POINT('',(-0.0421616338278739,-0.00484307721586173,0.041170196951125));
#7209=CARTESIAN_POINT('',(-0.0421581881099839,-0.00451386035283416,0.0411613906325719));
#7210=CARTESIAN_POINT('',(-0.0421564652510389,-0.00434925192132038,0.0411569874732954));
#7211=CARTESIAN_POINT('',(-0.0436766885058435,-0.00790140916745591,0.0420908217341523));
#7212=CARTESIAN_POINT('',(-0.0436200925614525,-0.00778221591544096,0.0419916103378179));
#7213=CARTESIAN_POINT('',(-0.0435069006726705,-0.00754382941141107,0.0417931875451491));
#7214=CARTESIAN_POINT('',(-0.0433114951664141,-0.00701346075850603,0.0414506433812345));
#7215=CARTESIAN_POINT('',(-0.0431154038846579,-0.00628641234328592,0.0411068925036561));
#7216=CARTESIAN_POINT('',(-0.0429961451483317,-0.00549504492417769,0.0408978220376172));
#7217=CARTESIAN_POINT('',(-0.0429459984493383,-0.00484307543506621,0.0408099032513985));
#7218=CARTESIAN_POINT('',(-0.0429413084316585,-0.00451385851279715,0.0408016742950431));
#7219=CARTESIAN_POINT('',(-0.0429389634228187,-0.00434925005166261,0.0407975598168653));
#7220=CARTESIAN_POINT('',(-0.0447510293220085,-0.00790140895508967,0.0413444031205997));
#7221=CARTESIAN_POINT('',(-0.0446777965882147,-0.00778221570561271,0.0412567506058153));
#7222=CARTESIAN_POINT('',(-0.044531331120627,-0.00754382920665878,0.0410814455762467));
#7223=CARTESIAN_POINT('',(-0.044278482368469,-0.00701346057597128,0.0407788120056012));
#7224=CARTESIAN_POINT('',(-0.0440247423487185,-0.00628641220329231,0.0404751149316182));
#7225=CARTESIAN_POINT('',(-0.0438704158401237,-0.00549504484185366,0.040290410007957));
#7226=CARTESIAN_POINT('',(-0.0438055172327866,-0.00484307540338555,0.0402127417529267));
#7227=CARTESIAN_POINT('',(-0.0437994421672315,-0.0045138585072098,0.0402054758126469));
#7228=CARTESIAN_POINT('',(-0.043796404634454,-0.00434925005912192,0.040201842842507));
#7229=CARTESIAN_POINT('',(-0.0456679219924431,-0.00790141160732324,0.0404304446176985));
#7230=CARTESIAN_POINT('',(-0.0455804923835746,-0.00778221833691106,0.040356941062421));
#7231=CARTESIAN_POINT('',(-0.0454056331658377,-0.0075438317960867,0.0402099339518662));
#7232=CARTESIAN_POINT('',(-0.0451037688399398,-0.00701346308629323,0.0399561458912433));
#7233=CARTESIAN_POINT('',(-0.0448008431031072,-0.00628641462071328,0.0397014562837637));
#7234=CARTESIAN_POINT('',(-0.0446166062001432,-0.00549504717277007,0.0395465397382301));
#7235=CARTESIAN_POINT('',(-0.0445391337433899,-0.00484307766706285,0.0394813815856026));
#7236=CARTESIAN_POINT('',(-0.0445318852764682,-0.00451386073760364,0.0394752726302062));
#7237=CARTESIAN_POINT('',(-0.0445282610430074,-0.00434925227287403,0.039472218152508));
#7238=CARTESIAN_POINT('',(-0.0464186119860196,-0.00790140121075507,0.0393566069248625));
#7239=CARTESIAN_POINT('',(-0.0463195560145262,-0.00778220802154576,0.0392997436336715));
#7240=CARTESIAN_POINT('',(-0.0461214440715394,-0.00754382164312717,0.0391860170512894));
#7241=CARTESIAN_POINT('',(-0.045779433785159,-0.00701345322754007,0.0389897051201357));
#7242=CARTESIAN_POINT('',(-0.0454362141581177,-0.00628640509102288,0.0387927314927966));
#7243=CARTESIAN_POINT('',(-0.0452274587296261,-0.00549503793142835,0.0386729849951651));
#7244=CARTESIAN_POINT('',(-0.0451396650493513,-0.00484306864403421,0.0386226778677956));
#7245=CARTESIAN_POINT('',(-0.045131441606547,-0.00451385182161555,0.0386180103822741));
#7246=CARTESIAN_POINT('',(-0.0451273298851449,-0.00434924341040622,0.0386156766395133));
#7247=CARTESIAN_POINT('',(-0.0468709284931478,-0.00790143365578773,0.0383787745167006));
#7248=CARTESIAN_POINT('',(-0.0467648753656921,-0.00778224021334818,0.0383370141992804));
#7249=CARTESIAN_POINT('',(-0.0465527691107809,-0.00754385332846908,0.03825349356444));
#7250=CARTESIAN_POINT('',(-0.0461866121113662,-0.0070134839981157,0.0381092560793314));
#7251=CARTESIAN_POINT('',(-0.0458191806036326,-0.00628643484214013,0.0379644237319564));
#7252=CARTESIAN_POINT('',(-0.0455957350428706,-0.00549506679347048,0.0378761807187039));
#7253=CARTESIAN_POINT('',(-0.0455017963756672,-0.00484309683439867,0.0378389304381723));
#7254=CARTESIAN_POINT('',(-0.0454930251199054,-0.00451387968291436,0.0378353244899468));
#7255=CARTESIAN_POINT('',(-0.0454886394920245,-0.00434927110717222,0.0378335215158341));
#7256=CARTESIAN_POINT('',(-0.0470959238090209,-0.00790137574759853,0.0376538665621238));
#7257=CARTESIAN_POINT('',(-0.0469863746563376,-0.00778218275710095,0.037623399580414));
#7258=CARTESIAN_POINT('',(-0.0467672763509712,-0.00754379677610578,0.0375624656169944));
#7259=CARTESIAN_POINT('',(-0.0463890271493478,-0.0070134290779622,0.0374573470772429));
#7260=CARTESIAN_POINT('',(-0.0460094255102946,-0.00628638174047906,0.037351979345175));
#7261=CARTESIAN_POINT('',(-0.0457785147874346,-0.00549501527712644,0.0372881114244456));
#7262=CARTESIAN_POINT('',(-0.0456813790692408,-0.00484304651552218,0.0372614519927391));
#7263=CARTESIAN_POINT('',(-0.0456722600278651,-0.00451382995065899,0.0372591234930817));
#7264=CARTESIAN_POINT('',(-0.0456677005071773,-0.00434922166822739,0.037257959243253));
#7265=CARTESIAN_POINT('',(-0.0471838857198664,-0.00790145693200158,0.0372878339741213));
#7266=CARTESIAN_POINT('',(-0.0470729914268625,-0.00778226330790634,0.0372629389113075));
#7267=CARTESIAN_POINT('',(-0.0468512028408548,-0.00754387605971587,0.0372131487856797));
#7268=CARTESIAN_POINT('',(-0.0464683395879512,-0.00701350607334169,0.0371270904175279));
#7269=CARTESIAN_POINT('',(-0.0460841572015499,-0.00628645618652512,0.037040558475016));
#7270=CARTESIAN_POINT('',(-0.0458505491677651,-0.00549508750078511,0.0369876240048439));
#7271=CARTESIAN_POINT('',(-0.045752360223704,-0.00484311706052311,0.0369650846687334));
#7272=CARTESIAN_POINT('',(-0.0457432107047116,-0.00451389967331474,0.0369627404385938));
#7273=CARTESIAN_POINT('',(-0.0457386359452155,-0.00434929097971056,0.036961568323524));
#7274=CARTESIAN_POINT('',(-0.0472232183666251,-0.0079013423939207,0.0370937400379874));
#7275=CARTESIAN_POINT('',(-0.047111691162214,-0.0077821496637292,0.0370719858000002));
#7276=CARTESIAN_POINT('',(-0.0468886367533919,-0.0075437642033462,0.0370284773240259));
#7277=CARTESIAN_POINT('',(-0.0465035455644731,-0.00701339744529169,0.0369535140271927));
#7278=CARTESIAN_POINT('',(-0.0461170574897904,-0.0062863511551637,0.0368785274769139));
#7279=CARTESIAN_POINT('',(-0.0458819219923295,-0.00549498560484015,0.0368333520638103));
#7280=CARTESIAN_POINT('',(-0.0457829763870583,-0.00484301753288132,0.0368147493883987));
#7281=CARTESIAN_POINT('',(-0.0457736599872026,-0.00451380130586307,0.0368133397873808));
#7282=CARTESIAN_POINT('',(-0.0457690017872748,-0.00434919319235395,0.0368126349868718));
#7283=CARTESIAN_POINT('',(-0.0472411514897959,-0.00790152714714463,0.0369990644741405));
#7284=CARTESIAN_POINT('',(-0.0471293850880248,-0.00778233297506067,0.0369785579069833));
#7285=CARTESIAN_POINT('',(-0.0469058522844825,-0.00754394463089276,0.036937544772669));
#7286=CARTESIAN_POINT('',(-0.0465200041101329,-0.00701357266546604,0.0368664846350799));
#7287=CARTESIAN_POINT('',(-0.0461328691470183,-0.0062865205737767,0.0367947516242669));
#7288=CARTESIAN_POINT('',(-0.0458975420705337,-0.00549514996593742,0.0367503659821586));
#7289=CARTESIAN_POINT('',(-0.0457987003290077,-0.00484317807383854,0.036731008499041));
#7290=CARTESIAN_POINT('',(-0.045789548606818,-0.00451395997540083,0.0367286149552169));
#7291=CARTESIAN_POINT('',(-0.0457849727457232,-0.00434935092618198,0.0367274181833048));
#7292=CARTESIAN_POINT('',(-0.0472546482990569,-0.00790114866527011,0.0369208595649952));
#7293=CARTESIAN_POINT('',(-0.0471425940557508,-0.00778195744701909,0.0369020112573959));
#7294=CARTESIAN_POINT('',(-0.0469184855691386,-0.00754357501051707,0.0368643146421974));
#7295=CARTESIAN_POINT('',(-0.0465315024613508,-0.00701321371281212,0.0367998088413512));
#7296=CARTESIAN_POINT('',(-0.0461429975655118,-0.00628617350608884,0.0367360121996678));
#7297=CARTESIAN_POINT('',(-0.0459064237710775,-0.00549481325897812,0.0366988892923138));
#7298=CARTESIAN_POINT('',(-0.0458066799505098,-0.00484284919274396,0.0366848125635137));
#7299=CARTESIAN_POINT('',(-0.0457971263617482,-0.00451363492805983,0.0366847842093616));
#7300=CARTESIAN_POINT('',(-0.0457923495673674,-0.00434902779571776,0.0366847700322855));
#7301=CARTESIAN_POINT('',(-0.0472613967036873,-0.00790095942433284,0.0368817571104226));
#7302=CARTESIAN_POINT('',(-0.0471491985396138,-0.0077817696829983,0.0368637379326022));
#7303=CARTESIAN_POINT('',(-0.0469248022114667,-0.00754339020032922,0.0368276995769615));
#7304=CARTESIAN_POINT('',(-0.0465372516369598,-0.00701303423648516,0.0367664709444868));
#7305=CARTESIAN_POINT('',(-0.0461480617747586,-0.00628599997224491,0.0367066424873683));
#7306=CARTESIAN_POINT('',(-0.0459108646213494,-0.00549464490549846,0.0366731509473914));
#7307=CARTESIAN_POINT('',(-0.0458106697612609,-0.00484268475219667,0.0366617145957501));
#7308=CARTESIAN_POINT('',(-0.0458009152392133,-0.00451347240438933,0.0366628688364339));
#7309=CARTESIAN_POINT('',(-0.0457960379781895,-0.00434886623048566,0.0366634459567758));
#7310=CARTESIAN_POINT('',(-0.0472293037888021,-0.00788477615465926,0.0369690941549348));
#7311=CARTESIAN_POINT('',(-0.0463078605069029,-0.00694930574724127,0.0368077020915099));
#7312=CARTESIAN_POINT('',(-0.0457869552650877,-0.0056722051291918,0.0367155513154828));
#7313=CARTESIAN_POINT('',(-0.0457868290414938,-0.00434925042683642,0.0367162560910313));
#7314=CARTESIAN_POINT('',(-0.0400080255355515,-0.00434925042683741,0.0415406186202545));
#7315=CARTESIAN_POINT('',(-0.0400067886964626,-0.00565824906380513,0.0415406157423189));
#7316=CARTESIAN_POINT('',(-0.0400042658223925,-0.00695918706493502,0.0420794779670241));
#7317=CARTESIAN_POINT('',(-0.0399999794012075,-0.0078847879347108,0.0430050720891968));
#7318=CARTESIAN_POINT('',(-0.0399849749329342,-0.00788475788069154,0.0430050268077094));
#7319=CARTESIAN_POINT('',(-0.0399943517272174,-0.00642029505587526,0.0415405734990247));
#7320=CARTESIAN_POINT('',(-0.0399999311696682,-0.00434922488510577,0.0415405941925458));
#7321=CARTESIAN_POINT('',(-0.0399899764111467,-0.00788477135480948,0.0430050453576265));
#7322=CARTESIAN_POINT('',(-0.0399980039175571,-0.00642030746532292,0.0415405896149336));
#7323=CARTESIAN_POINT('',(-0.0400026292855809,-0.00434923835922371,0.0415406041995526));
#7324=CARTESIAN_POINT('',(-0.0399949779021349,-0.00788478137282511,0.0430050604514543));
#7325=CARTESIAN_POINT('',(-0.0400016561224032,-0.00642031669176174,0.0415406025478483));
#7326=CARTESIAN_POINT('',(-0.0400053274083855,-0.00434924837723932,0.0415406123421247));
#7327=CARTESIAN_POINT('',(-0.0399999794012075,-0.00788478793472899,0.0430050720891785));
#7328=CARTESIAN_POINT('',(-0.0400053083353509,-0.00642032273517408,0.0415406122977447));
#7329=CARTESIAN_POINT('',(-0.0400080255355514,-0.00434925493914322,0.0415406186202545));
#7330=CARTESIAN_POINT('',(-0.0399999794012075,-0.0043492431590735,0.0415405943712325));
#7331=CARTESIAN_POINT('',(-0.0399999794012075,-0.00565823966892763,0.0415405943712325));
#7332=CARTESIAN_POINT('',(-0.0399994325289461,-0.00695917560766375,0.0420794592071146));
#7333=CARTESIAN_POINT('',(-0.0399984931751244,-0.00788477615465926,0.0430050588007977));
#7334=CARTESIAN_POINT('',(5.07429640406759E-6,-0.00434924315907349,0.0464999974251509));
#7335=CARTESIAN_POINT('',(-0.05470072487074,-1.7347234759768E-17,-0.00233110698442395));
#7336=CARTESIAN_POINT('',(-0.0523858120708048,-0.00434924315907349,-0.000708436391096514));
#7337=CARTESIAN_POINT('',(-0.0531574496707832,-0.00434924315907349,-0.00124932658887233));
#7338=CARTESIAN_POINT('',(-0.0539290872707616,-0.00434924315907349,-0.00179021678664814));
#7339=CARTESIAN_POINT('',(-0.05470072487074,-0.00434924315907349,-0.00233110698442395));
#7340=CARTESIAN_POINT('',(-0.0538281835860996,-0.00788477615465926,-0.000455012869320653));
#7341=CARTESIAN_POINT('',(-0.052911577383268,-0.00696164066960681,-0.000616059846150128));
#7342=CARTESIAN_POINT('',(-0.0523805808379217,-0.00566006490586858,-0.000709355514530692));
#7343=CARTESIAN_POINT('',(-0.0523858120708048,-0.00434924315907349,-0.000708436391096519));
#7344=CARTESIAN_POINT('',(-0.055566209719257,-0.00647056295642495,-0.00217940414681199));
#7345=CARTESIAN_POINT('',(-0.0550162066360047,-0.00591668166539349,-0.00227580910244775));
#7346=CARTESIAN_POINT('',(-0.0546975859063668,-0.00513573620715055,-0.00233165718446892));
#7347=CARTESIAN_POINT('',(-0.05470072487074,-0.0043492431590735,-0.00233110698442396));
#7348=CARTESIAN_POINT('',(-0.055566209719257,-0.00647056295642495,-0.00217940414681198));
#7349=CARTESIAN_POINT('',(-0.0549868676748712,-0.00694196735583639,-0.00160460705431487));
#7350=CARTESIAN_POINT('',(-0.0544075256304854,-0.00741337175524783,-0.00102980996181777));
#7351=CARTESIAN_POINT('',(-0.0538281835860996,-0.00788477615465926,-0.00045501286932066));
#7352=CARTESIAN_POINT('',(-0.0585964060687812,-0.00954695604168296,-0.00164826904313924));
#7353=CARTESIAN_POINT('',(-0.0598865774290383,-0.0140355329955858,0.00060690697701698));
#7354=CARTESIAN_POINT('',(-0.0604659194734242,-0.0135641285961744,3.21098845198705E-5));
#7355=CARTESIAN_POINT('',(-0.06104526151781,-0.0130927241967629,-0.000542687207977238));
#7356=CARTESIAN_POINT('',(-0.0616246035621958,-0.0126213197973515,-0.00111748430047435));
#7357=CARTESIAN_POINT('',(-0.063368773364471,-0.0155,0.00121872601816783));
#7358=CARTESIAN_POINT('',(-0.0620777264917131,-0.0155053113762823,0.000991890115071718));
#7359=CARTESIAN_POINT('',(-0.0607957861419546,-0.0149661805006341,0.00076665422078409));
#7360=CARTESIAN_POINT('',(-0.0598865774290383,-0.0140355329955858,0.000606906977016982));
#7361=CARTESIAN_POINT('',(-0.0637140706583818,-0.0135,-0.000751240930493452));
#7362=CARTESIAN_POINT('',(-0.062939387093677,-0.0135031868257694,-0.000887028050531941));
#7363=CARTESIAN_POINT('',(-0.0621701678338306,-0.0131797083003804,-0.00102185738308979));
#7364=CARTESIAN_POINT('',(-0.0616246035621958,-0.0126213197973515,-0.00111748430047435));
#7365=CARTESIAN_POINT('',(-0.0637140706583818,-0.0135,-0.000751240930493457));
#7366=CARTESIAN_POINT('',(-0.0635989715604116,-0.0141666666666667,-9.4585280939698E-5));
#7367=CARTESIAN_POINT('',(-0.0634838724624413,-0.0148333333333333,0.00056207036861406));
#7368=CARTESIAN_POINT('',(-0.063368773364471,-0.0155,0.00121872601816782));
#7369=CARTESIAN_POINT('',(-0.068,-0.0135,-5.20417042793042E-18));
#7370=CARTESIAN_POINT('',(-0.0719366335671668,-0.0155,0.00272050702246709));
#7371=CARTESIAN_POINT('',(-0.0720517326651371,-0.0148333333333333,0.00206385137291333));
#7372=CARTESIAN_POINT('',(-0.0721668317631074,-0.0141666666666667,0.00140719572335957));
#7373=CARTESIAN_POINT('',(-0.0722819308610776,-0.0135,0.000750540073805809));
#7374=CARTESIAN_POINT('',(-0.0754188295025995,-0.0140355329955858,0.00333232606361798));
#7375=CARTESIAN_POINT('',(-0.0745096207896832,-0.0149661805006341,0.00317257881985083));
#7376=CARTESIAN_POINT('',(-0.0732276804399246,-0.0155053113762823,0.00294734292556325));
#7377=CARTESIAN_POINT('',(-0.0719366335671668,-0.0155,0.00272050702246711));
#7378=CARTESIAN_POINT('',(-0.0743713979572637,-0.0126213197973515,0.00111678344378671));
#7379=CARTESIAN_POINT('',(-0.0738258336856288,-0.0131797083003804,0.00102115652640216));
#7380=CARTESIAN_POINT('',(-0.0730566144257824,-0.0135031868257694,0.000886327193844304));
#7381=CARTESIAN_POINT('',(-0.0722819308610776,-0.0135,0.000750540073805817));
#7382=CARTESIAN_POINT('',(-0.0743713979572636,-0.0126213197973515,0.00111678344378669));
#7383=CARTESIAN_POINT('',(-0.0747205418057089,-0.0130927241967629,0.00185529765039711));
#7384=CARTESIAN_POINT('',(-0.0750696856541542,-0.0135641285961744,0.00259381185700753));
#7385=CARTESIAN_POINT('',(-0.0754188295025995,-0.0140355329955858,0.00333232606361795));
#7386=CARTESIAN_POINT('',(-0.0774015946909485,-0.0095449263220761,0.00164791861479541));
#7387=CARTESIAN_POINT('',(-0.078863019520681,-0.00434924315907349,-0.0011402010074729));
#7388=CARTESIAN_POINT('',(-0.0826105575804305,-0.00626337731679262,0.00420679476560834));
#7389=CARTESIAN_POINT('',(-0.0804290846326682,-0.0051496640464957,0.00109469076233548));
#7390=CARTESIAN_POINT('',(-0.0812952766487194,-1.7347234759768E-17,0.00233040612773629));
#7391=CARTESIAN_POINT('',(-0.0788629162884475,-0.00434924315907349,-0.00113961554838365));
#7392=CARTESIAN_POINT('',(-0.0788629162884475,0.00434924315907345,-0.00113961554838365));
#7393=CARTESIAN_POINT('',(-0.0826105575804305,0.00626337731679259,0.00420679476560834));
#7394=CARTESIAN_POINT('',(-0.0804290846326682,0.00514966404649569,0.0010946907623355));
#7395=CARTESIAN_POINT('',(-0.0774015946909485,0.00954492632207606,0.00164791861479541));
#7396=CARTESIAN_POINT('',(-0.078863019520681,0.00434924315907345,-0.00114020100747293));
#7397=CARTESIAN_POINT('',(-0.0754188295025994,0.0140355329955857,0.00333232606361794));
#7398=CARTESIAN_POINT('',(-0.0750696856541542,0.0135641285961743,0.00259381185700752));
#7399=CARTESIAN_POINT('',(-0.0747205418057089,0.0130927241967629,0.0018552976503971));
#7400=CARTESIAN_POINT('',(-0.0743713979572636,0.0126213197973514,0.00111678344378668));
#7401=CARTESIAN_POINT('',(-0.0719366335671668,0.0155,0.00272050702246707));
#7402=CARTESIAN_POINT('',(-0.0732276804399247,0.0155053113762823,0.00294734292556321));
#7403=CARTESIAN_POINT('',(-0.0745096207896832,0.014966180500634,0.00317257881985081));
#7404=CARTESIAN_POINT('',(-0.0754188295025995,0.0140355329955858,0.00333232606361793));
#7405=CARTESIAN_POINT('',(-0.0722819308610776,0.0135,0.000750540073805785));
#7406=CARTESIAN_POINT('',(-0.0730566144257824,0.0135031868257694,0.000886327193844273));
#7407=CARTESIAN_POINT('',(-0.0738258336856288,0.0131797083003804,0.00102115652640213));
#7408=CARTESIAN_POINT('',(-0.0743713979572637,0.0126213197973514,0.00111678344378668));
#7409=CARTESIAN_POINT('',(-0.0722819308610776,0.0135,0.000750540073805798));
#7410=CARTESIAN_POINT('',(-0.0721668317631074,0.0141666666666667,0.00140719572335956));
#7411=CARTESIAN_POINT('',(-0.0720517326651371,0.0148333333333333,0.00206385137291331));
#7412=CARTESIAN_POINT('',(-0.0719366335671668,0.0155,0.00272050702246707));
#7413=CARTESIAN_POINT('',(-0.068,0.0135,-5.20417042793042E-18));
#7414=CARTESIAN_POINT('',(-0.063368773364471,0.0155,0.00121872601816782));
#7415=CARTESIAN_POINT('',(-0.0634838724624413,0.0148333333333333,0.000562070368614059));
#7416=CARTESIAN_POINT('',(-0.0635989715604115,0.0141666666666667,-9.45852809397018E-5));
#7417=CARTESIAN_POINT('',(-0.0637140706583818,0.0135,-0.000751240930493463));
#7418=CARTESIAN_POINT('',(-0.0598865774290383,0.0140355329955857,0.000606906977016975));
#7419=CARTESIAN_POINT('',(-0.0607957861419546,0.014966180500634,0.00076665422078408));
#7420=CARTESIAN_POINT('',(-0.0620777264917131,0.0155053113762823,0.000991890115071729));
#7421=CARTESIAN_POINT('',(-0.063368773364471,0.0155,0.00121872601816783));
#7422=CARTESIAN_POINT('',(-0.0616246035621958,0.0126213197973514,-0.00111748430047435));
#7423=CARTESIAN_POINT('',(-0.0621701678338306,0.0131797083003804,-0.0010218573830898));
#7424=CARTESIAN_POINT('',(-0.062939387093677,0.0135031868257694,-0.000887028050531951));
#7425=CARTESIAN_POINT('',(-0.0637140706583818,0.0135,-0.000751240930493464));
#7426=CARTESIAN_POINT('',(-0.0616246035621958,0.0126213197973514,-0.00111748430047435));
#7427=CARTESIAN_POINT('',(-0.06104526151781,0.0130927241967629,-0.000542687207977243));
#7428=CARTESIAN_POINT('',(-0.0604659194734242,0.0135641285961743,3.2109884519864E-5));
#7429=CARTESIAN_POINT('',(-0.0598865774290383,0.0140355329955858,0.000606906977016971));
#7430=CARTESIAN_POINT('',(-0.0585964060687812,0.00954695604168292,-0.00164826904313924));
#7431=CARTESIAN_POINT('',(-0.0538281835860995,0.00788477615465922,-0.000455012869320655));
#7432=CARTESIAN_POINT('',(-0.0544075256304854,0.00741337175524778,-0.00102980996181776));
#7433=CARTESIAN_POINT('',(-0.0549868676748712,0.00694196735583635,-0.00160460705431487));
#7434=CARTESIAN_POINT('',(-0.055566209719257,0.00647056295642491,-0.00217940414681198));
#7435=CARTESIAN_POINT('',(-0.0523858120708048,0.00434924315907345,-0.000708436391096513));
#7436=CARTESIAN_POINT('',(-0.0523805808379217,0.00566006490586854,-0.000709355514530688));
#7437=CARTESIAN_POINT('',(-0.052911577383268,0.00696164066960677,-0.000616059846150134));
#7438=CARTESIAN_POINT('',(-0.0538281835860996,0.00788477615465922,-0.000455012869320652));
#7439=CARTESIAN_POINT('',(-0.05470072487074,0.00434924315907345,-0.00233110698442396));
#7440=CARTESIAN_POINT('',(-0.0546975859063668,0.0051357362071505,-0.00233165718446892));
#7441=CARTESIAN_POINT('',(-0.0550162066360047,0.00591668166539344,-0.00227580910244775));
#7442=CARTESIAN_POINT('',(-0.055566209719257,0.00647056295642491,-0.00217940414681199));
#7443=CARTESIAN_POINT('',(-0.05470072487074,0.00434924315907345,-0.00233110698442395));
#7444=CARTESIAN_POINT('',(-0.0539290872707616,0.00434924315907345,-0.00179021678664813));
#7445=CARTESIAN_POINT('',(-0.0531574496707832,0.00434924315907345,-0.00124932658887232));
#7446=CARTESIAN_POINT('',(-0.0523858120708048,0.00434924315907345,-0.000708436391096514));
#7447=CARTESIAN_POINT('',(-0.05470072487074,-1.7347234759768E-17,-0.00233110698442395));
#7448=CARTESIAN_POINT('',(-0.00200202971856162,-1.12757025938492E-17,0.0415020317794867));
#7449=CARTESIAN_POINT('',(0.,-0.0043492431590735,0.043502030749547));
#7450=CARTESIAN_POINT('',(-0.000667343239520541,-0.0043492431590735,0.0428353644261936));
#7451=CARTESIAN_POINT('',(-0.00133468647904108,-0.0043492431590735,0.0421686981028401));
#7452=CARTESIAN_POINT('',(-0.00200202971856162,-0.0043492431590735,0.0415020317794867));
#7453=CARTESIAN_POINT('',(0.,-0.00647056295642495,0.0443807103122728));
#7454=CARTESIAN_POINT('',(0.,-0.00591668166539349,0.043822322179288));
#7455=CARTESIAN_POINT('',(0.,-0.00513573620715055,0.0434988439302196));
#7456=CARTESIAN_POINT('',(0.,-0.0043492431590735,0.043502030749547));
#7457=CARTESIAN_POINT('',(-0.00200143522812838,-0.00788477615465926,0.0429664971140385));
#7458=CARTESIAN_POINT('',(-0.00200181301818653,-0.00696164066960682,0.0420358506091345));
#7459=CARTESIAN_POINT('',(-0.00200203187467596,-0.00566006490586859,0.0414967204161291));
#7460=CARTESIAN_POINT('',(-0.00200202971856162,-0.0043492431590735,0.0415020317794867));
#7461=CARTESIAN_POINT('',(-0.00200143522812838,-0.00788477615465926,0.0429664971140385));
#7462=CARTESIAN_POINT('',(-0.00133429015208558,-0.00741337175524782,0.0434379015134499));
#7463=CARTESIAN_POINT('',(-0.000667145076042789,-0.00694196735583638,0.0439093059128613));
#7464=CARTESIAN_POINT('',(4.77048955893622E-18,-0.00647056295642495,0.0443807103122728));
#7465=CARTESIAN_POINT('',(-0.00200202971856162,-1.12757025938492E-17,0.0415020317794867));
#7466=CARTESIAN_POINT('',(-0.00200202971856162,0.00434924315907345,0.0415020317794867));
#7467=CARTESIAN_POINT('',(-0.00133468647904108,0.00434924315907345,0.0421686981028401));
#7468=CARTESIAN_POINT('',(-0.000667343239520538,0.00434924315907345,0.0428353644261936));
#7469=CARTESIAN_POINT('',(3.46944695195361E-18,0.00434924315907345,0.043502030749547));
#7470=CARTESIAN_POINT('',(-0.00200143522812838,-0.0109591395203104,0.0460408604796896));
#7471=CARTESIAN_POINT('',(4.77048955893622E-18,-0.0126213197973515,0.0505314671531993));
#7472=CARTESIAN_POINT('',(-0.000667145076042789,-0.0130927241967629,0.0500600627537879));
#7473=CARTESIAN_POINT('',(-0.00133429015208558,-0.0135641285961744,0.0495886583543764));
#7474=CARTESIAN_POINT('',(-0.00200143522812838,-0.0140355329955858,0.049117253954965));
#7475=CARTESIAN_POINT('',(0.,0.00434924315907345,0.043502030749547));
#7476=CARTESIAN_POINT('',(0.,0.0051357362071505,0.0434988439302195));
#7477=CARTESIAN_POINT('',(0.,0.00591668166539344,0.0438223221792881));
#7478=CARTESIAN_POINT('',(0.,0.00647056295642491,0.0443807103122728));
#7479=CARTESIAN_POINT('',(-0.00200202971856162,0.00434924315907345,0.0415020317794867));
#7480=CARTESIAN_POINT('',(-0.00200203187467596,0.00566006490586854,0.041496720416129));
#7481=CARTESIAN_POINT('',(-0.00200181301818653,0.00696164066960677,0.0420358506091346));
#7482=CARTESIAN_POINT('',(-0.00200143522812838,0.00788477615465922,0.0429664971140385));
#7483=CARTESIAN_POINT('',(4.77048955893622E-18,0.00647056295642491,0.0443807103122727));
#7484=CARTESIAN_POINT('',(-0.000667145076042789,0.00694196735583634,0.0439093059128613));
#7485=CARTESIAN_POINT('',(-0.00133429015208558,0.00741337175524778,0.0434379015134499));
#7486=CARTESIAN_POINT('',(-0.00200143522812838,0.00788477615465922,0.0429664971140384));
#7487=CARTESIAN_POINT('',(0.,-0.0135,0.0526527891353838));
#7488=CARTESIAN_POINT('',(0.,-0.0135031868257694,0.0518662951637654));
#7489=CARTESIAN_POINT('',(0.,-0.0131797083003804,0.0510853488028438));
#7490=CARTESIAN_POINT('',(0.,-0.0126213197973515,0.0505314671531993));
#7491=CARTESIAN_POINT('',(-0.002,-0.0155,0.0526527891353838));
#7492=CARTESIAN_POINT('',(-0.00200053212019691,-0.0155053113762823,0.0513419663893806));
#7493=CARTESIAN_POINT('',(-0.00200106048703295,-0.0149661805006341,0.0500403896573962));
#7494=CARTESIAN_POINT('',(-0.00200143522812838,-0.0140355329955858,0.049117253954965));
#7495=CARTESIAN_POINT('',(-0.002,-0.0155,0.0526527891353838));
#7496=CARTESIAN_POINT('',(-0.00133333333333333,-0.0148333333333333,0.0526527891353838));
#7497=CARTESIAN_POINT('',(-0.000666666666666666,-0.0141666666666667,0.0526527891353838));
#7498=CARTESIAN_POINT('',(1.30104260698261E-18,-0.0135,0.0526527891353838));
#7499=CARTESIAN_POINT('',(-0.00200143522812838,0.0109591395203104,0.0460408604796896));
#7500=CARTESIAN_POINT('',(-0.00200143522812838,0.0140355329955858,0.049117253954965));
#7501=CARTESIAN_POINT('',(-0.00133429015208558,0.0135641285961743,0.0495886583543764));
#7502=CARTESIAN_POINT('',(-0.000667145076042789,0.0130927241967629,0.0500600627537878));
#7503=CARTESIAN_POINT('',(4.77048955893622E-18,0.0126213197973514,0.0505314671531993));
#7504=CARTESIAN_POINT('',(-0.002,-0.0155,0.057));
#7505=CARTESIAN_POINT('',(1.30104260698261E-18,-0.0135,0.06135127030383));
#7506=CARTESIAN_POINT('',(-0.000666666666666666,-0.0141666666666667,0.06135127030383));
#7507=CARTESIAN_POINT('',(-0.00133333333333333,-0.0148333333333333,0.06135127030383));
#7508=CARTESIAN_POINT('',(-0.002,-0.0155,0.06135127030383));
#7509=CARTESIAN_POINT('',(0.,0.0126213197973514,0.0505314671531993));
#7510=CARTESIAN_POINT('',(0.,0.0131797083003804,0.0510853488028438));
#7511=CARTESIAN_POINT('',(0.,0.0135031868257694,0.0518662951637654));
#7512=CARTESIAN_POINT('',(0.,0.0135,0.0526527891353838));
#7513=CARTESIAN_POINT('',(-0.00200143522812838,0.0140355329955857,0.049117253954965));
#7514=CARTESIAN_POINT('',(-0.00200106048703295,0.014966180500634,0.0500403896573962));
#7515=CARTESIAN_POINT('',(-0.00200053212019691,0.0155053113762823,0.0513419663893806));
#7516=CARTESIAN_POINT('',(-0.002,0.0155,0.0526527891353838));
#7517=CARTESIAN_POINT('',(1.30104260698261E-18,0.0135,0.0526527891353838));
#7518=CARTESIAN_POINT('',(-0.000666666666666666,0.0141666666666667,0.0526527891353838));
#7519=CARTESIAN_POINT('',(-0.00133333333333333,0.0148333333333333,0.0526527891353838));
#7520=CARTESIAN_POINT('',(-0.002,0.0155,0.0526527891353838));
#7521=CARTESIAN_POINT('',(0.,-0.0126213197973515,0.0634725922860144));
#7522=CARTESIAN_POINT('',(0.,-0.0131797083003804,0.0629187106363699));
#7523=CARTESIAN_POINT('',(0.,-0.0135031868257694,0.0621377642754483));
#7524=CARTESIAN_POINT('',(0.,-0.0135,0.06135127030383));
#7525=CARTESIAN_POINT('',(-0.00199856477187162,-0.0140355329955858,0.0648868054842488));
#7526=CARTESIAN_POINT('',(-0.00199893951296706,-0.0149661805006341,0.0639636697818175));
#7527=CARTESIAN_POINT('',(-0.00199946787980309,-0.0155053113762823,0.0626620930498332));
#7528=CARTESIAN_POINT('',(-0.002,-0.0155,0.06135127030383));
#7529=CARTESIAN_POINT('',(-0.00199856477187162,-0.0140355329955858,0.0648868054842488));
#7530=CARTESIAN_POINT('',(-0.00133237651458108,-0.0135641285961743,0.0644154010848374));
#7531=CARTESIAN_POINT('',(-0.000666188257290542,-0.0130927241967629,0.063943996685426));
#7532=CARTESIAN_POINT('',(-8.67361737988404E-19,-0.0126213197973515,0.0634725922860145));
#7533=CARTESIAN_POINT('',(-0.002,0.0155,0.057));
#7534=CARTESIAN_POINT('',(-0.002,0.0155,0.0613512703038299));
#7535=CARTESIAN_POINT('',(-0.00133333333333333,0.0148333333333333,0.0613512703038299));
#7536=CARTESIAN_POINT('',(-0.000666666666666666,0.0141666666666667,0.0613512703038299));
#7537=CARTESIAN_POINT('',(1.30104260698261E-18,0.0135,0.0613512703038299));
#7538=CARTESIAN_POINT('',(-0.00199856477187162,-0.0109611692399173,0.0679611692399173));
#7539=CARTESIAN_POINT('',(6.07153216591882E-18,-0.00647056295642494,0.069623349126941));
#7540=CARTESIAN_POINT('',(-0.000666188257290536,-0.00694196735583638,0.0700947535263525));
#7541=CARTESIAN_POINT('',(-0.00133237651458108,-0.00741337175524781,0.0705661579257639));
#7542=CARTESIAN_POINT('',(-0.00199856477187162,-0.00788477615465925,0.0710375623251753));
#7543=CARTESIAN_POINT('',(0.,0.0135,0.06135127030383));
#7544=CARTESIAN_POINT('',(0.,0.0135031868257694,0.0621377642754483));
#7545=CARTESIAN_POINT('',(0.,0.0131797083003804,0.0629187106363699));
#7546=CARTESIAN_POINT('',(0.,0.0126213197973514,0.0634725922860144));
#7547=CARTESIAN_POINT('',(-0.002,0.0155,0.06135127030383));
#7548=CARTESIAN_POINT('',(-0.00199946787980309,0.0155053113762823,0.0626620930498331));
#7549=CARTESIAN_POINT('',(-0.00199893951296705,0.014966180500634,0.0639636697818175));
#7550=CARTESIAN_POINT('',(-0.00199856477187162,0.0140355329955858,0.0648868054842487));
#7551=CARTESIAN_POINT('',(5.63785129692462E-18,0.0126213197973514,0.0634725922860145));
#7552=CARTESIAN_POINT('',(-0.000666188257290538,0.0130927241967629,0.0639439966854259));
#7553=CARTESIAN_POINT('',(-0.00133237651458108,0.0135641285961743,0.0644154010848373));
#7554=CARTESIAN_POINT('',(-0.00199856477187162,0.0140355329955857,0.0648868054842488));
#7555=CARTESIAN_POINT('',(0.,-0.00434924315907349,0.0705020286896667));
#7556=CARTESIAN_POINT('',(0.,-0.00513573620715054,0.0705052155089941));
#7557=CARTESIAN_POINT('',(0.,-0.00591668166539348,0.0701817372599256));
#7558=CARTESIAN_POINT('',(0.,-0.00647056295642494,0.069623349126941));
#7559=CARTESIAN_POINT('',(-0.00199797028143838,-0.00434924315907349,0.0725020276597271));
#7560=CARTESIAN_POINT('',(-0.00199796812532404,-0.00566006490586858,0.0725073390230847));
#7561=CARTESIAN_POINT('',(-0.00199818698181347,-0.00696164066960681,0.0719682088300791));
#7562=CARTESIAN_POINT('',(-0.00199856477187162,-0.00788477615465925,0.0710375623251753));
#7563=CARTESIAN_POINT('',(-0.00199797028143837,-0.00434924315907349,0.0725020276597271));
#7564=CARTESIAN_POINT('',(-0.00133198018762558,-0.00434924315907349,0.0718353613363737));
#7565=CARTESIAN_POINT('',(-0.000665990093812792,-0.00434924315907349,0.0711686950130202));
#7566=CARTESIAN_POINT('',(-8.67361737988404E-19,-0.00434924315907349,0.0705020286896667));
#7567=CARTESIAN_POINT('',(-0.00199856477187162,0.0109611692399172,0.0679611692399173));
#7568=CARTESIAN_POINT('',(-0.00199856477187162,0.00788477615465921,0.0710375623251753));
#7569=CARTESIAN_POINT('',(-0.00133237651458108,0.00741337175524777,0.0705661579257639));
#7570=CARTESIAN_POINT('',(-0.000666188257290539,0.00694196735583634,0.0700947535263524));
#7571=CARTESIAN_POINT('',(2.16840434497101E-18,0.0064705629564249,0.069623349126941));
#7572=CARTESIAN_POINT('',(-0.00199797028143838,-2.42861286636753E-17,0.0725020276597271));
#7573=CARTESIAN_POINT('',(6.07153216591882E-18,0.00434924315907344,0.0705020286896667));
#7574=CARTESIAN_POINT('',(-0.000665990093812788,0.00434924315907344,0.0711686950130202));
#7575=CARTESIAN_POINT('',(-0.00133198018762558,0.00434924315907344,0.0718353613363737));
#7576=CARTESIAN_POINT('',(-0.00199797028143838,0.00434924315907344,0.0725020276597271));
#7577=CARTESIAN_POINT('',(0.,0.00647056295642491,0.069623349126941));
#7578=CARTESIAN_POINT('',(0.,0.00591668166539344,0.0701817372599256));
#7579=CARTESIAN_POINT('',(0.,0.0051357362071505,0.0705052155089941));
#7580=CARTESIAN_POINT('',(0.,0.00434924315907345,0.0705020286896667));
#7581=CARTESIAN_POINT('',(-0.00199856477187162,0.00788477615465921,0.0710375623251753));
#7582=CARTESIAN_POINT('',(-0.00199818698181347,0.00696164066960677,0.0719682088300791));
#7583=CARTESIAN_POINT('',(-0.00199796812532404,0.00566006490586853,0.0725073390230846));
#7584=CARTESIAN_POINT('',(-0.00199797028143838,0.00434924315907344,0.0725020276597271));
#7585=CARTESIAN_POINT('',(-0.061933914371671,0.0125,0.0617977425982877));
#7586=CARTESIAN_POINT('',(-0.0718826371918588,-0.00434924266861624,0.0534497729491831));
#7587=CARTESIAN_POINT('',(-0.0702883913793098,-0.00519766406408006,0.0547875040224989));
#7588=CARTESIAN_POINT('',(-0.0678348319698749,-0.00624550249906675,0.0568462848180273));
#7589=CARTESIAN_POINT('',(-0.0644919015597409,-0.00698746708163477,0.0596513364922221));
#7590=CARTESIAN_POINT('',(-0.06192111875837,-0.00718255284633734,0.0618084793926892));
#7591=CARTESIAN_POINT('',(-0.0593397015310737,-0.00698242844163155,0.0639745456360282));
#7592=CARTESIAN_POINT('',(-0.0560042629506066,-0.00623404227876933,0.0667733109187126));
#7593=CARTESIAN_POINT('',(-0.0535765070965858,-0.00519610464232939,0.0688104399604101));
#7594=CARTESIAN_POINT('',(-0.0519851915514832,-0.00434924266861622,0.0701457122473923));
#7595=CARTESIAN_POINT('',(-0.0718826371918588,-0.00434924266861624,0.0534497729491831));
#7596=CARTESIAN_POINT('',(-0.0519851915514832,-0.0043492426686162,0.0701457122473923));
#7597=CARTESIAN_POINT('',(-0.0519851915514832,0.00434924266861616,0.0701457122473923));
#7598=CARTESIAN_POINT('',(-0.0519851915514832,0.00434924266861617,0.0701457122473923));
#7599=CARTESIAN_POINT('',(-0.0519851915514832,0.00434924266861617,0.0701457122473923));
#7600=CARTESIAN_POINT('',(-0.0535794935033117,0.00519769394012888,0.0688079340676278));
#7601=CARTESIAN_POINT('',(-0.0560329522548825,0.00624547733508784,0.066749237734076));
#7602=CARTESIAN_POINT('',(-0.0593760651985585,0.00698752291574489,0.0639440328960535));
#7603=CARTESIAN_POINT('',(-0.0619476681023396,0.00718255848225383,0.0617862018479562));
#7604=CARTESIAN_POINT('',(-0.0645284661547842,0.00698234629549065,0.0596206551540071));
#7605=CARTESIAN_POINT('',(-0.0678636528079873,0.00623400682515796,0.0568221012633968));
#7606=CARTESIAN_POINT('',(-0.0702913140502324,0.00519610868502749,0.0547850516104057));
#7607=CARTESIAN_POINT('',(-0.0718826371918693,0.00434924266861062,0.0534497729491743));
#7608=CARTESIAN_POINT('',(-0.0718826371918693,0.00434924266861061,0.0534497729491744));
#7609=CARTESIAN_POINT('',(-0.0718826371918588,-0.00434924266861623,0.0534497729491831));
#7610=CARTESIAN_POINT('',(-0.0686686991434339,-0.00434924266861624,0.0496195507335721));
#7611=CARTESIAN_POINT('',(-0.068668699143434,-0.00434924266861621,0.0496195507335721));
#7612=CARTESIAN_POINT('',(-0.0686686991434363,-0.00434924266861624,0.0496195507335749));
#7613=CARTESIAN_POINT('',(-0.0519851915514832,-0.00434924266861622,0.0701457122473923));
#7614=CARTESIAN_POINT('',(-0.0513142665920487,-0.00649761568220008,0.0707086851334014));
#7615=CARTESIAN_POINT('',(-0.0497423001381752,-0.0078847762430653,0.0697150592363226));
#7616=CARTESIAN_POINT('',(-0.0535765070963339,-0.0051961046431271,0.0688104399606214));
#7617=CARTESIAN_POINT('',(-0.0529933039099055,-0.00731779308026031,0.0692998055391887));
#7618=CARTESIAN_POINT('',(-0.0515360364581395,-0.00873163820128088,0.0683219678711893));
#7619=CARTESIAN_POINT('',(-0.0560042629505998,-0.00623404227862348,0.0667733109187184));
#7620=CARTESIAN_POINT('',(-0.0555776530720056,-0.00832845989292579,0.0671312791105193));
#7621=CARTESIAN_POINT('',(-0.0542904759046366,-0.00976957581520029,0.0661618604494399));
#7622=CARTESIAN_POINT('',(-0.0593397015311774,-0.00698242844161098,0.0639745456359412));
#7623=CARTESIAN_POINT('',(-0.0591525544754445,-0.00905718182524629,0.0641315806613782));
#7624=CARTESIAN_POINT('',(-0.0580726139587915,-0.010517961960654,0.063104605054699));
#7625=CARTESIAN_POINT('',(-0.0619211187579603,-0.00718255284653805,0.0618084793930331));
#7626=CARTESIAN_POINT('',(-0.0619201896364499,-0.00925172049886087,0.0618092590185566));
#7627=CARTESIAN_POINT('',(-0.060983387914018,-0.0107180863607893,0.0606941167938325));
#7628=CARTESIAN_POINT('',(-0.064491901561311,-0.00698746708085258,0.0596513364909042));
#7629=CARTESIAN_POINT('',(-0.0646764315791789,-0.00906208676991159,0.0594964974209471));
#7630=CARTESIAN_POINT('',(-0.0638512435444662,-0.0105230005997673,0.0582565633632724));
#7631=CARTESIAN_POINT('',(-0.0678348319615804,-0.00624550250322359,0.0568462848249874));
#7632=CARTESIAN_POINT('',(-0.0682596095633281,-0.00833958830951414,0.0564898540961506));
#7633=CARTESIAN_POINT('',(-0.0675280240973389,-0.00978103603958646,0.0550559465569615));
#7634=CARTESIAN_POINT('',(-0.070288391416148,-0.00519766404562042,0.0547875039915881));
#7635=CARTESIAN_POINT('',(-0.0708714491416048,-0.00731929549636065,0.0542982604686574));
#7636=CARTESIAN_POINT('',(-0.0701614947485379,-0.00873319760357517,0.0526935589837703));
#7637=CARTESIAN_POINT('',(-0.0718826371918589,-0.00434924266861624,0.0534497729491832));
#7638=CARTESIAN_POINT('',(-0.0725535621512934,-0.00649761568220014,0.0528868000631741));
#7639=CARTESIAN_POINT('',(-0.0718480007743251,-0.00788477624306537,0.051166173985614));
#7640=CARTESIAN_POINT('',(-0.0487712535030505,-0.0043492426686162,0.0663154900317975));
#7641=CARTESIAN_POINT('',(-0.0686686991434262,0.,0.0496195507335882));
#7642=CARTESIAN_POINT('',(-0.0686686991434262,0.00434924266861617,0.0496195507335882));
#7643=CARTESIAN_POINT('',(-0.0487712535030505,-0.0043492426686162,0.0663154900317975));
#7644=CARTESIAN_POINT('',(-0.0487712535030505,-0.0043492426686162,0.0663154900317975));
#7645=CARTESIAN_POINT('',(-0.0686686991434338,0.00434924266861617,0.0496195507335726));
#7646=CARTESIAN_POINT('',(-0.0686686991434337,0.00434924266861617,0.0496195507335726));
#7647=CARTESIAN_POINT('',(-0.0487712535030505,0.,0.0663154900317974));
#7648=CARTESIAN_POINT('',(-0.0487712535030505,0.00434924266861616,0.0663154900317974));
#7649=CARTESIAN_POINT('',(-0.0718826371918588,0.00434924266861619,0.0534497729491832));
#7650=CARTESIAN_POINT('',(-0.0725535621512933,0.00649761568220006,0.0528868000631741));
#7651=CARTESIAN_POINT('',(-0.0718480007743251,0.00788477624306527,0.0511661739856139));
#7652=CARTESIAN_POINT('',(-0.0702913140505041,0.00519610868605296,0.0547850516101778));
#7653=CARTESIAN_POINT('',(-0.0708745168596444,0.00731779697538041,0.0542956863479732));
#7654=CARTESIAN_POINT('',(-0.0701645865178239,0.00873164224411352,0.052690758921421));
#7655=CARTESIAN_POINT('',(-0.0678636528079158,0.00623400682492856,0.0568221012634569));
#7656=CARTESIAN_POINT('',(-0.068290266720864,0.00832842582557499,0.0564641296864818));
#7657=CARTESIAN_POINT('',(-0.0675590938583631,0.00976954036152714,0.0550281630349264));
#7658=CARTESIAN_POINT('',(-0.0645284661547877,0.00698234629553832,0.0596206551540041));
#7659=CARTESIAN_POINT('',(-0.06471563672976,0.00905710202448583,0.0594636003935705));
#7660=CARTESIAN_POINT('',(-0.0638918029930072,0.0105178798145792,0.0582217127146939));
#7661=CARTESIAN_POINT('',(-0.0619476681023348,0.00718255848222994,0.0617862018479604));
#7662=CARTESIAN_POINT('',(-0.0619486661733093,0.00925172598329478,0.061785364366978));
#7663=CARTESIAN_POINT('',(-0.061013187887687,0.0107180919964825,0.0606691125582575));
#7664=CARTESIAN_POINT('',(-0.0593760651985389,0.00698752291579272,0.0639440328960698));
#7665=CARTESIAN_POINT('',(-0.0591915439190815,0.00906214090147672,0.0640988646335971));
#7666=CARTESIAN_POINT('',(-0.0581137509182153,0.0105230564347044,0.0630709000342395));
#7667=CARTESIAN_POINT('',(-0.056032952254965,0.00624547733484405,0.0667492377340068));
#7668=CARTESIAN_POINT('',(-0.0556081712351065,0.00833956373458863,0.0671056713311509));
#7669=CARTESIAN_POINT('',(-0.0543230830828021,0.00978101087121552,0.0661362038257809));
#7670=CARTESIAN_POINT('',(-0.0535794935029324,0.00519769394119696,0.0688079340679461));
#7671=CARTESIAN_POINT('',(-0.0529964385650695,0.00731932429929903,0.0692971752510422));
#7672=CARTESIAN_POINT('',(-0.0515394027454807,0.00873322749911614,0.0683193534699763));
#7673=CARTESIAN_POINT('',(-0.0519851915514832,0.00434924266861616,0.0701457122473924));
#7674=CARTESIAN_POINT('',(-0.0513142665920487,0.00649761568220005,0.0707086851334015));
#7675=CARTESIAN_POINT('',(-0.0497423001381753,0.00788477624306527,0.0697150592363227));
#7676=CARTESIAN_POINT('',(-0.0487712535030505,0.0043492426686162,0.0663154900317974));
#7677=CARTESIAN_POINT('',(-0.0487712535030505,0.00434924266861616,0.0663154900317975));
#7678=CARTESIAN_POINT('',(-0.0330080561005792,-0.0025,0.0284954730916653));
#7679=CARTESIAN_POINT('',(-0.0288724653420089,-0.0025,0.0426778795670956));
#7680=CARTESIAN_POINT('',(-0.0330080561005792,0.0025,0.0284954730916653));
#7681=CARTESIAN_POINT('',(-0.0382836150793996,0.0025,0.034789125164585));
#7682=CARTESIAN_POINT('',(-0.0379003788622526,-0.0025,0.0331530896932419));
#7683=CARTESIAN_POINT('',(-0.0379003788622526,0.001,0.0331530896932419));
#7684=CARTESIAN_POINT('',(-0.0478918912523186,-0.001,0.0247778550455861));
#7685=CARTESIAN_POINT('',(-0.0784475532262349,-0.00075,0.0256907999882437));
#7686=CARTESIAN_POINT('',(-0.0784475532262349,4.33680868994202E-19,0.0256907999882437));
#7687=CARTESIAN_POINT('',(-0.0784475532262349,4.33680868994202E-19,0.0256907999882437));
#7688=CARTESIAN_POINT('',(-0.0784475532262349,-0.00075,0.0256907999882437));
#7689=CARTESIAN_POINT('',(-0.0784475532262349,-0.0015,0.0256907999882437));
#7690=CARTESIAN_POINT('',(-0.0784475532262349,-0.0015,0.0256907999882437));
#7691=CARTESIAN_POINT('',(-0.0781870809597345,-2.06578420823529E-17,0.027168011617762));
#7692=CARTESIAN_POINT('',(-0.0779266086932341,-2.01949464171393E-17,0.0286452232472803));
#7693=CARTESIAN_POINT('',(-0.0779266086932341,-2.01949464171393E-17,0.0286452232472803));
#7694=CARTESIAN_POINT('',(-0.0781870809597345,-2.06578420823529E-17,0.027168011617762));
#7695=CARTESIAN_POINT('',(-0.0779266086932341,0.00075,0.0286452232472803));
#7696=CARTESIAN_POINT('',(-0.0779266086932341,0.0015,0.0286452232472803));
#7697=CARTESIAN_POINT('',(-0.0779266086932341,0.0015,0.0286452232472803));
#7698=CARTESIAN_POINT('',(-0.0779266086932341,0.00075,0.0286452232472803));
#7699=CARTESIAN_POINT('',(-0.0783173170929847,0.0015,0.0264294058030029));
#7700=CARTESIAN_POINT('',(-0.0787080254927353,0.0015,0.0242135883587254));
#7701=CARTESIAN_POINT('',(-0.0787080254927353,0.0015,0.0242135883587254));
#7702=CARTESIAN_POINT('',(-0.0783173170929847,0.0015,0.0264294058030029));
#7703=CARTESIAN_POINT('',(-0.0787080254927353,-0.000750000000000011,0.0242135883587254));
#7704=CARTESIAN_POINT('',(-0.0787080254927353,-0.0015,0.0242135883587254));
#7705=CARTESIAN_POINT('',(-0.0787080254927353,-0.0015,0.0242135883587254));
#7706=CARTESIAN_POINT('',(-0.0787080254927353,-0.000750000000000011,0.0242135883587254));
#7707=CARTESIAN_POINT('',(-0.0785777893594851,-0.0015,0.0249521941734846));
#7708=CARTESIAN_POINT('',(-0.0785777893594851,-0.0015,0.0249521941734846));
#7709=CARTESIAN_POINT('',(-0.0788818499883813,-1.90819582357449E-17,0.023227780656764));
#7710=CARTESIAN_POINT('',(-0.0713964779304915,-0.00434924315907349,0.041204660568388));
#7711=CARTESIAN_POINT('',(-0.0713972779803868,0.00434924315907345,0.0412001232599624));
#7712=CARTESIAN_POINT('',(-0.0507108678062588,-0.0043492431590735,0.0375844969810143));
#7713=CARTESIAN_POINT('',(-0.0388639768334678,0.001,0.0343026456726835));
#7714=CARTESIAN_POINT('',(-0.0382836150793996,-0.001,0.034789125164585));
#7715=MECHANICAL_DESIGN_GEOMETRIC_PRESENTATION_REPRESENTATION('',(#2970,
#2637,#2638,#2639,#2640,#2641,#2642,#2643,#2644,#2645,#2646,#2647,#2648,
#2649,#2650,#2651,#2652,#2653,#2654,#2655,#2656,#2657,#2658,#2659,#2660,
#2661,#2662,#2663,#2664,#2665,#2666,#2667,#2668,#2669,#2670,#2671,#2672,
#2673,#2674,#2675,#2676,#2677,#2678,#2679,#2680,#2681,#2682,#2683,#2684,
#2685,#2686,#2687,#2688,#2689,#2690,#2691,#2692,#2693,#2694,#2695,#2696,
#2697,#2698,#2699,#2700,#2701,#2702,#2703,#2704,#2705,#2706,#2707,#2708,
#2709,#2710,#2711,#2712,#2713,#2714,#2715,#2716,#2717,#2718,#2719,#2720,
#2721,#2722,#2723,#2724,#2725,#2726,#2727,#2728,#2729,#2730,#2731,#2732,
#2733,#2734,#2735,#2736,#2737,#2738,#2739,#2740,#2741,#2742,#2743,#2744,
#2745,#2746,#2747,#2748,#2749,#2750,#2751,#2752,#2753,#2754,#2755,#2756,
#2757,#2758,#2759,#2760,#2761,#2762,#2763,#2764,#2765,#2766,#2767,#2768,
#2769,#2770,#2771,#2772,#2773,#2774,#2775,#2776,#2777,#2778,#2779,#2780,
#2781,#2782,#2783,#2784,#2785,#2786,#2787,#2788,#2789,#2790,#2791,#2792,
#2793,#2794,#2795,#2796,#2797,#2798,#2799,#2800,#2801,#2802),#7716);
#7716=(
GEOMETRIC_REPRESENTATION_CONTEXT(3)
GLOBAL_UNCERTAINTY_ASSIGNED_CONTEXT((#7717))
GLOBAL_UNIT_ASSIGNED_CONTEXT((#7720,#7719,#7718))
REPRESENTATION_CONTEXT('[L} Ang 2 connector (7/8") Copy 1',
'TOP_LEVEL_ASSEMBLY_PART')
);
#7717=UNCERTAINTY_MEASURE_WITH_UNIT(LENGTH_MEASURE(5.E-6),#7720,
'DISTANCE_ACCURACY_VALUE','Maximum Tolerance applied to model');
#7718=(
NAMED_UNIT(*)
SI_UNIT($,.STERADIAN.)
SOLID_ANGLE_UNIT()
);
#7719=(
NAMED_UNIT(*)
PLANE_ANGLE_UNIT()
SI_UNIT($,.RADIAN.)
);
#7720=(
LENGTH_UNIT()
NAMED_UNIT(*)
SI_UNIT($,.METRE.)
);
#7721=PRODUCT_DEFINITION_SHAPE('','',#7722);
#7722=PRODUCT_DEFINITION('','',#7724,#7723);
#7723=PRODUCT_DEFINITION_CONTEXT('',#7730,'design');
#7724=PRODUCT_DEFINITION_FORMATION_WITH_SPECIFIED_SOURCE('','',#7726,
 .NOT_KNOWN.);
#7725=PRODUCT_RELATED_PRODUCT_CATEGORY('','',(#7726));
#7726=PRODUCT('[L} Ang 2 connector (7/8") Copy 1',
'[L} Ang 2 connector (7/8") Copy 1','[L} Ang 2 connector (7/8") Copy 1',
(#7728));
#7727=PRODUCT_CATEGORY('','');
#7728=PRODUCT_CONTEXT('',#7730,'mechanical');
#7729=APPLICATION_PROTOCOL_DEFINITION('international standard',
'ap242_managed_model_based_3d_engineering',2011,#7730);
#7730=APPLICATION_CONTEXT('managed model based 3d engineering');
ENDSEC;
END-ISO-10303-21;
