ISO-10303-21;
HEADER;
/* Generated by software containing ST-Developer
 * from STEP Tools, Inc. (www.steptools.com) 
 */
/* OPTION: using custom renumber hook */

FILE_DESCRIPTION(
/* description */ ('STEP AP242',
'CAx-IF Rec.Pracs.---Representation and Presentation of Product Manufa
cturing Information (PMI)---4.0---2014-10-13',
'CAx-IF Rec.Pracs.---3D Tessellated Geometry---0.4---2014-09-14','2;1'),

/* implementation_level */ '2;1');

FILE_NAME(
/* name */ '64246a5c1269fe207307ec40',
/* time_stamp */ '2023-03-29T16:42:05+00:00',
/* author */ (''),
/* organization */ (''),
/* preprocessor_version */ 'ST-DEVELOPER v18.102',
/* originating_system */ '  ',
/* authorisation */ '  ');

FILE_SCHEMA (('AP242_MANAGED_MODEL_BASED_3D_ENGINEERING_MIM_LF { 1 0 10303 442 1 1 4 }'));
ENDSEC;

DATA;
#10=SHAPE_REPRESENTATION_RELATIONSHIP('','',#4154,#11);
#11=ADVANCED_BREP_SHAPE_REPRESENTATION('',(#4152),#7977);
#12=SPHERICAL_SURFACE('',#4344,0.005);
#13=SPHERICAL_SURFACE('',#4350,0.005);
#14=SPHERICAL_SURFACE('',#4352,0.005);
#15=SPHERICAL_SURFACE('',#4357,0.005);
#16=ELLIPSE('',#4173,799.925071830671,0.574037479373177);
#17=ELLIPSE('',#4175,799.925067864241,0.574037477950013);
#18=ELLIPSE('',#4179,799.92280846295,0.574035852797307);
#19=ELLIPSE('',#4181,799.922809842633,0.574035853292361);
#20=ELLIPSE('',#4184,799.92279880552,0.574035849332174);
#21=ELLIPSE('',#4186,799.922799322929,0.57403584951784);
#22=ELLIPSE('',#4199,799.925067864241,0.574037477950013);
#23=ELLIPSE('',#4201,799.925071830671,0.574037479373177);
#24=ELLIPSE('',#4202,0.00233217510068906,0.0015);
#25=ELLIPSE('',#4203,0.00233217510068906,0.0015);
#26=ELLIPSE('',#4206,0.0450524343141702,0.0318568736098419);
#27=ELLIPSE('',#4207,799.92279880552,0.574035849332174);
#28=ELLIPSE('',#4212,799.922799322929,0.57403584951784);
#29=ELLIPSE('',#4213,0.0450524343141702,0.0318568736098419);
#30=ELLIPSE('',#4215,0.0487164302236015,0.0368568736098418);
#31=ELLIPSE('',#4216,0.0487164302236016,0.0368568736098418);
#32=ELLIPSE('',#4219,0.0123359605227611,0.00585690734116194);
#33=ELLIPSE('',#4222,799.92280846295,0.574035852797307);
#34=ELLIPSE('',#4226,0.00233217630168945,0.0015);
#35=ELLIPSE('',#4227,0.00233217630168945,0.0015);
#36=ELLIPSE('',#4232,799.922809842633,0.574035853292361);
#37=ELLIPSE('',#4325,0.0070685338477549,0.005);
#38=ELLIPSE('',#4327,0.00706748247119992,0.005);
#39=ELLIPSE('',#4328,0.00706748247119992,0.005);
#40=ELLIPSE('',#4330,0.00706853384775492,0.005);
#41=CONICAL_SURFACE('',#4170,0.005,0.785398163397449);
#42=CONICAL_SURFACE('',#4174,0.005,0.785398163397449);
#43=CONICAL_SURFACE('',#4178,0.005,0.785398163397452);
#44=CONICAL_SURFACE('',#4183,0.005,0.785398163397449);
#45=CONICAL_SURFACE('',#4267,0.002,0.785398163397446);
#46=CONICAL_SURFACE('',#4268,0.005,0.785398163397449);
#47=CONICAL_SURFACE('',#4269,0.005,0.785398163397452);
#48=CONICAL_SURFACE('',#4270,0.002,0.785398163397449);
#49=CONICAL_SURFACE('',#4271,0.002,0.785398163397447);
#50=CONICAL_SURFACE('',#4272,0.005,0.785398163397449);
#51=CONICAL_SURFACE('',#4273,0.00400287251835595,0.78539816339745);
#52=CONICAL_SURFACE('',#4274,0.005,0.785398163397449);
#53=CONICAL_SURFACE('',#4275,0.00400287251835596,0.785398163397449);
#54=CONICAL_SURFACE('',#4276,0.002,0.785398163397446);
#55=B_SPLINE_SURFACE_WITH_KNOTS('',1,3,((#5250,#5251,#5252,#5253,#5254,
#5255,#5256,#5257,#5258,#5259,#5260,#5261,#5262,#5263,#5264,#5265,#5266,
#5267,#5268,#5269,#5270,#5271,#5272,#5273,#5274,#5275,#5276,#5277,#5278,
#5279,#5280,#5281,#5282,#5283),(#5284,#5285,#5286,#5287,#5288,#5289,#5290,
#5291,#5292,#5293,#5294,#5295,#5296,#5297,#5298,#5299,#5300,#5301,#5302,
#5303,#5304,#5305,#5306,#5307,#5308,#5309,#5310,#5311,#5312,#5313,#5314,
#5315,#5316,#5317),(#5318,#5319,#5320,#5321,#5322,#5323,#5324,#5325,#5326,
#5327,#5328,#5329,#5330,#5331,#5332,#5333,#5334,#5335,#5336,#5337,#5338,
#5339,#5340,#5341,#5342,#5343,#5344,#5345,#5346,#5347,#5348,#5349,#5350,
#5351),(#5352,#5353,#5354,#5355,#5356,#5357,#5358,#5359,#5360,#5361,#5362,
#5363,#5364,#5365,#5366,#5367,#5368,#5369,#5370,#5371,#5372,#5373,#5374,
#5375,#5376,#5377,#5378,#5379,#5380,#5381,#5382,#5383,#5384,#5385),(#5386,
#5387,#5388,#5389,#5390,#5391,#5392,#5393,#5394,#5395,#5396,#5397,#5398,
#5399,#5400,#5401,#5402,#5403,#5404,#5405,#5406,#5407,#5408,#5409,#5410,
#5411,#5412,#5413,#5414,#5415,#5416,#5417,#5418,#5419)),.RULED_SURF.,.F.,
 .T.,.F.,(2,1,1,1,2),(2,2,2,2,2,2,2,2,2,2,2,2,2,2,2,2,2,2,2),(-2.37200391852017,
-2.33565908090771,0.,1.,1.73158491054154),(-2.35049688916223,-1.9577978074635,
-1.56509872576477,-1.17239964406605,-0.779700562367327,-0.387001480668604,
0.00569760103012085,0.398396682728845,0.791095764427569,1.18379484612629,
1.57649392782502,1.96919300952374,2.36189209122246,2.75459117292119,3.14729025461992,
3.53998933631864,3.93268841801736,4.32538749971608,4.71808658141481),
 .UNSPECIFIED.);
#56=B_SPLINE_SURFACE_WITH_KNOTS('',1,3,((#5470,#5471,#5472,#5473,#5474,
#5475,#5476,#5477,#5478,#5479,#5480,#5481,#5482,#5483,#5484,#5485,#5486,
#5487,#5488,#5489,#5490,#5491,#5492,#5493,#5494,#5495,#5496,#5497,#5498,
#5499,#5500,#5501,#5502,#5503),(#5504,#5505,#5506,#5507,#5508,#5509,#5510,
#5511,#5512,#5513,#5514,#5515,#5516,#5517,#5518,#5519,#5520,#5521,#5522,
#5523,#5524,#5525,#5526,#5527,#5528,#5529,#5530,#5531,#5532,#5533,#5534,
#5535,#5536,#5537),(#5538,#5539,#5540,#5541,#5542,#5543,#5544,#5545,#5546,
#5547,#5548,#5549,#5550,#5551,#5552,#5553,#5554,#5555,#5556,#5557,#5558,
#5559,#5560,#5561,#5562,#5563,#5564,#5565,#5566,#5567,#5568,#5569,#5570,
#5571),(#5572,#5573,#5574,#5575,#5576,#5577,#5578,#5579,#5580,#5581,#5582,
#5583,#5584,#5585,#5586,#5587,#5588,#5589,#5590,#5591,#5592,#5593,#5594,
#5595,#5596,#5597,#5598,#5599,#5600,#5601,#5602,#5603,#5604,#5605),(#5606,
#5607,#5608,#5609,#5610,#5611,#5612,#5613,#5614,#5615,#5616,#5617,#5618,
#5619,#5620,#5621,#5622,#5623,#5624,#5625,#5626,#5627,#5628,#5629,#5630,
#5631,#5632,#5633,#5634,#5635,#5636,#5637,#5638,#5639)),.RULED_SURF.,.F.,
 .T.,.F.,(2,1,1,1,2),(2,2,2,2,2,2,2,2,2,2,2,2,2,2,2,2,2,2,2),(-2.36730206140694,
0.,1.,1.73078127255852,1.77176210589818),(3.88629827848162,4.27899736018034,
4.67169644187907,5.06439552357779,5.45709460527651,5.84979368697524,6.24249276867396,
6.63519185037269,7.02789093207141,7.42059001377013,7.81328909546886,8.20598817716758,
8.59868725886631,8.99138634056503,9.38408542226376,9.77678450396248,10.1694835856612,
10.5621826673599,10.9548817490586),.UNSPECIFIED.);
#57=B_SPLINE_SURFACE_WITH_KNOTS('',1,3,((#6524,#6525,#6526,#6527,#6528,
#6529,#6530,#6531,#6532,#6533,#6534,#6535,#6536,#6537,#6538,#6539,#6540,
#6541,#6542,#6543,#6544,#6545,#6546,#6547,#6548,#6549,#6550,#6551,#6552,
#6553,#6554,#6555,#6556,#6557),(#6558,#6559,#6560,#6561,#6562,#6563,#6564,
#6565,#6566,#6567,#6568,#6569,#6570,#6571,#6572,#6573,#6574,#6575,#6576,
#6577,#6578,#6579,#6580,#6581,#6582,#6583,#6584,#6585,#6586,#6587,#6588,
#6589,#6590,#6591),(#6592,#6593,#6594,#6595,#6596,#6597,#6598,#6599,#6600,
#6601,#6602,#6603,#6604,#6605,#6606,#6607,#6608,#6609,#6610,#6611,#6612,
#6613,#6614,#6615,#6616,#6617,#6618,#6619,#6620,#6621,#6622,#6623,#6624,
#6625),(#6626,#6627,#6628,#6629,#6630,#6631,#6632,#6633,#6634,#6635,#6636,
#6637,#6638,#6639,#6640,#6641,#6642,#6643,#6644,#6645,#6646,#6647,#6648,
#6649,#6650,#6651,#6652,#6653,#6654,#6655,#6656,#6657,#6658,#6659),(#6660,
#6661,#6662,#6663,#6664,#6665,#6666,#6667,#6668,#6669,#6670,#6671,#6672,
#6673,#6674,#6675,#6676,#6677,#6678,#6679,#6680,#6681,#6682,#6683,#6684,
#6685,#6686,#6687,#6688,#6689,#6690,#6691,#6692,#6693)),.RULED_SURF.,.F.,
 .T.,.F.,(2,1,1,1,2),(2,2,2,2,2,2,2,2,2,2,2,2,2,2,2,2,2,2,2),(-2.37200391852017,
-2.33565908090771,0.,1.,1.73158491054154),(-2.35049688916223,-1.9577978074635,
-1.56509872576477,-1.17239964406605,-0.779700562367327,-0.387001480668604,
0.00569760103012085,0.398396682728845,0.791095764427569,1.18379484612629,
1.57649392782502,1.96919300952374,2.36189209122246,2.75459117292119,3.14729025461992,
3.53998933631864,3.93268841801736,4.32538749971608,4.71808658141481),
 .UNSPECIFIED.);
#58=B_SPLINE_SURFACE_WITH_KNOTS('',1,3,((#6709,#6710,#6711,#6712,#6713,
#6714,#6715,#6716,#6717,#6718,#6719,#6720,#6721,#6722,#6723,#6724,#6725,
#6726,#6727,#6728,#6729,#6730,#6731,#6732,#6733,#6734,#6735,#6736,#6737,
#6738,#6739,#6740,#6741,#6742),(#6743,#6744,#6745,#6746,#6747,#6748,#6749,
#6750,#6751,#6752,#6753,#6754,#6755,#6756,#6757,#6758,#6759,#6760,#6761,
#6762,#6763,#6764,#6765,#6766,#6767,#6768,#6769,#6770,#6771,#6772,#6773,
#6774,#6775,#6776),(#6777,#6778,#6779,#6780,#6781,#6782,#6783,#6784,#6785,
#6786,#6787,#6788,#6789,#6790,#6791,#6792,#6793,#6794,#6795,#6796,#6797,
#6798,#6799,#6800,#6801,#6802,#6803,#6804,#6805,#6806,#6807,#6808,#6809,
#6810),(#6811,#6812,#6813,#6814,#6815,#6816,#6817,#6818,#6819,#6820,#6821,
#6822,#6823,#6824,#6825,#6826,#6827,#6828,#6829,#6830,#6831,#6832,#6833,
#6834,#6835,#6836,#6837,#6838,#6839,#6840,#6841,#6842,#6843,#6844),(#6845,
#6846,#6847,#6848,#6849,#6850,#6851,#6852,#6853,#6854,#6855,#6856,#6857,
#6858,#6859,#6860,#6861,#6862,#6863,#6864,#6865,#6866,#6867,#6868,#6869,
#6870,#6871,#6872,#6873,#6874,#6875,#6876,#6877,#6878)),.RULED_SURF.,.F.,
 .T.,.F.,(2,1,1,1,2),(2,2,2,2,2,2,2,2,2,2,2,2,2,2,2,2,2,2,2),(-2.36730206140694,
0.,1.,1.73078127255852,1.77176210589818),(3.88629827848162,4.27899736018034,
4.67169644187907,5.06439552357779,5.45709460527651,5.84979368697524,6.24249276867396,
6.63519185037269,7.02789093207141,7.42059001377013,7.81328909546886,8.20598817716758,
8.59868725886631,8.99138634056503,9.38408542226376,9.77678450396248,10.1694835856612,
10.5621826673599,10.9548817490586),.UNSPECIFIED.);
#59=B_SPLINE_SURFACE_WITH_KNOTS('',3,3,((#7358,#7359,#7360,#7361,#7362,
#7363,#7364,#7365,#7366),(#7367,#7368,#7369,#7370,#7371,#7372,#7373,#7374,
#7375),(#7376,#7377,#7378,#7379,#7380,#7381,#7382,#7383,#7384),(#7385,#7386,
#7387,#7388,#7389,#7390,#7391,#7392,#7393),(#7394,#7395,#7396,#7397,#7398,
#7399,#7400,#7401,#7402),(#7403,#7404,#7405,#7406,#7407,#7408,#7409,#7410,
#7411),(#7412,#7413,#7414,#7415,#7416,#7417,#7418,#7419,#7420),(#7421,#7422,
#7423,#7424,#7425,#7426,#7427,#7428,#7429),(#7430,#7431,#7432,#7433,#7434,
#7435,#7436,#7437,#7438),(#7439,#7440,#7441,#7442,#7443,#7444,#7445,#7446,
#7447),(#7448,#7449,#7450,#7451,#7452,#7453,#7454,#7455,#7456),(#7457,#7458,
#7459,#7460,#7461,#7462,#7463,#7464,#7465),(#7466,#7467,#7468,#7469,#7470,
#7471,#7472,#7473,#7474),(#7475,#7476,#7477,#7478,#7479,#7480,#7481,#7482,
#7483),(#7484,#7485,#7486,#7487,#7488,#7489,#7490,#7491,#7492),(#7493,#7494,
#7495,#7496,#7497,#7498,#7499,#7500,#7501),(#7502,#7503,#7504,#7505,#7506,
#7507,#7508,#7509,#7510),(#7511,#7512,#7513,#7514,#7515,#7516,#7517,#7518,
#7519),(#7520,#7521,#7522,#7523,#7524,#7525,#7526,#7527,#7528),(#7529,#7530,
#7531,#7532,#7533,#7534,#7535,#7536,#7537)),.UNSPECIFIED.,.F.,.F.,.F.,(4,
1,1,1,1,1,1,1,1,1,1,1,1,1,1,1,1,4),(4,1,1,1,1,1,4),(-9.0568756169999E-5,
2.87744485748166E-5,0.000148117653319632,0.000386804062809263,0.000864176881788525,
0.00181892251974705,0.00277366815770557,0.0037284137956641,0.00563790507158115,
0.0075473963474982,0.00945688762341524,0.0113663788993323,0.0132758701752493,
0.0142306158132079,0.0147079886321871,0.0149466750416768,0.0150660182464216,
0.0151853614511664),(-0.0060041113716567,0.1197464025498,0.245496916471257,
0.496997944314172,0.748498972157086,0.874249486078543,1.),.UNSPECIFIED.);
#60=B_SPLINE_SURFACE_WITH_KNOTS('',1,3,((#7568,#7569,#7570,#7571),(#7572,
#7573,#7574,#7575)),.RULED_SURF.,.F.,.F.,.F.,(2,2),(4,4),(0.,1.),(2.35619474767734,
3.14159265358981),.PIECEWISE_BEZIER_KNOTS.);
#61=B_SPLINE_SURFACE_WITH_KNOTS('',1,3,((#7585,#7586,#7587,#7588),(#7589,
#7590,#7591,#7592)),.RULED_SURF.,.F.,.F.,.F.,(2,2),(4,4),(0.,1.),(1.57079632679489,
2.35619474767731),.PIECEWISE_BEZIER_KNOTS.);
#62=B_SPLINE_SURFACE_WITH_KNOTS('',1,3,((#7602,#7603,#7604,#7605),(#7606,
#7607,#7608,#7609)),.RULED_SURF.,.F.,.F.,.F.,(2,2),(4,4),(0.,1.),(0.785397905912477,
1.5707963267949),.PIECEWISE_BEZIER_KNOTS.);
#63=B_SPLINE_SURFACE_WITH_KNOTS('',1,3,((#7629,#7630,#7631,#7632),(#7633,
#7634,#7635,#7636)),.RULED_SURF.,.F.,.F.,.F.,(2,2),(4,4),(0.,1.),(4.71238898038468,
5.49778740126711),.PIECEWISE_BEZIER_KNOTS.);
#64=B_SPLINE_SURFACE_WITH_KNOTS('',1,3,((#7646,#7647,#7648,#7649),(#7650,
#7651,#7652,#7653)),.RULED_SURF.,.F.,.F.,.F.,(2,2),(4,4),(0.,1.),(3.92699055950227,
4.71238898038468),.PIECEWISE_BEZIER_KNOTS.);
#65=B_SPLINE_SURFACE_WITH_KNOTS('',1,3,((#7663,#7664,#7665,#7666),(#7667,
#7668,#7669,#7670)),.RULED_SURF.,.F.,.F.,.F.,(2,2),(4,4),(0.,1.),(3.1415926535898,
3.92699055950227),.PIECEWISE_BEZIER_KNOTS.);
#66=B_SPLINE_SURFACE_WITH_KNOTS('',1,3,((#7681,#7682,#7683,#7684),(#7685,
#7686,#7687,#7688)),.RULED_SURF.,.F.,.F.,.F.,(2,2),(4,4),(0.,1.),(2.35619474767731,
3.1415926535898),.PIECEWISE_BEZIER_KNOTS.);
#67=B_SPLINE_SURFACE_WITH_KNOTS('',1,3,((#7703,#7704,#7705,#7706),(#7707,
#7708,#7709,#7710)),.RULED_SURF.,.F.,.F.,.F.,(2,2),(4,4),(0.,1.),(3.1415926535898,
3.92699055950227),.PIECEWISE_BEZIER_KNOTS.);
#68=B_SPLINE_SURFACE_WITH_KNOTS('',1,3,((#7715,#7716,#7717,#7718),(#7719,
#7720,#7721,#7722)),.RULED_SURF.,.F.,.F.,.F.,(2,2),(4,4),(0.,1.),(1.5707963267949,
2.35619474767731),.PIECEWISE_BEZIER_KNOTS.);
#69=B_SPLINE_SURFACE_WITH_KNOTS('',1,3,((#7737,#7738,#7739,#7740),(#7741,
#7742,#7743,#7744)),.RULED_SURF.,.F.,.F.,.F.,(2,2),(4,4),(0.,1.),(3.92699055950227,
4.71238898038469),.PIECEWISE_BEZIER_KNOTS.);
#70=B_SPLINE_SURFACE_WITH_KNOTS('',1,3,((#7749,#7750,#7751,#7752),(#7753,
#7754,#7755,#7756)),.RULED_SURF.,.F.,.F.,.F.,(2,2),(4,4),(0.,1.),(0.785397905912473,
1.5707963267949),.PIECEWISE_BEZIER_KNOTS.);
#71=B_SPLINE_SURFACE_WITH_KNOTS('',1,3,((#7771,#7772,#7773,#7774),(#7775,
#7776,#7777,#7778)),.RULED_SURF.,.F.,.F.,.F.,(2,2),(4,4),(0.,1.),(4.71238898038469,
5.49778740126711),.PIECEWISE_BEZIER_KNOTS.);
#72=B_SPLINE_SURFACE_WITH_KNOTS('',1,3,((#7783,#7784,#7785,#7786),(#7787,
#7788,#7789,#7790)),.RULED_SURF.,.F.,.F.,.F.,(2,2),(4,4),(0.,1.),(0.,0.785397905912473),
 .PIECEWISE_BEZIER_KNOTS.);
#73=B_SPLINE_SURFACE_WITH_KNOTS('',1,3,((#7805,#7806,#7807,#7808),(#7809,
#7810,#7811,#7812)),.RULED_SURF.,.F.,.F.,.F.,(2,2),(4,4),(0.,1.),(5.49778740126711,
6.28318530717959),.PIECEWISE_BEZIER_KNOTS.);
#74=(
BOUNDED_SURFACE()
B_SPLINE_SURFACE(3,2,((#5079,#5080,#5081),(#5082,#5083,#5084),(#5085,#5086,
#5087),(#5088,#5089,#5090)),.UNSPECIFIED.,.F.,.F.,.F.)
B_SPLINE_SURFACE_WITH_KNOTS((4,4),(3,3),(0.0513193745215278,0.0602121675624011),
(0.,1.),.PIECEWISE_BEZIER_KNOTS.)
GEOMETRIC_REPRESENTATION_ITEM()
RATIONAL_B_SPLINE_SURFACE(((1.,0.92387955045105,1.),(1.,0.92387955045105,
1.),(1.,0.92387955045105,1.),(1.,0.92387955045105,1.)))
REPRESENTATION_ITEM('')
SURFACE()
);
#75=(
BOUNDED_SURFACE()
B_SPLINE_SURFACE(3,2,((#5105,#5106,#5107),(#5108,#5109,#5110),(#5111,#5112,
#5113),(#5114,#5115,#5116)),.UNSPECIFIED.,.F.,.F.,.F.)
B_SPLINE_SURFACE_WITH_KNOTS((4,4),(3,3),(0.0513272697585956,0.0602207814453033),
(0.,1.),.PIECEWISE_BEZIER_KNOTS.)
GEOMETRIC_REPRESENTATION_ITEM()
RATIONAL_B_SPLINE_SURFACE(((1.,0.923879550451051,1.),(1.,0.923879550451051,
1.),(1.,0.92387955045105,1.),(1.,0.92387955045105,1.)))
REPRESENTATION_ITEM('')
SURFACE()
);
#76=(
BOUNDED_SURFACE()
B_SPLINE_SURFACE(1,3,((#5993,#5994,#5995,#5996),(#5997,#5998,#5999,#6000)),
 .SURF_OF_REVOLUTION.,.F.,.F.,.F.)
B_SPLINE_SURFACE_WITH_KNOTS((2,2),(4,4),(0.16129037606207,0.842774229628157),
(0.,1.),.PIECEWISE_BEZIER_KNOTS.)
GEOMETRIC_REPRESENTATION_ITEM()
RATIONAL_B_SPLINE_SURFACE(((1.,0.843812116645932,0.843812116645932,1.),
(1.,0.843812116645932,0.843812116645932,1.)))
REPRESENTATION_ITEM('')
SURFACE()
);
#77=(
BOUNDED_SURFACE()
B_SPLINE_SURFACE(1,3,((#6034,#6035,#6036,#6037),(#6038,#6039,#6040,#6041)),
 .SURF_OF_REVOLUTION.,.F.,.F.,.F.)
B_SPLINE_SURFACE_WITH_KNOTS((2,2),(4,4),(0.161290352922094,0.842774092502784),
(0.,1.),.PIECEWISE_BEZIER_KNOTS.)
GEOMETRIC_REPRESENTATION_ITEM()
RATIONAL_B_SPLINE_SURFACE(((1.,0.843812116645932,0.843812116645932,1.),
(1.,0.843812116645932,0.843812116645932,1.)))
REPRESENTATION_ITEM('')
SURFACE()
);
#78=(
BOUNDED_SURFACE()
B_SPLINE_SURFACE(1,3,((#6068,#6069,#6070,#6071),(#6072,#6073,#6074,#6075)),
 .SURF_OF_REVOLUTION.,.F.,.F.,.F.)
B_SPLINE_SURFACE_WITH_KNOTS((2,2),(4,4),(0.,1.),(0.,1.),
 .PIECEWISE_BEZIER_KNOTS.)
GEOMETRIC_REPRESENTATION_ITEM()
RATIONAL_B_SPLINE_SURFACE(((1.,0.843812116645932,0.843812116645932,1.),
(1.,0.843812116645932,0.843812116645932,1.)))
REPRESENTATION_ITEM('')
SURFACE()
);
#79=(
BOUNDED_SURFACE()
B_SPLINE_SURFACE(1,3,((#6089,#6090,#6091,#6092),(#6093,#6094,#6095,#6096)),
 .SURF_OF_REVOLUTION.,.F.,.F.,.F.)
B_SPLINE_SURFACE_WITH_KNOTS((2,2),(4,4),(0.,1.),(0.,1.),
 .PIECEWISE_BEZIER_KNOTS.)
GEOMETRIC_REPRESENTATION_ITEM()
RATIONAL_B_SPLINE_SURFACE(((1.,0.843812116645932,0.843812116645932,1.),
(1.,0.843812116645932,0.843812116645932,1.)))
REPRESENTATION_ITEM('')
SURFACE()
);
#80=(
BOUNDED_SURFACE()
B_SPLINE_SURFACE(3,2,((#6910,#6911,#6912),(#6913,#6914,#6915),(#6916,#6917,
#6918),(#6919,#6920,#6921),(#6922,#6923,#6924),(#6925,#6926,#6927),(#6928,
#6929,#6930),(#6931,#6932,#6933),(#6934,#6935,#6936),(#6937,#6938,#6939),
(#6940,#6941,#6942),(#6943,#6944,#6945),(#6946,#6947,#6948),(#6949,#6950,
#6951),(#6952,#6953,#6954),(#6955,#6956,#6957),(#6958,#6959,#6960),(#6961,
#6962,#6963),(#6964,#6965,#6966)),.UNSPECIFIED.,.F.,.F.,.F.)
B_SPLINE_SURFACE_WITH_KNOTS((4,1,1,1,1,1,1,1,1,1,1,1,1,1,1,1,4),(3,3),(0.013128899236464,
0.0136114718462366,0.0140940444560092,0.0145766170657817,0.0150591896755543,
0.0160243348950994,0.0169894801146446,0.0189197705537349,0.0208500609928251,
0.0227803514319154,0.0247106418710057,0.0256757870905508,0.0266409323100959,
0.0271235049198685,0.0276060775296411,0.0280886501394136,0.0285712227491862),
(0.,1.),.UNSPECIFIED.)
GEOMETRIC_REPRESENTATION_ITEM()
RATIONAL_B_SPLINE_SURFACE(((1.,0.92386814826733,1.),(1.,0.923900060425359,
1.),(1.,0.923870620510409,1.),(1.,0.9238824480328,1.),(1.,0.923879297815663,
1.),(1.,0.923880328943868,1.),(1.,0.923879826570055,1.),(1.,0.923880024154543,
1.),(1.,0.92387992590202,1.),(1.,0.923879963044143,1.),(1.,0.923879932378676,
1.),(1.,0.923880003645129,1.),(1.,0.923879862191667,1.),(1.,0.923880221539313,
1.),(1.,0.923879484019541,1.),(1.,0.923881737219744,1.),(1.,0.92387327755876,
1.),(1.,0.923894334521246,1.),(1.,0.923876697869047,1.)))
REPRESENTATION_ITEM('')
SURFACE()
);
#81=(
BOUNDED_SURFACE()
B_SPLINE_SURFACE(3,2,((#6994,#6995,#6996),(#6997,#6998,#6999),(#7000,#7001,
#7002),(#7003,#7004,#7005),(#7006,#7007,#7008),(#7009,#7010,#7011),(#7012,
#7013,#7014),(#7015,#7016,#7017),(#7018,#7019,#7020),(#7021,#7022,#7023),
(#7024,#7025,#7026),(#7027,#7028,#7029),(#7030,#7031,#7032),(#7033,#7034,
#7035),(#7036,#7037,#7038),(#7039,#7040,#7041),(#7042,#7043,#7044),(#7045,
#7046,#7047),(#7048,#7049,#7050)),.UNSPECIFIED.,.F.,.F.,.F.)
B_SPLINE_SURFACE_WITH_KNOTS((4,1,1,1,1,1,1,1,1,1,1,1,1,1,1,1,4),(3,3),(-0.000142052120651765,
0.000605770803969916,0.0013535937285916,0.00210141665321328,0.00284923957783496,
0.00434488542707832,0.00584053127632168,0.00883182297480841,0.0118231146732951,
0.0148144063717819,0.0178056980702686,0.0193013439195119,0.0207969897687553,
0.021544812693377,0.0222926356179987,0.0230404585426204,0.023788281467242),
(0.,1.),.UNSPECIFIED.)
GEOMETRIC_REPRESENTATION_ITEM()
RATIONAL_B_SPLINE_SURFACE(((1.,0.923881054970291,1.),(1.,0.923878166130392,
1.),(1.,0.923879985299296,1.),(1.,0.923879254445964,1.),(1.,0.923879449105939,
1.),(1.,0.923879385390513,1.),(1.,0.923879416428408,1.),(1.,0.923879404247228,
1.),(1.,0.923879410105628,1.),(1.,0.923879408691026,1.),(1.,0.923879407319356,
1.),(1.,0.923879413070423,1.),(1.,0.923879401103913,1.),(1.,0.923879431596188,
1.),(1.,0.923879369000623,1.),(1.,0.923879560239301,1.),(1.,0.923878842231265,
1.),(1.,0.923880629426909,1.),(1.,0.923877740374003,1.)))
REPRESENTATION_ITEM('')
SURFACE()
);
#82=(
BOUNDED_SURFACE()
B_SPLINE_SURFACE(3,2,((#7059,#7060,#7061),(#7062,#7063,#7064),(#7065,#7066,
#7067),(#7068,#7069,#7070),(#7071,#7072,#7073),(#7074,#7075,#7076),(#7077,
#7078,#7079),(#7080,#7081,#7082),(#7083,#7084,#7085),(#7086,#7087,#7088),
(#7089,#7090,#7091),(#7092,#7093,#7094),(#7095,#7096,#7097),(#7098,#7099,
#7100),(#7101,#7102,#7103)),.UNSPECIFIED.,.F.,.F.,.F.)
B_SPLINE_SURFACE_WITH_KNOTS((4,1,1,1,1,1,1,1,1,1,1,1,4),(3,3),(0.,0.00450357506327244,
0.00900715012654487,0.0135107251898173,0.0180143002530897,0.0225178753163622,
0.0247696628479984,0.0270214503796346,0.0292732379112708,0.0315250254429071,
0.0337768129745433,0.0349027067403614,0.0360286005061795),(0.,1.),
 .UNSPECIFIED.)
GEOMETRIC_REPRESENTATION_ITEM()
RATIONAL_B_SPLINE_SURFACE(((1.,0.923879506230812,1.),(1.,0.923879506230812,
1.),(1.,0.923879506228176,1.),(1.,0.923879506240036,1.),(1.,0.923879506196551,
1.),(1.,0.923879506358629,1.),(1.,0.923879505854607,1.),(1.,0.923879506882416,
1.),(1.,0.923879503743645,1.),(1.,0.923879515527872,1.),(1.,0.923879471529737,
1.),(1.,0.923879608369997,1.),(1.,0.923879329320492,1.),(1.,0.923879897437019,
1.),(1.,0.92387897671241,1.)))
REPRESENTATION_ITEM('')
SURFACE()
);
#83=(
BOUNDED_SURFACE()
B_SPLINE_SURFACE(3,2,((#7112,#7113,#7114),(#7115,#7116,#7117),(#7118,#7119,
#7120),(#7121,#7122,#7123)),.UNSPECIFIED.,.F.,.F.,.F.)
B_SPLINE_SURFACE_WITH_KNOTS((4,4),(3,3),(0.,2.88530562557291E-6),(0.,1.),
 .PIECEWISE_BEZIER_KNOTS.)
GEOMETRIC_REPRESENTATION_ITEM()
RATIONAL_B_SPLINE_SURFACE(((1.,0.923879534954713,1.),(1.,0.923879532596533,
1.),(1.,0.923879529969232,1.),(1.,0.923879527072814,1.)))
REPRESENTATION_ITEM('')
SURFACE()
);
#84=(
BOUNDED_SURFACE()
B_SPLINE_SURFACE(3,2,((#7125,#7126,#7127),(#7128,#7129,#7130),(#7131,#7132,
#7133),(#7134,#7135,#7136),(#7137,#7138,#7139)),.UNSPECIFIED.,.F.,.F.,.F.)
B_SPLINE_SURFACE_WITH_KNOTS((4,1,4),(3,3),(0.0156591867381753,0.020106781779962,
0.0245543768217486),(0.,1.),.UNSPECIFIED.)
GEOMETRIC_REPRESENTATION_ITEM()
RATIONAL_B_SPLINE_SURFACE(((1.,0.923879550451049,1.),(1.,0.923879550451049,
1.),(1.,0.92387955045105,1.),(1.,0.923879550451049,1.),(1.,0.923879550451049,
1.)))
REPRESENTATION_ITEM('')
SURFACE()
);
#85=(
BOUNDED_SURFACE()
B_SPLINE_SURFACE(3,2,((#7141,#7142,#7143),(#7144,#7145,#7146),(#7147,#7148,
#7149),(#7150,#7151,#7152)),.UNSPECIFIED.,.F.,.F.,.F.)
B_SPLINE_SURFACE_WITH_KNOTS((4,4),(3,3),(3.14199456748143,3.14208698250696),
(0.,1.),.PIECEWISE_BEZIER_KNOTS.)
GEOMETRIC_REPRESENTATION_ITEM()
RATIONAL_B_SPLINE_SURFACE(((1.,0.923879566324722,1.),(1.,0.923879563955727,
1.),(1.,0.923879561314372,1.),(1.,0.923879558400657,1.)))
REPRESENTATION_ITEM('')
SURFACE()
);
#86=(
BOUNDED_SURFACE()
B_SPLINE_SURFACE(3,2,((#7162,#7163,#7164),(#7165,#7166,#7167),(#7168,#7169,
#7170),(#7171,#7172,#7173)),.UNSPECIFIED.,.F.,.F.,.F.)
B_SPLINE_SURFACE_WITH_KNOTS((4,4),(3,3),(0.,2.88539370969225E-6),(0.,1.),
 .PIECEWISE_BEZIER_KNOTS.)
GEOMETRIC_REPRESENTATION_ITEM()
RATIONAL_B_SPLINE_SURFACE(((1.,0.923879534954713,1.),(1.,0.923879532596534,
1.),(1.,0.923879529969232,1.),(1.,0.923879527072815,1.)))
REPRESENTATION_ITEM('')
SURFACE()
);
#87=(
BOUNDED_SURFACE()
B_SPLINE_SURFACE(3,2,((#7175,#7176,#7177),(#7178,#7179,#7180),(#7181,#7182,
#7183),(#7184,#7185,#7186),(#7187,#7188,#7189),(#7190,#7191,#7192),(#7193,
#7194,#7195),(#7196,#7197,#7198),(#7199,#7200,#7201),(#7202,#7203,#7204)),
 .UNSPECIFIED.,.F.,.F.,.F.)
B_SPLINE_SURFACE_WITH_KNOTS((4,1,1,1,1,1,1,4),(3,3),(0.0156089809896897,
0.0161683553532505,0.0167277297168114,0.0178464784439331,0.0189652271710548,
0.0200839758981765,0.0223214733524199,0.0245589708066633),(0.,1.),
 .UNSPECIFIED.)
GEOMETRIC_REPRESENTATION_ITEM()
RATIONAL_B_SPLINE_SURFACE(((1.,0.923879198740962,1.),(1.,0.923881374610399,
1.),(1.,0.923878725541128,1.),(1.,0.923880026681965,1.),(1.,0.923879388922436,
1.),(1.,0.923879592782687,1.),(1.,0.92387952594326,1.),(1.,0.923879559362973,
1.),(1.,0.923879550451049,1.),(1.,0.923879550451049,1.)))
REPRESENTATION_ITEM('')
SURFACE()
);
#88=(
BOUNDED_SURFACE()
B_SPLINE_SURFACE(3,2,((#7206,#7207,#7208),(#7209,#7210,#7211),(#7212,#7213,
#7214),(#7215,#7216,#7217)),.UNSPECIFIED.,.F.,.F.,.F.)
B_SPLINE_SURFACE_WITH_KNOTS((4,4),(3,3),(6.28269097826242,6.28278339328837),
(0.,1.),.PIECEWISE_BEZIER_KNOTS.)
GEOMETRIC_REPRESENTATION_ITEM()
RATIONAL_B_SPLINE_SURFACE(((1.,0.923879558400657,1.),(1.,0.923879561314372,
1.),(1.,0.923879563955727,1.),(1.,0.923879566324722,1.)))
REPRESENTATION_ITEM('')
SURFACE()
);
#89=(
BOUNDED_SURFACE()
B_SPLINE_SURFACE(3,2,((#7231,#7232,#7233),(#7234,#7235,#7236),(#7237,#7238,
#7239),(#7240,#7241,#7242),(#7243,#7244,#7245),(#7246,#7247,#7248),(#7249,
#7250,#7251),(#7252,#7253,#7254),(#7255,#7256,#7257),(#7258,#7259,#7260),
(#7261,#7262,#7263),(#7264,#7265,#7266),(#7267,#7268,#7269),(#7270,#7271,
#7272),(#7273,#7274,#7275),(#7276,#7277,#7278),(#7279,#7280,#7281),(#7282,
#7283,#7284),(#7285,#7286,#7287)),.UNSPECIFIED.,.F.,.F.,.F.)
B_SPLINE_SURFACE_WITH_KNOTS((4,1,1,1,1,1,1,1,1,1,1,1,1,1,1,1,4),(3,3),(-0.000215008069047192,
0.000917843065614478,0.00205069420027615,0.00318354533493782,0.00431639646959949,
0.00658209873892283,0.00884780100824617,0.0133792055468928,0.0179106100855395,
0.0224420146241862,0.0247077168935095,0.0269734191628329,0.0292391214321562,
0.0315048237014796,0.0337705259708029,0.0349033771054646,0.0360362282401262),
(0.,1.),.UNSPECIFIED.)
GEOMETRIC_REPRESENTATION_ITEM()
RATIONAL_B_SPLINE_SURFACE(((1.,0.923880033568018,1.),(1.,0.923879107413211,
1.),(1.,0.923879691298117,1.),(1.,0.923879456721642,1.),(1.,0.923879519200185,
1.),(1.,0.923879498749924,1.),(1.,0.923879508711934,1.),(1.,0.923879504802173,
1.),(1.,0.923879506682946,1.),(1.,0.923879506227066,1.),(1.,0.923879505865893,
1.),(1.,0.923879506888412,1.),(1.,0.923879503709696,1.),(1.,0.923879515657671,
1.),(1.,0.923879471044488,1.),(1.,0.92387960979845,1.),(1.,0.923879326846325,
1.),(1.,0.923879902908207,1.),(1.,0.92387897673911,1.)))
REPRESENTATION_ITEM('')
SURFACE()
);
#90=(
BOUNDED_SURFACE()
B_SPLINE_SURFACE(3,2,((#7296,#7297,#7298),(#7299,#7300,#7301),(#7302,#7303,
#7304),(#7305,#7306,#7307),(#7308,#7309,#7310),(#7311,#7312,#7313),(#7314,
#7315,#7316),(#7317,#7318,#7319),(#7320,#7321,#7322),(#7323,#7324,#7325),
(#7326,#7327,#7328),(#7329,#7330,#7331),(#7332,#7333,#7334),(#7335,#7336,
#7337),(#7338,#7339,#7340)),.UNSPECIFIED.,.F.,.F.,.F.)
B_SPLINE_SURFACE_WITH_KNOTS((4,1,1,1,1,1,1,1,1,1,1,1,4),(3,3),(0.,0.00297353505390088,
0.00594707010780176,0.00892060516170264,0.0118941402156035,0.0148676752695044,
0.0178412103234053,0.0193279778503557,0.0208147453773062,0.0215581291407814,
0.0223015129042566,0.0230448966677318,0.023788280431207),(0.,1.),
 .UNSPECIFIED.)
GEOMETRIC_REPRESENTATION_ITEM()
RATIONAL_B_SPLINE_SURFACE(((1.,0.923879408698182,1.),(1.,0.923879408698182,
1.),(1.,0.923879408690063,1.),(1.,0.923879408726592,1.),(1.,0.923879408592655,
1.),(1.,0.923879409091872,1.),(1.,0.923879407228942,1.),(1.,0.923879413022696,
1.),(1.,0.923879401207903,1.),(1.,0.923879431275048,1.),(1.,0.923879369557875,
1.),(1.,0.92387955811183,1.),(1.,0.923878850183892,1.),(1.,0.923880612289088,
1.),(1.,0.923877740386009,1.)))
REPRESENTATION_ITEM('')
SURFACE()
);
#91=(
BOUNDED_SURFACE()
B_SPLINE_SURFACE(3,2,((#7546,#7547,#7548),(#7549,#7550,#7551),(#7552,#7553,
#7554),(#7555,#7556,#7557)),.UNSPECIFIED.,.F.,.F.,.F.)
B_SPLINE_SURFACE_WITH_KNOTS((4,4),(3,3),(6.2804912967206,6.28187332360196),
(0.,1.),.PIECEWISE_BEZIER_KNOTS.)
GEOMETRIC_REPRESENTATION_ITEM()
RATIONAL_B_SPLINE_SURFACE(((1.,0.923878887429258,1.),(1.,0.923879124896698,
1.),(1.,0.923879301453811,1.),(1.,0.923879417100536,1.)))
REPRESENTATION_ITEM('')
SURFACE()
);
#92=(
BOUNDED_SURFACE()
B_SPLINE_SURFACE(3,2,((#7841,#7842,#7843),(#7844,#7845,#7846),(#7847,#7848,
#7849),(#7850,#7851,#7852),(#7853,#7854,#7855),(#7856,#7857,#7858),(#7859,
#7860,#7861),(#7862,#7863,#7864),(#7865,#7866,#7867)),.UNSPECIFIED.,.F.,
 .F.,.F.)
B_SPLINE_SURFACE_WITH_KNOTS((4,1,1,1,1,1,4),(3,3),(0.,0.00663027712447818,
0.00994541568671727,0.0132605542489564,0.0165756928111954,0.0198908313734345,
0.0265211084979127),(0.,1.),.UNSPECIFIED.)
GEOMETRIC_REPRESENTATION_ITEM()
RATIONAL_B_SPLINE_SURFACE(((1.,0.907105167200085,1.),(1.,0.911835687215865,
1.),(1.,0.918158522101296,1.),(1.,0.922991663482301,1.),(1.,0.924315106354954,
1.),(1.,0.92302498750816,1.),(1.,0.918229790530945,1.),(1.,0.911844397955722,
1.),(1.,0.907105167200082,1.)))
REPRESENTATION_ITEM('')
SURFACE()
);
#93=(
BOUNDED_SURFACE()
B_SPLINE_SURFACE(3,2,((#7877,#7878,#7879),(#7880,#7881,#7882),(#7883,#7884,
#7885),(#7886,#7887,#7888),(#7889,#7890,#7891),(#7892,#7893,#7894),(#7895,
#7896,#7897),(#7898,#7899,#7900),(#7901,#7902,#7903)),.UNSPECIFIED.,.F.,
 .F.,.F.)
B_SPLINE_SURFACE_WITH_KNOTS((4,1,1,1,1,1,4),(3,3),(0.,0.00662977591985163,
0.00994466387977744,0.0132595518397033,0.0165744397996291,0.0198893277595549,
0.0265191036794065),(0.,1.),.UNSPECIFIED.)
GEOMETRIC_REPRESENTATION_ITEM()
RATIONAL_B_SPLINE_SURFACE(((1.,0.907105167200084,1.),(1.,0.911835709803012,
1.),(1.,0.91815831284829,1.),(1.,0.922991125574445,1.),(1.,0.924315144071193,
1.),(1.,0.923025349763868,1.),(1.,0.918229629768673,1.),(1.,0.911844564936845,
1.),(1.,0.907105167200085,1.)))
REPRESENTATION_ITEM('')
SURFACE()
);
#94=B_SPLINE_CURVE_WITH_KNOTS('',3,(#5059,#5060,#5061,#5062,#5063),
 .UNSPECIFIED.,.F.,.F.,(4,1,4),(0.,0.00412442754603395,0.00824885509206791),
 .UNSPECIFIED.);
#95=B_SPLINE_CURVE_WITH_KNOTS('',3,(#5065,#5066,#5067,#5068),
 .UNSPECIFIED.,.F.,.F.,(4,4),(0.,0.0103705087854107),.UNSPECIFIED.);
#96=B_SPLINE_CURVE_WITH_KNOTS('',3,(#5073,#5074,#5075,#5076),
 .UNSPECIFIED.,.F.,.F.,(4,4),(0.0415852905835799,0.0519558427968188),
 .UNSPECIFIED.);
#97=B_SPLINE_CURVE_WITH_KNOTS('',3,(#5091,#5092,#5093,#5094),
 .UNSPECIFIED.,.F.,.F.,(4,4),(0.0399297212562154,0.0499113403093835),
 .UNSPECIFIED.);
#98=B_SPLINE_CURVE_WITH_KNOTS('',3,(#5099,#5100,#5101,#5102),
 .UNSPECIFIED.,.F.,.F.,(4,4),(0.,0.0103701474084872),.UNSPECIFIED.);
#99=B_SPLINE_CURVE_WITH_KNOTS('',3,(#5117,#5118,#5119,#5120),
 .UNSPECIFIED.,.F.,.F.,(4,4),(0.0415852812387052,0.0519801681165882),
 .UNSPECIFIED.);
#100=B_SPLINE_CURVE_WITH_KNOTS('',3,(#5125,#5126,#5127,#5128),
 .UNSPECIFIED.,.F.,.F.,(4,4),(-5.99999999986281E-8,0.00995804154595321),
 .UNSPECIFIED.);
#101=B_SPLINE_CURVE_WITH_KNOTS('',3,(#5132,#5133,#5134,#5135,#5136,#5137,
#5138,#5139,#5140,#5141,#5142),.UNSPECIFIED.,.T.,.F.,(1,1,1,1,1,1,1,1,1,
1,1,1,1,1,1),(-0.0046981146469768,-0.00313207643131787,-0.00156603821565893,
1.71319293820237E-19,0.00156603821565893,0.00313207643131787,0.0046981146469768,
0.00626415286263573,0.00783019107829467,0.0093962292939536,0.0109622675096125,
0.0125283057252715,0.0140943439409304,0.0156603821565893,0.0172264203722483),
 .UNSPECIFIED.);
#102=B_SPLINE_CURVE_WITH_KNOTS('',3,(#5144,#5145,#5146,#5147,#5148,#5149,
#5150,#5151,#5152,#5153,#5154),.UNSPECIFIED.,.T.,.F.,(1,1,1,1,1,1,1,1,1,
1,1,1,1,1,1),(-0.00469814428773928,-0.00313209619182618,-0.00156604809591309,
1.73472347597681E-18,0.00156604809591309,0.00313209619182619,0.00469814428773928,
0.00626419238365237,0.00783024047956546,0.00939628857547856,0.0109623366713917,
0.0125283847673047,0.0140944328632178,0.0156604809591309,0.017226529055044),
 .UNSPECIFIED.);
#103=B_SPLINE_CURVE_WITH_KNOTS('',3,(#5158,#5159,#5160,#5161,#5162,#5163,
#5164,#5165,#5166,#5167,#5168),.UNSPECIFIED.,.T.,.F.,(1,1,1,1,1,1,1,1,1,
1,1,1,1,1,1),(-0.00469815165254289,-0.00313210110169526,-0.00156605055084763,
0.,0.00156605055084763,0.00313210110169526,0.00469815165254288,0.00626420220339051,
0.00783025275423814,0.00939630330508577,0.0109623538559334,0.012528404406781,
0.0140944549576287,0.0156605055084763,0.0172265560593239),.UNSPECIFIED.);
#104=B_SPLINE_CURVE_WITH_KNOTS('',3,(#5177,#5178,#5179,#5180,#5181,#5182,
#5183,#5184,#5185,#5186,#5187),.UNSPECIFIED.,.F.,.F.,(4,1,1,1,1,1,1,1,4),
(0.,0.00210050265725481,0.00420100531450961,0.00630150797176442,0.00840201062901923,
0.010502513286274,0.0126030159435288,0.0147035186007836,0.0168040212580385),
 .UNSPECIFIED.);
#105=B_SPLINE_CURVE_WITH_KNOTS('',3,(#5193,#5194,#5195,#5196),
 .UNSPECIFIED.,.F.,.F.,(4,4),(0.,1.),.UNSPECIFIED.);
#106=B_SPLINE_CURVE_WITH_KNOTS('',3,(#5200,#5201,#5202,#5203),
 .UNSPECIFIED.,.F.,.F.,(4,4),(0.,1.),.UNSPECIFIED.);
#107=B_SPLINE_CURVE_WITH_KNOTS('',3,(#5207,#5208,#5209,#5210),
 .UNSPECIFIED.,.F.,.F.,(4,4),(0.,1.),.UNSPECIFIED.);
#108=B_SPLINE_CURVE_WITH_KNOTS('',3,(#5214,#5215,#5216,#5217),
 .UNSPECIFIED.,.F.,.F.,(4,4),(0.,1.),.UNSPECIFIED.);
#109=B_SPLINE_CURVE_WITH_KNOTS('',3,(#5221,#5222,#5223,#5224),
 .UNSPECIFIED.,.F.,.F.,(4,4),(0.,1.),.UNSPECIFIED.);
#110=B_SPLINE_CURVE_WITH_KNOTS('',3,(#5228,#5229,#5230,#5231),
 .UNSPECIFIED.,.F.,.F.,(4,4),(0.,1.),.UNSPECIFIED.);
#111=B_SPLINE_CURVE_WITH_KNOTS('',3,(#5235,#5236,#5237,#5238),
 .UNSPECIFIED.,.F.,.F.,(4,4),(0.,1.),.UNSPECIFIED.);
#112=B_SPLINE_CURVE_WITH_KNOTS('',3,(#5242,#5243,#5244,#5245),
 .UNSPECIFIED.,.F.,.F.,(4,4),(0.,1.),.UNSPECIFIED.);
#113=B_SPLINE_CURVE_WITH_KNOTS('',3,(#5420,#5421,#5422,#5423),
 .UNSPECIFIED.,.F.,.F.,(4,4),(0.922262114308545,0.999999976767192),
 .UNSPECIFIED.);
#114=B_SPLINE_CURVE_WITH_KNOTS('',3,(#5426,#5427,#5428,#5429,#5430,#5431,
#5432),.UNSPECIFIED.,.F.,.F.,(4,1,1,1,4),(0.061635679784936,0.14827163473962,
0.234907589694304,0.321543544648988,0.408179499603672),.UNSPECIFIED.);
#115=B_SPLINE_CURVE_WITH_KNOTS('',3,(#5434,#5435,#5436,#5437),
 .UNSPECIFIED.,.F.,.F.,(4,4),(0.,0.0776914850862147),.UNSPECIFIED.);
#116=B_SPLINE_CURVE_WITH_KNOTS('',3,(#5439,#5440,#5441,#5442),
 .UNSPECIFIED.,.F.,.F.,(4,4),(0.,1.),.UNSPECIFIED.);
#117=B_SPLINE_CURVE_WITH_KNOTS('',3,(#5444,#5445,#5446,#5447,#5448,#5449,
#5450),.UNSPECIFIED.,.F.,.F.,(4,1,1,1,4),(0.,0.00116392452377821,0.00232784904755642,
0.00349177357133463,0.00465569809511284),.UNSPECIFIED.);
#118=B_SPLINE_CURVE_WITH_KNOTS('',3,(#5452,#5453,#5454,#5455,#5456),
 .UNSPECIFIED.,.F.,.F.,(4,1,4),(0.216187790628339,0.504759334956848,0.793330879285356),
 .UNSPECIFIED.);
#119=B_SPLINE_CURVE_WITH_KNOTS('',3,(#5458,#5459,#5460,#5461,#5462,#5463,
#5464),.UNSPECIFIED.,.F.,.F.,(4,1,1,1,4),(0.,0.00118312096828379,0.00236624193656759,
0.00354936290485138,0.00473248387313517),.UNSPECIFIED.);
#120=B_SPLINE_CURVE_WITH_KNOTS('',3,(#5466,#5467,#5468,#5469),
 .UNSPECIFIED.,.F.,.F.,(4,4),(0.,1.),.UNSPECIFIED.);
#121=B_SPLINE_CURVE_WITH_KNOTS('',3,(#5640,#5641,#5642,#5643),
 .UNSPECIFIED.,.F.,.F.,(4,4),(0.920772975552145,1.),.UNSPECIFIED.);
#122=B_SPLINE_CURVE_WITH_KNOTS('',3,(#5646,#5647,#5648,#5649,#5650,#5651,
#5652),.UNSPECIFIED.,.F.,.F.,(4,1,1,1,4),(0.591842142882593,0.678459339132609,
0.765076535382626,0.851693731632642,0.938310927882659),.UNSPECIFIED.);
#123=B_SPLINE_CURVE_WITH_KNOTS('',3,(#5654,#5655,#5656,#5657),
 .UNSPECIFIED.,.F.,.F.,(4,4),(0.,0.0777910367678841),.UNSPECIFIED.);
#124=B_SPLINE_CURVE_WITH_KNOTS('',3,(#5659,#5660,#5661,#5662),
 .UNSPECIFIED.,.F.,.F.,(4,4),(0.,1.),.UNSPECIFIED.);
#125=B_SPLINE_CURVE_WITH_KNOTS('',3,(#5664,#5665,#5666,#5667,#5668,#5669,
#5670),.UNSPECIFIED.,.F.,.F.,(4,1,1,1,4),(0.,0.00119311406714922,0.00238622813429843,
0.00357934220144765,0.00477245626859686),.UNSPECIFIED.);
#126=B_SPLINE_CURVE_WITH_KNOTS('',3,(#5672,#5673,#5674,#5675,#5676),
 .UNSPECIFIED.,.F.,.F.,(4,1,4),(0.206671886026202,0.495242650271939,0.783813414517675),
 .UNSPECIFIED.);
#127=B_SPLINE_CURVE_WITH_KNOTS('',3,(#5678,#5679,#5680,#5681,#5682,#5683),
 .UNSPECIFIED.,.F.,.F.,(4,1,1,4),(0.,0.00230783987398147,0.00346175981097221,
0.00461567974796295),.UNSPECIFIED.);
#128=B_SPLINE_CURVE_WITH_KNOTS('',3,(#5685,#5686,#5687,#5688),
 .UNSPECIFIED.,.F.,.F.,(4,4),(0.,1.),.UNSPECIFIED.);
#129=B_SPLINE_CURVE_WITH_KNOTS('',3,(#5693,#5694,#5695,#5696),
 .UNSPECIFIED.,.F.,.F.,(4,4),(-0.00208725115468571,0.00286098774841533),
 .UNSPECIFIED.);
#130=B_SPLINE_CURVE_WITH_KNOTS('',3,(#5698,#5699,#5700,#5701,#5702,#5703,
#5704),.UNSPECIFIED.,.F.,.F.,(4,1,1,1,4),(0.,0.00117250853444326,0.00234501706888652,
0.00351752560332979,0.00469003413777305),.UNSPECIFIED.);
#131=B_SPLINE_CURVE_WITH_KNOTS('',3,(#5708,#5709,#5710,#5711,#5712,#5713,
#5714),.UNSPECIFIED.,.F.,.F.,(4,1,1,1,4),(0.,0.00116575665194607,0.00233151330389213,
0.0034972699558382,0.00466302660778427),.UNSPECIFIED.);
#132=B_SPLINE_CURVE_WITH_KNOTS('',3,(#5723,#5724,#5725,#5726),
 .UNSPECIFIED.,.F.,.F.,(4,4),(-0.00208725115468579,0.00286098774841552),
 .UNSPECIFIED.);
#133=B_SPLINE_CURVE_WITH_KNOTS('',3,(#5728,#5729,#5730,#5731,#5732,#5733,
#5734),.UNSPECIFIED.,.F.,.F.,(4,1,1,1,4),(0.,0.00117250853444326,0.00234501706888652,
0.00351752560332978,0.00469003413777304),.UNSPECIFIED.);
#134=B_SPLINE_CURVE_WITH_KNOTS('',3,(#5738,#5739,#5740,#5741,#5742,#5743,
#5744),.UNSPECIFIED.,.F.,.F.,(4,1,1,1,4),(2.4532694666934E-18,0.00116575665196664,
0.00233151330393328,0.00349726995589992,0.00466302660786656),
 .UNSPECIFIED.);
#135=B_SPLINE_CURVE_WITH_KNOTS('',3,(#5753,#5754,#5755,#5756,#5757,#5758,
#5759),.UNSPECIFIED.,.F.,.F.,(4,1,1,1,4),(1.07208950538325E-13,0.00117250854204203,
0.00234501708397685,0.00351752562591167,0.00469003416784649),
 .UNSPECIFIED.);
#136=B_SPLINE_CURVE_WITH_KNOTS('',3,(#5763,#5764,#5765,#5766,#5767,#5768,
#5769),.UNSPECIFIED.,.F.,.F.,(4,1,1,1,4),(0.,0.00116575703001882,0.00233151406003763,
0.00349727109005645,0.00466302812007526),.UNSPECIFIED.);
#137=B_SPLINE_CURVE_WITH_KNOTS('',3,(#5778,#5779,#5780,#5781,#5782,#5783,
#5784),.UNSPECIFIED.,.F.,.F.,(4,1,1,1,4),(0.,0.00117250854217817,0.00234501708435634,
0.00351752562653451,0.00469003416871268),.UNSPECIFIED.);
#138=B_SPLINE_CURVE_WITH_KNOTS('',3,(#5788,#5789,#5790,#5791,#5792,#5793,
#5794),.UNSPECIFIED.,.F.,.F.,(4,1,1,1,4),(0.,0.00116575703001936,0.00233151406003872,
0.00349727109005809,0.00466302812007745),.UNSPECIFIED.);
#139=B_SPLINE_CURVE_WITH_KNOTS('',3,(#5796,#5797,#5798,#5799,#5800),
 .UNSPECIFIED.,.F.,.F.,(4,1,4),(0.216144272783949,0.504730527007552,0.793316781231154),
 .UNSPECIFIED.);
#140=B_SPLINE_CURVE_WITH_KNOTS('',3,(#5814,#5815,#5816,#5817,#5818),
 .UNSPECIFIED.,.F.,.F.,(4,1,4),(0.206716425731524,0.495286413492955,0.783856401254387),
 .UNSPECIFIED.);
#141=B_SPLINE_CURVE_WITH_KNOTS('',3,(#5846,#5847,#5848,#5849,#5850,#5851,
#5852,#5853,#5854,#5855,#5856),.UNSPECIFIED.,.T.,.F.,(1,1,1,1,1,1,1,1,1,
1,1,1,1,1,1),(-0.00469832557833383,-0.00313221705222255,-0.00156610852611128,
0.,0.00156610852611128,0.00313221705222255,0.00469832557833383,0.0062644341044451,
0.00783054263055638,0.00939665115666766,0.0109627596827789,0.0125288682088902,
0.0140949767350015,0.0156610852611128,0.017227193787224),.UNSPECIFIED.);
#142=B_SPLINE_CURVE_WITH_KNOTS('',3,(#5865,#5866,#5867,#5868,#5869,#5870,
#5871,#5872,#5873,#5874,#5875),.UNSPECIFIED.,.F.,.F.,(4,1,1,1,1,1,1,1,4),
(9.74576541614053E-18,0.00210049153112389,0.00420098306224777,0.00630147459337164,
0.00840196612449552,0.0105024576556194,0.0126029491867433,0.0147034407178672,
0.016803932248991),.UNSPECIFIED.);
#143=B_SPLINE_CURVE_WITH_KNOTS('',3,(#5878,#5879,#5880,#5881,#5882,#5883,
#5884,#5885,#5886,#5887,#5888),.UNSPECIFIED.,.T.,.F.,(1,1,1,1,1,1,1,1,1,
1,1,1,1,1,1),(-0.00469832142145045,-0.00313221428096696,-0.00156610714048348,
0.,0.00156610714048348,0.00313221428096696,0.00469832142145045,0.00626442856193393,
0.00783053570241741,0.00939664284290089,0.0109627499833844,0.0125288571238679,
0.0140949642643513,0.0156610714048348,0.0172271785453183),.UNSPECIFIED.);
#144=B_SPLINE_CURVE_WITH_KNOTS('',3,(#5890,#5891,#5892,#5893,#5894,#5895,
#5896,#5897,#5898,#5899,#5900),.UNSPECIFIED.,.T.,.F.,(1,1,1,1,1,1,1,1,1,
1,1,1,1,1,1),(-0.00469811464697678,-0.00313207643131785,-0.00156603821565893,
7.92106006348819E-20,0.00156603821565893,0.00313207643131785,0.00469811464697678,
0.0062641528626357,0.00783019107829463,0.00939622929395355,0.0109622675096125,
0.0125283057252714,0.0140943439409303,0.0156603821565893,0.0172264203722482),
 .UNSPECIFIED.);
#145=B_SPLINE_CURVE_WITH_KNOTS('',3,(#6001,#6002,#6003,#6004),
 .UNSPECIFIED.,.F.,.F.,(4,4),(9.43319568121718E-12,0.00995721844339374),
 .UNSPECIFIED.);
#146=B_SPLINE_CURVE_WITH_KNOTS('',3,(#6007,#6008,#6009,#6010,#6011,#6012,
#6013,#6014,#6015),.UNSPECIFIED.,.F.,.F.,(4,1,1,1,1,1,4),(0.,0.0073387041069138,
0.0110080561603707,0.0146774082138276,0.0183467602672845,0.0220161123207414,
0.0293548164276552),.UNSPECIFIED.);
#147=B_SPLINE_CURVE_WITH_KNOTS('',3,(#6016,#6017,#6018,#6019,#6020,#6021,
#6022,#6023,#6024,#6025,#6026),.UNSPECIFIED.,.F.,.F.,(4,1,1,1,1,1,1,1,4),
(-6.00000000333149E-8,0.00514729913716983,0.0102946582743397,0.0154420174115096,
0.0205893765486794,0.0257367356858493,0.0308840948230192,0.036031453960189,
0.0411788130973589),.UNSPECIFIED.);
#148=B_SPLINE_CURVE_WITH_KNOTS('',3,(#6030,#6031,#6032,#6033),
 .UNSPECIFIED.,.F.,.F.,(4,4),(-5.99999999968444E-8,8.01201695608493E-7),
 .UNSPECIFIED.);
#149=B_SPLINE_CURVE_WITH_KNOTS('',3,(#6042,#6043,#6044,#6045,#6046,#6047,
#6048,#6049),.UNSPECIFIED.,.F.,.F.,(4,1,1,1,1,4),(-5.99999999787104E-8,
0.00468223313696855,0.00936452627393707,0.0140468194109056,0.0163879659793899,
0.0187291125478741),.UNSPECIFIED.);
#150=B_SPLINE_CURVE_WITH_KNOTS('',3,(#6050,#6051,#6052,#6053,#6054,#6055),
 .UNSPECIFIED.,.F.,.F.,(4,1,1,4),(-5.9999999997504E-8,0.0051608856228952,
0.0077413584343428,0.0103218312457904),.UNSPECIFIED.);
#151=B_SPLINE_CURVE_WITH_KNOTS('',3,(#6063,#6064,#6065,#6066,#6067),
 .UNSPECIFIED.,.F.,.F.,(4,1,4),(0.,0.00406738833357279,0.00813477666714558),
 .UNSPECIFIED.);
#152=B_SPLINE_CURVE_WITH_KNOTS('',3,(#6076,#6077,#6078,#6079,#6080,#6081),
 .UNSPECIFIED.,.F.,.F.,(4,1,1,4),(-6.00000000037608E-8,0.00515299418835078,
0.00772952128252617,0.0103060483767016),.UNSPECIFIED.);
#153=B_SPLINE_CURVE_WITH_KNOTS('',3,(#6082,#6083,#6084,#6085,#6086,#6087,
#6088),.UNSPECIFIED.,.F.,.F.,(4,1,1,1,4),(-5.99999999674979E-8,0.00474828969703218,
0.00949663939406433,0.0142449890910965,0.0189933387881286),
 .UNSPECIFIED.);
#154=B_SPLINE_CURVE_WITH_KNOTS('',3,(#6097,#6098,#6099,#6100,#6101,#6102,
#6103,#6104,#6105),.UNSPECIFIED.,.F.,.F.,(4,1,1,1,1,1,4),(9.7736389720375E-16,
0.00733826857905266,0.0110074028685785,0.0146765371581044,0.0183456714476302,
0.022014805737156,0.0293530743162077),.UNSPECIFIED.);
#155=B_SPLINE_CURVE_WITH_KNOTS('',3,(#6107,#6108,#6109,#6110),
 .UNSPECIFIED.,.F.,.F.,(4,4),(0.0399373105393083,0.0499364411335038),
 .UNSPECIFIED.);
#156=B_SPLINE_CURVE_WITH_KNOTS('',3,(#6112,#6113,#6114,#6115),
 .UNSPECIFIED.,.F.,.F.,(4,4),(0.,8.61201695605531E-7),.UNSPECIFIED.);
#157=B_SPLINE_CURVE_WITH_KNOTS('',3,(#6119,#6120,#6121,#6122,#6123,#6124,
#6125,#6126,#6127,#6128,#6129,#6130,#6131,#6132),.UNSPECIFIED.,.F.,.F.,
(4,1,1,1,1,1,1,1,1,1,1,4),(-5.99999999801917E-8,0.00254662506886075,0.00509331013772149,
0.00763999520658222,0.010186680275443,0.0152800504131644,0.0203734205508859,
0.0254667906886073,0.0305601608263288,0.0356535309640503,0.038200216032911,
0.0407469011017717),.UNSPECIFIED.);
#158=B_SPLINE_CURVE_WITH_KNOTS('',3,(#6134,#6135,#6136,#6137),
 .UNSPECIFIED.,.F.,.F.,(4,4),(0.,1.48622689504005E-6),.UNSPECIFIED.);
#159=B_SPLINE_CURVE_WITH_KNOTS('',3,(#6142,#6143,#6144,#6145),
 .UNSPECIFIED.,.F.,.F.,(4,4),(0.,1.48622689504007E-6),.UNSPECIFIED.);
#160=B_SPLINE_CURVE_WITH_KNOTS('',3,(#6164,#6165,#6166,#6167,#6168,#6169,
#6170,#6171,#6172,#6173,#6174),.UNSPECIFIED.,.F.,.F.,(4,1,1,1,1,1,1,1,4),
(2.00682009472147E-11,0.00447671499026034,0.00895342996045248,0.0134301449306446,
0.0179068599008368,0.0223835748710289,0.026860289841221,0.0313370048114132,
0.0358137197816053),.UNSPECIFIED.);
#161=B_SPLINE_CURVE_WITH_KNOTS('',3,(#6183,#6184,#6185,#6186),
 .UNSPECIFIED.,.F.,.F.,(4,4),(0.0173883224670939,0.0223668102619906),
 .UNSPECIFIED.);
#162=B_SPLINE_CURVE_WITH_KNOTS('',3,(#6190,#6191,#6192,#6193,#6194,#6195,
#6196,#6197,#6198,#6199,#6200),.UNSPECIFIED.,.F.,.F.,(4,1,1,1,1,1,1,1,4),
(0.,0.00295579316140303,0.00591158632280606,0.00886737948420909,0.0118231726456121,
0.0147789658070152,0.0177347589684182,0.0206905521298212,0.0236463452912243),
 .UNSPECIFIED.);
#163=B_SPLINE_CURVE_WITH_KNOTS('',3,(#6204,#6205,#6206,#6207),
 .UNSPECIFIED.,.F.,.F.,(4,4),(0.,1.),.UNSPECIFIED.);
#164=B_SPLINE_CURVE_WITH_KNOTS('',3,(#6209,#6210,#6211,#6212),
 .UNSPECIFIED.,.F.,.F.,(4,4),(0.,0.078154192471465),.UNSPECIFIED.);
#165=B_SPLINE_CURVE_WITH_KNOTS('',3,(#6233,#6234,#6235,#6236),
 .UNSPECIFIED.,.F.,.F.,(4,4),(0.,1.),.UNSPECIFIED.);
#166=B_SPLINE_CURVE_WITH_KNOTS('',3,(#6238,#6239,#6240,#6241),
 .UNSPECIFIED.,.F.,.F.,(4,4),(0.,0.0780166473022893),.UNSPECIFIED.);
#167=B_SPLINE_CURVE_WITH_KNOTS('',3,(#6259,#6260,#6261,#6262),
 .UNSPECIFIED.,.F.,.F.,(4,4),(0.921975982110405,1.),.UNSPECIFIED.);
#168=B_SPLINE_CURVE_WITH_KNOTS('',3,(#6264,#6265,#6266,#6267),
 .UNSPECIFIED.,.F.,.F.,(4,4),(0.,1.),.UNSPECIFIED.);
#169=B_SPLINE_CURVE_WITH_KNOTS('',3,(#6284,#6285,#6286,#6287,#6288,#6289,
#6290,#6291,#6292,#6293,#6294),.UNSPECIFIED.,.F.,.F.,(4,1,1,1,1,1,1,1,4),
(0.,0.004464347772013,0.00892869554402599,0.013393043316039,0.017857391088052,
0.022321738860065,0.026786086632078,0.031250434404091,0.035714782176104),
 .UNSPECIFIED.);
#170=B_SPLINE_CURVE_WITH_KNOTS('',3,(#6303,#6304,#6305,#6306),
 .UNSPECIFIED.,.F.,.F.,(4,4),(0.920316299176168,1.),.UNSPECIFIED.);
#171=B_SPLINE_CURVE_WITH_KNOTS('',3,(#6308,#6309,#6310,#6311),
 .UNSPECIFIED.,.F.,.F.,(4,4),(0.,1.),.UNSPECIFIED.);
#172=B_SPLINE_CURVE_WITH_KNOTS('',3,(#6315,#6316,#6317,#6318,#6319,#6320,
#6321,#6322,#6323,#6324),.UNSPECIFIED.,.F.,.F.,(4,1,1,1,1,1,1,4),(0.,0.0029558004006501,
0.00591160080130021,0.00886740120195031,0.0118232016026004,0.0147790020032505,
0.0177348024039006,0.0236464032052008),.UNSPECIFIED.);
#173=B_SPLINE_CURVE_WITH_KNOTS('',3,(#6329,#6330,#6331,#6332),
 .UNSPECIFIED.,.F.,.F.,(4,4),(0.0173883224670926,0.02236681026199),
 .UNSPECIFIED.);
#174=B_SPLINE_CURVE_WITH_KNOTS('',3,(#6345,#6346,#6347,#6348),
 .UNSPECIFIED.,.F.,.F.,(4,4),(0.,1.),.UNSPECIFIED.);
#175=B_SPLINE_CURVE_WITH_KNOTS('',3,(#6358,#6359,#6360,#6361),
 .UNSPECIFIED.,.F.,.F.,(4,4),(0.,1.),.UNSPECIFIED.);
#176=B_SPLINE_CURVE_WITH_KNOTS('',3,(#6365,#6366,#6367,#6368),
 .UNSPECIFIED.,.F.,.F.,(4,4),(0.,1.),.UNSPECIFIED.);
#177=B_SPLINE_CURVE_WITH_KNOTS('',3,(#6372,#6373,#6374,#6375),
 .UNSPECIFIED.,.F.,.F.,(4,4),(0.,1.),.UNSPECIFIED.);
#178=B_SPLINE_CURVE_WITH_KNOTS('',3,(#6383,#6384,#6385,#6386),
 .UNSPECIFIED.,.F.,.F.,(4,4),(0.,1.),.UNSPECIFIED.);
#179=B_SPLINE_CURVE_WITH_KNOTS('',3,(#6390,#6391,#6392,#6393),
 .UNSPECIFIED.,.F.,.F.,(4,4),(0.,1.),.UNSPECIFIED.);
#180=B_SPLINE_CURVE_WITH_KNOTS('',3,(#6420,#6421,#6422,#6423,#6424,#6425,
#6426),.UNSPECIFIED.,.F.,.F.,(4,1,1,1,4),(0.100660100566081,0.187022263535245,
0.273384426504409,0.359746589473573,0.446108752442737),.UNSPECIFIED.);
#181=B_SPLINE_CURVE_WITH_KNOTS('',3,(#6430,#6431,#6432,#6433,#6434,#6435,
#6436),.UNSPECIFIED.,.F.,.F.,(4,1,1,1,4),(0.553901877902927,0.640267596637138,
0.726633315371348,0.812999034105559,0.89936475283977),.UNSPECIFIED.);
#182=B_SPLINE_CURVE_WITH_KNOTS('',3,(#6461,#6462,#6463,#6464,#6465,#6466,
#6467),.UNSPECIFIED.,.F.,.F.,(4,1,1,1,4),(0.,0.00117250854190143,0.00234501708380287,
0.0035175256257043,0.00469003416760573),.UNSPECIFIED.);
#183=B_SPLINE_CURVE_WITH_KNOTS('',3,(#6468,#6469,#6470,#6471,#6472,#6473,
#6474),.UNSPECIFIED.,.F.,.F.,(4,1,1,1,4),(0.,0.00116575703004958,0.00233151406009917,
0.00349727109014875,0.00466302812019833),.UNSPECIFIED.);
#184=B_SPLINE_CURVE_WITH_KNOTS('',3,(#6476,#6477,#6478,#6479,#6480,#6481,
#6482),.UNSPECIFIED.,.F.,.F.,(4,1,1,1,4),(3.30660033027138E-14,0.00117250854209141,
0.00234501708414976,0.00351752562620811,0.00469003416826645),
 .UNSPECIFIED.);
#185=B_SPLINE_CURVE_WITH_KNOTS('',3,(#6483,#6484,#6485,#6486,#6487,#6488,
#6489),.UNSPECIFIED.,.F.,.F.,(4,1,1,1,4),(5.55382496713543E-18,0.00116575703004286,
0.00233151406008571,0.00349727109012856,0.00466302812017142),
 .UNSPECIFIED.);
#186=B_SPLINE_CURVE_WITH_KNOTS('',3,(#6493,#6494,#6495,#6496,#6497,#6498,
#6499),.UNSPECIFIED.,.F.,.F.,(4,1,1,1,4),(0.,0.00117250818046279,0.00234501636092558,
0.00351752454138836,0.00469003272185115),.UNSPECIFIED.);
#187=B_SPLINE_CURVE_WITH_KNOTS('',3,(#6500,#6501,#6502,#6503,#6504,#6505,
#6506),.UNSPECIFIED.,.F.,.F.,(4,1,1,1,4),(0.,0.00116575695939027,0.00233151391878053,
0.0034972708781708,0.00466302783756107),.UNSPECIFIED.);
#188=B_SPLINE_CURVE_WITH_KNOTS('',3,(#6509,#6510,#6511,#6512,#6513,#6514,
#6515),.UNSPECIFIED.,.F.,.F.,(4,1,1,1,4),(0.,0.00117250818030426,0.00234501636060852,
0.00351752454091278,0.00469003272121704),.UNSPECIFIED.);
#189=B_SPLINE_CURVE_WITH_KNOTS('',3,(#6516,#6517,#6518,#6519,#6520,#6521,
#6522),.UNSPECIFIED.,.F.,.F.,(4,1,1,1,4),(0.,0.00116575695939026,0.00233151391878051,
0.00349727087817077,0.00466302783756102),.UNSPECIFIED.);
#190=B_SPLINE_CURVE_WITH_KNOTS('',3,(#6694,#6695,#6696,#6697,#6698,#6699,
#6700),.UNSPECIFIED.,.F.,.F.,(4,1,1,1,4),(0.,0.00119274379573745,0.00238548759147491,
0.00357823138721236,0.00477097518294981),.UNSPECIFIED.);
#191=B_SPLINE_CURVE_WITH_KNOTS('',3,(#6701,#6702,#6703,#6704,#6705,#6706,
#6707),.UNSPECIFIED.,.F.,.F.,(4,1,1,1,4),(0.,0.00115204954675048,0.00230409909350096,
0.00345614864025143,0.00460819818700191),.UNSPECIFIED.);
#192=B_SPLINE_CURVE_WITH_KNOTS('',3,(#6879,#6880,#6881,#6882,#6883,#6884,
#6885),.UNSPECIFIED.,.F.,.F.,(4,1,1,1,4),(0.,0.00116353129929264,0.00232706259858527,
0.00349059389787791,0.00465412519717054),.UNSPECIFIED.);
#193=B_SPLINE_CURVE_WITH_KNOTS('',3,(#6886,#6887,#6888,#6889,#6890,#6891,
#6892),.UNSPECIFIED.,.F.,.F.,(4,1,1,1,4),(0.,0.00118078029741797,0.00236156059483594,
0.0035423408922539,0.00472312118967187),.UNSPECIFIED.);
#194=B_SPLINE_CURVE_WITH_KNOTS('',3,(#6901,#6902,#6903,#6904),
 .UNSPECIFIED.,.F.,.F.,(4,4),(0.,1.),.UNSPECIFIED.);
#195=B_SPLINE_CURVE_WITH_KNOTS('',3,(#6906,#6907,#6908,#6909),
 .UNSPECIFIED.,.F.,.F.,(4,4),(0.,0.00389261177963225),.UNSPECIFIED.);
#196=B_SPLINE_CURVE_WITH_KNOTS('',3,(#6968,#6969,#6970,#6971),
 .UNSPECIFIED.,.F.,.F.,(4,4),(0.,1.),.UNSPECIFIED.);
#197=B_SPLINE_CURVE_WITH_KNOTS('',3,(#6973,#6974,#6975,#6976),
 .UNSPECIFIED.,.F.,.F.,(4,4),(0.,1.),.UNSPECIFIED.);
#198=B_SPLINE_CURVE_WITH_KNOTS('',3,(#6978,#6979,#6980,#6981),
 .UNSPECIFIED.,.F.,.F.,(4,4),(0.,1.),.UNSPECIFIED.);
#199=B_SPLINE_CURVE_WITH_KNOTS('',3,(#6983,#6984,#6985,#6986),
 .UNSPECIFIED.,.F.,.F.,(4,4),(0.,1.),.UNSPECIFIED.);
#200=B_SPLINE_CURVE_WITH_KNOTS('',3,(#6988,#6989,#6990,#6991),
 .UNSPECIFIED.,.F.,.F.,(4,4),(0.,1.),.UNSPECIFIED.);
#201=B_SPLINE_CURVE_WITH_KNOTS('',3,(#7054,#7055,#7056,#7057),
 .UNSPECIFIED.,.F.,.F.,(4,4),(0.,1.),.UNSPECIFIED.);
#202=B_SPLINE_CURVE_WITH_KNOTS('',3,(#7106,#7107,#7108,#7109),
 .UNSPECIFIED.,.F.,.F.,(4,4),(0.,1.),.UNSPECIFIED.);
#203=B_SPLINE_CURVE_WITH_KNOTS('',3,(#7156,#7157,#7158,#7159),
 .UNSPECIFIED.,.F.,.F.,(4,4),(0.,1.),.UNSPECIFIED.);
#204=B_SPLINE_CURVE_WITH_KNOTS('',3,(#7221,#7222,#7223,#7224),
 .UNSPECIFIED.,.F.,.F.,(4,4),(0.,1.),.UNSPECIFIED.);
#205=B_SPLINE_CURVE_WITH_KNOTS('',3,(#7226,#7227,#7228,#7229),
 .UNSPECIFIED.,.F.,.F.,(4,4),(0.,1.),.UNSPECIFIED.);
#206=B_SPLINE_CURVE_WITH_KNOTS('',3,(#7290,#7291,#7292,#7293),
 .UNSPECIFIED.,.F.,.F.,(4,4),(0.,1.),.UNSPECIFIED.);
#207=B_SPLINE_CURVE_WITH_KNOTS('',3,(#7344,#7345,#7346,#7347),
 .UNSPECIFIED.,.F.,.F.,(4,4),(0.,1.),.UNSPECIFIED.);
#208=B_SPLINE_CURVE_WITH_KNOTS('',3,(#7349,#7350,#7351,#7352),
 .UNSPECIFIED.,.F.,.F.,(4,4),(0.,1.),.UNSPECIFIED.);
#209=B_SPLINE_CURVE_WITH_KNOTS('',3,(#7354,#7355,#7356,#7357),
 .UNSPECIFIED.,.F.,.F.,(4,4),(0.,1.),.UNSPECIFIED.);
#210=B_SPLINE_CURVE_WITH_KNOTS('',3,(#7538,#7539,#7540,#7541),
 .UNSPECIFIED.,.F.,.F.,(4,4),(0.,0.00389260458584443),.UNSPECIFIED.);
#211=B_SPLINE_CURVE_WITH_KNOTS('',3,(#7542,#7543,#7544,#7545),
 .UNSPECIFIED.,.F.,.F.,(4,4),(0.,1.),.UNSPECIFIED.);
#212=B_SPLINE_CURVE_WITH_KNOTS('',3,(#7558,#7559,#7560,#7561),
 .UNSPECIFIED.,.F.,.F.,(4,4),(0.,1.),.UNSPECIFIED.);
#213=B_SPLINE_CURVE_WITH_KNOTS('',3,(#7564,#7565,#7566,#7567),
 .UNSPECIFIED.,.F.,.F.,(4,4),(0.,1.),.UNSPECIFIED.);
#214=B_SPLINE_CURVE_WITH_KNOTS('',3,(#7576,#7577,#7578,#7579),
 .UNSPECIFIED.,.F.,.F.,(4,4),(0.,1.),.UNSPECIFIED.);
#215=B_SPLINE_CURVE_WITH_KNOTS('',3,(#7581,#7582,#7583,#7584),
 .UNSPECIFIED.,.F.,.F.,(4,4),(0.,1.),.UNSPECIFIED.);
#216=B_SPLINE_CURVE_WITH_KNOTS('',3,(#7593,#7594,#7595,#7596),
 .UNSPECIFIED.,.F.,.F.,(4,4),(0.,1.),.UNSPECIFIED.);
#217=B_SPLINE_CURVE_WITH_KNOTS('',3,(#7598,#7599,#7600,#7601),
 .UNSPECIFIED.,.F.,.F.,(4,4),(0.,1.),.UNSPECIFIED.);
#218=B_SPLINE_CURVE_WITH_KNOTS('',3,(#7610,#7611,#7612,#7613),
 .UNSPECIFIED.,.F.,.F.,(4,4),(0.,1.),.UNSPECIFIED.);
#219=B_SPLINE_CURVE_WITH_KNOTS('',3,(#7625,#7626,#7627,#7628),
 .UNSPECIFIED.,.F.,.F.,(4,4),(0.,1.),.UNSPECIFIED.);
#220=B_SPLINE_CURVE_WITH_KNOTS('',3,(#7637,#7638,#7639,#7640),
 .UNSPECIFIED.,.F.,.F.,(4,4),(0.,1.),.UNSPECIFIED.);
#221=B_SPLINE_CURVE_WITH_KNOTS('',3,(#7642,#7643,#7644,#7645),
 .UNSPECIFIED.,.F.,.F.,(4,4),(0.,1.),.UNSPECIFIED.);
#222=B_SPLINE_CURVE_WITH_KNOTS('',3,(#7654,#7655,#7656,#7657),
 .UNSPECIFIED.,.F.,.F.,(4,4),(0.,1.),.UNSPECIFIED.);
#223=B_SPLINE_CURVE_WITH_KNOTS('',3,(#7659,#7660,#7661,#7662),
 .UNSPECIFIED.,.F.,.F.,(4,4),(0.,1.),.UNSPECIFIED.);
#224=B_SPLINE_CURVE_WITH_KNOTS('',3,(#7671,#7672,#7673,#7674),
 .UNSPECIFIED.,.F.,.F.,(4,4),(0.,1.),.UNSPECIFIED.);
#225=B_SPLINE_CURVE_WITH_KNOTS('',3,(#7677,#7678,#7679,#7680),
 .UNSPECIFIED.,.F.,.F.,(4,4),(0.,1.),.UNSPECIFIED.);
#226=B_SPLINE_CURVE_WITH_KNOTS('',3,(#7689,#7690,#7691,#7692),
 .UNSPECIFIED.,.F.,.F.,(4,4),(0.,1.),.UNSPECIFIED.);
#227=B_SPLINE_CURVE_WITH_KNOTS('',3,(#7694,#7695,#7696,#7697),
 .UNSPECIFIED.,.F.,.F.,(4,4),(0.,1.),.UNSPECIFIED.);
#228=B_SPLINE_CURVE_WITH_KNOTS('',3,(#7699,#7700,#7701,#7702),
 .UNSPECIFIED.,.F.,.F.,(4,4),(0.,1.),.UNSPECIFIED.);
#229=B_SPLINE_CURVE_WITH_KNOTS('',3,(#7711,#7712,#7713,#7714),
 .UNSPECIFIED.,.F.,.F.,(4,4),(0.,1.),.UNSPECIFIED.);
#230=B_SPLINE_CURVE_WITH_KNOTS('',3,(#7723,#7724,#7725,#7726),
 .UNSPECIFIED.,.F.,.F.,(4,4),(0.,1.),.UNSPECIFIED.);
#231=B_SPLINE_CURVE_WITH_KNOTS('',3,(#7728,#7729,#7730,#7731),
 .UNSPECIFIED.,.F.,.F.,(4,4),(0.,1.),.UNSPECIFIED.);
#232=B_SPLINE_CURVE_WITH_KNOTS('',3,(#7733,#7734,#7735,#7736),
 .UNSPECIFIED.,.F.,.F.,(4,4),(0.,1.),.UNSPECIFIED.);
#233=B_SPLINE_CURVE_WITH_KNOTS('',3,(#7745,#7746,#7747,#7748),
 .UNSPECIFIED.,.F.,.F.,(4,4),(0.,1.),.UNSPECIFIED.);
#234=B_SPLINE_CURVE_WITH_KNOTS('',3,(#7757,#7758,#7759,#7760),
 .UNSPECIFIED.,.F.,.F.,(4,4),(0.,1.),.UNSPECIFIED.);
#235=B_SPLINE_CURVE_WITH_KNOTS('',3,(#7762,#7763,#7764,#7765),
 .UNSPECIFIED.,.F.,.F.,(4,4),(0.,1.),.UNSPECIFIED.);
#236=B_SPLINE_CURVE_WITH_KNOTS('',3,(#7767,#7768,#7769,#7770),
 .UNSPECIFIED.,.F.,.F.,(4,4),(0.,1.),.UNSPECIFIED.);
#237=B_SPLINE_CURVE_WITH_KNOTS('',3,(#7779,#7780,#7781,#7782),
 .UNSPECIFIED.,.F.,.F.,(4,4),(0.,1.),.UNSPECIFIED.);
#238=B_SPLINE_CURVE_WITH_KNOTS('',3,(#7791,#7792,#7793,#7794),
 .UNSPECIFIED.,.F.,.F.,(4,4),(0.,1.),.UNSPECIFIED.);
#239=B_SPLINE_CURVE_WITH_KNOTS('',3,(#7796,#7797,#7798,#7799),
 .UNSPECIFIED.,.F.,.F.,(4,4),(0.,1.),.UNSPECIFIED.);
#240=B_SPLINE_CURVE_WITH_KNOTS('',3,(#7801,#7802,#7803,#7804),
 .UNSPECIFIED.,.F.,.F.,(4,4),(0.,1.),.UNSPECIFIED.);
#241=B_SPLINE_CURVE_WITH_KNOTS('',3,(#7814,#7815,#7816,#7817,#7818,#7819,
#7820,#7821,#7822),.UNSPECIFIED.,.F.,.F.,(4,1,1,1,1,1,4),(8.67361737988404E-19,
0.00674089985449803,0.010111349781747,0.0134817997089961,0.0168522496362451,
0.0202226995634941,0.0269635994179921),.UNSPECIFIED.);
#242=B_SPLINE_CURVE_WITH_KNOTS('',3,(#7827,#7828,#7829,#7830,#7831,#7832,
#7833,#7834,#7835),.UNSPECIFIED.,.F.,.F.,(4,1,1,1,1,1,4),(0.,0.00674117393901612,
0.0101117609085242,0.0134823478780322,0.0168529348475403,0.0202235218170483,
0.0269646957560645),.UNSPECIFIED.);
#243=CYLINDRICAL_SURFACE('',#4159,0.00585690734116194);
#244=CYLINDRICAL_SURFACE('',#4161,0.0368568736098418);
#245=CYLINDRICAL_SURFACE('',#4166,0.01145);
#246=CYLINDRICAL_SURFACE('',#4195,0.01145);
#247=CYLINDRICAL_SURFACE('',#4214,0.0368568736098418);
#248=CYLINDRICAL_SURFACE('',#4217,0.00585690734116194);
#249=CYLINDRICAL_SURFACE('',#4238,0.003);
#250=CYLINDRICAL_SURFACE('',#4242,0.002);
#251=CYLINDRICAL_SURFACE('',#4247,0.002);
#252=CYLINDRICAL_SURFACE('',#4253,0.002);
#253=CYLINDRICAL_SURFACE('',#4255,0.002);
#254=CYLINDRICAL_SURFACE('',#4260,0.002);
#255=CYLINDRICAL_SURFACE('',#4265,0.002);
#256=CYLINDRICAL_SURFACE('',#4279,0.003);
#257=CYLINDRICAL_SURFACE('',#4280,0.005);
#258=CYLINDRICAL_SURFACE('',#4281,0.005);
#259=CYLINDRICAL_SURFACE('',#4282,0.005);
#260=CYLINDRICAL_SURFACE('',#4283,0.005);
#261=CYLINDRICAL_SURFACE('',#4284,0.005);
#262=CYLINDRICAL_SURFACE('',#4285,0.005);
#263=CYLINDRICAL_SURFACE('',#4286,0.005);
#264=CYLINDRICAL_SURFACE('',#4287,0.005);
#265=CYLINDRICAL_SURFACE('',#4290,0.005);
#266=CYLINDRICAL_SURFACE('',#4291,0.005);
#267=CYLINDRICAL_SURFACE('',#4294,0.005);
#268=CYLINDRICAL_SURFACE('',#4295,0.005);
#269=CYLINDRICAL_SURFACE('',#4300,0.005);
#270=CYLINDRICAL_SURFACE('',#4301,0.005);
#271=CYLINDRICAL_SURFACE('',#4302,0.005);
#272=CYLINDRICAL_SURFACE('',#4307,0.005);
#273=CYLINDRICAL_SURFACE('',#4308,0.005);
#274=CYLINDRICAL_SURFACE('',#4309,0.005);
#275=CYLINDRICAL_SURFACE('',#4312,0.005);
#276=CYLINDRICAL_SURFACE('',#4313,0.005);
#277=CYLINDRICAL_SURFACE('',#4316,0.005);
#278=CYLINDRICAL_SURFACE('',#4317,0.005);
#279=CYLINDRICAL_SURFACE('',#4318,0.005);
#280=CYLINDRICAL_SURFACE('',#4319,0.005);
#281=CYLINDRICAL_SURFACE('',#4320,0.005);
#282=CYLINDRICAL_SURFACE('',#4348,0.005);
#283=CYLINDRICAL_SURFACE('',#4354,0.005);
#284=CYLINDRICAL_SURFACE('',#4362,0.000650000000001035);
#285=CYLINDRICAL_SURFACE('',#4369,0.00114267890062733);
#286=CYLINDRICAL_SURFACE('',#4378,0.005);
#287=CYLINDRICAL_SURFACE('',#4379,0.005);
#288=CYLINDRICAL_SURFACE('',#4380,0.005);
#289=CYLINDRICAL_SURFACE('',#4381,0.0015);
#290=CYLINDRICAL_SURFACE('',#4382,0.0015);
#291=LINE('',#5030,#477);
#292=LINE('',#5032,#478);
#293=LINE('',#5034,#479);
#294=LINE('',#5035,#480);
#295=LINE('',#5038,#481);
#296=LINE('',#5040,#482);
#297=LINE('',#5042,#483);
#298=LINE('',#5044,#484);
#299=LINE('',#5046,#485);
#300=LINE('',#5050,#486);
#301=LINE('',#5052,#487);
#302=LINE('',#5057,#488);
#303=LINE('',#5071,#489);
#304=LINE('',#5078,#490);
#305=LINE('',#5170,#491);
#306=LINE('',#5175,#492);
#307=LINE('',#5189,#493);
#308=LINE('',#5191,#494);
#309=LINE('',#5198,#495);
#310=LINE('',#5205,#496);
#311=LINE('',#5212,#497);
#312=LINE('',#5219,#498);
#313=LINE('',#5226,#499);
#314=LINE('',#5233,#500);
#315=LINE('',#5240,#501);
#316=LINE('',#5247,#502);
#317=LINE('',#5249,#503);
#318=LINE('',#5803,#504);
#319=LINE('',#5805,#505);
#320=LINE('',#5807,#506);
#321=LINE('',#5809,#507);
#322=LINE('',#5812,#508);
#323=LINE('',#5820,#509);
#324=LINE('',#5822,#510);
#325=LINE('',#5825,#511);
#326=LINE('',#5826,#512);
#327=LINE('',#5831,#513);
#328=LINE('',#5833,#514);
#329=LINE('',#5835,#515);
#330=LINE('',#5837,#516);
#331=LINE('',#5840,#517);
#332=LINE('',#5842,#518);
#333=LINE('',#5863,#519);
#334=LINE('',#5877,#520);
#335=LINE('',#5903,#521);
#336=LINE('',#5906,#522);
#337=LINE('',#5910,#523);
#338=LINE('',#5911,#524);
#339=LINE('',#5913,#525);
#340=LINE('',#5915,#526);
#341=LINE('',#5919,#527);
#342=LINE('',#5921,#528);
#343=LINE('',#5923,#529);
#344=LINE('',#5927,#530);
#345=LINE('',#5928,#531);
#346=LINE('',#5929,#532);
#347=LINE('',#5933,#533);
#348=LINE('',#5937,#534);
#349=LINE('',#5939,#535);
#350=LINE('',#5942,#536);
#351=LINE('',#5943,#537);
#352=LINE('',#5945,#538);
#353=LINE('',#5947,#539);
#354=LINE('',#5949,#540);
#355=LINE('',#5951,#541);
#356=LINE('',#5954,#542);
#357=LINE('',#5958,#543);
#358=LINE('',#5960,#544);
#359=LINE('',#5962,#545);
#360=LINE('',#5964,#546);
#361=LINE('',#5966,#547);
#362=LINE('',#5969,#548);
#363=LINE('',#5971,#549);
#364=LINE('',#5975,#550);
#365=LINE('',#5978,#551);
#366=LINE('',#5979,#552);
#367=LINE('',#5983,#553);
#368=LINE('',#5986,#554);
#369=LINE('',#5988,#555);
#370=LINE('',#5990,#556);
#371=LINE('',#6028,#557);
#372=LINE('',#6059,#558);
#373=LINE('',#6117,#559);
#374=LINE('',#6139,#560);
#375=LINE('',#6140,#561);
#376=LINE('',#6147,#562);
#377=LINE('',#6149,#563);
#378=LINE('',#6151,#564);
#379=LINE('',#6155,#565);
#380=LINE('',#6156,#566);
#381=LINE('',#6158,#567);
#382=LINE('',#6160,#568);
#383=LINE('',#6162,#569);
#384=LINE('',#6176,#570);
#385=LINE('',#6178,#571);
#386=LINE('',#6180,#572);
#387=LINE('',#6181,#573);
#388=LINE('',#6188,#574);
#389=LINE('',#6202,#575);
#390=LINE('',#6214,#576);
#391=LINE('',#6216,#577);
#392=LINE('',#6218,#578);
#393=LINE('',#6220,#579);
#394=LINE('',#6222,#580);
#395=LINE('',#6226,#581);
#396=LINE('',#6230,#582);
#397=LINE('',#6231,#583);
#398=LINE('',#6243,#584);
#399=LINE('',#6244,#585);
#400=LINE('',#6246,#586);
#401=LINE('',#6248,#587);
#402=LINE('',#6252,#588);
#403=LINE('',#6254,#589);
#404=LINE('',#6256,#590);
#405=LINE('',#6257,#591);
#406=LINE('',#6269,#592);
#407=LINE('',#6271,#593);
#408=LINE('',#6273,#594);
#409=LINE('',#6275,#595);
#410=LINE('',#6277,#596);
#411=LINE('',#6280,#597);
#412=LINE('',#6282,#598);
#413=LINE('',#6296,#599);
#414=LINE('',#6298,#600);
#415=LINE('',#6300,#601);
#416=LINE('',#6301,#602);
#417=LINE('',#6313,#603);
#418=LINE('',#6326,#604);
#419=LINE('',#6327,#605);
#420=LINE('',#6334,#606);
#421=LINE('',#6337,#607);
#422=LINE('',#6339,#608);
#423=LINE('',#6340,#609);
#424=LINE('',#6341,#610);
#425=LINE('',#6351,#611);
#426=LINE('',#6353,#612);
#427=LINE('',#6354,#613);
#428=LINE('',#6356,#614);
#429=LINE('',#6363,#615);
#430=LINE('',#6370,#616);
#431=LINE('',#6377,#617);
#432=LINE('',#6379,#618);
#433=LINE('',#6381,#619);
#434=LINE('',#6388,#620);
#435=LINE('',#6395,#621);
#436=LINE('',#6399,#622);
#437=LINE('',#6400,#623);
#438=LINE('',#6402,#624);
#439=LINE('',#6403,#625);
#440=LINE('',#6894,#626);
#441=LINE('',#6895,#627);
#442=LINE('',#6897,#628);
#443=LINE('',#6898,#629);
#444=LINE('',#7617,#630);
#445=LINE('',#7622,#631);
#446=LINE('',#7825,#632);
#447=LINE('',#7837,#633);
#448=LINE('',#7907,#634);
#449=LINE('',#7909,#635);
#450=LINE('',#7911,#636);
#451=LINE('',#7912,#637);
#452=LINE('',#7914,#638);
#453=LINE('',#7917,#639);
#454=LINE('',#7919,#640);
#455=LINE('',#7921,#641);
#456=LINE('',#7925,#642);
#457=LINE('',#7929,#643);
#458=LINE('',#7931,#644);
#459=LINE('',#7933,#645);
#460=LINE('',#7935,#646);
#461=LINE('',#7937,#647);
#462=LINE('',#7939,#648);
#463=LINE('',#7941,#649);
#464=LINE('',#7943,#650);
#465=LINE('',#7945,#651);
#466=LINE('',#7947,#652);
#467=LINE('',#7949,#653);
#468=LINE('',#7953,#654);
#469=LINE('',#7955,#655);
#470=LINE('',#7957,#656);
#471=LINE('',#7959,#657);
#472=LINE('',#7961,#658);
#473=LINE('',#7963,#659);
#474=LINE('',#7965,#660);
#475=LINE('',#7967,#661);
#476=LINE('',#7968,#662);
#477=VECTOR('',#4389,1.);
#478=VECTOR('',#4390,1.);
#479=VECTOR('',#4391,1.);
#480=VECTOR('',#4392,1.);
#481=VECTOR('',#4393,1.);
#482=VECTOR('',#4394,1.);
#483=VECTOR('',#4395,1.);
#484=VECTOR('',#4396,1.);
#485=VECTOR('',#4397,1.);
#486=VECTOR('',#4400,1.);
#487=VECTOR('',#4403,1.);
#488=VECTOR('',#4406,1.);
#489=VECTOR('',#4409,1.);
#490=VECTOR('',#4410,1.);
#491=VECTOR('',#4423,1.);
#492=VECTOR('',#4426,1.);
#493=VECTOR('',#4429,1.);
#494=VECTOR('',#4430,1.);
#495=VECTOR('',#4431,1.);
#496=VECTOR('',#4432,1.);
#497=VECTOR('',#4433,1.);
#498=VECTOR('',#4434,1.);
#499=VECTOR('',#4435,1.);
#500=VECTOR('',#4436,1.);
#501=VECTOR('',#4437,1.);
#502=VECTOR('',#4438,1.);
#503=VECTOR('',#4439,1.);
#504=VECTOR('',#4478,1.);
#505=VECTOR('',#4479,1.);
#506=VECTOR('',#4480,1.);
#507=VECTOR('',#4483,1.);
#508=VECTOR('',#4484,1.);
#509=VECTOR('',#4485,1.);
#510=VECTOR('',#4488,1.);
#511=VECTOR('',#4489,1.);
#512=VECTOR('',#4490,1.);
#513=VECTOR('',#4495,1.);
#514=VECTOR('',#4496,1.);
#515=VECTOR('',#4497,1.);
#516=VECTOR('',#4500,1.);
#517=VECTOR('',#4501,1.);
#518=VECTOR('',#4502,1.);
#519=VECTOR('',#4511,1.);
#520=VECTOR('',#4512,1.);
#521=VECTOR('',#4515,1.);
#522=VECTOR('',#4516,1.);
#523=VECTOR('',#4519,1.);
#524=VECTOR('',#4520,1.);
#525=VECTOR('',#4521,1.);
#526=VECTOR('',#4522,1.);
#527=VECTOR('',#4525,1.);
#528=VECTOR('',#4526,1.);
#529=VECTOR('',#4527,1.);
#530=VECTOR('',#4530,1.);
#531=VECTOR('',#4531,1.);
#532=VECTOR('',#4532,1.);
#533=VECTOR('',#4535,1.);
#534=VECTOR('',#4538,1.);
#535=VECTOR('',#4541,1.);
#536=VECTOR('',#4542,1.);
#537=VECTOR('',#4543,1.);
#538=VECTOR('',#4546,1.);
#539=VECTOR('',#4547,1.);
#540=VECTOR('',#4548,1.);
#541=VECTOR('',#4549,1.);
#542=VECTOR('',#4552,1.);
#543=VECTOR('',#4555,1.);
#544=VECTOR('',#4558,1.);
#545=VECTOR('',#4559,1.);
#546=VECTOR('',#4560,1.);
#547=VECTOR('',#4563,1.);
#548=VECTOR('',#4564,1.);
#549=VECTOR('',#4565,1.);
#550=VECTOR('',#4570,1.);
#551=VECTOR('',#4571,1.);
#552=VECTOR('',#4572,1.);
#553=VECTOR('',#4575,1.);
#554=VECTOR('',#4578,1.);
#555=VECTOR('',#4579,1.);
#556=VECTOR('',#4582,1.);
#557=VECTOR('',#4587,1.);
#558=VECTOR('',#4592,1.);
#559=VECTOR('',#4595,1.);
#560=VECTOR('',#4598,1.);
#561=VECTOR('',#4599,1.);
#562=VECTOR('',#4602,1.);
#563=VECTOR('',#4603,1.);
#564=VECTOR('',#4604,1.);
#565=VECTOR('',#4607,1.);
#566=VECTOR('',#4608,1.);
#567=VECTOR('',#4611,1.);
#568=VECTOR('',#4612,1.);
#569=VECTOR('',#4613,1.);
#570=VECTOR('',#4614,1.);
#571=VECTOR('',#4615,1.);
#572=VECTOR('',#4616,1.);
#573=VECTOR('',#4617,1.);
#574=VECTOR('',#4618,1.);
#575=VECTOR('',#4619,1.);
#576=VECTOR('',#4620,1.);
#577=VECTOR('',#4623,1.);
#578=VECTOR('',#4624,1.);
#579=VECTOR('',#4625,1.);
#580=VECTOR('',#4628,1.);
#581=VECTOR('',#4631,1.);
#582=VECTOR('',#4634,1.);
#583=VECTOR('',#4635,1.);
#584=VECTOR('',#4636,1.);
#585=VECTOR('',#4637,1.);
#586=VECTOR('',#4638,1.);
#587=VECTOR('',#4639,1.);
#588=VECTOR('',#4642,1.);
#589=VECTOR('',#4643,1.);
#590=VECTOR('',#4644,1.);
#591=VECTOR('',#4645,1.);
#592=VECTOR('',#4646,1.);
#593=VECTOR('',#4649,1.);
#594=VECTOR('',#4650,1.);
#595=VECTOR('',#4651,1.);
#596=VECTOR('',#4654,1.);
#597=VECTOR('',#4655,1.);
#598=VECTOR('',#4656,1.);
#599=VECTOR('',#4657,1.);
#600=VECTOR('',#4658,1.);
#601=VECTOR('',#4659,1.);
#602=VECTOR('',#4660,1.);
#603=VECTOR('',#4661,1.);
#604=VECTOR('',#4662,1.);
#605=VECTOR('',#4663,1.);
#606=VECTOR('',#4666,1.);
#607=VECTOR('',#4667,1.);
#608=VECTOR('',#4668,1.);
#609=VECTOR('',#4669,1.);
#610=VECTOR('',#4670,1.);
#611=VECTOR('',#4675,1.);
#612=VECTOR('',#4676,1.);
#613=VECTOR('',#4677,1.);
#614=VECTOR('',#4678,1.);
#615=VECTOR('',#4679,1.);
#616=VECTOR('',#4680,1.);
#617=VECTOR('',#4681,1.);
#618=VECTOR('',#4682,1.);
#619=VECTOR('',#4683,1.);
#620=VECTOR('',#4684,1.);
#621=VECTOR('',#4685,1.);
#622=VECTOR('',#4692,1.);
#623=VECTOR('',#4693,1.);
#624=VECTOR('',#4696,1.);
#625=VECTOR('',#4697,1.);
#626=VECTOR('',#4778,1.);
#627=VECTOR('',#4779,1.);
#628=VECTOR('',#4782,1.);
#629=VECTOR('',#4783,1.);
#630=VECTOR('',#4878,1.);
#631=VECTOR('',#4885,1.);
#632=VECTOR('',#4916,1.);
#633=VECTOR('',#4917,1.);
#634=VECTOR('',#4948,1.);
#635=VECTOR('',#4951,1.);
#636=VECTOR('',#4954,1.);
#637=VECTOR('',#4955,1.);
#638=VECTOR('',#4958,1.);
#639=VECTOR('',#4959,1.);
#640=VECTOR('',#4960,1.);
#641=VECTOR('',#4961,1.);
#642=VECTOR('',#4966,1.);
#643=VECTOR('',#4971,1.);
#644=VECTOR('',#4972,1.);
#645=VECTOR('',#4973,1.);
#646=VECTOR('',#4976,1.);
#647=VECTOR('',#4977,1.);
#648=VECTOR('',#4978,1.);
#649=VECTOR('',#4981,1.);
#650=VECTOR('',#4982,1.);
#651=VECTOR('',#4985,1.);
#652=VECTOR('',#4986,1.);
#653=VECTOR('',#4989,1.);
#654=VECTOR('',#4994,1.);
#655=VECTOR('',#4995,1.);
#656=VECTOR('',#4998,1.);
#657=VECTOR('',#4999,1.);
#658=VECTOR('',#5002,1.);
#659=VECTOR('',#5003,1.);
#660=VECTOR('',#5006,1.);
#661=VECTOR('',#5009,1.);
#662=VECTOR('',#5010,1.);
#663=ORIENTED_EDGE('',*,*,#1519,.T.);
#664=ORIENTED_EDGE('',*,*,#1520,.T.);
#665=ORIENTED_EDGE('',*,*,#1521,.T.);
#666=ORIENTED_EDGE('',*,*,#1522,.T.);
#667=ORIENTED_EDGE('',*,*,#1523,.T.);
#668=ORIENTED_EDGE('',*,*,#1524,.T.);
#669=ORIENTED_EDGE('',*,*,#1525,.T.);
#670=ORIENTED_EDGE('',*,*,#1526,.F.);
#671=ORIENTED_EDGE('',*,*,#1527,.F.);
#672=ORIENTED_EDGE('',*,*,#1528,.T.);
#673=ORIENTED_EDGE('',*,*,#1529,.T.);
#674=ORIENTED_EDGE('',*,*,#1530,.T.);
#675=ORIENTED_EDGE('',*,*,#1531,.T.);
#676=ORIENTED_EDGE('',*,*,#1532,.T.);
#677=ORIENTED_EDGE('',*,*,#1533,.F.);
#678=ORIENTED_EDGE('',*,*,#1534,.T.);
#679=ORIENTED_EDGE('',*,*,#1535,.T.);
#680=ORIENTED_EDGE('',*,*,#1536,.T.);
#681=ORIENTED_EDGE('',*,*,#1537,.T.);
#682=ORIENTED_EDGE('',*,*,#1538,.T.);
#683=ORIENTED_EDGE('',*,*,#1539,.F.);
#684=ORIENTED_EDGE('',*,*,#1540,.T.);
#685=ORIENTED_EDGE('',*,*,#1541,.F.);
#686=ORIENTED_EDGE('',*,*,#1542,.F.);
#687=ORIENTED_EDGE('',*,*,#1543,.F.);
#688=ORIENTED_EDGE('',*,*,#1544,.T.);
#689=ORIENTED_EDGE('',*,*,#1545,.F.);
#690=ORIENTED_EDGE('',*,*,#1546,.F.);
#691=ORIENTED_EDGE('',*,*,#1547,.F.);
#692=ORIENTED_EDGE('',*,*,#1548,.F.);
#693=ORIENTED_EDGE('',*,*,#1549,.F.);
#694=ORIENTED_EDGE('',*,*,#1550,.T.);
#695=ORIENTED_EDGE('',*,*,#1551,.F.);
#696=ORIENTED_EDGE('',*,*,#1552,.T.);
#697=ORIENTED_EDGE('',*,*,#1553,.T.);
#698=ORIENTED_EDGE('',*,*,#1554,.F.);
#699=ORIENTED_EDGE('',*,*,#1555,.T.);
#700=ORIENTED_EDGE('',*,*,#1556,.T.);
#701=ORIENTED_EDGE('',*,*,#1557,.T.);
#702=ORIENTED_EDGE('',*,*,#1558,.T.);
#703=ORIENTED_EDGE('',*,*,#1559,.T.);
#704=ORIENTED_EDGE('',*,*,#1560,.T.);
#705=ORIENTED_EDGE('',*,*,#1561,.T.);
#706=ORIENTED_EDGE('',*,*,#1562,.T.);
#707=ORIENTED_EDGE('',*,*,#1563,.T.);
#708=ORIENTED_EDGE('',*,*,#1564,.T.);
#709=ORIENTED_EDGE('',*,*,#1565,.T.);
#710=ORIENTED_EDGE('',*,*,#1566,.T.);
#711=ORIENTED_EDGE('',*,*,#1567,.T.);
#712=ORIENTED_EDGE('',*,*,#1568,.T.);
#713=ORIENTED_EDGE('',*,*,#1569,.T.);
#714=ORIENTED_EDGE('',*,*,#1570,.T.);
#715=ORIENTED_EDGE('',*,*,#1571,.T.);
#716=ORIENTED_EDGE('',*,*,#1572,.T.);
#717=ORIENTED_EDGE('',*,*,#1573,.F.);
#718=ORIENTED_EDGE('',*,*,#1552,.F.);
#719=ORIENTED_EDGE('',*,*,#1574,.F.);
#720=ORIENTED_EDGE('',*,*,#1575,.F.);
#721=ORIENTED_EDGE('',*,*,#1576,.F.);
#722=ORIENTED_EDGE('',*,*,#1577,.F.);
#723=ORIENTED_EDGE('',*,*,#1578,.T.);
#724=ORIENTED_EDGE('',*,*,#1579,.F.);
#725=ORIENTED_EDGE('',*,*,#1580,.T.);
#726=ORIENTED_EDGE('',*,*,#1581,.F.);
#727=ORIENTED_EDGE('',*,*,#1582,.F.);
#728=ORIENTED_EDGE('',*,*,#1583,.F.);
#729=ORIENTED_EDGE('',*,*,#1584,.F.);
#730=ORIENTED_EDGE('',*,*,#1585,.F.);
#731=ORIENTED_EDGE('',*,*,#1586,.T.);
#732=ORIENTED_EDGE('',*,*,#1587,.F.);
#733=ORIENTED_EDGE('',*,*,#1588,.T.);
#734=ORIENTED_EDGE('',*,*,#1589,.F.);
#735=ORIENTED_EDGE('',*,*,#1590,.F.);
#736=ORIENTED_EDGE('',*,*,#1591,.F.);
#737=ORIENTED_EDGE('',*,*,#1592,.T.);
#738=ORIENTED_EDGE('',*,*,#1593,.F.);
#739=ORIENTED_EDGE('',*,*,#1594,.T.);
#740=ORIENTED_EDGE('',*,*,#1595,.F.);
#741=ORIENTED_EDGE('',*,*,#1596,.F.);
#742=ORIENTED_EDGE('',*,*,#1597,.F.);
#743=ORIENTED_EDGE('',*,*,#1598,.F.);
#744=ORIENTED_EDGE('',*,*,#1599,.T.);
#745=ORIENTED_EDGE('',*,*,#1600,.F.);
#746=ORIENTED_EDGE('',*,*,#1601,.T.);
#747=ORIENTED_EDGE('',*,*,#1602,.F.);
#748=ORIENTED_EDGE('',*,*,#1603,.F.);
#749=ORIENTED_EDGE('',*,*,#1604,.F.);
#750=ORIENTED_EDGE('',*,*,#1605,.T.);
#751=ORIENTED_EDGE('',*,*,#1606,.F.);
#752=ORIENTED_EDGE('',*,*,#1607,.T.);
#753=ORIENTED_EDGE('',*,*,#1608,.F.);
#754=ORIENTED_EDGE('',*,*,#1609,.F.);
#755=ORIENTED_EDGE('',*,*,#1610,.F.);
#756=ORIENTED_EDGE('',*,*,#1611,.T.);
#757=ORIENTED_EDGE('',*,*,#1612,.F.);
#758=ORIENTED_EDGE('',*,*,#1613,.T.);
#759=ORIENTED_EDGE('',*,*,#1614,.T.);
#760=ORIENTED_EDGE('',*,*,#1615,.T.);
#761=ORIENTED_EDGE('',*,*,#1616,.F.);
#762=ORIENTED_EDGE('',*,*,#1617,.T.);
#763=ORIENTED_EDGE('',*,*,#1618,.F.);
#764=ORIENTED_EDGE('',*,*,#1619,.T.);
#765=ORIENTED_EDGE('',*,*,#1620,.T.);
#766=ORIENTED_EDGE('',*,*,#1621,.T.);
#767=ORIENTED_EDGE('',*,*,#1622,.T.);
#768=ORIENTED_EDGE('',*,*,#1623,.T.);
#769=ORIENTED_EDGE('',*,*,#1593,.T.);
#770=ORIENTED_EDGE('',*,*,#1624,.T.);
#771=ORIENTED_EDGE('',*,*,#1625,.T.);
#772=ORIENTED_EDGE('',*,*,#1626,.T.);
#773=ORIENTED_EDGE('',*,*,#1627,.T.);
#774=ORIENTED_EDGE('',*,*,#1628,.T.);
#775=ORIENTED_EDGE('',*,*,#1629,.T.);
#776=ORIENTED_EDGE('',*,*,#1630,.T.);
#777=ORIENTED_EDGE('',*,*,#1631,.T.);
#778=ORIENTED_EDGE('',*,*,#1632,.T.);
#779=ORIENTED_EDGE('',*,*,#1633,.T.);
#780=ORIENTED_EDGE('',*,*,#1634,.F.);
#781=ORIENTED_EDGE('',*,*,#1635,.T.);
#782=ORIENTED_EDGE('',*,*,#1636,.T.);
#783=ORIENTED_EDGE('',*,*,#1637,.F.);
#784=ORIENTED_EDGE('',*,*,#1638,.F.);
#785=ORIENTED_EDGE('',*,*,#1639,.F.);
#786=ORIENTED_EDGE('',*,*,#1640,.F.);
#787=ORIENTED_EDGE('',*,*,#1641,.T.);
#788=ORIENTED_EDGE('',*,*,#1642,.T.);
#789=ORIENTED_EDGE('',*,*,#1643,.T.);
#790=ORIENTED_EDGE('',*,*,#1644,.F.);
#791=ORIENTED_EDGE('',*,*,#1596,.T.);
#792=ORIENTED_EDGE('',*,*,#1645,.T.);
#793=ORIENTED_EDGE('',*,*,#1646,.T.);
#794=ORIENTED_EDGE('',*,*,#1647,.F.);
#795=ORIENTED_EDGE('',*,*,#1648,.F.);
#796=ORIENTED_EDGE('',*,*,#1649,.T.);
#797=ORIENTED_EDGE('',*,*,#1650,.T.);
#798=ORIENTED_EDGE('',*,*,#1651,.T.);
#799=ORIENTED_EDGE('',*,*,#1652,.T.);
#800=ORIENTED_EDGE('',*,*,#1653,.F.);
#801=ORIENTED_EDGE('',*,*,#1595,.T.);
#802=ORIENTED_EDGE('',*,*,#1654,.T.);
#803=ORIENTED_EDGE('',*,*,#1533,.T.);
#804=ORIENTED_EDGE('',*,*,#1655,.T.);
#805=ORIENTED_EDGE('',*,*,#1656,.T.);
#806=ORIENTED_EDGE('',*,*,#1657,.T.);
#807=ORIENTED_EDGE('',*,*,#1658,.T.);
#808=ORIENTED_EDGE('',*,*,#1659,.F.);
#809=ORIENTED_EDGE('',*,*,#1660,.T.);
#810=ORIENTED_EDGE('',*,*,#1661,.T.);
#811=ORIENTED_EDGE('',*,*,#1612,.T.);
#812=ORIENTED_EDGE('',*,*,#1662,.T.);
#813=ORIENTED_EDGE('',*,*,#1608,.T.);
#814=ORIENTED_EDGE('',*,*,#1663,.T.);
#815=ORIENTED_EDGE('',*,*,#1664,.T.);
#816=ORIENTED_EDGE('',*,*,#1665,.T.);
#817=ORIENTED_EDGE('',*,*,#1666,.T.);
#818=ORIENTED_EDGE('',*,*,#1667,.T.);
#819=ORIENTED_EDGE('',*,*,#1668,.T.);
#820=ORIENTED_EDGE('',*,*,#1669,.T.);
#821=ORIENTED_EDGE('',*,*,#1670,.F.);
#822=ORIENTED_EDGE('',*,*,#1671,.T.);
#823=ORIENTED_EDGE('',*,*,#1672,.T.);
#824=ORIENTED_EDGE('',*,*,#1673,.T.);
#825=ORIENTED_EDGE('',*,*,#1600,.T.);
#826=ORIENTED_EDGE('',*,*,#1674,.T.);
#827=ORIENTED_EDGE('',*,*,#1675,.T.);
#828=ORIENTED_EDGE('',*,*,#1676,.T.);
#829=ORIENTED_EDGE('',*,*,#1677,.T.);
#830=ORIENTED_EDGE('',*,*,#1678,.T.);
#831=ORIENTED_EDGE('',*,*,#1679,.T.);
#832=ORIENTED_EDGE('',*,*,#1610,.T.);
#833=ORIENTED_EDGE('',*,*,#1680,.F.);
#834=ORIENTED_EDGE('',*,*,#1681,.T.);
#835=ORIENTED_EDGE('',*,*,#1682,.T.);
#836=ORIENTED_EDGE('',*,*,#1683,.T.);
#837=ORIENTED_EDGE('',*,*,#1684,.T.);
#838=ORIENTED_EDGE('',*,*,#1685,.T.);
#839=ORIENTED_EDGE('',*,*,#1541,.T.);
#840=ORIENTED_EDGE('',*,*,#1686,.T.);
#841=ORIENTED_EDGE('',*,*,#1543,.T.);
#842=ORIENTED_EDGE('',*,*,#1687,.T.);
#843=ORIENTED_EDGE('',*,*,#1521,.F.);
#844=ORIENTED_EDGE('',*,*,#1688,.T.);
#845=ORIENTED_EDGE('',*,*,#1689,.T.);
#846=ORIENTED_EDGE('',*,*,#1690,.T.);
#847=ORIENTED_EDGE('',*,*,#1539,.T.);
#848=ORIENTED_EDGE('',*,*,#1666,.F.);
#849=ORIENTED_EDGE('',*,*,#1691,.T.);
#850=ORIENTED_EDGE('',*,*,#1692,.T.);
#851=ORIENTED_EDGE('',*,*,#1693,.T.);
#852=ORIENTED_EDGE('',*,*,#1616,.T.);
#853=ORIENTED_EDGE('',*,*,#1694,.T.);
#854=ORIENTED_EDGE('',*,*,#1627,.F.);
#855=ORIENTED_EDGE('',*,*,#1695,.T.);
#856=ORIENTED_EDGE('',*,*,#1696,.F.);
#857=ORIENTED_EDGE('',*,*,#1697,.T.);
#858=ORIENTED_EDGE('',*,*,#1698,.T.);
#859=ORIENTED_EDGE('',*,*,#1699,.T.);
#860=ORIENTED_EDGE('',*,*,#1641,.F.);
#861=ORIENTED_EDGE('',*,*,#1618,.T.);
#862=ORIENTED_EDGE('',*,*,#1700,.T.);
#863=ORIENTED_EDGE('',*,*,#1622,.F.);
#864=ORIENTED_EDGE('',*,*,#1701,.T.);
#865=ORIENTED_EDGE('',*,*,#1545,.T.);
#866=ORIENTED_EDGE('',*,*,#1702,.T.);
#867=ORIENTED_EDGE('',*,*,#1703,.T.);
#868=ORIENTED_EDGE('',*,*,#1704,.T.);
#869=ORIENTED_EDGE('',*,*,#1705,.T.);
#870=ORIENTED_EDGE('',*,*,#1706,.T.);
#871=ORIENTED_EDGE('',*,*,#1684,.F.);
#872=ORIENTED_EDGE('',*,*,#1538,.F.);
#873=ORIENTED_EDGE('',*,*,#1707,.T.);
#874=ORIENTED_EDGE('',*,*,#1708,.T.);
#875=ORIENTED_EDGE('',*,*,#1606,.T.);
#876=ORIENTED_EDGE('',*,*,#1709,.T.);
#877=ORIENTED_EDGE('',*,*,#1710,.T.);
#878=ORIENTED_EDGE('',*,*,#1711,.T.);
#879=ORIENTED_EDGE('',*,*,#1712,.T.);
#880=ORIENTED_EDGE('',*,*,#1713,.T.);
#881=ORIENTED_EDGE('',*,*,#1714,.T.);
#882=ORIENTED_EDGE('',*,*,#1715,.F.);
#883=ORIENTED_EDGE('',*,*,#1602,.T.);
#884=ORIENTED_EDGE('',*,*,#1716,.T.);
#885=ORIENTED_EDGE('',*,*,#1692,.F.);
#886=ORIENTED_EDGE('',*,*,#1717,.T.);
#887=ORIENTED_EDGE('',*,*,#1718,.T.);
#888=ORIENTED_EDGE('',*,*,#1719,.T.);
#889=ORIENTED_EDGE('',*,*,#1720,.T.);
#890=ORIENTED_EDGE('',*,*,#1721,.T.);
#891=ORIENTED_EDGE('',*,*,#1722,.T.);
#892=ORIENTED_EDGE('',*,*,#1723,.T.);
#893=ORIENTED_EDGE('',*,*,#1598,.T.);
#894=ORIENTED_EDGE('',*,*,#1724,.T.);
#895=ORIENTED_EDGE('',*,*,#1725,.T.);
#896=ORIENTED_EDGE('',*,*,#1726,.T.);
#897=ORIENTED_EDGE('',*,*,#1727,.T.);
#898=ORIENTED_EDGE('',*,*,#1728,.T.);
#899=ORIENTED_EDGE('',*,*,#1729,.T.);
#900=ORIENTED_EDGE('',*,*,#1730,.T.);
#901=ORIENTED_EDGE('',*,*,#1731,.F.);
#902=ORIENTED_EDGE('',*,*,#1582,.T.);
#903=ORIENTED_EDGE('',*,*,#1589,.T.);
#904=ORIENTED_EDGE('',*,*,#1732,.T.);
#905=ORIENTED_EDGE('',*,*,#1733,.T.);
#906=ORIENTED_EDGE('',*,*,#1734,.T.);
#907=ORIENTED_EDGE('',*,*,#1587,.T.);
#908=ORIENTED_EDGE('',*,*,#1735,.F.);
#909=ORIENTED_EDGE('',*,*,#1736,.T.);
#910=ORIENTED_EDGE('',*,*,#1737,.T.);
#911=ORIENTED_EDGE('',*,*,#1738,.T.);
#912=ORIENTED_EDGE('',*,*,#1739,.T.);
#913=ORIENTED_EDGE('',*,*,#1531,.F.);
#914=ORIENTED_EDGE('',*,*,#1740,.T.);
#915=ORIENTED_EDGE('',*,*,#1741,.T.);
#916=ORIENTED_EDGE('',*,*,#1742,.T.);
#917=ORIENTED_EDGE('',*,*,#1743,.T.);
#918=ORIENTED_EDGE('',*,*,#1574,.T.);
#919=ORIENTED_EDGE('',*,*,#1581,.T.);
#920=ORIENTED_EDGE('',*,*,#1744,.T.);
#921=ORIENTED_EDGE('',*,*,#1745,.T.);
#922=ORIENTED_EDGE('',*,*,#1746,.F.);
#923=ORIENTED_EDGE('',*,*,#1747,.F.);
#924=ORIENTED_EDGE('',*,*,#1748,.T.);
#925=ORIENTED_EDGE('',*,*,#1749,.T.);
#926=ORIENTED_EDGE('',*,*,#1750,.T.);
#927=ORIENTED_EDGE('',*,*,#1585,.T.);
#928=ORIENTED_EDGE('',*,*,#1584,.T.);
#929=ORIENTED_EDGE('',*,*,#1751,.F.);
#930=ORIENTED_EDGE('',*,*,#1752,.T.);
#931=ORIENTED_EDGE('',*,*,#1753,.T.);
#932=ORIENTED_EDGE('',*,*,#1754,.T.);
#933=ORIENTED_EDGE('',*,*,#1697,.F.);
#934=ORIENTED_EDGE('',*,*,#1755,.T.);
#935=ORIENTED_EDGE('',*,*,#1756,.T.);
#936=ORIENTED_EDGE('',*,*,#1757,.T.);
#937=ORIENTED_EDGE('',*,*,#1579,.T.);
#938=ORIENTED_EDGE('',*,*,#1758,.T.);
#939=ORIENTED_EDGE('',*,*,#1759,.T.);
#940=ORIENTED_EDGE('',*,*,#1760,.T.);
#941=ORIENTED_EDGE('',*,*,#1761,.T.);
#942=ORIENTED_EDGE('',*,*,#1762,.T.);
#943=ORIENTED_EDGE('',*,*,#1763,.T.);
#944=ORIENTED_EDGE('',*,*,#1764,.T.);
#945=ORIENTED_EDGE('',*,*,#1577,.T.);
#946=ORIENTED_EDGE('',*,*,#1576,.T.);
#947=ORIENTED_EDGE('',*,*,#1765,.F.);
#948=ORIENTED_EDGE('',*,*,#1766,.T.);
#949=ORIENTED_EDGE('',*,*,#1767,.T.);
#950=ORIENTED_EDGE('',*,*,#1768,.T.);
#951=ORIENTED_EDGE('',*,*,#1769,.T.);
#952=ORIENTED_EDGE('',*,*,#1770,.T.);
#953=ORIENTED_EDGE('',*,*,#1591,.T.);
#954=ORIENTED_EDGE('',*,*,#1771,.T.);
#955=ORIENTED_EDGE('',*,*,#1772,.T.);
#956=ORIENTED_EDGE('',*,*,#1773,.T.);
#957=ORIENTED_EDGE('',*,*,#1774,.T.);
#958=ORIENTED_EDGE('',*,*,#1775,.T.);
#959=ORIENTED_EDGE('',*,*,#1705,.F.);
#960=ORIENTED_EDGE('',*,*,#1776,.T.);
#961=ORIENTED_EDGE('',*,*,#1604,.T.);
#962=ORIENTED_EDGE('',*,*,#1777,.F.);
#963=ORIENTED_EDGE('',*,*,#1778,.T.);
#964=ORIENTED_EDGE('',*,*,#1779,.T.);
#965=ORIENTED_EDGE('',*,*,#1780,.T.);
#966=ORIENTED_EDGE('',*,*,#1781,.F.);
#967=ORIENTED_EDGE('',*,*,#1635,.F.);
#968=ORIENTED_EDGE('',*,*,#1782,.T.);
#969=ORIENTED_EDGE('',*,*,#1783,.T.);
#970=ORIENTED_EDGE('',*,*,#1784,.T.);
#971=ORIENTED_EDGE('',*,*,#1785,.T.);
#972=ORIENTED_EDGE('',*,*,#1786,.T.);
#973=ORIENTED_EDGE('',*,*,#1787,.T.);
#974=ORIENTED_EDGE('',*,*,#1788,.T.);
#975=ORIENTED_EDGE('',*,*,#1789,.T.);
#976=ORIENTED_EDGE('',*,*,#1790,.T.);
#977=ORIENTED_EDGE('',*,*,#1791,.T.);
#978=ORIENTED_EDGE('',*,*,#1792,.T.);
#979=ORIENTED_EDGE('',*,*,#1793,.T.);
#980=ORIENTED_EDGE('',*,*,#1794,.T.);
#981=ORIENTED_EDGE('',*,*,#1795,.T.);
#982=ORIENTED_EDGE('',*,*,#1549,.T.);
#983=ORIENTED_EDGE('',*,*,#1634,.T.);
#984=ORIENTED_EDGE('',*,*,#1647,.T.);
#985=ORIENTED_EDGE('',*,*,#1796,.T.);
#986=ORIENTED_EDGE('',*,*,#1782,.F.);
#987=ORIENTED_EDGE('',*,*,#1638,.T.);
#988=ORIENTED_EDGE('',*,*,#1797,.T.);
#989=ORIENTED_EDGE('',*,*,#1781,.T.);
#990=ORIENTED_EDGE('',*,*,#1798,.T.);
#991=ORIENTED_EDGE('',*,*,#1649,.F.);
#992=ORIENTED_EDGE('',*,*,#1799,.F.);
#993=ORIENTED_EDGE('',*,*,#1636,.F.);
#994=ORIENTED_EDGE('',*,*,#1637,.T.);
#995=ORIENTED_EDGE('',*,*,#1799,.T.);
#996=ORIENTED_EDGE('',*,*,#1648,.T.);
#997=ORIENTED_EDGE('',*,*,#1797,.F.);
#998=ORIENTED_EDGE('',*,*,#1724,.F.);
#999=ORIENTED_EDGE('',*,*,#1597,.T.);
#1000=ORIENTED_EDGE('',*,*,#1644,.T.);
#1001=ORIENTED_EDGE('',*,*,#1800,.T.);
#1002=ORIENTED_EDGE('',*,*,#1801,.T.);
#1003=ORIENTED_EDGE('',*,*,#1802,.T.);
#1004=ORIENTED_EDGE('',*,*,#1639,.T.);
#1005=ORIENTED_EDGE('',*,*,#1590,.T.);
#1006=ORIENTED_EDGE('',*,*,#1653,.T.);
#1007=ORIENTED_EDGE('',*,*,#1803,.T.);
#1008=ORIENTED_EDGE('',*,*,#1771,.F.);
#1009=ORIENTED_EDGE('',*,*,#1804,.T.);
#1010=ORIENTED_EDGE('',*,*,#1805,.T.);
#1011=ORIENTED_EDGE('',*,*,#1633,.F.);
#1012=ORIENTED_EDGE('',*,*,#1806,.T.);
#1013=ORIENTED_EDGE('',*,*,#1751,.T.);
#1014=ORIENTED_EDGE('',*,*,#1583,.T.);
#1015=ORIENTED_EDGE('',*,*,#1731,.T.);
#1016=ORIENTED_EDGE('',*,*,#1807,.T.);
#1017=ORIENTED_EDGE('',*,*,#1743,.F.);
#1018=ORIENTED_EDGE('',*,*,#1808,.T.);
#1019=ORIENTED_EDGE('',*,*,#1765,.T.);
#1020=ORIENTED_EDGE('',*,*,#1575,.T.);
#1021=ORIENTED_EDGE('',*,*,#1809,.T.);
#1022=ORIENTED_EDGE('',*,*,#1810,.T.);
#1023=ORIENTED_EDGE('',*,*,#1548,.T.);
#1024=ORIENTED_EDGE('',*,*,#1811,.T.);
#1025=ORIENTED_EDGE('',*,*,#1550,.F.);
#1026=ORIENTED_EDGE('',*,*,#1812,.T.);
#1027=ORIENTED_EDGE('',*,*,#1777,.T.);
#1028=ORIENTED_EDGE('',*,*,#1603,.T.);
#1029=ORIENTED_EDGE('',*,*,#1715,.T.);
#1030=ORIENTED_EDGE('',*,*,#1813,.T.);
#1031=ORIENTED_EDGE('',*,*,#1814,.T.);
#1032=ORIENTED_EDGE('',*,*,#1547,.T.);
#1033=ORIENTED_EDGE('',*,*,#1815,.T.);
#1034=ORIENTED_EDGE('',*,*,#1680,.T.);
#1035=ORIENTED_EDGE('',*,*,#1609,.T.);
#1036=ORIENTED_EDGE('',*,*,#1670,.T.);
#1037=ORIENTED_EDGE('',*,*,#1816,.T.);
#1038=ORIENTED_EDGE('',*,*,#1817,.T.);
#1039=ORIENTED_EDGE('',*,*,#1640,.T.);
#1040=ORIENTED_EDGE('',*,*,#1816,.F.);
#1041=ORIENTED_EDGE('',*,*,#1817,.F.);
#1042=ORIENTED_EDGE('',*,*,#1681,.F.);
#1043=ORIENTED_EDGE('',*,*,#1815,.F.);
#1044=ORIENTED_EDGE('',*,*,#1669,.F.);
#1045=ORIENTED_EDGE('',*,*,#1818,.T.);
#1046=ORIENTED_EDGE('',*,*,#1519,.F.);
#1047=ORIENTED_EDGE('',*,*,#1819,.T.);
#1048=ORIENTED_EDGE('',*,*,#1778,.F.);
#1049=ORIENTED_EDGE('',*,*,#1812,.F.);
#1050=ORIENTED_EDGE('',*,*,#1714,.F.);
#1051=ORIENTED_EDGE('',*,*,#1820,.T.);
#1052=ORIENTED_EDGE('',*,*,#1632,.F.);
#1053=ORIENTED_EDGE('',*,*,#1821,.T.);
#1054=ORIENTED_EDGE('',*,*,#1813,.F.);
#1055=ORIENTED_EDGE('',*,*,#1814,.F.);
#1056=ORIENTED_EDGE('',*,*,#1801,.F.);
#1057=ORIENTED_EDGE('',*,*,#1802,.F.);
#1058=ORIENTED_EDGE('',*,*,#1800,.F.);
#1059=ORIENTED_EDGE('',*,*,#1643,.F.);
#1060=ORIENTED_EDGE('',*,*,#1822,.T.);
#1061=ORIENTED_EDGE('',*,*,#1625,.F.);
#1062=ORIENTED_EDGE('',*,*,#1823,.T.);
#1063=ORIENTED_EDGE('',*,*,#1725,.F.);
#1064=ORIENTED_EDGE('',*,*,#1805,.F.);
#1065=ORIENTED_EDGE('',*,*,#1804,.F.);
#1066=ORIENTED_EDGE('',*,*,#1772,.F.);
#1067=ORIENTED_EDGE('',*,*,#1803,.F.);
#1068=ORIENTED_EDGE('',*,*,#1652,.F.);
#1069=ORIENTED_EDGE('',*,*,#1824,.T.);
#1070=ORIENTED_EDGE('',*,*,#1677,.F.);
#1071=ORIENTED_EDGE('',*,*,#1825,.T.);
#1072=ORIENTED_EDGE('',*,*,#1811,.F.);
#1073=ORIENTED_EDGE('',*,*,#1809,.F.);
#1074=ORIENTED_EDGE('',*,*,#1766,.F.);
#1075=ORIENTED_EDGE('',*,*,#1808,.F.);
#1076=ORIENTED_EDGE('',*,*,#1742,.F.);
#1077=ORIENTED_EDGE('',*,*,#1741,.F.);
#1078=ORIENTED_EDGE('',*,*,#1826,.T.);
#1079=ORIENTED_EDGE('',*,*,#1620,.F.);
#1080=ORIENTED_EDGE('',*,*,#1827,.T.);
#1081=ORIENTED_EDGE('',*,*,#1767,.F.);
#1082=ORIENTED_EDGE('',*,*,#1807,.F.);
#1083=ORIENTED_EDGE('',*,*,#1810,.F.);
#1084=ORIENTED_EDGE('',*,*,#1752,.F.);
#1085=ORIENTED_EDGE('',*,*,#1806,.F.);
#1086=ORIENTED_EDGE('',*,*,#1730,.F.);
#1087=ORIENTED_EDGE('',*,*,#1729,.F.);
#1088=ORIENTED_EDGE('',*,*,#1828,.T.);
#1089=ORIENTED_EDGE('',*,*,#1614,.F.);
#1090=ORIENTED_EDGE('',*,*,#1829,.T.);
#1091=ORIENTED_EDGE('',*,*,#1753,.F.);
#1092=ORIENTED_EDGE('',*,*,#1746,.T.);
#1093=ORIENTED_EDGE('',*,*,#1830,.T.);
#1094=ORIENTED_EDGE('',*,*,#1555,.F.);
#1095=ORIENTED_EDGE('',*,*,#1551,.T.);
#1096=ORIENTED_EDGE('',*,*,#1831,.T.);
#1097=ORIENTED_EDGE('',*,*,#1573,.T.);
#1098=ORIENTED_EDGE('',*,*,#1832,.T.);
#1099=ORIENTED_EDGE('',*,*,#1748,.F.);
#1100=ORIENTED_EDGE('',*,*,#1833,.F.);
#1101=ORIENTED_EDGE('',*,*,#1553,.F.);
#1102=ORIENTED_EDGE('',*,*,#1554,.T.);
#1103=ORIENTED_EDGE('',*,*,#1833,.T.);
#1104=ORIENTED_EDGE('',*,*,#1747,.T.);
#1105=ORIENTED_EDGE('',*,*,#1831,.F.);
#1106=ORIENTED_EDGE('',*,*,#1834,.F.);
#1107=ORIENTED_EDGE('',*,*,#1621,.F.);
#1108=ORIENTED_EDGE('',*,*,#1826,.F.);
#1109=ORIENTED_EDGE('',*,*,#1740,.F.);
#1110=ORIENTED_EDGE('',*,*,#1594,.F.);
#1111=ORIENTED_EDGE('',*,*,#1623,.F.);
#1112=ORIENTED_EDGE('',*,*,#1835,.F.);
#1113=ORIENTED_EDGE('',*,*,#1654,.F.);
#1114=ORIENTED_EDGE('',*,*,#1834,.T.);
#1115=ORIENTED_EDGE('',*,*,#1534,.F.);
#1116=ORIENTED_EDGE('',*,*,#1835,.T.);
#1117=ORIENTED_EDGE('',*,*,#1700,.F.);
#1118=ORIENTED_EDGE('',*,*,#1676,.F.);
#1119=ORIENTED_EDGE('',*,*,#1836,.T.);
#1120=ORIENTED_EDGE('',*,*,#1758,.F.);
#1121=ORIENTED_EDGE('',*,*,#1825,.F.);
#1122=ORIENTED_EDGE('',*,*,#1651,.F.);
#1123=ORIENTED_EDGE('',*,*,#1837,.T.);
#1124=ORIENTED_EDGE('',*,*,#1674,.F.);
#1125=ORIENTED_EDGE('',*,*,#1824,.F.);
#1126=ORIENTED_EDGE('',*,*,#1673,.F.);
#1127=ORIENTED_EDGE('',*,*,#1838,.T.);
#1128=ORIENTED_EDGE('',*,*,#1645,.F.);
#1129=ORIENTED_EDGE('',*,*,#1601,.F.);
#1130=ORIENTED_EDGE('',*,*,#1723,.F.);
#1131=ORIENTED_EDGE('',*,*,#1839,.T.);
#1132=ORIENTED_EDGE('',*,*,#1671,.F.);
#1133=ORIENTED_EDGE('',*,*,#1599,.F.);
#1134=ORIENTED_EDGE('',*,*,#1734,.F.);
#1135=ORIENTED_EDGE('',*,*,#1840,.T.);
#1136=ORIENTED_EDGE('',*,*,#1717,.F.);
#1137=ORIENTED_EDGE('',*,*,#1588,.F.);
#1138=ORIENTED_EDGE('',*,*,#1828,.F.);
#1139=ORIENTED_EDGE('',*,*,#1728,.F.);
#1140=ORIENTED_EDGE('',*,*,#1841,.F.);
#1141=ORIENTED_EDGE('',*,*,#1615,.F.);
#1142=ORIENTED_EDGE('',*,*,#1841,.T.);
#1143=ORIENTED_EDGE('',*,*,#1727,.F.);
#1144=ORIENTED_EDGE('',*,*,#1842,.F.);
#1145=ORIENTED_EDGE('',*,*,#1694,.F.);
#1146=ORIENTED_EDGE('',*,*,#1842,.T.);
#1147=ORIENTED_EDGE('',*,*,#1726,.F.);
#1148=ORIENTED_EDGE('',*,*,#1823,.F.);
#1149=ORIENTED_EDGE('',*,*,#1628,.F.);
#1150=ORIENTED_EDGE('',*,*,#1719,.F.);
#1151=ORIENTED_EDGE('',*,*,#1843,.T.);
#1152=ORIENTED_EDGE('',*,*,#1711,.F.);
#1153=ORIENTED_EDGE('',*,*,#1844,.F.);
#1154=ORIENTED_EDGE('',*,*,#1844,.T.);
#1155=ORIENTED_EDGE('',*,*,#1691,.F.);
#1156=ORIENTED_EDGE('',*,*,#1845,.F.);
#1157=ORIENTED_EDGE('',*,*,#1720,.F.);
#1158=ORIENTED_EDGE('',*,*,#1665,.F.);
#1159=ORIENTED_EDGE('',*,*,#1846,.T.);
#1160=ORIENTED_EDGE('',*,*,#1721,.F.);
#1161=ORIENTED_EDGE('',*,*,#1845,.T.);
#1162=ORIENTED_EDGE('',*,*,#1607,.F.);
#1163=ORIENTED_EDGE('',*,*,#1708,.F.);
#1164=ORIENTED_EDGE('',*,*,#1847,.F.);
#1165=ORIENTED_EDGE('',*,*,#1716,.F.);
#1166=ORIENTED_EDGE('',*,*,#1847,.T.);
#1167=ORIENTED_EDGE('',*,*,#1707,.F.);
#1168=ORIENTED_EDGE('',*,*,#1848,.F.);
#1169=ORIENTED_EDGE('',*,*,#1693,.F.);
#1170=ORIENTED_EDGE('',*,*,#1537,.F.);
#1171=ORIENTED_EDGE('',*,*,#1849,.T.);
#1172=ORIENTED_EDGE('',*,*,#1689,.F.);
#1173=ORIENTED_EDGE('',*,*,#1848,.T.);
#1174=ORIENTED_EDGE('',*,*,#1542,.T.);
#1175=ORIENTED_EDGE('',*,*,#1688,.F.);
#1176=ORIENTED_EDGE('',*,*,#1850,.F.);
#1177=ORIENTED_EDGE('',*,*,#1667,.F.);
#1178=ORIENTED_EDGE('',*,*,#1850,.T.);
#1179=ORIENTED_EDGE('',*,*,#1520,.F.);
#1180=ORIENTED_EDGE('',*,*,#1818,.F.);
#1181=ORIENTED_EDGE('',*,*,#1668,.F.);
#1182=ORIENTED_EDGE('',*,*,#1713,.F.);
#1183=ORIENTED_EDGE('',*,*,#1851,.T.);
#1184=ORIENTED_EDGE('',*,*,#1629,.F.);
#1185=ORIENTED_EDGE('',*,*,#1820,.F.);
#1186=ORIENTED_EDGE('',*,*,#1605,.F.);
#1187=ORIENTED_EDGE('',*,*,#1776,.F.);
#1188=ORIENTED_EDGE('',*,*,#1852,.F.);
#1189=ORIENTED_EDGE('',*,*,#1709,.F.);
#1190=ORIENTED_EDGE('',*,*,#1852,.T.);
#1191=ORIENTED_EDGE('',*,*,#1704,.F.);
#1192=ORIENTED_EDGE('',*,*,#1853,.F.);
#1193=ORIENTED_EDGE('',*,*,#1710,.F.);
#1194=ORIENTED_EDGE('',*,*,#1703,.F.);
#1195=ORIENTED_EDGE('',*,*,#1854,.T.);
#1196=ORIENTED_EDGE('',*,*,#1535,.F.);
#1197=ORIENTED_EDGE('',*,*,#1853,.T.);
#1198=ORIENTED_EDGE('',*,*,#1546,.T.);
#1199=ORIENTED_EDGE('',*,*,#1683,.F.);
#1200=ORIENTED_EDGE('',*,*,#1855,.F.);
#1201=ORIENTED_EDGE('',*,*,#1687,.F.);
#1202=ORIENTED_EDGE('',*,*,#1855,.T.);
#1203=ORIENTED_EDGE('',*,*,#1682,.F.);
#1204=ORIENTED_EDGE('',*,*,#1819,.F.);
#1205=ORIENTED_EDGE('',*,*,#1522,.F.);
#1206=ORIENTED_EDGE('',*,*,#1631,.F.);
#1207=ORIENTED_EDGE('',*,*,#1856,.T.);
#1208=ORIENTED_EDGE('',*,*,#1773,.F.);
#1209=ORIENTED_EDGE('',*,*,#1821,.F.);
#1210=ORIENTED_EDGE('',*,*,#1775,.F.);
#1211=ORIENTED_EDGE('',*,*,#1857,.T.);
#1212=ORIENTED_EDGE('',*,*,#1762,.F.);
#1213=ORIENTED_EDGE('',*,*,#1858,.F.);
#1214=ORIENTED_EDGE('',*,*,#1858,.T.);
#1215=ORIENTED_EDGE('',*,*,#1761,.F.);
#1216=ORIENTED_EDGE('',*,*,#1859,.F.);
#1217=ORIENTED_EDGE('',*,*,#1706,.F.);
#1218=ORIENTED_EDGE('',*,*,#1760,.F.);
#1219=ORIENTED_EDGE('',*,*,#1860,.T.);
#1220=ORIENTED_EDGE('',*,*,#1685,.F.);
#1221=ORIENTED_EDGE('',*,*,#1859,.T.);
#1222=ORIENTED_EDGE('',*,*,#1827,.F.);
#1223=ORIENTED_EDGE('',*,*,#1619,.F.);
#1224=ORIENTED_EDGE('',*,*,#1861,.F.);
#1225=ORIENTED_EDGE('',*,*,#1768,.F.);
#1226=ORIENTED_EDGE('',*,*,#1861,.T.);
#1227=ORIENTED_EDGE('',*,*,#1701,.F.);
#1228=ORIENTED_EDGE('',*,*,#1862,.F.);
#1229=ORIENTED_EDGE('',*,*,#1769,.F.);
#1230=ORIENTED_EDGE('',*,*,#1862,.T.);
#1231=ORIENTED_EDGE('',*,*,#1624,.F.);
#1232=ORIENTED_EDGE('',*,*,#1592,.F.);
#1233=ORIENTED_EDGE('',*,*,#1770,.F.);
#1234=ORIENTED_EDGE('',*,*,#1764,.F.);
#1235=ORIENTED_EDGE('',*,*,#1863,.T.);
#1236=ORIENTED_EDGE('',*,*,#1755,.F.);
#1237=ORIENTED_EDGE('',*,*,#1578,.F.);
#1238=ORIENTED_EDGE('',*,*,#1757,.F.);
#1239=ORIENTED_EDGE('',*,*,#1864,.T.);
#1240=ORIENTED_EDGE('',*,*,#1744,.F.);
#1241=ORIENTED_EDGE('',*,*,#1580,.F.);
#1242=ORIENTED_EDGE('',*,*,#1750,.F.);
#1243=ORIENTED_EDGE('',*,*,#1865,.T.);
#1244=ORIENTED_EDGE('',*,*,#1732,.F.);
#1245=ORIENTED_EDGE('',*,*,#1586,.F.);
#1246=ORIENTED_EDGE('',*,*,#1695,.F.);
#1247=ORIENTED_EDGE('',*,*,#1866,.T.);
#1248=ORIENTED_EDGE('',*,*,#1699,.F.);
#1249=ORIENTED_EDGE('',*,*,#1867,.F.);
#1250=ORIENTED_EDGE('',*,*,#1867,.T.);
#1251=ORIENTED_EDGE('',*,*,#1698,.F.);
#1252=ORIENTED_EDGE('',*,*,#1868,.F.);
#1253=ORIENTED_EDGE('',*,*,#1829,.F.);
#1254=ORIENTED_EDGE('',*,*,#1617,.F.);
#1255=ORIENTED_EDGE('',*,*,#1868,.T.);
#1256=ORIENTED_EDGE('',*,*,#1754,.F.);
#1257=ORIENTED_EDGE('',*,*,#1796,.F.);
#1258=ORIENTED_EDGE('',*,*,#1646,.F.);
#1259=ORIENTED_EDGE('',*,*,#1869,.F.);
#1260=ORIENTED_EDGE('',*,*,#1783,.F.);
#1261=ORIENTED_EDGE('',*,*,#1869,.T.);
#1262=ORIENTED_EDGE('',*,*,#1838,.F.);
#1263=ORIENTED_EDGE('',*,*,#1870,.F.);
#1264=ORIENTED_EDGE('',*,*,#1784,.F.);
#1265=ORIENTED_EDGE('',*,*,#1870,.T.);
#1266=ORIENTED_EDGE('',*,*,#1672,.F.);
#1267=ORIENTED_EDGE('',*,*,#1871,.F.);
#1268=ORIENTED_EDGE('',*,*,#1785,.F.);
#1269=ORIENTED_EDGE('',*,*,#1871,.T.);
#1270=ORIENTED_EDGE('',*,*,#1839,.F.);
#1271=ORIENTED_EDGE('',*,*,#1872,.F.);
#1272=ORIENTED_EDGE('',*,*,#1786,.F.);
#1273=ORIENTED_EDGE('',*,*,#1872,.T.);
#1274=ORIENTED_EDGE('',*,*,#1722,.F.);
#1275=ORIENTED_EDGE('',*,*,#1873,.F.);
#1276=ORIENTED_EDGE('',*,*,#1787,.F.);
#1277=ORIENTED_EDGE('',*,*,#1873,.T.);
#1278=ORIENTED_EDGE('',*,*,#1846,.F.);
#1279=ORIENTED_EDGE('',*,*,#1874,.F.);
#1280=ORIENTED_EDGE('',*,*,#1788,.F.);
#1281=ORIENTED_EDGE('',*,*,#1664,.F.);
#1282=ORIENTED_EDGE('',*,*,#1875,.T.);
#1283=ORIENTED_EDGE('',*,*,#1876,.F.);
#1284=ORIENTED_EDGE('',*,*,#1789,.F.);
#1285=ORIENTED_EDGE('',*,*,#1874,.T.);
#1286=ORIENTED_EDGE('',*,*,#1876,.T.);
#1287=ORIENTED_EDGE('',*,*,#1877,.T.);
#1288=ORIENTED_EDGE('',*,*,#1660,.F.);
#1289=ORIENTED_EDGE('',*,*,#1878,.T.);
#1290=ORIENTED_EDGE('',*,*,#1879,.F.);
#1291=ORIENTED_EDGE('',*,*,#1790,.F.);
#1292=ORIENTED_EDGE('',*,*,#1879,.T.);
#1293=ORIENTED_EDGE('',*,*,#1880,.T.);
#1294=ORIENTED_EDGE('',*,*,#1678,.F.);
#1295=ORIENTED_EDGE('',*,*,#1881,.F.);
#1296=ORIENTED_EDGE('',*,*,#1791,.F.);
#1297=ORIENTED_EDGE('',*,*,#1881,.T.);
#1298=ORIENTED_EDGE('',*,*,#1860,.F.);
#1299=ORIENTED_EDGE('',*,*,#1882,.F.);
#1300=ORIENTED_EDGE('',*,*,#1792,.F.);
#1301=ORIENTED_EDGE('',*,*,#1882,.T.);
#1302=ORIENTED_EDGE('',*,*,#1759,.F.);
#1303=ORIENTED_EDGE('',*,*,#1883,.F.);
#1304=ORIENTED_EDGE('',*,*,#1793,.F.);
#1305=ORIENTED_EDGE('',*,*,#1883,.T.);
#1306=ORIENTED_EDGE('',*,*,#1836,.F.);
#1307=ORIENTED_EDGE('',*,*,#1884,.F.);
#1308=ORIENTED_EDGE('',*,*,#1794,.F.);
#1309=ORIENTED_EDGE('',*,*,#1884,.T.);
#1310=ORIENTED_EDGE('',*,*,#1675,.F.);
#1311=ORIENTED_EDGE('',*,*,#1885,.F.);
#1312=ORIENTED_EDGE('',*,*,#1795,.F.);
#1313=ORIENTED_EDGE('',*,*,#1885,.T.);
#1314=ORIENTED_EDGE('',*,*,#1837,.F.);
#1315=ORIENTED_EDGE('',*,*,#1886,.F.);
#1316=ORIENTED_EDGE('',*,*,#1779,.F.);
#1317=ORIENTED_EDGE('',*,*,#1886,.T.);
#1318=ORIENTED_EDGE('',*,*,#1650,.F.);
#1319=ORIENTED_EDGE('',*,*,#1798,.F.);
#1320=ORIENTED_EDGE('',*,*,#1780,.F.);
#1321=ORIENTED_EDGE('',*,*,#1832,.F.);
#1322=ORIENTED_EDGE('',*,*,#1572,.F.);
#1323=ORIENTED_EDGE('',*,*,#1887,.F.);
#1324=ORIENTED_EDGE('',*,*,#1749,.F.);
#1325=ORIENTED_EDGE('',*,*,#1887,.T.);
#1326=ORIENTED_EDGE('',*,*,#1571,.F.);
#1327=ORIENTED_EDGE('',*,*,#1888,.F.);
#1328=ORIENTED_EDGE('',*,*,#1865,.F.);
#1329=ORIENTED_EDGE('',*,*,#1830,.F.);
#1330=ORIENTED_EDGE('',*,*,#1745,.F.);
#1331=ORIENTED_EDGE('',*,*,#1889,.F.);
#1332=ORIENTED_EDGE('',*,*,#1556,.F.);
#1333=ORIENTED_EDGE('',*,*,#1888,.T.);
#1334=ORIENTED_EDGE('',*,*,#1570,.F.);
#1335=ORIENTED_EDGE('',*,*,#1890,.F.);
#1336=ORIENTED_EDGE('',*,*,#1733,.F.);
#1337=ORIENTED_EDGE('',*,*,#1889,.T.);
#1338=ORIENTED_EDGE('',*,*,#1864,.F.);
#1339=ORIENTED_EDGE('',*,*,#1891,.F.);
#1340=ORIENTED_EDGE('',*,*,#1557,.F.);
#1341=ORIENTED_EDGE('',*,*,#1890,.T.);
#1342=ORIENTED_EDGE('',*,*,#1569,.F.);
#1343=ORIENTED_EDGE('',*,*,#1892,.F.);
#1344=ORIENTED_EDGE('',*,*,#1840,.F.);
#1345=ORIENTED_EDGE('',*,*,#1891,.T.);
#1346=ORIENTED_EDGE('',*,*,#1756,.F.);
#1347=ORIENTED_EDGE('',*,*,#1893,.F.);
#1348=ORIENTED_EDGE('',*,*,#1558,.F.);
#1349=ORIENTED_EDGE('',*,*,#1892,.T.);
#1350=ORIENTED_EDGE('',*,*,#1568,.F.);
#1351=ORIENTED_EDGE('',*,*,#1894,.F.);
#1352=ORIENTED_EDGE('',*,*,#1718,.F.);
#1353=ORIENTED_EDGE('',*,*,#1893,.T.);
#1354=ORIENTED_EDGE('',*,*,#1863,.F.);
#1355=ORIENTED_EDGE('',*,*,#1895,.F.);
#1356=ORIENTED_EDGE('',*,*,#1559,.F.);
#1357=ORIENTED_EDGE('',*,*,#1894,.T.);
#1358=ORIENTED_EDGE('',*,*,#1567,.F.);
#1359=ORIENTED_EDGE('',*,*,#1896,.F.);
#1360=ORIENTED_EDGE('',*,*,#1843,.F.);
#1361=ORIENTED_EDGE('',*,*,#1895,.T.);
#1362=ORIENTED_EDGE('',*,*,#1763,.F.);
#1363=ORIENTED_EDGE('',*,*,#1897,.F.);
#1364=ORIENTED_EDGE('',*,*,#1560,.F.);
#1365=ORIENTED_EDGE('',*,*,#1896,.T.);
#1366=ORIENTED_EDGE('',*,*,#1566,.F.);
#1367=ORIENTED_EDGE('',*,*,#1898,.F.);
#1368=ORIENTED_EDGE('',*,*,#1712,.F.);
#1369=ORIENTED_EDGE('',*,*,#1897,.T.);
#1370=ORIENTED_EDGE('',*,*,#1857,.F.);
#1371=ORIENTED_EDGE('',*,*,#1899,.F.);
#1372=ORIENTED_EDGE('',*,*,#1561,.F.);
#1373=ORIENTED_EDGE('',*,*,#1898,.T.);
#1374=ORIENTED_EDGE('',*,*,#1565,.F.);
#1375=ORIENTED_EDGE('',*,*,#1900,.F.);
#1376=ORIENTED_EDGE('',*,*,#1851,.F.);
#1377=ORIENTED_EDGE('',*,*,#1899,.T.);
#1378=ORIENTED_EDGE('',*,*,#1774,.F.);
#1379=ORIENTED_EDGE('',*,*,#1901,.F.);
#1380=ORIENTED_EDGE('',*,*,#1562,.F.);
#1381=ORIENTED_EDGE('',*,*,#1900,.T.);
#1382=ORIENTED_EDGE('',*,*,#1564,.F.);
#1383=ORIENTED_EDGE('',*,*,#1902,.F.);
#1384=ORIENTED_EDGE('',*,*,#1630,.F.);
#1385=ORIENTED_EDGE('',*,*,#1901,.T.);
#1386=ORIENTED_EDGE('',*,*,#1856,.F.);
#1387=ORIENTED_EDGE('',*,*,#1902,.T.);
#1388=ORIENTED_EDGE('',*,*,#1563,.F.);
#1389=ORIENTED_EDGE('',*,*,#1903,.T.);
#1390=ORIENTED_EDGE('',*,*,#1904,.T.);
#1391=ORIENTED_EDGE('',*,*,#1905,.T.);
#1392=ORIENTED_EDGE('',*,*,#1906,.T.);
#1393=ORIENTED_EDGE('',*,*,#1907,.F.);
#1394=ORIENTED_EDGE('',*,*,#1540,.F.);
#1395=ORIENTED_EDGE('',*,*,#1908,.F.);
#1396=ORIENTED_EDGE('',*,*,#1908,.T.);
#1397=ORIENTED_EDGE('',*,*,#1690,.F.);
#1398=ORIENTED_EDGE('',*,*,#1909,.F.);
#1399=ORIENTED_EDGE('',*,*,#1903,.F.);
#1400=ORIENTED_EDGE('',*,*,#1907,.T.);
#1401=ORIENTED_EDGE('',*,*,#1906,.F.);
#1402=ORIENTED_EDGE('',*,*,#1910,.F.);
#1403=ORIENTED_EDGE('',*,*,#1686,.F.);
#1404=ORIENTED_EDGE('',*,*,#1909,.T.);
#1405=ORIENTED_EDGE('',*,*,#1849,.F.);
#1406=ORIENTED_EDGE('',*,*,#1911,.F.);
#1407=ORIENTED_EDGE('',*,*,#1544,.F.);
#1408=ORIENTED_EDGE('',*,*,#1910,.T.);
#1409=ORIENTED_EDGE('',*,*,#1912,.F.);
#1410=ORIENTED_EDGE('',*,*,#1911,.T.);
#1411=ORIENTED_EDGE('',*,*,#1536,.F.);
#1412=ORIENTED_EDGE('',*,*,#1913,.F.);
#1413=ORIENTED_EDGE('',*,*,#1904,.F.);
#1414=ORIENTED_EDGE('',*,*,#1912,.T.);
#1415=ORIENTED_EDGE('',*,*,#1905,.F.);
#1416=ORIENTED_EDGE('',*,*,#1914,.F.);
#1417=ORIENTED_EDGE('',*,*,#1702,.F.);
#1418=ORIENTED_EDGE('',*,*,#1913,.T.);
#1419=ORIENTED_EDGE('',*,*,#1854,.F.);
#1420=ORIENTED_EDGE('',*,*,#1914,.T.);
#1421=ORIENTED_EDGE('',*,*,#1659,.T.);
#1422=ORIENTED_EDGE('',*,*,#1915,.T.);
#1423=ORIENTED_EDGE('',*,*,#1735,.T.);
#1424=ORIENTED_EDGE('',*,*,#1696,.T.);
#1425=ORIENTED_EDGE('',*,*,#1739,.F.);
#1426=ORIENTED_EDGE('',*,*,#1916,.T.);
#1427=ORIENTED_EDGE('',*,*,#1655,.F.);
#1428=ORIENTED_EDGE('',*,*,#1532,.F.);
#1429=ORIENTED_EDGE('',*,*,#1657,.F.);
#1430=ORIENTED_EDGE('',*,*,#1917,.T.);
#1431=ORIENTED_EDGE('',*,*,#1737,.F.);
#1432=ORIENTED_EDGE('',*,*,#1918,.T.);
#1433=ORIENTED_EDGE('',*,*,#1919,.T.);
#1434=ORIENTED_EDGE('',*,*,#1920,.F.);
#1435=ORIENTED_EDGE('',*,*,#1921,.F.);
#1436=ORIENTED_EDGE('',*,*,#1922,.T.);
#1437=ORIENTED_EDGE('',*,*,#1923,.F.);
#1438=ORIENTED_EDGE('',*,*,#1924,.F.);
#1439=ORIENTED_EDGE('',*,*,#1925,.T.);
#1440=ORIENTED_EDGE('',*,*,#1920,.T.);
#1441=ORIENTED_EDGE('',*,*,#1926,.F.);
#1442=ORIENTED_EDGE('',*,*,#1927,.F.);
#1443=ORIENTED_EDGE('',*,*,#1928,.T.);
#1444=ORIENTED_EDGE('',*,*,#1924,.T.);
#1445=ORIENTED_EDGE('',*,*,#1524,.F.);
#1446=ORIENTED_EDGE('',*,*,#1929,.F.);
#1447=ORIENTED_EDGE('',*,*,#1930,.T.);
#1448=ORIENTED_EDGE('',*,*,#1931,.T.);
#1449=ORIENTED_EDGE('',*,*,#1523,.F.);
#1450=ORIENTED_EDGE('',*,*,#1932,.F.);
#1451=ORIENTED_EDGE('',*,*,#1933,.T.);
#1452=ORIENTED_EDGE('',*,*,#1929,.T.);
#1453=ORIENTED_EDGE('',*,*,#1530,.F.);
#1454=ORIENTED_EDGE('',*,*,#1934,.F.);
#1455=ORIENTED_EDGE('',*,*,#1935,.T.);
#1456=ORIENTED_EDGE('',*,*,#1932,.T.);
#1457=ORIENTED_EDGE('',*,*,#1529,.F.);
#1458=ORIENTED_EDGE('',*,*,#1936,.F.);
#1459=ORIENTED_EDGE('',*,*,#1937,.T.);
#1460=ORIENTED_EDGE('',*,*,#1934,.T.);
#1461=ORIENTED_EDGE('',*,*,#1528,.F.);
#1462=ORIENTED_EDGE('',*,*,#1938,.F.);
#1463=ORIENTED_EDGE('',*,*,#1939,.T.);
#1464=ORIENTED_EDGE('',*,*,#1936,.T.);
#1465=ORIENTED_EDGE('',*,*,#1527,.T.);
#1466=ORIENTED_EDGE('',*,*,#1940,.F.);
#1467=ORIENTED_EDGE('',*,*,#1941,.F.);
#1468=ORIENTED_EDGE('',*,*,#1938,.T.);
#1469=ORIENTED_EDGE('',*,*,#1526,.T.);
#1470=ORIENTED_EDGE('',*,*,#1942,.F.);
#1471=ORIENTED_EDGE('',*,*,#1943,.F.);
#1472=ORIENTED_EDGE('',*,*,#1940,.T.);
#1473=ORIENTED_EDGE('',*,*,#1525,.F.);
#1474=ORIENTED_EDGE('',*,*,#1931,.F.);
#1475=ORIENTED_EDGE('',*,*,#1944,.T.);
#1476=ORIENTED_EDGE('',*,*,#1942,.T.);
#1477=ORIENTED_EDGE('',*,*,#1945,.T.);
#1478=ORIENTED_EDGE('',*,*,#1922,.F.);
#1479=ORIENTED_EDGE('',*,*,#1946,.F.);
#1480=ORIENTED_EDGE('',*,*,#1927,.T.);
#1481=ORIENTED_EDGE('',*,*,#1930,.F.);
#1482=ORIENTED_EDGE('',*,*,#1933,.F.);
#1483=ORIENTED_EDGE('',*,*,#1935,.F.);
#1484=ORIENTED_EDGE('',*,*,#1937,.F.);
#1485=ORIENTED_EDGE('',*,*,#1939,.F.);
#1486=ORIENTED_EDGE('',*,*,#1941,.T.);
#1487=ORIENTED_EDGE('',*,*,#1943,.T.);
#1488=ORIENTED_EDGE('',*,*,#1944,.F.);
#1489=ORIENTED_EDGE('',*,*,#1921,.T.);
#1490=ORIENTED_EDGE('',*,*,#1925,.F.);
#1491=ORIENTED_EDGE('',*,*,#1928,.F.);
#1492=ORIENTED_EDGE('',*,*,#1946,.T.);
#1493=ORIENTED_EDGE('',*,*,#1919,.F.);
#1494=ORIENTED_EDGE('',*,*,#1945,.F.);
#1495=ORIENTED_EDGE('',*,*,#1926,.T.);
#1496=ORIENTED_EDGE('',*,*,#1923,.T.);
#1497=ORIENTED_EDGE('',*,*,#1613,.F.);
#1498=ORIENTED_EDGE('',*,*,#1661,.F.);
#1499=ORIENTED_EDGE('',*,*,#1877,.F.);
#1500=ORIENTED_EDGE('',*,*,#1875,.F.);
#1501=ORIENTED_EDGE('',*,*,#1663,.F.);
#1502=ORIENTED_EDGE('',*,*,#1611,.F.);
#1503=ORIENTED_EDGE('',*,*,#1679,.F.);
#1504=ORIENTED_EDGE('',*,*,#1880,.F.);
#1505=ORIENTED_EDGE('',*,*,#1878,.F.);
#1506=ORIENTED_EDGE('',*,*,#1662,.F.);
#1507=ORIENTED_EDGE('',*,*,#1866,.F.);
#1508=ORIENTED_EDGE('',*,*,#1626,.F.);
#1509=ORIENTED_EDGE('',*,*,#1822,.F.);
#1510=ORIENTED_EDGE('',*,*,#1642,.F.);
#1511=ORIENTED_EDGE('',*,*,#1656,.F.);
#1512=ORIENTED_EDGE('',*,*,#1916,.F.);
#1513=ORIENTED_EDGE('',*,*,#1738,.F.);
#1514=ORIENTED_EDGE('',*,*,#1917,.F.);
#1515=ORIENTED_EDGE('',*,*,#1658,.F.);
#1516=ORIENTED_EDGE('',*,*,#1918,.F.);
#1517=ORIENTED_EDGE('',*,*,#1736,.F.);
#1518=ORIENTED_EDGE('',*,*,#1915,.F.);
#1519=EDGE_CURVE('',#1947,#1948,#2220,.F.);
#1520=EDGE_CURVE('',#1948,#1949,#291,.F.);
#1521=EDGE_CURVE('',#1949,#1950,#292,.F.);
#1522=EDGE_CURVE('',#1950,#1947,#293,.T.);
#1523=EDGE_CURVE('',#1951,#1952,#294,.T.);
#1524=EDGE_CURVE('',#1952,#1953,#295,.T.);
#1525=EDGE_CURVE('',#1953,#1954,#296,.T.);
#1526=EDGE_CURVE('',#1955,#1954,#297,.T.);
#1527=EDGE_CURVE('',#1956,#1955,#298,.T.);
#1528=EDGE_CURVE('',#1956,#1957,#299,.T.);
#1529=EDGE_CURVE('',#1957,#1958,#2221,.T.);
#1530=EDGE_CURVE('',#1958,#1951,#300,.T.);
#1531=EDGE_CURVE('',#1959,#1960,#301,.F.);
#1532=EDGE_CURVE('',#1960,#1961,#2222,.T.);
#1533=EDGE_CURVE('',#1962,#1961,#302,.F.);
#1534=EDGE_CURVE('',#1962,#1959,#94,.T.);
#1535=EDGE_CURVE('',#1963,#1964,#95,.T.);
#1536=EDGE_CURVE('',#1964,#1965,#303,.T.);
#1537=EDGE_CURVE('',#1965,#1966,#96,.T.);
#1538=EDGE_CURVE('',#1966,#1963,#304,.F.);
#1539=EDGE_CURVE('',#1967,#1968,#97,.T.);
#1540=EDGE_CURVE('',#1967,#1969,#2223,.T.);
#1541=EDGE_CURVE('',#1970,#1969,#98,.T.);
#1542=EDGE_CURVE('',#1968,#1970,#2224,.T.);
#1543=EDGE_CURVE('',#1971,#1972,#99,.T.);
#1544=EDGE_CURVE('',#1971,#1973,#2225,.T.);
#1545=EDGE_CURVE('',#1974,#1973,#100,.T.);
#1546=EDGE_CURVE('',#1972,#1974,#2226,.T.);
#1547=EDGE_CURVE('',#1975,#1975,#101,.T.);
#1548=EDGE_CURVE('',#1976,#1976,#102,.T.);
#1549=EDGE_CURVE('',#1977,#1977,#2227,.T.);
#1550=EDGE_CURVE('',#1978,#1978,#103,.T.);
#1551=EDGE_CURVE('',#1979,#1980,#305,.F.);
#1552=EDGE_CURVE('',#1979,#1981,#2228,.T.);
#1553=EDGE_CURVE('',#1981,#1982,#306,.F.);
#1554=EDGE_CURVE('',#1980,#1982,#104,.T.);
#1555=EDGE_CURVE('',#1979,#1983,#307,.T.);
#1556=EDGE_CURVE('',#1983,#1984,#308,.T.);
#1557=EDGE_CURVE('',#1984,#1985,#105,.T.);
#1558=EDGE_CURVE('',#1985,#1986,#309,.T.);
#1559=EDGE_CURVE('',#1986,#1987,#106,.T.);
#1560=EDGE_CURVE('',#1987,#1988,#310,.T.);
#1561=EDGE_CURVE('',#1988,#1989,#107,.T.);
#1562=EDGE_CURVE('',#1989,#1990,#311,.T.);
#1563=EDGE_CURVE('',#1990,#1991,#108,.T.);
#1564=EDGE_CURVE('',#1991,#1992,#312,.T.);
#1565=EDGE_CURVE('',#1992,#1993,#109,.T.);
#1566=EDGE_CURVE('',#1993,#1994,#313,.T.);
#1567=EDGE_CURVE('',#1994,#1995,#110,.T.);
#1568=EDGE_CURVE('',#1995,#1996,#314,.T.);
#1569=EDGE_CURVE('',#1996,#1997,#111,.T.);
#1570=EDGE_CURVE('',#1997,#1998,#315,.T.);
#1571=EDGE_CURVE('',#1998,#1999,#112,.T.);
#1572=EDGE_CURVE('',#1999,#2000,#316,.T.);
#1573=EDGE_CURVE('',#1981,#2000,#317,.T.);
#1574=EDGE_CURVE('',#2001,#2002,#113,.T.);
#1575=EDGE_CURVE('',#2003,#2001,#114,.T.);
#1576=EDGE_CURVE('',#2004,#2003,#115,.T.);
#1577=EDGE_CURVE('',#2005,#2004,#116,.T.);
#1578=EDGE_CURVE('',#2005,#2006,#117,.T.);
#1579=EDGE_CURVE('',#2007,#2006,#118,.T.);
#1580=EDGE_CURVE('',#2007,#2008,#119,.T.);
#1581=EDGE_CURVE('',#2002,#2008,#120,.T.);
#1582=EDGE_CURVE('',#2009,#2010,#121,.T.);
#1583=EDGE_CURVE('',#2011,#2009,#122,.T.);
#1584=EDGE_CURVE('',#2012,#2011,#123,.T.);
#1585=EDGE_CURVE('',#2013,#2012,#124,.T.);
#1586=EDGE_CURVE('',#2013,#2014,#125,.T.);
#1587=EDGE_CURVE('',#2015,#2014,#126,.T.);
#1588=EDGE_CURVE('',#2015,#2016,#127,.T.);
#1589=EDGE_CURVE('',#2010,#2016,#128,.T.);
#1590=EDGE_CURVE('',#2017,#2018,#2229,.T.);
#1591=EDGE_CURVE('',#2019,#2017,#129,.T.);
#1592=EDGE_CURVE('',#2019,#2020,#130,.T.);
#1593=EDGE_CURVE('',#2021,#2020,#2230,.F.);
#1594=EDGE_CURVE('',#2021,#2022,#131,.T.);
#1595=EDGE_CURVE('',#2018,#2022,#16,.T.);
#1596=EDGE_CURVE('',#2023,#2024,#17,.T.);
#1597=EDGE_CURVE('',#2025,#2023,#2231,.T.);
#1598=EDGE_CURVE('',#2026,#2025,#132,.T.);
#1599=EDGE_CURVE('',#2026,#2027,#133,.T.);
#1600=EDGE_CURVE('',#2028,#2027,#2232,.F.);
#1601=EDGE_CURVE('',#2028,#2024,#134,.T.);
#1602=EDGE_CURVE('',#2029,#2030,#18,.T.);
#1603=EDGE_CURVE('',#2031,#2029,#2233,.T.);
#1604=EDGE_CURVE('',#2032,#2031,#19,.T.);
#1605=EDGE_CURVE('',#2032,#2033,#135,.T.);
#1606=EDGE_CURVE('',#2034,#2033,#2234,.F.);
#1607=EDGE_CURVE('',#2034,#2030,#136,.T.);
#1608=EDGE_CURVE('',#2035,#2036,#20,.T.);
#1609=EDGE_CURVE('',#2037,#2035,#2235,.T.);
#1610=EDGE_CURVE('',#2038,#2037,#21,.T.);
#1611=EDGE_CURVE('',#2038,#2039,#137,.T.);
#1612=EDGE_CURVE('',#2040,#2039,#2236,.F.);
#1613=EDGE_CURVE('',#2040,#2036,#138,.T.);
#1614=EDGE_CURVE('',#2041,#2042,#139,.T.);
#1615=EDGE_CURVE('',#2042,#2043,#318,.T.);
#1616=EDGE_CURVE('',#2044,#2043,#319,.F.);
#1617=EDGE_CURVE('',#2044,#2041,#320,.F.);
#1618=EDGE_CURVE('',#2045,#2046,#321,.F.);
#1619=EDGE_CURVE('',#2045,#2047,#322,.F.);
#1620=EDGE_CURVE('',#2047,#2048,#140,.T.);
#1621=EDGE_CURVE('',#2048,#2046,#323,.T.);
#1622=EDGE_CURVE('',#2049,#2050,#324,.F.);
#1623=EDGE_CURVE('',#2050,#2021,#325,.T.);
#1624=EDGE_CURVE('',#2020,#2049,#326,.F.);
#1625=EDGE_CURVE('',#2051,#2052,#2237,.F.);
#1626=EDGE_CURVE('',#2052,#2053,#327,.F.);
#1627=EDGE_CURVE('',#2053,#2054,#328,.F.);
#1628=EDGE_CURVE('',#2054,#2051,#329,.T.);
#1629=EDGE_CURVE('',#2055,#2056,#330,.F.);
#1630=EDGE_CURVE('',#2056,#2057,#331,.T.);
#1631=EDGE_CURVE('',#2057,#2058,#332,.T.);
#1632=EDGE_CURVE('',#2058,#2055,#2238,.F.);
#1633=EDGE_CURVE('',#2059,#2059,#141,.T.);
#1634=EDGE_CURVE('',#2060,#2060,#2239,.T.);
#1635=EDGE_CURVE('',#2061,#2062,#2240,.T.);
#1636=EDGE_CURVE('',#2062,#2063,#333,.F.);
#1637=EDGE_CURVE('',#2064,#2063,#142,.T.);
#1638=EDGE_CURVE('',#2061,#2064,#334,.F.);
#1639=EDGE_CURVE('',#2065,#2065,#143,.T.);
#1640=EDGE_CURVE('',#2066,#2066,#144,.T.);
#1641=EDGE_CURVE('',#2067,#2068,#335,.F.);
#1642=EDGE_CURVE('',#2068,#2069,#336,.T.);
#1643=EDGE_CURVE('',#2069,#2070,#22,.T.);
#1644=EDGE_CURVE('',#2023,#2070,#337,.T.);
#1645=EDGE_CURVE('',#2024,#2071,#338,.T.);
#1646=EDGE_CURVE('',#2071,#2072,#339,.T.);
#1647=EDGE_CURVE('',#2073,#2072,#340,.T.);
#1648=EDGE_CURVE('',#2074,#2073,#2241,.T.);
#1649=EDGE_CURVE('',#2074,#2075,#341,.T.);
#1650=EDGE_CURVE('',#2075,#2076,#342,.T.);
#1651=EDGE_CURVE('',#2076,#2077,#343,.F.);
#1652=EDGE_CURVE('',#2077,#2078,#23,.T.);
#1653=EDGE_CURVE('',#2018,#2078,#344,.T.);
#1654=EDGE_CURVE('',#2022,#1962,#345,.F.);
#1655=EDGE_CURVE('',#1961,#2079,#346,.T.);
#1656=EDGE_CURVE('',#2079,#2080,#24,.F.);
#1657=EDGE_CURVE('',#2080,#2081,#347,.T.);
#1658=EDGE_CURVE('',#2081,#2082,#25,.F.);
#1659=EDGE_CURVE('',#2067,#2082,#348,.T.);
#1660=EDGE_CURVE('',#2083,#2084,#349,.T.);
#1661=EDGE_CURVE('',#2084,#2040,#350,.F.);
#1662=EDGE_CURVE('',#2039,#2083,#351,.T.);
#1663=EDGE_CURVE('',#2036,#2085,#352,.T.);
#1664=EDGE_CURVE('',#2085,#2086,#353,.T.);
#1665=EDGE_CURVE('',#2086,#2087,#354,.F.);
#1666=EDGE_CURVE('',#2087,#1968,#355,.F.);
#1667=EDGE_CURVE('',#1968,#2088,#26,.T.);
#1668=EDGE_CURVE('',#2088,#2089,#356,.T.);
#1669=EDGE_CURVE('',#2089,#2090,#27,.T.);
#1670=EDGE_CURVE('',#2035,#2090,#357,.T.);
#1671=EDGE_CURVE('',#2027,#2091,#358,.T.);
#1672=EDGE_CURVE('',#2091,#2092,#359,.T.);
#1673=EDGE_CURVE('',#2092,#2028,#360,.F.);
#1674=EDGE_CURVE('',#2093,#2094,#361,.T.);
#1675=EDGE_CURVE('',#2094,#2095,#362,.T.);
#1676=EDGE_CURVE('',#2095,#2096,#363,.F.);
#1677=EDGE_CURVE('',#2096,#2093,#2242,.F.);
#1678=EDGE_CURVE('',#2097,#2098,#364,.T.);
#1679=EDGE_CURVE('',#2098,#2038,#365,.F.);
#1680=EDGE_CURVE('',#2099,#2037,#366,.T.);
#1681=EDGE_CURVE('',#2099,#2100,#28,.T.);
#1682=EDGE_CURVE('',#2100,#2101,#367,.F.);
#1683=EDGE_CURVE('',#2101,#1974,#29,.T.);
#1684=EDGE_CURVE('',#1974,#2102,#368,.F.);
#1685=EDGE_CURVE('',#2102,#2097,#369,.T.);
#1686=EDGE_CURVE('',#1969,#1971,#370,.F.);
#1687=EDGE_CURVE('',#1972,#1950,#30,.T.);
#1688=EDGE_CURVE('',#1949,#1970,#31,.T.);
#1689=EDGE_CURVE('',#2103,#2104,#145,.T.);
#1690=EDGE_CURVE('',#2104,#1967,#146,.T.);
#1691=EDGE_CURVE('',#2087,#2105,#147,.T.);
#1692=EDGE_CURVE('',#2105,#2106,#371,.F.);
#1693=EDGE_CURVE('',#2106,#2103,#148,.T.);
#1694=EDGE_CURVE('',#2043,#2054,#149,.T.);
#1695=EDGE_CURVE('',#2053,#2044,#150,.T.);
#1696=EDGE_CURVE('',#2107,#2067,#2243,.T.);
#1697=EDGE_CURVE('',#2107,#2108,#372,.F.);
#1698=EDGE_CURVE('',#2108,#2109,#32,.F.);
#1699=EDGE_CURVE('',#2109,#2068,#151,.T.);
#1700=EDGE_CURVE('',#2046,#2050,#152,.T.);
#1701=EDGE_CURVE('',#2049,#2045,#153,.T.);
#1702=EDGE_CURVE('',#1973,#2110,#154,.T.);
#1703=EDGE_CURVE('',#2110,#2111,#155,.T.);
#1704=EDGE_CURVE('',#2111,#2112,#156,.T.);
#1705=EDGE_CURVE('',#2112,#2113,#373,.F.);
#1706=EDGE_CURVE('',#2113,#2102,#157,.T.);
#1707=EDGE_CURVE('',#1966,#2114,#158,.T.);
#1708=EDGE_CURVE('',#2114,#2034,#374,.F.);
#1709=EDGE_CURVE('',#2033,#2115,#375,.T.);
#1710=EDGE_CURVE('',#2115,#1963,#159,.T.);
#1711=EDGE_CURVE('',#2105,#2116,#376,.F.);
#1712=EDGE_CURVE('',#2116,#2117,#377,.T.);
#1713=EDGE_CURVE('',#2117,#2118,#378,.T.);
#1714=EDGE_CURVE('',#2118,#2119,#33,.T.);
#1715=EDGE_CURVE('',#2029,#2119,#379,.T.);
#1716=EDGE_CURVE('',#2030,#2106,#380,.T.);
#1717=EDGE_CURVE('',#2016,#2120,#381,.F.);
#1718=EDGE_CURVE('',#2120,#2121,#382,.T.);
#1719=EDGE_CURVE('',#2121,#2122,#383,.T.);
#1720=EDGE_CURVE('',#2122,#2123,#160,.T.);
#1721=EDGE_CURVE('',#2123,#2124,#384,.T.);
#1722=EDGE_CURVE('',#2124,#2125,#385,.T.);
#1723=EDGE_CURVE('',#2125,#2026,#386,.F.);
#1724=EDGE_CURVE('',#2025,#2126,#387,.T.);
#1725=EDGE_CURVE('',#2126,#2127,#161,.T.);
#1726=EDGE_CURVE('',#2127,#2128,#388,.F.);
#1727=EDGE_CURVE('',#2128,#2129,#162,.T.);
#1728=EDGE_CURVE('',#2129,#2130,#389,.F.);
#1729=EDGE_CURVE('',#2130,#2131,#163,.T.);
#1730=EDGE_CURVE('',#2131,#2132,#164,.T.);
#1731=EDGE_CURVE('',#2009,#2132,#390,.T.);
#1732=EDGE_CURVE('',#2014,#2133,#391,.F.);
#1733=EDGE_CURVE('',#2133,#2134,#392,.T.);
#1734=EDGE_CURVE('',#2134,#2015,#393,.T.);
#1735=EDGE_CURVE('',#2135,#2107,#394,.T.);
#1736=EDGE_CURVE('',#2135,#2136,#34,.F.);
#1737=EDGE_CURVE('',#2136,#2137,#395,.T.);
#1738=EDGE_CURVE('',#2137,#2138,#35,.F.);
#1739=EDGE_CURVE('',#2138,#1960,#396,.T.);
#1740=EDGE_CURVE('',#1959,#2139,#397,.F.);
#1741=EDGE_CURVE('',#2139,#2140,#165,.T.);
#1742=EDGE_CURVE('',#2140,#2141,#166,.T.);
#1743=EDGE_CURVE('',#2141,#2001,#398,.T.);
#1744=EDGE_CURVE('',#2008,#2142,#399,.F.);
#1745=EDGE_CURVE('',#2142,#2143,#400,.T.);
#1746=EDGE_CURVE('',#2144,#2143,#401,.T.);
#1747=EDGE_CURVE('',#2145,#2144,#2244,.T.);
#1748=EDGE_CURVE('',#2145,#2146,#402,.T.);
#1749=EDGE_CURVE('',#2146,#2147,#403,.T.);
#1750=EDGE_CURVE('',#2147,#2013,#404,.T.);
#1751=EDGE_CURVE('',#2148,#2011,#405,.T.);
#1752=EDGE_CURVE('',#2148,#2149,#167,.T.);
#1753=EDGE_CURVE('',#2149,#2150,#168,.T.);
#1754=EDGE_CURVE('',#2150,#2108,#406,.T.);
#1755=EDGE_CURVE('',#2006,#2151,#407,.F.);
#1756=EDGE_CURVE('',#2151,#2152,#408,.T.);
#1757=EDGE_CURVE('',#2152,#2007,#409,.T.);
#1758=EDGE_CURVE('',#2153,#2154,#410,.T.);
#1759=EDGE_CURVE('',#2154,#2155,#411,.T.);
#1760=EDGE_CURVE('',#2155,#2156,#412,.F.);
#1761=EDGE_CURVE('',#2156,#2157,#169,.T.);
#1762=EDGE_CURVE('',#2157,#2158,#413,.F.);
#1763=EDGE_CURVE('',#2158,#2159,#414,.T.);
#1764=EDGE_CURVE('',#2159,#2005,#415,.T.);
#1765=EDGE_CURVE('',#2160,#2003,#416,.T.);
#1766=EDGE_CURVE('',#2160,#2161,#170,.T.);
#1767=EDGE_CURVE('',#2161,#2162,#171,.T.);
#1768=EDGE_CURVE('',#2162,#2163,#417,.T.);
#1769=EDGE_CURVE('',#2163,#2164,#172,.T.);
#1770=EDGE_CURVE('',#2164,#2019,#418,.T.);
#1771=EDGE_CURVE('',#2017,#2165,#419,.T.);
#1772=EDGE_CURVE('',#2165,#2153,#173,.T.);
#1773=EDGE_CURVE('',#2166,#2167,#420,.F.);
#1774=EDGE_CURVE('',#2167,#2168,#421,.T.);
#1775=EDGE_CURVE('',#2168,#2113,#422,.T.);
#1776=EDGE_CURVE('',#2112,#2032,#423,.F.);
#1777=EDGE_CURVE('',#2169,#2031,#424,.T.);
#1778=EDGE_CURVE('',#2169,#2166,#36,.T.);
#1779=EDGE_CURVE('',#2170,#2171,#174,.T.);
#1780=EDGE_CURVE('',#2171,#2172,#425,.T.);
#1781=EDGE_CURVE('',#2062,#2172,#426,.T.);
#1782=EDGE_CURVE('',#2061,#2173,#427,.F.);
#1783=EDGE_CURVE('',#2173,#2174,#428,.T.);
#1784=EDGE_CURVE('',#2174,#2175,#175,.T.);
#1785=EDGE_CURVE('',#2175,#2176,#429,.T.);
#1786=EDGE_CURVE('',#2176,#2177,#176,.T.);
#1787=EDGE_CURVE('',#2177,#2178,#430,.T.);
#1788=EDGE_CURVE('',#2178,#2179,#177,.T.);
#1789=EDGE_CURVE('',#2179,#2180,#431,.T.);
#1790=EDGE_CURVE('',#2180,#2181,#432,.T.);
#1791=EDGE_CURVE('',#2181,#2182,#433,.T.);
#1792=EDGE_CURVE('',#2182,#2183,#178,.T.);
#1793=EDGE_CURVE('',#2183,#2184,#434,.T.);
#1794=EDGE_CURVE('',#2184,#2185,#179,.T.);
#1795=EDGE_CURVE('',#2185,#2170,#435,.T.);
#1796=EDGE_CURVE('',#2072,#2173,#436,.T.);
#1797=EDGE_CURVE('',#2064,#2073,#437,.T.);
#1798=EDGE_CURVE('',#2172,#2075,#438,.T.);
#1799=EDGE_CURVE('',#2063,#2074,#439,.T.);
#1800=EDGE_CURVE('',#2070,#2126,#2245,.T.);
#1801=EDGE_CURVE('',#2186,#2186,#2246,.F.);
#1802=EDGE_CURVE('',#2187,#2187,#2247,.T.);
#1803=EDGE_CURVE('',#2078,#2165,#2248,.T.);
#1804=EDGE_CURVE('',#2188,#2188,#2249,.F.);
#1805=EDGE_CURVE('',#2189,#2189,#2250,.T.);
#1806=EDGE_CURVE('',#2132,#2148,#180,.T.);
#1807=EDGE_CURVE('',#2190,#2190,#2251,.F.);
#1808=EDGE_CURVE('',#2141,#2160,#181,.T.);
#1809=EDGE_CURVE('',#2191,#2191,#2252,.F.);
#1810=EDGE_CURVE('',#2192,#2192,#2253,.T.);
#1811=EDGE_CURVE('',#2193,#2193,#2254,.T.);
#1812=EDGE_CURVE('',#2119,#2169,#2255,.T.);
#1813=EDGE_CURVE('',#2194,#2194,#2256,.F.);
#1814=EDGE_CURVE('',#2195,#2195,#2257,.T.);
#1815=EDGE_CURVE('',#2090,#2099,#2258,.T.);
#1816=EDGE_CURVE('',#2196,#2196,#2259,.F.);
#1817=EDGE_CURVE('',#2197,#2197,#2260,.T.);
#1818=EDGE_CURVE('',#2089,#1948,#182,.T.);
#1819=EDGE_CURVE('',#1947,#2100,#183,.T.);
#1820=EDGE_CURVE('',#2118,#2055,#184,.T.);
#1821=EDGE_CURVE('',#2058,#2166,#185,.T.);
#1822=EDGE_CURVE('',#2069,#2052,#186,.T.);
#1823=EDGE_CURVE('',#2051,#2127,#187,.T.);
#1824=EDGE_CURVE('',#2077,#2093,#188,.T.);
#1825=EDGE_CURVE('',#2096,#2153,#189,.T.);
#1826=EDGE_CURVE('',#2139,#2048,#190,.T.);
#1827=EDGE_CURVE('',#2047,#2162,#191,.T.);
#1828=EDGE_CURVE('',#2130,#2042,#192,.T.);
#1829=EDGE_CURVE('',#2041,#2150,#193,.T.);
#1830=EDGE_CURVE('',#2143,#1983,#440,.F.);
#1831=EDGE_CURVE('',#1980,#2144,#441,.T.);
#1832=EDGE_CURVE('',#2000,#2146,#442,.F.);
#1833=EDGE_CURVE('',#1982,#2145,#443,.T.);
#1834=EDGE_CURVE('',#2046,#1959,#194,.T.);
#1835=EDGE_CURVE('',#1962,#2050,#195,.T.);
#1836=EDGE_CURVE('',#2095,#2154,#196,.T.);
#1837=EDGE_CURVE('',#2076,#2094,#197,.T.);
#1838=EDGE_CURVE('',#2092,#2071,#198,.T.);
#1839=EDGE_CURVE('',#2125,#2091,#199,.T.);
#1840=EDGE_CURVE('',#2134,#2120,#200,.T.);
#1841=EDGE_CURVE('',#2043,#2129,#2261,.T.);
#1842=EDGE_CURVE('',#2054,#2128,#2262,.T.);
#1843=EDGE_CURVE('',#2121,#2116,#201,.T.);
#1844=EDGE_CURVE('',#2122,#2105,#2263,.T.);
#1845=EDGE_CURVE('',#2123,#2087,#2264,.T.);
#1846=EDGE_CURVE('',#2086,#2124,#202,.T.);
#1847=EDGE_CURVE('',#2106,#2114,#2265,.T.);
#1848=EDGE_CURVE('',#2103,#1966,#2266,.T.);
#1849=EDGE_CURVE('',#1965,#2104,#2267,.F.);
#1850=EDGE_CURVE('',#2088,#1949,#2268,.T.);
#1851=EDGE_CURVE('',#2117,#2056,#203,.T.);
#1852=EDGE_CURVE('',#2115,#2112,#2269,.T.);
#1853=EDGE_CURVE('',#1963,#2111,#2270,.T.);
#1854=EDGE_CURVE('',#2110,#1964,#2271,.F.);
#1855=EDGE_CURVE('',#1950,#2101,#2272,.T.);
#1856=EDGE_CURVE('',#2057,#2167,#204,.T.);
#1857=EDGE_CURVE('',#2168,#2158,#205,.T.);
#1858=EDGE_CURVE('',#2113,#2157,#2273,.T.);
#1859=EDGE_CURVE('',#2102,#2156,#2274,.T.);
#1860=EDGE_CURVE('',#2155,#2097,#206,.T.);
#1861=EDGE_CURVE('',#2163,#2045,#2275,.T.);
#1862=EDGE_CURVE('',#2164,#2049,#2276,.T.);
#1863=EDGE_CURVE('',#2159,#2151,#207,.T.);
#1864=EDGE_CURVE('',#2152,#2142,#208,.T.);
#1865=EDGE_CURVE('',#2147,#2133,#209,.T.);
#1866=EDGE_CURVE('',#2053,#2068,#210,.T.);
#1867=EDGE_CURVE('',#2044,#2109,#211,.F.);
#1868=EDGE_CURVE('',#2044,#2108,#212,.F.);
#1869=EDGE_CURVE('',#2174,#2071,#213,.F.);
#1870=EDGE_CURVE('',#2175,#2092,#214,.T.);
#1871=EDGE_CURVE('',#2176,#2091,#215,.F.);
#1872=EDGE_CURVE('',#2177,#2125,#216,.T.);
#1873=EDGE_CURVE('',#2178,#2124,#217,.F.);
#1874=EDGE_CURVE('',#2179,#2086,#218,.T.);
#1875=EDGE_CURVE('',#2085,#2198,#37,.T.);
#1876=EDGE_CURVE('',#2180,#2198,#444,.T.);
#1877=EDGE_CURVE('',#2198,#2084,#38,.T.);
#1878=EDGE_CURVE('',#2083,#2199,#39,.T.);
#1879=EDGE_CURVE('',#2181,#2199,#445,.F.);
#1880=EDGE_CURVE('',#2199,#2098,#40,.T.);
#1881=EDGE_CURVE('',#2182,#2097,#219,.F.);
#1882=EDGE_CURVE('',#2183,#2155,#220,.T.);
#1883=EDGE_CURVE('',#2184,#2154,#221,.F.);
#1884=EDGE_CURVE('',#2185,#2095,#222,.T.);
#1885=EDGE_CURVE('',#2170,#2094,#223,.F.);
#1886=EDGE_CURVE('',#2171,#2076,#224,.T.);
#1887=EDGE_CURVE('',#2147,#1999,#225,.F.);
#1888=EDGE_CURVE('',#2133,#1998,#226,.T.);
#1889=EDGE_CURVE('',#1984,#2142,#227,.F.);
#1890=EDGE_CURVE('',#2134,#1997,#228,.F.);
#1891=EDGE_CURVE('',#1985,#2152,#229,.T.);
#1892=EDGE_CURVE('',#2120,#1996,#230,.T.);
#1893=EDGE_CURVE('',#1986,#2151,#231,.F.);
#1894=EDGE_CURVE('',#2121,#1995,#232,.F.);
#1895=EDGE_CURVE('',#1987,#2159,#233,.T.);
#1896=EDGE_CURVE('',#2116,#1994,#234,.T.);
#1897=EDGE_CURVE('',#1988,#2158,#235,.F.);
#1898=EDGE_CURVE('',#2117,#1993,#236,.F.);
#1899=EDGE_CURVE('',#1989,#2168,#237,.T.);
#1900=EDGE_CURVE('',#2056,#1992,#238,.T.);
#1901=EDGE_CURVE('',#1990,#2167,#239,.F.);
#1902=EDGE_CURVE('',#2057,#1991,#240,.F.);
#1903=EDGE_CURVE('',#2200,#2201,#241,.T.);
#1904=EDGE_CURVE('',#2201,#2202,#446,.T.);
#1905=EDGE_CURVE('',#2202,#2203,#242,.T.);
#1906=EDGE_CURVE('',#2203,#2200,#447,.F.);
#1907=EDGE_CURVE('',#1969,#2200,#2277,.T.);
#1908=EDGE_CURVE('',#2200,#1967,#2278,.T.);
#1909=EDGE_CURVE('',#2201,#2104,#2279,.T.);
#1910=EDGE_CURVE('',#1971,#2203,#2280,.T.);
#1911=EDGE_CURVE('',#2201,#1965,#2281,.T.);
#1912=EDGE_CURVE('',#1973,#2203,#2282,.T.);
#1913=EDGE_CURVE('',#2202,#1964,#2283,.T.);
#1914=EDGE_CURVE('',#2110,#2202,#2284,.T.);
#1915=EDGE_CURVE('',#2082,#2135,#448,.T.);
#1916=EDGE_CURVE('',#2138,#2079,#449,.F.);
#1917=EDGE_CURVE('',#2080,#2137,#450,.T.);
#1918=EDGE_CURVE('',#2136,#2081,#451,.F.);
#1919=EDGE_CURVE('',#2204,#2205,#452,.T.);
#1920=EDGE_CURVE('',#2206,#2205,#453,.T.);
#1921=EDGE_CURVE('',#2207,#2206,#454,.T.);
#1922=EDGE_CURVE('',#2207,#2204,#455,.T.);
#1923=EDGE_CURVE('',#2208,#2205,#2285,.T.);
#1924=EDGE_CURVE('',#2209,#2208,#456,.T.);
#1925=EDGE_CURVE('',#2209,#2206,#2286,.T.);
#1926=EDGE_CURVE('',#2210,#2208,#457,.T.);
#1927=EDGE_CURVE('',#2211,#2210,#458,.T.);
#1928=EDGE_CURVE('',#2211,#2209,#459,.T.);
#1929=EDGE_CURVE('',#2212,#1952,#460,.T.);
#1930=EDGE_CURVE('',#2212,#2213,#461,.T.);
#1931=EDGE_CURVE('',#2213,#1953,#462,.T.);
#1932=EDGE_CURVE('',#2214,#1951,#463,.T.);
#1933=EDGE_CURVE('',#2214,#2212,#464,.T.);
#1934=EDGE_CURVE('',#2215,#1958,#465,.T.);
#1935=EDGE_CURVE('',#2215,#2214,#466,.T.);
#1936=EDGE_CURVE('',#2216,#1957,#467,.T.);
#1937=EDGE_CURVE('',#2216,#2215,#2287,.T.);
#1938=EDGE_CURVE('',#2217,#1956,#468,.T.);
#1939=EDGE_CURVE('',#2217,#2216,#469,.T.);
#1940=EDGE_CURVE('',#2218,#1955,#470,.T.);
#1941=EDGE_CURVE('',#2217,#2218,#471,.T.);
#1942=EDGE_CURVE('',#2219,#1954,#472,.T.);
#1943=EDGE_CURVE('',#2218,#2219,#473,.T.);
#1944=EDGE_CURVE('',#2213,#2219,#474,.T.);
#1945=EDGE_CURVE('',#2210,#2204,#475,.T.);
#1946=EDGE_CURVE('',#2211,#2207,#476,.T.);
#1947=VERTEX_POINT('',#5028);
#1948=VERTEX_POINT('',#5029);
#1949=VERTEX_POINT('',#5031);
#1950=VERTEX_POINT('',#5033);
#1951=VERTEX_POINT('',#5036);
#1952=VERTEX_POINT('',#5037);
#1953=VERTEX_POINT('',#5039);
#1954=VERTEX_POINT('',#5041);
#1955=VERTEX_POINT('',#5043);
#1956=VERTEX_POINT('',#5045);
#1957=VERTEX_POINT('',#5047);
#1958=VERTEX_POINT('',#5049);
#1959=VERTEX_POINT('',#5053);
#1960=VERTEX_POINT('',#5054);
#1961=VERTEX_POINT('',#5056);
#1962=VERTEX_POINT('',#5058);
#1963=VERTEX_POINT('',#5069);
#1964=VERTEX_POINT('',#5070);
#1965=VERTEX_POINT('',#5072);
#1966=VERTEX_POINT('',#5077);
#1967=VERTEX_POINT('',#5095);
#1968=VERTEX_POINT('',#5096);
#1969=VERTEX_POINT('',#5098);
#1970=VERTEX_POINT('',#5103);
#1971=VERTEX_POINT('',#5121);
#1972=VERTEX_POINT('',#5122);
#1973=VERTEX_POINT('',#5124);
#1974=VERTEX_POINT('',#5129);
#1975=VERTEX_POINT('',#5143);
#1976=VERTEX_POINT('',#5155);
#1977=VERTEX_POINT('',#5157);
#1978=VERTEX_POINT('',#5169);
#1979=VERTEX_POINT('',#5171);
#1980=VERTEX_POINT('',#5172);
#1981=VERTEX_POINT('',#5174);
#1982=VERTEX_POINT('',#5176);
#1983=VERTEX_POINT('',#5190);
#1984=VERTEX_POINT('',#5192);
#1985=VERTEX_POINT('',#5197);
#1986=VERTEX_POINT('',#5199);
#1987=VERTEX_POINT('',#5204);
#1988=VERTEX_POINT('',#5206);
#1989=VERTEX_POINT('',#5211);
#1990=VERTEX_POINT('',#5213);
#1991=VERTEX_POINT('',#5218);
#1992=VERTEX_POINT('',#5220);
#1993=VERTEX_POINT('',#5225);
#1994=VERTEX_POINT('',#5227);
#1995=VERTEX_POINT('',#5232);
#1996=VERTEX_POINT('',#5234);
#1997=VERTEX_POINT('',#5239);
#1998=VERTEX_POINT('',#5241);
#1999=VERTEX_POINT('',#5246);
#2000=VERTEX_POINT('',#5248);
#2001=VERTEX_POINT('',#5424);
#2002=VERTEX_POINT('',#5425);
#2003=VERTEX_POINT('',#5433);
#2004=VERTEX_POINT('',#5438);
#2005=VERTEX_POINT('',#5443);
#2006=VERTEX_POINT('',#5451);
#2007=VERTEX_POINT('',#5457);
#2008=VERTEX_POINT('',#5465);
#2009=VERTEX_POINT('',#5644);
#2010=VERTEX_POINT('',#5645);
#2011=VERTEX_POINT('',#5653);
#2012=VERTEX_POINT('',#5658);
#2013=VERTEX_POINT('',#5663);
#2014=VERTEX_POINT('',#5671);
#2015=VERTEX_POINT('',#5677);
#2016=VERTEX_POINT('',#5684);
#2017=VERTEX_POINT('',#5691);
#2018=VERTEX_POINT('',#5692);
#2019=VERTEX_POINT('',#5697);
#2020=VERTEX_POINT('',#5705);
#2021=VERTEX_POINT('',#5707);
#2022=VERTEX_POINT('',#5715);
#2023=VERTEX_POINT('',#5719);
#2024=VERTEX_POINT('',#5720);
#2025=VERTEX_POINT('',#5722);
#2026=VERTEX_POINT('',#5727);
#2027=VERTEX_POINT('',#5735);
#2028=VERTEX_POINT('',#5737);
#2029=VERTEX_POINT('',#5747);
#2030=VERTEX_POINT('',#5748);
#2031=VERTEX_POINT('',#5750);
#2032=VERTEX_POINT('',#5752);
#2033=VERTEX_POINT('',#5760);
#2034=VERTEX_POINT('',#5762);
#2035=VERTEX_POINT('',#5772);
#2036=VERTEX_POINT('',#5773);
#2037=VERTEX_POINT('',#5775);
#2038=VERTEX_POINT('',#5777);
#2039=VERTEX_POINT('',#5785);
#2040=VERTEX_POINT('',#5787);
#2041=VERTEX_POINT('',#5801);
#2042=VERTEX_POINT('',#5802);
#2043=VERTEX_POINT('',#5804);
#2044=VERTEX_POINT('',#5806);
#2045=VERTEX_POINT('',#5810);
#2046=VERTEX_POINT('',#5811);
#2047=VERTEX_POINT('',#5813);
#2048=VERTEX_POINT('',#5819);
#2049=VERTEX_POINT('',#5823);
#2050=VERTEX_POINT('',#5824);
#2051=VERTEX_POINT('',#5829);
#2052=VERTEX_POINT('',#5830);
#2053=VERTEX_POINT('',#5832);
#2054=VERTEX_POINT('',#5834);
#2055=VERTEX_POINT('',#5838);
#2056=VERTEX_POINT('',#5839);
#2057=VERTEX_POINT('',#5841);
#2058=VERTEX_POINT('',#5843);
#2059=VERTEX_POINT('',#5857);
#2060=VERTEX_POINT('',#5859);
#2061=VERTEX_POINT('',#5861);
#2062=VERTEX_POINT('',#5862);
#2063=VERTEX_POINT('',#5864);
#2064=VERTEX_POINT('',#5876);
#2065=VERTEX_POINT('',#5889);
#2066=VERTEX_POINT('',#5901);
#2067=VERTEX_POINT('',#5904);
#2068=VERTEX_POINT('',#5905);
#2069=VERTEX_POINT('',#5907);
#2070=VERTEX_POINT('',#5909);
#2071=VERTEX_POINT('',#5912);
#2072=VERTEX_POINT('',#5914);
#2073=VERTEX_POINT('',#5916);
#2074=VERTEX_POINT('',#5918);
#2075=VERTEX_POINT('',#5920);
#2076=VERTEX_POINT('',#5922);
#2077=VERTEX_POINT('',#5924);
#2078=VERTEX_POINT('',#5926);
#2079=VERTEX_POINT('',#5930);
#2080=VERTEX_POINT('',#5932);
#2081=VERTEX_POINT('',#5934);
#2082=VERTEX_POINT('',#5936);
#2083=VERTEX_POINT('',#5940);
#2084=VERTEX_POINT('',#5941);
#2085=VERTEX_POINT('',#5946);
#2086=VERTEX_POINT('',#5948);
#2087=VERTEX_POINT('',#5950);
#2088=VERTEX_POINT('',#5953);
#2089=VERTEX_POINT('',#5955);
#2090=VERTEX_POINT('',#5957);
#2091=VERTEX_POINT('',#5961);
#2092=VERTEX_POINT('',#5963);
#2093=VERTEX_POINT('',#5967);
#2094=VERTEX_POINT('',#5968);
#2095=VERTEX_POINT('',#5970);
#2096=VERTEX_POINT('',#5972);
#2097=VERTEX_POINT('',#5976);
#2098=VERTEX_POINT('',#5977);
#2099=VERTEX_POINT('',#5980);
#2100=VERTEX_POINT('',#5982);
#2101=VERTEX_POINT('',#5984);
#2102=VERTEX_POINT('',#5987);
#2103=VERTEX_POINT('',#6005);
#2104=VERTEX_POINT('',#6006);
#2105=VERTEX_POINT('',#6027);
#2106=VERTEX_POINT('',#6029);
#2107=VERTEX_POINT('',#6058);
#2108=VERTEX_POINT('',#6060);
#2109=VERTEX_POINT('',#6062);
#2110=VERTEX_POINT('',#6106);
#2111=VERTEX_POINT('',#6111);
#2112=VERTEX_POINT('',#6116);
#2113=VERTEX_POINT('',#6118);
#2114=VERTEX_POINT('',#6138);
#2115=VERTEX_POINT('',#6141);
#2116=VERTEX_POINT('',#6148);
#2117=VERTEX_POINT('',#6150);
#2118=VERTEX_POINT('',#6152);
#2119=VERTEX_POINT('',#6154);
#2120=VERTEX_POINT('',#6159);
#2121=VERTEX_POINT('',#6161);
#2122=VERTEX_POINT('',#6163);
#2123=VERTEX_POINT('',#6175);
#2124=VERTEX_POINT('',#6177);
#2125=VERTEX_POINT('',#6179);
#2126=VERTEX_POINT('',#6182);
#2127=VERTEX_POINT('',#6187);
#2128=VERTEX_POINT('',#6189);
#2129=VERTEX_POINT('',#6201);
#2130=VERTEX_POINT('',#6203);
#2131=VERTEX_POINT('',#6208);
#2132=VERTEX_POINT('',#6213);
#2133=VERTEX_POINT('',#6217);
#2134=VERTEX_POINT('',#6219);
#2135=VERTEX_POINT('',#6223);
#2136=VERTEX_POINT('',#6225);
#2137=VERTEX_POINT('',#6227);
#2138=VERTEX_POINT('',#6229);
#2139=VERTEX_POINT('',#6232);
#2140=VERTEX_POINT('',#6237);
#2141=VERTEX_POINT('',#6242);
#2142=VERTEX_POINT('',#6245);
#2143=VERTEX_POINT('',#6247);
#2144=VERTEX_POINT('',#6249);
#2145=VERTEX_POINT('',#6251);
#2146=VERTEX_POINT('',#6253);
#2147=VERTEX_POINT('',#6255);
#2148=VERTEX_POINT('',#6258);
#2149=VERTEX_POINT('',#6263);
#2150=VERTEX_POINT('',#6268);
#2151=VERTEX_POINT('',#6272);
#2152=VERTEX_POINT('',#6274);
#2153=VERTEX_POINT('',#6278);
#2154=VERTEX_POINT('',#6279);
#2155=VERTEX_POINT('',#6281);
#2156=VERTEX_POINT('',#6283);
#2157=VERTEX_POINT('',#6295);
#2158=VERTEX_POINT('',#6297);
#2159=VERTEX_POINT('',#6299);
#2160=VERTEX_POINT('',#6302);
#2161=VERTEX_POINT('',#6307);
#2162=VERTEX_POINT('',#6312);
#2163=VERTEX_POINT('',#6314);
#2164=VERTEX_POINT('',#6325);
#2165=VERTEX_POINT('',#6328);
#2166=VERTEX_POINT('',#6335);
#2167=VERTEX_POINT('',#6336);
#2168=VERTEX_POINT('',#6338);
#2169=VERTEX_POINT('',#6342);
#2170=VERTEX_POINT('',#6349);
#2171=VERTEX_POINT('',#6350);
#2172=VERTEX_POINT('',#6352);
#2173=VERTEX_POINT('',#6355);
#2174=VERTEX_POINT('',#6357);
#2175=VERTEX_POINT('',#6362);
#2176=VERTEX_POINT('',#6364);
#2177=VERTEX_POINT('',#6369);
#2178=VERTEX_POINT('',#6371);
#2179=VERTEX_POINT('',#6376);
#2180=VERTEX_POINT('',#6378);
#2181=VERTEX_POINT('',#6380);
#2182=VERTEX_POINT('',#6382);
#2183=VERTEX_POINT('',#6387);
#2184=VERTEX_POINT('',#6389);
#2185=VERTEX_POINT('',#6394);
#2186=VERTEX_POINT('',#6408);
#2187=VERTEX_POINT('',#6411);
#2188=VERTEX_POINT('',#6415);
#2189=VERTEX_POINT('',#6418);
#2190=VERTEX_POINT('',#6428);
#2191=VERTEX_POINT('',#6438);
#2192=VERTEX_POINT('',#6441);
#2193=VERTEX_POINT('',#6444);
#2194=VERTEX_POINT('',#6448);
#2195=VERTEX_POINT('',#6451);
#2196=VERTEX_POINT('',#6455);
#2197=VERTEX_POINT('',#6458);
#2198=VERTEX_POINT('',#7616);
#2199=VERTEX_POINT('',#7621);
#2200=VERTEX_POINT('',#7823);
#2201=VERTEX_POINT('',#7824);
#2202=VERTEX_POINT('',#7826);
#2203=VERTEX_POINT('',#7836);
#2204=VERTEX_POINT('',#7915);
#2205=VERTEX_POINT('',#7916);
#2206=VERTEX_POINT('',#7918);
#2207=VERTEX_POINT('',#7920);
#2208=VERTEX_POINT('',#7924);
#2209=VERTEX_POINT('',#7926);
#2210=VERTEX_POINT('',#7930);
#2211=VERTEX_POINT('',#7932);
#2212=VERTEX_POINT('',#7936);
#2213=VERTEX_POINT('',#7938);
#2214=VERTEX_POINT('',#7942);
#2215=VERTEX_POINT('',#7946);
#2216=VERTEX_POINT('',#7950);
#2217=VERTEX_POINT('',#7954);
#2218=VERTEX_POINT('',#7958);
#2219=VERTEX_POINT('',#7962);
#2220=CIRCLE('',#4157,0.00700287251835596);
#2221=CIRCLE('',#4158,0.00114267890062733);
#2222=CIRCLE('',#4160,0.00585690734116194);
#2223=CIRCLE('',#4162,0.005);
#2224=CIRCLE('',#4163,0.005);
#2225=CIRCLE('',#4164,0.005);
#2226=CIRCLE('',#4165,0.005);
#2227=CIRCLE('',#4167,0.01145);
#2228=CIRCLE('',#4168,0.01145);
#2229=CIRCLE('',#4171,0.00500287251835591);
#2230=CIRCLE('',#4172,0.00700287251835595);
#2231=CIRCLE('',#4176,0.00500287251835594);
#2232=CIRCLE('',#4177,0.00700287251835596);
#2233=CIRCLE('',#4180,0.00500287251835591);
#2234=CIRCLE('',#4182,0.00700287251835596);
#2235=CIRCLE('',#4185,0.00500287251835595);
#2236=CIRCLE('',#4187,0.00700287251835596);
#2237=CIRCLE('',#4192,0.00700287251835596);
#2238=CIRCLE('',#4194,0.00700287251835596);
#2239=CIRCLE('',#4196,0.01145);
#2240=CIRCLE('',#4197,0.01145);
#2241=CIRCLE('',#4200,0.003);
#2242=CIRCLE('',#4210,0.00700287251835595);
#2243=CIRCLE('',#4218,0.00585690734116194);
#2244=CIRCLE('',#4228,0.003);
#2245=CIRCLE('',#4240,0.00500287251835594);
#2246=CIRCLE('',#4241,0.00400287251835595);
#2247=CIRCLE('',#4243,0.002);
#2248=CIRCLE('',#4245,0.00500287251835591);
#2249=CIRCLE('',#4246,0.00400287251835595);
#2250=CIRCLE('',#4248,0.002);
#2251=CIRCLE('',#4250,0.00400287251835595);
#2252=CIRCLE('',#4252,0.00400287251835596);
#2253=CIRCLE('',#4254,0.002);
#2254=CIRCLE('',#4256,0.002);
#2255=CIRCLE('',#4258,0.00500287251835591);
#2256=CIRCLE('',#4259,0.00400287251835595);
#2257=CIRCLE('',#4261,0.002);
#2258=CIRCLE('',#4263,0.00500287251835595);
#2259=CIRCLE('',#4264,0.00400287251835595);
#2260=CIRCLE('',#4266,0.002);
#2261=CIRCLE('',#4288,0.005);
#2262=CIRCLE('',#4289,0.005);
#2263=CIRCLE('',#4292,0.005);
#2264=CIRCLE('',#4293,0.005);
#2265=CIRCLE('',#4296,0.005);
#2266=CIRCLE('',#4297,0.005);
#2267=CIRCLE('',#4298,0.005);
#2268=CIRCLE('',#4299,0.005);
#2269=CIRCLE('',#4303,0.005);
#2270=CIRCLE('',#4304,0.005);
#2271=CIRCLE('',#4305,0.005);
#2272=CIRCLE('',#4306,0.005);
#2273=CIRCLE('',#4310,0.005);
#2274=CIRCLE('',#4311,0.005);
#2275=CIRCLE('',#4314,0.005);
#2276=CIRCLE('',#4315,0.005);
#2277=CIRCLE('',#4345,0.005);
#2278=CIRCLE('',#4346,0.005);
#2279=CIRCLE('',#4347,0.005);
#2280=CIRCLE('',#4349,0.005);
#2281=CIRCLE('',#4351,0.005);
#2282=CIRCLE('',#4353,0.005);
#2283=CIRCLE('',#4355,0.005);
#2284=CIRCLE('',#4356,0.005);
#2285=CIRCLE('',#4363,0.000650000000001035);
#2286=CIRCLE('',#4364,0.000650000000001035);
#2287=CIRCLE('',#4370,0.00114267890062733);
#2288=EDGE_LOOP('',(#663,#664,#665,#666));
#2289=EDGE_LOOP('',(#667,#668,#669,#670,#671,#672,#673,#674));
#2290=EDGE_LOOP('',(#675,#676,#677,#678));
#2291=EDGE_LOOP('',(#679,#680,#681,#682));
#2292=EDGE_LOOP('',(#683,#684,#685,#686));
#2293=EDGE_LOOP('',(#687,#688,#689,#690));
#2294=EDGE_LOOP('',(#691));
#2295=EDGE_LOOP('',(#692));
#2296=EDGE_LOOP('',(#693));
#2297=EDGE_LOOP('',(#694));
#2298=EDGE_LOOP('',(#695,#696,#697,#698));
#2299=EDGE_LOOP('',(#699,#700,#701,#702,#703,#704,#705,#706,#707,#708,#709,
#710,#711,#712,#713,#714,#715,#716,#717,#718));
#2300=EDGE_LOOP('',(#719,#720,#721,#722,#723,#724,#725,#726));
#2301=EDGE_LOOP('',(#727,#728,#729,#730,#731,#732,#733,#734));
#2302=EDGE_LOOP('',(#735,#736,#737,#738,#739,#740));
#2303=EDGE_LOOP('',(#741,#742,#743,#744,#745,#746));
#2304=EDGE_LOOP('',(#747,#748,#749,#750,#751,#752));
#2305=EDGE_LOOP('',(#753,#754,#755,#756,#757,#758));
#2306=EDGE_LOOP('',(#759,#760,#761,#762));
#2307=EDGE_LOOP('',(#763,#764,#765,#766));
#2308=EDGE_LOOP('',(#767,#768,#769,#770));
#2309=EDGE_LOOP('',(#771,#772,#773,#774));
#2310=EDGE_LOOP('',(#775,#776,#777,#778));
#2311=EDGE_LOOP('',(#779));
#2312=EDGE_LOOP('',(#780));
#2313=EDGE_LOOP('',(#781,#782,#783,#784));
#2314=EDGE_LOOP('',(#785));
#2315=EDGE_LOOP('',(#786));
#2316=EDGE_LOOP('',(#787,#788,#789,#790,#791,#792,#793,#794,#795,#796,#797,
#798,#799,#800,#801,#802,#803,#804,#805,#806,#807,#808));
#2317=EDGE_LOOP('',(#809,#810,#811,#812));
#2318=EDGE_LOOP('',(#813,#814,#815,#816,#817,#818,#819,#820,#821));
#2319=EDGE_LOOP('',(#822,#823,#824,#825));
#2320=EDGE_LOOP('',(#826,#827,#828,#829));
#2321=EDGE_LOOP('',(#830,#831,#832,#833,#834,#835,#836,#837,#838));
#2322=EDGE_LOOP('',(#839,#840,#841,#842,#843,#844));
#2323=EDGE_LOOP('',(#845,#846,#847,#848,#849,#850,#851));
#2324=EDGE_LOOP('',(#852,#853,#854,#855));
#2325=EDGE_LOOP('',(#856,#857,#858,#859,#860));
#2326=EDGE_LOOP('',(#861,#862,#863,#864));
#2327=EDGE_LOOP('',(#865,#866,#867,#868,#869,#870,#871));
#2328=EDGE_LOOP('',(#872,#873,#874,#875,#876,#877));
#2329=EDGE_LOOP('',(#878,#879,#880,#881,#882,#883,#884,#885));
#2330=EDGE_LOOP('',(#886,#887,#888,#889,#890,#891,#892,#893,#894,#895,#896,
#897,#898,#899,#900,#901,#902,#903));
#2331=EDGE_LOOP('',(#904,#905,#906,#907));
#2332=EDGE_LOOP('',(#908,#909,#910,#911,#912,#913,#914,#915,#916,#917,#918,
#919,#920,#921,#922,#923,#924,#925,#926,#927,#928,#929,#930,#931,#932,#933));
#2333=EDGE_LOOP('',(#934,#935,#936,#937));
#2334=EDGE_LOOP('',(#938,#939,#940,#941,#942,#943,#944,#945,#946,#947,#948,
#949,#950,#951,#952,#953,#954,#955));
#2335=EDGE_LOOP('',(#956,#957,#958,#959,#960,#961,#962,#963));
#2336=EDGE_LOOP('',(#964,#965,#966,#967,#968,#969,#970,#971,#972,#973,#974,
#975,#976,#977,#978,#979,#980,#981));
#2337=EDGE_LOOP('',(#982));
#2338=EDGE_LOOP('',(#983));
#2339=EDGE_LOOP('',(#984,#985,#986,#987,#988));
#2340=EDGE_LOOP('',(#989,#990,#991,#992,#993));
#2341=EDGE_LOOP('',(#994,#995,#996,#997));
#2342=EDGE_LOOP('',(#998,#999,#1000,#1001));
#2343=EDGE_LOOP('',(#1002));
#2344=EDGE_LOOP('',(#1003));
#2345=EDGE_LOOP('',(#1004));
#2346=EDGE_LOOP('',(#1005,#1006,#1007,#1008));
#2347=EDGE_LOOP('',(#1009));
#2348=EDGE_LOOP('',(#1010));
#2349=EDGE_LOOP('',(#1011));
#2350=EDGE_LOOP('',(#1012,#1013,#1014,#1015));
#2351=EDGE_LOOP('',(#1016));
#2352=EDGE_LOOP('',(#1017,#1018,#1019,#1020));
#2353=EDGE_LOOP('',(#1021));
#2354=EDGE_LOOP('',(#1022));
#2355=EDGE_LOOP('',(#1023));
#2356=EDGE_LOOP('',(#1024));
#2357=EDGE_LOOP('',(#1025));
#2358=EDGE_LOOP('',(#1026,#1027,#1028,#1029));
#2359=EDGE_LOOP('',(#1030));
#2360=EDGE_LOOP('',(#1031));
#2361=EDGE_LOOP('',(#1032));
#2362=EDGE_LOOP('',(#1033,#1034,#1035,#1036));
#2363=EDGE_LOOP('',(#1037));
#2364=EDGE_LOOP('',(#1038));
#2365=EDGE_LOOP('',(#1039));
#2366=EDGE_LOOP('',(#1040));
#2367=EDGE_LOOP('',(#1041));
#2368=EDGE_LOOP('',(#1042,#1043,#1044,#1045,#1046,#1047));
#2369=EDGE_LOOP('',(#1048,#1049,#1050,#1051,#1052,#1053));
#2370=EDGE_LOOP('',(#1054));
#2371=EDGE_LOOP('',(#1055));
#2372=EDGE_LOOP('',(#1056));
#2373=EDGE_LOOP('',(#1057));
#2374=EDGE_LOOP('',(#1058,#1059,#1060,#1061,#1062,#1063));
#2375=EDGE_LOOP('',(#1064));
#2376=EDGE_LOOP('',(#1065));
#2377=EDGE_LOOP('',(#1066,#1067,#1068,#1069,#1070,#1071));
#2378=EDGE_LOOP('',(#1072));
#2379=EDGE_LOOP('',(#1073));
#2380=EDGE_LOOP('',(#1074,#1075,#1076,#1077,#1078,#1079,#1080,#1081));
#2381=EDGE_LOOP('',(#1082));
#2382=EDGE_LOOP('',(#1083));
#2383=EDGE_LOOP('',(#1084,#1085,#1086,#1087,#1088,#1089,#1090,#1091));
#2384=EDGE_LOOP('',(#1092,#1093,#1094,#1095,#1096));
#2385=EDGE_LOOP('',(#1097,#1098,#1099,#1100,#1101));
#2386=EDGE_LOOP('',(#1102,#1103,#1104,#1105));
#2387=EDGE_LOOP('',(#1106,#1107,#1108,#1109));
#2388=EDGE_LOOP('',(#1110,#1111,#1112,#1113));
#2389=EDGE_LOOP('',(#1114,#1115,#1116,#1117));
#2390=EDGE_LOOP('',(#1118,#1119,#1120,#1121));
#2391=EDGE_LOOP('',(#1122,#1123,#1124,#1125));
#2392=EDGE_LOOP('',(#1126,#1127,#1128,#1129));
#2393=EDGE_LOOP('',(#1130,#1131,#1132,#1133));
#2394=EDGE_LOOP('',(#1134,#1135,#1136,#1137));
#2395=EDGE_LOOP('',(#1138,#1139,#1140,#1141));
#2396=EDGE_LOOP('',(#1142,#1143,#1144,#1145));
#2397=EDGE_LOOP('',(#1146,#1147,#1148,#1149));
#2398=EDGE_LOOP('',(#1150,#1151,#1152,#1153));
#2399=EDGE_LOOP('',(#1154,#1155,#1156,#1157));
#2400=EDGE_LOOP('',(#1158,#1159,#1160,#1161));
#2401=EDGE_LOOP('',(#1162,#1163,#1164,#1165));
#2402=EDGE_LOOP('',(#1166,#1167,#1168,#1169));
#2403=EDGE_LOOP('',(#1170,#1171,#1172,#1173));
#2404=EDGE_LOOP('',(#1174,#1175,#1176,#1177));
#2405=EDGE_LOOP('',(#1178,#1179,#1180,#1181));
#2406=EDGE_LOOP('',(#1182,#1183,#1184,#1185));
#2407=EDGE_LOOP('',(#1186,#1187,#1188,#1189));
#2408=EDGE_LOOP('',(#1190,#1191,#1192,#1193));
#2409=EDGE_LOOP('',(#1194,#1195,#1196,#1197));
#2410=EDGE_LOOP('',(#1198,#1199,#1200,#1201));
#2411=EDGE_LOOP('',(#1202,#1203,#1204,#1205));
#2412=EDGE_LOOP('',(#1206,#1207,#1208,#1209));
#2413=EDGE_LOOP('',(#1210,#1211,#1212,#1213));
#2414=EDGE_LOOP('',(#1214,#1215,#1216,#1217));
#2415=EDGE_LOOP('',(#1218,#1219,#1220,#1221));
#2416=EDGE_LOOP('',(#1222,#1223,#1224,#1225));
#2417=EDGE_LOOP('',(#1226,#1227,#1228,#1229));
#2418=EDGE_LOOP('',(#1230,#1231,#1232,#1233));
#2419=EDGE_LOOP('',(#1234,#1235,#1236,#1237));
#2420=EDGE_LOOP('',(#1238,#1239,#1240,#1241));
#2421=EDGE_LOOP('',(#1242,#1243,#1244,#1245));
#2422=EDGE_LOOP('',(#1246,#1247,#1248,#1249));
#2423=EDGE_LOOP('',(#1250,#1251,#1252));
#2424=EDGE_LOOP('',(#1253,#1254,#1255,#1256));
#2425=EDGE_LOOP('',(#1257,#1258,#1259,#1260));
#2426=EDGE_LOOP('',(#1261,#1262,#1263,#1264));
#2427=EDGE_LOOP('',(#1265,#1266,#1267,#1268));
#2428=EDGE_LOOP('',(#1269,#1270,#1271,#1272));
#2429=EDGE_LOOP('',(#1273,#1274,#1275,#1276));
#2430=EDGE_LOOP('',(#1277,#1278,#1279,#1280));
#2431=EDGE_LOOP('',(#1281,#1282,#1283,#1284,#1285));
#2432=EDGE_LOOP('',(#1286,#1287,#1288,#1289,#1290,#1291));
#2433=EDGE_LOOP('',(#1292,#1293,#1294,#1295,#1296));
#2434=EDGE_LOOP('',(#1297,#1298,#1299,#1300));
#2435=EDGE_LOOP('',(#1301,#1302,#1303,#1304));
#2436=EDGE_LOOP('',(#1305,#1306,#1307,#1308));
#2437=EDGE_LOOP('',(#1309,#1310,#1311,#1312));
#2438=EDGE_LOOP('',(#1313,#1314,#1315,#1316));
#2439=EDGE_LOOP('',(#1317,#1318,#1319,#1320));
#2440=EDGE_LOOP('',(#1321,#1322,#1323,#1324));
#2441=EDGE_LOOP('',(#1325,#1326,#1327,#1328));
#2442=EDGE_LOOP('',(#1329,#1330,#1331,#1332));
#2443=EDGE_LOOP('',(#1333,#1334,#1335,#1336));
#2444=EDGE_LOOP('',(#1337,#1338,#1339,#1340));
#2445=EDGE_LOOP('',(#1341,#1342,#1343,#1344));
#2446=EDGE_LOOP('',(#1345,#1346,#1347,#1348));
#2447=EDGE_LOOP('',(#1349,#1350,#1351,#1352));
#2448=EDGE_LOOP('',(#1353,#1354,#1355,#1356));
#2449=EDGE_LOOP('',(#1357,#1358,#1359,#1360));
#2450=EDGE_LOOP('',(#1361,#1362,#1363,#1364));
#2451=EDGE_LOOP('',(#1365,#1366,#1367,#1368));
#2452=EDGE_LOOP('',(#1369,#1370,#1371,#1372));
#2453=EDGE_LOOP('',(#1373,#1374,#1375,#1376));
#2454=EDGE_LOOP('',(#1377,#1378,#1379,#1380));
#2455=EDGE_LOOP('',(#1381,#1382,#1383,#1384));
#2456=EDGE_LOOP('',(#1385,#1386,#1387,#1388));
#2457=EDGE_LOOP('',(#1389,#1390,#1391,#1392));
#2458=EDGE_LOOP('',(#1393,#1394,#1395));
#2459=EDGE_LOOP('',(#1396,#1397,#1398,#1399));
#2460=EDGE_LOOP('',(#1400,#1401,#1402,#1403));
#2461=EDGE_LOOP('',(#1404,#1405,#1406));
#2462=EDGE_LOOP('',(#1407,#1408,#1409));
#2463=EDGE_LOOP('',(#1410,#1411,#1412,#1413));
#2464=EDGE_LOOP('',(#1414,#1415,#1416,#1417));
#2465=EDGE_LOOP('',(#1418,#1419,#1420));
#2466=EDGE_LOOP('',(#1421,#1422,#1423,#1424));
#2467=EDGE_LOOP('',(#1425,#1426,#1427,#1428));
#2468=EDGE_LOOP('',(#1429,#1430,#1431,#1432));
#2469=EDGE_LOOP('',(#1433,#1434,#1435,#1436));
#2470=EDGE_LOOP('',(#1437,#1438,#1439,#1440));
#2471=EDGE_LOOP('',(#1441,#1442,#1443,#1444));
#2472=EDGE_LOOP('',(#1445,#1446,#1447,#1448));
#2473=EDGE_LOOP('',(#1449,#1450,#1451,#1452));
#2474=EDGE_LOOP('',(#1453,#1454,#1455,#1456));
#2475=EDGE_LOOP('',(#1457,#1458,#1459,#1460));
#2476=EDGE_LOOP('',(#1461,#1462,#1463,#1464));
#2477=EDGE_LOOP('',(#1465,#1466,#1467,#1468));
#2478=EDGE_LOOP('',(#1469,#1470,#1471,#1472));
#2479=EDGE_LOOP('',(#1473,#1474,#1475,#1476));
#2480=EDGE_LOOP('',(#1477,#1478,#1479,#1480));
#2481=EDGE_LOOP('',(#1481,#1482,#1483,#1484,#1485,#1486,#1487,#1488));
#2482=EDGE_LOOP('',(#1489,#1490,#1491,#1492));
#2483=EDGE_LOOP('',(#1493,#1494,#1495,#1496));
#2484=EDGE_LOOP('',(#1497,#1498,#1499,#1500,#1501));
#2485=EDGE_LOOP('',(#1502,#1503,#1504,#1505,#1506));
#2486=EDGE_LOOP('',(#1507,#1508,#1509,#1510));
#2487=EDGE_LOOP('',(#1511,#1512,#1513,#1514));
#2488=EDGE_LOOP('',(#1515,#1516,#1517,#1518));
#2489=FACE_BOUND('',#2288,.T.);
#2490=FACE_BOUND('',#2289,.T.);
#2491=FACE_BOUND('',#2290,.T.);
#2492=FACE_BOUND('',#2291,.T.);
#2493=FACE_BOUND('',#2292,.T.);
#2494=FACE_BOUND('',#2293,.T.);
#2495=FACE_BOUND('',#2294,.T.);
#2496=FACE_BOUND('',#2295,.T.);
#2497=FACE_BOUND('',#2296,.T.);
#2498=FACE_BOUND('',#2297,.T.);
#2499=FACE_BOUND('',#2298,.T.);
#2500=FACE_BOUND('',#2299,.T.);
#2501=FACE_BOUND('',#2300,.T.);
#2502=FACE_BOUND('',#2301,.T.);
#2503=FACE_BOUND('',#2302,.T.);
#2504=FACE_BOUND('',#2303,.T.);
#2505=FACE_BOUND('',#2304,.T.);
#2506=FACE_BOUND('',#2305,.T.);
#2507=FACE_BOUND('',#2306,.T.);
#2508=FACE_BOUND('',#2307,.T.);
#2509=FACE_BOUND('',#2308,.T.);
#2510=FACE_BOUND('',#2309,.T.);
#2511=FACE_BOUND('',#2310,.T.);
#2512=FACE_BOUND('',#2311,.T.);
#2513=FACE_BOUND('',#2312,.T.);
#2514=FACE_BOUND('',#2313,.T.);
#2515=FACE_BOUND('',#2314,.T.);
#2516=FACE_BOUND('',#2315,.T.);
#2517=FACE_BOUND('',#2316,.T.);
#2518=FACE_BOUND('',#2317,.T.);
#2519=FACE_BOUND('',#2318,.T.);
#2520=FACE_BOUND('',#2319,.T.);
#2521=FACE_BOUND('',#2320,.T.);
#2522=FACE_BOUND('',#2321,.T.);
#2523=FACE_BOUND('',#2322,.T.);
#2524=FACE_BOUND('',#2323,.T.);
#2525=FACE_BOUND('',#2324,.T.);
#2526=FACE_BOUND('',#2325,.T.);
#2527=FACE_BOUND('',#2326,.T.);
#2528=FACE_BOUND('',#2327,.T.);
#2529=FACE_BOUND('',#2328,.T.);
#2530=FACE_BOUND('',#2329,.T.);
#2531=FACE_BOUND('',#2330,.T.);
#2532=FACE_BOUND('',#2331,.T.);
#2533=FACE_BOUND('',#2332,.T.);
#2534=FACE_BOUND('',#2333,.T.);
#2535=FACE_BOUND('',#2334,.T.);
#2536=FACE_BOUND('',#2335,.T.);
#2537=FACE_BOUND('',#2336,.T.);
#2538=FACE_BOUND('',#2337,.T.);
#2539=FACE_BOUND('',#2338,.T.);
#2540=FACE_BOUND('',#2339,.T.);
#2541=FACE_BOUND('',#2340,.T.);
#2542=FACE_BOUND('',#2341,.T.);
#2543=FACE_BOUND('',#2342,.T.);
#2544=FACE_BOUND('',#2343,.T.);
#2545=FACE_BOUND('',#2344,.T.);
#2546=FACE_BOUND('',#2345,.T.);
#2547=FACE_BOUND('',#2346,.T.);
#2548=FACE_BOUND('',#2347,.T.);
#2549=FACE_BOUND('',#2348,.T.);
#2550=FACE_BOUND('',#2349,.T.);
#2551=FACE_BOUND('',#2350,.T.);
#2552=FACE_BOUND('',#2351,.T.);
#2553=FACE_BOUND('',#2352,.T.);
#2554=FACE_BOUND('',#2353,.T.);
#2555=FACE_BOUND('',#2354,.T.);
#2556=FACE_BOUND('',#2355,.T.);
#2557=FACE_BOUND('',#2356,.T.);
#2558=FACE_BOUND('',#2357,.T.);
#2559=FACE_BOUND('',#2358,.T.);
#2560=FACE_BOUND('',#2359,.T.);
#2561=FACE_BOUND('',#2360,.T.);
#2562=FACE_BOUND('',#2361,.T.);
#2563=FACE_BOUND('',#2362,.T.);
#2564=FACE_BOUND('',#2363,.T.);
#2565=FACE_BOUND('',#2364,.T.);
#2566=FACE_BOUND('',#2365,.T.);
#2567=FACE_BOUND('',#2366,.T.);
#2568=FACE_BOUND('',#2367,.T.);
#2569=FACE_BOUND('',#2368,.T.);
#2570=FACE_BOUND('',#2369,.T.);
#2571=FACE_BOUND('',#2370,.T.);
#2572=FACE_BOUND('',#2371,.T.);
#2573=FACE_BOUND('',#2372,.T.);
#2574=FACE_BOUND('',#2373,.T.);
#2575=FACE_BOUND('',#2374,.T.);
#2576=FACE_BOUND('',#2375,.T.);
#2577=FACE_BOUND('',#2376,.T.);
#2578=FACE_BOUND('',#2377,.T.);
#2579=FACE_BOUND('',#2378,.T.);
#2580=FACE_BOUND('',#2379,.T.);
#2581=FACE_BOUND('',#2380,.T.);
#2582=FACE_BOUND('',#2381,.T.);
#2583=FACE_BOUND('',#2382,.T.);
#2584=FACE_BOUND('',#2383,.T.);
#2585=FACE_BOUND('',#2384,.T.);
#2586=FACE_BOUND('',#2385,.T.);
#2587=FACE_BOUND('',#2386,.T.);
#2588=FACE_BOUND('',#2387,.T.);
#2589=FACE_BOUND('',#2388,.T.);
#2590=FACE_BOUND('',#2389,.T.);
#2591=FACE_BOUND('',#2390,.T.);
#2592=FACE_BOUND('',#2391,.T.);
#2593=FACE_BOUND('',#2392,.T.);
#2594=FACE_BOUND('',#2393,.T.);
#2595=FACE_BOUND('',#2394,.T.);
#2596=FACE_BOUND('',#2395,.T.);
#2597=FACE_BOUND('',#2396,.T.);
#2598=FACE_BOUND('',#2397,.T.);
#2599=FACE_BOUND('',#2398,.T.);
#2600=FACE_BOUND('',#2399,.T.);
#2601=FACE_BOUND('',#2400,.T.);
#2602=FACE_BOUND('',#2401,.T.);
#2603=FACE_BOUND('',#2402,.T.);
#2604=FACE_BOUND('',#2403,.T.);
#2605=FACE_BOUND('',#2404,.T.);
#2606=FACE_BOUND('',#2405,.T.);
#2607=FACE_BOUND('',#2406,.T.);
#2608=FACE_BOUND('',#2407,.T.);
#2609=FACE_BOUND('',#2408,.T.);
#2610=FACE_BOUND('',#2409,.T.);
#2611=FACE_BOUND('',#2410,.T.);
#2612=FACE_BOUND('',#2411,.T.);
#2613=FACE_BOUND('',#2412,.T.);
#2614=FACE_BOUND('',#2413,.T.);
#2615=FACE_BOUND('',#2414,.T.);
#2616=FACE_BOUND('',#2415,.T.);
#2617=FACE_BOUND('',#2416,.T.);
#2618=FACE_BOUND('',#2417,.T.);
#2619=FACE_BOUND('',#2418,.T.);
#2620=FACE_BOUND('',#2419,.T.);
#2621=FACE_BOUND('',#2420,.T.);
#2622=FACE_BOUND('',#2421,.T.);
#2623=FACE_BOUND('',#2422,.T.);
#2624=FACE_BOUND('',#2423,.T.);
#2625=FACE_BOUND('',#2424,.T.);
#2626=FACE_BOUND('',#2425,.T.);
#2627=FACE_BOUND('',#2426,.T.);
#2628=FACE_BOUND('',#2427,.T.);
#2629=FACE_BOUND('',#2428,.T.);
#2630=FACE_BOUND('',#2429,.T.);
#2631=FACE_BOUND('',#2430,.T.);
#2632=FACE_BOUND('',#2431,.T.);
#2633=FACE_BOUND('',#2432,.T.);
#2634=FACE_BOUND('',#2433,.T.);
#2635=FACE_BOUND('',#2434,.T.);
#2636=FACE_BOUND('',#2435,.T.);
#2637=FACE_BOUND('',#2436,.T.);
#2638=FACE_BOUND('',#2437,.T.);
#2639=FACE_BOUND('',#2438,.T.);
#2640=FACE_BOUND('',#2439,.T.);
#2641=FACE_BOUND('',#2440,.T.);
#2642=FACE_BOUND('',#2441,.T.);
#2643=FACE_BOUND('',#2442,.T.);
#2644=FACE_BOUND('',#2443,.T.);
#2645=FACE_BOUND('',#2444,.T.);
#2646=FACE_BOUND('',#2445,.T.);
#2647=FACE_BOUND('',#2446,.T.);
#2648=FACE_BOUND('',#2447,.T.);
#2649=FACE_BOUND('',#2448,.T.);
#2650=FACE_BOUND('',#2449,.T.);
#2651=FACE_BOUND('',#2450,.T.);
#2652=FACE_BOUND('',#2451,.T.);
#2653=FACE_BOUND('',#2452,.T.);
#2654=FACE_BOUND('',#2453,.T.);
#2655=FACE_BOUND('',#2454,.T.);
#2656=FACE_BOUND('',#2455,.T.);
#2657=FACE_BOUND('',#2456,.T.);
#2658=FACE_BOUND('',#2457,.T.);
#2659=FACE_BOUND('',#2458,.T.);
#2660=FACE_BOUND('',#2459,.T.);
#2661=FACE_BOUND('',#2460,.T.);
#2662=FACE_BOUND('',#2461,.T.);
#2663=FACE_BOUND('',#2462,.T.);
#2664=FACE_BOUND('',#2463,.T.);
#2665=FACE_BOUND('',#2464,.T.);
#2666=FACE_BOUND('',#2465,.T.);
#2667=FACE_BOUND('',#2466,.T.);
#2668=FACE_BOUND('',#2467,.T.);
#2669=FACE_BOUND('',#2468,.T.);
#2670=FACE_BOUND('',#2469,.T.);
#2671=FACE_BOUND('',#2470,.T.);
#2672=FACE_BOUND('',#2471,.T.);
#2673=FACE_BOUND('',#2472,.T.);
#2674=FACE_BOUND('',#2473,.T.);
#2675=FACE_BOUND('',#2474,.T.);
#2676=FACE_BOUND('',#2475,.T.);
#2677=FACE_BOUND('',#2476,.T.);
#2678=FACE_BOUND('',#2477,.T.);
#2679=FACE_BOUND('',#2478,.T.);
#2680=FACE_BOUND('',#2479,.T.);
#2681=FACE_BOUND('',#2480,.T.);
#2682=FACE_BOUND('',#2481,.T.);
#2683=FACE_BOUND('',#2482,.T.);
#2684=FACE_BOUND('',#2483,.T.);
#2685=FACE_BOUND('',#2484,.T.);
#2686=FACE_BOUND('',#2485,.T.);
#2687=FACE_BOUND('',#2486,.T.);
#2688=FACE_BOUND('',#2487,.T.);
#2689=FACE_BOUND('',#2488,.T.);
#2690=PLANE('',#4156);
#2691=PLANE('',#4169);
#2692=PLANE('',#4188);
#2693=PLANE('',#4189);
#2694=PLANE('',#4190);
#2695=PLANE('',#4191);
#2696=PLANE('',#4193);
#2697=PLANE('',#4198);
#2698=PLANE('',#4204);
#2699=PLANE('',#4205);
#2700=PLANE('',#4208);
#2701=PLANE('',#4209);
#2702=PLANE('',#4211);
#2703=PLANE('',#4220);
#2704=PLANE('',#4221);
#2705=PLANE('',#4223);
#2706=PLANE('',#4224);
#2707=PLANE('',#4225);
#2708=PLANE('',#4229);
#2709=PLANE('',#4230);
#2710=PLANE('',#4231);
#2711=PLANE('',#4233);
#2712=PLANE('',#4234);
#2713=PLANE('',#4235);
#2714=PLANE('',#4236);
#2715=PLANE('',#4237);
#2716=PLANE('',#4239);
#2717=PLANE('',#4244);
#2718=PLANE('',#4249);
#2719=PLANE('',#4251);
#2720=PLANE('',#4257);
#2721=PLANE('',#4262);
#2722=PLANE('',#4277);
#2723=PLANE('',#4278);
#2724=PLANE('',#4321);
#2725=PLANE('',#4322);
#2726=PLANE('',#4323);
#2727=PLANE('',#4324);
#2728=PLANE('',#4326);
#2729=PLANE('',#4329);
#2730=PLANE('',#4331);
#2731=PLANE('',#4332);
#2732=PLANE('',#4333);
#2733=PLANE('',#4334);
#2734=PLANE('',#4335);
#2735=PLANE('',#4336);
#2736=PLANE('',#4337);
#2737=PLANE('',#4338);
#2738=PLANE('',#4339);
#2739=PLANE('',#4340);
#2740=PLANE('',#4341);
#2741=PLANE('',#4342);
#2742=PLANE('',#4343);
#2743=PLANE('',#4358);
#2744=PLANE('',#4359);
#2745=PLANE('',#4360);
#2746=PLANE('',#4361);
#2747=PLANE('',#4365);
#2748=PLANE('',#4366);
#2749=PLANE('',#4367);
#2750=PLANE('',#4368);
#2751=PLANE('',#4371);
#2752=PLANE('',#4372);
#2753=PLANE('',#4373);
#2754=PLANE('',#4374);
#2755=PLANE('',#4375);
#2756=PLANE('',#4376);
#2757=PLANE('',#4377);
#2758=OVER_RIDING_STYLED_ITEM('',(#3107),#2931,#3105);
#2759=OVER_RIDING_STYLED_ITEM('',(#3108),#2932,#3105);
#2760=OVER_RIDING_STYLED_ITEM('',(#3109),#2933,#3105);
#2761=OVER_RIDING_STYLED_ITEM('',(#3110),#2934,#3105);
#2762=OVER_RIDING_STYLED_ITEM('',(#3111),#2935,#3105);
#2763=OVER_RIDING_STYLED_ITEM('',(#3112),#2936,#3105);
#2764=OVER_RIDING_STYLED_ITEM('',(#3113),#2937,#3105);
#2765=OVER_RIDING_STYLED_ITEM('',(#3114),#2938,#3105);
#2766=OVER_RIDING_STYLED_ITEM('',(#3115),#2939,#3105);
#2767=OVER_RIDING_STYLED_ITEM('',(#3116),#2940,#3105);
#2768=OVER_RIDING_STYLED_ITEM('',(#3117),#2941,#3105);
#2769=OVER_RIDING_STYLED_ITEM('',(#3118),#2942,#3105);
#2770=OVER_RIDING_STYLED_ITEM('',(#3119),#2943,#3105);
#2771=OVER_RIDING_STYLED_ITEM('',(#3120),#2944,#3105);
#2772=OVER_RIDING_STYLED_ITEM('',(#3121),#2945,#3105);
#2773=OVER_RIDING_STYLED_ITEM('',(#3122),#2946,#3105);
#2774=OVER_RIDING_STYLED_ITEM('',(#3123),#2947,#3105);
#2775=OVER_RIDING_STYLED_ITEM('',(#3124),#2948,#3105);
#2776=OVER_RIDING_STYLED_ITEM('',(#3125),#2949,#3105);
#2777=OVER_RIDING_STYLED_ITEM('',(#3126),#2950,#3105);
#2778=OVER_RIDING_STYLED_ITEM('',(#3127),#2951,#3105);
#2779=OVER_RIDING_STYLED_ITEM('',(#3128),#2952,#3105);
#2780=OVER_RIDING_STYLED_ITEM('',(#3129),#2953,#3105);
#2781=OVER_RIDING_STYLED_ITEM('',(#3130),#2954,#3105);
#2782=OVER_RIDING_STYLED_ITEM('',(#3131),#2955,#3105);
#2783=OVER_RIDING_STYLED_ITEM('',(#3132),#2956,#3105);
#2784=OVER_RIDING_STYLED_ITEM('',(#3133),#2957,#3105);
#2785=OVER_RIDING_STYLED_ITEM('',(#3134),#2958,#3105);
#2786=OVER_RIDING_STYLED_ITEM('',(#3135),#2959,#3105);
#2787=OVER_RIDING_STYLED_ITEM('',(#3136),#2960,#3105);
#2788=OVER_RIDING_STYLED_ITEM('',(#3137),#2961,#3105);
#2789=OVER_RIDING_STYLED_ITEM('',(#3138),#2962,#3105);
#2790=OVER_RIDING_STYLED_ITEM('',(#3139),#2963,#3105);
#2791=OVER_RIDING_STYLED_ITEM('',(#3140),#2964,#3105);
#2792=OVER_RIDING_STYLED_ITEM('',(#3141),#2965,#3105);
#2793=OVER_RIDING_STYLED_ITEM('',(#3142),#2966,#3105);
#2794=OVER_RIDING_STYLED_ITEM('',(#3143),#2967,#3105);
#2795=OVER_RIDING_STYLED_ITEM('',(#3144),#2968,#3105);
#2796=OVER_RIDING_STYLED_ITEM('',(#3145),#2969,#3105);
#2797=OVER_RIDING_STYLED_ITEM('',(#3146),#2970,#3105);
#2798=OVER_RIDING_STYLED_ITEM('',(#3147),#2971,#3105);
#2799=OVER_RIDING_STYLED_ITEM('',(#3148),#2972,#3105);
#2800=OVER_RIDING_STYLED_ITEM('',(#3149),#2973,#3105);
#2801=OVER_RIDING_STYLED_ITEM('',(#3150),#2974,#3105);
#2802=OVER_RIDING_STYLED_ITEM('',(#3151),#2975,#3105);
#2803=OVER_RIDING_STYLED_ITEM('',(#3152),#2976,#3105);
#2804=OVER_RIDING_STYLED_ITEM('',(#3153),#2977,#3105);
#2805=OVER_RIDING_STYLED_ITEM('',(#3154),#2978,#3105);
#2806=OVER_RIDING_STYLED_ITEM('',(#3155),#2979,#3105);
#2807=OVER_RIDING_STYLED_ITEM('',(#3156),#2980,#3105);
#2808=OVER_RIDING_STYLED_ITEM('',(#3157),#2981,#3105);
#2809=OVER_RIDING_STYLED_ITEM('',(#3158),#2982,#3105);
#2810=OVER_RIDING_STYLED_ITEM('',(#3159),#2983,#3105);
#2811=OVER_RIDING_STYLED_ITEM('',(#3160),#2984,#3105);
#2812=OVER_RIDING_STYLED_ITEM('',(#3161),#2985,#3105);
#2813=OVER_RIDING_STYLED_ITEM('',(#3162),#2986,#3105);
#2814=OVER_RIDING_STYLED_ITEM('',(#3163),#2987,#3105);
#2815=OVER_RIDING_STYLED_ITEM('',(#3164),#2988,#3105);
#2816=OVER_RIDING_STYLED_ITEM('',(#3165),#2989,#3105);
#2817=OVER_RIDING_STYLED_ITEM('',(#3166),#2990,#3105);
#2818=OVER_RIDING_STYLED_ITEM('',(#3167),#2991,#3105);
#2819=OVER_RIDING_STYLED_ITEM('',(#3168),#2992,#3105);
#2820=OVER_RIDING_STYLED_ITEM('',(#3169),#2993,#3105);
#2821=OVER_RIDING_STYLED_ITEM('',(#3170),#2994,#3105);
#2822=OVER_RIDING_STYLED_ITEM('',(#3171),#2995,#3105);
#2823=OVER_RIDING_STYLED_ITEM('',(#3172),#2996,#3105);
#2824=OVER_RIDING_STYLED_ITEM('',(#3173),#2997,#3105);
#2825=OVER_RIDING_STYLED_ITEM('',(#3174),#2998,#3105);
#2826=OVER_RIDING_STYLED_ITEM('',(#3175),#2999,#3105);
#2827=OVER_RIDING_STYLED_ITEM('',(#3176),#3000,#3105);
#2828=OVER_RIDING_STYLED_ITEM('',(#3177),#3001,#3105);
#2829=OVER_RIDING_STYLED_ITEM('',(#3178),#3002,#3105);
#2830=OVER_RIDING_STYLED_ITEM('',(#3179),#3003,#3105);
#2831=OVER_RIDING_STYLED_ITEM('',(#3180),#3004,#3105);
#2832=OVER_RIDING_STYLED_ITEM('',(#3181),#3005,#3105);
#2833=OVER_RIDING_STYLED_ITEM('',(#3182),#3006,#3105);
#2834=OVER_RIDING_STYLED_ITEM('',(#3183),#3007,#3105);
#2835=OVER_RIDING_STYLED_ITEM('',(#3184),#3008,#3105);
#2836=OVER_RIDING_STYLED_ITEM('',(#3185),#3009,#3105);
#2837=OVER_RIDING_STYLED_ITEM('',(#3186),#3010,#3105);
#2838=OVER_RIDING_STYLED_ITEM('',(#3187),#3011,#3105);
#2839=OVER_RIDING_STYLED_ITEM('',(#3188),#3012,#3105);
#2840=OVER_RIDING_STYLED_ITEM('',(#3189),#3013,#3105);
#2841=OVER_RIDING_STYLED_ITEM('',(#3190),#3014,#3105);
#2842=OVER_RIDING_STYLED_ITEM('',(#3191),#3015,#3105);
#2843=OVER_RIDING_STYLED_ITEM('',(#3192),#3016,#3105);
#2844=OVER_RIDING_STYLED_ITEM('',(#3193),#3017,#3105);
#2845=OVER_RIDING_STYLED_ITEM('',(#3194),#3018,#3105);
#2846=OVER_RIDING_STYLED_ITEM('',(#3195),#3019,#3105);
#2847=OVER_RIDING_STYLED_ITEM('',(#3196),#3020,#3105);
#2848=OVER_RIDING_STYLED_ITEM('',(#3197),#3021,#3105);
#2849=OVER_RIDING_STYLED_ITEM('',(#3198),#3022,#3105);
#2850=OVER_RIDING_STYLED_ITEM('',(#3199),#3023,#3105);
#2851=OVER_RIDING_STYLED_ITEM('',(#3200),#3024,#3105);
#2852=OVER_RIDING_STYLED_ITEM('',(#3201),#3025,#3105);
#2853=OVER_RIDING_STYLED_ITEM('',(#3202),#3026,#3105);
#2854=OVER_RIDING_STYLED_ITEM('',(#3203),#3027,#3105);
#2855=OVER_RIDING_STYLED_ITEM('',(#3204),#3028,#3105);
#2856=OVER_RIDING_STYLED_ITEM('',(#3205),#3029,#3105);
#2857=OVER_RIDING_STYLED_ITEM('',(#3206),#3030,#3105);
#2858=OVER_RIDING_STYLED_ITEM('',(#3207),#3031,#3105);
#2859=OVER_RIDING_STYLED_ITEM('',(#3208),#3032,#3105);
#2860=OVER_RIDING_STYLED_ITEM('',(#3209),#3033,#3105);
#2861=OVER_RIDING_STYLED_ITEM('',(#3210),#3034,#3105);
#2862=OVER_RIDING_STYLED_ITEM('',(#3211),#3035,#3105);
#2863=OVER_RIDING_STYLED_ITEM('',(#3212),#3036,#3105);
#2864=OVER_RIDING_STYLED_ITEM('',(#3213),#3037,#3105);
#2865=OVER_RIDING_STYLED_ITEM('',(#3214),#3038,#3105);
#2866=OVER_RIDING_STYLED_ITEM('',(#3215),#3039,#3105);
#2867=OVER_RIDING_STYLED_ITEM('',(#3216),#3040,#3105);
#2868=OVER_RIDING_STYLED_ITEM('',(#3217),#3041,#3105);
#2869=OVER_RIDING_STYLED_ITEM('',(#3218),#3042,#3105);
#2870=OVER_RIDING_STYLED_ITEM('',(#3219),#3043,#3105);
#2871=OVER_RIDING_STYLED_ITEM('',(#3220),#3044,#3105);
#2872=OVER_RIDING_STYLED_ITEM('',(#3221),#3045,#3105);
#2873=OVER_RIDING_STYLED_ITEM('',(#3222),#3046,#3105);
#2874=OVER_RIDING_STYLED_ITEM('',(#3223),#3047,#3105);
#2875=OVER_RIDING_STYLED_ITEM('',(#3224),#3048,#3105);
#2876=OVER_RIDING_STYLED_ITEM('',(#3225),#3049,#3105);
#2877=OVER_RIDING_STYLED_ITEM('',(#3226),#3050,#3105);
#2878=OVER_RIDING_STYLED_ITEM('',(#3227),#3051,#3105);
#2879=OVER_RIDING_STYLED_ITEM('',(#3228),#3052,#3105);
#2880=OVER_RIDING_STYLED_ITEM('',(#3229),#3053,#3105);
#2881=OVER_RIDING_STYLED_ITEM('',(#3230),#3054,#3105);
#2882=OVER_RIDING_STYLED_ITEM('',(#3231),#3055,#3105);
#2883=OVER_RIDING_STYLED_ITEM('',(#3232),#3056,#3105);
#2884=OVER_RIDING_STYLED_ITEM('',(#3233),#3057,#3105);
#2885=OVER_RIDING_STYLED_ITEM('',(#3234),#3058,#3105);
#2886=OVER_RIDING_STYLED_ITEM('',(#3235),#3059,#3105);
#2887=OVER_RIDING_STYLED_ITEM('',(#3236),#3060,#3105);
#2888=OVER_RIDING_STYLED_ITEM('',(#3237),#3061,#3105);
#2889=OVER_RIDING_STYLED_ITEM('',(#3238),#3062,#3105);
#2890=OVER_RIDING_STYLED_ITEM('',(#3239),#3063,#3105);
#2891=OVER_RIDING_STYLED_ITEM('',(#3240),#3064,#3105);
#2892=OVER_RIDING_STYLED_ITEM('',(#3241),#3065,#3105);
#2893=OVER_RIDING_STYLED_ITEM('',(#3242),#3066,#3105);
#2894=OVER_RIDING_STYLED_ITEM('',(#3243),#3067,#3105);
#2895=OVER_RIDING_STYLED_ITEM('',(#3244),#3068,#3105);
#2896=OVER_RIDING_STYLED_ITEM('',(#3245),#3069,#3105);
#2897=OVER_RIDING_STYLED_ITEM('',(#3246),#3070,#3105);
#2898=OVER_RIDING_STYLED_ITEM('',(#3247),#3071,#3105);
#2899=OVER_RIDING_STYLED_ITEM('',(#3248),#3072,#3105);
#2900=OVER_RIDING_STYLED_ITEM('',(#3249),#3073,#3105);
#2901=OVER_RIDING_STYLED_ITEM('',(#3250),#3074,#3105);
#2902=OVER_RIDING_STYLED_ITEM('',(#3251),#3075,#3105);
#2903=OVER_RIDING_STYLED_ITEM('',(#3252),#3076,#3105);
#2904=OVER_RIDING_STYLED_ITEM('',(#3253),#3077,#3105);
#2905=OVER_RIDING_STYLED_ITEM('',(#3254),#3078,#3105);
#2906=OVER_RIDING_STYLED_ITEM('',(#3255),#3079,#3105);
#2907=OVER_RIDING_STYLED_ITEM('',(#3256),#3080,#3105);
#2908=OVER_RIDING_STYLED_ITEM('',(#3257),#3081,#3105);
#2909=OVER_RIDING_STYLED_ITEM('',(#3258),#3082,#3105);
#2910=OVER_RIDING_STYLED_ITEM('',(#3259),#3083,#3105);
#2911=OVER_RIDING_STYLED_ITEM('',(#3260),#3084,#3105);
#2912=OVER_RIDING_STYLED_ITEM('',(#3261),#3085,#3105);
#2913=OVER_RIDING_STYLED_ITEM('',(#3262),#3086,#3105);
#2914=OVER_RIDING_STYLED_ITEM('',(#3263),#3087,#3105);
#2915=OVER_RIDING_STYLED_ITEM('',(#3264),#3088,#3105);
#2916=OVER_RIDING_STYLED_ITEM('',(#3265),#3089,#3105);
#2917=OVER_RIDING_STYLED_ITEM('',(#3266),#3090,#3105);
#2918=OVER_RIDING_STYLED_ITEM('',(#3267),#3091,#3105);
#2919=OVER_RIDING_STYLED_ITEM('',(#3268),#3092,#3105);
#2920=OVER_RIDING_STYLED_ITEM('',(#3269),#3093,#3105);
#2921=OVER_RIDING_STYLED_ITEM('',(#3270),#3094,#3105);
#2922=OVER_RIDING_STYLED_ITEM('',(#3271),#3095,#3105);
#2923=OVER_RIDING_STYLED_ITEM('',(#3272),#3096,#3105);
#2924=OVER_RIDING_STYLED_ITEM('',(#3273),#3097,#3105);
#2925=OVER_RIDING_STYLED_ITEM('',(#3274),#3098,#3105);
#2926=OVER_RIDING_STYLED_ITEM('',(#3275),#3099,#3105);
#2927=OVER_RIDING_STYLED_ITEM('',(#3276),#3100,#3105);
#2928=OVER_RIDING_STYLED_ITEM('',(#3277),#3101,#3105);
#2929=OVER_RIDING_STYLED_ITEM('',(#3278),#3102,#3105);
#2930=OVER_RIDING_STYLED_ITEM('',(#3279),#3103,#3105);
#2931=ADVANCED_FACE('',(#2489,#2490),#2690,.T.);
#2932=ADVANCED_FACE('',(#2491),#243,.F.);
#2933=ADVANCED_FACE('',(#2492),#244,.T.);
#2934=ADVANCED_FACE('',(#2493),#74,.T.);
#2935=ADVANCED_FACE('',(#2494),#75,.T.);
#2936=ADVANCED_FACE('',(#2495,#2496,#2497,#2498,#2499),#245,.F.);
#2937=ADVANCED_FACE('',(#2500),#2691,.T.);
#2938=ADVANCED_FACE('',(#2501),#55,.T.);
#2939=ADVANCED_FACE('',(#2502),#56,.T.);
#2940=ADVANCED_FACE('',(#2503),#41,.T.);
#2941=ADVANCED_FACE('',(#2504),#42,.T.);
#2942=ADVANCED_FACE('',(#2505),#43,.T.);
#2943=ADVANCED_FACE('',(#2506),#44,.T.);
#2944=ADVANCED_FACE('',(#2507),#2692,.T.);
#2945=ADVANCED_FACE('',(#2508),#2693,.T.);
#2946=ADVANCED_FACE('',(#2509),#2694,.T.);
#2947=ADVANCED_FACE('',(#2510),#2695,.T.);
#2948=ADVANCED_FACE('',(#2511),#2696,.T.);
#2949=ADVANCED_FACE('',(#2512,#2513,#2514,#2515,#2516),#246,.F.);
#2950=ADVANCED_FACE('',(#2517),#2697,.T.);
#2951=ADVANCED_FACE('',(#2518),#2698,.T.);
#2952=ADVANCED_FACE('',(#2519),#2699,.T.);
#2953=ADVANCED_FACE('',(#2520),#2700,.T.);
#2954=ADVANCED_FACE('',(#2521),#2701,.T.);
#2955=ADVANCED_FACE('',(#2522),#2702,.T.);
#2956=ADVANCED_FACE('',(#2523),#247,.T.);
#2957=ADVANCED_FACE('',(#2524),#76,.T.);
#2958=ADVANCED_FACE('',(#2525),#77,.T.);
#2959=ADVANCED_FACE('',(#2526),#248,.F.);
#2960=ADVANCED_FACE('',(#2527),#78,.T.);
#2961=ADVANCED_FACE('',(#2528),#79,.T.);
#2962=ADVANCED_FACE('',(#2529),#2703,.T.);
#2963=ADVANCED_FACE('',(#2530),#2704,.T.);
#2964=ADVANCED_FACE('',(#2531),#2705,.T.);
#2965=ADVANCED_FACE('',(#2532),#2706,.T.);
#2966=ADVANCED_FACE('',(#2533),#2707,.T.);
#2967=ADVANCED_FACE('',(#2534),#2708,.T.);
#2968=ADVANCED_FACE('',(#2535),#2709,.T.);
#2969=ADVANCED_FACE('',(#2536),#2710,.T.);
#2970=ADVANCED_FACE('',(#2537),#2711,.F.);
#2971=ADVANCED_FACE('',(#2538),#2712,.T.);
#2972=ADVANCED_FACE('',(#2539),#2713,.T.);
#2973=ADVANCED_FACE('',(#2540),#2714,.F.);
#2974=ADVANCED_FACE('',(#2541),#2715,.T.);
#2975=ADVANCED_FACE('',(#2542),#249,.F.);
#2976=ADVANCED_FACE('',(#2543,#2544),#2716,.T.);
#2977=ADVANCED_FACE('',(#2545,#2546),#250,.F.);
#2978=ADVANCED_FACE('',(#2547,#2548),#2717,.T.);
#2979=ADVANCED_FACE('',(#2549,#2550),#251,.F.);
#2980=ADVANCED_FACE('',(#2551,#2552),#2718,.T.);
#2981=ADVANCED_FACE('',(#2553,#2554),#2719,.T.);
#2982=ADVANCED_FACE('',(#2555,#2556),#252,.F.);
#2983=ADVANCED_FACE('',(#2557,#2558),#253,.F.);
#2984=ADVANCED_FACE('',(#2559,#2560),#2720,.T.);
#2985=ADVANCED_FACE('',(#2561,#2562),#254,.F.);
#2986=ADVANCED_FACE('',(#2563,#2564),#2721,.T.);
#2987=ADVANCED_FACE('',(#2565,#2566),#255,.F.);
#2988=ADVANCED_FACE('',(#2567,#2568),#45,.F.);
#2989=ADVANCED_FACE('',(#2569),#46,.T.);
#2990=ADVANCED_FACE('',(#2570),#47,.T.);
#2991=ADVANCED_FACE('',(#2571,#2572),#48,.F.);
#2992=ADVANCED_FACE('',(#2573,#2574),#49,.F.);
#2993=ADVANCED_FACE('',(#2575),#50,.T.);
#2994=ADVANCED_FACE('',(#2576,#2577),#51,.F.);
#2995=ADVANCED_FACE('',(#2578),#52,.T.);
#2996=ADVANCED_FACE('',(#2579,#2580),#53,.F.);
#2997=ADVANCED_FACE('',(#2581),#57,.T.);
#2998=ADVANCED_FACE('',(#2582,#2583),#54,.F.);
#2999=ADVANCED_FACE('',(#2584),#58,.T.);
#3000=ADVANCED_FACE('',(#2585),#2722,.F.);
#3001=ADVANCED_FACE('',(#2586),#2723,.T.);
#3002=ADVANCED_FACE('',(#2587),#256,.F.);
#3003=ADVANCED_FACE('',(#2588),#257,.T.);
#3004=ADVANCED_FACE('',(#2589),#258,.T.);
#3005=ADVANCED_FACE('',(#2590),#80,.T.);
#3006=ADVANCED_FACE('',(#2591),#259,.T.);
#3007=ADVANCED_FACE('',(#2592),#260,.T.);
#3008=ADVANCED_FACE('',(#2593),#261,.T.);
#3009=ADVANCED_FACE('',(#2594),#262,.T.);
#3010=ADVANCED_FACE('',(#2595),#263,.T.);
#3011=ADVANCED_FACE('',(#2596),#264,.T.);
#3012=ADVANCED_FACE('',(#2597),#81,.T.);
#3013=ADVANCED_FACE('',(#2598),#265,.T.);
#3014=ADVANCED_FACE('',(#2599),#266,.T.);
#3015=ADVANCED_FACE('',(#2600),#82,.T.);
#3016=ADVANCED_FACE('',(#2601),#267,.T.);
#3017=ADVANCED_FACE('',(#2602),#268,.T.);
#3018=ADVANCED_FACE('',(#2603),#83,.T.);
#3019=ADVANCED_FACE('',(#2604),#84,.T.);
#3020=ADVANCED_FACE('',(#2605),#85,.T.);
#3021=ADVANCED_FACE('',(#2606),#269,.T.);
#3022=ADVANCED_FACE('',(#2607),#270,.T.);
#3023=ADVANCED_FACE('',(#2608),#271,.T.);
#3024=ADVANCED_FACE('',(#2609),#86,.T.);
#3025=ADVANCED_FACE('',(#2610),#87,.T.);
#3026=ADVANCED_FACE('',(#2611),#88,.T.);
#3027=ADVANCED_FACE('',(#2612),#272,.T.);
#3028=ADVANCED_FACE('',(#2613),#273,.T.);
#3029=ADVANCED_FACE('',(#2614),#274,.T.);
#3030=ADVANCED_FACE('',(#2615),#89,.T.);
#3031=ADVANCED_FACE('',(#2616),#275,.T.);
#3032=ADVANCED_FACE('',(#2617),#276,.T.);
#3033=ADVANCED_FACE('',(#2618),#90,.T.);
#3034=ADVANCED_FACE('',(#2619),#277,.T.);
#3035=ADVANCED_FACE('',(#2620),#278,.T.);
#3036=ADVANCED_FACE('',(#2621),#279,.T.);
#3037=ADVANCED_FACE('',(#2622),#280,.T.);
#3038=ADVANCED_FACE('',(#2623),#59,.T.);
#3039=ADVANCED_FACE('',(#2624),#91,.T.);
#3040=ADVANCED_FACE('',(#2625),#281,.T.);
#3041=ADVANCED_FACE('',(#2626),#2724,.T.);
#3042=ADVANCED_FACE('',(#2627),#60,.T.);
#3043=ADVANCED_FACE('',(#2628),#2725,.T.);
#3044=ADVANCED_FACE('',(#2629),#61,.T.);
#3045=ADVANCED_FACE('',(#2630),#2726,.T.);
#3046=ADVANCED_FACE('',(#2631),#62,.T.);
#3047=ADVANCED_FACE('',(#2632),#2727,.T.);
#3048=ADVANCED_FACE('',(#2633),#2728,.T.);
#3049=ADVANCED_FACE('',(#2634),#2729,.T.);
#3050=ADVANCED_FACE('',(#2635),#63,.T.);
#3051=ADVANCED_FACE('',(#2636),#2730,.T.);
#3052=ADVANCED_FACE('',(#2637),#64,.T.);
#3053=ADVANCED_FACE('',(#2638),#2731,.T.);
#3054=ADVANCED_FACE('',(#2639),#65,.T.);
#3055=ADVANCED_FACE('',(#2640),#2732,.T.);
#3056=ADVANCED_FACE('',(#2641),#2733,.F.);
#3057=ADVANCED_FACE('',(#2642),#66,.T.);
#3058=ADVANCED_FACE('',(#2643),#2734,.F.);
#3059=ADVANCED_FACE('',(#2644),#2735,.F.);
#3060=ADVANCED_FACE('',(#2645),#67,.T.);
#3061=ADVANCED_FACE('',(#2646),#68,.T.);
#3062=ADVANCED_FACE('',(#2647),#2736,.F.);
#3063=ADVANCED_FACE('',(#2648),#2737,.F.);
#3064=ADVANCED_FACE('',(#2649),#69,.T.);
#3065=ADVANCED_FACE('',(#2650),#70,.T.);
#3066=ADVANCED_FACE('',(#2651),#2738,.F.);
#3067=ADVANCED_FACE('',(#2652),#2739,.F.);
#3068=ADVANCED_FACE('',(#2653),#71,.T.);
#3069=ADVANCED_FACE('',(#2654),#72,.T.);
#3070=ADVANCED_FACE('',(#2655),#2740,.F.);
#3071=ADVANCED_FACE('',(#2656),#2741,.F.);
#3072=ADVANCED_FACE('',(#2657),#73,.T.);
#3073=ADVANCED_FACE('',(#2658),#2742,.F.);
#3074=ADVANCED_FACE('',(#2659),#12,.T.);
#3075=ADVANCED_FACE('',(#2660),#92,.T.);
#3076=ADVANCED_FACE('',(#2661),#282,.T.);
#3077=ADVANCED_FACE('',(#2662),#13,.T.);
#3078=ADVANCED_FACE('',(#2663),#14,.T.);
#3079=ADVANCED_FACE('',(#2664),#283,.T.);
#3080=ADVANCED_FACE('',(#2665),#93,.T.);
#3081=ADVANCED_FACE('',(#2666),#15,.T.);
#3082=ADVANCED_FACE('',(#2667),#2743,.T.);
#3083=ADVANCED_FACE('',(#2668),#2744,.F.);
#3084=ADVANCED_FACE('',(#2669),#2745,.F.);
#3085=ADVANCED_FACE('',(#2670),#2746,.F.);
#3086=ADVANCED_FACE('',(#2671),#284,.T.);
#3087=ADVANCED_FACE('',(#2672),#2747,.T.);
#3088=ADVANCED_FACE('',(#2673),#2748,.T.);
#3089=ADVANCED_FACE('',(#2674),#2749,.T.);
#3090=ADVANCED_FACE('',(#2675),#2750,.T.);
#3091=ADVANCED_FACE('',(#2676),#285,.F.);
#3092=ADVANCED_FACE('',(#2677),#2751,.T.);
#3093=ADVANCED_FACE('',(#2678),#2752,.F.);
#3094=ADVANCED_FACE('',(#2679),#2753,.F.);
#3095=ADVANCED_FACE('',(#2680),#2754,.T.);
#3096=ADVANCED_FACE('',(#2681),#2755,.F.);
#3097=ADVANCED_FACE('',(#2682,#2683),#2756,.T.);
#3098=ADVANCED_FACE('',(#2684),#2757,.T.);
#3099=ADVANCED_FACE('',(#2685),#286,.T.);
#3100=ADVANCED_FACE('',(#2686),#287,.T.);
#3101=ADVANCED_FACE('',(#2687),#288,.T.);
#3102=ADVANCED_FACE('',(#2688),#289,.T.);
#3103=ADVANCED_FACE('',(#2689),#290,.T.);
#3104=CLOSED_SHELL('',(#2931,#2932,#2933,#2934,#2935,#2936,#2937,#2938,
#2939,#2940,#2941,#2942,#2943,#2944,#2945,#2946,#2947,#2948,#2949,#2950,
#2951,#2952,#2953,#2954,#2955,#2956,#2957,#2958,#2959,#2960,#2961,#2962,
#2963,#2964,#2965,#2966,#2967,#2968,#2969,#2970,#2971,#2972,#2973,#2974,
#2975,#2976,#2977,#2978,#2979,#2980,#2981,#2982,#2983,#2984,#2985,#2986,
#2987,#2988,#2989,#2990,#2991,#2992,#2993,#2994,#2995,#2996,#2997,#2998,
#2999,#3000,#3001,#3002,#3003,#3004,#3005,#3006,#3007,#3008,#3009,#3010,
#3011,#3012,#3013,#3014,#3015,#3016,#3017,#3018,#3019,#3020,#3021,#3022,
#3023,#3024,#3025,#3026,#3027,#3028,#3029,#3030,#3031,#3032,#3033,#3034,
#3035,#3036,#3037,#3038,#3039,#3040,#3041,#3042,#3043,#3044,#3045,#3046,
#3047,#3048,#3049,#3050,#3051,#3052,#3053,#3054,#3055,#3056,#3057,#3058,
#3059,#3060,#3061,#3062,#3063,#3064,#3065,#3066,#3067,#3068,#3069,#3070,
#3071,#3072,#3073,#3074,#3075,#3076,#3077,#3078,#3079,#3080,#3081,#3082,
#3083,#3084,#3085,#3086,#3087,#3088,#3089,#3090,#3091,#3092,#3093,#3094,
#3095,#3096,#3097,#3098,#3099,#3100,#3101,#3102,#3103));
#3105=STYLED_ITEM('',(#3106),#4152);
#3106=PRESENTATION_STYLE_ASSIGNMENT((#3280));
#3107=PRESENTATION_STYLE_ASSIGNMENT((#3281));
#3108=PRESENTATION_STYLE_ASSIGNMENT((#3282));
#3109=PRESENTATION_STYLE_ASSIGNMENT((#3283));
#3110=PRESENTATION_STYLE_ASSIGNMENT((#3284));
#3111=PRESENTATION_STYLE_ASSIGNMENT((#3285));
#3112=PRESENTATION_STYLE_ASSIGNMENT((#3286));
#3113=PRESENTATION_STYLE_ASSIGNMENT((#3287));
#3114=PRESENTATION_STYLE_ASSIGNMENT((#3288));
#3115=PRESENTATION_STYLE_ASSIGNMENT((#3289));
#3116=PRESENTATION_STYLE_ASSIGNMENT((#3290));
#3117=PRESENTATION_STYLE_ASSIGNMENT((#3291));
#3118=PRESENTATION_STYLE_ASSIGNMENT((#3292));
#3119=PRESENTATION_STYLE_ASSIGNMENT((#3293));
#3120=PRESENTATION_STYLE_ASSIGNMENT((#3294));
#3121=PRESENTATION_STYLE_ASSIGNMENT((#3295));
#3122=PRESENTATION_STYLE_ASSIGNMENT((#3296));
#3123=PRESENTATION_STYLE_ASSIGNMENT((#3297));
#3124=PRESENTATION_STYLE_ASSIGNMENT((#3298));
#3125=PRESENTATION_STYLE_ASSIGNMENT((#3299));
#3126=PRESENTATION_STYLE_ASSIGNMENT((#3300));
#3127=PRESENTATION_STYLE_ASSIGNMENT((#3301));
#3128=PRESENTATION_STYLE_ASSIGNMENT((#3302));
#3129=PRESENTATION_STYLE_ASSIGNMENT((#3303));
#3130=PRESENTATION_STYLE_ASSIGNMENT((#3304));
#3131=PRESENTATION_STYLE_ASSIGNMENT((#3305));
#3132=PRESENTATION_STYLE_ASSIGNMENT((#3306));
#3133=PRESENTATION_STYLE_ASSIGNMENT((#3307));
#3134=PRESENTATION_STYLE_ASSIGNMENT((#3308));
#3135=PRESENTATION_STYLE_ASSIGNMENT((#3309));
#3136=PRESENTATION_STYLE_ASSIGNMENT((#3310));
#3137=PRESENTATION_STYLE_ASSIGNMENT((#3311));
#3138=PRESENTATION_STYLE_ASSIGNMENT((#3312));
#3139=PRESENTATION_STYLE_ASSIGNMENT((#3313));
#3140=PRESENTATION_STYLE_ASSIGNMENT((#3314));
#3141=PRESENTATION_STYLE_ASSIGNMENT((#3315));
#3142=PRESENTATION_STYLE_ASSIGNMENT((#3316));
#3143=PRESENTATION_STYLE_ASSIGNMENT((#3317));
#3144=PRESENTATION_STYLE_ASSIGNMENT((#3318));
#3145=PRESENTATION_STYLE_ASSIGNMENT((#3319));
#3146=PRESENTATION_STYLE_ASSIGNMENT((#3320));
#3147=PRESENTATION_STYLE_ASSIGNMENT((#3321));
#3148=PRESENTATION_STYLE_ASSIGNMENT((#3322));
#3149=PRESENTATION_STYLE_ASSIGNMENT((#3323));
#3150=PRESENTATION_STYLE_ASSIGNMENT((#3324));
#3151=PRESENTATION_STYLE_ASSIGNMENT((#3325));
#3152=PRESENTATION_STYLE_ASSIGNMENT((#3326));
#3153=PRESENTATION_STYLE_ASSIGNMENT((#3327));
#3154=PRESENTATION_STYLE_ASSIGNMENT((#3328));
#3155=PRESENTATION_STYLE_ASSIGNMENT((#3329));
#3156=PRESENTATION_STYLE_ASSIGNMENT((#3330));
#3157=PRESENTATION_STYLE_ASSIGNMENT((#3331));
#3158=PRESENTATION_STYLE_ASSIGNMENT((#3332));
#3159=PRESENTATION_STYLE_ASSIGNMENT((#3333));
#3160=PRESENTATION_STYLE_ASSIGNMENT((#3334));
#3161=PRESENTATION_STYLE_ASSIGNMENT((#3335));
#3162=PRESENTATION_STYLE_ASSIGNMENT((#3336));
#3163=PRESENTATION_STYLE_ASSIGNMENT((#3337));
#3164=PRESENTATION_STYLE_ASSIGNMENT((#3338));
#3165=PRESENTATION_STYLE_ASSIGNMENT((#3339));
#3166=PRESENTATION_STYLE_ASSIGNMENT((#3340));
#3167=PRESENTATION_STYLE_ASSIGNMENT((#3341));
#3168=PRESENTATION_STYLE_ASSIGNMENT((#3342));
#3169=PRESENTATION_STYLE_ASSIGNMENT((#3343));
#3170=PRESENTATION_STYLE_ASSIGNMENT((#3344));
#3171=PRESENTATION_STYLE_ASSIGNMENT((#3345));
#3172=PRESENTATION_STYLE_ASSIGNMENT((#3346));
#3173=PRESENTATION_STYLE_ASSIGNMENT((#3347));
#3174=PRESENTATION_STYLE_ASSIGNMENT((#3348));
#3175=PRESENTATION_STYLE_ASSIGNMENT((#3349));
#3176=PRESENTATION_STYLE_ASSIGNMENT((#3350));
#3177=PRESENTATION_STYLE_ASSIGNMENT((#3351));
#3178=PRESENTATION_STYLE_ASSIGNMENT((#3352));
#3179=PRESENTATION_STYLE_ASSIGNMENT((#3353));
#3180=PRESENTATION_STYLE_ASSIGNMENT((#3354));
#3181=PRESENTATION_STYLE_ASSIGNMENT((#3355));
#3182=PRESENTATION_STYLE_ASSIGNMENT((#3356));
#3183=PRESENTATION_STYLE_ASSIGNMENT((#3357));
#3184=PRESENTATION_STYLE_ASSIGNMENT((#3358));
#3185=PRESENTATION_STYLE_ASSIGNMENT((#3359));
#3186=PRESENTATION_STYLE_ASSIGNMENT((#3360));
#3187=PRESENTATION_STYLE_ASSIGNMENT((#3361));
#3188=PRESENTATION_STYLE_ASSIGNMENT((#3362));
#3189=PRESENTATION_STYLE_ASSIGNMENT((#3363));
#3190=PRESENTATION_STYLE_ASSIGNMENT((#3364));
#3191=PRESENTATION_STYLE_ASSIGNMENT((#3365));
#3192=PRESENTATION_STYLE_ASSIGNMENT((#3366));
#3193=PRESENTATION_STYLE_ASSIGNMENT((#3367));
#3194=PRESENTATION_STYLE_ASSIGNMENT((#3368));
#3195=PRESENTATION_STYLE_ASSIGNMENT((#3369));
#3196=PRESENTATION_STYLE_ASSIGNMENT((#3370));
#3197=PRESENTATION_STYLE_ASSIGNMENT((#3371));
#3198=PRESENTATION_STYLE_ASSIGNMENT((#3372));
#3199=PRESENTATION_STYLE_ASSIGNMENT((#3373));
#3200=PRESENTATION_STYLE_ASSIGNMENT((#3374));
#3201=PRESENTATION_STYLE_ASSIGNMENT((#3375));
#3202=PRESENTATION_STYLE_ASSIGNMENT((#3376));
#3203=PRESENTATION_STYLE_ASSIGNMENT((#3377));
#3204=PRESENTATION_STYLE_ASSIGNMENT((#3378));
#3205=PRESENTATION_STYLE_ASSIGNMENT((#3379));
#3206=PRESENTATION_STYLE_ASSIGNMENT((#3380));
#3207=PRESENTATION_STYLE_ASSIGNMENT((#3381));
#3208=PRESENTATION_STYLE_ASSIGNMENT((#3382));
#3209=PRESENTATION_STYLE_ASSIGNMENT((#3383));
#3210=PRESENTATION_STYLE_ASSIGNMENT((#3384));
#3211=PRESENTATION_STYLE_ASSIGNMENT((#3385));
#3212=PRESENTATION_STYLE_ASSIGNMENT((#3386));
#3213=PRESENTATION_STYLE_ASSIGNMENT((#3387));
#3214=PRESENTATION_STYLE_ASSIGNMENT((#3388));
#3215=PRESENTATION_STYLE_ASSIGNMENT((#3389));
#3216=PRESENTATION_STYLE_ASSIGNMENT((#3390));
#3217=PRESENTATION_STYLE_ASSIGNMENT((#3391));
#3218=PRESENTATION_STYLE_ASSIGNMENT((#3392));
#3219=PRESENTATION_STYLE_ASSIGNMENT((#3393));
#3220=PRESENTATION_STYLE_ASSIGNMENT((#3394));
#3221=PRESENTATION_STYLE_ASSIGNMENT((#3395));
#3222=PRESENTATION_STYLE_ASSIGNMENT((#3396));
#3223=PRESENTATION_STYLE_ASSIGNMENT((#3397));
#3224=PRESENTATION_STYLE_ASSIGNMENT((#3398));
#3225=PRESENTATION_STYLE_ASSIGNMENT((#3399));
#3226=PRESENTATION_STYLE_ASSIGNMENT((#3400));
#3227=PRESENTATION_STYLE_ASSIGNMENT((#3401));
#3228=PRESENTATION_STYLE_ASSIGNMENT((#3402));
#3229=PRESENTATION_STYLE_ASSIGNMENT((#3403));
#3230=PRESENTATION_STYLE_ASSIGNMENT((#3404));
#3231=PRESENTATION_STYLE_ASSIGNMENT((#3405));
#3232=PRESENTATION_STYLE_ASSIGNMENT((#3406));
#3233=PRESENTATION_STYLE_ASSIGNMENT((#3407));
#3234=PRESENTATION_STYLE_ASSIGNMENT((#3408));
#3235=PRESENTATION_STYLE_ASSIGNMENT((#3409));
#3236=PRESENTATION_STYLE_ASSIGNMENT((#3410));
#3237=PRESENTATION_STYLE_ASSIGNMENT((#3411));
#3238=PRESENTATION_STYLE_ASSIGNMENT((#3412));
#3239=PRESENTATION_STYLE_ASSIGNMENT((#3413));
#3240=PRESENTATION_STYLE_ASSIGNMENT((#3414));
#3241=PRESENTATION_STYLE_ASSIGNMENT((#3415));
#3242=PRESENTATION_STYLE_ASSIGNMENT((#3416));
#3243=PRESENTATION_STYLE_ASSIGNMENT((#3417));
#3244=PRESENTATION_STYLE_ASSIGNMENT((#3418));
#3245=PRESENTATION_STYLE_ASSIGNMENT((#3419));
#3246=PRESENTATION_STYLE_ASSIGNMENT((#3420));
#3247=PRESENTATION_STYLE_ASSIGNMENT((#3421));
#3248=PRESENTATION_STYLE_ASSIGNMENT((#3422));
#3249=PRESENTATION_STYLE_ASSIGNMENT((#3423));
#3250=PRESENTATION_STYLE_ASSIGNMENT((#3424));
#3251=PRESENTATION_STYLE_ASSIGNMENT((#3425));
#3252=PRESENTATION_STYLE_ASSIGNMENT((#3426));
#3253=PRESENTATION_STYLE_ASSIGNMENT((#3427));
#3254=PRESENTATION_STYLE_ASSIGNMENT((#3428));
#3255=PRESENTATION_STYLE_ASSIGNMENT((#3429));
#3256=PRESENTATION_STYLE_ASSIGNMENT((#3430));
#3257=PRESENTATION_STYLE_ASSIGNMENT((#3431));
#3258=PRESENTATION_STYLE_ASSIGNMENT((#3432));
#3259=PRESENTATION_STYLE_ASSIGNMENT((#3433));
#3260=PRESENTATION_STYLE_ASSIGNMENT((#3434));
#3261=PRESENTATION_STYLE_ASSIGNMENT((#3435));
#3262=PRESENTATION_STYLE_ASSIGNMENT((#3436));
#3263=PRESENTATION_STYLE_ASSIGNMENT((#3437));
#3264=PRESENTATION_STYLE_ASSIGNMENT((#3438));
#3265=PRESENTATION_STYLE_ASSIGNMENT((#3439));
#3266=PRESENTATION_STYLE_ASSIGNMENT((#3440));
#3267=PRESENTATION_STYLE_ASSIGNMENT((#3441));
#3268=PRESENTATION_STYLE_ASSIGNMENT((#3442));
#3269=PRESENTATION_STYLE_ASSIGNMENT((#3443));
#3270=PRESENTATION_STYLE_ASSIGNMENT((#3444));
#3271=PRESENTATION_STYLE_ASSIGNMENT((#3445));
#3272=PRESENTATION_STYLE_ASSIGNMENT((#3446));
#3273=PRESENTATION_STYLE_ASSIGNMENT((#3447));
#3274=PRESENTATION_STYLE_ASSIGNMENT((#3448));
#3275=PRESENTATION_STYLE_ASSIGNMENT((#3449));
#3276=PRESENTATION_STYLE_ASSIGNMENT((#3450));
#3277=PRESENTATION_STYLE_ASSIGNMENT((#3451));
#3278=PRESENTATION_STYLE_ASSIGNMENT((#3452));
#3279=PRESENTATION_STYLE_ASSIGNMENT((#3453));
#3280=SURFACE_STYLE_USAGE(.BOTH.,#3454);
#3281=SURFACE_STYLE_USAGE(.BOTH.,#3455);
#3282=SURFACE_STYLE_USAGE(.BOTH.,#3456);
#3283=SURFACE_STYLE_USAGE(.BOTH.,#3457);
#3284=SURFACE_STYLE_USAGE(.BOTH.,#3458);
#3285=SURFACE_STYLE_USAGE(.BOTH.,#3459);
#3286=SURFACE_STYLE_USAGE(.BOTH.,#3460);
#3287=SURFACE_STYLE_USAGE(.BOTH.,#3461);
#3288=SURFACE_STYLE_USAGE(.BOTH.,#3462);
#3289=SURFACE_STYLE_USAGE(.BOTH.,#3463);
#3290=SURFACE_STYLE_USAGE(.BOTH.,#3464);
#3291=SURFACE_STYLE_USAGE(.BOTH.,#3465);
#3292=SURFACE_STYLE_USAGE(.BOTH.,#3466);
#3293=SURFACE_STYLE_USAGE(.BOTH.,#3467);
#3294=SURFACE_STYLE_USAGE(.BOTH.,#3468);
#3295=SURFACE_STYLE_USAGE(.BOTH.,#3469);
#3296=SURFACE_STYLE_USAGE(.BOTH.,#3470);
#3297=SURFACE_STYLE_USAGE(.BOTH.,#3471);
#3298=SURFACE_STYLE_USAGE(.BOTH.,#3472);
#3299=SURFACE_STYLE_USAGE(.BOTH.,#3473);
#3300=SURFACE_STYLE_USAGE(.BOTH.,#3474);
#3301=SURFACE_STYLE_USAGE(.BOTH.,#3475);
#3302=SURFACE_STYLE_USAGE(.BOTH.,#3476);
#3303=SURFACE_STYLE_USAGE(.BOTH.,#3477);
#3304=SURFACE_STYLE_USAGE(.BOTH.,#3478);
#3305=SURFACE_STYLE_USAGE(.BOTH.,#3479);
#3306=SURFACE_STYLE_USAGE(.BOTH.,#3480);
#3307=SURFACE_STYLE_USAGE(.BOTH.,#3481);
#3308=SURFACE_STYLE_USAGE(.BOTH.,#3482);
#3309=SURFACE_STYLE_USAGE(.BOTH.,#3483);
#3310=SURFACE_STYLE_USAGE(.BOTH.,#3484);
#3311=SURFACE_STYLE_USAGE(.BOTH.,#3485);
#3312=SURFACE_STYLE_USAGE(.BOTH.,#3486);
#3313=SURFACE_STYLE_USAGE(.BOTH.,#3487);
#3314=SURFACE_STYLE_USAGE(.BOTH.,#3488);
#3315=SURFACE_STYLE_USAGE(.BOTH.,#3489);
#3316=SURFACE_STYLE_USAGE(.BOTH.,#3490);
#3317=SURFACE_STYLE_USAGE(.BOTH.,#3491);
#3318=SURFACE_STYLE_USAGE(.BOTH.,#3492);
#3319=SURFACE_STYLE_USAGE(.BOTH.,#3493);
#3320=SURFACE_STYLE_USAGE(.BOTH.,#3494);
#3321=SURFACE_STYLE_USAGE(.BOTH.,#3495);
#3322=SURFACE_STYLE_USAGE(.BOTH.,#3496);
#3323=SURFACE_STYLE_USAGE(.BOTH.,#3497);
#3324=SURFACE_STYLE_USAGE(.BOTH.,#3498);
#3325=SURFACE_STYLE_USAGE(.BOTH.,#3499);
#3326=SURFACE_STYLE_USAGE(.BOTH.,#3500);
#3327=SURFACE_STYLE_USAGE(.BOTH.,#3501);
#3328=SURFACE_STYLE_USAGE(.BOTH.,#3502);
#3329=SURFACE_STYLE_USAGE(.BOTH.,#3503);
#3330=SURFACE_STYLE_USAGE(.BOTH.,#3504);
#3331=SURFACE_STYLE_USAGE(.BOTH.,#3505);
#3332=SURFACE_STYLE_USAGE(.BOTH.,#3506);
#3333=SURFACE_STYLE_USAGE(.BOTH.,#3507);
#3334=SURFACE_STYLE_USAGE(.BOTH.,#3508);
#3335=SURFACE_STYLE_USAGE(.BOTH.,#3509);
#3336=SURFACE_STYLE_USAGE(.BOTH.,#3510);
#3337=SURFACE_STYLE_USAGE(.BOTH.,#3511);
#3338=SURFACE_STYLE_USAGE(.BOTH.,#3512);
#3339=SURFACE_STYLE_USAGE(.BOTH.,#3513);
#3340=SURFACE_STYLE_USAGE(.BOTH.,#3514);
#3341=SURFACE_STYLE_USAGE(.BOTH.,#3515);
#3342=SURFACE_STYLE_USAGE(.BOTH.,#3516);
#3343=SURFACE_STYLE_USAGE(.BOTH.,#3517);
#3344=SURFACE_STYLE_USAGE(.BOTH.,#3518);
#3345=SURFACE_STYLE_USAGE(.BOTH.,#3519);
#3346=SURFACE_STYLE_USAGE(.BOTH.,#3520);
#3347=SURFACE_STYLE_USAGE(.BOTH.,#3521);
#3348=SURFACE_STYLE_USAGE(.BOTH.,#3522);
#3349=SURFACE_STYLE_USAGE(.BOTH.,#3523);
#3350=SURFACE_STYLE_USAGE(.BOTH.,#3524);
#3351=SURFACE_STYLE_USAGE(.BOTH.,#3525);
#3352=SURFACE_STYLE_USAGE(.BOTH.,#3526);
#3353=SURFACE_STYLE_USAGE(.BOTH.,#3527);
#3354=SURFACE_STYLE_USAGE(.BOTH.,#3528);
#3355=SURFACE_STYLE_USAGE(.BOTH.,#3529);
#3356=SURFACE_STYLE_USAGE(.BOTH.,#3530);
#3357=SURFACE_STYLE_USAGE(.BOTH.,#3531);
#3358=SURFACE_STYLE_USAGE(.BOTH.,#3532);
#3359=SURFACE_STYLE_USAGE(.BOTH.,#3533);
#3360=SURFACE_STYLE_USAGE(.BOTH.,#3534);
#3361=SURFACE_STYLE_USAGE(.BOTH.,#3535);
#3362=SURFACE_STYLE_USAGE(.BOTH.,#3536);
#3363=SURFACE_STYLE_USAGE(.BOTH.,#3537);
#3364=SURFACE_STYLE_USAGE(.BOTH.,#3538);
#3365=SURFACE_STYLE_USAGE(.BOTH.,#3539);
#3366=SURFACE_STYLE_USAGE(.BOTH.,#3540);
#3367=SURFACE_STYLE_USAGE(.BOTH.,#3541);
#3368=SURFACE_STYLE_USAGE(.BOTH.,#3542);
#3369=SURFACE_STYLE_USAGE(.BOTH.,#3543);
#3370=SURFACE_STYLE_USAGE(.BOTH.,#3544);
#3371=SURFACE_STYLE_USAGE(.BOTH.,#3545);
#3372=SURFACE_STYLE_USAGE(.BOTH.,#3546);
#3373=SURFACE_STYLE_USAGE(.BOTH.,#3547);
#3374=SURFACE_STYLE_USAGE(.BOTH.,#3548);
#3375=SURFACE_STYLE_USAGE(.BOTH.,#3549);
#3376=SURFACE_STYLE_USAGE(.BOTH.,#3550);
#3377=SURFACE_STYLE_USAGE(.BOTH.,#3551);
#3378=SURFACE_STYLE_USAGE(.BOTH.,#3552);
#3379=SURFACE_STYLE_USAGE(.BOTH.,#3553);
#3380=SURFACE_STYLE_USAGE(.BOTH.,#3554);
#3381=SURFACE_STYLE_USAGE(.BOTH.,#3555);
#3382=SURFACE_STYLE_USAGE(.BOTH.,#3556);
#3383=SURFACE_STYLE_USAGE(.BOTH.,#3557);
#3384=SURFACE_STYLE_USAGE(.BOTH.,#3558);
#3385=SURFACE_STYLE_USAGE(.BOTH.,#3559);
#3386=SURFACE_STYLE_USAGE(.BOTH.,#3560);
#3387=SURFACE_STYLE_USAGE(.BOTH.,#3561);
#3388=SURFACE_STYLE_USAGE(.BOTH.,#3562);
#3389=SURFACE_STYLE_USAGE(.BOTH.,#3563);
#3390=SURFACE_STYLE_USAGE(.BOTH.,#3564);
#3391=SURFACE_STYLE_USAGE(.BOTH.,#3565);
#3392=SURFACE_STYLE_USAGE(.BOTH.,#3566);
#3393=SURFACE_STYLE_USAGE(.BOTH.,#3567);
#3394=SURFACE_STYLE_USAGE(.BOTH.,#3568);
#3395=SURFACE_STYLE_USAGE(.BOTH.,#3569);
#3396=SURFACE_STYLE_USAGE(.BOTH.,#3570);
#3397=SURFACE_STYLE_USAGE(.BOTH.,#3571);
#3398=SURFACE_STYLE_USAGE(.BOTH.,#3572);
#3399=SURFACE_STYLE_USAGE(.BOTH.,#3573);
#3400=SURFACE_STYLE_USAGE(.BOTH.,#3574);
#3401=SURFACE_STYLE_USAGE(.BOTH.,#3575);
#3402=SURFACE_STYLE_USAGE(.BOTH.,#3576);
#3403=SURFACE_STYLE_USAGE(.BOTH.,#3577);
#3404=SURFACE_STYLE_USAGE(.BOTH.,#3578);
#3405=SURFACE_STYLE_USAGE(.BOTH.,#3579);
#3406=SURFACE_STYLE_USAGE(.BOTH.,#3580);
#3407=SURFACE_STYLE_USAGE(.BOTH.,#3581);
#3408=SURFACE_STYLE_USAGE(.BOTH.,#3582);
#3409=SURFACE_STYLE_USAGE(.BOTH.,#3583);
#3410=SURFACE_STYLE_USAGE(.BOTH.,#3584);
#3411=SURFACE_STYLE_USAGE(.BOTH.,#3585);
#3412=SURFACE_STYLE_USAGE(.BOTH.,#3586);
#3413=SURFACE_STYLE_USAGE(.BOTH.,#3587);
#3414=SURFACE_STYLE_USAGE(.BOTH.,#3588);
#3415=SURFACE_STYLE_USAGE(.BOTH.,#3589);
#3416=SURFACE_STYLE_USAGE(.BOTH.,#3590);
#3417=SURFACE_STYLE_USAGE(.BOTH.,#3591);
#3418=SURFACE_STYLE_USAGE(.BOTH.,#3592);
#3419=SURFACE_STYLE_USAGE(.BOTH.,#3593);
#3420=SURFACE_STYLE_USAGE(.BOTH.,#3594);
#3421=SURFACE_STYLE_USAGE(.BOTH.,#3595);
#3422=SURFACE_STYLE_USAGE(.BOTH.,#3596);
#3423=SURFACE_STYLE_USAGE(.BOTH.,#3597);
#3424=SURFACE_STYLE_USAGE(.BOTH.,#3598);
#3425=SURFACE_STYLE_USAGE(.BOTH.,#3599);
#3426=SURFACE_STYLE_USAGE(.BOTH.,#3600);
#3427=SURFACE_STYLE_USAGE(.BOTH.,#3601);
#3428=SURFACE_STYLE_USAGE(.BOTH.,#3602);
#3429=SURFACE_STYLE_USAGE(.BOTH.,#3603);
#3430=SURFACE_STYLE_USAGE(.BOTH.,#3604);
#3431=SURFACE_STYLE_USAGE(.BOTH.,#3605);
#3432=SURFACE_STYLE_USAGE(.BOTH.,#3606);
#3433=SURFACE_STYLE_USAGE(.BOTH.,#3607);
#3434=SURFACE_STYLE_USAGE(.BOTH.,#3608);
#3435=SURFACE_STYLE_USAGE(.BOTH.,#3609);
#3436=SURFACE_STYLE_USAGE(.BOTH.,#3610);
#3437=SURFACE_STYLE_USAGE(.BOTH.,#3611);
#3438=SURFACE_STYLE_USAGE(.BOTH.,#3612);
#3439=SURFACE_STYLE_USAGE(.BOTH.,#3613);
#3440=SURFACE_STYLE_USAGE(.BOTH.,#3614);
#3441=SURFACE_STYLE_USAGE(.BOTH.,#3615);
#3442=SURFACE_STYLE_USAGE(.BOTH.,#3616);
#3443=SURFACE_STYLE_USAGE(.BOTH.,#3617);
#3444=SURFACE_STYLE_USAGE(.BOTH.,#3618);
#3445=SURFACE_STYLE_USAGE(.BOTH.,#3619);
#3446=SURFACE_STYLE_USAGE(.BOTH.,#3620);
#3447=SURFACE_STYLE_USAGE(.BOTH.,#3621);
#3448=SURFACE_STYLE_USAGE(.BOTH.,#3622);
#3449=SURFACE_STYLE_USAGE(.BOTH.,#3623);
#3450=SURFACE_STYLE_USAGE(.BOTH.,#3624);
#3451=SURFACE_STYLE_USAGE(.BOTH.,#3625);
#3452=SURFACE_STYLE_USAGE(.BOTH.,#3626);
#3453=SURFACE_STYLE_USAGE(.BOTH.,#3627);
#3454=SURFACE_SIDE_STYLE('',(#3628));
#3455=SURFACE_SIDE_STYLE('',(#3629));
#3456=SURFACE_SIDE_STYLE('',(#3630));
#3457=SURFACE_SIDE_STYLE('',(#3631));
#3458=SURFACE_SIDE_STYLE('',(#3632));
#3459=SURFACE_SIDE_STYLE('',(#3633));
#3460=SURFACE_SIDE_STYLE('',(#3634));
#3461=SURFACE_SIDE_STYLE('',(#3635));
#3462=SURFACE_SIDE_STYLE('',(#3636));
#3463=SURFACE_SIDE_STYLE('',(#3637));
#3464=SURFACE_SIDE_STYLE('',(#3638));
#3465=SURFACE_SIDE_STYLE('',(#3639));
#3466=SURFACE_SIDE_STYLE('',(#3640));
#3467=SURFACE_SIDE_STYLE('',(#3641));
#3468=SURFACE_SIDE_STYLE('',(#3642));
#3469=SURFACE_SIDE_STYLE('',(#3643));
#3470=SURFACE_SIDE_STYLE('',(#3644));
#3471=SURFACE_SIDE_STYLE('',(#3645));
#3472=SURFACE_SIDE_STYLE('',(#3646));
#3473=SURFACE_SIDE_STYLE('',(#3647));
#3474=SURFACE_SIDE_STYLE('',(#3648));
#3475=SURFACE_SIDE_STYLE('',(#3649));
#3476=SURFACE_SIDE_STYLE('',(#3650));
#3477=SURFACE_SIDE_STYLE('',(#3651));
#3478=SURFACE_SIDE_STYLE('',(#3652));
#3479=SURFACE_SIDE_STYLE('',(#3653));
#3480=SURFACE_SIDE_STYLE('',(#3654));
#3481=SURFACE_SIDE_STYLE('',(#3655));
#3482=SURFACE_SIDE_STYLE('',(#3656));
#3483=SURFACE_SIDE_STYLE('',(#3657));
#3484=SURFACE_SIDE_STYLE('',(#3658));
#3485=SURFACE_SIDE_STYLE('',(#3659));
#3486=SURFACE_SIDE_STYLE('',(#3660));
#3487=SURFACE_SIDE_STYLE('',(#3661));
#3488=SURFACE_SIDE_STYLE('',(#3662));
#3489=SURFACE_SIDE_STYLE('',(#3663));
#3490=SURFACE_SIDE_STYLE('',(#3664));
#3491=SURFACE_SIDE_STYLE('',(#3665));
#3492=SURFACE_SIDE_STYLE('',(#3666));
#3493=SURFACE_SIDE_STYLE('',(#3667));
#3494=SURFACE_SIDE_STYLE('',(#3668));
#3495=SURFACE_SIDE_STYLE('',(#3669));
#3496=SURFACE_SIDE_STYLE('',(#3670));
#3497=SURFACE_SIDE_STYLE('',(#3671));
#3498=SURFACE_SIDE_STYLE('',(#3672));
#3499=SURFACE_SIDE_STYLE('',(#3673));
#3500=SURFACE_SIDE_STYLE('',(#3674));
#3501=SURFACE_SIDE_STYLE('',(#3675));
#3502=SURFACE_SIDE_STYLE('',(#3676));
#3503=SURFACE_SIDE_STYLE('',(#3677));
#3504=SURFACE_SIDE_STYLE('',(#3678));
#3505=SURFACE_SIDE_STYLE('',(#3679));
#3506=SURFACE_SIDE_STYLE('',(#3680));
#3507=SURFACE_SIDE_STYLE('',(#3681));
#3508=SURFACE_SIDE_STYLE('',(#3682));
#3509=SURFACE_SIDE_STYLE('',(#3683));
#3510=SURFACE_SIDE_STYLE('',(#3684));
#3511=SURFACE_SIDE_STYLE('',(#3685));
#3512=SURFACE_SIDE_STYLE('',(#3686));
#3513=SURFACE_SIDE_STYLE('',(#3687));
#3514=SURFACE_SIDE_STYLE('',(#3688));
#3515=SURFACE_SIDE_STYLE('',(#3689));
#3516=SURFACE_SIDE_STYLE('',(#3690));
#3517=SURFACE_SIDE_STYLE('',(#3691));
#3518=SURFACE_SIDE_STYLE('',(#3692));
#3519=SURFACE_SIDE_STYLE('',(#3693));
#3520=SURFACE_SIDE_STYLE('',(#3694));
#3521=SURFACE_SIDE_STYLE('',(#3695));
#3522=SURFACE_SIDE_STYLE('',(#3696));
#3523=SURFACE_SIDE_STYLE('',(#3697));
#3524=SURFACE_SIDE_STYLE('',(#3698));
#3525=SURFACE_SIDE_STYLE('',(#3699));
#3526=SURFACE_SIDE_STYLE('',(#3700));
#3527=SURFACE_SIDE_STYLE('',(#3701));
#3528=SURFACE_SIDE_STYLE('',(#3702));
#3529=SURFACE_SIDE_STYLE('',(#3703));
#3530=SURFACE_SIDE_STYLE('',(#3704));
#3531=SURFACE_SIDE_STYLE('',(#3705));
#3532=SURFACE_SIDE_STYLE('',(#3706));
#3533=SURFACE_SIDE_STYLE('',(#3707));
#3534=SURFACE_SIDE_STYLE('',(#3708));
#3535=SURFACE_SIDE_STYLE('',(#3709));
#3536=SURFACE_SIDE_STYLE('',(#3710));
#3537=SURFACE_SIDE_STYLE('',(#3711));
#3538=SURFACE_SIDE_STYLE('',(#3712));
#3539=SURFACE_SIDE_STYLE('',(#3713));
#3540=SURFACE_SIDE_STYLE('',(#3714));
#3541=SURFACE_SIDE_STYLE('',(#3715));
#3542=SURFACE_SIDE_STYLE('',(#3716));
#3543=SURFACE_SIDE_STYLE('',(#3717));
#3544=SURFACE_SIDE_STYLE('',(#3718));
#3545=SURFACE_SIDE_STYLE('',(#3719));
#3546=SURFACE_SIDE_STYLE('',(#3720));
#3547=SURFACE_SIDE_STYLE('',(#3721));
#3548=SURFACE_SIDE_STYLE('',(#3722));
#3549=SURFACE_SIDE_STYLE('',(#3723));
#3550=SURFACE_SIDE_STYLE('',(#3724));
#3551=SURFACE_SIDE_STYLE('',(#3725));
#3552=SURFACE_SIDE_STYLE('',(#3726));
#3553=SURFACE_SIDE_STYLE('',(#3727));
#3554=SURFACE_SIDE_STYLE('',(#3728));
#3555=SURFACE_SIDE_STYLE('',(#3729));
#3556=SURFACE_SIDE_STYLE('',(#3730));
#3557=SURFACE_SIDE_STYLE('',(#3731));
#3558=SURFACE_SIDE_STYLE('',(#3732));
#3559=SURFACE_SIDE_STYLE('',(#3733));
#3560=SURFACE_SIDE_STYLE('',(#3734));
#3561=SURFACE_SIDE_STYLE('',(#3735));
#3562=SURFACE_SIDE_STYLE('',(#3736));
#3563=SURFACE_SIDE_STYLE('',(#3737));
#3564=SURFACE_SIDE_STYLE('',(#3738));
#3565=SURFACE_SIDE_STYLE('',(#3739));
#3566=SURFACE_SIDE_STYLE('',(#3740));
#3567=SURFACE_SIDE_STYLE('',(#3741));
#3568=SURFACE_SIDE_STYLE('',(#3742));
#3569=SURFACE_SIDE_STYLE('',(#3743));
#3570=SURFACE_SIDE_STYLE('',(#3744));
#3571=SURFACE_SIDE_STYLE('',(#3745));
#3572=SURFACE_SIDE_STYLE('',(#3746));
#3573=SURFACE_SIDE_STYLE('',(#3747));
#3574=SURFACE_SIDE_STYLE('',(#3748));
#3575=SURFACE_SIDE_STYLE('',(#3749));
#3576=SURFACE_SIDE_STYLE('',(#3750));
#3577=SURFACE_SIDE_STYLE('',(#3751));
#3578=SURFACE_SIDE_STYLE('',(#3752));
#3579=SURFACE_SIDE_STYLE('',(#3753));
#3580=SURFACE_SIDE_STYLE('',(#3754));
#3581=SURFACE_SIDE_STYLE('',(#3755));
#3582=SURFACE_SIDE_STYLE('',(#3756));
#3583=SURFACE_SIDE_STYLE('',(#3757));
#3584=SURFACE_SIDE_STYLE('',(#3758));
#3585=SURFACE_SIDE_STYLE('',(#3759));
#3586=SURFACE_SIDE_STYLE('',(#3760));
#3587=SURFACE_SIDE_STYLE('',(#3761));
#3588=SURFACE_SIDE_STYLE('',(#3762));
#3589=SURFACE_SIDE_STYLE('',(#3763));
#3590=SURFACE_SIDE_STYLE('',(#3764));
#3591=SURFACE_SIDE_STYLE('',(#3765));
#3592=SURFACE_SIDE_STYLE('',(#3766));
#3593=SURFACE_SIDE_STYLE('',(#3767));
#3594=SURFACE_SIDE_STYLE('',(#3768));
#3595=SURFACE_SIDE_STYLE('',(#3769));
#3596=SURFACE_SIDE_STYLE('',(#3770));
#3597=SURFACE_SIDE_STYLE('',(#3771));
#3598=SURFACE_SIDE_STYLE('',(#3772));
#3599=SURFACE_SIDE_STYLE('',(#3773));
#3600=SURFACE_SIDE_STYLE('',(#3774));
#3601=SURFACE_SIDE_STYLE('',(#3775));
#3602=SURFACE_SIDE_STYLE('',(#3776));
#3603=SURFACE_SIDE_STYLE('',(#3777));
#3604=SURFACE_SIDE_STYLE('',(#3778));
#3605=SURFACE_SIDE_STYLE('',(#3779));
#3606=SURFACE_SIDE_STYLE('',(#3780));
#3607=SURFACE_SIDE_STYLE('',(#3781));
#3608=SURFACE_SIDE_STYLE('',(#3782));
#3609=SURFACE_SIDE_STYLE('',(#3783));
#3610=SURFACE_SIDE_STYLE('',(#3784));
#3611=SURFACE_SIDE_STYLE('',(#3785));
#3612=SURFACE_SIDE_STYLE('',(#3786));
#3613=SURFACE_SIDE_STYLE('',(#3787));
#3614=SURFACE_SIDE_STYLE('',(#3788));
#3615=SURFACE_SIDE_STYLE('',(#3789));
#3616=SURFACE_SIDE_STYLE('',(#3790));
#3617=SURFACE_SIDE_STYLE('',(#3791));
#3618=SURFACE_SIDE_STYLE('',(#3792));
#3619=SURFACE_SIDE_STYLE('',(#3793));
#3620=SURFACE_SIDE_STYLE('',(#3794));
#3621=SURFACE_SIDE_STYLE('',(#3795));
#3622=SURFACE_SIDE_STYLE('',(#3796));
#3623=SURFACE_SIDE_STYLE('',(#3797));
#3624=SURFACE_SIDE_STYLE('',(#3798));
#3625=SURFACE_SIDE_STYLE('',(#3799));
#3626=SURFACE_SIDE_STYLE('',(#3800));
#3627=SURFACE_SIDE_STYLE('',(#3801));
#3628=SURFACE_STYLE_FILL_AREA(#3802);
#3629=SURFACE_STYLE_FILL_AREA(#3803);
#3630=SURFACE_STYLE_FILL_AREA(#3804);
#3631=SURFACE_STYLE_FILL_AREA(#3805);
#3632=SURFACE_STYLE_FILL_AREA(#3806);
#3633=SURFACE_STYLE_FILL_AREA(#3807);
#3634=SURFACE_STYLE_FILL_AREA(#3808);
#3635=SURFACE_STYLE_FILL_AREA(#3809);
#3636=SURFACE_STYLE_FILL_AREA(#3810);
#3637=SURFACE_STYLE_FILL_AREA(#3811);
#3638=SURFACE_STYLE_FILL_AREA(#3812);
#3639=SURFACE_STYLE_FILL_AREA(#3813);
#3640=SURFACE_STYLE_FILL_AREA(#3814);
#3641=SURFACE_STYLE_FILL_AREA(#3815);
#3642=SURFACE_STYLE_FILL_AREA(#3816);
#3643=SURFACE_STYLE_FILL_AREA(#3817);
#3644=SURFACE_STYLE_FILL_AREA(#3818);
#3645=SURFACE_STYLE_FILL_AREA(#3819);
#3646=SURFACE_STYLE_FILL_AREA(#3820);
#3647=SURFACE_STYLE_FILL_AREA(#3821);
#3648=SURFACE_STYLE_FILL_AREA(#3822);
#3649=SURFACE_STYLE_FILL_AREA(#3823);
#3650=SURFACE_STYLE_FILL_AREA(#3824);
#3651=SURFACE_STYLE_FILL_AREA(#3825);
#3652=SURFACE_STYLE_FILL_AREA(#3826);
#3653=SURFACE_STYLE_FILL_AREA(#3827);
#3654=SURFACE_STYLE_FILL_AREA(#3828);
#3655=SURFACE_STYLE_FILL_AREA(#3829);
#3656=SURFACE_STYLE_FILL_AREA(#3830);
#3657=SURFACE_STYLE_FILL_AREA(#3831);
#3658=SURFACE_STYLE_FILL_AREA(#3832);
#3659=SURFACE_STYLE_FILL_AREA(#3833);
#3660=SURFACE_STYLE_FILL_AREA(#3834);
#3661=SURFACE_STYLE_FILL_AREA(#3835);
#3662=SURFACE_STYLE_FILL_AREA(#3836);
#3663=SURFACE_STYLE_FILL_AREA(#3837);
#3664=SURFACE_STYLE_FILL_AREA(#3838);
#3665=SURFACE_STYLE_FILL_AREA(#3839);
#3666=SURFACE_STYLE_FILL_AREA(#3840);
#3667=SURFACE_STYLE_FILL_AREA(#3841);
#3668=SURFACE_STYLE_FILL_AREA(#3842);
#3669=SURFACE_STYLE_FILL_AREA(#3843);
#3670=SURFACE_STYLE_FILL_AREA(#3844);
#3671=SURFACE_STYLE_FILL_AREA(#3845);
#3672=SURFACE_STYLE_FILL_AREA(#3846);
#3673=SURFACE_STYLE_FILL_AREA(#3847);
#3674=SURFACE_STYLE_FILL_AREA(#3848);
#3675=SURFACE_STYLE_FILL_AREA(#3849);
#3676=SURFACE_STYLE_FILL_AREA(#3850);
#3677=SURFACE_STYLE_FILL_AREA(#3851);
#3678=SURFACE_STYLE_FILL_AREA(#3852);
#3679=SURFACE_STYLE_FILL_AREA(#3853);
#3680=SURFACE_STYLE_FILL_AREA(#3854);
#3681=SURFACE_STYLE_FILL_AREA(#3855);
#3682=SURFACE_STYLE_FILL_AREA(#3856);
#3683=SURFACE_STYLE_FILL_AREA(#3857);
#3684=SURFACE_STYLE_FILL_AREA(#3858);
#3685=SURFACE_STYLE_FILL_AREA(#3859);
#3686=SURFACE_STYLE_FILL_AREA(#3860);
#3687=SURFACE_STYLE_FILL_AREA(#3861);
#3688=SURFACE_STYLE_FILL_AREA(#3862);
#3689=SURFACE_STYLE_FILL_AREA(#3863);
#3690=SURFACE_STYLE_FILL_AREA(#3864);
#3691=SURFACE_STYLE_FILL_AREA(#3865);
#3692=SURFACE_STYLE_FILL_AREA(#3866);
#3693=SURFACE_STYLE_FILL_AREA(#3867);
#3694=SURFACE_STYLE_FILL_AREA(#3868);
#3695=SURFACE_STYLE_FILL_AREA(#3869);
#3696=SURFACE_STYLE_FILL_AREA(#3870);
#3697=SURFACE_STYLE_FILL_AREA(#3871);
#3698=SURFACE_STYLE_FILL_AREA(#3872);
#3699=SURFACE_STYLE_FILL_AREA(#3873);
#3700=SURFACE_STYLE_FILL_AREA(#3874);
#3701=SURFACE_STYLE_FILL_AREA(#3875);
#3702=SURFACE_STYLE_FILL_AREA(#3876);
#3703=SURFACE_STYLE_FILL_AREA(#3877);
#3704=SURFACE_STYLE_FILL_AREA(#3878);
#3705=SURFACE_STYLE_FILL_AREA(#3879);
#3706=SURFACE_STYLE_FILL_AREA(#3880);
#3707=SURFACE_STYLE_FILL_AREA(#3881);
#3708=SURFACE_STYLE_FILL_AREA(#3882);
#3709=SURFACE_STYLE_FILL_AREA(#3883);
#3710=SURFACE_STYLE_FILL_AREA(#3884);
#3711=SURFACE_STYLE_FILL_AREA(#3885);
#3712=SURFACE_STYLE_FILL_AREA(#3886);
#3713=SURFACE_STYLE_FILL_AREA(#3887);
#3714=SURFACE_STYLE_FILL_AREA(#3888);
#3715=SURFACE_STYLE_FILL_AREA(#3889);
#3716=SURFACE_STYLE_FILL_AREA(#3890);
#3717=SURFACE_STYLE_FILL_AREA(#3891);
#3718=SURFACE_STYLE_FILL_AREA(#3892);
#3719=SURFACE_STYLE_FILL_AREA(#3893);
#3720=SURFACE_STYLE_FILL_AREA(#3894);
#3721=SURFACE_STYLE_FILL_AREA(#3895);
#3722=SURFACE_STYLE_FILL_AREA(#3896);
#3723=SURFACE_STYLE_FILL_AREA(#3897);
#3724=SURFACE_STYLE_FILL_AREA(#3898);
#3725=SURFACE_STYLE_FILL_AREA(#3899);
#3726=SURFACE_STYLE_FILL_AREA(#3900);
#3727=SURFACE_STYLE_FILL_AREA(#3901);
#3728=SURFACE_STYLE_FILL_AREA(#3902);
#3729=SURFACE_STYLE_FILL_AREA(#3903);
#3730=SURFACE_STYLE_FILL_AREA(#3904);
#3731=SURFACE_STYLE_FILL_AREA(#3905);
#3732=SURFACE_STYLE_FILL_AREA(#3906);
#3733=SURFACE_STYLE_FILL_AREA(#3907);
#3734=SURFACE_STYLE_FILL_AREA(#3908);
#3735=SURFACE_STYLE_FILL_AREA(#3909);
#3736=SURFACE_STYLE_FILL_AREA(#3910);
#3737=SURFACE_STYLE_FILL_AREA(#3911);
#3738=SURFACE_STYLE_FILL_AREA(#3912);
#3739=SURFACE_STYLE_FILL_AREA(#3913);
#3740=SURFACE_STYLE_FILL_AREA(#3914);
#3741=SURFACE_STYLE_FILL_AREA(#3915);
#3742=SURFACE_STYLE_FILL_AREA(#3916);
#3743=SURFACE_STYLE_FILL_AREA(#3917);
#3744=SURFACE_STYLE_FILL_AREA(#3918);
#3745=SURFACE_STYLE_FILL_AREA(#3919);
#3746=SURFACE_STYLE_FILL_AREA(#3920);
#3747=SURFACE_STYLE_FILL_AREA(#3921);
#3748=SURFACE_STYLE_FILL_AREA(#3922);
#3749=SURFACE_STYLE_FILL_AREA(#3923);
#3750=SURFACE_STYLE_FILL_AREA(#3924);
#3751=SURFACE_STYLE_FILL_AREA(#3925);
#3752=SURFACE_STYLE_FILL_AREA(#3926);
#3753=SURFACE_STYLE_FILL_AREA(#3927);
#3754=SURFACE_STYLE_FILL_AREA(#3928);
#3755=SURFACE_STYLE_FILL_AREA(#3929);
#3756=SURFACE_STYLE_FILL_AREA(#3930);
#3757=SURFACE_STYLE_FILL_AREA(#3931);
#3758=SURFACE_STYLE_FILL_AREA(#3932);
#3759=SURFACE_STYLE_FILL_AREA(#3933);
#3760=SURFACE_STYLE_FILL_AREA(#3934);
#3761=SURFACE_STYLE_FILL_AREA(#3935);
#3762=SURFACE_STYLE_FILL_AREA(#3936);
#3763=SURFACE_STYLE_FILL_AREA(#3937);
#3764=SURFACE_STYLE_FILL_AREA(#3938);
#3765=SURFACE_STYLE_FILL_AREA(#3939);
#3766=SURFACE_STYLE_FILL_AREA(#3940);
#3767=SURFACE_STYLE_FILL_AREA(#3941);
#3768=SURFACE_STYLE_FILL_AREA(#3942);
#3769=SURFACE_STYLE_FILL_AREA(#3943);
#3770=SURFACE_STYLE_FILL_AREA(#3944);
#3771=SURFACE_STYLE_FILL_AREA(#3945);
#3772=SURFACE_STYLE_FILL_AREA(#3946);
#3773=SURFACE_STYLE_FILL_AREA(#3947);
#3774=SURFACE_STYLE_FILL_AREA(#3948);
#3775=SURFACE_STYLE_FILL_AREA(#3949);
#3776=SURFACE_STYLE_FILL_AREA(#3950);
#3777=SURFACE_STYLE_FILL_AREA(#3951);
#3778=SURFACE_STYLE_FILL_AREA(#3952);
#3779=SURFACE_STYLE_FILL_AREA(#3953);
#3780=SURFACE_STYLE_FILL_AREA(#3954);
#3781=SURFACE_STYLE_FILL_AREA(#3955);
#3782=SURFACE_STYLE_FILL_AREA(#3956);
#3783=SURFACE_STYLE_FILL_AREA(#3957);
#3784=SURFACE_STYLE_FILL_AREA(#3958);
#3785=SURFACE_STYLE_FILL_AREA(#3959);
#3786=SURFACE_STYLE_FILL_AREA(#3960);
#3787=SURFACE_STYLE_FILL_AREA(#3961);
#3788=SURFACE_STYLE_FILL_AREA(#3962);
#3789=SURFACE_STYLE_FILL_AREA(#3963);
#3790=SURFACE_STYLE_FILL_AREA(#3964);
#3791=SURFACE_STYLE_FILL_AREA(#3965);
#3792=SURFACE_STYLE_FILL_AREA(#3966);
#3793=SURFACE_STYLE_FILL_AREA(#3967);
#3794=SURFACE_STYLE_FILL_AREA(#3968);
#3795=SURFACE_STYLE_FILL_AREA(#3969);
#3796=SURFACE_STYLE_FILL_AREA(#3970);
#3797=SURFACE_STYLE_FILL_AREA(#3971);
#3798=SURFACE_STYLE_FILL_AREA(#3972);
#3799=SURFACE_STYLE_FILL_AREA(#3973);
#3800=SURFACE_STYLE_FILL_AREA(#3974);
#3801=SURFACE_STYLE_FILL_AREA(#3975);
#3802=FILL_AREA_STYLE('',(#3976));
#3803=FILL_AREA_STYLE('',(#3977));
#3804=FILL_AREA_STYLE('',(#3978));
#3805=FILL_AREA_STYLE('',(#3979));
#3806=FILL_AREA_STYLE('',(#3980));
#3807=FILL_AREA_STYLE('',(#3981));
#3808=FILL_AREA_STYLE('',(#3982));
#3809=FILL_AREA_STYLE('',(#3983));
#3810=FILL_AREA_STYLE('',(#3984));
#3811=FILL_AREA_STYLE('',(#3985));
#3812=FILL_AREA_STYLE('',(#3986));
#3813=FILL_AREA_STYLE('',(#3987));
#3814=FILL_AREA_STYLE('',(#3988));
#3815=FILL_AREA_STYLE('',(#3989));
#3816=FILL_AREA_STYLE('',(#3990));
#3817=FILL_AREA_STYLE('',(#3991));
#3818=FILL_AREA_STYLE('',(#3992));
#3819=FILL_AREA_STYLE('',(#3993));
#3820=FILL_AREA_STYLE('',(#3994));
#3821=FILL_AREA_STYLE('',(#3995));
#3822=FILL_AREA_STYLE('',(#3996));
#3823=FILL_AREA_STYLE('',(#3997));
#3824=FILL_AREA_STYLE('',(#3998));
#3825=FILL_AREA_STYLE('',(#3999));
#3826=FILL_AREA_STYLE('',(#4000));
#3827=FILL_AREA_STYLE('',(#4001));
#3828=FILL_AREA_STYLE('',(#4002));
#3829=FILL_AREA_STYLE('',(#4003));
#3830=FILL_AREA_STYLE('',(#4004));
#3831=FILL_AREA_STYLE('',(#4005));
#3832=FILL_AREA_STYLE('',(#4006));
#3833=FILL_AREA_STYLE('',(#4007));
#3834=FILL_AREA_STYLE('',(#4008));
#3835=FILL_AREA_STYLE('',(#4009));
#3836=FILL_AREA_STYLE('',(#4010));
#3837=FILL_AREA_STYLE('',(#4011));
#3838=FILL_AREA_STYLE('',(#4012));
#3839=FILL_AREA_STYLE('',(#4013));
#3840=FILL_AREA_STYLE('',(#4014));
#3841=FILL_AREA_STYLE('',(#4015));
#3842=FILL_AREA_STYLE('',(#4016));
#3843=FILL_AREA_STYLE('',(#4017));
#3844=FILL_AREA_STYLE('',(#4018));
#3845=FILL_AREA_STYLE('',(#4019));
#3846=FILL_AREA_STYLE('',(#4020));
#3847=FILL_AREA_STYLE('',(#4021));
#3848=FILL_AREA_STYLE('',(#4022));
#3849=FILL_AREA_STYLE('',(#4023));
#3850=FILL_AREA_STYLE('',(#4024));
#3851=FILL_AREA_STYLE('',(#4025));
#3852=FILL_AREA_STYLE('',(#4026));
#3853=FILL_AREA_STYLE('',(#4027));
#3854=FILL_AREA_STYLE('',(#4028));
#3855=FILL_AREA_STYLE('',(#4029));
#3856=FILL_AREA_STYLE('',(#4030));
#3857=FILL_AREA_STYLE('',(#4031));
#3858=FILL_AREA_STYLE('',(#4032));
#3859=FILL_AREA_STYLE('',(#4033));
#3860=FILL_AREA_STYLE('',(#4034));
#3861=FILL_AREA_STYLE('',(#4035));
#3862=FILL_AREA_STYLE('',(#4036));
#3863=FILL_AREA_STYLE('',(#4037));
#3864=FILL_AREA_STYLE('',(#4038));
#3865=FILL_AREA_STYLE('',(#4039));
#3866=FILL_AREA_STYLE('',(#4040));
#3867=FILL_AREA_STYLE('',(#4041));
#3868=FILL_AREA_STYLE('',(#4042));
#3869=FILL_AREA_STYLE('',(#4043));
#3870=FILL_AREA_STYLE('',(#4044));
#3871=FILL_AREA_STYLE('',(#4045));
#3872=FILL_AREA_STYLE('',(#4046));
#3873=FILL_AREA_STYLE('',(#4047));
#3874=FILL_AREA_STYLE('',(#4048));
#3875=FILL_AREA_STYLE('',(#4049));
#3876=FILL_AREA_STYLE('',(#4050));
#3877=FILL_AREA_STYLE('',(#4051));
#3878=FILL_AREA_STYLE('',(#4052));
#3879=FILL_AREA_STYLE('',(#4053));
#3880=FILL_AREA_STYLE('',(#4054));
#3881=FILL_AREA_STYLE('',(#4055));
#3882=FILL_AREA_STYLE('',(#4056));
#3883=FILL_AREA_STYLE('',(#4057));
#3884=FILL_AREA_STYLE('',(#4058));
#3885=FILL_AREA_STYLE('',(#4059));
#3886=FILL_AREA_STYLE('',(#4060));
#3887=FILL_AREA_STYLE('',(#4061));
#3888=FILL_AREA_STYLE('',(#4062));
#3889=FILL_AREA_STYLE('',(#4063));
#3890=FILL_AREA_STYLE('',(#4064));
#3891=FILL_AREA_STYLE('',(#4065));
#3892=FILL_AREA_STYLE('',(#4066));
#3893=FILL_AREA_STYLE('',(#4067));
#3894=FILL_AREA_STYLE('',(#4068));
#3895=FILL_AREA_STYLE('',(#4069));
#3896=FILL_AREA_STYLE('',(#4070));
#3897=FILL_AREA_STYLE('',(#4071));
#3898=FILL_AREA_STYLE('',(#4072));
#3899=FILL_AREA_STYLE('',(#4073));
#3900=FILL_AREA_STYLE('',(#4074));
#3901=FILL_AREA_STYLE('',(#4075));
#3902=FILL_AREA_STYLE('',(#4076));
#3903=FILL_AREA_STYLE('',(#4077));
#3904=FILL_AREA_STYLE('',(#4078));
#3905=FILL_AREA_STYLE('',(#4079));
#3906=FILL_AREA_STYLE('',(#4080));
#3907=FILL_AREA_STYLE('',(#4081));
#3908=FILL_AREA_STYLE('',(#4082));
#3909=FILL_AREA_STYLE('',(#4083));
#3910=FILL_AREA_STYLE('',(#4084));
#3911=FILL_AREA_STYLE('',(#4085));
#3912=FILL_AREA_STYLE('',(#4086));
#3913=FILL_AREA_STYLE('',(#4087));
#3914=FILL_AREA_STYLE('',(#4088));
#3915=FILL_AREA_STYLE('',(#4089));
#3916=FILL_AREA_STYLE('',(#4090));
#3917=FILL_AREA_STYLE('',(#4091));
#3918=FILL_AREA_STYLE('',(#4092));
#3919=FILL_AREA_STYLE('',(#4093));
#3920=FILL_AREA_STYLE('',(#4094));
#3921=FILL_AREA_STYLE('',(#4095));
#3922=FILL_AREA_STYLE('',(#4096));
#3923=FILL_AREA_STYLE('',(#4097));
#3924=FILL_AREA_STYLE('',(#4098));
#3925=FILL_AREA_STYLE('',(#4099));
#3926=FILL_AREA_STYLE('',(#4100));
#3927=FILL_AREA_STYLE('',(#4101));
#3928=FILL_AREA_STYLE('',(#4102));
#3929=FILL_AREA_STYLE('',(#4103));
#3930=FILL_AREA_STYLE('',(#4104));
#3931=FILL_AREA_STYLE('',(#4105));
#3932=FILL_AREA_STYLE('',(#4106));
#3933=FILL_AREA_STYLE('',(#4107));
#3934=FILL_AREA_STYLE('',(#4108));
#3935=FILL_AREA_STYLE('',(#4109));
#3936=FILL_AREA_STYLE('',(#4110));
#3937=FILL_AREA_STYLE('',(#4111));
#3938=FILL_AREA_STYLE('',(#4112));
#3939=FILL_AREA_STYLE('',(#4113));
#3940=FILL_AREA_STYLE('',(#4114));
#3941=FILL_AREA_STYLE('',(#4115));
#3942=FILL_AREA_STYLE('',(#4116));
#3943=FILL_AREA_STYLE('',(#4117));
#3944=FILL_AREA_STYLE('',(#4118));
#3945=FILL_AREA_STYLE('',(#4119));
#3946=FILL_AREA_STYLE('',(#4120));
#3947=FILL_AREA_STYLE('',(#4121));
#3948=FILL_AREA_STYLE('',(#4122));
#3949=FILL_AREA_STYLE('',(#4123));
#3950=FILL_AREA_STYLE('',(#4124));
#3951=FILL_AREA_STYLE('',(#4125));
#3952=FILL_AREA_STYLE('',(#4126));
#3953=FILL_AREA_STYLE('',(#4127));
#3954=FILL_AREA_STYLE('',(#4128));
#3955=FILL_AREA_STYLE('',(#4129));
#3956=FILL_AREA_STYLE('',(#4130));
#3957=FILL_AREA_STYLE('',(#4131));
#3958=FILL_AREA_STYLE('',(#4132));
#3959=FILL_AREA_STYLE('',(#4133));
#3960=FILL_AREA_STYLE('',(#4134));
#3961=FILL_AREA_STYLE('',(#4135));
#3962=FILL_AREA_STYLE('',(#4136));
#3963=FILL_AREA_STYLE('',(#4137));
#3964=FILL_AREA_STYLE('',(#4138));
#3965=FILL_AREA_STYLE('',(#4139));
#3966=FILL_AREA_STYLE('',(#4140));
#3967=FILL_AREA_STYLE('',(#4141));
#3968=FILL_AREA_STYLE('',(#4142));
#3969=FILL_AREA_STYLE('',(#4143));
#3970=FILL_AREA_STYLE('',(#4144));
#3971=FILL_AREA_STYLE('',(#4145));
#3972=FILL_AREA_STYLE('',(#4146));
#3973=FILL_AREA_STYLE('',(#4147));
#3974=FILL_AREA_STYLE('',(#4148));
#3975=FILL_AREA_STYLE('',(#4149));
#3976=FILL_AREA_STYLE_COLOUR('',#4150);
#3977=FILL_AREA_STYLE_COLOUR('',#4151);
#3978=FILL_AREA_STYLE_COLOUR('',#4151);
#3979=FILL_AREA_STYLE_COLOUR('',#4151);
#3980=FILL_AREA_STYLE_COLOUR('',#4151);
#3981=FILL_AREA_STYLE_COLOUR('',#4151);
#3982=FILL_AREA_STYLE_COLOUR('',#4151);
#3983=FILL_AREA_STYLE_COLOUR('',#4151);
#3984=FILL_AREA_STYLE_COLOUR('',#4151);
#3985=FILL_AREA_STYLE_COLOUR('',#4151);
#3986=FILL_AREA_STYLE_COLOUR('',#4151);
#3987=FILL_AREA_STYLE_COLOUR('',#4151);
#3988=FILL_AREA_STYLE_COLOUR('',#4151);
#3989=FILL_AREA_STYLE_COLOUR('',#4151);
#3990=FILL_AREA_STYLE_COLOUR('',#4151);
#3991=FILL_AREA_STYLE_COLOUR('',#4151);
#3992=FILL_AREA_STYLE_COLOUR('',#4151);
#3993=FILL_AREA_STYLE_COLOUR('',#4151);
#3994=FILL_AREA_STYLE_COLOUR('',#4151);
#3995=FILL_AREA_STYLE_COLOUR('',#4151);
#3996=FILL_AREA_STYLE_COLOUR('',#4151);
#3997=FILL_AREA_STYLE_COLOUR('',#4151);
#3998=FILL_AREA_STYLE_COLOUR('',#4151);
#3999=FILL_AREA_STYLE_COLOUR('',#4151);
#4000=FILL_AREA_STYLE_COLOUR('',#4151);
#4001=FILL_AREA_STYLE_COLOUR('',#4151);
#4002=FILL_AREA_STYLE_COLOUR('',#4151);
#4003=FILL_AREA_STYLE_COLOUR('',#4151);
#4004=FILL_AREA_STYLE_COLOUR('',#4151);
#4005=FILL_AREA_STYLE_COLOUR('',#4151);
#4006=FILL_AREA_STYLE_COLOUR('',#4151);
#4007=FILL_AREA_STYLE_COLOUR('',#4151);
#4008=FILL_AREA_STYLE_COLOUR('',#4151);
#4009=FILL_AREA_STYLE_COLOUR('',#4151);
#4010=FILL_AREA_STYLE_COLOUR('',#4151);
#4011=FILL_AREA_STYLE_COLOUR('',#4151);
#4012=FILL_AREA_STYLE_COLOUR('',#4151);
#4013=FILL_AREA_STYLE_COLOUR('',#4151);
#4014=FILL_AREA_STYLE_COLOUR('',#4151);
#4015=FILL_AREA_STYLE_COLOUR('',#4151);
#4016=FILL_AREA_STYLE_COLOUR('',#4151);
#4017=FILL_AREA_STYLE_COLOUR('',#4151);
#4018=FILL_AREA_STYLE_COLOUR('',#4151);
#4019=FILL_AREA_STYLE_COLOUR('',#4151);
#4020=FILL_AREA_STYLE_COLOUR('',#4151);
#4021=FILL_AREA_STYLE_COLOUR('',#4151);
#4022=FILL_AREA_STYLE_COLOUR('',#4151);
#4023=FILL_AREA_STYLE_COLOUR('',#4151);
#4024=FILL_AREA_STYLE_COLOUR('',#4151);
#4025=FILL_AREA_STYLE_COLOUR('',#4151);
#4026=FILL_AREA_STYLE_COLOUR('',#4151);
#4027=FILL_AREA_STYLE_COLOUR('',#4151);
#4028=FILL_AREA_STYLE_COLOUR('',#4151);
#4029=FILL_AREA_STYLE_COLOUR('',#4151);
#4030=FILL_AREA_STYLE_COLOUR('',#4151);
#4031=FILL_AREA_STYLE_COLOUR('',#4151);
#4032=FILL_AREA_STYLE_COLOUR('',#4151);
#4033=FILL_AREA_STYLE_COLOUR('',#4151);
#4034=FILL_AREA_STYLE_COLOUR('',#4151);
#4035=FILL_AREA_STYLE_COLOUR('',#4151);
#4036=FILL_AREA_STYLE_COLOUR('',#4151);
#4037=FILL_AREA_STYLE_COLOUR('',#4151);
#4038=FILL_AREA_STYLE_COLOUR('',#4151);
#4039=FILL_AREA_STYLE_COLOUR('',#4151);
#4040=FILL_AREA_STYLE_COLOUR('',#4151);
#4041=FILL_AREA_STYLE_COLOUR('',#4151);
#4042=FILL_AREA_STYLE_COLOUR('',#4151);
#4043=FILL_AREA_STYLE_COLOUR('',#4151);
#4044=FILL_AREA_STYLE_COLOUR('',#4151);
#4045=FILL_AREA_STYLE_COLOUR('',#4151);
#4046=FILL_AREA_STYLE_COLOUR('',#4151);
#4047=FILL_AREA_STYLE_COLOUR('',#4151);
#4048=FILL_AREA_STYLE_COLOUR('',#4151);
#4049=FILL_AREA_STYLE_COLOUR('',#4151);
#4050=FILL_AREA_STYLE_COLOUR('',#4151);
#4051=FILL_AREA_STYLE_COLOUR('',#4151);
#4052=FILL_AREA_STYLE_COLOUR('',#4151);
#4053=FILL_AREA_STYLE_COLOUR('',#4151);
#4054=FILL_AREA_STYLE_COLOUR('',#4151);
#4055=FILL_AREA_STYLE_COLOUR('',#4151);
#4056=FILL_AREA_STYLE_COLOUR('',#4151);
#4057=FILL_AREA_STYLE_COLOUR('',#4151);
#4058=FILL_AREA_STYLE_COLOUR('',#4151);
#4059=FILL_AREA_STYLE_COLOUR('',#4151);
#4060=FILL_AREA_STYLE_COLOUR('',#4151);
#4061=FILL_AREA_STYLE_COLOUR('',#4151);
#4062=FILL_AREA_STYLE_COLOUR('',#4151);
#4063=FILL_AREA_STYLE_COLOUR('',#4151);
#4064=FILL_AREA_STYLE_COLOUR('',#4151);
#4065=FILL_AREA_STYLE_COLOUR('',#4151);
#4066=FILL_AREA_STYLE_COLOUR('',#4151);
#4067=FILL_AREA_STYLE_COLOUR('',#4151);
#4068=FILL_AREA_STYLE_COLOUR('',#4151);
#4069=FILL_AREA_STYLE_COLOUR('',#4151);
#4070=FILL_AREA_STYLE_COLOUR('',#4151);
#4071=FILL_AREA_STYLE_COLOUR('',#4151);
#4072=FILL_AREA_STYLE_COLOUR('',#4151);
#4073=FILL_AREA_STYLE_COLOUR('',#4151);
#4074=FILL_AREA_STYLE_COLOUR('',#4151);
#4075=FILL_AREA_STYLE_COLOUR('',#4151);
#4076=FILL_AREA_STYLE_COLOUR('',#4151);
#4077=FILL_AREA_STYLE_COLOUR('',#4151);
#4078=FILL_AREA_STYLE_COLOUR('',#4151);
#4079=FILL_AREA_STYLE_COLOUR('',#4151);
#4080=FILL_AREA_STYLE_COLOUR('',#4151);
#4081=FILL_AREA_STYLE_COLOUR('',#4151);
#4082=FILL_AREA_STYLE_COLOUR('',#4151);
#4083=FILL_AREA_STYLE_COLOUR('',#4151);
#4084=FILL_AREA_STYLE_COLOUR('',#4151);
#4085=FILL_AREA_STYLE_COLOUR('',#4151);
#4086=FILL_AREA_STYLE_COLOUR('',#4151);
#4087=FILL_AREA_STYLE_COLOUR('',#4151);
#4088=FILL_AREA_STYLE_COLOUR('',#4151);
#4089=FILL_AREA_STYLE_COLOUR('',#4151);
#4090=FILL_AREA_STYLE_COLOUR('',#4151);
#4091=FILL_AREA_STYLE_COLOUR('',#4151);
#4092=FILL_AREA_STYLE_COLOUR('',#4151);
#4093=FILL_AREA_STYLE_COLOUR('',#4151);
#4094=FILL_AREA_STYLE_COLOUR('',#4151);
#4095=FILL_AREA_STYLE_COLOUR('',#4151);
#4096=FILL_AREA_STYLE_COLOUR('',#4151);
#4097=FILL_AREA_STYLE_COLOUR('',#4151);
#4098=FILL_AREA_STYLE_COLOUR('',#4151);
#4099=FILL_AREA_STYLE_COLOUR('',#4151);
#4100=FILL_AREA_STYLE_COLOUR('',#4151);
#4101=FILL_AREA_STYLE_COLOUR('',#4151);
#4102=FILL_AREA_STYLE_COLOUR('',#4151);
#4103=FILL_AREA_STYLE_COLOUR('',#4151);
#4104=FILL_AREA_STYLE_COLOUR('',#4151);
#4105=FILL_AREA_STYLE_COLOUR('',#4151);
#4106=FILL_AREA_STYLE_COLOUR('',#4151);
#4107=FILL_AREA_STYLE_COLOUR('',#4151);
#4108=FILL_AREA_STYLE_COLOUR('',#4151);
#4109=FILL_AREA_STYLE_COLOUR('',#4151);
#4110=FILL_AREA_STYLE_COLOUR('',#4151);
#4111=FILL_AREA_STYLE_COLOUR('',#4151);
#4112=FILL_AREA_STYLE_COLOUR('',#4151);
#4113=FILL_AREA_STYLE_COLOUR('',#4151);
#4114=FILL_AREA_STYLE_COLOUR('',#4151);
#4115=FILL_AREA_STYLE_COLOUR('',#4151);
#4116=FILL_AREA_STYLE_COLOUR('',#4151);
#4117=FILL_AREA_STYLE_COLOUR('',#4151);
#4118=FILL_AREA_STYLE_COLOUR('',#4151);
#4119=FILL_AREA_STYLE_COLOUR('',#4151);
#4120=FILL_AREA_STYLE_COLOUR('',#4151);
#4121=FILL_AREA_STYLE_COLOUR('',#4151);
#4122=FILL_AREA_STYLE_COLOUR('',#4151);
#4123=FILL_AREA_STYLE_COLOUR('',#4151);
#4124=FILL_AREA_STYLE_COLOUR('',#4151);
#4125=FILL_AREA_STYLE_COLOUR('',#4151);
#4126=FILL_AREA_STYLE_COLOUR('',#4151);
#4127=FILL_AREA_STYLE_COLOUR('',#4151);
#4128=FILL_AREA_STYLE_COLOUR('',#4151);
#4129=FILL_AREA_STYLE_COLOUR('',#4151);
#4130=FILL_AREA_STYLE_COLOUR('',#4151);
#4131=FILL_AREA_STYLE_COLOUR('',#4151);
#4132=FILL_AREA_STYLE_COLOUR('',#4151);
#4133=FILL_AREA_STYLE_COLOUR('',#4151);
#4134=FILL_AREA_STYLE_COLOUR('',#4151);
#4135=FILL_AREA_STYLE_COLOUR('',#4151);
#4136=FILL_AREA_STYLE_COLOUR('',#4151);
#4137=FILL_AREA_STYLE_COLOUR('',#4151);
#4138=FILL_AREA_STYLE_COLOUR('',#4151);
#4139=FILL_AREA_STYLE_COLOUR('',#4151);
#4140=FILL_AREA_STYLE_COLOUR('',#4151);
#4141=FILL_AREA_STYLE_COLOUR('',#4151);
#4142=FILL_AREA_STYLE_COLOUR('',#4151);
#4143=FILL_AREA_STYLE_COLOUR('',#4151);
#4144=FILL_AREA_STYLE_COLOUR('',#4151);
#4145=FILL_AREA_STYLE_COLOUR('',#4151);
#4146=FILL_AREA_STYLE_COLOUR('',#4151);
#4147=FILL_AREA_STYLE_COLOUR('',#4151);
#4148=FILL_AREA_STYLE_COLOUR('',#4151);
#4149=FILL_AREA_STYLE_COLOUR('',#4151);
#4150=COLOUR_RGB('',0.647058823529412,0.647058823529412,0.647058823529412);
#4151=COLOUR_RGB('',0.654901960784314,0.584313725490196,0.823529411764706);
#4152=MANIFOLD_SOLID_BREP('[R} Ang 2 connector (7/8")',#3104);
#4153=SHAPE_DEFINITION_REPRESENTATION(#7982,#4154);
#4154=SHAPE_REPRESENTATION('[R} Ang 2 connector (7/8")',(#4155),#7977);
#4155=AXIS2_PLACEMENT_3D('',#5025,#4383,#4384);
#4156=AXIS2_PLACEMENT_3D('',#5026,#4385,#4386);
#4157=AXIS2_PLACEMENT_3D('',#5027,#4387,#4388);
#4158=AXIS2_PLACEMENT_3D('',#5048,#4398,#4399);
#4159=AXIS2_PLACEMENT_3D('',#5051,#4401,#4402);
#4160=AXIS2_PLACEMENT_3D('',#5055,#4404,#4405);
#4161=AXIS2_PLACEMENT_3D('',#5064,#4407,#4408);
#4162=AXIS2_PLACEMENT_3D('',#5097,#4411,#4412);
#4163=AXIS2_PLACEMENT_3D('',#5104,#4413,#4414);
#4164=AXIS2_PLACEMENT_3D('',#5123,#4415,#4416);
#4165=AXIS2_PLACEMENT_3D('',#5130,#4417,#4418);
#4166=AXIS2_PLACEMENT_3D('',#5131,#4419,#4420);
#4167=AXIS2_PLACEMENT_3D('',#5156,#4421,#4422);
#4168=AXIS2_PLACEMENT_3D('',#5173,#4424,#4425);
#4169=AXIS2_PLACEMENT_3D('',#5188,#4427,#4428);
#4170=AXIS2_PLACEMENT_3D('',#5689,#4440,#4441);
#4171=AXIS2_PLACEMENT_3D('',#5690,#4442,#4443);
#4172=AXIS2_PLACEMENT_3D('',#5706,#4444,#4445);
#4173=AXIS2_PLACEMENT_3D('',#5716,#4446,#4447);
#4174=AXIS2_PLACEMENT_3D('',#5717,#4448,#4449);
#4175=AXIS2_PLACEMENT_3D('',#5718,#4450,#4451);
#4176=AXIS2_PLACEMENT_3D('',#5721,#4452,#4453);
#4177=AXIS2_PLACEMENT_3D('',#5736,#4454,#4455);
#4178=AXIS2_PLACEMENT_3D('',#5745,#4456,#4457);
#4179=AXIS2_PLACEMENT_3D('',#5746,#4458,#4459);
#4180=AXIS2_PLACEMENT_3D('',#5749,#4460,#4461);
#4181=AXIS2_PLACEMENT_3D('',#5751,#4462,#4463);
#4182=AXIS2_PLACEMENT_3D('',#5761,#4464,#4465);
#4183=AXIS2_PLACEMENT_3D('',#5770,#4466,#4467);
#4184=AXIS2_PLACEMENT_3D('',#5771,#4468,#4469);
#4185=AXIS2_PLACEMENT_3D('',#5774,#4470,#4471);
#4186=AXIS2_PLACEMENT_3D('',#5776,#4472,#4473);
#4187=AXIS2_PLACEMENT_3D('',#5786,#4474,#4475);
#4188=AXIS2_PLACEMENT_3D('',#5795,#4476,#4477);
#4189=AXIS2_PLACEMENT_3D('',#5808,#4481,#4482);
#4190=AXIS2_PLACEMENT_3D('',#5821,#4486,#4487);
#4191=AXIS2_PLACEMENT_3D('',#5827,#4491,#4492);
#4192=AXIS2_PLACEMENT_3D('',#5828,#4493,#4494);
#4193=AXIS2_PLACEMENT_3D('',#5836,#4498,#4499);
#4194=AXIS2_PLACEMENT_3D('',#5844,#4503,#4504);
#4195=AXIS2_PLACEMENT_3D('',#5845,#4505,#4506);
#4196=AXIS2_PLACEMENT_3D('',#5858,#4507,#4508);
#4197=AXIS2_PLACEMENT_3D('',#5860,#4509,#4510);
#4198=AXIS2_PLACEMENT_3D('',#5902,#4513,#4514);
#4199=AXIS2_PLACEMENT_3D('',#5908,#4517,#4518);
#4200=AXIS2_PLACEMENT_3D('',#5917,#4523,#4524);
#4201=AXIS2_PLACEMENT_3D('',#5925,#4528,#4529);
#4202=AXIS2_PLACEMENT_3D('',#5931,#4533,#4534);
#4203=AXIS2_PLACEMENT_3D('',#5935,#4536,#4537);
#4204=AXIS2_PLACEMENT_3D('',#5938,#4539,#4540);
#4205=AXIS2_PLACEMENT_3D('',#5944,#4544,#4545);
#4206=AXIS2_PLACEMENT_3D('',#5952,#4550,#4551);
#4207=AXIS2_PLACEMENT_3D('',#5956,#4553,#4554);
#4208=AXIS2_PLACEMENT_3D('',#5959,#4556,#4557);
#4209=AXIS2_PLACEMENT_3D('',#5965,#4561,#4562);
#4210=AXIS2_PLACEMENT_3D('',#5973,#4566,#4567);
#4211=AXIS2_PLACEMENT_3D('',#5974,#4568,#4569);
#4212=AXIS2_PLACEMENT_3D('',#5981,#4573,#4574);
#4213=AXIS2_PLACEMENT_3D('',#5985,#4576,#4577);
#4214=AXIS2_PLACEMENT_3D('',#5989,#4580,#4581);
#4215=AXIS2_PLACEMENT_3D('',#5991,#4583,#4584);
#4216=AXIS2_PLACEMENT_3D('',#5992,#4585,#4586);
#4217=AXIS2_PLACEMENT_3D('',#6056,#4588,#4589);
#4218=AXIS2_PLACEMENT_3D('',#6057,#4590,#4591);
#4219=AXIS2_PLACEMENT_3D('',#6061,#4593,#4594);
#4220=AXIS2_PLACEMENT_3D('',#6133,#4596,#4597);
#4221=AXIS2_PLACEMENT_3D('',#6146,#4600,#4601);
#4222=AXIS2_PLACEMENT_3D('',#6153,#4605,#4606);
#4223=AXIS2_PLACEMENT_3D('',#6157,#4609,#4610);
#4224=AXIS2_PLACEMENT_3D('',#6215,#4621,#4622);
#4225=AXIS2_PLACEMENT_3D('',#6221,#4626,#4627);
#4226=AXIS2_PLACEMENT_3D('',#6224,#4629,#4630);
#4227=AXIS2_PLACEMENT_3D('',#6228,#4632,#4633);
#4228=AXIS2_PLACEMENT_3D('',#6250,#4640,#4641);
#4229=AXIS2_PLACEMENT_3D('',#6270,#4647,#4648);
#4230=AXIS2_PLACEMENT_3D('',#6276,#4652,#4653);
#4231=AXIS2_PLACEMENT_3D('',#6333,#4664,#4665);
#4232=AXIS2_PLACEMENT_3D('',#6343,#4671,#4672);
#4233=AXIS2_PLACEMENT_3D('',#6344,#4673,#4674);
#4234=AXIS2_PLACEMENT_3D('',#6396,#4686,#4687);
#4235=AXIS2_PLACEMENT_3D('',#6397,#4688,#4689);
#4236=AXIS2_PLACEMENT_3D('',#6398,#4690,#4691);
#4237=AXIS2_PLACEMENT_3D('',#6401,#4694,#4695);
#4238=AXIS2_PLACEMENT_3D('',#6404,#4698,#4699);
#4239=AXIS2_PLACEMENT_3D('',#6405,#4700,#4701);
#4240=AXIS2_PLACEMENT_3D('',#6406,#4702,#4703);
#4241=AXIS2_PLACEMENT_3D('',#6407,#4704,#4705);
#4242=AXIS2_PLACEMENT_3D('',#6409,#4706,#4707);
#4243=AXIS2_PLACEMENT_3D('',#6410,#4708,#4709);
#4244=AXIS2_PLACEMENT_3D('',#6412,#4710,#4711);
#4245=AXIS2_PLACEMENT_3D('',#6413,#4712,#4713);
#4246=AXIS2_PLACEMENT_3D('',#6414,#4714,#4715);
#4247=AXIS2_PLACEMENT_3D('',#6416,#4716,#4717);
#4248=AXIS2_PLACEMENT_3D('',#6417,#4718,#4719);
#4249=AXIS2_PLACEMENT_3D('',#6419,#4720,#4721);
#4250=AXIS2_PLACEMENT_3D('',#6427,#4722,#4723);
#4251=AXIS2_PLACEMENT_3D('',#6429,#4724,#4725);
#4252=AXIS2_PLACEMENT_3D('',#6437,#4726,#4727);
#4253=AXIS2_PLACEMENT_3D('',#6439,#4728,#4729);
#4254=AXIS2_PLACEMENT_3D('',#6440,#4730,#4731);
#4255=AXIS2_PLACEMENT_3D('',#6442,#4732,#4733);
#4256=AXIS2_PLACEMENT_3D('',#6443,#4734,#4735);
#4257=AXIS2_PLACEMENT_3D('',#6445,#4736,#4737);
#4258=AXIS2_PLACEMENT_3D('',#6446,#4738,#4739);
#4259=AXIS2_PLACEMENT_3D('',#6447,#4740,#4741);
#4260=AXIS2_PLACEMENT_3D('',#6449,#4742,#4743);
#4261=AXIS2_PLACEMENT_3D('',#6450,#4744,#4745);
#4262=AXIS2_PLACEMENT_3D('',#6452,#4746,#4747);
#4263=AXIS2_PLACEMENT_3D('',#6453,#4748,#4749);
#4264=AXIS2_PLACEMENT_3D('',#6454,#4750,#4751);
#4265=AXIS2_PLACEMENT_3D('',#6456,#4752,#4753);
#4266=AXIS2_PLACEMENT_3D('',#6457,#4754,#4755);
#4267=AXIS2_PLACEMENT_3D('',#6459,#4756,#4757);
#4268=AXIS2_PLACEMENT_3D('',#6460,#4758,#4759);
#4269=AXIS2_PLACEMENT_3D('',#6475,#4760,#4761);
#4270=AXIS2_PLACEMENT_3D('',#6490,#4762,#4763);
#4271=AXIS2_PLACEMENT_3D('',#6491,#4764,#4765);
#4272=AXIS2_PLACEMENT_3D('',#6492,#4766,#4767);
#4273=AXIS2_PLACEMENT_3D('',#6507,#4768,#4769);
#4274=AXIS2_PLACEMENT_3D('',#6508,#4770,#4771);
#4275=AXIS2_PLACEMENT_3D('',#6523,#4772,#4773);
#4276=AXIS2_PLACEMENT_3D('',#6708,#4774,#4775);
#4277=AXIS2_PLACEMENT_3D('',#6893,#4776,#4777);
#4278=AXIS2_PLACEMENT_3D('',#6896,#4780,#4781);
#4279=AXIS2_PLACEMENT_3D('',#6899,#4784,#4785);
#4280=AXIS2_PLACEMENT_3D('',#6900,#4786,#4787);
#4281=AXIS2_PLACEMENT_3D('',#6905,#4788,#4789);
#4282=AXIS2_PLACEMENT_3D('',#6967,#4790,#4791);
#4283=AXIS2_PLACEMENT_3D('',#6972,#4792,#4793);
#4284=AXIS2_PLACEMENT_3D('',#6977,#4794,#4795);
#4285=AXIS2_PLACEMENT_3D('',#6982,#4796,#4797);
#4286=AXIS2_PLACEMENT_3D('',#6987,#4798,#4799);
#4287=AXIS2_PLACEMENT_3D('',#6992,#4800,#4801);
#4288=AXIS2_PLACEMENT_3D('',#6993,#4802,#4803);
#4289=AXIS2_PLACEMENT_3D('',#7051,#4804,#4805);
#4290=AXIS2_PLACEMENT_3D('',#7052,#4806,#4807);
#4291=AXIS2_PLACEMENT_3D('',#7053,#4808,#4809);
#4292=AXIS2_PLACEMENT_3D('',#7058,#4810,#4811);
#4293=AXIS2_PLACEMENT_3D('',#7104,#4812,#4813);
#4294=AXIS2_PLACEMENT_3D('',#7105,#4814,#4815);
#4295=AXIS2_PLACEMENT_3D('',#7110,#4816,#4817);
#4296=AXIS2_PLACEMENT_3D('',#7111,#4818,#4819);
#4297=AXIS2_PLACEMENT_3D('',#7124,#4820,#4821);
#4298=AXIS2_PLACEMENT_3D('',#7140,#4822,#4823);
#4299=AXIS2_PLACEMENT_3D('',#7153,#4824,#4825);
#4300=AXIS2_PLACEMENT_3D('',#7154,#4826,#4827);
#4301=AXIS2_PLACEMENT_3D('',#7155,#4828,#4829);
#4302=AXIS2_PLACEMENT_3D('',#7160,#4830,#4831);
#4303=AXIS2_PLACEMENT_3D('',#7161,#4832,#4833);
#4304=AXIS2_PLACEMENT_3D('',#7174,#4834,#4835);
#4305=AXIS2_PLACEMENT_3D('',#7205,#4836,#4837);
#4306=AXIS2_PLACEMENT_3D('',#7218,#4838,#4839);
#4307=AXIS2_PLACEMENT_3D('',#7219,#4840,#4841);
#4308=AXIS2_PLACEMENT_3D('',#7220,#4842,#4843);
#4309=AXIS2_PLACEMENT_3D('',#7225,#4844,#4845);
#4310=AXIS2_PLACEMENT_3D('',#7230,#4846,#4847);
#4311=AXIS2_PLACEMENT_3D('',#7288,#4848,#4849);
#4312=AXIS2_PLACEMENT_3D('',#7289,#4850,#4851);
#4313=AXIS2_PLACEMENT_3D('',#7294,#4852,#4853);
#4314=AXIS2_PLACEMENT_3D('',#7295,#4854,#4855);
#4315=AXIS2_PLACEMENT_3D('',#7341,#4856,#4857);
#4316=AXIS2_PLACEMENT_3D('',#7342,#4858,#4859);
#4317=AXIS2_PLACEMENT_3D('',#7343,#4860,#4861);
#4318=AXIS2_PLACEMENT_3D('',#7348,#4862,#4863);
#4319=AXIS2_PLACEMENT_3D('',#7353,#4864,#4865);
#4320=AXIS2_PLACEMENT_3D('',#7562,#4866,#4867);
#4321=AXIS2_PLACEMENT_3D('',#7563,#4868,#4869);
#4322=AXIS2_PLACEMENT_3D('',#7580,#4870,#4871);
#4323=AXIS2_PLACEMENT_3D('',#7597,#4872,#4873);
#4324=AXIS2_PLACEMENT_3D('',#7614,#4874,#4875);
#4325=AXIS2_PLACEMENT_3D('',#7615,#4876,#4877);
#4326=AXIS2_PLACEMENT_3D('',#7618,#4879,#4880);
#4327=AXIS2_PLACEMENT_3D('',#7619,#4881,#4882);
#4328=AXIS2_PLACEMENT_3D('',#7620,#4883,#4884);
#4329=AXIS2_PLACEMENT_3D('',#7623,#4886,#4887);
#4330=AXIS2_PLACEMENT_3D('',#7624,#4888,#4889);
#4331=AXIS2_PLACEMENT_3D('',#7641,#4890,#4891);
#4332=AXIS2_PLACEMENT_3D('',#7658,#4892,#4893);
#4333=AXIS2_PLACEMENT_3D('',#7675,#4894,#4895);
#4334=AXIS2_PLACEMENT_3D('',#7676,#4896,#4897);
#4335=AXIS2_PLACEMENT_3D('',#7693,#4898,#4899);
#4336=AXIS2_PLACEMENT_3D('',#7698,#4900,#4901);
#4337=AXIS2_PLACEMENT_3D('',#7727,#4902,#4903);
#4338=AXIS2_PLACEMENT_3D('',#7732,#4904,#4905);
#4339=AXIS2_PLACEMENT_3D('',#7761,#4906,#4907);
#4340=AXIS2_PLACEMENT_3D('',#7766,#4908,#4909);
#4341=AXIS2_PLACEMENT_3D('',#7795,#4910,#4911);
#4342=AXIS2_PLACEMENT_3D('',#7800,#4912,#4913);
#4343=AXIS2_PLACEMENT_3D('',#7813,#4914,#4915);
#4344=AXIS2_PLACEMENT_3D('',#7838,#4918,#4919);
#4345=AXIS2_PLACEMENT_3D('',#7839,#4920,#4921);
#4346=AXIS2_PLACEMENT_3D('',#7840,#4922,#4923);
#4347=AXIS2_PLACEMENT_3D('',#7868,#4924,#4925);
#4348=AXIS2_PLACEMENT_3D('',#7869,#4926,#4927);
#4349=AXIS2_PLACEMENT_3D('',#7870,#4928,#4929);
#4350=AXIS2_PLACEMENT_3D('',#7871,#4930,#4931);
#4351=AXIS2_PLACEMENT_3D('',#7872,#4932,#4933);
#4352=AXIS2_PLACEMENT_3D('',#7873,#4934,#4935);
#4353=AXIS2_PLACEMENT_3D('',#7874,#4936,#4937);
#4354=AXIS2_PLACEMENT_3D('',#7875,#4938,#4939);
#4355=AXIS2_PLACEMENT_3D('',#7876,#4940,#4941);
#4356=AXIS2_PLACEMENT_3D('',#7904,#4942,#4943);
#4357=AXIS2_PLACEMENT_3D('',#7905,#4944,#4945);
#4358=AXIS2_PLACEMENT_3D('',#7906,#4946,#4947);
#4359=AXIS2_PLACEMENT_3D('',#7908,#4949,#4950);
#4360=AXIS2_PLACEMENT_3D('',#7910,#4952,#4953);
#4361=AXIS2_PLACEMENT_3D('',#7913,#4956,#4957);
#4362=AXIS2_PLACEMENT_3D('',#7922,#4962,#4963);
#4363=AXIS2_PLACEMENT_3D('',#7923,#4964,#4965);
#4364=AXIS2_PLACEMENT_3D('',#7927,#4967,#4968);
#4365=AXIS2_PLACEMENT_3D('',#7928,#4969,#4970);
#4366=AXIS2_PLACEMENT_3D('',#7934,#4974,#4975);
#4367=AXIS2_PLACEMENT_3D('',#7940,#4979,#4980);
#4368=AXIS2_PLACEMENT_3D('',#7944,#4983,#4984);
#4369=AXIS2_PLACEMENT_3D('',#7948,#4987,#4988);
#4370=AXIS2_PLACEMENT_3D('',#7951,#4990,#4991);
#4371=AXIS2_PLACEMENT_3D('',#7952,#4992,#4993);
#4372=AXIS2_PLACEMENT_3D('',#7956,#4996,#4997);
#4373=AXIS2_PLACEMENT_3D('',#7960,#5000,#5001);
#4374=AXIS2_PLACEMENT_3D('',#7964,#5004,#5005);
#4375=AXIS2_PLACEMENT_3D('',#7966,#5007,#5008);
#4376=AXIS2_PLACEMENT_3D('',#7969,#5011,#5012);
#4377=AXIS2_PLACEMENT_3D('',#7970,#5013,#5014);
#4378=AXIS2_PLACEMENT_3D('',#7971,#5015,#5016);
#4379=AXIS2_PLACEMENT_3D('',#7972,#5017,#5018);
#4380=AXIS2_PLACEMENT_3D('',#7973,#5019,#5020);
#4381=AXIS2_PLACEMENT_3D('',#7974,#5021,#5022);
#4382=AXIS2_PLACEMENT_3D('',#7975,#5023,#5024);
#4383=DIRECTION('',(0.,0.,1.));
#4384=DIRECTION('',(1.,0.,0.));
#4385=DIRECTION('',(-0.984807753012208,0.,0.17364817766693));
#4386=DIRECTION('',(0.17364817766693,0.,0.984807753012208));
#4387=DIRECTION('',(-0.984807753012208,0.,0.17364817766693));
#4388=DIRECTION('',(0.17364817766693,0.,0.984807753012208));
#4389=DIRECTION('',(-0.17364817766693,-5.74837297917486E-18,-0.984807753012208));
#4390=DIRECTION('',(0.,-1.,0.));
#4391=DIRECTION('',(-0.17364817766693,0.,-0.984807753012208));
#4392=DIRECTION('',(0.,1.,0.));
#4393=DIRECTION('',(0.156283359900238,0.435889894354068,0.886326977710987));
#4394=DIRECTION('',(-0.17364817766693,-3.01167270134864E-16,-0.984807753012208));
#4395=DIRECTION('',(0.,-1.,0.));
#4396=DIRECTION('',(-0.17364817766693,-4.81867632215778E-17,-0.984807753012208));
#4397=DIRECTION('',(0.,-1.,0.));
#4398=DIRECTION('',(0.984807753012208,0.,-0.17364817766693));
#4399=DIRECTION('',(0.17364817766693,0.,0.984807753012208));
#4400=DIRECTION('',(-0.156283359900238,-0.435889894354068,-0.886326977710987));
#4401=DIRECTION('',(0.,-1.,0.));
#4402=DIRECTION('',(0.,0.,-1.));
#4403=DIRECTION('',(0.,1.,0.));
#4404=DIRECTION('',(0.,-1.,0.));
#4405=DIRECTION('',(0.,0.,-1.));
#4406=DIRECTION('',(0.,1.,0.));
#4407=DIRECTION('',(0.,-1.,0.));
#4408=DIRECTION('',(0.,0.,-1.));
#4409=DIRECTION('',(0.,-1.,0.));
#4410=DIRECTION('',(0.,-1.,0.));
#4411=DIRECTION('',(-0.437451074764347,7.39598123392646E-16,-0.899242212747777));
#4412=DIRECTION('',(-0.899242212747777,0.,0.437451074764347));
#4413=DIRECTION('',(-0.173251816109696,-4.55196525756069E-16,-0.984877560011747));
#4414=DIRECTION('',(-0.984877560011747,0.,0.173251816109696));
#4415=DIRECTION('',(-0.437451074764362,6.72361930356946E-17,-0.89924221274777));
#4416=DIRECTION('',(-0.89924221274777,0.,0.437451074764362));
#4417=DIRECTION('',(-0.173251816109696,6.70815932693153E-16,-0.984877560011747));
#4418=DIRECTION('',(-0.984877560011747,0.,0.173251816109696));
#4419=DIRECTION('',(1.,0.,0.));
#4420=DIRECTION('',(0.,0.,-1.));
#4421=DIRECTION('',(1.,0.,0.));
#4422=DIRECTION('',(0.,0.,-1.));
#4423=DIRECTION('',(1.,0.,0.));
#4424=DIRECTION('',(1.,0.,0.));
#4425=DIRECTION('',(0.,0.,-1.));
#4426=DIRECTION('',(1.,0.,0.));
#4427=DIRECTION('',(1.,0.,0.));
#4428=DIRECTION('',(0.,1.,0.));
#4429=DIRECTION('',(0.,0.,-1.));
#4430=DIRECTION('',(0.,1.,0.));
#4431=DIRECTION('',(0.,0.707106781186548,0.707106781186548));
#4432=DIRECTION('',(0.,0.,1.));
#4433=DIRECTION('',(0.,-0.707106781186547,0.707106781186548));
#4434=DIRECTION('',(0.,-1.,0.));
#4435=DIRECTION('',(0.,-0.707106781186548,-0.707106781186548));
#4436=DIRECTION('',(0.,0.,-1.));
#4437=DIRECTION('',(0.,0.707106781186547,-0.707106781186548));
#4438=DIRECTION('',(0.,1.,0.));
#4439=DIRECTION('',(0.,0.,-1.));
#4440=DIRECTION('',(-0.696364419623322,-0.707106599117155,0.122787835584983));
#4441=DIRECTION('',(0.712498112559345,-0.701674026595948,0.));
#4442=DIRECTION('',(0.696364419623323,0.707106599117154,-0.122787835584983));
#4443=DIRECTION('',(-0.712498112559344,0.701674026595949,0.));
#4444=DIRECTION('',(0.696364419623323,0.707106599117154,-0.122787835584983));
#4445=DIRECTION('',(-0.712498112559344,0.701674026595949,0.));
#4446=DIRECTION('',(0.984807753012208,0.,-0.17364817766693));
#4447=DIRECTION('',(1.15873599878801E-16,-1.,6.57151840366302E-16));
#4448=DIRECTION('',(-0.696364419623323,0.707106599117154,0.122787835584984));
#4449=DIRECTION('',(-0.712498112559344,-0.701674026595949,0.));
#4450=DIRECTION('',(0.984807753012208,0.,-0.17364817766693));
#4451=DIRECTION('',(1.1928164693406E-16,1.,6.76479835671194E-16));
#4452=DIRECTION('',(0.696364419623323,-0.707106599117154,-0.122787835584983));
#4453=DIRECTION('',(0.712498112559344,0.701674026595949,0.));
#4454=DIRECTION('',(0.696364419623323,-0.707106599117154,-0.122787835584983));
#4455=DIRECTION('',(0.712498112559344,0.701674026595949,0.));
#4456=DIRECTION('',(-0.00101485928081393,0.,-0.999999485030188));
#4457=DIRECTION('',(-0.999999485030188,0.,0.00101485928081393));
#4458=DIRECTION('',(0.000717614064188108,-0.707106599117154,0.707106599117154));
#4459=DIRECTION('',(-0.000717613694639104,-0.707106963255894,-0.707106234978601));
#4460=DIRECTION('',(0.00101485928081352,0.,0.999999485030188));
#4461=DIRECTION('',(0.999999485030188,0.,-0.00101485928081352));
#4462=DIRECTION('',(0.000717614064188108,0.707106599117154,0.707106599117154));
#4463=DIRECTION('',(-0.000717613694639105,0.707106963255894,-0.707106234978601));
#4464=DIRECTION('',(0.00101485928081352,0.,0.999999485030188));
#4465=DIRECTION('',(0.999999485030188,0.,-0.00101485928081352));
#4466=DIRECTION('',(0.984807753012208,0.,-0.173648177666931));
#4467=DIRECTION('',(-0.173648177666931,0.,-0.984807753012208));
#4468=DIRECTION('',(-0.696364419623323,-0.707106599117154,0.122787835584983));
#4469=DIRECTION('',(0.696364061016668,-0.707106963255894,-0.122787772352955));
#4470=DIRECTION('',(-0.984807753012208,0.,0.17364817766693));
#4471=DIRECTION('',(0.17364817766693,0.,0.984807753012208));
#4472=DIRECTION('',(-0.696364419623323,0.707106599117154,0.122787835584983));
#4473=DIRECTION('',(0.696364061016668,0.707106963255894,-0.122787772352955));
#4474=DIRECTION('',(-0.984807753012208,0.,0.17364817766693));
#4475=DIRECTION('',(0.17364817766693,0.,0.984807753012208));
#4476=DIRECTION('',(-0.000717614064188108,-0.707106599117154,-0.707106599117154));
#4477=DIRECTION('',(0.,0.707106781186548,-0.707106781186548));
#4478=DIRECTION('',(-0.999999485030188,-1.08420256728552E-19,0.00101485928081352));
#4479=DIRECTION('',(0.,0.707106781186547,-0.707106781186548));
#4480=DIRECTION('',(-0.999999485030188,1.08420256728552E-19,0.00101485928081352));
#4481=DIRECTION('',(-0.000717614064188108,0.707106599117154,-0.707106599117154));
#4482=DIRECTION('',(0.,0.707106781186548,0.707106781186548));
#4483=DIRECTION('',(0.,0.707106781186548,0.707106781186548));
#4484=DIRECTION('',(-0.999999485030187,-7.66646510941655E-20,0.00101485928081352));
#4485=DIRECTION('',(-0.999999485030187,-4.49090849397806E-20,0.00101485928081352));
#4486=DIRECTION('',(0.696364419623323,0.707106599117154,-0.122787835584983));
#4487=DIRECTION('',(-0.712498112559344,0.701674026595949,0.));
#4488=DIRECTION('',(-0.696488494055885,0.707106781186548,0.122081029024845));
#4489=DIRECTION('',(-0.17364817766693,1.38777827543743E-17,-0.984807753012208));
#4490=DIRECTION('',(-0.17364817766693,4.06471246776127E-18,-0.984807753012208));
#4491=DIRECTION('',(0.696364419623323,-0.707106599117154,-0.122787835584983));
#4492=DIRECTION('',(0.712498112559344,0.701674026595949,0.));
#4493=DIRECTION('',(0.696364419623323,-0.707106599117154,-0.122787835584983));
#4494=DIRECTION('',(0.712498112559344,0.701674026595949,0.));
#4495=DIRECTION('',(-0.17364817766693,4.06470741432111E-18,-0.984807753012208));
#4496=DIRECTION('',(0.696488494055885,0.707106781186547,-0.122081029024845));
#4497=DIRECTION('',(-0.17364817766693,5.05344016701775E-24,-0.984807753012208));
#4498=DIRECTION('',(0.00101485928081352,0.,0.999999485030188));
#4499=DIRECTION('',(0.999999485030188,0.,-0.00101485928081352));
#4500=DIRECTION('',(-0.999999485030188,0.,0.00101485928081352));
#4501=DIRECTION('',(0.,1.,0.));
#4502=DIRECTION('',(-0.999999485030188,-1.0842021724855E-19,0.00101485928081352));
#4503=DIRECTION('',(0.00101485928081352,0.,0.999999485030188));
#4504=DIRECTION('',(0.999999485030188,0.,-0.00101485928081352));
#4505=DIRECTION('',(-0.172648646955399,0.,-0.984983474330646));
#4506=DIRECTION('',(-0.984983474330646,0.,0.172648646955399));
#4507=DIRECTION('',(-0.172648646955399,0.,-0.984983474330646));
#4508=DIRECTION('',(-0.984983474330646,0.,0.172648646955399));
#4509=DIRECTION('',(-0.172648646955399,0.,-0.984983474330646));
#4510=DIRECTION('',(-0.984983474330646,0.,0.172648646955399));
#4511=DIRECTION('',(-0.172648646955399,0.,-0.984983474330646));
#4512=DIRECTION('',(-0.172648646955399,0.,-0.984983474330646));
#4513=DIRECTION('',(0.984807753012208,0.,-0.17364817766693));
#4514=DIRECTION('',(-0.17364817766693,0.,-0.984807753012208));
#4515=DIRECTION('',(0.,1.,0.));
#4516=DIRECTION('',(-0.17364817766693,1.96261607869893E-17,-0.984807753012208));
#4517=DIRECTION('',(0.984807753012208,0.,-0.17364817766693));
#4518=DIRECTION('',(1.1928164693406E-16,1.,6.76479835671194E-16));
#4519=DIRECTION('',(0.17364817766693,-1.96261607869893E-17,0.984807753012208));
#4520=DIRECTION('',(-0.17364817766693,1.96261607869893E-17,-0.984807753012208));
#4521=DIRECTION('',(0.,1.,0.));
#4522=DIRECTION('',(-0.17364817766693,-1.76790216307691E-16,-0.984807753012208));
#4523=DIRECTION('',(0.984807753012208,0.,-0.17364817766693));
#4524=DIRECTION('',(-0.17364817766693,0.,-0.984807753012208));
#4525=DIRECTION('',(-0.17364817766693,-1.89418088901098E-16,-0.984807753012208));
#4526=DIRECTION('',(0.,1.,0.));
#4527=DIRECTION('',(-0.17364817766693,0.,-0.984807753012208));
#4528=DIRECTION('',(0.984807753012208,0.,-0.17364817766693));
#4529=DIRECTION('',(1.15873599878801E-16,-1.,6.57151840366302E-16));
#4530=DIRECTION('',(-0.17364817766693,-1.96261607869893E-17,-0.984807753012208));
#4531=DIRECTION('',(-0.17364817766693,0.,-0.984807753012208));
#4532=DIRECTION('',(-0.17364817766693,0.,-0.984807753012208));
#4533=DIRECTION('',(0.984807753012208,0.,-0.17364817766693));
#4534=DIRECTION('',(0.17364817766693,0.,0.984807753012208));
#4535=DIRECTION('',(0.,-1.,0.));
#4536=DIRECTION('',(0.984807753012208,0.,-0.17364817766693));
#4537=DIRECTION('',(-0.17364817766693,0.,-0.984807753012208));
#4538=DIRECTION('',(-0.17364817766693,0.,-0.984807753012208));
#4539=DIRECTION('',(-0.984807753012208,0.,0.17364817766693));
#4540=DIRECTION('',(0.17364817766693,0.,0.984807753012208));
#4541=DIRECTION('',(0.,-1.,0.));
#4542=DIRECTION('',(-0.17364817766693,-5.74837297917486E-18,-0.984807753012208));
#4543=DIRECTION('',(-0.17364817766693,0.,-0.984807753012208));
#4544=DIRECTION('',(-0.696364419623323,-0.707106599117154,0.122787835584983));
#4545=DIRECTION('',(0.712498112559344,-0.701674026595949,0.));
#4546=DIRECTION('',(-0.17364817766693,5.74836287229191E-18,-0.984807753012208));
#4547=DIRECTION('',(0.696488494055885,-0.707106781186548,-0.122081029024845));
#4548=DIRECTION('',(-0.17364817766693,4.0647074143211E-18,-0.984807753012208));
#4549=DIRECTION('',(0.696488494055885,-0.707106781186548,-0.122081029024845));
#4550=DIRECTION('',(-0.696364419623323,-0.707106599117154,0.122787835584983));
#4551=DIRECTION('',(0.696364061016668,-0.707106963255894,-0.122787772352954));
#4552=DIRECTION('',(-0.17364817766693,5.74836287229191E-18,-0.984807753012208));
#4553=DIRECTION('',(-0.696364419623323,-0.707106599117154,0.122787835584983));
#4554=DIRECTION('',(0.696364061016668,-0.707106963255894,-0.122787772352955));
#4555=DIRECTION('',(0.17364817766693,1.38777878078145E-17,0.984807753012208));
#4556=DIRECTION('',(0.696364419623323,-0.707106599117154,-0.122787835584983));
#4557=DIRECTION('',(0.712498112559344,0.701674026595949,0.));
#4558=DIRECTION('',(-0.17364817766693,5.05344016701775E-24,-0.984807753012208));
#4559=DIRECTION('',(0.696488494055886,0.707106781186547,-0.122081029024845));
#4560=DIRECTION('',(-0.17364817766693,4.06470741432111E-18,-0.984807753012208));
#4561=DIRECTION('',(0.696364419623323,0.707106599117154,-0.122787835584983));
#4562=DIRECTION('',(-0.712498112559344,0.701674026595949,0.));
#4563=DIRECTION('',(-0.17364817766693,1.38777827543743E-17,-0.984807753012208));
#4564=DIRECTION('',(-0.696488494055885,0.707106781186548,0.122081029024845));
#4565=DIRECTION('',(-0.17364817766693,4.06471246776127E-18,-0.984807753012208));
#4566=DIRECTION('',(0.696364419623323,0.707106599117154,-0.122787835584983));
#4567=DIRECTION('',(-0.712498112559344,0.701674026595949,0.));
#4568=DIRECTION('',(-0.696364419623323,0.707106599117154,0.122787835584983));
#4569=DIRECTION('',(-0.712498112559344,-0.701674026595949,0.));
#4570=DIRECTION('',(-0.696488494055885,-0.707106781186548,0.122081029024845));
#4571=DIRECTION('',(-0.17364817766693,-1.38777878078145E-17,-0.984807753012208));
#4572=DIRECTION('',(-0.17364817766693,1.38777878078145E-17,-0.984807753012208));
#4573=DIRECTION('',(-0.696364419623323,0.707106599117154,0.122787835584983));
#4574=DIRECTION('',(0.696364061016668,0.707106963255894,-0.122787772352955));
#4575=DIRECTION('',(-0.17364817766693,-1.38777878078145E-17,-0.984807753012208));
#4576=DIRECTION('',(-0.696364419623323,0.707106599117154,0.122787835584983));
#4577=DIRECTION('',(-0.696364061016669,-0.707106963255894,0.122787772352954));
#4578=DIRECTION('',(-0.696488494055885,-0.707106781186548,0.122081029024845));
#4579=DIRECTION('',(-0.17364817766693,4.06471246776128E-18,-0.984807753012208));
#4580=DIRECTION('',(0.,-1.,0.));
#4581=DIRECTION('',(0.,0.,-1.));
#4582=DIRECTION('',(0.,-1.,0.));
#4583=DIRECTION('',(0.643990377164496,-0.756559408000011,-0.113552878810721));
#4584=DIRECTION('',(-0.745065570612738,-0.653924966771167,0.131375162495973));
#4585=DIRECTION('',(0.643990377164496,0.756559408000011,-0.113552878810721));
#4586=DIRECTION('',(0.745065570612738,-0.653924966771167,-0.131375162495974));
#4587=DIRECTION('',(0.,-0.707106781186548,-0.707106781186548));
#4588=DIRECTION('',(0.,-1.,0.));
#4589=DIRECTION('',(0.,0.,-1.));
#4590=DIRECTION('',(0.,-1.,0.));
#4591=DIRECTION('',(0.,0.,-1.));
#4592=DIRECTION('',(0.,1.,0.));
#4593=DIRECTION('',(0.00089318045642585,0.474783242890196,0.880102309109198));
#4594=DIRECTION('',(0.000481838180421868,-0.880102762335552,0.474782998391158));
#4595=DIRECTION('',(0.,-0.707106781186548,0.707106781186548));
#4596=DIRECTION('',(0.00101485928081352,0.,0.999999485030188));
#4597=DIRECTION('',(0.999999485030188,0.,-0.00101485928081352));
#4598=DIRECTION('',(-0.999999485030188,0.,0.00101485928081352));
#4599=DIRECTION('',(-0.999999485030188,-1.0842021724855E-19,0.00101485928081352));
#4600=DIRECTION('',(0.000717614064188108,-0.707106599117154,0.707106599117154));
#4601=DIRECTION('',(0.,-0.707106781186548,-0.707106781186548));
#4602=DIRECTION('',(-0.999999485030187,3.1755566154385E-20,0.00101485928081352));
#4603=DIRECTION('',(-5.42101086242752E-20,0.707106781186548,0.707106781186548));
#4604=DIRECTION('',(-0.999999485030187,3.1755566154385E-20,0.00101485928081352));
#4605=DIRECTION('',(0.000717614064188108,-0.707106599117154,0.707106599117154));
#4606=DIRECTION('',(-0.000717613694639104,-0.707106963255894,-0.707106234978601));
#4607=DIRECTION('',(0.999999485030187,0.,-0.00101485928081352));
#4608=DIRECTION('',(-0.999999485030187,3.1755566154385E-20,0.00101485928081352));
#4609=DIRECTION('',(0.,-1.,0.));
#4610=DIRECTION('',(0.,0.,-1.));
#4611=DIRECTION('',(-0.999999485030187,0.,0.00101485928081352));
#4612=DIRECTION('',(0.,0.,1.));
#4613=DIRECTION('',(-0.999999485030187,0.,0.00101485928081352));
#4614=DIRECTION('',(-0.17364817766693,0.,-0.984807753012208));
#4615=DIRECTION('',(0.984983474330646,0.,-0.172648646955399));
#4616=DIRECTION('',(-0.17364817766693,0.,-0.984807753012208));
#4617=DIRECTION('',(0.17364817766693,0.,0.984807753012208));
#4618=DIRECTION('',(-0.17364817766693,0.,-0.984807753012208));
#4619=DIRECTION('',(-0.999999485030187,0.,0.00101485928081352));
#4620=DIRECTION('',(-0.999999485030187,0.,-0.00101485928081206));
#4621=DIRECTION('',(-0.000717614064188108,-0.707106599117154,-0.707106599117154));
#4622=DIRECTION('',(0.,0.707106781186548,-0.707106781186548));
#4623=DIRECTION('',(-0.999999485030188,1.08420256728552E-19,0.00101485928081352));
#4624=DIRECTION('',(0.,-0.707106781186547,0.707106781186548));
#4625=DIRECTION('',(-0.999999485030188,-1.08420256728552E-19,0.00101485928081352));
#4626=DIRECTION('',(-0.00101485928081352,0.,-0.999999485030188));
#4627=DIRECTION('',(-0.999999485030188,0.,0.00101485928081352));
#4628=DIRECTION('',(-0.999999485030188,0.,0.00101485928081352));
#4629=DIRECTION('',(-0.00101485928081352,0.,-0.999999485030188));
#4630=DIRECTION('',(-0.999999485030188,0.,0.00101485928081352));
#4631=DIRECTION('',(0.,1.,0.));
#4632=DIRECTION('',(-0.00101485928081352,0.,-0.999999485030188));
#4633=DIRECTION('',(0.999999485030188,0.,-0.00101485928081352));
#4634=DIRECTION('',(-0.999999485030188,0.,0.00101485928081352));
#4635=DIRECTION('',(-0.999999485030188,0.,0.00101485928081352));
#4636=DIRECTION('',(0.999997425158893,-0.00202971438066443,-0.00101485719033294));
#4637=DIRECTION('',(-0.999999485030188,0.,0.00101485928081352));
#4638=DIRECTION('',(0.,-1.,0.));
#4639=DIRECTION('',(0.999999485030188,0.,-0.00101485928081352));
#4640=DIRECTION('',(-0.00101485928081352,0.,-0.999999485030188));
#4641=DIRECTION('',(-0.999999485030188,0.,0.00101485928081352));
#4642=DIRECTION('',(0.999999485030188,0.,-0.00101485928081352));
#4643=DIRECTION('',(0.,-1.,0.));
#4644=DIRECTION('',(-0.999999485030188,4.49091638998035E-20,0.00101485928081352));
#4645=DIRECTION('',(0.999997425158893,0.00202971438066443,-0.00101485719033294));
#4646=DIRECTION('',(-0.999999485030188,4.49091638998035E-20,0.00101485928081352));
#4647=DIRECTION('',(-0.000717614064188108,0.707106599117154,-0.707106599117154));
#4648=DIRECTION('',(0.,0.707106781186548,0.707106781186548));
#4649=DIRECTION('',(-0.999999485030187,-7.66646510941655E-20,0.00101485928081352));
#4650=DIRECTION('',(0.,-0.707106781186548,-0.707106781186548));
#4651=DIRECTION('',(-0.999999485030187,-4.49090849397806E-20,0.00101485928081352));
#4652=DIRECTION('',(0.,1.,0.));
#4653=DIRECTION('',(0.,0.,1.));
#4654=DIRECTION('',(-0.17364817766693,0.,-0.984807753012208));
#4655=DIRECTION('',(-0.984983474330646,0.,0.172648646955399));
#4656=DIRECTION('',(-0.17364817766693,0.,-0.984807753012208));
#4657=DIRECTION('',(-0.999999485030187,0.,0.00101485928081352));
#4658=DIRECTION('',(0.,0.,-1.));
#4659=DIRECTION('',(-0.999999485030187,0.,0.00101485928081352));
#4660=DIRECTION('',(0.999999485030187,0.,0.00101485928081206));
#4661=DIRECTION('',(-0.999999485030187,0.,0.00101485928081352));
#4662=DIRECTION('',(-0.17364817766693,0.,-0.984807753012208));
#4663=DIRECTION('',(-0.17364817766693,0.,-0.984807753012208));
#4664=DIRECTION('',(0.000717614064188108,0.707106599117154,0.707106599117154));
#4665=DIRECTION('',(0.,-0.707106781186548,0.707106781186548));
#4666=DIRECTION('',(-0.999999485030188,-7.66646905741668E-20,0.00101485928081352));
#4667=DIRECTION('',(5.42101225825654E-20,0.707106781186548,-0.707106781186548));
#4668=DIRECTION('',(-0.999999485030188,0.,0.00101485928081352));
#4669=DIRECTION('',(-0.999999485030188,-7.66646905741668E-20,0.00101485928081352));
#4670=DIRECTION('',(-0.999999485030187,-1.0842021724855E-19,0.00101485928081352));
#4671=DIRECTION('',(0.000717614064188108,0.707106599117154,0.707106599117154));
#4672=DIRECTION('',(-0.000717613694639105,0.707106963255894,-0.707106234978601));
#4673=DIRECTION('',(0.172648646955399,0.,0.984983474330646));
#4674=DIRECTION('',(0.,1.,0.));
#4675=DIRECTION('',(0.,-1.,0.));
#4676=DIRECTION('',(0.984983474330646,1.92232705475242E-19,-0.172648646955399));
#4677=DIRECTION('',(-0.984983474330646,0.,0.172648646955399));
#4678=DIRECTION('',(0.,-1.,0.));
#4679=DIRECTION('',(-0.696488494055885,-0.707106781186547,0.122081029024845));
#4680=DIRECTION('',(-0.984983474330646,0.,0.172648646955399));
#4681=DIRECTION('',(-0.696488494055885,0.707106781186548,0.122081029024845));
#4682=DIRECTION('',(0.,1.,0.));
#4683=DIRECTION('',(0.696488494055885,0.707106781186548,-0.122081029024845));
#4684=DIRECTION('',(0.984983474330646,0.,-0.172648646955399));
#4685=DIRECTION('',(0.696488494055885,-0.707106781186548,-0.122081029024845));
#4686=DIRECTION('',(1.,0.,0.));
#4687=DIRECTION('',(0.,1.,0.));
#4688=DIRECTION('',(-0.172648646955399,0.,-0.984983474330646));
#4689=DIRECTION('',(0.984983474330646,0.,-0.172648646955399));
#4690=DIRECTION('',(3.06992988911731E-17,-1.,1.7410437567652E-16));
#4691=DIRECTION('',(0.,-1.7410437567652E-16,-1.));
#4692=DIRECTION('',(-0.818860889107027,-1.25072978269217E-16,-0.57399202458819));
#4693=DIRECTION('',(0.984807753012208,0.,-0.17364817766693));
#4694=DIRECTION('',(3.28921059548283E-17,-1.,1.86540402510557E-16));
#4695=DIRECTION('',(0.,-1.86540402510557E-16,-1.));
#4696=DIRECTION('',(0.818860889107027,1.34006762431304E-16,0.57399202458819));
#4697=DIRECTION('',(0.984807753012208,0.,-0.17364817766693));
#4698=DIRECTION('',(0.984807753012208,0.,-0.17364817766693));
#4699=DIRECTION('',(-0.17364817766693,0.,-0.984807753012208));
#4700=DIRECTION('',(0.696364419623323,-0.707106599117154,-0.122787835584983));
#4701=DIRECTION('',(0.717688369059073,0.686097055121021,0.119139564677692));
#4702=DIRECTION('',(0.696364419623323,-0.707106599117154,-0.122787835584983));
#4703=DIRECTION('',(0.712498112559344,0.701674026595949,0.));
#4704=DIRECTION('',(0.696364419623323,-0.707106599117154,-0.122787835584983));
#4705=DIRECTION('',(0.712498112559344,0.701674026595949,0.));
#4706=DIRECTION('',(0.696364419623323,-0.707106599117154,-0.122787835584983));
#4707=DIRECTION('',(0.712498112559344,0.701674026595949,0.));
#4708=DIRECTION('',(0.696364419623323,-0.707106599117154,-0.122787835584983));
#4709=DIRECTION('',(0.712498112559344,0.701674026595949,0.));
#4710=DIRECTION('',(0.696364419623323,0.707106599117154,-0.122787835584983));
#4711=DIRECTION('',(0.717688369059073,-0.686097055121021,0.119139564677692));
#4712=DIRECTION('',(0.696364419623323,0.707106599117154,-0.122787835584983));
#4713=DIRECTION('',(-0.712498112559344,0.701674026595949,0.));
#4714=DIRECTION('',(0.696364419623323,0.707106599117154,-0.122787835584983));
#4715=DIRECTION('',(-0.712498112559344,0.701674026595949,0.));
#4716=DIRECTION('',(0.696364419623323,0.707106599117154,-0.122787835584983));
#4717=DIRECTION('',(-0.712498112559344,0.701674026595949,0.));
#4718=DIRECTION('',(0.696364419623322,0.707106599117156,-0.122787835584983));
#4719=DIRECTION('',(-0.712498112559346,0.701674026595947,0.));
#4720=DIRECTION('',(0.000717614064187078,-0.707106599117154,-0.707106599117154));
#4721=DIRECTION('',(-0.241258428200151,0.686097055121021,-0.686341898602041));
#4722=DIRECTION('',(0.000717614064187078,-0.707106599117154,-0.707106599117154));
#4723=DIRECTION('',(0.,0.707106781186548,-0.707106781186547));
#4724=DIRECTION('',(0.000717614064187078,0.707106599117154,-0.707106599117154));
#4725=DIRECTION('',(-0.241258428200151,-0.686097055121021,-0.686341898602041));
#4726=DIRECTION('',(0.000717614064187078,0.707106599117154,-0.707106599117154));
#4727=DIRECTION('',(0.,0.707106781186548,0.707106781186547));
#4728=DIRECTION('',(0.000717614064187078,-0.707106599117154,-0.707106599117154));
#4729=DIRECTION('',(0.,0.707106781186548,-0.707106781186548));
#4730=DIRECTION('',(0.000717614064186932,-0.707106599117154,-0.707106599117154));
#4731=DIRECTION('',(0.,0.707106781186548,-0.707106781186548));
#4732=DIRECTION('',(0.000717614064187078,0.707106599117154,-0.707106599117154));
#4733=DIRECTION('',(0.,0.707106781186548,0.707106781186548));
#4734=DIRECTION('',(0.000717614064186933,0.707106599117153,-0.707106599117155));
#4735=DIRECTION('',(0.,0.707106781186549,0.707106781186547));
#4736=DIRECTION('',(0.00101485928081352,0.,0.999999485030188));
#4737=DIRECTION('',(0.999999485030188,0.,-0.00101485928081352));
#4738=DIRECTION('',(0.00101485928081352,0.,0.999999485030188));
#4739=DIRECTION('',(0.999999485030188,0.,-0.00101485928081352));
#4740=DIRECTION('',(0.00101485928081352,0.,0.999999485030188));
#4741=DIRECTION('',(0.999999485030188,0.,-0.00101485928081352));
#4742=DIRECTION('',(0.00101485928081352,0.,0.999999485030188));
#4743=DIRECTION('',(0.999999485030188,0.,-0.00101485928081352));
#4744=DIRECTION('',(0.00101485928081392,0.,0.999999485030188));
#4745=DIRECTION('',(0.999999485030188,0.,-0.00101485928081392));
#4746=DIRECTION('',(-0.984807753012208,0.,0.17364817766693));
#4747=DIRECTION('',(0.,-1.,0.));
#4748=DIRECTION('',(-0.984807753012208,0.,0.17364817766693));
#4749=DIRECTION('',(0.17364817766693,0.,0.984807753012208));
#4750=DIRECTION('',(-0.984807753012208,0.,0.17364817766693));
#4751=DIRECTION('',(0.17364817766693,0.,0.984807753012208));
#4752=DIRECTION('',(-0.984807753012208,0.,0.17364817766693));
#4753=DIRECTION('',(0.17364817766693,0.,0.984807753012208));
#4754=DIRECTION('',(-0.984807753012208,0.,0.17364817766693));
#4755=DIRECTION('',(0.17364817766693,0.,0.984807753012208));
#4756=DIRECTION('',(-0.984807753012208,0.,0.17364817766693));
#4757=DIRECTION('',(0.17364817766693,0.,0.984807753012208));
#4758=DIRECTION('',(0.984807753012208,0.,-0.173648177666931));
#4759=DIRECTION('',(-0.173648177666931,0.,-0.984807753012208));
#4760=DIRECTION('',(-0.00101485928081393,0.,-0.999999485030188));
#4761=DIRECTION('',(-0.999999485030188,0.,0.00101485928081393));
#4762=DIRECTION('',(0.00101485928081392,0.,0.999999485030188));
#4763=DIRECTION('',(0.999999485030188,0.,-0.00101485928081392));
#4764=DIRECTION('',(0.696364419623323,-0.707106599117154,-0.122787835584983));
#4765=DIRECTION('',(0.712498112559344,0.701674026595949,0.));
#4766=DIRECTION('',(-0.696364419623323,0.707106599117154,0.122787835584984));
#4767=DIRECTION('',(-0.712498112559344,-0.701674026595949,0.));
#4768=DIRECTION('',(0.696364419623322,0.707106599117156,-0.122787835584983));
#4769=DIRECTION('',(-0.712498112559346,0.701674026595947,0.));
#4770=DIRECTION('',(-0.696364419623322,-0.707106599117155,0.122787835584983));
#4771=DIRECTION('',(0.712498112559345,-0.701674026595948,0.));
#4772=DIRECTION('',(0.000717614064186933,0.707106599117153,-0.707106599117155));
#4773=DIRECTION('',(0.,0.707106781186549,0.707106781186547));
#4774=DIRECTION('',(0.000717614064186932,-0.707106599117154,-0.707106599117154));
#4775=DIRECTION('',(0.,0.707106781186548,-0.707106781186548));
#4776=DIRECTION('',(0.,1.,0.));
#4777=DIRECTION('',(0.,0.,1.));
#4778=DIRECTION('',(-0.70746549713778,0.,-0.70674788316598));
#4779=DIRECTION('',(-0.00101485928081352,0.,-0.999999485030188));
#4780=DIRECTION('',(0.,1.,0.));
#4781=DIRECTION('',(0.,0.,1.));
#4782=DIRECTION('',(0.70746549713778,0.,0.70674788316598));
#4783=DIRECTION('',(-0.00101485928081352,0.,-0.999999485030188));
#4784=DIRECTION('',(-0.00101485928081352,0.,-0.999999485030188));
#4785=DIRECTION('',(-0.999999485030188,0.,0.00101485928081352));
#4786=DIRECTION('',(-0.999999485030187,0.,0.00101485928081352));
#4787=DIRECTION('',(0.00101485928081352,0.,0.999999485030188));
#4788=DIRECTION('',(-0.17364817766693,0.,-0.984807753012208));
#4789=DIRECTION('',(-0.984807753012208,0.,0.17364817766693));
#4790=DIRECTION('',(-0.17364817766693,0.,-0.984807753012208));
#4791=DIRECTION('',(-0.984807753012208,0.,0.17364817766693));
#4792=DIRECTION('',(-0.17364817766693,0.,-0.984807753012208));
#4793=DIRECTION('',(-0.984807753012208,0.,0.17364817766693));
#4794=DIRECTION('',(-0.17364817766693,1.96261607869893E-17,-0.984807753012208));
#4795=DIRECTION('',(-0.984807753012208,0.,0.17364817766693));
#4796=DIRECTION('',(-0.17364817766693,0.,-0.984807753012208));
#4797=DIRECTION('',(-0.984807753012208,0.,0.17364817766693));
#4798=DIRECTION('',(-0.999999485030187,0.,0.00101485928081352));
#4799=DIRECTION('',(0.00101485928081352,0.,0.999999485030188));
#4800=DIRECTION('',(-0.999999485030187,0.,0.00101485928081352));
#4801=DIRECTION('',(0.00101485928081352,0.,0.999999485030188));
#4802=DIRECTION('',(-0.999998882397293,-0.000419995893063259,0.00143485456228938));
#4803=DIRECTION('',(0.0014348546888411,0.,0.999998970595481));
#4804=DIRECTION('',(-0.173819485144921,0.000419995729435779,-0.984777441957086));
#4805=DIRECTION('',(-0.984777528812702,0.,0.17381950047549));
#4806=DIRECTION('',(-0.17364817766693,0.,-0.984807753012208));
#4807=DIRECTION('',(-0.984807753012208,0.,0.17364817766693));
#4808=DIRECTION('',(-0.999999485030187,0.,0.00101485928081352));
#4809=DIRECTION('',(0.00101485928081352,0.,0.999999485030188));
#4810=DIRECTION('',(-0.999999725303262,0.,0.000741210766690151));
#4811=DIRECTION('',(0.000741210766690151,0.,0.999999725303262));
#4812=DIRECTION('',(-0.173648177776907,0.,-0.984807752992816));
#4813=DIRECTION('',(-0.984807752992816,0.,0.173648177776907));
#4814=DIRECTION('',(-0.17364817766693,0.,-0.984807753012208));
#4815=DIRECTION('',(-0.984807753012208,0.,0.17364817766693));
#4816=DIRECTION('',(-0.999999485030187,0.,0.00101485928081352));
#4817=DIRECTION('',(0.00101485928081352,0.,0.999999485030188));
#4818=DIRECTION('',(-0.999999485030187,-2.84685044832331E-16,0.00101485928081374));
#4819=DIRECTION('',(0.00101485928081374,0.,0.999999485030187));
#4820=DIRECTION('',(-0.999999827089876,1.24902138565489E-10,0.000588064808606512));
#4821=DIRECTION('',(0.000588064808606512,0.,0.999999827089876));
#4822=DIRECTION('',(-0.961543284900978,-2.6893274102389E-16,-0.274653438467165));
#4823=DIRECTION('',(-0.274653438467165,0.,0.961543284900978));
#4824=DIRECTION('',(-0.173648177531364,-1.37658406030877E-10,-0.984807753036112));
#4825=DIRECTION('',(-0.984807753036112,0.,0.173648177531364));
#4826=DIRECTION('',(-0.17364817766693,-5.74837297917485E-18,-0.984807753012208));
#4827=DIRECTION('',(-0.984807753012208,0.,0.17364817766693));
#4828=DIRECTION('',(-0.999999485030187,0.,0.00101485928081352));
#4829=DIRECTION('',(0.00101485928081352,0.,0.999999485030188));
#4830=DIRECTION('',(-0.999999485030187,-1.0842021724855E-19,0.00101485928081352));
#4831=DIRECTION('',(0.00101485928081352,0.,0.999999485030188));
#4832=DIRECTION('',(-0.999999485030188,2.85995232415387E-16,0.00101485928081374));
#4833=DIRECTION('',(0.00101485928081374,0.,0.999999485030188));
#4834=DIRECTION('',(-0.99999946940391,0.000176783966239617,0.00101485926495526));
#4835=DIRECTION('',(0.00101485928081374,0.,0.999999485030188));
#4836=DIRECTION('',(-0.961543284900978,3.69782518907847E-16,-0.274653438467165));
#4837=DIRECTION('',(-0.274653438467165,0.,0.961543284900978));
#4838=DIRECTION('',(-0.173227848396341,-0.000176783913687067,-0.984881760054181));
#4839=DIRECTION('',(-0.984881775444216,0.,0.173227851103247));
#4840=DIRECTION('',(-0.17364817766693,0.,-0.984807753012208));
#4841=DIRECTION('',(-0.984807753012208,0.,0.17364817766693));
#4842=DIRECTION('',(-0.999999485030187,-1.0842021724855E-19,0.00101485928081352));
#4843=DIRECTION('',(0.00101485928081352,0.,0.999999485030188));
#4844=DIRECTION('',(-0.999999485030187,0.,0.00101485928081352));
#4845=DIRECTION('',(0.00101485928081352,0.,0.999999485030188));
#4846=DIRECTION('',(-0.999999643962418,0.000193498842600319,0.000821360599507638));
#4847=DIRECTION('',(0.000821360614884249,0.,0.999999662683313));
#4848=DIRECTION('',(-0.173569241732087,-0.000193498928813507,-0.984821649276006));
#4849=DIRECTION('',(-0.984821667712772,0.,0.173569244981463));
#4850=DIRECTION('',(-0.17364817766693,0.,-0.984807753012208));
#4851=DIRECTION('',(-0.984807753012208,0.,0.17364817766693));
#4852=DIRECTION('',(-0.999999485030187,0.,0.00101485928081352));
#4853=DIRECTION('',(0.00101485928081352,0.,0.999999485030188));
#4854=DIRECTION('',(-0.999998705844194,0.,0.00160882253109542));
#4855=DIRECTION('',(0.00160882253109542,0.,0.999998705844194));
#4856=DIRECTION('',(-0.173648177998,0.,-0.984807752953832));
#4857=DIRECTION('',(-0.984807752953832,0.,0.173648177998));
#4858=DIRECTION('',(-0.17364817766693,0.,-0.984807753012208));
#4859=DIRECTION('',(-0.984807753012208,0.,0.17364817766693));
#4860=DIRECTION('',(-0.999999485030187,0.,0.00101485928081352));
#4861=DIRECTION('',(0.00101485928081352,0.,0.999999485030188));
#4862=DIRECTION('',(-0.999999485030187,0.,0.00101485928081352));
#4863=DIRECTION('',(0.00101485928081352,0.,0.999999485030188));
#4864=DIRECTION('',(-0.999999485030187,4.49091638998035E-20,0.00101485928081352));
#4865=DIRECTION('',(0.00101485928081352,0.,0.999999485030188));
#4866=DIRECTION('',(-0.999999485030187,4.49091638998035E-20,0.00101485928081352));
#4867=DIRECTION('',(0.00101485928081352,0.,0.999999485030188));
#4868=DIRECTION('',(0.57399202458819,0.,-0.818860889107027));
#4869=DIRECTION('',(0.,1.,0.));
#4870=DIRECTION('',(0.370190171252239,-0.499820564286777,-0.783031698352171));
#4871=DIRECTION('',(0.696488494055886,0.707106781186547,-0.122081029024845));
#4872=DIRECTION('',(-0.122081029024846,-0.707106781186544,-0.696488494055889));
#4873=DIRECTION('',(0.984983474330646,0.,-0.172648646955399));
#4874=DIRECTION('',(-0.614705632604748,-0.500179371341969,-0.609883252539328));
#4875=DIRECTION('',(0.696488494055885,-0.707106781186548,-0.122081029024845));
#4876=DIRECTION('',(-0.614705632604748,-0.500179371341969,-0.609883252539328));
#4877=DIRECTION('',(0.369482889093868,0.500538178027444,-0.782907355313396));
#4878=DIRECTION('',(-0.55082831083742,-0.281215863833717,0.785815379022485));
#4879=DIRECTION('',(-0.818860889107028,0.,-0.573992024588189));
#4880=DIRECTION('',(0.,-1.,0.));
#4881=DIRECTION('',(-0.818860889107028,0.,-0.573992024588189));
#4882=DIRECTION('',(0.573992024588189,-8.13355528342609E-18,-0.818860889107028));
#4883=DIRECTION('',(-0.818860889107028,0.,-0.573992024588189));
#4884=DIRECTION('',(0.573992024588189,0.,-0.818860889107028));
#4885=DIRECTION('',(0.55082831083742,-0.281215863833713,-0.785815379022486));
#4886=DIRECTION('',(-0.614705632604749,0.50017937134197,-0.609883252539326));
#4887=DIRECTION('',(-0.696488494055885,-0.707106781186547,0.122081029024845));
#4888=DIRECTION('',(-0.614705632604749,0.50017937134197,-0.609883252539326));
#4889=DIRECTION('',(0.369482889093866,-0.500538178027443,-0.782907355313397));
#4890=DIRECTION('',(-0.122081029024846,0.707106781186544,-0.696488494055889));
#4891=DIRECTION('',(-0.984983474330646,0.,0.172648646955399));
#4892=DIRECTION('',(0.370190171252238,0.499820564286777,-0.783031698352172));
#4893=DIRECTION('',(-0.696488494055885,0.707106781186548,0.122081029024845));
#4894=DIRECTION('',(0.57399202458819,0.,-0.818860889107027));
#4895=DIRECTION('',(0.,1.,0.));
#4896=DIRECTION('',(-0.70674788316598,0.,0.70746549713778));
#4897=DIRECTION('',(0.,-1.,0.));
#4898=DIRECTION('',(-0.70674788316598,0.,0.70746549713778));
#4899=DIRECTION('',(0.,-1.,0.));
#4900=DIRECTION('',(-0.706853020767335,0.500179371341969,0.500179371341969));
#4901=DIRECTION('',(0.,-0.707106781186548,0.707106781186548));
#4902=DIRECTION('',(-0.706853020767334,-0.500179371341969,0.500179371341969));
#4903=DIRECTION('',(0.,-0.707106781186548,-0.707106781186548));
#4904=DIRECTION('',(-0.707106781186548,0.707106781186548,0.));
#4905=DIRECTION('',(0.,0.,1.));
#4906=DIRECTION('',(-0.707106781186548,-0.707106781186548,0.));
#4907=DIRECTION('',(0.,0.,-1.));
#4908=DIRECTION('',(-0.70736045057106,0.499820564286778,-0.499820564286778));
#4909=DIRECTION('',(0.,0.707106781186548,0.707106781186548));
#4910=DIRECTION('',(-0.707360450571061,-0.499820564286777,-0.499820564286777));
#4911=DIRECTION('',(0.,0.707106781186548,-0.707106781186548));
#4912=DIRECTION('',(-0.707465497137779,0.,-0.706747883165981));
#4913=DIRECTION('',(0.,1.,0.));
#4914=DIRECTION('',(0.64278760968654,0.,-0.766044443118978));
#4915=DIRECTION('',(-0.766044443118978,0.,-0.64278760968654));
#4916=DIRECTION('',(0.,1.,0.));
#4917=DIRECTION('',(0.,1.,0.));
#4918=DIRECTION('',(0.64278760968654,0.,-0.766044443118978));
#4919=DIRECTION('',(-0.766044443118978,0.,-0.64278760968654));
#4920=DIRECTION('',(-1.90442492464041E-16,1.,7.53957005456157E-15));
#4921=DIRECTION('',(0.,-7.53957005456157E-15,1.));
#4922=DIRECTION('',(0.709362443375144,-0.377506573554345,0.595225764607098));
#4923=DIRECTION('',(0.64278760968654,0.,-0.766044443118978));
#4924=DIRECTION('',(0.709362443375272,0.377506573553933,0.595225764607207));
#4925=DIRECTION('',(0.642787609686541,0.,-0.766044443118977));
#4926=DIRECTION('',(0.,-1.,0.));
#4927=DIRECTION('',(0.,0.,-1.));
#4928=DIRECTION('',(0.,1.,0.));
#4929=DIRECTION('',(0.,0.,1.));
#4930=DIRECTION('',(0.64278760968654,0.,-0.766044443118978));
#4931=DIRECTION('',(-0.766044443118978,0.,-0.64278760968654));
#4932=DIRECTION('',(5.54144378076501E-15,1.,4.64982343262957E-15));
#4933=DIRECTION('',(-1.,5.54144378076501E-15,0.));
#4934=DIRECTION('',(0.64278760968654,0.,-0.766044443118978));
#4935=DIRECTION('',(-0.766044443118978,0.,-0.64278760968654));
#4936=DIRECTION('',(0.709362443375148,0.377506573554321,0.595225764607108));
#4937=DIRECTION('',(0.642787609686544,0.,-0.766044443118974));
#4938=DIRECTION('',(0.,-1.,0.));
#4939=DIRECTION('',(0.,0.,-1.));
#4940=DIRECTION('',(-8.47514931175822E-15,1.,-7.11149466166873E-15));
#4941=DIRECTION('',(-1.,-8.47514931175822E-15,0.));
#4942=DIRECTION('',(0.709362443375277,-0.377506573553927,0.595225764607204));
#4943=DIRECTION('',(0.642787609686536,0.,-0.766044443118981));
#4944=DIRECTION('',(0.64278760968654,0.,-0.766044443118978));
#4945=DIRECTION('',(-0.766044443118978,0.,-0.64278760968654));
#4946=DIRECTION('',(0.,-1.,0.));
#4947=DIRECTION('',(1.,0.,0.));
#4948=DIRECTION('',(0.766370652961062,0.,0.64239864747681));
#4949=DIRECTION('',(0.,-1.,0.));
#4950=DIRECTION('',(1.,0.,0.));
#4951=DIRECTION('',(0.766370652961062,0.,0.64239864747681));
#4952=DIRECTION('',(-0.64239864747681,0.,0.766370652961062));
#4953=DIRECTION('',(0.766370652961062,0.,0.64239864747681));
#4954=DIRECTION('',(0.766370652961062,0.,0.64239864747681));
#4955=DIRECTION('',(0.766370652961062,0.,0.64239864747681));
#4956=DIRECTION('',(-0.17364817766693,0.,-0.984807753012208));
#4957=DIRECTION('',(-0.984807753012208,0.,0.17364817766693));
#4958=DIRECTION('',(0.,-1.,0.));
#4959=DIRECTION('',(-0.984807753012208,0.,0.17364817766693));
#4960=DIRECTION('',(0.,-1.,0.));
#4961=DIRECTION('',(-0.984807753012208,0.,0.17364817766693));
#4962=DIRECTION('',(-0.984807753012208,0.,0.17364817766693));
#4963=DIRECTION('',(0.17364817766693,0.,0.984807753012208));
#4964=DIRECTION('',(-0.984807753012208,0.,0.17364817766693));
#4965=DIRECTION('',(0.17364817766693,0.,0.984807753012208));
#4966=DIRECTION('',(-0.984807753012208,0.,0.17364817766693));
#4967=DIRECTION('',(-0.984807753012208,0.,0.17364817766693));
#4968=DIRECTION('',(0.17364817766693,0.,0.984807753012208));
#4969=DIRECTION('',(-0.17364817766693,0.,-0.984807753012208));
#4970=DIRECTION('',(-0.984807753012208,0.,0.17364817766693));
#4971=DIRECTION('',(0.,-1.,0.));
#4972=DIRECTION('',(-0.984807753012208,0.,0.17364817766693));
#4973=DIRECTION('',(0.,-1.,0.));
#4974=DIRECTION('',(0.0756914858180147,-0.9,0.429267747419558));
#4975=DIRECTION('',(0.,-0.430502737198265,-0.902589271631788));
#4976=DIRECTION('',(-0.984807753012208,0.,0.17364817766693));
#4977=DIRECTION('',(0.156283359900238,0.435889894354068,0.886326977710987));
#4978=DIRECTION('',(-0.984807753012208,0.,0.17364817766693));
#4979=DIRECTION('',(0.17364817766693,0.,0.984807753012208));
#4980=DIRECTION('',(0.984807753012208,0.,-0.17364817766693));
#4981=DIRECTION('',(-0.984807753012208,0.,0.17364817766693));
#4982=DIRECTION('',(0.,1.,0.));
#4983=DIRECTION('',(-0.0756914858180147,0.9,-0.429267747419558));
#4984=DIRECTION('',(0.,0.430502737198265,0.902589271631788));
#4985=DIRECTION('',(-0.984807753012208,0.,0.17364817766693));
#4986=DIRECTION('',(-0.156283359900238,-0.435889894354068,-0.886326977710987));
#4987=DIRECTION('',(-0.984807753012208,0.,0.17364817766693));
#4988=DIRECTION('',(0.17364817766693,0.,0.984807753012208));
#4989=DIRECTION('',(-0.984807753012208,0.,0.17364817766693));
#4990=DIRECTION('',(0.984807753012208,0.,-0.17364817766693));
#4991=DIRECTION('',(0.17364817766693,0.,0.984807753012208));
#4992=DIRECTION('',(-0.17364817766693,0.,-0.984807753012208));
#4993=DIRECTION('',(-0.984807753012208,0.,0.17364817766693));
#4994=DIRECTION('',(-0.984807753012208,0.,0.17364817766693));
#4995=DIRECTION('',(0.,-1.,0.));
#4996=DIRECTION('',(-8.36754362109484E-18,1.,-4.74546980131733E-17));
#4997=DIRECTION('',(0.,4.74546980131733E-17,1.));
#4998=DIRECTION('',(-0.984807753012208,0.,0.17364817766693));
#4999=DIRECTION('',(-0.17364817766693,-4.81867632215778E-17,-0.984807753012208));
#5000=DIRECTION('',(-0.17364817766693,0.,-0.984807753012208));
#5001=DIRECTION('',(-0.984807753012208,0.,0.17364817766693));
#5002=DIRECTION('',(-0.984807753012208,0.,0.17364817766693));
#5003=DIRECTION('',(0.,-1.,0.));
#5004=DIRECTION('',(-5.22971476318433E-17,1.,-2.96591862582336E-16));
#5005=DIRECTION('',(0.,2.96591862582336E-16,1.));
#5006=DIRECTION('',(-0.17364817766693,-3.01167270134864E-16,-0.984807753012208));
#5007=DIRECTION('',(-1.45515706742014E-17,-1.,-8.25260582114809E-17));
#5008=DIRECTION('',(0.,8.25260582114809E-17,-1.));
#5009=DIRECTION('',(0.17364817766693,-8.37991556819698E-17,0.984807753012208));
#5010=DIRECTION('',(0.17364817766693,-8.37991556819698E-17,0.984807753012208));
#5011=DIRECTION('',(-0.984807753012208,0.,0.17364817766693));
#5012=DIRECTION('',(0.,-1.,0.));
#5013=DIRECTION('',(-0.984807753012208,0.,0.17364817766693));
#5014=DIRECTION('',(0.17364817766693,0.,0.984807753012208));
#5015=DIRECTION('',(-0.17364817766693,-5.74837297917485E-18,-0.984807753012208));
#5016=DIRECTION('',(-0.984807753012208,0.,0.17364817766693));
#5017=DIRECTION('',(-0.17364817766693,0.,-0.984807753012208));
#5018=DIRECTION('',(-0.984807753012208,0.,0.17364817766693));
#5019=DIRECTION('',(-0.17364817766693,1.96261607869893E-17,-0.984807753012208));
#5020=DIRECTION('',(-0.984807753012208,0.,0.17364817766693));
#5021=DIRECTION('',(0.766370652961062,0.,0.64239864747681));
#5022=DIRECTION('',(0.64239864747681,0.,-0.766370652961062));
#5023=DIRECTION('',(-0.766370652961062,0.,-0.64239864747681));
#5024=DIRECTION('',(-0.64239864747681,0.,0.766370652961062));
#5025=CARTESIAN_POINT('',(0.,0.,0.));
#5026=CARTESIAN_POINT('',(-0.0763213167454478,-2.42861286636753E-17,0.042068364148297));
#5027=CARTESIAN_POINT('',(-0.0815307620754557,0.,0.0125241315579308));
#5028=CARTESIAN_POINT('',(-0.0805776833711911,0.00434924315907345,0.0179293094860914));
#5029=CARTESIAN_POINT('',(-0.0805776833711911,-0.00434924315907349,0.0179293094860914));
#5030=CARTESIAN_POINT('',(-0.0763213167454478,-0.00434924315907349,0.042068364148297));
#5031=CARTESIAN_POINT('',(-0.0763213167454486,-0.00434924254298426,0.0420683641482971));
#5032=CARTESIAN_POINT('',(-0.0763213167454486,-2.42861286636753E-17,0.0420683641482971));
#5033=CARTESIAN_POINT('',(-0.0763213167454486,0.00434924254298422,0.0420683641482971));
#5034=CARTESIAN_POINT('',(-0.0763213167454478,0.00434924315907345,0.042068364148297));
#5035=CARTESIAN_POINT('',(-0.0794466313074944,-0.00136258024716319,0.0243438244919756));
#5036=CARTESIAN_POINT('',(-0.0794466313074944,-0.00211258024716319,0.0243438244919756));
#5037=CARTESIAN_POINT('',(-0.0794466313074944,-0.000612580247163184,0.0243438244919756));
#5038=CARTESIAN_POINT('',(-0.0791805311102745,0.000129599770772477,0.0258529537026659));
#5039=CARTESIAN_POINT('',(-0.079134064587694,0.000259199541544953,0.0261164784473976));
#5040=CARTESIAN_POINT('',(-0.0792903479475942,0.000259199541544954,0.0252301514696866));
#5041=CARTESIAN_POINT('',(-0.0794466313074944,0.000259199541544954,0.0243438244919755));
#5042=CARTESIAN_POINT('',(-0.0794466313074944,0.000884199541544951,0.0243438244919756));
#5043=CARTESIAN_POINT('',(-0.0794466313074944,0.00150919954154495,0.0243438244919756));
#5044=CARTESIAN_POINT('',(-0.0790559229077438,0.00150919954154495,0.0265596419362531));
#5045=CARTESIAN_POINT('',(-0.0786652145079932,0.00150919954154495,0.0287754593805306));
#5046=CARTESIAN_POINT('',(-0.0786652145079933,0.000884199541544951,0.0287754593805306));
#5047=CARTESIAN_POINT('',(-0.0786652145079932,-0.000740800458455047,0.0287754593805306));
#5048=CARTESIAN_POINT('',(-0.0788636386167456,-0.000740800458455045,0.0276501403399893));
#5049=CARTESIAN_POINT('',(-0.0790559229077438,-0.00102285551127801,0.0265596419362531));
#5050=CARTESIAN_POINT('',(-0.0792512771076191,-0.0015677178792206,0.0254517332141143));
#5051=CARTESIAN_POINT('',(-0.0400216536272935,0.,0.0356837271343148));
#5052=CARTESIAN_POINT('',(-0.0399999794012075,-1.12757025938492E-17,0.0415405943712325));
#5053=CARTESIAN_POINT('',(-0.0399999794012075,0.00434924315907345,0.0415405943712325));
#5054=CARTESIAN_POINT('',(-0.0399999794012075,0.0025,0.0415405943712325));
#5055=CARTESIAN_POINT('',(-0.0400216536272935,0.0025,0.0356837271343148));
#5056=CARTESIAN_POINT('',(-0.0457868290411985,0.0025,0.0367162560926798));
#5057=CARTESIAN_POINT('',(-0.0457868290411985,-1.12757025938492E-17,0.0367162560926798));
#5058=CARTESIAN_POINT('',(-0.0457868290411985,0.00434924315907345,0.0367162560926798));
#5059=CARTESIAN_POINT('',(-0.0457868290411985,0.00434925042683736,0.0367162560926798));
#5060=CARTESIAN_POINT('',(-0.0455444431571234,0.00434925042683738,0.0380696294080007));
#5061=CARTESIAN_POINT('',(-0.0440922254170635,0.00434830862473772,0.0405506106069939));
#5062=CARTESIAN_POINT('',(-0.0413748773363015,0.00435113403103657,0.0415456823897047));
#5063=CARTESIAN_POINT('',(-0.0399999794012075,0.00434924745241149,0.0415405943712325));
#5064=CARTESIAN_POINT('',(-0.0400216536272935,0.,0.0356837271343148));
#5065=CARTESIAN_POINT('',(-0.0399999794012075,0.00434924266861616,0.0725405943712326));
#5066=CARTESIAN_POINT('',(-0.0434574208686439,0.00434924266861617,0.0725426275708413));
#5067=CARTESIAN_POINT('',(-0.046858548567372,0.0043492426686162,0.0720618054334242));
#5068=CARTESIAN_POINT('',(-0.0501445206953863,0.0043492426686162,0.0711232064563023));
#5069=CARTESIAN_POINT('',(-0.0399999794012075,0.0043492424913594,0.0725405943712326));
#5070=CARTESIAN_POINT('',(-0.0501445206953863,0.0043492426686162,0.0711232064563023));
#5071=CARTESIAN_POINT('',(-0.0501445206953863,0.,0.0711232064563023));
#5072=CARTESIAN_POINT('',(-0.0501445206953863,-0.00434924266861622,0.0711232064563023));
#5073=CARTESIAN_POINT('',(-0.0501445206953863,-0.0043492426686162,0.0711232064563024));
#5074=CARTESIAN_POINT('',(-0.0468594539751346,-0.00434924266861621,0.0720615468144321));
#5075=CARTESIAN_POINT('',(-0.0434570758986258,-0.00434924266861619,0.0725426273679766));
#5076=CARTESIAN_POINT('',(-0.0399999794012075,-0.0043492426686162,0.0725405943712326));
#5077=CARTESIAN_POINT('',(-0.0399999794012075,-0.00434924249135945,0.0725405943712326));
#5078=CARTESIAN_POINT('',(-0.0399999794012075,-2.42861286636753E-17,0.0725405943712326));
#5079=CARTESIAN_POINT('',(-0.0731649102071638,-0.00434924266861622,0.0518068061074126));
#5080=CARTESIAN_POINT('',(-0.0731649102071638,-0.00642031020587168,0.0518068061074126));
#5081=CARTESIAN_POINT('',(-0.071848000774325,-0.00788477624306532,0.051166173985614));
#5082=CARTESIAN_POINT('',(-0.0746614139169215,-0.00434924266872266,0.0487305322450823));
#5083=CARTESIAN_POINT('',(-0.0746614139167965,-0.00642031020595912,0.0487305322449228));
#5084=CARTESIAN_POINT('',(-0.073285042618868,-0.00788477624321688,0.0482121323503436));
#5085=CARTESIAN_POINT('',(-0.0757238310750249,-0.00434924266856844,0.0454648667267614));
#5086=CARTESIAN_POINT('',(-0.0757238310752935,-0.00642031020589969,0.0454648667267702));
#5087=CARTESIAN_POINT('',(-0.0743052458453891,-0.00788477624284154,0.0450762243203533));
#5088=CARTESIAN_POINT('',(-0.0763211613778159,-0.00434924266861626,0.0420692474233454));
#5089=CARTESIAN_POINT('',(-0.0763211613778159,-0.00642031020587171,0.0420692474233454));
#5090=CARTESIAN_POINT('',(-0.0748788419108418,-0.00788477624306536,0.0418155260703474));
#5091=CARTESIAN_POINT('',(-0.0718480007743338,-0.00788477624306534,0.0511661739855961));
#5092=CARTESIAN_POINT('',(-0.0732870036740085,-0.00788477624306535,0.0482081011260174));
#5093=CARTESIAN_POINT('',(-0.0743023959802839,-0.00788477765203841,0.0450924166989239));
#5094=CARTESIAN_POINT('',(-0.0748788419108418,-0.00788477624306532,0.0418155260703474));
#5095=CARTESIAN_POINT('',(-0.0718480007743338,-0.00788477624306533,0.0511661739855961));
#5096=CARTESIAN_POINT('',(-0.0748788421676768,-0.00788477598231476,0.0418155261153656));
#5097=CARTESIAN_POINT('',(-0.0686686991434262,-0.0043492426686162,0.0496195507335883));
#5098=CARTESIAN_POINT('',(-0.0731649102071638,-0.00434924266861623,0.0518068061074125));
#5099=CARTESIAN_POINT('',(-0.0763211613778159,-0.00434924266861622,0.0420692474233455));
#5100=CARTESIAN_POINT('',(-0.075722236406993,-0.00434924266861622,0.0454739318713322));
#5101=CARTESIAN_POINT('',(-0.0746612368935169,-0.00434924266861623,0.0487308961415892));
#5102=CARTESIAN_POINT('',(-0.0731649102071638,-0.00434924266861622,0.0518068061074125));
#5103=CARTESIAN_POINT('',(-0.0763211613778159,-0.00434924266861622,0.0420692474233455));
#5104=CARTESIAN_POINT('',(-0.0713967735777572,-0.00434924266861622,0.041202988342797));
#5105=CARTESIAN_POINT('',(-0.0718480007743251,0.0078847762430653,0.0511661739856139));
#5106=CARTESIAN_POINT('',(-0.0731649102071638,0.00642031020587166,0.0518068061074124));
#5107=CARTESIAN_POINT('',(-0.0731649102071638,0.00434924266861621,0.0518068061074124));
#5108=CARTESIAN_POINT('',(-0.0732850426188607,0.00788477624318402,0.0482121323504336));
#5109=CARTESIAN_POINT('',(-0.0746614139164002,0.00642031020587166,0.0487305322448935));
#5110=CARTESIAN_POINT('',(-0.0746614139169006,0.00434924266861749,0.0487305322451252));
#5111=CARTESIAN_POINT('',(-0.0743052458451805,0.00788477624301014,0.0450762243205656));
#5112=CARTESIAN_POINT('',(-0.0757238310749108,0.00642031020592344,0.0454648667268388));
#5113=CARTESIAN_POINT('',(-0.0757238310749831,0.00434924266867825,0.0454648667269988));
#5114=CARTESIAN_POINT('',(-0.0748788419108418,0.00788477624306531,0.0418155260703474));
#5115=CARTESIAN_POINT('',(-0.0763211613778159,0.00642031020587168,0.0420692474233454));
#5116=CARTESIAN_POINT('',(-0.0763211613778159,0.00434924266861622,0.0420692474233454));
#5117=CARTESIAN_POINT('',(-0.0731649102071726,0.0043492426686162,0.0518068061073944));
#5118=CARTESIAN_POINT('',(-0.0746634562920075,0.00434924266861621,0.0487263338558236));
#5119=CARTESIAN_POINT('',(-0.0757207451645942,0.00434924266861617,0.045482409076409));
#5120=CARTESIAN_POINT('',(-0.0763211613778159,0.00434924266861617,0.0420692474233455));
#5121=CARTESIAN_POINT('',(-0.0731649102071726,0.00434924266861616,0.0518068061073944));
#5122=CARTESIAN_POINT('',(-0.0763211613778332,0.00434924238228024,0.0420692474232474));
#5123=CARTESIAN_POINT('',(-0.0686686991434262,0.00434924266861618,0.0496195507335882));
#5124=CARTESIAN_POINT('',(-0.0718480007743336,0.00788477624306526,0.0511661739855966));
#5125=CARTESIAN_POINT('',(-0.0748788419108418,0.00788477624306526,0.0418155260703474));
#5126=CARTESIAN_POINT('',(-0.0743037541342974,0.00788477764824599,0.0450846960778732));
#5127=CARTESIAN_POINT('',(-0.07328487262879,0.00788477624306528,0.048212481789201));
#5128=CARTESIAN_POINT('',(-0.0718480007743336,0.00788477624306528,0.0511661739855966));
#5129=CARTESIAN_POINT('',(-0.0748788419108418,0.00788477624306527,0.0418155260703474));
#5130=CARTESIAN_POINT('',(-0.0713967735777572,0.00434924266861615,0.041202988342797));
#5131=CARTESIAN_POINT('',(-0.04,0.,0.057));
#5132=CARTESIAN_POINT('',(-0.00843834146391702,0.00156888205142779,0.0683624589988746));
#5133=CARTESIAN_POINT('',(-0.00778711112652745,-3.65818266373741E-7,0.0684937317249858));
#5134=CARTESIAN_POINT('',(-0.00843789984176041,-0.00156741877836229,0.0683626141011824));
#5135=CARTESIAN_POINT('',(-0.0100021940456151,-0.00221620465422319,0.0682296604916964));
#5136=CARTESIAN_POINT('',(-0.0115714216717344,-0.00156776015600801,0.0683625910932461));
#5137=CARTESIAN_POINT('',(-0.0122200549423941,-6.11546555953369E-7,0.06849362317121));
#5138=CARTESIAN_POINT('',(-0.0115730558027263,0.00156548906509319,0.0683629160599582));
#5139=CARTESIAN_POINT('',(-0.0100057560268203,0.00221640644011085,0.0682296180555004));
#5140=CARTESIAN_POINT('',(-0.00843834146391702,0.00156888205142779,0.0683624589988746));
#5141=CARTESIAN_POINT('',(-0.00778711112652745,-3.65818266373741E-7,0.0684937317249858));
#5142=CARTESIAN_POINT('',(-0.00843789984176041,-0.00156741877836229,0.0683626141011824));
#5143=CARTESIAN_POINT('',(-0.00800411430196454,2.52286315219999E-19,0.06845));
#5144=CARTESIAN_POINT('',(-0.00844393787198405,-0.00698362111741611,0.0479007664425874));
#5145=CARTESIAN_POINT('',(-0.0100135014794246,-0.00643193597425101,0.0475317525967751));
#5146=CARTESIAN_POINT('',(-0.0115808175874171,-0.0069832359074671,0.0479005845492401));
#5147=CARTESIAN_POINT('',(-0.0122292074946194,-0.00817598648511919,0.0489218204441262));
#5148=CARTESIAN_POINT('',(-0.0115804121801512,-0.00918542447861926,0.0501300629766477));
#5149=CARTESIAN_POINT('',(-0.0100136059288459,-0.00954705425466665,0.0506857143889018));
#5150=CARTESIAN_POINT('',(-0.00844787088692577,-0.00918622854616656,0.0501312963538267));
#5151=CARTESIAN_POINT('',(-0.00779656311497856,-0.00817840141783598,0.0489242126690918));
#5152=CARTESIAN_POINT('',(-0.00844393787198405,-0.00698362111741611,0.0479007664425874));
#5153=CARTESIAN_POINT('',(-0.0100135014794246,-0.00643193597425101,0.0475317525967751));
#5154=CARTESIAN_POINT('',(-0.0115808175874171,-0.0069832359074671,0.0479005845492401));
#5155=CARTESIAN_POINT('',(-0.0100131268961832,-0.00661576682031453,0.047654726896488));
#5156=CARTESIAN_POINT('',(-0.04,0.,0.057));
#5157=CARTESIAN_POINT('',(-0.04,0.,0.04555));
#5158=CARTESIAN_POINT('',(-0.0115817453182135,0.00918450485193207,0.0501288973394563));
#5159=CARTESIAN_POINT('',(-0.0100127847490236,0.00954765698032271,0.0506864876886909));
#5160=CARTESIAN_POINT('',(-0.00844598392070163,0.00918473762455201,0.0501293693057746));
#5161=CARTESIAN_POINT('',(-0.00779676182462777,0.00817874633694581,0.048924622002969));
#5162=CARTESIAN_POINT('',(-0.00844502840670577,0.00698266821027331,0.0478999785266952));
#5163=CARTESIAN_POINT('',(-0.0100123503305369,0.00643270350276727,0.0475323661129513));
#5164=CARTESIAN_POINT('',(-0.0115786759508085,0.00698111980413195,0.047898919181686));
#5165=CARTESIAN_POINT('',(-0.012229409355009,0.00817616266119249,0.048921938339695));
#5166=CARTESIAN_POINT('',(-0.0115817453182135,0.00918450485193207,0.0501288973394563));
#5167=CARTESIAN_POINT('',(-0.0100127847490236,0.00954765698032271,0.0506864876886909));
#5168=CARTESIAN_POINT('',(-0.00844598392070163,0.00918473762455201,0.0501293693057746));
#5169=CARTESIAN_POINT('',(-0.0100131447058349,0.00942664506629582,0.0505007028999991));
#5170=CARTESIAN_POINT('',(-0.04,0.001,0.0455937517123289));
#5171=CARTESIAN_POINT('',(0.,0.001,0.0455937517123289));
#5172=CARTESIAN_POINT('',(-0.0181253109671694,0.001,0.0455937517123289));
#5173=CARTESIAN_POINT('',(0.,0.,0.057));
#5174=CARTESIAN_POINT('',(0.,-0.001,0.0455937517123289));
#5175=CARTESIAN_POINT('',(-0.04,-0.001,0.0455937517123289));
#5176=CARTESIAN_POINT('',(-0.0181253109671694,-0.001,0.0455937517123289));
#5177=CARTESIAN_POINT('',(-0.0181253109671694,0.001,0.0455937517123289));
#5178=CARTESIAN_POINT('',(-0.0183612763956393,0.00166757867514397,0.0456522791666072));
#5179=CARTESIAN_POINT('',(-0.0192965933516204,0.00279959074793713,0.045880884104546));
#5180=CARTESIAN_POINT('',(-0.0215067329409145,0.00321028209467312,0.0460122353372863));
#5181=CARTESIAN_POINT('',(-0.0234390453496187,0.00210033034199601,0.045700413632533));
#5182=CARTESIAN_POINT('',(-0.0242107882171308,2.29452036910217E-6,0.0454749044599616));
#5183=CARTESIAN_POINT('',(-0.0234405115164967,-0.00209871524010764,0.0456999693754576));
#5184=CARTESIAN_POINT('',(-0.0215115214195533,-0.00320870803476757,0.0460118483793313));
#5185=CARTESIAN_POINT('',(-0.0193006850455146,-0.00280324700206137,0.0458817389282892));
#5186=CARTESIAN_POINT('',(-0.0183612813499952,-0.00166759269169884,0.0456522803954561));
#5187=CARTESIAN_POINT('',(-0.0181253109671694,-0.001,0.0455937517123289));
#5188=CARTESIAN_POINT('',(0.,-1.7347234759768E-17,0.057));
#5189=CARTESIAN_POINT('',(0.,0.001,0.0745111450931166));
#5190=CARTESIAN_POINT('',(0.,0.001,0.043502030749547));
#5191=CARTESIAN_POINT('',(0.,-1.7347234759768E-17,0.043502030749547));
#5192=CARTESIAN_POINT('',(0.,0.00434924315907345,0.043502030749547));
#5193=CARTESIAN_POINT('',(0.,0.00434924315907345,0.043502030749547));
#5194=CARTESIAN_POINT('',(0.,0.00513533276937279,0.0434988455649235));
#5195=CARTESIAN_POINT('',(0.,0.00591639780995217,0.0438220360141613));
#5196=CARTESIAN_POINT('',(0.,0.00647056295642491,0.0443807103122728));
#5197=CARTESIAN_POINT('',(0.,0.00647056295642491,0.0443807103122728));
#5198=CARTESIAN_POINT('',(0.,0.00954492632207605,0.0474550736779239));
#5199=CARTESIAN_POINT('',(0.,0.0126213197973514,0.0505314671531993));
#5200=CARTESIAN_POINT('',(0.,0.0126213197973514,0.0505314671531993));
#5201=CARTESIAN_POINT('',(0.,0.013179421870623,0.0510850646849121));
#5202=CARTESIAN_POINT('',(0.,0.0135031884589674,0.0518658920979943));
#5203=CARTESIAN_POINT('',(0.,0.0135,0.0526527891353838));
#5204=CARTESIAN_POINT('',(0.,0.0135,0.0526527891353838));
#5205=CARTESIAN_POINT('',(0.,0.0135,0.057));
#5206=CARTESIAN_POINT('',(0.,0.0135,0.06135127030383));
#5207=CARTESIAN_POINT('',(0.,0.0135,0.06135127030383));
#5208=CARTESIAN_POINT('',(0.,0.0135031851910622,0.0621373608372221));
#5209=CARTESIAN_POINT('',(0.,0.013179994465679,0.0629184267807625));
#5210=CARTESIAN_POINT('',(0.,0.0126213197973514,0.0634725922860144));
#5211=CARTESIAN_POINT('',(0.,0.0126213197973514,0.0634725922860144));
#5212=CARTESIAN_POINT('',(0.,0.00954695604168293,0.0665469560416829));
#5213=CARTESIAN_POINT('',(0.,0.00647056295642491,0.069623349126941));
#5214=CARTESIAN_POINT('',(0.,0.00647056295642491,0.069623349126941));
#5215=CARTESIAN_POINT('',(0.,0.00591696578310922,0.0701814508303902));
#5216=CARTESIAN_POINT('',(0.,0.00513613927240292,0.0705052171421887));
#5217=CARTESIAN_POINT('',(0.,0.00434924315907344,0.0705020286896667));
#5218=CARTESIAN_POINT('',(0.,0.00434924315907345,0.0705020286896667));
#5219=CARTESIAN_POINT('',(0.,-1.7347234759768E-17,0.0705020286896667));
#5220=CARTESIAN_POINT('',(0.,-0.00434924315907349,0.0705020286896667));
#5221=CARTESIAN_POINT('',(0.,-0.00434924315907349,0.0705020286896667));
#5222=CARTESIAN_POINT('',(0.,-0.00513533276938063,0.0705052138742902));
#5223=CARTESIAN_POINT('',(0.,-0.00591639780995772,0.0701820234250469));
#5224=CARTESIAN_POINT('',(0.,-0.00647056295642495,0.069623349126941));
#5225=CARTESIAN_POINT('',(0.,-0.00647056295642495,0.069623349126941));
#5226=CARTESIAN_POINT('',(0.,-0.00954695604168297,0.066546956041683));
#5227=CARTESIAN_POINT('',(0.,-0.0126213197973515,0.0634725922860144));
#5228=CARTESIAN_POINT('',(0.,-0.0126213197973515,0.0634725922860145));
#5229=CARTESIAN_POINT('',(0.,-0.0131794218706484,0.0629189947542763));
#5230=CARTESIAN_POINT('',(0.,-0.0135031884589673,0.0621381673411836));
#5231=CARTESIAN_POINT('',(0.,-0.0135,0.06135127030383));
#5232=CARTESIAN_POINT('',(0.,-0.0135,0.06135127030383));
#5233=CARTESIAN_POINT('',(0.,-0.0135,0.057));
#5234=CARTESIAN_POINT('',(0.,-0.0135,0.0526527891353838));
#5235=CARTESIAN_POINT('',(0.,-0.0135,0.0526527891353838));
#5236=CARTESIAN_POINT('',(0.,-0.0135031851910622,0.0518666986020076));
#5237=CARTESIAN_POINT('',(0.,-0.0131799944656904,0.0510856326584624));
#5238=CARTESIAN_POINT('',(0.,-0.0126213197973515,0.0505314671531993));
#5239=CARTESIAN_POINT('',(0.,-0.0126213197973515,0.0505314671531993));
#5240=CARTESIAN_POINT('',(0.,-0.00954492632207609,0.0474550736779239));
#5241=CARTESIAN_POINT('',(0.,-0.00647056295642495,0.0443807103122728));
#5242=CARTESIAN_POINT('',(0.,-0.00647056295642496,0.0443807103122728));
#5243=CARTESIAN_POINT('',(0.,-0.00591696578312528,0.0438226086088396));
#5244=CARTESIAN_POINT('',(0.,-0.00513613927242567,0.043498842297025));
#5245=CARTESIAN_POINT('',(0.,-0.0043492431590735,0.043502030749547));
#5246=CARTESIAN_POINT('',(0.,-0.0043492431590735,0.043502030749547));
#5247=CARTESIAN_POINT('',(0.,-1.7347234759768E-17,0.043502030749547));
#5248=CARTESIAN_POINT('',(0.,-0.001,0.043502030749547));
#5249=CARTESIAN_POINT('',(0.,-0.001,0.0745111450931166));
#5250=CARTESIAN_POINT('',(-0.00988782536919881,0.0156291400934524,0.0411608611000703));
#5251=CARTESIAN_POINT('',(-0.00994824282909096,0.0156100367455548,0.0411451427281358));
#5252=CARTESIAN_POINT('',(-0.0099808791502221,0.0156046687862958,0.0411416032661811));
#5253=CARTESIAN_POINT('',(-0.0100461205646254,0.0156031040045029,0.0411436937294108));
#5254=CARTESIAN_POINT('',(-0.0100786829936936,0.0156069082052481,0.04114932228755));
#5255=CARTESIAN_POINT('',(-0.0101388159486807,0.015623120213403,0.0411689033318674));
#5256=CARTESIAN_POINT('',(-0.010166347151039,0.0156355174190737,0.0411828430131466));
#5257=CARTESIAN_POINT('',(-0.01021221694932,0.0156670380858976,0.0412169336020573));
#5258=CARTESIAN_POINT('',(-0.0102305255489804,0.0156861409343111,0.041237062216365));
#5259=CARTESIAN_POINT('',(-0.0102551489295773,0.0157281715240158,0.0412804723667397));
#5260=CARTESIAN_POINT('',(-0.01026144760821,0.0157510717796689,0.0413037255150137));
#5261=CARTESIAN_POINT('',(-0.0102610758846377,0.01579721351598,0.0413498464249715));
#5262=CARTESIAN_POINT('',(-0.0102544057255189,0.015820424822541,0.0413726840261778));
#5263=CARTESIAN_POINT('',(-0.0102290954893217,0.0158636530443806,0.0414144942052645));
#5264=CARTESIAN_POINT('',(-0.0102104719637117,0.015883641690837,0.041433439441643));
#5265=CARTESIAN_POINT('',(-0.0101640764689133,0.0159173752932945,0.0414645736691026));
#5266=CARTESIAN_POINT('',(-0.0101363348397629,0.0159310981894209,0.0414767423001537));
#5267=CARTESIAN_POINT('',(-0.0100759173798708,0.0159502015373185,0.0414924606720883));
#5268=CARTESIAN_POINT('',(-0.0100432810587396,0.0159555694965774,0.0414960001340429));
#5269=CARTESIAN_POINT('',(-0.00997803964433634,0.0159571342783704,0.0414939096708132));
#5270=CARTESIAN_POINT('',(-0.00994547721526812,0.0159533300776253,0.041488281112674));
#5271=CARTESIAN_POINT('',(-0.00988534426028103,0.0159371180694704,0.0414687000683566));
#5272=CARTESIAN_POINT('',(-0.00985781305792269,0.0159247208637996,0.0414547603870773));
#5273=CARTESIAN_POINT('',(-0.00981194325964175,0.0158932001969758,0.0414206697981668));
#5274=CARTESIAN_POINT('',(-0.00979363465998124,0.0158740973485622,0.041400541183859));
#5275=CARTESIAN_POINT('',(-0.00976901127938444,0.0158320667588575,0.0413571310334844));
#5276=CARTESIAN_POINT('',(-0.00976271260075166,0.0158091665032044,0.0413338778852104));
#5277=CARTESIAN_POINT('',(-0.00976308432432398,0.0157630247668934,0.0412877569752525));
#5278=CARTESIAN_POINT('',(-0.00976975448344279,0.0157398134603323,0.0412649193740462));
#5279=CARTESIAN_POINT('',(-0.00979506471964004,0.0156965852384928,0.0412231091949595));
#5280=CARTESIAN_POINT('',(-0.00981368824525007,0.0156765965920363,0.041204163958581));
#5281=CARTESIAN_POINT('',(-0.00986008374004844,0.0156428629895788,0.0411730297311215));
#5282=CARTESIAN_POINT('',(-0.00988782536919881,0.0156291400934524,0.0411608611000703));
#5283=CARTESIAN_POINT('',(-0.00994824282909096,0.0156100367455548,0.0411451427281358));
#5284=CARTESIAN_POINT('',(-0.00985147487303015,0.0155325251935556,0.0411672293814686));
#5285=CARTESIAN_POINT('',(-0.00992954195045117,0.0155083444587853,0.041146415710774));
#5286=CARTESIAN_POINT('',(-0.00997171224713366,0.0155016802471655,0.04114157032081));
#5287=CARTESIAN_POINT('',(-0.010056012490116,0.0155002019216862,0.0411437278983144));
#5288=CARTESIAN_POINT('',(-0.0100980873088124,0.0155053887745682,0.0411507294548486));
#5289=CARTESIAN_POINT('',(-0.0101757867695463,0.0155268379200332,0.0411755298089354));
#5290=CARTESIAN_POINT('',(-0.0102113606005187,0.0155430861860845,0.0411933123884546));
#5291=CARTESIAN_POINT('',(-0.010270630240455,0.015584197364534,0.0412369798900304));
#5292=CARTESIAN_POINT('',(-0.0102942872904157,0.0156090333925388,0.0412628362560021));
#5293=CARTESIAN_POINT('',(-0.0103261038441543,0.0156635477997281,0.0413187229237991));
#5294=CARTESIAN_POINT('',(-0.0103342425416988,0.0156931905295617,0.0413487166788924));
#5295=CARTESIAN_POINT('',(-0.0103337622273502,0.0157528088411703,0.0414083142743521));
#5296=CARTESIAN_POINT('',(-0.0103251435295553,0.0157827454359279,0.0414378791412485));
#5297=CARTESIAN_POINT('',(-0.0102924394706249,0.0158383913044543,0.0414921144707156));
#5298=CARTESIAN_POINT('',(-0.0102683754961009,0.0158640641889603,0.0415167494664364));
#5299=CARTESIAN_POINT('',(-0.0102084265890984,0.0159072660353521,0.0415573656926437));
#5300=CARTESIAN_POINT('',(-0.0101725808598255,0.0159247667456656,0.0415733203624074));
#5301=CARTESIAN_POINT('',(-0.0100945137824045,0.0159489474804359,0.041594134033102));
#5302=CARTESIAN_POINT('',(-0.010052343485722,0.0159556116920557,0.0415989794230662));
#5303=CARTESIAN_POINT('',(-0.00996804324273963,0.015957090017535,0.0415968218455618));
#5304=CARTESIAN_POINT('',(-0.00992596842404326,0.015951903164653,0.0415898202890275));
#5305=CARTESIAN_POINT('',(-0.00984826896330936,0.0159304540191881,0.0415650199349408));
#5306=CARTESIAN_POINT('',(-0.00981269513233692,0.0159142057531367,0.0415472373554213));
#5307=CARTESIAN_POINT('',(-0.00975342549240062,0.0158730945746872,0.0415035698538457));
#5308=CARTESIAN_POINT('',(-0.00972976844243995,0.0158482585466824,0.041477713487874));
#5309=CARTESIAN_POINT('',(-0.00969795188870139,0.0157937441394931,0.041421826820077));
#5310=CARTESIAN_POINT('',(-0.00968981319115677,0.0157641014096596,0.0413918330649838));
#5311=CARTESIAN_POINT('',(-0.00969029350550549,0.015704483098051,0.0413322354695239));
#5312=CARTESIAN_POINT('',(-0.0096989122033003,0.0156745465032934,0.0413026706026276));
#5313=CARTESIAN_POINT('',(-0.00973161626223077,0.015618900634767,0.0412484352731605));
#5314=CARTESIAN_POINT('',(-0.00975568023675476,0.015593227750261,0.0412238002774395));
#5315=CARTESIAN_POINT('',(-0.00981562914375722,0.0155500259038691,0.0411831840512324));
#5316=CARTESIAN_POINT('',(-0.00985147487303015,0.0155325251935556,0.0411672293814686));
#5317=CARTESIAN_POINT('',(-0.00992954195045117,0.0155083444587853,0.041146415710774));
#5318=CARTESIAN_POINT('',(-0.00751545215153303,0.00932368005573773,0.0415764796424401));
#5319=CARTESIAN_POINT('',(-0.0087277515481465,0.00897320690818839,0.0412282224721779));
#5320=CARTESIAN_POINT('',(-0.00938261179026513,0.00888324053327508,0.0411394531245227));
#5321=CARTESIAN_POINT('',(-0.010691705675657,0.00888731822310204,0.0411459237234981));
#5322=CARTESIAN_POINT('',(-0.0113450832453256,0.00898135962126305,0.0412411594387216));
#5323=CARTESIAN_POINT('',(-0.0125516739424111,0.00933936735715452,0.0416013727168967));
#5324=CARTESIAN_POINT('',(-0.0131040980275296,0.00960309957800709,0.04186611472067));
#5325=CARTESIAN_POINT('',(-0.0140244930404495,0.010260533927522,0.0425252314717844));
#5326=CARTESIAN_POINT('',(-0.0143918620817956,0.0106538061311797,0.0429191751939249));
#5327=CARTESIAN_POINT('',(-0.014885939613234,0.0115105786742619,0.0437768508675299));
#5328=CARTESIAN_POINT('',(-0.0150123250044717,0.0119735187327391,0.0442400219474504));
#5329=CARTESIAN_POINT('',(-0.0150048662290909,0.0128991936163666,0.0451656831970888));
#5330=CARTESIAN_POINT('',(-0.0148710269400909,0.0133613231023225,0.045627568036528));
#5331=CARTESIAN_POINT('',(-0.0143631673888285,0.0142149747167265,0.0464802913280822));
#5332=CARTESIAN_POINT('',(-0.0139894792380847,0.0146059386051387,0.0468705721472321));
#5333=CARTESIAN_POINT('',(-0.0130585359238625,0.0152576062303972,0.0475205380895188));
#5334=CARTESIAN_POINT('',(-0.0125018895448338,0.0155178838133514,0.0477797981715682));
#5335=CARTESIAN_POINT('',(-0.0112895901482203,0.0158683569609007,0.0481280553418304));
#5336=CARTESIAN_POINT('',(-0.0106347299061017,0.015958323335814,0.0482168246894856));
#5337=CARTESIAN_POINT('',(-0.00932563602070976,0.0159542456459871,0.0482103540905102));
#5338=CARTESIAN_POINT('',(-0.00867225845104123,0.015860204247826,0.0481151183752866));
#5339=CARTESIAN_POINT('',(-0.00746566775395574,0.0155021965119345,0.0477549050971115));
#5340=CARTESIAN_POINT('',(-0.00691324366883721,0.015238464291082,0.0474901630933383));
#5341=CARTESIAN_POINT('',(-0.00599284865591736,0.014581029941567,0.0468310463422239));
#5342=CARTESIAN_POINT('',(-0.00562547961457123,0.0141877577379094,0.0464371026200834));
#5343=CARTESIAN_POINT('',(-0.00513140208313279,0.0133309851948271,0.0455794269464784));
#5344=CARTESIAN_POINT('',(-0.00500501669189505,0.01286804513635,0.0451162558665579));
#5345=CARTESIAN_POINT('',(-0.00501247546727592,0.0119423702527224,0.0441905946169195));
#5346=CARTESIAN_POINT('',(-0.00514631475627589,0.0114802407667666,0.0437287097774803));
#5347=CARTESIAN_POINT('',(-0.00565417430753831,0.0106265891523626,0.0428759864859261));
#5348=CARTESIAN_POINT('',(-0.0060278624582821,0.0102356252639504,0.0424857056667762));
#5349=CARTESIAN_POINT('',(-0.00695880577250427,0.00958395763869189,0.0418357397244895));
#5350=CARTESIAN_POINT('',(-0.00751545215153303,0.00932368005573773,0.0415764796424401));
#5351=CARTESIAN_POINT('',(-0.0087277515481465,0.00897320690818839,0.0412282224721779));
#5352=CARTESIAN_POINT('',(-0.00651529646075077,0.00666539606704666,0.0417516979627492));
#5353=CARTESIAN_POINT('',(-0.00821321138595912,0.00617522256020848,0.0412632476015182));
#5354=CARTESIAN_POINT('',(-0.0091303915661391,0.00604959080759752,0.0411385466582047));
#5355=CARTESIAN_POINT('',(-0.0109638743284957,0.00605604727579658,0.0411468638543596));
#5356=CARTESIAN_POINT('',(-0.0118789779163015,0.00618813127444037,0.0412798765548506));
#5357=CARTESIAN_POINT('',(-0.0135688973858005,0.00669023477892137,0.0417836950906722));
#5358=CARTESIAN_POINT('',(-0.0143426081554232,0.00705992593737072,0.0421541714570812));
#5359=CARTESIAN_POINT('',(-0.0156316894119916,0.00798123577115624,0.0430767895276173));
#5360=CARTESIAN_POINT('',(-0.0161462169124618,0.00853225196179576,0.0436283278915348));
#5361=CARTESIAN_POINT('',(-0.0168382090203376,0.00973250705438653,0.0448292852591002));
#5362=CARTESIAN_POINT('',(-0.0170152211039123,0.0103809610571655,0.0454779189043275));
#5363=CARTESIAN_POINT('',(-0.0170047745375951,0.011677433451054,0.0467743806964158));
#5364=CARTESIAN_POINT('',(-0.0168173227191688,0.0123246040222998,0.0474213610303459));
#5365=CARTESIAN_POINT('',(-0.0161060278736821,0.0135199175480678,0.0486159526915669));
#5366=CARTESIAN_POINT('',(-0.015582649993355,0.014067278834924,0.0491627828232503));
#5367=CARTESIAN_POINT('',(-0.0142787950610207,0.0149794578438174,0.0500736386021834));
#5368=CARTESIAN_POINT('',(-0.0134991706566401,0.0153436790522026,0.0504370686010989));
#5369=CARTESIAN_POINT('',(-0.0118012557314318,0.0158338525590408,0.0509255189623298));
#5370=CARTESIAN_POINT('',(-0.0108840755512518,0.0159594843116518,0.0510502199056434));
#5371=CARTESIAN_POINT('',(-0.00905059278889521,0.0159530278434527,0.0510419027094885));
#5372=CARTESIAN_POINT('',(-0.00813548920108939,0.0158209438448089,0.0509088900089975));
#5373=CARTESIAN_POINT('',(-0.00644556973159039,0.0153188403403279,0.0504050714731758));
#5374=CARTESIAN_POINT('',(-0.0056718589619677,0.0149491491818786,0.0500345951067669));
#5375=CARTESIAN_POINT('',(-0.00438277770539927,0.014027839348093,0.0491119770362307));
#5376=CARTESIAN_POINT('',(-0.0038682502049291,0.0134768231574535,0.0485604386723132));
#5377=CARTESIAN_POINT('',(-0.00317625809705332,0.0122765680648627,0.0473594813047478));
#5378=CARTESIAN_POINT('',(-0.00299924601347863,0.0116281140620838,0.0467108476595205));
#5379=CARTESIAN_POINT('',(-0.00300969257979577,0.0103316416681952,0.0454143858674322));
#5380=CARTESIAN_POINT('',(-0.00319714439822213,0.00968447109694954,0.0447674055335022));
#5381=CARTESIAN_POINT('',(-0.00390843924370876,0.0084891575711815,0.0435728138722812));
#5382=CARTESIAN_POINT('',(-0.00443181712403584,0.0079417962843253,0.0430259837405977));
#5383=CARTESIAN_POINT('',(-0.0057356720563702,0.00702961727543192,0.0421151279616647));
#5384=CARTESIAN_POINT('',(-0.00651529646075077,0.00666539606704666,0.0417516979627492));
#5385=CARTESIAN_POINT('',(-0.00821321138595912,0.00617522256020848,0.0412632476015182));
#5386=CARTESIAN_POINT('',(-0.00578359764918222,0.00472063561298608,0.0418798850419378));
#5387=CARTESIAN_POINT('',(-0.00783678156743524,0.00412825943129496,0.0412888714576334));
#5388=CARTESIAN_POINT('',(-0.00894587105603509,0.00397653542653164,0.0411378835011245));
#5389=CARTESIAN_POINT('',(-0.0111629888080349,0.00398473217309325,0.0411475516399117));
#5390=CARTESIAN_POINT('',(-0.0122695672014061,0.004144647564208,0.0413082014127902));
#5391=CARTESIAN_POINT('',(-0.0143130827076334,0.00475216935866199,0.0419170793881804));
#5392=CARTESIAN_POINT('',(-0.0152486834765431,0.00519937847699416,0.0423649094188194));
#5393=CARTESIAN_POINT('',(-0.016807490025689,0.00631373563333385,0.0434803010785523));
#5394=CARTESIAN_POINT('',(-0.0174296764343129,0.006980154944578,0.0441471333043761));
#5395=CARTESIAN_POINT('',(-0.0182664598598864,0.00843169668742355,0.045599230379308));
#5396=CARTESIAN_POINT('',(-0.0184805096676455,0.00921586989254883,0.0463835456387841));
#5397=CARTESIAN_POINT('',(-0.0184678772785635,0.0107836121498106,0.0479512795125494));
#5398=CARTESIAN_POINT('',(-0.0182412033425929,0.0115661559868846,0.0487336729172583));
#5399=CARTESIAN_POINT('',(-0.0173810783055802,0.0130114242115133,0.0501783703191188));
#5400=CARTESIAN_POINT('',(-0.016748189677827,0.0136732034751192,0.0508397295656075));
#5401=CARTESIAN_POINT('',(-0.0151715182327161,0.0147759686813041,0.0519414484123446));
#5402=CARTESIAN_POINT('',(-0.0142287664696058,0.0152162334776018,0.0523810875505717));
#5403=CARTESIAN_POINT('',(-0.0121755825513528,0.0158086096592929,0.052972101134876));
#5404=CARTESIAN_POINT('',(-0.0110664930627529,0.0159603336640562,0.053123089091385));
#5405=CARTESIAN_POINT('',(-0.0088493753107531,0.0159521369174946,0.0531134209525978));
#5406=CARTESIAN_POINT('',(-0.00774279691738192,0.0157922215263799,0.0529527711797193));
#5407=CARTESIAN_POINT('',(-0.00569928141115463,0.0151846997319259,0.052343893204329));
#5408=CARTESIAN_POINT('',(-0.00476368064224494,0.0147374906135937,0.0518960631736901));
#5409=CARTESIAN_POINT('',(-0.00320487409309897,0.013623133457254,0.0507806715139572));
#5410=CARTESIAN_POINT('',(-0.00258268768447511,0.0129567141460098,0.0501138392881334));
#5411=CARTESIAN_POINT('',(-0.00174590425890154,0.0115051724031643,0.0486617422132015));
#5412=CARTESIAN_POINT('',(-0.0015318544511425,0.010720999198039,0.0478774269537254));
#5413=CARTESIAN_POINT('',(-0.00154448684022448,0.00915325694077721,0.0463096930799602));
#5414=CARTESIAN_POINT('',(-0.00177116077619514,0.00837071310370324,0.0455272996752513));
#5415=CARTESIAN_POINT('',(-0.0026312858132078,0.0069254448790745,0.0440826022733907));
#5416=CARTESIAN_POINT('',(-0.00326417444096105,0.00626366561546868,0.043421243026902));
#5417=CARTESIAN_POINT('',(-0.00484084588607191,0.00516090040928372,0.0423195241801648));
#5418=CARTESIAN_POINT('',(-0.00578359764918222,0.00472063561298608,0.0418798850419378));
#5419=CARTESIAN_POINT('',(-0.00783678156743524,0.00412825943129496,0.0412888714576334));
#5420=CARTESIAN_POINT('',(-0.00777317610625249,0.00915543570024315,0.0415078886839753));
#5421=CARTESIAN_POINT('',(-0.00763679135220086,0.00832057562919343,0.0415077502725706));
#5422=CARTESIAN_POINT('',(-0.00750048293451692,0.00740886727569646,0.0415076119386366));
#5423=CARTESIAN_POINT('',(-0.00736425085320065,0.00642031063975221,0.0415074736821733));
#5424=CARTESIAN_POINT('',(-0.00777183008802296,0.00915567964880993,0.0415081639320795));
#5425=CARTESIAN_POINT('',(-0.00736425392243837,0.00642031021678297,0.0415074736852882));
#5426=CARTESIAN_POINT('',(-0.00752797147345101,0.0155000000148989,0.047852701853079));
#5427=CARTESIAN_POINT('',(-0.00671577940941984,0.0151782879130905,0.0475318140123491));
#5428=CARTESIAN_POINT('',(-0.00537511889526068,0.0142317127382611,0.0465865994199855));
#5429=CARTESIAN_POINT('',(-0.00467735258901644,0.0122746910764122,0.044630285893113));
#5430=CARTESIAN_POINT('',(-0.00552120744305038,0.0103355919753919,0.0426903303977214));
#5431=CARTESIAN_POINT('',(-0.0069513873569677,0.00943879955279358,0.0417920865430168));
#5432=CARTESIAN_POINT('',(-0.00777148199850899,0.00915543218107137,0.0415078868902079));
#5433=CARTESIAN_POINT('',(-0.00752706137736177,0.0154996607046157,0.0478525341761061));
#5434=CARTESIAN_POINT('',(-0.00706647086006746,0.0155,0.050586861266777));
#5435=CARTESIAN_POINT('',(-0.00722030568172701,0.0155,0.0495977884369999));
#5436=CARTESIAN_POINT('',(-0.00737412224462981,0.0155,0.048686402005375));
#5437=CARTESIAN_POINT('',(-0.00752792054877588,0.0155,0.0478527019719022));
#5438=CARTESIAN_POINT('',(-0.00706647089866672,0.0155,0.0505868612604843));
#5439=CARTESIAN_POINT('',(-0.00676045131097298,0.0155,0.0526576203260655));
#5440=CARTESIAN_POINT('',(-0.00686245782796025,0.0155,0.0519673673023007));
#5441=CARTESIAN_POINT('',(-0.00696446434494751,0.0155,0.0512771142785359));
#5442=CARTESIAN_POINT('',(-0.00706647086193478,0.0155,0.0505868612547711));
#5443=CARTESIAN_POINT('',(-0.00676045131097298,0.0155,0.0526576203260655));
#5444=CARTESIAN_POINT('',(-0.00676045131097298,0.0155,0.0526576203260655));
#5445=CARTESIAN_POINT('',(-0.00681540250999075,0.0155,0.0522671747145641));
#5446=CARTESIAN_POINT('',(-0.00657336786198713,0.0154014824213368,0.0514991303177204));
#5447=CARTESIAN_POINT('',(-0.00590399304976209,0.0150886272199698,0.0506033265612421));
#5448=CARTESIAN_POINT('',(-0.00518301878440368,0.0146407923020987,0.0498044177075651));
#5449=CARTESIAN_POINT('',(-0.00470408861131814,0.0142526568429997,0.0493371027268433));
#5450=CARTESIAN_POINT('',(-0.00446666183852736,0.0140353873810548,0.0491196102058243));
#5451=CARTESIAN_POINT('',(-0.00446652861273782,0.0140354601581043,0.0491196828416713));
#5452=CARTESIAN_POINT('',(-0.00457228739618935,0.00788477617701379,0.042969106190919));
#5453=CARTESIAN_POINT('',(-0.0035873758008091,0.00874388216547594,0.043827212632193));
#5454=CARTESIAN_POINT('',(-0.0024595973252679,0.0109431304108416,0.0460253163405167));
#5455=CARTESIAN_POINT('',(-0.00351284772892441,0.0131623228719218,0.0482455777030944));
#5456=CARTESIAN_POINT('',(-0.00446639541389611,0.0140355329617187,0.0491197555101075));
#5457=CARTESIAN_POINT('',(-0.00457235375535967,0.00788481423436971,0.0429691443156201));
#5458=CARTESIAN_POINT('',(-0.00457242013747079,0.0078848522696126,0.0429691824198703));
#5459=CARTESIAN_POINT('',(-0.00482385734583498,0.00766571978525499,0.0427502956735126));
#5460=CARTESIAN_POINT('',(-0.00533018292476827,0.00719775031732399,0.0423630237140132));
#5461=CARTESIAN_POINT('',(-0.0060973126084862,0.00640768426083523,0.0419200422141336));
#5462=CARTESIAN_POINT('',(-0.00683663099338634,0.00551461470864547,0.0416078671201654));
#5463=CARTESIAN_POINT('',(-0.0071432765884044,0.00475158916428018,0.0415072494242744));
#5464=CARTESIAN_POINT('',(-0.00709311374322831,0.00434924315907349,0.0415071985160192));
#5465=CARTESIAN_POINT('',(-0.00709311374322844,0.00434924315907345,0.0415071985160192));
#5466=CARTESIAN_POINT('',(-0.00736425085319919,0.00642031063975357,0.0415074736821733));
#5467=CARTESIAN_POINT('',(-0.00727387181654222,0.0057299548128602,0.041507381960122));
#5468=CARTESIAN_POINT('',(-0.00718349277988525,0.00503959898596684,0.0415072902380706));
#5469=CARTESIAN_POINT('',(-0.00709311374322829,0.00434924315907348,0.0415071985160192));
#5470=CARTESIAN_POINT('',(-0.00987274859284937,-0.0159331149736709,0.041477599023649));
#5471=CARTESIAN_POINT('',(-0.00993419686623722,-0.015951562824911,0.0414993619631986));
#5472=CARTESIAN_POINT('',(-0.00996772700968475,-0.0159563860109583,0.0415059940753625));
#5473=CARTESIAN_POINT('',(-0.0100353790740363,-0.0159565087616801,0.0415097666042681));
#5474=CARTESIAN_POINT('',(-0.0100694567543072,-0.0159518082460826,0.0415069045539885));
#5475=CARTESIAN_POINT('',(-0.0101330131960931,-0.0159335872086015,0.0414921123389225));
#5476=CARTESIAN_POINT('',(-0.0101624503952804,-0.0159200786022488,0.0414801918474103));
#5477=CARTESIAN_POINT('',(-0.0102122353223797,-0.0158862877643469,0.0414490868690241));
#5478=CARTESIAN_POINT('',(-0.0102325504937562,-0.0158660276301008,0.0414299227230528));
#5479=CARTESIAN_POINT('',(-0.010260984602319,-0.0158218113405335,0.0413872404323383));
#5480=CARTESIAN_POINT('',(-0.0102690849452006,-0.0157978841001745,0.0413637501994086));
#5481=CARTESIAN_POINT('',(-0.0102718393999535,-0.0157499738882068,0.0413159885882112));
#5482=CARTESIAN_POINT('',(-0.0102664917105666,-0.0157260222471784,0.041291748443347));
#5483=CARTESIAN_POINT('',(-0.0102431471707426,-0.0156817120082758,0.0412461787840117));
#5484=CARTESIAN_POINT('',(-0.0102251655863192,-0.0156613823868019,0.0412248790695307));
#5485=CARTESIAN_POINT('',(-0.0101792760464882,-0.0156274179531643,0.0411884389296018));
#5486=CARTESIAN_POINT('',(-0.0101513981002527,-0.0156138053518258,0.0411733223339515));
#5487=CARTESIAN_POINT('',(-0.0100899498268649,-0.0155953575005858,0.041151559394402));
#5488=CARTESIAN_POINT('',(-0.0100564196834173,-0.0155905343145385,0.0411449272822381));
#5489=CARTESIAN_POINT('',(-0.00998876761906578,-0.0155904115638168,0.0411411547533325));
#5490=CARTESIAN_POINT('',(-0.00995468993879495,-0.0155951120794143,0.0411440168036121));
#5491=CARTESIAN_POINT('',(-0.00989113349700902,-0.0156133331168953,0.041158809018678));
#5492=CARTESIAN_POINT('',(-0.0098616962978217,-0.015626841723248,0.0411707295101903));
#5493=CARTESIAN_POINT('',(-0.00981191137072239,-0.0156606325611499,0.0412018344885763));
#5494=CARTESIAN_POINT('',(-0.00979159619934593,-0.015680892695396,0.0412209986345477));
#5495=CARTESIAN_POINT('',(-0.00976316209078306,-0.0157251089849633,0.0412636809252623));
#5496=CARTESIAN_POINT('',(-0.0097550617479015,-0.0157490362253223,0.0412871711581919));
#5497=CARTESIAN_POINT('',(-0.00975230729314859,-0.0157969464372899,0.0413349327693895));
#5498=CARTESIAN_POINT('',(-0.00975765498253548,-0.0158208980783184,0.0413591729142535));
#5499=CARTESIAN_POINT('',(-0.00978099952235954,-0.0158652083172209,0.0414047425735889));
#5500=CARTESIAN_POINT('',(-0.00979898110678292,-0.0158855379386949,0.0414260422880697));
#5501=CARTESIAN_POINT('',(-0.00984487064661393,-0.0159195023723326,0.0414624824279988));
#5502=CARTESIAN_POINT('',(-0.00987274859284937,-0.0159331149736709,0.041477599023649));
#5503=CARTESIAN_POINT('',(-0.00993419686623722,-0.015951562824911,0.0414993619631986));
#5504=CARTESIAN_POINT('',(-0.00731487050081113,-0.01543753503443,0.0476899679754147));
#5505=CARTESIAN_POINT('',(-0.00850295356430991,-0.0158251909642243,0.0480797956171568));
#5506=CARTESIAN_POINT('',(-0.00915124835517672,-0.0159353436763685,0.0481911333554884));
#5507=CARTESIAN_POINT('',(-0.0104592797681997,-0.0159718061928193,0.0482299868389811));
#5508=CARTESIAN_POINT('',(-0.0111181610115481,-0.0158980921526958,0.0481574771761542));
#5509=CARTESIAN_POINT('',(-0.0123470048487973,-0.0155778101682072,0.0478394414107435));
#5510=CARTESIAN_POINT('',(-0.0129161638481005,-0.0153314516702053,0.0475941232856221));
#5511=CARTESIAN_POINT('',(-0.013878739774852,-0.0147031852135519,0.0469676163335901));
#5512=CARTESIAN_POINT('',(-0.0142715272319053,-0.0143216881057474,0.0465868372069097));
#5513=CARTESIAN_POINT('',(-0.0148212917890835,-0.0134810850497049,0.0457472390724034));
#5514=CARTESIAN_POINT('',(-0.014977909374178,-0.0130225288084812,0.0452889691144298));
#5515=CARTESIAN_POINT('',(-0.0150311658915802,-0.0120975633482464,0.0443641010024518));
#5516=CARTESIAN_POINT('',(-0.0149277699971275,-0.011631759004507,0.0438981076600588));
#5517=CARTESIAN_POINT('',(-0.0144764106527507,-0.0107632487465682,0.0430287723567077));
#5518=CARTESIAN_POINT('',(-0.0141287423663948,-0.0103611107891203,0.0426259988920343));
#5519=CARTESIAN_POINT('',(-0.0132414825288381,-0.00968127854718376,0.0419445448167014));
#5520=CARTESIAN_POINT('',(-0.0127024711955556,-0.00940402883465909,0.0416663098385935));
#5521=CARTESIAN_POINT('',(-0.0115143881320569,-0.0090163729048648,0.0412764821968514));
#5522=CARTESIAN_POINT('',(-0.0108660933411901,-0.00890622019272065,0.0411651444585198));
#5523=CARTESIAN_POINT('',(-0.00955806192816709,-0.00886975767626976,0.0411262909750272));
#5524=CARTESIAN_POINT('',(-0.00889918068481871,-0.00894347171639336,0.041198800637854));
#5525=CARTESIAN_POINT('',(-0.00767033684756951,-0.00926375370088196,0.0415168364032647));
#5526=CARTESIAN_POINT('',(-0.0071011778482663,-0.00951011219888387,0.0417621545283861));
#5527=CARTESIAN_POINT('',(-0.00613860192151479,-0.0101383786555372,0.0423886614804181));
#5528=CARTESIAN_POINT('',(-0.00574581446446149,-0.0105198757633417,0.0427694406070986));
#5529=CARTESIAN_POINT('',(-0.00519604990728333,-0.0113604788193842,0.0436090387416048));
#5530=CARTESIAN_POINT('',(-0.00503943232218879,-0.0118190350606079,0.0440673086995784));
#5531=CARTESIAN_POINT('',(-0.00498617580478662,-0.0127440005208427,0.0449921768115564));
#5532=CARTESIAN_POINT('',(-0.00508957169923934,-0.0132098048645821,0.0454581701539494));
#5533=CARTESIAN_POINT('',(-0.00554093104361615,-0.0140783151225208,0.0463275054573004));
#5534=CARTESIAN_POINT('',(-0.00588859932997196,-0.0144804530799688,0.0467302789219739));
#5535=CARTESIAN_POINT('',(-0.00677585916752869,-0.0151602853219053,0.0474117329973068));
#5536=CARTESIAN_POINT('',(-0.00731487050081113,-0.01543753503443,0.0476899679754147));
#5537=CARTESIAN_POINT('',(-0.00850295356430991,-0.0158251909642243,0.0480797956171568));
#5538=CARTESIAN_POINT('',(-0.00623436703074782,-0.0152281912640172,0.0503142080557336));
#5539=CARTESIAN_POINT('',(-0.00789836519121625,-0.0157718087352528,0.0508595142518153));
#5540=CARTESIAN_POINT('',(-0.00880634997156158,-0.0159264549354964,0.0510150819293145));
#5541=CARTESIAN_POINT('',(-0.0106383446628213,-0.01597826816123,0.0510687543728204));
#5542=CARTESIAN_POINT('',(-0.0115611565524795,-0.0158754013037912,0.0509668240400746));
#5543=CARTESIAN_POINT('',(-0.0132822431898598,-0.0154275221900929,0.0505206915880229));
#5544=CARTESIAN_POINT('',(-0.0140793924439407,-0.0150828028215265,0.0501767812141917));
#5545=CARTESIAN_POINT('',(-0.0154275511885899,-0.0142034169034226,0.0492987634882063));
#5546=CARTESIAN_POINT('',(-0.0159776790593357,-0.013669325422704,0.0487652303101506));
#5547=CARTESIAN_POINT('',(-0.0167476649634701,-0.0124923112345723,0.0475889975497621));
#5548=CARTESIAN_POINT('',(-0.0169670194694816,-0.0118501582280898,0.0469470671573506));
#5549=CARTESIAN_POINT('',(-0.0170416091591361,-0.0105547055104132,0.0456516901377517));
#5550=CARTESIAN_POINT('',(-0.0168967955653266,-0.00990225295227217,0.0449990906141153));
#5551=CARTESIAN_POINT('',(-0.0162646334364085,-0.00868558263800905,0.0437817787439183));
#5552=CARTESIAN_POINT('',(-0.0157776982996971,-0.00812216051568899,0.0432178624507011));
#5553=CARTESIAN_POINT('',(-0.0145350253057704,-0.00716949963104216,0.0422639404271839));
#5554=CARTESIAN_POINT('',(-0.0137801000866431,-0.00678088385523211,0.0418745585081144));
#5555=CARTESIAN_POINT('',(-0.0121161019261747,-0.0062372663839965,0.0413292523120328));
#5556=CARTESIAN_POINT('',(-0.0112081171458293,-0.00608262018375295,0.0411736846345335));
#5557=CARTESIAN_POINT('',(-0.00937612245456958,-0.00603080695801933,0.0411200121910276));
#5558=CARTESIAN_POINT('',(-0.00845331056491144,-0.00613367381545813,0.0412219425237734));
#5559=CARTESIAN_POINT('',(-0.00673222392753107,-0.00658155292915636,0.0416680749758251));
#5560=CARTESIAN_POINT('',(-0.00593507467345017,-0.0069262722977228,0.0420119853496563));
#5561=CARTESIAN_POINT('',(-0.00458691592880102,-0.00780565821582677,0.0428900030756417));
#5562=CARTESIAN_POINT('',(-0.00403678805805523,-0.00833974969654526,0.0434235362536974));
#5563=CARTESIAN_POINT('',(-0.00326680215392084,-0.00951676388467702,0.0445997690140858));
#5564=CARTESIAN_POINT('',(-0.00304744764790937,-0.0101589168911595,0.0452416994064974));
#5565=CARTESIAN_POINT('',(-0.00297285795825488,-0.0114543696088361,0.0465370764260963));
#5566=CARTESIAN_POINT('',(-0.00311767155206429,-0.0121068221669772,0.0471896759497327));
#5567=CARTESIAN_POINT('',(-0.00374983368098241,-0.0133234924812403,0.0484069878199297));
#5568=CARTESIAN_POINT('',(-0.00423676881769381,-0.0138869146035603,0.0489709041131469));
#5569=CARTESIAN_POINT('',(-0.00547944181162049,-0.0148395754882072,0.0499248261366641));
#5570=CARTESIAN_POINT('',(-0.00623436703074782,-0.0152281912640172,0.0503142080557336));
#5571=CARTESIAN_POINT('',(-0.00789836519121625,-0.0157718087352528,0.0508595142518153));
#5572=CARTESIAN_POINT('',(-0.00544475532989105,-0.0150752067570728,0.0522319535611281));
#5573=CARTESIAN_POINT('',(-0.00745654333055277,-0.0157327980020331,0.0528908805730056));
#5574=CARTESIAN_POINT('',(-0.00855430469187994,-0.0159199592101305,0.053078770661735));
#5575=CARTESIAN_POINT('',(-0.0107692019343835,-0.0159829904467284,0.0531432725236974));
#5576=CARTESIAN_POINT('',(-0.0118848893976191,-0.0158588192563533,0.0530198421163486));
#5577=CARTESIAN_POINT('',(-0.0139656978548871,-0.0153176945501965,0.0524800990046228));
#5578=CARTESIAN_POINT('',(-0.0149294581174853,-0.0149010948994689,0.0520641392618152));
#5579=CARTESIAN_POINT('',(-0.0165593935644744,-0.0138381955817618,0.0510023221723779));
#5580=CARTESIAN_POINT('',(-0.0172245028629633,-0.01319259099102,0.0503571591942697));
#5581=CARTESIAN_POINT('',(-0.0181554224032709,-0.0117697338476771,0.0489349201535918));
#5582=CARTESIAN_POINT('',(-0.0184206238761865,-0.0109934117634413,0.048158774155183));
#5583=CARTESIAN_POINT('',(-0.0185108034486072,-0.0094272138963046,0.0465926361645787));
#5584=CARTESIAN_POINT('',(-0.0183357225757555,-0.00863836231852231,0.045803668338346));
#5585=CARTESIAN_POINT('',(-0.0175714331578681,-0.00716726315524443,0.0443320617098086));
#5586=CARTESIAN_POINT('',(-0.0169827244150287,-0.0064859775856756,0.0436503852552847));
#5587=CARTESIAN_POINT('',(-0.0154803221424059,-0.00533393863831853,0.0424973487578619));
#5588=CARTESIAN_POINT('',(-0.0145676110990178,-0.00486393862906096,0.0420267427358355));
#5589=CARTESIAN_POINT('',(-0.0125558230983561,-0.00420634738410067,0.041367815723958));
#5590=CARTESIAN_POINT('',(-0.0114580617370289,-0.00401918617600327,0.0411799256352285));
#5591=CARTESIAN_POINT('',(-0.00924316449452536,-0.00395615493940534,0.0411154237732662));
#5592=CARTESIAN_POINT('',(-0.00812747703128978,-0.00408032612978042,0.041238854180615));
#5593=CARTESIAN_POINT('',(-0.00604666857402178,-0.00462145083593726,0.0417785972923409));
#5594=CARTESIAN_POINT('',(-0.00508290831142351,-0.00503805048666483,0.0421945570351484));
#5595=CARTESIAN_POINT('',(-0.00345297286443441,-0.00610094980437188,0.0432563741245857));
#5596=CARTESIAN_POINT('',(-0.00278786356594554,-0.00674655439511373,0.0439015371026939));
#5597=CARTESIAN_POINT('',(-0.00185694402563793,-0.00816941153845654,0.0453237761433717));
#5598=CARTESIAN_POINT('',(-0.00159174255272238,-0.00894573362269241,0.0460999221417806));
#5599=CARTESIAN_POINT('',(-0.00150156298030162,-0.0105119314898291,0.0476660601323849));
#5600=CARTESIAN_POINT('',(-0.00167664385315337,-0.0113007830676114,0.0484550279586177));
#5601=CARTESIAN_POINT('',(-0.00244093327104071,-0.0127718822308893,0.0499266345871549));
#5602=CARTESIAN_POINT('',(-0.00302964201388018,-0.0134531678004581,0.050608311041679));
#5603=CARTESIAN_POINT('',(-0.00453204428650293,-0.0146052067478152,0.0517613475391016));
#5604=CARTESIAN_POINT('',(-0.00544475532989105,-0.0150752067570728,0.0522319535611281));
#5605=CARTESIAN_POINT('',(-0.00745654333055277,-0.0157327980020331,0.0528908805730056));
#5606=CARTESIAN_POINT('',(-0.00540047539726147,-0.0150666276749068,0.0523394971065029));
#5607=CARTESIAN_POINT('',(-0.00743176679519592,-0.0157306103538042,0.0530047957591037));
#5608=CARTESIAN_POINT('',(-0.00854017046870189,-0.0159195949421221,0.0531944984275988));
#5609=CARTESIAN_POINT('',(-0.010776540162987,-0.0159832552635788,0.0532596075828917));
#5610=CARTESIAN_POINT('',(-0.0119030437240522,-0.015857889366456,0.0531349714919722));
#5611=CARTESIAN_POINT('',(-0.014004024701475,-0.0153115356236124,0.0525899788712798));
#5612=CARTESIAN_POINT('',(-0.0149771281947074,-0.0148909050624411,0.0521699787359592));
#5613=CARTESIAN_POINT('',(-0.0166228651468954,-0.013817714659936,0.0510978545254115));
#5614=CARTESIAN_POINT('',(-0.0172944223866554,-0.0131658566246291,0.0504464315589819));
#5615=CARTESIAN_POINT('',(-0.0182343667812805,-0.0117292130727486,0.0490103969508044));
#5616=CARTESIAN_POINT('',(-0.0185021392654964,-0.0109453670400739,0.0482267243947408));
#5617=CARTESIAN_POINT('',(-0.0185931930890938,-0.00936398629638558,0.0466454026403424));
#5618=CARTESIAN_POINT('',(-0.0184164148844073,-0.00856748571923575,0.045848787537296));
#5619=CARTESIAN_POINT('',(-0.0176447160177394,-0.00708211866671412,0.0443629205390667));
#5620=CARTESIAN_POINT('',(-0.0170503000033158,-0.00639422353766434,0.0436746403171422));
#5621=CARTESIAN_POINT('',(-0.0155333326033651,-0.00523100384517007,0.0425104378561445));
#5622=CARTESIAN_POINT('',(-0.0146117732290054,-0.00475643996183331,0.0420352769398543));
#5623=CARTESIAN_POINT('',(-0.012580481831071,-0.00409245728293582,0.0413699782872535));
#5624=CARTESIAN_POINT('',(-0.011472078157565,-0.00390347269461791,0.0411802756187585));
#5625=CARTESIAN_POINT('',(-0.00923570846327996,-0.00383981237316123,0.0411151664634656));
#5626=CARTESIAN_POINT('',(-0.00810920490221473,-0.00396517827028408,0.0412398025543851));
#5627=CARTESIAN_POINT('',(-0.0060082239247919,-0.00451153201312768,0.0417847951750775));
#5628=CARTESIAN_POINT('',(-0.00503512043155952,-0.004932162574299,0.042204795310398));
#5629=CARTESIAN_POINT('',(-0.00338938347937153,-0.0060053529768041,0.0432769195209457));
#5630=CARTESIAN_POINT('',(-0.00271782623961154,-0.00665721101211091,0.0439283424873754));
#5631=CARTESIAN_POINT('',(-0.00177788184498647,-0.00809385456399147,0.0453643770955528));
#5632=CARTESIAN_POINT('',(-0.00151010936077058,-0.00887770059666612,0.0461480496516165));
#5633=CARTESIAN_POINT('',(-0.00141905553717316,-0.0104590813403545,0.0477293714060148));
#5634=CARTESIAN_POINT('',(-0.00159583374185954,-0.0112555819175043,0.0485259865090613));
#5635=CARTESIAN_POINT('',(-0.00236753260852752,-0.012740948970026,0.0500118535072905));
#5636=CARTESIAN_POINT('',(-0.00296194862295115,-0.0134288440990757,0.0507001337292151));
#5637=CARTESIAN_POINT('',(-0.00447891602290182,-0.01459206379157,0.0518643361902127));
#5638=CARTESIAN_POINT('',(-0.00540047539726147,-0.0150666276749068,0.0523394971065029));
#5639=CARTESIAN_POINT('',(-0.00743176679519592,-0.0157306103538042,0.0530047957591037));
#5640=CARTESIAN_POINT('',(-0.00752764659023701,-0.0155,0.0478522390931242));
#5641=CARTESIAN_POINT('',(-0.00737388547025904,-0.0155,0.0486860645170046));
#5642=CARTESIAN_POINT('',(-0.00722012531088941,-0.0155,0.0495976052039473));
#5643=CARTESIAN_POINT('',(-0.00706636611212812,-0.0155,0.0505868611539524));
#5644=CARTESIAN_POINT('',(-0.00752649666243483,-0.0154995011371609,0.0478520388144254));
#5645=CARTESIAN_POINT('',(-0.00706636611387356,-0.0155,0.0505868611541424));
#5646=CARTESIAN_POINT('',(-0.00777181969602044,-0.00915525194088628,0.0415077063073071));
#5647=CARTESIAN_POINT('',(-0.00695207309236015,-0.00943845922780954,0.0417917455221075));
#5648=CARTESIAN_POINT('',(-0.00552244364676822,-0.0103342173281952,0.0426889544959513));
#5649=CARTESIAN_POINT('',(-0.00467710032722759,-0.0122738486434986,0.0446294437162097));
#5650=CARTESIAN_POINT('',(-0.00537456193190758,-0.0142308579863021,0.0465857452332662));
#5651=CARTESIAN_POINT('',(-0.00671405383786153,-0.0151772916030596,0.0475308194535313));
#5652=CARTESIAN_POINT('',(-0.00752591529412893,-0.0154992512485007,0.0478519551734145));
#5653=CARTESIAN_POINT('',(-0.00777245074637665,-0.00915670442909405,0.041508079305598));
#5654=CARTESIAN_POINT('',(-0.00736436695718024,-0.00642031021603766,0.0415074738000026));
#5655=CARTESIAN_POINT('',(-0.0075007963170334,-0.00740956331000627,0.0415076122566759));
#5656=CARTESIAN_POINT('',(-0.00763729344099748,-0.00832186138018474,0.0415077507821203));
#5657=CARTESIAN_POINT('',(-0.00777385832907248,-0.00915720442657307,0.0415078893763358));
#5658=CARTESIAN_POINT('',(-0.00736436696230895,-0.00642031021678299,0.0415074738000078));
#5659=CARTESIAN_POINT('',(-0.00709295369888972,-0.0043492431590735,0.0415071983535966));
#5660=CARTESIAN_POINT('',(-0.0071834247850521,-0.00503959884520339,0.0415072901690654));
#5661=CARTESIAN_POINT('',(-0.00727389587121448,-0.00572995453133329,0.0415073819845341));
#5662=CARTESIAN_POINT('',(-0.00736436695737687,-0.00642031021746319,0.0415074738000028));
#5663=CARTESIAN_POINT('',(-0.00709295369888971,-0.0043492431590735,0.0415071983535966));
#5664=CARTESIAN_POINT('',(-0.00709295369888974,-0.00434924315907349,0.0415071983535967));
#5665=CARTESIAN_POINT('',(-0.00714304057727878,-0.00475053759863688,0.0415072491847562));
#5666=CARTESIAN_POINT('',(-0.00683217010919956,-0.0055228908931909,0.0416099456309488));
#5667=CARTESIAN_POINT('',(-0.0061027111820624,-0.006400781992708,0.0419174886914642));
#5668=CARTESIAN_POINT('',(-0.00532946512701648,-0.00719864194125184,0.042362936056739));
#5669=CARTESIAN_POINT('',(-0.00482339021051475,-0.00766629708936983,0.042750867054443));
#5670=CARTESIAN_POINT('',(-0.00457248893133189,-0.00788489653720295,0.0429692267597371));
#5671=CARTESIAN_POINT('',(-0.00457238396643375,-0.00788483638680853,0.042969166498719));
#5672=CARTESIAN_POINT('',(-0.00446640244481788,-0.014035532975505,0.0491197555310292));
#5673=CARTESIAN_POINT('',(-0.00351276666177324,-0.0131622399500627,0.0482454946989636));
#5674=CARTESIAN_POINT('',(-0.00245965314978478,-0.0109433626995229,0.046025548685852));
#5675=CARTESIAN_POINT('',(-0.00358750676370724,-0.0087437452824062,0.0438270758820322));
#5676=CARTESIAN_POINT('',(-0.00457227904202241,-0.00788477619583765,0.0429691062012645));
#5677=CARTESIAN_POINT('',(-0.00446649037808569,-0.0140354849200637,0.0491197075648279));
#5678=CARTESIAN_POINT('',(-0.00446657832890983,-0.014035436881521,0.0491196596181557));
#5679=CARTESIAN_POINT('',(-0.00494270669479191,-0.0144712097095777,0.0495558919576138));
#5680=CARTESIAN_POINT('',(-0.00567096765371338,-0.0149795120136403,0.0502936626987764));
#5681=CARTESIAN_POINT('',(-0.00657673112996876,-0.0154032380628031,0.0515045599222696));
#5682=CARTESIAN_POINT('',(-0.00681544081807376,-0.0155,0.052267769235685));
#5683=CARTESIAN_POINT('',(-0.0067606242301111,-0.0155,0.0526576205015542));
#5684=CARTESIAN_POINT('',(-0.00676062423011112,-0.0155,0.0526576205015542));
#5685=CARTESIAN_POINT('',(-0.00706636611214087,-0.0155,0.050586861153873));
#5686=CARTESIAN_POINT('',(-0.00696445215146429,-0.0155,0.0512771142697668));
#5687=CARTESIAN_POINT('',(-0.00686253819078771,-0.0155,0.0519673673856605));
#5688=CARTESIAN_POINT('',(-0.00676062423011113,-0.0155,0.0526576205015542));
#5689=CARTESIAN_POINT('',(-0.0540732169595222,0.0123763994833114,0.00770989573448706));
#5690=CARTESIAN_POINT('',(-0.0540752172790999,0.0123743683066258,0.00771024844479866));
#5691=CARTESIAN_POINT('',(-0.056746506282696,0.0155000000000009,0.010560401951483));
#5692=CARTESIAN_POINT('',(-0.0505902175631866,0.00924873806991732,0.00947488609536394));
#5693=CARTESIAN_POINT('',(-0.061442466475239,0.0155,0.0121433552580735));
#5694=CARTESIAN_POINT('',(-0.0598672126373334,0.0155,0.0116435900312515));
#5695=CARTESIAN_POINT('',(-0.0582976609086725,0.0155,0.0111241063210519));
#5696=CARTESIAN_POINT('',(-0.0567465062826951,0.0155,0.0105604019514853));
#5697=CARTESIAN_POINT('',(-0.0614424664752391,0.0155,0.0121433552580735));
#5698=CARTESIAN_POINT('',(-0.0614424664752391,0.0155,0.0121433552580735));
#5699=CARTESIAN_POINT('',(-0.0610617294438973,0.0155,0.0120225625805701));
#5700=CARTESIAN_POINT('',(-0.0602598311180149,0.0154001637883628,0.0121575021170543));
#5701=CARTESIAN_POINT('',(-0.0592599104458825,0.015088158366183,0.0126940885903033));
#5702=CARTESIAN_POINT('',(-0.0583489217984113,0.0146432113760752,0.0132863847814499));
#5703=CARTESIAN_POINT('',(-0.0578003734748287,0.0142533138937354,0.0136925070967475));
#5704=CARTESIAN_POINT('',(-0.0575435214061453,0.0140355329955858,0.013895038001996));
#5705=CARTESIAN_POINT('',(-0.0575435214061453,0.0140355329955857,0.013895038001996));
#5706=CARTESIAN_POINT('',(-0.0554679461183466,0.0109601551083915,0.00795582411596863));
#5707=CARTESIAN_POINT('',(-0.0514862117091882,0.00788477615465922,0.0128269696582625));
#5708=CARTESIAN_POINT('',(-0.0514862117091882,0.00788477615465922,0.0128269696582625));
#5709=CARTESIAN_POINT('',(-0.0513135633269872,0.00766629156655785,0.012547905340382));
#5710=CARTESIAN_POINT('',(-0.0510178347118422,0.00719938299559248,0.0119961655813574));
#5711=CARTESIAN_POINT('',(-0.0507090429823748,0.006411502940927,0.0111937922941646));
#5712=CARTESIAN_POINT('',(-0.0505210235393288,0.00551191627154911,0.0104395037501882));
#5713=CARTESIAN_POINT('',(-0.0504702728620572,0.00474423648958437,0.0101551262982445));
#5714=CARTESIAN_POINT('',(-0.0504611185344507,0.00434924315908649,0.0102070430699641));
#5715=CARTESIAN_POINT('',(-0.0504611185344391,0.00434924315907345,0.0102070430700301));
#5716=CARTESIAN_POINT('',(-0.0509970739738903,-799.909159898086,0.00716748873014509));
#5717=CARTESIAN_POINT('',(-0.0540732169595221,-0.0123763994833114,0.00770989573448705));
#5718=CARTESIAN_POINT('',(-0.0509970739738876,799.909155931659,0.00716748873016055));
#5719=CARTESIAN_POINT('',(-0.0514039303847284,-0.00924873806986048,0.00486009136416431));
#5720=CARTESIAN_POINT('',(-0.0515330294134546,-0.00434924315868557,0.004127934389619));
#5721=CARTESIAN_POINT('',(-0.0540752172790999,-0.0123743683066258,0.00771024844479866));
#5722=CARTESIAN_POINT('',(-0.0575602177546219,-0.0155000000000009,0.00594561487433447));
#5723=CARTESIAN_POINT('',(-0.062514378811857,-0.0155,0.00606423831118805));
#5724=CARTESIAN_POINT('',(-0.0608631946300055,-0.0155,0.00599509546354325));
#5725=CARTESIAN_POINT('',(-0.0592106245596232,-0.0155,0.00594643216544239));
#5726=CARTESIAN_POINT('',(-0.0575602177546218,-0.0155,0.00594561487433191));
#5727=CARTESIAN_POINT('',(-0.062514378811857,-0.0155,0.00606423831118806));
#5728=CARTESIAN_POINT('',(-0.062514378811857,-0.0155,0.00606423831118806));
#5729=CARTESIAN_POINT('',(-0.0621152895041728,-0.0155,0.00604752656485403));
#5730=CARTESIAN_POINT('',(-0.0614079036043293,-0.0154001637883628,0.00564645949781644));
#5731=CARTESIAN_POINT('',(-0.0606518089098424,-0.0150881583661831,0.00480024013689394));
#5732=CARTESIAN_POINT('',(-0.0599983368283812,-0.0146432113760752,0.00393208730897768));
#5733=CARTESIAN_POINT('',(-0.0596217720290519,-0.0142533138937354,0.00336284258990338));
#5734=CARTESIAN_POINT('',(-0.0594496796847175,-0.0140355329955858,0.00308467721141562));
#5735=CARTESIAN_POINT('',(-0.0594496796847175,-0.0140355329955858,0.00308467721141561));
#5736=CARTESIAN_POINT('',(-0.0554679461183466,-0.0109601551083915,0.00795582411596863));
#5737=CARTESIAN_POINT('',(-0.0533923695726667,-0.00788477615465926,0.00201661122179575));
#5738=CARTESIAN_POINT('',(-0.0533923695726667,-0.00788477615465926,0.00201661122179575));
#5739=CARTESIAN_POINT('',(-0.0531346875439186,-0.00766629156655404,0.00221979667761099));
#5740=CARTESIAN_POINT('',(-0.0526680874350441,-0.00719938299558027,0.00263711731443094));
#5741=CARTESIAN_POINT('',(-0.0521034902988113,-0.00641150294089715,0.00328548857996263));
#5742=CARTESIAN_POINT('',(-0.0516688279396944,-0.0055119162715019,0.00392998152183447));
#5743=CARTESIAN_POINT('',(-0.0515238750859011,-0.00474423648949715,0.00417985116100828));
#5744=CARTESIAN_POINT('',(-0.0515330294135174,-0.00434924315899528,0.00412793438926271));
#5745=CARTESIAN_POINT('',(-0.00999796221653834,3.06161699786838E-19,0.0745130200797452));
#5746=CARTESIAN_POINT('',(-0.58402874553845,-565.630696648481,-565.551183630966));
#5747=CARTESIAN_POINT('',(-0.0123409534960882,-0.0044203091866985,0.0745125253676115));
#5748=CARTESIAN_POINT('',(-0.0130879196298254,-0.00788477615458305,0.0710488164657468));
#5749=CARTESIAN_POINT('',(-0.00999796513174025,3.06161699786838E-19,0.0745101475628685));
#5750=CARTESIAN_POINT('',(-0.0123409534963821,0.00442030918677201,0.0745125253675549));
#5751=CARTESIAN_POINT('',(-0.584028746528528,565.630697624063,-565.551184606547));
#5752=CARTESIAN_POINT('',(-0.0130879196301084,0.00788477615458305,0.0710488164657471));
#5753=CARTESIAN_POINT('',(-0.0130879196301492,0.00788477615465923,0.071048816465667));
#5754=CARTESIAN_POINT('',(-0.0130347931445487,0.00760481244498888,0.0713287262594026));
#5755=CARTESIAN_POINT('',(-0.0133064548220694,0.00699237373042157,0.0718002510096101));
#5756=CARTESIAN_POINT('',(-0.0140081087143848,0.00614133062803226,0.0722107645115126));
#5757=CARTESIAN_POINT('',(-0.014749347735899,0.00526505322692256,0.0724585449340521));
#5758=CARTESIAN_POINT('',(-0.0152444975651647,0.0046572316614875,0.0725154710278025));
#5759=CARTESIAN_POINT('',(-0.0154885535340902,0.00434924315907345,0.0725157187103951));
#5760=CARTESIAN_POINT('',(-0.0154885535340902,0.00434924315907345,0.0725157187103951));
#5761=CARTESIAN_POINT('',(-0.00999999485030188,3.06161699786838E-19,0.0725101485928082));
#5762=CARTESIAN_POINT('',(-0.0154885535340901,-0.00434924315907349,0.0725157187103951));
#5763=CARTESIAN_POINT('',(-0.0154885535340901,-0.00434924315907349,0.0725157187103951));
#5764=CARTESIAN_POINT('',(-0.0152437088604419,-0.0046582269741098,0.0725154702273777));
#5765=CARTESIAN_POINT('',(-0.0147517612034187,-0.00526206297976453,0.0724584986162697));
#5766=CARTESIAN_POINT('',(-0.0140154458051414,-0.00613273150888481,0.0722141892926882));
#5767=CARTESIAN_POINT('',(-0.0133056840841571,-0.00699238272380081,0.0718009127082982));
#5768=CARTESIAN_POINT('',(-0.013034918590589,-0.00760547351971061,0.0713280653119777));
#5769=CARTESIAN_POINT('',(-0.0130879196292329,-0.00788477615457496,0.0710488164657503));
#5770=CARTESIAN_POINT('',(-0.0835032064598278,0.,0.0128719267208425));
#5771=CARTESIAN_POINT('',(556.949348288438,-565.630689819643,-98.2070489328021));
#5772=CARTESIAN_POINT('',(-0.0839072334508118,-0.00442030918681011,0.0105640336182595));
#5773=CARTESIAN_POINT('',(-0.0806245001149308,-0.00788477615458305,0.0092302796651314));
#5774=CARTESIAN_POINT('',(-0.0835003775814802,-3.3344960370964E-18,0.0128714279132646));
#5775=CARTESIAN_POINT('',(-0.0839072334507897,0.00442030918670179,0.0105640336187142));
#5776=CARTESIAN_POINT('',(556.949348648748,565.63069018551,-98.2070489963343));
#5777=CARTESIAN_POINT('',(-0.0806245001143457,0.00788477615492411,0.00923027966578582));
#5778=CARTESIAN_POINT('',(-0.0806245001147455,0.00788477615465922,0.00923027966591682));
#5779=CARTESIAN_POINT('',(-0.0808910344201394,0.00760481244486728,0.00933093442347446));
#5780=CARTESIAN_POINT('',(-0.0814023805278478,0.00699237373051024,0.00914476026970204));
#5781=CARTESIAN_POINT('',(-0.0819278691383775,0.00614133062802502,0.00852451738210706));
#5782=CARTESIAN_POINT('',(-0.0822999026739741,0.00526505322693752,0.00783718814997533));
#5783=CARTESIAN_POINT('',(-0.0824414608836431,0.00465723166148987,0.00735930196391084));
#5784=CARTESIAN_POINT('',(-0.0824838407797204,0.00434924315907345,0.00711895362977011));
#5785=CARTESIAN_POINT('',(-0.0824838407797203,0.00434924315907345,0.0071189536297701));
#5786=CARTESIAN_POINT('',(-0.0815307620754557,0.,0.0125241315579308));
#5787=CARTESIAN_POINT('',(-0.0824838407797203,-0.00434924315907349,0.00711895362977013));
#5788=CARTESIAN_POINT('',(-0.0824838407797203,-0.00434924315907349,0.00711895362977013));
#5789=CARTESIAN_POINT('',(-0.0824413239264349,-0.00465822697410995,0.00736007868683493));
#5790=CARTESIAN_POINT('',(-0.082300273733627,-0.00526206297976785,0.00783480292766597));
#5791=CARTESIAN_POINT('',(-0.0819325092300403,-0.0061327315088757,0.00851788175270933));
#5792=CARTESIAN_POINT('',(-0.0814028992232578,-0.00699238272383905,0.00914563367547977));
#5793=CARTESIAN_POINT('',(-0.0808904050559992,-0.00760547351963024,0.00933069674886659));
#5794=CARTESIAN_POINT('',(-0.0806245001148465,-0.00788477615450279,0.0092302796662446));
#5795=CARTESIAN_POINT('',(0.,-0.0109601551083915,0.0460398448916085));
#5796=CARTESIAN_POINT('',(-0.0154486217176336,-0.00788477616276152,0.0429801441311782));
#5797=CARTESIAN_POINT('',(-0.0164310551403111,-0.00874304385014459,0.0438394088507515));
#5798=CARTESIAN_POINT('',(-0.017555035578696,-0.0109430064881852,0.0460405121713589));
#5799=CARTESIAN_POINT('',(-0.0164974096454828,-0.013162252642984,0.048258684984111));
#5800=CARTESIAN_POINT('',(-0.0155419084010926,-0.0140355329340323,0.0491309955753543));
#5801=CARTESIAN_POINT('',(-0.0154485786089325,-0.00788480085608209,0.0429801687807496));
#5802=CARTESIAN_POINT('',(-0.0155417416442253,-0.0140354416458658,0.0491309041179529));
#5803=CARTESIAN_POINT('',(3.12107418356798E-6,-0.0140355329955858,0.0491152196113501));
#5804=CARTESIAN_POINT('',(-0.0399999794012075,-0.0140355329955851,0.0491558171500346));
#5805=CARTESIAN_POINT('',(-0.0399999794012075,-0.0109601551083915,0.0460804392628411));
#5806=CARTESIAN_POINT('',(-0.0399989418310748,-0.00788478139369767,0.043005064495159));
#5807=CARTESIAN_POINT('',(-3.12107526595336E-6,-0.00788477615465926,0.0429644691053301));
#5808=CARTESIAN_POINT('',(0.,0.0109601551083915,0.0460398448916085));
#5809=CARTESIAN_POINT('',(-0.0399999794012075,0.0109601551083915,0.0460804392628411));
#5810=CARTESIAN_POINT('',(-0.0399999794012075,0.014035532995585,0.0491558171500346));
#5811=CARTESIAN_POINT('',(-0.0399999794012075,0.00788477615465921,0.0430050603091088));
#5812=CARTESIAN_POINT('',(3.12107418356796E-6,0.0140355329955857,0.0491152196113501));
#5813=CARTESIAN_POINT('',(-0.0155417466772208,0.0140354617170162,0.0491309241942112));
#5814=CARTESIAN_POINT('',(-0.0155418768365076,0.0140355329445031,0.0491309955537914));
#5815=CARTESIAN_POINT('',(-0.0164975897932684,0.0131618244285628,0.0482582569525146));
#5816=CARTESIAN_POINT('',(-0.0175551173193436,0.0109428850471068,0.0460403908132359));
#5817=CARTESIAN_POINT('',(-0.0164309575568466,0.00874309755248728,0.0438394624540607));
#5818=CARTESIAN_POINT('',(-0.0154485818808216,0.00788477617165061,0.0429801440996386));
#5819=CARTESIAN_POINT('',(-0.0154485065105443,0.00788481934432579,0.0429801871958235));
#5820=CARTESIAN_POINT('',(-3.12107526595338E-6,0.00788477615465922,0.0429644691053301));
#5821=CARTESIAN_POINT('',(-0.0502585012354566,0.0109601551083915,0.0375000541706033));
#5822=CARTESIAN_POINT('',(-0.0502585012354573,0.0109601551083915,0.0375000541706033));
#5823=CARTESIAN_POINT('',(-0.0532876962749308,0.0140355316181669,0.0380310137638945));
#5824=CARTESIAN_POINT('',(-0.0472293037887264,0.00788477615465884,0.0369690941553663));
#5825=CARTESIAN_POINT('',(-0.0472298457580374,0.00788477615465922,0.0369660204946638));
#5826=CARTESIAN_POINT('',(-0.0532871556625414,0.0140355329955857,0.0380340876613404));
#5827=CARTESIAN_POINT('',(-0.0502585012354566,-0.0109601551083915,0.0375000541706033));
#5828=CARTESIAN_POINT('',(-0.0554679461183466,-0.0109601551083915,0.00795582411596863));
#5829=CARTESIAN_POINT('',(-0.0575435214061453,-0.0140355329955858,0.013895038001996));
#5830=CARTESIAN_POINT('',(-0.0514862117091882,-0.00788477615465926,0.0128269696582626));
#5831=CARTESIAN_POINT('',(-0.0472298457580374,-0.00788477615465926,0.0369660204946638));
#5832=CARTESIAN_POINT('',(-0.0472293042139465,-0.00788477658636168,0.0369690942298992));
#5833=CARTESIAN_POINT('',(-0.0502585012354573,-0.0109601551083915,0.0375000541706033));
#5834=CARTESIAN_POINT('',(-0.0532876962749308,-0.0140355316181669,0.0380310137638945));
#5835=CARTESIAN_POINT('',(-0.0532871556625414,-0.0140355329955858,0.0380340876613404));
#5836=CARTESIAN_POINT('',(0.,-2.42861286636753E-17,0.0725));
#5837=CARTESIAN_POINT('',(0.,-0.00434924315907349,0.0725));
#5838=CARTESIAN_POINT('',(-0.00451143616651361,-0.00434924315907349,0.0725045784752212));
#5839=CARTESIAN_POINT('',(-0.00199797028143837,-0.00434924315907349,0.0725020276597271));
#5840=CARTESIAN_POINT('',(-0.00199797028143837,-2.42861286636753E-17,0.0725020276597271));
#5841=CARTESIAN_POINT('',(-0.00199797028143837,0.00434924315907345,0.0725020276597271));
#5842=CARTESIAN_POINT('',(-4.7154564534162E-22,0.00434924315907345,0.0725));
#5843=CARTESIAN_POINT('',(-0.00451143616651358,0.00434924315907345,0.0725045784752212));
#5844=CARTESIAN_POINT('',(-0.00999999485030188,3.06161699786838E-19,0.0725101485928082));
#5845=CARTESIAN_POINT('',(-0.061094054121784,0.,0.0393993389732258));
#5846=CARTESIAN_POINT('',(-0.0595816067495189,0.00901617577330268,0.00690455189131546));
#5847=CARTESIAN_POINT('',(-0.0600223893599313,0.00949498324725972,0.00848017271957234));
#5848=CARTESIAN_POINT('',(-0.0593563808588792,0.00924244190933687,0.0100253804534508));
#5849=CARTESIAN_POINT('',(-0.0580772194611674,0.0083138086410971,0.0106487708152221));
#5850=CARTESIAN_POINT('',(-0.0570806390099368,0.00708721017881561,0.0100156061962702));
#5851=CARTESIAN_POINT('',(-0.0568659936408297,0.00638246250931197,0.00848164139470102));
#5852=CARTESIAN_POINT('',(-0.0573946567003854,0.0067694544325442,0.0069140140614835));
#5853=CARTESIAN_POINT('',(-0.0584541512290576,0.00792505791249644,0.00624931392787298));
#5854=CARTESIAN_POINT('',(-0.0595816067495189,0.00901617577330268,0.00690455189131546));
#5855=CARTESIAN_POINT('',(-0.0600223893599313,0.00949498324725972,0.00848017271957234));
#5856=CARTESIAN_POINT('',(-0.0593563808588792,0.00924244190933687,0.0100253804534508));
#5857=CARTESIAN_POINT('',(-0.0598379241746872,0.00937309177861307,0.00847510387050927));
#5858=CARTESIAN_POINT('',(-0.061094054121784,0.,0.0393993389732258));
#5859=CARTESIAN_POINT('',(-0.0723721149028699,0.,0.0413761659808652));
#5860=CARTESIAN_POINT('',(-0.068,0.,-6.25829946302019E-18));
#5861=CARTESIAN_POINT('',(-0.05676445709846,-0.000999999337325198,-0.00196779019709003));
#5862=CARTESIAN_POINT('',(-0.0567649484554339,0.0010051319871048,-0.00196917906368211));
#5863=CARTESIAN_POINT('',(-0.0498590880543158,0.001,0.0374300656395221));
#5864=CARTESIAN_POINT('',(-0.0537996662995014,0.001,0.0149485430833829));
#5865=CARTESIAN_POINT('',(-0.0537996662995014,-0.001,0.0149485430833829));
#5866=CARTESIAN_POINT('',(-0.0538165543286154,-0.0016675421314497,0.0151911735446959));
#5867=CARTESIAN_POINT('',(-0.0538801356800256,-0.00279927114393354,0.0161521008452564));
#5868=CARTESIAN_POINT('',(-0.053628093232277,-0.00321046225207395,0.0183515848321027));
#5869=CARTESIAN_POINT('',(-0.0529872909309561,-0.00210045561427465,0.0202011559862005));
#5870=CARTESIAN_POINT('',(-0.0526319913236448,-2.28288906938183E-6,0.0209218581044043));
#5871=CARTESIAN_POINT('',(-0.0529865972211936,0.00209882011674274,0.0202025267505739));
#5872=CARTESIAN_POINT('',(-0.0536268800496929,0.00320889009887262,0.0183562631913753));
#5873=CARTESIAN_POINT('',(-0.0538802728546498,0.00280292544839735,0.0161562670646043));
#5874=CARTESIAN_POINT('',(-0.0538165546320834,0.00166755412679068,0.0151911779046231));
#5875=CARTESIAN_POINT('',(-0.0537996662995014,0.001,0.0149485430833829));
#5876=CARTESIAN_POINT('',(-0.0537996662995014,-0.001,0.0149485430833829));
#5877=CARTESIAN_POINT('',(-0.0498590880543158,-0.001,0.0374300656395221));
#5878=CARTESIAN_POINT('',(-0.0570815501227543,-0.00708861692375172,0.0100170176385809));
#5879=CARTESIAN_POINT('',(-0.0568654206315505,-0.0063815757294283,0.00848091344003588));
#5880=CARTESIAN_POINT('',(-0.0573963877570445,-0.00677123855584426,0.00691207304836561));
#5881=CARTESIAN_POINT('',(-0.058453684084311,-0.00792458653380486,0.00624949870619976));
#5882=CARTESIAN_POINT('',(-0.0595825890140057,-0.00901714632527481,0.00690574968108113));
#5883=CARTESIAN_POINT('',(-0.0600216464161296,-0.00949426787113003,0.00847905240635932));
#5884=CARTESIAN_POINT('',(-0.0593587529630237,-0.00924394261530696,0.0100232595602003));
#5885=CARTESIAN_POINT('',(-0.0580769758138145,-0.00831362717238138,0.0106489497230287));
#5886=CARTESIAN_POINT('',(-0.0570815501227543,-0.00708861692375172,0.0100170176385809));
#5887=CARTESIAN_POINT('',(-0.0568654206315505,-0.0063815757294283,0.00848091344003588));
#5888=CARTESIAN_POINT('',(-0.0573963877570445,-0.00677123855584426,0.00691207304836561));
#5889=CARTESIAN_POINT('',(-0.0569899367343334,-0.00656435973288486,0.00847545740784833));
#5890=CARTESIAN_POINT('',(-0.0771957278606581,0.00156888205142778,0.0133497659108778));
#5891=CARTESIAN_POINT('',(-0.0772125952899014,-3.65818266372277E-7,0.0140138810897345));
#5892=CARTESIAN_POINT('',(-0.0771958043884003,-0.00156741877836229,0.0133502276796076));
#5893=CARTESIAN_POINT('',(-0.0773349205579398,-0.00221620465422319,0.0117864694790339));
#5894=CARTESIAN_POINT('',(-0.0777367800301136,-0.001567760156008,0.0102637564883398));
#5895=CARTESIAN_POINT('',(-0.0779778301180649,-6.11546555960045E-7,0.0096474859468072));
#5896=CARTESIAN_POINT('',(-0.0777373822474593,0.00156548906509318,0.010262203001381));
#5897=CARTESIAN_POINT('',(-0.0773354937302236,0.00221640644011086,0.0117829536598591));
#5898=CARTESIAN_POINT('',(-0.0771957278606581,0.00156888205142778,0.0133497659108778));
#5899=CARTESIAN_POINT('',(-0.0772125952899014,-3.65818266372277E-7,0.0140138810897345));
#5900=CARTESIAN_POINT('',(-0.0771958043884003,-0.00156741877836229,0.0133502276796076));
#5901=CARTESIAN_POINT('',(-0.0772069855681107,-8.15319869239931E-20,0.0137925863249039));
#5902=CARTESIAN_POINT('',(-0.0457868290411978,-1.12757025938492E-17,0.0367162560926797));
#5903=CARTESIAN_POINT('',(-0.0457868290411985,-1.12757025938492E-17,0.0367162560926798));
#5904=CARTESIAN_POINT('',(-0.0457868290411985,-0.0025,0.0367162560926798));
#5905=CARTESIAN_POINT('',(-0.0457868290411985,-0.0043492504268374,0.0367162560926798));
#5906=CARTESIAN_POINT('',(-0.0457868290411978,-0.0043492431590735,0.0367162560926797));
#5907=CARTESIAN_POINT('',(-0.0504611185345114,-0.00434924315868557,0.01020704306962));
#5908=CARTESIAN_POINT('',(-0.0509970739738876,799.909155931659,0.00716748873016055));
#5909=CARTESIAN_POINT('',(-0.0505902175632377,-0.00924873806986048,0.00947488609507453));
#5910=CARTESIAN_POINT('',(-0.0492605926444316,-0.00924873806980695,0.0170155637240099));
#5911=CARTESIAN_POINT('',(-0.0457868290411978,-0.0043492431590735,0.0367162560926797));
#5912=CARTESIAN_POINT('',(-0.0523858120708048,-0.0043492431590735,-0.000708436391096572));
#5913=CARTESIAN_POINT('',(-0.0523858120708048,-0.001,-0.000708436391096516));
#5914=CARTESIAN_POINT('',(-0.0523858120708048,-0.001,-0.000708436391096514));
#5915=CARTESIAN_POINT('',(-0.0512418499791437,-0.001,0.00577929502167335));
#5916=CARTESIAN_POINT('',(-0.0497509438104123,-0.001,0.0142346440711554));
#5917=CARTESIAN_POINT('',(-0.0492597925945364,1.95156391047391E-18,0.0170201010324354));
#5918=CARTESIAN_POINT('',(-0.0497509438104123,0.001,0.0142346440711554));
#5919=CARTESIAN_POINT('',(-0.0512418499791437,0.001,0.00577929502167336));
#5920=CARTESIAN_POINT('',(-0.0523858120708048,0.001,-0.000708436391096514));
#5921=CARTESIAN_POINT('',(-0.0523858120708048,0.00434924315907345,-0.000708436391096516));
#5922=CARTESIAN_POINT('',(-0.0523858120708048,0.00434924315907345,-0.00070843639109653));
#5923=CARTESIAN_POINT('',(-0.0457868290411978,0.00434924315907345,0.0367162560926797));
#5924=CARTESIAN_POINT('',(-0.0515330294135376,0.00434924315857188,0.00412793438914862));
#5925=CARTESIAN_POINT('',(-0.0509970739738903,-799.909159898086,0.00716748873014509));
#5926=CARTESIAN_POINT('',(-0.0514039303847794,0.00924873806991731,0.0048600913638749));
#5927=CARTESIAN_POINT('',(-0.0492605926444316,0.00924873806980695,0.0170155637240099));
#5928=CARTESIAN_POINT('',(-0.0457868290411978,0.00434924315907345,0.0367162560926797));
#5929=CARTESIAN_POINT('',(-0.0457868290411978,0.0025,0.0367162560926797));
#5930=CARTESIAN_POINT('',(-0.0474869132960837,0.0025,0.0270745991661266));
#5931=CARTESIAN_POINT('',(-0.0474869132960837,0.001,0.0270745991661266));
#5932=CARTESIAN_POINT('',(-0.0478918912523186,0.001,0.0247778550455861));
#5933=CARTESIAN_POINT('',(-0.0478918912523186,-1.12757025938492E-17,0.0247778550455861));
#5934=CARTESIAN_POINT('',(-0.0478918912523186,-0.001,0.0247778550455861));
#5935=CARTESIAN_POINT('',(-0.0474869132960837,-0.001,0.0270745991661267));
#5936=CARTESIAN_POINT('',(-0.0474869132960837,-0.0025,0.0270745991661267));
#5937=CARTESIAN_POINT('',(-0.0457868290411978,-0.0025,0.0367162560926797));
#5938=CARTESIAN_POINT('',(-0.0763213167454478,-2.42861286636753E-17,0.042068364148297));
#5939=CARTESIAN_POINT('',(-0.082919594860833,-0.006420310216783,0.00464766943173145));
#5940=CARTESIAN_POINT('',(-0.082919594860833,0.00434924315907345,0.00464766943173145));
#5941=CARTESIAN_POINT('',(-0.082919594860833,-0.00434924315907349,0.00464766943173145));
#5942=CARTESIAN_POINT('',(-0.0763213167454478,-0.00434924315907349,0.042068364148297));
#5943=CARTESIAN_POINT('',(-0.0763213167454478,0.00434924315907345,0.042068364148297));
#5944=CARTESIAN_POINT('',(-0.071849644551189,-0.0109601551083915,0.0412845660703735));
#5945=CARTESIAN_POINT('',(-0.0748783000286082,-0.00788477615465926,0.0418185997463129));
#5946=CARTESIAN_POINT('',(-0.0814772233455383,-0.00788477615465926,0.00439424590995558));
#5947=CARTESIAN_POINT('',(-0.0754198298400761,-0.0140345174075047,0.00333250140352602));
#5948=CARTESIAN_POINT('',(-0.0754188295025995,-0.0140355329955858,0.00333232606361797));
#5949=CARTESIAN_POINT('',(-0.0688209901241042,-0.0140355329955858,0.0407505325796362));
#5950=CARTESIAN_POINT('',(-0.0688204477366126,-0.0140355334203329,0.0407536061659409));
#5951=CARTESIAN_POINT('',(-0.0718496445511898,-0.0109601551083915,0.0412845660703736));
#5952=CARTESIAN_POINT('',(-0.0435034757254102,-0.0397416628130267,0.0362976663122398));
#5953=CARTESIAN_POINT('',(-0.0748790995595603,-0.0078847766815164,0.0418140623469119));
#5954=CARTESIAN_POINT('',(-0.0748783000286082,-0.00788477615465925,0.0418185997463129));
#5955=CARTESIAN_POINT('',(-0.0795525907021386,-0.00788477615465925,0.0153093800299112));
#5956=CARTESIAN_POINT('',(556.949348288438,-565.630689819643,-98.2070489328021));
#5957=CARTESIAN_POINT('',(-0.0830935217121268,-0.00442030918681011,0.0151788222082731));
#5958=CARTESIAN_POINT('',(-0.0817638958048109,-0.00442030918684282,0.0227195054433867));
#5959=CARTESIAN_POINT('',(-0.0502585012354566,-0.0109601551083915,0.0375000541706033));
#5960=CARTESIAN_POINT('',(-0.0532871556625414,-0.0140355329955858,0.0380340876613404));
#5961=CARTESIAN_POINT('',(-0.0598865774290384,-0.0140355329955858,0.000606906977016937));
#5962=CARTESIAN_POINT('',(-0.0538291824888932,-0.00788579028618503,-0.0004548377808849));
#5963=CARTESIAN_POINT('',(-0.0538281835860996,-0.00788477615465926,-0.00045501286932069));
#5964=CARTESIAN_POINT('',(-0.0472298457580374,-0.00788477615465926,0.0369660204946638));
#5965=CARTESIAN_POINT('',(-0.0502585012354566,0.0109601551083915,0.0375000541706033));
#5966=CARTESIAN_POINT('',(-0.0472298457580374,0.00788477615465922,0.0369660204946638));
#5967=CARTESIAN_POINT('',(-0.0533923695726667,0.00788477615465922,0.00201661122179579));
#5968=CARTESIAN_POINT('',(-0.0538281835860996,0.00788477615465922,-0.000455012869320676));
#5969=CARTESIAN_POINT('',(-0.059887576331832,0.0140365471271115,0.000607082065452731));
#5970=CARTESIAN_POINT('',(-0.0598865774290384,0.0140355329955857,0.000606906977016958));
#5971=CARTESIAN_POINT('',(-0.0532871556625414,0.0140355329955857,0.0380340876613404));
#5972=CARTESIAN_POINT('',(-0.0594496796847175,0.0140355329955857,0.0030846772114156));
#5973=CARTESIAN_POINT('',(-0.0554679461183466,0.0109601551083915,0.00795582411596863));
#5974=CARTESIAN_POINT('',(-0.071849644551189,0.0109601551083915,0.0412845660703735));
#5975=CARTESIAN_POINT('',(-0.0829206984305432,0.00641929462870184,0.00464725931255027));
#5976=CARTESIAN_POINT('',(-0.0754188295025995,0.0140355329955857,0.00333232606361795));
#5977=CARTESIAN_POINT('',(-0.0814772233455383,0.00788477615465922,0.00439424590995559));
#5978=CARTESIAN_POINT('',(-0.0748783000286082,0.00788477615465922,0.0418185997463129));
#5979=CARTESIAN_POINT('',(-0.0817638958048109,0.00442030918684279,0.0227195054433867));
#5980=CARTESIAN_POINT('',(-0.0830935217122626,0.0044203091867018,0.0151788222078327));
#5981=CARTESIAN_POINT('',(556.949348648748,565.63069018551,-98.2070489963343));
#5982=CARTESIAN_POINT('',(-0.0795525907022843,0.00788477615465922,0.0153093800290849));
#5983=CARTESIAN_POINT('',(-0.0748783000286082,0.00788477615465922,0.0418185997463129));
#5984=CARTESIAN_POINT('',(-0.0748790995595603,0.00788477668151636,0.0418140623469119));
#5985=CARTESIAN_POINT('',(-0.0435034757254102,0.0397416628130266,0.0362976663122398));
#5986=CARTESIAN_POINT('',(-0.0718496445511898,0.0109601551083915,0.0412845660703736));
#5987=CARTESIAN_POINT('',(-0.0688204477366126,0.0140355334203329,0.0407536061659409));
#5988=CARTESIAN_POINT('',(-0.0688209901241042,0.0140355329955857,0.0407505325796362));
#5989=CARTESIAN_POINT('',(-0.0400216536272935,0.,0.0356837271343148));
#5990=CARTESIAN_POINT('',(-0.0731649102071638,0.,0.0518068061074125));
#5991=CARTESIAN_POINT('',(-0.0400216536272935,0.0362061298174408,0.0356837271343148));
#5992=CARTESIAN_POINT('',(-0.0400216536272935,-0.0362061298174409,0.0356837271343148));
#5993=CARTESIAN_POINT('',(-0.0399999794012075,-0.014035533420338,0.0649253711676775));
#5994=CARTESIAN_POINT('',(-0.054859156626769,-0.014035533420338,0.0649363849522059));
#5995=CARTESIAN_POINT('',(-0.0662441824979936,-0.014035533420338,0.0553877486602717));
#5996=CARTESIAN_POINT('',(-0.0688204477366076,-0.014035533420338,0.04075360616594));
#5997=CARTESIAN_POINT('',(-0.0399999794012075,-0.00784787143768664,0.0711130331503289));
#5998=CARTESIAN_POINT('',(-0.0580034246408103,-0.00784787143768665,0.0711240469348573));
#5999=CARTESIAN_POINT('',(-0.0717960736773598,-0.00784787143768665,0.059553092162091));
#6000=CARTESIAN_POINT('',(-0.0749151925342632,-0.00784787143768664,0.0418218976350621));
#6001=CARTESIAN_POINT('',(-0.0400008406018174,-0.00788477624306531,0.0710761288618698));
#6002=CARTESIAN_POINT('',(-0.0433205733166229,-0.0078847762430653,0.0710780810798091));
#6003=CARTESIAN_POINT('',(-0.0465877617937344,-0.00788477624306531,0.070616115711556));
#6004=CARTESIAN_POINT('',(-0.0497423001381753,-0.0078847762430653,0.0697150592363227));
#6005=CARTESIAN_POINT('',(-0.0400008406024351,-0.00788477669844965,0.0710761284064858));
#6006=CARTESIAN_POINT('',(-0.0497423001381753,-0.00788477624306532,0.0697150592363226));
#6007=CARTESIAN_POINT('',(-0.0497423001381753,-0.0078847762430653,0.0697150592363226));
#6008=CARTESIAN_POINT('',(-0.0515770857272869,-0.00875101845423715,0.0682900872759821));
#6009=CARTESIAN_POINT('',(-0.0543604819440442,-0.00979001738987688,0.0661062493149312));
#6010=CARTESIAN_POINT('',(-0.0581206291650279,-0.0105229053787674,0.0630651034627645));
#6011=CARTESIAN_POINT('',(-0.060985388341284,-0.0107158415720076,0.0606920803384484));
#6012=CARTESIAN_POINT('',(-0.0638104940729393,-0.0105270470489958,0.0582914015698969));
#6013=CARTESIAN_POINT('',(-0.067465285721846,-0.00979979337684841,0.0551114715775294));
#6014=CARTESIAN_POINT('',(-0.0701239356921737,-0.00875209223230715,0.052727574361999));
#6015=CARTESIAN_POINT('',(-0.0718480007743251,-0.00788477624306533,0.051166173985614));
#6016=CARTESIAN_POINT('',(-0.0688204477366126,-0.0140355334203329,0.0407536061659409));
#6017=CARTESIAN_POINT('',(-0.0685229660927923,-0.014035534300185,0.0424434072104864));
#6018=CARTESIAN_POINT('',(-0.0676257823701642,-0.0140355330118301,0.0457697662674724));
#6019=CARTESIAN_POINT('',(-0.0654817461584722,-0.0140355335303146,0.0503670482806176));
#6020=CARTESIAN_POINT('',(-0.0625141979218461,-0.0140355333889089,0.0546015487696252));
#6021=CARTESIAN_POINT('',(-0.0589246095508754,-0.0140355334360473,0.0581885729750743));
#6022=CARTESIAN_POINT('',(-0.0546911626458752,-0.0140355333888992,0.061151598023642));
#6023=CARTESIAN_POINT('',(-0.0500879326324754,-0.014035533530353,0.063296304059625));
#6024=CARTESIAN_POINT('',(-0.0450974303955708,-0.014035533011686,0.0646334454629404));
#6025=CARTESIAN_POINT('',(-0.0417157653095956,-0.0140355343004955,0.0649266420467841));
#6026=CARTESIAN_POINT('',(-0.0399999794012075,-0.0140355334203329,0.0649253711676827));
#6027=CARTESIAN_POINT('',(-0.0399999794012075,-0.014035532995586,0.0649253715924295));
#6028=CARTESIAN_POINT('',(-0.0399999794012075,-0.0109601551083915,0.068000749479624));
#6029=CARTESIAN_POINT('',(-0.0399999794012075,-0.00788477701985699,0.0710761275681586));
#6030=CARTESIAN_POINT('',(-0.0399999794012075,-0.00788477701985751,0.0710761275681579));
#6031=CARTESIAN_POINT('',(-0.0400002664682841,-0.00788477691576876,0.0710761278480459));
#6032=CARTESIAN_POINT('',(-0.0400005535353601,-0.0078847768087294,0.071076128127392));
#6033=CARTESIAN_POINT('',(-0.0400008406024351,-0.00788477669844965,0.0710761284064858));
#6034=CARTESIAN_POINT('',(-0.0399999794012075,-0.00788477658634119,0.0430050607407908));
#6035=CARTESIAN_POINT('',(-0.0437203240392164,-0.0078847765863412,0.0430160745253192));
#6036=CARTESIAN_POINT('',(-0.0465761433502161,-0.0078847765863412,0.0406316707021524));
#6037=CARTESIAN_POINT('',(-0.0472293042139263,-0.00788477658634119,0.0369690942298957));
#6038=CARTESIAN_POINT('',(-0.0399999794012075,-0.0140724375340405,0.0491927216884901));
#6039=CARTESIAN_POINT('',(-0.0468645915273456,-0.0140724375340405,0.0492037354730185));
#6040=CARTESIAN_POINT('',(-0.0521280336009696,-0.0140724375340405,0.0447970135072738));
#6041=CARTESIAN_POINT('',(-0.0533240479921713,-0.0140724375340405,0.0380373855203347));
#6042=CARTESIAN_POINT('',(-0.0399999794012075,-0.014035531618165,0.0491558157726146));
#6043=CARTESIAN_POINT('',(-0.0415607417631216,-0.0140355298798972,0.0491583250270523));
#6044=CARTESIAN_POINT('',(-0.0447102722588812,-0.0140355324042634,0.0486090763147525));
#6045=CARTESIAN_POINT('',(-0.0488455664061593,-0.0140355314742224,0.0462285963786066));
#6046=CARTESIAN_POINT('',(-0.0514115875822862,-0.0140355314189013,0.043171132739774));
#6047=CARTESIAN_POINT('',(-0.052737496045688,-0.0140355320056283,0.0403385458397661));
#6048=CARTESIAN_POINT('',(-0.0531517270212783,-0.0140355307491387,0.0387994594182791));
#6049=CARTESIAN_POINT('',(-0.0532876962749289,-0.014035531618165,0.0380310137638942));
#6050=CARTESIAN_POINT('',(-0.0472293042139465,-0.00788477658636168,0.0369690942298992));
#6051=CARTESIAN_POINT('',(-0.0469272755954293,-0.00788477306193342,0.0386626889651349));
#6052=CARTESIAN_POINT('',(-0.0455670019349832,-0.00788477690677974,0.0409873383060675));
#6053=CARTESIAN_POINT('',(-0.0425537665102735,-0.00788477722714092,0.0427120283094026));
#6054=CARTESIAN_POINT('',(-0.0408601332410157,-0.00788477482420452,0.0430076053957135));
#6055=CARTESIAN_POINT('',(-0.0399999794012075,-0.00788477658636166,0.0430050607408113));
#6056=CARTESIAN_POINT('',(-0.0400216536272935,0.,0.0356837271343148));
#6057=CARTESIAN_POINT('',(-0.0400216536272935,-0.0025,0.0356837271343148));
#6058=CARTESIAN_POINT('',(-0.0399999794012075,-0.0025,0.0415405943712325));
#6059=CARTESIAN_POINT('',(-0.0399999794012075,-1.12757025938492E-17,0.0415405943712325));
#6060=CARTESIAN_POINT('',(-0.0399999794012075,-0.00434923414233728,0.0415405943712325));
#6061=CARTESIAN_POINT('',(-0.0400216536272935,0.00650764864899541,0.0356837271343148));
#6062=CARTESIAN_POINT('',(-0.0400080255355515,-0.0043492504268374,0.0415406186202545));
#6063=CARTESIAN_POINT('',(-0.0400080255355515,-0.0043492504268374,0.0415406186202545));
#6064=CARTESIAN_POINT('',(-0.0413832643988768,-0.00434925042683739,0.0415438185909969));
#6065=CARTESIAN_POINT('',(-0.0440861719754075,-0.00434925042683743,0.0405529551425396));
#6066=CARTESIAN_POINT('',(-0.0455443840591699,-0.00434925042683737,0.0380699593842848));
#6067=CARTESIAN_POINT('',(-0.0457868290411985,-0.0043492504268374,0.0367162560926798));
#6068=CARTESIAN_POINT('',(-0.0399999794012075,0.0155,0.0506202841544496));
#6069=CARTESIAN_POINT('',(-0.0475900091426497,0.0155,0.050631297938978));
#6070=CARTESIAN_POINT('',(-0.0534089166687546,0.0155,0.045758004598529));
#6071=CARTESIAN_POINT('',(-0.0547301734297161,0.0155,0.038283852248527));
#6072=CARTESIAN_POINT('',(-0.0399999794012075,0.00642031021678297,0.0415405943712326));
#6073=CARTESIAN_POINT('',(-0.0429761536601053,0.00642031021678297,0.041551608155761));
#6074=CARTESIAN_POINT('',(-0.045262148186546,0.00642031021678297,0.0396458370394257));
#6075=CARTESIAN_POINT('',(-0.0457868290411986,0.00642031021678297,0.0367162560926798));
#6076=CARTESIAN_POINT('',(-0.0399999794012075,0.00788477658636163,0.0430050607408113));
#6077=CARTESIAN_POINT('',(-0.0417176566141533,0.00788477306743627,0.0430101422687171));
#6078=CARTESIAN_POINT('',(-0.0442609865326115,0.00788477690630071,0.042081458113355));
#6079=CARTESIAN_POINT('',(-0.0464887463834237,0.00788477722610487,0.0394211639892349));
#6080=CARTESIAN_POINT('',(-0.0470785208159585,0.00788477482703387,0.0378145967871638));
#6081=CARTESIAN_POINT('',(-0.0472293042139465,0.00788477658636163,0.0369690942298992));
#6082=CARTESIAN_POINT('',(-0.0532876962749289,0.014035531618165,0.0380310137638942));
#6083=CARTESIAN_POINT('',(-0.0530119213306906,0.0140355298555924,0.0395895871310229));
#6084=CARTESIAN_POINT('',(-0.0519223690109288,0.0140355324994102,0.0425636294682549));
#6085=CARTESIAN_POINT('',(-0.0488487591505387,0.0140355311776659,0.0462275264454425));
#6086=CARTESIAN_POINT('',(-0.0446999240879466,0.0140355324989163,0.0486093665911615));
#6087=CARTESIAN_POINT('',(-0.0415827605880176,0.0140355298567448,0.0491583604283245));
#6088=CARTESIAN_POINT('',(-0.0399999794012075,0.014035531618165,0.0491558157726146));
#6089=CARTESIAN_POINT('',(-0.0399999794012075,0.00642031021678295,0.0725405943712326));
#6090=CARTESIAN_POINT('',(-0.0587288416234378,0.00642031021678295,0.0725516081557611));
#6091=CARTESIAN_POINT('',(-0.0730769556280161,0.00642031021678295,0.0605140824152128));
#6092=CARTESIAN_POINT('',(-0.0763213167454486,0.00642031021678295,0.0420683641482971));
#6093=CARTESIAN_POINT('',(-0.0399999794012075,0.0155,0.0634609045880156));
#6094=CARTESIAN_POINT('',(-0.0541149861408934,0.0155,0.0634719183725439));
#6095=CARTESIAN_POINT('',(-0.0649301871458076,0.0155,0.0544019148561096));
#6096=CARTESIAN_POINT('',(-0.067377972356931,0.0155,0.04050076799245));
#6097=CARTESIAN_POINT('',(-0.0718480007743367,0.00788477624305941,0.0511661739856034));
#6098=CARTESIAN_POINT('',(-0.0701260511927745,0.00875102799899373,0.0527256584578556));
#6099=CARTESIAN_POINT('',(-0.0674921328395302,0.00978999501940025,0.0550874828089078));
#6100=CARTESIAN_POINT('',(-0.0638444698857835,0.010522843557561,0.0582622210623846));
#6101=CARTESIAN_POINT('',(-0.06101059202239,0.0107158461039244,0.0606709326741785));
#6102=CARTESIAN_POINT('',(-0.0581550824670058,0.0105270883031362,0.0630368617972322));
#6103=CARTESIAN_POINT('',(-0.0543886438831001,0.0097997654120832,0.0660840726677758));
#6104=CARTESIAN_POINT('',(-0.0515794122381801,0.00875211685066688,0.068288280409388));
#6105=CARTESIAN_POINT('',(-0.0497423001381753,0.00788477624306527,0.0697150592363226));
#6106=CARTESIAN_POINT('',(-0.0497423001381753,0.00788477624306526,0.0697150592363226));
#6107=CARTESIAN_POINT('',(-0.0497423001381753,0.00788477624306529,0.0697150592363227));
#6108=CARTESIAN_POINT('',(-0.0465801210819317,0.00788477624306529,0.0706182981902878));
#6109=CARTESIAN_POINT('',(-0.0433341210572671,0.00788477624306528,0.0710780890467584));
#6110=CARTESIAN_POINT('',(-0.0400008406018174,0.00788477624306527,0.0710761288618698));
#6111=CARTESIAN_POINT('',(-0.0400008406024351,0.00788477669844962,0.0710761284064858));
#6112=CARTESIAN_POINT('',(-0.0400008406024351,0.00788477669844962,0.0710761284064858));
#6113=CARTESIAN_POINT('',(-0.0400005535353601,0.00788477680872936,0.071076128127392));
#6114=CARTESIAN_POINT('',(-0.0400002664682841,0.00788477691576817,0.0710761278480466));
#6115=CARTESIAN_POINT('',(-0.0399999794012075,0.00788477701985775,0.0710761275681578));
#6116=CARTESIAN_POINT('',(-0.0399999794012075,0.00788477615465923,0.0710761284333563));
#6117=CARTESIAN_POINT('',(-0.0399999794012075,0.0109601551083915,0.0680007494796241));
#6118=CARTESIAN_POINT('',(-0.0399999794012075,0.014035532995586,0.0649253715924295));
#6119=CARTESIAN_POINT('',(-0.0399999794012075,0.0140355334203329,0.0649253711676827));
#6120=CARTESIAN_POINT('',(-0.0408488741912957,0.0140355338564855,0.0649259999416245));
#6121=CARTESIAN_POINT('',(-0.0425687385923188,0.0140355332179419,0.0648518530158659));
#6122=CARTESIAN_POINT('',(-0.0450886882529407,0.0140355334744725,0.0645201558220474));
#6123=CARTESIAN_POINT('',(-0.0475821285239851,0.0140355334061656,0.0639703167922311));
#6124=CARTESIAN_POINT('',(-0.0508629888738047,0.0140355334284283,0.0629350722897465));
#6125=CARTESIAN_POINT('',(-0.054688652871031,0.014035533418311,0.0611528139003936));
#6126=CARTESIAN_POINT('',(-0.0589258493575267,0.0140355334183014,0.0581878412927097));
#6127=CARTESIAN_POINT('',(-0.0625136485958063,0.0140355334304806,0.0546016652806062));
#6128=CARTESIAN_POINT('',(-0.0654817309215845,0.0140355333817736,0.0503684717255296));
#6129=CARTESIAN_POINT('',(-0.0672683261644681,0.0140355335339807,0.0465324538811425));
#6130=CARTESIAN_POINT('',(-0.0682981562927077,0.0140355332234786,0.0432830527527384));
#6131=CARTESIAN_POINT('',(-0.0686732670094886,0.0140355338556446,0.0415896447975595));
#6132=CARTESIAN_POINT('',(-0.0688204477366126,0.0140355334203329,0.0407536061659409));
#6133=CARTESIAN_POINT('',(0.,-2.42861286636753E-17,0.0725));
#6134=CARTESIAN_POINT('',(-0.0399999794009474,-0.00434924214175846,0.0725405943712323));
#6135=CARTESIAN_POINT('',(-0.0399994839922977,-0.004349242386382,0.072540593868462));
#6136=CARTESIAN_POINT('',(-0.0399989885836427,-0.0043492426194493,0.0725405933656916));
#6137=CARTESIAN_POINT('',(-0.0399984931749821,-0.00434924284096041,0.0725405928629213));
#6138=CARTESIAN_POINT('',(-0.0399984931751243,-0.00434924315907349,0.0725405928629214));
#6139=CARTESIAN_POINT('',(0.,-0.00434924315907349,0.0725));
#6140=CARTESIAN_POINT('',(-4.7154564534162E-22,0.00434924315907345,0.0725));
#6141=CARTESIAN_POINT('',(-0.0399984931749821,0.00434924284096039,0.0725405928629213));
#6142=CARTESIAN_POINT('',(-0.0399984931749821,0.00434924284096039,0.0725405928629213));
#6143=CARTESIAN_POINT('',(-0.0399989885836427,0.00434924261944927,0.0725405933656916));
#6144=CARTESIAN_POINT('',(-0.0399994839922977,0.00434924238638193,0.072540593868462));
#6145=CARTESIAN_POINT('',(-0.0399999794009474,0.00434924214175839,0.0725405943712323));
#6146=CARTESIAN_POINT('',(0.,-0.0109601551083915,0.0679601551083915));
#6147=CARTESIAN_POINT('',(-3.12107418356796E-6,-0.0140355329955858,0.06488478038865));
#6148=CARTESIAN_POINT('',(-0.00199856477187163,-0.0140355329955858,0.0648868054842488));
#6149=CARTESIAN_POINT('',(-0.00199856477187162,-0.0109611692399173,0.0679611692399173));
#6150=CARTESIAN_POINT('',(-0.00199856477187162,-0.00788477615465926,0.0710375623251753));
#6151=CARTESIAN_POINT('',(3.12107526595337E-6,-0.00788477615465926,0.0710355308946699));
#6152=CARTESIAN_POINT('',(-0.00691504252294414,-0.00788477615458305,0.0710425518607858));
#6153=CARTESIAN_POINT('',(-0.58402874553845,-565.630696648481,-565.551183630966));
#6154=CARTESIAN_POINT('',(-0.00765497676739213,-0.0044203091866985,0.0745077697581897));
#6155=CARTESIAN_POINT('',(-0.0199979599820422,-0.0044203091868428,0.0745202961556767));
#6156=CARTESIAN_POINT('',(3.12107526595337E-6,-0.00788477615465926,0.0710355308946699));
#6157=CARTESIAN_POINT('',(0.,-0.0155,0.057));
#6158=CARTESIAN_POINT('',(-4.41386489838125E-6,-0.0155,0.052650763895231));
#6159=CARTESIAN_POINT('',(-0.002,-0.0155,0.0526527891353838));
#6160=CARTESIAN_POINT('',(-0.002,-0.0155,0.057));
#6161=CARTESIAN_POINT('',(-0.002,-0.0155,0.06135127030383));
#6162=CARTESIAN_POINT('',(4.41386489838127E-6,-0.0155,0.061349236104769));
#6163=CARTESIAN_POINT('',(-0.0400025999773464,-0.0155,0.061389837614973));
#6164=CARTESIAN_POINT('',(-0.040002599977212,-0.0155,0.0613898377473498));
#6165=CARTESIAN_POINT('',(-0.0415122234117694,-0.0155,0.0613909566967354));
#6166=CARTESIAN_POINT('',(-0.0444832695138872,-0.0155,0.0611331935671429));
#6167=CARTESIAN_POINT('',(-0.0488712293670865,-0.0155,0.0599576615163028));
#6168=CARTESIAN_POINT('',(-0.0529177821944459,-0.0155,0.0580721664502015));
#6169=CARTESIAN_POINT('',(-0.0566394850307704,-0.0155,0.0554672734099212));
#6170=CARTESIAN_POINT('',(-0.0597950780065741,-0.0155,0.0523137484348607));
#6171=CARTESIAN_POINT('',(-0.0624037663323422,-0.0155,0.0485912507736554));
#6172=CARTESIAN_POINT('',(-0.0642886566032449,-0.0155,0.044548939639016));
#6173=CARTESIAN_POINT('',(-0.0650768897371595,-0.0155,0.0416264257126371));
#6174=CARTESIAN_POINT('',(-0.0653386259264929,-0.0155,0.0401396670383967));
#6175=CARTESIAN_POINT('',(-0.0653386259264929,-0.0155,0.0401396670383967));
#6176=CARTESIAN_POINT('',(-0.0604851386632965,-0.0155,0.0676651618782319));
#6177=CARTESIAN_POINT('',(-0.0719366335671668,-0.0155,0.00272050702246704));
#6178=CARTESIAN_POINT('',(-0.0633707726047413,-0.0155,0.00121907644651164));
#6179=CARTESIAN_POINT('',(-0.063368773364471,-0.0155,0.00121872601816779));
#6180=CARTESIAN_POINT('',(-0.0519188113805822,-0.0155,0.0661546872527103));
#6181=CARTESIAN_POINT('',(-0.0470937507556773,-0.0155,0.0653038988809856));
#6182=CARTESIAN_POINT('',(-0.05674650628269,-0.0155000000000005,0.0105604019514818));
#6183=CARTESIAN_POINT('',(-0.0567465062826894,-0.0155,0.0105604019514834));
#6184=CARTESIAN_POINT('',(-0.058298976711797,-0.0155,0.0111245844964439));
#6185=CARTESIAN_POINT('',(-0.0598676924375921,-0.0155,0.0116437422527407));
#6186=CARTESIAN_POINT('',(-0.0614424664752391,-0.0155,0.0121433552580734));
#6187=CARTESIAN_POINT('',(-0.0614424664752391,-0.0155,0.0121433552580734));
#6188=CARTESIAN_POINT('',(-0.0519188113805822,-0.0155,0.0661546872527103));
#6189=CARTESIAN_POINT('',(-0.0567695203438992,-0.0155,0.0386449532882905));
#6190=CARTESIAN_POINT('',(-0.0567695203438992,-0.0155,0.0386449532882905));
#6191=CARTESIAN_POINT('',(-0.0565953861659288,-0.0155,0.0396290987273449));
#6192=CARTESIAN_POINT('',(-0.0560825854790984,-0.0155,0.0415342331915833));
#6193=CARTESIAN_POINT('',(-0.0548210609325463,-0.0155,0.0442413347700106));
#6194=CARTESIAN_POINT('',(-0.0530988406470423,-0.0155,0.0466924357306056));
#6195=CARTESIAN_POINT('',(-0.0509990374884155,-0.0155,0.0487875924535266));
#6196=CARTESIAN_POINT('',(-0.0485442014951033,-0.0155,0.0505020759957118));
#6197=CARTESIAN_POINT('',(-0.045850372546249,-0.0155,0.0517537584074548));
#6198=CARTESIAN_POINT('',(-0.0429580556733949,-0.0155,0.0525234483437861));
#6199=CARTESIAN_POINT('',(-0.0409937433783698,-0.0155,0.0526929553336738));
#6200=CARTESIAN_POINT('',(-0.0399942913513672,-0.0155,0.0526913473907796));
#6201=CARTESIAN_POINT('',(-0.0399942913507343,-0.0155,0.0526913480144357));
#6202=CARTESIAN_POINT('',(-4.41386489838126E-6,-0.0155,0.052650763895231));
#6203=CARTESIAN_POINT('',(-0.0132447147421407,-0.0155,0.0526642009443767));
#6204=CARTESIAN_POINT('',(-0.0132447147421407,-0.0155,0.0526642009443767));
#6205=CARTESIAN_POINT('',(-0.0131426621069211,-0.0155,0.0519737408307154));
#6206=CARTESIAN_POINT('',(-0.0130406094717014,-0.0155,0.0512832807170541));
#6207=CARTESIAN_POINT('',(-0.0129385568364818,-0.0155,0.0505928206033928));
#6208=CARTESIAN_POINT('',(-0.0129385568296321,-0.0155,0.0505928206044579));
#6209=CARTESIAN_POINT('',(-0.01293855683683,-0.0155,0.0505928206056324));
#6210=CARTESIAN_POINT('',(-0.0127841448727432,-0.0155,0.0495997578003059));
#6211=CARTESIAN_POINT('',(-0.0126297544016603,-0.0155,0.0486849601636667));
#6212=CARTESIAN_POINT('',(-0.0124753854235813,-0.0155,0.0478484276957147));
#6213=CARTESIAN_POINT('',(-0.0124767986198047,-0.0154997192466661,0.0478480202275571));
#6214=CARTESIAN_POINT('',(-0.0200118823016614,-0.0155,0.0478400324188909));
#6215=CARTESIAN_POINT('',(0.,-0.0109601551083915,0.0460398448916085));
#6216=CARTESIAN_POINT('',(-3.12107526595336E-6,-0.00788477615465926,0.0429644691053301));
#6217=CARTESIAN_POINT('',(-0.00200143522812838,-0.00788477615465926,0.0429664971140385));
#6218=CARTESIAN_POINT('',(-0.00200143522812838,-0.0109591395203104,0.0460408604796896));
#6219=CARTESIAN_POINT('',(-0.00200143522812838,-0.0140355329955858,0.049117253954965));
#6220=CARTESIAN_POINT('',(3.12107418356798E-6,-0.0140355329955858,0.0491152196113501));
#6221=CARTESIAN_POINT('',(0.,-1.12757025938492E-17,0.0415));
#6222=CARTESIAN_POINT('',(0.,-0.0025,0.0415));
#6223=CARTESIAN_POINT('',(-0.0302410424714828,-0.0025,0.0415306904184183));
#6224=CARTESIAN_POINT('',(-0.0302410424714828,-0.001,0.0415306904184183));
#6225=CARTESIAN_POINT('',(-0.0279088673707938,-0.001,0.041528323587654));
#6226=CARTESIAN_POINT('',(-0.0279088673707938,-1.12757025938492E-17,0.041528323587654));
#6227=CARTESIAN_POINT('',(-0.0279088673707938,0.001,0.041528323587654));
#6228=CARTESIAN_POINT('',(-0.0302410424714828,0.001,0.0415306904184183));
#6229=CARTESIAN_POINT('',(-0.0302410424714828,0.0025,0.0415306904184183));
#6230=CARTESIAN_POINT('',(0.,0.0025,0.0415));
#6231=CARTESIAN_POINT('',(0.,0.00434924315907345,0.0415));
#6232=CARTESIAN_POINT('',(-0.0129347784833049,0.00434924315907345,0.0415131269867491));
#6233=CARTESIAN_POINT('',(-0.0129347784833049,0.00434924315907345,0.0415131269867491));
#6234=CARTESIAN_POINT('',(-0.0128430224145653,0.00503959884687463,0.0415130338672032));
#6235=CARTESIAN_POINT('',(-0.0127512663458258,0.0057299545346758,0.0415129407476573));
#6236=CARTESIAN_POINT('',(-0.0126595102770862,0.00642031022247698,0.0415128476281114));
#6237=CARTESIAN_POINT('',(-0.0126595102363554,0.00642031021678297,0.0415128476280701));
#6238=CARTESIAN_POINT('',(-0.01265951027873,0.00642031021071877,0.0415128476281131));
#6239=CARTESIAN_POINT('',(-0.0125208186534694,0.00741241204758761,0.0415127068755575));
#6240=CARTESIAN_POINT('',(-0.0123822039130759,0.00832711342443372,0.0415125662010293));
#6241=CARTESIAN_POINT('',(-0.0122436660575493,0.00916441434125711,0.0415124256045285));
#6242=CARTESIAN_POINT('',(-0.0122446329887684,0.00916468703652536,0.0415127845208464));
#6243=CARTESIAN_POINT('',(1.85508481733774E-5,0.00913962067314984,0.0414999811734899));
#6244=CARTESIAN_POINT('',(0.,0.00434924315907345,0.0415));
#6245=CARTESIAN_POINT('',(-0.00200202971856162,0.00434924315907345,0.0415020317794867));
#6246=CARTESIAN_POINT('',(-0.00200202971856162,-1.12757025938492E-17,0.0415020317794867));
#6247=CARTESIAN_POINT('',(-0.00200202971856162,0.001,0.0415020317794867));
#6248=CARTESIAN_POINT('',(-0.00904366512025621,0.001,0.0415091780522063));
#6249=CARTESIAN_POINT('',(-0.0181294468789774,0.001,0.041518398846896));
#6250=CARTESIAN_POINT('',(-0.020957872547169,-8.67361737988404E-19,0.0415212693024136));
#6251=CARTESIAN_POINT('',(-0.0181294468789774,-0.001,0.041518398846896));
#6252=CARTESIAN_POINT('',(-0.00904366512025622,-0.001,0.0415091780522063));
#6253=CARTESIAN_POINT('',(-0.00200202971856162,-0.001,0.0415020317794867));
#6254=CARTESIAN_POINT('',(-0.00200202971856162,-1.12757025938492E-17,0.0415020317794867));
#6255=CARTESIAN_POINT('',(-0.00200202971856162,-0.00434924315907349,0.0415020317794867));
#6256=CARTESIAN_POINT('',(-1.95320773286577E-22,-0.00434924315907349,0.0415));
#6257=CARTESIAN_POINT('',(-0.0200184348616118,-0.00918029013590756,0.0415203159048688));
#6258=CARTESIAN_POINT('',(-0.0122446977812147,-0.00916486213674099,0.0415127589745275));
#6259=CARTESIAN_POINT('',(-0.012243787707604,-0.00916470782180333,0.0415124257279862));
#6260=CARTESIAN_POINT('',(-0.0123822367533863,-0.00832732529109667,0.0415125662343576));
#6261=CARTESIAN_POINT('',(-0.0125207539697891,-0.00741252609173848,0.0415127068099126));
#6262=CARTESIAN_POINT('',(-0.0126593393568123,-0.00642031022372875,0.0415128474546513));
#6263=CARTESIAN_POINT('',(-0.0126593394053816,-0.00642031021678299,0.0415128474547005));
#6264=CARTESIAN_POINT('',(-0.0126593393586933,-0.00642031021026192,0.0415128474546532));
#6265=CARTESIAN_POINT('',(-0.0127510263863864,-0.00572995452653245,0.0415129405041321));
#6266=CARTESIAN_POINT('',(-0.0128427134140794,-0.00503959884280297,0.041513033553611));
#6267=CARTESIAN_POINT('',(-0.0129344004417724,-0.0043492431590735,0.0415131266030899));
#6268=CARTESIAN_POINT('',(-0.0129344004417724,-0.0043492431590735,0.0415131266030899));
#6269=CARTESIAN_POINT('',(-1.95320773286577E-22,-0.00434924315907349,0.0415));
#6270=CARTESIAN_POINT('',(0.,0.0109601551083915,0.0460398448916085));
#6271=CARTESIAN_POINT('',(3.12107418356796E-6,0.0140355329955857,0.0491152196113501));
#6272=CARTESIAN_POINT('',(-0.00200143522812838,0.0140355329955857,0.049117253954965));
#6273=CARTESIAN_POINT('',(-0.00200143522812838,0.0109591395203104,0.0460408604796896));
#6274=CARTESIAN_POINT('',(-0.00200143522812838,0.00788477615465922,0.0429664971140385));
#6275=CARTESIAN_POINT('',(-3.12107526595339E-6,0.00788477615465922,0.0429644691053301));
#6276=CARTESIAN_POINT('',(0.,0.0155,0.057));
#6277=CARTESIAN_POINT('',(-0.0519188113805822,0.0155,0.0661546872527104));
#6278=CARTESIAN_POINT('',(-0.062514378811857,0.0155,0.006064238311188));
#6279=CARTESIAN_POINT('',(-0.063368773364471,0.0155,0.0012187260181678));
#6280=CARTESIAN_POINT('',(-0.0719386328074371,0.0155,0.0027208574508109));
#6281=CARTESIAN_POINT('',(-0.0719366335671668,0.0155,0.00272050702246706));
#6282=CARTESIAN_POINT('',(-0.0604851386632965,0.0155,0.0676651618782319));
#6283=CARTESIAN_POINT('',(-0.0653386259264929,0.0155,0.0401396670383967));
#6284=CARTESIAN_POINT('',(-0.0653386259264929,0.0155,0.0401396670383967));
#6285=CARTESIAN_POINT('',(-0.0650769047312585,0.0155,0.0416263405405908));
#6286=CARTESIAN_POINT('',(-0.0643036706905896,0.0155,0.0445055387114832));
#6287=CARTESIAN_POINT('',(-0.0624066618556797,0.0155,0.0485909572077981));
#6288=CARTESIAN_POINT('',(-0.0597939568475524,0.0155,0.0523141880791709));
#6289=CARTESIAN_POINT('',(-0.0566402593859287,0.0155,0.0554667782177942));
#6290=CARTESIAN_POINT('',(-0.0529175140587232,0.0155,0.0580722742794753));
#6291=CARTESIAN_POINT('',(-0.04887254947974,0.0155,0.0599571360548701));
#6292=CARTESIAN_POINT('',(-0.0444836923905958,0.0155,0.0611332090508923));
#6293=CARTESIAN_POINT('',(-0.0415121442929817,0.0155,0.0613909566380917));
#6294=CARTESIAN_POINT('',(-0.040002599977212,0.0155,0.0613898377473498));
#6295=CARTESIAN_POINT('',(-0.0400025999773464,0.0155,0.061389837614973));
#6296=CARTESIAN_POINT('',(4.41386489838125E-6,0.0155,0.061349236104769));
#6297=CARTESIAN_POINT('',(-0.002,0.0155,0.06135127030383));
#6298=CARTESIAN_POINT('',(-0.002,0.0155,0.057));
#6299=CARTESIAN_POINT('',(-0.002,0.0155,0.0526527891353838));
#6300=CARTESIAN_POINT('',(-4.41386489838127E-6,0.0155,0.052650763895231));
#6301=CARTESIAN_POINT('',(-0.0200118823016614,0.0155,0.0478400324188909));
#6302=CARTESIAN_POINT('',(-0.0124769020543017,0.0154997092710851,0.0478480758421208));
#6303=CARTESIAN_POINT('',(-0.0124756349700718,0.0155,0.0478485213513529));
#6304=CARTESIAN_POINT('',(-0.0126300089746951,0.0155,0.0486850286456313));
#6305=CARTESIAN_POINT('',(-0.0127844016323232,0.0155,0.0495997951502981));
#6306=CARTESIAN_POINT('',(-0.0129388129429559,0.0155,0.0505928208653534));
#6307=CARTESIAN_POINT('',(-0.0129388129369281,0.0155,0.0505928208643709));
#6308=CARTESIAN_POINT('',(-0.0129388129426634,0.0155,0.0505928208634791));
#6309=CARTESIAN_POINT('',(-0.0130408388290934,0.0155,0.051283280949936));
#6310=CARTESIAN_POINT('',(-0.0131428647155235,0.0155,0.0519737410363929));
#6311=CARTESIAN_POINT('',(-0.0132448906019535,0.0155,0.0526642011228497));
#6312=CARTESIAN_POINT('',(-0.0132448906019535,0.0155,0.0526642011228497));
#6313=CARTESIAN_POINT('',(-4.41386489838127E-6,0.0155,0.052650763895231));
#6314=CARTESIAN_POINT('',(-0.0399942913507343,0.0155,0.0526913480144357));
#6315=CARTESIAN_POINT('',(-0.0399942913513673,0.0155,0.0526913473907796));
#6316=CARTESIAN_POINT('',(-0.0409937426179573,0.0155,0.0526929553324504));
#6317=CARTESIAN_POINT('',(-0.0429580539610171,0.0155,0.0525234513141524));
#6318=CARTESIAN_POINT('',(-0.0458503663881624,0.0155,0.0517537503355091));
#6319=CARTESIAN_POINT('',(-0.0485442021539105,0.0155,0.0505021146232602));
#6320=CARTESIAN_POINT('',(-0.0509990059205193,0.0155,0.0487874662079666));
#6321=CARTESIAN_POINT('',(-0.0530989244394203,0.0155,0.0466929370997941));
#6322=CARTESIAN_POINT('',(-0.0553946436908309,0.0155,0.0434216972150542));
#6323=CARTESIAN_POINT('',(-0.0564212459594516,0.0155,0.0406132782374103));
#6324=CARTESIAN_POINT('',(-0.0567695203438993,0.0155,0.0386449532882905));
#6325=CARTESIAN_POINT('',(-0.0567695203438993,0.0155,0.0386449532882905));
#6326=CARTESIAN_POINT('',(-0.0519188113805822,0.0155,0.0661546872527104));
#6327=CARTESIAN_POINT('',(-0.0470937507556772,0.0155,0.0653038988809856));
#6328=CARTESIAN_POINT('',(-0.0575602177546151,0.0155000000000005,0.00594561487433338));
#6329=CARTESIAN_POINT('',(-0.0575602177546151,0.0155,0.00594561487433204));
#6330=CARTESIAN_POINT('',(-0.0592120245557253,0.0155,0.00594643285872867));
#6331=CARTESIAN_POINT('',(-0.0608636975575833,0.0155,0.00599511652348629));
#6332=CARTESIAN_POINT('',(-0.062514378811857,0.0155,0.00606423831118801));
#6333=CARTESIAN_POINT('',(0.,0.0109601551083915,0.0679601551083915));
#6334=CARTESIAN_POINT('',(3.12107526595336E-6,0.00788477615465922,0.0710355308946699));
#6335=CARTESIAN_POINT('',(-0.00691504252262074,0.00788477615465922,0.071042551860819));
#6336=CARTESIAN_POINT('',(-0.00199856477187162,0.00788477615465922,0.0710375623251753));
#6337=CARTESIAN_POINT('',(-0.00199856477187162,0.0109611692399172,0.0679611692399173));
#6338=CARTESIAN_POINT('',(-0.00199856477187162,0.0140355329955858,0.0648868054842487));
#6339=CARTESIAN_POINT('',(-3.12107418356799E-6,0.0140355329955858,0.0648847803886499));
#6340=CARTESIAN_POINT('',(3.12107526595336E-6,0.00788477615465923,0.0710355308946699));
#6341=CARTESIAN_POINT('',(-0.0199979599820422,0.00442030918684277,0.0745202961556767));
#6342=CARTESIAN_POINT('',(-0.0076549767670985,0.00442030918677202,0.0745077697581325));
#6343=CARTESIAN_POINT('',(-0.584028746528528,565.630697624063,-565.551184606547));
#6344=CARTESIAN_POINT('',(-0.068,-1.7347234759768E-17,-5.20417042793042E-18));
#6345=CARTESIAN_POINT('',(-0.055566209719257,0.00647056295642491,-0.00217940414681198));
#6346=CARTESIAN_POINT('',(-0.0550164887643914,0.00591696578313718,-0.00227575965077114));
#6347=CARTESIAN_POINT('',(-0.0546975842976971,0.0051361392724426,-0.00233165746643777));
#6348=CARTESIAN_POINT('',(-0.05470072487074,0.00434924315907345,-0.00233110698442395));
#6349=CARTESIAN_POINT('',(-0.055566209719257,0.00647056295642491,-0.00217940414681198));
#6350=CARTESIAN_POINT('',(-0.05470072487074,0.00434924315907345,-0.00233110698442395));
#6351=CARTESIAN_POINT('',(-0.05470072487074,0.001,-0.00233110698442395));
#6352=CARTESIAN_POINT('',(-0.05470072487074,0.001,-0.00233110698442395));
#6353=CARTESIAN_POINT('',(-0.068,0.001,-5.20413723921392E-18));
#6354=CARTESIAN_POINT('',(-0.068,-0.001,-5.20417042793042E-18));
#6355=CARTESIAN_POINT('',(-0.05470072487074,-0.001,-0.00233110698442395));
#6356=CARTESIAN_POINT('',(-0.05470072487074,-0.0043492431590735,-0.00233110698442395));
#6357=CARTESIAN_POINT('',(-0.05470072487074,-0.0043492431590735,-0.00233110698442395));
#6358=CARTESIAN_POINT('',(-0.05470072487074,-0.00434924315907349,-0.00233110698442395));
#6359=CARTESIAN_POINT('',(-0.054697587516523,-0.00513533276940853,-0.00233165690223952));
#6360=CARTESIAN_POINT('',(-0.0550159247681088,-0.00591639780997732,-0.00227585850846532));
#6361=CARTESIAN_POINT('',(-0.055566209719257,-0.00647056295642496,-0.00217940414681198));
#6362=CARTESIAN_POINT('',(-0.055566209719257,-0.00647056295642495,-0.00217940414681198));
#6363=CARTESIAN_POINT('',(-0.0616256024649895,-0.0126223339288772,-0.00111730921203859));
#6364=CARTESIAN_POINT('',(-0.0616246035621958,-0.0126213197973515,-0.00111748430047435));
#6365=CARTESIAN_POINT('',(-0.0616246035621958,-0.0126213197973515,-0.00111748430047435));
#6366=CARTESIAN_POINT('',(-0.0621698879823646,-0.0131794218706245,-0.00102190643566603));
#6367=CARTESIAN_POINT('',(-0.0629389900805555,-0.0135031884589674,-0.00088709763929161));
#6368=CARTESIAN_POINT('',(-0.0637140706583818,-0.0135,-0.000751240930493456));
#6369=CARTESIAN_POINT('',(-0.0637140706583818,-0.0135,-0.000751240930493455));
#6370=CARTESIAN_POINT('',(-0.0722839301013479,-0.0135,0.000750890502149622));
#6371=CARTESIAN_POINT('',(-0.0722819308610776,-0.0135,0.0007505400738058));
#6372=CARTESIAN_POINT('',(-0.0722819308610776,-0.0135,0.0007505400738058));
#6373=CARTESIAN_POINT('',(-0.0730562170457887,-0.0135031851910622,0.000886257540779013));
#6374=CARTESIAN_POINT('',(-0.0738255540925409,-0.0131799944656847,0.00102110751911463));
#6375=CARTESIAN_POINT('',(-0.0743713979572637,-0.0126213197973515,0.00111678344378669));
#6376=CARTESIAN_POINT('',(-0.0743713979572637,-0.0126213197973515,0.00111678344378669));
#6377=CARTESIAN_POINT('',(-0.0818732668852073,-0.00500508143046758,0.002431716692719));
#6378=CARTESIAN_POINT('',(-0.0812952766487194,-0.00559188339369919,0.00233040612773629));
#6379=CARTESIAN_POINT('',(-0.0812952766487194,0.00642031021678294,0.00233040612773629));
#6380=CARTESIAN_POINT('',(-0.0812952766487194,0.00559188339369916,0.00233040612773629));
#6381=CARTESIAN_POINT('',(-0.0743723982947403,0.0126203042092703,0.00111695878369476));
#6382=CARTESIAN_POINT('',(-0.0743713979572637,0.0126213197973515,0.00111678344378669));
#6383=CARTESIAN_POINT('',(-0.0743713979572636,0.0126213197973514,0.00111678344378669));
#6384=CARTESIAN_POINT('',(-0.0738261135371112,0.0131794218706077,0.00102120557898124));
#6385=CARTESIAN_POINT('',(-0.0730570114389272,0.0135031884589675,0.000886396782608017));
#6386=CARTESIAN_POINT('',(-0.0722819308610776,0.0135,0.000750540073805797));
#6387=CARTESIAN_POINT('',(-0.0722819308610776,0.0135,0.000750540073805797));
#6388=CARTESIAN_POINT('',(-0.0637160698986521,0.0135,-0.000750890502149632));
#6389=CARTESIAN_POINT('',(-0.0637140706583818,0.0135,-0.000751240930493458));
#6390=CARTESIAN_POINT('',(-0.0637140706583818,0.0135,-0.000751240930493458));
#6391=CARTESIAN_POINT('',(-0.0629397844736835,0.0135031851910621,-0.000886958397464419));
#6392=CARTESIAN_POINT('',(-0.0621704474269276,0.013179994465694,-0.0010218083758007));
#6393=CARTESIAN_POINT('',(-0.0616246035621958,0.0126213197973514,-0.00111748430047435));
#6394=CARTESIAN_POINT('',(-0.0616246035621958,0.0126213197973514,-0.00111748430047435));
#6395=CARTESIAN_POINT('',(-0.0555672086220507,0.00647157708795068,-0.00217922905837622));
#6396=CARTESIAN_POINT('',(-0.04,-2.08166817117217E-17,0.057));
#6397=CARTESIAN_POINT('',(-0.061094054121784,-2.08166817117217E-17,0.0393993389732258));
#6398=CARTESIAN_POINT('',(-0.0817728475223059,-0.001,0.0111627336364767));
#6399=CARTESIAN_POINT('',(-0.05470072487074,-0.001,-0.00233110698442395));
#6400=CARTESIAN_POINT('',(-0.0802819413535745,-0.001,0.0196180826859588));
#6401=CARTESIAN_POINT('',(-0.0817728475223059,0.001,0.0111627336364767));
#6402=CARTESIAN_POINT('',(-0.0665111108685334,0.001,-0.0106097626880002));
#6403=CARTESIAN_POINT('',(-0.0802819413535745,0.001,0.0196180826859588));
#6404=CARTESIAN_POINT('',(-0.0797907901376986,1.95156391047391E-18,0.0224035396472388));
#6405=CARTESIAN_POINT('',(-0.0523387359495487,-0.012374368306626,0.0175583234391892));
#6406=CARTESIAN_POINT('',(-0.0540752172790999,-0.0123743683066258,0.00771024844479866));
#6407=CARTESIAN_POINT('',(-0.0540752172790999,-0.0123743683066258,0.00771024844479866));
#6408=CARTESIAN_POINT('',(-0.0512231781649556,-0.00956565662872073,0.00771024844479866));
#6409=CARTESIAN_POINT('',(-0.0742424634519359,0.00810397959998637,0.0112662780716592));
#6410=CARTESIAN_POINT('',(-0.0554699464379244,-0.0109581239317059,0.00795617682628023));
#6411=CARTESIAN_POINT('',(-0.0540449502128057,-0.00955477587851402,0.00795617682628023));
#6412=CARTESIAN_POINT('',(-0.0523387359495487,0.012374368306626,0.0175583234391892));
#6413=CARTESIAN_POINT('',(-0.0540752172790999,0.0123743683066258,0.00771024844479866));
#6414=CARTESIAN_POINT('',(-0.0540752172790999,0.0123743683066258,0.00771024844479866));
#6415=CARTESIAN_POINT('',(-0.0569272563932442,0.0151830799845309,0.00771024844479866));
#6416=CARTESIAN_POINT('',(-0.0742424634519359,-0.00810397959998637,0.0112662780716592));
#6417=CARTESIAN_POINT('',(-0.0554699464379244,0.0109581239317059,0.00795617682628023));
#6418=CARTESIAN_POINT('',(-0.0568949426630431,0.0123614719848978,0.00795617682628023));
#6419=CARTESIAN_POINT('',(-0.0200087102269625,-0.012374368306626,0.044714403944728));
#6420=CARTESIAN_POINT('',(-0.0124775461868771,-0.0154999101927674,0.0478475889065267));
#6421=CARTESIAN_POINT('',(-0.013271482028378,-0.0151845909887009,0.0475314639688882));
#6422=CARTESIAN_POINT('',(-0.0146255435861454,-0.0142353614275207,0.0465808602250616));
#6423=CARTESIAN_POINT('',(-0.0153172695021084,-0.0122795166241112,0.044624313416825));
#6424=CARTESIAN_POINT('',(-0.0144852017113187,-0.0103536323343694,0.0426992735592379));
#6425=CARTESIAN_POINT('',(-0.013066331072029,-0.0094536478556331,0.0418007290352796));
#6426=CARTESIAN_POINT('',(-0.0122447381234508,-0.00916479562172017,0.041512710603025));
#6427=CARTESIAN_POINT('',(-0.0100087179515087,-0.0123743683066258,0.0447245525349228));
#6428=CARTESIAN_POINT('',(-0.0100087179515087,-0.00954391000467108,0.0418940942329681));
#6429=CARTESIAN_POINT('',(-0.0200087102269625,0.012374368306626,0.044714403944728));
#6430=CARTESIAN_POINT('',(-0.012244604356005,0.00916481887130469,0.0415127339883647));
#6431=CARTESIAN_POINT('',(-0.0130663722858715,0.00945370792313169,0.0418007890609519));
#6432=CARTESIAN_POINT('',(-0.0144843204565293,0.0103531418448939,0.0426987839641124));
#6433=CARTESIAN_POINT('',(-0.0153172586289616,0.0122783507321476,0.0446231475358961));
#6434=CARTESIAN_POINT('',(-0.0146257605758106,0.0142352667402871,0.0465807653176139));
#6435=CARTESIAN_POINT('',(-0.0132714442572003,0.0151845629256071,0.0475314359441268));
#6436=CARTESIAN_POINT('',(-0.0124775268065501,0.0154998584660383,0.047847537199466));
#6437=CARTESIAN_POINT('',(-0.0100087179515087,0.0123743683066258,0.0447245525349228));
#6438=CARTESIAN_POINT('',(-0.0100087179515087,0.0152048266085806,0.0475550108368776));
#6439=CARTESIAN_POINT('',(-0.0100294451541606,0.00804934202430703,0.0651482628658557));
#6440=CARTESIAN_POINT('',(-0.0100101552409967,-0.010958123931706,0.0461407969098427));
#6441=CARTESIAN_POINT('',(-0.0100101552409967,-0.00954391036933287,0.0447265833474696));
#6442=CARTESIAN_POINT('',(-0.0100294451541606,-0.00804934202430703,0.0651482628658557));
#6443=CARTESIAN_POINT('',(-0.0100101552409967,0.010958123931706,0.0461407969098427));
#6444=CARTESIAN_POINT('',(-0.0100101552409967,0.0123723374940791,0.0475550104722158));
#6445=CARTESIAN_POINT('',(-0.0199979599820422,-2.77555756156289E-17,0.0745202961556767));
#6446=CARTESIAN_POINT('',(-0.00999796513174025,3.06161699786838E-19,0.0745101475628685));
#6447=CARTESIAN_POINT('',(-0.00999796513174025,4.28626379701574E-19,0.0745101475628685));
#6448=CARTESIAN_POINT('',(-0.0059950946747428,4.28626379701574E-19,0.0745060852105433));
#6449=CARTESIAN_POINT('',(-0.0100273597110017,4.28626379701574E-19,0.0455459702824683));
#6450=CARTESIAN_POINT('',(-0.00999999776550379,4.28626379701574E-19,0.0725072760759315));
#6451=CARTESIAN_POINT('',(-0.00799999879544341,4.28626379701574E-19,0.0725052463573699));
#6452=CARTESIAN_POINT('',(-0.0817638958048109,-2.77555756156289E-17,0.0227195054433867));
#6453=CARTESIAN_POINT('',(-0.0835003775814802,-3.3344960370964E-18,0.0128714279132646));
#6454=CARTESIAN_POINT('',(-0.0835003775814802,0.,0.0128714279132646));
#6455=CARTESIAN_POINT('',(-0.0828052860632346,0.,0.0168134878036611));
#6456=CARTESIAN_POINT('',(-0.054996205383093,0.,0.00784537329192886));
#6457=CARTESIAN_POINT('',(-0.0815279331971081,0.,0.0125236327503529));
#6458=CARTESIAN_POINT('',(-0.0811806368417742,0.,0.0144932482563774));
#6459=CARTESIAN_POINT('',(-0.0815279331971081,0.,0.0125236327503529));
#6460=CARTESIAN_POINT('',(-0.0835032064598278,0.,0.0128719267208425));
#6461=CARTESIAN_POINT('',(-0.0795525907021386,-0.00788477615465925,0.0153093800299112));
#6462=CARTESIAN_POINT('',(-0.0798374769765623,-0.0076048124450145,0.0153059555983086));
#6463=CARTESIAN_POINT('',(-0.0802543098302611,-0.00699237373052242,0.015655792744645));
#6464=CARTESIAN_POINT('',(-0.0805359720384462,-0.00614133062807097,0.0164183580995878));
#6465=CARTESIAN_POINT('',(-0.0806504887640911,-0.00526505322694917,0.0171914792701297));
#6466=CARTESIAN_POINT('',(-0.0806200632672693,-0.00465723166149587,0.017688961151946));
#6467=CARTESIAN_POINT('',(-0.0805776833711911,-0.00434924315907348,0.0179293094860914));
#6468=CARTESIAN_POINT('',(-0.0805776833711911,0.00434924315907345,0.0179293094860914));
#6469=CARTESIAN_POINT('',(-0.0806202002244776,0.00465822697411792,0.0176881844290204));
#6470=CARTESIAN_POINT('',(-0.0806500216520256,0.00526206297978962,0.0171938475558299));
#6471=CARTESIAN_POINT('',(-0.0805380627794474,0.00613273150892511,0.0164261805562734));
#6472=CARTESIAN_POINT('',(-0.0802550959667791,0.00699238272388871,0.0156551494163196));
#6473=CARTESIAN_POINT('',(-0.079836804278403,0.00760547351976007,0.0153059636833479));
#6474=CARTESIAN_POINT('',(-0.0795525907023588,0.00788477615462609,0.0153093800288534));
#6475=CARTESIAN_POINT('',(-0.00999796221653834,3.06161699786838E-19,0.0745130200797452));
#6476=CARTESIAN_POINT('',(-0.00691504252292376,-0.00788477615465926,0.0710425518608193));
#6477=CARTESIAN_POINT('',(-0.00696760076128523,-0.00760481244492864,0.0713225689097934));
#6478=CARTESIAN_POINT('',(-0.006694982580878,-0.0069923737304849,0.0717935412921396));
#6479=CARTESIAN_POINT('',(-0.00599249690761034,-0.00614133062803474,0.0722026297892957));
#6480=CARTESIAN_POINT('',(-0.00525075648864244,-0.00526505322693484,0.0724489051956016));
#6481=CARTESIAN_POINT('',(-0.00475549213544118,-0.00465723166149015,0.0725048261578139));
#6482=CARTESIAN_POINT('',(-0.00451143616651361,-0.00434924315907348,0.0725045784752212));
#6483=CARTESIAN_POINT('',(-0.00451143616651357,0.00434924315907345,0.0725045784752212));
#6484=CARTESIAN_POINT('',(-0.00475628084016688,0.00465822697411614,0.0725048269582386));
#6485=CARTESIAN_POINT('',(-0.0052483431201259,0.00526206297978727,0.0724488539792558));
#6486=CARTESIAN_POINT('',(-0.00598515288060648,0.00613273150890512,0.07220603967119));
#6487=CARTESIAN_POINT('',(-0.00669575197431926,0.00699238272391086,0.0717942045538181));
#6488=CARTESIAN_POINT('',(-0.00696747665672206,0.00760547351965725,0.0713219077090959));
#6489=CARTESIAN_POINT('',(-0.00691504252354491,0.00788477615453214,0.071042551860947));
#6490=CARTESIAN_POINT('',(-0.00999999776550379,4.28626379701574E-19,0.0725072760759315));
#6491=CARTESIAN_POINT('',(-0.0554699464379244,-0.0109581239317059,0.00795617682628023));
#6492=CARTESIAN_POINT('',(-0.0540732169595221,-0.0123763994833114,0.00770989573448705));
#6493=CARTESIAN_POINT('',(-0.0504611185345185,-0.0043492431590735,0.0102070430695799));
#6494=CARTESIAN_POINT('',(-0.0504702945292839,-0.00474517138989517,0.0101550034172898));
#6495=CARTESIAN_POINT('',(-0.0505213574067103,-0.0055114541695228,0.0104403445565436));
#6496=CARTESIAN_POINT('',(-0.0507067092497779,-0.0064030060301045,0.0111859270035628));
#6497=CARTESIAN_POINT('',(-0.0510161375287043,-0.00719730303694164,0.0119934156560239));
#6498=CARTESIAN_POINT('',(-0.051314119468398,-0.00766699535726544,0.0125488042727755));
#6499=CARTESIAN_POINT('',(-0.0514862117091882,-0.00788477615465926,0.0128269696582626));
#6500=CARTESIAN_POINT('',(-0.0575435214061453,-0.0140355329955858,0.013895038001996));
#6501=CARTESIAN_POINT('',(-0.0578012035345996,-0.0142540176885826,0.0136918525847645));
#6502=CARTESIAN_POINT('',(-0.0583464545065174,-0.0146410625427675,0.0132884002664956));
#6503=CARTESIAN_POINT('',(-0.0592502678608819,-0.015084494255974,0.012699842187493));
#6504=CARTESIAN_POINT('',(-0.0602595098990254,-0.0154006386218269,0.0121566634653119));
#6505=CARTESIAN_POINT('',(-0.0610626284520857,-0.0155,0.0120228478000187));
#6506=CARTESIAN_POINT('',(-0.0614424664752391,-0.0155,0.0121433552580734));
#6507=CARTESIAN_POINT('',(-0.0540752172791,0.0123743683066258,0.00771024844479866));
#6508=CARTESIAN_POINT('',(-0.0540732169595222,0.0123763994833114,0.00770989573448706));
#6509=CARTESIAN_POINT('',(-0.051533029413527,0.00434924315907345,0.00412793438920871));
#6510=CARTESIAN_POINT('',(-0.0515238534187631,0.00474517138977589,0.00417997404149034));
#6511=CARTESIAN_POINT('',(-0.0516694292450871,0.00551145416952377,0.00392930561188009));
#6512=CARTESIAN_POINT('',(-0.052098607219709,0.00640300603007617,0.00329208135187857));
#6513=CARTESIAN_POINT('',(-0.0526655520747192,0.00719730303693762,0.00263912092816585));
#6514=CARTESIAN_POINT('',(-0.0531355175988863,0.00766699535726298,0.00221914216903794));
#6515=CARTESIAN_POINT('',(-0.0533923695726667,0.00788477615465922,0.00201661122179578));
#6516=CARTESIAN_POINT('',(-0.0594496796847175,0.0140355329955857,0.0030846772114156));
#6517=CARTESIAN_POINT('',(-0.0596223281738112,0.0142540176885825,0.00336374152714578));
#6518=CARTESIAN_POINT('',(-0.0599967076688793,0.0146410625427674,0.00392934950902587));
#6519=CARTESIAN_POINT('',(-0.0606447156900074,0.015084494255974,0.0047915355657679));
#6520=CARTESIAN_POINT('',(-0.0614073149214258,0.0154006386218268,0.00564713770930566));
#6521=CARTESIAN_POINT('',(-0.0621162318463302,0.0155,0.00604756602515217));
#6522=CARTESIAN_POINT('',(-0.062514378811857,0.0155,0.006064238311188));
#6523=CARTESIAN_POINT('',(-0.0100087179515087,0.0123743683066258,0.0447245525349228));
#6524=CARTESIAN_POINT('',(-0.00988782536919881,0.0156291400934524,0.0411608611000703));
#6525=CARTESIAN_POINT('',(-0.00994824282909096,0.0156100367455548,0.0411451427281358));
#6526=CARTESIAN_POINT('',(-0.0099808791502221,0.0156046687862958,0.0411416032661811));
#6527=CARTESIAN_POINT('',(-0.0100461205646254,0.0156031040045029,0.0411436937294108));
#6528=CARTESIAN_POINT('',(-0.0100786829936936,0.0156069082052481,0.04114932228755));
#6529=CARTESIAN_POINT('',(-0.0101388159486807,0.015623120213403,0.0411689033318674));
#6530=CARTESIAN_POINT('',(-0.010166347151039,0.0156355174190737,0.0411828430131466));
#6531=CARTESIAN_POINT('',(-0.01021221694932,0.0156670380858976,0.0412169336020573));
#6532=CARTESIAN_POINT('',(-0.0102305255489804,0.0156861409343111,0.041237062216365));
#6533=CARTESIAN_POINT('',(-0.0102551489295773,0.0157281715240158,0.0412804723667397));
#6534=CARTESIAN_POINT('',(-0.01026144760821,0.0157510717796689,0.0413037255150137));
#6535=CARTESIAN_POINT('',(-0.0102610758846377,0.01579721351598,0.0413498464249715));
#6536=CARTESIAN_POINT('',(-0.0102544057255189,0.015820424822541,0.0413726840261778));
#6537=CARTESIAN_POINT('',(-0.0102290954893217,0.0158636530443806,0.0414144942052645));
#6538=CARTESIAN_POINT('',(-0.0102104719637117,0.015883641690837,0.041433439441643));
#6539=CARTESIAN_POINT('',(-0.0101640764689133,0.0159173752932945,0.0414645736691026));
#6540=CARTESIAN_POINT('',(-0.0101363348397629,0.0159310981894209,0.0414767423001537));
#6541=CARTESIAN_POINT('',(-0.0100759173798708,0.0159502015373185,0.0414924606720883));
#6542=CARTESIAN_POINT('',(-0.0100432810587396,0.0159555694965774,0.0414960001340429));
#6543=CARTESIAN_POINT('',(-0.00997803964433634,0.0159571342783704,0.0414939096708132));
#6544=CARTESIAN_POINT('',(-0.00994547721526812,0.0159533300776253,0.041488281112674));
#6545=CARTESIAN_POINT('',(-0.00988534426028103,0.0159371180694704,0.0414687000683566));
#6546=CARTESIAN_POINT('',(-0.00985781305792269,0.0159247208637996,0.0414547603870773));
#6547=CARTESIAN_POINT('',(-0.00981194325964175,0.0158932001969758,0.0414206697981668));
#6548=CARTESIAN_POINT('',(-0.00979363465998124,0.0158740973485622,0.041400541183859));
#6549=CARTESIAN_POINT('',(-0.00976901127938444,0.0158320667588575,0.0413571310334844));
#6550=CARTESIAN_POINT('',(-0.00976271260075166,0.0158091665032044,0.0413338778852104));
#6551=CARTESIAN_POINT('',(-0.00976308432432398,0.0157630247668934,0.0412877569752525));
#6552=CARTESIAN_POINT('',(-0.00976975448344279,0.0157398134603323,0.0412649193740462));
#6553=CARTESIAN_POINT('',(-0.00979506471964004,0.0156965852384928,0.0412231091949595));
#6554=CARTESIAN_POINT('',(-0.00981368824525007,0.0156765965920363,0.041204163958581));
#6555=CARTESIAN_POINT('',(-0.00986008374004844,0.0156428629895788,0.0411730297311215));
#6556=CARTESIAN_POINT('',(-0.00988782536919881,0.0156291400934524,0.0411608611000703));
#6557=CARTESIAN_POINT('',(-0.00994824282909096,0.0156100367455548,0.0411451427281358));
#6558=CARTESIAN_POINT('',(-0.00985147487303015,0.0155325251935556,0.0411672293814686));
#6559=CARTESIAN_POINT('',(-0.00992954195045117,0.0155083444587853,0.041146415710774));
#6560=CARTESIAN_POINT('',(-0.00997171224713366,0.0155016802471655,0.04114157032081));
#6561=CARTESIAN_POINT('',(-0.010056012490116,0.0155002019216862,0.0411437278983144));
#6562=CARTESIAN_POINT('',(-0.0100980873088124,0.0155053887745682,0.0411507294548486));
#6563=CARTESIAN_POINT('',(-0.0101757867695463,0.0155268379200332,0.0411755298089354));
#6564=CARTESIAN_POINT('',(-0.0102113606005187,0.0155430861860845,0.0411933123884546));
#6565=CARTESIAN_POINT('',(-0.010270630240455,0.015584197364534,0.0412369798900304));
#6566=CARTESIAN_POINT('',(-0.0102942872904157,0.0156090333925388,0.0412628362560021));
#6567=CARTESIAN_POINT('',(-0.0103261038441543,0.0156635477997281,0.0413187229237991));
#6568=CARTESIAN_POINT('',(-0.0103342425416988,0.0156931905295617,0.0413487166788924));
#6569=CARTESIAN_POINT('',(-0.0103337622273502,0.0157528088411703,0.0414083142743521));
#6570=CARTESIAN_POINT('',(-0.0103251435295553,0.0157827454359279,0.0414378791412485));
#6571=CARTESIAN_POINT('',(-0.0102924394706249,0.0158383913044543,0.0414921144707156));
#6572=CARTESIAN_POINT('',(-0.0102683754961009,0.0158640641889603,0.0415167494664364));
#6573=CARTESIAN_POINT('',(-0.0102084265890984,0.0159072660353521,0.0415573656926437));
#6574=CARTESIAN_POINT('',(-0.0101725808598255,0.0159247667456656,0.0415733203624074));
#6575=CARTESIAN_POINT('',(-0.0100945137824045,0.0159489474804359,0.041594134033102));
#6576=CARTESIAN_POINT('',(-0.010052343485722,0.0159556116920557,0.0415989794230662));
#6577=CARTESIAN_POINT('',(-0.00996804324273963,0.015957090017535,0.0415968218455618));
#6578=CARTESIAN_POINT('',(-0.00992596842404326,0.015951903164653,0.0415898202890275));
#6579=CARTESIAN_POINT('',(-0.00984826896330936,0.0159304540191881,0.0415650199349408));
#6580=CARTESIAN_POINT('',(-0.00981269513233692,0.0159142057531367,0.0415472373554213));
#6581=CARTESIAN_POINT('',(-0.00975342549240062,0.0158730945746872,0.0415035698538457));
#6582=CARTESIAN_POINT('',(-0.00972976844243995,0.0158482585466824,0.041477713487874));
#6583=CARTESIAN_POINT('',(-0.00969795188870139,0.0157937441394931,0.041421826820077));
#6584=CARTESIAN_POINT('',(-0.00968981319115677,0.0157641014096596,0.0413918330649838));
#6585=CARTESIAN_POINT('',(-0.00969029350550549,0.015704483098051,0.0413322354695239));
#6586=CARTESIAN_POINT('',(-0.0096989122033003,0.0156745465032934,0.0413026706026276));
#6587=CARTESIAN_POINT('',(-0.00973161626223077,0.015618900634767,0.0412484352731605));
#6588=CARTESIAN_POINT('',(-0.00975568023675476,0.015593227750261,0.0412238002774395));
#6589=CARTESIAN_POINT('',(-0.00981562914375722,0.0155500259038691,0.0411831840512324));
#6590=CARTESIAN_POINT('',(-0.00985147487303015,0.0155325251935556,0.0411672293814686));
#6591=CARTESIAN_POINT('',(-0.00992954195045117,0.0155083444587853,0.041146415710774));
#6592=CARTESIAN_POINT('',(-0.00751545215153303,0.00932368005573773,0.0415764796424401));
#6593=CARTESIAN_POINT('',(-0.0087277515481465,0.00897320690818839,0.0412282224721779));
#6594=CARTESIAN_POINT('',(-0.00938261179026513,0.00888324053327508,0.0411394531245227));
#6595=CARTESIAN_POINT('',(-0.010691705675657,0.00888731822310204,0.0411459237234981));
#6596=CARTESIAN_POINT('',(-0.0113450832453256,0.00898135962126305,0.0412411594387216));
#6597=CARTESIAN_POINT('',(-0.0125516739424111,0.00933936735715452,0.0416013727168967));
#6598=CARTESIAN_POINT('',(-0.0131040980275296,0.00960309957800709,0.04186611472067));
#6599=CARTESIAN_POINT('',(-0.0140244930404495,0.010260533927522,0.0425252314717844));
#6600=CARTESIAN_POINT('',(-0.0143918620817956,0.0106538061311797,0.0429191751939249));
#6601=CARTESIAN_POINT('',(-0.014885939613234,0.0115105786742619,0.0437768508675299));
#6602=CARTESIAN_POINT('',(-0.0150123250044717,0.0119735187327391,0.0442400219474504));
#6603=CARTESIAN_POINT('',(-0.0150048662290909,0.0128991936163666,0.0451656831970888));
#6604=CARTESIAN_POINT('',(-0.0148710269400909,0.0133613231023225,0.045627568036528));
#6605=CARTESIAN_POINT('',(-0.0143631673888285,0.0142149747167265,0.0464802913280822));
#6606=CARTESIAN_POINT('',(-0.0139894792380847,0.0146059386051387,0.0468705721472321));
#6607=CARTESIAN_POINT('',(-0.0130585359238625,0.0152576062303972,0.0475205380895188));
#6608=CARTESIAN_POINT('',(-0.0125018895448338,0.0155178838133514,0.0477797981715682));
#6609=CARTESIAN_POINT('',(-0.0112895901482203,0.0158683569609007,0.0481280553418304));
#6610=CARTESIAN_POINT('',(-0.0106347299061017,0.015958323335814,0.0482168246894856));
#6611=CARTESIAN_POINT('',(-0.00932563602070976,0.0159542456459871,0.0482103540905102));
#6612=CARTESIAN_POINT('',(-0.00867225845104123,0.015860204247826,0.0481151183752866));
#6613=CARTESIAN_POINT('',(-0.00746566775395574,0.0155021965119345,0.0477549050971115));
#6614=CARTESIAN_POINT('',(-0.00691324366883721,0.015238464291082,0.0474901630933383));
#6615=CARTESIAN_POINT('',(-0.00599284865591736,0.014581029941567,0.0468310463422239));
#6616=CARTESIAN_POINT('',(-0.00562547961457123,0.0141877577379094,0.0464371026200834));
#6617=CARTESIAN_POINT('',(-0.00513140208313279,0.0133309851948271,0.0455794269464784));
#6618=CARTESIAN_POINT('',(-0.00500501669189505,0.01286804513635,0.0451162558665579));
#6619=CARTESIAN_POINT('',(-0.00501247546727592,0.0119423702527224,0.0441905946169195));
#6620=CARTESIAN_POINT('',(-0.00514631475627589,0.0114802407667666,0.0437287097774803));
#6621=CARTESIAN_POINT('',(-0.00565417430753831,0.0106265891523626,0.0428759864859261));
#6622=CARTESIAN_POINT('',(-0.0060278624582821,0.0102356252639504,0.0424857056667762));
#6623=CARTESIAN_POINT('',(-0.00695880577250427,0.00958395763869189,0.0418357397244895));
#6624=CARTESIAN_POINT('',(-0.00751545215153303,0.00932368005573773,0.0415764796424401));
#6625=CARTESIAN_POINT('',(-0.0087277515481465,0.00897320690818839,0.0412282224721779));
#6626=CARTESIAN_POINT('',(-0.00651529646075077,0.00666539606704666,0.0417516979627492));
#6627=CARTESIAN_POINT('',(-0.00821321138595912,0.00617522256020848,0.0412632476015182));
#6628=CARTESIAN_POINT('',(-0.0091303915661391,0.00604959080759752,0.0411385466582047));
#6629=CARTESIAN_POINT('',(-0.0109638743284957,0.00605604727579658,0.0411468638543596));
#6630=CARTESIAN_POINT('',(-0.0118789779163015,0.00618813127444037,0.0412798765548506));
#6631=CARTESIAN_POINT('',(-0.0135688973858005,0.00669023477892137,0.0417836950906722));
#6632=CARTESIAN_POINT('',(-0.0143426081554232,0.00705992593737072,0.0421541714570812));
#6633=CARTESIAN_POINT('',(-0.0156316894119916,0.00798123577115624,0.0430767895276173));
#6634=CARTESIAN_POINT('',(-0.0161462169124618,0.00853225196179576,0.0436283278915348));
#6635=CARTESIAN_POINT('',(-0.0168382090203376,0.00973250705438653,0.0448292852591002));
#6636=CARTESIAN_POINT('',(-0.0170152211039123,0.0103809610571655,0.0454779189043275));
#6637=CARTESIAN_POINT('',(-0.0170047745375951,0.011677433451054,0.0467743806964158));
#6638=CARTESIAN_POINT('',(-0.0168173227191688,0.0123246040222998,0.0474213610303459));
#6639=CARTESIAN_POINT('',(-0.0161060278736821,0.0135199175480678,0.0486159526915669));
#6640=CARTESIAN_POINT('',(-0.015582649993355,0.014067278834924,0.0491627828232503));
#6641=CARTESIAN_POINT('',(-0.0142787950610207,0.0149794578438174,0.0500736386021834));
#6642=CARTESIAN_POINT('',(-0.0134991706566401,0.0153436790522026,0.0504370686010989));
#6643=CARTESIAN_POINT('',(-0.0118012557314318,0.0158338525590408,0.0509255189623298));
#6644=CARTESIAN_POINT('',(-0.0108840755512518,0.0159594843116518,0.0510502199056434));
#6645=CARTESIAN_POINT('',(-0.00905059278889521,0.0159530278434527,0.0510419027094885));
#6646=CARTESIAN_POINT('',(-0.00813548920108939,0.0158209438448089,0.0509088900089975));
#6647=CARTESIAN_POINT('',(-0.00644556973159039,0.0153188403403279,0.0504050714731758));
#6648=CARTESIAN_POINT('',(-0.0056718589619677,0.0149491491818786,0.0500345951067669));
#6649=CARTESIAN_POINT('',(-0.00438277770539927,0.014027839348093,0.0491119770362307));
#6650=CARTESIAN_POINT('',(-0.0038682502049291,0.0134768231574535,0.0485604386723132));
#6651=CARTESIAN_POINT('',(-0.00317625809705332,0.0122765680648627,0.0473594813047478));
#6652=CARTESIAN_POINT('',(-0.00299924601347863,0.0116281140620838,0.0467108476595205));
#6653=CARTESIAN_POINT('',(-0.00300969257979577,0.0103316416681952,0.0454143858674322));
#6654=CARTESIAN_POINT('',(-0.00319714439822213,0.00968447109694954,0.0447674055335022));
#6655=CARTESIAN_POINT('',(-0.00390843924370876,0.0084891575711815,0.0435728138722812));
#6656=CARTESIAN_POINT('',(-0.00443181712403584,0.0079417962843253,0.0430259837405977));
#6657=CARTESIAN_POINT('',(-0.0057356720563702,0.00702961727543192,0.0421151279616647));
#6658=CARTESIAN_POINT('',(-0.00651529646075077,0.00666539606704666,0.0417516979627492));
#6659=CARTESIAN_POINT('',(-0.00821321138595912,0.00617522256020848,0.0412632476015182));
#6660=CARTESIAN_POINT('',(-0.00578359764918222,0.00472063561298608,0.0418798850419378));
#6661=CARTESIAN_POINT('',(-0.00783678156743524,0.00412825943129496,0.0412888714576334));
#6662=CARTESIAN_POINT('',(-0.00894587105603509,0.00397653542653164,0.0411378835011245));
#6663=CARTESIAN_POINT('',(-0.0111629888080349,0.00398473217309325,0.0411475516399117));
#6664=CARTESIAN_POINT('',(-0.0122695672014061,0.004144647564208,0.0413082014127902));
#6665=CARTESIAN_POINT('',(-0.0143130827076334,0.00475216935866199,0.0419170793881804));
#6666=CARTESIAN_POINT('',(-0.0152486834765431,0.00519937847699416,0.0423649094188194));
#6667=CARTESIAN_POINT('',(-0.016807490025689,0.00631373563333385,0.0434803010785523));
#6668=CARTESIAN_POINT('',(-0.0174296764343129,0.006980154944578,0.0441471333043761));
#6669=CARTESIAN_POINT('',(-0.0182664598598864,0.00843169668742355,0.045599230379308));
#6670=CARTESIAN_POINT('',(-0.0184805096676455,0.00921586989254883,0.0463835456387841));
#6671=CARTESIAN_POINT('',(-0.0184678772785635,0.0107836121498106,0.0479512795125494));
#6672=CARTESIAN_POINT('',(-0.0182412033425929,0.0115661559868846,0.0487336729172583));
#6673=CARTESIAN_POINT('',(-0.0173810783055802,0.0130114242115133,0.0501783703191188));
#6674=CARTESIAN_POINT('',(-0.016748189677827,0.0136732034751192,0.0508397295656075));
#6675=CARTESIAN_POINT('',(-0.0151715182327161,0.0147759686813041,0.0519414484123446));
#6676=CARTESIAN_POINT('',(-0.0142287664696058,0.0152162334776018,0.0523810875505717));
#6677=CARTESIAN_POINT('',(-0.0121755825513528,0.0158086096592929,0.052972101134876));
#6678=CARTESIAN_POINT('',(-0.0110664930627529,0.0159603336640562,0.053123089091385));
#6679=CARTESIAN_POINT('',(-0.0088493753107531,0.0159521369174946,0.0531134209525978));
#6680=CARTESIAN_POINT('',(-0.00774279691738192,0.0157922215263799,0.0529527711797193));
#6681=CARTESIAN_POINT('',(-0.00569928141115463,0.0151846997319259,0.052343893204329));
#6682=CARTESIAN_POINT('',(-0.00476368064224494,0.0147374906135937,0.0518960631736901));
#6683=CARTESIAN_POINT('',(-0.00320487409309897,0.013623133457254,0.0507806715139572));
#6684=CARTESIAN_POINT('',(-0.00258268768447511,0.0129567141460098,0.0501138392881334));
#6685=CARTESIAN_POINT('',(-0.00174590425890154,0.0115051724031643,0.0486617422132015));
#6686=CARTESIAN_POINT('',(-0.0015318544511425,0.010720999198039,0.0478774269537254));
#6687=CARTESIAN_POINT('',(-0.00154448684022448,0.00915325694077721,0.0463096930799602));
#6688=CARTESIAN_POINT('',(-0.00177116077619514,0.00837071310370324,0.0455272996752513));
#6689=CARTESIAN_POINT('',(-0.0026312858132078,0.0069254448790745,0.0440826022733907));
#6690=CARTESIAN_POINT('',(-0.00326417444096105,0.00626366561546868,0.043421243026902));
#6691=CARTESIAN_POINT('',(-0.00484084588607191,0.00516090040928372,0.0423195241801648));
#6692=CARTESIAN_POINT('',(-0.00578359764918222,0.00472063561298608,0.0418798850419378));
#6693=CARTESIAN_POINT('',(-0.00783678156743524,0.00412825943129496,0.0412888714576334));
#6694=CARTESIAN_POINT('',(-0.0129347784833048,0.00434924315907345,0.0415131269867491));
#6695=CARTESIAN_POINT('',(-0.0128839746331999,0.00475029189804244,0.0415130754279637));
#6696=CARTESIAN_POINT('',(-0.0131939155321018,0.00552277535473998,0.0416163426309817));
#6697=CARTESIAN_POINT('',(-0.0139213274068487,0.00640105828105875,0.0419255160864234));
#6698=CARTESIAN_POINT('',(-0.0146927742719066,0.00719908137568423,0.0423727653932344));
#6699=CARTESIAN_POINT('',(-0.0151981118278757,0.00766630746582825,0.0427614105283407));
#6700=CARTESIAN_POINT('',(-0.0154484311242892,0.00788486250031854,0.0429802302774185));
#6701=CARTESIAN_POINT('',(-0.0155416164716696,0.0140353905336038,0.0491308528843986));
#6702=CARTESIAN_POINT('',(-0.0153030620413145,0.0142532683340334,0.0493484710281101));
#6703=CARTESIAN_POINT('',(-0.0148245430921135,0.0146400308162795,0.0498142686818216));
#6704=CARTESIAN_POINT('',(-0.0141101719604419,0.0150844070598507,0.0506018395333862));
#6705=CARTESIAN_POINT('',(-0.0134297780790949,0.0154026599984307,0.0515084475492871));
#6706=CARTESIAN_POINT('',(-0.0131900276016612,0.0155,0.0522743960052322));
#6707=CARTESIAN_POINT('',(-0.0132448906019535,0.0155,0.0526642011228497));
#6708=CARTESIAN_POINT('',(-0.0100101552409967,-0.010958123931706,0.0461407969098427));
#6709=CARTESIAN_POINT('',(-0.00987274859284937,-0.0159331149736709,0.041477599023649));
#6710=CARTESIAN_POINT('',(-0.00993419686623722,-0.015951562824911,0.0414993619631986));
#6711=CARTESIAN_POINT('',(-0.00996772700968475,-0.0159563860109583,0.0415059940753625));
#6712=CARTESIAN_POINT('',(-0.0100353790740363,-0.0159565087616801,0.0415097666042681));
#6713=CARTESIAN_POINT('',(-0.0100694567543072,-0.0159518082460826,0.0415069045539885));
#6714=CARTESIAN_POINT('',(-0.0101330131960931,-0.0159335872086015,0.0414921123389225));
#6715=CARTESIAN_POINT('',(-0.0101624503952804,-0.0159200786022488,0.0414801918474103));
#6716=CARTESIAN_POINT('',(-0.0102122353223797,-0.0158862877643469,0.0414490868690241));
#6717=CARTESIAN_POINT('',(-0.0102325504937562,-0.0158660276301008,0.0414299227230528));
#6718=CARTESIAN_POINT('',(-0.010260984602319,-0.0158218113405335,0.0413872404323383));
#6719=CARTESIAN_POINT('',(-0.0102690849452006,-0.0157978841001745,0.0413637501994086));
#6720=CARTESIAN_POINT('',(-0.0102718393999535,-0.0157499738882068,0.0413159885882112));
#6721=CARTESIAN_POINT('',(-0.0102664917105666,-0.0157260222471784,0.041291748443347));
#6722=CARTESIAN_POINT('',(-0.0102431471707426,-0.0156817120082758,0.0412461787840117));
#6723=CARTESIAN_POINT('',(-0.0102251655863192,-0.0156613823868019,0.0412248790695307));
#6724=CARTESIAN_POINT('',(-0.0101792760464882,-0.0156274179531643,0.0411884389296018));
#6725=CARTESIAN_POINT('',(-0.0101513981002527,-0.0156138053518258,0.0411733223339515));
#6726=CARTESIAN_POINT('',(-0.0100899498268649,-0.0155953575005858,0.041151559394402));
#6727=CARTESIAN_POINT('',(-0.0100564196834173,-0.0155905343145385,0.0411449272822381));
#6728=CARTESIAN_POINT('',(-0.00998876761906578,-0.0155904115638168,0.0411411547533325));
#6729=CARTESIAN_POINT('',(-0.00995468993879495,-0.0155951120794143,0.0411440168036121));
#6730=CARTESIAN_POINT('',(-0.00989113349700902,-0.0156133331168953,0.041158809018678));
#6731=CARTESIAN_POINT('',(-0.0098616962978217,-0.015626841723248,0.0411707295101903));
#6732=CARTESIAN_POINT('',(-0.00981191137072239,-0.0156606325611499,0.0412018344885763));
#6733=CARTESIAN_POINT('',(-0.00979159619934593,-0.015680892695396,0.0412209986345477));
#6734=CARTESIAN_POINT('',(-0.00976316209078306,-0.0157251089849633,0.0412636809252623));
#6735=CARTESIAN_POINT('',(-0.0097550617479015,-0.0157490362253223,0.0412871711581919));
#6736=CARTESIAN_POINT('',(-0.00975230729314859,-0.0157969464372899,0.0413349327693895));
#6737=CARTESIAN_POINT('',(-0.00975765498253548,-0.0158208980783184,0.0413591729142535));
#6738=CARTESIAN_POINT('',(-0.00978099952235954,-0.0158652083172209,0.0414047425735889));
#6739=CARTESIAN_POINT('',(-0.00979898110678292,-0.0158855379386949,0.0414260422880697));
#6740=CARTESIAN_POINT('',(-0.00984487064661393,-0.0159195023723326,0.0414624824279988));
#6741=CARTESIAN_POINT('',(-0.00987274859284937,-0.0159331149736709,0.041477599023649));
#6742=CARTESIAN_POINT('',(-0.00993419686623722,-0.015951562824911,0.0414993619631986));
#6743=CARTESIAN_POINT('',(-0.00731487050081113,-0.01543753503443,0.0476899679754147));
#6744=CARTESIAN_POINT('',(-0.00850295356430991,-0.0158251909642243,0.0480797956171568));
#6745=CARTESIAN_POINT('',(-0.00915124835517672,-0.0159353436763685,0.0481911333554884));
#6746=CARTESIAN_POINT('',(-0.0104592797681997,-0.0159718061928193,0.0482299868389811));
#6747=CARTESIAN_POINT('',(-0.0111181610115481,-0.0158980921526958,0.0481574771761542));
#6748=CARTESIAN_POINT('',(-0.0123470048487973,-0.0155778101682072,0.0478394414107435));
#6749=CARTESIAN_POINT('',(-0.0129161638481005,-0.0153314516702053,0.0475941232856221));
#6750=CARTESIAN_POINT('',(-0.013878739774852,-0.0147031852135519,0.0469676163335901));
#6751=CARTESIAN_POINT('',(-0.0142715272319053,-0.0143216881057474,0.0465868372069097));
#6752=CARTESIAN_POINT('',(-0.0148212917890835,-0.0134810850497049,0.0457472390724034));
#6753=CARTESIAN_POINT('',(-0.014977909374178,-0.0130225288084812,0.0452889691144298));
#6754=CARTESIAN_POINT('',(-0.0150311658915802,-0.0120975633482464,0.0443641010024518));
#6755=CARTESIAN_POINT('',(-0.0149277699971275,-0.011631759004507,0.0438981076600588));
#6756=CARTESIAN_POINT('',(-0.0144764106527507,-0.0107632487465682,0.0430287723567077));
#6757=CARTESIAN_POINT('',(-0.0141287423663948,-0.0103611107891203,0.0426259988920343));
#6758=CARTESIAN_POINT('',(-0.0132414825288381,-0.00968127854718376,0.0419445448167014));
#6759=CARTESIAN_POINT('',(-0.0127024711955556,-0.00940402883465909,0.0416663098385935));
#6760=CARTESIAN_POINT('',(-0.0115143881320569,-0.0090163729048648,0.0412764821968514));
#6761=CARTESIAN_POINT('',(-0.0108660933411901,-0.00890622019272065,0.0411651444585198));
#6762=CARTESIAN_POINT('',(-0.00955806192816709,-0.00886975767626976,0.0411262909750272));
#6763=CARTESIAN_POINT('',(-0.00889918068481871,-0.00894347171639336,0.041198800637854));
#6764=CARTESIAN_POINT('',(-0.00767033684756951,-0.00926375370088196,0.0415168364032647));
#6765=CARTESIAN_POINT('',(-0.0071011778482663,-0.00951011219888387,0.0417621545283861));
#6766=CARTESIAN_POINT('',(-0.00613860192151479,-0.0101383786555372,0.0423886614804181));
#6767=CARTESIAN_POINT('',(-0.00574581446446149,-0.0105198757633417,0.0427694406070986));
#6768=CARTESIAN_POINT('',(-0.00519604990728333,-0.0113604788193842,0.0436090387416048));
#6769=CARTESIAN_POINT('',(-0.00503943232218879,-0.0118190350606079,0.0440673086995784));
#6770=CARTESIAN_POINT('',(-0.00498617580478662,-0.0127440005208427,0.0449921768115564));
#6771=CARTESIAN_POINT('',(-0.00508957169923934,-0.0132098048645821,0.0454581701539494));
#6772=CARTESIAN_POINT('',(-0.00554093104361615,-0.0140783151225208,0.0463275054573004));
#6773=CARTESIAN_POINT('',(-0.00588859932997196,-0.0144804530799688,0.0467302789219739));
#6774=CARTESIAN_POINT('',(-0.00677585916752869,-0.0151602853219053,0.0474117329973068));
#6775=CARTESIAN_POINT('',(-0.00731487050081113,-0.01543753503443,0.0476899679754147));
#6776=CARTESIAN_POINT('',(-0.00850295356430991,-0.0158251909642243,0.0480797956171568));
#6777=CARTESIAN_POINT('',(-0.00623436703074782,-0.0152281912640172,0.0503142080557336));
#6778=CARTESIAN_POINT('',(-0.00789836519121625,-0.0157718087352528,0.0508595142518153));
#6779=CARTESIAN_POINT('',(-0.00880634997156158,-0.0159264549354964,0.0510150819293145));
#6780=CARTESIAN_POINT('',(-0.0106383446628213,-0.01597826816123,0.0510687543728204));
#6781=CARTESIAN_POINT('',(-0.0115611565524795,-0.0158754013037912,0.0509668240400746));
#6782=CARTESIAN_POINT('',(-0.0132822431898598,-0.0154275221900929,0.0505206915880229));
#6783=CARTESIAN_POINT('',(-0.0140793924439407,-0.0150828028215265,0.0501767812141917));
#6784=CARTESIAN_POINT('',(-0.0154275511885899,-0.0142034169034226,0.0492987634882063));
#6785=CARTESIAN_POINT('',(-0.0159776790593357,-0.013669325422704,0.0487652303101506));
#6786=CARTESIAN_POINT('',(-0.0167476649634701,-0.0124923112345723,0.0475889975497621));
#6787=CARTESIAN_POINT('',(-0.0169670194694816,-0.0118501582280898,0.0469470671573506));
#6788=CARTESIAN_POINT('',(-0.0170416091591361,-0.0105547055104132,0.0456516901377517));
#6789=CARTESIAN_POINT('',(-0.0168967955653266,-0.00990225295227217,0.0449990906141153));
#6790=CARTESIAN_POINT('',(-0.0162646334364085,-0.00868558263800905,0.0437817787439183));
#6791=CARTESIAN_POINT('',(-0.0157776982996971,-0.00812216051568899,0.0432178624507011));
#6792=CARTESIAN_POINT('',(-0.0145350253057704,-0.00716949963104216,0.0422639404271839));
#6793=CARTESIAN_POINT('',(-0.0137801000866431,-0.00678088385523211,0.0418745585081144));
#6794=CARTESIAN_POINT('',(-0.0121161019261747,-0.0062372663839965,0.0413292523120328));
#6795=CARTESIAN_POINT('',(-0.0112081171458293,-0.00608262018375295,0.0411736846345335));
#6796=CARTESIAN_POINT('',(-0.00937612245456958,-0.00603080695801933,0.0411200121910276));
#6797=CARTESIAN_POINT('',(-0.00845331056491144,-0.00613367381545813,0.0412219425237734));
#6798=CARTESIAN_POINT('',(-0.00673222392753107,-0.00658155292915636,0.0416680749758251));
#6799=CARTESIAN_POINT('',(-0.00593507467345017,-0.0069262722977228,0.0420119853496563));
#6800=CARTESIAN_POINT('',(-0.00458691592880102,-0.00780565821582677,0.0428900030756417));
#6801=CARTESIAN_POINT('',(-0.00403678805805523,-0.00833974969654526,0.0434235362536974));
#6802=CARTESIAN_POINT('',(-0.00326680215392084,-0.00951676388467702,0.0445997690140858));
#6803=CARTESIAN_POINT('',(-0.00304744764790937,-0.0101589168911595,0.0452416994064974));
#6804=CARTESIAN_POINT('',(-0.00297285795825488,-0.0114543696088361,0.0465370764260963));
#6805=CARTESIAN_POINT('',(-0.00311767155206429,-0.0121068221669772,0.0471896759497327));
#6806=CARTESIAN_POINT('',(-0.00374983368098241,-0.0133234924812403,0.0484069878199297));
#6807=CARTESIAN_POINT('',(-0.00423676881769381,-0.0138869146035603,0.0489709041131469));
#6808=CARTESIAN_POINT('',(-0.00547944181162049,-0.0148395754882072,0.0499248261366641));
#6809=CARTESIAN_POINT('',(-0.00623436703074782,-0.0152281912640172,0.0503142080557336));
#6810=CARTESIAN_POINT('',(-0.00789836519121625,-0.0157718087352528,0.0508595142518153));
#6811=CARTESIAN_POINT('',(-0.00544475532989105,-0.0150752067570728,0.0522319535611281));
#6812=CARTESIAN_POINT('',(-0.00745654333055277,-0.0157327980020331,0.0528908805730056));
#6813=CARTESIAN_POINT('',(-0.00855430469187994,-0.0159199592101305,0.053078770661735));
#6814=CARTESIAN_POINT('',(-0.0107692019343835,-0.0159829904467284,0.0531432725236974));
#6815=CARTESIAN_POINT('',(-0.0118848893976191,-0.0158588192563533,0.0530198421163486));
#6816=CARTESIAN_POINT('',(-0.0139656978548871,-0.0153176945501965,0.0524800990046228));
#6817=CARTESIAN_POINT('',(-0.0149294581174853,-0.0149010948994689,0.0520641392618152));
#6818=CARTESIAN_POINT('',(-0.0165593935644744,-0.0138381955817618,0.0510023221723779));
#6819=CARTESIAN_POINT('',(-0.0172245028629633,-0.01319259099102,0.0503571591942697));
#6820=CARTESIAN_POINT('',(-0.0181554224032709,-0.0117697338476771,0.0489349201535918));
#6821=CARTESIAN_POINT('',(-0.0184206238761865,-0.0109934117634413,0.048158774155183));
#6822=CARTESIAN_POINT('',(-0.0185108034486072,-0.0094272138963046,0.0465926361645787));
#6823=CARTESIAN_POINT('',(-0.0183357225757555,-0.00863836231852231,0.045803668338346));
#6824=CARTESIAN_POINT('',(-0.0175714331578681,-0.00716726315524443,0.0443320617098086));
#6825=CARTESIAN_POINT('',(-0.0169827244150287,-0.0064859775856756,0.0436503852552847));
#6826=CARTESIAN_POINT('',(-0.0154803221424059,-0.00533393863831853,0.0424973487578619));
#6827=CARTESIAN_POINT('',(-0.0145676110990178,-0.00486393862906096,0.0420267427358355));
#6828=CARTESIAN_POINT('',(-0.0125558230983561,-0.00420634738410067,0.041367815723958));
#6829=CARTESIAN_POINT('',(-0.0114580617370289,-0.00401918617600327,0.0411799256352285));
#6830=CARTESIAN_POINT('',(-0.00924316449452536,-0.00395615493940534,0.0411154237732662));
#6831=CARTESIAN_POINT('',(-0.00812747703128978,-0.00408032612978042,0.041238854180615));
#6832=CARTESIAN_POINT('',(-0.00604666857402178,-0.00462145083593726,0.0417785972923409));
#6833=CARTESIAN_POINT('',(-0.00508290831142351,-0.00503805048666483,0.0421945570351484));
#6834=CARTESIAN_POINT('',(-0.00345297286443441,-0.00610094980437188,0.0432563741245857));
#6835=CARTESIAN_POINT('',(-0.00278786356594554,-0.00674655439511373,0.0439015371026939));
#6836=CARTESIAN_POINT('',(-0.00185694402563793,-0.00816941153845654,0.0453237761433717));
#6837=CARTESIAN_POINT('',(-0.00159174255272238,-0.00894573362269241,0.0460999221417806));
#6838=CARTESIAN_POINT('',(-0.00150156298030162,-0.0105119314898291,0.0476660601323849));
#6839=CARTESIAN_POINT('',(-0.00167664385315337,-0.0113007830676114,0.0484550279586177));
#6840=CARTESIAN_POINT('',(-0.00244093327104071,-0.0127718822308893,0.0499266345871549));
#6841=CARTESIAN_POINT('',(-0.00302964201388018,-0.0134531678004581,0.050608311041679));
#6842=CARTESIAN_POINT('',(-0.00453204428650293,-0.0146052067478152,0.0517613475391016));
#6843=CARTESIAN_POINT('',(-0.00544475532989105,-0.0150752067570728,0.0522319535611281));
#6844=CARTESIAN_POINT('',(-0.00745654333055277,-0.0157327980020331,0.0528908805730056));
#6845=CARTESIAN_POINT('',(-0.00540047539726147,-0.0150666276749068,0.0523394971065029));
#6846=CARTESIAN_POINT('',(-0.00743176679519592,-0.0157306103538042,0.0530047957591037));
#6847=CARTESIAN_POINT('',(-0.00854017046870189,-0.0159195949421221,0.0531944984275988));
#6848=CARTESIAN_POINT('',(-0.010776540162987,-0.0159832552635788,0.0532596075828917));
#6849=CARTESIAN_POINT('',(-0.0119030437240522,-0.015857889366456,0.0531349714919722));
#6850=CARTESIAN_POINT('',(-0.014004024701475,-0.0153115356236124,0.0525899788712798));
#6851=CARTESIAN_POINT('',(-0.0149771281947074,-0.0148909050624411,0.0521699787359592));
#6852=CARTESIAN_POINT('',(-0.0166228651468954,-0.013817714659936,0.0510978545254115));
#6853=CARTESIAN_POINT('',(-0.0172944223866554,-0.0131658566246291,0.0504464315589819));
#6854=CARTESIAN_POINT('',(-0.0182343667812805,-0.0117292130727486,0.0490103969508044));
#6855=CARTESIAN_POINT('',(-0.0185021392654964,-0.0109453670400739,0.0482267243947408));
#6856=CARTESIAN_POINT('',(-0.0185931930890938,-0.00936398629638558,0.0466454026403424));
#6857=CARTESIAN_POINT('',(-0.0184164148844073,-0.00856748571923575,0.045848787537296));
#6858=CARTESIAN_POINT('',(-0.0176447160177394,-0.00708211866671412,0.0443629205390667));
#6859=CARTESIAN_POINT('',(-0.0170503000033158,-0.00639422353766434,0.0436746403171422));
#6860=CARTESIAN_POINT('',(-0.0155333326033651,-0.00523100384517007,0.0425104378561445));
#6861=CARTESIAN_POINT('',(-0.0146117732290054,-0.00475643996183331,0.0420352769398543));
#6862=CARTESIAN_POINT('',(-0.012580481831071,-0.00409245728293582,0.0413699782872535));
#6863=CARTESIAN_POINT('',(-0.011472078157565,-0.00390347269461791,0.0411802756187585));
#6864=CARTESIAN_POINT('',(-0.00923570846327996,-0.00383981237316123,0.0411151664634656));
#6865=CARTESIAN_POINT('',(-0.00810920490221473,-0.00396517827028408,0.0412398025543851));
#6866=CARTESIAN_POINT('',(-0.0060082239247919,-0.00451153201312768,0.0417847951750775));
#6867=CARTESIAN_POINT('',(-0.00503512043155952,-0.004932162574299,0.042204795310398));
#6868=CARTESIAN_POINT('',(-0.00338938347937153,-0.0060053529768041,0.0432769195209457));
#6869=CARTESIAN_POINT('',(-0.00271782623961154,-0.00665721101211091,0.0439283424873754));
#6870=CARTESIAN_POINT('',(-0.00177788184498647,-0.00809385456399147,0.0453643770955528));
#6871=CARTESIAN_POINT('',(-0.00151010936077058,-0.00887770059666612,0.0461480496516165));
#6872=CARTESIAN_POINT('',(-0.00141905553717316,-0.0104590813403545,0.0477293714060148));
#6873=CARTESIAN_POINT('',(-0.00159583374185954,-0.0112555819175043,0.0485259865090613));
#6874=CARTESIAN_POINT('',(-0.00236753260852752,-0.012740948970026,0.0500118535072905));
#6875=CARTESIAN_POINT('',(-0.00296194862295115,-0.0134288440990757,0.0507001337292151));
#6876=CARTESIAN_POINT('',(-0.00447891602290182,-0.01459206379157,0.0518643361902127));
#6877=CARTESIAN_POINT('',(-0.00540047539726147,-0.0150666276749068,0.0523394971065029));
#6878=CARTESIAN_POINT('',(-0.00743176679519592,-0.0157306103538042,0.0530047957591037));
#6879=CARTESIAN_POINT('',(-0.0132447147421407,-0.0155,0.0526642009443767));
#6880=CARTESIAN_POINT('',(-0.0131897464033761,-0.0155,0.0522738832611196));
#6881=CARTESIAN_POINT('',(-0.013431582835352,-0.0154014799427041,0.0515059522978173));
#6882=CARTESIAN_POINT('',(-0.014102470088326,-0.0150885975158243,0.0506116034736697));
#6883=CARTESIAN_POINT('',(-0.014824387306618,-0.0146407090470521,0.0498140556118631));
#6884=CARTESIAN_POINT('',(-0.015303714778202,-0.0142525134101012,0.0493477118992872));
#6885=CARTESIAN_POINT('',(-0.015541574835807,-0.0140353504077525,0.0491308127199815));
#6886=CARTESIAN_POINT('',(-0.0154485354920913,-0.00788482554140174,0.0429801934230015));
#6887=CARTESIAN_POINT('',(-0.015197315280717,-0.00766548086087724,0.0427605876611444));
#6888=CARTESIAN_POINT('',(-0.0146912955716816,-0.00719759192570507,0.0423725683285735));
#6889=CARTESIAN_POINT('',(-0.0139296481245328,-0.00641044233109506,0.0419294585035808));
#6890=CARTESIAN_POINT('',(-0.0131901977870292,-0.0055175632356222,0.0416145863145793));
#6891=CARTESIAN_POINT('',(-0.0128836839445541,-0.00474985224168476,0.0415130751329555));
#6892=CARTESIAN_POINT('',(-0.0129344004417724,-0.00434924315907349,0.0415131266030899));
#6893=CARTESIAN_POINT('',(-0.00901017275047209,0.001,0.0745111450931166));
#6894=CARTESIAN_POINT('',(-0.00200202971856162,0.001,0.0415020317794867));
#6895=CARTESIAN_POINT('',(-0.0180959545091933,0.001,0.0745203658878063));
#6896=CARTESIAN_POINT('',(-0.00901017275047209,-0.001,0.0745111450931166));
#6897=CARTESIAN_POINT('',(0.0109948907834511,-0.001,0.0544857689223386));
#6898=CARTESIAN_POINT('',(-0.0180959545091933,-0.001,0.0745203658878063));
#6899=CARTESIAN_POINT('',(-0.0209243801773848,-8.67361737988404E-19,0.074523236343324));
#6900=CARTESIAN_POINT('',(4.66995054987158E-7,0.00434924315907345,0.0465000021009159));
#6901=CARTESIAN_POINT('',(-0.0399999794012075,0.00788477615465921,0.0430050603091088));
#6902=CARTESIAN_POINT('',(-0.0400004233463567,0.0069591756076637,0.0420794602126554));
#6903=CARTESIAN_POINT('',(-0.0400004748099456,0.00565823966892757,0.041540594874003));
#6904=CARTESIAN_POINT('',(-0.0399999794012731,0.00434924315907344,0.0415405943712326));
#6905=CARTESIAN_POINT('',(-0.0507116678561541,0.00434924315907345,0.0375799596725887));
#6906=CARTESIAN_POINT('',(-0.0457868290411985,0.00434924315907345,0.0367162560926798));
#6907=CARTESIAN_POINT('',(-0.0457869533716909,0.00567220035324321,0.0367155509794185));
#6908=CARTESIAN_POINT('',(-0.0463078588440601,0.00694930405916181,0.0368077018007028));
#6909=CARTESIAN_POINT('',(-0.0472293037886538,0.00788477615465938,0.0369690941557772));
#6910=CARTESIAN_POINT('',(-0.0399508584059906,0.00434879820751763,0.0415402065921118));
#6911=CARTESIAN_POINT('',(-0.0399319568638508,0.00641995401839639,0.0415399781035004));
#6912=CARTESIAN_POINT('',(-0.0399008880104386,0.00788439520276631,0.0430043859897494));
#6913=CARTESIAN_POINT('',(-0.0400371277361047,0.00435025783544198,0.0415412494466733));
#6914=CARTESIAN_POINT('',(-0.0400487230979849,0.00642120354123166,0.0415416680773825));
#6915=CARTESIAN_POINT('',(-0.0400608032671482,0.00788574049382283,0.0430062047757813));
#6916=CARTESIAN_POINT('',(-0.0402099373455152,0.00434878294897503,0.0415395232750878));
#6917=CARTESIAN_POINT('',(-0.0402045582080864,0.00641989801453426,0.0415393289900312));
#6918=CARTESIAN_POINT('',(-0.04024782475995,0.00788432929476839,0.0430035445134921));
#6919=CARTESIAN_POINT('',(-0.0404695551119396,0.00434937548644858,0.0415254251147081));
#6920=CARTESIAN_POINT('',(-0.0404709934179588,0.00642042252150955,0.0415254771274028));
#6921=CARTESIAN_POINT('',(-0.040584006951185,0.00788489624574615,0.042986123127885));
#6922=CARTESIAN_POINT('',(-0.0407295389053905,0.00434921766625481,0.041499645826763));
#6923=CARTESIAN_POINT('',(-0.0407291623104673,0.00642028282229838,0.041499632182652));
#6924=CARTESIAN_POINT('',(-0.0409058941103206,0.00788474524041677,0.0429538442297463));
#6925=CARTESIAN_POINT('',(-0.0410719714107242,0.00434926932399019,0.0414502068468197));
#6926=CARTESIAN_POINT('',(-0.0410721884972969,0.00642032854879757,0.0414502147402555));
#6927=CARTESIAN_POINT('',(-0.0413349638995037,0.00788479466753645,0.042892061156807));
#6928=CARTESIAN_POINT('',(-0.0414933471228301,0.00434924415537454,0.0413605916331377));
#6929=CARTESIAN_POINT('',(-0.0414932751613644,0.00642030626983323,0.0413605889755165));
#6930=CARTESIAN_POINT('',(-0.0418612054169503,0.00788477058551247,0.0427800299698637));
#6931=CARTESIAN_POINT('',(-0.0421551729288078,0.00434925405729193,0.0411574463432316));
#6932=CARTESIAN_POINT('',(-0.0421552144053986,0.00642031503583215,0.0411574480222624));
#6933=CARTESIAN_POINT('',(-0.0426887082129766,0.00788478006106731,0.0425260939924161));
#6934=CARTESIAN_POINT('',(-0.0429437097394994,0.00434924911006021,0.0407949605895695));
#6935=CARTESIAN_POINT('',(-0.0429436958311465,0.00642031064900649,0.0407949588938732));
#6936=CARTESIAN_POINT('',(-0.0436743154123315,0.00788477531825624,0.0420729685773742));
#6937=CARTESIAN_POINT('',(-0.0437965124974804,0.00434925107404504,0.0402016907046802));
#6938=CARTESIAN_POINT('',(-0.0437965156410396,0.00642031241904367,0.040201695106653));
#6939=CARTESIAN_POINT('',(-0.0447403817406074,0.00788477723551532,0.0413313675768828));
#6940=CARTESIAN_POINT('',(-0.0445311631927452,0.00434924915478363,0.0394686774520511));
#6941=CARTESIAN_POINT('',(-0.0445311645184059,0.00642031060308587,0.0394686615410857));
#6942=CARTESIAN_POINT('',(-0.0456587214445436,0.00788477525785213,0.0404150374841987));
#6943=CARTESIAN_POINT('',(-0.0450273582366452,0.0043492539156677,0.0387588716248522));
#6944=CARTESIAN_POINT('',(-0.0450273513987007,0.00642031518124745,0.0387589183736655));
#6945=CARTESIAN_POINT('',(-0.0462789695687421,0.00788478025234693,0.0395278591451576));
#6946=CARTESIAN_POINT('',(-0.0453453244440761,0.00434924440135342,0.0381435864841191));
#6947=CARTESIAN_POINT('',(-0.0453453365159863,0.00642030601727009,0.0381435054617718));
#6948=CARTESIAN_POINT('',(-0.0466764748963783,0.00788477025328992,0.0387585102694285));
#6949=CARTESIAN_POINT('',(-0.0455078254251764,0.0043492685823266,0.0377469110362032));
#6950=CARTESIAN_POINT('',(-0.0455077889199197,0.00642032931031593,0.0377471553627533));
#6951=CARTESIAN_POINT('',(-0.0468795178532268,0.00788479566923768,0.0382632053777009));
#6952=CARTESIAN_POINT('',(-0.0456169393121322,0.00434921895205346,0.0374210687965139));
#6953=CARTESIAN_POINT('',(-0.0456170026593535,0.00642028150208624,0.0374206450555776));
#6954=CARTESIAN_POINT('',(-0.0470160987244177,0.00788474350379902,0.0378547502808709));
#6955=CARTESIAN_POINT('',(-0.0456881244479484,0.00434937057805187,0.0371726219962219));
#6956=CARTESIAN_POINT('',(-0.0456878824881391,0.00642042756137087,0.0371742400549752));
#6957=CARTESIAN_POINT('',(-0.0471045201869985,0.00788490287509548,0.0375476630268914));
#6958=CARTESIAN_POINT('',(-0.0457485877287547,0.00434880129676296,0.0369199683302676));
#6959=CARTESIAN_POINT('',(-0.0457494926299638,0.00641987917666173,0.0369139180803485));
#6960=CARTESIAN_POINT('',(-0.0471822146124394,0.00788430451398851,0.0372187662524465));
#6961=CARTESIAN_POINT('',(-0.0457815605836579,0.00435021829620114,0.036748781731744));
#6962=CARTESIAN_POINT('',(-0.0457796100645586,0.00642124414376399,0.03676182230812));
#6963=CARTESIAN_POINT('',(-0.0472181726732646,0.00788579389607616,0.0370373080731603));
#6964=CARTESIAN_POINT('',(-0.0457960515468518,0.00434886496438211,0.0366633659808077));
#6965=CARTESIAN_POINT('',(-0.045798970670313,0.0064199026335385,0.0366461594556668));
#6966=CARTESIAN_POINT('',(-0.0472449217792385,0.00788432571842836,0.0368789512765987));
#6967=CARTESIAN_POINT('',(-0.0519188113805822,0.0105,0.0661546872527104));
#6968=CARTESIAN_POINT('',(-0.0598865774290383,0.0140355329955858,0.000606906977017014));
#6969=CARTESIAN_POINT('',(-0.0607982407646133,0.0149611341494793,0.000766929135608468));
#6970=CARTESIAN_POINT('',(-0.0620795379952181,0.0155,0.000992127722878036));
#6971=CARTESIAN_POINT('',(-0.063368773364471,0.0155,0.00121872601816788));
#6972=CARTESIAN_POINT('',(-0.0507116678561541,0.00434924315907345,0.0375799596725887));
#6973=CARTESIAN_POINT('',(-0.0523858120708049,0.00434924315907344,-0.00070843639109652));
#6974=CARTESIAN_POINT('',(-0.0523858636869216,0.00565823966892757,-0.000708729120641149));
#6975=CARTESIAN_POINT('',(-0.0529165938445242,0.0069591756076637,-0.00061544890523882));
#6976=CARTESIAN_POINT('',(-0.0538281835860996,0.00788477615465921,-0.000455012869320668));
#6977=CARTESIAN_POINT('',(-0.0507108678062588,-0.0043492431590735,0.0375844969810143));
#6978=CARTESIAN_POINT('',(-0.0538281835860995,-0.00788477615465927,-0.000455012869320672));
#6979=CARTESIAN_POINT('',(-0.0529165938445241,-0.00695917560766376,-0.000615448905238828));
#6980=CARTESIAN_POINT('',(-0.0523858636869216,-0.00565823966892763,-0.000708729120641159));
#6981=CARTESIAN_POINT('',(-0.0523858120708048,-0.00434924315907351,-0.000708436391096534));
#6982=CARTESIAN_POINT('',(-0.056768977760658,-0.0105,0.0386480268392653));
#6983=CARTESIAN_POINT('',(-0.063368773364471,-0.0155,0.00121872601816782));
#6984=CARTESIAN_POINT('',(-0.0620795379952181,-0.0155,0.000992127722877971));
#6985=CARTESIAN_POINT('',(-0.0607982407646133,-0.0149611341494793,0.000766929135608399));
#6986=CARTESIAN_POINT('',(-0.0598865774290383,-0.0140355329955858,0.000606906977016947));
#6987=CARTESIAN_POINT('',(6.70914450450852E-6,-0.0105,0.0526507526069358));
#6988=CARTESIAN_POINT('',(-0.00200143522812838,-0.0140355329955858,0.049117253954965));
#6989=CARTESIAN_POINT('',(-0.00200121348775494,-0.0149611341494793,0.0500428548838232));
#6990=CARTESIAN_POINT('',(-0.00200061083406343,-0.0155,0.0513437917130628));
#6991=CARTESIAN_POINT('',(-0.002,-0.0155,0.0526527891353837));
#6992=CARTESIAN_POINT('',(6.70914450450852E-6,-0.0105,0.0526507526069358));
#6993=CARTESIAN_POINT('',(-0.0399963913294887,-0.0105,0.0526913501456197));
#6994=CARTESIAN_POINT('',(-0.039850194166852,-0.0155,0.0526911155639624));
#6995=CARTESIAN_POINT('',(-0.0398535261021322,-0.0155,0.0506200737372057));
#6996=CARTESIAN_POINT('',(-0.0398558821549097,-0.0140355620373302,0.0491556143651249));
#6997=CARTESIAN_POINT('',(-0.0401030571710782,-0.0155,0.052691522375244));
#6998=CARTESIAN_POINT('',(-0.0401063899813685,-0.0154999999999996,0.050620436328973));
#6999=CARTESIAN_POINT('',(-0.040108745267546,-0.014035508658444,0.049155967796769));
#7000=CARTESIAN_POINT('',(-0.0406079741278159,-0.0155,0.0526875563947721));
#7001=CARTESIAN_POINT('',(-0.0405304294559933,-0.0155000000000002,0.0506169499484508));
#7002=CARTESIAN_POINT('',(-0.0404755982134034,-0.0140355422723932,0.0491528066207404));
#7003=CARTESIAN_POINT('',(-0.0413590329315432,-0.0155,0.0526440467893927));
#7004=CARTESIAN_POINT('',(-0.041197820876068,-0.0155,0.0505787399707305));
#7005=CARTESIAN_POINT('',(-0.0410838263316567,-0.014035528767948,0.0491183496512068));
#7006=CARTESIAN_POINT('',(-0.0421046967043132,-0.0155,0.0525689185166669));
#7007=CARTESIAN_POINT('',(-0.0418506077177566,-0.0155,0.0505127599369764));
#7008=CARTESIAN_POINT('',(-0.0416709399632201,-0.014035532364805,0.0490588368856509));
#7009=CARTESIAN_POINT('',(-0.0430918260841057,-0.0155,0.0524248746776318));
#7010=CARTESIAN_POINT('',(-0.0427182108435741,-0.0155,0.0503862568429403));
#7011=CARTESIAN_POINT('',(-0.0424540250062885,-0.0140355311874943,0.0489447374690002));
#7012=CARTESIAN_POINT('',(-0.0443100871450303,-0.0155,0.052164880189517));
#7013=CARTESIAN_POINT('',(-0.0437877897562449,-0.0155,0.0501579225560764));
#7014=CARTESIAN_POINT('',(-0.0434184700309875,-0.0140355317610014,0.0487387900563717));
#7015=CARTESIAN_POINT('',(-0.0462422213639667,-0.0155,0.0515689579898843));
#7016=CARTESIAN_POINT('',(-0.0454847724619509,-0.0155,0.0496345677075746));
#7017=CARTESIAN_POINT('',(-0.0449491755038954,-0.0140355315359219,0.048266748149154));
#7018=CARTESIAN_POINT('',(-0.0485130861347033,-0.0155,0.0505221490949022));
#7019=CARTESIAN_POINT('',(-0.0474790438976972,-0.0155,0.0487152304594679));
#7020=CARTESIAN_POINT('',(-0.0467478661176501,-0.0140355316441713,0.0474375468470505));
#7021=CARTESIAN_POINT('',(-0.0510006283352887,-0.0155,0.0487890497620593));
#7022=CARTESIAN_POINT('',(-0.0496636904938418,-0.0155,0.0471931809789994));
#7023=CARTESIAN_POINT('',(-0.0487183332773914,-0.0140355316180327,0.0460647320829101));
#7024=CARTESIAN_POINT('',(-0.0531231466586117,-0.0155,0.0466669067803655));
#7025=CARTESIAN_POINT('',(-0.0515277415721933,-0.0155,0.0453294376494327));
#7026=CARTESIAN_POINT('',(-0.0503996205695924,-0.0140355315926877,0.0443837047486012));
#7027=CARTESIAN_POINT('',(-0.0545695707297795,-0.0155,0.0445938827439464));
#7028=CARTESIAN_POINT('',(-0.0527980209371742,-0.0155,0.0435089133840806));
#7029=CARTESIAN_POINT('',(-0.0515453468264448,-0.0140355316989532,0.0427417247294617));
#7030=CARTESIAN_POINT('',(-0.0554875819925004,-0.0155,0.042811909749094));
#7031=CARTESIAN_POINT('',(-0.0536042651929998,-0.0155,0.0419438106551628));
#7032=CARTESIAN_POINT('',(-0.0522725600489954,-0.0140355314778417,0.0413299722482331));
#7033=CARTESIAN_POINT('',(-0.0559588435859458,-0.0155,0.0416587417392338));
#7034=CARTESIAN_POINT('',(-0.0540180837945844,-0.0155,0.0409313872564088));
#7035=CARTESIAN_POINT('',(-0.0526457600671369,-0.0140355320412637,0.0404170704039553));
#7036=CARTESIAN_POINT('',(-0.0562753076772865,-0.0155,0.0407104720259942));
#7037=CARTESIAN_POINT('',(-0.054296126387696,-0.0155,0.0400979341585952));
#7038=CARTESIAN_POINT('',(-0.0528966351194933,-0.0140355308846521,0.0396648046436258));
#7039=CARTESIAN_POINT('',(-0.056481500492538,-0.0155,0.0399868714411145));
#7040=CARTESIAN_POINT('',(-0.0544768583484141,-0.0155000000000001,0.0394644556660796));
#7041=CARTESIAN_POINT('',(-0.053059361974757,-0.0140355344182708,0.0390950524313811));
#7042=CARTESIAN_POINT('',(-0.0566578211246504,-0.0155,0.0392494340979836));
#7043=CARTESIAN_POINT('',(-0.0546330302247707,-0.0154999999999998,0.0388092817896066));
#7044=CARTESIAN_POINT('',(-0.0532012922356445,-0.0140355211512548,0.0384980470101816));
#7045=CARTESIAN_POINT('',(-0.0567505391957669,-0.0155,0.0387522280916843));
#7046=CARTESIAN_POINT('',(-0.0547111661992533,-0.0155000000000005,0.0383913817057535));
#7047=CARTESIAN_POINT('',(-0.0532691032217163,-0.0140355541742183,0.0381362246457123));
#7048=CARTESIAN_POINT('',(-0.0567945963555147,-0.0155,0.038503232446996));
#7049=CARTESIAN_POINT('',(-0.0547551796767141,-0.0155,0.0381423791215427));
#7050=CARTESIAN_POINT('',(-0.0533131078202596,-0.0140355007915857,0.0378872196779854));
#7051=CARTESIAN_POINT('',(-0.0567691544580723,-0.0105000000000002,0.0386470211469501));
#7052=CARTESIAN_POINT('',(-0.056768977760658,-0.0105,0.0386480268392653));
#7053=CARTESIAN_POINT('',(4.41386489838127E-6,-0.0105,0.061349236104769));
#7054=CARTESIAN_POINT('',(-0.002,-0.0155,0.0613512703038299));
#7055=CARTESIAN_POINT('',(-0.00199938916593657,-0.0155,0.0626602677261508));
#7056=CARTESIAN_POINT('',(-0.00199878651224506,-0.0149611341494793,0.0639612045553905));
#7057=CARTESIAN_POINT('',(-0.00199856477187162,-0.0140355329955858,0.0648868054842487));
#7058=CARTESIAN_POINT('',(-0.0400025999773464,-0.0105,0.061389837614973));
#7059=CARTESIAN_POINT('',(-0.0399999794012075,-0.0140355334203329,0.0649253711676827));
#7060=CARTESIAN_POINT('',(-0.0400010648792425,-0.0155,0.0634609053925837));
#7061=CARTESIAN_POINT('',(-0.040002599977212,-0.0155,0.0613898377473498));
#7062=CARTESIAN_POINT('',(-0.0417275348860062,-0.0140355334205919,0.0649266516504263));
#7063=CARTESIAN_POINT('',(-0.041642101771638,-0.0155000000000014,0.0634621217465688));
#7064=CARTESIAN_POINT('',(-0.0415212810859704,-0.0155,0.0613909634099154));
#7065=CARTESIAN_POINT('',(-0.0451272732081174,-0.014035533420164,0.0646299160845702));
#7066=CARTESIAN_POINT('',(-0.0448715760641833,-0.0154999999999993,0.0631802470936288));
#7067=CARTESIAN_POINT('',(-0.0445099656458597,-0.0155,0.0611301052637739));
#7068=CARTESIAN_POINT('',(-0.0501472187776437,-0.0140355334205356,0.0632766619212623));
#7069=CARTESIAN_POINT('',(-0.0496401151223517,-0.0155000000000002,0.0618947661870372));
#7070=CARTESIAN_POINT('',(-0.0489229621566695,-0.0155,0.0599404702300855));
#7071=CARTESIAN_POINT('',(-0.0547717413624719,-0.0140355334196912,0.0611067698618283));
#7072=CARTESIAN_POINT('',(-0.0540330347742583,-0.0155,0.0598335447215055));
#7073=CARTESIAN_POINT('',(-0.0529883457559486,-0.0155,0.058032932210924));
#7074=CARTESIAN_POINT('',(-0.0590205021491334,-0.014035533422697,0.0581111707586739));
#7075=CARTESIAN_POINT('',(-0.0580690106142906,-0.0155,0.0569879730470915));
#7076=CARTESIAN_POINT('',(-0.0567233981946254,-0.0155,0.0553995313979665));
#7077=CARTESIAN_POINT('',(-0.0620160251931442,-0.0140355334133812,0.0550850432651086));
#7078=CARTESIAN_POINT('',(-0.0609145151316655,-0.0155,0.0541133883537111));
#7079=CARTESIAN_POINT('',(-0.0593567444521434,-0.0155,0.0527392605965336));
#7080=CARTESIAN_POINT('',(-0.0640936644147879,-0.014035533432373,0.0523525473447888));
#7081=CARTESIAN_POINT('',(-0.0628880993657788,-0.0155,0.0515177608539232));
#7082=CARTESIAN_POINT('',(-0.0611831726880629,-0.0155,0.0503371943359179));
#7083=CARTESIAN_POINT('',(-0.0654718641359486,-0.0140355333743761,0.0501602804228682));
#7084=CARTESIAN_POINT('',(-0.0641972879790927,-0.0155,0.0494352221706601));
#7085=CARTESIAN_POINT('',(-0.0623947648392013,-0.0155,0.0484098347486125));
#7086=CARTESIAN_POINT('',(-0.06663638772261,-0.0140355335921199,0.0478854625258148));
#7087=CARTESIAN_POINT('',(-0.0653034483259387,-0.0155,0.0472745701753018));
#7088=CARTESIAN_POINT('',(-0.0634183871400533,-0.0155,0.0464106380089553));
#7089=CARTESIAN_POINT('',(-0.0675995982543786,-0.0140355327791415,0.0455202664640544));
#7090=CARTESIAN_POINT('',(-0.0662185771859885,-0.0155,0.0450269320988977));
#7091=CARTESIAN_POINT('',(-0.0642655179396456,-0.0155,0.0443292513120467));
#7092=CARTESIAN_POINT('',(-0.0682324942833122,-0.0140355353076163,0.0434590622384487));
#7093=CARTESIAN_POINT('',(-0.0668192872898309,-0.0155,0.0430717387522255));
#7094=CARTESIAN_POINT('',(-0.0648207114244648,-0.0155,0.0425239816203905));
#7095=CARTESIAN_POINT('',(-0.068629399611686,-0.014035530151461,0.0417928419511011));
#7096=CARTESIAN_POINT('',(-0.0671973133931472,-0.0154999999999999,0.0414832903598301));
#7097=CARTESIAN_POINT('',(-0.0651720356186587,-0.0155,0.0410455171209897));
#7098=CARTESIAN_POINT('',(-0.0687924716783227,-0.0140355406488709,0.0409124788663047));
#7099=CARTESIAN_POINT('',(-0.0673501857844951,-0.0155000000000001,0.0406585714959136));
#7100=CARTESIAN_POINT('',(-0.0653104892443632,-0.0155,0.0402994938335832));
#7101=CARTESIAN_POINT('',(-0.0688583151830201,-0.0140355236361117,0.040538561451737));
#7102=CARTESIAN_POINT('',(-0.0674160263488148,-0.0155,0.0402846539485371));
#7103=CARTESIAN_POINT('',(-0.0653763159937858,-0.0155,0.0399255734708866));
#7104=CARTESIAN_POINT('',(-0.0653386259264929,-0.0105,0.0401396670383967));
#7105=CARTESIAN_POINT('',(-0.0604851386632965,-0.0105,0.0676651618782319));
#7106=CARTESIAN_POINT('',(-0.0754188295025995,-0.0140355329955858,0.00333232606361801));
#7107=CARTESIAN_POINT('',(-0.0745071661670246,-0.0149611341494793,0.00317230390502656));
#7108=CARTESIAN_POINT('',(-0.0732258689364198,-0.0155,0.00294710531775699));
#7109=CARTESIAN_POINT('',(-0.0719366335671669,-0.0155,0.00272050702246715));
#7110=CARTESIAN_POINT('',(-4.66995054987166E-7,-0.00434924315907349,0.0674999978990841));
#7111=CARTESIAN_POINT('',(-0.0400035674715285,-0.0043492431590735,0.0675405954377705));
#7112=CARTESIAN_POINT('',(-0.0399970702587522,-0.00434924344540823,0.0725405914188608));
#7113=CARTESIAN_POINT('',(-0.0399979037841097,-0.00642031105214018,0.0725405922647722));
#7114=CARTESIAN_POINT('',(-0.0399999794025111,-0.00788477701985731,0.0710761275681591));
#7115=CARTESIAN_POINT('',(-0.0399980457987137,-0.00434924305279021,0.0725405924088971));
#7116=CARTESIAN_POINT('',(-0.0399989427455346,-0.00642031067009489,0.0725405933191723));
#7117=CARTESIAN_POINT('',(-0.0400010632097155,-0.00788477662723945,0.071076128624498));
#7118=CARTESIAN_POINT('',(-0.039999021331047,-0.0043492426153654,0.0725405933989256));
#7119=CARTESIAN_POINT('',(-0.0399999816988305,-0.00642031024444937,0.0725405943735643));
#7120=CARTESIAN_POINT('',(-0.0400021470084437,-0.00788477618981439,0.0710761296758553));
#7121=CARTESIAN_POINT('',(-0.0399999968557521,-0.00434924213313482,0.0725405943889464));
#7122=CARTESIAN_POINT('',(-0.0400010206439966,-0.00642030977520462,0.072540595427948));
#7123=CARTESIAN_POINT('',(-0.0400032307986952,-0.00788477570758394,0.0710761307222317));
#7124=CARTESIAN_POINT('',(-0.0400029197252582,-0.00434924312400056,0.0675405947803988));
#7125=CARTESIAN_POINT('',(-0.039999979291784,-0.00434924266861622,0.0725405943711682));
#7126=CARTESIAN_POINT('',(-0.039999979291784,-0.0064203102058717,0.0725405943711682));
#7127=CARTESIAN_POINT('',(-0.0400008404967418,-0.00788477624306534,0.071076128861808));
#7128=CARTESIAN_POINT('',(-0.0417206647248695,-0.00434924266861364,0.0725416062508037));
#7129=CARTESIAN_POINT('',(-0.0417206647248638,-0.00642031020584238,0.0725416062509612));
#7130=CARTESIAN_POINT('',(-0.0416531564601032,-0.00788477624298414,0.0710771005356434));
#7131=CARTESIAN_POINT('',(-0.0451724855350713,-0.004349242668596,0.072299384193079));
#7132=CARTESIAN_POINT('',(-0.0451724855350496,-0.00642031020586688,0.0722993841930364));
#7133=CARTESIAN_POINT('',(-0.0449678231142354,-0.00788477624305776,0.0708445028945586));
#7134=CARTESIAN_POINT('',(-0.0485014143589734,-0.00434924266865912,0.0715925402992499));
#7135=CARTESIAN_POINT('',(-0.0485014143590226,-0.0064203102059105,0.0715925402991774));
#7136=CARTESIAN_POINT('',(-0.0481644807546992,-0.00788477624316155,0.0701657446351606));
#7137=CARTESIAN_POINT('',(-0.0501445206953863,-0.0043492426686162,0.0711232064563024));
#7138=CARTESIAN_POINT('',(-0.0501445206953863,-0.00642031020587167,0.0711232064563024));
#7139=CARTESIAN_POINT('',(-0.0497423001381753,-0.00788477624306532,0.0697150592363226));
#7140=CARTESIAN_POINT('',(-0.0487712535030505,-0.0043492426686162,0.0663154900317975));
#7141=CARTESIAN_POINT('',(-0.076321157879107,-0.00434924237526015,0.042069267312282));
#7142=CARTESIAN_POINT('',(-0.0763210136653958,-0.00642030950225709,0.0420700871154743));
#7143=CARTESIAN_POINT('',(-0.0748785926517994,-0.00788477537084592,0.0418169447115272));
#7144=CARTESIAN_POINT('',(-0.0763213545857266,-0.00434924276967904,0.0420681491057443));
#7145=CARTESIAN_POINT('',(-0.0763211993438957,-0.00642030990729719,0.0420690317478419));
#7146=CARTESIAN_POINT('',(-0.0748787626732175,-0.00788477576526481,0.041815978200783));
#7147=CARTESIAN_POINT('',(-0.0763215512406764,-0.00434924320944376,0.0420670308901183));
#7148=CARTESIAN_POINT('',(-0.0763213849765324,-0.00642031035890416,0.0420679763721445));
#7149=CARTESIAN_POINT('',(-0.0748789326499754,-0.00788477620502953,0.0418150116821835));
#7150=CARTESIAN_POINT('',(-0.0763217478439561,-0.0043492436945543,0.0420659126654067));
#7151=CARTESIAN_POINT('',(-0.0763215705633054,-0.00642031085707811,0.0420669209883848));
#7152=CARTESIAN_POINT('',(-0.0748791025820727,-0.00788477669014007,0.0418140451557308));
#7153=CARTESIAN_POINT('',(-0.0713972774614437,-0.00434924368593063,0.0412001231689871));
#7154=CARTESIAN_POINT('',(-0.0713964779304915,-0.00434924315907349,0.041204660568388));
#7155=CARTESIAN_POINT('',(-4.66995054987166E-7,-0.00434924315907349,0.0674999978990841));
#7156=CARTESIAN_POINT('',(-0.00199856477187162,-0.00788477615465926,0.0710375623251752));
#7157=CARTESIAN_POINT('',(-0.00199792266326654,-0.00695917560766374,0.0719631622205206));
#7158=CARTESIAN_POINT('',(-0.00199767303622175,-0.0056582396689276,0.0725020273580649));
#7159=CARTESIAN_POINT('',(-0.00199797028143837,-0.00434924315907346,0.0725020276597271));
#7160=CARTESIAN_POINT('',(-5.07429640406759E-6,0.00434924315907345,0.0675000025748491));
#7161=CARTESIAN_POINT('',(-0.0400035674715285,0.00434924315907345,0.0675405954377705));
#7162=CARTESIAN_POINT('',(-0.0399999794025111,0.00788477701985727,0.0710761275681591));
#7163=CARTESIAN_POINT('',(-0.0399979037841097,0.00642031105214014,0.0725405922647722));
#7164=CARTESIAN_POINT('',(-0.0399970702587522,0.00434924344540819,0.0725405914188609));
#7165=CARTESIAN_POINT('',(-0.0400010632097063,0.00788477662723938,0.071076128624498));
#7166=CARTESIAN_POINT('',(-0.0399989427455258,0.00642031067009484,0.0725405933191724));
#7167=CARTESIAN_POINT('',(-0.0399980457987055,0.00434924305279021,0.0725405924088971));
#7168=CARTESIAN_POINT('',(-0.0400021470084346,0.00788477618981426,0.0710761296758555));
#7169=CARTESIAN_POINT('',(-0.0399999816988217,0.00642031024444926,0.0725405943735645));
#7170=CARTESIAN_POINT('',(-0.0399990213310388,0.00434924261536529,0.0725405933989257));
#7171=CARTESIAN_POINT('',(-0.0400032307986953,0.00788477570758388,0.0710761307222318));
#7172=CARTESIAN_POINT('',(-0.0400010206439967,0.00642030977520455,0.072540595427948));
#7173=CARTESIAN_POINT('',(-0.0399999968557522,0.00434924213313477,0.0725405943889465));
#7174=CARTESIAN_POINT('',(-0.0400050536973514,0.00434924214175841,0.0675405969460814));
#7175=CARTESIAN_POINT('',(-0.0399470507767921,0.00788482183124441,0.0710760503433601));
#7176=CARTESIAN_POINT('',(-0.0399412876601328,0.00642035670031364,0.0725405132861691));
#7177=CARTESIAN_POINT('',(-0.0399378466901196,0.00434928663782162,0.0725405054619053));
#7178=CARTESIAN_POINT('',(-0.0401340680971663,0.00788450539005921,0.0710764813139647));
#7179=CARTESIAN_POINT('',(-0.0401454989796912,0.00642003287404549,0.0725409574324676));
#7180=CARTESIAN_POINT('',(-0.0401542167344604,0.00434897591711677,0.0725409974558216));
#7181=CARTESIAN_POINT('',(-0.0405716613047042,0.00788489872651627,0.0710738191809575));
#7182=CARTESIAN_POINT('',(-0.040591354162295,0.00642043561949369,0.0725381909153306));
#7183=CARTESIAN_POINT('',(-0.040587411475709,0.00434936329730951,0.0725381728186902));
#7184=CARTESIAN_POINT('',(-0.0413950339376052,0.00788470553182247,0.0710536307327423));
#7185=CARTESIAN_POINT('',(-0.0414536308330924,0.00642023780310607,0.0725171642899561));
#7186=CARTESIAN_POINT('',(-0.0414559074403178,0.00434917302814841,0.0725171747265365));
#7187=CARTESIAN_POINT('',(-0.0424419180585683,0.00788480022699571,0.0710007266976265));
#7188=CARTESIAN_POINT('',(-0.0425414637775981,0.00642033476355182,0.0724620725571423));
#7189=CARTESIAN_POINT('',(-0.0425406914048365,0.0043492662893597,0.0724620690268816));
#7190=CARTESIAN_POINT('',(-0.0436792396864465,0.00788476995762113,0.0708938870142476));
#7191=CARTESIAN_POINT('',(-0.0438307403037994,0.0064203037700671,0.0723508116435553));
#7192=CARTESIAN_POINT('',(-0.0438309427778043,0.00434923647835229,0.0723508125636291));
#7193=CARTESIAN_POINT('',(-0.0453205463230377,0.00788477988200829,0.0706942822164037));
#7194=CARTESIAN_POINT('',(-0.0455397127730387,0.00642031393186467,0.0721429477320237));
#7195=CARTESIAN_POINT('',(-0.0455395955059106,0.0043492462524536,0.0721429472048634));
#7196=CARTESIAN_POINT('',(-0.0473488646104313,0.00788477491979912,0.0703386748775651));
#7197=CARTESIAN_POINT('',(-0.0476520827278661,0.00642030885095962,0.0717726260308106));
#7198=CARTESIAN_POINT('',(-0.0476521253908503,0.00434924136539895,0.071772626218933));
#7199=CARTESIAN_POINT('',(-0.0489484548871325,0.00788477624309655,0.0699418117197545));
#7200=CARTESIAN_POINT('',(-0.0493178277445208,0.00642031020588386,0.0713593414957608));
#7201=CARTESIAN_POINT('',(-0.0493178277444861,0.00434924266862425,0.0713593414957611));
#7202=CARTESIAN_POINT('',(-0.0497423001381753,0.0078847762430653,0.0697150592363227));
#7203=CARTESIAN_POINT('',(-0.0501445206953863,0.00642031020587165,0.0711232064563024));
#7204=CARTESIAN_POINT('',(-0.0501445206953863,0.00434924266861619,0.0711232064563024));
#7205=CARTESIAN_POINT('',(-0.0487712535030505,0.00434924266861616,0.0663154900317975));
#7206=CARTESIAN_POINT('',(-0.0763217478439561,0.00434924369455424,0.0420659126654066));
#7207=CARTESIAN_POINT('',(-0.0763215705633055,0.00642031085707805,0.0420669209883847));
#7208=CARTESIAN_POINT('',(-0.0748791025820727,0.00788477669014001,0.0418140451557307));
#7209=CARTESIAN_POINT('',(-0.0763215512406756,0.0043492432094437,0.0420670308901234));
#7210=CARTESIAN_POINT('',(-0.0763213849765316,0.00642031035890413,0.0420679763721493));
#7211=CARTESIAN_POINT('',(-0.0748789326499747,0.00788477620502947,0.0418150116821878));
#7212=CARTESIAN_POINT('',(-0.0763213545857248,0.00434924276967898,0.0420681491057547));
#7213=CARTESIAN_POINT('',(-0.076321199343894,0.0064203099072971,0.0420690317478517));
#7214=CARTESIAN_POINT('',(-0.074878762673216,0.00788477576526476,0.0418159782007919));
#7215=CARTESIAN_POINT('',(-0.0763211578791043,0.00434924237526008,0.0420692673122976));
#7216=CARTESIAN_POINT('',(-0.0763210136653933,0.00642030950225703,0.042070087115489));
#7217=CARTESIAN_POINT('',(-0.0748785926517971,0.00788477537084585,0.0418169447115407));
#7218=CARTESIAN_POINT('',(-0.0713969078682566,0.00434924270368819,0.0412022248926155));
#7219=CARTESIAN_POINT('',(-0.0713972779803868,0.00434924315907345,0.0412001232599624));
#7220=CARTESIAN_POINT('',(-5.07429640406759E-6,0.00434924315907345,0.0675000025748491));
#7221=CARTESIAN_POINT('',(-0.00199797028143837,0.00434924315907345,0.0725020276597271));
#7222=CARTESIAN_POINT('',(-0.00199767303622175,0.00565823966892757,0.0725020273580649));
#7223=CARTESIAN_POINT('',(-0.00199792266326654,0.0069591756076637,0.0719631622205206));
#7224=CARTESIAN_POINT('',(-0.00199856477187162,0.00788477615465921,0.0710375623251753));
#7225=CARTESIAN_POINT('',(-6.70914450450852E-6,0.0105,0.0613492473930642));
#7226=CARTESIAN_POINT('',(-0.00199856477187162,0.0140355329955858,0.0648868054842488));
#7227=CARTESIAN_POINT('',(-0.00199878651224506,0.0149611341494793,0.0639612045553906));
#7228=CARTESIAN_POINT('',(-0.00199938916593657,0.0155,0.0626602677261509));
#7229=CARTESIAN_POINT('',(-0.002,0.0155,0.06135127030383));
#7230=CARTESIAN_POINT('',(-0.0400035674710974,0.0105,0.0613898385968435));
#7231=CARTESIAN_POINT('',(-0.0397851445237271,0.0155,0.0613896765669647));
#7232=CARTESIAN_POINT('',(-0.0397836094312292,0.0155,0.063460736140064));
#7233=CARTESIAN_POINT('',(-0.0397825239540717,0.0140355431642564,0.0649252002433519));
#7234=CARTESIAN_POINT('',(-0.0401670598913815,0.0155,0.0613899596468977));
#7235=CARTESIAN_POINT('',(-0.0401655251721283,0.0155000000000057,0.0634610333972798));
#7236=CARTESIAN_POINT('',(-0.0401644393105746,0.0140355260511416,0.0649255004364908));
#7237=CARTESIAN_POINT('',(-0.0409298026865117,0.0155,0.061383310994679));
#7238=CARTESIAN_POINT('',(-0.0410091178674958,0.0154999999999973,0.0634538545239962));
#7239=CARTESIAN_POINT('',(-0.0410652027528272,0.0140355368399321,0.0649179511074302));
#7240=CARTESIAN_POINT('',(-0.04206537937439,0.0155,0.0613165627927011));
#7241=CARTESIAN_POINT('',(-0.0422283917955241,0.0155000000000007,0.0633817264191597));
#7242=CARTESIAN_POINT('',(-0.0423436586985268,0.0140355325055224,0.064842017051391));
#7243=CARTESIAN_POINT('',(-0.0431937006411477,0.0155,0.0612018625532382));
#7244=CARTESIAN_POINT('',(-0.043449694204723,0.0154999999999998,0.0632577857002612));
#7245=CARTESIAN_POINT('',(-0.043630709064489,0.0140355336599757,0.0647115427938552));
#7246=CARTESIAN_POINT('',(-0.0446882799849878,0.0155,0.0609823265313575));
#7247=CARTESIAN_POINT('',(-0.0450640081972853,0.0155000000000001,0.0630205620893278));
#7248=CARTESIAN_POINT('',(-0.0453296880476604,0.014035533282104,0.0644618120248985));
#7249=CARTESIAN_POINT('',(-0.0465368566521478,0.0155,0.0605856904548848));
#7250=CARTESIAN_POINT('',(-0.0470618503176501,0.0155,0.0625919703111743));
#7251=CARTESIAN_POINT('',(-0.0474330768833256,0.0140355334661781,0.0640106242226413));
#7252=CARTESIAN_POINT('',(-0.0494611443392377,0.0155,0.0596783420202869));
#7253=CARTESIAN_POINT('',(-0.0502216094787975,0.0155,0.0616115191997269));
#7254=CARTESIAN_POINT('',(-0.0507593394329035,0.0140355333939351,0.0629784816989058));
#7255=CARTESIAN_POINT('',(-0.0528704727212007,0.0155,0.0581025214710182));
#7256=CARTESIAN_POINT('',(-0.053905681234717,0.0155,0.0599087406378826));
#7257=CARTESIAN_POINT('',(-0.0546376841078309,0.0140355334286872,0.061185930282824));
#7258=CARTESIAN_POINT('',(-0.0566423811019063,0.0155,0.0554701107707186));
#7259=CARTESIAN_POINT('',(-0.0579814617831012,0.0155,0.0570642387294986));
#7260=CARTESIAN_POINT('',(-0.0589283346773573,0.0140355334202637,0.0581914572692838));
#7261=CARTESIAN_POINT('',(-0.0593006345245596,0.0155,0.0528040188033265));
#7262=CARTESIAN_POINT('',(-0.0608538851079388,0.0155,0.0541833641171053));
#7263=CARTESIAN_POINT('',(-0.0619521989799497,0.0140355334135901,0.0551587083972995));
#7264=CARTESIAN_POINT('',(-0.0611451637460112,0.0155,0.0503926397749157));
#7265=CARTESIAN_POINT('',(-0.0628470281010315,0.0155,0.0515776730744119));
#7266=CARTESIAN_POINT('',(-0.0640504277609995,0.0140355334324837,0.0524156180566488));
#7267=CARTESIAN_POINT('',(-0.0623682585191613,0.0155,0.0484570902271081));
#7268=CARTESIAN_POINT('',(-0.0641686459485571,0.0155,0.0494862860263704));
#7269=CARTESIAN_POINT('',(-0.0654417119303654,0.0140355333737488,0.0502140372066614));
#7270=CARTESIAN_POINT('',(-0.0634015967765188,0.0155,0.0464480875598932));
#7271=CARTESIAN_POINT('',(-0.0652853059509686,0.0155000000000001,0.0473150326731122));
#7272=CARTESIAN_POINT('',(-0.0666172893314537,0.0140355335945183,0.0479280555011102));
#7273=CARTESIAN_POINT('',(-0.0642565741103564,0.0155,0.0443555408805526));
#7274=CARTESIAN_POINT('',(-0.0662089099909172,0.0154999999999998,0.0450553556266654));
#7275=CARTESIAN_POINT('',(-0.0675894195606082,0.0140355327701751,0.0455501989217433));
#7276=CARTESIAN_POINT('',(-0.0648168344339777,0.0155,0.0425388853530103));
#7277=CARTESIAN_POINT('',(-0.0668151061490794,0.0155000000000007,0.0430877964870443));
#7278=CARTESIAN_POINT('',(-0.0682280980841696,0.0140355353340114,0.0434759359888209));
#7279=CARTESIAN_POINT('',(-0.0651707269298752,0.0155,0.0410521500006366));
#7280=CARTESIAN_POINT('',(-0.0671958850519782,0.0154999999999988,0.0414905385969644));
#7281=CARTESIAN_POINT('',(-0.068627886646509,0.0140355301057431,0.0418005252994926));
#7282=CARTESIAN_POINT('',(-0.0653100980844724,0.0155,0.0403017157668997));
#7283=CARTESIAN_POINT('',(-0.0673497945429003,0.0155000000000027,0.0406607934102882));
#7284=CARTESIAN_POINT('',(-0.0687920804188669,0.014035540749968,0.0409147007820986));
#7285=CARTESIAN_POINT('',(-0.0653763140848227,0.0155,0.0399255843145054));
#7286=CARTESIAN_POINT('',(-0.0674160244394491,0.0155,0.0402846647920851));
#7287=CARTESIAN_POINT('',(-0.0688583132735711,0.0140355236366051,0.0405385722952703));
#7288=CARTESIAN_POINT('',(-0.0653384581835425,0.0105,0.0401406198805971));
#7289=CARTESIAN_POINT('',(-0.0653391680259876,0.0105,0.0401365934017113));
#7290=CARTESIAN_POINT('',(-0.0719366335671669,0.0155,0.00272050702246706));
#7291=CARTESIAN_POINT('',(-0.0732258689364198,0.0155,0.00294710531775691));
#7292=CARTESIAN_POINT('',(-0.0745071661670246,0.0149611341494793,0.00317230390502648));
#7293=CARTESIAN_POINT('',(-0.0754188295025995,0.0140355329955858,0.00333232606361794));
#7294=CARTESIAN_POINT('',(-4.41386489838126E-6,0.0105,0.052650763895231));
#7295=CARTESIAN_POINT('',(-0.0399942913507343,0.0105,0.0526913480144357));
#7296=CARTESIAN_POINT('',(-0.0399999794012075,0.014035531618165,0.0491558157726146));
#7297=CARTESIAN_POINT('',(-0.0399976233347133,0.0155,0.0506202803639521));
#7298=CARTESIAN_POINT('',(-0.0399942913513672,0.0155,0.0526913473907796));
#7299=CARTESIAN_POINT('',(-0.0407964155483117,0.014035531617924,0.049157097098349));
#7300=CARTESIAN_POINT('',(-0.0408806349615004,0.0154999999999792,0.0506217009741167));
#7301=CARTESIAN_POINT('',(-0.0409997392750509,0.0155,0.0526929649794653));
#7302=CARTESIAN_POINT('',(-0.0423614812615793,0.0140355316181269,0.0490212695602606));
#7303=CARTESIAN_POINT('',(-0.0426158289451725,0.0155000000000097,0.0504711085696841));
#7304=CARTESIAN_POINT('',(-0.0429755311219069,0.0155,0.0525214918863587));
#7305=CARTESIAN_POINT('',(-0.0446661427061492,0.01403553161866,0.0484039957928089));
#7306=CARTESIAN_POINT('',(-0.0451710154560176,0.0154999999999974,0.0497867345760217));
#7307=CARTESIAN_POINT('',(-0.0458850138071648,0.0155,0.0517422237827095));
#7308=CARTESIAN_POINT('',(-0.0468092819186047,0.0140355316162232,0.0474014337039007));
#7309=CARTESIAN_POINT('',(-0.0475471214027517,0.0155000000000007,0.048675191631153));
#7310=CARTESIAN_POINT('',(-0.0485905846864139,0.0155,0.0504765585298636));
#7311=CARTESIAN_POINT('',(-0.0487616440526066,0.0140355316254373,0.0460270978285292));
#7312=CARTESIAN_POINT('',(-0.0497117131654464,0.0154999999999998,0.0471514558101293));
#7313=CARTESIAN_POINT('',(-0.0510553146499858,0.0155,0.0487415391544622));
#7314=CARTESIAN_POINT('',(-0.0504259808492708,0.0140355315910177,0.044350878476866));
#7315=CARTESIAN_POINT('',(-0.0515569662845896,0.0155,0.0452930428438943));
#7316=CARTESIAN_POINT('',(-0.0531564222892092,0.0155,0.0466254653059113));
#7317=CARTESIAN_POINT('',(-0.0515610901344832,0.0140355316980713,0.0427150130119351));
#7318=CARTESIAN_POINT('',(-0.0528154756293304,0.0155,0.0434792985844989));
#7319=CARTESIAN_POINT('',(-0.0545894456877863,0.0155,0.0445601623621797));
#7320=CARTESIAN_POINT('',(-0.0522811656292493,0.0140355314797632,0.0413107491466183));
#7321=CARTESIAN_POINT('',(-0.0536138063819807,0.0155,0.0419224969330989));
#7322=CARTESIAN_POINT('',(-0.0554984463311389,0.0155,0.042787639442729));
#7323=CARTESIAN_POINT('',(-0.0526509982990853,0.0140355320353298,0.0404027364304255));
#7324=CARTESIAN_POINT('',(-0.0540238909127037,0.0155,0.0409154981417524));
#7325=CARTESIAN_POINT('',(-0.055965455235546,0.0155,0.0416406533186746));
#7326=CARTESIAN_POINT('',(-0.0528997106913014,0.0140355308949487,0.0396546750356751));
#7327=CARTESIAN_POINT('',(-0.0542995372061023,0.0155,0.0400866982021972));
#7328=CARTESIAN_POINT('',(-0.0562791925992889,0.0155,0.0406976714587632));
#7329=CARTESIAN_POINT('',(-0.0530611158207177,0.0140355343789605,0.0390881247328818));
#7330=CARTESIAN_POINT('',(-0.0544787993270356,0.0155000000000001,0.0394567948400595));
#7331=CARTESIAN_POINT('',(-0.0564837061419997,0.0155,0.0399781738084103));
#7332=CARTESIAN_POINT('',(-0.0532019593918883,0.0140355212981991,0.0384946828616896));
#7333=CARTESIAN_POINT('',(-0.0546337830474192,0.0154999999999996,0.0388054774239399));
#7334=CARTESIAN_POINT('',(-0.0566586950090436,0.0155,0.039245007178222));
#7335=CARTESIAN_POINT('',(-0.0532693642550782,0.014035553857555,0.0381347475590898));
#7336=CARTESIAN_POINT('',(-0.0547114272844774,0.0155000000000009,0.0383899046378657));
#7337=CARTESIAN_POINT('',(-0.056750800540921,0.0155,0.0387507510603648));
#7338=CARTESIAN_POINT('',(-0.0533131076373675,0.0140355007918076,0.0378872207129009));
#7339=CARTESIAN_POINT('',(-0.0547551794937845,0.0155,0.0381423801564516));
#7340=CARTESIAN_POINT('',(-0.0567945961724041,0.0155,0.0385032334818728));
#7341=CARTESIAN_POINT('',(-0.0567695203438993,0.0105,0.0386449532882905));
#7342=CARTESIAN_POINT('',(-0.0519188113805822,0.0105,0.0661546872527104));
#7343=CARTESIAN_POINT('',(-4.41386489838126E-6,0.0105,0.052650763895231));
#7344=CARTESIAN_POINT('',(-0.002,0.0155,0.0526527891353838));
#7345=CARTESIAN_POINT('',(-0.00200061083406342,0.0155,0.0513437917130629));
#7346=CARTESIAN_POINT('',(-0.00200121348775494,0.0149611341494793,0.0500428548838232));
#7347=CARTESIAN_POINT('',(-0.00200143522812837,0.0140355329955858,0.049117253954965));
#7348=CARTESIAN_POINT('',(4.66995054987158E-7,0.00434924315907345,0.0465000021009159));
#7349=CARTESIAN_POINT('',(-0.00200143522812837,0.00788477615465921,0.0429664971140385));
#7350=CARTESIAN_POINT('',(-0.00200207733673345,0.0069591756076637,0.0420408972186932));
#7351=CARTESIAN_POINT('',(-0.00200232696377825,0.00565823966892757,0.0415020320811489));
#7352=CARTESIAN_POINT('',(-0.00200202971856163,0.00434924315907344,0.0415020317794867));
#7353=CARTESIAN_POINT('',(5.07429640406759E-6,-0.00434924315907349,0.0464999974251509));
#7354=CARTESIAN_POINT('',(-0.00200202971856162,-0.0043492431590735,0.0415020317794866));
#7355=CARTESIAN_POINT('',(-0.00200232696377825,-0.00565823966892763,0.0415020320811488));
#7356=CARTESIAN_POINT('',(-0.00200207733673346,-0.00695917560766375,0.0420408972186931));
#7357=CARTESIAN_POINT('',(-0.00200143522812838,-0.00788477615465926,0.0429664971140385));
#7358=CARTESIAN_POINT('',(-0.0399078804020403,-0.00790108683496258,0.0430211775746483));
#7359=CARTESIAN_POINT('',(-0.0399101847442548,-0.00778189557481242,0.0429075552673906));
#7360=CARTESIAN_POINT('',(-0.0399147934286838,-0.00754351305451211,0.0426803106528753));
#7361=CARTESIAN_POINT('',(-0.0399237539842762,-0.00701314383238984,0.0422880204538251));
#7362=CARTESIAN_POINT('',(-0.0399343926907045,-0.00628608420284319,0.0418943660967892));
#7363=CARTESIAN_POINT('',(-0.0399438144217771,-0.00549469476457073,0.0416549780691464));
#7364=CARTESIAN_POINT('',(-0.0399504741793595,-0.00484270443056607,0.0415543418152644));
#7365=CARTESIAN_POINT('',(-0.0399533642734888,-0.00451347653304328,0.0415449492846278));
#7366=CARTESIAN_POINT('',(-0.0399548093205534,-0.00434886258428188,0.0415402530193096));
#7367=CARTESIAN_POINT('',(-0.0399477569106233,-0.00790122249635219,0.0430214631817646));
#7368=CARTESIAN_POINT('',(-0.0399492155983742,-0.00778203039798872,0.0429078385274563));
#7369=CARTESIAN_POINT('',(-0.039952132973876,-0.00754364620126175,0.0426805892188397));
#7370=CARTESIAN_POINT('',(-0.039957751375203,-0.00701327722075295,0.0422882868430635));
#7371=CARTESIAN_POINT('',(-0.0399643437175808,-0.00628622231554437,0.0418946130500492));
#7372=CARTESIAN_POINT('',(-0.0399700633579112,-0.00549484215109946,0.0416551994244765));
#7373=CARTESIAN_POINT('',(-0.0399740318395367,-0.0048428605959962,0.0415545394974536));
#7374=CARTESIAN_POINT('',(-0.0399757168004163,-0.0045136373206891,0.0415451338732498));
#7375=CARTESIAN_POINT('',(-0.0399765592808561,-0.00434902568303554,0.0415404310611478));
#7376=CARTESIAN_POINT('',(-0.0400275099277893,-0.00790149381913142,0.0430220343959971));
#7377=CARTESIAN_POINT('',(-0.040027277306613,-0.0077823000443413,0.0429084050475876));
#7378=CARTESIAN_POINT('',(-0.0400268120642604,-0.00754391249476104,0.0426811463507685));
#7379=CARTESIAN_POINT('',(-0.0400257461570567,-0.00701354399747917,0.0422888196215403));
#7380=CARTESIAN_POINT('',(-0.0400242457713334,-0.00628649854094672,0.0418951069565692));
#7381=CARTESIAN_POINT('',(-0.0400225612301794,-0.00549513692415692,0.0416556421351369));
#7382=CARTESIAN_POINT('',(-0.040021147159891,-0.00484317292685647,0.0415549348618321));
#7383=CARTESIAN_POINT('',(-0.0400204218542712,-0.00451395889598074,0.0415455030504937));
#7384=CARTESIAN_POINT('',(-0.0400200592014614,-0.00434935188054288,0.0415407871448244));
#7385=CARTESIAN_POINT('',(-0.0401241671216272,-0.00790136137182269,0.0430213332007331));
#7386=CARTESIAN_POINT('',(-0.0401226605811504,-0.00778216841538698,0.0429077126837542));
#7387=CARTESIAN_POINT('',(-0.0401196475001968,-0.00754378250251558,0.0426804716497965));
#7388=CARTESIAN_POINT('',(-0.0401145955595692,-0.0070134137693445,0.0422881793891904));
#7389=CARTESIAN_POINT('',(-0.040109771141181,-0.00628636370040262,0.0418945083596131));
#7390=CARTESIAN_POINT('',(-0.0401072766077657,-0.00549499302950008,0.041655082311397));
#7391=CARTESIAN_POINT('',(-0.0401066295237407,-0.0048430204612873,0.041554403945837));
#7392=CARTESIAN_POINT('',(-0.0401069066753613,-0.00451380191770507,0.0415449854602376));
#7393=CARTESIAN_POINT('',(-0.0401070452511715,-0.00434919264591396,0.0415402762174378));
#7394=CARTESIAN_POINT('',(-0.0403219198863063,-0.00790144351536824,0.0430172241568472));
#7395=CARTESIAN_POINT('',(-0.0403172130604457,-0.00778225005139085,0.0429036685234192));
#7396=CARTESIAN_POINT('',(-0.0403077994087244,-0.00754386312343605,0.0426765572565631));
#7397=CARTESIAN_POINT('',(-0.0402914421912811,-0.00701349453656334,0.042284486550913));
#7398=CARTESIAN_POINT('',(-0.0402748534120013,-0.006286447328229,0.0418910334869221));
#7399=CARTESIAN_POINT('',(-0.0402644523026858,-0.00549508227266952,0.0416517316635662));
#7400=CARTESIAN_POINT('',(-0.0402597934290899,-0.00484311502011979,0.0415510977205527));
#7401=CARTESIAN_POINT('',(-0.0402591179197604,-0.00451389927530929,0.0415416768057609));
#7402=CARTESIAN_POINT('',(-0.0402587801650957,-0.00434929140290404,0.041536966348365));
#7403=CARTESIAN_POINT('',(-0.0406946112772077,-0.00790138492398243,0.0429962402320674));
#7404=CARTESIAN_POINT('',(-0.0406842320313323,-0.00778219182202438,0.0428830086294449));
#7405=CARTESIAN_POINT('',(-0.0406634735395813,-0.00754380561810829,0.0426565454242));
#7406=CARTESIAN_POINT('',(-0.0406277137791609,-0.00701343692687971,0.0422655952475704));
#7407=CARTESIAN_POINT('',(-0.0405919531997611,-0.00628638767812089,0.0418732697743638));
#7408=CARTESIAN_POINT('',(-0.0405704278126701,-0.00549501861723386,0.0416346597015884));
#7409=CARTESIAN_POINT('',(-0.0405615809582393,-0.0048430475731139,0.0415343222264503));
#7410=CARTESIAN_POINT('',(-0.0405609252110251,-0.00451382983198818,0.0415249337551012));
#7411=CARTESIAN_POINT('',(-0.040560597337418,-0.00434922096142532,0.0415202395194267));
#7412=CARTESIAN_POINT('',(-0.0412321675207876,-0.0079014177441723,0.042930929548627));
#7413=CARTESIAN_POINT('',(-0.0412134092338121,-0.0077822244394295,0.042818709758322));
#7414=CARTESIAN_POINT('',(-0.0411758926598612,-0.0075438378299439,0.0425942701777122));
#7415=CARTESIAN_POINT('',(-0.0411111006763619,-0.00701346919720344,0.042206812468272));
#7416=CARTESIAN_POINT('',(-0.0410460381194548,-0.00628642109146863,0.0418179900181238));
#7417=CARTESIAN_POINT('',(-0.0410063909885571,-0.0054950542742859,0.0415815071602515));
#7418=CARTESIAN_POINT('',(-0.0409896491437163,-0.00484308535412194,0.0414820611008761));
#7419=CARTESIAN_POINT('',(-0.0409880238870188,-0.0045138687312882,0.0414727534298314));
#7420=CARTESIAN_POINT('',(-0.04098721125867,-0.00434926041987132,0.0414680995943091));
#7421=CARTESIAN_POINT('',(-0.0418621890376696,-0.00790140725850428,0.0427971151886533));
#7422=CARTESIAN_POINT('',(-0.0418336927753346,-0.0077822140185416,0.0426869672919138));
#7423=CARTESIAN_POINT('',(-0.0417767002506646,-0.00754382753861622,0.0424666714984349));
#7424=CARTESIAN_POINT('',(-0.04167831895484,-0.00701345888705578,0.0420863676499813));
#7425=CARTESIAN_POINT('',(-0.0415796023606036,-0.00628641041584265,0.0417047247914038));
#7426=CARTESIAN_POINT('',(-0.0415195828033887,-0.00549504288139542,0.0414726095991541));
#7427=CARTESIAN_POINT('',(-0.0414943617212566,-0.00484307328227129,0.0413750011911077));
#7428=CARTESIAN_POINT('',(-0.0414920166236522,-0.00451385630195909,0.0413658663204045));
#7429=CARTESIAN_POINT('',(-0.04149084407485,-0.00434924781180299,0.0413612988850529));
#7430=CARTESIAN_POINT('',(-0.0426964610059355,-0.00790141066976304,0.0425411349085785));
#7431=CARTESIAN_POINT('',(-0.0426550406057783,-0.00778221740876203,0.0424349508409558));
#7432=CARTESIAN_POINT('',(-0.0425721998054641,-0.00754383088676002,0.0422225827057105));
#7433=CARTESIAN_POINT('',(-0.0424291850729278,-0.0070134622419918,0.0418559645847923));
#7434=CARTESIAN_POINT('',(-0.0422856603319207,-0.006286413891158,0.0414880555465943));
#7435=CARTESIAN_POINT('',(-0.0421983569834357,-0.00549504659219459,0.0412642930762599));
#7436=CARTESIAN_POINT('',(-0.0421616338278739,-0.00484307721586173,0.041170196951125));
#7437=CARTESIAN_POINT('',(-0.0421581881099839,-0.00451386035283416,0.0411613906325719));
#7438=CARTESIAN_POINT('',(-0.0421564652510389,-0.00434925192132038,0.0411569874732954));
#7439=CARTESIAN_POINT('',(-0.0436766885058435,-0.00790140916745591,0.0420908217341523));
#7440=CARTESIAN_POINT('',(-0.0436200925614525,-0.00778221591544096,0.0419916103378179));
#7441=CARTESIAN_POINT('',(-0.0435069006726705,-0.00754382941141107,0.0417931875451491));
#7442=CARTESIAN_POINT('',(-0.0433114951664141,-0.00701346075850603,0.0414506433812345));
#7443=CARTESIAN_POINT('',(-0.0431154038846579,-0.00628641234328592,0.0411068925036561));
#7444=CARTESIAN_POINT('',(-0.0429961451483317,-0.00549504492417769,0.0408978220376172));
#7445=CARTESIAN_POINT('',(-0.0429459984493383,-0.00484307543506621,0.0408099032513985));
#7446=CARTESIAN_POINT('',(-0.0429413084316585,-0.00451385851279715,0.0408016742950431));
#7447=CARTESIAN_POINT('',(-0.0429389634228187,-0.00434925005166261,0.0407975598168653));
#7448=CARTESIAN_POINT('',(-0.0447510293220085,-0.00790140895508967,0.0413444031205997));
#7449=CARTESIAN_POINT('',(-0.0446777965882147,-0.00778221570561271,0.0412567506058153));
#7450=CARTESIAN_POINT('',(-0.044531331120627,-0.00754382920665878,0.0410814455762467));
#7451=CARTESIAN_POINT('',(-0.044278482368469,-0.00701346057597128,0.0407788120056012));
#7452=CARTESIAN_POINT('',(-0.0440247423487185,-0.00628641220329231,0.0404751149316182));
#7453=CARTESIAN_POINT('',(-0.0438704158401237,-0.00549504484185366,0.040290410007957));
#7454=CARTESIAN_POINT('',(-0.0438055172327866,-0.00484307540338555,0.0402127417529267));
#7455=CARTESIAN_POINT('',(-0.0437994421672315,-0.0045138585072098,0.0402054758126469));
#7456=CARTESIAN_POINT('',(-0.043796404634454,-0.00434925005912192,0.040201842842507));
#7457=CARTESIAN_POINT('',(-0.0456679219924431,-0.00790141160732324,0.0404304446176985));
#7458=CARTESIAN_POINT('',(-0.0455804923835746,-0.00778221833691106,0.040356941062421));
#7459=CARTESIAN_POINT('',(-0.0454056331658377,-0.0075438317960867,0.0402099339518662));
#7460=CARTESIAN_POINT('',(-0.0451037688399398,-0.00701346308629323,0.0399561458912433));
#7461=CARTESIAN_POINT('',(-0.0448008431031072,-0.00628641462071328,0.0397014562837637));
#7462=CARTESIAN_POINT('',(-0.0446166062001432,-0.00549504717277007,0.0395465397382301));
#7463=CARTESIAN_POINT('',(-0.0445391337433899,-0.00484307766706285,0.0394813815856026));
#7464=CARTESIAN_POINT('',(-0.0445318852764682,-0.00451386073760364,0.0394752726302062));
#7465=CARTESIAN_POINT('',(-0.0445282610430074,-0.00434925227287403,0.039472218152508));
#7466=CARTESIAN_POINT('',(-0.0464186119860196,-0.00790140121075507,0.0393566069248625));
#7467=CARTESIAN_POINT('',(-0.0463195560145262,-0.00778220802154576,0.0392997436336715));
#7468=CARTESIAN_POINT('',(-0.0461214440715394,-0.00754382164312717,0.0391860170512894));
#7469=CARTESIAN_POINT('',(-0.045779433785159,-0.00701345322754007,0.0389897051201357));
#7470=CARTESIAN_POINT('',(-0.0454362141581177,-0.00628640509102288,0.0387927314927966));
#7471=CARTESIAN_POINT('',(-0.0452274587296261,-0.00549503793142835,0.0386729849951651));
#7472=CARTESIAN_POINT('',(-0.0451396650493513,-0.00484306864403421,0.0386226778677956));
#7473=CARTESIAN_POINT('',(-0.045131441606547,-0.00451385182161555,0.0386180103822741));
#7474=CARTESIAN_POINT('',(-0.0451273298851449,-0.00434924341040622,0.0386156766395133));
#7475=CARTESIAN_POINT('',(-0.0468709284931478,-0.00790143365578773,0.0383787745167006));
#7476=CARTESIAN_POINT('',(-0.0467648753656921,-0.00778224021334818,0.0383370141992804));
#7477=CARTESIAN_POINT('',(-0.0465527691107809,-0.00754385332846908,0.03825349356444));
#7478=CARTESIAN_POINT('',(-0.0461866121113662,-0.0070134839981157,0.0381092560793314));
#7479=CARTESIAN_POINT('',(-0.0458191806036326,-0.00628643484214013,0.0379644237319564));
#7480=CARTESIAN_POINT('',(-0.0455957350428706,-0.00549506679347048,0.0378761807187039));
#7481=CARTESIAN_POINT('',(-0.0455017963756672,-0.00484309683439867,0.0378389304381723));
#7482=CARTESIAN_POINT('',(-0.0454930251199054,-0.00451387968291436,0.0378353244899468));
#7483=CARTESIAN_POINT('',(-0.0454886394920245,-0.00434927110717222,0.0378335215158341));
#7484=CARTESIAN_POINT('',(-0.0470959238090209,-0.00790137574759853,0.0376538665621238));
#7485=CARTESIAN_POINT('',(-0.0469863746563376,-0.00778218275710095,0.037623399580414));
#7486=CARTESIAN_POINT('',(-0.0467672763509712,-0.00754379677610578,0.0375624656169944));
#7487=CARTESIAN_POINT('',(-0.0463890271493478,-0.0070134290779622,0.0374573470772429));
#7488=CARTESIAN_POINT('',(-0.0460094255102946,-0.00628638174047906,0.037351979345175));
#7489=CARTESIAN_POINT('',(-0.0457785147874346,-0.00549501527712644,0.0372881114244456));
#7490=CARTESIAN_POINT('',(-0.0456813790692408,-0.00484304651552218,0.0372614519927391));
#7491=CARTESIAN_POINT('',(-0.0456722600278651,-0.00451382995065899,0.0372591234930817));
#7492=CARTESIAN_POINT('',(-0.0456677005071773,-0.00434922166822739,0.037257959243253));
#7493=CARTESIAN_POINT('',(-0.0471838857198664,-0.00790145693200158,0.0372878339741213));
#7494=CARTESIAN_POINT('',(-0.0470729914268625,-0.00778226330790634,0.0372629389113075));
#7495=CARTESIAN_POINT('',(-0.0468512028408548,-0.00754387605971587,0.0372131487856797));
#7496=CARTESIAN_POINT('',(-0.0464683395879512,-0.00701350607334169,0.0371270904175279));
#7497=CARTESIAN_POINT('',(-0.0460841572015499,-0.00628645618652512,0.037040558475016));
#7498=CARTESIAN_POINT('',(-0.0458505491677651,-0.00549508750078511,0.0369876240048439));
#7499=CARTESIAN_POINT('',(-0.045752360223704,-0.00484311706052311,0.0369650846687334));
#7500=CARTESIAN_POINT('',(-0.0457432107047116,-0.00451389967331474,0.0369627404385938));
#7501=CARTESIAN_POINT('',(-0.0457386359452155,-0.00434929097971056,0.036961568323524));
#7502=CARTESIAN_POINT('',(-0.0472232183666251,-0.0079013423939207,0.0370937400379874));
#7503=CARTESIAN_POINT('',(-0.047111691162214,-0.0077821496637292,0.0370719858000002));
#7504=CARTESIAN_POINT('',(-0.0468886367533919,-0.0075437642033462,0.0370284773240259));
#7505=CARTESIAN_POINT('',(-0.0465035455644731,-0.00701339744529169,0.0369535140271927));
#7506=CARTESIAN_POINT('',(-0.0461170574897904,-0.0062863511551637,0.0368785274769139));
#7507=CARTESIAN_POINT('',(-0.0458819219923295,-0.00549498560484015,0.0368333520638103));
#7508=CARTESIAN_POINT('',(-0.0457829763870583,-0.00484301753288132,0.0368147493883987));
#7509=CARTESIAN_POINT('',(-0.0457736599872026,-0.00451380130586307,0.0368133397873808));
#7510=CARTESIAN_POINT('',(-0.0457690017872748,-0.00434919319235395,0.0368126349868718));
#7511=CARTESIAN_POINT('',(-0.0472411514897959,-0.00790152714714463,0.0369990644741405));
#7512=CARTESIAN_POINT('',(-0.0471293850880248,-0.00778233297506067,0.0369785579069833));
#7513=CARTESIAN_POINT('',(-0.0469058522844825,-0.00754394463089276,0.036937544772669));
#7514=CARTESIAN_POINT('',(-0.0465200041101329,-0.00701357266546604,0.0368664846350799));
#7515=CARTESIAN_POINT('',(-0.0461328691470183,-0.0062865205737767,0.0367947516242669));
#7516=CARTESIAN_POINT('',(-0.0458975420705337,-0.00549514996593742,0.0367503659821586));
#7517=CARTESIAN_POINT('',(-0.0457987003290077,-0.00484317807383854,0.036731008499041));
#7518=CARTESIAN_POINT('',(-0.045789548606818,-0.00451395997540083,0.0367286149552169));
#7519=CARTESIAN_POINT('',(-0.0457849727457232,-0.00434935092618198,0.0367274181833048));
#7520=CARTESIAN_POINT('',(-0.0472546482990569,-0.00790114866527011,0.0369208595649952));
#7521=CARTESIAN_POINT('',(-0.0471425940557508,-0.00778195744701909,0.0369020112573959));
#7522=CARTESIAN_POINT('',(-0.0469184855691386,-0.00754357501051707,0.0368643146421974));
#7523=CARTESIAN_POINT('',(-0.0465315024613508,-0.00701321371281212,0.0367998088413512));
#7524=CARTESIAN_POINT('',(-0.0461429975655118,-0.00628617350608884,0.0367360121996678));
#7525=CARTESIAN_POINT('',(-0.0459064237710775,-0.00549481325897812,0.0366988892923138));
#7526=CARTESIAN_POINT('',(-0.0458066799505098,-0.00484284919274396,0.0366848125635137));
#7527=CARTESIAN_POINT('',(-0.0457971263617482,-0.00451363492805983,0.0366847842093616));
#7528=CARTESIAN_POINT('',(-0.0457923495673674,-0.00434902779571776,0.0366847700322855));
#7529=CARTESIAN_POINT('',(-0.0472613967036873,-0.00790095942433284,0.0368817571104226));
#7530=CARTESIAN_POINT('',(-0.0471491985396138,-0.0077817696829983,0.0368637379326022));
#7531=CARTESIAN_POINT('',(-0.0469248022114667,-0.00754339020032922,0.0368276995769615));
#7532=CARTESIAN_POINT('',(-0.0465372516369598,-0.00701303423648516,0.0367664709444868));
#7533=CARTESIAN_POINT('',(-0.0461480617747586,-0.00628599997224491,0.0367066424873683));
#7534=CARTESIAN_POINT('',(-0.0459108646213494,-0.00549464490549846,0.0366731509473914));
#7535=CARTESIAN_POINT('',(-0.0458106697612609,-0.00484268475219667,0.0366617145957501));
#7536=CARTESIAN_POINT('',(-0.0458009152392133,-0.00451347240438933,0.0366628688364339));
#7537=CARTESIAN_POINT('',(-0.0457960379781895,-0.00434886623048566,0.0366634459567758));
#7538=CARTESIAN_POINT('',(-0.0472293037888021,-0.00788477615465926,0.0369690941549348));
#7539=CARTESIAN_POINT('',(-0.0463078605069029,-0.00694930574724127,0.0368077020915099));
#7540=CARTESIAN_POINT('',(-0.0457869552650877,-0.0056722051291918,0.0367155513154828));
#7541=CARTESIAN_POINT('',(-0.0457868290414938,-0.00434925042683642,0.0367162560910313));
#7542=CARTESIAN_POINT('',(-0.0400080255355515,-0.00434925042683741,0.0415406186202545));
#7543=CARTESIAN_POINT('',(-0.0400067886964626,-0.00565824906380513,0.0415406157423189));
#7544=CARTESIAN_POINT('',(-0.0400042658223925,-0.00695918706493502,0.0420794779670241));
#7545=CARTESIAN_POINT('',(-0.0399999794012075,-0.0078847879347108,0.0430050720891968));
#7546=CARTESIAN_POINT('',(-0.0399849749329342,-0.00788475788069154,0.0430050268077094));
#7547=CARTESIAN_POINT('',(-0.0399943517272174,-0.00642029505587526,0.0415405734990247));
#7548=CARTESIAN_POINT('',(-0.0399999311696682,-0.00434922488510577,0.0415405941925458));
#7549=CARTESIAN_POINT('',(-0.0399899764111467,-0.00788477135480948,0.0430050453576265));
#7550=CARTESIAN_POINT('',(-0.0399980039175571,-0.00642030746532292,0.0415405896149336));
#7551=CARTESIAN_POINT('',(-0.0400026292855809,-0.00434923835922371,0.0415406041995526));
#7552=CARTESIAN_POINT('',(-0.0399949779021349,-0.00788478137282511,0.0430050604514543));
#7553=CARTESIAN_POINT('',(-0.0400016561224032,-0.00642031669176174,0.0415406025478483));
#7554=CARTESIAN_POINT('',(-0.0400053274083855,-0.00434924837723932,0.0415406123421247));
#7555=CARTESIAN_POINT('',(-0.0399999794012075,-0.00788478793472899,0.0430050720891785));
#7556=CARTESIAN_POINT('',(-0.0400053083353509,-0.00642032273517408,0.0415406122977447));
#7557=CARTESIAN_POINT('',(-0.0400080255355514,-0.00434925493914322,0.0415406186202545));
#7558=CARTESIAN_POINT('',(-0.0399999794012075,-0.0043492431590735,0.0415405943712325));
#7559=CARTESIAN_POINT('',(-0.0399999794012075,-0.00565823966892763,0.0415405943712325));
#7560=CARTESIAN_POINT('',(-0.0399994325289461,-0.00695917560766375,0.0420794592071146));
#7561=CARTESIAN_POINT('',(-0.0399984931751244,-0.00788477615465926,0.0430050588007977));
#7562=CARTESIAN_POINT('',(5.07429640406759E-6,-0.00434924315907349,0.0464999974251509));
#7563=CARTESIAN_POINT('',(-0.05470072487074,-1.7347234759768E-17,-0.00233110698442395));
#7564=CARTESIAN_POINT('',(-0.0523858120708048,-0.00434924315907349,-0.000708436391096514));
#7565=CARTESIAN_POINT('',(-0.0531574496707832,-0.00434924315907349,-0.00124932658887233));
#7566=CARTESIAN_POINT('',(-0.0539290872707616,-0.00434924315907349,-0.00179021678664814));
#7567=CARTESIAN_POINT('',(-0.05470072487074,-0.00434924315907349,-0.00233110698442395));
#7568=CARTESIAN_POINT('',(-0.0538281835860996,-0.00788477615465926,-0.000455012869320653));
#7569=CARTESIAN_POINT('',(-0.052911577383268,-0.00696164066960681,-0.000616059846150128));
#7570=CARTESIAN_POINT('',(-0.0523805808379217,-0.00566006490586858,-0.000709355514530692));
#7571=CARTESIAN_POINT('',(-0.0523858120708048,-0.00434924315907349,-0.000708436391096519));
#7572=CARTESIAN_POINT('',(-0.055566209719257,-0.00647056295642495,-0.00217940414681199));
#7573=CARTESIAN_POINT('',(-0.0550162066360047,-0.00591668166539349,-0.00227580910244775));
#7574=CARTESIAN_POINT('',(-0.0546975859063668,-0.00513573620715055,-0.00233165718446892));
#7575=CARTESIAN_POINT('',(-0.05470072487074,-0.0043492431590735,-0.00233110698442396));
#7576=CARTESIAN_POINT('',(-0.055566209719257,-0.00647056295642495,-0.00217940414681198));
#7577=CARTESIAN_POINT('',(-0.0549868676748712,-0.00694196735583639,-0.00160460705431487));
#7578=CARTESIAN_POINT('',(-0.0544075256304854,-0.00741337175524783,-0.00102980996181777));
#7579=CARTESIAN_POINT('',(-0.0538281835860996,-0.00788477615465926,-0.00045501286932066));
#7580=CARTESIAN_POINT('',(-0.0585964060687812,-0.00954695604168296,-0.00164826904313924));
#7581=CARTESIAN_POINT('',(-0.0598865774290383,-0.0140355329955858,0.00060690697701698));
#7582=CARTESIAN_POINT('',(-0.0604659194734242,-0.0135641285961744,3.21098845198705E-5));
#7583=CARTESIAN_POINT('',(-0.06104526151781,-0.0130927241967629,-0.000542687207977238));
#7584=CARTESIAN_POINT('',(-0.0616246035621958,-0.0126213197973515,-0.00111748430047435));
#7585=CARTESIAN_POINT('',(-0.063368773364471,-0.0155,0.00121872601816783));
#7586=CARTESIAN_POINT('',(-0.0620777264917131,-0.0155053113762823,0.000991890115071718));
#7587=CARTESIAN_POINT('',(-0.0607957861419546,-0.0149661805006341,0.00076665422078409));
#7588=CARTESIAN_POINT('',(-0.0598865774290383,-0.0140355329955858,0.000606906977016982));
#7589=CARTESIAN_POINT('',(-0.0637140706583818,-0.0135,-0.000751240930493452));
#7590=CARTESIAN_POINT('',(-0.062939387093677,-0.0135031868257694,-0.000887028050531941));
#7591=CARTESIAN_POINT('',(-0.0621701678338306,-0.0131797083003804,-0.00102185738308979));
#7592=CARTESIAN_POINT('',(-0.0616246035621958,-0.0126213197973515,-0.00111748430047435));
#7593=CARTESIAN_POINT('',(-0.0637140706583818,-0.0135,-0.000751240930493457));
#7594=CARTESIAN_POINT('',(-0.0635989715604116,-0.0141666666666667,-9.4585280939698E-5));
#7595=CARTESIAN_POINT('',(-0.0634838724624413,-0.0148333333333333,0.00056207036861406));
#7596=CARTESIAN_POINT('',(-0.063368773364471,-0.0155,0.00121872601816782));
#7597=CARTESIAN_POINT('',(-0.068,-0.0135,-5.20417042793042E-18));
#7598=CARTESIAN_POINT('',(-0.0719366335671668,-0.0155,0.00272050702246709));
#7599=CARTESIAN_POINT('',(-0.0720517326651371,-0.0148333333333333,0.00206385137291333));
#7600=CARTESIAN_POINT('',(-0.0721668317631074,-0.0141666666666667,0.00140719572335957));
#7601=CARTESIAN_POINT('',(-0.0722819308610776,-0.0135,0.000750540073805809));
#7602=CARTESIAN_POINT('',(-0.0754188295025995,-0.0140355329955858,0.00333232606361798));
#7603=CARTESIAN_POINT('',(-0.0745096207896832,-0.0149661805006341,0.00317257881985083));
#7604=CARTESIAN_POINT('',(-0.0732276804399246,-0.0155053113762823,0.00294734292556325));
#7605=CARTESIAN_POINT('',(-0.0719366335671668,-0.0155,0.00272050702246711));
#7606=CARTESIAN_POINT('',(-0.0743713979572637,-0.0126213197973515,0.00111678344378671));
#7607=CARTESIAN_POINT('',(-0.0738258336856288,-0.0131797083003804,0.00102115652640216));
#7608=CARTESIAN_POINT('',(-0.0730566144257824,-0.0135031868257694,0.000886327193844304));
#7609=CARTESIAN_POINT('',(-0.0722819308610776,-0.0135,0.000750540073805817));
#7610=CARTESIAN_POINT('',(-0.0743713979572636,-0.0126213197973515,0.00111678344378669));
#7611=CARTESIAN_POINT('',(-0.0747205418057089,-0.0130927241967629,0.00185529765039711));
#7612=CARTESIAN_POINT('',(-0.0750696856541542,-0.0135641285961744,0.00259381185700753));
#7613=CARTESIAN_POINT('',(-0.0754188295025995,-0.0140355329955858,0.00333232606361795));
#7614=CARTESIAN_POINT('',(-0.0774015946909485,-0.0095449263220761,0.00164791861479541));
#7615=CARTESIAN_POINT('',(-0.078863019520681,-0.00434924315907349,-0.0011402010074729));
#7616=CARTESIAN_POINT('',(-0.0826105575804305,-0.00626337731679262,0.00420679476560834));
#7617=CARTESIAN_POINT('',(-0.0804290846326682,-0.0051496640464957,0.00109469076233548));
#7618=CARTESIAN_POINT('',(-0.0812952766487194,-1.7347234759768E-17,0.00233040612773629));
#7619=CARTESIAN_POINT('',(-0.0788629162884475,-0.00434924315907349,-0.00113961554838365));
#7620=CARTESIAN_POINT('',(-0.0788629162884475,0.00434924315907345,-0.00113961554838365));
#7621=CARTESIAN_POINT('',(-0.0826105575804305,0.00626337731679259,0.00420679476560834));
#7622=CARTESIAN_POINT('',(-0.0804290846326682,0.00514966404649569,0.0010946907623355));
#7623=CARTESIAN_POINT('',(-0.0774015946909485,0.00954492632207606,0.00164791861479541));
#7624=CARTESIAN_POINT('',(-0.078863019520681,0.00434924315907345,-0.00114020100747293));
#7625=CARTESIAN_POINT('',(-0.0754188295025994,0.0140355329955857,0.00333232606361794));
#7626=CARTESIAN_POINT('',(-0.0750696856541542,0.0135641285961743,0.00259381185700752));
#7627=CARTESIAN_POINT('',(-0.0747205418057089,0.0130927241967629,0.0018552976503971));
#7628=CARTESIAN_POINT('',(-0.0743713979572636,0.0126213197973514,0.00111678344378668));
#7629=CARTESIAN_POINT('',(-0.0719366335671668,0.0155,0.00272050702246707));
#7630=CARTESIAN_POINT('',(-0.0732276804399247,0.0155053113762823,0.00294734292556321));
#7631=CARTESIAN_POINT('',(-0.0745096207896832,0.014966180500634,0.00317257881985081));
#7632=CARTESIAN_POINT('',(-0.0754188295025995,0.0140355329955858,0.00333232606361793));
#7633=CARTESIAN_POINT('',(-0.0722819308610776,0.0135,0.000750540073805785));
#7634=CARTESIAN_POINT('',(-0.0730566144257824,0.0135031868257694,0.000886327193844273));
#7635=CARTESIAN_POINT('',(-0.0738258336856288,0.0131797083003804,0.00102115652640213));
#7636=CARTESIAN_POINT('',(-0.0743713979572637,0.0126213197973514,0.00111678344378668));
#7637=CARTESIAN_POINT('',(-0.0722819308610776,0.0135,0.000750540073805798));
#7638=CARTESIAN_POINT('',(-0.0721668317631074,0.0141666666666667,0.00140719572335956));
#7639=CARTESIAN_POINT('',(-0.0720517326651371,0.0148333333333333,0.00206385137291331));
#7640=CARTESIAN_POINT('',(-0.0719366335671668,0.0155,0.00272050702246707));
#7641=CARTESIAN_POINT('',(-0.068,0.0135,-5.20417042793042E-18));
#7642=CARTESIAN_POINT('',(-0.063368773364471,0.0155,0.00121872601816782));
#7643=CARTESIAN_POINT('',(-0.0634838724624413,0.0148333333333333,0.000562070368614059));
#7644=CARTESIAN_POINT('',(-0.0635989715604115,0.0141666666666667,-9.45852809397018E-5));
#7645=CARTESIAN_POINT('',(-0.0637140706583818,0.0135,-0.000751240930493463));
#7646=CARTESIAN_POINT('',(-0.0598865774290383,0.0140355329955857,0.000606906977016975));
#7647=CARTESIAN_POINT('',(-0.0607957861419546,0.014966180500634,0.00076665422078408));
#7648=CARTESIAN_POINT('',(-0.0620777264917131,0.0155053113762823,0.000991890115071729));
#7649=CARTESIAN_POINT('',(-0.063368773364471,0.0155,0.00121872601816783));
#7650=CARTESIAN_POINT('',(-0.0616246035621958,0.0126213197973514,-0.00111748430047435));
#7651=CARTESIAN_POINT('',(-0.0621701678338306,0.0131797083003804,-0.0010218573830898));
#7652=CARTESIAN_POINT('',(-0.062939387093677,0.0135031868257694,-0.000887028050531951));
#7653=CARTESIAN_POINT('',(-0.0637140706583818,0.0135,-0.000751240930493464));
#7654=CARTESIAN_POINT('',(-0.0616246035621958,0.0126213197973514,-0.00111748430047435));
#7655=CARTESIAN_POINT('',(-0.06104526151781,0.0130927241967629,-0.000542687207977243));
#7656=CARTESIAN_POINT('',(-0.0604659194734242,0.0135641285961743,3.2109884519864E-5));
#7657=CARTESIAN_POINT('',(-0.0598865774290383,0.0140355329955858,0.000606906977016971));
#7658=CARTESIAN_POINT('',(-0.0585964060687812,0.00954695604168292,-0.00164826904313924));
#7659=CARTESIAN_POINT('',(-0.0538281835860995,0.00788477615465922,-0.000455012869320655));
#7660=CARTESIAN_POINT('',(-0.0544075256304854,0.00741337175524778,-0.00102980996181776));
#7661=CARTESIAN_POINT('',(-0.0549868676748712,0.00694196735583635,-0.00160460705431487));
#7662=CARTESIAN_POINT('',(-0.055566209719257,0.00647056295642491,-0.00217940414681198));
#7663=CARTESIAN_POINT('',(-0.0523858120708048,0.00434924315907345,-0.000708436391096513));
#7664=CARTESIAN_POINT('',(-0.0523805808379217,0.00566006490586854,-0.000709355514530688));
#7665=CARTESIAN_POINT('',(-0.052911577383268,0.00696164066960677,-0.000616059846150134));
#7666=CARTESIAN_POINT('',(-0.0538281835860996,0.00788477615465922,-0.000455012869320652));
#7667=CARTESIAN_POINT('',(-0.05470072487074,0.00434924315907345,-0.00233110698442396));
#7668=CARTESIAN_POINT('',(-0.0546975859063668,0.0051357362071505,-0.00233165718446892));
#7669=CARTESIAN_POINT('',(-0.0550162066360047,0.00591668166539344,-0.00227580910244775));
#7670=CARTESIAN_POINT('',(-0.055566209719257,0.00647056295642491,-0.00217940414681199));
#7671=CARTESIAN_POINT('',(-0.05470072487074,0.00434924315907345,-0.00233110698442395));
#7672=CARTESIAN_POINT('',(-0.0539290872707616,0.00434924315907345,-0.00179021678664813));
#7673=CARTESIAN_POINT('',(-0.0531574496707832,0.00434924315907345,-0.00124932658887232));
#7674=CARTESIAN_POINT('',(-0.0523858120708048,0.00434924315907345,-0.000708436391096514));
#7675=CARTESIAN_POINT('',(-0.05470072487074,-1.7347234759768E-17,-0.00233110698442395));
#7676=CARTESIAN_POINT('',(-0.00200202971856162,-1.12757025938492E-17,0.0415020317794867));
#7677=CARTESIAN_POINT('',(0.,-0.0043492431590735,0.043502030749547));
#7678=CARTESIAN_POINT('',(-0.000667343239520541,-0.0043492431590735,0.0428353644261936));
#7679=CARTESIAN_POINT('',(-0.00133468647904108,-0.0043492431590735,0.0421686981028401));
#7680=CARTESIAN_POINT('',(-0.00200202971856162,-0.0043492431590735,0.0415020317794867));
#7681=CARTESIAN_POINT('',(0.,-0.00647056295642495,0.0443807103122728));
#7682=CARTESIAN_POINT('',(0.,-0.00591668166539349,0.043822322179288));
#7683=CARTESIAN_POINT('',(0.,-0.00513573620715055,0.0434988439302196));
#7684=CARTESIAN_POINT('',(0.,-0.0043492431590735,0.043502030749547));
#7685=CARTESIAN_POINT('',(-0.00200143522812838,-0.00788477615465926,0.0429664971140385));
#7686=CARTESIAN_POINT('',(-0.00200181301818653,-0.00696164066960682,0.0420358506091345));
#7687=CARTESIAN_POINT('',(-0.00200203187467596,-0.00566006490586859,0.0414967204161291));
#7688=CARTESIAN_POINT('',(-0.00200202971856162,-0.0043492431590735,0.0415020317794867));
#7689=CARTESIAN_POINT('',(-0.00200143522812838,-0.00788477615465926,0.0429664971140385));
#7690=CARTESIAN_POINT('',(-0.00133429015208558,-0.00741337175524782,0.0434379015134499));
#7691=CARTESIAN_POINT('',(-0.000667145076042789,-0.00694196735583638,0.0439093059128613));
#7692=CARTESIAN_POINT('',(4.77048955893622E-18,-0.00647056295642495,0.0443807103122728));
#7693=CARTESIAN_POINT('',(-0.00200202971856162,-1.12757025938492E-17,0.0415020317794867));
#7694=CARTESIAN_POINT('',(-0.00200202971856162,0.00434924315907345,0.0415020317794867));
#7695=CARTESIAN_POINT('',(-0.00133468647904108,0.00434924315907345,0.0421686981028401));
#7696=CARTESIAN_POINT('',(-0.000667343239520538,0.00434924315907345,0.0428353644261936));
#7697=CARTESIAN_POINT('',(3.46944695195361E-18,0.00434924315907345,0.043502030749547));
#7698=CARTESIAN_POINT('',(-0.00200143522812838,-0.0109591395203104,0.0460408604796896));
#7699=CARTESIAN_POINT('',(4.77048955893622E-18,-0.0126213197973515,0.0505314671531993));
#7700=CARTESIAN_POINT('',(-0.000667145076042789,-0.0130927241967629,0.0500600627537879));
#7701=CARTESIAN_POINT('',(-0.00133429015208558,-0.0135641285961744,0.0495886583543764));
#7702=CARTESIAN_POINT('',(-0.00200143522812838,-0.0140355329955858,0.049117253954965));
#7703=CARTESIAN_POINT('',(0.,0.00434924315907345,0.043502030749547));
#7704=CARTESIAN_POINT('',(0.,0.0051357362071505,0.0434988439302195));
#7705=CARTESIAN_POINT('',(0.,0.00591668166539344,0.0438223221792881));
#7706=CARTESIAN_POINT('',(0.,0.00647056295642491,0.0443807103122728));
#7707=CARTESIAN_POINT('',(-0.00200202971856162,0.00434924315907345,0.0415020317794867));
#7708=CARTESIAN_POINT('',(-0.00200203187467596,0.00566006490586854,0.041496720416129));
#7709=CARTESIAN_POINT('',(-0.00200181301818653,0.00696164066960677,0.0420358506091346));
#7710=CARTESIAN_POINT('',(-0.00200143522812838,0.00788477615465922,0.0429664971140385));
#7711=CARTESIAN_POINT('',(4.77048955893622E-18,0.00647056295642491,0.0443807103122727));
#7712=CARTESIAN_POINT('',(-0.000667145076042789,0.00694196735583634,0.0439093059128613));
#7713=CARTESIAN_POINT('',(-0.00133429015208558,0.00741337175524778,0.0434379015134499));
#7714=CARTESIAN_POINT('',(-0.00200143522812838,0.00788477615465922,0.0429664971140384));
#7715=CARTESIAN_POINT('',(0.,-0.0135,0.0526527891353838));
#7716=CARTESIAN_POINT('',(0.,-0.0135031868257694,0.0518662951637654));
#7717=CARTESIAN_POINT('',(0.,-0.0131797083003804,0.0510853488028438));
#7718=CARTESIAN_POINT('',(0.,-0.0126213197973515,0.0505314671531993));
#7719=CARTESIAN_POINT('',(-0.002,-0.0155,0.0526527891353838));
#7720=CARTESIAN_POINT('',(-0.00200053212019691,-0.0155053113762823,0.0513419663893806));
#7721=CARTESIAN_POINT('',(-0.00200106048703295,-0.0149661805006341,0.0500403896573962));
#7722=CARTESIAN_POINT('',(-0.00200143522812838,-0.0140355329955858,0.049117253954965));
#7723=CARTESIAN_POINT('',(-0.002,-0.0155,0.0526527891353838));
#7724=CARTESIAN_POINT('',(-0.00133333333333333,-0.0148333333333333,0.0526527891353838));
#7725=CARTESIAN_POINT('',(-0.000666666666666666,-0.0141666666666667,0.0526527891353838));
#7726=CARTESIAN_POINT('',(1.30104260698261E-18,-0.0135,0.0526527891353838));
#7727=CARTESIAN_POINT('',(-0.00200143522812838,0.0109591395203104,0.0460408604796896));
#7728=CARTESIAN_POINT('',(-0.00200143522812838,0.0140355329955858,0.049117253954965));
#7729=CARTESIAN_POINT('',(-0.00133429015208558,0.0135641285961743,0.0495886583543764));
#7730=CARTESIAN_POINT('',(-0.000667145076042789,0.0130927241967629,0.0500600627537878));
#7731=CARTESIAN_POINT('',(4.77048955893622E-18,0.0126213197973514,0.0505314671531993));
#7732=CARTESIAN_POINT('',(-0.002,-0.0155,0.057));
#7733=CARTESIAN_POINT('',(1.30104260698261E-18,-0.0135,0.06135127030383));
#7734=CARTESIAN_POINT('',(-0.000666666666666666,-0.0141666666666667,0.06135127030383));
#7735=CARTESIAN_POINT('',(-0.00133333333333333,-0.0148333333333333,0.06135127030383));
#7736=CARTESIAN_POINT('',(-0.002,-0.0155,0.06135127030383));
#7737=CARTESIAN_POINT('',(0.,0.0126213197973514,0.0505314671531993));
#7738=CARTESIAN_POINT('',(0.,0.0131797083003804,0.0510853488028438));
#7739=CARTESIAN_POINT('',(0.,0.0135031868257694,0.0518662951637654));
#7740=CARTESIAN_POINT('',(0.,0.0135,0.0526527891353838));
#7741=CARTESIAN_POINT('',(-0.00200143522812838,0.0140355329955857,0.049117253954965));
#7742=CARTESIAN_POINT('',(-0.00200106048703295,0.014966180500634,0.0500403896573962));
#7743=CARTESIAN_POINT('',(-0.00200053212019691,0.0155053113762823,0.0513419663893806));
#7744=CARTESIAN_POINT('',(-0.002,0.0155,0.0526527891353838));
#7745=CARTESIAN_POINT('',(1.30104260698261E-18,0.0135,0.0526527891353838));
#7746=CARTESIAN_POINT('',(-0.000666666666666666,0.0141666666666667,0.0526527891353838));
#7747=CARTESIAN_POINT('',(-0.00133333333333333,0.0148333333333333,0.0526527891353838));
#7748=CARTESIAN_POINT('',(-0.002,0.0155,0.0526527891353838));
#7749=CARTESIAN_POINT('',(0.,-0.0126213197973515,0.0634725922860144));
#7750=CARTESIAN_POINT('',(0.,-0.0131797083003804,0.0629187106363699));
#7751=CARTESIAN_POINT('',(0.,-0.0135031868257694,0.0621377642754483));
#7752=CARTESIAN_POINT('',(0.,-0.0135,0.06135127030383));
#7753=CARTESIAN_POINT('',(-0.00199856477187162,-0.0140355329955858,0.0648868054842488));
#7754=CARTESIAN_POINT('',(-0.00199893951296706,-0.0149661805006341,0.0639636697818175));
#7755=CARTESIAN_POINT('',(-0.00199946787980309,-0.0155053113762823,0.0626620930498332));
#7756=CARTESIAN_POINT('',(-0.002,-0.0155,0.06135127030383));
#7757=CARTESIAN_POINT('',(-0.00199856477187162,-0.0140355329955858,0.0648868054842488));
#7758=CARTESIAN_POINT('',(-0.00133237651458108,-0.0135641285961743,0.0644154010848374));
#7759=CARTESIAN_POINT('',(-0.000666188257290542,-0.0130927241967629,0.063943996685426));
#7760=CARTESIAN_POINT('',(-8.67361737988404E-19,-0.0126213197973515,0.0634725922860145));
#7761=CARTESIAN_POINT('',(-0.002,0.0155,0.057));
#7762=CARTESIAN_POINT('',(-0.002,0.0155,0.0613512703038299));
#7763=CARTESIAN_POINT('',(-0.00133333333333333,0.0148333333333333,0.0613512703038299));
#7764=CARTESIAN_POINT('',(-0.000666666666666666,0.0141666666666667,0.0613512703038299));
#7765=CARTESIAN_POINT('',(1.30104260698261E-18,0.0135,0.0613512703038299));
#7766=CARTESIAN_POINT('',(-0.00199856477187162,-0.0109611692399173,0.0679611692399173));
#7767=CARTESIAN_POINT('',(6.07153216591882E-18,-0.00647056295642494,0.069623349126941));
#7768=CARTESIAN_POINT('',(-0.000666188257290536,-0.00694196735583638,0.0700947535263525));
#7769=CARTESIAN_POINT('',(-0.00133237651458108,-0.00741337175524781,0.0705661579257639));
#7770=CARTESIAN_POINT('',(-0.00199856477187162,-0.00788477615465925,0.0710375623251753));
#7771=CARTESIAN_POINT('',(0.,0.0135,0.06135127030383));
#7772=CARTESIAN_POINT('',(0.,0.0135031868257694,0.0621377642754483));
#7773=CARTESIAN_POINT('',(0.,0.0131797083003804,0.0629187106363699));
#7774=CARTESIAN_POINT('',(0.,0.0126213197973514,0.0634725922860144));
#7775=CARTESIAN_POINT('',(-0.002,0.0155,0.06135127030383));
#7776=CARTESIAN_POINT('',(-0.00199946787980309,0.0155053113762823,0.0626620930498331));
#7777=CARTESIAN_POINT('',(-0.00199893951296705,0.014966180500634,0.0639636697818175));
#7778=CARTESIAN_POINT('',(-0.00199856477187162,0.0140355329955858,0.0648868054842487));
#7779=CARTESIAN_POINT('',(5.63785129692462E-18,0.0126213197973514,0.0634725922860145));
#7780=CARTESIAN_POINT('',(-0.000666188257290538,0.0130927241967629,0.0639439966854259));
#7781=CARTESIAN_POINT('',(-0.00133237651458108,0.0135641285961743,0.0644154010848373));
#7782=CARTESIAN_POINT('',(-0.00199856477187162,0.0140355329955857,0.0648868054842488));
#7783=CARTESIAN_POINT('',(0.,-0.00434924315907349,0.0705020286896667));
#7784=CARTESIAN_POINT('',(0.,-0.00513573620715054,0.0705052155089941));
#7785=CARTESIAN_POINT('',(0.,-0.00591668166539348,0.0701817372599256));
#7786=CARTESIAN_POINT('',(0.,-0.00647056295642494,0.069623349126941));
#7787=CARTESIAN_POINT('',(-0.00199797028143838,-0.00434924315907349,0.0725020276597271));
#7788=CARTESIAN_POINT('',(-0.00199796812532404,-0.00566006490586858,0.0725073390230847));
#7789=CARTESIAN_POINT('',(-0.00199818698181347,-0.00696164066960681,0.0719682088300791));
#7790=CARTESIAN_POINT('',(-0.00199856477187162,-0.00788477615465925,0.0710375623251753));
#7791=CARTESIAN_POINT('',(-0.00199797028143837,-0.00434924315907349,0.0725020276597271));
#7792=CARTESIAN_POINT('',(-0.00133198018762558,-0.00434924315907349,0.0718353613363737));
#7793=CARTESIAN_POINT('',(-0.000665990093812792,-0.00434924315907349,0.0711686950130202));
#7794=CARTESIAN_POINT('',(-8.67361737988404E-19,-0.00434924315907349,0.0705020286896667));
#7795=CARTESIAN_POINT('',(-0.00199856477187162,0.0109611692399172,0.0679611692399173));
#7796=CARTESIAN_POINT('',(-0.00199856477187162,0.00788477615465921,0.0710375623251753));
#7797=CARTESIAN_POINT('',(-0.00133237651458108,0.00741337175524777,0.0705661579257639));
#7798=CARTESIAN_POINT('',(-0.000666188257290539,0.00694196735583634,0.0700947535263524));
#7799=CARTESIAN_POINT('',(2.16840434497101E-18,0.0064705629564249,0.069623349126941));
#7800=CARTESIAN_POINT('',(-0.00199797028143838,-2.42861286636753E-17,0.0725020276597271));
#7801=CARTESIAN_POINT('',(6.07153216591882E-18,0.00434924315907344,0.0705020286896667));
#7802=CARTESIAN_POINT('',(-0.000665990093812788,0.00434924315907344,0.0711686950130202));
#7803=CARTESIAN_POINT('',(-0.00133198018762558,0.00434924315907344,0.0718353613363737));
#7804=CARTESIAN_POINT('',(-0.00199797028143838,0.00434924315907344,0.0725020276597271));
#7805=CARTESIAN_POINT('',(0.,0.00647056295642491,0.069623349126941));
#7806=CARTESIAN_POINT('',(0.,0.00591668166539344,0.0701817372599256));
#7807=CARTESIAN_POINT('',(0.,0.0051357362071505,0.0705052155089941));
#7808=CARTESIAN_POINT('',(0.,0.00434924315907345,0.0705020286896667));
#7809=CARTESIAN_POINT('',(-0.00199856477187162,0.00788477615465921,0.0710375623251753));
#7810=CARTESIAN_POINT('',(-0.00199818698181347,0.00696164066960677,0.0719682088300791));
#7811=CARTESIAN_POINT('',(-0.00199796812532404,0.00566006490586853,0.0725073390230846));
#7812=CARTESIAN_POINT('',(-0.00199797028143838,0.00434924315907344,0.0725020276597271));
#7813=CARTESIAN_POINT('',(-0.061933914371671,0.0125,0.0617977425982877));
#7814=CARTESIAN_POINT('',(-0.0718826371918588,-0.00434924266861624,0.0534497729491831));
#7815=CARTESIAN_POINT('',(-0.0702883913793098,-0.00519766406408006,0.0547875040224989));
#7816=CARTESIAN_POINT('',(-0.0678348319698749,-0.00624550249906675,0.0568462848180273));
#7817=CARTESIAN_POINT('',(-0.0644919015597409,-0.00698746708163477,0.0596513364922221));
#7818=CARTESIAN_POINT('',(-0.06192111875837,-0.00718255284633734,0.0618084793926892));
#7819=CARTESIAN_POINT('',(-0.0593397015310737,-0.00698242844163155,0.0639745456360282));
#7820=CARTESIAN_POINT('',(-0.0560042629506066,-0.00623404227876933,0.0667733109187126));
#7821=CARTESIAN_POINT('',(-0.0535765070965858,-0.00519610464232939,0.0688104399604101));
#7822=CARTESIAN_POINT('',(-0.0519851915514832,-0.00434924266861622,0.0701457122473923));
#7823=CARTESIAN_POINT('',(-0.0718826371918588,-0.00434924266861624,0.0534497729491831));
#7824=CARTESIAN_POINT('',(-0.0519851915514832,-0.0043492426686162,0.0701457122473923));
#7825=CARTESIAN_POINT('',(-0.0519851915514832,0.00434924266861616,0.0701457122473923));
#7826=CARTESIAN_POINT('',(-0.0519851915514832,0.00434924266861617,0.0701457122473923));
#7827=CARTESIAN_POINT('',(-0.0519851915514832,0.00434924266861617,0.0701457122473923));
#7828=CARTESIAN_POINT('',(-0.0535794935033117,0.00519769394012888,0.0688079340676278));
#7829=CARTESIAN_POINT('',(-0.0560329522548825,0.00624547733508784,0.066749237734076));
#7830=CARTESIAN_POINT('',(-0.0593760651985585,0.00698752291574489,0.0639440328960535));
#7831=CARTESIAN_POINT('',(-0.0619476681023396,0.00718255848225383,0.0617862018479562));
#7832=CARTESIAN_POINT('',(-0.0645284661547842,0.00698234629549065,0.0596206551540071));
#7833=CARTESIAN_POINT('',(-0.0678636528079873,0.00623400682515796,0.0568221012633968));
#7834=CARTESIAN_POINT('',(-0.0702913140502324,0.00519610868502749,0.0547850516104057));
#7835=CARTESIAN_POINT('',(-0.0718826371918693,0.00434924266861062,0.0534497729491743));
#7836=CARTESIAN_POINT('',(-0.0718826371918693,0.00434924266861061,0.0534497729491744));
#7837=CARTESIAN_POINT('',(-0.0718826371918588,-0.00434924266861623,0.0534497729491831));
#7838=CARTESIAN_POINT('',(-0.0686686991434339,-0.00434924266861624,0.0496195507335721));
#7839=CARTESIAN_POINT('',(-0.068668699143434,-0.00434924266861621,0.0496195507335721));
#7840=CARTESIAN_POINT('',(-0.0686686991434363,-0.00434924266861624,0.0496195507335749));
#7841=CARTESIAN_POINT('',(-0.0519851915514832,-0.00434924266861622,0.0701457122473923));
#7842=CARTESIAN_POINT('',(-0.0513142665920487,-0.00649761568220008,0.0707086851334014));
#7843=CARTESIAN_POINT('',(-0.0497423001381752,-0.0078847762430653,0.0697150592363226));
#7844=CARTESIAN_POINT('',(-0.0535765070963339,-0.0051961046431271,0.0688104399606214));
#7845=CARTESIAN_POINT('',(-0.0529933039099055,-0.00731779308026031,0.0692998055391887));
#7846=CARTESIAN_POINT('',(-0.0515360364581395,-0.00873163820128088,0.0683219678711893));
#7847=CARTESIAN_POINT('',(-0.0560042629505998,-0.00623404227862348,0.0667733109187184));
#7848=CARTESIAN_POINT('',(-0.0555776530720056,-0.00832845989292579,0.0671312791105193));
#7849=CARTESIAN_POINT('',(-0.0542904759046366,-0.00976957581520029,0.0661618604494399));
#7850=CARTESIAN_POINT('',(-0.0593397015311774,-0.00698242844161098,0.0639745456359412));
#7851=CARTESIAN_POINT('',(-0.0591525544754445,-0.00905718182524629,0.0641315806613782));
#7852=CARTESIAN_POINT('',(-0.0580726139587915,-0.010517961960654,0.063104605054699));
#7853=CARTESIAN_POINT('',(-0.0619211187579603,-0.00718255284653805,0.0618084793930331));
#7854=CARTESIAN_POINT('',(-0.0619201896364499,-0.00925172049886087,0.0618092590185566));
#7855=CARTESIAN_POINT('',(-0.060983387914018,-0.0107180863607893,0.0606941167938325));
#7856=CARTESIAN_POINT('',(-0.064491901561311,-0.00698746708085258,0.0596513364909042));
#7857=CARTESIAN_POINT('',(-0.0646764315791789,-0.00906208676991159,0.0594964974209471));
#7858=CARTESIAN_POINT('',(-0.0638512435444662,-0.0105230005997673,0.0582565633632724));
#7859=CARTESIAN_POINT('',(-0.0678348319615804,-0.00624550250322359,0.0568462848249874));
#7860=CARTESIAN_POINT('',(-0.0682596095633281,-0.00833958830951414,0.0564898540961506));
#7861=CARTESIAN_POINT('',(-0.0675280240973389,-0.00978103603958646,0.0550559465569615));
#7862=CARTESIAN_POINT('',(-0.070288391416148,-0.00519766404562042,0.0547875039915881));
#7863=CARTESIAN_POINT('',(-0.0708714491416048,-0.00731929549636065,0.0542982604686574));
#7864=CARTESIAN_POINT('',(-0.0701614947485379,-0.00873319760357517,0.0526935589837703));
#7865=CARTESIAN_POINT('',(-0.0718826371918589,-0.00434924266861624,0.0534497729491832));
#7866=CARTESIAN_POINT('',(-0.0725535621512934,-0.00649761568220014,0.0528868000631741));
#7867=CARTESIAN_POINT('',(-0.0718480007743251,-0.00788477624306537,0.051166173985614));
#7868=CARTESIAN_POINT('',(-0.0487712535030505,-0.0043492426686162,0.0663154900317975));
#7869=CARTESIAN_POINT('',(-0.0686686991434262,0.,0.0496195507335882));
#7870=CARTESIAN_POINT('',(-0.0686686991434262,0.00434924266861617,0.0496195507335882));
#7871=CARTESIAN_POINT('',(-0.0487712535030505,-0.0043492426686162,0.0663154900317975));
#7872=CARTESIAN_POINT('',(-0.0487712535030505,-0.0043492426686162,0.0663154900317975));
#7873=CARTESIAN_POINT('',(-0.0686686991434338,0.00434924266861617,0.0496195507335726));
#7874=CARTESIAN_POINT('',(-0.0686686991434337,0.00434924266861617,0.0496195507335726));
#7875=CARTESIAN_POINT('',(-0.0487712535030505,0.,0.0663154900317974));
#7876=CARTESIAN_POINT('',(-0.0487712535030505,0.00434924266861616,0.0663154900317974));
#7877=CARTESIAN_POINT('',(-0.0718826371918588,0.00434924266861619,0.0534497729491832));
#7878=CARTESIAN_POINT('',(-0.0725535621512933,0.00649761568220006,0.0528868000631741));
#7879=CARTESIAN_POINT('',(-0.0718480007743251,0.00788477624306527,0.0511661739856139));
#7880=CARTESIAN_POINT('',(-0.0702913140505041,0.00519610868605296,0.0547850516101778));
#7881=CARTESIAN_POINT('',(-0.0708745168596444,0.00731779697538041,0.0542956863479732));
#7882=CARTESIAN_POINT('',(-0.0701645865178239,0.00873164224411352,0.052690758921421));
#7883=CARTESIAN_POINT('',(-0.0678636528079158,0.00623400682492856,0.0568221012634569));
#7884=CARTESIAN_POINT('',(-0.068290266720864,0.00832842582557499,0.0564641296864818));
#7885=CARTESIAN_POINT('',(-0.0675590938583631,0.00976954036152714,0.0550281630349264));
#7886=CARTESIAN_POINT('',(-0.0645284661547877,0.00698234629553832,0.0596206551540041));
#7887=CARTESIAN_POINT('',(-0.06471563672976,0.00905710202448583,0.0594636003935705));
#7888=CARTESIAN_POINT('',(-0.0638918029930072,0.0105178798145792,0.0582217127146939));
#7889=CARTESIAN_POINT('',(-0.0619476681023348,0.00718255848222994,0.0617862018479604));
#7890=CARTESIAN_POINT('',(-0.0619486661733093,0.00925172598329478,0.061785364366978));
#7891=CARTESIAN_POINT('',(-0.061013187887687,0.0107180919964825,0.0606691125582575));
#7892=CARTESIAN_POINT('',(-0.0593760651985389,0.00698752291579272,0.0639440328960698));
#7893=CARTESIAN_POINT('',(-0.0591915439190815,0.00906214090147672,0.0640988646335971));
#7894=CARTESIAN_POINT('',(-0.0581137509182153,0.0105230564347044,0.0630709000342395));
#7895=CARTESIAN_POINT('',(-0.056032952254965,0.00624547733484405,0.0667492377340068));
#7896=CARTESIAN_POINT('',(-0.0556081712351065,0.00833956373458863,0.0671056713311509));
#7897=CARTESIAN_POINT('',(-0.0543230830828021,0.00978101087121552,0.0661362038257809));
#7898=CARTESIAN_POINT('',(-0.0535794935029324,0.00519769394119696,0.0688079340679461));
#7899=CARTESIAN_POINT('',(-0.0529964385650695,0.00731932429929903,0.0692971752510422));
#7900=CARTESIAN_POINT('',(-0.0515394027454807,0.00873322749911614,0.0683193534699763));
#7901=CARTESIAN_POINT('',(-0.0519851915514832,0.00434924266861616,0.0701457122473924));
#7902=CARTESIAN_POINT('',(-0.0513142665920487,0.00649761568220005,0.0707086851334015));
#7903=CARTESIAN_POINT('',(-0.0497423001381753,0.00788477624306527,0.0697150592363227));
#7904=CARTESIAN_POINT('',(-0.0487712535030505,0.0043492426686162,0.0663154900317974));
#7905=CARTESIAN_POINT('',(-0.0487712535030505,0.00434924266861616,0.0663154900317975));
#7906=CARTESIAN_POINT('',(-0.0330080561005792,-0.0025,0.0284954730916653));
#7907=CARTESIAN_POINT('',(-0.0288724653420089,-0.0025,0.0426778795670956));
#7908=CARTESIAN_POINT('',(-0.0330080561005792,0.0025,0.0284954730916653));
#7909=CARTESIAN_POINT('',(-0.0382836150793996,0.0025,0.034789125164585));
#7910=CARTESIAN_POINT('',(-0.0379003788622526,-0.0025,0.0331530896932419));
#7911=CARTESIAN_POINT('',(-0.0379003788622526,0.001,0.0331530896932419));
#7912=CARTESIAN_POINT('',(-0.0478918912523186,-0.001,0.0247778550455861));
#7913=CARTESIAN_POINT('',(-0.0780394800087176,0.000129599770772474,0.0280050982078224));
#7914=CARTESIAN_POINT('',(-0.0787780858234768,0.000129599770772474,0.0281353343410726));
#7915=CARTESIAN_POINT('',(-0.0787780858234768,0.000259199541544948,0.0281353343410726));
#7916=CARTESIAN_POINT('',(-0.0787780858234768,7.41877226415554E-19,0.0281353343410726));
#7917=CARTESIAN_POINT('',(-0.0780394800087176,7.41877226415554E-19,0.0280050982078224));
#7918=CARTESIAN_POINT('',(-0.0780394800087176,7.41877226415554E-19,0.0280050982078224));
#7919=CARTESIAN_POINT('',(-0.0780394800087176,0.000129599770772474,0.0280050982078224));
#7920=CARTESIAN_POINT('',(-0.0780394800087176,0.000259199541544948,0.0280050982078224));
#7921=CARTESIAN_POINT('',(-0.0780394800087176,0.000259199541544948,0.0280050982078224));
#7922=CARTESIAN_POINT('',(-0.0781523513242009,-7.35889893994494E-17,0.0273649731683655));
#7923=CARTESIAN_POINT('',(-0.0788909571389601,-7.35889893994494E-17,0.0274952093016157));
#7924=CARTESIAN_POINT('',(-0.0790027536377793,8.94885344643982E-5,0.0268611798503656));
#7925=CARTESIAN_POINT('',(-0.0782641478230201,8.94885344643982E-5,0.0267309437171154));
#7926=CARTESIAN_POINT('',(-0.0782641478230201,8.94885344643982E-5,0.0267309437171154));
#7927=CARTESIAN_POINT('',(-0.0781523513242009,-7.35889893994494E-17,0.0273649731683655));
#7928=CARTESIAN_POINT('',(-0.0782641478230201,0.000174344038004675,0.0267309437171154));
#7929=CARTESIAN_POINT('',(-0.0790027536377793,0.000174344038004675,0.0268611798503656));
#7930=CARTESIAN_POINT('',(-0.0790027536377793,0.000259199541544948,0.0268611798503655));
#7931=CARTESIAN_POINT('',(-0.0782641478230201,0.00025919954154495,0.0267309437171154));
#7932=CARTESIAN_POINT('',(-0.0782641478230201,0.00025919954154495,0.0267309437171154));
#7933=CARTESIAN_POINT('',(-0.0782641478230201,0.000174344038004675,0.0267309437171154));
#7934=CARTESIAN_POINT('',(-0.0784419252955153,0.000129599770772477,0.0257227175694156));
#7935=CARTESIAN_POINT('',(-0.0787080254927353,-0.000612580247163184,0.0242135883587254));
#7936=CARTESIAN_POINT('',(-0.0787080254927353,-0.000612580247163184,0.0242135883587254));
#7937=CARTESIAN_POINT('',(-0.0784419252955153,0.000129599770772477,0.0257227175694156));
#7938=CARTESIAN_POINT('',(-0.0783954587729348,0.000259199541544953,0.0259862423141474));
#7939=CARTESIAN_POINT('',(-0.0783954587729348,0.000259199541544953,0.0259862423141474));
#7940=CARTESIAN_POINT('',(-0.0787080254927353,-0.00136258024716319,0.0242135883587254));
#7941=CARTESIAN_POINT('',(-0.0787080254927353,-0.00211258024716319,0.0242135883587254));
#7942=CARTESIAN_POINT('',(-0.0787080254927353,-0.00211258024716319,0.0242135883587254));
#7943=CARTESIAN_POINT('',(-0.0787080254927353,-0.00136258024716319,0.0242135883587254));
#7944=CARTESIAN_POINT('',(-0.07851267129286,-0.0015677178792206,0.0253214970808641));
#7945=CARTESIAN_POINT('',(-0.0783173170929847,-0.00102285551127801,0.0264294058030029));
#7946=CARTESIAN_POINT('',(-0.0783173170929847,-0.00102285551127801,0.0264294058030029));
#7947=CARTESIAN_POINT('',(-0.07851267129286,-0.0015677178792206,0.0253214970808641));
#7948=CARTESIAN_POINT('',(-0.0781250328019865,-0.000740800458455045,0.0275199042067392));
#7949=CARTESIAN_POINT('',(-0.0779266086932341,-0.000740800458455047,0.0286452232472803));
#7950=CARTESIAN_POINT('',(-0.0779266086932341,-0.000740800458455047,0.0286452232472803));
#7951=CARTESIAN_POINT('',(-0.0781250328019865,-0.000740800458455045,0.0275199042067392));
#7952=CARTESIAN_POINT('',(-0.0779266086932341,0.000884199541544951,0.0286452232472803));
#7953=CARTESIAN_POINT('',(-0.0779266086932341,0.00150919954154495,0.0286452232472804));
#7954=CARTESIAN_POINT('',(-0.0779266086932341,0.00150919954154495,0.0286452232472804));
#7955=CARTESIAN_POINT('',(-0.0779266086932341,0.000884199541544951,0.0286452232472803));
#7956=CARTESIAN_POINT('',(-0.0783173170929847,0.00150919954154495,0.0264294058030029));
#7957=CARTESIAN_POINT('',(-0.0787080254927353,0.00150919954154495,0.0242135883587254));
#7958=CARTESIAN_POINT('',(-0.0787080254927353,0.00150919954154495,0.0242135883587254));
#7959=CARTESIAN_POINT('',(-0.0783173170929847,0.00150919954154495,0.0264294058030029));
#7960=CARTESIAN_POINT('',(-0.0787080254927353,0.000884199541544951,0.0242135883587254));
#7961=CARTESIAN_POINT('',(-0.0787080254927353,0.000259199541544954,0.0242135883587255));
#7962=CARTESIAN_POINT('',(-0.0787080254927353,0.000259199541544954,0.0242135883587255));
#7963=CARTESIAN_POINT('',(-0.0787080254927353,0.000884199541544951,0.0242135883587254));
#7964=CARTESIAN_POINT('',(-0.078551742132835,0.000259199541544954,0.0250999153364364));
#7965=CARTESIAN_POINT('',(-0.078551742132835,0.000259199541544954,0.0250999153364364));
#7966=CARTESIAN_POINT('',(-0.0781518139158689,0.000259199541544948,0.0273680209624689));
#7967=CARTESIAN_POINT('',(-0.078890419730628,0.000259199541544948,0.0274982570957191));
#7968=CARTESIAN_POINT('',(-0.0781518139158689,0.000259199541544948,0.0273680209624689));
#7969=CARTESIAN_POINT('',(-0.0788818499883813,-1.90819582357449E-17,0.023227780656764));
#7970=CARTESIAN_POINT('',(-0.0763213167454478,-2.42861286636753E-17,0.042068364148297));
#7971=CARTESIAN_POINT('',(-0.0713964779304915,-0.00434924315907349,0.041204660568388));
#7972=CARTESIAN_POINT('',(-0.0713972779803868,0.00434924315907345,0.0412001232599624));
#7973=CARTESIAN_POINT('',(-0.0507108678062588,-0.0043492431590735,0.0375844969810143));
#7974=CARTESIAN_POINT('',(-0.0388639768334678,0.001,0.0343026456726835));
#7975=CARTESIAN_POINT('',(-0.0382836150793996,-0.001,0.034789125164585));
#7976=MECHANICAL_DESIGN_GEOMETRIC_PRESENTATION_REPRESENTATION('',(#3105,
#2758,#2759,#2760,#2761,#2762,#2763,#2764,#2765,#2766,#2767,#2768,#2769,
#2770,#2771,#2772,#2773,#2774,#2775,#2776,#2777,#2778,#2779,#2780,#2781,
#2782,#2783,#2784,#2785,#2786,#2787,#2788,#2789,#2790,#2791,#2792,#2793,
#2794,#2795,#2796,#2797,#2798,#2799,#2800,#2801,#2802,#2803,#2804,#2805,
#2806,#2807,#2808,#2809,#2810,#2811,#2812,#2813,#2814,#2815,#2816,#2817,
#2818,#2819,#2820,#2821,#2822,#2823,#2824,#2825,#2826,#2827,#2828,#2829,
#2830,#2831,#2832,#2833,#2834,#2835,#2836,#2837,#2838,#2839,#2840,#2841,
#2842,#2843,#2844,#2845,#2846,#2847,#2848,#2849,#2850,#2851,#2852,#2853,
#2854,#2855,#2856,#2857,#2858,#2859,#2860,#2861,#2862,#2863,#2864,#2865,
#2866,#2867,#2868,#2869,#2870,#2871,#2872,#2873,#2874,#2875,#2876,#2877,
#2878,#2879,#2880,#2881,#2882,#2883,#2884,#2885,#2886,#2887,#2888,#2889,
#2890,#2891,#2892,#2893,#2894,#2895,#2896,#2897,#2898,#2899,#2900,#2901,
#2902,#2903,#2904,#2905,#2906,#2907,#2908,#2909,#2910,#2911,#2912,#2913,
#2914,#2915,#2916,#2917,#2918,#2919,#2920,#2921,#2922,#2923,#2924,#2925,
#2926,#2927,#2928,#2929,#2930),#7977);
#7977=(
GEOMETRIC_REPRESENTATION_CONTEXT(3)
GLOBAL_UNCERTAINTY_ASSIGNED_CONTEXT((#7978))
GLOBAL_UNIT_ASSIGNED_CONTEXT((#7981,#7980,#7979))
REPRESENTATION_CONTEXT('[R} Ang 2 connector (7/8")',
'TOP_LEVEL_ASSEMBLY_PART')
);
#7978=UNCERTAINTY_MEASURE_WITH_UNIT(LENGTH_MEASURE(5.E-6),#7981,
'DISTANCE_ACCURACY_VALUE','Maximum Tolerance applied to model');
#7979=(
NAMED_UNIT(*)
SI_UNIT($,.STERADIAN.)
SOLID_ANGLE_UNIT()
);
#7980=(
NAMED_UNIT(*)
PLANE_ANGLE_UNIT()
SI_UNIT($,.RADIAN.)
);
#7981=(
LENGTH_UNIT()
NAMED_UNIT(*)
SI_UNIT($,.METRE.)
);
#7982=PRODUCT_DEFINITION_SHAPE('','',#7983);
#7983=PRODUCT_DEFINITION('','',#7985,#7984);
#7984=PRODUCT_DEFINITION_CONTEXT('',#7991,'design');
#7985=PRODUCT_DEFINITION_FORMATION_WITH_SPECIFIED_SOURCE('','',#7987,
 .NOT_KNOWN.);
#7986=PRODUCT_RELATED_PRODUCT_CATEGORY('','',(#7987));
#7987=PRODUCT('[R} Ang 2 connector (7/8")','[R} Ang 2 connector (7/8")',
'[R} Ang 2 connector (7/8")',(#7989));
#7988=PRODUCT_CATEGORY('','');
#7989=PRODUCT_CONTEXT('',#7991,'mechanical');
#7990=APPLICATION_PROTOCOL_DEFINITION('international standard',
'ap242_managed_model_based_3d_engineering',2011,#7991);
#7991=APPLICATION_CONTEXT('managed model based 3d engineering');
ENDSEC;
END-ISO-10303-21;
