ISO-10303-21;
HEADER;
/* Generated by software containing ST-Developer
 * from STEP Tools, Inc. (www.steptools.com) 
 */
/* OPTION: using custom renumber hook */

FILE_DESCRIPTION(
/* description */ ('STEP AP242',
'CAx-IF Rec.Pracs.---Representation and Presentation of Product Manufa
cturing Information (PMI)---4.0---2014-10-13',
'CAx-IF Rec.Pracs.---3D Tessellated Geometry---0.4---2014-09-14','2;1'),

/* implementation_level */ '2;1');

FILE_NAME(
/* name */ '642469f81269fe207307e7bb',
/* time_stamp */ '2023-03-29T16:40:25+00:00',
/* author */ (''),
/* organization */ (''),
/* preprocessor_version */ 'ST-DEVELOPER v18.102',
/* originating_system */ '  ',
/* authorisation */ '  ');

FILE_SCHEMA (('AP242_MANAGED_MODEL_BASED_3D_ENGINEERING_MIM_LF { 1 0 10303 442 1 1 4 }'));
ENDSEC;

DATA;
#10=SHAPE_REPRESENTATION_RELATIONSHIP('','',#3890,#11);
#11=ADVANCED_BREP_SHAPE_REPRESENTATION('',(#3888),#7037);
#12=SPHERICAL_SURFACE('',#4234,0.0015);
#13=(
BOUNDED_SURFACE()
B_SPLINE_SURFACE(3,2,((#6752,#6753,#6754),(#6755,#6756,#6757),(#6758,#6759,
#6760),(#6761,#6762,#6763),(#6764,#6765,#6766)),.UNSPECIFIED.,.F.,.F.,.F.)
B_SPLINE_SURFACE_WITH_KNOTS((4,1,4),(3,3),(4.7712965763649,5.16399565806363,
5.55669473976235),(0.,1.),.UNSPECIFIED.)
GEOMETRIC_REPRESENTATION_ITEM()
RATIONAL_B_SPLINE_SURFACE(((1.,0.726529897413908,1.),(1.,0.769064178967484,
1.),(1.,0.845622579082726,1.),(1.,0.901622716934077,1.),(1.,0.923879532511286,
1.)))
REPRESENTATION_ITEM('')
SURFACE()
);
#14=(
BOUNDED_SURFACE()
B_SPLINE_SURFACE(3,2,((#6770,#6771,#6772),(#6773,#6774,#6775),(#6776,#6777,
#6778),(#6779,#6780,#6781),(#6782,#6783,#6784)),.UNSPECIFIED.,.F.,.F.,.F.)
B_SPLINE_SURFACE_WITH_KNOTS((4,1,4),(3,3),(5.55669473976235,5.94939382146108,
6.3420929031598),(0.,1.),.UNSPECIFIED.)
GEOMETRIC_REPRESENTATION_ITEM()
RATIONAL_B_SPLINE_SURFACE(((1.,0.923879532511288,1.),(1.,0.946136348087982,
1.),(1.,0.979162878217684,1.),(1.,0.987827271004602,1.),(1.,0.985978857868534,
1.)))
REPRESENTATION_ITEM('')
SURFACE()
);
#15=(
BOUNDED_SURFACE()
B_SPLINE_SURFACE(3,2,((#6788,#6789,#6790),(#6791,#6792,#6793),(#6794,#6795,
#6796),(#6797,#6798,#6799)),.UNSPECIFIED.,.F.,.F.,.F.)
B_SPLINE_SURFACE_WITH_KNOTS((4,4),(3,3),(0.0589075959802061,0.198681507866928),
(0.,1.),.PIECEWISE_BEZIER_KNOTS.)
GEOMETRIC_REPRESENTATION_ITEM()
RATIONAL_B_SPLINE_SURFACE(((1.,0.985978857868534,1.),(1.,0.985320949697081,
1.),(1.,0.983882411071186,1.),(1.,0.981667047529345,1.)))
REPRESENTATION_ITEM('')
SURFACE()
);
#16=(
BOUNDED_SURFACE()
B_SPLINE_SURFACE(3,2,((#6802,#6803,#6804),(#6805,#6806,#6807),(#6808,#6809,
#6810),(#6811,#6812,#6813)),.UNSPECIFIED.,.F.,.F.,.F.)
B_SPLINE_SURFACE_WITH_KNOTS((4,4),(3,3),(3.0170065368514,3.14159265358979),
(0.,1.),.PIECEWISE_BEZIER_KNOTS.)
GEOMETRIC_REPRESENTATION_ITEM()
RATIONAL_B_SPLINE_SURFACE(((1.,0.765605075226438,1.),(1.,0.765897692124337,
1.),(1.,0.766044443118813,1.),(1.,0.766044443118978,1.)))
REPRESENTATION_ITEM('')
SURFACE()
);
#17=(
BOUNDED_SURFACE()
B_SPLINE_SURFACE(3,2,((#6815,#6816,#6817),(#6818,#6819,#6820),(#6821,#6822,
#6823),(#6824,#6825,#6826),(#6827,#6828,#6829)),.UNSPECIFIED.,.F.,.F.,.F.)
B_SPLINE_SURFACE_WITH_KNOTS((4,1,4),(3,3),(0.,0.00220187934153935,0.0044037586830787),
(0.,1.),.UNSPECIFIED.)
GEOMETRIC_REPRESENTATION_ITEM()
RATIONAL_B_SPLINE_SURFACE(((1.,0.869456025716794,1.),(1.,0.846503949750403,
1.),(1.,0.798398463454038,1.),(1.,0.769412661402378,1.),(1.,0.765605075226438,
1.)))
REPRESENTATION_ITEM('')
SURFACE()
);
#18=(
BOUNDED_SURFACE()
B_SPLINE_SURFACE(3,2,((#6833,#6834,#6835),(#6836,#6837,#6838),(#6839,#6840,
#6841),(#6842,#6843,#6844)),.UNSPECIFIED.,.F.,.F.,.F.)
B_SPLINE_SURFACE_WITH_KNOTS((4,4),(3,3),(2.36495271657608,2.52812820329131),
(0.,1.),.PIECEWISE_BEZIER_KNOTS.)
GEOMETRIC_REPRESENTATION_ITEM()
RATIONAL_B_SPLINE_SURFACE(((1.,0.869456025716794,1.),(1.,0.877323039419268,
1.),(1.,0.884429269406304,1.),(1.,0.890736798620521,1.)))
REPRESENTATION_ITEM('')
SURFACE()
);
#19=(
BOUNDED_SURFACE()
B_SPLINE_SURFACE(3,2,((#6846,#6847,#6848),(#6849,#6850,#6851),(#6852,#6853,
#6854),(#6855,#6856,#6857)),.UNSPECIFIED.,.F.,.F.,.F.)
B_SPLINE_SURFACE_WITH_KNOTS((4,4),(3,3),(3.92699081698724,4.71238898038469),
(0.,1.),.PIECEWISE_BEZIER_KNOTS.)
GEOMETRIC_REPRESENTATION_ITEM()
RATIONAL_B_SPLINE_SURFACE(((1.,0.7492622384616,1.),(1.,0.738536430307366,
1.),(1.,0.723179667257738,1.),(1.,0.707106781186548,1.)))
REPRESENTATION_ITEM('')
SURFACE()
);
#20=(
BOUNDED_SURFACE()
B_SPLINE_SURFACE(3,2,((#6859,#6860,#6861),(#6862,#6863,#6864),(#6865,#6866,
#6867),(#6868,#6869,#6870)),.UNSPECIFIED.,.F.,.F.,.F.)
B_SPLINE_SURFACE_WITH_KNOTS((4,4),(3,3),(6.08443493879069,6.22427771119938),
(0.,1.),.PIECEWISE_BEZIER_KNOTS.)
GEOMETRIC_REPRESENTATION_ITEM()
RATIONAL_B_SPLINE_SURFACE(((1.,0.981663772724426,1.),(1.,0.983880993131683,
1.),(1.,0.985320625574348,1.),(1.,0.985978857868533,1.)))
REPRESENTATION_ITEM('')
SURFACE()
);
#21=(
BOUNDED_SURFACE()
B_SPLINE_SURFACE(3,2,((#6880,#6881,#6882),(#6883,#6884,#6885),(#6886,#6887,
#6888),(#6889,#6890,#6891),(#6892,#6893,#6894)),.UNSPECIFIED.,.F.,.F.,.F.)
B_SPLINE_SURFACE_WITH_KNOTS((4,1,4),(3,3),(6.22427771119937,6.61697679289809,
7.00967587459682),(0.,1.),.UNSPECIFIED.)
GEOMETRIC_REPRESENTATION_ITEM()
RATIONAL_B_SPLINE_SURFACE(((1.,0.985978857868533,1.),(1.,0.987827271004746,
1.),(1.,0.979162878215657,1.),(1.,0.946136348091895,1.),(1.,0.923879532511287,
1.)))
REPRESENTATION_ITEM('')
SURFACE()
);
#22=(
BOUNDED_SURFACE()
B_SPLINE_SURFACE(3,2,((#6905,#6906,#6907),(#6908,#6909,#6910),(#6911,#6912,
#6913),(#6914,#6915,#6916)),.UNSPECIFIED.,.F.,.F.,.F.)
B_SPLINE_SURFACE_WITH_KNOTS((4,4),(3,3),(3.31352636668875,4.09892453008621),
(0.,1.),.PIECEWISE_BEZIER_KNOTS.)
GEOMETRIC_REPRESENTATION_ITEM()
RATIONAL_B_SPLINE_SURFACE(((1.,0.923879532511287,1.),(1.,0.915180949289807,
1.),(1.,0.886279156727615,1.),(1.,0.840587863095386,1.)))
REPRESENTATION_ITEM('')
SURFACE()
);
#23=(
BOUNDED_SURFACE()
B_SPLINE_SURFACE(3,2,((#6920,#6921,#6922),(#6923,#6924,#6925),(#6926,#6927,
#6928),(#6929,#6930,#6931)),.UNSPECIFIED.,.F.,.F.,.F.)
B_SPLINE_SURFACE_WITH_KNOTS((4,4),(3,3),(2.52812820329131,3.31352636668876),
(0.,1.),.PIECEWISE_BEZIER_KNOTS.)
GEOMETRIC_REPRESENTATION_ITEM()
RATIONAL_B_SPLINE_SURFACE(((1.,0.89073679862052,1.),(1.,0.921096272097978,
1.),(1.,0.932578115731232,1.),(1.,0.923879532511287,1.)))
REPRESENTATION_ITEM('')
SURFACE()
);
#24=(
BOUNDED_SURFACE()
B_SPLINE_SURFACE(3,2,((#6935,#6936,#6937),(#6938,#6939,#6940),(#6941,#6942,
#6943),(#6944,#6945,#6946)),.UNSPECIFIED.,.F.,.F.,.F.)
B_SPLINE_SURFACE_WITH_KNOTS((4,4),(3,3),(3.75505710388827,3.91823259060351),
(0.,1.),.PIECEWISE_BEZIER_KNOTS.)
GEOMETRIC_REPRESENTATION_ITEM()
RATIONAL_B_SPLINE_SURFACE(((1.,0.890736798620521,1.),(1.,0.884429269405893,
1.),(1.,0.877323039419147,1.),(1.,0.869456025716794,1.)))
REPRESENTATION_ITEM('')
SURFACE()
);
#25=(
BOUNDED_SURFACE()
B_SPLINE_SURFACE(3,2,((#6948,#6949,#6950),(#6951,#6952,#6953),(#6954,#6955,
#6956),(#6957,#6958,#6959),(#6960,#6961,#6962)),.UNSPECIFIED.,.F.,.F.,.F.)
B_SPLINE_SURFACE_WITH_KNOTS((4,1,4),(3,3),(0.,0.00219415833506907,0.00438831667013814),
(0.,1.),.UNSPECIFIED.)
GEOMETRIC_REPRESENTATION_ITEM()
RATIONAL_B_SPLINE_SURFACE(((1.,0.765605075226438,1.),(1.,0.769405256341969,
1.),(1.,0.798371212308555,1.),(1.,0.846528469017786,1.),(1.,0.869456025716793,
1.)))
REPRESENTATION_ITEM('')
SURFACE()
);
#26=(
BOUNDED_SURFACE()
B_SPLINE_SURFACE(3,2,((#6964,#6965,#6966),(#6967,#6968,#6969),(#6970,#6971,
#6972),(#6973,#6974,#6975)),.UNSPECIFIED.,.F.,.F.,.F.)
B_SPLINE_SURFACE_WITH_KNOTS((4,4),(3,3),(3.14159265358979,3.26617877032818),
(0.,1.),.PIECEWISE_BEZIER_KNOTS.)
GEOMETRIC_REPRESENTATION_ITEM()
RATIONAL_B_SPLINE_SURFACE(((1.,0.766044443118978,1.),(1.,0.766044443118768,
1.),(1.,0.765897692124322,1.),(1.,0.765605075226438,1.)))
REPRESENTATION_ITEM('')
SURFACE()
);
#27=CONICAL_SURFACE('',#3904,0.005,0.785398163397449);
#28=CONICAL_SURFACE('',#3907,0.005,0.785398163397448);
#29=CONICAL_SURFACE('',#3910,0.005,0.785398163397449);
#30=CONICAL_SURFACE('',#3913,0.005,0.785398163397448);
#31=CONICAL_SURFACE('',#3916,0.002,0.785398163397449);
#32=CONICAL_SURFACE('',#3921,0.002,0.785398163397449);
#33=CONICAL_SURFACE('',#3927,0.005,0.785398163397449);
#34=CONICAL_SURFACE('',#3930,0.005,0.785398163397449);
#35=CONICAL_SURFACE('',#3938,0.005,0.785398163397449);
#36=CONICAL_SURFACE('',#3941,0.005,0.785398163397449);
#37=CONICAL_SURFACE('',#3948,0.005,0.785398163397449);
#38=CONICAL_SURFACE('',#3951,0.005,0.785398163397449);
#39=CONICAL_SURFACE('',#3954,0.002,0.785398163397448);
#40=CONICAL_SURFACE('',#3958,0.002,0.785398163397448);
#41=CONICAL_SURFACE('',#4147,0.002,0.785398163397448);
#42=CONICAL_SURFACE('',#4149,0.005,0.785398163397449);
#43=CONICAL_SURFACE('',#4150,0.005,0.785398163397449);
#44=CONICAL_SURFACE('',#4151,0.002,0.785398163397448);
#45=CYLINDRICAL_SURFACE('',#3898,0.01145);
#46=CYLINDRICAL_SURFACE('',#4002,0.009925);
#47=CYLINDRICAL_SURFACE('',#4024,0.003);
#48=CYLINDRICAL_SURFACE('',#4026,0.002);
#49=CYLINDRICAL_SURFACE('',#4028,0.003);
#50=CYLINDRICAL_SURFACE('',#4093,0.002);
#51=CYLINDRICAL_SURFACE('',#4110,0.009925);
#52=CYLINDRICAL_SURFACE('',#4116,0.003);
#53=CYLINDRICAL_SURFACE('',#4118,0.002);
#54=CYLINDRICAL_SURFACE('',#4120,0.002);
#55=CYLINDRICAL_SURFACE('',#4145,0.002);
#56=CYLINDRICAL_SURFACE('',#4157,0.002);
#57=CYLINDRICAL_SURFACE('',#4164,0.005);
#58=CYLINDRICAL_SURFACE('',#4165,0.005);
#59=CYLINDRICAL_SURFACE('',#4166,0.005);
#60=CYLINDRICAL_SURFACE('',#4167,0.005);
#61=CYLINDRICAL_SURFACE('',#4168,0.005);
#62=CYLINDRICAL_SURFACE('',#4169,0.005);
#63=CYLINDRICAL_SURFACE('',#4170,0.005);
#64=CYLINDRICAL_SURFACE('',#4171,0.005);
#65=CYLINDRICAL_SURFACE('',#4173,0.005);
#66=CYLINDRICAL_SURFACE('',#4175,0.005);
#67=CYLINDRICAL_SURFACE('',#4177,0.005);
#68=CYLINDRICAL_SURFACE('',#4179,0.005);
#69=CYLINDRICAL_SURFACE('',#4181,0.005);
#70=CYLINDRICAL_SURFACE('',#4183,0.005);
#71=CYLINDRICAL_SURFACE('',#4184,0.005);
#72=CYLINDRICAL_SURFACE('',#4185,0.005);
#73=CYLINDRICAL_SURFACE('',#4186,0.005);
#74=CYLINDRICAL_SURFACE('',#4187,0.005);
#75=CYLINDRICAL_SURFACE('',#4188,0.005);
#76=CYLINDRICAL_SURFACE('',#4189,0.005);
#77=CYLINDRICAL_SURFACE('',#4190,0.005);
#78=CYLINDRICAL_SURFACE('',#4192,0.005);
#79=CYLINDRICAL_SURFACE('',#4194,0.005);
#80=CYLINDRICAL_SURFACE('',#4196,0.005);
#81=CYLINDRICAL_SURFACE('',#4198,0.005);
#82=CYLINDRICAL_SURFACE('',#4200,0.005);
#83=CYLINDRICAL_SURFACE('',#4202,0.005);
#84=CYLINDRICAL_SURFACE('',#4203,0.005);
#85=CYLINDRICAL_SURFACE('',#4204,0.005);
#86=CYLINDRICAL_SURFACE('',#4205,0.005);
#87=CYLINDRICAL_SURFACE('',#4206,0.005);
#88=CYLINDRICAL_SURFACE('',#4207,0.005);
#89=CYLINDRICAL_SURFACE('',#4208,0.005);
#90=CYLINDRICAL_SURFACE('',#4209,0.005);
#91=CYLINDRICAL_SURFACE('',#4210,0.005);
#92=CYLINDRICAL_SURFACE('',#4211,0.0015);
#93=CYLINDRICAL_SURFACE('',#4214,0.0015);
#94=CYLINDRICAL_SURFACE('',#4217,0.0015);
#95=CYLINDRICAL_SURFACE('',#4219,0.0015);
#96=CYLINDRICAL_SURFACE('',#4223,0.0015);
#97=CYLINDRICAL_SURFACE('',#4228,0.0015);
#98=CYLINDRICAL_SURFACE('',#4230,0.0015);
#99=CYLINDRICAL_SURFACE('',#4232,0.0015);
#100=CYLINDRICAL_SURFACE('',#4237,0.0015);
#101=CYLINDRICAL_SURFACE('',#4238,0.0015);
#102=CYLINDRICAL_SURFACE('',#4239,0.0015);
#103=CYLINDRICAL_SURFACE('',#4240,0.0015);
#104=CYLINDRICAL_SURFACE('',#4241,0.0015);
#105=CYLINDRICAL_SURFACE('',#4242,0.0015);
#106=CYLINDRICAL_SURFACE('',#4243,0.0015);
#107=CYLINDRICAL_SURFACE('',#4244,0.0015);
#108=CYLINDRICAL_SURFACE('',#4247,0.0015);
#109=CYLINDRICAL_SURFACE('',#4250,0.0015);
#110=CYLINDRICAL_SURFACE('',#4255,0.0015);
#111=CYLINDRICAL_SURFACE('',#4262,0.00114267890062733);
#112=CYLINDRICAL_SURFACE('',#4267,0.00065);
#113=CIRCLE('',#3895,0.003);
#114=CIRCLE('',#3900,0.01145);
#115=CIRCLE('',#3903,0.01145);
#116=CIRCLE('',#3905,0.005);
#117=CIRCLE('',#3906,0.007);
#118=CIRCLE('',#3908,0.005);
#119=CIRCLE('',#3909,0.007);
#120=CIRCLE('',#3911,0.005);
#121=CIRCLE('',#3912,0.007);
#122=CIRCLE('',#3914,0.005);
#123=CIRCLE('',#3915,0.007);
#124=CIRCLE('',#3917,0.002);
#125=CIRCLE('',#3918,0.004);
#126=CIRCLE('',#3919,0.004);
#127=CIRCLE('',#3922,0.002);
#128=CIRCLE('',#3923,0.004);
#129=CIRCLE('',#3924,0.004);
#130=CIRCLE('',#3928,0.005);
#131=CIRCLE('',#3929,0.007);
#132=CIRCLE('',#3931,0.005);
#133=CIRCLE('',#3932,0.007);
#134=CIRCLE('',#3939,0.005);
#135=CIRCLE('',#3940,0.007);
#136=CIRCLE('',#3942,0.005);
#137=CIRCLE('',#3943,0.007);
#138=CIRCLE('',#3949,0.005);
#139=CIRCLE('',#3950,0.007);
#140=CIRCLE('',#3952,0.005);
#141=CIRCLE('',#3953,0.007);
#142=CIRCLE('',#3955,0.002);
#143=CIRCLE('',#3956,0.004);
#144=CIRCLE('',#3957,0.004);
#145=CIRCLE('',#3959,0.002);
#146=CIRCLE('',#3960,0.004);
#147=CIRCLE('',#3961,0.004);
#148=CIRCLE('',#3963,0.003);
#149=CIRCLE('',#3969,0.009925);
#150=CIRCLE('',#3981,0.00114267890062733);
#151=CIRCLE('',#4001,0.009925);
#152=CIRCLE('',#4003,0.009925);
#153=CIRCLE('',#4005,0.007);
#154=CIRCLE('',#4007,0.003);
#155=CIRCLE('',#4009,0.007);
#156=CIRCLE('',#4091,0.004);
#157=CIRCLE('',#4092,0.005);
#158=CIRCLE('',#4094,0.002);
#159=CIRCLE('',#4112,0.009925);
#160=CIRCLE('',#4143,0.004);
#161=CIRCLE('',#4144,0.005);
#162=CIRCLE('',#4148,0.002);
#163=CIRCLE('',#4153,0.0015);
#164=CIRCLE('',#4155,0.0015);
#165=CIRCLE('',#4212,0.0015);
#166=CIRCLE('',#4213,0.0015);
#167=CIRCLE('',#4215,0.0015);
#168=CIRCLE('',#4216,0.0015);
#169=CIRCLE('',#4218,0.0015);
#170=CIRCLE('',#4220,0.0015);
#171=CIRCLE('',#4221,0.0015);
#172=CIRCLE('',#4222,0.0015);
#173=CIRCLE('',#4224,0.0015);
#174=CIRCLE('',#4225,0.0015);
#175=CIRCLE('',#4226,0.0015);
#176=CIRCLE('',#4227,0.0015);
#177=CIRCLE('',#4229,0.0015);
#178=CIRCLE('',#4231,0.0015);
#179=CIRCLE('',#4233,0.0015);
#180=CIRCLE('',#4235,0.0015);
#181=CIRCLE('',#4236,0.0015);
#182=CIRCLE('',#4245,0.0015);
#183=CIRCLE('',#4246,0.0015);
#184=CIRCLE('',#4248,0.0015);
#185=CIRCLE('',#4249,0.0015);
#186=CIRCLE('',#4251,0.0015);
#187=CIRCLE('',#4252,0.0015);
#188=CIRCLE('',#4253,0.0015);
#189=CIRCLE('',#4254,0.0015);
#190=CIRCLE('',#4263,0.00114267890062733);
#191=CIRCLE('',#4268,0.00065);
#192=CIRCLE('',#4269,0.00065);
#193=ELLIPSE('',#3893,0.00429625600496171,0.0015);
#194=ELLIPSE('',#3894,0.00429625600496171,0.0015);
#195=ELLIPSE('',#3897,0.00660027297725734,0.0065);
#196=ELLIPSE('',#3899,0.0353052676730022,0.01145);
#197=ELLIPSE('',#3901,0.0353052676730022,0.01145);
#198=ELLIPSE('',#3902,0.024964594183186,0.01145);
#199=ELLIPSE('',#3945,0.00707106781186549,0.005);
#200=ELLIPSE('',#3947,0.00707106781186549,0.005);
#201=ELLIPSE('',#3971,0.0200422916920973,0.0065);
#202=ELLIPSE('',#3972,0.0200422916920973,0.0065);
#203=ELLIPSE('',#3974,0.00216380933990504,0.0015);
#204=ELLIPSE('',#3976,0.00660027297725734,0.0065);
#205=ELLIPSE('',#3977,0.00660027297725734,0.0065);
#206=ELLIPSE('',#3978,0.00185244126012666,0.0015);
#207=ELLIPSE('',#3979,0.00185244126012666,0.0015);
#208=ELLIPSE('',#3982,0.00933419555980198,0.0065);
#209=ELLIPSE('',#3983,0.00933419555980198,0.0065);
#210=ELLIPSE('',#3985,0.00507713305942872,0.005);
#211=ELLIPSE('',#3987,0.00161101526070078,0.0015);
#212=ELLIPSE('',#3989,0.00812754814261921,0.005);
#213=ELLIPSE('',#3990,0.00329192857142688,0.0015);
#214=ELLIPSE('',#3991,0.00707106781186548,0.005);
#215=ELLIPSE('',#3993,0.00610387294380728,0.005);
#216=ELLIPSE('',#3994,0.00610387294380728,0.005);
#217=ELLIPSE('',#3996,0.00329192857142688,0.0015);
#218=ELLIPSE('',#3997,0.00812754814261921,0.005);
#219=ELLIPSE('',#3999,0.0109015695123083,0.005);
#220=ELLIPSE('',#4011,0.0200422916920973,0.0065);
#221=ELLIPSE('',#4012,0.0200422916920973,0.0065);
#222=ELLIPSE('',#4013,0.0200422916920973,0.0065);
#223=ELLIPSE('',#4015,0.0109015695123083,0.005);
#224=ELLIPSE('',#4017,0.00216380933990504,0.0015);
#225=ELLIPSE('',#4031,0.00707106781186549,0.005);
#226=ELLIPSE('',#4033,0.00707106781186547,0.005);
#227=ELLIPSE('',#4034,0.00707106781186547,0.005);
#228=ELLIPSE('',#4036,0.00707106781186549,0.005);
#229=ELLIPSE('',#4037,0.00707106781186549,0.005);
#230=ELLIPSE('',#4039,0.00707106781186549,0.005);
#231=ELLIPSE('',#4041,0.00707106781186547,0.005);
#232=ELLIPSE('',#4042,0.00707106781186547,0.005);
#233=ELLIPSE('',#4044,0.00707106781186547,0.005);
#234=ELLIPSE('',#4045,0.00707106781186547,0.005);
#235=ELLIPSE('',#4047,0.00707106781186547,0.005);
#236=ELLIPSE('',#4048,0.00707106781186547,0.005);
#237=ELLIPSE('',#4050,0.00707106781186547,0.005);
#238=ELLIPSE('',#4051,0.00707106781186547,0.005);
#239=ELLIPSE('',#4053,0.00707106781186548,0.005);
#240=ELLIPSE('',#4054,0.00707106781186548,0.005);
#241=ELLIPSE('',#4056,0.00707106781186548,0.005);
#242=ELLIPSE('',#4057,0.00224294058388475,0.0015);
#243=ELLIPSE('',#4059,0.00707106781186548,0.005);
#244=ELLIPSE('',#4060,0.00707106781186548,0.005);
#245=ELLIPSE('',#4062,0.00707106781186548,0.005);
#246=ELLIPSE('',#4063,0.00707106781186548,0.005);
#247=ELLIPSE('',#4065,0.00707106781186548,0.005);
#248=ELLIPSE('',#4066,0.00707106781186548,0.005);
#249=ELLIPSE('',#4068,0.00707106781186548,0.005);
#250=ELLIPSE('',#4070,0.00707106781186548,0.005);
#251=ELLIPSE('',#4071,0.00707106781186548,0.005);
#252=ELLIPSE('',#4073,0.00707106781186548,0.005);
#253=ELLIPSE('',#4074,0.00707106781186548,0.005);
#254=ELLIPSE('',#4076,0.00707106781186548,0.005);
#255=ELLIPSE('',#4077,0.00707106781186548,0.005);
#256=ELLIPSE('',#4079,0.00707106781186548,0.005);
#257=ELLIPSE('',#4081,0.0164455799141705,0.005);
#258=ELLIPSE('',#4082,0.0164455799141705,0.005);
#259=ELLIPSE('',#4084,0.00707106781186548,0.005);
#260=ELLIPSE('',#4086,0.00707106781186548,0.005);
#261=ELLIPSE('',#4087,0.00707106781186548,0.005);
#262=ELLIPSE('',#4089,0.00707106781186548,0.005);
#263=ELLIPSE('',#4097,0.00343044677801233,0.0015);
#264=ELLIPSE('',#4098,0.00343044677801233,0.0015);
#265=ELLIPSE('',#4100,0.00933419555980198,0.0065);
#266=ELLIPSE('',#4103,0.00933419555980199,0.0065);
#267=ELLIPSE('',#4106,0.0039,0.0015);
#268=ELLIPSE('',#4107,0.0039,0.0015);
#269=ELLIPSE('',#4109,0.0053015777348161,0.005);
#270=ELLIPSE('',#4111,0.487932131638424,0.009925);
#271=ELLIPSE('',#4122,0.00707106781186549,0.005);
#272=ELLIPSE('',#4123,0.00707106781186549,0.005);
#273=ELLIPSE('',#4125,0.00707106781186547,0.005);
#274=ELLIPSE('',#4126,0.00707106781186547,0.005);
#275=ELLIPSE('',#4128,0.00707106781186546,0.005);
#276=ELLIPSE('',#4129,0.00707106781186546,0.005);
#277=ELLIPSE('',#4131,0.00707106781186548,0.005);
#278=ELLIPSE('',#4132,0.00707106781186549,0.005);
#279=ELLIPSE('',#4134,0.00707106781186545,0.005);
#280=ELLIPSE('',#4135,0.00707106781186545,0.005);
#281=ELLIPSE('',#4137,0.00707106781186548,0.005);
#282=ELLIPSE('',#4138,0.00707106781186548,0.005);
#283=ELLIPSE('',#4140,0.00707106781186548,0.005);
#284=ELLIPSE('',#4141,0.00707106781186548,0.005);
#285=ELLIPSE('',#4159,0.00571352081959925,0.005);
#286=ELLIPSE('',#4160,0.00152313991782861,0.0015);
#287=ELLIPSE('',#4162,0.00571352081959925,0.005);
#288=ELLIPSE('',#4172,0.0196072296939448,0.005);
#289=ELLIPSE('',#4174,0.0196072296939448,0.005);
#290=ELLIPSE('',#4176,0.0196072296939448,0.005);
#291=ELLIPSE('',#4178,0.0196072296939448,0.005);
#292=ELLIPSE('',#4180,0.0196072296939448,0.005);
#293=ELLIPSE('',#4182,0.00512967868139063,0.005);
#294=ELLIPSE('',#4191,0.0083592587439693,0.005);
#295=ELLIPSE('',#4193,0.00512967868139063,0.005);
#296=ELLIPSE('',#4195,0.00835925874396928,0.005);
#297=ELLIPSE('',#4197,0.00512967868139063,0.005);
#298=ELLIPSE('',#4199,0.00835925874396929,0.005);
#299=ELLIPSE('',#4201,0.00835925874396929,0.005);
#300=LINE('',#5355,#610);
#301=LINE('',#5362,#611);
#302=LINE('',#5369,#612);
#303=LINE('',#5371,#613);
#304=LINE('',#5373,#614);
#305=LINE('',#5375,#615);
#306=LINE('',#5379,#616);
#307=LINE('',#5383,#617);
#308=LINE('',#5390,#618);
#309=LINE('',#5397,#619);
#310=LINE('',#5404,#620);
#311=LINE('',#5406,#621);
#312=LINE('',#5408,#622);
#313=LINE('',#5412,#623);
#314=LINE('',#5414,#624);
#315=LINE('',#5416,#625);
#316=LINE('',#5418,#626);
#317=LINE('',#5423,#627);
#318=LINE('',#5425,#628);
#319=LINE('',#5427,#629);
#320=LINE('',#5452,#630);
#321=LINE('',#5467,#631);
#322=LINE('',#5598,#632);
#323=LINE('',#5600,#633);
#324=LINE('',#5607,#634);
#325=LINE('',#5608,#635);
#326=LINE('',#5610,#636);
#327=LINE('',#5612,#637);
#328=LINE('',#5614,#638);
#329=LINE('',#5621,#639);
#330=LINE('',#5686,#640);
#331=LINE('',#5689,#641);
#332=LINE('',#5690,#642);
#333=LINE('',#5692,#643);
#334=LINE('',#5694,#644);
#335=LINE('',#5696,#645);
#336=LINE('',#5698,#646);
#337=LINE('',#5700,#647);
#338=LINE('',#5702,#648);
#339=LINE('',#5704,#649);
#340=LINE('',#5706,#650);
#341=LINE('',#5708,#651);
#342=LINE('',#5710,#652);
#343=LINE('',#5712,#653);
#344=LINE('',#5714,#654);
#345=LINE('',#5716,#655);
#346=LINE('',#5718,#656);
#347=LINE('',#5720,#657);
#348=LINE('',#5722,#658);
#349=LINE('',#5724,#659);
#350=LINE('',#5726,#660);
#351=LINE('',#5728,#661);
#352=LINE('',#5730,#662);
#353=LINE('',#5790,#663);
#354=LINE('',#5793,#664);
#355=LINE('',#5795,#665);
#356=LINE('',#5797,#666);
#357=LINE('',#5801,#667);
#358=LINE('',#5804,#668);
#359=LINE('',#5806,#669);
#360=LINE('',#5808,#670);
#361=LINE('',#5904,#671);
#362=LINE('',#5908,#672);
#363=LINE('',#5909,#673);
#364=LINE('',#5910,#674);
#365=LINE('',#5911,#675);
#366=LINE('',#5912,#676);
#367=LINE('',#5914,#677);
#368=LINE('',#5916,#678);
#369=LINE('',#5917,#679);
#370=LINE('',#5918,#680);
#371=LINE('',#5919,#681);
#372=LINE('',#5921,#682);
#373=LINE('',#5923,#683);
#374=LINE('',#5925,#684);
#375=LINE('',#5928,#685);
#376=LINE('',#5929,#686);
#377=LINE('',#5931,#687);
#378=LINE('',#5934,#688);
#379=LINE('',#5935,#689);
#380=LINE('',#5937,#690);
#381=LINE('',#5939,#691);
#382=LINE('',#5941,#692);
#383=LINE('',#5943,#693);
#384=LINE('',#5945,#694);
#385=LINE('',#5947,#695);
#386=LINE('',#5949,#696);
#387=LINE('',#5951,#697);
#388=LINE('',#5952,#698);
#389=LINE('',#5956,#699);
#390=LINE('',#5959,#700);
#391=LINE('',#5961,#701);
#392=LINE('',#5963,#702);
#393=LINE('',#5965,#703);
#394=LINE('',#5969,#704);
#395=LINE('',#5973,#705);
#396=LINE('',#5978,#706);
#397=LINE('',#5980,#707);
#398=LINE('',#5985,#708);
#399=LINE('',#5987,#709);
#400=LINE('',#5989,#710);
#401=LINE('',#5993,#711);
#402=LINE('',#5995,#712);
#403=LINE('',#5999,#713);
#404=LINE('',#6003,#714);
#405=LINE('',#6005,#715);
#406=LINE('',#6007,#716);
#407=LINE('',#6010,#717);
#408=LINE('',#6012,#718);
#409=LINE('',#6016,#719);
#410=LINE('',#6018,#720);
#411=LINE('',#6020,#721);
#412=LINE('',#6022,#722);
#413=LINE('',#6026,#723);
#414=LINE('',#6030,#724);
#415=LINE('',#6032,#725);
#416=LINE('',#6034,#726);
#417=LINE('',#6036,#727);
#418=LINE('',#6037,#728);
#419=LINE('',#6044,#729);
#420=LINE('',#6046,#730);
#421=LINE('',#6048,#731);
#422=LINE('',#6050,#732);
#423=LINE('',#6052,#733);
#424=LINE('',#6054,#734);
#425=LINE('',#6058,#735);
#426=LINE('',#6060,#736);
#427=LINE('',#6062,#737);
#428=LINE('',#6064,#738);
#429=LINE('',#6066,#739);
#430=LINE('',#6067,#740);
#431=LINE('',#6068,#741);
#432=LINE('',#6070,#742);
#433=LINE('',#6073,#743);
#434=LINE('',#6075,#744);
#435=LINE('',#6078,#745);
#436=LINE('',#6080,#746);
#437=LINE('',#6084,#747);
#438=LINE('',#6089,#748);
#439=LINE('',#6094,#749);
#440=LINE('',#6098,#750);
#441=LINE('',#6101,#751);
#442=LINE('',#6103,#752);
#443=LINE('',#6105,#753);
#444=LINE('',#6108,#754);
#445=LINE('',#6117,#755);
#446=LINE('',#6120,#756);
#447=LINE('',#6122,#757);
#448=LINE('',#6124,#758);
#449=LINE('',#6126,#759);
#450=LINE('',#6128,#760);
#451=LINE('',#6130,#761);
#452=LINE('',#6132,#762);
#453=LINE('',#6134,#763);
#454=LINE('',#6136,#764);
#455=LINE('',#6138,#765);
#456=LINE('',#6168,#766);
#457=LINE('',#6182,#767);
#458=LINE('',#6187,#768);
#459=LINE('',#6189,#769);
#460=LINE('',#6191,#770);
#461=LINE('',#6193,#771);
#462=LINE('',#6200,#772);
#463=LINE('',#6202,#773);
#464=LINE('',#6204,#774);
#465=LINE('',#6211,#775);
#466=LINE('',#6212,#776);
#467=LINE('',#6214,#777);
#468=LINE('',#6216,#778);
#469=LINE('',#6220,#779);
#470=LINE('',#6222,#780);
#471=LINE('',#6224,#781);
#472=LINE('',#6226,#782);
#473=LINE('',#6229,#783);
#474=LINE('',#6233,#784);
#475=LINE('',#6235,#785);
#476=LINE('',#6240,#786);
#477=LINE('',#6244,#787);
#478=LINE('',#6246,#788);
#479=LINE('',#6248,#789);
#480=LINE('',#6255,#790);
#481=LINE('',#6256,#791);
#482=LINE('',#6258,#792);
#483=LINE('',#6261,#793);
#484=LINE('',#6271,#794);
#485=LINE('',#6273,#795);
#486=LINE('',#6275,#796);
#487=LINE('',#6277,#797);
#488=LINE('',#6279,#798);
#489=LINE('',#6281,#799);
#490=LINE('',#6284,#800);
#491=LINE('',#6286,#801);
#492=LINE('',#6288,#802);
#493=LINE('',#6296,#803);
#494=LINE('',#6297,#804);
#495=LINE('',#6299,#805);
#496=LINE('',#6302,#806);
#497=LINE('',#6304,#807);
#498=LINE('',#6305,#808);
#499=LINE('',#6307,#809);
#500=LINE('',#6309,#810);
#501=LINE('',#6311,#811);
#502=LINE('',#6313,#812);
#503=LINE('',#6316,#813);
#504=LINE('',#6317,#814);
#505=LINE('',#6319,#815);
#506=LINE('',#6321,#816);
#507=LINE('',#6324,#817);
#508=LINE('',#6325,#818);
#509=LINE('',#6327,#819);
#510=LINE('',#6329,#820);
#511=LINE('',#6331,#821);
#512=LINE('',#6335,#822);
#513=LINE('',#6340,#823);
#514=LINE('',#6345,#824);
#515=LINE('',#6350,#825);
#516=LINE('',#6356,#826);
#517=LINE('',#6360,#827);
#518=LINE('',#6366,#828);
#519=LINE('',#6372,#829);
#520=LINE('',#6377,#830);
#521=LINE('',#6383,#831);
#522=LINE('',#6390,#832);
#523=LINE('',#6396,#833);
#524=LINE('',#6399,#834);
#525=LINE('',#6406,#835);
#526=LINE('',#6409,#836);
#527=LINE('',#6412,#837);
#528=LINE('',#6416,#838);
#529=LINE('',#6422,#839);
#530=LINE('',#6435,#840);
#531=LINE('',#6440,#841);
#532=LINE('',#6444,#842);
#533=LINE('',#6446,#843);
#534=LINE('',#6448,#844);
#535=LINE('',#6450,#845);
#536=LINE('',#6452,#846);
#537=LINE('',#6454,#847);
#538=LINE('',#6456,#848);
#539=LINE('',#6459,#849);
#540=LINE('',#6461,#850);
#541=LINE('',#6463,#851);
#542=LINE('',#6467,#852);
#543=LINE('',#6469,#853);
#544=LINE('',#6470,#854);
#545=LINE('',#6472,#855);
#546=LINE('',#6474,#856);
#547=LINE('',#6476,#857);
#548=LINE('',#6478,#858);
#549=LINE('',#6483,#859);
#550=LINE('',#6485,#860);
#551=LINE('',#6487,#861);
#552=LINE('',#6489,#862);
#553=LINE('',#6491,#863);
#554=LINE('',#6492,#864);
#555=LINE('',#6494,#865);
#556=LINE('',#6496,#866);
#557=LINE('',#6499,#867);
#558=LINE('',#6501,#868);
#559=LINE('',#6502,#869);
#560=LINE('',#6503,#870);
#561=LINE('',#6504,#871);
#562=LINE('',#6508,#872);
#563=LINE('',#6512,#873);
#564=LINE('',#6514,#874);
#565=LINE('',#6518,#875);
#566=LINE('',#6519,#876);
#567=LINE('',#6520,#877);
#568=LINE('',#6560,#878);
#569=LINE('',#6565,#879);
#570=LINE('',#6567,#880);
#571=LINE('',#6574,#881);
#572=LINE('',#6579,#882);
#573=LINE('',#6585,#883);
#574=LINE('',#6590,#884);
#575=LINE('',#6595,#885);
#576=LINE('',#6599,#886);
#577=LINE('',#6648,#887);
#578=LINE('',#6650,#888);
#579=LINE('',#6653,#889);
#580=LINE('',#6654,#890);
#581=LINE('',#6657,#891);
#582=LINE('',#6668,#892);
#583=LINE('',#6670,#893);
#584=LINE('',#6671,#894);
#585=LINE('',#6979,#895);
#586=LINE('',#6981,#896);
#587=LINE('',#6983,#897);
#588=LINE('',#6985,#898);
#589=LINE('',#6987,#899);
#590=LINE('',#6989,#900);
#591=LINE('',#6991,#901);
#592=LINE('',#6993,#902);
#593=LINE('',#6995,#903);
#594=LINE('',#6997,#904);
#595=LINE('',#6999,#905);
#596=LINE('',#7001,#906);
#597=LINE('',#7003,#907);
#598=LINE('',#7005,#908);
#599=LINE('',#7009,#909);
#600=LINE('',#7012,#910);
#601=LINE('',#7014,#911);
#602=LINE('',#7016,#912);
#603=LINE('',#7018,#913);
#604=LINE('',#7020,#914);
#605=LINE('',#7022,#915);
#606=LINE('',#7024,#916);
#607=LINE('',#7026,#917);
#608=LINE('',#7028,#918);
#609=LINE('',#7033,#919);
#610=VECTOR('',#4277,1.);
#611=VECTOR('',#4278,1.);
#612=VECTOR('',#4279,1.);
#613=VECTOR('',#4280,1.);
#614=VECTOR('',#4281,1.);
#615=VECTOR('',#4282,1.);
#616=VECTOR('',#4285,1.);
#617=VECTOR('',#4288,1.);
#618=VECTOR('',#4289,1.);
#619=VECTOR('',#4290,1.);
#620=VECTOR('',#4291,1.);
#621=VECTOR('',#4292,1.);
#622=VECTOR('',#4293,1.);
#623=VECTOR('',#4296,1.);
#624=VECTOR('',#4297,1.);
#625=VECTOR('',#4298,1.);
#626=VECTOR('',#4301,1.);
#627=VECTOR('',#4304,1.);
#628=VECTOR('',#4305,1.);
#629=VECTOR('',#4306,1.);
#630=VECTOR('',#4317,1.);
#631=VECTOR('',#4318,1.);
#632=VECTOR('',#4355,1.);
#633=VECTOR('',#4356,1.);
#634=VECTOR('',#4357,1.);
#635=VECTOR('',#4358,1.);
#636=VECTOR('',#4359,1.);
#637=VECTOR('',#4360,1.);
#638=VECTOR('',#4361,1.);
#639=VECTOR('',#4372,1.);
#640=VECTOR('',#4389,1.);
#641=VECTOR('',#4390,1.);
#642=VECTOR('',#4391,1.);
#643=VECTOR('',#4394,1.);
#644=VECTOR('',#4395,1.);
#645=VECTOR('',#4396,1.);
#646=VECTOR('',#4399,1.);
#647=VECTOR('',#4400,1.);
#648=VECTOR('',#4401,1.);
#649=VECTOR('',#4404,1.);
#650=VECTOR('',#4405,1.);
#651=VECTOR('',#4406,1.);
#652=VECTOR('',#4409,1.);
#653=VECTOR('',#4410,1.);
#654=VECTOR('',#4411,1.);
#655=VECTOR('',#4412,1.);
#656=VECTOR('',#4413,1.);
#657=VECTOR('',#4414,1.);
#658=VECTOR('',#4415,1.);
#659=VECTOR('',#4416,1.);
#660=VECTOR('',#4417,1.);
#661=VECTOR('',#4418,1.);
#662=VECTOR('',#4419,1.);
#663=VECTOR('',#4434,1.);
#664=VECTOR('',#4435,1.);
#665=VECTOR('',#4436,1.);
#666=VECTOR('',#4437,1.);
#667=VECTOR('',#4442,1.);
#668=VECTOR('',#4443,1.);
#669=VECTOR('',#4444,1.);
#670=VECTOR('',#4445,1.);
#671=VECTOR('',#4478,1.);
#672=VECTOR('',#4481,1.);
#673=VECTOR('',#4482,1.);
#674=VECTOR('',#4483,1.);
#675=VECTOR('',#4484,1.);
#676=VECTOR('',#4485,1.);
#677=VECTOR('',#4486,1.);
#678=VECTOR('',#4487,1.);
#679=VECTOR('',#4488,1.);
#680=VECTOR('',#4489,1.);
#681=VECTOR('',#4490,1.);
#682=VECTOR('',#4493,1.);
#683=VECTOR('',#4496,1.);
#684=VECTOR('',#4499,1.);
#685=VECTOR('',#4500,1.);
#686=VECTOR('',#4501,1.);
#687=VECTOR('',#4504,1.);
#688=VECTOR('',#4505,1.);
#689=VECTOR('',#4506,1.);
#690=VECTOR('',#4509,1.);
#691=VECTOR('',#4510,1.);
#692=VECTOR('',#4511,1.);
#693=VECTOR('',#4512,1.);
#694=VECTOR('',#4513,1.);
#695=VECTOR('',#4514,1.);
#696=VECTOR('',#4515,1.);
#697=VECTOR('',#4516,1.);
#698=VECTOR('',#4517,1.);
#699=VECTOR('',#4522,1.);
#700=VECTOR('',#4523,1.);
#701=VECTOR('',#4524,1.);
#702=VECTOR('',#4525,1.);
#703=VECTOR('',#4526,1.);
#704=VECTOR('',#4529,1.);
#705=VECTOR('',#4534,1.);
#706=VECTOR('',#4537,1.);
#707=VECTOR('',#4538,1.);
#708=VECTOR('',#4543,1.);
#709=VECTOR('',#4544,1.);
#710=VECTOR('',#4545,1.);
#711=VECTOR('',#4548,1.);
#712=VECTOR('',#4549,1.);
#713=VECTOR('',#4552,1.);
#714=VECTOR('',#4555,1.);
#715=VECTOR('',#4556,1.);
#716=VECTOR('',#4559,1.);
#717=VECTOR('',#4560,1.);
#718=VECTOR('',#4561,1.);
#719=VECTOR('',#4564,1.);
#720=VECTOR('',#4565,1.);
#721=VECTOR('',#4566,1.);
#722=VECTOR('',#4567,1.);
#723=VECTOR('',#4570,1.);
#724=VECTOR('',#4573,1.);
#725=VECTOR('',#4574,1.);
#726=VECTOR('',#4575,1.);
#727=VECTOR('',#4576,1.);
#728=VECTOR('',#4577,1.);
#729=VECTOR('',#4578,1.);
#730=VECTOR('',#4579,1.);
#731=VECTOR('',#4580,1.);
#732=VECTOR('',#4583,1.);
#733=VECTOR('',#4584,1.);
#734=VECTOR('',#4585,1.);
#735=VECTOR('',#4588,1.);
#736=VECTOR('',#4591,1.);
#737=VECTOR('',#4592,1.);
#738=VECTOR('',#4593,1.);
#739=VECTOR('',#4594,1.);
#740=VECTOR('',#4595,1.);
#741=VECTOR('',#4596,1.);
#742=VECTOR('',#4597,1.);
#743=VECTOR('',#4600,1.);
#744=VECTOR('',#4603,1.);
#745=VECTOR('',#4604,1.);
#746=VECTOR('',#4605,1.);
#747=VECTOR('',#4608,1.);
#748=VECTOR('',#4615,1.);
#749=VECTOR('',#4620,1.);
#750=VECTOR('',#4625,1.);
#751=VECTOR('',#4628,1.);
#752=VECTOR('',#4629,1.);
#753=VECTOR('',#4632,1.);
#754=VECTOR('',#4633,1.);
#755=VECTOR('',#4638,1.);
#756=VECTOR('',#4639,1.);
#757=VECTOR('',#4640,1.);
#758=VECTOR('',#4641,1.);
#759=VECTOR('',#4642,1.);
#760=VECTOR('',#4643,1.);
#761=VECTOR('',#4644,1.);
#762=VECTOR('',#4645,1.);
#763=VECTOR('',#4646,1.);
#764=VECTOR('',#4647,1.);
#765=VECTOR('',#4648,1.);
#766=VECTOR('',#4655,1.);
#767=VECTOR('',#4656,1.);
#768=VECTOR('',#4661,1.);
#769=VECTOR('',#4662,1.);
#770=VECTOR('',#4663,1.);
#771=VECTOR('',#4666,1.);
#772=VECTOR('',#4667,1.);
#773=VECTOR('',#4668,1.);
#774=VECTOR('',#4669,1.);
#775=VECTOR('',#4670,1.);
#776=VECTOR('',#4671,1.);
#777=VECTOR('',#4672,1.);
#778=VECTOR('',#4673,1.);
#779=VECTOR('',#4676,1.);
#780=VECTOR('',#4677,1.);
#781=VECTOR('',#4678,1.);
#782=VECTOR('',#4681,1.);
#783=VECTOR('',#4682,1.);
#784=VECTOR('',#4685,1.);
#785=VECTOR('',#4688,1.);
#786=VECTOR('',#4691,1.);
#787=VECTOR('',#4694,1.);
#788=VECTOR('',#4695,1.);
#789=VECTOR('',#4696,1.);
#790=VECTOR('',#4697,1.);
#791=VECTOR('',#4698,1.);
#792=VECTOR('',#4699,1.);
#793=VECTOR('',#4704,1.);
#794=VECTOR('',#4711,1.);
#795=VECTOR('',#4712,1.);
#796=VECTOR('',#4713,1.);
#797=VECTOR('',#4714,1.);
#798=VECTOR('',#4715,1.);
#799=VECTOR('',#4718,1.);
#800=VECTOR('',#4719,1.);
#801=VECTOR('',#4720,1.);
#802=VECTOR('',#4721,1.);
#803=VECTOR('',#4724,1.);
#804=VECTOR('',#4725,1.);
#805=VECTOR('',#4728,1.);
#806=VECTOR('',#4729,1.);
#807=VECTOR('',#4730,1.);
#808=VECTOR('',#4731,1.);
#809=VECTOR('',#4732,1.);
#810=VECTOR('',#4735,1.);
#811=VECTOR('',#4736,1.);
#812=VECTOR('',#4737,1.);
#813=VECTOR('',#4742,1.);
#814=VECTOR('',#4743,1.);
#815=VECTOR('',#4746,1.);
#816=VECTOR('',#4749,1.);
#817=VECTOR('',#4754,1.);
#818=VECTOR('',#4755,1.);
#819=VECTOR('',#4758,1.);
#820=VECTOR('',#4761,1.);
#821=VECTOR('',#4764,1.);
#822=VECTOR('',#4769,1.);
#823=VECTOR('',#4776,1.);
#824=VECTOR('',#4783,1.);
#825=VECTOR('',#4790,1.);
#826=VECTOR('',#4797,1.);
#827=VECTOR('',#4804,1.);
#828=VECTOR('',#4811,1.);
#829=VECTOR('',#4822,1.);
#830=VECTOR('',#4829,1.);
#831=VECTOR('',#4838,1.);
#832=VECTOR('',#4849,1.);
#833=VECTOR('',#4856,1.);
#834=VECTOR('',#4861,1.);
#835=VECTOR('',#4870,1.);
#836=VECTOR('',#4875,1.);
#837=VECTOR('',#4880,1.);
#838=VECTOR('',#4887,1.);
#839=VECTOR('',#4894,1.);
#840=VECTOR('',#4915,1.);
#841=VECTOR('',#4918,1.);
#842=VECTOR('',#4921,1.);
#843=VECTOR('',#4922,1.);
#844=VECTOR('',#4923,1.);
#845=VECTOR('',#4924,1.);
#846=VECTOR('',#4925,1.);
#847=VECTOR('',#4926,1.);
#848=VECTOR('',#4929,1.);
#849=VECTOR('',#4930,1.);
#850=VECTOR('',#4931,1.);
#851=VECTOR('',#4932,1.);
#852=VECTOR('',#4937,1.);
#853=VECTOR('',#4938,1.);
#854=VECTOR('',#4939,1.);
#855=VECTOR('',#4940,1.);
#856=VECTOR('',#4941,1.);
#857=VECTOR('',#4942,1.);
#858=VECTOR('',#4945,1.);
#859=VECTOR('',#4948,1.);
#860=VECTOR('',#4949,1.);
#861=VECTOR('',#4950,1.);
#862=VECTOR('',#4951,1.);
#863=VECTOR('',#4954,1.);
#864=VECTOR('',#4955,1.);
#865=VECTOR('',#4956,1.);
#866=VECTOR('',#4959,1.);
#867=VECTOR('',#4960,1.);
#868=VECTOR('',#4961,1.);
#869=VECTOR('',#4962,1.);
#870=VECTOR('',#4963,1.);
#871=VECTOR('',#4964,1.);
#872=VECTOR('',#4967,1.);
#873=VECTOR('',#4970,1.);
#874=VECTOR('',#4971,1.);
#875=VECTOR('',#4976,1.);
#876=VECTOR('',#4977,1.);
#877=VECTOR('',#4978,1.);
#878=VECTOR('',#4983,1.);
#879=VECTOR('',#4990,1.);
#880=VECTOR('',#4993,1.);
#881=VECTOR('',#5006,1.);
#882=VECTOR('',#5013,1.);
#883=VECTOR('',#5022,1.);
#884=VECTOR('',#5029,1.);
#885=VECTOR('',#5036,1.);
#886=VECTOR('',#5041,1.);
#887=VECTOR('',#5076,1.);
#888=VECTOR('',#5079,1.);
#889=VECTOR('',#5084,1.);
#890=VECTOR('',#5085,1.);
#891=VECTOR('',#5090,1.);
#892=VECTOR('',#5099,1.);
#893=VECTOR('',#5102,1.);
#894=VECTOR('',#5103,1.);
#895=VECTOR('',#5290,1.);
#896=VECTOR('',#5291,1.);
#897=VECTOR('',#5292,1.);
#898=VECTOR('',#5295,1.);
#899=VECTOR('',#5296,1.);
#900=VECTOR('',#5299,1.);
#901=VECTOR('',#5300,1.);
#902=VECTOR('',#5303,1.);
#903=VECTOR('',#5304,1.);
#904=VECTOR('',#5307,1.);
#905=VECTOR('',#5308,1.);
#906=VECTOR('',#5311,1.);
#907=VECTOR('',#5312,1.);
#908=VECTOR('',#5315,1.);
#909=VECTOR('',#5320,1.);
#910=VECTOR('',#5321,1.);
#911=VECTOR('',#5322,1.);
#912=VECTOR('',#5323,1.);
#913=VECTOR('',#5326,1.);
#914=VECTOR('',#5327,1.);
#915=VECTOR('',#5328,1.);
#916=VECTOR('',#5331,1.);
#917=VECTOR('',#5332,1.);
#918=VECTOR('',#5333,1.);
#919=VECTOR('',#5342,1.);
#920=ORIENTED_EDGE('',*,*,#2068,.T.);
#921=ORIENTED_EDGE('',*,*,#2069,.T.);
#922=ORIENTED_EDGE('',*,*,#2070,.T.);
#923=ORIENTED_EDGE('',*,*,#2071,.T.);
#924=ORIENTED_EDGE('',*,*,#2072,.T.);
#925=ORIENTED_EDGE('',*,*,#2073,.F.);
#926=ORIENTED_EDGE('',*,*,#2074,.F.);
#927=ORIENTED_EDGE('',*,*,#2075,.F.);
#928=ORIENTED_EDGE('',*,*,#2076,.T.);
#929=ORIENTED_EDGE('',*,*,#2077,.F.);
#930=ORIENTED_EDGE('',*,*,#2078,.F.);
#931=ORIENTED_EDGE('',*,*,#2079,.F.);
#932=ORIENTED_EDGE('',*,*,#2080,.F.);
#933=ORIENTED_EDGE('',*,*,#2081,.T.);
#934=ORIENTED_EDGE('',*,*,#2082,.T.);
#935=ORIENTED_EDGE('',*,*,#2083,.T.);
#936=ORIENTED_EDGE('',*,*,#2084,.T.);
#937=ORIENTED_EDGE('',*,*,#2085,.T.);
#938=ORIENTED_EDGE('',*,*,#2086,.F.);
#939=ORIENTED_EDGE('',*,*,#2087,.T.);
#940=ORIENTED_EDGE('',*,*,#2088,.F.);
#941=ORIENTED_EDGE('',*,*,#2089,.F.);
#942=ORIENTED_EDGE('',*,*,#2090,.F.);
#943=ORIENTED_EDGE('',*,*,#2091,.T.);
#944=ORIENTED_EDGE('',*,*,#2092,.F.);
#945=ORIENTED_EDGE('',*,*,#2093,.F.);
#946=ORIENTED_EDGE('',*,*,#2094,.F.);
#947=ORIENTED_EDGE('',*,*,#2095,.T.);
#948=ORIENTED_EDGE('',*,*,#2096,.F.);
#949=ORIENTED_EDGE('',*,*,#2097,.F.);
#950=ORIENTED_EDGE('',*,*,#2098,.T.);
#951=ORIENTED_EDGE('',*,*,#2099,.T.);
#952=ORIENTED_EDGE('',*,*,#2100,.T.);
#953=ORIENTED_EDGE('',*,*,#2101,.F.);
#954=ORIENTED_EDGE('',*,*,#2102,.T.);
#955=ORIENTED_EDGE('',*,*,#2103,.F.);
#956=ORIENTED_EDGE('',*,*,#2104,.T.);
#957=ORIENTED_EDGE('',*,*,#2105,.F.);
#958=ORIENTED_EDGE('',*,*,#2106,.F.);
#959=ORIENTED_EDGE('',*,*,#2107,.T.);
#960=ORIENTED_EDGE('',*,*,#2108,.F.);
#961=ORIENTED_EDGE('',*,*,#2109,.F.);
#962=ORIENTED_EDGE('',*,*,#2110,.F.);
#963=ORIENTED_EDGE('',*,*,#2068,.F.);
#964=ORIENTED_EDGE('',*,*,#2111,.F.);
#965=ORIENTED_EDGE('',*,*,#2112,.F.);
#966=ORIENTED_EDGE('',*,*,#2113,.F.);
#967=ORIENTED_EDGE('',*,*,#2114,.F.);
#968=ORIENTED_EDGE('',*,*,#2115,.F.);
#969=ORIENTED_EDGE('',*,*,#2116,.F.);
#970=ORIENTED_EDGE('',*,*,#2117,.F.);
#971=ORIENTED_EDGE('',*,*,#2118,.F.);
#972=ORIENTED_EDGE('',*,*,#2119,.F.);
#973=ORIENTED_EDGE('',*,*,#2085,.F.);
#974=ORIENTED_EDGE('',*,*,#2072,.F.);
#975=ORIENTED_EDGE('',*,*,#2120,.F.);
#976=ORIENTED_EDGE('',*,*,#2121,.F.);
#977=ORIENTED_EDGE('',*,*,#2122,.F.);
#978=ORIENTED_EDGE('',*,*,#2123,.F.);
#979=ORIENTED_EDGE('',*,*,#2124,.F.);
#980=ORIENTED_EDGE('',*,*,#2125,.F.);
#981=ORIENTED_EDGE('',*,*,#2126,.F.);
#982=ORIENTED_EDGE('',*,*,#2081,.F.);
#983=ORIENTED_EDGE('',*,*,#2127,.F.);
#984=ORIENTED_EDGE('',*,*,#2128,.F.);
#985=ORIENTED_EDGE('',*,*,#2129,.F.);
#986=ORIENTED_EDGE('',*,*,#2130,.F.);
#987=ORIENTED_EDGE('',*,*,#2083,.F.);
#988=ORIENTED_EDGE('',*,*,#2131,.F.);
#989=ORIENTED_EDGE('',*,*,#2132,.F.);
#990=ORIENTED_EDGE('',*,*,#2133,.F.);
#991=ORIENTED_EDGE('',*,*,#2134,.F.);
#992=ORIENTED_EDGE('',*,*,#2121,.T.);
#993=ORIENTED_EDGE('',*,*,#2135,.T.);
#994=ORIENTED_EDGE('',*,*,#2136,.F.);
#995=ORIENTED_EDGE('',*,*,#2137,.T.);
#996=ORIENTED_EDGE('',*,*,#2114,.T.);
#997=ORIENTED_EDGE('',*,*,#2138,.F.);
#998=ORIENTED_EDGE('',*,*,#2139,.T.);
#999=ORIENTED_EDGE('',*,*,#2140,.F.);
#1000=ORIENTED_EDGE('',*,*,#2141,.F.);
#1001=ORIENTED_EDGE('',*,*,#2142,.F.);
#1002=ORIENTED_EDGE('',*,*,#2143,.F.);
#1003=ORIENTED_EDGE('',*,*,#2136,.T.);
#1004=ORIENTED_EDGE('',*,*,#2144,.F.);
#1005=ORIENTED_EDGE('',*,*,#2070,.F.);
#1006=ORIENTED_EDGE('',*,*,#2082,.F.);
#1007=ORIENTED_EDGE('',*,*,#2126,.T.);
#1008=ORIENTED_EDGE('',*,*,#2145,.F.);
#1009=ORIENTED_EDGE('',*,*,#2131,.T.);
#1010=ORIENTED_EDGE('',*,*,#2135,.F.);
#1011=ORIENTED_EDGE('',*,*,#2120,.T.);
#1012=ORIENTED_EDGE('',*,*,#2071,.F.);
#1013=ORIENTED_EDGE('',*,*,#2144,.T.);
#1014=ORIENTED_EDGE('',*,*,#2146,.F.);
#1015=ORIENTED_EDGE('',*,*,#2147,.F.);
#1016=ORIENTED_EDGE('',*,*,#2148,.F.);
#1017=ORIENTED_EDGE('',*,*,#2149,.F.);
#1018=ORIENTED_EDGE('',*,*,#2150,.F.);
#1019=ORIENTED_EDGE('',*,*,#2151,.F.);
#1020=ORIENTED_EDGE('',*,*,#2152,.F.);
#1021=ORIENTED_EDGE('',*,*,#2153,.F.);
#1022=ORIENTED_EDGE('',*,*,#2154,.F.);
#1023=ORIENTED_EDGE('',*,*,#2155,.F.);
#1024=ORIENTED_EDGE('',*,*,#2156,.F.);
#1025=ORIENTED_EDGE('',*,*,#2157,.F.);
#1026=ORIENTED_EDGE('',*,*,#2158,.T.);
#1027=ORIENTED_EDGE('',*,*,#2159,.F.);
#1028=ORIENTED_EDGE('',*,*,#2112,.T.);
#1029=ORIENTED_EDGE('',*,*,#2160,.F.);
#1030=ORIENTED_EDGE('',*,*,#2149,.T.);
#1031=ORIENTED_EDGE('',*,*,#2161,.F.);
#1032=ORIENTED_EDGE('',*,*,#2162,.T.);
#1033=ORIENTED_EDGE('',*,*,#2163,.F.);
#1034=ORIENTED_EDGE('',*,*,#2155,.T.);
#1035=ORIENTED_EDGE('',*,*,#2164,.F.);
#1036=ORIENTED_EDGE('',*,*,#2165,.T.);
#1037=ORIENTED_EDGE('',*,*,#2166,.F.);
#1038=ORIENTED_EDGE('',*,*,#2118,.T.);
#1039=ORIENTED_EDGE('',*,*,#2167,.F.);
#1040=ORIENTED_EDGE('',*,*,#2168,.T.);
#1041=ORIENTED_EDGE('',*,*,#2169,.F.);
#1042=ORIENTED_EDGE('',*,*,#2107,.F.);
#1043=ORIENTED_EDGE('',*,*,#2170,.T.);
#1044=ORIENTED_EDGE('',*,*,#2171,.T.);
#1045=ORIENTED_EDGE('',*,*,#2172,.T.);
#1046=ORIENTED_EDGE('',*,*,#2173,.T.);
#1047=ORIENTED_EDGE('',*,*,#2174,.T.);
#1048=ORIENTED_EDGE('',*,*,#2175,.T.);
#1049=ORIENTED_EDGE('',*,*,#2176,.T.);
#1050=ORIENTED_EDGE('',*,*,#2177,.T.);
#1051=ORIENTED_EDGE('',*,*,#2178,.T.);
#1052=ORIENTED_EDGE('',*,*,#2179,.T.);
#1053=ORIENTED_EDGE('',*,*,#2180,.F.);
#1054=ORIENTED_EDGE('',*,*,#2181,.F.);
#1055=ORIENTED_EDGE('',*,*,#2182,.F.);
#1056=ORIENTED_EDGE('',*,*,#2183,.F.);
#1057=ORIENTED_EDGE('',*,*,#2184,.F.);
#1058=ORIENTED_EDGE('',*,*,#2185,.F.);
#1059=ORIENTED_EDGE('',*,*,#2186,.F.);
#1060=ORIENTED_EDGE('',*,*,#2187,.F.);
#1061=ORIENTED_EDGE('',*,*,#2188,.F.);
#1062=ORIENTED_EDGE('',*,*,#2189,.F.);
#1063=ORIENTED_EDGE('',*,*,#2190,.F.);
#1064=ORIENTED_EDGE('',*,*,#2191,.F.);
#1065=ORIENTED_EDGE('',*,*,#2192,.F.);
#1066=ORIENTED_EDGE('',*,*,#2193,.F.);
#1067=ORIENTED_EDGE('',*,*,#2194,.F.);
#1068=ORIENTED_EDGE('',*,*,#2195,.F.);
#1069=ORIENTED_EDGE('',*,*,#2196,.F.);
#1070=ORIENTED_EDGE('',*,*,#2197,.F.);
#1071=ORIENTED_EDGE('',*,*,#2198,.F.);
#1072=ORIENTED_EDGE('',*,*,#2199,.F.);
#1073=ORIENTED_EDGE('',*,*,#2200,.F.);
#1074=ORIENTED_EDGE('',*,*,#2201,.F.);
#1075=ORIENTED_EDGE('',*,*,#2202,.F.);
#1076=ORIENTED_EDGE('',*,*,#2203,.F.);
#1077=ORIENTED_EDGE('',*,*,#2204,.F.);
#1078=ORIENTED_EDGE('',*,*,#2205,.F.);
#1079=ORIENTED_EDGE('',*,*,#2206,.F.);
#1080=ORIENTED_EDGE('',*,*,#2207,.F.);
#1081=ORIENTED_EDGE('',*,*,#2208,.F.);
#1082=ORIENTED_EDGE('',*,*,#2209,.F.);
#1083=ORIENTED_EDGE('',*,*,#2210,.F.);
#1084=ORIENTED_EDGE('',*,*,#2211,.F.);
#1085=ORIENTED_EDGE('',*,*,#2212,.F.);
#1086=ORIENTED_EDGE('',*,*,#2213,.F.);
#1087=ORIENTED_EDGE('',*,*,#2214,.F.);
#1088=ORIENTED_EDGE('',*,*,#2215,.F.);
#1089=ORIENTED_EDGE('',*,*,#2216,.F.);
#1090=ORIENTED_EDGE('',*,*,#2217,.F.);
#1091=ORIENTED_EDGE('',*,*,#2218,.T.);
#1092=ORIENTED_EDGE('',*,*,#2219,.F.);
#1093=ORIENTED_EDGE('',*,*,#2220,.F.);
#1094=ORIENTED_EDGE('',*,*,#2221,.F.);
#1095=ORIENTED_EDGE('',*,*,#2222,.F.);
#1096=ORIENTED_EDGE('',*,*,#2223,.T.);
#1097=ORIENTED_EDGE('',*,*,#2224,.F.);
#1098=ORIENTED_EDGE('',*,*,#2196,.T.);
#1099=ORIENTED_EDGE('',*,*,#2225,.T.);
#1100=ORIENTED_EDGE('',*,*,#2226,.T.);
#1101=ORIENTED_EDGE('',*,*,#2227,.T.);
#1102=ORIENTED_EDGE('',*,*,#2198,.T.);
#1103=ORIENTED_EDGE('',*,*,#2228,.F.);
#1104=ORIENTED_EDGE('',*,*,#2182,.T.);
#1105=ORIENTED_EDGE('',*,*,#2229,.F.);
#1106=ORIENTED_EDGE('',*,*,#2223,.F.);
#1107=ORIENTED_EDGE('',*,*,#2230,.F.);
#1108=ORIENTED_EDGE('',*,*,#2203,.T.);
#1109=ORIENTED_EDGE('',*,*,#2231,.F.);
#1110=ORIENTED_EDGE('',*,*,#2232,.F.);
#1111=ORIENTED_EDGE('',*,*,#2233,.F.);
#1112=ORIENTED_EDGE('',*,*,#2211,.T.);
#1113=ORIENTED_EDGE('',*,*,#2234,.F.);
#1114=ORIENTED_EDGE('',*,*,#2216,.T.);
#1115=ORIENTED_EDGE('',*,*,#2235,.F.);
#1116=ORIENTED_EDGE('',*,*,#2192,.T.);
#1117=ORIENTED_EDGE('',*,*,#2236,.F.);
#1118=ORIENTED_EDGE('',*,*,#2187,.T.);
#1119=ORIENTED_EDGE('',*,*,#2235,.T.);
#1120=ORIENTED_EDGE('',*,*,#2219,.T.);
#1121=ORIENTED_EDGE('',*,*,#2237,.T.);
#1122=ORIENTED_EDGE('',*,*,#2181,.T.);
#1123=ORIENTED_EDGE('',*,*,#2238,.T.);
#1124=ORIENTED_EDGE('',*,*,#2224,.T.);
#1125=ORIENTED_EDGE('',*,*,#2229,.T.);
#1126=ORIENTED_EDGE('',*,*,#2239,.T.);
#1127=ORIENTED_EDGE('',*,*,#2240,.F.);
#1128=ORIENTED_EDGE('',*,*,#2184,.T.);
#1129=ORIENTED_EDGE('',*,*,#2241,.F.);
#1130=ORIENTED_EDGE('',*,*,#2242,.T.);
#1131=ORIENTED_EDGE('',*,*,#2243,.F.);
#1132=ORIENTED_EDGE('',*,*,#2190,.T.);
#1133=ORIENTED_EDGE('',*,*,#2244,.F.);
#1134=ORIENTED_EDGE('',*,*,#2245,.T.);
#1135=ORIENTED_EDGE('',*,*,#2194,.T.);
#1136=ORIENTED_EDGE('',*,*,#2246,.T.);
#1137=ORIENTED_EDGE('',*,*,#2247,.T.);
#1138=ORIENTED_EDGE('',*,*,#2248,.T.);
#1139=ORIENTED_EDGE('',*,*,#2249,.T.);
#1140=ORIENTED_EDGE('',*,*,#2250,.T.);
#1141=ORIENTED_EDGE('',*,*,#2251,.T.);
#1142=ORIENTED_EDGE('',*,*,#2252,.T.);
#1143=ORIENTED_EDGE('',*,*,#2200,.T.);
#1144=ORIENTED_EDGE('',*,*,#2253,.F.);
#1145=ORIENTED_EDGE('',*,*,#2254,.F.);
#1146=ORIENTED_EDGE('',*,*,#2255,.T.);
#1147=ORIENTED_EDGE('',*,*,#2256,.T.);
#1148=ORIENTED_EDGE('',*,*,#2257,.F.);
#1149=ORIENTED_EDGE('',*,*,#2258,.F.);
#1150=ORIENTED_EDGE('',*,*,#2259,.F.);
#1151=ORIENTED_EDGE('',*,*,#2260,.F.);
#1152=ORIENTED_EDGE('',*,*,#2261,.F.);
#1153=ORIENTED_EDGE('',*,*,#2262,.F.);
#1154=ORIENTED_EDGE('',*,*,#2263,.T.);
#1155=ORIENTED_EDGE('',*,*,#2264,.F.);
#1156=ORIENTED_EDGE('',*,*,#2265,.T.);
#1157=ORIENTED_EDGE('',*,*,#2266,.F.);
#1158=ORIENTED_EDGE('',*,*,#2267,.F.);
#1159=ORIENTED_EDGE('',*,*,#2268,.F.);
#1160=ORIENTED_EDGE('',*,*,#2269,.T.);
#1161=ORIENTED_EDGE('',*,*,#2270,.F.);
#1162=ORIENTED_EDGE('',*,*,#2271,.F.);
#1163=ORIENTED_EDGE('',*,*,#2272,.F.);
#1164=ORIENTED_EDGE('',*,*,#2273,.F.);
#1165=ORIENTED_EDGE('',*,*,#2274,.F.);
#1166=ORIENTED_EDGE('',*,*,#2275,.F.);
#1167=ORIENTED_EDGE('',*,*,#2276,.F.);
#1168=ORIENTED_EDGE('',*,*,#2277,.T.);
#1169=ORIENTED_EDGE('',*,*,#2278,.F.);
#1170=ORIENTED_EDGE('',*,*,#2279,.F.);
#1171=ORIENTED_EDGE('',*,*,#2280,.F.);
#1172=ORIENTED_EDGE('',*,*,#2281,.T.);
#1173=ORIENTED_EDGE('',*,*,#2282,.T.);
#1174=ORIENTED_EDGE('',*,*,#2283,.T.);
#1175=ORIENTED_EDGE('',*,*,#2284,.T.);
#1176=ORIENTED_EDGE('',*,*,#2285,.T.);
#1177=ORIENTED_EDGE('',*,*,#2286,.T.);
#1178=ORIENTED_EDGE('',*,*,#2287,.F.);
#1179=ORIENTED_EDGE('',*,*,#2288,.F.);
#1180=ORIENTED_EDGE('',*,*,#2289,.F.);
#1181=ORIENTED_EDGE('',*,*,#2290,.F.);
#1182=ORIENTED_EDGE('',*,*,#2291,.F.);
#1183=ORIENTED_EDGE('',*,*,#2292,.T.);
#1184=ORIENTED_EDGE('',*,*,#2293,.F.);
#1185=ORIENTED_EDGE('',*,*,#2147,.T.);
#1186=ORIENTED_EDGE('',*,*,#2294,.F.);
#1187=ORIENTED_EDGE('',*,*,#2295,.T.);
#1188=ORIENTED_EDGE('',*,*,#2296,.F.);
#1189=ORIENTED_EDGE('',*,*,#2297,.T.);
#1190=ORIENTED_EDGE('',*,*,#2298,.F.);
#1191=ORIENTED_EDGE('',*,*,#2128,.T.);
#1192=ORIENTED_EDGE('',*,*,#2299,.F.);
#1193=ORIENTED_EDGE('',*,*,#2300,.F.);
#1194=ORIENTED_EDGE('',*,*,#2301,.T.);
#1195=ORIENTED_EDGE('',*,*,#2302,.F.);
#1196=ORIENTED_EDGE('',*,*,#2303,.F.);
#1197=ORIENTED_EDGE('',*,*,#2304,.T.);
#1198=ORIENTED_EDGE('',*,*,#2098,.F.);
#1199=ORIENTED_EDGE('',*,*,#2305,.F.);
#1200=ORIENTED_EDGE('',*,*,#2306,.T.);
#1201=ORIENTED_EDGE('',*,*,#2307,.F.);
#1202=ORIENTED_EDGE('',*,*,#2116,.T.);
#1203=ORIENTED_EDGE('',*,*,#2308,.T.);
#1204=ORIENTED_EDGE('',*,*,#2132,.T.);
#1205=ORIENTED_EDGE('',*,*,#2145,.T.);
#1206=ORIENTED_EDGE('',*,*,#2125,.T.);
#1207=ORIENTED_EDGE('',*,*,#2309,.F.);
#1208=ORIENTED_EDGE('',*,*,#2310,.T.);
#1209=ORIENTED_EDGE('',*,*,#2311,.F.);
#1210=ORIENTED_EDGE('',*,*,#2265,.F.);
#1211=ORIENTED_EDGE('',*,*,#2312,.F.);
#1212=ORIENTED_EDGE('',*,*,#2313,.T.);
#1213=ORIENTED_EDGE('',*,*,#2314,.F.);
#1214=ORIENTED_EDGE('',*,*,#2315,.F.);
#1215=ORIENTED_EDGE('',*,*,#2316,.F.);
#1216=ORIENTED_EDGE('',*,*,#2317,.T.);
#1217=ORIENTED_EDGE('',*,*,#2318,.F.);
#1218=ORIENTED_EDGE('',*,*,#2297,.F.);
#1219=ORIENTED_EDGE('',*,*,#2319,.F.);
#1220=ORIENTED_EDGE('',*,*,#2320,.F.);
#1221=ORIENTED_EDGE('',*,*,#2321,.F.);
#1222=ORIENTED_EDGE('',*,*,#2232,.T.);
#1223=ORIENTED_EDGE('',*,*,#2322,.F.);
#1224=ORIENTED_EDGE('',*,*,#2315,.T.);
#1225=ORIENTED_EDGE('',*,*,#2323,.F.);
#1226=ORIENTED_EDGE('',*,*,#2263,.F.);
#1227=ORIENTED_EDGE('',*,*,#2324,.F.);
#1228=ORIENTED_EDGE('',*,*,#2325,.T.);
#1229=ORIENTED_EDGE('',*,*,#2326,.F.);
#1230=ORIENTED_EDGE('',*,*,#2320,.T.);
#1231=ORIENTED_EDGE('',*,*,#2327,.F.);
#1232=ORIENTED_EDGE('',*,*,#2328,.F.);
#1233=ORIENTED_EDGE('',*,*,#2329,.T.);
#1234=ORIENTED_EDGE('',*,*,#2330,.T.);
#1235=ORIENTED_EDGE('',*,*,#2331,.F.);
#1236=ORIENTED_EDGE('',*,*,#2332,.F.);
#1237=ORIENTED_EDGE('',*,*,#2333,.T.);
#1238=ORIENTED_EDGE('',*,*,#2334,.T.);
#1239=ORIENTED_EDGE('',*,*,#2335,.T.);
#1240=ORIENTED_EDGE('',*,*,#2336,.T.);
#1241=ORIENTED_EDGE('',*,*,#2337,.T.);
#1242=ORIENTED_EDGE('',*,*,#2338,.T.);
#1243=ORIENTED_EDGE('',*,*,#2339,.T.);
#1244=ORIENTED_EDGE('',*,*,#2340,.T.);
#1245=ORIENTED_EDGE('',*,*,#2341,.T.);
#1246=ORIENTED_EDGE('',*,*,#2342,.T.);
#1247=ORIENTED_EDGE('',*,*,#2343,.F.);
#1248=ORIENTED_EDGE('',*,*,#2344,.F.);
#1249=ORIENTED_EDGE('',*,*,#2345,.F.);
#1250=ORIENTED_EDGE('',*,*,#2346,.F.);
#1251=ORIENTED_EDGE('',*,*,#2347,.F.);
#1252=ORIENTED_EDGE('',*,*,#2348,.F.);
#1253=ORIENTED_EDGE('',*,*,#2349,.F.);
#1254=ORIENTED_EDGE('',*,*,#2350,.F.);
#1255=ORIENTED_EDGE('',*,*,#2344,.T.);
#1256=ORIENTED_EDGE('',*,*,#2351,.T.);
#1257=ORIENTED_EDGE('',*,*,#2352,.F.);
#1258=ORIENTED_EDGE('',*,*,#2353,.T.);
#1259=ORIENTED_EDGE('',*,*,#2354,.F.);
#1260=ORIENTED_EDGE('',*,*,#2153,.T.);
#1261=ORIENTED_EDGE('',*,*,#2355,.F.);
#1262=ORIENTED_EDGE('',*,*,#2356,.T.);
#1263=ORIENTED_EDGE('',*,*,#2357,.F.);
#1264=ORIENTED_EDGE('',*,*,#2358,.T.);
#1265=ORIENTED_EDGE('',*,*,#2359,.F.);
#1266=ORIENTED_EDGE('',*,*,#2360,.T.);
#1267=ORIENTED_EDGE('',*,*,#2361,.F.);
#1268=ORIENTED_EDGE('',*,*,#2151,.T.);
#1269=ORIENTED_EDGE('',*,*,#2362,.F.);
#1270=ORIENTED_EDGE('',*,*,#2363,.T.);
#1271=ORIENTED_EDGE('',*,*,#2364,.F.);
#1272=ORIENTED_EDGE('',*,*,#2365,.F.);
#1273=ORIENTED_EDGE('',*,*,#2366,.T.);
#1274=ORIENTED_EDGE('',*,*,#2367,.T.);
#1275=ORIENTED_EDGE('',*,*,#2368,.F.);
#1276=ORIENTED_EDGE('',*,*,#2369,.T.);
#1277=ORIENTED_EDGE('',*,*,#2370,.F.);
#1278=ORIENTED_EDGE('',*,*,#2371,.T.);
#1279=ORIENTED_EDGE('',*,*,#2372,.F.);
#1280=ORIENTED_EDGE('',*,*,#2373,.F.);
#1281=ORIENTED_EDGE('',*,*,#2374,.F.);
#1282=ORIENTED_EDGE('',*,*,#2375,.F.);
#1283=ORIENTED_EDGE('',*,*,#2376,.F.);
#1284=ORIENTED_EDGE('',*,*,#2377,.F.);
#1285=ORIENTED_EDGE('',*,*,#2378,.T.);
#1286=ORIENTED_EDGE('',*,*,#2379,.F.);
#1287=ORIENTED_EDGE('',*,*,#2380,.T.);
#1288=ORIENTED_EDGE('',*,*,#2381,.F.);
#1289=ORIENTED_EDGE('',*,*,#2157,.T.);
#1290=ORIENTED_EDGE('',*,*,#2382,.F.);
#1291=ORIENTED_EDGE('',*,*,#2383,.T.);
#1292=ORIENTED_EDGE('',*,*,#2329,.F.);
#1293=ORIENTED_EDGE('',*,*,#2384,.F.);
#1294=ORIENTED_EDGE('',*,*,#2385,.T.);
#1295=ORIENTED_EDGE('',*,*,#2255,.F.);
#1296=ORIENTED_EDGE('',*,*,#2386,.F.);
#1297=ORIENTED_EDGE('',*,*,#2387,.F.);
#1298=ORIENTED_EDGE('',*,*,#2099,.F.);
#1299=ORIENTED_EDGE('',*,*,#2304,.F.);
#1300=ORIENTED_EDGE('',*,*,#2388,.F.);
#1301=ORIENTED_EDGE('',*,*,#2327,.T.);
#1302=ORIENTED_EDGE('',*,*,#2323,.T.);
#1303=ORIENTED_EDGE('',*,*,#2314,.T.);
#1304=ORIENTED_EDGE('',*,*,#2389,.T.);
#1305=ORIENTED_EDGE('',*,*,#2390,.T.);
#1306=ORIENTED_EDGE('',*,*,#2391,.T.);
#1307=ORIENTED_EDGE('',*,*,#2392,.T.);
#1308=ORIENTED_EDGE('',*,*,#2393,.F.);
#1309=ORIENTED_EDGE('',*,*,#2394,.F.);
#1310=ORIENTED_EDGE('',*,*,#2395,.T.);
#1311=ORIENTED_EDGE('',*,*,#2396,.F.);
#1312=ORIENTED_EDGE('',*,*,#2397,.F.);
#1313=ORIENTED_EDGE('',*,*,#2398,.T.);
#1314=ORIENTED_EDGE('',*,*,#2399,.F.);
#1315=ORIENTED_EDGE('',*,*,#2123,.T.);
#1316=ORIENTED_EDGE('',*,*,#2400,.F.);
#1317=ORIENTED_EDGE('',*,*,#2401,.F.);
#1318=ORIENTED_EDGE('',*,*,#2402,.T.);
#1319=ORIENTED_EDGE('',*,*,#2403,.F.);
#1320=ORIENTED_EDGE('',*,*,#2100,.F.);
#1321=ORIENTED_EDGE('',*,*,#2393,.T.);
#1322=ORIENTED_EDGE('',*,*,#2404,.T.);
#1323=ORIENTED_EDGE('',*,*,#2405,.F.);
#1324=ORIENTED_EDGE('',*,*,#2102,.F.);
#1325=ORIENTED_EDGE('',*,*,#2406,.F.);
#1326=ORIENTED_EDGE('',*,*,#2407,.T.);
#1327=ORIENTED_EDGE('',*,*,#2408,.F.);
#1328=ORIENTED_EDGE('',*,*,#2347,.T.);
#1329=ORIENTED_EDGE('',*,*,#2343,.T.);
#1330=ORIENTED_EDGE('',*,*,#2409,.T.);
#1331=ORIENTED_EDGE('',*,*,#2090,.T.);
#1332=ORIENTED_EDGE('',*,*,#2410,.F.);
#1333=ORIENTED_EDGE('',*,*,#2348,.T.);
#1334=ORIENTED_EDGE('',*,*,#2349,.T.);
#1335=ORIENTED_EDGE('',*,*,#2410,.T.);
#1336=ORIENTED_EDGE('',*,*,#2089,.T.);
#1337=ORIENTED_EDGE('',*,*,#2411,.F.);
#1338=ORIENTED_EDGE('',*,*,#2088,.T.);
#1339=ORIENTED_EDGE('',*,*,#2412,.T.);
#1340=ORIENTED_EDGE('',*,*,#2333,.F.);
#1341=ORIENTED_EDGE('',*,*,#2350,.T.);
#1342=ORIENTED_EDGE('',*,*,#2411,.T.);
#1343=ORIENTED_EDGE('',*,*,#2142,.T.);
#1344=ORIENTED_EDGE('',*,*,#2346,.T.);
#1345=ORIENTED_EDGE('',*,*,#2104,.F.);
#1346=ORIENTED_EDGE('',*,*,#2180,.T.);
#1347=ORIENTED_EDGE('',*,*,#2413,.T.);
#1348=ORIENTED_EDGE('',*,*,#2366,.F.);
#1349=ORIENTED_EDGE('',*,*,#2414,.F.);
#1350=ORIENTED_EDGE('',*,*,#2415,.F.);
#1351=ORIENTED_EDGE('',*,*,#2105,.T.);
#1352=ORIENTED_EDGE('',*,*,#2414,.T.);
#1353=ORIENTED_EDGE('',*,*,#2365,.T.);
#1354=ORIENTED_EDGE('',*,*,#2170,.F.);
#1355=ORIENTED_EDGE('',*,*,#2106,.T.);
#1356=ORIENTED_EDGE('',*,*,#2415,.T.);
#1357=ORIENTED_EDGE('',*,*,#2364,.T.);
#1358=ORIENTED_EDGE('',*,*,#2416,.T.);
#1359=ORIENTED_EDGE('',*,*,#2091,.F.);
#1360=ORIENTED_EDGE('',*,*,#2409,.F.);
#1361=ORIENTED_EDGE('',*,*,#2342,.F.);
#1362=ORIENTED_EDGE('',*,*,#2417,.F.);
#1363=ORIENTED_EDGE('',*,*,#2418,.F.);
#1364=ORIENTED_EDGE('',*,*,#2417,.T.);
#1365=ORIENTED_EDGE('',*,*,#2341,.F.);
#1366=ORIENTED_EDGE('',*,*,#2419,.F.);
#1367=ORIENTED_EDGE('',*,*,#2420,.F.);
#1368=ORIENTED_EDGE('',*,*,#2158,.F.);
#1369=ORIENTED_EDGE('',*,*,#2421,.F.);
#1370=ORIENTED_EDGE('',*,*,#2419,.T.);
#1371=ORIENTED_EDGE('',*,*,#2340,.F.);
#1372=ORIENTED_EDGE('',*,*,#2422,.F.);
#1373=ORIENTED_EDGE('',*,*,#2423,.F.);
#1374=ORIENTED_EDGE('',*,*,#2139,.F.);
#1375=ORIENTED_EDGE('',*,*,#2424,.F.);
#1376=ORIENTED_EDGE('',*,*,#2425,.F.);
#1377=ORIENTED_EDGE('',*,*,#2334,.F.);
#1378=ORIENTED_EDGE('',*,*,#2412,.F.);
#1379=ORIENTED_EDGE('',*,*,#2087,.F.);
#1380=ORIENTED_EDGE('',*,*,#2426,.F.);
#1381=ORIENTED_EDGE('',*,*,#2395,.F.);
#1382=ORIENTED_EDGE('',*,*,#2427,.F.);
#1383=ORIENTED_EDGE('',*,*,#2422,.T.);
#1384=ORIENTED_EDGE('',*,*,#2339,.F.);
#1385=ORIENTED_EDGE('',*,*,#2428,.F.);
#1386=ORIENTED_EDGE('',*,*,#2429,.F.);
#1387=ORIENTED_EDGE('',*,*,#2168,.F.);
#1388=ORIENTED_EDGE('',*,*,#2430,.F.);
#1389=ORIENTED_EDGE('',*,*,#2431,.F.);
#1390=ORIENTED_EDGE('',*,*,#2335,.F.);
#1391=ORIENTED_EDGE('',*,*,#2425,.T.);
#1392=ORIENTED_EDGE('',*,*,#2432,.F.);
#1393=ORIENTED_EDGE('',*,*,#2402,.F.);
#1394=ORIENTED_EDGE('',*,*,#2433,.F.);
#1395=ORIENTED_EDGE('',*,*,#2428,.T.);
#1396=ORIENTED_EDGE('',*,*,#2338,.F.);
#1397=ORIENTED_EDGE('',*,*,#2434,.F.);
#1398=ORIENTED_EDGE('',*,*,#2435,.F.);
#1399=ORIENTED_EDGE('',*,*,#2306,.F.);
#1400=ORIENTED_EDGE('',*,*,#2436,.F.);
#1401=ORIENTED_EDGE('',*,*,#2437,.F.);
#1402=ORIENTED_EDGE('',*,*,#2336,.F.);
#1403=ORIENTED_EDGE('',*,*,#2431,.T.);
#1404=ORIENTED_EDGE('',*,*,#2438,.F.);
#1405=ORIENTED_EDGE('',*,*,#2407,.F.);
#1406=ORIENTED_EDGE('',*,*,#2439,.F.);
#1407=ORIENTED_EDGE('',*,*,#2434,.T.);
#1408=ORIENTED_EDGE('',*,*,#2337,.F.);
#1409=ORIENTED_EDGE('',*,*,#2437,.T.);
#1410=ORIENTED_EDGE('',*,*,#2440,.F.);
#1411=ORIENTED_EDGE('',*,*,#2404,.F.);
#1412=ORIENTED_EDGE('',*,*,#2392,.F.);
#1413=ORIENTED_EDGE('',*,*,#2441,.F.);
#1414=ORIENTED_EDGE('',*,*,#2442,.F.);
#1415=ORIENTED_EDGE('',*,*,#2378,.F.);
#1416=ORIENTED_EDGE('',*,*,#2443,.F.);
#1417=ORIENTED_EDGE('',*,*,#2441,.T.);
#1418=ORIENTED_EDGE('',*,*,#2391,.F.);
#1419=ORIENTED_EDGE('',*,*,#2444,.F.);
#1420=ORIENTED_EDGE('',*,*,#2445,.F.);
#1421=ORIENTED_EDGE('',*,*,#2369,.F.);
#1422=ORIENTED_EDGE('',*,*,#2446,.F.);
#1423=ORIENTED_EDGE('',*,*,#2358,.F.);
#1424=ORIENTED_EDGE('',*,*,#2447,.F.);
#1425=ORIENTED_EDGE('',*,*,#2444,.T.);
#1426=ORIENTED_EDGE('',*,*,#2390,.F.);
#1427=ORIENTED_EDGE('',*,*,#2448,.F.);
#1428=ORIENTED_EDGE('',*,*,#2449,.F.);
#1429=ORIENTED_EDGE('',*,*,#2353,.F.);
#1430=ORIENTED_EDGE('',*,*,#2450,.F.);
#1431=ORIENTED_EDGE('',*,*,#2448,.T.);
#1432=ORIENTED_EDGE('',*,*,#2389,.F.);
#1433=ORIENTED_EDGE('',*,*,#2313,.F.);
#1434=ORIENTED_EDGE('',*,*,#2451,.F.);
#1435=ORIENTED_EDGE('',*,*,#2452,.F.);
#1436=ORIENTED_EDGE('',*,*,#2171,.F.);
#1437=ORIENTED_EDGE('',*,*,#2416,.F.);
#1438=ORIENTED_EDGE('',*,*,#2363,.F.);
#1439=ORIENTED_EDGE('',*,*,#2453,.F.);
#1440=ORIENTED_EDGE('',*,*,#2162,.F.);
#1441=ORIENTED_EDGE('',*,*,#2454,.F.);
#1442=ORIENTED_EDGE('',*,*,#2455,.F.);
#1443=ORIENTED_EDGE('',*,*,#2172,.F.);
#1444=ORIENTED_EDGE('',*,*,#2452,.T.);
#1445=ORIENTED_EDGE('',*,*,#2456,.F.);
#1446=ORIENTED_EDGE('',*,*,#2457,.F.);
#1447=ORIENTED_EDGE('',*,*,#2173,.F.);
#1448=ORIENTED_EDGE('',*,*,#2455,.T.);
#1449=ORIENTED_EDGE('',*,*,#2458,.F.);
#1450=ORIENTED_EDGE('',*,*,#2292,.F.);
#1451=ORIENTED_EDGE('',*,*,#2459,.F.);
#1452=ORIENTED_EDGE('',*,*,#2269,.F.);
#1453=ORIENTED_EDGE('',*,*,#2460,.F.);
#1454=ORIENTED_EDGE('',*,*,#2461,.F.);
#1455=ORIENTED_EDGE('',*,*,#2174,.F.);
#1456=ORIENTED_EDGE('',*,*,#2457,.T.);
#1457=ORIENTED_EDGE('',*,*,#2462,.F.);
#1458=ORIENTED_EDGE('',*,*,#2256,.F.);
#1459=ORIENTED_EDGE('',*,*,#2463,.F.);
#1460=ORIENTED_EDGE('',*,*,#2175,.F.);
#1461=ORIENTED_EDGE('',*,*,#2461,.T.);
#1462=ORIENTED_EDGE('',*,*,#2464,.F.);
#1463=ORIENTED_EDGE('',*,*,#2330,.F.);
#1464=ORIENTED_EDGE('',*,*,#2465,.F.);
#1465=ORIENTED_EDGE('',*,*,#2176,.F.);
#1466=ORIENTED_EDGE('',*,*,#2463,.T.);
#1467=ORIENTED_EDGE('',*,*,#2385,.F.);
#1468=ORIENTED_EDGE('',*,*,#2466,.F.);
#1469=ORIENTED_EDGE('',*,*,#2398,.F.);
#1470=ORIENTED_EDGE('',*,*,#2467,.F.);
#1471=ORIENTED_EDGE('',*,*,#2468,.F.);
#1472=ORIENTED_EDGE('',*,*,#2177,.F.);
#1473=ORIENTED_EDGE('',*,*,#2465,.T.);
#1474=ORIENTED_EDGE('',*,*,#2383,.F.);
#1475=ORIENTED_EDGE('',*,*,#2469,.F.);
#1476=ORIENTED_EDGE('',*,*,#2165,.F.);
#1477=ORIENTED_EDGE('',*,*,#2470,.F.);
#1478=ORIENTED_EDGE('',*,*,#2471,.F.);
#1479=ORIENTED_EDGE('',*,*,#2178,.F.);
#1480=ORIENTED_EDGE('',*,*,#2468,.T.);
#1481=ORIENTED_EDGE('',*,*,#2472,.F.);
#1482=ORIENTED_EDGE('',*,*,#2367,.F.);
#1483=ORIENTED_EDGE('',*,*,#2413,.F.);
#1484=ORIENTED_EDGE('',*,*,#2179,.F.);
#1485=ORIENTED_EDGE('',*,*,#2471,.T.);
#1486=ORIENTED_EDGE('',*,*,#2473,.F.);
#1487=ORIENTED_EDGE('',*,*,#2474,.T.);
#1488=ORIENTED_EDGE('',*,*,#2146,.T.);
#1489=ORIENTED_EDGE('',*,*,#2361,.T.);
#1490=ORIENTED_EDGE('',*,*,#2475,.T.);
#1491=ORIENTED_EDGE('',*,*,#2294,.T.);
#1492=ORIENTED_EDGE('',*,*,#2476,.T.);
#1493=ORIENTED_EDGE('',*,*,#2108,.T.);
#1494=ORIENTED_EDGE('',*,*,#2137,.F.);
#1495=ORIENTED_EDGE('',*,*,#2143,.T.);
#1496=ORIENTED_EDGE('',*,*,#2069,.F.);
#1497=ORIENTED_EDGE('',*,*,#2110,.T.);
#1498=ORIENTED_EDGE('',*,*,#2477,.T.);
#1499=ORIENTED_EDGE('',*,*,#2478,.F.);
#1500=ORIENTED_EDGE('',*,*,#2479,.F.);
#1501=ORIENTED_EDGE('',*,*,#2480,.F.);
#1502=ORIENTED_EDGE('',*,*,#2481,.F.);
#1503=ORIENTED_EDGE('',*,*,#2482,.F.);
#1504=ORIENTED_EDGE('',*,*,#2483,.F.);
#1505=ORIENTED_EDGE('',*,*,#2484,.T.);
#1506=ORIENTED_EDGE('',*,*,#2485,.F.);
#1507=ORIENTED_EDGE('',*,*,#2486,.F.);
#1508=ORIENTED_EDGE('',*,*,#2487,.F.);
#1509=ORIENTED_EDGE('',*,*,#2488,.F.);
#1510=ORIENTED_EDGE('',*,*,#2489,.T.);
#1511=ORIENTED_EDGE('',*,*,#2490,.F.);
#1512=ORIENTED_EDGE('',*,*,#2491,.F.);
#1513=ORIENTED_EDGE('',*,*,#2492,.F.);
#1514=ORIENTED_EDGE('',*,*,#2205,.T.);
#1515=ORIENTED_EDGE('',*,*,#2493,.F.);
#1516=ORIENTED_EDGE('',*,*,#2221,.T.);
#1517=ORIENTED_EDGE('',*,*,#2238,.F.);
#1518=ORIENTED_EDGE('',*,*,#2186,.T.);
#1519=ORIENTED_EDGE('',*,*,#2494,.F.);
#1520=ORIENTED_EDGE('',*,*,#2495,.T.);
#1521=ORIENTED_EDGE('',*,*,#2496,.F.);
#1522=ORIENTED_EDGE('',*,*,#2497,.F.);
#1523=ORIENTED_EDGE('',*,*,#2498,.F.);
#1524=ORIENTED_EDGE('',*,*,#2499,.F.);
#1525=ORIENTED_EDGE('',*,*,#2500,.F.);
#1526=ORIENTED_EDGE('',*,*,#2501,.T.);
#1527=ORIENTED_EDGE('',*,*,#2502,.F.);
#1528=ORIENTED_EDGE('',*,*,#2503,.F.);
#1529=ORIENTED_EDGE('',*,*,#2317,.F.);
#1530=ORIENTED_EDGE('',*,*,#2504,.F.);
#1531=ORIENTED_EDGE('',*,*,#2207,.T.);
#1532=ORIENTED_EDGE('',*,*,#2505,.F.);
#1533=ORIENTED_EDGE('',*,*,#2506,.F.);
#1534=ORIENTED_EDGE('',*,*,#2507,.F.);
#1535=ORIENTED_EDGE('',*,*,#2508,.T.);
#1536=ORIENTED_EDGE('',*,*,#2509,.F.);
#1537=ORIENTED_EDGE('',*,*,#2188,.T.);
#1538=ORIENTED_EDGE('',*,*,#2237,.F.);
#1539=ORIENTED_EDGE('',*,*,#2218,.F.);
#1540=ORIENTED_EDGE('',*,*,#2510,.F.);
#1541=ORIENTED_EDGE('',*,*,#2209,.T.);
#1542=ORIENTED_EDGE('',*,*,#2511,.F.);
#1543=ORIENTED_EDGE('',*,*,#2301,.F.);
#1544=ORIENTED_EDGE('',*,*,#2512,.T.);
#1545=ORIENTED_EDGE('',*,*,#2513,.F.);
#1546=ORIENTED_EDGE('',*,*,#2514,.T.);
#1547=ORIENTED_EDGE('',*,*,#2515,.F.);
#1548=ORIENTED_EDGE('',*,*,#2516,.F.);
#1549=ORIENTED_EDGE('',*,*,#2517,.F.);
#1550=ORIENTED_EDGE('',*,*,#2310,.F.);
#1551=ORIENTED_EDGE('',*,*,#2518,.F.);
#1552=ORIENTED_EDGE('',*,*,#2519,.F.);
#1553=ORIENTED_EDGE('',*,*,#2213,.T.);
#1554=ORIENTED_EDGE('',*,*,#2520,.F.);
#1555=ORIENTED_EDGE('',*,*,#2325,.F.);
#1556=ORIENTED_EDGE('',*,*,#2521,.F.);
#1557=ORIENTED_EDGE('',*,*,#2522,.F.);
#1558=ORIENTED_EDGE('',*,*,#2523,.F.);
#1559=ORIENTED_EDGE('',*,*,#2254,.T.);
#1560=ORIENTED_EDGE('',*,*,#2524,.T.);
#1561=ORIENTED_EDGE('',*,*,#2525,.T.);
#1562=ORIENTED_EDGE('',*,*,#2526,.T.);
#1563=ORIENTED_EDGE('',*,*,#2527,.F.);
#1564=ORIENTED_EDGE('',*,*,#2527,.T.);
#1565=ORIENTED_EDGE('',*,*,#2225,.F.);
#1566=ORIENTED_EDGE('',*,*,#2195,.T.);
#1567=ORIENTED_EDGE('',*,*,#2245,.F.);
#1568=ORIENTED_EDGE('',*,*,#2526,.F.);
#1569=ORIENTED_EDGE('',*,*,#2528,.T.);
#1570=ORIENTED_EDGE('',*,*,#2253,.T.);
#1571=ORIENTED_EDGE('',*,*,#2199,.T.);
#1572=ORIENTED_EDGE('',*,*,#2227,.F.);
#1573=ORIENTED_EDGE('',*,*,#2529,.F.);
#1574=ORIENTED_EDGE('',*,*,#2524,.F.);
#1575=ORIENTED_EDGE('',*,*,#2529,.T.);
#1576=ORIENTED_EDGE('',*,*,#2226,.F.);
#1577=ORIENTED_EDGE('',*,*,#2528,.F.);
#1578=ORIENTED_EDGE('',*,*,#2525,.F.);
#1579=ORIENTED_EDGE('',*,*,#2222,.T.);
#1580=ORIENTED_EDGE('',*,*,#2493,.T.);
#1581=ORIENTED_EDGE('',*,*,#2204,.T.);
#1582=ORIENTED_EDGE('',*,*,#2230,.T.);
#1583=ORIENTED_EDGE('',*,*,#2220,.T.);
#1584=ORIENTED_EDGE('',*,*,#2523,.T.);
#1585=ORIENTED_EDGE('',*,*,#2217,.T.);
#1586=ORIENTED_EDGE('',*,*,#2234,.T.);
#1587=ORIENTED_EDGE('',*,*,#2210,.T.);
#1588=ORIENTED_EDGE('',*,*,#2510,.T.);
#1589=ORIENTED_EDGE('',*,*,#2215,.T.);
#1590=ORIENTED_EDGE('',*,*,#2522,.T.);
#1591=ORIENTED_EDGE('',*,*,#2201,.T.);
#1592=ORIENTED_EDGE('',*,*,#2252,.F.);
#1593=ORIENTED_EDGE('',*,*,#2530,.F.);
#1594=ORIENTED_EDGE('',*,*,#2531,.F.);
#1595=ORIENTED_EDGE('',*,*,#2239,.F.);
#1596=ORIENTED_EDGE('',*,*,#2532,.F.);
#1597=ORIENTED_EDGE('',*,*,#2530,.T.);
#1598=ORIENTED_EDGE('',*,*,#2251,.F.);
#1599=ORIENTED_EDGE('',*,*,#2533,.F.);
#1600=ORIENTED_EDGE('',*,*,#2534,.F.);
#1601=ORIENTED_EDGE('',*,*,#2495,.F.);
#1602=ORIENTED_EDGE('',*,*,#2535,.F.);
#1603=ORIENTED_EDGE('',*,*,#2489,.F.);
#1604=ORIENTED_EDGE('',*,*,#2536,.F.);
#1605=ORIENTED_EDGE('',*,*,#2533,.T.);
#1606=ORIENTED_EDGE('',*,*,#2250,.F.);
#1607=ORIENTED_EDGE('',*,*,#2537,.F.);
#1608=ORIENTED_EDGE('',*,*,#2538,.F.);
#1609=ORIENTED_EDGE('',*,*,#2484,.F.);
#1610=ORIENTED_EDGE('',*,*,#2539,.F.);
#1611=ORIENTED_EDGE('',*,*,#2537,.T.);
#1612=ORIENTED_EDGE('',*,*,#2249,.F.);
#1613=ORIENTED_EDGE('',*,*,#2540,.F.);
#1614=ORIENTED_EDGE('',*,*,#2541,.F.);
#1615=ORIENTED_EDGE('',*,*,#2501,.F.);
#1616=ORIENTED_EDGE('',*,*,#2542,.F.);
#1617=ORIENTED_EDGE('',*,*,#2540,.T.);
#1618=ORIENTED_EDGE('',*,*,#2248,.F.);
#1619=ORIENTED_EDGE('',*,*,#2543,.F.);
#1620=ORIENTED_EDGE('',*,*,#2544,.F.);
#1621=ORIENTED_EDGE('',*,*,#2545,.F.);
#1622=ORIENTED_EDGE('',*,*,#2246,.F.);
#1623=ORIENTED_EDGE('',*,*,#2193,.T.);
#1624=ORIENTED_EDGE('',*,*,#2546,.F.);
#1625=ORIENTED_EDGE('',*,*,#2242,.F.);
#1626=ORIENTED_EDGE('',*,*,#2547,.F.);
#1627=ORIENTED_EDGE('',*,*,#2543,.T.);
#1628=ORIENTED_EDGE('',*,*,#2247,.F.);
#1629=ORIENTED_EDGE('',*,*,#2545,.T.);
#1630=ORIENTED_EDGE('',*,*,#2548,.F.);
#1631=ORIENTED_EDGE('',*,*,#2508,.F.);
#1632=ORIENTED_EDGE('',*,*,#2549,.F.);
#1633=ORIENTED_EDGE('',*,*,#2550,.T.);
#1634=ORIENTED_EDGE('',*,*,#2152,.T.);
#1635=ORIENTED_EDGE('',*,*,#2381,.T.);
#1636=ORIENTED_EDGE('',*,*,#2551,.T.);
#1637=ORIENTED_EDGE('',*,*,#2355,.T.);
#1638=ORIENTED_EDGE('',*,*,#2130,.T.);
#1639=ORIENTED_EDGE('',*,*,#2345,.T.);
#1640=ORIENTED_EDGE('',*,*,#2084,.F.);
#1641=ORIENTED_EDGE('',*,*,#2133,.T.);
#1642=ORIENTED_EDGE('',*,*,#2308,.F.);
#1643=ORIENTED_EDGE('',*,*,#2115,.T.);
#1644=ORIENTED_EDGE('',*,*,#2550,.F.);
#1645=ORIENTED_EDGE('',*,*,#2552,.F.);
#1646=ORIENTED_EDGE('',*,*,#2356,.F.);
#1647=ORIENTED_EDGE('',*,*,#2551,.F.);
#1648=ORIENTED_EDGE('',*,*,#2380,.F.);
#1649=ORIENTED_EDGE('',*,*,#2553,.F.);
#1650=ORIENTED_EDGE('',*,*,#2371,.F.);
#1651=ORIENTED_EDGE('',*,*,#2554,.F.);
#1652=ORIENTED_EDGE('',*,*,#2295,.F.);
#1653=ORIENTED_EDGE('',*,*,#2475,.F.);
#1654=ORIENTED_EDGE('',*,*,#2360,.F.);
#1655=ORIENTED_EDGE('',*,*,#2555,.F.);
#1656=ORIENTED_EDGE('',*,*,#2351,.F.);
#1657=ORIENTED_EDGE('',*,*,#2556,.F.);
#1658=ORIENTED_EDGE('',*,*,#2474,.F.);
#1659=ORIENTED_EDGE('',*,*,#2476,.F.);
#1660=ORIENTED_EDGE('',*,*,#2273,.T.);
#1661=ORIENTED_EDGE('',*,*,#2557,.F.);
#1662=ORIENTED_EDGE('',*,*,#2481,.T.);
#1663=ORIENTED_EDGE('',*,*,#2558,.F.);
#1664=ORIENTED_EDGE('',*,*,#2277,.F.);
#1665=ORIENTED_EDGE('',*,*,#2559,.F.);
#1666=ORIENTED_EDGE('',*,*,#2477,.F.);
#1667=ORIENTED_EDGE('',*,*,#2560,.F.);
#1668=ORIENTED_EDGE('',*,*,#2479,.T.);
#1669=ORIENTED_EDGE('',*,*,#2561,.F.);
#1670=ORIENTED_EDGE('',*,*,#2275,.T.);
#1671=ORIENTED_EDGE('',*,*,#2562,.F.);
#1672=ORIENTED_EDGE('',*,*,#2109,.T.);
#1673=ORIENTED_EDGE('',*,*,#2552,.T.);
#1674=ORIENTED_EDGE('',*,*,#2516,.T.);
#1675=ORIENTED_EDGE('',*,*,#2563,.F.);
#1676=ORIENTED_EDGE('',*,*,#2076,.F.);
#1677=ORIENTED_EDGE('',*,*,#2564,.F.);
#1678=ORIENTED_EDGE('',*,*,#2095,.F.);
#1679=ORIENTED_EDGE('',*,*,#2565,.F.);
#1680=ORIENTED_EDGE('',*,*,#2566,.F.);
#1681=ORIENTED_EDGE('',*,*,#2512,.F.);
#1682=ORIENTED_EDGE('',*,*,#2300,.T.);
#1683=ORIENTED_EDGE('',*,*,#2567,.F.);
#1684=ORIENTED_EDGE('',*,*,#2568,.F.);
#1685=ORIENTED_EDGE('',*,*,#2078,.T.);
#1686=ORIENTED_EDGE('',*,*,#2569,.F.);
#1687=ORIENTED_EDGE('',*,*,#2514,.F.);
#1688=ORIENTED_EDGE('',*,*,#2570,.F.);
#1689=ORIENTED_EDGE('',*,*,#2418,.T.);
#1690=ORIENTED_EDGE('',*,*,#2421,.T.);
#1691=ORIENTED_EDGE('',*,*,#2160,.T.);
#1692=ORIENTED_EDGE('',*,*,#2111,.T.);
#1693=ORIENTED_EDGE('',*,*,#2092,.T.);
#1694=ORIENTED_EDGE('',*,*,#2420,.T.);
#1695=ORIENTED_EDGE('',*,*,#2424,.T.);
#1696=ORIENTED_EDGE('',*,*,#2138,.T.);
#1697=ORIENTED_EDGE('',*,*,#2113,.T.);
#1698=ORIENTED_EDGE('',*,*,#2159,.T.);
#1699=ORIENTED_EDGE('',*,*,#2127,.T.);
#1700=ORIENTED_EDGE('',*,*,#2080,.T.);
#1701=ORIENTED_EDGE('',*,*,#2571,.F.);
#1702=ORIENTED_EDGE('',*,*,#2567,.T.);
#1703=ORIENTED_EDGE('',*,*,#2299,.T.);
#1704=ORIENTED_EDGE('',*,*,#2432,.T.);
#1705=ORIENTED_EDGE('',*,*,#2426,.T.);
#1706=ORIENTED_EDGE('',*,*,#2086,.T.);
#1707=ORIENTED_EDGE('',*,*,#2119,.T.);
#1708=ORIENTED_EDGE('',*,*,#2169,.T.);
#1709=ORIENTED_EDGE('',*,*,#2438,.T.);
#1710=ORIENTED_EDGE('',*,*,#2430,.T.);
#1711=ORIENTED_EDGE('',*,*,#2167,.T.);
#1712=ORIENTED_EDGE('',*,*,#2117,.T.);
#1713=ORIENTED_EDGE('',*,*,#2307,.T.);
#1714=ORIENTED_EDGE('',*,*,#2440,.T.);
#1715=ORIENTED_EDGE('',*,*,#2436,.T.);
#1716=ORIENTED_EDGE('',*,*,#2305,.T.);
#1717=ORIENTED_EDGE('',*,*,#2103,.T.);
#1718=ORIENTED_EDGE('',*,*,#2408,.T.);
#1719=ORIENTED_EDGE('',*,*,#2435,.T.);
#1720=ORIENTED_EDGE('',*,*,#2439,.T.);
#1721=ORIENTED_EDGE('',*,*,#2406,.T.);
#1722=ORIENTED_EDGE('',*,*,#2101,.T.);
#1723=ORIENTED_EDGE('',*,*,#2403,.T.);
#1724=ORIENTED_EDGE('',*,*,#2396,.T.);
#1725=ORIENTED_EDGE('',*,*,#2429,.T.);
#1726=ORIENTED_EDGE('',*,*,#2433,.T.);
#1727=ORIENTED_EDGE('',*,*,#2401,.T.);
#1728=ORIENTED_EDGE('',*,*,#2572,.F.);
#1729=ORIENTED_EDGE('',*,*,#2140,.T.);
#1730=ORIENTED_EDGE('',*,*,#2423,.T.);
#1731=ORIENTED_EDGE('',*,*,#2427,.T.);
#1732=ORIENTED_EDGE('',*,*,#2394,.T.);
#1733=ORIENTED_EDGE('',*,*,#2573,.F.);
#1734=ORIENTED_EDGE('',*,*,#2331,.T.);
#1735=ORIENTED_EDGE('',*,*,#2467,.T.);
#1736=ORIENTED_EDGE('',*,*,#2400,.T.);
#1737=ORIENTED_EDGE('',*,*,#2122,.T.);
#1738=ORIENTED_EDGE('',*,*,#2134,.T.);
#1739=ORIENTED_EDGE('',*,*,#2574,.F.);
#1740=ORIENTED_EDGE('',*,*,#2073,.T.);
#1741=ORIENTED_EDGE('',*,*,#2124,.T.);
#1742=ORIENTED_EDGE('',*,*,#2399,.T.);
#1743=ORIENTED_EDGE('',*,*,#2466,.T.);
#1744=ORIENTED_EDGE('',*,*,#2387,.T.);
#1745=ORIENTED_EDGE('',*,*,#2575,.F.);
#1746=ORIENTED_EDGE('',*,*,#2096,.T.);
#1747=ORIENTED_EDGE('',*,*,#2564,.T.);
#1748=ORIENTED_EDGE('',*,*,#2075,.T.);
#1749=ORIENTED_EDGE('',*,*,#2576,.F.);
#1750=ORIENTED_EDGE('',*,*,#2502,.T.);
#1751=ORIENTED_EDGE('',*,*,#2544,.T.);
#1752=ORIENTED_EDGE('',*,*,#2549,.T.);
#1753=ORIENTED_EDGE('',*,*,#2507,.T.);
#1754=ORIENTED_EDGE('',*,*,#2577,.F.);
#1755=ORIENTED_EDGE('',*,*,#2189,.T.);
#1756=ORIENTED_EDGE('',*,*,#2509,.T.);
#1757=ORIENTED_EDGE('',*,*,#2548,.T.);
#1758=ORIENTED_EDGE('',*,*,#2547,.T.);
#1759=ORIENTED_EDGE('',*,*,#2244,.T.);
#1760=ORIENTED_EDGE('',*,*,#2302,.T.);
#1761=ORIENTED_EDGE('',*,*,#2511,.T.);
#1762=ORIENTED_EDGE('',*,*,#2214,.T.);
#1763=ORIENTED_EDGE('',*,*,#2519,.T.);
#1764=ORIENTED_EDGE('',*,*,#2578,.F.);
#1765=ORIENTED_EDGE('',*,*,#2191,.T.);
#1766=ORIENTED_EDGE('',*,*,#2243,.T.);
#1767=ORIENTED_EDGE('',*,*,#2546,.T.);
#1768=ORIENTED_EDGE('',*,*,#2197,.T.);
#1769=ORIENTED_EDGE('',*,*,#2236,.T.);
#1770=ORIENTED_EDGE('',*,*,#2321,.T.);
#1771=ORIENTED_EDGE('',*,*,#2326,.T.);
#1772=ORIENTED_EDGE('',*,*,#2520,.T.);
#1773=ORIENTED_EDGE('',*,*,#2212,.T.);
#1774=ORIENTED_EDGE('',*,*,#2233,.T.);
#1775=ORIENTED_EDGE('',*,*,#2183,.T.);
#1776=ORIENTED_EDGE('',*,*,#2228,.T.);
#1777=ORIENTED_EDGE('',*,*,#2202,.T.);
#1778=ORIENTED_EDGE('',*,*,#2532,.T.);
#1779=ORIENTED_EDGE('',*,*,#2241,.T.);
#1780=ORIENTED_EDGE('',*,*,#2316,.T.);
#1781=ORIENTED_EDGE('',*,*,#2322,.T.);
#1782=ORIENTED_EDGE('',*,*,#2231,.T.);
#1783=ORIENTED_EDGE('',*,*,#2208,.T.);
#1784=ORIENTED_EDGE('',*,*,#2504,.T.);
#1785=ORIENTED_EDGE('',*,*,#2185,.T.);
#1786=ORIENTED_EDGE('',*,*,#2240,.T.);
#1787=ORIENTED_EDGE('',*,*,#2531,.T.);
#1788=ORIENTED_EDGE('',*,*,#2535,.T.);
#1789=ORIENTED_EDGE('',*,*,#2494,.T.);
#1790=ORIENTED_EDGE('',*,*,#2257,.T.);
#1791=ORIENTED_EDGE('',*,*,#2464,.T.);
#1792=ORIENTED_EDGE('',*,*,#2460,.T.);
#1793=ORIENTED_EDGE('',*,*,#2268,.T.);
#1794=ORIENTED_EDGE('',*,*,#2579,.F.);
#1795=ORIENTED_EDGE('',*,*,#2580,.F.);
#1796=ORIENTED_EDGE('',*,*,#2485,.T.);
#1797=ORIENTED_EDGE('',*,*,#2541,.T.);
#1798=ORIENTED_EDGE('',*,*,#2542,.T.);
#1799=ORIENTED_EDGE('',*,*,#2500,.T.);
#1800=ORIENTED_EDGE('',*,*,#2581,.F.);
#1801=ORIENTED_EDGE('',*,*,#2582,.F.);
#1802=ORIENTED_EDGE('',*,*,#2270,.T.);
#1803=ORIENTED_EDGE('',*,*,#2462,.T.);
#1804=ORIENTED_EDGE('',*,*,#2459,.T.);
#1805=ORIENTED_EDGE('',*,*,#2291,.T.);
#1806=ORIENTED_EDGE('',*,*,#2583,.F.);
#1807=ORIENTED_EDGE('',*,*,#2584,.F.);
#1808=ORIENTED_EDGE('',*,*,#2585,.F.);
#1809=ORIENTED_EDGE('',*,*,#2490,.T.);
#1810=ORIENTED_EDGE('',*,*,#2538,.T.);
#1811=ORIENTED_EDGE('',*,*,#2539,.T.);
#1812=ORIENTED_EDGE('',*,*,#2483,.T.);
#1813=ORIENTED_EDGE('',*,*,#2586,.F.);
#1814=ORIENTED_EDGE('',*,*,#2496,.T.);
#1815=ORIENTED_EDGE('',*,*,#2534,.T.);
#1816=ORIENTED_EDGE('',*,*,#2536,.T.);
#1817=ORIENTED_EDGE('',*,*,#2488,.T.);
#1818=ORIENTED_EDGE('',*,*,#2587,.F.);
#1819=ORIENTED_EDGE('',*,*,#2505,.T.);
#1820=ORIENTED_EDGE('',*,*,#2206,.T.);
#1821=ORIENTED_EDGE('',*,*,#2492,.T.);
#1822=ORIENTED_EDGE('',*,*,#2588,.F.);
#1823=ORIENTED_EDGE('',*,*,#2442,.T.);
#1824=ORIENTED_EDGE('',*,*,#2446,.T.);
#1825=ORIENTED_EDGE('',*,*,#2372,.T.);
#1826=ORIENTED_EDGE('',*,*,#2553,.T.);
#1827=ORIENTED_EDGE('',*,*,#2379,.T.);
#1828=ORIENTED_EDGE('',*,*,#2156,.T.);
#1829=ORIENTED_EDGE('',*,*,#2166,.T.);
#1830=ORIENTED_EDGE('',*,*,#2472,.T.);
#1831=ORIENTED_EDGE('',*,*,#2469,.T.);
#1832=ORIENTED_EDGE('',*,*,#2382,.T.);
#1833=ORIENTED_EDGE('',*,*,#2154,.T.);
#1834=ORIENTED_EDGE('',*,*,#2368,.T.);
#1835=ORIENTED_EDGE('',*,*,#2473,.T.);
#1836=ORIENTED_EDGE('',*,*,#2470,.T.);
#1837=ORIENTED_EDGE('',*,*,#2164,.T.);
#1838=ORIENTED_EDGE('',*,*,#2150,.T.);
#1839=ORIENTED_EDGE('',*,*,#2163,.T.);
#1840=ORIENTED_EDGE('',*,*,#2456,.T.);
#1841=ORIENTED_EDGE('',*,*,#2453,.T.);
#1842=ORIENTED_EDGE('',*,*,#2362,.T.);
#1843=ORIENTED_EDGE('',*,*,#2148,.T.);
#1844=ORIENTED_EDGE('',*,*,#2293,.T.);
#1845=ORIENTED_EDGE('',*,*,#2458,.T.);
#1846=ORIENTED_EDGE('',*,*,#2454,.T.);
#1847=ORIENTED_EDGE('',*,*,#2161,.T.);
#1848=ORIENTED_EDGE('',*,*,#2451,.T.);
#1849=ORIENTED_EDGE('',*,*,#2319,.T.);
#1850=ORIENTED_EDGE('',*,*,#2296,.T.);
#1851=ORIENTED_EDGE('',*,*,#2556,.T.);
#1852=ORIENTED_EDGE('',*,*,#2354,.T.);
#1853=ORIENTED_EDGE('',*,*,#2449,.T.);
#1854=ORIENTED_EDGE('',*,*,#2450,.T.);
#1855=ORIENTED_EDGE('',*,*,#2352,.T.);
#1856=ORIENTED_EDGE('',*,*,#2555,.T.);
#1857=ORIENTED_EDGE('',*,*,#2359,.T.);
#1858=ORIENTED_EDGE('',*,*,#2445,.T.);
#1859=ORIENTED_EDGE('',*,*,#2447,.T.);
#1860=ORIENTED_EDGE('',*,*,#2357,.T.);
#1861=ORIENTED_EDGE('',*,*,#2554,.T.);
#1862=ORIENTED_EDGE('',*,*,#2370,.T.);
#1863=ORIENTED_EDGE('',*,*,#2129,.T.);
#1864=ORIENTED_EDGE('',*,*,#2303,.T.);
#1865=ORIENTED_EDGE('',*,*,#2578,.T.);
#1866=ORIENTED_EDGE('',*,*,#2518,.T.);
#1867=ORIENTED_EDGE('',*,*,#2309,.T.);
#1868=ORIENTED_EDGE('',*,*,#2443,.T.);
#1869=ORIENTED_EDGE('',*,*,#2377,.T.);
#1870=ORIENTED_EDGE('',*,*,#2589,.T.);
#1871=ORIENTED_EDGE('',*,*,#2405,.T.);
#1872=ORIENTED_EDGE('',*,*,#2589,.F.);
#1873=ORIENTED_EDGE('',*,*,#2376,.T.);
#1874=ORIENTED_EDGE('',*,*,#2590,.T.);
#1875=ORIENTED_EDGE('',*,*,#2572,.T.);
#1876=ORIENTED_EDGE('',*,*,#2590,.F.);
#1877=ORIENTED_EDGE('',*,*,#2375,.T.);
#1878=ORIENTED_EDGE('',*,*,#2591,.T.);
#1879=ORIENTED_EDGE('',*,*,#2397,.T.);
#1880=ORIENTED_EDGE('',*,*,#2591,.F.);
#1881=ORIENTED_EDGE('',*,*,#2374,.T.);
#1882=ORIENTED_EDGE('',*,*,#2592,.T.);
#1883=ORIENTED_EDGE('',*,*,#2573,.T.);
#1884=ORIENTED_EDGE('',*,*,#2592,.F.);
#1885=ORIENTED_EDGE('',*,*,#2373,.T.);
#1886=ORIENTED_EDGE('',*,*,#2593,.T.);
#1887=ORIENTED_EDGE('',*,*,#2141,.T.);
#1888=ORIENTED_EDGE('',*,*,#2593,.F.);
#1889=ORIENTED_EDGE('',*,*,#2384,.T.);
#1890=ORIENTED_EDGE('',*,*,#2332,.T.);
#1891=ORIENTED_EDGE('',*,*,#2574,.T.);
#1892=ORIENTED_EDGE('',*,*,#2560,.T.);
#1893=ORIENTED_EDGE('',*,*,#2486,.T.);
#1894=ORIENTED_EDGE('',*,*,#2594,.T.);
#1895=ORIENTED_EDGE('',*,*,#2278,.T.);
#1896=ORIENTED_EDGE('',*,*,#2594,.F.);
#1897=ORIENTED_EDGE('',*,*,#2582,.T.);
#1898=ORIENTED_EDGE('',*,*,#2595,.T.);
#1899=ORIENTED_EDGE('',*,*,#2267,.T.);
#1900=ORIENTED_EDGE('',*,*,#2595,.F.);
#1901=ORIENTED_EDGE('',*,*,#2581,.T.);
#1902=ORIENTED_EDGE('',*,*,#2596,.T.);
#1903=ORIENTED_EDGE('',*,*,#2579,.T.);
#1904=ORIENTED_EDGE('',*,*,#2566,.T.);
#1905=ORIENTED_EDGE('',*,*,#2597,.T.);
#1906=ORIENTED_EDGE('',*,*,#2517,.T.);
#1907=ORIENTED_EDGE('',*,*,#2596,.F.);
#1908=ORIENTED_EDGE('',*,*,#2499,.T.);
#1909=ORIENTED_EDGE('',*,*,#2598,.T.);
#1910=ORIENTED_EDGE('',*,*,#2580,.T.);
#1911=ORIENTED_EDGE('',*,*,#2597,.F.);
#1912=ORIENTED_EDGE('',*,*,#2565,.T.);
#1913=ORIENTED_EDGE('',*,*,#2094,.T.);
#1914=ORIENTED_EDGE('',*,*,#2599,.T.);
#1915=ORIENTED_EDGE('',*,*,#2577,.T.);
#1916=ORIENTED_EDGE('',*,*,#2386,.T.);
#1917=ORIENTED_EDGE('',*,*,#2262,.T.);
#1918=ORIENTED_EDGE('',*,*,#2600,.T.);
#1919=ORIENTED_EDGE('',*,*,#2575,.T.);
#1920=ORIENTED_EDGE('',*,*,#2598,.F.);
#1921=ORIENTED_EDGE('',*,*,#2498,.T.);
#1922=ORIENTED_EDGE('',*,*,#2601,.T.);
#1923=ORIENTED_EDGE('',*,*,#2258,.T.);
#1924=ORIENTED_EDGE('',*,*,#2599,.F.);
#1925=ORIENTED_EDGE('',*,*,#2093,.T.);
#1926=ORIENTED_EDGE('',*,*,#2602,.T.);
#1927=ORIENTED_EDGE('',*,*,#2503,.T.);
#1928=ORIENTED_EDGE('',*,*,#2600,.F.);
#1929=ORIENTED_EDGE('',*,*,#2261,.T.);
#1930=ORIENTED_EDGE('',*,*,#2603,.T.);
#1931=ORIENTED_EDGE('',*,*,#2074,.T.);
#1932=ORIENTED_EDGE('',*,*,#2602,.F.);
#1933=ORIENTED_EDGE('',*,*,#2604,.T.);
#1934=ORIENTED_EDGE('',*,*,#2601,.F.);
#1935=ORIENTED_EDGE('',*,*,#2603,.F.);
#1936=ORIENTED_EDGE('',*,*,#2260,.T.);
#1937=ORIENTED_EDGE('',*,*,#2605,.T.);
#1938=ORIENTED_EDGE('',*,*,#2576,.T.);
#1939=ORIENTED_EDGE('',*,*,#2604,.F.);
#1940=ORIENTED_EDGE('',*,*,#2097,.T.);
#1941=ORIENTED_EDGE('',*,*,#2605,.F.);
#1942=ORIENTED_EDGE('',*,*,#2259,.T.);
#1943=ORIENTED_EDGE('',*,*,#2480,.T.);
#1944=ORIENTED_EDGE('',*,*,#2562,.T.);
#1945=ORIENTED_EDGE('',*,*,#2274,.T.);
#1946=ORIENTED_EDGE('',*,*,#2558,.T.);
#1947=ORIENTED_EDGE('',*,*,#2478,.T.);
#1948=ORIENTED_EDGE('',*,*,#2559,.T.);
#1949=ORIENTED_EDGE('',*,*,#2276,.T.);
#1950=ORIENTED_EDGE('',*,*,#2561,.T.);
#1951=ORIENTED_EDGE('',*,*,#2513,.T.);
#1952=ORIENTED_EDGE('',*,*,#2568,.T.);
#1953=ORIENTED_EDGE('',*,*,#2571,.T.);
#1954=ORIENTED_EDGE('',*,*,#2079,.T.);
#1955=ORIENTED_EDGE('',*,*,#2570,.T.);
#1956=ORIENTED_EDGE('',*,*,#2515,.T.);
#1957=ORIENTED_EDGE('',*,*,#2569,.T.);
#1958=ORIENTED_EDGE('',*,*,#2077,.T.);
#1959=ORIENTED_EDGE('',*,*,#2563,.T.);
#1960=ORIENTED_EDGE('',*,*,#2264,.T.);
#1961=ORIENTED_EDGE('',*,*,#2328,.T.);
#1962=ORIENTED_EDGE('',*,*,#2388,.T.);
#1963=ORIENTED_EDGE('',*,*,#2312,.T.);
#1964=ORIENTED_EDGE('',*,*,#2324,.T.);
#1965=ORIENTED_EDGE('',*,*,#2266,.T.);
#1966=ORIENTED_EDGE('',*,*,#2311,.T.);
#1967=ORIENTED_EDGE('',*,*,#2521,.T.);
#1968=ORIENTED_EDGE('',*,*,#2318,.T.);
#1969=ORIENTED_EDGE('',*,*,#2506,.T.);
#1970=ORIENTED_EDGE('',*,*,#2606,.T.);
#1971=ORIENTED_EDGE('',*,*,#2298,.T.);
#1972=ORIENTED_EDGE('',*,*,#2606,.F.);
#1973=ORIENTED_EDGE('',*,*,#2588,.T.);
#1974=ORIENTED_EDGE('',*,*,#2607,.T.);
#1975=ORIENTED_EDGE('',*,*,#2287,.T.);
#1976=ORIENTED_EDGE('',*,*,#2607,.F.);
#1977=ORIENTED_EDGE('',*,*,#2497,.T.);
#1978=ORIENTED_EDGE('',*,*,#2608,.T.);
#1979=ORIENTED_EDGE('',*,*,#2288,.T.);
#1980=ORIENTED_EDGE('',*,*,#2608,.F.);
#1981=ORIENTED_EDGE('',*,*,#2587,.T.);
#1982=ORIENTED_EDGE('',*,*,#2609,.T.);
#1983=ORIENTED_EDGE('',*,*,#2289,.T.);
#1984=ORIENTED_EDGE('',*,*,#2609,.F.);
#1985=ORIENTED_EDGE('',*,*,#2487,.T.);
#1986=ORIENTED_EDGE('',*,*,#2610,.T.);
#1987=ORIENTED_EDGE('',*,*,#2290,.T.);
#1988=ORIENTED_EDGE('',*,*,#2610,.F.);
#1989=ORIENTED_EDGE('',*,*,#2491,.T.);
#1990=ORIENTED_EDGE('',*,*,#2611,.T.);
#1991=ORIENTED_EDGE('',*,*,#2583,.T.);
#1992=ORIENTED_EDGE('',*,*,#2611,.F.);
#1993=ORIENTED_EDGE('',*,*,#2585,.T.);
#1994=ORIENTED_EDGE('',*,*,#2612,.T.);
#1995=ORIENTED_EDGE('',*,*,#2584,.T.);
#1996=ORIENTED_EDGE('',*,*,#2612,.F.);
#1997=ORIENTED_EDGE('',*,*,#2586,.T.);
#1998=ORIENTED_EDGE('',*,*,#2613,.T.);
#1999=ORIENTED_EDGE('',*,*,#2271,.T.);
#2000=ORIENTED_EDGE('',*,*,#2557,.T.);
#2001=ORIENTED_EDGE('',*,*,#2272,.T.);
#2002=ORIENTED_EDGE('',*,*,#2613,.F.);
#2003=ORIENTED_EDGE('',*,*,#2482,.T.);
#2004=ORIENTED_EDGE('',*,*,#2280,.T.);
#2005=ORIENTED_EDGE('',*,*,#2614,.F.);
#2006=ORIENTED_EDGE('',*,*,#2615,.F.);
#2007=ORIENTED_EDGE('',*,*,#2616,.T.);
#2008=ORIENTED_EDGE('',*,*,#2279,.T.);
#2009=ORIENTED_EDGE('',*,*,#2617,.F.);
#2010=ORIENTED_EDGE('',*,*,#2618,.F.);
#2011=ORIENTED_EDGE('',*,*,#2614,.T.);
#2012=ORIENTED_EDGE('',*,*,#2286,.F.);
#2013=ORIENTED_EDGE('',*,*,#2619,.F.);
#2014=ORIENTED_EDGE('',*,*,#2620,.T.);
#2015=ORIENTED_EDGE('',*,*,#2617,.T.);
#2016=ORIENTED_EDGE('',*,*,#2285,.F.);
#2017=ORIENTED_EDGE('',*,*,#2621,.F.);
#2018=ORIENTED_EDGE('',*,*,#2622,.T.);
#2019=ORIENTED_EDGE('',*,*,#2619,.T.);
#2020=ORIENTED_EDGE('',*,*,#2284,.F.);
#2021=ORIENTED_EDGE('',*,*,#2623,.F.);
#2022=ORIENTED_EDGE('',*,*,#2624,.T.);
#2023=ORIENTED_EDGE('',*,*,#2621,.T.);
#2024=ORIENTED_EDGE('',*,*,#2283,.F.);
#2025=ORIENTED_EDGE('',*,*,#2625,.F.);
#2026=ORIENTED_EDGE('',*,*,#2626,.T.);
#2027=ORIENTED_EDGE('',*,*,#2623,.T.);
#2028=ORIENTED_EDGE('',*,*,#2282,.F.);
#2029=ORIENTED_EDGE('',*,*,#2627,.F.);
#2030=ORIENTED_EDGE('',*,*,#2628,.T.);
#2031=ORIENTED_EDGE('',*,*,#2625,.T.);
#2032=ORIENTED_EDGE('',*,*,#2629,.F.);
#2033=ORIENTED_EDGE('',*,*,#2630,.F.);
#2034=ORIENTED_EDGE('',*,*,#2631,.T.);
#2035=ORIENTED_EDGE('',*,*,#2632,.T.);
#2036=ORIENTED_EDGE('',*,*,#2633,.T.);
#2037=ORIENTED_EDGE('',*,*,#2634,.F.);
#2038=ORIENTED_EDGE('',*,*,#2635,.F.);
#2039=ORIENTED_EDGE('',*,*,#2630,.T.);
#2040=ORIENTED_EDGE('',*,*,#2636,.T.);
#2041=ORIENTED_EDGE('',*,*,#2637,.F.);
#2042=ORIENTED_EDGE('',*,*,#2638,.F.);
#2043=ORIENTED_EDGE('',*,*,#2634,.T.);
#2044=ORIENTED_EDGE('',*,*,#2639,.F.);
#2045=ORIENTED_EDGE('',*,*,#2632,.F.);
#2046=ORIENTED_EDGE('',*,*,#2640,.T.);
#2047=ORIENTED_EDGE('',*,*,#2637,.T.);
#2048=ORIENTED_EDGE('',*,*,#2281,.F.);
#2049=ORIENTED_EDGE('',*,*,#2616,.F.);
#2050=ORIENTED_EDGE('',*,*,#2641,.T.);
#2051=ORIENTED_EDGE('',*,*,#2627,.T.);
#2052=ORIENTED_EDGE('',*,*,#2631,.F.);
#2053=ORIENTED_EDGE('',*,*,#2635,.T.);
#2054=ORIENTED_EDGE('',*,*,#2638,.T.);
#2055=ORIENTED_EDGE('',*,*,#2640,.F.);
#2056=ORIENTED_EDGE('',*,*,#2615,.T.);
#2057=ORIENTED_EDGE('',*,*,#2618,.T.);
#2058=ORIENTED_EDGE('',*,*,#2620,.F.);
#2059=ORIENTED_EDGE('',*,*,#2622,.F.);
#2060=ORIENTED_EDGE('',*,*,#2624,.F.);
#2061=ORIENTED_EDGE('',*,*,#2626,.F.);
#2062=ORIENTED_EDGE('',*,*,#2628,.F.);
#2063=ORIENTED_EDGE('',*,*,#2641,.F.);
#2064=ORIENTED_EDGE('',*,*,#2629,.T.);
#2065=ORIENTED_EDGE('',*,*,#2639,.T.);
#2066=ORIENTED_EDGE('',*,*,#2636,.F.);
#2067=ORIENTED_EDGE('',*,*,#2633,.F.);
#2068=EDGE_CURVE('',#2642,#2643,#3021,.T.);
#2069=EDGE_CURVE('',#2643,#2644,#300,.T.);
#2070=EDGE_CURVE('',#2644,#2645,#3022,.T.);
#2071=EDGE_CURVE('',#2645,#2646,#301,.T.);
#2072=EDGE_CURVE('',#2646,#2647,#3023,.T.);
#2073=EDGE_CURVE('',#2648,#2647,#302,.F.);
#2074=EDGE_CURVE('',#2649,#2648,#303,.T.);
#2075=EDGE_CURVE('',#2650,#2649,#304,.T.);
#2076=EDGE_CURVE('',#2650,#2651,#305,.T.);
#2077=EDGE_CURVE('',#2652,#2651,#193,.F.);
#2078=EDGE_CURVE('',#2653,#2652,#306,.T.);
#2079=EDGE_CURVE('',#2654,#2653,#194,.F.);
#2080=EDGE_CURVE('',#2655,#2654,#307,.T.);
#2081=EDGE_CURVE('',#2655,#2656,#3024,.T.);
#2082=EDGE_CURVE('',#2656,#2657,#308,.T.);
#2083=EDGE_CURVE('',#2657,#2658,#3025,.T.);
#2084=EDGE_CURVE('',#2658,#2659,#309,.T.);
#2085=EDGE_CURVE('',#2659,#2660,#3026,.T.);
#2086=EDGE_CURVE('',#2661,#2660,#310,.T.);
#2087=EDGE_CURVE('',#2661,#2662,#311,.T.);
#2088=EDGE_CURVE('',#2663,#2662,#312,.T.);
#2089=EDGE_CURVE('',#2664,#2663,#113,.T.);
#2090=EDGE_CURVE('',#2665,#2664,#313,.T.);
#2091=EDGE_CURVE('',#2665,#2666,#314,.T.);
#2092=EDGE_CURVE('',#2642,#2666,#315,.F.);
#2093=EDGE_CURVE('',#2667,#2668,#316,.F.);
#2094=EDGE_CURVE('',#2669,#2667,#195,.F.);
#2095=EDGE_CURVE('',#2669,#2670,#317,.T.);
#2096=EDGE_CURVE('',#2671,#2670,#318,.F.);
#2097=EDGE_CURVE('',#2668,#2671,#319,.T.);
#2098=EDGE_CURVE('',#2672,#2673,#196,.T.);
#2099=EDGE_CURVE('',#2673,#2674,#114,.T.);
#2100=EDGE_CURVE('',#2674,#2675,#197,.T.);
#2101=EDGE_CURVE('',#2676,#2675,#3027,.T.);
#2102=EDGE_CURVE('',#2676,#2677,#198,.T.);
#2103=EDGE_CURVE('',#2672,#2677,#3028,.T.);
#2104=EDGE_CURVE('',#2678,#2679,#320,.F.);
#2105=EDGE_CURVE('',#2680,#2679,#3029,.T.);
#2106=EDGE_CURVE('',#2681,#2680,#321,.F.);
#2107=EDGE_CURVE('',#2681,#2678,#115,.T.);
#2108=EDGE_CURVE('',#2682,#2682,#3030,.T.);
#2109=EDGE_CURVE('',#2683,#2683,#3031,.T.);
#2110=EDGE_CURVE('',#2643,#2684,#116,.T.);
#2111=EDGE_CURVE('',#2685,#2642,#3032,.T.);
#2112=EDGE_CURVE('',#2686,#2685,#117,.F.);
#2113=EDGE_CURVE('',#2687,#2686,#3033,.T.);
#2114=EDGE_CURVE('',#2684,#2687,#3034,.T.);
#2115=EDGE_CURVE('',#2688,#2659,#118,.T.);
#2116=EDGE_CURVE('',#2689,#2688,#3035,.T.);
#2117=EDGE_CURVE('',#2690,#2689,#3036,.T.);
#2118=EDGE_CURVE('',#2691,#2690,#119,.F.);
#2119=EDGE_CURVE('',#2660,#2691,#3037,.T.);
#2120=EDGE_CURVE('',#2692,#2646,#120,.T.);
#2121=EDGE_CURVE('',#2693,#2692,#3038,.T.);
#2122=EDGE_CURVE('',#2694,#2693,#3039,.T.);
#2123=EDGE_CURVE('',#2695,#2694,#121,.F.);
#2124=EDGE_CURVE('',#2647,#2695,#3040,.T.);
#2125=EDGE_CURVE('',#2696,#2697,#3041,.T.);
#2126=EDGE_CURVE('',#2656,#2696,#122,.T.);
#2127=EDGE_CURVE('',#2698,#2655,#3042,.T.);
#2128=EDGE_CURVE('',#2699,#2698,#123,.F.);
#2129=EDGE_CURVE('',#2697,#2699,#3043,.T.);
#2130=EDGE_CURVE('',#2700,#2700,#124,.T.);
#2131=EDGE_CURVE('',#2701,#2657,#125,.F.);
#2132=EDGE_CURVE('',#2702,#2701,#3044,.T.);
#2133=EDGE_CURVE('',#2658,#2702,#126,.F.);
#2134=EDGE_CURVE('',#2693,#2703,#322,.T.);
#2135=EDGE_CURVE('',#2692,#2704,#323,.T.);
#2136=EDGE_CURVE('',#2705,#2704,#3045,.T.);
#2137=EDGE_CURVE('',#2705,#2684,#324,.T.);
#2138=EDGE_CURVE('',#2706,#2687,#325,.T.);
#2139=EDGE_CURVE('',#2706,#2707,#326,.T.);
#2140=EDGE_CURVE('',#2708,#2707,#327,.F.);
#2141=EDGE_CURVE('',#2703,#2708,#328,.T.);
#2142=EDGE_CURVE('',#2709,#2709,#127,.T.);
#2143=EDGE_CURVE('',#2705,#2644,#128,.F.);
#2144=EDGE_CURVE('',#2645,#2704,#129,.F.);
#2145=EDGE_CURVE('',#2701,#2696,#329,.T.);
#2146=EDGE_CURVE('',#2710,#2711,#130,.T.);
#2147=EDGE_CURVE('',#2712,#2710,#3046,.T.);
#2148=EDGE_CURVE('',#2713,#2712,#3047,.T.);
#2149=EDGE_CURVE('',#2714,#2713,#131,.T.);
#2150=EDGE_CURVE('',#2715,#2714,#3048,.T.);
#2151=EDGE_CURVE('',#2711,#2715,#3049,.T.);
#2152=EDGE_CURVE('',#2716,#2717,#132,.T.);
#2153=EDGE_CURVE('',#2718,#2716,#3050,.T.);
#2154=EDGE_CURVE('',#2719,#2718,#3051,.T.);
#2155=EDGE_CURVE('',#2720,#2719,#133,.T.);
#2156=EDGE_CURVE('',#2721,#2720,#3052,.T.);
#2157=EDGE_CURVE('',#2717,#2721,#3053,.T.);
#2158=EDGE_CURVE('',#2722,#2723,#330,.T.);
#2159=EDGE_CURVE('',#2686,#2723,#331,.F.);
#2160=EDGE_CURVE('',#2722,#2685,#332,.T.);
#2161=EDGE_CURVE('',#2724,#2713,#333,.F.);
#2162=EDGE_CURVE('',#2724,#2725,#334,.T.);
#2163=EDGE_CURVE('',#2714,#2725,#335,.T.);
#2164=EDGE_CURVE('',#2726,#2719,#336,.F.);
#2165=EDGE_CURVE('',#2726,#2727,#337,.T.);
#2166=EDGE_CURVE('',#2720,#2727,#338,.T.);
#2167=EDGE_CURVE('',#2728,#2690,#339,.T.);
#2168=EDGE_CURVE('',#2728,#2729,#340,.T.);
#2169=EDGE_CURVE('',#2691,#2729,#341,.F.);
#2170=EDGE_CURVE('',#2681,#2730,#342,.T.);
#2171=EDGE_CURVE('',#2730,#2731,#343,.T.);
#2172=EDGE_CURVE('',#2731,#2732,#344,.T.);
#2173=EDGE_CURVE('',#2732,#2733,#345,.T.);
#2174=EDGE_CURVE('',#2733,#2734,#346,.T.);
#2175=EDGE_CURVE('',#2734,#2735,#347,.T.);
#2176=EDGE_CURVE('',#2735,#2736,#348,.T.);
#2177=EDGE_CURVE('',#2736,#2737,#349,.T.);
#2178=EDGE_CURVE('',#2737,#2738,#350,.T.);
#2179=EDGE_CURVE('',#2738,#2739,#351,.T.);
#2180=EDGE_CURVE('',#2678,#2739,#352,.T.);
#2181=EDGE_CURVE('',#2740,#2741,#134,.T.);
#2182=EDGE_CURVE('',#2742,#2740,#3054,.T.);
#2183=EDGE_CURVE('',#2743,#2742,#3055,.T.);
#2184=EDGE_CURVE('',#2744,#2743,#135,.T.);
#2185=EDGE_CURVE('',#2745,#2744,#3056,.T.);
#2186=EDGE_CURVE('',#2741,#2745,#3057,.T.);
#2187=EDGE_CURVE('',#2746,#2747,#136,.T.);
#2188=EDGE_CURVE('',#2748,#2746,#3058,.T.);
#2189=EDGE_CURVE('',#2749,#2748,#3059,.T.);
#2190=EDGE_CURVE('',#2750,#2749,#137,.T.);
#2191=EDGE_CURVE('',#2751,#2750,#3060,.T.);
#2192=EDGE_CURVE('',#2747,#2751,#3061,.T.);
#2193=EDGE_CURVE('',#2752,#2753,#353,.F.);
#2194=EDGE_CURVE('',#2754,#2752,#354,.T.);
#2195=EDGE_CURVE('',#2755,#2754,#355,.F.);
#2196=EDGE_CURVE('',#2756,#2755,#356,.T.);
#2197=EDGE_CURVE('',#2753,#2756,#199,.F.);
#2198=EDGE_CURVE('',#2757,#2758,#357,.T.);
#2199=EDGE_CURVE('',#2759,#2757,#358,.F.);
#2200=EDGE_CURVE('',#2760,#2759,#359,.T.);
#2201=EDGE_CURVE('',#2761,#2760,#360,.T.);
#2202=EDGE_CURVE('',#2758,#2761,#200,.F.);
#2203=EDGE_CURVE('',#2762,#2763,#3062,.T.);
#2204=EDGE_CURVE('',#2764,#2762,#138,.T.);
#2205=EDGE_CURVE('',#2765,#2764,#3063,.T.);
#2206=EDGE_CURVE('',#2766,#2765,#3064,.T.);
#2207=EDGE_CURVE('',#2767,#2766,#139,.T.);
#2208=EDGE_CURVE('',#2763,#2767,#3065,.T.);
#2209=EDGE_CURVE('',#2768,#2769,#3066,.T.);
#2210=EDGE_CURVE('',#2770,#2768,#140,.T.);
#2211=EDGE_CURVE('',#2771,#2770,#3067,.T.);
#2212=EDGE_CURVE('',#2772,#2771,#3068,.T.);
#2213=EDGE_CURVE('',#2773,#2772,#141,.T.);
#2214=EDGE_CURVE('',#2769,#2773,#3069,.T.);
#2215=EDGE_CURVE('',#2774,#2774,#142,.T.);
#2216=EDGE_CURVE('',#2775,#2776,#3070,.T.);
#2217=EDGE_CURVE('',#2777,#2775,#143,.F.);
#2218=EDGE_CURVE('',#2777,#2778,#3071,.T.);
#2219=EDGE_CURVE('',#2776,#2778,#144,.F.);
#2220=EDGE_CURVE('',#2779,#2779,#145,.T.);
#2221=EDGE_CURVE('',#2780,#2781,#3072,.T.);
#2222=EDGE_CURVE('',#2782,#2780,#146,.F.);
#2223=EDGE_CURVE('',#2782,#2783,#3073,.T.);
#2224=EDGE_CURVE('',#2781,#2783,#147,.F.);
#2225=EDGE_CURVE('',#2755,#2784,#361,.T.);
#2226=EDGE_CURVE('',#2784,#2785,#148,.T.);
#2227=EDGE_CURVE('',#2785,#2757,#362,.T.);
#2228=EDGE_CURVE('',#2742,#2758,#363,.T.);
#2229=EDGE_CURVE('',#2783,#2740,#364,.T.);
#2230=EDGE_CURVE('',#2762,#2782,#365,.T.);
#2231=EDGE_CURVE('',#2786,#2763,#366,.T.);
#2232=EDGE_CURVE('',#2787,#2786,#367,.T.);
#2233=EDGE_CURVE('',#2771,#2787,#368,.F.);
#2234=EDGE_CURVE('',#2775,#2770,#369,.T.);
#2235=EDGE_CURVE('',#2747,#2776,#370,.T.);
#2236=EDGE_CURVE('',#2756,#2751,#371,.F.);
#2237=EDGE_CURVE('',#2778,#2746,#372,.T.);
#2238=EDGE_CURVE('',#2741,#2781,#373,.T.);
#2239=EDGE_CURVE('',#2788,#2789,#374,.T.);
#2240=EDGE_CURVE('',#2744,#2789,#375,.T.);
#2241=EDGE_CURVE('',#2788,#2743,#376,.F.);
#2242=EDGE_CURVE('',#2790,#2791,#377,.T.);
#2243=EDGE_CURVE('',#2750,#2791,#378,.T.);
#2244=EDGE_CURVE('',#2790,#2749,#379,.F.);
#2245=EDGE_CURVE('',#2792,#2754,#380,.T.);
#2246=EDGE_CURVE('',#2752,#2793,#381,.T.);
#2247=EDGE_CURVE('',#2793,#2794,#382,.T.);
#2248=EDGE_CURVE('',#2794,#2795,#383,.T.);
#2249=EDGE_CURVE('',#2795,#2796,#384,.T.);
#2250=EDGE_CURVE('',#2796,#2797,#385,.T.);
#2251=EDGE_CURVE('',#2797,#2798,#386,.T.);
#2252=EDGE_CURVE('',#2798,#2760,#387,.T.);
#2253=EDGE_CURVE('',#2799,#2759,#388,.T.);
#2254=EDGE_CURVE('',#2792,#2799,#149,.T.);
#2255=EDGE_CURVE('',#2800,#2801,#389,.T.);
#2256=EDGE_CURVE('',#2801,#2802,#390,.T.);
#2257=EDGE_CURVE('',#2803,#2802,#391,.T.);
#2258=EDGE_CURVE('',#2804,#2803,#392,.T.);
#2259=EDGE_CURVE('',#2805,#2804,#393,.F.);
#2260=EDGE_CURVE('',#2806,#2805,#201,.T.);
#2261=EDGE_CURVE('',#2807,#2806,#394,.F.);
#2262=EDGE_CURVE('',#2800,#2807,#202,.T.);
#2263=EDGE_CURVE('',#2808,#2809,#395,.T.);
#2264=EDGE_CURVE('',#2810,#2809,#203,.T.);
#2265=EDGE_CURVE('',#2810,#2811,#396,.T.);
#2266=EDGE_CURVE('',#2808,#2811,#397,.T.);
#2267=EDGE_CURVE('',#2812,#2813,#204,.T.);
#2268=EDGE_CURVE('',#2814,#2812,#398,.F.);
#2269=EDGE_CURVE('',#2814,#2815,#399,.T.);
#2270=EDGE_CURVE('',#2816,#2815,#400,.T.);
#2271=EDGE_CURVE('',#2817,#2816,#205,.T.);
#2272=EDGE_CURVE('',#2818,#2817,#401,.T.);
#2273=EDGE_CURVE('',#2819,#2818,#402,.T.);
#2274=EDGE_CURVE('',#2820,#2819,#206,.T.);
#2275=EDGE_CURVE('',#2821,#2820,#403,.T.);
#2276=EDGE_CURVE('',#2822,#2821,#207,.T.);
#2277=EDGE_CURVE('',#2822,#2823,#404,.T.);
#2278=EDGE_CURVE('',#2813,#2823,#405,.T.);
#2279=EDGE_CURVE('',#2824,#2825,#406,.T.);
#2280=EDGE_CURVE('',#2826,#2824,#407,.T.);
#2281=EDGE_CURVE('',#2826,#2827,#408,.T.);
#2282=EDGE_CURVE('',#2827,#2828,#150,.T.);
#2283=EDGE_CURVE('',#2828,#2829,#409,.T.);
#2284=EDGE_CURVE('',#2829,#2830,#410,.T.);
#2285=EDGE_CURVE('',#2830,#2831,#411,.T.);
#2286=EDGE_CURVE('',#2831,#2825,#412,.T.);
#2287=EDGE_CURVE('',#2832,#2833,#208,.T.);
#2288=EDGE_CURVE('',#2834,#2832,#413,.T.);
#2289=EDGE_CURVE('',#2835,#2834,#209,.T.);
#2290=EDGE_CURVE('',#2836,#2835,#414,.T.);
#2291=EDGE_CURVE('',#2837,#2836,#415,.F.);
#2292=EDGE_CURVE('',#2837,#2838,#416,.T.);
#2293=EDGE_CURVE('',#2712,#2838,#417,.T.);
#2294=EDGE_CURVE('',#2839,#2710,#418,.T.);
#2295=EDGE_CURVE('',#2839,#2840,#3074,.T.);
#2296=EDGE_CURVE('',#2841,#2840,#419,.T.);
#2297=EDGE_CURVE('',#2841,#2842,#420,.T.);
#2298=EDGE_CURVE('',#2833,#2842,#421,.T.);
#2299=EDGE_CURVE('',#2843,#2698,#422,.F.);
#2300=EDGE_CURVE('',#2844,#2843,#423,.T.);
#2301=EDGE_CURVE('',#2844,#2845,#424,.T.);
#2302=EDGE_CURVE('',#2846,#2845,#210,.F.);
#2303=EDGE_CURVE('',#2699,#2846,#425,.T.);
#2304=EDGE_CURVE('',#2847,#2673,#426,.T.);
#2305=EDGE_CURVE('',#2848,#2672,#427,.T.);
#2306=EDGE_CURVE('',#2848,#2849,#428,.T.);
#2307=EDGE_CURVE('',#2689,#2849,#429,.F.);
#2308=EDGE_CURVE('',#2688,#2702,#430,.T.);
#2309=EDGE_CURVE('',#2850,#2697,#431,.F.);
#2310=EDGE_CURVE('',#2850,#2851,#432,.T.);
#2311=EDGE_CURVE('',#2811,#2851,#211,.T.);
#2312=EDGE_CURVE('',#2847,#2810,#433,.F.);
#2313=EDGE_CURVE('',#2852,#2853,#434,.F.);
#2314=EDGE_CURVE('',#2854,#2853,#435,.T.);
#2315=EDGE_CURVE('',#2855,#2854,#436,.F.);
#2316=EDGE_CURVE('',#2856,#2855,#212,.F.);
#2317=EDGE_CURVE('',#2856,#2857,#437,.T.);
#2318=EDGE_CURVE('',#2842,#2857,#213,.F.);
#2319=EDGE_CURVE('',#2852,#2841,#214,.T.);
#2320=EDGE_CURVE('',#2858,#2859,#438,.F.);
#2321=EDGE_CURVE('',#2787,#2858,#215,.F.);
#2322=EDGE_CURVE('',#2855,#2786,#216,.F.);
#2323=EDGE_CURVE('',#2859,#2854,#439,.T.);
#2324=EDGE_CURVE('',#2860,#2808,#217,.F.);
#2325=EDGE_CURVE('',#2860,#2861,#440,.T.);
#2326=EDGE_CURVE('',#2858,#2861,#218,.F.);
#2327=EDGE_CURVE('',#2862,#2859,#441,.T.);
#2328=EDGE_CURVE('',#2809,#2862,#442,.T.);
#2329=EDGE_CURVE('',#2863,#2864,#443,.T.);
#2330=EDGE_CURVE('',#2864,#2865,#444,.T.);
#2331=EDGE_CURVE('',#2866,#2865,#219,.T.);
#2332=EDGE_CURVE('',#2863,#2866,#3075,.T.);
#2333=EDGE_CURVE('',#2867,#2868,#445,.T.);
#2334=EDGE_CURVE('',#2868,#2869,#446,.T.);
#2335=EDGE_CURVE('',#2869,#2870,#447,.T.);
#2336=EDGE_CURVE('',#2870,#2871,#448,.T.);
#2337=EDGE_CURVE('',#2871,#2872,#449,.T.);
#2338=EDGE_CURVE('',#2872,#2873,#450,.T.);
#2339=EDGE_CURVE('',#2873,#2874,#451,.T.);
#2340=EDGE_CURVE('',#2874,#2875,#452,.T.);
#2341=EDGE_CURVE('',#2875,#2876,#453,.T.);
#2342=EDGE_CURVE('',#2876,#2877,#454,.T.);
#2343=EDGE_CURVE('',#2878,#2877,#455,.T.);
#2344=EDGE_CURVE('',#2867,#2878,#151,.T.);
#2345=EDGE_CURVE('',#2879,#2879,#3076,.T.);
#2346=EDGE_CURVE('',#2880,#2880,#3077,.T.);
#2347=EDGE_CURVE('',#2881,#2881,#152,.T.);
#2348=EDGE_CURVE('',#2882,#2878,#456,.T.);
#2349=EDGE_CURVE('',#2883,#2882,#3078,.T.);
#2350=EDGE_CURVE('',#2867,#2883,#457,.F.);
#2351=EDGE_CURVE('',#2884,#2885,#153,.T.);
#2352=EDGE_CURVE('',#2886,#2885,#458,.T.);
#2353=EDGE_CURVE('',#2886,#2887,#459,.T.);
#2354=EDGE_CURVE('',#2884,#2887,#460,.F.);
#2355=EDGE_CURVE('',#2888,#2716,#461,.T.);
#2356=EDGE_CURVE('',#2888,#2889,#3079,.T.);
#2357=EDGE_CURVE('',#2890,#2889,#462,.T.);
#2358=EDGE_CURVE('',#2890,#2891,#463,.T.);
#2359=EDGE_CURVE('',#2892,#2891,#464,.F.);
#2360=EDGE_CURVE('',#2892,#2893,#3080,.T.);
#2361=EDGE_CURVE('',#2711,#2893,#465,.T.);
#2362=EDGE_CURVE('',#2894,#2715,#466,.F.);
#2363=EDGE_CURVE('',#2894,#2895,#467,.T.);
#2364=EDGE_CURVE('',#2896,#2895,#468,.T.);
#2365=EDGE_CURVE('',#2897,#2896,#154,.T.);
#2366=EDGE_CURVE('',#2897,#2898,#469,.T.);
#2367=EDGE_CURVE('',#2898,#2899,#470,.T.);
#2368=EDGE_CURVE('',#2718,#2899,#471,.T.);
#2369=EDGE_CURVE('',#2900,#2901,#472,.T.);
#2370=EDGE_CURVE('',#2902,#2901,#473,.F.);
#2371=EDGE_CURVE('',#2902,#2903,#155,.T.);
#2372=EDGE_CURVE('',#2900,#2903,#474,.T.);
#2373=EDGE_CURVE('',#2904,#2905,#475,.F.);
#2374=EDGE_CURVE('',#2906,#2904,#220,.T.);
#2375=EDGE_CURVE('',#2907,#2906,#476,.F.);
#2376=EDGE_CURVE('',#2908,#2907,#221,.T.);
#2377=EDGE_CURVE('',#2909,#2908,#477,.F.);
#2378=EDGE_CURVE('',#2909,#2910,#478,.T.);
#2379=EDGE_CURVE('',#2911,#2910,#479,.F.);
#2380=EDGE_CURVE('',#2911,#2912,#3081,.T.);
#2381=EDGE_CURVE('',#2717,#2912,#480,.T.);
#2382=EDGE_CURVE('',#2913,#2721,#481,.F.);
#2383=EDGE_CURVE('',#2913,#2864,#482,.T.);
#2384=EDGE_CURVE('',#2905,#2863,#222,.T.);
#2385=EDGE_CURVE('',#2914,#2801,#483,.T.);
#2386=EDGE_CURVE('',#2915,#2800,#3082,.T.);
#2387=EDGE_CURVE('',#2914,#2915,#223,.T.);
#2388=EDGE_CURVE('',#2862,#2847,#224,.F.);
#2389=EDGE_CURVE('',#2853,#2916,#484,.T.);
#2390=EDGE_CURVE('',#2916,#2917,#485,.T.);
#2391=EDGE_CURVE('',#2917,#2918,#486,.T.);
#2392=EDGE_CURVE('',#2918,#2919,#487,.T.);
#2393=EDGE_CURVE('',#2674,#2919,#488,.T.);
#2394=EDGE_CURVE('',#2920,#2921,#489,.T.);
#2395=EDGE_CURVE('',#2920,#2922,#490,.T.);
#2396=EDGE_CURVE('',#2923,#2922,#491,.F.);
#2397=EDGE_CURVE('',#2921,#2923,#492,.T.);
#2398=EDGE_CURVE('',#2924,#2925,#3083,.T.);
#2399=EDGE_CURVE('',#2695,#2925,#493,.T.);
#2400=EDGE_CURVE('',#2924,#2694,#494,.F.);
#2401=EDGE_CURVE('',#2926,#2927,#495,.T.);
#2402=EDGE_CURVE('',#2926,#2928,#496,.T.);
#2403=EDGE_CURVE('',#2675,#2928,#497,.F.);
#2404=EDGE_CURVE('',#2919,#2929,#498,.T.);
#2405=EDGE_CURVE('',#2927,#2929,#499,.T.);
#2406=EDGE_CURVE('',#2930,#2676,#500,.T.);
#2407=EDGE_CURVE('',#2930,#2931,#501,.T.);
#2408=EDGE_CURVE('',#2677,#2931,#502,.F.);
#2409=EDGE_CURVE('',#2877,#2665,#503,.T.);
#2410=EDGE_CURVE('',#2882,#2664,#504,.T.);
#2411=EDGE_CURVE('',#2883,#2663,#505,.T.);
#2412=EDGE_CURVE('',#2662,#2868,#506,.T.);
#2413=EDGE_CURVE('',#2739,#2898,#507,.F.);
#2414=EDGE_CURVE('',#2679,#2897,#508,.T.);
#2415=EDGE_CURVE('',#2680,#2896,#509,.T.);
#2416=EDGE_CURVE('',#2895,#2730,#510,.F.);
#2417=EDGE_CURVE('',#2932,#2876,#511,.T.);
#2418=EDGE_CURVE('',#2666,#2932,#225,.T.);
#2419=EDGE_CURVE('',#2933,#2875,#512,.T.);
#2420=EDGE_CURVE('',#2723,#2933,#226,.T.);
#2421=EDGE_CURVE('',#2932,#2722,#227,.T.);
#2422=EDGE_CURVE('',#2934,#2874,#513,.T.);
#2423=EDGE_CURVE('',#2707,#2934,#228,.T.);
#2424=EDGE_CURVE('',#2933,#2706,#229,.T.);
#2425=EDGE_CURVE('',#2869,#2935,#514,.F.);
#2426=EDGE_CURVE('',#2935,#2661,#230,.T.);
#2427=EDGE_CURVE('',#2934,#2920,#231,.T.);
#2428=EDGE_CURVE('',#2936,#2873,#515,.T.);
#2429=EDGE_CURVE('',#2922,#2936,#232,.T.);
#2430=EDGE_CURVE('',#2937,#2728,#233,.T.);
#2431=EDGE_CURVE('',#2870,#2937,#516,.F.);
#2432=EDGE_CURVE('',#2729,#2935,#234,.T.);
#2433=EDGE_CURVE('',#2936,#2926,#235,.T.);
#2434=EDGE_CURVE('',#2938,#2872,#517,.F.);
#2435=EDGE_CURVE('',#2928,#2938,#236,.T.);
#2436=EDGE_CURVE('',#2939,#2848,#237,.T.);
#2437=EDGE_CURVE('',#2871,#2939,#518,.F.);
#2438=EDGE_CURVE('',#2849,#2937,#238,.T.);
#2439=EDGE_CURVE('',#2938,#2930,#239,.T.);
#2440=EDGE_CURVE('',#2931,#2939,#240,.T.);
#2441=EDGE_CURVE('',#2940,#2918,#519,.F.);
#2442=EDGE_CURVE('',#2910,#2940,#241,.T.);
#2443=EDGE_CURVE('',#2929,#2909,#242,.F.);
#2444=EDGE_CURVE('',#2941,#2917,#520,.F.);
#2445=EDGE_CURVE('',#2901,#2941,#243,.T.);
#2446=EDGE_CURVE('',#2940,#2900,#244,.T.);
#2447=EDGE_CURVE('',#2941,#2890,#245,.T.);
#2448=EDGE_CURVE('',#2942,#2916,#521,.F.);
#2449=EDGE_CURVE('',#2891,#2942,#246,.T.);
#2450=EDGE_CURVE('',#2942,#2886,#247,.T.);
#2451=EDGE_CURVE('',#2887,#2852,#248,.T.);
#2452=EDGE_CURVE('',#2731,#2943,#522,.T.);
#2453=EDGE_CURVE('',#2943,#2894,#249,.F.);
#2454=EDGE_CURVE('',#2944,#2724,#250,.F.);
#2455=EDGE_CURVE('',#2732,#2944,#523,.F.);
#2456=EDGE_CURVE('',#2725,#2943,#251,.F.);
#2457=EDGE_CURVE('',#2733,#2945,#524,.F.);
#2458=EDGE_CURVE('',#2838,#2944,#252,.F.);
#2459=EDGE_CURVE('',#2945,#2837,#253,.F.);
#2460=EDGE_CURVE('',#2946,#2814,#254,.F.);
#2461=EDGE_CURVE('',#2734,#2946,#525,.F.);
#2462=EDGE_CURVE('',#2815,#2945,#255,.F.);
#2463=EDGE_CURVE('',#2735,#2801,#526,.F.);
#2464=EDGE_CURVE('',#2802,#2946,#256,.F.);
#2465=EDGE_CURVE('',#2736,#2864,#527,.F.);
#2466=EDGE_CURVE('',#2925,#2914,#257,.F.);
#2467=EDGE_CURVE('',#2865,#2924,#258,.F.);
#2468=EDGE_CURVE('',#2737,#2947,#528,.F.);
#2469=EDGE_CURVE('',#2947,#2913,#259,.F.);
#2470=EDGE_CURVE('',#2948,#2726,#260,.F.);
#2471=EDGE_CURVE('',#2738,#2948,#529,.F.);
#2472=EDGE_CURVE('',#2727,#2947,#261,.F.);
#2473=EDGE_CURVE('',#2899,#2948,#262,.F.);
#2474=EDGE_CURVE('',#2949,#2949,#156,.F.);
#2475=EDGE_CURVE('',#2893,#2839,#157,.T.);
#2476=EDGE_CURVE('',#2950,#2950,#158,.T.);
#2477=EDGE_CURVE('',#2951,#2952,#530,.T.);
#2478=EDGE_CURVE('',#2953,#2952,#263,.T.);
#2479=EDGE_CURVE('',#2954,#2953,#531,.T.);
#2480=EDGE_CURVE('',#2955,#2954,#264,.T.);
#2481=EDGE_CURVE('',#2956,#2955,#532,.T.);
#2482=EDGE_CURVE('',#2957,#2956,#533,.F.);
#2483=EDGE_CURVE('',#2958,#2957,#534,.F.);
#2484=EDGE_CURVE('',#2958,#2959,#535,.T.);
#2485=EDGE_CURVE('',#2960,#2959,#536,.T.);
#2486=EDGE_CURVE('',#2951,#2960,#537,.F.);
#2487=EDGE_CURVE('',#2961,#2962,#538,.F.);
#2488=EDGE_CURVE('',#2963,#2961,#539,.F.);
#2489=EDGE_CURVE('',#2963,#2964,#540,.T.);
#2490=EDGE_CURVE('',#2965,#2964,#541,.T.);
#2491=EDGE_CURVE('',#2962,#2965,#265,.T.);
#2492=EDGE_CURVE('',#2765,#2966,#542,.F.);
#2493=EDGE_CURVE('',#2780,#2764,#543,.T.);
#2494=EDGE_CURVE('',#2967,#2745,#544,.F.);
#2495=EDGE_CURVE('',#2967,#2968,#545,.T.);
#2496=EDGE_CURVE('',#2969,#2968,#546,.T.);
#2497=EDGE_CURVE('',#2966,#2969,#547,.F.);
#2498=EDGE_CURVE('',#2970,#2971,#548,.F.);
#2499=EDGE_CURVE('',#2972,#2970,#266,.T.);
#2500=EDGE_CURVE('',#2973,#2972,#549,.F.);
#2501=EDGE_CURVE('',#2973,#2974,#550,.T.);
#2502=EDGE_CURVE('',#2975,#2974,#551,.T.);
#2503=EDGE_CURVE('',#2971,#2975,#552,.T.);
#2504=EDGE_CURVE('',#2767,#2856,#553,.F.);
#2505=EDGE_CURVE('',#2976,#2766,#554,.T.);
#2506=EDGE_CURVE('',#2857,#2976,#555,.F.);
#2507=EDGE_CURVE('',#2977,#2978,#556,.F.);
#2508=EDGE_CURVE('',#2977,#2979,#557,.T.);
#2509=EDGE_CURVE('',#2748,#2979,#558,.T.);
#2510=EDGE_CURVE('',#2768,#2777,#559,.T.);
#2511=EDGE_CURVE('',#2845,#2769,#560,.T.);
#2512=EDGE_CURVE('',#2844,#2980,#561,.T.);
#2513=EDGE_CURVE('',#2981,#2980,#267,.T.);
#2514=EDGE_CURVE('',#2981,#2982,#562,.T.);
#2515=EDGE_CURVE('',#2983,#2982,#268,.T.);
#2516=EDGE_CURVE('',#2984,#2983,#563,.T.);
#2517=EDGE_CURVE('',#2978,#2984,#564,.T.);
#2518=EDGE_CURVE('',#2985,#2850,#269,.T.);
#2519=EDGE_CURVE('',#2773,#2985,#565,.F.);
#2520=EDGE_CURVE('',#2861,#2772,#566,.T.);
#2521=EDGE_CURVE('',#2851,#2860,#567,.F.);
#2522=EDGE_CURVE('',#2986,#2986,#3084,.T.);
#2523=EDGE_CURVE('',#2987,#2987,#3085,.T.);
#2524=EDGE_CURVE('',#2799,#2988,#270,.T.);
#2525=EDGE_CURVE('',#2988,#2989,#3086,.T.);
#2526=EDGE_CURVE('',#2989,#2792,#568,.T.);
#2527=EDGE_CURVE('',#2990,#2990,#159,.T.);
#2528=EDGE_CURVE('',#2989,#2784,#569,.T.);
#2529=EDGE_CURVE('',#2988,#2785,#570,.T.);
#2530=EDGE_CURVE('',#2991,#2798,#571,.T.);
#2531=EDGE_CURVE('',#2789,#2991,#271,.F.);
#2532=EDGE_CURVE('',#2761,#2788,#272,.F.);
#2533=EDGE_CURVE('',#2992,#2797,#572,.T.);
#2534=EDGE_CURVE('',#2968,#2992,#273,.F.);
#2535=EDGE_CURVE('',#2991,#2967,#274,.F.);
#2536=EDGE_CURVE('',#2992,#2963,#275,.F.);
#2537=EDGE_CURVE('',#2993,#2796,#573,.T.);
#2538=EDGE_CURVE('',#2964,#2993,#276,.F.);
#2539=EDGE_CURVE('',#2993,#2958,#277,.F.);
#2540=EDGE_CURVE('',#2994,#2795,#574,.T.);
#2541=EDGE_CURVE('',#2959,#2994,#278,.F.);
#2542=EDGE_CURVE('',#2994,#2973,#279,.F.);
#2543=EDGE_CURVE('',#2995,#2794,#575,.F.);
#2544=EDGE_CURVE('',#2974,#2995,#280,.F.);
#2545=EDGE_CURVE('',#2793,#2996,#576,.F.);
#2546=EDGE_CURVE('',#2791,#2753,#281,.F.);
#2547=EDGE_CURVE('',#2996,#2790,#282,.F.);
#2548=EDGE_CURVE('',#2979,#2996,#283,.F.);
#2549=EDGE_CURVE('',#2995,#2977,#284,.F.);
#2550=EDGE_CURVE('',#2997,#2997,#160,.F.);
#2551=EDGE_CURVE('',#2912,#2888,#161,.T.);
#2552=EDGE_CURVE('',#2998,#2998,#162,.T.);
#2553=EDGE_CURVE('',#2903,#2911,#3087,.T.);
#2554=EDGE_CURVE('',#2889,#2902,#3088,.T.);
#2555=EDGE_CURVE('',#2885,#2892,#3089,.T.);
#2556=EDGE_CURVE('',#2840,#2884,#3090,.T.);
#2557=EDGE_CURVE('',#2956,#2818,#163,.T.);
#2558=EDGE_CURVE('',#2819,#2955,#577,.F.);
#2559=EDGE_CURVE('',#2952,#2822,#578,.T.);
#2560=EDGE_CURVE('',#2823,#2951,#164,.F.);
#2561=EDGE_CURVE('',#2821,#2953,#579,.F.);
#2562=EDGE_CURVE('',#2954,#2820,#580,.T.);
#2563=EDGE_CURVE('',#2651,#2983,#581,.F.);
#2564=EDGE_CURVE('',#2670,#2650,#285,.T.);
#2565=EDGE_CURVE('',#2999,#2669,#3091,.F.);
#2566=EDGE_CURVE('',#2984,#2999,#286,.F.);
#2567=EDGE_CURVE('',#3000,#2843,#287,.F.);
#2568=EDGE_CURVE('',#2980,#3000,#582,.T.);
#2569=EDGE_CURVE('',#2982,#2652,#583,.T.);
#2570=EDGE_CURVE('',#2653,#2981,#584,.F.);
#2571=EDGE_CURVE('',#3000,#2654,#3092,.T.);
#2572=EDGE_CURVE('',#2923,#2927,#288,.T.);
#2573=EDGE_CURVE('',#2708,#2921,#289,.T.);
#2574=EDGE_CURVE('',#2866,#2703,#290,.T.);
#2575=EDGE_CURVE('',#2648,#2915,#291,.T.);
#2576=EDGE_CURVE('',#2671,#2649,#292,.T.);
#2577=EDGE_CURVE('',#2975,#2978,#293,.F.);
#2578=EDGE_CURVE('',#2846,#2985,#3093,.T.);
#2579=EDGE_CURVE('',#3001,#2812,#3094,.T.);
#2580=EDGE_CURVE('',#2803,#3001,#294,.T.);
#2581=EDGE_CURVE('',#3002,#2972,#3095,.T.);
#2582=EDGE_CURVE('',#2960,#3002,#295,.T.);
#2583=EDGE_CURVE('',#3003,#2836,#296,.T.);
#2584=EDGE_CURVE('',#2816,#3003,#3096,.T.);
#2585=EDGE_CURVE('',#2965,#3004,#3097,.T.);
#2586=EDGE_CURVE('',#3004,#2957,#297,.T.);
#2587=EDGE_CURVE('',#2969,#2961,#298,.T.);
#2588=EDGE_CURVE('',#2976,#2966,#299,.T.);
#2589=EDGE_CURVE('',#2908,#2927,#165,.T.);
#2590=EDGE_CURVE('',#2907,#2923,#166,.T.);
#2591=EDGE_CURVE('',#2906,#2921,#167,.T.);
#2592=EDGE_CURVE('',#2904,#2708,#168,.T.);
#2593=EDGE_CURVE('',#2905,#2703,#169,.T.);
#2594=EDGE_CURVE('',#2960,#2813,#170,.T.);
#2595=EDGE_CURVE('',#3002,#2812,#171,.T.);
#2596=EDGE_CURVE('',#2972,#3001,#172,.T.);
#2597=EDGE_CURVE('',#2999,#2978,#173,.T.);
#2598=EDGE_CURVE('',#2970,#2803,#174,.T.);
#2599=EDGE_CURVE('',#2667,#2975,#175,.T.);
#2600=EDGE_CURVE('',#2807,#2648,#176,.T.);
#2601=EDGE_CURVE('',#2971,#2804,#177,.T.);
#2602=EDGE_CURVE('',#2668,#2971,#178,.T.);
#2603=EDGE_CURVE('',#2806,#2649,#179,.T.);
#2604=EDGE_CURVE('',#2668,#2804,#180,.F.);
#2605=EDGE_CURVE('',#2805,#2671,#181,.T.);
#2606=EDGE_CURVE('',#2976,#2833,#182,.T.);
#2607=EDGE_CURVE('',#2966,#2832,#183,.T.);
#2608=EDGE_CURVE('',#2969,#2834,#184,.T.);
#2609=EDGE_CURVE('',#2961,#2835,#185,.T.);
#2610=EDGE_CURVE('',#2962,#2836,#186,.T.);
#2611=EDGE_CURVE('',#2965,#3003,#187,.T.);
#2612=EDGE_CURVE('',#3004,#2816,#188,.T.);
#2613=EDGE_CURVE('',#2957,#2817,#189,.T.);
#2614=EDGE_CURVE('',#3005,#2824,#585,.T.);
#2615=EDGE_CURVE('',#3006,#3005,#586,.T.);
#2616=EDGE_CURVE('',#3006,#2826,#587,.T.);
#2617=EDGE_CURVE('',#3007,#2825,#588,.T.);
#2618=EDGE_CURVE('',#3005,#3007,#589,.T.);
#2619=EDGE_CURVE('',#3008,#2831,#590,.T.);
#2620=EDGE_CURVE('',#3008,#3007,#591,.T.);
#2621=EDGE_CURVE('',#3009,#2830,#592,.T.);
#2622=EDGE_CURVE('',#3009,#3008,#593,.T.);
#2623=EDGE_CURVE('',#3010,#2829,#594,.T.);
#2624=EDGE_CURVE('',#3010,#3009,#595,.T.);
#2625=EDGE_CURVE('',#3011,#2828,#596,.T.);
#2626=EDGE_CURVE('',#3011,#3010,#597,.T.);
#2627=EDGE_CURVE('',#3012,#2827,#598,.T.);
#2628=EDGE_CURVE('',#3012,#3011,#190,.T.);
#2629=EDGE_CURVE('',#3013,#3014,#599,.T.);
#2630=EDGE_CURVE('',#3015,#3013,#600,.T.);
#2631=EDGE_CURVE('',#3015,#3016,#601,.T.);
#2632=EDGE_CURVE('',#3016,#3014,#602,.T.);
#2633=EDGE_CURVE('',#3013,#3017,#603,.T.);
#2634=EDGE_CURVE('',#3018,#3017,#604,.T.);
#2635=EDGE_CURVE('',#3015,#3018,#605,.T.);
#2636=EDGE_CURVE('',#3017,#3019,#606,.T.);
#2637=EDGE_CURVE('',#3020,#3019,#607,.T.);
#2638=EDGE_CURVE('',#3018,#3020,#608,.T.);
#2639=EDGE_CURVE('',#3014,#3019,#191,.T.);
#2640=EDGE_CURVE('',#3016,#3020,#192,.T.);
#2641=EDGE_CURVE('',#3006,#3012,#609,.T.);
#2642=VERTEX_POINT('',#5353);
#2643=VERTEX_POINT('',#5354);
#2644=VERTEX_POINT('',#5356);
#2645=VERTEX_POINT('',#5361);
#2646=VERTEX_POINT('',#5363);
#2647=VERTEX_POINT('',#5368);
#2648=VERTEX_POINT('',#5370);
#2649=VERTEX_POINT('',#5372);
#2650=VERTEX_POINT('',#5374);
#2651=VERTEX_POINT('',#5376);
#2652=VERTEX_POINT('',#5378);
#2653=VERTEX_POINT('',#5380);
#2654=VERTEX_POINT('',#5382);
#2655=VERTEX_POINT('',#5384);
#2656=VERTEX_POINT('',#5389);
#2657=VERTEX_POINT('',#5391);
#2658=VERTEX_POINT('',#5396);
#2659=VERTEX_POINT('',#5398);
#2660=VERTEX_POINT('',#5403);
#2661=VERTEX_POINT('',#5405);
#2662=VERTEX_POINT('',#5407);
#2663=VERTEX_POINT('',#5409);
#2664=VERTEX_POINT('',#5411);
#2665=VERTEX_POINT('',#5413);
#2666=VERTEX_POINT('',#5415);
#2667=VERTEX_POINT('',#5419);
#2668=VERTEX_POINT('',#5420);
#2669=VERTEX_POINT('',#5422);
#2670=VERTEX_POINT('',#5424);
#2671=VERTEX_POINT('',#5426);
#2672=VERTEX_POINT('',#5430);
#2673=VERTEX_POINT('',#5431);
#2674=VERTEX_POINT('',#5433);
#2675=VERTEX_POINT('',#5435);
#2676=VERTEX_POINT('',#5443);
#2677=VERTEX_POINT('',#5445);
#2678=VERTEX_POINT('',#5453);
#2679=VERTEX_POINT('',#5454);
#2680=VERTEX_POINT('',#5466);
#2681=VERTEX_POINT('',#5468);
#2682=VERTEX_POINT('',#5481);
#2683=VERTEX_POINT('',#5493);
#2684=VERTEX_POINT('',#5496);
#2685=VERTEX_POINT('',#5503);
#2686=VERTEX_POINT('',#5505);
#2687=VERTEX_POINT('',#5512);
#2688=VERTEX_POINT('',#5519);
#2689=VERTEX_POINT('',#5524);
#2690=VERTEX_POINT('',#5531);
#2691=VERTEX_POINT('',#5533);
#2692=VERTEX_POINT('',#5542);
#2693=VERTEX_POINT('',#5547);
#2694=VERTEX_POINT('',#5554);
#2695=VERTEX_POINT('',#5556);
#2696=VERTEX_POINT('',#5568);
#2697=VERTEX_POINT('',#5569);
#2698=VERTEX_POINT('',#5577);
#2699=VERTEX_POINT('',#5579);
#2700=VERTEX_POINT('',#5588);
#2701=VERTEX_POINT('',#5590);
#2702=VERTEX_POINT('',#5595);
#2703=VERTEX_POINT('',#5599);
#2704=VERTEX_POINT('',#5601);
#2705=VERTEX_POINT('',#5606);
#2706=VERTEX_POINT('',#5609);
#2707=VERTEX_POINT('',#5611);
#2708=VERTEX_POINT('',#5613);
#2709=VERTEX_POINT('',#5617);
#2710=VERTEX_POINT('',#5625);
#2711=VERTEX_POINT('',#5626);
#2712=VERTEX_POINT('',#5631);
#2713=VERTEX_POINT('',#5639);
#2714=VERTEX_POINT('',#5641);
#2715=VERTEX_POINT('',#5649);
#2716=VERTEX_POINT('',#5656);
#2717=VERTEX_POINT('',#5657);
#2718=VERTEX_POINT('',#5662);
#2719=VERTEX_POINT('',#5670);
#2720=VERTEX_POINT('',#5672);
#2721=VERTEX_POINT('',#5680);
#2722=VERTEX_POINT('',#5687);
#2723=VERTEX_POINT('',#5688);
#2724=VERTEX_POINT('',#5693);
#2725=VERTEX_POINT('',#5695);
#2726=VERTEX_POINT('',#5699);
#2727=VERTEX_POINT('',#5701);
#2728=VERTEX_POINT('',#5705);
#2729=VERTEX_POINT('',#5707);
#2730=VERTEX_POINT('',#5711);
#2731=VERTEX_POINT('',#5713);
#2732=VERTEX_POINT('',#5715);
#2733=VERTEX_POINT('',#5717);
#2734=VERTEX_POINT('',#5719);
#2735=VERTEX_POINT('',#5721);
#2736=VERTEX_POINT('',#5723);
#2737=VERTEX_POINT('',#5725);
#2738=VERTEX_POINT('',#5727);
#2739=VERTEX_POINT('',#5729);
#2740=VERTEX_POINT('',#5733);
#2741=VERTEX_POINT('',#5734);
#2742=VERTEX_POINT('',#5739);
#2743=VERTEX_POINT('',#5746);
#2744=VERTEX_POINT('',#5748);
#2745=VERTEX_POINT('',#5755);
#2746=VERTEX_POINT('',#5762);
#2747=VERTEX_POINT('',#5763);
#2748=VERTEX_POINT('',#5768);
#2749=VERTEX_POINT('',#5775);
#2750=VERTEX_POINT('',#5777);
#2751=VERTEX_POINT('',#5784);
#2752=VERTEX_POINT('',#5791);
#2753=VERTEX_POINT('',#5792);
#2754=VERTEX_POINT('',#5794);
#2755=VERTEX_POINT('',#5796);
#2756=VERTEX_POINT('',#5798);
#2757=VERTEX_POINT('',#5802);
#2758=VERTEX_POINT('',#5803);
#2759=VERTEX_POINT('',#5805);
#2760=VERTEX_POINT('',#5807);
#2761=VERTEX_POINT('',#5809);
#2762=VERTEX_POINT('',#5816);
#2763=VERTEX_POINT('',#5817);
#2764=VERTEX_POINT('',#5819);
#2765=VERTEX_POINT('',#5824);
#2766=VERTEX_POINT('',#5831);
#2767=VERTEX_POINT('',#5833);
#2768=VERTEX_POINT('',#5845);
#2769=VERTEX_POINT('',#5846);
#2770=VERTEX_POINT('',#5848);
#2771=VERTEX_POINT('',#5853);
#2772=VERTEX_POINT('',#5860);
#2773=VERTEX_POINT('',#5862);
#2774=VERTEX_POINT('',#5871);
#2775=VERTEX_POINT('',#5876);
#2776=VERTEX_POINT('',#5877);
#2777=VERTEX_POINT('',#5879);
#2778=VERTEX_POINT('',#5884);
#2779=VERTEX_POINT('',#5888);
#2780=VERTEX_POINT('',#5893);
#2781=VERTEX_POINT('',#5894);
#2782=VERTEX_POINT('',#5896);
#2783=VERTEX_POINT('',#5901);
#2784=VERTEX_POINT('',#5905);
#2785=VERTEX_POINT('',#5907);
#2786=VERTEX_POINT('',#5913);
#2787=VERTEX_POINT('',#5915);
#2788=VERTEX_POINT('',#5926);
#2789=VERTEX_POINT('',#5927);
#2790=VERTEX_POINT('',#5932);
#2791=VERTEX_POINT('',#5933);
#2792=VERTEX_POINT('',#5938);
#2793=VERTEX_POINT('',#5940);
#2794=VERTEX_POINT('',#5942);
#2795=VERTEX_POINT('',#5944);
#2796=VERTEX_POINT('',#5946);
#2797=VERTEX_POINT('',#5948);
#2798=VERTEX_POINT('',#5950);
#2799=VERTEX_POINT('',#5953);
#2800=VERTEX_POINT('',#5957);
#2801=VERTEX_POINT('',#5958);
#2802=VERTEX_POINT('',#5960);
#2803=VERTEX_POINT('',#5962);
#2804=VERTEX_POINT('',#5964);
#2805=VERTEX_POINT('',#5966);
#2806=VERTEX_POINT('',#5968);
#2807=VERTEX_POINT('',#5970);
#2808=VERTEX_POINT('',#5974);
#2809=VERTEX_POINT('',#5975);
#2810=VERTEX_POINT('',#5977);
#2811=VERTEX_POINT('',#5979);
#2812=VERTEX_POINT('',#5983);
#2813=VERTEX_POINT('',#5984);
#2814=VERTEX_POINT('',#5986);
#2815=VERTEX_POINT('',#5988);
#2816=VERTEX_POINT('',#5990);
#2817=VERTEX_POINT('',#5992);
#2818=VERTEX_POINT('',#5994);
#2819=VERTEX_POINT('',#5996);
#2820=VERTEX_POINT('',#5998);
#2821=VERTEX_POINT('',#6000);
#2822=VERTEX_POINT('',#6002);
#2823=VERTEX_POINT('',#6004);
#2824=VERTEX_POINT('',#6008);
#2825=VERTEX_POINT('',#6009);
#2826=VERTEX_POINT('',#6011);
#2827=VERTEX_POINT('',#6013);
#2828=VERTEX_POINT('',#6015);
#2829=VERTEX_POINT('',#6017);
#2830=VERTEX_POINT('',#6019);
#2831=VERTEX_POINT('',#6021);
#2832=VERTEX_POINT('',#6024);
#2833=VERTEX_POINT('',#6025);
#2834=VERTEX_POINT('',#6027);
#2835=VERTEX_POINT('',#6029);
#2836=VERTEX_POINT('',#6031);
#2837=VERTEX_POINT('',#6033);
#2838=VERTEX_POINT('',#6035);
#2839=VERTEX_POINT('',#6038);
#2840=VERTEX_POINT('',#6043);
#2841=VERTEX_POINT('',#6045);
#2842=VERTEX_POINT('',#6047);
#2843=VERTEX_POINT('',#6051);
#2844=VERTEX_POINT('',#6053);
#2845=VERTEX_POINT('',#6055);
#2846=VERTEX_POINT('',#6057);
#2847=VERTEX_POINT('',#6061);
#2848=VERTEX_POINT('',#6063);
#2849=VERTEX_POINT('',#6065);
#2850=VERTEX_POINT('',#6069);
#2851=VERTEX_POINT('',#6071);
#2852=VERTEX_POINT('',#6076);
#2853=VERTEX_POINT('',#6077);
#2854=VERTEX_POINT('',#6079);
#2855=VERTEX_POINT('',#6081);
#2856=VERTEX_POINT('',#6083);
#2857=VERTEX_POINT('',#6085);
#2858=VERTEX_POINT('',#6090);
#2859=VERTEX_POINT('',#6091);
#2860=VERTEX_POINT('',#6097);
#2861=VERTEX_POINT('',#6099);
#2862=VERTEX_POINT('',#6102);
#2863=VERTEX_POINT('',#6106);
#2864=VERTEX_POINT('',#6107);
#2865=VERTEX_POINT('',#6109);
#2866=VERTEX_POINT('',#6111);
#2867=VERTEX_POINT('',#6118);
#2868=VERTEX_POINT('',#6119);
#2869=VERTEX_POINT('',#6121);
#2870=VERTEX_POINT('',#6123);
#2871=VERTEX_POINT('',#6125);
#2872=VERTEX_POINT('',#6127);
#2873=VERTEX_POINT('',#6129);
#2874=VERTEX_POINT('',#6131);
#2875=VERTEX_POINT('',#6133);
#2876=VERTEX_POINT('',#6135);
#2877=VERTEX_POINT('',#6137);
#2878=VERTEX_POINT('',#6139);
#2879=VERTEX_POINT('',#6153);
#2880=VERTEX_POINT('',#6165);
#2881=VERTEX_POINT('',#6167);
#2882=VERTEX_POINT('',#6169);
#2883=VERTEX_POINT('',#6181);
#2884=VERTEX_POINT('',#6185);
#2885=VERTEX_POINT('',#6186);
#2886=VERTEX_POINT('',#6188);
#2887=VERTEX_POINT('',#6190);
#2888=VERTEX_POINT('',#6194);
#2889=VERTEX_POINT('',#6199);
#2890=VERTEX_POINT('',#6201);
#2891=VERTEX_POINT('',#6203);
#2892=VERTEX_POINT('',#6205);
#2893=VERTEX_POINT('',#6210);
#2894=VERTEX_POINT('',#6213);
#2895=VERTEX_POINT('',#6215);
#2896=VERTEX_POINT('',#6217);
#2897=VERTEX_POINT('',#6219);
#2898=VERTEX_POINT('',#6221);
#2899=VERTEX_POINT('',#6223);
#2900=VERTEX_POINT('',#6227);
#2901=VERTEX_POINT('',#6228);
#2902=VERTEX_POINT('',#6230);
#2903=VERTEX_POINT('',#6232);
#2904=VERTEX_POINT('',#6236);
#2905=VERTEX_POINT('',#6237);
#2906=VERTEX_POINT('',#6239);
#2907=VERTEX_POINT('',#6241);
#2908=VERTEX_POINT('',#6243);
#2909=VERTEX_POINT('',#6245);
#2910=VERTEX_POINT('',#6247);
#2911=VERTEX_POINT('',#6249);
#2912=VERTEX_POINT('',#6254);
#2913=VERTEX_POINT('',#6257);
#2914=VERTEX_POINT('',#6262);
#2915=VERTEX_POINT('',#6267);
#2916=VERTEX_POINT('',#6272);
#2917=VERTEX_POINT('',#6274);
#2918=VERTEX_POINT('',#6276);
#2919=VERTEX_POINT('',#6278);
#2920=VERTEX_POINT('',#6282);
#2921=VERTEX_POINT('',#6283);
#2922=VERTEX_POINT('',#6285);
#2923=VERTEX_POINT('',#6287);
#2924=VERTEX_POINT('',#6294);
#2925=VERTEX_POINT('',#6295);
#2926=VERTEX_POINT('',#6300);
#2927=VERTEX_POINT('',#6301);
#2928=VERTEX_POINT('',#6303);
#2929=VERTEX_POINT('',#6306);
#2930=VERTEX_POINT('',#6310);
#2931=VERTEX_POINT('',#6312);
#2932=VERTEX_POINT('',#6332);
#2933=VERTEX_POINT('',#6336);
#2934=VERTEX_POINT('',#6341);
#2935=VERTEX_POINT('',#6346);
#2936=VERTEX_POINT('',#6351);
#2937=VERTEX_POINT('',#6355);
#2938=VERTEX_POINT('',#6361);
#2939=VERTEX_POINT('',#6365);
#2940=VERTEX_POINT('',#6373);
#2941=VERTEX_POINT('',#6378);
#2942=VERTEX_POINT('',#6384);
#2943=VERTEX_POINT('',#6391);
#2944=VERTEX_POINT('',#6395);
#2945=VERTEX_POINT('',#6400);
#2946=VERTEX_POINT('',#6405);
#2947=VERTEX_POINT('',#6417);
#2948=VERTEX_POINT('',#6421);
#2949=VERTEX_POINT('',#6428);
#2950=VERTEX_POINT('',#6432);
#2951=VERTEX_POINT('',#6436);
#2952=VERTEX_POINT('',#6437);
#2953=VERTEX_POINT('',#6439);
#2954=VERTEX_POINT('',#6441);
#2955=VERTEX_POINT('',#6443);
#2956=VERTEX_POINT('',#6445);
#2957=VERTEX_POINT('',#6447);
#2958=VERTEX_POINT('',#6449);
#2959=VERTEX_POINT('',#6451);
#2960=VERTEX_POINT('',#6453);
#2961=VERTEX_POINT('',#6457);
#2962=VERTEX_POINT('',#6458);
#2963=VERTEX_POINT('',#6460);
#2964=VERTEX_POINT('',#6462);
#2965=VERTEX_POINT('',#6464);
#2966=VERTEX_POINT('',#6468);
#2967=VERTEX_POINT('',#6471);
#2968=VERTEX_POINT('',#6473);
#2969=VERTEX_POINT('',#6475);
#2970=VERTEX_POINT('',#6479);
#2971=VERTEX_POINT('',#6480);
#2972=VERTEX_POINT('',#6482);
#2973=VERTEX_POINT('',#6484);
#2974=VERTEX_POINT('',#6486);
#2975=VERTEX_POINT('',#6488);
#2976=VERTEX_POINT('',#6493);
#2977=VERTEX_POINT('',#6497);
#2978=VERTEX_POINT('',#6498);
#2979=VERTEX_POINT('',#6500);
#2980=VERTEX_POINT('',#6505);
#2981=VERTEX_POINT('',#6507);
#2982=VERTEX_POINT('',#6509);
#2983=VERTEX_POINT('',#6511);
#2984=VERTEX_POINT('',#6513);
#2985=VERTEX_POINT('',#6517);
#2986=VERTEX_POINT('',#6533);
#2987=VERTEX_POINT('',#6545);
#2988=VERTEX_POINT('',#6547);
#2989=VERTEX_POINT('',#6559);
#2990=VERTEX_POINT('',#6562);
#2991=VERTEX_POINT('',#6575);
#2992=VERTEX_POINT('',#6580);
#2993=VERTEX_POINT('',#6586);
#2994=VERTEX_POINT('',#6591);
#2995=VERTEX_POINT('',#6596);
#2996=VERTEX_POINT('',#6600);
#2997=VERTEX_POINT('',#6608);
#2998=VERTEX_POINT('',#6614);
#2999=VERTEX_POINT('',#6663);
#3000=VERTEX_POINT('',#6667);
#3001=VERTEX_POINT('',#6713);
#3002=VERTEX_POINT('',#6721);
#3003=VERTEX_POINT('',#6725);
#3004=VERTEX_POINT('',#6735);
#3005=VERTEX_POINT('',#6980);
#3006=VERTEX_POINT('',#6982);
#3007=VERTEX_POINT('',#6986);
#3008=VERTEX_POINT('',#6990);
#3009=VERTEX_POINT('',#6994);
#3010=VERTEX_POINT('',#6998);
#3011=VERTEX_POINT('',#7002);
#3012=VERTEX_POINT('',#7006);
#3013=VERTEX_POINT('',#7010);
#3014=VERTEX_POINT('',#7011);
#3015=VERTEX_POINT('',#7013);
#3016=VERTEX_POINT('',#7015);
#3017=VERTEX_POINT('',#7019);
#3018=VERTEX_POINT('',#7021);
#3019=VERTEX_POINT('',#7025);
#3020=VERTEX_POINT('',#7027);
#3021=B_SPLINE_CURVE_WITH_KNOTS('',3,(#5349,#5350,#5351,#5352),
 .UNSPECIFIED.,.F.,.F.,(4,4),(-0.00210507127023806,0.00289850673014556),
 .UNSPECIFIED.);
#3022=B_SPLINE_CURVE_WITH_KNOTS('',3,(#5357,#5358,#5359,#5360),
 .UNSPECIFIED.,.F.,.F.,(4,4),(0.00192163178977603,0.00443171075333503),
 .UNSPECIFIED.);
#3023=B_SPLINE_CURVE_WITH_KNOTS('',3,(#5364,#5365,#5366,#5367),
 .UNSPECIFIED.,.F.,.F.,(4,4),(0.0173173525996537,0.0222690382303678),
 .UNSPECIFIED.);
#3024=B_SPLINE_CURVE_WITH_KNOTS('',3,(#5385,#5386,#5387,#5388),
 .UNSPECIFIED.,.F.,.F.,(4,4),(-0.00210507127023807,0.00289850673013283),
 .UNSPECIFIED.);
#3025=B_SPLINE_CURVE_WITH_KNOTS('',3,(#5392,#5393,#5394,#5395),
 .UNSPECIFIED.,.F.,.F.,(4,4),(1.25881139110747E-6,0.00250900795724595),
 .UNSPECIFIED.);
#3026=B_SPLINE_CURVE_WITH_KNOTS('',3,(#5399,#5400,#5401,#5402),
 .UNSPECIFIED.,.F.,.F.,(4,4),(0.0173173525996383,0.022269038230367),
 .UNSPECIFIED.);
#3027=B_SPLINE_CURVE_WITH_KNOTS('',3,(#5436,#5437,#5438,#5439,#5440,#5441,
#5442),.UNSPECIFIED.,.F.,.F.,(4,1,1,1,4),(0.,0.00205490393895633,0.00410980787791266,
0.006164711816869,0.00821961575582533),.UNSPECIFIED.);
#3028=B_SPLINE_CURVE_WITH_KNOTS('',3,(#5446,#5447,#5448,#5449,#5450,#5451),
 .UNSPECIFIED.,.F.,.F.,(4,1,1,4),(0.,0.0041117827074145,0.00616767406112176,
0.00822356541482901),.UNSPECIFIED.);
#3029=B_SPLINE_CURVE_WITH_KNOTS('',3,(#5455,#5456,#5457,#5458,#5459,#5460,
#5461,#5462,#5463,#5464,#5465),.UNSPECIFIED.,.F.,.F.,(4,1,1,1,1,1,1,1,4),
(1.93947980722443E-18,0.00210049649644331,0.00420099299288661,0.00630148948932992,
0.00840198598577322,0.0105024824822165,0.0126029789786598,0.0147034754751031,
0.0168039719715464),.UNSPECIFIED.);
#3030=B_SPLINE_CURVE_WITH_KNOTS('',3,(#5470,#5471,#5472,#5473,#5474,#5475,
#5476,#5477,#5478,#5479,#5480),.UNSPECIFIED.,.T.,.F.,(1,1,1,1,1,1,1,1,1,
1,1,1,1,1,1),(-0.00469811189401211,-0.00313207459600807,-0.00156603729800404,
0.,0.00156603729800404,0.00313207459600807,0.00469811189401211,0.00626414919201615,
0.00783018649002018,0.00939622378802422,0.0109622610860283,0.0125282983840323,
0.0140943356820363,0.0156603729800404,0.0172264102780444),.UNSPECIFIED.);
#3031=B_SPLINE_CURVE_WITH_KNOTS('',3,(#5482,#5483,#5484,#5485,#5486,#5487,
#5488,#5489,#5490,#5491,#5492),.UNSPECIFIED.,.T.,.F.,(1,1,1,1,1,1,1,1,1,
1,1,1,1,1,1),(-0.00469811189401211,-0.00313207459600807,-0.00156603729800404,
1.47659352424708E-20,0.00156603729800404,0.00313207459600807,0.00469811189401211,
0.00626414919201614,0.00783018649002018,0.00939622378802422,0.0109622610860283,
0.0125282983840323,0.0140943356820363,0.0156603729800404,0.0172264102780444),
 .UNSPECIFIED.);
#3032=B_SPLINE_CURVE_WITH_KNOTS('',3,(#5497,#5498,#5499,#5500,#5501,#5502),
 .UNSPECIFIED.,.F.,.F.,(4,1,1,4),(0.,0.00214809031488001,0.00322213547232002,
0.00429618062976002),.UNSPECIFIED.);
#3033=B_SPLINE_CURVE_WITH_KNOTS('',3,(#5506,#5507,#5508,#5509,#5510,#5511),
 .UNSPECIFIED.,.F.,.F.,(4,1,1,4),(0.,0.00107884283670253,0.00215768567340506,
0.00431537134681011),.UNSPECIFIED.);
#3034=B_SPLINE_CURVE_WITH_KNOTS('',3,(#5513,#5514,#5515,#5516),
 .UNSPECIFIED.,.F.,.F.,(4,4),(0.0173173525996424,0.0222690382303667),
 .UNSPECIFIED.);
#3035=B_SPLINE_CURVE_WITH_KNOTS('',3,(#5520,#5521,#5522,#5523),
 .UNSPECIFIED.,.F.,.F.,(4,4),(-0.00210507127023808,0.00289850673014468),
 .UNSPECIFIED.);
#3036=B_SPLINE_CURVE_WITH_KNOTS('',3,(#5525,#5526,#5527,#5528,#5529,#5530),
 .UNSPECIFIED.,.F.,.F.,(4,1,1,4),(0.,0.00214809031488,0.00322213547232,
0.00429618062976),.UNSPECIFIED.);
#3037=B_SPLINE_CURVE_WITH_KNOTS('',3,(#5534,#5535,#5536,#5537,#5538,#5539),
 .UNSPECIFIED.,.F.,.F.,(4,1,1,4),(0.,0.00107884283670253,0.00215768567340507,
0.00431537134681013),.UNSPECIFIED.);
#3038=B_SPLINE_CURVE_WITH_KNOTS('',3,(#5543,#5544,#5545,#5546),
 .UNSPECIFIED.,.F.,.F.,(4,4),(-0.00210507127023809,0.00289850673014552),
 .UNSPECIFIED.);
#3039=B_SPLINE_CURVE_WITH_KNOTS('',3,(#5548,#5549,#5550,#5551,#5552,#5553),
 .UNSPECIFIED.,.F.,.F.,(4,1,1,4),(0.,0.00214809031488002,0.00322213547232002,
0.00429618062976003),.UNSPECIFIED.);
#3040=B_SPLINE_CURVE_WITH_KNOTS('',3,(#5557,#5558,#5559,#5560,#5561,#5562),
 .UNSPECIFIED.,.F.,.F.,(4,1,1,4),(0.,0.00107884283670254,0.00215768567340507,
0.00431537134681015),.UNSPECIFIED.);
#3041=B_SPLINE_CURVE_WITH_KNOTS('',3,(#5564,#5565,#5566,#5567),
 .UNSPECIFIED.,.F.,.F.,(4,4),(0.0173173525996384,0.0222690382303671),
 .UNSPECIFIED.);
#3042=B_SPLINE_CURVE_WITH_KNOTS('',3,(#5571,#5572,#5573,#5574,#5575,#5576),
 .UNSPECIFIED.,.F.,.F.,(4,1,1,4),(0.,0.00214809031488001,0.00322213547232001,
0.00429618062976002),.UNSPECIFIED.);
#3043=B_SPLINE_CURVE_WITH_KNOTS('',3,(#5580,#5581,#5582,#5583,#5584,#5585),
 .UNSPECIFIED.,.F.,.F.,(4,1,1,4),(0.,0.00107884283670252,0.00215768567340503,
0.00431537134681006),.UNSPECIFIED.);
#3044=B_SPLINE_CURVE_WITH_KNOTS('',3,(#5591,#5592,#5593,#5594),
 .UNSPECIFIED.,.F.,.F.,(4,4),(1.25881139155548E-6,0.00250900795724646),
 .UNSPECIFIED.);
#3045=B_SPLINE_CURVE_WITH_KNOTS('',3,(#5602,#5603,#5604,#5605),
 .UNSPECIFIED.,.F.,.F.,(4,4),(0.00192163178977603,0.00443171075333503),
 .UNSPECIFIED.);
#3046=B_SPLINE_CURVE_WITH_KNOTS('',3,(#5627,#5628,#5629,#5630),
 .UNSPECIFIED.,.F.,.F.,(4,4),(-0.00208193353395625,0.00285014628020092),
 .UNSPECIFIED.);
#3047=B_SPLINE_CURVE_WITH_KNOTS('',3,(#5632,#5633,#5634,#5635,#5636,#5637,
#5638),.UNSPECIFIED.,.F.,.F.,(4,1,1,1,4),(0.,0.0012167289749992,0.0024334579499984,
0.0036501869249976,0.0048669158999968),.UNSPECIFIED.);
#3048=B_SPLINE_CURVE_WITH_KNOTS('',3,(#5642,#5643,#5644,#5645,#5646,#5647,
#5648),.UNSPECIFIED.,.F.,.F.,(4,1,1,1,4),(0.,0.00123070794466711,0.00246141588933421,
0.00369212383400132,0.00492283177866843),.UNSPECIFIED.);
#3049=B_SPLINE_CURVE_WITH_KNOTS('',3,(#5650,#5651,#5652,#5653),
 .UNSPECIFIED.,.F.,.F.,(4,4),(0.0173432107264676,0.0223232906387887),
 .UNSPECIFIED.);
#3050=B_SPLINE_CURVE_WITH_KNOTS('',3,(#5658,#5659,#5660,#5661),
 .UNSPECIFIED.,.F.,.F.,(4,4),(-0.00208193353395624,0.00285014628020093),
 .UNSPECIFIED.);
#3051=B_SPLINE_CURVE_WITH_KNOTS('',3,(#5663,#5664,#5665,#5666,#5667,#5668,
#5669),.UNSPECIFIED.,.F.,.F.,(4,1,1,1,4),(6.2546344413855E-18,0.00121672897499921,
0.00243345794999841,0.00365018692499761,0.00486691589999681),
 .UNSPECIFIED.);
#3052=B_SPLINE_CURVE_WITH_KNOTS('',3,(#5673,#5674,#5675,#5676,#5677,#5678,
#5679),.UNSPECIFIED.,.F.,.F.,(4,1,1,1,4),(0.,0.00123070794466714,0.00246141588933427,
0.00369212383400141,0.00492283177866855),.UNSPECIFIED.);
#3053=B_SPLINE_CURVE_WITH_KNOTS('',3,(#5681,#5682,#5683,#5684),
 .UNSPECIFIED.,.F.,.F.,(4,4),(0.0173432107264676,0.0223232906387888),
 .UNSPECIFIED.);
#3054=B_SPLINE_CURVE_WITH_KNOTS('',3,(#5735,#5736,#5737,#5738),
 .UNSPECIFIED.,.F.,.F.,(4,4),(-0.00210507127023808,0.00289850673014553),
 .UNSPECIFIED.);
#3055=B_SPLINE_CURVE_WITH_KNOTS('',3,(#5740,#5741,#5742,#5743,#5744,#5745),
 .UNSPECIFIED.,.F.,.F.,(4,1,1,4),(0.,0.00214809031488,0.00322213547232,
0.00429618062976),.UNSPECIFIED.);
#3056=B_SPLINE_CURVE_WITH_KNOTS('',3,(#5749,#5750,#5751,#5752,#5753,#5754),
 .UNSPECIFIED.,.F.,.F.,(4,1,1,4),(0.,0.00107884283670251,0.00215768567340502,
0.00431537134681003),.UNSPECIFIED.);
#3057=B_SPLINE_CURVE_WITH_KNOTS('',3,(#5756,#5757,#5758,#5759),
 .UNSPECIFIED.,.F.,.F.,(4,4),(0.0173173525996518,0.0222690382303668),
 .UNSPECIFIED.);
#3058=B_SPLINE_CURVE_WITH_KNOTS('',3,(#5764,#5765,#5766,#5767),
 .UNSPECIFIED.,.F.,.F.,(4,4),(-0.00210507127023807,0.00289850673014551),
 .UNSPECIFIED.);
#3059=B_SPLINE_CURVE_WITH_KNOTS('',3,(#5769,#5770,#5771,#5772,#5773,#5774),
 .UNSPECIFIED.,.F.,.F.,(4,1,1,4),(0.,0.00214809031488001,0.00322213547232002,
0.00429618062976003),.UNSPECIFIED.);
#3060=B_SPLINE_CURVE_WITH_KNOTS('',3,(#5778,#5779,#5780,#5781,#5782,#5783),
 .UNSPECIFIED.,.F.,.F.,(4,1,1,4),(0.,0.0010788428367025,0.002157685673405,
0.00431537134681001),.UNSPECIFIED.);
#3061=B_SPLINE_CURVE_WITH_KNOTS('',3,(#5785,#5786,#5787,#5788),
 .UNSPECIFIED.,.F.,.F.,(4,4),(0.0173173525996423,0.0222690382303665),
 .UNSPECIFIED.);
#3062=B_SPLINE_CURVE_WITH_KNOTS('',3,(#5812,#5813,#5814,#5815),
 .UNSPECIFIED.,.F.,.F.,(4,4),(0.0173173525996428,0.0222690382303673),
 .UNSPECIFIED.);
#3063=B_SPLINE_CURVE_WITH_KNOTS('',3,(#5820,#5821,#5822,#5823),
 .UNSPECIFIED.,.F.,.F.,(4,4),(-0.00210507127023809,0.00289850673014554),
 .UNSPECIFIED.);
#3064=B_SPLINE_CURVE_WITH_KNOTS('',3,(#5825,#5826,#5827,#5828,#5829,#5830),
 .UNSPECIFIED.,.F.,.F.,(4,1,1,4),(0.,0.00214809031487999,0.00322213547231998,
0.00429618062975998),.UNSPECIFIED.);
#3065=B_SPLINE_CURVE_WITH_KNOTS('',3,(#5834,#5835,#5836,#5837,#5838,#5839),
 .UNSPECIFIED.,.F.,.F.,(4,1,1,4),(0.,0.00107884283670252,0.00215768567340504,
0.00431537134681008),.UNSPECIFIED.);
#3066=B_SPLINE_CURVE_WITH_KNOTS('',3,(#5841,#5842,#5843,#5844),
 .UNSPECIFIED.,.F.,.F.,(4,4),(0.0173173525996427,0.0222690382303673),
 .UNSPECIFIED.);
#3067=B_SPLINE_CURVE_WITH_KNOTS('',3,(#5849,#5850,#5851,#5852),
 .UNSPECIFIED.,.F.,.F.,(4,4),(-0.00210507127023807,0.00289850673014551),
 .UNSPECIFIED.);
#3068=B_SPLINE_CURVE_WITH_KNOTS('',3,(#5854,#5855,#5856,#5857,#5858,#5859),
 .UNSPECIFIED.,.F.,.F.,(4,1,1,4),(0.,0.00214809031487999,0.00322213547231999,
0.00429618062975998),.UNSPECIFIED.);
#3069=B_SPLINE_CURVE_WITH_KNOTS('',3,(#5863,#5864,#5865,#5866,#5867,#5868),
 .UNSPECIFIED.,.F.,.F.,(4,1,1,4),(0.,0.00107884283670254,0.00215768567340508,
0.00431537134681016),.UNSPECIFIED.);
#3070=B_SPLINE_CURVE_WITH_KNOTS('',3,(#5872,#5873,#5874,#5875),
 .UNSPECIFIED.,.F.,.F.,(4,4),(0.00251482786415699,0.00500527452069325),
 .UNSPECIFIED.);
#3071=B_SPLINE_CURVE_WITH_KNOTS('',3,(#5880,#5881,#5882,#5883),
 .UNSPECIFIED.,.F.,.F.,(4,4),(0.00447478825165803,0.006976687058262),
 .UNSPECIFIED.);
#3072=B_SPLINE_CURVE_WITH_KNOTS('',3,(#5889,#5890,#5891,#5892),
 .UNSPECIFIED.,.F.,.F.,(4,4),(0.00447362502130821,0.00697551991834511),
 .UNSPECIFIED.);
#3073=B_SPLINE_CURVE_WITH_KNOTS('',3,(#5897,#5898,#5899,#5900),
 .UNSPECIFIED.,.F.,.F.,(4,4),(0.00251482786415697,0.00500527452069323),
 .UNSPECIFIED.);
#3074=B_SPLINE_CURVE_WITH_KNOTS('',3,(#6039,#6040,#6041,#6042),
 .UNSPECIFIED.,.F.,.F.,(4,4),(0.0173432107264778,0.0223232906387883),
 .UNSPECIFIED.);
#3075=B_SPLINE_CURVE_WITH_KNOTS('',3,(#6112,#6113,#6114,#6115),
 .UNSPECIFIED.,.F.,.F.,(4,4),(4.9065389333868E-17,0.000570752446487719),
 .UNSPECIFIED.);
#3076=B_SPLINE_CURVE_WITH_KNOTS('',3,(#6142,#6143,#6144,#6145,#6146,#6147,
#6148,#6149,#6150,#6151,#6152),.UNSPECIFIED.,.T.,.F.,(1,1,1,1,1,1,1,1,1,
1,1,1,1,1,1),(-0.00470085252532092,-0.00313390168354728,-0.00156695084177364,
0.,0.00156695084177364,0.00313390168354728,0.00470085252532092,0.00626780336709456,
0.0078347542088682,0.00940170505064183,0.0109686558924155,0.0125356067341891,
0.0141025575759628,0.0156695084177364,0.01723645925951),.UNSPECIFIED.);
#3077=B_SPLINE_CURVE_WITH_KNOTS('',3,(#6154,#6155,#6156,#6157,#6158,#6159,
#6160,#6161,#6162,#6163,#6164),.UNSPECIFIED.,.T.,.F.,(1,1,1,1,1,1,1,1,1,
1,1,1,1,1,1),(-0.00470113246198189,-0.00313408830798793,-0.00156704415399396,
0.,0.00156704415399396,0.00313408830798792,0.00470113246198189,0.00626817661597585,
0.00783522076996981,0.00940226492396377,0.0109693090779577,0.0125363532319517,
0.0141033973859457,0.0156704415399396,0.0172374856939336),.UNSPECIFIED.);
#3078=B_SPLINE_CURVE_WITH_KNOTS('',3,(#6170,#6171,#6172,#6173,#6174,#6175,
#6176,#6177,#6178,#6179,#6180),.UNSPECIFIED.,.F.,.F.,(4,1,1,1,1,1,1,1,4),
(0.,0.00210381408901038,0.00420762817802077,0.00631144226703115,0.00841525635604153,
0.0105190704450519,0.0126228845340623,0.0147266986230727,0.0168305127120831),
 .UNSPECIFIED.);
#3079=B_SPLINE_CURVE_WITH_KNOTS('',3,(#6195,#6196,#6197,#6198),
 .UNSPECIFIED.,.F.,.F.,(4,4),(0.0173432107264777,0.0223232906387883),
 .UNSPECIFIED.);
#3080=B_SPLINE_CURVE_WITH_KNOTS('',3,(#6206,#6207,#6208,#6209),
 .UNSPECIFIED.,.F.,.F.,(4,4),(-0.00208193353395662,0.00285014628020093),
 .UNSPECIFIED.);
#3081=B_SPLINE_CURVE_WITH_KNOTS('',3,(#6250,#6251,#6252,#6253),
 .UNSPECIFIED.,.F.,.F.,(4,4),(-0.00208193353395624,0.00285014628020092),
 .UNSPECIFIED.);
#3082=B_SPLINE_CURVE_WITH_KNOTS('',3,(#6263,#6264,#6265,#6266),
 .UNSPECIFIED.,.F.,.F.,(4,4),(0.,0.000570744355423002),.UNSPECIFIED.);
#3083=B_SPLINE_CURVE_WITH_KNOTS('',3,(#6290,#6291,#6292,#6293),
 .UNSPECIFIED.,.F.,.F.,(4,4),(0.178571428571429,0.821428571428572),
 .UNSPECIFIED.);
#3084=B_SPLINE_CURVE_WITH_KNOTS('',3,(#6522,#6523,#6524,#6525,#6526,#6527,
#6528,#6529,#6530,#6531,#6532),.UNSPECIFIED.,.T.,.F.,(1,1,1,1,1,1,1,1,1,
1,1,1,1,1,1),(-0.00470087305666357,-0.00313391537110905,-0.00156695768555452,
0.,0.00156695768555452,0.00313391537110905,0.00470087305666357,0.00626783074221809,
0.00783478842777261,0.00940174611332714,0.0109687037988817,0.0125356614844362,
0.0141026191699907,0.0156695768555452,0.0172365345410997),.UNSPECIFIED.);
#3085=B_SPLINE_CURVE_WITH_KNOTS('',3,(#6534,#6535,#6536,#6537,#6538,#6539,
#6540,#6541,#6542,#6543,#6544),.UNSPECIFIED.,.T.,.F.,(1,1,1,1,1,1,1,1,1,
1,1,1,1,1,1),(-0.00470141786434016,-0.00313427857622677,-0.00156713928811339,
0.,0.00156713928811339,0.00313427857622677,0.00470141786434016,0.00626855715245354,
0.00783569644056693,0.00940283572868031,0.0109699750167937,0.0125371143049071,
0.0141042535930205,0.0156713928811339,0.0172385321692472),.UNSPECIFIED.);
#3086=B_SPLINE_CURVE_WITH_KNOTS('',3,(#6548,#6549,#6550,#6551,#6552,#6553,
#6554,#6555,#6556,#6557,#6558),.UNSPECIFIED.,.F.,.F.,(4,1,1,1,1,1,1,1,4),
(2.95987193088543E-17,0.00215159338620209,0.00430318677240416,0.00645478015860622,
0.00860637354480828,0.0107579669310103,0.0129095603172124,0.0150611537034145,
0.0172127470896165),.UNSPECIFIED.);
#3087=B_SPLINE_CURVE_WITH_KNOTS('',3,(#6616,#6617,#6618,#6619,#6620,#6621,
#6622),.UNSPECIFIED.,.F.,.F.,(4,1,1,1,4),(0.,0.00121672897499921,0.00243345794999841,
0.00365018692499762,0.00486691589999682),.UNSPECIFIED.);
#3088=B_SPLINE_CURVE_WITH_KNOTS('',3,(#6623,#6624,#6625,#6626,#6627,#6628,
#6629),.UNSPECIFIED.,.F.,.F.,(4,1,1,1,4),(0.,0.00123070794466711,0.00246141588933422,
0.00369212383400132,0.00492283177866843),.UNSPECIFIED.);
#3089=B_SPLINE_CURVE_WITH_KNOTS('',3,(#6631,#6632,#6633,#6634,#6635,#6636,
#6637),.UNSPECIFIED.,.F.,.F.,(4,1,1,1,4),(0.,0.00121672897499926,0.00243345794999852,
0.00365018692499778,0.00486691589999704),.UNSPECIFIED.);
#3090=B_SPLINE_CURVE_WITH_KNOTS('',3,(#6638,#6639,#6640,#6641,#6642,#6643,
#6644),.UNSPECIFIED.,.F.,.F.,(4,1,1,1,4),(0.,0.0012307079446671,0.0024614158893342,
0.0036921238340013,0.00492283177866839),.UNSPECIFIED.);
#3091=B_SPLINE_CURVE_WITH_KNOTS('',3,(#6659,#6660,#6661,#6662),
 .UNSPECIFIED.,.F.,.F.,(4,4),(0.,0.000755205751537931),.UNSPECIFIED.);
#3092=B_SPLINE_CURVE_WITH_KNOTS('',3,(#6675,#6676,#6677,#6678,#6679),
 .UNSPECIFIED.,.F.,.F.,(4,1,4),(0.,0.00170246011307575,0.0034049202261515),
 .UNSPECIFIED.);
#3093=B_SPLINE_CURVE_WITH_KNOTS('',3,(#6698,#6699,#6700,#6701),
 .UNSPECIFIED.,.F.,.F.,(4,4),(7.75791922889773E-18,0.00232678453236672),
 .UNSPECIFIED.);
#3094=B_SPLINE_CURVE_WITH_KNOTS('',3,(#6708,#6709,#6710,#6711,#6712),
 .UNSPECIFIED.,.F.,.F.,(4,1,4),(0.,0.00177857974761035,0.0035571594952207),
 .UNSPECIFIED.);
#3095=B_SPLINE_CURVE_WITH_KNOTS('',3,(#6716,#6717,#6718,#6719,#6720),
 .UNSPECIFIED.,.F.,.F.,(4,1,4),(0.,0.00175224785266501,0.00350449570533003),
 .UNSPECIFIED.);
#3096=B_SPLINE_CURVE_WITH_KNOTS('',3,(#6726,#6727,#6728,#6729),
 .UNSPECIFIED.,.F.,.F.,(4,4),(0.,0.00354989653897148),.UNSPECIFIED.);
#3097=B_SPLINE_CURVE_WITH_KNOTS('',3,(#6731,#6732,#6733,#6734),
 .UNSPECIFIED.,.F.,.F.,(4,4),(0.,0.00348587098856233),.UNSPECIFIED.);
#3098=EDGE_LOOP('',(#920,#921,#922,#923,#924,#925,#926,#927,#928,#929,#930,
#931,#932,#933,#934,#935,#936,#937,#938,#939,#940,#941,#942,#943,#944));
#3099=EDGE_LOOP('',(#945,#946,#947,#948,#949));
#3100=EDGE_LOOP('',(#950,#951,#952,#953,#954,#955));
#3101=EDGE_LOOP('',(#956,#957,#958,#959));
#3102=EDGE_LOOP('',(#960));
#3103=EDGE_LOOP('',(#961));
#3104=EDGE_LOOP('',(#962,#963,#964,#965,#966,#967));
#3105=EDGE_LOOP('',(#968,#969,#970,#971,#972,#973));
#3106=EDGE_LOOP('',(#974,#975,#976,#977,#978,#979));
#3107=EDGE_LOOP('',(#980,#981,#982,#983,#984,#985));
#3108=EDGE_LOOP('',(#986));
#3109=EDGE_LOOP('',(#987,#988,#989,#990));
#3110=EDGE_LOOP('',(#991,#992,#993,#994,#995,#996,#997,#998,#999,#1000));
#3111=EDGE_LOOP('',(#1001));
#3112=EDGE_LOOP('',(#1002,#1003,#1004,#1005));
#3113=EDGE_LOOP('',(#1006,#1007,#1008,#1009));
#3114=EDGE_LOOP('',(#1010,#1011,#1012,#1013));
#3115=EDGE_LOOP('',(#1014,#1015,#1016,#1017,#1018,#1019));
#3116=EDGE_LOOP('',(#1020,#1021,#1022,#1023,#1024,#1025));
#3117=EDGE_LOOP('',(#1026,#1027,#1028,#1029));
#3118=EDGE_LOOP('',(#1030,#1031,#1032,#1033));
#3119=EDGE_LOOP('',(#1034,#1035,#1036,#1037));
#3120=EDGE_LOOP('',(#1038,#1039,#1040,#1041));
#3121=EDGE_LOOP('',(#1042,#1043,#1044,#1045,#1046,#1047,#1048,#1049,#1050,
#1051,#1052,#1053));
#3122=EDGE_LOOP('',(#1054,#1055,#1056,#1057,#1058,#1059));
#3123=EDGE_LOOP('',(#1060,#1061,#1062,#1063,#1064,#1065));
#3124=EDGE_LOOP('',(#1066,#1067,#1068,#1069,#1070));
#3125=EDGE_LOOP('',(#1071,#1072,#1073,#1074,#1075));
#3126=EDGE_LOOP('',(#1076,#1077,#1078,#1079,#1080,#1081));
#3127=EDGE_LOOP('',(#1082,#1083,#1084,#1085,#1086,#1087));
#3128=EDGE_LOOP('',(#1088));
#3129=EDGE_LOOP('',(#1089,#1090,#1091,#1092));
#3130=EDGE_LOOP('',(#1093));
#3131=EDGE_LOOP('',(#1094,#1095,#1096,#1097));
#3132=EDGE_LOOP('',(#1098,#1099,#1100,#1101,#1102,#1103,#1104,#1105,#1106,
#1107,#1108,#1109,#1110,#1111,#1112,#1113,#1114,#1115,#1116,#1117));
#3133=EDGE_LOOP('',(#1118,#1119,#1120,#1121));
#3134=EDGE_LOOP('',(#1122,#1123,#1124,#1125));
#3135=EDGE_LOOP('',(#1126,#1127,#1128,#1129));
#3136=EDGE_LOOP('',(#1130,#1131,#1132,#1133));
#3137=EDGE_LOOP('',(#1134,#1135,#1136,#1137,#1138,#1139,#1140,#1141,#1142,
#1143,#1144,#1145));
#3138=EDGE_LOOP('',(#1146,#1147,#1148,#1149,#1150,#1151,#1152,#1153));
#3139=EDGE_LOOP('',(#1154,#1155,#1156,#1157));
#3140=EDGE_LOOP('',(#1158,#1159,#1160,#1161,#1162,#1163,#1164,#1165,#1166,
#1167,#1168,#1169));
#3141=EDGE_LOOP('',(#1170,#1171,#1172,#1173,#1174,#1175,#1176,#1177));
#3142=EDGE_LOOP('',(#1178,#1179,#1180,#1181,#1182,#1183,#1184,#1185,#1186,
#1187,#1188,#1189,#1190));
#3143=EDGE_LOOP('',(#1191,#1192,#1193,#1194,#1195,#1196));
#3144=EDGE_LOOP('',(#1197,#1198,#1199,#1200,#1201,#1202,#1203,#1204,#1205,
#1206,#1207,#1208,#1209,#1210,#1211));
#3145=EDGE_LOOP('',(#1212,#1213,#1214,#1215,#1216,#1217,#1218,#1219));
#3146=EDGE_LOOP('',(#1220,#1221,#1222,#1223,#1224,#1225));
#3147=EDGE_LOOP('',(#1226,#1227,#1228,#1229,#1230,#1231,#1232));
#3148=EDGE_LOOP('',(#1233,#1234,#1235,#1236));
#3149=EDGE_LOOP('',(#1237,#1238,#1239,#1240,#1241,#1242,#1243,#1244,#1245,
#1246,#1247,#1248));
#3150=EDGE_LOOP('',(#1249));
#3151=EDGE_LOOP('',(#1250));
#3152=EDGE_LOOP('',(#1251));
#3153=EDGE_LOOP('',(#1252,#1253,#1254,#1255));
#3154=EDGE_LOOP('',(#1256,#1257,#1258,#1259));
#3155=EDGE_LOOP('',(#1260,#1261,#1262,#1263,#1264,#1265,#1266,#1267,#1268,
#1269,#1270,#1271,#1272,#1273,#1274,#1275));
#3156=EDGE_LOOP('',(#1276,#1277,#1278,#1279));
#3157=EDGE_LOOP('',(#1280,#1281,#1282,#1283,#1284,#1285,#1286,#1287,#1288,
#1289,#1290,#1291,#1292,#1293));
#3158=EDGE_LOOP('',(#1294,#1295,#1296,#1297));
#3159=EDGE_LOOP('',(#1298,#1299,#1300,#1301,#1302,#1303,#1304,#1305,#1306,
#1307,#1308));
#3160=EDGE_LOOP('',(#1309,#1310,#1311,#1312));
#3161=EDGE_LOOP('',(#1313,#1314,#1315,#1316));
#3162=EDGE_LOOP('',(#1317,#1318,#1319,#1320,#1321,#1322,#1323));
#3163=EDGE_LOOP('',(#1324,#1325,#1326,#1327));
#3164=EDGE_LOOP('',(#1328));
#3165=EDGE_LOOP('',(#1329,#1330,#1331,#1332,#1333));
#3166=EDGE_LOOP('',(#1334,#1335,#1336,#1337));
#3167=EDGE_LOOP('',(#1338,#1339,#1340,#1341,#1342));
#3168=EDGE_LOOP('',(#1343));
#3169=EDGE_LOOP('',(#1344));
#3170=EDGE_LOOP('',(#1345,#1346,#1347,#1348,#1349));
#3171=EDGE_LOOP('',(#1350,#1351,#1352,#1353));
#3172=EDGE_LOOP('',(#1354,#1355,#1356,#1357,#1358));
#3173=EDGE_LOOP('',(#1359,#1360,#1361,#1362,#1363));
#3174=EDGE_LOOP('',(#1364,#1365,#1366,#1367,#1368,#1369));
#3175=EDGE_LOOP('',(#1370,#1371,#1372,#1373,#1374,#1375));
#3176=EDGE_LOOP('',(#1376,#1377,#1378,#1379,#1380));
#3177=EDGE_LOOP('',(#1381,#1382,#1383,#1384,#1385,#1386));
#3178=EDGE_LOOP('',(#1387,#1388,#1389,#1390,#1391,#1392));
#3179=EDGE_LOOP('',(#1393,#1394,#1395,#1396,#1397,#1398));
#3180=EDGE_LOOP('',(#1399,#1400,#1401,#1402,#1403,#1404));
#3181=EDGE_LOOP('',(#1405,#1406,#1407,#1408,#1409,#1410));
#3182=EDGE_LOOP('',(#1411,#1412,#1413,#1414,#1415,#1416));
#3183=EDGE_LOOP('',(#1417,#1418,#1419,#1420,#1421,#1422));
#3184=EDGE_LOOP('',(#1423,#1424,#1425,#1426,#1427,#1428));
#3185=EDGE_LOOP('',(#1429,#1430,#1431,#1432,#1433,#1434));
#3186=EDGE_LOOP('',(#1435,#1436,#1437,#1438,#1439));
#3187=EDGE_LOOP('',(#1440,#1441,#1442,#1443,#1444,#1445));
#3188=EDGE_LOOP('',(#1446,#1447,#1448,#1449,#1450,#1451));
#3189=EDGE_LOOP('',(#1452,#1453,#1454,#1455,#1456,#1457));
#3190=EDGE_LOOP('',(#1458,#1459,#1460,#1461,#1462));
#3191=EDGE_LOOP('',(#1463,#1464,#1465,#1466,#1467,#1468,#1469,#1470));
#3192=EDGE_LOOP('',(#1471,#1472,#1473,#1474,#1475));
#3193=EDGE_LOOP('',(#1476,#1477,#1478,#1479,#1480,#1481));
#3194=EDGE_LOOP('',(#1482,#1483,#1484,#1485,#1486));
#3195=EDGE_LOOP('',(#1487));
#3196=EDGE_LOOP('',(#1488,#1489,#1490,#1491));
#3197=EDGE_LOOP('',(#1492));
#3198=EDGE_LOOP('',(#1493));
#3199=EDGE_LOOP('',(#1494,#1495,#1496,#1497));
#3200=EDGE_LOOP('',(#1498,#1499,#1500,#1501,#1502,#1503,#1504,#1505,#1506,
#1507));
#3201=EDGE_LOOP('',(#1508,#1509,#1510,#1511,#1512));
#3202=EDGE_LOOP('',(#1513,#1514,#1515,#1516,#1517,#1518,#1519,#1520,#1521,
#1522));
#3203=EDGE_LOOP('',(#1523,#1524,#1525,#1526,#1527,#1528));
#3204=EDGE_LOOP('',(#1529,#1530,#1531,#1532,#1533));
#3205=EDGE_LOOP('',(#1534,#1535,#1536,#1537,#1538,#1539,#1540,#1541,#1542,
#1543,#1544,#1545,#1546,#1547,#1548,#1549));
#3206=EDGE_LOOP('',(#1550,#1551,#1552,#1553,#1554,#1555,#1556));
#3207=EDGE_LOOP('',(#1557));
#3208=EDGE_LOOP('',(#1558));
#3209=EDGE_LOOP('',(#1559,#1560,#1561,#1562));
#3210=EDGE_LOOP('',(#1563));
#3211=EDGE_LOOP('',(#1564));
#3212=EDGE_LOOP('',(#1565,#1566,#1567,#1568,#1569));
#3213=EDGE_LOOP('',(#1570,#1571,#1572,#1573,#1574));
#3214=EDGE_LOOP('',(#1575,#1576,#1577,#1578));
#3215=EDGE_LOOP('',(#1579,#1580,#1581,#1582));
#3216=EDGE_LOOP('',(#1583));
#3217=EDGE_LOOP('',(#1584));
#3218=EDGE_LOOP('',(#1585,#1586,#1587,#1588));
#3219=EDGE_LOOP('',(#1589));
#3220=EDGE_LOOP('',(#1590));
#3221=EDGE_LOOP('',(#1591,#1592,#1593,#1594,#1595,#1596));
#3222=EDGE_LOOP('',(#1597,#1598,#1599,#1600,#1601,#1602));
#3223=EDGE_LOOP('',(#1603,#1604,#1605,#1606,#1607,#1608));
#3224=EDGE_LOOP('',(#1609,#1610,#1611,#1612,#1613,#1614));
#3225=EDGE_LOOP('',(#1615,#1616,#1617,#1618,#1619,#1620));
#3226=EDGE_LOOP('',(#1621,#1622,#1623,#1624,#1625,#1626));
#3227=EDGE_LOOP('',(#1627,#1628,#1629,#1630,#1631,#1632));
#3228=EDGE_LOOP('',(#1633));
#3229=EDGE_LOOP('',(#1634,#1635,#1636,#1637));
#3230=EDGE_LOOP('',(#1638));
#3231=EDGE_LOOP('',(#1639));
#3232=EDGE_LOOP('',(#1640,#1641,#1642,#1643));
#3233=EDGE_LOOP('',(#1644));
#3234=EDGE_LOOP('',(#1645));
#3235=EDGE_LOOP('',(#1646,#1647,#1648,#1649,#1650,#1651));
#3236=EDGE_LOOP('',(#1652,#1653,#1654,#1655,#1656,#1657));
#3237=EDGE_LOOP('',(#1658));
#3238=EDGE_LOOP('',(#1659));
#3239=EDGE_LOOP('',(#1660,#1661,#1662,#1663));
#3240=EDGE_LOOP('',(#1664,#1665,#1666,#1667));
#3241=EDGE_LOOP('',(#1668,#1669,#1670,#1671));
#3242=EDGE_LOOP('',(#1672));
#3243=EDGE_LOOP('',(#1673));
#3244=EDGE_LOOP('',(#1674,#1675,#1676,#1677,#1678,#1679,#1680));
#3245=EDGE_LOOP('',(#1681,#1682,#1683,#1684));
#3246=EDGE_LOOP('',(#1685,#1686,#1687,#1688));
#3247=EDGE_LOOP('',(#1689,#1690,#1691,#1692,#1693));
#3248=EDGE_LOOP('',(#1694,#1695,#1696,#1697,#1698));
#3249=EDGE_LOOP('',(#1699,#1700,#1701,#1702,#1703));
#3250=EDGE_LOOP('',(#1704,#1705,#1706,#1707,#1708));
#3251=EDGE_LOOP('',(#1709,#1710,#1711,#1712,#1713));
#3252=EDGE_LOOP('',(#1714,#1715,#1716,#1717,#1718));
#3253=EDGE_LOOP('',(#1719,#1720,#1721,#1722,#1723));
#3254=EDGE_LOOP('',(#1724,#1725,#1726,#1727,#1728));
#3255=EDGE_LOOP('',(#1729,#1730,#1731,#1732,#1733));
#3256=EDGE_LOOP('',(#1734,#1735,#1736,#1737,#1738,#1739));
#3257=EDGE_LOOP('',(#1740,#1741,#1742,#1743,#1744,#1745));
#3258=EDGE_LOOP('',(#1746,#1747,#1748,#1749));
#3259=EDGE_LOOP('',(#1750,#1751,#1752,#1753,#1754));
#3260=EDGE_LOOP('',(#1755,#1756,#1757,#1758,#1759));
#3261=EDGE_LOOP('',(#1760,#1761,#1762,#1763,#1764));
#3262=EDGE_LOOP('',(#1765,#1766,#1767,#1768,#1769));
#3263=EDGE_LOOP('',(#1770,#1771,#1772,#1773,#1774));
#3264=EDGE_LOOP('',(#1775,#1776,#1777,#1778,#1779));
#3265=EDGE_LOOP('',(#1780,#1781,#1782,#1783,#1784));
#3266=EDGE_LOOP('',(#1785,#1786,#1787,#1788,#1789));
#3267=EDGE_LOOP('',(#1790,#1791,#1792,#1793,#1794,#1795));
#3268=EDGE_LOOP('',(#1796,#1797,#1798,#1799,#1800,#1801));
#3269=EDGE_LOOP('',(#1802,#1803,#1804,#1805,#1806,#1807));
#3270=EDGE_LOOP('',(#1808,#1809,#1810,#1811,#1812,#1813));
#3271=EDGE_LOOP('',(#1814,#1815,#1816,#1817,#1818));
#3272=EDGE_LOOP('',(#1819,#1820,#1821,#1822));
#3273=EDGE_LOOP('',(#1823,#1824,#1825,#1826,#1827));
#3274=EDGE_LOOP('',(#1828,#1829,#1830,#1831,#1832));
#3275=EDGE_LOOP('',(#1833,#1834,#1835,#1836,#1837));
#3276=EDGE_LOOP('',(#1838,#1839,#1840,#1841,#1842));
#3277=EDGE_LOOP('',(#1843,#1844,#1845,#1846,#1847));
#3278=EDGE_LOOP('',(#1848,#1849,#1850,#1851,#1852));
#3279=EDGE_LOOP('',(#1853,#1854,#1855,#1856,#1857));
#3280=EDGE_LOOP('',(#1858,#1859,#1860,#1861,#1862));
#3281=EDGE_LOOP('',(#1863,#1864,#1865,#1866,#1867));
#3282=EDGE_LOOP('',(#1868,#1869,#1870,#1871));
#3283=EDGE_LOOP('',(#1872,#1873,#1874,#1875));
#3284=EDGE_LOOP('',(#1876,#1877,#1878,#1879));
#3285=EDGE_LOOP('',(#1880,#1881,#1882,#1883));
#3286=EDGE_LOOP('',(#1884,#1885,#1886,#1887));
#3287=EDGE_LOOP('',(#1888,#1889,#1890,#1891));
#3288=EDGE_LOOP('',(#1892,#1893,#1894,#1895));
#3289=EDGE_LOOP('',(#1896,#1897,#1898,#1899));
#3290=EDGE_LOOP('',(#1900,#1901,#1902,#1903));
#3291=EDGE_LOOP('',(#1904,#1905,#1906));
#3292=EDGE_LOOP('',(#1907,#1908,#1909,#1910));
#3293=EDGE_LOOP('',(#1911,#1912,#1913,#1914,#1915));
#3294=EDGE_LOOP('',(#1916,#1917,#1918,#1919));
#3295=EDGE_LOOP('',(#1920,#1921,#1922,#1923));
#3296=EDGE_LOOP('',(#1924,#1925,#1926,#1927));
#3297=EDGE_LOOP('',(#1928,#1929,#1930,#1931));
#3298=EDGE_LOOP('',(#1932,#1933,#1934));
#3299=EDGE_LOOP('',(#1935,#1936,#1937,#1938));
#3300=EDGE_LOOP('',(#1939,#1940,#1941,#1942));
#3301=EDGE_LOOP('',(#1943,#1944,#1945,#1946));
#3302=EDGE_LOOP('',(#1947,#1948,#1949,#1950));
#3303=EDGE_LOOP('',(#1951,#1952,#1953,#1954,#1955));
#3304=EDGE_LOOP('',(#1956,#1957,#1958,#1959));
#3305=EDGE_LOOP('',(#1960,#1961,#1962,#1963));
#3306=EDGE_LOOP('',(#1964,#1965,#1966,#1967));
#3307=EDGE_LOOP('',(#1968,#1969,#1970,#1971));
#3308=EDGE_LOOP('',(#1972,#1973,#1974,#1975));
#3309=EDGE_LOOP('',(#1976,#1977,#1978,#1979));
#3310=EDGE_LOOP('',(#1980,#1981,#1982,#1983));
#3311=EDGE_LOOP('',(#1984,#1985,#1986,#1987));
#3312=EDGE_LOOP('',(#1988,#1989,#1990,#1991));
#3313=EDGE_LOOP('',(#1992,#1993,#1994,#1995));
#3314=EDGE_LOOP('',(#1996,#1997,#1998,#1999));
#3315=EDGE_LOOP('',(#2000,#2001,#2002,#2003));
#3316=EDGE_LOOP('',(#2004,#2005,#2006,#2007));
#3317=EDGE_LOOP('',(#2008,#2009,#2010,#2011));
#3318=EDGE_LOOP('',(#2012,#2013,#2014,#2015));
#3319=EDGE_LOOP('',(#2016,#2017,#2018,#2019));
#3320=EDGE_LOOP('',(#2020,#2021,#2022,#2023));
#3321=EDGE_LOOP('',(#2024,#2025,#2026,#2027));
#3322=EDGE_LOOP('',(#2028,#2029,#2030,#2031));
#3323=EDGE_LOOP('',(#2032,#2033,#2034,#2035));
#3324=EDGE_LOOP('',(#2036,#2037,#2038,#2039));
#3325=EDGE_LOOP('',(#2040,#2041,#2042,#2043));
#3326=EDGE_LOOP('',(#2044,#2045,#2046,#2047));
#3327=EDGE_LOOP('',(#2048,#2049,#2050,#2051));
#3328=EDGE_LOOP('',(#2052,#2053,#2054,#2055));
#3329=EDGE_LOOP('',(#2056,#2057,#2058,#2059,#2060,#2061,#2062,#2063));
#3330=EDGE_LOOP('',(#2064,#2065,#2066,#2067));
#3331=FACE_BOUND('',#3098,.T.);
#3332=FACE_BOUND('',#3099,.T.);
#3333=FACE_BOUND('',#3100,.T.);
#3334=FACE_BOUND('',#3101,.T.);
#3335=FACE_BOUND('',#3102,.T.);
#3336=FACE_BOUND('',#3103,.T.);
#3337=FACE_BOUND('',#3104,.T.);
#3338=FACE_BOUND('',#3105,.T.);
#3339=FACE_BOUND('',#3106,.T.);
#3340=FACE_BOUND('',#3107,.T.);
#3341=FACE_BOUND('',#3108,.T.);
#3342=FACE_BOUND('',#3109,.T.);
#3343=FACE_BOUND('',#3110,.T.);
#3344=FACE_BOUND('',#3111,.T.);
#3345=FACE_BOUND('',#3112,.T.);
#3346=FACE_BOUND('',#3113,.T.);
#3347=FACE_BOUND('',#3114,.T.);
#3348=FACE_BOUND('',#3115,.T.);
#3349=FACE_BOUND('',#3116,.T.);
#3350=FACE_BOUND('',#3117,.T.);
#3351=FACE_BOUND('',#3118,.T.);
#3352=FACE_BOUND('',#3119,.T.);
#3353=FACE_BOUND('',#3120,.T.);
#3354=FACE_BOUND('',#3121,.T.);
#3355=FACE_BOUND('',#3122,.T.);
#3356=FACE_BOUND('',#3123,.T.);
#3357=FACE_BOUND('',#3124,.T.);
#3358=FACE_BOUND('',#3125,.T.);
#3359=FACE_BOUND('',#3126,.T.);
#3360=FACE_BOUND('',#3127,.T.);
#3361=FACE_BOUND('',#3128,.T.);
#3362=FACE_BOUND('',#3129,.T.);
#3363=FACE_BOUND('',#3130,.T.);
#3364=FACE_BOUND('',#3131,.T.);
#3365=FACE_BOUND('',#3132,.T.);
#3366=FACE_BOUND('',#3133,.T.);
#3367=FACE_BOUND('',#3134,.T.);
#3368=FACE_BOUND('',#3135,.T.);
#3369=FACE_BOUND('',#3136,.T.);
#3370=FACE_BOUND('',#3137,.T.);
#3371=FACE_BOUND('',#3138,.T.);
#3372=FACE_BOUND('',#3139,.T.);
#3373=FACE_BOUND('',#3140,.T.);
#3374=FACE_BOUND('',#3141,.T.);
#3375=FACE_BOUND('',#3142,.T.);
#3376=FACE_BOUND('',#3143,.T.);
#3377=FACE_BOUND('',#3144,.T.);
#3378=FACE_BOUND('',#3145,.T.);
#3379=FACE_BOUND('',#3146,.T.);
#3380=FACE_BOUND('',#3147,.T.);
#3381=FACE_BOUND('',#3148,.T.);
#3382=FACE_BOUND('',#3149,.T.);
#3383=FACE_BOUND('',#3150,.T.);
#3384=FACE_BOUND('',#3151,.T.);
#3385=FACE_BOUND('',#3152,.T.);
#3386=FACE_BOUND('',#3153,.T.);
#3387=FACE_BOUND('',#3154,.T.);
#3388=FACE_BOUND('',#3155,.T.);
#3389=FACE_BOUND('',#3156,.T.);
#3390=FACE_BOUND('',#3157,.T.);
#3391=FACE_BOUND('',#3158,.T.);
#3392=FACE_BOUND('',#3159,.T.);
#3393=FACE_BOUND('',#3160,.T.);
#3394=FACE_BOUND('',#3161,.T.);
#3395=FACE_BOUND('',#3162,.T.);
#3396=FACE_BOUND('',#3163,.T.);
#3397=FACE_BOUND('',#3164,.T.);
#3398=FACE_BOUND('',#3165,.T.);
#3399=FACE_BOUND('',#3166,.T.);
#3400=FACE_BOUND('',#3167,.T.);
#3401=FACE_BOUND('',#3168,.T.);
#3402=FACE_BOUND('',#3169,.T.);
#3403=FACE_BOUND('',#3170,.T.);
#3404=FACE_BOUND('',#3171,.T.);
#3405=FACE_BOUND('',#3172,.T.);
#3406=FACE_BOUND('',#3173,.T.);
#3407=FACE_BOUND('',#3174,.T.);
#3408=FACE_BOUND('',#3175,.T.);
#3409=FACE_BOUND('',#3176,.T.);
#3410=FACE_BOUND('',#3177,.T.);
#3411=FACE_BOUND('',#3178,.T.);
#3412=FACE_BOUND('',#3179,.T.);
#3413=FACE_BOUND('',#3180,.T.);
#3414=FACE_BOUND('',#3181,.T.);
#3415=FACE_BOUND('',#3182,.T.);
#3416=FACE_BOUND('',#3183,.T.);
#3417=FACE_BOUND('',#3184,.T.);
#3418=FACE_BOUND('',#3185,.T.);
#3419=FACE_BOUND('',#3186,.T.);
#3420=FACE_BOUND('',#3187,.T.);
#3421=FACE_BOUND('',#3188,.T.);
#3422=FACE_BOUND('',#3189,.T.);
#3423=FACE_BOUND('',#3190,.T.);
#3424=FACE_BOUND('',#3191,.T.);
#3425=FACE_BOUND('',#3192,.T.);
#3426=FACE_BOUND('',#3193,.T.);
#3427=FACE_BOUND('',#3194,.T.);
#3428=FACE_BOUND('',#3195,.T.);
#3429=FACE_BOUND('',#3196,.T.);
#3430=FACE_BOUND('',#3197,.T.);
#3431=FACE_BOUND('',#3198,.T.);
#3432=FACE_BOUND('',#3199,.T.);
#3433=FACE_BOUND('',#3200,.T.);
#3434=FACE_BOUND('',#3201,.T.);
#3435=FACE_BOUND('',#3202,.T.);
#3436=FACE_BOUND('',#3203,.T.);
#3437=FACE_BOUND('',#3204,.T.);
#3438=FACE_BOUND('',#3205,.T.);
#3439=FACE_BOUND('',#3206,.T.);
#3440=FACE_BOUND('',#3207,.T.);
#3441=FACE_BOUND('',#3208,.T.);
#3442=FACE_BOUND('',#3209,.T.);
#3443=FACE_BOUND('',#3210,.T.);
#3444=FACE_BOUND('',#3211,.T.);
#3445=FACE_BOUND('',#3212,.T.);
#3446=FACE_BOUND('',#3213,.T.);
#3447=FACE_BOUND('',#3214,.T.);
#3448=FACE_BOUND('',#3215,.T.);
#3449=FACE_BOUND('',#3216,.T.);
#3450=FACE_BOUND('',#3217,.T.);
#3451=FACE_BOUND('',#3218,.T.);
#3452=FACE_BOUND('',#3219,.T.);
#3453=FACE_BOUND('',#3220,.T.);
#3454=FACE_BOUND('',#3221,.T.);
#3455=FACE_BOUND('',#3222,.T.);
#3456=FACE_BOUND('',#3223,.T.);
#3457=FACE_BOUND('',#3224,.T.);
#3458=FACE_BOUND('',#3225,.T.);
#3459=FACE_BOUND('',#3226,.T.);
#3460=FACE_BOUND('',#3227,.T.);
#3461=FACE_BOUND('',#3228,.T.);
#3462=FACE_BOUND('',#3229,.T.);
#3463=FACE_BOUND('',#3230,.T.);
#3464=FACE_BOUND('',#3231,.T.);
#3465=FACE_BOUND('',#3232,.T.);
#3466=FACE_BOUND('',#3233,.T.);
#3467=FACE_BOUND('',#3234,.T.);
#3468=FACE_BOUND('',#3235,.T.);
#3469=FACE_BOUND('',#3236,.T.);
#3470=FACE_BOUND('',#3237,.T.);
#3471=FACE_BOUND('',#3238,.T.);
#3472=FACE_BOUND('',#3239,.T.);
#3473=FACE_BOUND('',#3240,.T.);
#3474=FACE_BOUND('',#3241,.T.);
#3475=FACE_BOUND('',#3242,.T.);
#3476=FACE_BOUND('',#3243,.T.);
#3477=FACE_BOUND('',#3244,.T.);
#3478=FACE_BOUND('',#3245,.T.);
#3479=FACE_BOUND('',#3246,.T.);
#3480=FACE_BOUND('',#3247,.T.);
#3481=FACE_BOUND('',#3248,.T.);
#3482=FACE_BOUND('',#3249,.T.);
#3483=FACE_BOUND('',#3250,.T.);
#3484=FACE_BOUND('',#3251,.T.);
#3485=FACE_BOUND('',#3252,.T.);
#3486=FACE_BOUND('',#3253,.T.);
#3487=FACE_BOUND('',#3254,.T.);
#3488=FACE_BOUND('',#3255,.T.);
#3489=FACE_BOUND('',#3256,.T.);
#3490=FACE_BOUND('',#3257,.T.);
#3491=FACE_BOUND('',#3258,.T.);
#3492=FACE_BOUND('',#3259,.T.);
#3493=FACE_BOUND('',#3260,.T.);
#3494=FACE_BOUND('',#3261,.T.);
#3495=FACE_BOUND('',#3262,.T.);
#3496=FACE_BOUND('',#3263,.T.);
#3497=FACE_BOUND('',#3264,.T.);
#3498=FACE_BOUND('',#3265,.T.);
#3499=FACE_BOUND('',#3266,.T.);
#3500=FACE_BOUND('',#3267,.T.);
#3501=FACE_BOUND('',#3268,.T.);
#3502=FACE_BOUND('',#3269,.T.);
#3503=FACE_BOUND('',#3270,.T.);
#3504=FACE_BOUND('',#3271,.T.);
#3505=FACE_BOUND('',#3272,.T.);
#3506=FACE_BOUND('',#3273,.T.);
#3507=FACE_BOUND('',#3274,.T.);
#3508=FACE_BOUND('',#3275,.T.);
#3509=FACE_BOUND('',#3276,.T.);
#3510=FACE_BOUND('',#3277,.T.);
#3511=FACE_BOUND('',#3278,.T.);
#3512=FACE_BOUND('',#3279,.T.);
#3513=FACE_BOUND('',#3280,.T.);
#3514=FACE_BOUND('',#3281,.T.);
#3515=FACE_BOUND('',#3282,.T.);
#3516=FACE_BOUND('',#3283,.T.);
#3517=FACE_BOUND('',#3284,.T.);
#3518=FACE_BOUND('',#3285,.T.);
#3519=FACE_BOUND('',#3286,.T.);
#3520=FACE_BOUND('',#3287,.T.);
#3521=FACE_BOUND('',#3288,.T.);
#3522=FACE_BOUND('',#3289,.T.);
#3523=FACE_BOUND('',#3290,.T.);
#3524=FACE_BOUND('',#3291,.T.);
#3525=FACE_BOUND('',#3292,.T.);
#3526=FACE_BOUND('',#3293,.T.);
#3527=FACE_BOUND('',#3294,.T.);
#3528=FACE_BOUND('',#3295,.T.);
#3529=FACE_BOUND('',#3296,.T.);
#3530=FACE_BOUND('',#3297,.T.);
#3531=FACE_BOUND('',#3298,.T.);
#3532=FACE_BOUND('',#3299,.T.);
#3533=FACE_BOUND('',#3300,.T.);
#3534=FACE_BOUND('',#3301,.T.);
#3535=FACE_BOUND('',#3302,.T.);
#3536=FACE_BOUND('',#3303,.T.);
#3537=FACE_BOUND('',#3304,.T.);
#3538=FACE_BOUND('',#3305,.T.);
#3539=FACE_BOUND('',#3306,.T.);
#3540=FACE_BOUND('',#3307,.T.);
#3541=FACE_BOUND('',#3308,.T.);
#3542=FACE_BOUND('',#3309,.T.);
#3543=FACE_BOUND('',#3310,.T.);
#3544=FACE_BOUND('',#3311,.T.);
#3545=FACE_BOUND('',#3312,.T.);
#3546=FACE_BOUND('',#3313,.T.);
#3547=FACE_BOUND('',#3314,.T.);
#3548=FACE_BOUND('',#3315,.T.);
#3549=FACE_BOUND('',#3316,.T.);
#3550=FACE_BOUND('',#3317,.T.);
#3551=FACE_BOUND('',#3318,.T.);
#3552=FACE_BOUND('',#3319,.T.);
#3553=FACE_BOUND('',#3320,.T.);
#3554=FACE_BOUND('',#3321,.T.);
#3555=FACE_BOUND('',#3322,.T.);
#3556=FACE_BOUND('',#3323,.T.);
#3557=FACE_BOUND('',#3324,.T.);
#3558=FACE_BOUND('',#3325,.T.);
#3559=FACE_BOUND('',#3326,.T.);
#3560=FACE_BOUND('',#3327,.T.);
#3561=FACE_BOUND('',#3328,.T.);
#3562=FACE_BOUND('',#3329,.T.);
#3563=FACE_BOUND('',#3330,.T.);
#3564=PLANE('',#3892);
#3565=PLANE('',#3896);
#3566=PLANE('',#3920);
#3567=PLANE('',#3925);
#3568=PLANE('',#3926);
#3569=PLANE('',#3933);
#3570=PLANE('',#3934);
#3571=PLANE('',#3935);
#3572=PLANE('',#3936);
#3573=PLANE('',#3937);
#3574=PLANE('',#3944);
#3575=PLANE('',#3946);
#3576=PLANE('',#3962);
#3577=PLANE('',#3964);
#3578=PLANE('',#3965);
#3579=PLANE('',#3966);
#3580=PLANE('',#3967);
#3581=PLANE('',#3968);
#3582=PLANE('',#3970);
#3583=PLANE('',#3973);
#3584=PLANE('',#3975);
#3585=PLANE('',#3980);
#3586=PLANE('',#3984);
#3587=PLANE('',#3986);
#3588=PLANE('',#3988);
#3589=PLANE('',#3992);
#3590=PLANE('',#3995);
#3591=PLANE('',#3998);
#3592=PLANE('',#4000);
#3593=PLANE('',#4004);
#3594=PLANE('',#4006);
#3595=PLANE('',#4008);
#3596=PLANE('',#4010);
#3597=PLANE('',#4014);
#3598=PLANE('',#4016);
#3599=PLANE('',#4018);
#3600=PLANE('',#4019);
#3601=PLANE('',#4020);
#3602=PLANE('',#4021);
#3603=PLANE('',#4022);
#3604=PLANE('',#4023);
#3605=PLANE('',#4025);
#3606=PLANE('',#4027);
#3607=PLANE('',#4029);
#3608=PLANE('',#4030);
#3609=PLANE('',#4032);
#3610=PLANE('',#4035);
#3611=PLANE('',#4038);
#3612=PLANE('',#4040);
#3613=PLANE('',#4043);
#3614=PLANE('',#4046);
#3615=PLANE('',#4049);
#3616=PLANE('',#4052);
#3617=PLANE('',#4055);
#3618=PLANE('',#4058);
#3619=PLANE('',#4061);
#3620=PLANE('',#4064);
#3621=PLANE('',#4067);
#3622=PLANE('',#4069);
#3623=PLANE('',#4072);
#3624=PLANE('',#4075);
#3625=PLANE('',#4078);
#3626=PLANE('',#4080);
#3627=PLANE('',#4083);
#3628=PLANE('',#4085);
#3629=PLANE('',#4088);
#3630=PLANE('',#4090);
#3631=PLANE('',#4095);
#3632=PLANE('',#4096);
#3633=PLANE('',#4099);
#3634=PLANE('',#4101);
#3635=PLANE('',#4102);
#3636=PLANE('',#4104);
#3637=PLANE('',#4105);
#3638=PLANE('',#4108);
#3639=PLANE('',#4113);
#3640=PLANE('',#4114);
#3641=PLANE('',#4115);
#3642=PLANE('',#4117);
#3643=PLANE('',#4119);
#3644=PLANE('',#4121);
#3645=PLANE('',#4124);
#3646=PLANE('',#4127);
#3647=PLANE('',#4130);
#3648=PLANE('',#4133);
#3649=PLANE('',#4136);
#3650=PLANE('',#4139);
#3651=PLANE('',#4142);
#3652=PLANE('',#4146);
#3653=PLANE('',#4152);
#3654=PLANE('',#4154);
#3655=PLANE('',#4156);
#3656=PLANE('',#4158);
#3657=PLANE('',#4161);
#3658=PLANE('',#4163);
#3659=PLANE('',#4256);
#3660=PLANE('',#4257);
#3661=PLANE('',#4258);
#3662=PLANE('',#4259);
#3663=PLANE('',#4260);
#3664=PLANE('',#4261);
#3665=PLANE('',#4264);
#3666=PLANE('',#4265);
#3667=PLANE('',#4266);
#3668=PLANE('',#4270);
#3669=PLANE('',#4271);
#3670=PLANE('',#4272);
#3671=ADVANCED_FACE('',(#3331),#3564,.T.);
#3672=ADVANCED_FACE('',(#3332),#3565,.T.);
#3673=ADVANCED_FACE('',(#3333,#3334,#3335,#3336),#45,.F.);
#3674=ADVANCED_FACE('',(#3337),#27,.T.);
#3675=ADVANCED_FACE('',(#3338),#28,.T.);
#3676=ADVANCED_FACE('',(#3339),#29,.T.);
#3677=ADVANCED_FACE('',(#3340),#30,.T.);
#3678=ADVANCED_FACE('',(#3341,#3342),#31,.F.);
#3679=ADVANCED_FACE('',(#3343),#3566,.T.);
#3680=ADVANCED_FACE('',(#3344,#3345),#32,.F.);
#3681=ADVANCED_FACE('',(#3346),#3567,.T.);
#3682=ADVANCED_FACE('',(#3347),#3568,.T.);
#3683=ADVANCED_FACE('',(#3348),#33,.T.);
#3684=ADVANCED_FACE('',(#3349),#34,.T.);
#3685=ADVANCED_FACE('',(#3350),#3569,.T.);
#3686=ADVANCED_FACE('',(#3351),#3570,.F.);
#3687=ADVANCED_FACE('',(#3352),#3571,.F.);
#3688=ADVANCED_FACE('',(#3353),#3572,.T.);
#3689=ADVANCED_FACE('',(#3354),#3573,.F.);
#3690=ADVANCED_FACE('',(#3355),#35,.T.);
#3691=ADVANCED_FACE('',(#3356),#36,.T.);
#3692=ADVANCED_FACE('',(#3357),#3574,.F.);
#3693=ADVANCED_FACE('',(#3358),#3575,.F.);
#3694=ADVANCED_FACE('',(#3359),#37,.T.);
#3695=ADVANCED_FACE('',(#3360),#38,.T.);
#3696=ADVANCED_FACE('',(#3361,#3362),#39,.F.);
#3697=ADVANCED_FACE('',(#3363,#3364),#40,.F.);
#3698=ADVANCED_FACE('',(#3365),#3576,.F.);
#3699=ADVANCED_FACE('',(#3366),#3577,.T.);
#3700=ADVANCED_FACE('',(#3367),#3578,.T.);
#3701=ADVANCED_FACE('',(#3368),#3579,.F.);
#3702=ADVANCED_FACE('',(#3369),#3580,.F.);
#3703=ADVANCED_FACE('',(#3370),#3581,.F.);
#3704=ADVANCED_FACE('',(#3371),#3582,.F.);
#3705=ADVANCED_FACE('',(#3372),#3583,.F.);
#3706=ADVANCED_FACE('',(#3373),#3584,.F.);
#3707=ADVANCED_FACE('',(#3374,#3375),#3585,.F.);
#3708=ADVANCED_FACE('',(#3376),#3586,.T.);
#3709=ADVANCED_FACE('',(#3377),#3587,.T.);
#3710=ADVANCED_FACE('',(#3378),#3588,.T.);
#3711=ADVANCED_FACE('',(#3379),#3589,.T.);
#3712=ADVANCED_FACE('',(#3380),#3590,.T.);
#3713=ADVANCED_FACE('',(#3381),#3591,.F.);
#3714=ADVANCED_FACE('',(#3382),#3592,.F.);
#3715=ADVANCED_FACE('',(#3383,#3384,#3385,#3386),#46,.F.);
#3716=ADVANCED_FACE('',(#3387),#3593,.F.);
#3717=ADVANCED_FACE('',(#3388),#3594,.F.);
#3718=ADVANCED_FACE('',(#3389),#3595,.F.);
#3719=ADVANCED_FACE('',(#3390),#3596,.F.);
#3720=ADVANCED_FACE('',(#3391),#3597,.F.);
#3721=ADVANCED_FACE('',(#3392),#3598,.T.);
#3722=ADVANCED_FACE('',(#3393),#3599,.T.);
#3723=ADVANCED_FACE('',(#3394),#3600,.T.);
#3724=ADVANCED_FACE('',(#3395),#3601,.T.);
#3725=ADVANCED_FACE('',(#3396),#3602,.T.);
#3726=ADVANCED_FACE('',(#3397),#3603,.T.);
#3727=ADVANCED_FACE('',(#3398),#3604,.F.);
#3728=ADVANCED_FACE('',(#3399),#47,.F.);
#3729=ADVANCED_FACE('',(#3400),#3605,.F.);
#3730=ADVANCED_FACE('',(#3401,#3402),#48,.F.);
#3731=ADVANCED_FACE('',(#3403),#3606,.T.);
#3732=ADVANCED_FACE('',(#3404),#49,.F.);
#3733=ADVANCED_FACE('',(#3405),#3607,.F.);
#3734=ADVANCED_FACE('',(#3406),#3608,.T.);
#3735=ADVANCED_FACE('',(#3407),#3609,.T.);
#3736=ADVANCED_FACE('',(#3408),#3610,.T.);
#3737=ADVANCED_FACE('',(#3409),#3611,.T.);
#3738=ADVANCED_FACE('',(#3410),#3612,.T.);
#3739=ADVANCED_FACE('',(#3411),#3613,.T.);
#3740=ADVANCED_FACE('',(#3412),#3614,.T.);
#3741=ADVANCED_FACE('',(#3413),#3615,.T.);
#3742=ADVANCED_FACE('',(#3414),#3616,.T.);
#3743=ADVANCED_FACE('',(#3415),#3617,.T.);
#3744=ADVANCED_FACE('',(#3416),#3618,.T.);
#3745=ADVANCED_FACE('',(#3417),#3619,.T.);
#3746=ADVANCED_FACE('',(#3418),#3620,.T.);
#3747=ADVANCED_FACE('',(#3419),#3621,.F.);
#3748=ADVANCED_FACE('',(#3420),#3622,.F.);
#3749=ADVANCED_FACE('',(#3421),#3623,.F.);
#3750=ADVANCED_FACE('',(#3422),#3624,.F.);
#3751=ADVANCED_FACE('',(#3423),#3625,.F.);
#3752=ADVANCED_FACE('',(#3424),#3626,.F.);
#3753=ADVANCED_FACE('',(#3425),#3627,.F.);
#3754=ADVANCED_FACE('',(#3426),#3628,.F.);
#3755=ADVANCED_FACE('',(#3427),#3629,.F.);
#3756=ADVANCED_FACE('',(#3428,#3429),#3630,.T.);
#3757=ADVANCED_FACE('',(#3430,#3431),#50,.F.);
#3758=ADVANCED_FACE('',(#3432),#3631,.T.);
#3759=ADVANCED_FACE('',(#3433),#3632,.F.);
#3760=ADVANCED_FACE('',(#3434),#3633,.F.);
#3761=ADVANCED_FACE('',(#3435),#3634,.F.);
#3762=ADVANCED_FACE('',(#3436),#3635,.F.);
#3763=ADVANCED_FACE('',(#3437),#3636,.F.);
#3764=ADVANCED_FACE('',(#3438),#3637,.F.);
#3765=ADVANCED_FACE('',(#3439),#3638,.F.);
#3766=ADVANCED_FACE('',(#3440,#3441,#3442,#3443),#51,.F.);
#3767=ADVANCED_FACE('',(#3444),#3639,.T.);
#3768=ADVANCED_FACE('',(#3445),#3640,.T.);
#3769=ADVANCED_FACE('',(#3446),#3641,.T.);
#3770=ADVANCED_FACE('',(#3447),#52,.F.);
#3771=ADVANCED_FACE('',(#3448),#3642,.T.);
#3772=ADVANCED_FACE('',(#3449,#3450),#53,.F.);
#3773=ADVANCED_FACE('',(#3451),#3643,.T.);
#3774=ADVANCED_FACE('',(#3452,#3453),#54,.F.);
#3775=ADVANCED_FACE('',(#3454),#3644,.F.);
#3776=ADVANCED_FACE('',(#3455),#3645,.F.);
#3777=ADVANCED_FACE('',(#3456),#3646,.F.);
#3778=ADVANCED_FACE('',(#3457),#3647,.F.);
#3779=ADVANCED_FACE('',(#3458),#3648,.F.);
#3780=ADVANCED_FACE('',(#3459),#3649,.F.);
#3781=ADVANCED_FACE('',(#3460),#3650,.F.);
#3782=ADVANCED_FACE('',(#3461,#3462),#3651,.T.);
#3783=ADVANCED_FACE('',(#3463,#3464),#55,.F.);
#3784=ADVANCED_FACE('',(#3465),#3652,.T.);
#3785=ADVANCED_FACE('',(#3466,#3467),#41,.F.);
#3786=ADVANCED_FACE('',(#3468),#42,.T.);
#3787=ADVANCED_FACE('',(#3469),#43,.T.);
#3788=ADVANCED_FACE('',(#3470,#3471),#44,.F.);
#3789=ADVANCED_FACE('',(#3472),#3653,.T.);
#3790=ADVANCED_FACE('',(#3473),#3654,.F.);
#3791=ADVANCED_FACE('',(#3474),#3655,.T.);
#3792=ADVANCED_FACE('',(#3475,#3476),#56,.F.);
#3793=ADVANCED_FACE('',(#3477),#3656,.F.);
#3794=ADVANCED_FACE('',(#3478),#3657,.T.);
#3795=ADVANCED_FACE('',(#3479),#3658,.T.);
#3796=ADVANCED_FACE('',(#3480),#57,.T.);
#3797=ADVANCED_FACE('',(#3481),#58,.T.);
#3798=ADVANCED_FACE('',(#3482),#59,.T.);
#3799=ADVANCED_FACE('',(#3483),#60,.T.);
#3800=ADVANCED_FACE('',(#3484),#61,.T.);
#3801=ADVANCED_FACE('',(#3485),#62,.T.);
#3802=ADVANCED_FACE('',(#3486),#63,.T.);
#3803=ADVANCED_FACE('',(#3487),#64,.T.);
#3804=ADVANCED_FACE('',(#3488),#65,.T.);
#3805=ADVANCED_FACE('',(#3489),#66,.T.);
#3806=ADVANCED_FACE('',(#3490),#67,.T.);
#3807=ADVANCED_FACE('',(#3491),#68,.T.);
#3808=ADVANCED_FACE('',(#3492),#69,.T.);
#3809=ADVANCED_FACE('',(#3493),#70,.T.);
#3810=ADVANCED_FACE('',(#3494),#71,.T.);
#3811=ADVANCED_FACE('',(#3495),#72,.T.);
#3812=ADVANCED_FACE('',(#3496),#73,.T.);
#3813=ADVANCED_FACE('',(#3497),#74,.T.);
#3814=ADVANCED_FACE('',(#3498),#75,.T.);
#3815=ADVANCED_FACE('',(#3499),#76,.T.);
#3816=ADVANCED_FACE('',(#3500),#77,.T.);
#3817=ADVANCED_FACE('',(#3501),#78,.T.);
#3818=ADVANCED_FACE('',(#3502),#79,.T.);
#3819=ADVANCED_FACE('',(#3503),#80,.T.);
#3820=ADVANCED_FACE('',(#3504),#81,.T.);
#3821=ADVANCED_FACE('',(#3505),#82,.T.);
#3822=ADVANCED_FACE('',(#3506),#83,.T.);
#3823=ADVANCED_FACE('',(#3507),#84,.T.);
#3824=ADVANCED_FACE('',(#3508),#85,.T.);
#3825=ADVANCED_FACE('',(#3509),#86,.T.);
#3826=ADVANCED_FACE('',(#3510),#87,.T.);
#3827=ADVANCED_FACE('',(#3511),#88,.T.);
#3828=ADVANCED_FACE('',(#3512),#89,.T.);
#3829=ADVANCED_FACE('',(#3513),#90,.T.);
#3830=ADVANCED_FACE('',(#3514),#91,.T.);
#3831=ADVANCED_FACE('',(#3515),#92,.F.);
#3832=ADVANCED_FACE('',(#3516),#13,.F.);
#3833=ADVANCED_FACE('',(#3517),#93,.F.);
#3834=ADVANCED_FACE('',(#3518),#14,.F.);
#3835=ADVANCED_FACE('',(#3519),#94,.F.);
#3836=ADVANCED_FACE('',(#3520),#15,.F.);
#3837=ADVANCED_FACE('',(#3521),#95,.F.);
#3838=ADVANCED_FACE('',(#3522),#16,.F.);
#3839=ADVANCED_FACE('',(#3523),#17,.F.);
#3840=ADVANCED_FACE('',(#3524),#96,.F.);
#3841=ADVANCED_FACE('',(#3525),#18,.F.);
#3842=ADVANCED_FACE('',(#3526),#19,.F.);
#3843=ADVANCED_FACE('',(#3527),#20,.F.);
#3844=ADVANCED_FACE('',(#3528),#97,.F.);
#3845=ADVANCED_FACE('',(#3529),#98,.F.);
#3846=ADVANCED_FACE('',(#3530),#99,.F.);
#3847=ADVANCED_FACE('',(#3531),#12,.F.);
#3848=ADVANCED_FACE('',(#3532),#21,.F.);
#3849=ADVANCED_FACE('',(#3533),#100,.F.);
#3850=ADVANCED_FACE('',(#3534),#101,.T.);
#3851=ADVANCED_FACE('',(#3535),#102,.T.);
#3852=ADVANCED_FACE('',(#3536),#103,.T.);
#3853=ADVANCED_FACE('',(#3537),#104,.T.);
#3854=ADVANCED_FACE('',(#3538),#105,.F.);
#3855=ADVANCED_FACE('',(#3539),#106,.F.);
#3856=ADVANCED_FACE('',(#3540),#107,.F.);
#3857=ADVANCED_FACE('',(#3541),#22,.F.);
#3858=ADVANCED_FACE('',(#3542),#108,.F.);
#3859=ADVANCED_FACE('',(#3543),#23,.F.);
#3860=ADVANCED_FACE('',(#3544),#109,.F.);
#3861=ADVANCED_FACE('',(#3545),#24,.F.);
#3862=ADVANCED_FACE('',(#3546),#25,.F.);
#3863=ADVANCED_FACE('',(#3547),#26,.F.);
#3864=ADVANCED_FACE('',(#3548),#110,.F.);
#3865=ADVANCED_FACE('',(#3549),#3659,.F.);
#3866=ADVANCED_FACE('',(#3550),#3660,.F.);
#3867=ADVANCED_FACE('',(#3551),#3661,.T.);
#3868=ADVANCED_FACE('',(#3552),#3662,.T.);
#3869=ADVANCED_FACE('',(#3553),#3663,.T.);
#3870=ADVANCED_FACE('',(#3554),#3664,.T.);
#3871=ADVANCED_FACE('',(#3555),#111,.F.);
#3872=ADVANCED_FACE('',(#3556),#3665,.T.);
#3873=ADVANCED_FACE('',(#3557),#3666,.F.);
#3874=ADVANCED_FACE('',(#3558),#3667,.F.);
#3875=ADVANCED_FACE('',(#3559),#112,.T.);
#3876=ADVANCED_FACE('',(#3560),#3668,.T.);
#3877=ADVANCED_FACE('',(#3561,#3562),#3669,.T.);
#3878=ADVANCED_FACE('',(#3563),#3670,.F.);
#3879=CLOSED_SHELL('',(#3671,#3672,#3673,#3674,#3675,#3676,#3677,#3678,
#3679,#3680,#3681,#3682,#3683,#3684,#3685,#3686,#3687,#3688,#3689,#3690,
#3691,#3692,#3693,#3694,#3695,#3696,#3697,#3698,#3699,#3700,#3701,#3702,
#3703,#3704,#3705,#3706,#3707,#3708,#3709,#3710,#3711,#3712,#3713,#3714,
#3715,#3716,#3717,#3718,#3719,#3720,#3721,#3722,#3723,#3724,#3725,#3726,
#3727,#3728,#3729,#3730,#3731,#3732,#3733,#3734,#3735,#3736,#3737,#3738,
#3739,#3740,#3741,#3742,#3743,#3744,#3745,#3746,#3747,#3748,#3749,#3750,
#3751,#3752,#3753,#3754,#3755,#3756,#3757,#3758,#3759,#3760,#3761,#3762,
#3763,#3764,#3765,#3766,#3767,#3768,#3769,#3770,#3771,#3772,#3773,#3774,
#3775,#3776,#3777,#3778,#3779,#3780,#3781,#3782,#3783,#3784,#3785,#3786,
#3787,#3788,#3789,#3790,#3791,#3792,#3793,#3794,#3795,#3796,#3797,#3798,
#3799,#3800,#3801,#3802,#3803,#3804,#3805,#3806,#3807,#3808,#3809,#3810,
#3811,#3812,#3813,#3814,#3815,#3816,#3817,#3818,#3819,#3820,#3821,#3822,
#3823,#3824,#3825,#3826,#3827,#3828,#3829,#3830,#3831,#3832,#3833,#3834,
#3835,#3836,#3837,#3838,#3839,#3840,#3841,#3842,#3843,#3844,#3845,#3846,
#3847,#3848,#3849,#3850,#3851,#3852,#3853,#3854,#3855,#3856,#3857,#3858,
#3859,#3860,#3861,#3862,#3863,#3864,#3865,#3866,#3867,#3868,#3869,#3870,
#3871,#3872,#3873,#3874,#3875,#3876,#3877,#3878));
#3880=STYLED_ITEM('',(#3881),#3888);
#3881=PRESENTATION_STYLE_ASSIGNMENT((#3882));
#3882=SURFACE_STYLE_USAGE(.BOTH.,#3883);
#3883=SURFACE_SIDE_STYLE('',(#3884));
#3884=SURFACE_STYLE_FILL_AREA(#3885);
#3885=FILL_AREA_STYLE('',(#3886));
#3886=FILL_AREA_STYLE_COLOUR('',#3887);
#3887=COLOUR_RGB('',0.654901960784314,0.584313725490196,0.823529411764706);
#3888=MANIFOLD_SOLID_BREP('Part 1',#3879);
#3889=SHAPE_DEFINITION_REPRESENTATION(#7042,#3890);
#3890=SHAPE_REPRESENTATION('Part 1',(#3891),#7037);
#3891=AXIS2_PLACEMENT_3D('',#5347,#4273,#4274);
#3892=AXIS2_PLACEMENT_3D('',#5348,#4275,#4276);
#3893=AXIS2_PLACEMENT_3D('',#5377,#4283,#4284);
#3894=AXIS2_PLACEMENT_3D('',#5381,#4286,#4287);
#3895=AXIS2_PLACEMENT_3D('',#5410,#4294,#4295);
#3896=AXIS2_PLACEMENT_3D('',#5417,#4299,#4300);
#3897=AXIS2_PLACEMENT_3D('',#5421,#4302,#4303);
#3898=AXIS2_PLACEMENT_3D('',#5428,#4307,#4308);
#3899=AXIS2_PLACEMENT_3D('',#5429,#4309,#4310);
#3900=AXIS2_PLACEMENT_3D('',#5432,#4311,#4312);
#3901=AXIS2_PLACEMENT_3D('',#5434,#4313,#4314);
#3902=AXIS2_PLACEMENT_3D('',#5444,#4315,#4316);
#3903=AXIS2_PLACEMENT_3D('',#5469,#4319,#4320);
#3904=AXIS2_PLACEMENT_3D('',#5494,#4321,#4322);
#3905=AXIS2_PLACEMENT_3D('',#5495,#4323,#4324);
#3906=AXIS2_PLACEMENT_3D('',#5504,#4325,#4326);
#3907=AXIS2_PLACEMENT_3D('',#5517,#4327,#4328);
#3908=AXIS2_PLACEMENT_3D('',#5518,#4329,#4330);
#3909=AXIS2_PLACEMENT_3D('',#5532,#4331,#4332);
#3910=AXIS2_PLACEMENT_3D('',#5540,#4333,#4334);
#3911=AXIS2_PLACEMENT_3D('',#5541,#4335,#4336);
#3912=AXIS2_PLACEMENT_3D('',#5555,#4337,#4338);
#3913=AXIS2_PLACEMENT_3D('',#5563,#4339,#4340);
#3914=AXIS2_PLACEMENT_3D('',#5570,#4341,#4342);
#3915=AXIS2_PLACEMENT_3D('',#5578,#4343,#4344);
#3916=AXIS2_PLACEMENT_3D('',#5586,#4345,#4346);
#3917=AXIS2_PLACEMENT_3D('',#5587,#4347,#4348);
#3918=AXIS2_PLACEMENT_3D('',#5589,#4349,#4350);
#3919=AXIS2_PLACEMENT_3D('',#5596,#4351,#4352);
#3920=AXIS2_PLACEMENT_3D('',#5597,#4353,#4354);
#3921=AXIS2_PLACEMENT_3D('',#5615,#4362,#4363);
#3922=AXIS2_PLACEMENT_3D('',#5616,#4364,#4365);
#3923=AXIS2_PLACEMENT_3D('',#5618,#4366,#4367);
#3924=AXIS2_PLACEMENT_3D('',#5619,#4368,#4369);
#3925=AXIS2_PLACEMENT_3D('',#5620,#4370,#4371);
#3926=AXIS2_PLACEMENT_3D('',#5622,#4373,#4374);
#3927=AXIS2_PLACEMENT_3D('',#5623,#4375,#4376);
#3928=AXIS2_PLACEMENT_3D('',#5624,#4377,#4378);
#3929=AXIS2_PLACEMENT_3D('',#5640,#4379,#4380);
#3930=AXIS2_PLACEMENT_3D('',#5654,#4381,#4382);
#3931=AXIS2_PLACEMENT_3D('',#5655,#4383,#4384);
#3932=AXIS2_PLACEMENT_3D('',#5671,#4385,#4386);
#3933=AXIS2_PLACEMENT_3D('',#5685,#4387,#4388);
#3934=AXIS2_PLACEMENT_3D('',#5691,#4392,#4393);
#3935=AXIS2_PLACEMENT_3D('',#5697,#4397,#4398);
#3936=AXIS2_PLACEMENT_3D('',#5703,#4402,#4403);
#3937=AXIS2_PLACEMENT_3D('',#5709,#4407,#4408);
#3938=AXIS2_PLACEMENT_3D('',#5731,#4420,#4421);
#3939=AXIS2_PLACEMENT_3D('',#5732,#4422,#4423);
#3940=AXIS2_PLACEMENT_3D('',#5747,#4424,#4425);
#3941=AXIS2_PLACEMENT_3D('',#5760,#4426,#4427);
#3942=AXIS2_PLACEMENT_3D('',#5761,#4428,#4429);
#3943=AXIS2_PLACEMENT_3D('',#5776,#4430,#4431);
#3944=AXIS2_PLACEMENT_3D('',#5789,#4432,#4433);
#3945=AXIS2_PLACEMENT_3D('',#5799,#4438,#4439);
#3946=AXIS2_PLACEMENT_3D('',#5800,#4440,#4441);
#3947=AXIS2_PLACEMENT_3D('',#5810,#4446,#4447);
#3948=AXIS2_PLACEMENT_3D('',#5811,#4448,#4449);
#3949=AXIS2_PLACEMENT_3D('',#5818,#4450,#4451);
#3950=AXIS2_PLACEMENT_3D('',#5832,#4452,#4453);
#3951=AXIS2_PLACEMENT_3D('',#5840,#4454,#4455);
#3952=AXIS2_PLACEMENT_3D('',#5847,#4456,#4457);
#3953=AXIS2_PLACEMENT_3D('',#5861,#4458,#4459);
#3954=AXIS2_PLACEMENT_3D('',#5869,#4460,#4461);
#3955=AXIS2_PLACEMENT_3D('',#5870,#4462,#4463);
#3956=AXIS2_PLACEMENT_3D('',#5878,#4464,#4465);
#3957=AXIS2_PLACEMENT_3D('',#5885,#4466,#4467);
#3958=AXIS2_PLACEMENT_3D('',#5886,#4468,#4469);
#3959=AXIS2_PLACEMENT_3D('',#5887,#4470,#4471);
#3960=AXIS2_PLACEMENT_3D('',#5895,#4472,#4473);
#3961=AXIS2_PLACEMENT_3D('',#5902,#4474,#4475);
#3962=AXIS2_PLACEMENT_3D('',#5903,#4476,#4477);
#3963=AXIS2_PLACEMENT_3D('',#5906,#4479,#4480);
#3964=AXIS2_PLACEMENT_3D('',#5920,#4491,#4492);
#3965=AXIS2_PLACEMENT_3D('',#5922,#4494,#4495);
#3966=AXIS2_PLACEMENT_3D('',#5924,#4497,#4498);
#3967=AXIS2_PLACEMENT_3D('',#5930,#4502,#4503);
#3968=AXIS2_PLACEMENT_3D('',#5936,#4507,#4508);
#3969=AXIS2_PLACEMENT_3D('',#5954,#4518,#4519);
#3970=AXIS2_PLACEMENT_3D('',#5955,#4520,#4521);
#3971=AXIS2_PLACEMENT_3D('',#5967,#4527,#4528);
#3972=AXIS2_PLACEMENT_3D('',#5971,#4530,#4531);
#3973=AXIS2_PLACEMENT_3D('',#5972,#4532,#4533);
#3974=AXIS2_PLACEMENT_3D('',#5976,#4535,#4536);
#3975=AXIS2_PLACEMENT_3D('',#5981,#4539,#4540);
#3976=AXIS2_PLACEMENT_3D('',#5982,#4541,#4542);
#3977=AXIS2_PLACEMENT_3D('',#5991,#4546,#4547);
#3978=AXIS2_PLACEMENT_3D('',#5997,#4550,#4551);
#3979=AXIS2_PLACEMENT_3D('',#6001,#4553,#4554);
#3980=AXIS2_PLACEMENT_3D('',#6006,#4557,#4558);
#3981=AXIS2_PLACEMENT_3D('',#6014,#4562,#4563);
#3982=AXIS2_PLACEMENT_3D('',#6023,#4568,#4569);
#3983=AXIS2_PLACEMENT_3D('',#6028,#4571,#4572);
#3984=AXIS2_PLACEMENT_3D('',#6049,#4581,#4582);
#3985=AXIS2_PLACEMENT_3D('',#6056,#4586,#4587);
#3986=AXIS2_PLACEMENT_3D('',#6059,#4589,#4590);
#3987=AXIS2_PLACEMENT_3D('',#6072,#4598,#4599);
#3988=AXIS2_PLACEMENT_3D('',#6074,#4601,#4602);
#3989=AXIS2_PLACEMENT_3D('',#6082,#4606,#4607);
#3990=AXIS2_PLACEMENT_3D('',#6086,#4609,#4610);
#3991=AXIS2_PLACEMENT_3D('',#6087,#4611,#4612);
#3992=AXIS2_PLACEMENT_3D('',#6088,#4613,#4614);
#3993=AXIS2_PLACEMENT_3D('',#6092,#4616,#4617);
#3994=AXIS2_PLACEMENT_3D('',#6093,#4618,#4619);
#3995=AXIS2_PLACEMENT_3D('',#6095,#4621,#4622);
#3996=AXIS2_PLACEMENT_3D('',#6096,#4623,#4624);
#3997=AXIS2_PLACEMENT_3D('',#6100,#4626,#4627);
#3998=AXIS2_PLACEMENT_3D('',#6104,#4630,#4631);
#3999=AXIS2_PLACEMENT_3D('',#6110,#4634,#4635);
#4000=AXIS2_PLACEMENT_3D('',#6116,#4636,#4637);
#4001=AXIS2_PLACEMENT_3D('',#6140,#4649,#4650);
#4002=AXIS2_PLACEMENT_3D('',#6141,#4651,#4652);
#4003=AXIS2_PLACEMENT_3D('',#6166,#4653,#4654);
#4004=AXIS2_PLACEMENT_3D('',#6183,#4657,#4658);
#4005=AXIS2_PLACEMENT_3D('',#6184,#4659,#4660);
#4006=AXIS2_PLACEMENT_3D('',#6192,#4664,#4665);
#4007=AXIS2_PLACEMENT_3D('',#6218,#4674,#4675);
#4008=AXIS2_PLACEMENT_3D('',#6225,#4679,#4680);
#4009=AXIS2_PLACEMENT_3D('',#6231,#4683,#4684);
#4010=AXIS2_PLACEMENT_3D('',#6234,#4686,#4687);
#4011=AXIS2_PLACEMENT_3D('',#6238,#4689,#4690);
#4012=AXIS2_PLACEMENT_3D('',#6242,#4692,#4693);
#4013=AXIS2_PLACEMENT_3D('',#6259,#4700,#4701);
#4014=AXIS2_PLACEMENT_3D('',#6260,#4702,#4703);
#4015=AXIS2_PLACEMENT_3D('',#6268,#4705,#4706);
#4016=AXIS2_PLACEMENT_3D('',#6269,#4707,#4708);
#4017=AXIS2_PLACEMENT_3D('',#6270,#4709,#4710);
#4018=AXIS2_PLACEMENT_3D('',#6280,#4716,#4717);
#4019=AXIS2_PLACEMENT_3D('',#6289,#4722,#4723);
#4020=AXIS2_PLACEMENT_3D('',#6298,#4726,#4727);
#4021=AXIS2_PLACEMENT_3D('',#6308,#4733,#4734);
#4022=AXIS2_PLACEMENT_3D('',#6314,#4738,#4739);
#4023=AXIS2_PLACEMENT_3D('',#6315,#4740,#4741);
#4024=AXIS2_PLACEMENT_3D('',#6318,#4744,#4745);
#4025=AXIS2_PLACEMENT_3D('',#6320,#4747,#4748);
#4026=AXIS2_PLACEMENT_3D('',#6322,#4750,#4751);
#4027=AXIS2_PLACEMENT_3D('',#6323,#4752,#4753);
#4028=AXIS2_PLACEMENT_3D('',#6326,#4756,#4757);
#4029=AXIS2_PLACEMENT_3D('',#6328,#4759,#4760);
#4030=AXIS2_PLACEMENT_3D('',#6330,#4762,#4763);
#4031=AXIS2_PLACEMENT_3D('',#6333,#4765,#4766);
#4032=AXIS2_PLACEMENT_3D('',#6334,#4767,#4768);
#4033=AXIS2_PLACEMENT_3D('',#6337,#4770,#4771);
#4034=AXIS2_PLACEMENT_3D('',#6338,#4772,#4773);
#4035=AXIS2_PLACEMENT_3D('',#6339,#4774,#4775);
#4036=AXIS2_PLACEMENT_3D('',#6342,#4777,#4778);
#4037=AXIS2_PLACEMENT_3D('',#6343,#4779,#4780);
#4038=AXIS2_PLACEMENT_3D('',#6344,#4781,#4782);
#4039=AXIS2_PLACEMENT_3D('',#6347,#4784,#4785);
#4040=AXIS2_PLACEMENT_3D('',#6348,#4786,#4787);
#4041=AXIS2_PLACEMENT_3D('',#6349,#4788,#4789);
#4042=AXIS2_PLACEMENT_3D('',#6352,#4791,#4792);
#4043=AXIS2_PLACEMENT_3D('',#6353,#4793,#4794);
#4044=AXIS2_PLACEMENT_3D('',#6354,#4795,#4796);
#4045=AXIS2_PLACEMENT_3D('',#6357,#4798,#4799);
#4046=AXIS2_PLACEMENT_3D('',#6358,#4800,#4801);
#4047=AXIS2_PLACEMENT_3D('',#6359,#4802,#4803);
#4048=AXIS2_PLACEMENT_3D('',#6362,#4805,#4806);
#4049=AXIS2_PLACEMENT_3D('',#6363,#4807,#4808);
#4050=AXIS2_PLACEMENT_3D('',#6364,#4809,#4810);
#4051=AXIS2_PLACEMENT_3D('',#6367,#4812,#4813);
#4052=AXIS2_PLACEMENT_3D('',#6368,#4814,#4815);
#4053=AXIS2_PLACEMENT_3D('',#6369,#4816,#4817);
#4054=AXIS2_PLACEMENT_3D('',#6370,#4818,#4819);
#4055=AXIS2_PLACEMENT_3D('',#6371,#4820,#4821);
#4056=AXIS2_PLACEMENT_3D('',#6374,#4823,#4824);
#4057=AXIS2_PLACEMENT_3D('',#6375,#4825,#4826);
#4058=AXIS2_PLACEMENT_3D('',#6376,#4827,#4828);
#4059=AXIS2_PLACEMENT_3D('',#6379,#4830,#4831);
#4060=AXIS2_PLACEMENT_3D('',#6380,#4832,#4833);
#4061=AXIS2_PLACEMENT_3D('',#6381,#4834,#4835);
#4062=AXIS2_PLACEMENT_3D('',#6382,#4836,#4837);
#4063=AXIS2_PLACEMENT_3D('',#6385,#4839,#4840);
#4064=AXIS2_PLACEMENT_3D('',#6386,#4841,#4842);
#4065=AXIS2_PLACEMENT_3D('',#6387,#4843,#4844);
#4066=AXIS2_PLACEMENT_3D('',#6388,#4845,#4846);
#4067=AXIS2_PLACEMENT_3D('',#6389,#4847,#4848);
#4068=AXIS2_PLACEMENT_3D('',#6392,#4850,#4851);
#4069=AXIS2_PLACEMENT_3D('',#6393,#4852,#4853);
#4070=AXIS2_PLACEMENT_3D('',#6394,#4854,#4855);
#4071=AXIS2_PLACEMENT_3D('',#6397,#4857,#4858);
#4072=AXIS2_PLACEMENT_3D('',#6398,#4859,#4860);
#4073=AXIS2_PLACEMENT_3D('',#6401,#4862,#4863);
#4074=AXIS2_PLACEMENT_3D('',#6402,#4864,#4865);
#4075=AXIS2_PLACEMENT_3D('',#6403,#4866,#4867);
#4076=AXIS2_PLACEMENT_3D('',#6404,#4868,#4869);
#4077=AXIS2_PLACEMENT_3D('',#6407,#4871,#4872);
#4078=AXIS2_PLACEMENT_3D('',#6408,#4873,#4874);
#4079=AXIS2_PLACEMENT_3D('',#6410,#4876,#4877);
#4080=AXIS2_PLACEMENT_3D('',#6411,#4878,#4879);
#4081=AXIS2_PLACEMENT_3D('',#6413,#4881,#4882);
#4082=AXIS2_PLACEMENT_3D('',#6414,#4883,#4884);
#4083=AXIS2_PLACEMENT_3D('',#6415,#4885,#4886);
#4084=AXIS2_PLACEMENT_3D('',#6418,#4888,#4889);
#4085=AXIS2_PLACEMENT_3D('',#6419,#4890,#4891);
#4086=AXIS2_PLACEMENT_3D('',#6420,#4892,#4893);
#4087=AXIS2_PLACEMENT_3D('',#6423,#4895,#4896);
#4088=AXIS2_PLACEMENT_3D('',#6424,#4897,#4898);
#4089=AXIS2_PLACEMENT_3D('',#6425,#4899,#4900);
#4090=AXIS2_PLACEMENT_3D('',#6426,#4901,#4902);
#4091=AXIS2_PLACEMENT_3D('',#6427,#4903,#4904);
#4092=AXIS2_PLACEMENT_3D('',#6429,#4905,#4906);
#4093=AXIS2_PLACEMENT_3D('',#6430,#4907,#4908);
#4094=AXIS2_PLACEMENT_3D('',#6431,#4909,#4910);
#4095=AXIS2_PLACEMENT_3D('',#6433,#4911,#4912);
#4096=AXIS2_PLACEMENT_3D('',#6434,#4913,#4914);
#4097=AXIS2_PLACEMENT_3D('',#6438,#4916,#4917);
#4098=AXIS2_PLACEMENT_3D('',#6442,#4919,#4920);
#4099=AXIS2_PLACEMENT_3D('',#6455,#4927,#4928);
#4100=AXIS2_PLACEMENT_3D('',#6465,#4933,#4934);
#4101=AXIS2_PLACEMENT_3D('',#6466,#4935,#4936);
#4102=AXIS2_PLACEMENT_3D('',#6477,#4943,#4944);
#4103=AXIS2_PLACEMENT_3D('',#6481,#4946,#4947);
#4104=AXIS2_PLACEMENT_3D('',#6490,#4952,#4953);
#4105=AXIS2_PLACEMENT_3D('',#6495,#4957,#4958);
#4106=AXIS2_PLACEMENT_3D('',#6506,#4965,#4966);
#4107=AXIS2_PLACEMENT_3D('',#6510,#4968,#4969);
#4108=AXIS2_PLACEMENT_3D('',#6515,#4972,#4973);
#4109=AXIS2_PLACEMENT_3D('',#6516,#4974,#4975);
#4110=AXIS2_PLACEMENT_3D('',#6521,#4979,#4980);
#4111=AXIS2_PLACEMENT_3D('',#6546,#4981,#4982);
#4112=AXIS2_PLACEMENT_3D('',#6561,#4984,#4985);
#4113=AXIS2_PLACEMENT_3D('',#6563,#4986,#4987);
#4114=AXIS2_PLACEMENT_3D('',#6564,#4988,#4989);
#4115=AXIS2_PLACEMENT_3D('',#6566,#4991,#4992);
#4116=AXIS2_PLACEMENT_3D('',#6568,#4994,#4995);
#4117=AXIS2_PLACEMENT_3D('',#6569,#4996,#4997);
#4118=AXIS2_PLACEMENT_3D('',#6570,#4998,#4999);
#4119=AXIS2_PLACEMENT_3D('',#6571,#5000,#5001);
#4120=AXIS2_PLACEMENT_3D('',#6572,#5002,#5003);
#4121=AXIS2_PLACEMENT_3D('',#6573,#5004,#5005);
#4122=AXIS2_PLACEMENT_3D('',#6576,#5007,#5008);
#4123=AXIS2_PLACEMENT_3D('',#6577,#5009,#5010);
#4124=AXIS2_PLACEMENT_3D('',#6578,#5011,#5012);
#4125=AXIS2_PLACEMENT_3D('',#6581,#5014,#5015);
#4126=AXIS2_PLACEMENT_3D('',#6582,#5016,#5017);
#4127=AXIS2_PLACEMENT_3D('',#6583,#5018,#5019);
#4128=AXIS2_PLACEMENT_3D('',#6584,#5020,#5021);
#4129=AXIS2_PLACEMENT_3D('',#6587,#5023,#5024);
#4130=AXIS2_PLACEMENT_3D('',#6588,#5025,#5026);
#4131=AXIS2_PLACEMENT_3D('',#6589,#5027,#5028);
#4132=AXIS2_PLACEMENT_3D('',#6592,#5030,#5031);
#4133=AXIS2_PLACEMENT_3D('',#6593,#5032,#5033);
#4134=AXIS2_PLACEMENT_3D('',#6594,#5034,#5035);
#4135=AXIS2_PLACEMENT_3D('',#6597,#5037,#5038);
#4136=AXIS2_PLACEMENT_3D('',#6598,#5039,#5040);
#4137=AXIS2_PLACEMENT_3D('',#6601,#5042,#5043);
#4138=AXIS2_PLACEMENT_3D('',#6602,#5044,#5045);
#4139=AXIS2_PLACEMENT_3D('',#6603,#5046,#5047);
#4140=AXIS2_PLACEMENT_3D('',#6604,#5048,#5049);
#4141=AXIS2_PLACEMENT_3D('',#6605,#5050,#5051);
#4142=AXIS2_PLACEMENT_3D('',#6606,#5052,#5053);
#4143=AXIS2_PLACEMENT_3D('',#6607,#5054,#5055);
#4144=AXIS2_PLACEMENT_3D('',#6609,#5056,#5057);
#4145=AXIS2_PLACEMENT_3D('',#6610,#5058,#5059);
#4146=AXIS2_PLACEMENT_3D('',#6611,#5060,#5061);
#4147=AXIS2_PLACEMENT_3D('',#6612,#5062,#5063);
#4148=AXIS2_PLACEMENT_3D('',#6613,#5064,#5065);
#4149=AXIS2_PLACEMENT_3D('',#6615,#5066,#5067);
#4150=AXIS2_PLACEMENT_3D('',#6630,#5068,#5069);
#4151=AXIS2_PLACEMENT_3D('',#6645,#5070,#5071);
#4152=AXIS2_PLACEMENT_3D('',#6646,#5072,#5073);
#4153=AXIS2_PLACEMENT_3D('',#6647,#5074,#5075);
#4154=AXIS2_PLACEMENT_3D('',#6649,#5077,#5078);
#4155=AXIS2_PLACEMENT_3D('',#6651,#5080,#5081);
#4156=AXIS2_PLACEMENT_3D('',#6652,#5082,#5083);
#4157=AXIS2_PLACEMENT_3D('',#6655,#5086,#5087);
#4158=AXIS2_PLACEMENT_3D('',#6656,#5088,#5089);
#4159=AXIS2_PLACEMENT_3D('',#6658,#5091,#5092);
#4160=AXIS2_PLACEMENT_3D('',#6664,#5093,#5094);
#4161=AXIS2_PLACEMENT_3D('',#6665,#5095,#5096);
#4162=AXIS2_PLACEMENT_3D('',#6666,#5097,#5098);
#4163=AXIS2_PLACEMENT_3D('',#6669,#5100,#5101);
#4164=AXIS2_PLACEMENT_3D('',#6672,#5104,#5105);
#4165=AXIS2_PLACEMENT_3D('',#6673,#5106,#5107);
#4166=AXIS2_PLACEMENT_3D('',#6674,#5108,#5109);
#4167=AXIS2_PLACEMENT_3D('',#6680,#5110,#5111);
#4168=AXIS2_PLACEMENT_3D('',#6681,#5112,#5113);
#4169=AXIS2_PLACEMENT_3D('',#6682,#5114,#5115);
#4170=AXIS2_PLACEMENT_3D('',#6683,#5116,#5117);
#4171=AXIS2_PLACEMENT_3D('',#6684,#5118,#5119);
#4172=AXIS2_PLACEMENT_3D('',#6685,#5120,#5121);
#4173=AXIS2_PLACEMENT_3D('',#6686,#5122,#5123);
#4174=AXIS2_PLACEMENT_3D('',#6687,#5124,#5125);
#4175=AXIS2_PLACEMENT_3D('',#6688,#5126,#5127);
#4176=AXIS2_PLACEMENT_3D('',#6689,#5128,#5129);
#4177=AXIS2_PLACEMENT_3D('',#6690,#5130,#5131);
#4178=AXIS2_PLACEMENT_3D('',#6691,#5132,#5133);
#4179=AXIS2_PLACEMENT_3D('',#6692,#5134,#5135);
#4180=AXIS2_PLACEMENT_3D('',#6693,#5136,#5137);
#4181=AXIS2_PLACEMENT_3D('',#6694,#5138,#5139);
#4182=AXIS2_PLACEMENT_3D('',#6695,#5140,#5141);
#4183=AXIS2_PLACEMENT_3D('',#6696,#5142,#5143);
#4184=AXIS2_PLACEMENT_3D('',#6697,#5144,#5145);
#4185=AXIS2_PLACEMENT_3D('',#6702,#5146,#5147);
#4186=AXIS2_PLACEMENT_3D('',#6703,#5148,#5149);
#4187=AXIS2_PLACEMENT_3D('',#6704,#5150,#5151);
#4188=AXIS2_PLACEMENT_3D('',#6705,#5152,#5153);
#4189=AXIS2_PLACEMENT_3D('',#6706,#5154,#5155);
#4190=AXIS2_PLACEMENT_3D('',#6707,#5156,#5157);
#4191=AXIS2_PLACEMENT_3D('',#6714,#5158,#5159);
#4192=AXIS2_PLACEMENT_3D('',#6715,#5160,#5161);
#4193=AXIS2_PLACEMENT_3D('',#6722,#5162,#5163);
#4194=AXIS2_PLACEMENT_3D('',#6723,#5164,#5165);
#4195=AXIS2_PLACEMENT_3D('',#6724,#5166,#5167);
#4196=AXIS2_PLACEMENT_3D('',#6730,#5168,#5169);
#4197=AXIS2_PLACEMENT_3D('',#6736,#5170,#5171);
#4198=AXIS2_PLACEMENT_3D('',#6737,#5172,#5173);
#4199=AXIS2_PLACEMENT_3D('',#6738,#5174,#5175);
#4200=AXIS2_PLACEMENT_3D('',#6739,#5176,#5177);
#4201=AXIS2_PLACEMENT_3D('',#6740,#5178,#5179);
#4202=AXIS2_PLACEMENT_3D('',#6741,#5180,#5181);
#4203=AXIS2_PLACEMENT_3D('',#6742,#5182,#5183);
#4204=AXIS2_PLACEMENT_3D('',#6743,#5184,#5185);
#4205=AXIS2_PLACEMENT_3D('',#6744,#5186,#5187);
#4206=AXIS2_PLACEMENT_3D('',#6745,#5188,#5189);
#4207=AXIS2_PLACEMENT_3D('',#6746,#5190,#5191);
#4208=AXIS2_PLACEMENT_3D('',#6747,#5192,#5193);
#4209=AXIS2_PLACEMENT_3D('',#6748,#5194,#5195);
#4210=AXIS2_PLACEMENT_3D('',#6749,#5196,#5197);
#4211=AXIS2_PLACEMENT_3D('',#6750,#5198,#5199);
#4212=AXIS2_PLACEMENT_3D('',#6751,#5200,#5201);
#4213=AXIS2_PLACEMENT_3D('',#6767,#5202,#5203);
#4214=AXIS2_PLACEMENT_3D('',#6768,#5204,#5205);
#4215=AXIS2_PLACEMENT_3D('',#6769,#5206,#5207);
#4216=AXIS2_PLACEMENT_3D('',#6785,#5208,#5209);
#4217=AXIS2_PLACEMENT_3D('',#6786,#5210,#5211);
#4218=AXIS2_PLACEMENT_3D('',#6787,#5212,#5213);
#4219=AXIS2_PLACEMENT_3D('',#6800,#5214,#5215);
#4220=AXIS2_PLACEMENT_3D('',#6801,#5216,#5217);
#4221=AXIS2_PLACEMENT_3D('',#6814,#5218,#5219);
#4222=AXIS2_PLACEMENT_3D('',#6830,#5220,#5221);
#4223=AXIS2_PLACEMENT_3D('',#6831,#5222,#5223);
#4224=AXIS2_PLACEMENT_3D('',#6832,#5224,#5225);
#4225=AXIS2_PLACEMENT_3D('',#6845,#5226,#5227);
#4226=AXIS2_PLACEMENT_3D('',#6858,#5228,#5229);
#4227=AXIS2_PLACEMENT_3D('',#6871,#5230,#5231);
#4228=AXIS2_PLACEMENT_3D('',#6872,#5232,#5233);
#4229=AXIS2_PLACEMENT_3D('',#6873,#5234,#5235);
#4230=AXIS2_PLACEMENT_3D('',#6874,#5236,#5237);
#4231=AXIS2_PLACEMENT_3D('',#6875,#5238,#5239);
#4232=AXIS2_PLACEMENT_3D('',#6876,#5240,#5241);
#4233=AXIS2_PLACEMENT_3D('',#6877,#5242,#5243);
#4234=AXIS2_PLACEMENT_3D('',#6878,#5244,#5245);
#4235=AXIS2_PLACEMENT_3D('',#6879,#5246,#5247);
#4236=AXIS2_PLACEMENT_3D('',#6895,#5248,#5249);
#4237=AXIS2_PLACEMENT_3D('',#6896,#5250,#5251);
#4238=AXIS2_PLACEMENT_3D('',#6897,#5252,#5253);
#4239=AXIS2_PLACEMENT_3D('',#6898,#5254,#5255);
#4240=AXIS2_PLACEMENT_3D('',#6899,#5256,#5257);
#4241=AXIS2_PLACEMENT_3D('',#6900,#5258,#5259);
#4242=AXIS2_PLACEMENT_3D('',#6901,#5260,#5261);
#4243=AXIS2_PLACEMENT_3D('',#6902,#5262,#5263);
#4244=AXIS2_PLACEMENT_3D('',#6903,#5264,#5265);
#4245=AXIS2_PLACEMENT_3D('',#6904,#5266,#5267);
#4246=AXIS2_PLACEMENT_3D('',#6917,#5268,#5269);
#4247=AXIS2_PLACEMENT_3D('',#6918,#5270,#5271);
#4248=AXIS2_PLACEMENT_3D('',#6919,#5272,#5273);
#4249=AXIS2_PLACEMENT_3D('',#6932,#5274,#5275);
#4250=AXIS2_PLACEMENT_3D('',#6933,#5276,#5277);
#4251=AXIS2_PLACEMENT_3D('',#6934,#5278,#5279);
#4252=AXIS2_PLACEMENT_3D('',#6947,#5280,#5281);
#4253=AXIS2_PLACEMENT_3D('',#6963,#5282,#5283);
#4254=AXIS2_PLACEMENT_3D('',#6976,#5284,#5285);
#4255=AXIS2_PLACEMENT_3D('',#6977,#5286,#5287);
#4256=AXIS2_PLACEMENT_3D('',#6978,#5288,#5289);
#4257=AXIS2_PLACEMENT_3D('',#6984,#5293,#5294);
#4258=AXIS2_PLACEMENT_3D('',#6988,#5297,#5298);
#4259=AXIS2_PLACEMENT_3D('',#6992,#5301,#5302);
#4260=AXIS2_PLACEMENT_3D('',#6996,#5305,#5306);
#4261=AXIS2_PLACEMENT_3D('',#7000,#5309,#5310);
#4262=AXIS2_PLACEMENT_3D('',#7004,#5313,#5314);
#4263=AXIS2_PLACEMENT_3D('',#7007,#5316,#5317);
#4264=AXIS2_PLACEMENT_3D('',#7008,#5318,#5319);
#4265=AXIS2_PLACEMENT_3D('',#7017,#5324,#5325);
#4266=AXIS2_PLACEMENT_3D('',#7023,#5329,#5330);
#4267=AXIS2_PLACEMENT_3D('',#7029,#5334,#5335);
#4268=AXIS2_PLACEMENT_3D('',#7030,#5336,#5337);
#4269=AXIS2_PLACEMENT_3D('',#7031,#5338,#5339);
#4270=AXIS2_PLACEMENT_3D('',#7032,#5340,#5341);
#4271=AXIS2_PLACEMENT_3D('',#7034,#5343,#5344);
#4272=AXIS2_PLACEMENT_3D('',#7035,#5345,#5346);
#4273=DIRECTION('',(0.,0.,1.));
#4274=DIRECTION('',(1.,0.,0.));
#4275=DIRECTION('',(-0.628347271089539,-0.707106781186547,-0.324314210164048));
#4276=DIRECTION('',(0.747510142743568,-0.664250394426296,0.));
#4277=DIRECTION('',(0.458649554484315,-2.77555756156289E-17,-0.888617232654949));
#4278=DIRECTION('',(0.458649554484315,-2.77555756156289E-17,-0.888617232654949));
#4279=DIRECTION('',(0.458649554484315,-1.62588397641635E-17,-0.888617232654949));
#4280=DIRECTION('',(-0.69690627637699,0.69690627637699,-0.169243268382284));
#4281=DIRECTION('',(0.458649554484315,1.14967358514655E-17,-0.888617232654949));
#4282=DIRECTION('',(-0.713599176648631,0.68991122720982,-0.121649963650779));
#4283=DIRECTION('',(0.628347271089539,0.707106781186547,0.324314210164048));
#4284=DIRECTION('',(0.644559347530708,-0.706642095489953,0.291890726800899));
#4285=DIRECTION('',(-0.301859487117538,0.605845871500661,-0.736092134194315));
#4286=DIRECTION('',(0.628347271089539,0.707106781186547,0.324314210164048));
#4287=DIRECTION('',(-0.644559347530708,0.706642095489953,-0.291890726800899));
#4288=DIRECTION('',(0.458649554484315,1.14967358514655E-17,-0.888617232654949));
#4289=DIRECTION('',(-0.458649554484315,1.1616290548872E-16,0.888617232654949));
#4290=DIRECTION('',(-0.458649554484315,1.1616290548872E-16,0.888617232654949));
#4291=DIRECTION('',(0.458649554484315,1.14967358514655E-17,-0.888617232654949));
#4292=DIRECTION('',(-0.628347271089538,0.707106781186548,-0.324314210164048));
#4293=DIRECTION('',(-0.458649554484315,4.21106647992726E-16,0.888617232654949));
#4294=DIRECTION('',(-0.628347271089539,-0.707106781186547,-0.324314210164048));
#4295=DIRECTION('',(0.747510142743568,-0.664250394426296,0.));
#4296=DIRECTION('',(0.458649554484315,-2.30179479729911E-16,-0.888617232654949));
#4297=DIRECTION('',(-0.628347271089538,0.707106781186548,-0.324314210164048));
#4298=DIRECTION('',(0.458649554484315,-1.62588397641635E-17,-0.888617232654949));
#4299=DIRECTION('',(-1.32911524967645E-16,-1.,-6.8600753476398E-17));
#4300=DIRECTION('',(1.,-1.32911524967645E-16,0.));
#4301=DIRECTION('',(-0.701673843159863,4.4382620759523E-17,0.71249829320867));
#4302=DIRECTION('',(1.32911524967645E-16,1.,6.8600753476398E-17));
#4303=DIRECTION('',(7.5377871516667E-16,-6.86007534763981E-17,1.));
#4304=DIRECTION('',(-1.,1.32911524967645E-16,-9.51899722799864E-18));
#4305=DIRECTION('',(0.458649554484315,0.,-0.888617232654949));
#4306=DIRECTION('',(-6.8600753476398E-17,6.8600753476398E-17,-1.));
#4307=DIRECTION('',(0.,0.,-1.));
#4308=DIRECTION('',(-1.,0.,0.));
#4309=DIRECTION('',(0.628347271089538,-0.707106781186548,0.324314210164048));
#4310=DIRECTION('',(0.215425842019522,-0.242428161533496,-0.945949413597614));
#4311=DIRECTION('',(0.,0.,1.));
#4312=DIRECTION('',(1.,0.,0.));
#4313=DIRECTION('',(0.628347271089538,0.707106781186548,0.324314210164048));
#4314=DIRECTION('',(0.215425842019522,0.242428161533496,-0.945949413597614));
#4315=DIRECTION('',(0.888617232654949,-1.32911524967645E-16,0.458649554484315));
#4316=DIRECTION('',(0.458649554484315,-6.8600753476398E-17,-0.888617232654949));
#4317=DIRECTION('',(0.,0.,-1.));
#4318=DIRECTION('',(0.,0.,-1.));
#4319=DIRECTION('',(0.,0.,-1.));
#4320=DIRECTION('',(-1.,0.,0.));
#4321=DIRECTION('',(0.888617232654949,-2.6582304993529E-16,0.458649554484315));
#4322=DIRECTION('',(0.458649554484315,0.,-0.888617232654949));
#4323=DIRECTION('',(-0.888617232654949,2.6582304993529E-16,-0.458649554484315));
#4324=DIRECTION('',(-0.458649554484315,0.,0.888617232654949));
#4325=DIRECTION('',(-0.888617232654949,2.6582304993529E-16,-0.458649554484315));
#4326=DIRECTION('',(-0.458649554484315,0.,0.888617232654949));
#4327=DIRECTION('',(0.,1.,0.));
#4328=DIRECTION('',(0.,0.,1.));
#4329=DIRECTION('',(-3.60822483003176E-16,-1.,-5.55111512312578E-17));
#4330=DIRECTION('',(-0.458649554484315,5.55111512312578E-17,0.888617232654949));
#4331=DIRECTION('',(-1.32911524967645E-16,-1.,-6.8600753476398E-17));
#4332=DIRECTION('',(1.,-1.32911524967645E-16,0.));
#4333=DIRECTION('',(0.888617232654949,-2.6582304993529E-16,0.458649554484315));
#4334=DIRECTION('',(0.458649554484315,0.,-0.888617232654949));
#4335=DIRECTION('',(-0.888617232654949,2.6582304993529E-16,-0.458649554484315));
#4336=DIRECTION('',(-0.458649554484315,0.,0.888617232654949));
#4337=DIRECTION('',(-0.888617232654949,2.6582304993529E-16,-0.458649554484315));
#4338=DIRECTION('',(-0.458649554484315,0.,0.888617232654949));
#4339=DIRECTION('',(0.,1.,0.));
#4340=DIRECTION('',(0.,0.,1.));
#4341=DIRECTION('',(-3.60822483003176E-16,-1.,-5.55111512312578E-17));
#4342=DIRECTION('',(-0.458649554484315,5.55111512312578E-17,0.888617232654949));
#4343=DIRECTION('',(-1.32911524967645E-16,-1.,-6.8600753476398E-17));
#4344=DIRECTION('',(1.,-1.32911524967645E-16,0.));
#4345=DIRECTION('',(0.,-1.,0.));
#4346=DIRECTION('',(0.,0.,-1.));
#4347=DIRECTION('',(0.,-1.,0.));
#4348=DIRECTION('',(0.,0.,-1.));
#4349=DIRECTION('',(-3.60822483003176E-16,-1.,-5.55111512312578E-17));
#4350=DIRECTION('',(1.,-3.60822483003176E-16,0.));
#4351=DIRECTION('',(-3.60822483003176E-16,-1.,-5.55111512312578E-17));
#4352=DIRECTION('',(1.,-3.60822483003176E-16,0.));
#4353=DIRECTION('',(-0.628347271089538,0.707106781186548,-0.324314210164048));
#4354=DIRECTION('',(-0.747510142743569,-0.664250394426296,0.));
#4355=DIRECTION('',(0.458649554484315,1.62588397641635E-17,-0.888617232654949));
#4356=DIRECTION('',(-0.458649554484315,0.,0.888617232654949));
#4357=DIRECTION('',(-0.458649554484315,0.,0.888617232654949));
#4358=DIRECTION('',(0.458649554484315,1.62588397641635E-17,-0.888617232654949));
#4359=DIRECTION('',(0.628347271089539,0.707106781186547,0.324314210164048));
#4360=DIRECTION('',(0.458649554484315,3.92523114670943E-17,-0.888617232654949));
#4361=DIRECTION('',(0.69690627637699,0.696906276376989,0.169243268382286));
#4362=DIRECTION('',(-0.888617232654949,2.65823049935291E-16,-0.458649554484315));
#4363=DIRECTION('',(-0.458649554484315,0.,0.888617232654949));
#4364=DIRECTION('',(-0.888617232654949,2.65823049935291E-16,-0.458649554484315));
#4365=DIRECTION('',(-0.458649554484315,0.,0.888617232654949));
#4366=DIRECTION('',(-0.888617232654949,2.6582304993529E-16,-0.458649554484315));
#4367=DIRECTION('',(-0.458649554484315,0.,0.888617232654949));
#4368=DIRECTION('',(-0.888617232654949,2.6582304993529E-16,-0.458649554484315));
#4369=DIRECTION('',(-0.458649554484315,0.,0.888617232654949));
#4370=DIRECTION('',(-3.60822483003176E-16,-1.,-5.55111512312578E-17));
#4371=DIRECTION('',(0.888617232654949,-3.27055389892657E-16,0.458649554484315));
#4372=DIRECTION('',(0.458649554484315,-1.1616290548872E-16,-0.888617232654949));
#4373=DIRECTION('',(-0.888617232654949,2.6582304993529E-16,-0.458649554484315));
#4374=DIRECTION('',(-2.36214943009395E-16,-1.,-1.21919623424482E-16));
#4375=DIRECTION('',(-1.,0.,0.));
#4376=DIRECTION('',(0.,0.,1.));
#4377=DIRECTION('',(1.,0.,0.));
#4378=DIRECTION('',(0.,0.,-1.));
#4379=DIRECTION('',(-1.,0.,0.));
#4380=DIRECTION('',(0.,0.,1.));
#4381=DIRECTION('',(-6.12323399573676E-17,-1.,0.));
#4382=DIRECTION('',(1.,-6.12323399573676E-17,0.));
#4383=DIRECTION('',(6.12323399573677E-17,1.,0.));
#4384=DIRECTION('',(0.,0.,-1.));
#4385=DIRECTION('',(0.,-1.,0.));
#4386=DIRECTION('',(0.,0.,-1.));
#4387=DIRECTION('',(-0.888617232654949,2.6582304993529E-16,-0.458649554484315));
#4388=DIRECTION('',(-0.458649554484315,0.,0.888617232654949));
#4389=DIRECTION('',(2.36214943009395E-16,1.,1.21919623424482E-16));
#4390=DIRECTION('',(0.458649554484315,7.85046229341888E-17,-0.888617232654949));
#4391=DIRECTION('',(0.458649554484315,-2.7755575615629E-17,-0.888617232654949));
#4392=DIRECTION('',(-1.,0.,0.));
#4393=DIRECTION('',(0.,0.,1.));
#4394=DIRECTION('',(0.,0.,-1.));
#4395=DIRECTION('',(0.,1.,0.));
#4396=DIRECTION('',(0.,0.,-1.));
#4397=DIRECTION('',(0.,-1.,0.));
#4398=DIRECTION('',(0.,0.,-1.));
#4399=DIRECTION('',(0.,0.,-1.));
#4400=DIRECTION('',(-1.,0.,0.));
#4401=DIRECTION('',(0.,0.,-1.));
#4402=DIRECTION('',(-1.32911524967645E-16,-1.,-6.8600753476398E-17));
#4403=DIRECTION('',(1.,-1.32911524967645E-16,0.));
#4404=DIRECTION('',(0.458649554484315,0.,-0.888617232654949));
#4405=DIRECTION('',(-0.888617232654949,1.49571176523936E-16,-0.458649554484315));
#4406=DIRECTION('',(0.458649554484315,0.,-0.888617232654949));
#4407=DIRECTION('',(0.,0.,1.));
#4408=DIRECTION('',(1.,0.,0.));
#4409=DIRECTION('',(0.707106781186548,0.707106781186548,0.));
#4410=DIRECTION('',(0.707106781186548,-0.707106781186548,0.));
#4411=DIRECTION('',(0.,-1.,0.));
#4412=DIRECTION('',(-0.707106781186548,-0.707106781186548,0.));
#4413=DIRECTION('',(-1.,0.,0.));
#4414=DIRECTION('',(-0.707106781186548,0.707106781186548,0.));
#4415=DIRECTION('',(0.,1.,0.));
#4416=DIRECTION('',(0.707106781186548,0.707106781186548,0.));
#4417=DIRECTION('',(1.,0.,0.));
#4418=DIRECTION('',(0.707106781186548,-0.707106781186548,0.));
#4419=DIRECTION('',(0.707106781186548,0.707106781186548,0.));
#4420=DIRECTION('',(-0.707106781186547,-0.122787803968974,-0.696364240320019));
#4421=DIRECTION('',(-0.701673843159864,0.,0.712498293208669));
#4422=DIRECTION('',(0.707106781186548,0.122787803968973,0.696364240320019));
#4423=DIRECTION('',(0.701673843159863,0.,-0.71249829320867));
#4424=DIRECTION('',(-0.707106781186548,-0.122787803968973,-0.696364240320019));
#4425=DIRECTION('',(-0.701673843159863,0.,0.71249829320867));
#4426=DIRECTION('',(0.707106781186548,-0.122787803968974,-0.696364240320019));
#4427=DIRECTION('',(-0.701673843159863,0.,-0.71249829320867));
#4428=DIRECTION('',(-0.707106781186547,0.122787803968973,0.696364240320019));
#4429=DIRECTION('',(0.701673843159864,0.243688768362523,0.669529388450741));
#4430=DIRECTION('',(0.707106781186547,-0.122787803968973,-0.696364240320019));
#4431=DIRECTION('',(-0.701673843159864,0.,-0.712498293208669));
#4432=DIRECTION('',(-2.08312037427724E-16,0.573576436351045,-0.819152044288993));
#4433=DIRECTION('',(1.,-5.11563552321054E-17,-2.90122107385745E-16));
#4434=DIRECTION('',(0.281084637714823,-0.786126276788182,-0.550451544991816));
#4435=DIRECTION('',(-1.,5.11563552321054E-17,2.90122107385745E-16));
#4436=DIRECTION('',(2.08312037427724E-16,0.819152044288993,0.573576436351045));
#4437=DIRECTION('',(1.,-5.11563552321054E-17,-2.90122107385745E-16));
#4438=DIRECTION('',(2.08312037427724E-16,-0.573576436351045,0.819152044288993));
#4439=DIRECTION('',(-1.80556461812095E-16,-0.819152044288993,-0.573576436351045));
#4440=DIRECTION('',(-2.08312037427724E-16,0.573576436351045,-0.819152044288993));
#4441=DIRECTION('',(1.,-5.11563552321054E-17,-2.90122107385745E-16));
#4442=DIRECTION('',(1.,-5.11563552321054E-17,-2.90122107385745E-16));
#4443=DIRECTION('',(0.0143847072078154,-0.819067290515275,-0.573517091119796));
#4444=DIRECTION('',(-1.,5.11563552321054E-17,2.90122107385745E-16));
#4445=DIRECTION('',(-0.281084637714821,-0.786126276788183,-0.550451544991816));
#4446=DIRECTION('',(2.08312037427724E-16,-0.573576436351045,0.819152044288993));
#4447=DIRECTION('',(-2.08312037427723E-16,-0.819152044288993,-0.573576436351045));
#4448=DIRECTION('',(-0.707106781186547,-0.122787803968974,-0.696364240320019));
#4449=DIRECTION('',(-0.701673843159864,0.,0.712498293208669));
#4450=DIRECTION('',(0.707106781186548,0.122787803968973,0.696364240320019));
#4451=DIRECTION('',(0.701673843159863,0.,-0.71249829320867));
#4452=DIRECTION('',(-0.707106781186548,-0.122787803968973,-0.696364240320019));
#4453=DIRECTION('',(-0.701673843159863,0.,0.71249829320867));
#4454=DIRECTION('',(0.707106781186548,-0.122787803968974,-0.696364240320019));
#4455=DIRECTION('',(-0.701673843159863,0.,-0.71249829320867));
#4456=DIRECTION('',(-0.707106781186547,0.122787803968973,0.696364240320019));
#4457=DIRECTION('',(0.701673843159864,0.243688768362523,0.669529388450741));
#4458=DIRECTION('',(0.707106781186547,-0.122787803968973,-0.696364240320019));
#4459=DIRECTION('',(-0.701673843159864,0.,-0.712498293208669));
#4460=DIRECTION('',(-0.707106781186547,0.12278780396897,0.696364240320019));
#4461=DIRECTION('',(0.701673843159864,0.,0.712498293208669));
#4462=DIRECTION('',(-0.707106781186547,0.12278780396897,0.696364240320019));
#4463=DIRECTION('',(0.701673843159864,0.,0.712498293208669));
#4464=DIRECTION('',(-0.707106781186547,0.122787803968973,0.696364240320019));
#4465=DIRECTION('',(0.701673843159864,0.,0.712498293208669));
#4466=DIRECTION('',(-0.707106781186547,0.122787803968973,0.696364240320019));
#4467=DIRECTION('',(0.701673843159864,0.,0.712498293208669));
#4468=DIRECTION('',(0.707106781186548,0.12278780396897,0.696364240320019));
#4469=DIRECTION('',(0.701673843159863,0.,-0.71249829320867));
#4470=DIRECTION('',(0.707106781186548,0.12278780396897,0.696364240320019));
#4471=DIRECTION('',(0.701673843159863,0.,-0.71249829320867));
#4472=DIRECTION('',(0.707106781186548,0.122787803968973,0.696364240320019));
#4473=DIRECTION('',(0.701673843159863,0.,-0.71249829320867));
#4474=DIRECTION('',(0.707106781186548,0.122787803968973,0.696364240320019));
#4475=DIRECTION('',(0.701673843159863,0.,-0.71249829320867));
#4476=DIRECTION('',(-2.9459770853586E-16,-0.17364817766693,-0.984807753012208));
#4477=DIRECTION('',(0.,0.984807753012208,-0.17364817766693));
#4478=DIRECTION('',(4.08836448772902E-32,0.984807753012208,-0.17364817766693));
#4479=DIRECTION('',(-2.9459770853586E-16,-0.17364817766693,-0.984807753012208));
#4480=DIRECTION('',(0.,-0.984807753012208,0.17364817766693));
#4481=DIRECTION('',(0.0203409436608999,-0.98460399786579,0.173612250137159));
#4482=DIRECTION('',(0.,-0.984807753012208,0.17364817766693));
#4483=DIRECTION('',(0.,-0.984807753012208,0.17364817766693));
#4484=DIRECTION('',(0.,-0.984807753012208,0.17364817766693));
#4485=DIRECTION('',(0.,-0.984807753012208,0.17364817766693));
#4486=DIRECTION('',(1.,-2.54302041824891E-16,-2.54302041824891E-16));
#4487=DIRECTION('',(1.96261557335472E-17,-0.984807753012208,0.17364817766693));
#4488=DIRECTION('',(-5.31300992749088E-17,0.984807753012208,-0.17364817766693));
#4489=DIRECTION('',(-5.31300992749088E-17,0.984807753012208,-0.17364817766693));
#4490=DIRECTION('',(1.96261557335472E-17,-0.984807753012208,0.17364817766693));
#4491=DIRECTION('',(-0.707106781186547,0.122787803968973,0.696364240320019));
#4492=DIRECTION('',(-0.0874861007547338,0.962049343521648,-0.258470970912207));
#4493=DIRECTION('',(-8.71576399210524E-33,-0.984807753012208,0.17364817766693));
#4494=DIRECTION('',(0.707106781186548,0.122787803968973,0.696364240320019));
#4495=DIRECTION('',(-0.0874861007547337,0.992432947456138,-0.0861569903040689));
#4496=DIRECTION('',(0.,0.984807753012208,-0.17364817766693));
#4497=DIRECTION('',(-0.707106781186548,-0.122787803968973,-0.696364240320019));
#4498=DIRECTION('',(-0.701673843159863,0.,0.71249829320867));
#4499=DIRECTION('',(0.707106781186547,-0.122787803968973,-0.696364240320019));
#4500=DIRECTION('',(9.8130778667736E-18,-0.984807753012208,0.17364817766693));
#4501=DIRECTION('',(9.8130778667736E-18,-0.984807753012208,0.17364817766693));
#4502=DIRECTION('',(0.707106781186547,-0.122787803968973,-0.696364240320019));
#4503=DIRECTION('',(-0.701673843159864,0.,-0.712498293208669));
#4504=DIRECTION('',(0.707106781186548,0.122787803968973,0.696364240320019));
#4505=DIRECTION('',(2.3690865674588E-17,-0.984807753012208,0.17364817766693));
#4506=DIRECTION('',(0.,-0.984807753012208,0.17364817766693));
#4507=DIRECTION('',(0.,0.984807753012208,-0.17364817766693));
#4508=DIRECTION('',(-1.,0.,0.));
#4509=DIRECTION('',(2.9459770853586E-16,0.17364817766693,0.984807753012208));
#4510=DIRECTION('',(-0.707106781186548,-0.122787803968973,-0.696364240320019));
#4511=DIRECTION('',(-2.99142353047872E-16,-0.17364817766693,-0.984807753012208));
#4512=DIRECTION('',(0.707106781186547,-0.122787803968973,-0.69636424032002));
#4513=DIRECTION('',(1.,-8.31290772521712E-17,-4.71448424501836E-16));
#4514=DIRECTION('',(0.707106781186548,0.122787803968973,0.696364240320019));
#4515=DIRECTION('',(2.99142353047871E-16,0.17364817766693,0.984807753012208));
#4516=DIRECTION('',(-0.707106781186547,0.122787803968973,0.696364240320019));
#4517=DIRECTION('',(2.9459770853586E-16,0.17364817766693,0.984807753012208));
#4518=DIRECTION('',(0.,-0.984807753012208,0.17364817766693));
#4519=DIRECTION('',(0.,-0.17364817766693,-0.984807753012208));
#4520=DIRECTION('',(0.707106781186548,0.707106781186548,0.));
#4521=DIRECTION('',(-0.707106781186548,0.707106781186548,0.));
#4522=DIRECTION('',(0.,0.,-1.));
#4523=DIRECTION('',(0.707106781186548,-0.707106781186548,0.));
#4524=DIRECTION('',(0.,0.,-1.));
#4525=DIRECTION('',(0.608120402411343,-0.608120402411343,-0.510273605374738));
#4526=DIRECTION('',(-6.8600753476398E-17,6.8600753476398E-17,-1.));
#4527=DIRECTION('',(-0.707106781186548,-0.707106781186548,0.));
#4528=DIRECTION('',(0.242428161533495,-0.242428161533495,-0.939391916609345));
#4529=DIRECTION('',(-0.69690627637699,0.69690627637699,-0.169243268382284));
#4530=DIRECTION('',(-0.707106781186548,-0.707106781186548,0.));
#4531=DIRECTION('',(0.242428161533495,-0.242428161533495,-0.939391916609345));
#4532=DIRECTION('',(0.707106781186548,0.707106781186548,0.));
#4533=DIRECTION('',(-0.707106781186548,0.707106781186548,0.));
#4534=DIRECTION('',(-0.707106781186548,0.707106781186548,0.));
#4535=DIRECTION('',(-0.707106781186548,-0.707106781186548,0.));
#4536=DIRECTION('',(0.193471550094537,-0.193471550094537,-0.96184069294662));
#4537=DIRECTION('',(0.229681235494203,-0.229681235494203,-0.94577643242138));
#4538=DIRECTION('',(-0.540716203060937,0.540716203060937,-0.644400477571771));
#4539=DIRECTION('',(0.,1.,0.));
#4540=DIRECTION('',(0.,0.,1.));
#4541=DIRECTION('',(0.,-1.,0.));
#4542=DIRECTION('',(3.31035315369592E-17,0.,1.));
#4543=DIRECTION('',(0.,0.,-1.));
#4544=DIRECTION('',(1.,0.,0.));
#4545=DIRECTION('',(0.,0.,-1.));
#4546=DIRECTION('',(0.,-1.,0.));
#4547=DIRECTION('',(1.13022526335932E-16,0.,1.));
#4548=DIRECTION('',(1.,0.,-4.86106323702792E-16));
#4549=DIRECTION('',(0.,0.,1.));
#4550=DIRECTION('',(0.,-1.,0.));
#4551=DIRECTION('',(0.,0.,-1.));
#4552=DIRECTION('',(1.,0.,0.));
#4553=DIRECTION('',(0.,-1.,0.));
#4554=DIRECTION('',(0.,0.,1.));
#4555=DIRECTION('',(0.,0.,1.));
#4556=DIRECTION('',(1.,0.,-4.86106323702792E-16));
#4557=DIRECTION('',(-0.707106781186547,0.707106781186548,0.));
#4558=DIRECTION('',(-0.707106781186548,-0.707106781186548,0.));
#4559=DIRECTION('',(0.707106781186548,0.707106781186548,0.));
#4560=DIRECTION('',(0.,0.,-1.));
#4561=DIRECTION('',(0.707106781186548,0.707106781186548,0.));
#4562=DIRECTION('',(-0.707106781186548,0.707106781186548,0.));
#4563=DIRECTION('',(0.707106781186548,0.707106781186548,0.));
#4564=DIRECTION('',(0.308220700148451,0.308220700148451,-0.9));
#4565=DIRECTION('',(-0.707106781186548,-0.707106781186548,0.));
#4566=DIRECTION('',(-0.308220700148451,-0.308220700148451,0.9));
#4567=DIRECTION('',(4.81867632215786E-16,4.81867632215785E-16,-1.));
#4568=DIRECTION('',(0.707106781186547,-0.707106781186548,0.));
#4569=DIRECTION('',(-0.686096888803443,-0.686096888803443,0.241954785752365));
#4570=DIRECTION('',(2.94597708535859E-16,2.94597708535859E-16,1.));
#4571=DIRECTION('',(0.707106781186547,-0.707106781186548,0.));
#4572=DIRECTION('',(-0.686096888803443,-0.686096888803443,0.241954785752365));
#4573=DIRECTION('',(0.608120402411343,0.608120402411343,0.510273605374737));
#4574=DIRECTION('',(0.,0.,-1.));
#4575=DIRECTION('',(0.707106781186548,0.707106781186548,0.));
#4576=DIRECTION('',(0.,0.,-1.));
#4577=DIRECTION('',(0.,0.,-1.));
#4578=DIRECTION('',(0.,0.,-1.));
#4579=DIRECTION('',(-0.707106781186548,-0.707106781186548,0.));
#4580=DIRECTION('',(-0.540716203060937,-0.540716203060937,0.644400477571772));
#4581=DIRECTION('',(-1.32911524967645E-16,-1.,-6.8600753476398E-17));
#4582=DIRECTION('',(1.,-1.32911524967645E-16,0.));
#4583=DIRECTION('',(0.458649554484315,0.,-0.888617232654949));
#4584=DIRECTION('',(-1.,1.32911524967645E-16,-9.51899722799864E-18));
#4585=DIRECTION('',(2.9459770853586E-16,-6.8600753476398E-17,1.));
#4586=DIRECTION('',(1.32911524967645E-16,1.,6.8600753476398E-17));
#4587=DIRECTION('',(7.5377871516667E-16,-6.86007534763981E-17,1.));
#4588=DIRECTION('',(0.458649554484315,0.,-0.888617232654949));
#4589=DIRECTION('',(0.628347271089538,-0.707106781186548,0.324314210164048));
#4590=DIRECTION('',(0.747510142743569,0.664250394426296,0.));
#4591=DIRECTION('',(0.747510142743569,0.664250394426296,0.));
#4592=DIRECTION('',(0.458649554484315,5.55111512312578E-17,-0.888617232654949));
#4593=DIRECTION('',(-0.628347271089539,-0.707106781186548,-0.324314210164048));
#4594=DIRECTION('',(0.458649554484315,-3.92523114670944E-17,-0.888617232654949));
#4595=DIRECTION('',(0.458649554484315,-1.1616290548872E-16,-0.888617232654949));
#4596=DIRECTION('',(0.458649554484315,-3.92523114670944E-17,-0.888617232654949));
#4597=DIRECTION('',(0.558908664217278,0.700317321253423,0.444045892465281));
#4598=DIRECTION('',(-0.628347271089538,0.707106781186548,-0.324314210164048));
#4599=DIRECTION('',(-0.121526349216706,0.32255217407173,0.938717977588402));
#4600=DIRECTION('',(0.350742265832925,0.629621532602633,0.693221889903585));
#4601=DIRECTION('',(0.5,-0.5,0.707106781186547));
#4602=DIRECTION('',(-0.707106781186548,-0.707106781186548,0.));
#4603=DIRECTION('',(0.678598344545846,-0.281084637714821,-0.678598344545847));
#4604=DIRECTION('',(0.707106781186548,0.707106781186548,0.));
#4605=DIRECTION('',(0.281084637714821,-0.678598344545846,-0.678598344545848));
#4606=DIRECTION('',(-0.5,0.5,-0.707106781186547));
#4607=DIRECTION('',(-0.390163103444737,-0.858994391386656,-0.331513782936154));
#4608=DIRECTION('',(0.701567869335432,-0.244848336148605,-0.669217316722604));
#4609=DIRECTION('',(-0.5,0.5,-0.707106781186547));
#4610=DIRECTION('',(0.863385706924188,0.35149676940294,-0.361960138935651));
#4611=DIRECTION('',(-0.5,0.5,-0.707106781186547));
#4612=DIRECTION('',(0.5,-0.5,-0.707106781186548));
#4613=DIRECTION('',(0.,-0.707106781186548,0.707106781186547));
#4614=DIRECTION('',(-1.,0.,0.));
#4615=DIRECTION('',(-0.281084637714821,-0.678598344545846,-0.678598344545847));
#4616=DIRECTION('',(0.,0.707106781186548,-0.707106781186547));
#4617=DIRECTION('',(3.42171583240135E-17,-0.707106781186547,-0.707106781186548));
#4618=DIRECTION('',(0.,0.707106781186548,-0.707106781186547));
#4619=DIRECTION('',(-1.00802964348631E-32,-0.707106781186547,-0.707106781186548));
#4620=DIRECTION('',(1.,0.,0.));
#4621=DIRECTION('',(-0.5,-0.5,0.707106781186547));
#4622=DIRECTION('',(-0.707106781186548,0.707106781186548,0.));
#4623=DIRECTION('',(0.5,0.5,-0.707106781186547));
#4624=DIRECTION('',(0.863385706924188,-0.351496769402941,0.361960138935651));
#4625=DIRECTION('',(0.701567869335432,0.244848336148604,0.669217316722604));
#4626=DIRECTION('',(0.5,0.5,-0.707106781186547));
#4627=DIRECTION('',(0.390163103444737,-0.858994391386656,-0.331513782936154));
#4628=DIRECTION('',(0.707106781186548,-0.707106781186548,0.));
#4629=DIRECTION('',(0.350742265832924,0.629621532602633,0.693221889903585));
#4630=DIRECTION('',(1.,0.,0.));
#4631=DIRECTION('',(0.,0.,-1.));
#4632=DIRECTION('',(0.,0.,-1.));
#4633=DIRECTION('',(0.,-1.,0.));
#4634=DIRECTION('',(-1.,0.,0.));
#4635=DIRECTION('',(0.,8.83447001130488E-17,-1.));
#4636=DIRECTION('',(0.458649554484315,0.,-0.888617232654949));
#4637=DIRECTION('',(0.888617232654949,0.,0.458649554484315));
#4638=DIRECTION('',(-0.628347271089539,-0.707106781186547,-0.324314210164048));
#4639=DIRECTION('',(0.628347271089538,-0.707106781186548,0.324314210164048));
#4640=DIRECTION('',(0.888617232654949,-1.49571176523936E-16,0.458649554484315));
#4641=DIRECTION('',(0.628347271089539,0.707106781186548,0.324314210164048));
#4642=DIRECTION('',(1.18107471504698E-16,1.,6.09598117122412E-17));
#4643=DIRECTION('',(-0.628347271089538,0.707106781186548,-0.324314210164048));
#4644=DIRECTION('',(-0.888617232654949,2.99142353047871E-16,-0.458649554484315));
#4645=DIRECTION('',(-0.628347271089539,-0.707106781186547,-0.324314210164048));
#4646=DIRECTION('',(-2.36214943009395E-16,-1.,-1.21919623424482E-16));
#4647=DIRECTION('',(0.628347271089538,-0.707106781186548,0.324314210164048));
#4648=DIRECTION('',(-0.628347271089539,-0.707106781186547,-0.324314210164048));
#4649=DIRECTION('',(-0.458649554484315,0.,0.888617232654949));
#4650=DIRECTION('',(0.888617232654949,0.,0.458649554484315));
#4651=DIRECTION('',(-0.458649554484315,0.,0.888617232654949));
#4652=DIRECTION('',(0.888617232654949,0.,0.458649554484315));
#4653=DIRECTION('',(-0.458649554484315,0.,0.888617232654949));
#4654=DIRECTION('',(0.888617232654949,0.,0.458649554484315));
#4655=DIRECTION('',(-0.458649554484315,0.,0.888617232654949));
#4656=DIRECTION('',(-0.458649554484315,0.,0.888617232654949));
#4657=DIRECTION('',(-1.,0.,0.));
#4658=DIRECTION('',(0.,0.,1.));
#4659=DIRECTION('',(-1.,0.,0.));
#4660=DIRECTION('',(0.,0.,1.));
#4661=DIRECTION('',(0.,0.,-1.));
#4662=DIRECTION('',(0.,-1.,0.));
#4663=DIRECTION('',(0.,0.,-1.));
#4664=DIRECTION('',(-0.707106781186548,-0.707106781186547,0.));
#4665=DIRECTION('',(0.707106781186548,-0.707106781186548,0.));
#4666=DIRECTION('',(0.,0.,-1.));
#4667=DIRECTION('',(0.,0.,-1.));
#4668=DIRECTION('',(0.707106781186548,-0.707106781186548,0.));
#4669=DIRECTION('',(0.,0.,-1.));
#4670=DIRECTION('',(0.,0.,1.));
#4671=DIRECTION('',(0.,0.,-1.));
#4672=DIRECTION('',(-0.707106781186548,0.707106781186548,0.));
#4673=DIRECTION('',(2.86390752394225E-16,-2.86390752394225E-16,-1.));
#4674=DIRECTION('',(0.707106781186548,0.707106781186548,0.));
#4675=DIRECTION('',(-0.707106781186548,0.707106781186548,0.));
#4676=DIRECTION('',(2.86390752394225E-16,-2.86390752394225E-16,-1.));
#4677=DIRECTION('',(-0.707106781186548,0.707106781186548,0.));
#4678=DIRECTION('',(0.,0.,-1.));
#4679=DIRECTION('',(0.,-1.,0.));
#4680=DIRECTION('',(0.,0.,-1.));
#4681=DIRECTION('',(1.,0.,0.));
#4682=DIRECTION('',(0.,0.,-1.));
#4683=DIRECTION('',(0.,-1.,0.));
#4684=DIRECTION('',(0.,0.,-1.));
#4685=DIRECTION('',(0.,0.,-1.));
#4686=DIRECTION('',(0.707106781186547,-0.707106781186548,0.));
#4687=DIRECTION('',(0.707106781186548,0.707106781186548,0.));
#4688=DIRECTION('',(0.69690627637699,0.696906276376989,0.169243268382286));
#4689=DIRECTION('',(-0.707106781186547,0.707106781186548,0.));
#4690=DIRECTION('',(0.242428161533496,0.242428161533495,-0.939391916609345));
#4691=DIRECTION('',(-1.37201506952796E-16,-1.37201506952796E-16,1.));
#4692=DIRECTION('',(-0.707106781186547,0.707106781186548,0.));
#4693=DIRECTION('',(0.242428161533496,0.242428161533496,-0.939391916609345));
#4694=DIRECTION('',(-0.229681235494203,-0.229681235494203,0.94577643242138));
#4695=DIRECTION('',(0.707106781186548,0.707106781186548,0.));
#4696=DIRECTION('',(0.,0.,-1.));
#4697=DIRECTION('',(0.,0.,1.));
#4698=DIRECTION('',(0.,0.,-1.));
#4699=DIRECTION('',(-0.707106781186548,-0.707106781186548,0.));
#4700=DIRECTION('',(-0.707106781186547,0.707106781186548,0.));
#4701=DIRECTION('',(0.242428161533496,0.242428161533496,-0.939391916609345));
#4702=DIRECTION('',(1.,0.,0.));
#4703=DIRECTION('',(0.,0.,-1.));
#4704=DIRECTION('',(0.,-1.,0.));
#4705=DIRECTION('',(-1.,0.,0.));
#4706=DIRECTION('',(0.,-3.12345682659144E-17,-1.));
#4707=DIRECTION('',(0.,0.,1.));
#4708=DIRECTION('',(1.,0.,0.));
#4709=DIRECTION('',(0.,0.,-1.));
#4710=DIRECTION('',(-0.486652526309186,-0.87359562649826,0.));
#4711=DIRECTION('',(0.,1.,0.));
#4712=DIRECTION('',(-0.707106781186548,0.707106781186548,0.));
#4713=DIRECTION('',(-1.,0.,0.));
#4714=DIRECTION('',(-0.707106781186548,-0.707106781186548,0.));
#4715=DIRECTION('',(-0.747510142743569,0.664250394426296,0.));
#4716=DIRECTION('',(2.6582304993529E-16,1.,1.37201506952796E-16));
#4717=DIRECTION('',(-1.,2.6582304993529E-16,0.));
#4718=DIRECTION('',(0.458649554484315,0.,-0.888617232654949));
#4719=DIRECTION('',(0.888617232654949,-2.99142353047871E-16,0.458649554484315));
#4720=DIRECTION('',(0.458649554484315,0.,-0.888617232654949));
#4721=DIRECTION('',(-1.37201506952796E-16,-1.37201506952796E-16,1.));
#4722=DIRECTION('',(-0.888617232654949,2.6582304993529E-16,-0.458649554484315));
#4723=DIRECTION('',(-0.458649554484315,0.,0.888617232654949));
#4724=DIRECTION('',(0.458649554484315,-2.7755575615629E-17,-0.888617232654949));
#4725=DIRECTION('',(0.458649554484315,7.85046229341888E-17,-0.888617232654949));
#4726=DIRECTION('',(0.628347271089538,0.707106781186548,0.324314210164048));
#4727=DIRECTION('',(-0.747510142743569,0.664250394426296,0.));
#4728=DIRECTION('',(0.458649554484315,-6.16297582203916E-33,-0.888617232654949));
#4729=DIRECTION('',(0.628347271089538,-0.707106781186548,0.324314210164048));
#4730=DIRECTION('',(0.458649554484315,-6.16297582203916E-33,-0.888617232654949));
#4731=DIRECTION('',(-0.350742265832924,0.629621532602633,-0.693221889903585));
#4732=DIRECTION('',(-0.229681235494203,-0.229681235494203,0.94577643242138));
#4733=DIRECTION('',(0.888617232654949,-1.32911524967645E-16,0.458649554484315));
#4734=DIRECTION('',(0.458649554484315,0.,-0.888617232654949));
#4735=DIRECTION('',(0.458649554484315,0.,-0.888617232654949));
#4736=DIRECTION('',(-1.18107471504698E-16,-1.,-6.09598117122412E-17));
#4737=DIRECTION('',(0.458649554484315,7.85046229341888E-17,-0.888617232654949));
#4738=DIRECTION('',(-0.458649554484315,0.,0.888617232654949));
#4739=DIRECTION('',(0.888617232654949,0.,0.458649554484315));
#4740=DIRECTION('',(-0.628347271089538,0.707106781186548,-0.324314210164048));
#4741=DIRECTION('',(-0.747510142743569,-0.664250394426296,0.));
#4742=DIRECTION('',(-0.119994406163425,-0.5,-0.857672048331696));
#4743=DIRECTION('',(-0.628347271089539,-0.707106781186547,-0.324314210164048));
#4744=DIRECTION('',(-0.628347271089539,-0.707106781186547,-0.324314210164048));
#4745=DIRECTION('',(0.747510142743568,-0.664250394426296,0.));
#4746=DIRECTION('',(-0.628347271089539,-0.707106781186547,-0.324314210164048));
#4747=DIRECTION('',(0.628347271089538,-0.707106781186548,0.324314210164048));
#4748=DIRECTION('',(0.747510142743569,0.664250394426295,0.));
#4749=DIRECTION('',(0.119994406163425,0.5,0.857672048331696));
#4750=DIRECTION('',(-0.888617232654949,2.6582304993529E-16,-0.458649554484315));
#4751=DIRECTION('',(-0.458649554484315,0.,0.888617232654949));
#4752=DIRECTION('',(0.707106781186548,-0.707106781186548,4.05017686174148E-16));
#4753=DIRECTION('',(0.707106781186548,0.707106781186548,0.));
#4754=DIRECTION('',(-0.5,-0.5,-0.707106781186548));
#4755=DIRECTION('',(0.707106781186548,0.707106781186548,0.));
#4756=DIRECTION('',(0.707106781186548,0.707106781186548,0.));
#4757=DIRECTION('',(-0.707106781186548,0.707106781186548,0.));
#4758=DIRECTION('',(0.707106781186548,0.707106781186548,0.));
#4759=DIRECTION('',(0.707106781186548,-0.707106781186548,4.05017686174148E-16));
#4760=DIRECTION('',(0.707106781186548,0.707106781186548,0.));
#4761=DIRECTION('',(0.5,0.5,0.707106781186548));
#4762=DIRECTION('',(-0.768622826491523,-0.5,0.399022493847379));
#4763=DIRECTION('',(0.628347271089538,-0.707106781186548,0.324314210164048));
#4764=DIRECTION('',(0.291775354614814,0.281084637714817,0.914253011414307));
#4765=DIRECTION('',(0.768622826491523,0.5,-0.399022493847379));
#4766=DIRECTION('',(-0.119994406163425,-0.5,-0.857672048331696));
#4767=DIRECTION('',(-0.952661481253586,1.87965281204933E-16,0.304033060925491));
#4768=DIRECTION('',(-2.36214943009395E-16,-1.,-1.21919623424482E-16));
#4769=DIRECTION('',(0.291775354614814,-0.281084637714818,0.914253011414307));
#4770=DIRECTION('',(0.952661481253586,-1.87965281204933E-16,-0.304033060925491));
#4771=DIRECTION('',(-0.304033060925491,2.98987583667449E-16,-0.952661481253586));
#4772=DIRECTION('',(0.952661481253586,-1.87965281204933E-16,-0.304033060925491));
#4773=DIRECTION('',(-0.304033060925491,1.48712969737839E-16,-0.952661481253586));
#4774=DIRECTION('',(-0.768622826491522,0.5,0.39902249384738));
#4775=DIRECTION('',(-0.628347271089539,-0.707106781186547,-0.324314210164048));
#4776=DIRECTION('',(-0.0614621754917862,-0.678598344545848,0.731933526874847));
#4777=DIRECTION('',(0.768622826491522,-0.5,-0.39902249384738));
#4778=DIRECTION('',(-0.119994406163425,0.5,-0.857672048331696));
#4779=DIRECTION('',(0.768622826491522,-0.5,-0.39902249384738));
#4780=DIRECTION('',(-0.119994406163425,0.5,-0.857672048331696));
#4781=DIRECTION('',(-0.768622826491523,-0.5,0.399022493847379));
#4782=DIRECTION('',(0.628347271089538,-0.707106781186548,0.324314210164048));
#4783=DIRECTION('',(-0.0614621754917871,0.678598344545848,0.731933526874847));
#4784=DIRECTION('',(0.768622826491523,0.5,-0.399022493847379));
#4785=DIRECTION('',(-0.119994406163425,-0.5,-0.857672048331697));
#4786=DIRECTION('',(-0.324314210164048,0.707106781186548,0.628347271089539));
#4787=DIRECTION('',(-0.888617232654949,2.99142353047871E-16,-0.458649554484315));
#4788=DIRECTION('',(0.324314210164048,-0.707106781186548,-0.628347271089539));
#4789=DIRECTION('',(0.324314210164048,0.707106781186548,-0.628347271089538));
#4790=DIRECTION('',(-0.561015481307709,-0.678598344545847,0.474094839154272));
#4791=DIRECTION('',(0.324314210164048,-0.707106781186548,-0.628347271089539));
#4792=DIRECTION('',(0.324314210164048,0.707106781186548,-0.628347271089538));
#4793=DIRECTION('',(-0.324314210164048,-0.707106781186548,0.628347271089538));
#4794=DIRECTION('',(0.888617232654949,-1.49571176523936E-16,0.458649554484315));
#4795=DIRECTION('',(0.324314210164048,0.707106781186548,-0.628347271089538));
#4796=DIRECTION('',(0.324314210164048,-0.707106781186548,-0.628347271089538));
#4797=DIRECTION('',(-0.56101548130771,0.678598344545847,0.474094839154271));
#4798=DIRECTION('',(0.324314210164048,0.707106781186548,-0.628347271089538));
#4799=DIRECTION('',(0.324314210164048,-0.707106781186548,-0.628347271089538));
#4800=DIRECTION('',(0.119994406163426,0.5,0.857672048331696));
#4801=DIRECTION('',(-0.628347271089538,0.707106781186548,-0.324314210164048));
#4802=DIRECTION('',(-0.119994406163426,-0.5,-0.857672048331696));
#4803=DIRECTION('',(0.768622826491522,0.5,-0.39902249384738));
#4804=DIRECTION('',(0.914253011414306,0.281084637714821,-0.291775354614814));
#4805=DIRECTION('',(-0.119994406163426,-0.5,-0.857672048331696));
#4806=DIRECTION('',(0.768622826491522,0.5,-0.39902249384738));
#4807=DIRECTION('',(0.119994406163425,-0.5,0.857672048331696));
#4808=DIRECTION('',(0.628347271089539,0.707106781186548,0.324314210164048));
#4809=DIRECTION('',(-0.119994406163425,0.5,-0.857672048331696));
#4810=DIRECTION('',(0.768622826491523,-0.5,-0.39902249384738));
#4811=DIRECTION('',(-0.914253011414306,0.281084637714823,0.291775354614813));
#4812=DIRECTION('',(-0.119994406163425,0.5,-0.857672048331696));
#4813=DIRECTION('',(0.768622826491522,-0.5,-0.39902249384738));
#4814=DIRECTION('',(0.304033060925491,-9.39826406024668E-17,0.952661481253586));
#4815=DIRECTION('',(1.18107471504698E-16,1.,6.09598117122412E-17));
#4816=DIRECTION('',(-0.304033060925491,9.39826406024668E-17,-0.952661481253586));
#4817=DIRECTION('',(0.952661481253586,-9.39826406024667E-17,-0.304033060925491));
#4818=DIRECTION('',(-0.304033060925491,9.39826406024668E-17,-0.952661481253586));
#4819=DIRECTION('',(0.952661481253586,1.70396618600489E-17,-0.304033060925491));
#4820=DIRECTION('',(-0.5,0.5,0.707106781186547));
#4821=DIRECTION('',(0.707106781186548,0.707106781186548,0.));
#4822=DIRECTION('',(-0.28108463771482,0.678598344545846,-0.678598344545848));
#4823=DIRECTION('',(0.5,-0.5,-0.707106781186547));
#4824=DIRECTION('',(-0.5,0.5,-0.707106781186548));
#4825=DIRECTION('',(0.5,-0.5,-0.707106781186547));
#4826=DIRECTION('',(0.1408270365569,-0.758686598998352,0.636052191470885));
#4827=DIRECTION('',(0.,0.707106781186548,0.707106781186547));
#4828=DIRECTION('',(1.,0.,0.));
#4829=DIRECTION('',(0.281084637714821,0.678598344545846,-0.678598344545847));
#4830=DIRECTION('',(0.,-0.707106781186548,-0.707106781186547));
#4831=DIRECTION('',(0.,0.707106781186547,-0.707106781186548));
#4832=DIRECTION('',(0.,-0.707106781186548,-0.707106781186547));
#4833=DIRECTION('',(0.,0.707106781186547,-0.707106781186548));
#4834=DIRECTION('',(0.5,0.5,0.707106781186547));
#4835=DIRECTION('',(0.707106781186548,-0.707106781186548,0.));
#4836=DIRECTION('',(-0.5,-0.5,-0.707106781186547));
#4837=DIRECTION('',(0.5,0.5,-0.707106781186548));
#4838=DIRECTION('',(0.678598344545846,0.281084637714821,-0.678598344545848));
#4839=DIRECTION('',(-0.5,-0.5,-0.707106781186547));
#4840=DIRECTION('',(0.5,0.5,-0.707106781186548));
#4841=DIRECTION('',(0.707106781186548,0.,0.707106781186547));
#4842=DIRECTION('',(0.,-1.,0.));
#4843=DIRECTION('',(-0.707106781186548,0.,-0.707106781186547));
#4844=DIRECTION('',(0.707106781186547,0.,-0.707106781186548));
#4845=DIRECTION('',(-0.707106781186548,0.,-0.707106781186547));
#4846=DIRECTION('',(0.707106781186547,0.,-0.707106781186548));
#4847=DIRECTION('',(-0.5,-0.5,0.707106781186547));
#4848=DIRECTION('',(-0.707106781186548,0.707106781186548,0.));
#4849=DIRECTION('',(0.678598344545846,0.281084637714821,0.678598344545848));
#4850=DIRECTION('',(0.5,0.5,-0.707106781186547));
#4851=DIRECTION('',(-0.5,-0.5,-0.707106781186548));
#4852=DIRECTION('',(-0.707106781186548,0.,0.707106781186547));
#4853=DIRECTION('',(0.,1.,0.));
#4854=DIRECTION('',(0.707106781186548,0.,-0.707106781186547));
#4855=DIRECTION('',(-0.707106781186547,0.,-0.707106781186548));
#4856=DIRECTION('',(-0.678598344545846,0.281084637714821,-0.678598344545847));
#4857=DIRECTION('',(0.707106781186548,0.,-0.707106781186547));
#4858=DIRECTION('',(-0.707106781186547,0.,-0.707106781186548));
#4859=DIRECTION('',(-0.5,0.5,0.707106781186547));
#4860=DIRECTION('',(0.707106781186548,0.707106781186548,0.));
#4861=DIRECTION('',(-0.281084637714821,0.678598344545846,-0.678598344545848));
#4862=DIRECTION('',(0.5,-0.5,-0.707106781186547));
#4863=DIRECTION('',(-0.5,0.5,-0.707106781186548));
#4864=DIRECTION('',(0.5,-0.5,-0.707106781186547));
#4865=DIRECTION('',(-0.5,0.5,-0.707106781186548));
#4866=DIRECTION('',(0.,0.707106781186548,0.707106781186547));
#4867=DIRECTION('',(1.,0.,0.));
#4868=DIRECTION('',(0.,-0.707106781186548,-0.707106781186547));
#4869=DIRECTION('',(0.,0.707106781186547,-0.707106781186548));
#4870=DIRECTION('',(0.281084637714821,0.678598344545846,-0.678598344545847));
#4871=DIRECTION('',(0.,-0.707106781186548,-0.707106781186547));
#4872=DIRECTION('',(0.,0.707106781186547,-0.707106781186548));
#4873=DIRECTION('',(0.5,0.5,0.707106781186547));
#4874=DIRECTION('',(0.707106781186548,-0.707106781186548,0.));
#4875=DIRECTION('',(0.678598344545846,0.281084637714821,-0.678598344545847));
#4876=DIRECTION('',(-0.5,-0.5,-0.707106781186547));
#4877=DIRECTION('',(0.5,0.5,-0.707106781186548));
#4878=DIRECTION('',(0.707106781186548,0.,0.707106781186547));
#4879=DIRECTION('',(0.,-1.,0.));
#4880=DIRECTION('',(0.678598344545846,-0.281084637714821,-0.678598344545847));
#4881=DIRECTION('',(-0.707106781186548,0.,-0.707106781186547));
#4882=DIRECTION('',(0.707106781186547,-2.91347725942545E-17,-0.707106781186548));
#4883=DIRECTION('',(-0.707106781186548,0.,-0.707106781186547));
#4884=DIRECTION('',(0.707106781186547,8.24055810789014E-17,-0.707106781186548));
#4885=DIRECTION('',(0.5,-0.5,0.707106781186547));
#4886=DIRECTION('',(-0.707106781186548,-0.707106781186548,0.));
#4887=DIRECTION('',(0.281084637714821,-0.678598344545846,-0.678598344545848));
#4888=DIRECTION('',(-0.5,0.5,-0.707106781186547));
#4889=DIRECTION('',(0.5,-0.5,-0.707106781186548));
#4890=DIRECTION('',(0.,-0.707106781186548,0.707106781186547));
#4891=DIRECTION('',(-1.,0.,0.));
#4892=DIRECTION('',(0.,0.707106781186548,-0.707106781186547));
#4893=DIRECTION('',(0.,-0.707106781186547,-0.707106781186548));
#4894=DIRECTION('',(-0.281084637714821,-0.678598344545846,-0.678598344545847));
#4895=DIRECTION('',(0.,0.707106781186548,-0.707106781186547));
#4896=DIRECTION('',(0.,-0.707106781186547,-0.707106781186548));
#4897=DIRECTION('',(-0.5,-0.5,0.707106781186547));
#4898=DIRECTION('',(-0.707106781186548,0.707106781186548,0.));
#4899=DIRECTION('',(0.5,0.5,-0.707106781186547));
#4900=DIRECTION('',(-0.5,-0.5,-0.707106781186548));
#4901=DIRECTION('',(1.,0.,0.));
#4902=DIRECTION('',(0.,1.,0.));
#4903=DIRECTION('',(1.,0.,0.));
#4904=DIRECTION('',(0.,0.,-1.));
#4905=DIRECTION('',(1.,0.,0.));
#4906=DIRECTION('',(0.,0.,-1.));
#4907=DIRECTION('',(1.,0.,0.));
#4908=DIRECTION('',(0.,0.,-1.));
#4909=DIRECTION('',(1.,0.,0.));
#4910=DIRECTION('',(0.,0.,-1.));
#4911=DIRECTION('',(-0.888617232654949,2.6582304993529E-16,-0.458649554484315));
#4912=DIRECTION('',(-2.36214943009395E-16,-1.,-1.21919623424482E-16));
#4913=DIRECTION('',(4.78721276370771E-16,0.17364817766693,0.984807753012208));
#4914=DIRECTION('',(0.,-0.984807753012208,0.17364817766693));
#4915=DIRECTION('',(0.,-0.984807753012208,0.17364817766693));
#4916=DIRECTION('',(-4.78721276370771E-16,-0.17364817766693,-0.984807753012208));
#4917=DIRECTION('',(-2.32756562641889E-16,-0.984807753012208,0.17364817766693));
#4918=DIRECTION('',(-1.,-8.86520882168096E-16,6.42423874190497E-16));
#4919=DIRECTION('',(-4.78721276370771E-16,-0.17364817766693,-0.984807753012208));
#4920=DIRECTION('',(2.32756562641889E-16,0.984807753012208,-0.17364817766693));
#4921=DIRECTION('',(0.,-0.984807753012208,0.17364817766693));
#4922=DIRECTION('',(1.,-7.34161205838102E-33,-4.86106323702792E-16));
#4923=DIRECTION('',(1.96261557335472E-17,-0.984807753012208,0.17364817766693));
#4924=DIRECTION('',(-1.,8.31290772521712E-17,4.71448424501836E-16));
#4925=DIRECTION('',(5.74836792573273E-18,-0.984807753012208,0.17364817766693));
#4926=DIRECTION('',(1.,-7.34161205838102E-33,-4.86106323702792E-16));
#4927=DIRECTION('',(-0.707106781186547,0.122787803968973,0.696364240320019));
#4928=DIRECTION('',(0.701673843159864,0.,0.712498293208669));
#4929=DIRECTION('',(0.608120402411343,0.608120402411343,0.510273605374737));
#4930=DIRECTION('',(0.,-0.984807753012208,0.17364817766693));
#4931=DIRECTION('',(-0.707106781186548,-0.122787803968973,-0.696364240320019));
#4932=DIRECTION('',(2.77555756156289E-17,-0.984807753012208,0.17364817766693));
#4933=DIRECTION('',(0.707106781186547,-0.122787803968973,-0.696364240320019));
#4934=DIRECTION('',(-0.686096888803443,0.119139474443668,-0.717688543034876));
#4935=DIRECTION('',(-1.,5.19455244697603E-17,2.94597708535859E-16));
#4936=DIRECTION('',(2.94597708535859E-16,0.,1.));
#4937=DIRECTION('',(-6.16297582203916E-33,-0.984807753012208,0.17364817766693));
#4938=DIRECTION('',(0.,0.984807753012208,-0.17364817766693));
#4939=DIRECTION('',(-6.16297582203916E-33,-0.984807753012208,0.17364817766693));
#4940=DIRECTION('',(-2.99142353047871E-16,-0.17364817766693,-0.984807753012208));
#4941=DIRECTION('',(-6.16297582203916E-33,-0.984807753012208,0.17364817766693));
#4942=DIRECTION('',(2.94597708535859E-16,2.94597708535859E-16,1.));
#4943=DIRECTION('',(0.707106781186548,0.122787803968972,0.696364240320019));
#4944=DIRECTION('',(0.701673843159863,0.,-0.71249829320867));
#4945=DIRECTION('',(0.608120402411343,-0.608120402411343,-0.510273605374738));
#4946=DIRECTION('',(-0.707106781186548,-0.122787803968972,-0.696364240320019));
#4947=DIRECTION('',(0.686096888803442,0.119139474443668,-0.717688543034876));
#4948=DIRECTION('',(1.38777878078145E-17,-0.984807753012208,0.17364817766693));
#4949=DIRECTION('',(-0.707106781186547,0.122787803968973,0.69636424032002));
#4950=DIRECTION('',(1.38777878078144E-17,-0.984807753012208,0.17364817766693));
#4951=DIRECTION('',(-0.701673843159863,2.07988941128244E-17,0.71249829320867));
#4952=DIRECTION('',(-0.707106781186548,-0.122787803968973,-0.696364240320019));
#4953=DIRECTION('',(-0.701673843159863,0.,0.71249829320867));
#4954=DIRECTION('',(9.8130778667736E-18,-0.984807753012208,0.17364817766693));
#4955=DIRECTION('',(9.8130778667736E-18,-0.984807753012208,0.17364817766693));
#4956=DIRECTION('',(-0.540716203060937,-0.540716203060937,0.644400477571772));
#4957=DIRECTION('',(1.,-5.19455244697604E-17,-2.9459770853586E-16));
#4958=DIRECTION('',(-2.9459770853586E-16,0.,-1.));
#4959=DIRECTION('',(6.16297582203916E-33,-0.984807753012208,0.17364817766693));
#4960=DIRECTION('',(2.99142353047872E-16,0.17364817766693,0.984807753012208));
#4961=DIRECTION('',(0.,-0.984807753012208,0.17364817766693));
#4962=DIRECTION('',(-8.71576399210524E-33,-0.984807753012208,0.17364817766693));
#4963=DIRECTION('',(0.,-0.984807753012208,0.17364817766693));
#4964=DIRECTION('',(-1.84889274661175E-32,-0.984807753012208,0.17364817766693));
#4965=DIRECTION('',(-1.,5.19455244697604E-17,2.9459770853586E-16));
#4966=DIRECTION('',(-1.84889274661175E-32,0.984807753012208,-0.17364817766693));
#4967=DIRECTION('',(-2.99142353047872E-16,-0.173648177666929,-0.984807753012208));
#4968=DIRECTION('',(-1.,5.19455244697604E-17,2.9459770853586E-16));
#4969=DIRECTION('',(1.84889274661175E-32,-0.984807753012208,0.17364817766693));
#4970=DIRECTION('',(-1.84889274661175E-32,-0.984807753012208,0.17364817766693));
#4971=DIRECTION('',(2.9459770853586E-16,-6.8600753476398E-17,1.));
#4972=DIRECTION('',(0.707106781186547,-0.122787803968973,-0.696364240320019));
#4973=DIRECTION('',(-0.701673843159864,0.,-0.712498293208669));
#4974=DIRECTION('',(-0.707106781186547,0.122787803968973,0.696364240320019));
#4975=DIRECTION('',(-0.626332335976602,0.348316242782165,-0.6974120732567));
#4976=DIRECTION('',(0.,-0.984807753012208,0.17364817766693));
#4977=DIRECTION('',(2.3690865674588E-17,-0.984807753012208,0.17364817766693));
#4978=DIRECTION('',(-0.540716203060937,0.540716203060937,-0.644400477571771));
#4979=DIRECTION('',(0.,-0.984807753012208,0.17364817766693));
#4980=DIRECTION('',(0.,-0.17364817766693,-0.984807753012208));
#4981=DIRECTION('',(-0.999793101602018,-0.0200319190208387,0.00353216779874126));
#4982=DIRECTION('',(0.0203409436608999,-0.98460399786579,0.173612250137159));
#4983=DIRECTION('',(0.,-0.984807753012208,0.17364817766693));
#4984=DIRECTION('',(0.,-0.984807753012208,0.17364817766693));
#4985=DIRECTION('',(0.,-0.17364817766693,-0.984807753012208));
#4986=DIRECTION('',(0.,-0.984807753012208,0.17364817766693));
#4987=DIRECTION('',(1.,0.,0.));
#4988=DIRECTION('',(1.,-5.11563552321054E-17,-2.90122107385745E-16));
#4989=DIRECTION('',(-2.90122107385745E-16,0.,-1.));
#4990=DIRECTION('',(2.9459770853586E-16,0.17364817766693,0.984807753012208));
#4991=DIRECTION('',(-0.999793101602018,-0.0200319190208387,0.00353216779874126));
#4992=DIRECTION('',(0.0200320439832159,-0.999799338474403,0.));
#4993=DIRECTION('',(2.9459770853586E-16,0.17364817766693,0.984807753012208));
#4994=DIRECTION('',(2.9459770853586E-16,0.17364817766693,0.984807753012208));
#4995=DIRECTION('',(0.,-0.984807753012208,0.17364817766693));
#4996=DIRECTION('',(0.707106781186548,0.122787803968973,0.696364240320019));
#4997=DIRECTION('',(-0.0874861007547337,0.992432947456138,-0.0861569903040689));
#4998=DIRECTION('',(0.707106781186548,0.122787803968973,0.696364240320019));
#4999=DIRECTION('',(0.701673843159863,0.,-0.71249829320867));
#5000=DIRECTION('',(-0.707106781186547,0.122787803968973,0.696364240320019));
#5001=DIRECTION('',(-0.0874861007547338,0.962049343521648,-0.258470970912207));
#5002=DIRECTION('',(-0.707106781186547,0.122787803968973,0.696364240320019));
#5003=DIRECTION('',(0.701673843159864,0.,0.712498293208669));
#5004=DIRECTION('',(-0.5,0.609540151486553,-0.615191680475077));
#5005=DIRECTION('',(0.707106781186547,-0.122787803968973,-0.696364240320019));
#5006=DIRECTION('',(-0.678598344545849,-0.717098745999347,-0.158976964575995));
#5007=DIRECTION('',(0.5,-0.609540151486553,0.615191680475077));
#5008=DIRECTION('',(-0.5,-0.783188329153485,-0.369616072537131));
#5009=DIRECTION('',(0.5,-0.609540151486553,0.615191680475077));
#5010=DIRECTION('',(-0.5,-0.783188329153485,-0.369616072537131));
#5011=DIRECTION('',(-0.707106781186547,0.69636424032002,-0.122787803968973));
#5012=DIRECTION('',(-2.99142353047871E-16,-0.17364817766693,-0.984807753012208));
#5013=DIRECTION('',(-0.678598344545848,-0.619479075780651,0.394651696372366));
#5014=DIRECTION('',(0.707106781186547,-0.69636424032002,0.122787803968973));
#5015=DIRECTION('',(-0.707106781186549,-0.696364240320018,0.122787803968973));
#5016=DIRECTION('',(0.707106781186547,-0.69636424032002,0.122787803968973));
#5017=DIRECTION('',(-0.707106781186549,-0.696364240320018,0.122787803968973));
#5018=DIRECTION('',(-0.5,0.783188329153485,0.369616072537131));
#5019=DIRECTION('',(-0.707106781186548,-0.122787803968973,-0.696364240320019));
#5020=DIRECTION('',(0.5,-0.783188329153485,-0.369616072537131));
#5021=DIRECTION('',(-0.5,-0.609540151486553,0.615191680475077));
#5022=DIRECTION('',(-0.281084637714825,-0.550451544991818,0.78612627678818));
#5023=DIRECTION('',(0.5,-0.783188329153485,-0.369616072537131));
#5024=DIRECTION('',(-0.5,-0.609540151486553,0.615191680475078));
#5025=DIRECTION('',(3.38507060820052E-16,0.819152044288991,0.573576436351047));
#5026=DIRECTION('',(-1.,8.31290772521712E-17,4.71448424501836E-16));
#5027=DIRECTION('',(-3.38507060820052E-16,-0.819152044288991,-0.573576436351047));
#5028=DIRECTION('',(3.6626263643568E-16,-0.573576436351047,0.819152044288991));
#5029=DIRECTION('',(0.281084637714828,-0.550451544991818,0.786126276788179));
#5030=DIRECTION('',(-3.38507060820052E-16,-0.819152044288991,-0.573576436351047));
#5031=DIRECTION('',(3.46636480702133E-16,-0.573576436351047,0.819152044288991));
#5032=DIRECTION('',(0.5,0.783188329153486,0.36961607253713));
#5033=DIRECTION('',(-0.707106781186547,0.122787803968973,0.69636424032002));
#5034=DIRECTION('',(-0.5,-0.783188329153486,-0.36961607253713));
#5035=DIRECTION('',(0.5,-0.609540151486552,0.615191680475077));
#5036=DIRECTION('',(-0.678598344545846,0.61947907578065,-0.39465169637237));
#5037=DIRECTION('',(-0.5,-0.783188329153486,-0.36961607253713));
#5038=DIRECTION('',(0.5,-0.609540151486552,0.615191680475077));
#5039=DIRECTION('',(0.5,0.609540151486554,-0.615191680475077));
#5040=DIRECTION('',(0.707106781186548,0.122787803968973,0.696364240320019));
#5041=DIRECTION('',(0.678598344545847,-0.717098745999348,-0.158976964576001));
#5042=DIRECTION('',(-0.5,-0.609540151486554,0.615191680475077));
#5043=DIRECTION('',(0.5,-0.783188329153484,-0.369616072537132));
#5044=DIRECTION('',(-0.5,-0.609540151486554,0.615191680475077));
#5045=DIRECTION('',(0.5,-0.783188329153485,-0.369616072537132));
#5046=DIRECTION('',(0.707106781186548,0.696364240320019,-0.122787803968973));
#5047=DIRECTION('',(2.99142353047872E-16,0.17364817766693,0.984807753012208));
#5048=DIRECTION('',(-0.707106781186548,-0.696364240320019,0.122787803968973));
#5049=DIRECTION('',(0.707106781186548,-0.696364240320019,0.122787803968972));
#5050=DIRECTION('',(-0.707106781186548,-0.696364240320019,0.122787803968973));
#5051=DIRECTION('',(0.707106781186548,-0.696364240320019,0.122787803968972));
#5052=DIRECTION('',(6.12323399573677E-17,1.,0.));
#5053=DIRECTION('',(-1.,6.12323399573677E-17,0.));
#5054=DIRECTION('',(6.12323399573677E-17,1.,0.));
#5055=DIRECTION('',(-1.,6.12323399573677E-17,0.));
#5056=DIRECTION('',(6.12323399573677E-17,1.,0.));
#5057=DIRECTION('',(0.,0.,-1.));
#5058=DIRECTION('',(-3.60822483003176E-16,-1.,-5.55111512312578E-17));
#5059=DIRECTION('',(1.,-3.60822483003176E-16,0.));
#5060=DIRECTION('',(-3.60822483003176E-16,-1.,-5.55111512312578E-17));
#5061=DIRECTION('',(0.888617232654949,-3.27055389892657E-16,0.458649554484315));
#5062=DIRECTION('',(6.12323399573677E-17,1.,0.));
#5063=DIRECTION('',(-1.,6.12323399573677E-17,0.));
#5064=DIRECTION('',(6.12323399573677E-17,1.,0.));
#5065=DIRECTION('',(0.,0.,-1.));
#5066=DIRECTION('',(-6.12323399573676E-17,-1.,0.));
#5067=DIRECTION('',(1.,-6.12323399573676E-17,0.));
#5068=DIRECTION('',(-1.,0.,0.));
#5069=DIRECTION('',(0.,0.,1.));
#5070=DIRECTION('',(1.,0.,0.));
#5071=DIRECTION('',(0.,0.,-1.));
#5072=DIRECTION('',(1.,0.,0.));
#5073=DIRECTION('',(0.,0.,-1.));
#5074=DIRECTION('',(-1.,0.,0.));
#5075=DIRECTION('',(0.,0.,-1.));
#5076=DIRECTION('',(0.,0.809742274849482,-0.586785691987787));
#5077=DIRECTION('',(1.,0.,0.));
#5078=DIRECTION('',(0.,0.,-1.));
#5079=DIRECTION('',(0.,0.809742274849482,-0.586785691987787));
#5080=DIRECTION('',(-1.,0.,0.));
#5081=DIRECTION('',(0.,0.,-1.));
#5082=DIRECTION('',(0.,-0.586785691987787,-0.809742274849482));
#5083=DIRECTION('',(0.,0.809742274849482,-0.586785691987787));
#5084=DIRECTION('',(0.,0.809742274849482,-0.586785691987787));
#5085=DIRECTION('',(0.,0.809742274849482,-0.586785691987787));
#5086=DIRECTION('',(0.,1.,0.));
#5087=DIRECTION('',(0.,0.,-1.));
#5088=DIRECTION('',(1.37054618305294E-17,0.17364817766693,0.984807753012208));
#5089=DIRECTION('',(0.,0.984807753012208,-0.17364817766693));
#5090=DIRECTION('',(-0.384615384615385,0.909053310472807,-0.160290625538705));
#5091=DIRECTION('',(-1.37054618305294E-17,-0.17364817766693,-0.984807753012208));
#5092=DIRECTION('',(0.947797058207604,0.31402975509813,-0.0553719185690718));
#5093=DIRECTION('',(-1.37054618305294E-17,-0.17364817766693,-0.984807753012208));
#5094=DIRECTION('',(1.61879305180911E-15,-0.984807753012208,0.17364817766693));
#5095=DIRECTION('',(1.37054618305294E-17,0.17364817766693,0.984807753012208));
#5096=DIRECTION('',(0.,0.984807753012208,-0.17364817766693));
#5097=DIRECTION('',(-1.37054618305294E-17,-0.17364817766693,-0.984807753012208));
#5098=DIRECTION('',(0.947797058207604,0.31402975509813,-0.0553719185690718));
#5099=DIRECTION('',(-0.384615384615385,0.909053310472807,-0.160290625538705));
#5100=DIRECTION('',(-0.923076923076923,-0.378772212697003,0.0667877606411269));
#5101=DIRECTION('',(-0.384615384615385,0.909053310472808,-0.160290625538705));
#5102=DIRECTION('',(-0.384615384615385,0.909053310472808,-0.160290625538705));
#5103=DIRECTION('',(-0.384615384615385,0.909053310472808,-0.160290625538705));
#5104=DIRECTION('',(0.458649554484315,-2.7755575615629E-17,-0.888617232654949));
#5105=DIRECTION('',(-0.888617232654949,0.,-0.458649554484315));
#5106=DIRECTION('',(0.458649554484315,7.85046229341888E-17,-0.888617232654949));
#5107=DIRECTION('',(-0.888617232654949,0.,-0.458649554484315));
#5108=DIRECTION('',(0.458649554484315,8.71576399210525E-33,-0.888617232654949));
#5109=DIRECTION('',(-0.888617232654949,0.,-0.458649554484315));
#5110=DIRECTION('',(0.458649554484315,8.71576399210525E-33,-0.888617232654949));
#5111=DIRECTION('',(-0.888617232654949,0.,-0.458649554484315));
#5112=DIRECTION('',(0.458649554484315,8.71576399210525E-33,-0.888617232654949));
#5113=DIRECTION('',(-0.888617232654949,0.,-0.458649554484315));
#5114=DIRECTION('',(0.458649554484315,7.85046229341888E-17,-0.888617232654949));
#5115=DIRECTION('',(-0.888617232654949,0.,-0.458649554484315));
#5116=DIRECTION('',(0.458649554484315,0.,-0.888617232654949));
#5117=DIRECTION('',(-0.888617232654949,0.,-0.458649554484315));
#5118=DIRECTION('',(0.458649554484315,-1.74315279842105E-32,-0.888617232654949));
#5119=DIRECTION('',(-0.888617232654949,0.,-0.458649554484315));
#5120=DIRECTION('',(0.687708883139086,-0.722796671799966,0.0679813451358741));
#5121=DIRECTION('',(0.292964000443914,0.190621050095214,-0.936928871208747));
#5122=DIRECTION('',(0.458649554484315,1.74315279842105E-32,-0.888617232654949));
#5123=DIRECTION('',(-0.888617232654949,0.,-0.458649554484315));
#5124=DIRECTION('',(0.687708883139086,-0.722796671799966,0.0679813451358741));
#5125=DIRECTION('',(0.292964000443914,0.190621050095214,-0.936928871208747));
#5126=DIRECTION('',(0.458649554484315,7.85046229341888E-17,-0.888617232654949));
#5127=DIRECTION('',(-0.888617232654949,0.,-0.458649554484315));
#5128=DIRECTION('',(0.687708883139086,-0.722796671799966,0.067981345135874));
#5129=DIRECTION('',(0.292964000443914,0.190621050095215,-0.936928871208747));
#5130=DIRECTION('',(0.458649554484315,-2.7755575615629E-17,-0.888617232654949));
#5131=DIRECTION('',(-0.888617232654949,0.,-0.458649554484315));
#5132=DIRECTION('',(0.687708883139086,0.722796671799966,0.0679813451358741));
#5133=DIRECTION('',(0.292964000443914,-0.190621050095214,-0.936928871208747));
#5134=DIRECTION('',(0.458649554484315,8.71576399210525E-33,-0.888617232654949));
#5135=DIRECTION('',(-0.888617232654949,0.,-0.458649554484315));
#5136=DIRECTION('',(0.687708883139086,0.722796671799966,0.0679813451358741));
#5137=DIRECTION('',(0.292964000443914,-0.190621050095214,-0.936928871208747));
#5138=DIRECTION('',(8.71576399210525E-33,-0.984807753012208,0.17364817766693));
#5139=DIRECTION('',(0.,0.17364817766693,0.984807753012208));
#5140=DIRECTION('',(-1.71015067628406E-16,-0.998709990612939,-0.0507775014145298));
#5141=DIRECTION('',(6.7634781190877E-16,-0.0507775014145298,0.998709990612939));
#5142=DIRECTION('',(0.,-0.984807753012208,0.17364817766693));
#5143=DIRECTION('',(0.,0.17364817766693,0.984807753012208));
#5144=DIRECTION('',(0.,-0.984807753012208,0.17364817766693));
#5145=DIRECTION('',(0.,0.17364817766693,0.984807753012208));
#5146=DIRECTION('',(1.96261557335472E-17,-0.984807753012208,0.17364817766693));
#5147=DIRECTION('',(0.,0.17364817766693,0.984807753012208));
#5148=DIRECTION('',(1.96261557335472E-17,-0.984807753012208,0.17364817766693));
#5149=DIRECTION('',(0.,0.17364817766693,0.984807753012208));
#5150=DIRECTION('',(-5.78182050647092E-33,-0.984807753012208,0.17364817766693));
#5151=DIRECTION('',(0.,0.17364817766693,0.984807753012208));
#5152=DIRECTION('',(-5.78182050647092E-33,-0.984807753012208,0.17364817766693));
#5153=DIRECTION('',(0.,0.17364817766693,0.984807753012208));
#5154=DIRECTION('',(-8.71576399210525E-33,-0.984807753012208,0.17364817766693));
#5155=DIRECTION('',(0.,0.17364817766693,0.984807753012208));
#5156=DIRECTION('',(0.,0.,-1.));
#5157=DIRECTION('',(-1.,0.,0.));
#5158=DIRECTION('',(0.789576346349975,0.137108493672586,0.598139159600389));
#5159=DIRECTION('',(0.589320060841636,0.102334354627714,-0.801392254612272));
#5160=DIRECTION('',(5.74836792573272E-18,-0.984807753012208,0.17364817766693));
#5161=DIRECTION('',(0.,0.17364817766693,0.984807753012208));
#5162=DIRECTION('',(1.68091461944388E-18,0.998709990612939,0.0507775014145298));
#5163=DIRECTION('',(8.45434764885962E-17,-0.0507775014145298,0.998709990612939));
#5164=DIRECTION('',(0.,0.,-1.));
#5165=DIRECTION('',(-1.,0.,0.));
#5166=DIRECTION('',(-0.789576346349974,0.137108493672586,0.59813915960039));
#5167=DIRECTION('',(-0.589320060841637,0.102334354627714,-0.801392254612271));
#5168=DIRECTION('',(1.96261557335472E-17,-0.984807753012208,0.17364817766693));
#5169=DIRECTION('',(0.,0.17364817766693,0.984807753012208));
#5170=DIRECTION('',(5.73900149089651E-18,0.998709990612939,0.0507775014145298));
#5171=DIRECTION('',(1.69086952977192E-16,-0.0507775014145298,0.998709990612939));
#5172=DIRECTION('',(0.,-0.984807753012208,0.17364817766693));
#5173=DIRECTION('',(0.,0.17364817766693,0.984807753012208));
#5174=DIRECTION('',(-0.789576346349974,0.612860721823573,0.031159732516751));
#5175=DIRECTION('',(-0.589320060841636,-0.771447131352274,0.239939970446687));
#5176=DIRECTION('',(-8.71576399210525E-33,-0.984807753012208,0.17364817766693));
#5177=DIRECTION('',(0.,0.17364817766693,0.984807753012208));
#5178=DIRECTION('',(-0.789576346349974,0.612860721823573,0.0311597325167511));
#5179=DIRECTION('',(-0.589320060841636,-0.771447131352274,0.239939970446687));
#5180=DIRECTION('',(0.,0.,-1.));
#5181=DIRECTION('',(-1.,0.,0.));
#5182=DIRECTION('',(0.,0.,-1.));
#5183=DIRECTION('',(-1.,0.,0.));
#5184=DIRECTION('',(0.,0.,-1.));
#5185=DIRECTION('',(-1.,0.,0.));
#5186=DIRECTION('',(0.,0.,-1.));
#5187=DIRECTION('',(-1.,0.,0.));
#5188=DIRECTION('',(0.,0.,-1.));
#5189=DIRECTION('',(-1.,0.,0.));
#5190=DIRECTION('',(0.,0.,-1.));
#5191=DIRECTION('',(-1.,0.,0.));
#5192=DIRECTION('',(0.,0.,-1.));
#5193=DIRECTION('',(-1.,0.,0.));
#5194=DIRECTION('',(0.,0.,-1.));
#5195=DIRECTION('',(-1.,0.,0.));
#5196=DIRECTION('',(0.458649554484315,8.71576399210525E-33,-0.888617232654949));
#5197=DIRECTION('',(-0.888617232654949,0.,-0.458649554484315));
#5198=DIRECTION('',(-0.229681235494203,-0.229681235494203,0.94577643242138));
#5199=DIRECTION('',(0.971755430305113,0.,0.235990219442513));
#5200=DIRECTION('',(0.229681235494202,0.229681235494202,-0.945776432421381));
#5201=DIRECTION('',(0.971755430305113,0.,0.235990219442512));
#5202=DIRECTION('',(-1.15648231731787E-15,-1.15648231731787E-15,-1.));
#5203=DIRECTION('',(1.,0.,-1.15648231731787E-15));
#5204=DIRECTION('',(-1.37201506952796E-16,-1.37201506952796E-16,1.));
#5205=DIRECTION('',(1.,0.,1.37201506952796E-16));
#5206=DIRECTION('',(0.,0.,-1.));
#5207=DIRECTION('',(1.,0.,0.));
#5208=DIRECTION('',(-0.69690627637699,-0.69690627637699,-0.169243268382286));
#5209=DIRECTION('',(0.707106781186548,-0.707106781186548,0.));
#5210=DIRECTION('',(0.696906276376989,0.696906276376989,0.169243268382286));
#5211=DIRECTION('',(0.707106781186548,-0.707106781186548,0.));
#5212=DIRECTION('',(-0.696906276376991,-0.69690627637699,-0.169243268382279));
#5213=DIRECTION('',(0.707106781186547,-0.707106781186548,0.));
#5214=DIRECTION('',(-1.,0.,4.86106323702792E-16));
#5215=DIRECTION('',(4.86106323702792E-16,0.,1.));
#5216=DIRECTION('',(-1.,-6.79041846582788E-31,5.87161460589931E-16));
#5217=DIRECTION('',(-5.87161460589931E-16,0.,-1.));
#5218=DIRECTION('',(-0.992011081005042,0.,0.126150763625148));
#5219=DIRECTION('',(-0.126150763625148,0.,-0.992011081005042));
#5220=DIRECTION('',(-0.658705970179944,0.472469928937568,0.58555837548363));
#5221=DIRECTION('',(-0.66439043220135,0.,-0.747385679284332));
#5222=DIRECTION('',(2.9459770853586E-16,-6.8600753476398E-17,1.));
#5223=DIRECTION('',(1.,0.,-2.9459770853586E-16));
#5224=DIRECTION('',(-5.78241158658936E-16,0.,-1.));
#5225=DIRECTION('',(1.,0.,-5.78241158658936E-16));
#5226=DIRECTION('',(-0.608120402411344,0.608120402411341,0.510273605374738));
#5227=DIRECTION('',(-0.707106781186546,-0.707106781186549,0.));
#5228=DIRECTION('',(0.701673843159863,5.14994798259369E-17,-0.712498293208671));
#5229=DIRECTION('',(0.712498293208671,0.,0.701673843159863));
#5230=DIRECTION('',(0.696906276376989,-0.696906276376987,0.169243268382297));
#5231=DIRECTION('',(0.707106781186546,0.707106781186549,0.));
#5232=DIRECTION('',(-0.608120402411343,0.608120402411343,0.510273605374738));
#5233=DIRECTION('',(0.707106781186548,0.707106781186548,0.));
#5234=DIRECTION('',(-0.608120402411342,0.608120402411346,0.510273605374735));
#5235=DIRECTION('',(-0.70710678118655,-0.707106781186545,0.));
#5236=DIRECTION('',(-0.701673843159863,4.4382620759523E-17,0.71249829320867));
#5237=DIRECTION('',(0.71249829320867,0.,0.701673843159863));
#5238=DIRECTION('',(0.701673843159862,0.,-0.712498293208671));
#5239=DIRECTION('',(0.712498293208671,0.,0.701673843159862));
#5240=DIRECTION('',(-0.69690627637699,0.69690627637699,-0.169243268382284));
#5241=DIRECTION('',(0.707106781186548,0.707106781186548,0.));
#5242=DIRECTION('',(0.696906276376991,-0.696906276376989,0.169243268382282));
#5243=DIRECTION('',(0.707106781186547,0.707106781186549,0.));
#5244=DIRECTION('',(0.707106781186551,0.707106781186545,-5.78241158658935E-15));
#5245=DIRECTION('',(0.707106781186545,-0.707106781186551,0.));
#5246=DIRECTION('',(2.31296463463574E-15,-2.31296463463573E-15,1.));
#5247=DIRECTION('',(-1.,0.,2.31296463463574E-15));
#5248=DIRECTION('',(0.,0.,1.));
#5249=DIRECTION('',(-1.,0.,0.));
#5250=DIRECTION('',(-6.8600753476398E-17,6.8600753476398E-17,-1.));
#5251=DIRECTION('',(-1.,0.,6.8600753476398E-17));
#5252=DIRECTION('',(0.,0.809742274849482,-0.586785691987787));
#5253=DIRECTION('',(0.,-0.586785691987787,-0.809742274849482));
#5254=DIRECTION('',(0.,-0.809742274849482,0.586785691987787));
#5255=DIRECTION('',(0.,0.586785691987787,0.809742274849482));
#5256=DIRECTION('',(-0.384615384615385,0.909053310472807,-0.160290625538705));
#5257=DIRECTION('',(0.920961467995789,0.389653659635119,0.));
#5258=DIRECTION('',(0.384615384615385,-0.909053310472807,0.160290625538705));
#5259=DIRECTION('',(-0.920961467995789,-0.389653659635119,0.));
#5260=DIRECTION('',(-0.350742265832924,-0.629621532602633,-0.693221889903585));
#5261=DIRECTION('',(0.,-0.740248365889894,0.672333516044932));
#5262=DIRECTION('',(0.540716203060937,-0.540716203060937,0.644400477571771));
#5263=DIRECTION('',(0.766044443118978,0.,-0.64278760968654));
#5264=DIRECTION('',(0.540716203060937,0.540716203060937,-0.644400477571772));
#5265=DIRECTION('',(-0.766044443118978,0.,-0.642787609686539));
#5266=DIRECTION('',(0.540716203060937,0.540716203060937,-0.644400477571772));
#5267=DIRECTION('',(0.,0.766044443118979,0.642787609686539));
#5268=DIRECTION('',(0.,0.,-1.));
#5269=DIRECTION('',(1.,0.,0.));
#5270=DIRECTION('',(-2.94597708535859E-16,-2.94597708535859E-16,-1.));
#5271=DIRECTION('',(-1.,0.,2.94597708535859E-16));
#5272=DIRECTION('',(-2.89120579329468E-16,-2.89120579329467E-16,-1.));
#5273=DIRECTION('',(1.,0.,-2.89120579329468E-16));
#5274=DIRECTION('',(-0.608120402411344,-0.608120402411342,-0.510273605374737));
#5275=DIRECTION('',(0.707106781186546,-0.707106781186549,0.));
#5276=DIRECTION('',(-0.608120402411343,-0.608120402411343,-0.510273605374737));
#5277=DIRECTION('',(-0.707106781186548,0.707106781186548,0.));
#5278=DIRECTION('',(-0.608120402411344,-0.608120402411341,-0.510273605374737));
#5279=DIRECTION('',(0.707106781186546,-0.707106781186549,0.));
#5280=DIRECTION('',(-0.658705970179946,-0.472469928937567,-0.585558375483629));
#5281=DIRECTION('',(0.664390432201349,0.,-0.747385679284333));
#5282=DIRECTION('',(-0.992011081005042,-5.00676073158541E-16,-0.126150763625151));
#5283=DIRECTION('',(0.126150763625151,0.,-0.992011081005042));
#5284=DIRECTION('',(-1.,-2.89120579329468E-16,3.44560489108813E-16));
#5285=DIRECTION('',(-3.44560489108813E-16,0.,-1.));
#5286=DIRECTION('',(-1.,0.,4.86106323702792E-16));
#5287=DIRECTION('',(4.86106323702792E-16,0.,1.));
#5288=DIRECTION('',(-0.707106781186548,-0.707106781186548,0.));
#5289=DIRECTION('',(0.707106781186548,-0.707106781186548,0.));
#5290=DIRECTION('',(0.707106781186548,-0.707106781186548,0.));
#5291=DIRECTION('',(0.,0.,-1.));
#5292=DIRECTION('',(0.707106781186548,-0.707106781186548,0.));
#5293=DIRECTION('',(0.,0.,-1.));
#5294=DIRECTION('',(-1.,0.,0.));
#5295=DIRECTION('',(0.707106781186548,-0.707106781186548,0.));
#5296=DIRECTION('',(0.707106781186548,0.707106781186548,0.));
#5297=DIRECTION('',(-0.707106781186548,-0.707106781186548,-6.81463740748174E-16));
#5298=DIRECTION('',(0.707106781186548,-0.707106781186548,0.));
#5299=DIRECTION('',(0.707106781186548,-0.707106781186548,0.));
#5300=DIRECTION('',(4.81867632215786E-16,4.81867632215785E-16,-1.));
#5301=DIRECTION('',(0.636396103067892,0.636396103067892,0.43588989435407));
#5302=DIRECTION('',(-0.707106781186548,0.707106781186548,0.));
#5303=DIRECTION('',(0.707106781186548,-0.707106781186548,0.));
#5304=DIRECTION('',(-0.308220700148451,-0.308220700148451,0.9));
#5305=DIRECTION('',(0.,0.,1.));
#5306=DIRECTION('',(1.,0.,0.));
#5307=DIRECTION('',(0.707106781186548,-0.707106781186548,0.));
#5308=DIRECTION('',(-0.707106781186548,-0.707106781186548,0.));
#5309=DIRECTION('',(-0.636396103067892,-0.636396103067891,-0.435889894354071));
#5310=DIRECTION('',(0.707106781186548,-0.707106781186548,0.));
#5311=DIRECTION('',(0.707106781186548,-0.707106781186548,0.));
#5312=DIRECTION('',(0.308220700148451,0.308220700148451,-0.9));
#5313=DIRECTION('',(0.707106781186548,-0.707106781186548,0.));
#5314=DIRECTION('',(0.707106781186548,0.707106781186548,0.));
#5315=DIRECTION('',(0.707106781186548,-0.707106781186548,0.));
#5316=DIRECTION('',(-0.707106781186548,0.707106781186548,0.));
#5317=DIRECTION('',(0.707106781186548,0.707106781186548,0.));
#5318=DIRECTION('',(0.,0.,-1.));
#5319=DIRECTION('',(-1.,0.,0.));
#5320=DIRECTION('',(0.707106781186548,0.707106781186548,0.));
#5321=DIRECTION('',(0.707106781186548,-0.707106781186548,0.));
#5322=DIRECTION('',(0.707106781186548,0.707106781186548,0.));
#5323=DIRECTION('',(0.707106781186548,-0.707106781186548,0.));
#5324=DIRECTION('',(0.707106781186548,0.707106781186548,0.));
#5325=DIRECTION('',(-0.707106781186548,0.707106781186548,0.));
#5326=DIRECTION('',(0.,0.,1.));
#5327=DIRECTION('',(0.707106781186548,-0.707106781186548,0.));
#5328=DIRECTION('',(0.,0.,1.));
#5329=DIRECTION('',(0.,0.,-1.));
#5330=DIRECTION('',(-1.,0.,0.));
#5331=DIRECTION('',(0.707106781186548,0.707106781186548,0.));
#5332=DIRECTION('',(0.707106781186548,-0.707106781186548,0.));
#5333=DIRECTION('',(0.707106781186548,0.707106781186548,0.));
#5334=DIRECTION('',(0.707106781186548,-0.707106781186548,0.));
#5335=DIRECTION('',(0.707106781186548,0.707106781186548,0.));
#5336=DIRECTION('',(0.707106781186548,-0.707106781186548,0.));
#5337=DIRECTION('',(0.707106781186548,0.707106781186548,0.));
#5338=DIRECTION('',(0.707106781186548,-0.707106781186548,0.));
#5339=DIRECTION('',(0.707106781186548,0.707106781186548,0.));
#5340=DIRECTION('',(0.,0.,-1.));
#5341=DIRECTION('',(-1.,0.,0.));
#5342=DIRECTION('',(0.707106781186548,0.707106781186548,0.));
#5343=DIRECTION('',(0.707106781186548,-0.707106781186548,0.));
#5344=DIRECTION('',(0.707106781186548,0.707106781186548,0.));
#5345=DIRECTION('',(-0.707106781186547,0.707106781186548,0.));
#5346=DIRECTION('',(-0.707106781186548,-0.707106781186548,0.));
#5347=CARTESIAN_POINT('',(0.,0.,0.));
#5348=CARTESIAN_POINT('',(-0.0448443518021122,-0.0498994949366117,0.0434820627290325));
#5349=CARTESIAN_POINT('',(-0.0445936653984994,-0.0472634559672906,0.0372489743075731));
#5350=CARTESIAN_POINT('',(-0.0454794294469627,-0.0461008464490832,0.0364302570167672));
#5351=CARTESIAN_POINT('',(-0.0463481210923266,-0.0449415943295712,0.0355857827339702));
#5352=CARTESIAN_POINT('',(-0.0471698464139943,-0.0437989898732228,0.0346866099974584));
#5353=CARTESIAN_POINT('',(-0.0445936653984995,-0.0472634559672906,0.0372489743075731));
#5354=CARTESIAN_POINT('',(-0.0471698464139944,-0.0437989898732226,0.0346866099974587));
#5355=CARTESIAN_POINT('',(-0.0502653657293379,-0.0437989898732233,0.0406840687995801));
#5356=CARTESIAN_POINT('',(-0.0462531309201137,-0.0437989898732233,0.0329105062656683));
#5357=CARTESIAN_POINT('',(-0.0462531309201137,-0.0437989898732234,0.0329105062656682));
#5358=CARTESIAN_POINT('',(-0.0457596447431901,-0.0439307445779083,0.0322416609278563));
#5359=CARTESIAN_POINT('',(-0.0453653579261668,-0.0439314666900099,0.031479318645616));
#5360=CARTESIAN_POINT('',(-0.0451046094488758,-0.0437989898732234,0.0306852866803931));
#5361=CARTESIAN_POINT('',(-0.0451046094488758,-0.0437989898732233,0.0306852866803931));
#5362=CARTESIAN_POINT('',(-0.0502653657293379,-0.0437989898732233,0.0406840687995801));
#5363=CARTESIAN_POINT('',(-0.044187893954989,-0.0437989898732321,0.0289091829486051));
#5364=CARTESIAN_POINT('',(-0.0441878939549877,-0.0437989898732308,0.0289091829486034));
#5365=CARTESIAN_POINT('',(-0.0429767850898184,-0.0449436340579192,0.0290583861382907));
#5366=CARTESIAN_POINT('',(-0.0417863746714888,-0.0461018287716325,0.029277236240885));
#5367=CARTESIAN_POINT('',(-0.0406069064242162,-0.0472634559672906,0.0295247702996282));
#5368=CARTESIAN_POINT('',(-0.0406069064242161,-0.0472634559672906,0.0295247702996282));
#5369=CARTESIAN_POINT('',(-0.0471867814562009,-0.0472634559672906,0.0422730446301501));
#5370=CARTESIAN_POINT('',(-0.0154113896177057,-0.0472634559672906,-0.0192906492314905));
#5371=CARTESIAN_POINT('',(-0.0210222413128672,-0.0416526042721292,-0.020653241177475));
#5372=CARTESIAN_POINT('',(-0.0101393116790636,-0.0525355339059327,-0.0180103282877037));
#5373=CARTESIAN_POINT('',(-0.0425019221480235,-0.0525355339059327,0.0446910808279149));
#5374=CARTESIAN_POINT('',(-0.0213621345900147,-0.0525355339059327,0.00373349276303033));
#5375=CARTESIAN_POINT('',(-0.0132984289248998,-0.0603315645815924,0.00510814331357996));
#5376=CARTESIAN_POINT('',(-0.0241938145123283,-0.0497978516969316,0.00325076552497788));
#5377=CARTESIAN_POINT('',(-0.0234631618988132,-0.0512643050909469,0.0050324807421229));
#5378=CARTESIAN_POINT('',(-0.0262129705390715,-0.0486057764439515,0.00456371041267124));
#5379=CARTESIAN_POINT('',(-0.0213708936864116,-0.0583240473476935,0.0163712395330644));
#5380=CARTESIAN_POINT('',(-0.0242645635696982,-0.0525163188279923,0.00931495099172461));
#5381=CARTESIAN_POINT('',(-0.0215147549294399,-0.0551748474749877,0.00978372132117627));
#5382=CARTESIAN_POINT('',(-0.02425487022908,-0.0525355339059327,0.00933806538989956));
#5383=CARTESIAN_POINT('',(-0.0425019221480235,-0.0525355339059327,0.0446910808279149));
#5384=CARTESIAN_POINT('',(-0.0359220471160387,-0.0525355339059327,0.031942806497393));
#5385=CARTESIAN_POINT('',(-0.0359220471160387,-0.0525355339059327,0.031942806497393));
#5386=CARTESIAN_POINT('',(-0.0350362830675777,-0.0536981434241371,0.0327615237881968));
#5387=CARTESIAN_POINT('',(-0.0341675914222161,-0.0548573955436463,0.0336059980709916));
#5388=CARTESIAN_POINT('',(-0.0333458661005502,-0.0559999999999919,0.0345051708075008));
#5389=CARTESIAN_POINT('',(-0.0333458661005525,-0.0559999999999923,0.0345051708075021));
#5390=CARTESIAN_POINT('',(-0.0394233378748866,-0.056,0.0462800566584849));
#5391=CARTESIAN_POINT('',(-0.0342625815944244,-0.056,0.0362812745392978));
#5392=CARTESIAN_POINT('',(-0.0342625815944245,-0.056,0.0362812745392978));
#5393=CARTESIAN_POINT('',(-0.0347597777895322,-0.0558672547663538,0.0369551482415942));
#5394=CARTESIAN_POINT('',(-0.0351496918936485,-0.0558671864921287,0.0377104441195927));
#5395=CARTESIAN_POINT('',(-0.0354111030656632,-0.0559999999999993,0.0385064941245728));
#5396=CARTESIAN_POINT('',(-0.0354111030656624,-0.056,0.038506494124573));
#5397=CARTESIAN_POINT('',(-0.0394233378748866,-0.056,0.0462800566584849));
#5398=CARTESIAN_POINT('',(-0.0363278185595394,-0.0560000000000028,0.0402825978563651));
#5399=CARTESIAN_POINT('',(-0.0363278185595395,-0.056000000000003,0.040282597856364));
#5400=CARTESIAN_POINT('',(-0.0375389274247127,-0.0548553558153112,0.0401333946666767));
#5401=CARTESIAN_POINT('',(-0.0387293378430458,-0.0536971611015944,0.0399145445640818));
#5402=CARTESIAN_POINT('',(-0.039908806090322,-0.0525355339059328,0.0396670105053379));
#5403=CARTESIAN_POINT('',(-0.039908806090322,-0.0525355339059327,0.0396670105053379));
#5404=CARTESIAN_POINT('',(-0.0425019221480235,-0.0525355339059327,0.0446910808279149));
#5405=CARTESIAN_POINT('',(-0.0415846230390549,-0.0525355339059327,0.042913846362605));
#5406=CARTESIAN_POINT('',(-0.0432987054220541,-0.0506066017177982,0.0420291424738867));
#5407=CARTESIAN_POINT('',(-0.0432987054220541,-0.0506066017177982,0.0420291424738866));
#5408=CARTESIAN_POINT('',(-0.0400488126292655,-0.0506066017177982,0.0357325905384987));
#5409=CARTESIAN_POINT('',(-0.0358816207275083,-0.0506066017177982,0.0276588041378008));
#5410=CARTESIAN_POINT('',(-0.0352127111579417,-0.0498994949366117,0.0248211008432786));
#5411=CARTESIAN_POINT('',(-0.0371383152696874,-0.0491923881554251,0.0270101757174727));
#5412=CARTESIAN_POINT('',(-0.0413055071714446,-0.0491923881554251,0.0350839621181706));
#5413=CARTESIAN_POINT('',(-0.0445553999642331,-0.0491923881554251,0.0413805140535586));
#5414=CARTESIAN_POINT('',(-0.0475708321550594,-0.0457989898732233,0.0398241334432389));
#5415=CARTESIAN_POINT('',(-0.0462694823472323,-0.0472634559672906,0.0404958101648402));
#5416=CARTESIAN_POINT('',(-0.0471867814562009,-0.0472634559672906,0.0422730446301501));
#5417=CARTESIAN_POINT('',(-0.0360474900068587,-0.054,0.0480224616713292));
#5418=CARTESIAN_POINT('',(-0.048979547647265,-0.054,0.0352868710446563));
#5419=CARTESIAN_POINT('',(-0.0135961940777126,-0.054,-0.000642327787629787));
#5420=CARTESIAN_POINT('',(-0.0091780266634105,-0.054,-0.00512865255587854));
#5421=CARTESIAN_POINT('',(-0.009,-0.054,0.0040247699922712));
#5422=CARTESIAN_POINT('',(-0.0154999184982694,-0.054,0.00399171764774713));
#5423=CARTESIAN_POINT('',(-0.0189593996898158,-0.054,0.00399171764774713));
#5424=CARTESIAN_POINT('',(-0.0175167228063704,-0.054,0.00399171764774713));
#5425=CARTESIAN_POINT('',(-0.0393601857925759,-0.054,0.0463126518787352));
#5426=CARTESIAN_POINT('',(-0.00917802666341051,-0.054,-0.0121642101582636));
#5427=CARTESIAN_POINT('',(-0.0091780266634105,-0.054,0.0480224616713292));
#5428=CARTESIAN_POINT('',(0.,-0.04,0.102878599451072));
#5429=CARTESIAN_POINT('',(0.,-0.04,0.0213497421162364));
#5430=CARTESIAN_POINT('',(-0.00885125456707866,-0.0472634559672906,0.022662119650993));
#5431=CARTESIAN_POINT('',(-0.00881586712652892,-0.0473063661834996,0.0225));
#5432=CARTESIAN_POINT('',(0.,-0.04,0.0225));
#5433=CARTESIAN_POINT('',(-0.00881586712652892,-0.0326936338165004,0.0225));
#5434=CARTESIAN_POINT('',(0.,-0.04,0.0213497421162364));
#5435=CARTESIAN_POINT('',(-0.00885125456707865,-0.0327365440327094,0.0226621196509929));
#5436=CARTESIAN_POINT('',(-0.0108261302922347,-0.0362720779386421,0.0296813670574634));
#5437=CARTESIAN_POINT('',(-0.0106324801706503,-0.0357097052782501,0.0293061768202482));
#5438=CARTESIAN_POINT('',(-0.0102653056463244,-0.0348872142897727,0.0282483945702329));
#5439=CARTESIAN_POINT('',(-0.00975723328123695,-0.0339842609134504,0.0264672583371108));
#5440=CARTESIAN_POINT('',(-0.00928735612932492,-0.0332886031498153,0.0246005756310205));
#5441=CARTESIAN_POINT('',(-0.00899269247655547,-0.0329089004079463,0.0233119415815599));
#5442=CARTESIAN_POINT('',(-0.00885125456707865,-0.0327365440327094,0.0226621196509929));
#5443=CARTESIAN_POINT('',(-0.0108261302922347,-0.0362720779386421,0.0296813670574634));
#5444=CARTESIAN_POINT('',(0.,-0.04,0.00870612387541318));
#5445=CARTESIAN_POINT('',(-0.0108261302922347,-0.0437279220613579,0.0296813670574634));
#5446=CARTESIAN_POINT('',(-0.00885125456707866,-0.0472634559672906,0.022662119650993));
#5447=CARTESIAN_POINT('',(-0.00913405319519669,-0.0469188372816449,0.0239614088667704));
#5448=CARTESIAN_POINT('',(-0.00959033605525913,-0.0463118021279049,0.0258811564072478));
#5449=CARTESIAN_POINT('',(-0.0102674011338652,-0.0451091591930403,0.028255949193231));
#5450=CARTESIAN_POINT('',(-0.0106343362928976,-0.0442849044209449,0.0293097729912218));
#5451=CARTESIAN_POINT('',(-0.0108261302922347,-0.0437279220613579,0.0296813670574634));
#5452=CARTESIAN_POINT('',(0.0073583287309231,-0.0312274577067037,0.102878599451072));
#5453=CARTESIAN_POINT('',(0.00735832873092314,-0.0312274577067037,-0.0225));
#5454=CARTESIAN_POINT('',(0.00735832873092314,-0.0312274577067037,-0.00432842712474619));
#5455=CARTESIAN_POINT('',(0.00877254229329623,-0.0326416712690768,-0.00432842712474619));
#5456=CARTESIAN_POINT('',(0.00920319465491657,-0.0331550916657691,-0.00409240893516806));
#5457=CARTESIAN_POINT('',(0.00984192664763277,-0.034117066403125,-0.00315699105900118));
#5458=CARTESIAN_POINT('',(0.0100395811205488,-0.0345005709081635,-0.000946936645518952));
#5459=CARTESIAN_POINT('',(0.00947520949133363,-0.0334951939704341,0.000985433926330174));
#5460=CARTESIAN_POINT('',(0.00815109452785303,-0.0318521421394246,0.0017569152235239));
#5461=CARTESIAN_POINT('',(0.00650627024569517,-0.0305256247813622,0.000986901951590045));
#5462=CARTESIAN_POINT('',(0.00550081517776134,-0.0299612575128283,-0.000942133631086339));
#5463=CARTESIAN_POINT('',(0.00587974461372433,-0.0301560929799873,-0.00315290522031765));
#5464=CARTESIAN_POINT('',(0.00684489833352972,-0.0307967969565862,-0.00409240433786844));
#5465=CARTESIAN_POINT('',(0.00735832873092314,-0.0312274577067037,-0.00432842712474619));
#5466=CARTESIAN_POINT('',(0.00877254229329623,-0.0326416712690768,-0.00432842712474619));
#5467=CARTESIAN_POINT('',(0.0087725422932962,-0.0326416712690768,0.102878599451072));
#5468=CARTESIAN_POINT('',(0.00877254229329624,-0.0326416712690768,-0.0225));
#5469=CARTESIAN_POINT('',(0.,-0.04,-0.0225));
#5470=CARTESIAN_POINT('',(0.0113624523922041,-0.0384310708077533,-0.0140658608961011));
#5471=CARTESIAN_POINT('',(0.011493734882093,-0.0400003672053523,-0.0147169583792457));
#5472=CARTESIAN_POINT('',(0.0113626080794237,-0.0415674603708375,-0.0140663055869161));
#5473=CARTESIAN_POINT('',(0.0112296603888033,-0.0422162058616863,-0.0125019673198271));
#5474=CARTESIAN_POINT('',(0.0113625974500279,-0.041567714165188,-0.0109327831148714));
#5475=CARTESIAN_POINT('',(0.011493620001493,-0.040000616357531,-0.0102840170297833));
#5476=CARTESIAN_POINT('',(0.0113629223809152,-0.0384345541007499,-0.010931149699657));
#5477=CARTESIAN_POINT('',(0.0112296181512016,-0.037783594690459,-0.0124984009691876));
#5478=CARTESIAN_POINT('',(0.0113624523922041,-0.0384310708077533,-0.0140658608961011));
#5479=CARTESIAN_POINT('',(0.011493734882093,-0.0400003672053523,-0.0147169583792457));
#5480=CARTESIAN_POINT('',(0.0113626080794237,-0.0415674603708375,-0.0140663055869161));
#5481=CARTESIAN_POINT('',(0.01145,-0.04,-0.0145));
#5482=CARTESIAN_POINT('',(-0.00156892919224671,-0.0286375476077959,-0.0140658608961011));
#5483=CARTESIAN_POINT('',(3.67205352315236E-7,-0.028506265117907,-0.0147169583792457));
#5484=CARTESIAN_POINT('',(0.00156746037083746,-0.0286373919205763,-0.0140663055869161));
#5485=CARTESIAN_POINT('',(0.0022162058616863,-0.0287703396111967,-0.0125019673198271));
#5486=CARTESIAN_POINT('',(0.00156771416518798,-0.0286374025499721,-0.0109327831148714));
#5487=CARTESIAN_POINT('',(6.16357530987075E-7,-0.028506379998507,-0.0102840170297833));
#5488=CARTESIAN_POINT('',(-0.0015654458992501,-0.0286370776190848,-0.010931149699657));
#5489=CARTESIAN_POINT('',(-0.00221640530954101,-0.0287703818487984,-0.0124984009691876));
#5490=CARTESIAN_POINT('',(-0.00156892919224671,-0.0286375476077959,-0.0140658608961011));
#5491=CARTESIAN_POINT('',(3.67205352315236E-7,-0.028506265117907,-0.0147169583792457));
#5492=CARTESIAN_POINT('',(0.00156746037083746,-0.0286373919205763,-0.0140663055869161));
#5493=CARTESIAN_POINT('',(1.08392187141837E-18,-0.02855,-0.0145));
#5494=CARTESIAN_POINT('',(-0.0456788701844947,-0.04,0.0317978964730306));
#5495=CARTESIAN_POINT('',(-0.0456788701844948,-0.04,0.0317978964730306));
#5496=CARTESIAN_POINT('',(-0.0471698464139939,-0.0362010101267767,0.034686609997459));
#5497=CARTESIAN_POINT('',(-0.0466190171334795,-0.0437279220613579,0.0379800256223413));
#5498=CARTESIAN_POINT('',(-0.0464420568688903,-0.0443411156192706,0.0376371713906699));
#5499=CARTESIAN_POINT('',(-0.0460330737472307,-0.0452379149425798,0.0371920286309244));
#5500=CARTESIAN_POINT('',(-0.0452272974418575,-0.0464330433589837,0.0369197297013407));
#5501=CARTESIAN_POINT('',(-0.0447868227470204,-0.0470099273077206,0.0370704377533353));
#5502=CARTESIAN_POINT('',(-0.0445936653984994,-0.0472634559672906,0.0372489743075731));
#5503=CARTESIAN_POINT('',(-0.0466190171334795,-0.0437279220613579,0.0379800256223413));
#5504=CARTESIAN_POINT('',(-0.0439016357191848,-0.04,0.0327151955819993));
#5505=CARTESIAN_POINT('',(-0.0466190171334795,-0.0362720779386421,0.0379800256223413));
#5506=CARTESIAN_POINT('',(-0.0445936653984994,-0.0327365440327094,0.0372489743075731));
#5507=CARTESIAN_POINT('',(-0.0447870714746671,-0.0329903991597286,0.0370702078528043));
#5508=CARTESIAN_POINT('',(-0.0452266770571588,-0.0335663480984775,0.0369203068395125));
#5509=CARTESIAN_POINT('',(-0.0460296922208511,-0.0347561493124446,0.0371896541817722));
#5510=CARTESIAN_POINT('',(-0.0464422133389418,-0.0356594265726604,0.0376374745458409));
#5511=CARTESIAN_POINT('',(-0.0466190171334795,-0.0362720779386421,0.0379800256223413));
#5512=CARTESIAN_POINT('',(-0.0445936653984994,-0.0327365440327094,0.0372489743075731));
#5513=CARTESIAN_POINT('',(-0.0471698464139938,-0.0362010101267766,0.0346866099974589));
#5514=CARTESIAN_POINT('',(-0.0463466541836169,-0.0350563659420858,0.0355873878984746));
#5515=CARTESIAN_POINT('',(-0.0454786810391935,-0.03389817122837,0.0364309487747836));
#5516=CARTESIAN_POINT('',(-0.0445936653984995,-0.0327365440327094,0.0372489743075731));
#5517=CARTESIAN_POINT('',(-0.0314609944620155,-0.056,0.0391362893447797));
#5518=CARTESIAN_POINT('',(-0.0314609944620155,-0.056,0.0391362893447797));
#5519=CARTESIAN_POINT('',(-0.0295761228234869,-0.056,0.0437674078820523));
#5520=CARTESIAN_POINT('',(-0.0269999418079923,-0.0525355339059327,0.0463297721921664));
#5521=CARTESIAN_POINT('',(-0.0278857058564555,-0.0536981434241399,0.0455110549013607));
#5522=CARTESIAN_POINT('',(-0.0287543975018192,-0.0548573955436518,0.0446665806185639));
#5523=CARTESIAN_POINT('',(-0.0295761228234868,-0.056,0.0437674078820523));
#5524=CARTESIAN_POINT('',(-0.0269999418079923,-0.0525355339059327,0.0463297721921664));
#5525=CARTESIAN_POINT('',(-0.030865680090593,-0.054,0.0461109291777157));
#5526=CARTESIAN_POINT('',(-0.0301438254634896,-0.054,0.0460493158981936));
#5527=CARTESIAN_POINT('',(-0.0290794565625576,-0.0538407350786674,0.0459424429633316));
#5528=CARTESIAN_POINT('',(-0.0277369630121048,-0.0532495981507879,0.045947164460872));
#5529=CARTESIAN_POINT('',(-0.0271930991565133,-0.0527890625655027,0.0461512356379286));
#5530=CARTESIAN_POINT('',(-0.0269999418079923,-0.0525355339059327,0.0463297721921664));
#5531=CARTESIAN_POINT('',(-0.030865680090593,-0.054,0.0461109291777157));
#5532=CARTESIAN_POINT('',(-0.0314609944620155,-0.054,0.0391362893447797));
#5533=CARTESIAN_POINT('',(-0.0374910716620274,-0.054,0.0426913095925277));
#5534=CARTESIAN_POINT('',(-0.039908806090322,-0.0525355339059327,0.0396670105053379));
#5535=CARTESIAN_POINT('',(-0.0396510520855556,-0.0527893890329519,0.0397211051323909));
#5536=CARTESIAN_POINT('',(-0.0391706348648318,-0.0532487821620884,0.0400460632972738));
#5537=CARTESIAN_POINT('',(-0.0383920550544874,-0.0538388192360997,0.0411317326773687));
#5538=CARTESIAN_POINT('',(-0.0378586804289106,-0.054,0.0420677662399655));
#5539=CARTESIAN_POINT('',(-0.0374910716620274,-0.054,0.0426913095925277));
#5540=CARTESIAN_POINT('',(-0.0456788701844947,-0.04,0.0317978964730306));
#5541=CARTESIAN_POINT('',(-0.0456788701844948,-0.04,0.0317978964730306));
#5542=CARTESIAN_POINT('',(-0.0441878939549961,-0.0362010101267774,0.0289091829486022));
#5543=CARTESIAN_POINT('',(-0.0406069064242161,-0.0327365440327094,0.0295247702996282));
#5544=CARTESIAN_POINT('',(-0.0417873720812084,-0.0338991535509168,0.029277026915304));
#5545=CARTESIAN_POINT('',(-0.0429789432566248,-0.0350584056704288,0.0290581202618025));
#5546=CARTESIAN_POINT('',(-0.0441878939549962,-0.0362010101267773,0.0289091829486023));
#5547=CARTESIAN_POINT('',(-0.0406069064242161,-0.0327365440327094,0.0295247702996282));
#5548=CARTESIAN_POINT('',(-0.0411842543048902,-0.0362720779386421,0.0274503655416573));
#5549=CARTESIAN_POINT('',(-0.0413612145694794,-0.0356588843807294,0.0277932197733287));
#5550=CARTESIAN_POINT('',(-0.0414871465838319,-0.0347620850574202,0.0283844561035025));
#5551=CARTESIAN_POINT('',(-0.0412423339672601,-0.0335669566410163,0.0291990044103085));
#5552=CARTESIAN_POINT('',(-0.0408643289474268,-0.0329900726922794,0.0294707452403444));
#5553=CARTESIAN_POINT('',(-0.0406069064242161,-0.0327365440327094,0.0295247702996282));
#5554=CARTESIAN_POINT('',(-0.0411842543048902,-0.0362720779386421,0.0274503655416573));
#5555=CARTESIAN_POINT('',(-0.0439016357191848,-0.04,0.0327151955819993));
#5556=CARTESIAN_POINT('',(-0.0411842543048902,-0.0437279220613579,0.0274503655416573));
#5557=CARTESIAN_POINT('',(-0.0406069064242161,-0.0472634559672906,0.0295247702996282));
#5558=CARTESIAN_POINT('',(-0.0408646604289826,-0.0470096008402714,0.0294706756725751));
#5559=CARTESIAN_POINT('',(-0.0412415041487188,-0.0464336519015225,0.0291991757778436));
#5560=CARTESIAN_POINT('',(-0.04148712320877,-0.0452438506875554,0.028388587953335));
#5561=CARTESIAN_POINT('',(-0.0413610580994279,-0.0443405734273396,0.0277929166181577));
#5562=CARTESIAN_POINT('',(-0.0411842543048902,-0.0437279220613579,0.0274503655416573));
#5563=CARTESIAN_POINT('',(-0.0314609944620155,-0.056,0.0391362893447797));
#5564=CARTESIAN_POINT('',(-0.0265941703644916,-0.0560000000000029,0.0379899808331953));
#5565=CARTESIAN_POINT('',(-0.0253830614993184,-0.0548553558153112,0.0381391840228826));
#5566=CARTESIAN_POINT('',(-0.0241926510809853,-0.0536971611015944,0.0383580341254775));
#5567=CARTESIAN_POINT('',(-0.0230131828337091,-0.0525355339059328,0.0386055681842215));
#5568=CARTESIAN_POINT('',(-0.0265941703644917,-0.0560000000000028,0.0379899808331943));
#5569=CARTESIAN_POINT('',(-0.0230131828337091,-0.0525355339059327,0.0386055681842215));
#5570=CARTESIAN_POINT('',(-0.0314609944620155,-0.056,0.0391362893447797));
#5571=CARTESIAN_POINT('',(-0.0320563088334381,-0.054,0.0321616495118437));
#5572=CARTESIAN_POINT('',(-0.0327781634605415,-0.054,0.0322232627913657));
#5573=CARTESIAN_POINT('',(-0.0338425323614735,-0.0538407350786674,0.0323301357262278));
#5574=CARTESIAN_POINT('',(-0.0351850259119262,-0.0532495981507879,0.0323254142286874));
#5575=CARTESIAN_POINT('',(-0.0357288897675178,-0.0527890625655027,0.0321213430516308));
#5576=CARTESIAN_POINT('',(-0.0359220471160388,-0.0525355339059327,0.031942806497393));
#5577=CARTESIAN_POINT('',(-0.0320563088334381,-0.054,0.0321616495118437));
#5578=CARTESIAN_POINT('',(-0.0314609944620155,-0.054,0.0391362893447797));
#5579=CARTESIAN_POINT('',(-0.0254309172620037,-0.054,0.0355812690970317));
#5580=CARTESIAN_POINT('',(-0.0230131828337091,-0.0525355339059327,0.0386055681842215));
#5581=CARTESIAN_POINT('',(-0.0232709368384756,-0.0527893890329519,0.0385514735571684));
#5582=CARTESIAN_POINT('',(-0.0237513540591994,-0.0532487821620884,0.0382265153922857));
#5583=CARTESIAN_POINT('',(-0.0245299338695437,-0.0538388192360997,0.0371408460121906));
#5584=CARTESIAN_POINT('',(-0.0250633084951205,-0.054,0.0362048124495938));
#5585=CARTESIAN_POINT('',(-0.0254309172620037,-0.054,0.0355812690970317));
#5586=CARTESIAN_POINT('',(-0.0314609944620155,-0.054,0.0391362893447797));
#5587=CARTESIAN_POINT('',(-0.0314609944620155,-0.054,0.0391362893447797));
#5588=CARTESIAN_POINT('',(-0.0314609944620155,-0.054,0.0371362893447797));
#5589=CARTESIAN_POINT('',(-0.0314609944620155,-0.056,0.0391362893447797));
#5590=CARTESIAN_POINT('',(-0.0275108858583687,-0.056,0.0397660845649863));
#5591=CARTESIAN_POINT('',(-0.0286594073296066,-0.056,0.0419913041502616));
#5592=CARTESIAN_POINT('',(-0.028162211134499,-0.0558672547663538,0.0413174304479652));
#5593=CARTESIAN_POINT('',(-0.0277722970303826,-0.0558671864921287,0.0405621345699666));
#5594=CARTESIAN_POINT('',(-0.0275108858583679,-0.0559999999999993,0.0397660845649865));
#5595=CARTESIAN_POINT('',(-0.0286594073296066,-0.056,0.0419913041502616));
#5596=CARTESIAN_POINT('',(-0.0314609944620155,-0.056,0.0391362893447797));
#5597=CARTESIAN_POINT('',(-0.0448443518021122,-0.0301005050633883,0.0434820627290325));
#5598=CARTESIAN_POINT('',(-0.0471867814562009,-0.0327365440327094,0.0422730446301501));
#5599=CARTESIAN_POINT('',(-0.0154113896177057,-0.0327365440327094,-0.0192906492314905));
#5600=CARTESIAN_POINT('',(-0.0502653657293379,-0.0362010101267767,0.0406840687995801));
#5601=CARTESIAN_POINT('',(-0.0451046094488758,-0.0362010101267767,0.0306852866803931));
#5602=CARTESIAN_POINT('',(-0.0462531309201137,-0.0362010101267767,0.0329105062656683));
#5603=CARTESIAN_POINT('',(-0.0457596447431901,-0.0360692554220917,0.0322416609278563));
#5604=CARTESIAN_POINT('',(-0.0453653579261667,-0.0360685333099901,0.031479318645616));
#5605=CARTESIAN_POINT('',(-0.0451046094488758,-0.0362010101267767,0.0306852866803931));
#5606=CARTESIAN_POINT('',(-0.0462531309201137,-0.0362010101267767,0.0329105062656683));
#5607=CARTESIAN_POINT('',(-0.0502653657293379,-0.0362010101267767,0.0406840687995801));
#5608=CARTESIAN_POINT('',(-0.0471867814562009,-0.0327365440327094,0.0422730446301501));
#5609=CARTESIAN_POINT('',(-0.0462694823472323,-0.0327365440327094,0.0404958101648403));
#5610=CARTESIAN_POINT('',(-0.0402832732312278,-0.026,0.0435855230842064));
#5611=CARTESIAN_POINT('',(-0.0415846230390549,-0.0274644660940673,0.0429138463626051));
#5612=CARTESIAN_POINT('',(-0.0425019221480235,-0.0274644660940673,0.0446910808279149));
#5613=CARTESIAN_POINT('',(-0.0101393116790636,-0.0274644660940673,-0.0180103282877037));
#5614=CARTESIAN_POINT('',(-0.0210222413128671,-0.0383473957278707,-0.020653241177475));
#5615=CARTESIAN_POINT('',(-0.0439016357191848,-0.04,0.0327151955819993));
#5616=CARTESIAN_POINT('',(-0.0439016357191848,-0.04,0.0327151955819993));
#5617=CARTESIAN_POINT('',(-0.0448189348281535,-0.04,0.0344924300473092));
#5618=CARTESIAN_POINT('',(-0.0456788701844948,-0.04,0.0317978964730306));
#5619=CARTESIAN_POINT('',(-0.0456788701844948,-0.04,0.0317978964730306));
#5620=CARTESIAN_POINT('',(-0.0198211839464093,-0.056,0.0165845696104487));
#5621=CARTESIAN_POINT('',(-0.0326716421388309,-0.056,0.0497648666841735));
#5622=CARTESIAN_POINT('',(-0.0340390596688884,-0.04,0.00924617673869968));
#5623=CARTESIAN_POINT('',(0.01795,-0.04,-0.0125));
#5624=CARTESIAN_POINT('',(0.01795,-0.04,-0.0125));
#5625=CARTESIAN_POINT('',(0.01795,-0.0446067063198509,-0.0144437738764183));
#5626=CARTESIAN_POINT('',(0.01795,-0.0353932936801492,-0.0144437738764183));
#5627=CARTESIAN_POINT('',(0.0144855339059327,-0.0480711724139181,-0.0150501690380093));
#5628=CARTESIAN_POINT('',(0.0156426628291942,-0.0469140434906566,-0.0148717136157006));
#5629=CARTESIAN_POINT('',(0.0167987603248592,-0.0457579459949916,-0.0146767100703156));
#5630=CARTESIAN_POINT('',(0.01795,-0.0446067063198508,-0.0144437738764184));
#5631=CARTESIAN_POINT('',(0.0144855339059327,-0.0480711724139181,-0.0150501690380093));
#5632=CARTESIAN_POINT('',(0.01595,-0.0445356385079854,-0.0178317898800385));
#5633=CARTESIAN_POINT('',(0.01595,-0.0448490659965854,-0.0175651638841271));
#5634=CARTESIAN_POINT('',(0.0158920817061792,-0.0454582648270041,-0.0170275221922415));
#5635=CARTESIAN_POINT('',(0.0156459738164582,-0.0463269906414551,-0.016208045422454));
#5636=CARTESIAN_POINT('',(0.0152454540982565,-0.0471620518804609,-0.0154014766004513));
#5637=CARTESIAN_POINT('',(0.0147780760282134,-0.0477786302916375,-0.0150050524335202));
#5638=CARTESIAN_POINT('',(0.0144855339059328,-0.0480711724139181,-0.0150501690380101));
#5639=CARTESIAN_POINT('',(0.01595,-0.0445356385079854,-0.0178317898800384));
#5640=CARTESIAN_POINT('',(0.01595,-0.04,-0.0125));
#5641=CARTESIAN_POINT('',(0.01595,-0.0354643614920146,-0.0178317898800384));
#5642=CARTESIAN_POINT('',(0.0144855339059327,-0.0319288275860819,-0.0150501690380093));
#5643=CARTESIAN_POINT('',(0.0147787299895869,-0.032222023669736,-0.015004951577901));
#5644=CARTESIAN_POINT('',(0.0152472156602417,-0.032841728715819,-0.0154050957791007));
#5645=CARTESIAN_POINT('',(0.015642971177688,-0.0336654583510268,-0.0162008671554254));
#5646=CARTESIAN_POINT('',(0.0158929923888409,-0.0345437680115791,-0.0170294848216997));
#5647=CARTESIAN_POINT('',(0.01595,-0.0351518863729334,-0.0175659740443097));
#5648=CARTESIAN_POINT('',(0.01595,-0.0354643614920147,-0.0178317898800384));
#5649=CARTESIAN_POINT('',(0.0144855339059327,-0.0319288275860819,-0.0150501690380093));
#5650=CARTESIAN_POINT('',(0.01795,-0.0353932936801491,-0.0144437738764183));
#5651=CARTESIAN_POINT('',(0.0167983273000221,-0.0342416209801712,-0.0146767976864389));
#5652=CARTESIAN_POINT('',(0.0156425064618123,-0.0330858001419614,-0.0148717377310836));
#5653=CARTESIAN_POINT('',(0.0144855339059327,-0.0319288275860818,-0.0150501690380093));
#5654=CARTESIAN_POINT('',(8.03801440614198E-18,-0.02205,-0.0125));
#5655=CARTESIAN_POINT('',(8.03801440614198E-18,-0.02205,-0.0125));
#5656=CARTESIAN_POINT('',(0.00460670631985086,-0.02205,-0.0144437738764183));
#5657=CARTESIAN_POINT('',(-0.00460670631985086,-0.02205,-0.0144437738764183));
#5658=CARTESIAN_POINT('',(0.00807117241391812,-0.0255144660940673,-0.0150501690380093));
#5659=CARTESIAN_POINT('',(0.00691404349065667,-0.0243573371708058,-0.0148717136157006));
#5660=CARTESIAN_POINT('',(0.00575794599499163,-0.0232012396751408,-0.0146767100703155));
#5661=CARTESIAN_POINT('',(0.00460670631985087,-0.02205,-0.0144437738764183));
#5662=CARTESIAN_POINT('',(0.00807117241391812,-0.0255144660940673,-0.0150501690380093));
#5663=CARTESIAN_POINT('',(0.00453563850798538,-0.02405,-0.0178317898800384));
#5664=CARTESIAN_POINT('',(0.00484906599658535,-0.02405,-0.0175651638841271));
#5665=CARTESIAN_POINT('',(0.0054582648270041,-0.0241079182938208,-0.0170275221922416));
#5666=CARTESIAN_POINT('',(0.00632699064145509,-0.0243540261835418,-0.016208045422454));
#5667=CARTESIAN_POINT('',(0.00716205188046093,-0.0247545459017435,-0.0154014766004513));
#5668=CARTESIAN_POINT('',(0.00777863029163747,-0.0252219239717866,-0.0150050524335202));
#5669=CARTESIAN_POINT('',(0.0080711724139181,-0.0255144660940673,-0.0150501690380101));
#5670=CARTESIAN_POINT('',(0.00453563850798539,-0.02405,-0.0178317898800384));
#5671=CARTESIAN_POINT('',(7.91554972622724E-18,-0.02405,-0.0125));
#5672=CARTESIAN_POINT('',(-0.00453563850798538,-0.02405,-0.0178317898800384));
#5673=CARTESIAN_POINT('',(-0.00807117241391812,-0.0255144660940673,-0.0150501690380093));
#5674=CARTESIAN_POINT('',(-0.00777797633026397,-0.0252212700104131,-0.015004951577901));
#5675=CARTESIAN_POINT('',(-0.00715827128418103,-0.0247527843397583,-0.0154050957791008));
#5676=CARTESIAN_POINT('',(-0.00633454164897321,-0.024357028822312,-0.0162008671554254));
#5677=CARTESIAN_POINT('',(-0.00545623198842091,-0.0241070076111591,-0.0170294848216997));
#5678=CARTESIAN_POINT('',(-0.0048481136270666,-0.02405,-0.0175659740443097));
#5679=CARTESIAN_POINT('',(-0.00453563850798538,-0.02405,-0.0178317898800384));
#5680=CARTESIAN_POINT('',(-0.00807117241391812,-0.0255144660940673,-0.0150501690380093));
#5681=CARTESIAN_POINT('',(-0.00460670631985086,-0.02205,-0.0144437738764183));
#5682=CARTESIAN_POINT('',(-0.00575837901982881,-0.023201672699978,-0.0146767976864389));
#5683=CARTESIAN_POINT('',(-0.00691419985803859,-0.0243574935381877,-0.0148717377310836));
#5684=CARTESIAN_POINT('',(-0.0080711724139182,-0.0255144660940674,-0.0150501690380093));
#5685=CARTESIAN_POINT('',(-0.048488131264028,-0.04,0.0416013679085488));
#5686=CARTESIAN_POINT('',(-0.0475708321550594,-0.0342010101267766,0.0398241334432389));
#5687=CARTESIAN_POINT('',(-0.0475708321550594,-0.0437279220613579,0.0398241334432389));
#5688=CARTESIAN_POINT('',(-0.0475708321550594,-0.0362720779386421,0.0398241334432389));
#5689=CARTESIAN_POINT('',(-0.048488131264028,-0.0362720779386421,0.0416013679085488));
#5690=CARTESIAN_POINT('',(-0.048488131264028,-0.0437279220613579,0.0416013679085488));
#5691=CARTESIAN_POINT('',(0.01595,-0.04,0.0225));
#5692=CARTESIAN_POINT('',(0.01595,-0.0445356385079854,0.0225));
#5693=CARTESIAN_POINT('',(0.01595,-0.0445356385079854,-0.0205));
#5694=CARTESIAN_POINT('',(0.01595,-0.04,-0.0205));
#5695=CARTESIAN_POINT('',(0.01595,-0.0354643614920146,-0.0205));
#5696=CARTESIAN_POINT('',(0.01595,-0.0354643614920146,0.0225));
#5697=CARTESIAN_POINT('',(1.7347234759768E-18,-0.02405,0.0225));
#5698=CARTESIAN_POINT('',(0.00453563850798538,-0.02405,0.0225));
#5699=CARTESIAN_POINT('',(0.00453563850798538,-0.02405,-0.0205));
#5700=CARTESIAN_POINT('',(1.7347234759768E-18,-0.02405,-0.0205));
#5701=CARTESIAN_POINT('',(-0.00453563850798538,-0.02405,-0.0205));
#5702=CARTESIAN_POINT('',(-0.00453563850798538,-0.02405,0.0225));
#5703=CARTESIAN_POINT('',(-0.0360474900068587,-0.054,0.0480224616713292));
#5704=CARTESIAN_POINT('',(-0.0327347942211415,-0.054,0.0497322714639232));
#5705=CARTESIAN_POINT('',(-0.031817495112173,-0.054,0.0479550369986133));
#5706=CARTESIAN_POINT('',(-0.0402832732312278,-0.054,0.0435855230842064));
#5707=CARTESIAN_POINT('',(-0.0384428866836072,-0.054,0.0445354174134252));
#5708=CARTESIAN_POINT('',(-0.0393601857925759,-0.054,0.0463126518787352));
#5709=CARTESIAN_POINT('',(0.,-0.04,-0.0225));
#5710=CARTESIAN_POINT('',(0.00844992603517924,-0.0329642875271939,-0.0225));
#5711=CARTESIAN_POINT('',(0.0105712463787389,-0.0308429671836342,-0.0225));
#5712=CARTESIAN_POINT('',(0.00986413959755233,-0.0301358604024476,-0.0225));
#5713=CARTESIAN_POINT('',(0.01395,-0.0342217208048953,-0.0225));
#5714=CARTESIAN_POINT('',(0.01395,-0.04,-0.0225));
#5715=CARTESIAN_POINT('',(0.01395,-0.0457782791951047,-0.0225));
#5716=CARTESIAN_POINT('',(0.00986413959755233,-0.0498641395975523,-0.0225));
#5717=CARTESIAN_POINT('',(0.00577827919510467,-0.05395,-0.0225));
#5718=CARTESIAN_POINT('',(0.,-0.05395,-0.0225));
#5719=CARTESIAN_POINT('',(-0.00577827919510467,-0.05395,-0.0225));
#5720=CARTESIAN_POINT('',(-0.00986413959755233,-0.0498641395975523,-0.0225));
#5721=CARTESIAN_POINT('',(-0.01395,-0.0457782791951047,-0.0225));
#5722=CARTESIAN_POINT('',(-0.01395,-0.04,-0.0225));
#5723=CARTESIAN_POINT('',(-0.01395,-0.0342217208048953,-0.0225));
#5724=CARTESIAN_POINT('',(-0.00986413959755233,-0.0301358604024476,-0.0225));
#5725=CARTESIAN_POINT('',(-0.00577827919510467,-0.02605,-0.0225));
#5726=CARTESIAN_POINT('',(0.,-0.02605,-0.0225));
#5727=CARTESIAN_POINT('',(0.00577827919510467,-0.02605,-0.0225));
#5728=CARTESIAN_POINT('',(0.00986413959755233,-0.0301358604024476,-0.0225));
#5729=CARTESIAN_POINT('',(0.00915703281636579,-0.0294287536212611,-0.0225));
#5730=CARTESIAN_POINT('',(0.00703571247280615,-0.0315500739648208,-0.0225));
#5731=CARTESIAN_POINT('',(0.0113137084989848,-0.0849303302692539,0.0244878032270275));
#5732=CARTESIAN_POINT('',(0.0113137084989848,-0.0849303302692539,0.0244878032270275));
#5733=CARTESIAN_POINT('',(0.00862741699797045,-0.0876652699480384,0.0276977787604206));
#5734=CARTESIAN_POINT('',(0.0140000000000011,-0.0885982091957076,0.0224068173663099));
#5735=CARTESIAN_POINT('',(0.00372792206135786,-0.0887440252164725,0.027887992419827));
#5736=CARTESIAN_POINT('',(0.00537210020975078,-0.0884276350378853,0.0278322042949109));
#5737=CARTESIAN_POINT('',(0.00701153027937452,-0.0880809931831449,0.0277710819832773));
#5738=CARTESIAN_POINT('',(0.0086274169979704,-0.0876652699480382,0.0276977787604206));
#5739=CARTESIAN_POINT('',(0.00372792206135787,-0.0887440252164725,0.027887992419827));
#5740=CARTESIAN_POINT('',(0.00726345596729061,-0.0905528968083707,0.0267198874419954));
#5741=CARTESIAN_POINT('',(0.00682986264431063,-0.0900976368012442,0.0270798950183914));
#5742=CARTESIAN_POINT('',(0.00608311245555577,-0.0894327943468273,0.027492226151152));
#5743=CARTESIAN_POINT('',(0.00482003211761439,-0.0887563837369993,0.0278066316852436));
#5744=CARTESIAN_POINT('',(0.00408646573017208,-0.0886750304451222,0.0278758267801101));
#5745=CARTESIAN_POINT('',(0.00372792206135787,-0.0887440252164725,0.027887992419827));
#5746=CARTESIAN_POINT('',(0.00726345596729061,-0.0905528968083707,0.0267198874419954));
#5747=CARTESIAN_POINT('',(0.00989949493661167,-0.0851759058771918,0.0230950747463874));
#5748=CARTESIAN_POINT('',(0.0125355339059327,-0.0914683835349339,0.0215279042135361));
#5749=CARTESIAN_POINT('',(0.014,-0.0905277528313704,0.0177719704263066));
#5750=CARTESIAN_POINT('',(0.014,-0.0903963285886897,0.0181133403863191));
#5751=CARTESIAN_POINT('',(0.0139175825966363,-0.0903365820329654,0.0188461966359968));
#5752=CARTESIAN_POINT('',(0.0134934853061611,-0.0907164572778479,0.0201911295559584));
#5753=CARTESIAN_POINT('',(0.0129687438413216,-0.0911639783049542,0.0210343364614947));
#5754=CARTESIAN_POINT('',(0.0125355339059327,-0.0914683835349339,0.0215279042135361));
#5755=CARTESIAN_POINT('',(0.014,-0.0905277528313704,0.0177719704263066));
#5756=CARTESIAN_POINT('',(0.014,-0.0885982091957093,0.0224068173663109));
#5757=CARTESIAN_POINT('',(0.014,-0.0892957712535852,0.0208860728907137));
#5758=CARTESIAN_POINT('',(0.014,-0.0899263626752633,0.019334060717677));
#5759=CARTESIAN_POINT('',(0.014,-0.0905277528313704,0.0177719704263066));
#5760=CARTESIAN_POINT('',(-0.0113137084989848,-0.0849303302692539,0.0244878032270275));
#5761=CARTESIAN_POINT('',(-0.0113137084989848,-0.0849303302692539,0.0244878032270275));
#5762=CARTESIAN_POINT('',(-0.014,-0.0885982091957052,0.0224068173663203));
#5763=CARTESIAN_POINT('',(-0.00862741699796953,-0.0876652699480385,0.0276977787604207));
#5764=CARTESIAN_POINT('',(-0.014,-0.0905277528313704,0.0177719704263066));
#5765=CARTESIAN_POINT('',(-0.014,-0.0899258541135549,0.019335381689261));
#5766=CARTESIAN_POINT('',(-0.014,-0.089294528214812,0.0208887828207143));
#5767=CARTESIAN_POINT('',(-0.014,-0.088598209195705,0.0224068173663202));
#5768=CARTESIAN_POINT('',(-0.014,-0.0905277528313704,0.0177719704263066));
#5769=CARTESIAN_POINT('',(-0.0125355339059327,-0.0914683835349339,0.0215279042135361));
#5770=CARTESIAN_POINT('',(-0.0129691272289127,-0.0911637089085754,0.0210338996576819));
#5771=CARTESIAN_POINT('',(-0.0134906428059088,-0.0907190984931786,0.0201972328314511));
#5772=CARTESIAN_POINT('',(-0.0139177292832233,-0.0903361822707729,0.0188471489819947));
#5773=CARTESIAN_POINT('',(-0.014,-0.0903964976053166,0.0181129013714314));
#5774=CARTESIAN_POINT('',(-0.014,-0.0905277528313704,0.0177719704263066));
#5775=CARTESIAN_POINT('',(-0.0125355339059327,-0.0914683835349339,0.0215279042135361));
#5776=CARTESIAN_POINT('',(-0.00989949493661166,-0.0851759058771918,0.0230950747463874));
#5777=CARTESIAN_POINT('',(-0.00726345596729059,-0.0905528968083707,0.0267198874419954));
#5778=CARTESIAN_POINT('',(-0.00372792206135785,-0.0887440252164726,0.027887992419827));
#5779=CARTESIAN_POINT('',(-0.00408692742486635,-0.0886749416009378,0.0278758111144833));
#5780=CARTESIAN_POINT('',(-0.00481902482191583,-0.0887566340559878,0.027806526873771));
#5781=CARTESIAN_POINT('',(-0.00607756054476074,-0.0894286954573157,0.0274943897567407));
#5782=CARTESIAN_POINT('',(-0.00683024603190168,-0.090098039346736,0.0270795766960599));
#5783=CARTESIAN_POINT('',(-0.00726345596729058,-0.0905528968083707,0.0267198874419955));
#5784=CARTESIAN_POINT('',(-0.00372792206135785,-0.0887440252164726,0.027887992419827));
#5785=CARTESIAN_POINT('',(-0.00862741699796952,-0.0876652699480385,0.0276977787604207));
#5786=CARTESIAN_POINT('',(-0.00700864566788826,-0.0880817353143879,0.0277712128410387));
#5787=CARTESIAN_POINT('',(-0.00537071099588247,-0.0884279023651359,0.0278322514319179));
#5788=CARTESIAN_POINT('',(-0.00372792206135788,-0.0887440252164725,0.027887992419827));
#5789=CARTESIAN_POINT('',(-8.67361737988404E-19,-0.0923423226695181,0.0285224693454135));
#5790=CARTESIAN_POINT('',(-0.00534081995525529,-0.0936237139781174,0.0276252294917359));
#5791=CARTESIAN_POINT('',(-0.00497056274847714,-0.0946592345308764,0.026900150194723));
#5792=CARTESIAN_POINT('',(-0.00564133922318331,-0.0927832337045599,0.0282137401149973));
#5793=CARTESIAN_POINT('',(3.53517250243031E-18,-0.0946592345308764,0.026900150194723));
#5794=CARTESIAN_POINT('',(-0.001,-0.0946592345308764,0.026900150194723));
#5795=CARTESIAN_POINT('',(-0.000999999999999987,-0.102097224535101,0.0216920135246367));
#5796=CARTESIAN_POINT('',(-0.000999999999999985,-0.0923423226695181,0.0285224693454135));
#5797=CARTESIAN_POINT('',(-8.67361737988404E-19,-0.0923423226695181,0.0285224693454135));
#5798=CARTESIAN_POINT('',(-0.00372792206135785,-0.0923423226695181,0.0285224693454135));
#5799=CARTESIAN_POINT('',(-0.00372792206135785,-0.0981346023229138,0.0244666714686871));
#5800=CARTESIAN_POINT('',(-8.67361737988404E-19,-0.0923423226695181,0.0285224693454135));
#5801=CARTESIAN_POINT('',(-8.67361737988404E-19,-0.0923423226695181,0.0285224693454135));
#5802=CARTESIAN_POINT('',(0.000959309693919079,-0.0923423226695181,0.0285224693454135));
#5803=CARTESIAN_POINT('',(0.00372792206135787,-0.0923423226695181,0.0285224693454135));
#5804=CARTESIAN_POINT('',(0.00113109283135389,-0.10212367914082,0.0216734898102917));
#5805=CARTESIAN_POINT('',(0.001,-0.0946592345308764,0.026900150194723));
#5806=CARTESIAN_POINT('',(3.53517250243031E-18,-0.0946592345308764,0.026900150194723));
#5807=CARTESIAN_POINT('',(0.00497056274847715,-0.0946592345308764,0.026900150194723));
#5808=CARTESIAN_POINT('',(0.00534081995525531,-0.0936237139781174,0.0276252294917359));
#5809=CARTESIAN_POINT('',(0.00564133922318332,-0.0927832337045599,0.0282137401149973));
#5810=CARTESIAN_POINT('',(0.00372792206135787,-0.0981346023229138,0.0244666714686871));
#5811=CARTESIAN_POINT('',(0.0113137084989848,-0.0849303302692539,0.0244878032270275));
#5812=CARTESIAN_POINT('',(0.00862741699796952,-0.0812624513428024,0.0265687890877354));
#5813=CARTESIAN_POINT('',(0.00700864566788828,-0.080845985976453,0.0264953550071174));
#5814=CARTESIAN_POINT('',(0.00537071099588247,-0.080499818925705,0.0264343164162382));
#5815=CARTESIAN_POINT('',(0.00372792206135789,-0.0801836960743684,0.0263785754283291));
#5816=CARTESIAN_POINT('',(0.00862741699796953,-0.0812624513428024,0.0265687890877354));
#5817=CARTESIAN_POINT('',(0.00372792206135787,-0.0801836960743684,0.0263785754283291));
#5818=CARTESIAN_POINT('',(0.0113137084989848,-0.0849303302692539,0.0244878032270275));
#5819=CARTESIAN_POINT('',(0.014,-0.0821953905904692,0.0212778276936352));
#5820=CARTESIAN_POINT('',(0.014,-0.0819674236892662,0.0162625534348086));
#5821=CARTESIAN_POINT('',(0.014,-0.0819983053286252,0.0179375409475954));
#5822=CARTESIAN_POINT('',(0.014,-0.0820602631393632,0.0196131867023157));
#5823=CARTESIAN_POINT('',(0.014,-0.0821953905904694,0.0212778276936351));
#5824=CARTESIAN_POINT('',(0.014,-0.0819674236892662,0.0162625534348086));
#5825=CARTESIAN_POINT('',(0.0125355339059327,-0.079798914946013,0.0194702620507794));
#5826=CARTESIAN_POINT('',(0.0129691272289127,-0.0802541749531395,0.0191102544743834));
#5827=CARTESIAN_POINT('',(0.0134906428059088,-0.0809581289874359,0.0184761105497161));
#5828=CARTESIAN_POINT('',(0.0139177292832233,-0.0817797084077024,0.0173384117802086));
#5829=CARTESIAN_POINT('',(0.014,-0.0819741580059129,0.0166278156593672));
#5830=CARTESIAN_POINT('',(0.014,-0.0819674236892662,0.0162625534348086));
#5831=CARTESIAN_POINT('',(0.0125355339059327,-0.079798914946013,0.0194702620507793));
#5832=CARTESIAN_POINT('',(0.00989949493661167,-0.0851759058771918,0.0230950747463874));
#5833=CARTESIAN_POINT('',(0.0072634559672906,-0.0788834282194498,0.0246622452792387));
#5834=CARTESIAN_POINT('',(0.00372792206135787,-0.0801836960743684,0.0263785754283291));
#5835=CARTESIAN_POINT('',(0.00408692742486637,-0.0802527796899032,0.0263907567336728));
#5836=CARTESIAN_POINT('',(0.00481902482191586,-0.0801997104986573,0.0262977103787538));
#5837=CARTESIAN_POINT('',(0.00607756054476075,-0.0796749365406185,0.0257745388964012));
#5838=CARTESIAN_POINT('',(0.00683024603190172,-0.0791878334494295,0.0251558130312801));
#5839=CARTESIAN_POINT('',(0.00726345596729061,-0.0788834282194498,0.0246622452792387));
#5840=CARTESIAN_POINT('',(-0.0113137084989848,-0.0849303302692539,0.0244878032270275));
#5841=CARTESIAN_POINT('',(-0.014,-0.0821953905904694,0.0212778276936343));
#5842=CARTESIAN_POINT('',(-0.014,-0.082060021915648,0.0196102150567983));
#5843=CARTESIAN_POINT('',(-0.014,-0.0819982792358313,0.0179361257020003));
#5844=CARTESIAN_POINT('',(-0.014,-0.0819674236892663,0.0162625534348087));
#5845=CARTESIAN_POINT('',(-0.014,-0.0821953905904694,0.0212778276936342));
#5846=CARTESIAN_POINT('',(-0.014,-0.0819674236892663,0.0162625534348086));
#5847=CARTESIAN_POINT('',(-0.0113137084989848,-0.0849303302692539,0.0244878032270275));
#5848=CARTESIAN_POINT('',(-0.00862741699797044,-0.0812624513428025,0.0265687890877353));
#5849=CARTESIAN_POINT('',(-0.00372792206135786,-0.0801836960743684,0.0263785754283291));
#5850=CARTESIAN_POINT('',(-0.00537210020975077,-0.0805000862529556,0.0264343635532452));
#5851=CARTESIAN_POINT('',(-0.00701153027937451,-0.080846728107696,0.0264954858648788));
#5852=CARTESIAN_POINT('',(-0.00862741699797038,-0.0812624513428026,0.0265687890877355));
#5853=CARTESIAN_POINT('',(-0.00372792206135785,-0.0801836960743684,0.0263785754283291));
#5854=CARTESIAN_POINT('',(-0.00726345596729059,-0.0788834282194498,0.0246622452792388));
#5855=CARTESIAN_POINT('',(-0.0068298626443106,-0.0791881028458083,0.0251562498350929));
#5856=CARTESIAN_POINT('',(-0.00608311245555571,-0.0796718248410846,0.025771103869417));
#5857=CARTESIAN_POINT('',(-0.00482003211761438,-0.0801999098739288,0.0262978944834574));
#5858=CARTESIAN_POINT('',(-0.00408646573017206,-0.0802526908457186,0.026390741068046));
#5859=CARTESIAN_POINT('',(-0.00372792206135785,-0.0801836960743684,0.0263785754283291));
#5860=CARTESIAN_POINT('',(-0.00726345596729059,-0.0788834282194498,0.0246622452792388));
#5861=CARTESIAN_POINT('',(-0.00989949493661166,-0.0851759058771918,0.0230950747463874));
#5862=CARTESIAN_POINT('',(-0.0125355339059327,-0.079798914946013,0.0194702620507793));
#5863=CARTESIAN_POINT('',(-0.014,-0.0819674236892663,0.0162625534348086));
#5864=CARTESIAN_POINT('',(-0.014,-0.0819741666776552,0.0166282860055085));
#5865=CARTESIAN_POINT('',(-0.0139175825966364,-0.0817796584756348,0.0173373801409795));
#5866=CARTESIAN_POINT('',(-0.0134934853061611,-0.0809626983611507,0.0184712786956189));
#5867=CARTESIAN_POINT('',(-0.0129687438413216,-0.0802537724076477,0.0191105727967149));
#5868=CARTESIAN_POINT('',(-0.0125355339059327,-0.079798914946013,0.0194702620507793));
#5869=CARTESIAN_POINT('',(-0.00989949493661167,-0.0851759058771919,0.0230950747463874));
#5870=CARTESIAN_POINT('',(-0.00989949493661167,-0.0851759058771919,0.0230950747463874));
#5871=CARTESIAN_POINT('',(-0.00849614725029194,-0.0851759058771919,0.0245200713328048));
#5872=CARTESIAN_POINT('',(-0.00862741699796954,-0.0832308137163247,0.0269158644819988));
#5873=CARTESIAN_POINT('',(-0.00844082511005906,-0.0840401694159827,0.0270585757288387));
#5874=CARTESIAN_POINT('',(-0.00843964354450253,-0.0848824267494929,0.0272070884214361));
#5875=CARTESIAN_POINT('',(-0.00862741699796953,-0.0856969075745163,0.0273507033661574));
#5876=CARTESIAN_POINT('',(-0.00862741699796953,-0.0832308137163247,0.0269158644819988));
#5877=CARTESIAN_POINT('',(-0.00862741699796953,-0.0856969075745163,0.0273507033661574));
#5878=CARTESIAN_POINT('',(-0.0113137084989848,-0.0849303302692539,0.0244878032270275));
#5879=CARTESIAN_POINT('',(-0.014,-0.0841637529639916,0.0216249030878976));
#5880=CARTESIAN_POINT('',(-0.014,-0.0841637529639916,0.0216249030878976));
#5881=CARTESIAN_POINT('',(-0.014,-0.0850020352034904,0.0215840266356969));
#5882=CARTESIAN_POINT('',(-0.014,-0.085851494469617,0.021732686164286));
#5883=CARTESIAN_POINT('',(-0.014,-0.0866298468221832,0.0220597419720561));
#5884=CARTESIAN_POINT('',(-0.014,-0.0866298468221832,0.0220597419720561));
#5885=CARTESIAN_POINT('',(-0.0113137084989848,-0.0849303302692539,0.0244878032270275));
#5886=CARTESIAN_POINT('',(0.00989949493661168,-0.0851759058771919,0.0230950747463874));
#5887=CARTESIAN_POINT('',(0.00989949493661168,-0.0851759058771919,0.0230950747463874));
#5888=CARTESIAN_POINT('',(0.0113028426229314,-0.0851759058771919,0.0216700781599701));
#5889=CARTESIAN_POINT('',(0.014,-0.0841637529639916,0.0216249030878976));
#5890=CARTESIAN_POINT('',(0.014,-0.0850020321028959,0.0215840267868886));
#5891=CARTESIAN_POINT('',(0.014,-0.0858515046106891,0.0217326904254622));
#5892=CARTESIAN_POINT('',(0.014,-0.0866298468221832,0.0220597419720561));
#5893=CARTESIAN_POINT('',(0.014,-0.0841637529639916,0.0216249030878976));
#5894=CARTESIAN_POINT('',(0.014,-0.0866298468221832,0.0220597419720561));
#5895=CARTESIAN_POINT('',(0.0113137084989848,-0.0849303302692539,0.0244878032270275));
#5896=CARTESIAN_POINT('',(0.00862741699796955,-0.0832308137163247,0.0269158644819988));
#5897=CARTESIAN_POINT('',(0.00862741699796955,-0.0832308137163247,0.0269158644819988));
#5898=CARTESIAN_POINT('',(0.00844082511005907,-0.0840401694159827,0.0270585757288387));
#5899=CARTESIAN_POINT('',(0.00843964354450254,-0.0848824267494929,0.0272070884214361));
#5900=CARTESIAN_POINT('',(0.00862741699796954,-0.0856969075745163,0.0273507033661574));
#5901=CARTESIAN_POINT('',(0.00862741699796955,-0.0856969075745163,0.0273507033661574));
#5902=CARTESIAN_POINT('',(0.0113137084989848,-0.0849303302692539,0.0244878032270275));
#5903=CARTESIAN_POINT('',(-8.67361737988404E-19,-0.0401475117598711,0.0193191159290662));
#5904=CARTESIAN_POINT('',(-0.000999999999999985,-0.0853641852495543,0.0272920354431826));
#5905=CARTESIAN_POINT('',(-0.000999999999999988,-0.0764164323235662,0.0257143051856178));
#5906=CARTESIAN_POINT('',(3.48299947910968E-18,-0.0736309753622862,0.0252231539697419));
#5907=CARTESIAN_POINT('',(0.000632415661685253,-0.0765190070760245,0.0257323918820156));
#5908=CARTESIAN_POINT('',(0.000816207830842636,-0.0854154726257835,0.0273010787913815));
#5909=CARTESIAN_POINT('',(0.00372792206135787,-0.0401475117598711,0.0193191159290662));
#5910=CARTESIAN_POINT('',(0.00862741699796955,-0.0401475117598711,0.0193191159290662));
#5911=CARTESIAN_POINT('',(0.00862741699796955,-0.0401475117598711,0.0193191159290662));
#5912=CARTESIAN_POINT('',(0.00372792206135787,-0.0401475117598711,0.0193191159290662));
#5913=CARTESIAN_POINT('',(0.00372792206135787,-0.0545851405736165,0.0218648594263835));
#5914=CARTESIAN_POINT('',(-3.23035089433027E-19,-0.0545851405736165,0.0218648594263835));
#5915=CARTESIAN_POINT('',(-0.00372792206135785,-0.0545851405736165,0.0218648594263835));
#5916=CARTESIAN_POINT('',(-0.00372792206135785,-0.0401475117598711,0.0193191159290662));
#5917=CARTESIAN_POINT('',(-0.00862741699796954,-0.0401475117598711,0.0193191159290662));
#5918=CARTESIAN_POINT('',(-0.00862741699796954,-0.0401475117598711,0.0193191159290662));
#5919=CARTESIAN_POINT('',(-0.00372792206135785,-0.0401475117598711,0.0193191159290662));
#5920=CARTESIAN_POINT('',(-0.011251885820528,-0.0718685856851726,0.0222474416346543));
#5921=CARTESIAN_POINT('',(-0.014,-0.041080451007538,0.014028154534965));
#5922=CARTESIAN_POINT('',(0.0113755311774415,-0.0718900564760777,0.0221256747285419));
#5923=CARTESIAN_POINT('',(0.014,-0.041080451007538,0.014028154534965));
#5924=CARTESIAN_POINT('',(0.00989949493661167,-0.0408595569916425,0.0152809067513756));
#5925=CARTESIAN_POINT('',(0.00989949493661167,-0.0930543679012895,0.0244842601677229));
#5926=CARTESIAN_POINT('',(0.0072634559672906,-0.0925966245380079,0.0270802517819525));
#5927=CARTESIAN_POINT('',(0.0125355339059327,-0.0935121112645711,0.0218882685534931));
#5928=CARTESIAN_POINT('',(0.0125355339059327,-0.0413173003549241,0.0126849151371459));
#5929=CARTESIAN_POINT('',(0.00726345596729061,-0.0404018136283609,0.0178768983656052));
#5930=CARTESIAN_POINT('',(-0.00989949493661167,-0.0408595569916425,0.0152809067513756));
#5931=CARTESIAN_POINT('',(-0.00989949493661167,-0.0930543679012895,0.0244842601677229));
#5932=CARTESIAN_POINT('',(-0.0125355339059327,-0.0935121112645711,0.0218882685534931));
#5933=CARTESIAN_POINT('',(-0.00726345596729059,-0.0925966245380079,0.0270802517819525));
#5934=CARTESIAN_POINT('',(-0.00726345596729059,-0.0404018136283609,0.0178768983656052));
#5935=CARTESIAN_POINT('',(-0.0125355339059327,-0.0413173003549241,0.0126849151371459));
#5936=CARTESIAN_POINT('',(0.,-0.0967430126628795,0.0150824571585765));
#5937=CARTESIAN_POINT('',(-0.00100000000000002,-0.0984668181225792,0.00530627059442425));
#5938=CARTESIAN_POINT('',(-0.001,-0.0950283248338007,0.0248069350699508));
#5939=CARTESIAN_POINT('',(-0.00848528137423857,-0.0952695590152519,0.0234388280424167));
#5940=CARTESIAN_POINT('',(-0.012,-0.0958798834996274,0.0199775058901104));
#5941=CARTESIAN_POINT('',(-0.012,-0.0967430126628795,0.0150824571585765));
#5942=CARTESIAN_POINT('',(-0.012,-0.0976061418261317,0.0101874084270425));
#5943=CARTESIAN_POINT('',(-0.00848528137423858,-0.0982164663105072,0.00672608627473622));
#5944=CARTESIAN_POINT('',(-0.00497056274847715,-0.0988267907948827,0.00326476412242995));
#5945=CARTESIAN_POINT('',(-5.74465531644925E-18,-0.0988267907948827,0.00326476412242995));
#5946=CARTESIAN_POINT('',(0.00497056274847714,-0.0988267907948827,0.00326476412242994));
#5947=CARTESIAN_POINT('',(0.00848528137423857,-0.0982164663105072,0.00672608627473621));
#5948=CARTESIAN_POINT('',(0.012,-0.0976061418261317,0.0101874084270425));
#5949=CARTESIAN_POINT('',(0.012,-0.0967430126628795,0.0150824571585765));
#5950=CARTESIAN_POINT('',(0.012,-0.0958798834996274,0.0199775058901104));
#5951=CARTESIAN_POINT('',(0.00848528137423858,-0.0952695590152519,0.0234388280424167));
#5952=CARTESIAN_POINT('',(0.001,-0.0984668181225792,0.00530627059442425));
#5953=CARTESIAN_POINT('',(0.001,-0.0950283248338007,0.0248069350699508));
#5954=CARTESIAN_POINT('',(0.,-0.0967430126628795,0.0150824571585765));
#5955=CARTESIAN_POINT('',(-0.0112783531599254,-0.0512783531599254,0.0225));
#5956=CARTESIAN_POINT('',(-0.01595,-0.0466067063198509,0.0225));
#5957=CARTESIAN_POINT('',(-0.01595,-0.0466067063198509,-0.0197561643485969));
#5958=CARTESIAN_POINT('',(-0.01595,-0.0466067063198509,-0.0205));
#5959=CARTESIAN_POINT('',(-0.0112783531599254,-0.0512783531599254,-0.0205));
#5960=CARTESIAN_POINT('',(-0.00807117241391812,-0.0544855339059327,-0.0205));
#5961=CARTESIAN_POINT('',(-0.00807117241391812,-0.0544855339059327,0.0225));
#5962=CARTESIAN_POINT('',(-0.00807117241391812,-0.0544855339059327,-0.00516741398944973));
#5963=CARTESIAN_POINT('',(-0.00834734621036921,-0.0542093601094817,-0.00493567665870679));
#5964=CARTESIAN_POINT('',(-0.00811736649163068,-0.0544393398282202,-0.00512865255587855));
#5965=CARTESIAN_POINT('',(-0.00811736649163068,-0.0544393398282202,0.0225));
#5966=CARTESIAN_POINT('',(-0.00811736649163068,-0.0544393398282202,-0.0121642101582636));
#5967=CARTESIAN_POINT('',(-0.0146173664916307,-0.0479393398282202,0.000429309132846299));
#5968=CARTESIAN_POINT('',(-0.0100211724139181,-0.0525355339059327,-0.0184967996029498));
#5969=CARTESIAN_POINT('',(-0.00640690631639404,-0.0561498000034568,-0.0176190772636874));
#5970=CARTESIAN_POINT('',(-0.0152932503525603,-0.0472634559672906,-0.0197771205467365));
#5971=CARTESIAN_POINT('',(-0.0198894444302728,-0.0426672618895781,-0.000851011810940508));
#5972=CARTESIAN_POINT('',(-0.0112783531599254,-0.0512783531599254,0.0225));
#5973=CARTESIAN_POINT('',(-0.012222842822063,-0.0503338634977878,0.0205));
#5974=CARTESIAN_POINT('',(-0.00832634851463113,-0.0542303578052197,0.0205));
#5975=CARTESIAN_POINT('',(-0.010915743099001,-0.0516409632208498,0.0205));
#5976=CARTESIAN_POINT('',(-0.0111290919093213,-0.0514276144105296,0.0226213203435596));
#5977=CARTESIAN_POINT('',(-0.0121138792007478,-0.0504428271191031,0.0220513119528048));
#5978=CARTESIAN_POINT('',(-0.0121231926080661,-0.0504335137117847,0.0220896625003725));
#5979=CARTESIAN_POINT('',(-0.0109715722604245,-0.0515851340594263,0.0173475450977351));
#5980=CARTESIAN_POINT('',(-0.0111739424963902,-0.0513827638234606,0.0171063696419889));
#5981=CARTESIAN_POINT('',(0.,-0.05595,0.0225));
#5982=CARTESIAN_POINT('',(-0.00372792206135787,-0.05595,-0.000984800634180271));
#5983=CARTESIAN_POINT('',(-0.00453563850798538,-0.05595,-0.00753391610365035));
#5984=CARTESIAN_POINT('',(-0.00372792206135787,-0.05595,-0.00758507361143761));
#5985=CARTESIAN_POINT('',(-0.00453563850798538,-0.05595,0.0225));
#5986=CARTESIAN_POINT('',(-0.00453563850798538,-0.05595,-0.0205));
#5987=CARTESIAN_POINT('',(0.,-0.05595,-0.0205));
#5988=CARTESIAN_POINT('',(0.00453563850798538,-0.05595,-0.0205));
#5989=CARTESIAN_POINT('',(0.00453563850798538,-0.05595,0.0225));
#5990=CARTESIAN_POINT('',(0.00453563850798538,-0.05595,-0.00753391610365035));
#5991=CARTESIAN_POINT('',(0.00372792206135785,-0.05595,-0.000984800634180275));
#5992=CARTESIAN_POINT('',(0.00372792206135784,-0.05595,-0.00758507361143762));
#5993=CARTESIAN_POINT('',(0.00372792206135784,-0.05595,-0.00758507361143762));
#5994=CARTESIAN_POINT('',(0.0025,-0.05595,-0.00758507361143761));
#5995=CARTESIAN_POINT('',(0.0025,-0.05595,-0.00919090936193676));
#5996=CARTESIAN_POINT('',(0.0025,-0.05595,-0.017973982904545));
#5997=CARTESIAN_POINT('',(0.001,-0.05595,-0.017973982904545));
#5998=CARTESIAN_POINT('',(0.001,-0.05595,-0.0198264241646717));
#5999=CARTESIAN_POINT('',(0.,-0.05595,-0.0198264241646717));
#6000=CARTESIAN_POINT('',(-0.001,-0.05595,-0.0198264241646717));
#6001=CARTESIAN_POINT('',(-0.001,-0.05595,-0.017973982904545));
#6002=CARTESIAN_POINT('',(-0.0025,-0.05595,-0.017973982904545));
#6003=CARTESIAN_POINT('',(-0.0025,-0.05595,-0.00919090936193676));
#6004=CARTESIAN_POINT('',(-0.0025,-0.05595,-0.00758507361143761));
#6005=CARTESIAN_POINT('',(-0.0025,-0.05595,-0.00758507361143761));
#6006=CARTESIAN_POINT('',(0.0112783531599254,-0.0512783531599254,0.0225));
#6007=CARTESIAN_POINT('',(0.0108364114216838,-0.051720294898167,-0.0185));
#6008=CARTESIAN_POINT('',(0.0103944696834422,-0.0521622366364086,-0.0185));
#6009=CARTESIAN_POINT('',(0.0112783531599254,-0.0512783531599254,-0.0185));
#6010=CARTESIAN_POINT('',(0.0103944696834422,-0.0521622366364086,-0.01625));
#6011=CARTESIAN_POINT('',(0.0103944696834422,-0.0521622366364086,-0.014));
#6012=CARTESIAN_POINT('',(0.0108364114216838,-0.051720294898167,-0.014));
#6013=CARTESIAN_POINT('',(0.011985459941112,-0.0505712463787389,-0.014));
#6014=CARTESIAN_POINT('',(0.011985459941112,-0.0505712463787389,-0.0151426789006274));
#6015=CARTESIAN_POINT('',(0.012184902981631,-0.0503718033382198,-0.01625));
#6016=CARTESIAN_POINT('',(0.0125701788568166,-0.0499865274630343,-0.017375));
#6017=CARTESIAN_POINT('',(0.0129554547320021,-0.0496012515878487,-0.0185));
#6018=CARTESIAN_POINT('',(0.0124251246461122,-0.0501315816737386,-0.0185));
#6019=CARTESIAN_POINT('',(0.0118947945602223,-0.0506619117596285,-0.0185));
#6020=CARTESIAN_POINT('',(0.0115865738600739,-0.050970132459777,-0.0176));
#6021=CARTESIAN_POINT('',(0.0112783531599254,-0.0512783531599254,-0.0167));
#6022=CARTESIAN_POINT('',(0.0112783531599254,-0.0512783531599254,-0.0176));
#6023=CARTESIAN_POINT('',(0.00793933982822018,-0.0546173664916307,0.0116270234325934));
#6024=CARTESIAN_POINT('',(0.0144393398282202,-0.0481173664916307,0.0104808980579884));
#6025=CARTESIAN_POINT('',(0.0125355339059327,-0.0500211724139181,0.0154836881880213));
#6026=CARTESIAN_POINT('',(0.0144393398282202,-0.0481173664916307,0.0103713425177558));
#6027=CARTESIAN_POINT('',(0.0144393398282202,-0.0481173664916307,0.00291003552171095));
#6028=CARTESIAN_POINT('',(0.00793933982822018,-0.0546173664916307,0.00405616089631598));
#6029=CARTESIAN_POINT('',(0.0125355339059327,-0.0500211724139181,-0.0014213699080582));
#6030=CARTESIAN_POINT('',(0.0128117077023838,-0.049744998617467,-0.00118963257731526));
#6031=CARTESIAN_POINT('',(0.00807117241391812,-0.0544855339059327,-0.00516741398944972));
#6032=CARTESIAN_POINT('',(0.00807117241391812,-0.0544855339059327,0.0225));
#6033=CARTESIAN_POINT('',(0.00807117241391812,-0.0544855339059327,-0.0205));
#6034=CARTESIAN_POINT('',(0.0112783531599254,-0.0512783531599254,-0.0205));
#6035=CARTESIAN_POINT('',(0.0144855339059327,-0.0480711724139181,-0.0205));
#6036=CARTESIAN_POINT('',(0.0144855339059327,-0.0480711724139181,0.0225));
#6037=CARTESIAN_POINT('',(0.01795,-0.0446067063198509,0.0225));
#6038=CARTESIAN_POINT('',(0.0179499999999929,-0.0446067063198586,-0.0105562261235816));
#6039=CARTESIAN_POINT('',(0.0179499999999927,-0.0446067063198581,-0.0105562261235802));
#6040=CARTESIAN_POINT('',(0.0167983273000172,-0.0457583790198336,-0.0103232023135602));
#6041=CARTESIAN_POINT('',(0.0156425064618098,-0.046914199858041,-0.010128262268916));
#6042=CARTESIAN_POINT('',(0.0144855339059327,-0.0480711724139182,-0.00994983096199064));
#6043=CARTESIAN_POINT('',(0.0144855339059327,-0.0480711724139181,-0.00994983096199064));
#6044=CARTESIAN_POINT('',(0.0144855339059327,-0.0480711724139181,0.0225));
#6045=CARTESIAN_POINT('',(0.0144855339059327,-0.0480711724139181,0.0205));
#6046=CARTESIAN_POINT('',(0.00660670631985087,-0.05595,0.0205));
#6047=CARTESIAN_POINT('',(0.00832634851463114,-0.0542303578052197,0.0205));
#6048=CARTESIAN_POINT('',(0.00770612957451146,-0.0548505767453394,0.0212391481500826));
#6049=CARTESIAN_POINT('',(-0.0360474900068587,-0.054,0.0480224616713292));
#6050=CARTESIAN_POINT('',(-0.0393601857925759,-0.054,0.0463126518787352));
#6051=CARTESIAN_POINT('',(-0.021185428096195,-0.054,0.0110997039309473));
#6052=CARTESIAN_POINT('',(-0.0189593996898158,-0.054,0.0110997039309473));
#6053=CARTESIAN_POINT('',(-0.014,-0.054,0.0110997039309473));
#6054=CARTESIAN_POINT('',(-0.014,-0.054,0.0480224616713292));
#6055=CARTESIAN_POINT('',(-0.014,-0.054,0.011331142057486));
#6056=CARTESIAN_POINT('',(-0.009,-0.054,0.011331142057486));
#6057=CARTESIAN_POINT('',(-0.0137433204357458,-0.054,0.012936965081925));
#6058=CARTESIAN_POINT('',(-0.0327347942211415,-0.054,0.0497322714639232));
#6059=CARTESIAN_POINT('',(-0.0272506282116052,-0.0498994949366117,0.0525628606136259));
#6060=CARTESIAN_POINT('',(-0.000261954042771647,-0.0397052116106403,0.0225));
#6061=CARTESIAN_POINT('',(-0.0118868611786433,-0.0500353044195893,0.0225));
#6062=CARTESIAN_POINT('',(-0.0249081985575165,-0.0472634559672906,0.0537718787125083));
#6063=CARTESIAN_POINT('',(-0.0239908994485479,-0.0472634559672906,0.0519946442471984));
#6064=CARTESIAN_POINT('',(-0.0299771085645523,-0.054,0.0489049313278322));
#6065=CARTESIAN_POINT('',(-0.0286757587567253,-0.0525355339059327,0.0495766080494336));
#6066=CARTESIAN_POINT('',(-0.0295930578656938,-0.0525355339059327,0.0513538425147435));
#6067=CARTESIAN_POINT('',(-0.0326716421388309,-0.056,0.0497648666841735));
#6068=CARTESIAN_POINT('',(-0.0295930578656939,-0.0525355339059327,0.0513538425147435));
#6069=CARTESIAN_POINT('',(-0.011301996080449,-0.0525355339059327,0.0159155595228414));
#6070=CARTESIAN_POINT('',(-0.00615706376445682,-0.0460888898507511,0.0200031434308985));
#6071=CARTESIAN_POINT('',(-0.0112860255288999,-0.0525155226686843,0.0159282479248467));
#6072=CARTESIAN_POINT('',(-0.0120807453109584,-0.0525972813524522,0.017289729700193));
#6073=CARTESIAN_POINT('',(-0.0125279188822913,-0.0511860745809758,0.0212329863659152));
#6074=CARTESIAN_POINT('',(0.00986413959755233,-0.0498641395975523,0.0225));
#6075=CARTESIAN_POINT('',(0.0128478303988482,-0.0453217455982722,0.0236021696011518));
#6076=CARTESIAN_POINT('',(0.0155693976625564,-0.0464490556698108,0.0208806023374436));
#6077=CARTESIAN_POINT('',(0.01395,-0.0457782791951047,0.0225));
#6078=CARTESIAN_POINT('',(0.0145357864376269,-0.0451924927574778,0.0225));
#6079=CARTESIAN_POINT('',(0.00577827919510467,-0.05395,0.0225));
#6080=CARTESIAN_POINT('',(0.00532174559827223,-0.0528478303988482,0.0236021696011518));
#6081=CARTESIAN_POINT('',(0.0062949716927452,-0.0551974060353802,0.0212525939646198));
#6082=CARTESIAN_POINT('',(0.00372792206135787,-0.0621838798895797,0.0181275891277293));
#6083=CARTESIAN_POINT('',(0.00726345596729061,-0.0552902388742704,0.0205021294367201));
#6084=CARTESIAN_POINT('',(0.00667341993143444,-0.0550843153307878,0.021064957852821));
#6085=CARTESIAN_POINT('',(0.00818847586356393,-0.0556130723340202,0.0196197638667498));
#6086=CARTESIAN_POINT('',(0.0106456581331769,-0.0540323685302336,0.019));
#6087=CARTESIAN_POINT('',(0.01095,-0.0445356385079854,0.0255));
#6088=CARTESIAN_POINT('',(0.,-0.05395,0.0225));
#6089=CARTESIAN_POINT('',(-0.00532174559827223,-0.0528478303988482,0.0236021696011518));
#6090=CARTESIAN_POINT('',(-0.00629497169274521,-0.0551974060353802,0.0212525939646198));
#6091=CARTESIAN_POINT('',(-0.00577827919510467,-0.05395,0.0225));
#6092=CARTESIAN_POINT('',(-0.00372792206135785,-0.0589012305236837,0.0175487694763162));
#6093=CARTESIAN_POINT('',(0.00372792206135787,-0.0589012305236837,0.0175487694763162));
#6094=CARTESIAN_POINT('',(0.00660670631985087,-0.05395,0.0225));
#6095=CARTESIAN_POINT('',(-0.00986413959755233,-0.0498641395975523,0.0225));
#6096=CARTESIAN_POINT('',(-0.0106456581331769,-0.0540323685302336,0.019));
#6097=CARTESIAN_POINT('',(-0.00818847586356393,-0.0556130723340202,0.0196197638667498));
#6098=CARTESIAN_POINT('',(-0.00667341993143444,-0.0550843153307878,0.021064957852821));
#6099=CARTESIAN_POINT('',(-0.00726345596729059,-0.0552902388742704,0.0205021294367202));
#6100=CARTESIAN_POINT('',(-0.00372792206135785,-0.0621838798895797,0.0181275891277293));
#6101=CARTESIAN_POINT('',(-0.00519249275747777,-0.0545357864376269,0.0225));
#6102=CARTESIAN_POINT('',(-0.00990382391138938,-0.0498244552837153,0.0225));
#6103=CARTESIAN_POINT('',(-0.0098234787880454,-0.049680226815621,0.0226587975093814));
#6104=CARTESIAN_POINT('',(-0.01595,-0.04,0.0225));
#6105=CARTESIAN_POINT('',(-0.01595,-0.0333932936801491,0.0225));
#6106=CARTESIAN_POINT('',(-0.01595,-0.0333932936801491,-0.0197561643485969));
#6107=CARTESIAN_POINT('',(-0.01595,-0.0333932936801491,-0.0205));
#6108=CARTESIAN_POINT('',(-0.01595,-0.04,-0.0205));
#6109=CARTESIAN_POINT('',(-0.01595,-0.0342408520405122,-0.0205));
#6110=CARTESIAN_POINT('',(-0.01595,-0.0362720779386421,-0.0105385370053278));
#6111=CARTESIAN_POINT('',(-0.01595,-0.0332413401893812,-0.0192091244769589));
#6112=CARTESIAN_POINT('',(-0.01595,-0.0333932936801491,-0.0197561643485969));
#6113=CARTESIAN_POINT('',(-0.01595,-0.0333932936801491,-0.0195632044479991));
#6114=CARTESIAN_POINT('',(-0.01595,-0.0333408706740741,-0.0193745086711175));
#6115=CARTESIAN_POINT('',(-0.01595,-0.0332413401893812,-0.0192091244769589));
#6116=CARTESIAN_POINT('',(-0.0360474900068587,-0.04,0.0480224616713292));
#6117=CARTESIAN_POINT('',(-0.0166914382966879,-0.0196319984545925,0.0580128649261943));
#6118=CARTESIAN_POINT('',(-0.0416237538791045,-0.0476894282074745,0.04514433727006));
#6119=CARTESIAN_POINT('',(-0.0429593099888436,-0.0491923881554251,0.0444550053595247));
#6120=CARTESIAN_POINT('',(-0.0399438777980174,-0.0525857864376269,0.0460113859698444));
#6121=CARTESIAN_POINT('',(-0.0404644177211482,-0.052,0.0457427152812038));
#6122=CARTESIAN_POINT('',(-0.0308944076735209,-0.052,0.0506821657931421));
#6123=CARTESIAN_POINT('',(-0.0316305622925691,-0.052,0.0503022080614546));
#6124=CARTESIAN_POINT('',(-0.0248635432918685,-0.0443847763108502,0.0537949270137815));
#6125=CARTESIAN_POINT('',(-0.0253840832149993,-0.0449705627484772,0.053526256325141));
#6126=CARTESIAN_POINT('',(-0.0253840832149993,-0.0342010101267766,0.053526256325141));
#6127=CARTESIAN_POINT('',(-0.0253840832149993,-0.0350294372515228,0.053526256325141));
#6128=CARTESIAN_POINT('',(-0.0321511022157,-0.0274142135623731,0.050033537372814));
#6129=CARTESIAN_POINT('',(-0.0316305622925692,-0.028,0.0503022080614546));
#6130=CARTESIAN_POINT('',(-0.0412005723401965,-0.028,0.0453627575495163));
#6131=CARTESIAN_POINT('',(-0.0404644177211482,-0.028,0.0457427152812038));
#6132=CARTESIAN_POINT('',(-0.0472314367218489,-0.0356152236891498,0.0422499963288769));
#6133=CARTESIAN_POINT('',(-0.0467108967987181,-0.0350294372515228,0.0425186670175174));
#6134=CARTESIAN_POINT('',(-0.0467108967987181,-0.0457989898732233,0.0425186670175174));
#6135=CARTESIAN_POINT('',(-0.0467108967987181,-0.0449705627484772,0.0425186670175174));
#6136=CARTESIAN_POINT('',(-0.0442160045310227,-0.047778174593052,0.0438063769391965));
#6137=CARTESIAN_POINT('',(-0.0442160045310227,-0.047778174593052,0.0438063769391965));
#6138=CARTESIAN_POINT('',(-0.017948132838867,-0.0182177848922194,0.0573642365058662));
#6139=CARTESIAN_POINT('',(-0.0428804484212836,-0.0462752146451014,0.0444957088497319));
#6140=CARTESIAN_POINT('',(-0.0360474900068587,-0.04,0.0480224616713292));
#6141=CARTESIAN_POINT('',(-0.0222880033723293,-0.04,0.0213639446916808));
#6142=CARTESIAN_POINT('',(-0.029898111200637,-0.049699040531022,0.0407081052564531));
#6143=CARTESIAN_POINT('',(-0.0292441043182959,-0.0497352549194671,0.0391344031127606));
#6144=CARTESIAN_POINT('',(-0.0298914382982726,-0.0499474321046685,0.0375720183611828));
#6145=CARTESIAN_POINT('',(-0.0314606841049735,-0.0499123092733744,0.0369201340594111));
#6146=CARTESIAN_POINT('',(-0.0330247921938136,-0.0496990236081409,0.0375651835114362));
#6147=CARTESIAN_POINT('',(-0.0336770264290188,-0.049735199633078,0.039137242043054));
#6148=CARTESIAN_POINT('',(-0.0330330678025316,-0.049947249315345,0.0406985413556251));
#6149=CARTESIAN_POINT('',(-0.0314607470902091,-0.0499123754770445,0.0413527716636321));
#6150=CARTESIAN_POINT('',(-0.029898111200637,-0.049699040531022,0.0407081052564531));
#6151=CARTESIAN_POINT('',(-0.0292441043182959,-0.0497352549194671,0.0391344031127606));
#6152=CARTESIAN_POINT('',(-0.0298914382982726,-0.0499474321046685,0.0375720183611828));
#6153=CARTESIAN_POINT('',(-0.0294609944620155,-0.0497645820522598,0.0391362893447797));
#6154=CARTESIAN_POINT('',(-0.0409089477399503,-0.0384311096820098,0.0360219381722201));
#6155=CARTESIAN_POINT('',(-0.0413421718385222,-0.0400003488818093,0.0365311020844901));
#6156=CARTESIAN_POINT('',(-0.0409092825364682,-0.0415674947907529,0.0360222153808162));
#6157=CARTESIAN_POINT('',(-0.0400548825377494,-0.0422162400516793,0.0347029912331236));
#6158=CARTESIAN_POINT('',(-0.039472059553627,-0.0415675428692923,0.0332376181682255));
#6159=CARTESIAN_POINT('',(-0.0393088913381468,-0.0400007251399528,0.0325919865610198));
#6160=CARTESIAN_POINT('',(-0.0394717036929944,-0.0384344269226383,0.0332361848645812));
#6161=CARTESIAN_POINT('',(-0.0400532702400778,-0.0377836165859707,0.0346999604693157));
#6162=CARTESIAN_POINT('',(-0.0409089477399503,-0.0384311096820098,0.0360219381722201));
#6163=CARTESIAN_POINT('',(-0.0413421718385222,-0.0400003488818093,0.0365311020844901));
#6164=CARTESIAN_POINT('',(-0.0409092825364682,-0.0415674947907529,0.0360222153808162));
#6165=CARTESIAN_POINT('',(-0.0411978196050845,-0.04,0.0363614269818328));
#6166=CARTESIAN_POINT('',(-0.0222880033723293,-0.04,0.0213639446916808));
#6167=CARTESIAN_POINT('',(-0.0134684773382289,-0.04,0.0259160415199376));
#6168=CARTESIAN_POINT('',(-0.0291209617867541,-0.0462752146451014,0.0178371918700835));
#6169=CARTESIAN_POINT('',(-0.0345460646177692,-0.0462752146451014,0.0283481360483361));
#6170=CARTESIAN_POINT('',(-0.0332893700755901,-0.0476894282074745,0.0289967644686642));
#6171=CARTESIAN_POINT('',(-0.0327188675034581,-0.0481138947310054,0.0290254748250088));
#6172=CARTESIAN_POINT('',(-0.0314151703681655,-0.0487256296133017,0.0286491484335422));
#6173=CARTESIAN_POINT('',(-0.0300433439575394,-0.0489085996598808,0.0268659745054793));
#6174=CARTESIAN_POINT('',(-0.0300834944766863,-0.0483811353874263,0.0246728223567047));
#6175=CARTESIAN_POINT('',(-0.0312108929441534,-0.0470811485006599,0.0232207702375808));
#6176=CARTESIAN_POINT('',(-0.0327227789539292,-0.0454110762751869,0.0233090213972222));
#6177=CARTESIAN_POINT('',(-0.0340748692682724,-0.0443695321816977,0.0247788676950644));
#6178=CARTESIAN_POINT('',(-0.0349308749635238,-0.0447660523509856,0.0268305268597095));
#6179=CARTESIAN_POINT('',(-0.0348149723473851,-0.0457550326328726,0.0279435660317656));
#6180=CARTESIAN_POINT('',(-0.0345460646177692,-0.0462752146451014,0.0283481360483361));
#6181=CARTESIAN_POINT('',(-0.0332893700755901,-0.0476894282074745,0.0289967644686642));
#6182=CARTESIAN_POINT('',(-0.0278642672445751,-0.0476894282074745,0.0184858202904115));
#6183=CARTESIAN_POINT('',(0.01595,-0.04,0.0225));
#6184=CARTESIAN_POINT('',(0.01595,-0.04,-0.0125));
#6185=CARTESIAN_POINT('',(0.01595,-0.0445356385079854,-0.00716821011996157));
#6186=CARTESIAN_POINT('',(0.01595,-0.0354643614920146,-0.00716821011996158));
#6187=CARTESIAN_POINT('',(0.01595,-0.0354643614920146,0.0225));
#6188=CARTESIAN_POINT('',(0.01595,-0.0354643614920146,0.0205));
#6189=CARTESIAN_POINT('',(0.01595,-0.0466067063198509,0.0205));
#6190=CARTESIAN_POINT('',(0.01595,-0.0445356385079854,0.0205));
#6191=CARTESIAN_POINT('',(0.01595,-0.0445356385079854,0.0225));
#6192=CARTESIAN_POINT('',(0.0112783531599254,-0.0287216468400746,0.0225));
#6193=CARTESIAN_POINT('',(0.00460670631985086,-0.02205,0.0225));
#6194=CARTESIAN_POINT('',(0.00460670631985852,-0.0220500000000071,-0.0105562261235816));
#6195=CARTESIAN_POINT('',(0.00460670631985811,-0.0220500000000072,-0.0105562261235803));
#6196=CARTESIAN_POINT('',(0.00575837901983367,-0.0232016726999828,-0.0103232023135603));
#6197=CARTESIAN_POINT('',(0.00691419985804102,-0.0243574935381902,-0.010128262268916));
#6198=CARTESIAN_POINT('',(0.0080711724139182,-0.0255144660940674,-0.00994983096199063));
#6199=CARTESIAN_POINT('',(0.00807117241391812,-0.0255144660940673,-0.00994983096199063));
#6200=CARTESIAN_POINT('',(0.00807117241391812,-0.0255144660940673,0.0225));
#6201=CARTESIAN_POINT('',(0.00807117241391812,-0.0255144660940673,0.0205));
#6202=CARTESIAN_POINT('',(0.01595,-0.0333932936801491,0.0205));
#6203=CARTESIAN_POINT('',(0.0144855339059327,-0.0319288275860819,0.0205));
#6204=CARTESIAN_POINT('',(0.0144855339059327,-0.0319288275860819,0.0225));
#6205=CARTESIAN_POINT('',(0.0144855339059327,-0.0319288275860819,-0.0099498309619874));
#6206=CARTESIAN_POINT('',(0.0144855339059114,-0.0319288275860606,-0.0099498309619874));
#6207=CARTESIAN_POINT('',(0.015642662829173,-0.0330859565093222,-0.0101282863842959));
#6208=CARTESIAN_POINT('',(0.0167987603248592,-0.0342420540050083,-0.0103232899296844));
#6209=CARTESIAN_POINT('',(0.01795,-0.0353932936801491,-0.0105562261235817));
#6210=CARTESIAN_POINT('',(0.01795,-0.0353932936801492,-0.0105562261235817));
#6211=CARTESIAN_POINT('',(0.01795,-0.0353932936801492,0.0225));
#6212=CARTESIAN_POINT('',(0.0144855339059327,-0.0319288275860819,0.0225));
#6213=CARTESIAN_POINT('',(0.0144855339059327,-0.0319288275860819,-0.0205));
#6214=CARTESIAN_POINT('',(0.0112783531599254,-0.0287216468400746,-0.0205));
#6215=CARTESIAN_POINT('',(0.011985459941112,-0.0294287536212611,-0.0205));
#6216=CARTESIAN_POINT('',(0.011985459941112,-0.0294287536212611,-0.0134142135623731));
#6217=CARTESIAN_POINT('',(0.011985459941112,-0.0294287536212611,-0.00432842712474619));
#6218=CARTESIAN_POINT('',(0.0112783531599254,-0.0287216468400746,-0.0015));
#6219=CARTESIAN_POINT('',(0.0105712463787389,-0.0280145400588881,-0.00432842712474619));
#6220=CARTESIAN_POINT('',(0.0105712463787389,-0.0280145400588881,-0.0134142135623731));
#6221=CARTESIAN_POINT('',(0.0105712463787389,-0.0280145400588881,-0.0205));
#6222=CARTESIAN_POINT('',(0.0112783531599254,-0.0287216468400746,-0.0205));
#6223=CARTESIAN_POINT('',(0.00807117241391812,-0.0255144660940673,-0.0205));
#6224=CARTESIAN_POINT('',(0.00807117241391812,-0.0255144660940673,0.0225));
#6225=CARTESIAN_POINT('',(1.7347234759768E-18,-0.02405,0.0225));
#6226=CARTESIAN_POINT('',(0.00660670631985087,-0.02405,0.0205));
#6227=CARTESIAN_POINT('',(-0.00453563850798538,-0.02405,0.0205));
#6228=CARTESIAN_POINT('',(0.00453563850798538,-0.02405,0.0205));
#6229=CARTESIAN_POINT('',(0.00453563850798538,-0.02405,0.0225));
#6230=CARTESIAN_POINT('',(0.00453563850798539,-0.02405,-0.00716821011996157));
#6231=CARTESIAN_POINT('',(7.91554972622724E-18,-0.02405,-0.0125));
#6232=CARTESIAN_POINT('',(-0.00453563850798538,-0.02405,-0.00716821011996158));
#6233=CARTESIAN_POINT('',(-0.00453563850798538,-0.02405,0.0225));
#6234=CARTESIAN_POINT('',(-0.0112783531599254,-0.0287216468400746,0.0225));
#6235=CARTESIAN_POINT('',(-0.00640690631639398,-0.0238501999965431,-0.0176190772636873));
#6236=CARTESIAN_POINT('',(-0.0100211724139181,-0.0274644660940673,-0.0184967996029498));
#6237=CARTESIAN_POINT('',(-0.0152932503525603,-0.0327365440327094,-0.0197771205467365));
#6238=CARTESIAN_POINT('',(-0.0146173664916307,-0.0320606601717799,0.000429309132846306));
#6239=CARTESIAN_POINT('',(-0.00811736649163068,-0.0255606601717798,-0.0121642101582636));
#6240=CARTESIAN_POINT('',(-0.00811736649163069,-0.0255606601717798,0.0225));
#6241=CARTESIAN_POINT('',(-0.00811736649163069,-0.0255606601717798,0.00409187043708058));
#6242=CARTESIAN_POINT('',(-0.0146173664916307,-0.0320606601717799,0.0166853897281904));
#6243=CARTESIAN_POINT('',(-0.0100211724139181,-0.0274644660940673,0.0178015726844917));
#6244=CARTESIAN_POINT('',(-0.0111744394452594,-0.0286177331254086,0.022550470765714));
#6245=CARTESIAN_POINT('',(-0.0106764838580091,-0.0281197775381582,0.0205));
#6246=CARTESIAN_POINT('',(-0.00660670631985087,-0.02405,0.0205));
#6247=CARTESIAN_POINT('',(-0.00807117241391812,-0.0255144660940673,0.0205));
#6248=CARTESIAN_POINT('',(-0.00807117241391812,-0.0255144660940673,0.0225));
#6249=CARTESIAN_POINT('',(-0.00807117241391812,-0.0255144660940673,-0.00994983096199069));
#6250=CARTESIAN_POINT('',(-0.00807117241391812,-0.0255144660940673,-0.0099498309619907));
#6251=CARTESIAN_POINT('',(-0.00691404349065667,-0.0243573371708058,-0.0101282863842994));
#6252=CARTESIAN_POINT('',(-0.00575794599499161,-0.0232012396751408,-0.0103232899296845));
#6253=CARTESIAN_POINT('',(-0.00460670631985086,-0.02205,-0.0105562261235817));
#6254=CARTESIAN_POINT('',(-0.00460670631985086,-0.02205,-0.0105562261235817));
#6255=CARTESIAN_POINT('',(-0.00460670631985086,-0.02205,0.0225));
#6256=CARTESIAN_POINT('',(-0.00807117241391812,-0.0255144660940673,0.0225));
#6257=CARTESIAN_POINT('',(-0.00807117241391812,-0.0255144660940673,-0.0205));
#6258=CARTESIAN_POINT('',(-0.0112783531599254,-0.0287216468400746,-0.0205));
#6259=CARTESIAN_POINT('',(-0.0198894444302728,-0.0373327381104219,-0.000851011810940501));
#6260=CARTESIAN_POINT('',(-0.01595,-0.04,0.0225));
#6261=CARTESIAN_POINT('',(-0.01595,-0.04,-0.0205));
#6262=CARTESIAN_POINT('',(-0.01595,-0.0457591479594878,-0.0205));
#6263=CARTESIAN_POINT('',(-0.01595,-0.0467586598106189,-0.0192091244769589));
#6264=CARTESIAN_POINT('',(-0.01595,-0.0466591662427156,-0.0193744473285697));
#6265=CARTESIAN_POINT('',(-0.01595,-0.0466067063198509,-0.0195631342975059));
#6266=CARTESIAN_POINT('',(-0.01595,-0.0466067063198509,-0.0197561643485969));
#6267=CARTESIAN_POINT('',(-0.01595,-0.0467586598106189,-0.0192091244769589));
#6268=CARTESIAN_POINT('',(-0.01595,-0.0437279220613579,-0.0105385370053278));
#6269=CARTESIAN_POINT('',(0.,-0.04,0.0225));
#6270=CARTESIAN_POINT('',(-0.0111904751010691,-0.0515378040940356,0.0225));
#6271=CARTESIAN_POINT('',(0.01395,-0.0333932936801491,0.0225));
#6272=CARTESIAN_POINT('',(0.01395,-0.0342217208048953,0.0225));
#6273=CARTESIAN_POINT('',(0.00519249275747777,-0.0254642135623731,0.0225));
#6274=CARTESIAN_POINT('',(0.00577827919510467,-0.02605,0.0225));
#6275=CARTESIAN_POINT('',(-0.00660670631985087,-0.02605,0.0225));
#6276=CARTESIAN_POINT('',(-0.00577827919510467,-0.02605,0.0225));
#6277=CARTESIAN_POINT('',(-0.0108086292596899,-0.0310803500645853,0.0225));
#6278=CARTESIAN_POINT('',(-0.0107252248421773,-0.0309969456470726,0.0225));
#6279=CARTESIAN_POINT('',(-0.00026195404277165,-0.0402947883893598,0.0225));
#6280=CARTESIAN_POINT('',(-0.0360474900068587,-0.026,0.0480224616713292));
#6281=CARTESIAN_POINT('',(-0.0393601857925759,-0.026,0.0463126518787352));
#6282=CARTESIAN_POINT('',(-0.0384428866836072,-0.026,0.0445354174134252));
#6283=CARTESIAN_POINT('',(-0.0091780266634105,-0.026,-0.0121642101582636));
#6284=CARTESIAN_POINT('',(-0.0299771085645523,-0.026,0.0489049313278322));
#6285=CARTESIAN_POINT('',(-0.031817495112173,-0.026,0.0479550369986133));
#6286=CARTESIAN_POINT('',(-0.0327347942211415,-0.026,0.0497322714639232));
#6287=CARTESIAN_POINT('',(-0.00917802666341051,-0.026,0.00409187043708059));
#6288=CARTESIAN_POINT('',(-0.00917802666341051,-0.026,0.0480224616713292));
#6289=CARTESIAN_POINT('',(-0.048488131264028,-0.04,0.0416013679085488));
#6290=CARTESIAN_POINT('',(-0.0169528182520978,-0.0362720779386422,-0.0194971817479022));
#6291=CARTESIAN_POINT('',(-0.0169528182520978,-0.0387573593128807,-0.0194971817479022));
#6292=CARTESIAN_POINT('',(-0.0169528182520978,-0.0412426406871193,-0.0194971817479022));
#6293=CARTESIAN_POINT('',(-0.0169528182520978,-0.0437279220613579,-0.0194971817479022));
#6294=CARTESIAN_POINT('',(-0.0169528182520978,-0.0362720779386421,-0.0194971817479022));
#6295=CARTESIAN_POINT('',(-0.0169528182520978,-0.0437279220613579,-0.0194971817479022));
#6296=CARTESIAN_POINT('',(-0.048488131264028,-0.0437279220613579,0.0416013679085488));
#6297=CARTESIAN_POINT('',(-0.048488131264028,-0.0362720779386421,0.0416013679085488));
#6298=CARTESIAN_POINT('',(-0.0272506282116052,-0.0301005050633883,0.0525628606136259));
#6299=CARTESIAN_POINT('',(-0.0295930578656938,-0.0274644660940673,0.0513538425147435));
#6300=CARTESIAN_POINT('',(-0.0286757587567253,-0.0274644660940673,0.0495766080494336));
#6301=CARTESIAN_POINT('',(-0.0120243534923322,-0.0274644660940673,0.0173151013692457));
#6302=CARTESIAN_POINT('',(-0.0226895496407208,-0.0342010101267767,0.0526663209687997));
#6303=CARTESIAN_POINT('',(-0.0239908994485479,-0.0327365440327094,0.0519946442471984));
#6304=CARTESIAN_POINT('',(-0.0249081985575165,-0.0327365440327094,0.0537718787125083));
#6305=CARTESIAN_POINT('',(-0.0108094516765962,-0.0308457490741497,0.0223335305122185));
#6306=CARTESIAN_POINT('',(-0.0124538170357055,-0.0278939296374405,0.0190835370755088));
#6307=CARTESIAN_POINT('',(-0.0206234210250547,-0.0360635336267896,0.0527241559911848));
#6308=CARTESIAN_POINT('',(-0.0236068487496894,-0.04,0.0544435554341096));
#6309=CARTESIAN_POINT('',(-0.0236068487496894,-0.0362720779386421,0.0544435554341096));
#6310=CARTESIAN_POINT('',(-0.0226895496407208,-0.0362720779386421,0.0526663209687997));
#6311=CARTESIAN_POINT('',(-0.0226895496407208,-0.0457989898732233,0.0526663209687997));
#6312=CARTESIAN_POINT('',(-0.0226895496407208,-0.0437279220613579,0.0526663209687997));
#6313=CARTESIAN_POINT('',(-0.0236068487496894,-0.0437279220613579,0.0544435554341096));
#6314=CARTESIAN_POINT('',(-0.0222880033723293,-0.04,0.0213639446916808));
#6315=CARTESIAN_POINT('',(-0.0137809409371097,-0.0182177848922194,0.0492904501051683));
#6316=CARTESIAN_POINT('',(-0.0445553999642331,-0.0491923881554251,0.0413805140535586));
#6317=CARTESIAN_POINT('',(-0.0096137490353525,-0.0182177848922194,0.0412166637044704));
#6318=CARTESIAN_POINT('',(-0.00768814492360678,-0.0189248916734059,0.0390275888302763));
#6319=CARTESIAN_POINT('',(-0.00835705449317342,-0.0196319984545925,0.0418652921247985));
#6320=CARTESIAN_POINT('',(-0.0125242463949306,-0.0196319984545925,0.0499390785254964));
#6321=CARTESIAN_POINT('',(-0.0432987054220541,-0.0506066017177982,0.0420291424738866));
#6322=CARTESIAN_POINT('',(-0.000801922700954506,-0.04,0.0549606162735975));
#6323=CARTESIAN_POINT('',(0.00703571247280614,-0.0315500739648208,-0.0134142135623731));
#6324=CARTESIAN_POINT('',(0.0113086832458153,-0.0272771031918115,-0.0194571067811866));
#6325=CARTESIAN_POINT('',(0.00703571247280614,-0.0315500739648208,-0.00432842712474619));
#6326=CARTESIAN_POINT('',(0.00774281925399269,-0.0322571807460073,-0.0015));
#6327=CARTESIAN_POINT('',(0.00844992603517923,-0.0329642875271939,-0.00432842712474619));
#6328=CARTESIAN_POINT('',(0.00844992603517924,-0.0329642875271939,-0.0134142135623731));
#6329=CARTESIAN_POINT('',(0.011985459941112,-0.0294287536212611,-0.0205));
#6330=CARTESIAN_POINT('',(-0.0439270526931436,-0.0498994949366117,0.0417048282637226));
#6331=CARTESIAN_POINT('',(-0.0470952362940554,-0.0453408199552553,0.041314372222018));
#6332=CARTESIAN_POINT('',(-0.0474071854517224,-0.0456413392231833,0.0403369063315842));
#6333=CARTESIAN_POINT('',(-0.0454209937642062,-0.0437279220613579,0.0465604673789352));
#6334=CARTESIAN_POINT('',(-0.0475708321550594,-0.04,0.0398241334432389));
#6335=CARTESIAN_POINT('',(-0.0470952362940554,-0.0346591800447447,0.0413143722220181));
#6336=CARTESIAN_POINT('',(-0.0474071854517224,-0.0343586607768167,0.0403369063315842));
#6337=CARTESIAN_POINT('',(-0.0454209937642062,-0.0362720779386421,0.0465604673789352));
#6338=CARTESIAN_POINT('',(-0.0454209937642062,-0.0437279220613579,0.0465604673789352));
#6339=CARTESIAN_POINT('',(-0.0439270526931436,-0.0301005050633883,0.0417048282637226));
#6340=CARTESIAN_POINT('',(-0.040383457005525,-0.0271061200298298,0.0447785798328521));
#6341=CARTESIAN_POINT('',(-0.0403177452393673,-0.0263806023374436,0.0439960392804525));
#6342=CARTESIAN_POINT('',(-0.0407361344560288,-0.031,0.0489785035767));
#6343=CARTESIAN_POINT('',(-0.0454209937642062,-0.0362720779386421,0.0465604673789352));
#6344=CARTESIAN_POINT('',(-0.0439270526931436,-0.0498994949366117,0.0417048282637226));
#6345=CARTESIAN_POINT('',(-0.040383457005525,-0.0528938799701702,0.0447785798328521));
#6346=CARTESIAN_POINT('',(-0.0403177452393673,-0.0536193976625564,0.0439960392804525));
#6347=CARTESIAN_POINT('',(-0.0407361344560288,-0.049,0.0489785035767));
#6348=CARTESIAN_POINT('',(-0.0351301908978901,-0.026,0.0462452272060193));
#6349=CARTESIAN_POINT('',(-0.0407361344560288,-0.031,0.0489785035767));
#6350=CARTESIAN_POINT('',(-0.0308915677080304,-0.0271061200298298,0.0496777092189696));
#6351=CARTESIAN_POINT('',(-0.0302917627414213,-0.0263806023374436,0.0491708347232683));
#6352=CARTESIAN_POINT('',(-0.0341107428845945,-0.031,0.0523981231618881));
#6353=CARTESIAN_POINT('',(-0.0351301908978901,-0.054,0.0462452272060193));
#6354=CARTESIAN_POINT('',(-0.0341107428845945,-0.049,0.0523981231618881));
#6355=CARTESIAN_POINT('',(-0.0302917627414213,-0.0536193976625564,0.0491708347232683));
#6356=CARTESIAN_POINT('',(-0.0308915677080304,-0.0528938799701702,0.0496777092189697));
#6357=CARTESIAN_POINT('',(-0.0407361344560288,-0.049,0.0489785035767));
#6358=CARTESIAN_POINT('',(-0.0263333291026366,-0.0301005050633883,0.050785626148316));
#6359=CARTESIAN_POINT('',(-0.0341107428845945,-0.031,0.0523981231618881));
#6360=CARTESIAN_POINT('',(-0.0241797884195,-0.0346591800447447,0.0531419168298037));
#6361=CARTESIAN_POINT('',(-0.0232023225290661,-0.0343586607768167,0.0528299676721366));
#6362=CARTESIAN_POINT('',(-0.0294258835764171,-0.0362720779386421,0.0548161593596529));
#6363=CARTESIAN_POINT('',(-0.0263333291026366,-0.0498994949366117,0.050785626148316));
#6364=CARTESIAN_POINT('',(-0.0294258835764171,-0.0437279220613579,0.0548161593596529));
#6365=CARTESIAN_POINT('',(-0.0232023225290661,-0.0456413392231833,0.0528299676721366));
#6366=CARTESIAN_POINT('',(-0.0241797884195,-0.0453408199552553,0.0531419168298037));
#6367=CARTESIAN_POINT('',(-0.0341107428845945,-0.049,0.0523981231618881));
#6368=CARTESIAN_POINT('',(-0.0226895496407208,-0.04,0.0526663209687997));
#6369=CARTESIAN_POINT('',(-0.0294258835764171,-0.0362720779386421,0.0548161593596529));
#6370=CARTESIAN_POINT('',(-0.0294258835764171,-0.0437279220613579,0.0548161593596529));
#6371=CARTESIAN_POINT('',(-0.00986413959755233,-0.0301358604024476,0.0225));
#6372=CARTESIAN_POINT('',(-0.00532174559827223,-0.0271521696011519,0.0236021696011518));
#6373=CARTESIAN_POINT('',(-0.00644905566981083,-0.0244306023374436,0.0208806023374436));
#6374=CARTESIAN_POINT('',(-0.00453563850798538,-0.02905,0.0255));
#6375=CARTESIAN_POINT('',(-0.0113728699355833,-0.0266948432721728,0.019));
#6376=CARTESIAN_POINT('',(0.,-0.02605,0.0225));
#6377=CARTESIAN_POINT('',(0.00532174559827223,-0.0271521696011519,0.0236021696011518));
#6378=CARTESIAN_POINT('',(0.00644905566981084,-0.0244306023374436,0.0208806023374436));
#6379=CARTESIAN_POINT('',(0.00453563850798538,-0.02905,0.0255));
#6380=CARTESIAN_POINT('',(-0.00453563850798538,-0.02905,0.0255));
#6381=CARTESIAN_POINT('',(0.00986413959755233,-0.0301358604024476,0.0225));
#6382=CARTESIAN_POINT('',(0.00453563850798538,-0.02905,0.0255));
#6383=CARTESIAN_POINT('',(0.0128478303988482,-0.0346782544017278,0.0236021696011518));
#6384=CARTESIAN_POINT('',(0.0155693976625564,-0.0335509443301892,0.0208806023374436));
#6385=CARTESIAN_POINT('',(0.01095,-0.0354643614920146,0.0255));
#6386=CARTESIAN_POINT('',(0.01395,-0.04,0.0225));
#6387=CARTESIAN_POINT('',(0.01095,-0.0354643614920146,0.0255));
#6388=CARTESIAN_POINT('',(0.01095,-0.0445356385079854,0.0255));
#6389=CARTESIAN_POINT('',(0.0112783531599254,-0.0287216468400746,-0.0205));
#6390=CARTESIAN_POINT('',(0.0146898132517296,-0.0339152801224056,-0.0217601867482704));
#6391=CARTESIAN_POINT('',(0.0155693976625564,-0.0335509443301892,-0.0208806023374436));
#6392=CARTESIAN_POINT('',(0.01095,-0.0354643614920146,-0.0255));
#6393=CARTESIAN_POINT('',(0.01595,-0.04,-0.0205));
#6394=CARTESIAN_POINT('',(0.01095,-0.0445356385079854,-0.0255));
#6395=CARTESIAN_POINT('',(0.0155693976625564,-0.0464490556698108,-0.0208806023374436));
#6396=CARTESIAN_POINT('',(0.0146898132517296,-0.0460847198775944,-0.0217601867482704));
#6397=CARTESIAN_POINT('',(0.01095,-0.0354643614920146,-0.0255));
#6398=CARTESIAN_POINT('',(0.0112783531599254,-0.0512783531599254,-0.0205));
#6399=CARTESIAN_POINT('',(0.00608471987759442,-0.0546898132517296,-0.0217601867482704));
#6400=CARTESIAN_POINT('',(0.00644905566981083,-0.0555693976625564,-0.0208806023374436));
#6401=CARTESIAN_POINT('',(0.01095,-0.0445356385079854,-0.0255));
#6402=CARTESIAN_POINT('',(0.00453563850798538,-0.05095,-0.0255));
#6403=CARTESIAN_POINT('',(0.,-0.05595,-0.0205));
#6404=CARTESIAN_POINT('',(-0.00453563850798538,-0.05095,-0.0255));
#6405=CARTESIAN_POINT('',(-0.00644905566981083,-0.0555693976625564,-0.0208806023374436));
#6406=CARTESIAN_POINT('',(-0.00608471987759441,-0.0546898132517296,-0.0217601867482704));
#6407=CARTESIAN_POINT('',(0.00453563850798538,-0.05095,-0.0255));
#6408=CARTESIAN_POINT('',(-0.0112783531599254,-0.0512783531599254,-0.0205));
#6409=CARTESIAN_POINT('',(-0.0146898132517296,-0.0460847198775944,-0.0217601867482704));
#6410=CARTESIAN_POINT('',(-0.00453563850798538,-0.05095,-0.0255));
#6411=CARTESIAN_POINT('',(-0.01595,-0.04,-0.0205));
#6412=CARTESIAN_POINT('',(-0.0146898132517296,-0.0339152801224056,-0.0217601867482704));
#6413=CARTESIAN_POINT('',(-0.00532403717424252,-0.0437279220613579,-0.0311259628257575));
#6414=CARTESIAN_POINT('',(-0.00532403717424251,-0.0362720779386421,-0.0311259628257575));
#6415=CARTESIAN_POINT('',(-0.0112783531599254,-0.0287216468400746,-0.0205));
#6416=CARTESIAN_POINT('',(-0.00608471987759442,-0.0253101867482704,-0.0217601867482704));
#6417=CARTESIAN_POINT('',(-0.00644905566981083,-0.0244306023374436,-0.0208806023374436));
#6418=CARTESIAN_POINT('',(-0.00453563850798538,-0.02905,-0.0255));
#6419=CARTESIAN_POINT('',(1.7347234759768E-18,-0.02405,-0.0205));
#6420=CARTESIAN_POINT('',(0.00453563850798538,-0.02905,-0.0255));
#6421=CARTESIAN_POINT('',(0.00644905566981084,-0.0244306023374436,-0.0208806023374436));
#6422=CARTESIAN_POINT('',(0.00608471987759442,-0.0253101867482704,-0.0217601867482704));
#6423=CARTESIAN_POINT('',(-0.00453563850798538,-0.02905,-0.0255));
#6424=CARTESIAN_POINT('',(0.0112783531599254,-0.0287216468400746,-0.0205));
#6425=CARTESIAN_POINT('',(0.00453563850798538,-0.02905,-0.0255));
#6426=CARTESIAN_POINT('',(0.01795,-0.04,6.93889390390723E-18));
#6427=CARTESIAN_POINT('',(0.01795,-0.04,-0.0125));
#6428=CARTESIAN_POINT('',(0.01795,-0.04,-0.0165));
#6429=CARTESIAN_POINT('',(0.01795,-0.04,-0.0125));
#6430=CARTESIAN_POINT('',(0.01095,-0.04,-0.0125));
#6431=CARTESIAN_POINT('',(0.01595,-0.04,-0.0125));
#6432=CARTESIAN_POINT('',(0.01595,-0.04,-0.0145));
#6433=CARTESIAN_POINT('',(-0.0340390596688884,-0.04,0.00924617673869968));
#6434=CARTESIAN_POINT('',(-5.20417042793042E-18,-0.0450096607345451,-0.00825550115527562));
#6435=CARTESIAN_POINT('',(-0.0025,-0.069694202214944,-0.00390295048586402));
#6436=CARTESIAN_POINT('',(-0.0025,-0.0571895277334996,-0.0061078619819193));
#6437=CARTESIAN_POINT('',(-0.0025,-0.0771918632420229,-0.00258091055458368));
#6438=CARTESIAN_POINT('',(-0.001,-0.0771918632420229,-0.00258091055458368));
#6439=CARTESIAN_POINT('',(-0.001,-0.0805701938253052,-0.00198521972299844));
#6440=CARTESIAN_POINT('',(1.34442999523439E-17,-0.0805701938253052,-0.00198521972299844));
#6441=CARTESIAN_POINT('',(0.001,-0.0805701938253052,-0.00198521972299844));
#6442=CARTESIAN_POINT('',(0.001,-0.0771918632420229,-0.00258091055458368));
#6443=CARTESIAN_POINT('',(0.0025,-0.0771918632420229,-0.00258091055458368));
#6444=CARTESIAN_POINT('',(0.0025,-0.069694202214944,-0.00390295048586402));
#6445=CARTESIAN_POINT('',(0.0025,-0.0571895277334996,-0.0061078619819193));
#6446=CARTESIAN_POINT('',(0.0025,-0.0571895277334996,-0.0061078619819193));
#6447=CARTESIAN_POINT('',(0.00372792206135784,-0.0571895277334996,-0.0061078619819193));
#6448=CARTESIAN_POINT('',(0.00372792206135784,-0.0450096607345451,-0.00825550115527562));
#6449=CARTESIAN_POINT('',(0.00372792206135784,-0.0972044716441921,0.00094785226107167));
#6450=CARTESIAN_POINT('',(-5.20417042793042E-18,-0.0972044716441921,0.000947852261071672));
#6451=CARTESIAN_POINT('',(-0.00372792206135787,-0.0972044716441921,0.000947852261071674));
#6452=CARTESIAN_POINT('',(-0.00372792206135787,-0.0450096607345451,-0.00825550115527562));
#6453=CARTESIAN_POINT('',(-0.00372792206135787,-0.0571895277334996,-0.0061078619819193));
#6454=CARTESIAN_POINT('',(-0.00372792206135787,-0.0571895277334996,-0.0061078619819193));
#6455=CARTESIAN_POINT('',(0.00989949493661166,-0.0442976155027737,-0.00421729197758497));
#6456=CARTESIAN_POINT('',(0.00834734621036921,-0.055085838575308,-0.00389113029822675));
#6457=CARTESIAN_POINT('',(0.0125355339059327,-0.0508976508797445,-0.00037682354757817));
#6458=CARTESIAN_POINT('',(0.00807117241391812,-0.0553620123717591,-0.00412286762896969));
#6459=CARTESIAN_POINT('',(0.0125355339059327,-0.0438398721394921,-0.00162130036335527));
#6460=CARTESIAN_POINT('',(0.0125355339059327,-0.0960346830491391,0.00758205305299203));
#6461=CARTESIAN_POINT('',(0.00989949493661166,-0.0964924264124208,0.00498606143876232));
#6462=CARTESIAN_POINT('',(0.00726345596729059,-0.0969501697757024,0.00239006982453262));
#6463=CARTESIAN_POINT('',(0.00726345596729058,-0.0447553588660553,-0.00681328359181468));
#6464=CARTESIAN_POINT('',(0.00726345596729058,-0.0560476207552115,-0.0048221531475305));
#6465=CARTESIAN_POINT('',(0.00347497833620556,-0.0507658182940465,-0.00960039843334385));
#6466=CARTESIAN_POINT('',(0.014,-0.0425785862472081,0.0055318073868953));
#6467=CARTESIAN_POINT('',(0.014,-0.0419312393747689,0.00920309393554577));
#6468=CARTESIAN_POINT('',(0.014,-0.0491780266634105,0.0104808980579884));
#6469=CARTESIAN_POINT('',(0.014,-0.041080451007538,0.014028154534965));
#6470=CARTESIAN_POINT('',(0.014,-0.0419312393747689,0.00920309393554577));
#6471=CARTESIAN_POINT('',(0.014,-0.094126050284416,0.0184064473518931));
#6472=CARTESIAN_POINT('',(0.014,-0.0947733971568551,0.0147351608032426));
#6473=CARTESIAN_POINT('',(0.014,-0.0954207440292943,0.0110638742545921));
#6474=CARTESIAN_POINT('',(0.014,-0.0432259331196473,0.00186052083824482));
#6475=CARTESIAN_POINT('',(0.014,-0.0491780266634105,0.00291003552171095));
#6476=CARTESIAN_POINT('',(0.014,-0.0491780266634105,0.00280047998147833));
#6477=CARTESIAN_POINT('',(-0.00989949493661167,-0.0442976155027737,-0.00421729197758497));
#6478=CARTESIAN_POINT('',(-0.00883288011630195,-0.0546003046693753,-0.00348371897683453));
#6479=CARTESIAN_POINT('',(-0.00807117241391812,-0.0553620123717591,-0.0041228676289697));
#6480=CARTESIAN_POINT('',(-0.00811736649163068,-0.0553158182940465,-0.00408410619539851));
#6481=CARTESIAN_POINT('',(-0.00347497833620556,-0.0507658182940465,-0.00960039843334388));
#6482=CARTESIAN_POINT('',(-0.00726345596729061,-0.0560476207552115,-0.0048221531475305));
#6483=CARTESIAN_POINT('',(-0.00726345596729061,-0.0447553588660553,-0.00681328359181467));
#6484=CARTESIAN_POINT('',(-0.00726345596729061,-0.0969501697757024,0.00239006982453263));
#6485=CARTESIAN_POINT('',(-0.00989949493661167,-0.0964924264124208,0.00498606143876233));
#6486=CARTESIAN_POINT('',(-0.0125355339059327,-0.0960346830491391,0.00758205305299203));
#6487=CARTESIAN_POINT('',(-0.0125355339059327,-0.0438398721394921,-0.00162130036335526));
#6488=CARTESIAN_POINT('',(-0.0125355339059327,-0.0553158182940465,0.000402218572850241));
#6489=CARTESIAN_POINT('',(-0.00892820553917257,-0.0553158182940465,-0.00326075864856839));
#6490=CARTESIAN_POINT('',(0.00989949493661167,-0.0408595569916425,0.0152809067513756));
#6491=CARTESIAN_POINT('',(0.00726345596729061,-0.0404018136283609,0.0178768983656052));
#6492=CARTESIAN_POINT('',(0.0125355339059327,-0.0413173003549241,0.0126849151371459));
#6493=CARTESIAN_POINT('',(0.0125355339059327,-0.0512660142916514,0.0144391418275412));
#6494=CARTESIAN_POINT('',(0.0129759751375929,-0.0508255730599913,0.0139142444073836));
#6495=CARTESIAN_POINT('',(-0.014,-0.0425785862472081,0.0055318073868953));
#6496=CARTESIAN_POINT('',(-0.014,-0.0432259331196473,0.00186052083824483));
#6497=CARTESIAN_POINT('',(-0.014,-0.0954207440292943,0.0110638742545921));
#6498=CARTESIAN_POINT('',(-0.014,-0.0555,0.0040247699922712));
#6499=CARTESIAN_POINT('',(-0.014,-0.0947733971568551,0.0147351608032426));
#6500=CARTESIAN_POINT('',(-0.014,-0.094126050284416,0.0184064473518931));
#6501=CARTESIAN_POINT('',(-0.014,-0.0419312393747689,0.00920309393554577));
#6502=CARTESIAN_POINT('',(-0.014,-0.041080451007538,0.014028154534965));
#6503=CARTESIAN_POINT('',(-0.014,-0.0419312393747689,0.00920309393554577));
#6504=CARTESIAN_POINT('',(-0.014,-0.0647948062092723,0.0130031195171613));
#6505=CARTESIAN_POINT('',(-0.014,-0.0726757886080853,0.0143927493485606));
#6506=CARTESIAN_POINT('',(-0.014,-0.0729362608745857,0.0129155377190422));
#6507=CARTESIAN_POINT('',(-0.014,-0.0767770111113333,0.0135927656119433));
#6508=CARTESIAN_POINT('',(-0.014,-0.0771243074666672,0.0116231501059188));
#6509=CARTESIAN_POINT('',(-0.014,-0.077471603822001,0.00965353459989444));
#6510=CARTESIAN_POINT('',(-0.014,-0.0736308535852534,0.00897630670699341));
#6511=CARTESIAN_POINT('',(-0.014,-0.0738913258517538,0.0074990950774751));
#6512=CARTESIAN_POINT('',(-0.014,-0.0660103434529408,0.00610946524607585));
#6513=CARTESIAN_POINT('',(-0.014,-0.0555,0.00425620811880982));
#6514=CARTESIAN_POINT('',(-0.014,-0.0555,0.0055318073868953));
#6515=CARTESIAN_POINT('',(-0.00989949493661167,-0.0408595569916425,0.0152809067513756));
#6516=CARTESIAN_POINT('',(-0.0137013949831754,-0.049,0.0128557360056581));
#6517=CARTESIAN_POINT('',(-0.0125355339059327,-0.053603534801868,0.0148513097614518));
#6518=CARTESIAN_POINT('',(-0.0125355339059327,-0.0413173003549241,0.0126849151371459));
#6519=CARTESIAN_POINT('',(-0.00726345596729059,-0.0404018136283609,0.0178768983656052));
#6520=CARTESIAN_POINT('',(-0.00770612957451146,-0.0560954186230727,0.0201946017896026));
#6521=CARTESIAN_POINT('',(0.,-0.0573507025423912,0.00813653005189925));
#6522=CARTESIAN_POINT('',(-0.00568533784777007,-0.0841348361696963,0.0211407498955081));
#6523=CARTESIAN_POINT('',(-0.00528558367618754,-0.0857080865365682,0.0216627169424589));
#6524=CARTESIAN_POINT('',(-0.00601000908021461,-0.0872380922960694,0.0214651836974235));
#6525=CARTESIAN_POINT('',(-0.00724336617281102,-0.0878701277838362,0.0204812088134556));
#6526=CARTESIAN_POINT('',(-0.00815637129727362,-0.0872504369823847,0.0191807642950083));
#6527=CARTESIAN_POINT('',(-0.00839596670196625,-0.0857070110924174,0.0185042836656873));
#6528=CARTESIAN_POINT('',(-0.00793797720099971,-0.0841319697982257,0.0189593008956833));
#6529=CARTESIAN_POINT('',(-0.0068570940223916,-0.0834709612339725,0.020097831437897));
#6530=CARTESIAN_POINT('',(-0.00568533784777007,-0.0841348361696963,0.0211407498955081));
#6531=CARTESIAN_POINT('',(-0.00528558367618754,-0.0857080865365682,0.0216627169424589));
#6532=CARTESIAN_POINT('',(-0.00601000908021461,-0.0872380922960694,0.0214651836974235));
#6533=CARTESIAN_POINT('',(-0.00547294693878914,-0.0857008791020064,0.0215428002271279));
#6534=CARTESIAN_POINT('',(0.0079358751279527,-0.0841285073436741,0.018961608052137));
#6535=CARTESIAN_POINT('',(0.00839658136704259,-0.0857066232427642,0.0185034374573341));
#6536=CARTESIAN_POINT('',(0.00815565327244856,-0.0872502742973074,0.019181484444286));
#6537=CARTESIAN_POINT('',(0.00724615219697053,-0.0878701678713066,0.0204782556650144));
#6538=CARTESIAN_POINT('',(0.00600921078947936,-0.0872381378793989,0.0214660075041669));
#6539=CARTESIAN_POINT('',(0.005286435447307,-0.0857083531013772,0.0216621097857555));
#6540=CARTESIAN_POINT('',(0.00568320099433875,-0.0841381500500507,0.0211428183157676));
#6541=CARTESIAN_POINT('',(0.00685519314537619,-0.0834710106526347,0.0200995997513149));
#6542=CARTESIAN_POINT('',(0.0079358751279527,-0.0841285073436741,0.018961608052137));
#6543=CARTESIAN_POINT('',(0.00839658136704259,-0.0857066232427642,0.0185034374573341));
#6544=CARTESIAN_POINT('',(0.00815565327244856,-0.0872502742973074,0.019181484444286));
#6545=CARTESIAN_POINT('',(0.0082796423114286,-0.0857008791020064,0.0186928070542932));
#6546=CARTESIAN_POINT('',(0.,-0.0483379821844537,0.00654734428321441));
#6547=CARTESIAN_POINT('',(0.000632415661685251,-0.077230125725082,0.0216994376160243));
#6548=CARTESIAN_POINT('',(0.000632415661685257,-0.0772301257250821,0.0216994376160243));
#6549=CARTESIAN_POINT('',(0.00134258396654118,-0.0770871775158951,0.0216281888028575));
#6550=CARTESIAN_POINT('',(0.00260738036388467,-0.0763276449667534,0.021238139041682));
#6551=CARTESIAN_POINT('',(0.00326126563574587,-0.0741956000335512,0.0206191076760372));
#6552=CARTESIAN_POINT('',(0.00229832577541294,-0.0720923384838753,0.02058690416557));
#6553=CARTESIAN_POINT('',(0.00021376911234924,-0.0711103335080594,0.0207307827751786));
#6554=CARTESIAN_POINT('',(-0.00198742928444771,-0.0718105494526045,0.0206199939023332));
#6555=CARTESIAN_POINT('',(-0.00320159658374249,-0.0737763136369473,0.0205694994619746));
#6556=CARTESIAN_POINT('',(-0.00283609915603193,-0.0760032034402861,0.0211028520349834));
#6557=CARTESIAN_POINT('',(-0.00168315364497896,-0.0769069707143857,0.0215414004788523));
#6558=CARTESIAN_POINT('',(-0.001,-0.0771328189818245,0.0216514745548213));
#6559=CARTESIAN_POINT('',(-0.001,-0.0771328189818245,0.0216514745548213));
#6560=CARTESIAN_POINT('',(-0.000999999999999986,-0.0556360147133124,0.0178610079632737));
#6561=CARTESIAN_POINT('',(0.,-0.0573507025423912,0.00813653005189925));
#6562=CARTESIAN_POINT('',(0.,-0.0590741607057355,-0.00163768689674691));
#6563=CARTESIAN_POINT('',(-3.46944695195361E-18,-0.0573507025423912,0.00813653005189925));
#6564=CARTESIAN_POINT('',(-0.001,-0.089519065196591,0.00372854033685943));
#6565=CARTESIAN_POINT('',(-0.001,-0.0805713122706029,0.00215081007929462));
#6566=CARTESIAN_POINT('',(0.000816207830842629,-0.0895703525728201,0.00373758368505838));
#6567=CARTESIAN_POINT('',(0.000632415661685245,-0.0806738870230611,0.0021688967756925));
#6568=CARTESIAN_POINT('',(-3.56583989302783E-18,-0.0777858553093228,0.00165965886341873));
#6569=CARTESIAN_POINT('',(0.0113755311774415,-0.0718900564760777,0.0221256747285419));
#6570=CARTESIAN_POINT('',(-0.00701944901683887,-0.0881138496627575,0.00643316756825032));
#6571=CARTESIAN_POINT('',(-0.011251885820528,-0.0718685856851726,0.0222474416346543));
#6572=CARTESIAN_POINT('',(0.00701944901683885,-0.0881138496627575,0.00643316756825032));
#6573=CARTESIAN_POINT('',(0.00989949493661167,-0.0930543679012895,0.0244842601677229));
#6574=CARTESIAN_POINT('',(0.0128938799701702,-0.0949352890855163,0.0201869174300811));
#6575=CARTESIAN_POINT('',(0.0136193976625564,-0.0941686090138774,0.0203568863099182));
#6576=CARTESIAN_POINT('',(0.009,-0.099050089049477,0.0192746882402277));
#6577=CARTESIAN_POINT('',(0.00372792206135787,-0.0981346023229138,0.0244666714686871));
#6578=CARTESIAN_POINT('',(0.014,-0.0947733971568551,0.0147351608032426));
#6579=CARTESIAN_POINT('',(0.0128938799701702,-0.0967901363904709,0.00966755563132569));
#6580=CARTESIAN_POINT('',(0.0136193976625564,-0.0961278255652909,0.00924561710119264));
#6581=CARTESIAN_POINT('',(0.009,-0.100344782794355,0.0119321151429268));
#6582=CARTESIAN_POINT('',(0.009,-0.099050089049477,0.0192746882402277));
#6583=CARTESIAN_POINT('',(0.00989949493661166,-0.0964924264124208,0.00498606143876232));
#6584=CARTESIAN_POINT('',(0.009,-0.100344782794355,0.0119321151429268));
#6585=CARTESIAN_POINT('',(0.00534081995525529,-0.0981017114978698,0.00222924356967101));
#6586=CARTESIAN_POINT('',(0.00564133922318332,-0.0975132008746083,0.00138876329611351));
#6587=CARTESIAN_POINT('',(0.00372792206135785,-0.101260269520918,0.00674013191446736));
#6588=CARTESIAN_POINT('',(-5.20417042793042E-18,-0.0972044716441921,0.000947852261071672));
#6589=CARTESIAN_POINT('',(0.00372792206135785,-0.101260269520918,0.00674013191446736));
#6590=CARTESIAN_POINT('',(-0.00534081995525532,-0.0981017114978698,0.00222924356967097));
#6591=CARTESIAN_POINT('',(-0.00564133922318334,-0.0975132008746083,0.00138876329611352));
#6592=CARTESIAN_POINT('',(-0.00372792206135787,-0.101260269520918,0.00674013191446737));
#6593=CARTESIAN_POINT('',(-0.00989949493661167,-0.0964924264124208,0.00498606143876233));
#6594=CARTESIAN_POINT('',(-0.00372792206135787,-0.101260269520918,0.00674013191446736));
#6595=CARTESIAN_POINT('',(-0.0128938799701702,-0.0967901363904708,0.00966755563132569));
#6596=CARTESIAN_POINT('',(-0.0136193976625564,-0.0961278255652909,0.00924561710119265));
#6597=CARTESIAN_POINT('',(-0.009,-0.100344782794355,0.0119321151429268));
#6598=CARTESIAN_POINT('',(-0.00989949493661167,-0.0930543679012895,0.0244842601677229));
#6599=CARTESIAN_POINT('',(-0.0128938799701702,-0.0949352890855164,0.0201869174300811));
#6600=CARTESIAN_POINT('',(-0.0136193976625564,-0.0941686090138774,0.0203568863099182));
#6601=CARTESIAN_POINT('',(-0.00372792206135785,-0.0981346023229138,0.0244666714686871));
#6602=CARTESIAN_POINT('',(-0.009,-0.099050089049477,0.0192746882402277));
#6603=CARTESIAN_POINT('',(-0.014,-0.0947733971568551,0.0147351608032426));
#6604=CARTESIAN_POINT('',(-0.009,-0.099050089049477,0.0192746882402277));
#6605=CARTESIAN_POINT('',(-0.009,-0.100344782794355,0.0119321151429268));
#6606=CARTESIAN_POINT('',(-6.35602973742058E-19,-0.02205,6.93889390390723E-18));
#6607=CARTESIAN_POINT('',(1.22158518214948E-18,-0.02205,-0.0125));
#6608=CARTESIAN_POINT('',(-0.004,-0.02205,-0.0125));
#6609=CARTESIAN_POINT('',(8.03801440614198E-18,-0.02205,-0.0125));
#6610=CARTESIAN_POINT('',(-0.0314609944620155,-0.022048,0.0391362893447797));
#6611=CARTESIAN_POINT('',(-0.0198211839464093,-0.056,0.0165845696104487));
#6612=CARTESIAN_POINT('',(1.09912050223475E-18,-0.02405,-0.0125));
#6613=CARTESIAN_POINT('',(1.09912050223475E-18,-0.02405,-0.0125));
#6614=CARTESIAN_POINT('',(1.09912050223475E-18,-0.02405,-0.0145));
#6615=CARTESIAN_POINT('',(8.03801440614198E-18,-0.02205,-0.0125));
#6616=CARTESIAN_POINT('',(-0.00453563850798538,-0.02405,-0.00716821011996158));
#6617=CARTESIAN_POINT('',(-0.00484906599658535,-0.02405,-0.0074348361158729));
#6618=CARTESIAN_POINT('',(-0.0054582648270041,-0.0241079182938208,-0.00797247780775846));
#6619=CARTESIAN_POINT('',(-0.00632699064145509,-0.0243540261835418,-0.00879195457754603));
#6620=CARTESIAN_POINT('',(-0.00716205188046093,-0.0247545459017435,-0.00959852339954869));
#6621=CARTESIAN_POINT('',(-0.00777863029163747,-0.0252219239717866,-0.00999494756647987));
#6622=CARTESIAN_POINT('',(-0.0080711724139181,-0.0255144660940673,-0.00994983096198991));
#6623=CARTESIAN_POINT('',(0.00807117241391812,-0.0255144660940673,-0.00994983096199063));
#6624=CARTESIAN_POINT('',(0.00777797633026399,-0.0252212700104131,-0.00999504842209895));
#6625=CARTESIAN_POINT('',(0.00715827128418104,-0.0247527843397583,-0.00959490422089924));
#6626=CARTESIAN_POINT('',(0.00633454164897322,-0.024357028822312,-0.00879913284457457));
#6627=CARTESIAN_POINT('',(0.0054562319884209,-0.0241070076111591,-0.00797051517830025));
#6628=CARTESIAN_POINT('',(0.0048481136270666,-0.02405,-0.00743402595569024));
#6629=CARTESIAN_POINT('',(0.00453563850798538,-0.02405,-0.00716821011996157));
#6630=CARTESIAN_POINT('',(0.01795,-0.04,-0.0125));
#6631=CARTESIAN_POINT('',(0.01595,-0.0354643614920146,-0.00716821011996158));
#6632=CARTESIAN_POINT('',(0.01595,-0.0351509340034146,-0.00743483611587291));
#6633=CARTESIAN_POINT('',(0.0158920817061792,-0.0345417351729958,-0.00797247780775851));
#6634=CARTESIAN_POINT('',(0.0156459738164582,-0.0336730093585449,-0.0087919545775461));
#6635=CARTESIAN_POINT('',(0.0152454540982564,-0.0328379481195389,-0.00959852339954886));
#6636=CARTESIAN_POINT('',(0.0147780760282133,-0.0322213697083625,-0.00999494756647987));
#6637=CARTESIAN_POINT('',(0.0144855339059327,-0.0319288275860818,-0.00994983096198989));
#6638=CARTESIAN_POINT('',(0.0144855339059327,-0.0480711724139181,-0.00994983096199064));
#6639=CARTESIAN_POINT('',(0.0147787299895869,-0.047777976330264,-0.00999504842209895));
#6640=CARTESIAN_POINT('',(0.0152472156602417,-0.047158271284181,-0.00959490422089928));
#6641=CARTESIAN_POINT('',(0.015642971177688,-0.0463345416489732,-0.00879913284457457));
#6642=CARTESIAN_POINT('',(0.0158929923888409,-0.0454562319884209,-0.00797051517830026));
#6643=CARTESIAN_POINT('',(0.01595,-0.0448481136270666,-0.00743402595569025));
#6644=CARTESIAN_POINT('',(0.01595,-0.0445356385079854,-0.00716821011996158));
#6645=CARTESIAN_POINT('',(0.01595,-0.04,-0.0125));
#6646=CARTESIAN_POINT('',(0.0025,-0.0706266120376724,-0.00919090936193676));
#6647=CARTESIAN_POINT('',(0.0025,-0.05745,-0.00758507361143761));
#6648=CARTESIAN_POINT('',(0.0025,-0.0697464334996908,-0.00797629594966254));
#6649=CARTESIAN_POINT('',(-0.0025,-0.0706266120376724,-0.00919090936193676));
#6650=CARTESIAN_POINT('',(-0.0025,-0.0550698214620183,-0.0186118107523974));
#6651=CARTESIAN_POINT('',(-0.0025,-0.05745,-0.00758507361143761));
#6652=CARTESIAN_POINT('',(0.,-0.0706266120376724,-0.00919090936193676));
#6653=CARTESIAN_POINT('',(-0.001,-0.0805701938253052,-0.00198521972299844));
#6654=CARTESIAN_POINT('',(0.001,-0.0706266120376724,-0.00919090936193676));
#6655=CARTESIAN_POINT('',(1.09912050223475E-18,-0.051452,-0.0125));
#6656=CARTESIAN_POINT('',(-0.0189593996898158,-0.0660103434529408,0.00610946524607585));
#6657=CARTESIAN_POINT('',(-0.0126153846153846,-0.0771639177694559,0.00807614132941444));
#6658=CARTESIAN_POINT('',(-0.017061677100674,-0.049,0.00311008274420481));
#6659=CARTESIAN_POINT('',(-0.0154999184982694,-0.054,0.00399171764774713));
#6660=CARTESIAN_POINT('',(-0.0152445346603932,-0.054,0.00399171764774713));
#6661=CARTESIAN_POINT('',(-0.0149934364983358,-0.0540660075078729,0.00400335655231445));
#6662=CARTESIAN_POINT('',(-0.0147739075169253,-0.0541874491605951,0.00402476999227119));
#6663=CARTESIAN_POINT('',(-0.0147739075169253,-0.0541874491605951,0.0040247699922712));
#6664=CARTESIAN_POINT('',(-0.0155,-0.0555,0.00425620811880982));
#6665=CARTESIAN_POINT('',(-0.0189593996898158,-0.0647948062092723,0.0130031195171613));
#6666=CARTESIAN_POINT('',(-0.0207303823904985,-0.049,0.010218069027405));
#6667=CARTESIAN_POINT('',(-0.0219199182492407,-0.0539567560599049,0.0110920788575564));
#6668=CARTESIAN_POINT('',(-0.0175747843052004,-0.0642266478902268,0.0129029378761996));
#6669=CARTESIAN_POINT('',(-0.0189593996898158,-0.0654025748311065,0.00955629238161858));
#6670=CARTESIAN_POINT('',(-0.0269473826176772,-0.0468699651425514,0.00425764004681572));
#6671=CARTESIAN_POINT('',(-0.0189593996898158,-0.0650552784757727,0.011525907887643));
#6672=CARTESIAN_POINT('',(-0.0440450451007533,-0.0437279220613579,0.0438946156809703));
#6673=CARTESIAN_POINT('',(-0.0440450451007533,-0.0362720779386421,0.0438946156809703));
#6674=CARTESIAN_POINT('',(-0.0393601857925759,-0.049,0.0463126518787352));
#6675=CARTESIAN_POINT('',(-0.0219199182492407,-0.0539567560599049,0.0110920788575564));
#6676=CARTESIAN_POINT('',(-0.0224953947077811,-0.0538883269491163,0.0110800129590585));
#6677=CARTESIAN_POINT('',(-0.0235117734716473,-0.0535398338711134,0.0105328351503203));
#6678=CARTESIAN_POINT('',(-0.0240757172823664,-0.0528864400552679,0.00975604847029346));
#6679=CARTESIAN_POINT('',(-0.02425487022908,-0.0525355339059327,0.00933806538989957));
#6680=CARTESIAN_POINT('',(-0.0393601857925759,-0.049,0.0463126518787352));
#6681=CARTESIAN_POINT('',(-0.0327347942211415,-0.049,0.0497322714639232));
#6682=CARTESIAN_POINT('',(-0.0280499349129642,-0.0437279220613579,0.052150307661688));
#6683=CARTESIAN_POINT('',(-0.0280499349129642,-0.0362720779386421,0.052150307661688));
#6684=CARTESIAN_POINT('',(-0.0327347942211415,-0.031,0.0497322714639232));
#6685=CARTESIAN_POINT('',(-0.0156780266634105,-0.031,0.0166853897281904));
#6686=CARTESIAN_POINT('',(-0.0393601857925759,-0.031,0.0463126518787352));
#6687=CARTESIAN_POINT('',(-0.0156780266634105,-0.031,0.000429309132846306));
#6688=CARTESIAN_POINT('',(-0.0440450451007533,-0.0362720779386421,0.0438946156809703));
#6689=CARTESIAN_POINT('',(-0.0209501046020527,-0.0362720779386421,-0.000851011810940501));
#6690=CARTESIAN_POINT('',(-0.0440450451007533,-0.0437279220613579,0.0438946156809703));
#6691=CARTESIAN_POINT('',(-0.0209501046020527,-0.0437279220613579,-0.000851011810940508));
#6692=CARTESIAN_POINT('',(-0.0393601857925759,-0.049,0.0463126518787352));
#6693=CARTESIAN_POINT('',(-0.0156780266634105,-0.049,0.000429309132846299));
#6694=CARTESIAN_POINT('',(-0.009,-0.0432259331196473,0.00186052083824483));
#6695=CARTESIAN_POINT('',(-0.009,-0.0555,0.0040247699922712));
#6696=CARTESIAN_POINT('',(-0.009,-0.0419312393747689,0.00920309393554577));
#6697=CARTESIAN_POINT('',(-0.009,-0.0419312393747689,0.00920309393554577));
#6698=CARTESIAN_POINT('',(-0.0137433204357458,-0.054,0.012936965081925));
#6699=CARTESIAN_POINT('',(-0.0134985784080336,-0.054,0.0136823668522129));
#6700=CARTESIAN_POINT('',(-0.0130719510861256,-0.053901263090452,0.0143591150118088));
#6701=CARTESIAN_POINT('',(-0.0125355339059327,-0.053603534801868,0.0148513097614518));
#6702=CARTESIAN_POINT('',(-0.00372792206135785,-0.0410157526482057,0.0143950771640052));
#6703=CARTESIAN_POINT('',(-0.00372792206135785,-0.0410157526482057,0.0143950771640052));
#6704=CARTESIAN_POINT('',(0.00372792206135787,-0.0410157526482057,0.0143950771640052));
#6705=CARTESIAN_POINT('',(0.00372792206135787,-0.0410157526482057,0.0143950771640052));
#6706=CARTESIAN_POINT('',(0.009,-0.0419312393747689,0.00920309393554577));
#6707=CARTESIAN_POINT('',(-0.00453563850798538,-0.05095,0.0225));
#6708=CARTESIAN_POINT('',(-0.0074498520703585,-0.0550129249701269,-0.00586669950801052));
#6709=CARTESIAN_POINT('',(-0.00709465929886294,-0.055267694034178,-0.0062771739004997));
#6710=CARTESIAN_POINT('',(-0.00625672726438889,-0.0557317121278374,-0.00700281108098327));
#6711=CARTESIAN_POINT('',(-0.00513014881858827,-0.05595,-0.0074356336243191));
#6712=CARTESIAN_POINT('',(-0.00453563850798538,-0.05595,-0.00753391610365035));
#6713=CARTESIAN_POINT('',(-0.0074498520703585,-0.0550129249701269,-0.00586669950801052));
#6714=CARTESIAN_POINT('',(-0.00453563850798538,-0.05095,-0.0106449447938239));
#6715=CARTESIAN_POINT('',(-0.00372792206135787,-0.0441414198462105,-0.00333146239021457));
#6716=CARTESIAN_POINT('',(-0.0043492424049175,-0.0571915466063626,-0.00606815407109581));
#6717=CARTESIAN_POINT('',(-0.00492887167457763,-0.0571953281281951,-0.00599377775228132));
#6718=CARTESIAN_POINT('',(-0.00603644828556192,-0.0569456963233947,-0.00568192957822246));
#6719=CARTESIAN_POINT('',(-0.00689693072206608,-0.0563702935803806,-0.0051374367104407));
#6720=CARTESIAN_POINT('',(-0.00726345596729061,-0.0560476207552115,-0.00482215314753049));
#6721=CARTESIAN_POINT('',(-0.0043492424049175,-0.0571915466063626,-0.00606815407109581));
#6722=CARTESIAN_POINT('',(-0.00372792206135787,-0.05745,-0.000984800634180271));
#6723=CARTESIAN_POINT('',(0.00453563850798538,-0.05095,0.0225));
#6724=CARTESIAN_POINT('',(0.00453563850798538,-0.05095,-0.0106449447938239));
#6725=CARTESIAN_POINT('',(0.00744985207035848,-0.0550129249701269,-0.00586669950801053));
#6726=CARTESIAN_POINT('',(0.00453563850798538,-0.05595,-0.00753391610365035));
#6727=CARTESIAN_POINT('',(0.00572801395641655,-0.05595,-0.00733679653604068));
#6728=CARTESIAN_POINT('',(0.00673779243516685,-0.0555236638740819,-0.00668958293815659));
#6729=CARTESIAN_POINT('',(0.00744985207035848,-0.0550129249701269,-0.00586669950801053));
#6730=CARTESIAN_POINT('',(0.00372792206135785,-0.0441414198462105,-0.00333146239021458));
#6731=CARTESIAN_POINT('',(0.00726345596729058,-0.0560476207552115,-0.0048221531475305));
#6732=CARTESIAN_POINT('',(0.00652998329138283,-0.0566933380791969,-0.00545308343560879));
#6733=CARTESIAN_POINT('',(0.00550858594506951,-0.057199110204576,-0.00591939052641074));
#6734=CARTESIAN_POINT('',(0.00434924240491749,-0.0571915466063626,-0.00606815407109582));
#6735=CARTESIAN_POINT('',(0.00434924240491749,-0.0571915466063626,-0.00606815407109582));
#6736=CARTESIAN_POINT('',(0.00372792206135785,-0.05745,-0.000984800634180275));
#6737=CARTESIAN_POINT('',(0.009,-0.0432259331196473,0.00186052083824483));
#6738=CARTESIAN_POINT('',(0.009,-0.0556780266634105,0.00405616089631598));
#6739=CARTESIAN_POINT('',(0.009,-0.0419312393747689,0.00920309393554577));
#6740=CARTESIAN_POINT('',(0.009,-0.0556780266634105,0.0116270234325934));
#6741=CARTESIAN_POINT('',(-0.00453563850798538,-0.02905,0.0225));
#6742=CARTESIAN_POINT('',(-0.00453563850798538,-0.02905,0.0225));
#6743=CARTESIAN_POINT('',(0.00453563850798538,-0.02905,0.0225));
#6744=CARTESIAN_POINT('',(0.01095,-0.0354643614920146,0.0225));
#6745=CARTESIAN_POINT('',(0.01095,-0.0445356385079854,0.0225));
#6746=CARTESIAN_POINT('',(0.01095,-0.0445356385079854,0.0225));
#6747=CARTESIAN_POINT('',(0.01095,-0.0354643614920146,0.0225));
#6748=CARTESIAN_POINT('',(0.00453563850798538,-0.02905,0.0225));
#6749=CARTESIAN_POINT('',(-0.0327347942211415,-0.049,0.0497322714639232));
#6750=CARTESIAN_POINT('',(-0.0196809001184204,-0.0350028734550099,0.0532106273064309));
#6751=CARTESIAN_POINT('',(-0.0110818325856979,-0.0264038059222875,0.0178015726844917));
#6752=CARTESIAN_POINT('',(-0.0120243534923322,-0.0274644660940673,0.0173151013692456));
#6753=CARTESIAN_POINT('',(-0.0109699255767248,-0.0284132192568739,0.0173407644191502));
#6754=CARTESIAN_POINT('',(-0.0100211724139181,-0.0274644660940673,0.0178015726844917));
#6755=CARTESIAN_POINT('',(-0.0112993373956809,-0.027001665787625,0.0149013584732701));
#6756=CARTESIAN_POINT('',(-0.0103035345270382,-0.0277468282071633,0.0151083152285869));
#6757=CARTESIAN_POINT('',(-0.0094195320155436,-0.0268628256956927,0.0153241508421958));
#6758=CARTESIAN_POINT('',(-0.0100398748596268,-0.0262603717810746,0.0100421028553202));
#6759=CARTESIAN_POINT('',(-0.00916687157450691,-0.0266101652546721,0.0104138059961424));
#6760=CARTESIAN_POINT('',(-0.00845584980702871,-0.0258991434871779,0.010312231613354));
#6761=CARTESIAN_POINT('',(-0.00935250624932115,-0.026,0.00585693055641612));
#6762=CARTESIAN_POINT('',(-0.00863076218180363,-0.0260740558619431,0.0059387246562479));
#6763=CARTESIAN_POINT('',(-0.00811736649162827,-0.0255606601717774,0.00594698618599953));
#6764=CARTESIAN_POINT('',(-0.0091780266634105,-0.026,0.00409187043708062));
#6765=CARTESIAN_POINT('',(-0.00855670631985086,-0.026,0.00409187043708062));
#6766=CARTESIAN_POINT('',(-0.00811736649163068,-0.0255606601717798,0.00409187043708063));
#6767=CARTESIAN_POINT('',(-0.0091780266634105,-0.0245,0.00409187043708058));
#6768=CARTESIAN_POINT('',(-0.00917802666341051,-0.0245,0.0480224616713292));
#6769=CARTESIAN_POINT('',(-0.0091780266634105,-0.0245,-0.0121642101582636));
#6770=CARTESIAN_POINT('',(-0.00917802666341049,-0.026,-0.0121642101582636));
#6771=CARTESIAN_POINT('',(-0.00855670631985085,-0.026,-0.0121642101582636));
#6772=CARTESIAN_POINT('',(-0.00811736649163068,-0.0255606601717798,-0.0121642101582636));
#6773=CARTESIAN_POINT('',(-0.00900354707750789,-0.026,-0.0139292702775967));
#6774=CARTESIAN_POINT('',(-0.00848613462306678,-0.025929428303221,-0.0139241739544216));
#6775=CARTESIAN_POINT('',(-0.00811736649163389,-0.025560660171783,-0.014019325907176));
#6776=CARTESIAN_POINT('',(-0.00899314509961906,-0.0262603717826565,-0.0168028437576564));
#6777=CARTESIAN_POINT('',(-0.00867554069539104,-0.0261188343755362,-0.0169001038832301));
#6778=CARTESIAN_POINT('',(-0.00845584980908109,-0.0258991434892302,-0.0170729725159066));
#6779=CARTESIAN_POINT('',(-0.00966104697569553,-0.0270016657844613,-0.0179278992260097));
#6780=CARTESIAN_POINT('',(-0.00951823033620871,-0.026961524016361,-0.0181343887948682));
#6781=CARTESIAN_POINT('',(-0.00941953201143319,-0.0268628256915823,-0.0183506915945064));
#6782=CARTESIAN_POINT('',(-0.0101393116790636,-0.0274644660940673,-0.0180103282877037));
#6783=CARTESIAN_POINT('',(-0.0100515532043321,-0.0274948468844813,-0.0182465968773326));
#6784=CARTESIAN_POINT('',(-0.0100211724139181,-0.0274644660940673,-0.0184967996029497));
#6785=CARTESIAN_POINT('',(-0.0110818325856979,-0.0264038059222875,-0.0184967996029498));
#6786=CARTESIAN_POINT('',(-0.0219647622195014,-0.0372867355560909,-0.0211397124927211));
#6787=CARTESIAN_POINT('',(-0.0163539105243401,-0.0316758838609296,-0.0197771205467365));
#6788=CARTESIAN_POINT('',(-0.0154113896177058,-0.0327365440327094,-0.0192906492314905));
#6789=CARTESIAN_POINT('',(-0.0153236311429742,-0.0327669248231234,-0.0195269178211194));
#6790=CARTESIAN_POINT('',(-0.0152932503525602,-0.0327365440327094,-0.0197771205467365));
#6791=CARTESIAN_POINT('',(-0.0155816190163039,-0.0329012691688526,-0.0193199883181915));
#6792=CARTESIAN_POINT('',(-0.0155139403217387,-0.0329572340018944,-0.0195669577843446));
#6793=CARTESIAN_POINT('',(-0.0155073930295473,-0.0329506867096965,-0.0198291249665271));
#6794=CARTESIAN_POINT('',(-0.0157699113785905,-0.0330775240985845,-0.0192891879042042));
#6795=CARTESIAN_POINT('',(-0.0157193278132743,-0.0331626214934253,-0.0195454018657631));
#6796=CARTESIAN_POINT('',(-0.0157365244381982,-0.0331798181183473,-0.0198194031561667));
#6797=CARTESIAN_POINT('',(-0.0159744327763099,-0.0332635921357527,-0.0191985479794179));
#6798=CARTESIAN_POINT('',(-0.0159363615336702,-0.0333796552138193,-0.0194629409417083));
#6799=CARTESIAN_POINT('',(-0.0159784128865165,-0.0334217065666657,-0.0197480498043603));
#6800=CARTESIAN_POINT('',(-1.46245445315838E-17,-0.05745,-0.00758507361143761));
#6801=CARTESIAN_POINT('',(-0.00372792206135787,-0.05745,-0.00758507361143761));
#6802=CARTESIAN_POINT('',(-0.0043492424049175,-0.0571915466063626,-0.00606815407109581));
#6803=CARTESIAN_POINT('',(-0.00437663847101342,-0.05595,-0.00628358836861507));
#6804=CARTESIAN_POINT('',(-0.00453563850798539,-0.05595,-0.00753391610365034));
#6805=CARTESIAN_POINT('',(-0.00414320828237503,-0.0571902024324678,-0.00609459176219778));
#6806=CARTESIAN_POINT('',(-0.00416172330499259,-0.0559499999999977,-0.00631209136365061));
#6807=CARTESIAN_POINT('',(-0.00426779414867995,-0.05595,-0.00756797698372095));
#6808=CARTESIAN_POINT('',(-0.00393556559089341,-0.0571895277335006,-0.00610786198191913));
#6809=CARTESIAN_POINT('',(-0.0039447822173252,-0.055950000000001,-0.00632642416467061));
#6810=CARTESIAN_POINT('',(-0.00399785864975412,-0.05595,-0.00758507361143738));
#6811=CARTESIAN_POINT('',(-0.00372792206135787,-0.0571895277334996,-0.0061078619819193));
#6812=CARTESIAN_POINT('',(-0.00372792206135787,-0.05595,-0.00632642416467169));
#6813=CARTESIAN_POINT('',(-0.00372792206135787,-0.05595,-0.00758507361143761));
#6814=CARTESIAN_POINT('',(-0.00453563850798538,-0.05745,-0.00753391610365035));
#6815=CARTESIAN_POINT('',(-0.00726345596729061,-0.0560476207552115,-0.00482215314753049));
#6816=CARTESIAN_POINT('',(-0.00704432609766432,-0.0553037965215853,-0.00517581972990118));
#6817=CARTESIAN_POINT('',(-0.0074498520703585,-0.0550129249701269,-0.00586669950801052));
#6818=CARTESIAN_POINT('',(-0.0068872056480384,-0.0563788551157509,-0.00514580217972889));
#6819=CARTESIAN_POINT('',(-0.00662590152026284,-0.0555455030475424,-0.00550943675892933));
#6820=CARTESIAN_POINT('',(-0.00707360174917781,-0.0552827979795706,-0.0063015088092071));
#6821=CARTESIAN_POINT('',(-0.00600598994175379,-0.0569584862000191,-0.00569475394222679));
#6822=CARTESIAN_POINT('',(-0.00569411269980155,-0.0559025360959588,-0.00601333144169288));
#6823=CARTESIAN_POINT('',(-0.00619238604580201,-0.0557543651920923,-0.00703991705095047));
#6824=CARTESIAN_POINT('',(-0.00491794789016671,-0.0571952568585881,-0.00599517946051984));
#6825=CARTESIAN_POINT('',(-0.00482423995350215,-0.0559679953426239,-0.00622027247800009));
#6826=CARTESIAN_POINT('',(-0.00510434399320242,-0.05595,-0.00743989959283895));
#6827=CARTESIAN_POINT('',(-0.00434924240491749,-0.0571915466063626,-0.00606815407109582));
#6828=CARTESIAN_POINT('',(-0.00437663847101341,-0.05595,-0.00628358836861507));
#6829=CARTESIAN_POINT('',(-0.00453563850798538,-0.05595,-0.00753391610365035));
#6830=CARTESIAN_POINT('',(-0.00832411613907043,-0.056231802461165,-0.00586669950801052));
#6831=CARTESIAN_POINT('',(-0.0155,-0.0555,0.0055318073868953));
#6832=CARTESIAN_POINT('',(-0.0155,-0.0555,0.0040247699922712));
#6833=CARTESIAN_POINT('',(-0.00744985207035848,-0.0550129249701269,-0.00586669950801053));
#6834=CARTESIAN_POINT('',(-0.00704432609766431,-0.0553037965215853,-0.00517581972990118));
#6835=CARTESIAN_POINT('',(-0.00726345596729059,-0.0560476207552115,-0.0048221531475305));
#6836=CARTESIAN_POINT('',(-0.00767084199133318,-0.0548544155638279,-0.00561131507781378));
#6837=CARTESIAN_POINT('',(-0.0073085321171992,-0.0551473952162446,-0.00493511567659186));
#6838=CARTESIAN_POINT('',(-0.00755074286455812,-0.0558415585270229,-0.00456676871733353));
#6839=CARTESIAN_POINT('',(-0.00787886825749728,-0.0546778380623536,-0.00537718504019565));
#6840=CARTESIAN_POINT('',(-0.00756076808131359,-0.0549656807809023,-0.00471102972389538));
#6841=CARTESIAN_POINT('',(-0.00782117701056995,-0.0556120077751053,-0.0043326386797155));
#6842=CARTESIAN_POINT('',(-0.00807117241391813,-0.0544855339059327,-0.00516741398944971));
#6843=CARTESIAN_POINT('',(-0.00779499861746704,-0.0547617077023838,-0.00450915176124777));
#6844=CARTESIAN_POINT('',(-0.00807117241391813,-0.0553620123717591,-0.00412286762896968));
#6845=CARTESIAN_POINT('',(-0.00913183258569794,-0.0555461940777126,-0.00516741398944973));
#6846=CARTESIAN_POINT('',(-0.0135961940777126,-0.054,-0.000642327787629788));
#6847=CARTESIAN_POINT('',(-0.0126515274470006,-0.054,0.000287987234307243));
#6848=CARTESIAN_POINT('',(-0.0125355339059327,-0.0553158182940465,0.000402218572850239));
#6849=CARTESIAN_POINT('',(-0.014799474882813,-0.054,0.00057951556344014));
#6850=CARTESIAN_POINT('',(-0.0135939397810103,-0.0540000000000241,0.00130750445038361));
#6851=CARTESIAN_POINT('',(-0.0134611345252397,-0.0553640369522769,0.00135060032409198));
#6852=CARTESIAN_POINT('',(-0.015499999999997,-0.054,0.00229682255429516));
#6853=CARTESIAN_POINT('',(-0.0140666759082575,-0.0539999999999878,0.00271336454985423));
#6854=CARTESIAN_POINT('',(-0.014,-0.0554318085195756,0.00268355565751226));
#6855=CARTESIAN_POINT('',(-0.0155,-0.054,0.00402476999227119));
#6856=CARTESIAN_POINT('',(-0.014,-0.054,0.00402476999227119));
#6857=CARTESIAN_POINT('',(-0.014,-0.0555,0.00402476999227119));
#6858=CARTESIAN_POINT('',(-0.0135961940777126,-0.0555,-0.000642327787629785));
#6859=CARTESIAN_POINT('',(-0.0159747350644739,-0.0467361328542495,-0.0191984139728829));
#6860=CARTESIAN_POINT('',(-0.0159366830358411,-0.0466200232840098,-0.019462818747385));
#6861=CARTESIAN_POINT('',(-0.0159787703995137,-0.0465779359203372,-0.0197479443014871));
#6862=CARTESIAN_POINT('',(-0.0157700969371305,-0.0469223022154852,-0.0192891574452234));
#6863=CARTESIAN_POINT('',(-0.0157195305333777,-0.0468371757864742,-0.0195453803370804));
#6864=CARTESIAN_POINT('',(-0.0157367502299087,-0.0468199560899422,-0.019819393463076));
#6865=CARTESIAN_POINT('',(-0.0155817028809166,-0.0470986496782442,-0.0193200027722842));
#6866=CARTESIAN_POINT('',(-0.0155140341414229,-0.0470426721784292,-0.0195669775234603));
#6867=CARTESIAN_POINT('',(-0.0155074985283206,-0.0470492077915302,-0.019829150586843));
#6868=CARTESIAN_POINT('',(-0.0154113896177058,-0.0472634559672906,-0.0192906492314905));
#6869=CARTESIAN_POINT('',(-0.0153236311429742,-0.0472330751768766,-0.0195269178211194));
#6870=CARTESIAN_POINT('',(-0.0152932503525603,-0.0472634559672906,-0.0197771205467365));
#6871=CARTESIAN_POINT('',(-0.0163539105243401,-0.0483241161390704,-0.0197771205467365));
#6872=CARTESIAN_POINT('',(-0.0200893444243835,-0.0445886822390269,0.00402703015301207));
#6873=CARTESIAN_POINT('',(-0.0091780266634105,-0.0555,-0.00512865255587854));
#6874=CARTESIAN_POINT('',(-0.00998886571095239,-0.0555,-0.00430530500904841));
#6875=CARTESIAN_POINT('',(-0.0091780266634105,-0.0555,-0.00512865255587854));
#6876=CARTESIAN_POINT('',(-0.0219647622195015,-0.042713264443909,-0.0211397124927211));
#6877=CARTESIAN_POINT('',(-0.0110818325856979,-0.0535961940777126,-0.0184967996029498));
#6878=CARTESIAN_POINT('',(-0.00917802666341051,-0.0555,-0.00512865255587854));
#6879=CARTESIAN_POINT('',(-0.0091780266634105,-0.0555,-0.00512865255587855));
#6880=CARTESIAN_POINT('',(-0.0101393116790637,-0.0525355339059327,-0.0180103282877037));
#6881=CARTESIAN_POINT('',(-0.0100515532043321,-0.0525051531155187,-0.0182465968773326));
#6882=CARTESIAN_POINT('',(-0.0100211724139182,-0.0525355339059327,-0.0184967996029497));
#6883=CARTESIAN_POINT('',(-0.00966104697570169,-0.0529983342155296,-0.0179278992260177));
#6884=CARTESIAN_POINT('',(-0.009518230336221,-0.0530384759836271,-0.0181343887948626));
#6885=CARTESIAN_POINT('',(-0.00941953201143959,-0.0531371743084113,-0.0183506915945124));
#6886=CARTESIAN_POINT('',(-0.00899314509962162,-0.0537396282173481,-0.0168028437576556));
#6887=CARTESIAN_POINT('',(-0.00867554069537255,-0.0538811656244646,-0.016900103883247));
#6888=CARTESIAN_POINT('',(-0.00845584980908434,-0.0541008565107665,-0.0170729725159037));
#6889=CARTESIAN_POINT('',(-0.00900354707749664,-0.054,-0.0139292702775902));
#6890=CARTESIAN_POINT('',(-0.00848613462309291,-0.0540705716967891,-0.0139241739544047));
#6891=CARTESIAN_POINT('',(-0.00811736649162103,-0.0544393398282298,-0.014019325907176));
#6892=CARTESIAN_POINT('',(-0.00917802666341051,-0.054,-0.0121642101582635));
#6893=CARTESIAN_POINT('',(-0.00855670631985086,-0.054,-0.0121642101582635));
#6894=CARTESIAN_POINT('',(-0.00811736649163068,-0.0544393398282202,-0.0121642101582635));
#6895=CARTESIAN_POINT('',(-0.0091780266634105,-0.0555,-0.0121642101582636));
#6896=CARTESIAN_POINT('',(-0.0091780266634105,-0.0555,0.0480224616713292));
#6897=CARTESIAN_POINT('',(0.001,-0.0697464334996908,-0.00797629594966254));
#6898=CARTESIAN_POINT('',(-0.001,-0.0697464334996908,-0.00797629594966254));
#6899=CARTESIAN_POINT('',(-0.0175747843052004,-0.0644871201567272,0.0114257262466813));
#6900=CARTESIAN_POINT('',(-0.0175747843052004,-0.0651817128673949,0.00748649523463247));
#6901=CARTESIAN_POINT('',(-0.0106577056224644,-0.050581423388544,0.0235529881933797));
#6902=CARTESIAN_POINT('',(-0.0104163120121107,-0.0542617146512999,0.0192733240637282));
#6903=CARTESIAN_POINT('',(0.0104163120121107,-0.0542617146512999,0.0192733240637282));
#6904=CARTESIAN_POINT('',(0.0135961940777126,-0.051081832585698,0.0154836881880213));
#6905=CARTESIAN_POINT('',(0.014,-0.0491780266634105,0.0104808980579884));
#6906=CARTESIAN_POINT('',(0.014,-0.0485567063198508,0.0104808980579884));
#6907=CARTESIAN_POINT('',(0.0144393398282202,-0.0481173664916307,0.0104808980579884));
#6908=CARTESIAN_POINT('',(0.014,-0.0492462181438469,0.0118221123927481));
#6909=CARTESIAN_POINT('',(0.0139714856924829,-0.0485852206274116,0.0119965730006276));
#6910=CARTESIAN_POINT('',(0.0144393398282149,-0.0481173664916359,0.0122088454959659));
#6911=CARTESIAN_POINT('',(0.0134611345223211,-0.0500145148322303,0.0132785892086446));
#6912=CARTESIAN_POINT('',(0.0132047515600852,-0.0493519547597453,0.0136441996482806));
#6913=CARTESIAN_POINT('',(0.0137388147072461,-0.0488178916126048,0.0140496739701628));
#6914=CARTESIAN_POINT('',(0.0125355339059327,-0.0512660142916514,0.0144391418275412));
#6915=CARTESIAN_POINT('',(0.0120950926742726,-0.0504616136455783,0.0147445400379387));
#6916=CARTESIAN_POINT('',(0.0125355339059327,-0.0500211724139181,0.0154836881880212));
#6917=CARTESIAN_POINT('',(0.0155,-0.0491780266634105,0.0104808980579884));
#6918=CARTESIAN_POINT('',(0.0155,-0.0491780266634105,0.0225));
#6919=CARTESIAN_POINT('',(0.0155,-0.0491780266634105,0.00291003552171095));
#6920=CARTESIAN_POINT('',(0.0125355339059327,-0.0508976508797445,-0.000376823547578176));
#6921=CARTESIAN_POINT('',(0.0122593601094816,-0.0502973462103692,-0.000763107679856267));
#6922=CARTESIAN_POINT('',(0.0125355339059327,-0.0500211724139181,-0.00142136990805821));
#6923=CARTESIAN_POINT('',(0.0134611345234508,-0.049742588735097,0.000359387330931173));
#6924=CARTESIAN_POINT('',(0.013341881680707,-0.0492148246391263,3.24045434469914E-6));
#6925=CARTESIAN_POINT('',(0.0137388147087113,-0.0488178916111396,-0.000411697430247004));
#6926=CARTESIAN_POINT('',(0.014,-0.0491098351829981,0.00156882118695315));
#6927=CARTESIAN_POINT('',(0.0140279823754795,-0.048528723944396,0.00142263536785456));
#6928=CARTESIAN_POINT('',(0.0144393398282149,-0.0481173664916359,0.00118208808373717));
#6929=CARTESIAN_POINT('',(0.014,-0.0491780266634105,0.00291003552171095));
#6930=CARTESIAN_POINT('',(0.014,-0.0485567063198508,0.00291003552171095));
#6931=CARTESIAN_POINT('',(0.0144393398282202,-0.0481173664916307,0.00291003552171095));
#6932=CARTESIAN_POINT('',(0.0135961940777126,-0.051081832585698,-0.0014213699080582));
#6933=CARTESIAN_POINT('',(0.0200893444243835,-0.0445886822390269,0.00402703015301205));
#6934=CARTESIAN_POINT('',(0.00913183258569794,-0.0555461940777126,-0.00516741398944972));
#6935=CARTESIAN_POINT('',(0.00807117241391813,-0.0544855339059327,-0.00516741398944969));
#6936=CARTESIAN_POINT('',(0.00779499861746705,-0.0547617077023838,-0.00450915176124775));
#6937=CARTESIAN_POINT('',(0.00807117241391814,-0.0553620123717591,-0.00412286762896966));
#6938=CARTESIAN_POINT('',(0.0078788682574971,-0.0546778380623538,-0.00537718504019546));
#6939=CARTESIAN_POINT('',(0.00756076808131207,-0.0549656807809052,-0.00471102972389292));
#6940=CARTESIAN_POINT('',(0.00782117701056995,-0.0556120077751053,-0.00433263867971548));
#6941=CARTESIAN_POINT('',(0.00767084199133079,-0.0548544155638296,-0.00561131507781319));
#6942=CARTESIAN_POINT('',(0.00730853211719893,-0.0551473952162505,-0.00493511567658777));
#6943=CARTESIAN_POINT('',(0.00755074286455772,-0.0558415585270276,-0.00456676871733308));
#6944=CARTESIAN_POINT('',(0.00744985207035849,-0.0550129249701269,-0.00586669950801051));
#6945=CARTESIAN_POINT('',(0.00704432609766431,-0.0553037965215853,-0.00517581972990117));
#6946=CARTESIAN_POINT('',(0.0072634559672906,-0.0560476207552115,-0.00482215314753048));
#6947=CARTESIAN_POINT('',(0.0083241161390704,-0.056231802461165,-0.00586669950801053));
#6948=CARTESIAN_POINT('',(0.00434924240491749,-0.0571915466063626,-0.00606815407109582));
#6949=CARTESIAN_POINT('',(0.00437663847101341,-0.05595,-0.00628358836861507));
#6950=CARTESIAN_POINT('',(0.00453563850798538,-0.05595,-0.00753391610365035));
#6951=CARTESIAN_POINT('',(0.00491684181798604,-0.0571952496396448,-0.00599532138895021));
#6952=CARTESIAN_POINT('',(0.0048233737156286,-0.0559679605148742,-0.00622039501117673));
#6953=CARTESIAN_POINT('',(0.00510323792068218,-0.05595,-0.00744008244207104));
#6954=CARTESIAN_POINT('',(0.00600586668027515,-0.0569588638481,-0.00569506110220733));
#6955=CARTESIAN_POINT('',(0.00569382651770174,-0.0559028044681211,-0.00601365138043172));
#6956=CARTESIAN_POINT('',(0.00619226278434607,-0.0557546704393879,-0.00704033295603596));
#6957=CARTESIAN_POINT('',(0.00688760758896573,-0.0563785012649672,-0.00514545643165517));
#6958=CARTESIAN_POINT('',(0.00662636062176434,-0.0555452378447456,-0.00550907071099143));
#6959=CARTESIAN_POINT('',(0.00707400369039932,-0.0552825096792531,-0.00630104431179458));
#6960=CARTESIAN_POINT('',(0.00726345596729058,-0.0560476207552115,-0.0048221531475305));
#6961=CARTESIAN_POINT('',(0.00704432609766429,-0.0553037965215853,-0.00517581972990118));
#6962=CARTESIAN_POINT('',(0.00744985207035847,-0.0550129249701269,-0.00586669950801053));
#6963=CARTESIAN_POINT('',(0.00453563850798538,-0.05745,-0.00753391610365035));
#6964=CARTESIAN_POINT('',(0.00372792206135785,-0.0571895277334996,-0.0061078619819193));
#6965=CARTESIAN_POINT('',(0.00372792206135785,-0.05595,-0.0063264241646717));
#6966=CARTESIAN_POINT('',(0.00372792206135785,-0.05595,-0.00758507361143762));
#6967=CARTESIAN_POINT('',(0.00393556559089333,-0.0571895277335006,-0.00610786198191913));
#6968=CARTESIAN_POINT('',(0.00394478221732556,-0.0559500000000006,-0.00632642416467053));
#6969=CARTESIAN_POINT('',(0.00399785864975404,-0.05595,-0.00758507361143738));
#6970=CARTESIAN_POINT('',(0.00414320828237495,-0.0571902024324678,-0.00609459176219779));
#6971=CARTESIAN_POINT('',(0.00416172330499251,-0.0559499999999976,-0.00631209136365089));
#6972=CARTESIAN_POINT('',(0.00426779414867983,-0.05595,-0.0075679769837206));
#6973=CARTESIAN_POINT('',(0.00434924240491749,-0.0571915466063626,-0.00606815407109582));
#6974=CARTESIAN_POINT('',(0.00437663847101342,-0.05595,-0.00628358836861507));
#6975=CARTESIAN_POINT('',(0.00453563850798539,-0.05595,-0.00753391610365035));
#6976=CARTESIAN_POINT('',(0.00372792206135784,-0.05745,-0.00758507361143762));
#6977=CARTESIAN_POINT('',(-1.46245445315838E-17,-0.05745,-0.00758507361143761));
#6978=CARTESIAN_POINT('',(0.00986413959755232,-0.0516319065505187,-0.01625));
#6979=CARTESIAN_POINT('',(0.00986413959755232,-0.0516319065505187,-0.0185));
#6980=CARTESIAN_POINT('',(0.00986413959755232,-0.0516319065505187,-0.0185));
#6981=CARTESIAN_POINT('',(0.00986413959755232,-0.0516319065505187,-0.01625));
#6982=CARTESIAN_POINT('',(0.00986413959755233,-0.0516319065505187,-0.014));
#6983=CARTESIAN_POINT('',(0.00986413959755233,-0.0516319065505187,-0.014));
#6984=CARTESIAN_POINT('',(0.0103060813357939,-0.0511899648122771,-0.0185));
#6985=CARTESIAN_POINT('',(0.0107480230740355,-0.0507480230740355,-0.0185));
#6986=CARTESIAN_POINT('',(0.0107480230740355,-0.0507480230740355,-0.0185));
#6987=CARTESIAN_POINT('',(0.0103060813357939,-0.0511899648122771,-0.0185));
#6988=CARTESIAN_POINT('',(0.0107480230740355,-0.0507480230740355,-0.0176));
#6989=CARTESIAN_POINT('',(0.0107480230740355,-0.0507480230740355,-0.0167));
#6990=CARTESIAN_POINT('',(0.0107480230740355,-0.0507480230740355,-0.0167));
#6991=CARTESIAN_POINT('',(0.0107480230740355,-0.0507480230740355,-0.0176));
#6992=CARTESIAN_POINT('',(0.0110562437741839,-0.0504398023738871,-0.0176));
#6993=CARTESIAN_POINT('',(0.0113644644743324,-0.0501315816737386,-0.0185));
#6994=CARTESIAN_POINT('',(0.0113644644743324,-0.0501315816737386,-0.0185));
#6995=CARTESIAN_POINT('',(0.0110562437741839,-0.0504398023738871,-0.0176));
#6996=CARTESIAN_POINT('',(0.0118947945602223,-0.0496012515878487,-0.0185));
#6997=CARTESIAN_POINT('',(0.0124251246461122,-0.0490709215019588,-0.0185));
#6998=CARTESIAN_POINT('',(0.0124251246461122,-0.0490709215019588,-0.0185));
#6999=CARTESIAN_POINT('',(0.0118947945602223,-0.0496012515878487,-0.0185));
#7000=CARTESIAN_POINT('',(0.0120398487709267,-0.0494561973771444,-0.017375));
#7001=CARTESIAN_POINT('',(0.0116545728957411,-0.0498414732523299,-0.01625));
#7002=CARTESIAN_POINT('',(0.0116545728957411,-0.0498414732523299,-0.01625));
#7003=CARTESIAN_POINT('',(0.0120398487709267,-0.0494561973771444,-0.017375));
#7004=CARTESIAN_POINT('',(0.011455129855222,-0.050040916292849,-0.0151426789006274));
#7005=CARTESIAN_POINT('',(0.011455129855222,-0.050040916292849,-0.014));
#7006=CARTESIAN_POINT('',(0.011455129855222,-0.050040916292849,-0.014));
#7007=CARTESIAN_POINT('',(0.011455129855222,-0.050040916292849,-0.0151426789006274));
#7008=CARTESIAN_POINT('',(0.0108016869926912,-0.0506943591553798,-0.0159410631834922));
#7009=CARTESIAN_POINT('',(0.0113320170785811,-0.0512246892412697,-0.0159410631834922));
#7010=CARTESIAN_POINT('',(0.0112783531599254,-0.0512783531599254,-0.0159410631834922));
#7011=CARTESIAN_POINT('',(0.0113856809972368,-0.051171025322614,-0.0159410631834922));
#7012=CARTESIAN_POINT('',(0.0107480230740355,-0.0507480230740355,-0.0159410631834922));
#7013=CARTESIAN_POINT('',(0.0107480230740355,-0.0507480230740355,-0.0159410631834922));
#7014=CARTESIAN_POINT('',(0.0108016869926912,-0.0506943591553798,-0.0159410631834922));
#7015=CARTESIAN_POINT('',(0.0108553509113469,-0.0506406952367241,-0.0159410631834922));
#7016=CARTESIAN_POINT('',(0.0108553509113469,-0.0506406952367241,-0.0159410631834922));
#7017=CARTESIAN_POINT('',(0.0107480230740355,-0.0507480230740355,-0.0152955315917461));
#7018=CARTESIAN_POINT('',(0.0112783531599254,-0.0512783531599254,-0.0152955315917461));
#7019=CARTESIAN_POINT('',(0.0112783531599254,-0.0512783531599254,-0.01465));
#7020=CARTESIAN_POINT('',(0.0107480230740355,-0.0507480230740355,-0.01465));
#7021=CARTESIAN_POINT('',(0.0107480230740355,-0.0507480230740355,-0.01465));
#7022=CARTESIAN_POINT('',(0.0107480230740355,-0.0507480230740355,-0.0152955315917461));
#7023=CARTESIAN_POINT('',(0.0108396639507889,-0.0506563821972821,-0.01465));
#7024=CARTESIAN_POINT('',(0.0113699940366788,-0.051186712283172,-0.01465));
#7025=CARTESIAN_POINT('',(0.0114616349134323,-0.0510950714064186,-0.01465));
#7026=CARTESIAN_POINT('',(0.0109313048275424,-0.0505647413205286,-0.01465));
#7027=CARTESIAN_POINT('',(0.0109313048275424,-0.0505647413205286,-0.01465));
#7028=CARTESIAN_POINT('',(0.0108396639507889,-0.0506563821972821,-0.01465));
#7029=CARTESIAN_POINT('',(0.0109313048275424,-0.0505647413205286,-0.0153));
#7030=CARTESIAN_POINT('',(0.0114616349134323,-0.0510950714064185,-0.0153));
#7031=CARTESIAN_POINT('',(0.0109313048275424,-0.0505647413205286,-0.0153));
#7032=CARTESIAN_POINT('',(0.0103060813357939,-0.0511899648122771,-0.014));
#7033=CARTESIAN_POINT('',(0.0103060813357939,-0.0511899648122771,-0.014));
#7034=CARTESIAN_POINT('',(0.0124802561210691,-0.0490157900270019,0.));
#7035=CARTESIAN_POINT('',(0.0112783531599254,-0.0512783531599254,0.0225));
#7036=MECHANICAL_DESIGN_GEOMETRIC_PRESENTATION_REPRESENTATION('',(#3880),
#7037);
#7037=(
GEOMETRIC_REPRESENTATION_CONTEXT(3)
GLOBAL_UNCERTAINTY_ASSIGNED_CONTEXT((#7038))
GLOBAL_UNIT_ASSIGNED_CONTEXT((#7041,#7040,#7039))
REPRESENTATION_CONTEXT('Part 1','TOP_LEVEL_ASSEMBLY_PART')
);
#7038=UNCERTAINTY_MEASURE_WITH_UNIT(LENGTH_MEASURE(5.E-6),#7041,
'DISTANCE_ACCURACY_VALUE','Maximum Tolerance applied to model');
#7039=(
NAMED_UNIT(*)
SI_UNIT($,.STERADIAN.)
SOLID_ANGLE_UNIT()
);
#7040=(
NAMED_UNIT(*)
PLANE_ANGLE_UNIT()
SI_UNIT($,.RADIAN.)
);
#7041=(
LENGTH_UNIT()
NAMED_UNIT(*)
SI_UNIT($,.METRE.)
);
#7042=PRODUCT_DEFINITION_SHAPE('','',#7043);
#7043=PRODUCT_DEFINITION('','',#7045,#7044);
#7044=PRODUCT_DEFINITION_CONTEXT('',#7051,'design');
#7045=PRODUCT_DEFINITION_FORMATION_WITH_SPECIFIED_SOURCE('','',#7047,
 .NOT_KNOWN.);
#7046=PRODUCT_RELATED_PRODUCT_CATEGORY('','',(#7047));
#7047=PRODUCT('Part 1','Part 1','Part 1',(#7049));
#7048=PRODUCT_CATEGORY('','');
#7049=PRODUCT_CONTEXT('',#7051,'mechanical');
#7050=APPLICATION_PROTOCOL_DEFINITION('international standard',
'ap242_managed_model_based_3d_engineering',2011,#7051);
#7051=APPLICATION_CONTEXT('managed model based 3d engineering');
ENDSEC;
END-ISO-10303-21;
