ISO-10303-21;
HEADER;
/* Generated by software containing ST-Developer
 * from STEP Tools, Inc. (www.steptools.com) 
 */
/* OPTION: using custom renumber hook */

FILE_DESCRIPTION(
/* description */ ('STEP AP242',
'CAx-IF Rec.Pracs.---Representation and Presentation of Product Manufa
cturing Information (PMI)---4.0---2014-10-13',
'CAx-IF Rec.Pracs.---3D Tessellated Geometry---0.4---2014-09-14','2;1'),

/* implementation_level */ '2;1');

FILE_NAME(
/* name */ '642469dd1269fe207307e63f',
/* time_stamp */ '2023-03-29T16:39:57+00:00',
/* author */ (''),
/* organization */ (''),
/* preprocessor_version */ 'ST-DEVELOPER v18.102',
/* originating_system */ '  ',
/* authorisation */ '  ');

FILE_SCHEMA (('AP242_MANAGED_MODEL_BASED_3D_ENGINEERING_MIM_LF { 1 0 10303 442 1 1 4 }'));
ENDSEC;

DATA;
#10=SHAPE_REPRESENTATION_RELATIONSHIP('','',#3912,#11);
#11=ADVANCED_BREP_SHAPE_REPRESENTATION('',(#3910),#6393);
#12=TOROIDAL_SURFACE('',#4146,0.0065,0.0015);
#13=TOROIDAL_SURFACE('',#4149,0.0065,0.0015);
#14=(
BOUNDED_SURFACE()
B_SPLINE_SURFACE(3,2,((#5920,#5921,#5922),(#5923,#5924,#5925),(#5926,#5927,
#5928),(#5929,#5930,#5931),(#5932,#5933,#5934)),.UNSPECIFIED.,.F.,.F.,.F.)
B_SPLINE_SURFACE_WITH_KNOTS((4,1,4),(3,3),(0.163572962608007,0.556272044306731,
0.948971126005455),(0.,1.),.UNSPECIFIED.)
GEOMETRIC_REPRESENTATION_ITEM()
RATIONAL_B_SPLINE_SURFACE(((1.,0.923879532511286,1.),(1.,0.919745655749096,
1.),(1.,0.901538939597038,1.),(1.,0.864509649608331,1.),(1.,0.841865843549214,
1.)))
REPRESENTATION_ITEM('')
SURFACE()
);
#15=(
BOUNDED_SURFACE()
B_SPLINE_SURFACE(3,2,((#5944,#5945,#5946),(#5947,#5948,#5949),(#5950,#5951,
#5952),(#5953,#5954,#5955),(#5956,#5957,#5958)),.UNSPECIFIED.,.F.,.F.,.F.)
B_SPLINE_SURFACE_WITH_KNOTS((4,1,4),(3,3),(5.33421418117413,5.72691326287285,
6.11961234457158),(0.,1.),.UNSPECIFIED.)
GEOMETRIC_REPRESENTATION_ITEM()
RATIONAL_B_SPLINE_SURFACE(((1.,0.841865843549214,1.),(1.,0.864509649608582,
1.),(1.,0.901538939596619,1.),(1.,0.919745655749682,1.),(1.,0.923879532511286,
1.)))
REPRESENTATION_ITEM('')
SURFACE()
);
#16=(
BOUNDED_SURFACE()
B_SPLINE_SURFACE(3,2,((#5989,#5990,#5991),(#5992,#5993,#5994),(#5995,#5996,
#5997),(#5998,#5999,#6000),(#6001,#6002,#6003),(#6004,#6005,#6006),(#6007,
#6008,#6009),(#6010,#6011,#6012),(#6013,#6014,#6015),(#6016,#6017,#6018)),
 .UNSPECIFIED.,.F.,.F.,.F.)
B_SPLINE_SURFACE_WITH_KNOTS((4,1,1,1,1,1,1,4),(3,3),(0.,0.00259990925156241,
0.00389986387734362,0.00519981850312482,0.00649977312890603,0.00779972775468724,
0.00909968238046844,0.0103996370062496),(0.,1.),.UNSPECIFIED.)
GEOMETRIC_REPRESENTATION_ITEM()
RATIONAL_B_SPLINE_SURFACE(((1.,0.923879532511287,1.),(1.,0.931872682585142,
1.),(1.,0.943598473773685,1.),(1.,0.956569580965119,1.),(1.,0.962491588609926,
1.),(1.,0.959367003464373,1.),(1.,0.948712967438165,1.),(1.,0.936326708092361,
1.),(1.,0.928009252827555,1.),(1.,0.923879532511287,1.)))
REPRESENTATION_ITEM('')
SURFACE()
);
#17=(
BOUNDED_SURFACE()
B_SPLINE_SURFACE(3,2,((#6034,#6035,#6036),(#6037,#6038,#6039),(#6040,#6041,
#6042),(#6043,#6044,#6045),(#6046,#6047,#6048),(#6049,#6050,#6051),(#6052,
#6053,#6054),(#6055,#6056,#6057),(#6058,#6059,#6060),(#6061,#6062,#6063)),
 .UNSPECIFIED.,.F.,.F.,.F.)
B_SPLINE_SURFACE_WITH_KNOTS((4,1,1,1,1,1,1,4),(3,3),(0.,0.00259990925156241,
0.00389986387734361,0.00519981850312481,0.00649977312890601,0.00779972775468721,
0.00909968238046842,0.0103996370062496),(0.,1.),.UNSPECIFIED.)
GEOMETRIC_REPRESENTATION_ITEM()
RATIONAL_B_SPLINE_SURFACE(((1.,0.923879532511287,1.),(1.,0.931872682585528,
1.),(1.,0.943598473773599,1.),(1.,0.956569580965135,1.),(1.,0.962491588609924,
1.),(1.,0.959367003464365,1.),(1.,0.948712967438196,1.),(1.,0.936326708092239,
1.),(1.,0.92800925282782,1.),(1.,0.923879532511287,1.)))
REPRESENTATION_ITEM('')
SURFACE()
);
#18=(
BOUNDED_SURFACE()
B_SPLINE_SURFACE(3,2,((#6092,#6093,#6094),(#6095,#6096,#6097),(#6098,#6099,
#6100),(#6101,#6102,#6103),(#6104,#6105,#6106)),.UNSPECIFIED.,.F.,.F.,.F.)
B_SPLINE_SURFACE_WITH_KNOTS((4,1,4),(3,3),(0.,0.00247934921903833,0.00495869843807667),
(0.,1.),.UNSPECIFIED.)
GEOMETRIC_REPRESENTATION_ITEM()
RATIONAL_B_SPLINE_SURFACE(((1.,0.961119139337055,1.),(1.,0.961119139337055,
1.),(1.,0.961119139337054,1.),(1.,0.961119139337055,1.),(1.,0.961119139337055,
1.)))
REPRESENTATION_ITEM('')
SURFACE()
);
#19=(
BOUNDED_SURFACE()
B_SPLINE_SURFACE(3,2,((#6110,#6111,#6112),(#6113,#6114,#6115),(#6116,#6117,
#6118),(#6119,#6120,#6121),(#6122,#6123,#6124)),.UNSPECIFIED.,.F.,.F.,.F.)
B_SPLINE_SURFACE_WITH_KNOTS((4,1,4),(3,3),(0.,0.00274504832398937,0.00549009664797874),
(0.,1.),.UNSPECIFIED.)
GEOMETRIC_REPRESENTATION_ITEM()
RATIONAL_B_SPLINE_SURFACE(((1.,0.913089693209279,1.),(1.,0.928622459481047,
1.),(1.,0.954731193349092,1.),(1.,0.963202190498177,1.),(1.,0.961119139337054,
1.)))
REPRESENTATION_ITEM('')
SURFACE()
);
#20=(
BOUNDED_SURFACE()
B_SPLINE_SURFACE(3,2,((#6126,#6127,#6128),(#6129,#6130,#6131),(#6132,#6133,
#6134),(#6135,#6136,#6137)),.UNSPECIFIED.,.F.,.F.,.F.)
B_SPLINE_SURFACE_WITH_KNOTS((4,4),(3,3),(0.372723765098144,0.621825200789441),
(0.,1.),.PIECEWISE_BEZIER_KNOTS.)
GEOMETRIC_REPRESENTATION_ITEM()
RATIONAL_B_SPLINE_SURFACE(((1.,0.913089693209279,1.),(1.,0.90715651790686,
1.),(1.,0.89927144740619,1.),(1.,0.88952903351446,1.)))
REPRESENTATION_ITEM('')
SURFACE()
);
#21=(
BOUNDED_SURFACE()
B_SPLINE_SURFACE(3,2,((#6141,#6142,#6143),(#6144,#6145,#6146),(#6147,#6148,
#6149),(#6150,#6151,#6152)),.UNSPECIFIED.,.F.,.F.,.F.)
B_SPLINE_SURFACE_WITH_KNOTS((4,4),(3,3),(3.76341785437923,3.84918005579233),
(0.,1.),.PIECEWISE_BEZIER_KNOTS.)
GEOMETRIC_REPRESENTATION_ITEM()
RATIONAL_B_SPLINE_SURFACE(((1.,0.88952903351446,1.),(1.,0.886174854281794,
1.),(1.,0.882600948749002,1.),(1.,0.878812561248922,1.)))
REPRESENTATION_ITEM('')
SURFACE()
);
#22=(
BOUNDED_SURFACE()
B_SPLINE_SURFACE(3,2,((#6154,#6155,#6156),(#6157,#6158,#6159),(#6160,#6161,
#6162),(#6163,#6164,#6165)),.UNSPECIFIED.,.F.,.F.,.F.)
B_SPLINE_SURFACE_WITH_KNOTS((4,4),(3,3),(3.20480230538372,3.32812768655249),
(0.458865114099834,1.),.PIECEWISE_BEZIER_KNOTS.)
GEOMETRIC_REPRESENTATION_ITEM()
RATIONAL_B_SPLINE_SURFACE(((0.882363872425643,0.871818401574146,1.),(0.882294145617749,
0.871742424118297,1.),(0.882156402000984,0.871592332498198,1.),(0.881951466407603,
0.871369025488051,1.)))
REPRESENTATION_ITEM('')
SURFACE()
);
#23=(
BOUNDED_SURFACE()
B_SPLINE_SURFACE(3,2,((#6173,#6174,#6175),(#6176,#6177,#6178),(#6179,#6180,
#6181),(#6182,#6183,#6184),(#6185,#6186,#6187),(#6188,#6189,#6190),(#6191,
#6192,#6193)),.UNSPECIFIED.,.F.,.F.,.F.)
B_SPLINE_SURFACE_WITH_KNOTS((4,1,1,1,4),(3,3),(-0.000626079622300356,0.00140033744565293,
0.00342675451360621,0.00545317158155949,0.00747958864951277),(0.,1.),
 .UNSPECIFIED.)
GEOMETRIC_REPRESENTATION_ITEM()
RATIONAL_B_SPLINE_SURFACE(((1.,0.76312449674608,1.),(1.,0.761954184531607,
1.),(1.,0.767388418164688,1.),(1.,0.795940248167967,1.),(1.,0.835901880095982,
1.),(1.,0.864848750827056,1.),(1.,0.878812561248922,1.)))
REPRESENTATION_ITEM('')
SURFACE()
);
#24=(
BOUNDED_SURFACE()
B_SPLINE_SURFACE(3,2,((#6198,#6199,#6200),(#6201,#6202,#6203),(#6204,#6205,
#6206),(#6207,#6208,#6209),(#6210,#6211,#6212),(#6213,#6214,#6215),(#6216,
#6217,#6218)),.UNSPECIFIED.,.F.,.F.,.F.)
B_SPLINE_SURFACE_WITH_KNOTS((4,1,1,1,4),(3,3),(0.0284999746989407,0.0313311502678957,
0.0341623258368507,0.0369935014058057,0.0398246769747607),(0.,1.),
 .UNSPECIFIED.)
GEOMETRIC_REPRESENTATION_ITEM()
RATIONAL_B_SPLINE_SURFACE(((1.,0.81152536230241,1.),(1.,0.832101106927871,
1.),(1.,0.859654815025861,1.),(1.,0.869201854986263,1.),(1.,0.867340139384047,
1.),(1.,0.875613197751575,1.),(1.,0.883305404780074,1.)))
REPRESENTATION_ITEM('')
SURFACE()
);
#25=(
BOUNDED_SURFACE()
B_SPLINE_SURFACE(3,2,((#6221,#6222,#6223),(#6224,#6225,#6226),(#6227,#6228,
#6229),(#6230,#6231,#6232),(#6233,#6234,#6235)),.UNSPECIFIED.,.F.,.F.,.F.)
B_SPLINE_SURFACE_WITH_KNOTS((4,1,4),(3,3),(0.,0.00247934921903833,0.00495869843807665),
(0.,1.),.UNSPECIFIED.)
GEOMETRIC_REPRESENTATION_ITEM()
RATIONAL_B_SPLINE_SURFACE(((1.,0.961119139337054,1.),(1.,0.961119139337054,
1.),(1.,0.961119139337054,1.),(1.,0.961119139337054,1.),(1.,0.961119139337054,
1.)))
REPRESENTATION_ITEM('')
SURFACE()
);
#26=(
BOUNDED_SURFACE()
B_SPLINE_SURFACE(3,2,((#6239,#6240,#6241),(#6242,#6243,#6244),(#6245,#6246,
#6247),(#6248,#6249,#6250),(#6251,#6252,#6253)),.UNSPECIFIED.,.F.,.F.,.F.)
B_SPLINE_SURFACE_WITH_KNOTS((4,1,4),(3,3),(0.,0.00274104549248295,0.00548209098496589),
(0.,1.),.UNSPECIFIED.)
GEOMETRIC_REPRESENTATION_ITEM()
RATIONAL_B_SPLINE_SURFACE(((1.,0.961119139337054,1.),(1.,0.963205715632156,
1.),(1.,0.954743148869507,1.),(1.,0.928641884865751,1.),(1.,0.913089693209279,
1.)))
REPRESENTATION_ITEM('')
SURFACE()
);
#27=(
BOUNDED_SURFACE()
B_SPLINE_SURFACE(3,2,((#6255,#6256,#6257),(#6258,#6259,#6260),(#6261,#6262,
#6263),(#6264,#6265,#6266)),.UNSPECIFIED.,.F.,.F.,.F.)
B_SPLINE_SURFACE_WITH_KNOTS((4,4),(3,3),(5.66136010639014,5.91046154208144),
(0.,1.),.PIECEWISE_BEZIER_KNOTS.)
GEOMETRIC_REPRESENTATION_ITEM()
RATIONAL_B_SPLINE_SURFACE(((1.,0.88952903351446,1.),(1.,0.899271447405976,
1.),(1.,0.9071565179068,1.),(1.,0.913089693209278,1.)))
REPRESENTATION_ITEM('')
SURFACE()
);
#28=(
BOUNDED_SURFACE()
B_SPLINE_SURFACE(3,2,((#6270,#6271,#6272),(#6273,#6274,#6275),(#6276,#6277,
#6278),(#6279,#6280,#6281)),.UNSPECIFIED.,.F.,.F.,.F.)
B_SPLINE_SURFACE_WITH_KNOTS((4,4),(3,3),(2.43400525138726,2.51976745280035),
(0.,1.),.PIECEWISE_BEZIER_KNOTS.)
GEOMETRIC_REPRESENTATION_ITEM()
RATIONAL_B_SPLINE_SURFACE(((1.,0.878812561248923,1.),(1.,0.882600948748906,
1.),(1.,0.886174854281775,1.),(1.,0.88952903351446,1.)))
REPRESENTATION_ITEM('')
SURFACE()
);
#29=(
BOUNDED_SURFACE()
B_SPLINE_SURFACE(3,2,((#6283,#6284,#6285),(#6286,#6287,#6288),(#6289,#6290,
#6291),(#6292,#6293,#6294),(#6295,#6296,#6297),(#6298,#6299,#6300),(#6301,
#6302,#6303)),.UNSPECIFIED.,.F.,.F.,.F.)
B_SPLINE_SURFACE_WITH_KNOTS((4,1,1,1,4),(3,3),(0.,0.00203249610347902,0.00406499220695803,
0.00609748831043705,0.00812998441391607),(0.,1.),.UNSPECIFIED.)
GEOMETRIC_REPRESENTATION_ITEM()
RATIONAL_B_SPLINE_SURFACE(((1.,0.878812561248922,1.),(1.,0.864839596506592,
1.),(1.,0.836314193476998,1.),(1.,0.795871638372882,1.),(1.,0.767661773217576,
1.),(1.,0.761951896110417,1.),(1.,0.76312449674608,1.)))
REPRESENTATION_ITEM('')
SURFACE()
);
#30=(
BOUNDED_SURFACE()
B_SPLINE_SURFACE(3,2,((#6310,#6311,#6312),(#6313,#6314,#6315),(#6316,#6317,
#6318),(#6319,#6320,#6321)),.UNSPECIFIED.,.F.,.F.,.F.)
B_SPLINE_SURFACE_WITH_KNOTS((4,4),(3,3),(2.9550576206271,3.07838300179586),
(0.458865114099834,1.),.PIECEWISE_BEZIER_KNOTS.)
GEOMETRIC_REPRESENTATION_ITEM()
RATIONAL_B_SPLINE_SURFACE(((0.881951466407603,0.871369025488051,1.),(0.882156402000972,
0.871592332498185,1.),(0.882294145617749,0.871742424118297,1.),(0.882363872425643,
0.871818401574146,1.)))
REPRESENTATION_ITEM('')
SURFACE()
);
#31=(
BOUNDED_SURFACE()
B_SPLINE_SURFACE(3,2,((#6329,#6330,#6331),(#6332,#6333,#6334),(#6335,#6336,
#6337),(#6338,#6339,#6340),(#6341,#6342,#6343),(#6344,#6345,#6346),(#6347,
#6348,#6349)),.UNSPECIFIED.,.F.,.F.,.F.)
B_SPLINE_SURFACE_WITH_KNOTS((4,1,1,1,4),(3,3),(0.0284999746989406,0.0313311502678956,
0.0341623258368506,0.0369935014058056,0.0398246769747606),(0.,1.),
 .UNSPECIFIED.)
GEOMETRIC_REPRESENTATION_ITEM()
RATIONAL_B_SPLINE_SURFACE(((1.,0.811525362302411,1.),(1.,0.832101106927712,
1.),(1.,0.859654815025937,1.),(1.,0.869201854986237,1.),(1.,0.867340139384077,
1.),(1.,0.875613197751522,1.),(1.,0.883305404780074,1.)))
REPRESENTATION_ITEM('')
SURFACE()
);
#32=CYLINDRICAL_SURFACE('',#3963,0.002);
#33=CYLINDRICAL_SURFACE('',#3970,0.002);
#34=CYLINDRICAL_SURFACE('',#4001,0.009925);
#35=CYLINDRICAL_SURFACE('',#4004,0.01145);
#36=CYLINDRICAL_SURFACE('',#4006,0.003);
#37=CYLINDRICAL_SURFACE('',#4009,0.002);
#38=CYLINDRICAL_SURFACE('',#4011,0.003);
#39=CYLINDRICAL_SURFACE('',#4016,0.002);
#40=CYLINDRICAL_SURFACE('',#4098,0.005);
#41=CYLINDRICAL_SURFACE('',#4101,0.005);
#42=CYLINDRICAL_SURFACE('',#4102,0.005);
#43=CYLINDRICAL_SURFACE('',#4104,0.005);
#44=CYLINDRICAL_SURFACE('',#4105,0.005);
#45=CYLINDRICAL_SURFACE('',#4107,0.005);
#46=CYLINDRICAL_SURFACE('',#4108,0.005);
#47=CYLINDRICAL_SURFACE('',#4109,0.005);
#48=CYLINDRICAL_SURFACE('',#4110,0.005);
#49=CYLINDRICAL_SURFACE('',#4111,0.005);
#50=CYLINDRICAL_SURFACE('',#4112,0.005);
#51=CYLINDRICAL_SURFACE('',#4113,0.005);
#52=CYLINDRICAL_SURFACE('',#4114,0.005);
#53=CYLINDRICAL_SURFACE('',#4115,0.005);
#54=CYLINDRICAL_SURFACE('',#4116,0.005);
#55=CYLINDRICAL_SURFACE('',#4117,0.005);
#56=CYLINDRICAL_SURFACE('',#4119,0.005);
#57=CYLINDRICAL_SURFACE('',#4121,0.005);
#58=CYLINDRICAL_SURFACE('',#4124,0.005);
#59=CYLINDRICAL_SURFACE('',#4128,0.005);
#60=CYLINDRICAL_SURFACE('',#4129,0.005);
#61=CYLINDRICAL_SURFACE('',#4130,0.005);
#62=CYLINDRICAL_SURFACE('',#4131,0.005);
#63=CYLINDRICAL_SURFACE('',#4133,0.005);
#64=CYLINDRICAL_SURFACE('',#4134,0.005);
#65=CYLINDRICAL_SURFACE('',#4137,0.005);
#66=CYLINDRICAL_SURFACE('',#4138,0.005);
#67=CYLINDRICAL_SURFACE('',#4141,0.005);
#68=CYLINDRICAL_SURFACE('',#4142,0.005);
#69=CYLINDRICAL_SURFACE('',#4143,0.005);
#70=CYLINDRICAL_SURFACE('',#4144,0.0015);
#71=CYLINDRICAL_SURFACE('',#4147,0.0015);
#72=CYLINDRICAL_SURFACE('',#4151,0.005);
#73=CYLINDRICAL_SURFACE('',#4155,0.005);
#74=CYLINDRICAL_SURFACE('',#4160,0.005);
#75=CYLINDRICAL_SURFACE('',#4162,0.005);
#76=CYLINDRICAL_SURFACE('',#4166,0.005);
#77=CYLINDRICAL_SURFACE('',#4170,0.005);
#78=CIRCLE('',#3928,0.005);
#79=CIRCLE('',#3929,0.007);
#80=CIRCLE('',#3931,0.005);
#81=CIRCLE('',#3932,0.007);
#82=CIRCLE('',#3934,0.005);
#83=CIRCLE('',#3935,0.007);
#84=CIRCLE('',#3937,0.005);
#85=CIRCLE('',#3938,0.007);
#86=CIRCLE('',#3940,0.002);
#87=CIRCLE('',#3941,0.004);
#88=CIRCLE('',#3942,0.004);
#89=CIRCLE('',#3945,0.003);
#90=CIRCLE('',#3947,0.002);
#91=CIRCLE('',#3948,0.004);
#92=CIRCLE('',#3949,0.004);
#93=CIRCLE('',#3953,0.005);
#94=CIRCLE('',#3954,0.007);
#95=CIRCLE('',#3956,0.005);
#96=CIRCLE('',#3957,0.007);
#97=CIRCLE('',#3964,0.002);
#98=CIRCLE('',#3966,0.004);
#99=CIRCLE('',#3967,0.005);
#100=CIRCLE('',#3969,0.01145);
#101=CIRCLE('',#3976,0.007);
#102=CIRCLE('',#3978,0.003);
#103=CIRCLE('',#3980,0.007);
#104=CIRCLE('',#3992,0.01145);
#105=CIRCLE('',#4000,0.009925);
#106=CIRCLE('',#4002,0.009925);
#107=CIRCLE('',#4014,0.004);
#108=CIRCLE('',#4015,0.005);
#109=CIRCLE('',#4017,0.002);
#110=CIRCLE('',#4099,0.005);
#111=CIRCLE('',#4100,0.005);
#112=CIRCLE('',#4122,0.005);
#113=CIRCLE('',#4123,0.005);
#114=CIRCLE('',#4126,0.005);
#115=CIRCLE('',#4127,0.005);
#116=CIRCLE('',#4135,0.005);
#117=CIRCLE('',#4136,0.005);
#118=CIRCLE('',#4139,0.005);
#119=CIRCLE('',#4140,0.005);
#120=CIRCLE('',#4145,0.0015);
#121=CIRCLE('',#4148,0.0015);
#122=CIRCLE('',#4150,0.005);
#123=CIRCLE('',#4152,0.005);
#124=CIRCLE('',#4153,0.005);
#125=CIRCLE('',#4154,0.005);
#126=CIRCLE('',#4156,0.005);
#127=CIRCLE('',#4157,0.005);
#128=CIRCLE('',#4158,0.005);
#129=CIRCLE('',#4159,0.005);
#130=CIRCLE('',#4161,0.005);
#131=CIRCLE('',#4163,0.005);
#132=CIRCLE('',#4164,0.005);
#133=CIRCLE('',#4165,0.005);
#134=CIRCLE('',#4167,0.005);
#135=CIRCLE('',#4168,0.005);
#136=CIRCLE('',#4169,0.005);
#137=CIRCLE('',#4171,0.005);
#138=CONICAL_SURFACE('',#3927,0.005,0.785398163397448);
#139=CONICAL_SURFACE('',#3930,0.005,0.785398163397448);
#140=CONICAL_SURFACE('',#3933,0.005,0.785398163397448);
#141=CONICAL_SURFACE('',#3936,0.005,0.785398163397448);
#142=CONICAL_SURFACE('',#3939,0.002,0.785398163397448);
#143=CONICAL_SURFACE('',#3946,0.002,0.785398163397449);
#144=CONICAL_SURFACE('',#3952,0.005,0.785398163397448);
#145=CONICAL_SURFACE('',#3955,0.005,0.785398163397448);
#146=CONICAL_SURFACE('',#4018,0.005,0.785398163397448);
#147=CONICAL_SURFACE('',#4019,0.005,0.785398163397448);
#148=CONICAL_SURFACE('',#4020,0.002,0.785398163397448);
#149=CONICAL_SURFACE('',#4021,0.002,0.785398163397448);
#150=ELLIPSE('',#3916,0.0143387834129272,0.01);
#151=ELLIPSE('',#3918,0.00736812879103951,0.005);
#152=ELLIPSE('',#3919,0.0143387834129272,0.01);
#153=ELLIPSE('',#3921,0.010139050985246,0.01);
#154=ELLIPSE('',#3922,0.005069525492623,0.005);
#155=ELLIPSE('',#3923,0.00332446793096754,0.0015);
#156=ELLIPSE('',#3924,0.00332446793096754,0.0015);
#157=ELLIPSE('',#3925,0.005069525492623,0.005);
#158=ELLIPSE('',#3926,0.010139050985246,0.01);
#159=ELLIPSE('',#3960,0.0143387834129272,0.01);
#160=ELLIPSE('',#3974,0.0143387834129272,0.01);
#161=ELLIPSE('',#3983,0.0143387834129272,0.01);
#162=ELLIPSE('',#3985,0.00736812879103951,0.005);
#163=ELLIPSE('',#3986,0.00921323253088252,0.005);
#164=ELLIPSE('',#3987,0.005069525492623,0.005);
#165=ELLIPSE('',#3988,0.005069525492623,0.005);
#166=ELLIPSE('',#3989,0.00921323253088251,0.005);
#167=ELLIPSE('',#3991,0.0073681287910395,0.005);
#168=ELLIPSE('',#3996,0.0143387834129272,0.01);
#169=ELLIPSE('',#4023,0.00707106781186548,0.005);
#170=ELLIPSE('',#4025,0.00707106781186549,0.005);
#171=ELLIPSE('',#4026,0.00707106781186549,0.005);
#172=ELLIPSE('',#4028,0.00707106781186547,0.005);
#173=ELLIPSE('',#4029,0.00707106781186547,0.005);
#174=ELLIPSE('',#4031,0.00707106781186548,0.005);
#175=ELLIPSE('',#4032,0.00707106781186548,0.005);
#176=ELLIPSE('',#4034,0.00707106781186548,0.005);
#177=ELLIPSE('',#4035,0.00707106781186548,0.005);
#178=ELLIPSE('',#4037,0.00707106781186548,0.005);
#179=ELLIPSE('',#4038,0.00707106781186548,0.005);
#180=ELLIPSE('',#4040,0.00707106781186547,0.005);
#181=ELLIPSE('',#4041,0.00707106781186547,0.005);
#182=ELLIPSE('',#4043,0.00707106781186547,0.005);
#183=ELLIPSE('',#4044,0.00707106781186548,0.005);
#184=ELLIPSE('',#4046,0.00707106781186548,0.005);
#185=ELLIPSE('',#4048,0.00707106781186548,0.005);
#186=ELLIPSE('',#4050,0.00707106781186548,0.005);
#187=ELLIPSE('',#4051,0.00707106781186548,0.005);
#188=ELLIPSE('',#4053,0.00707106781186548,0.005);
#189=ELLIPSE('',#4054,0.00707106781186548,0.005);
#190=ELLIPSE('',#4056,0.00707106781186548,0.005);
#191=ELLIPSE('',#4057,0.00707106781186548,0.005);
#192=ELLIPSE('',#4059,0.00707106781186548,0.005);
#193=ELLIPSE('',#4060,0.00707106781186548,0.005);
#194=ELLIPSE('',#4062,0.00707106781186548,0.005);
#195=ELLIPSE('',#4063,0.00707106781186548,0.005);
#196=ELLIPSE('',#4065,0.00707106781186548,0.005);
#197=ELLIPSE('',#4066,0.00707106781186548,0.005);
#198=ELLIPSE('',#4068,0.00707106781186548,0.005);
#199=ELLIPSE('',#4070,0.00707106781186548,0.005);
#200=ELLIPSE('',#4071,0.00707106781186548,0.005);
#201=ELLIPSE('',#4073,0.00707106781186548,0.005);
#202=ELLIPSE('',#4074,0.00707106781186548,0.005);
#203=ELLIPSE('',#4076,0.00707106781186548,0.005);
#204=ELLIPSE('',#4077,0.00707106781186548,0.005);
#205=ELLIPSE('',#4079,0.00707106781186548,0.005);
#206=ELLIPSE('',#4080,0.0110302676691558,0.005);
#207=ELLIPSE('',#4082,0.00707106781186548,0.005);
#208=ELLIPSE('',#4083,0.00707106781186548,0.005);
#209=ELLIPSE('',#4086,0.00707106781186548,0.005);
#210=ELLIPSE('',#4087,0.00707106781186548,0.005);
#211=ELLIPSE('',#4089,0.00707106781186548,0.005);
#212=ELLIPSE('',#4091,0.00707106781186548,0.005);
#213=ELLIPSE('',#4092,0.00707106781186548,0.005);
#214=ELLIPSE('',#4096,0.00620567347113939,0.005);
#215=ELLIPSE('',#4097,0.00620567347113939,0.005);
#216=ELLIPSE('',#4103,0.0114280667552668,0.005);
#217=ELLIPSE('',#4106,0.0114280667552668,0.005);
#218=ELLIPSE('',#4118,0.0114280667552668,0.005);
#219=ELLIPSE('',#4120,0.0114280667552668,0.005);
#220=ELLIPSE('',#4125,0.0114280667552668,0.005);
#221=ELLIPSE('',#4132,0.0114280667552668,0.005);
#222=B_SPLINE_CURVE_WITH_KNOTS('',3,(#4949,#4950,#4951,#4952,#4953,#4954,
#4955),.UNSPECIFIED.,.F.,.F.,(4,1,1,1,4),(0.,0.0025999092515624,0.0051998185031248,
0.00779972775468721,0.0103996370062496),.UNSPECIFIED.);
#223=B_SPLINE_CURVE_WITH_KNOTS('',3,(#4963,#4964,#4965,#4966),
 .UNSPECIFIED.,.F.,.F.,(4,4),(-0.00208776079285223,0.00286204333996357),
 .UNSPECIFIED.);
#224=B_SPLINE_CURVE_WITH_KNOTS('',3,(#4970,#4971,#4972,#4973),
 .UNSPECIFIED.,.F.,.F.,(4,4),(0.0173799430535962,0.0223568739893558),
 .UNSPECIFIED.);
#225=B_SPLINE_CURVE_WITH_KNOTS('',3,(#5008,#5009,#5010,#5011),
 .UNSPECIFIED.,.F.,.F.,(4,4),(0.,0.00279920669745673),.UNSPECIFIED.);
#226=B_SPLINE_CURVE_WITH_KNOTS('',3,(#5015,#5016,#5017,#5018),
 .UNSPECIFIED.,.F.,.F.,(4,4),(0.,0.00279920669745673),.UNSPECIFIED.);
#227=B_SPLINE_CURVE_WITH_KNOTS('',3,(#5030,#5031,#5032,#5033),
 .UNSPECIFIED.,.F.,.F.,(4,4),(-0.00210598327221343,0.00290047743102085),
 .UNSPECIFIED.);
#228=B_SPLINE_CURVE_WITH_KNOTS('',3,(#5037,#5038,#5039,#5040),
 .UNSPECIFIED.,.F.,.F.,(4,4),(0.000108031249851525,0.00280594207533012),
 .UNSPECIFIED.);
#229=B_SPLINE_CURVE_WITH_KNOTS('',3,(#5044,#5045,#5046,#5047),
 .UNSPECIFIED.,.F.,.F.,(4,4),(0.0173111701752805,0.0222638616798908),
 .UNSPECIFIED.);
#230=B_SPLINE_CURVE_WITH_KNOTS('',3,(#5058,#5059,#5060,#5061),
 .UNSPECIFIED.,.F.,.F.,(4,4),(-0.00210598327221342,0.00290047743102082),
 .UNSPECIFIED.);
#231=B_SPLINE_CURVE_WITH_KNOTS('',3,(#5063,#5064,#5065,#5066,#5067,#5068),
 .UNSPECIFIED.,.F.,.F.,(4,1,1,4),(0.,0.00107578068253658,0.00215156136507316,
0.00430312273014632),.UNSPECIFIED.);
#232=B_SPLINE_CURVE_WITH_KNOTS('',3,(#5072,#5073,#5074,#5075,#5076,#5077),
 .UNSPECIFIED.,.F.,.F.,(4,1,1,4),(5.55382496713543E-18,0.00214158090435839,
0.00321237135653758,0.00428316180871678),.UNSPECIFIED.);
#233=B_SPLINE_CURVE_WITH_KNOTS('',3,(#5079,#5080,#5081,#5082),
 .UNSPECIFIED.,.F.,.F.,(4,4),(0.0173111701752802,0.0222638616798904),
 .UNSPECIFIED.);
#234=B_SPLINE_CURVE_WITH_KNOTS('',3,(#5086,#5087,#5088,#5089,#5090,#5091),
 .UNSPECIFIED.,.F.,.F.,(4,1,1,4),(0.,0.00107578068253658,0.00215156136507315,
0.00430312273014631),.UNSPECIFIED.);
#235=B_SPLINE_CURVE_WITH_KNOTS('',3,(#5095,#5096,#5097,#5098,#5099,#5100),
 .UNSPECIFIED.,.F.,.F.,(4,1,1,4),(3.49644694633735E-18,0.00214158090435841,
0.00321237135653761,0.00428316180871681),.UNSPECIFIED.);
#236=B_SPLINE_CURVE_WITH_KNOTS('',3,(#5102,#5103,#5104,#5105),
 .UNSPECIFIED.,.F.,.F.,(4,4),(0.0173111701752804,0.0222638616798907),
 .UNSPECIFIED.);
#237=B_SPLINE_CURVE_WITH_KNOTS('',3,(#5107,#5108,#5109,#5110),
 .UNSPECIFIED.,.F.,.F.,(4,4),(0.0173111701752806,0.022263861679891),
 .UNSPECIFIED.);
#238=B_SPLINE_CURVE_WITH_KNOTS('',3,(#5115,#5116,#5117,#5118),
 .UNSPECIFIED.,.F.,.F.,(4,4),(-0.00210598327221343,0.00290047743102083),
 .UNSPECIFIED.);
#239=B_SPLINE_CURVE_WITH_KNOTS('',3,(#5120,#5121,#5122,#5123,#5124,#5125),
 .UNSPECIFIED.,.F.,.F.,(4,1,1,4),(0.,0.00107578068253658,0.00215156136507316,
0.00430312273014631),.UNSPECIFIED.);
#240=B_SPLINE_CURVE_WITH_KNOTS('',3,(#5129,#5130,#5131,#5132,#5133,#5134),
 .UNSPECIFIED.,.F.,.F.,(4,1,1,4),(0.,0.00214158090435841,0.00321237135653761,
0.00428316180871682),.UNSPECIFIED.);
#241=B_SPLINE_CURVE_WITH_KNOTS('',3,(#5138,#5139,#5140,#5141),
 .UNSPECIFIED.,.F.,.F.,(4,4),(-0.00210598327221343,0.0029004774310099),
 .UNSPECIFIED.);
#242=B_SPLINE_CURVE_WITH_KNOTS('',3,(#5143,#5144,#5145,#5146,#5147,#5148),
 .UNSPECIFIED.,.F.,.F.,(4,1,1,4),(0.,0.00107578068253658,0.00215156136507316,
0.00430312273014631),.UNSPECIFIED.);
#243=B_SPLINE_CURVE_WITH_KNOTS('',3,(#5152,#5153,#5154,#5155,#5156,#5157),
 .UNSPECIFIED.,.F.,.F.,(4,1,1,4),(3.25260651745651E-19,0.0021415809043584,
0.0032123713565376,0.0042831618087168),.UNSPECIFIED.);
#244=B_SPLINE_CURVE_WITH_KNOTS('',3,(#5161,#5162,#5163,#5164),
 .UNSPECIFIED.,.F.,.F.,(4,4),(0.00437245253988803,0.00705891509980366),
 .UNSPECIFIED.);
#245=B_SPLINE_CURVE_WITH_KNOTS('',3,(#5181,#5182,#5183,#5184),
 .UNSPECIFIED.,.F.,.F.,(4,4),(0.00245384600722586,0.00512719957324315),
 .UNSPECIFIED.);
#246=B_SPLINE_CURVE_WITH_KNOTS('',3,(#5191,#5192,#5193,#5194,#5195),
 .UNSPECIFIED.,.F.,.F.,(4,1,4),(8.67361737988404E-19,0.00247934921903833,
0.00495869843807665),.UNSPECIFIED.);
#247=B_SPLINE_CURVE_WITH_KNOTS('',3,(#5200,#5201,#5202,#5203),
 .UNSPECIFIED.,.F.,.F.,(4,4),(0.00437493605947801,0.00706140391622009),
 .UNSPECIFIED.);
#248=B_SPLINE_CURVE_WITH_KNOTS('',3,(#5233,#5234,#5235,#5236),
 .UNSPECIFIED.,.F.,.F.,(4,4),(-0.00208776079285222,0.00286204333996358),
 .UNSPECIFIED.);
#249=B_SPLINE_CURVE_WITH_KNOTS('',3,(#5238,#5239,#5240,#5241,#5242,#5243,
#5244),.UNSPECIFIED.,.F.,.F.,(4,1,1,1,4),(0.,0.0011685395933304,0.0023370791866608,
0.00350561877999119,0.00467415837332159),.UNSPECIFIED.);
#250=B_SPLINE_CURVE_WITH_KNOTS('',3,(#5248,#5249,#5250,#5251,#5252,#5253,
#5254),.UNSPECIFIED.,.F.,.F.,(4,1,1,1,4),(0.,0.00116162131957096,0.00232324263914191,
0.00348486395871287,0.00464648527828382),.UNSPECIFIED.);
#251=B_SPLINE_CURVE_WITH_KNOTS('',3,(#5256,#5257,#5258,#5259),
 .UNSPECIFIED.,.F.,.F.,(4,4),(0.0173799430536078,0.0223568739893552),
 .UNSPECIFIED.);
#252=B_SPLINE_CURVE_WITH_KNOTS('',3,(#5263,#5264,#5265,#5266),
 .UNSPECIFIED.,.F.,.F.,(4,4),(-0.00208776079285222,0.00286204333996358),
 .UNSPECIFIED.);
#253=B_SPLINE_CURVE_WITH_KNOTS('',3,(#5268,#5269,#5270,#5271,#5272,#5273,
#5274),.UNSPECIFIED.,.F.,.F.,(4,1,1,1,4),(0.,0.0011685395933304,0.0023370791866608,
0.0035056187799912,0.00467415837332161),.UNSPECIFIED.);
#254=B_SPLINE_CURVE_WITH_KNOTS('',3,(#5278,#5279,#5280,#5281,#5282,#5283,
#5284),.UNSPECIFIED.,.F.,.F.,(4,1,1,1,4),(0.,0.00116162131957096,0.00232324263914191,
0.00348486395871287,0.00464648527828383),.UNSPECIFIED.);
#255=B_SPLINE_CURVE_WITH_KNOTS('',3,(#5316,#5317,#5318,#5319,#5320,#5321,
#5322,#5323,#5324,#5325,#5326),.UNSPECIFIED.,.T.,.F.,(1,1,1,1,1,1,1,1,1,
1,1,1,1,1,1),(-0.0046981015845475,-0.00313206772303167,-0.00156603386151583,
0.,0.00156603386151583,0.00313206772303167,0.0046981015845475,0.00626413544606334,
0.00783016930757917,0.00939620316909501,0.0109622370306108,0.0125282708921267,
0.0140943047536425,0.0156603386151583,0.0172263724766742),.UNSPECIFIED.);
#256=B_SPLINE_CURVE_WITH_KNOTS('',3,(#5360,#5361,#5362,#5363,#5364,#5365,
#5366,#5367,#5368,#5369,#5370),.UNSPECIFIED.,.T.,.F.,(1,1,1,1,1,1,1,1,1,
1,1,1,1,1,1),(-0.00470140211560473,-0.00313426807706982,-0.00156713403853491,
0.,0.00156713403853491,0.00313426807706982,0.00470140211560474,0.00626853615413965,
0.00783567019267456,0.00940280423120947,0.0109699382697444,0.0125370723082793,
0.0141042063468142,0.0156713403853491,0.017238474423884),.UNSPECIFIED.);
#257=B_SPLINE_CURVE_WITH_KNOTS('',3,(#5401,#5402,#5403,#5404),
 .UNSPECIFIED.,.F.,.F.,(4,4),(0.017379943053608,0.0223568739893555),
 .UNSPECIFIED.);
#258=B_SPLINE_CURVE_WITH_KNOTS('',3,(#5420,#5421,#5422,#5423),
 .UNSPECIFIED.,.F.,.F.,(4,4),(-0.00208776079285223,0.00286204333996357),
 .UNSPECIFIED.);
#259=B_SPLINE_CURVE_WITH_KNOTS('',3,(#5446,#5447,#5448,#5449,#5450,#5451,
#5452),.UNSPECIFIED.,.F.,.F.,(4,1,1,1,4),(0.,0.00259298900495136,0.00518597800990272,
0.00777896701485408,0.0103719560198054),.UNSPECIFIED.);
#260=B_SPLINE_CURVE_WITH_KNOTS('',3,(#5461,#5462,#5463,#5464),
 .UNSPECIFIED.,.F.,.F.,(4,4),(0.0173799430535959,0.0223568739893552),
 .UNSPECIFIED.);
#261=B_SPLINE_CURVE_WITH_KNOTS('',3,(#5518,#5519,#5520,#5521,#5522),
 .UNSPECIFIED.,.F.,.F.,(4,1,4),(0.,0.00247934921903833,0.00495869843807665),
 .UNSPECIFIED.);
#262=B_SPLINE_CURVE_WITH_KNOTS('',3,(#5586,#5587,#5588,#5589,#5590,#5591,
#5592,#5593,#5594,#5595,#5596),.UNSPECIFIED.,.T.,.F.,(1,1,1,1,1,1,1,1,1,
1,1,1,1,1,1),(-0.00470140211560465,-0.00313426807706977,-0.00156713403853488,
0.,0.00156713403853488,0.00313426807706977,0.00470140211560465,0.00626853615413953,
0.00783567019267442,0.0094028042312093,0.0109699382697442,0.0125370723082791,
0.0141042063468139,0.0156713403853488,0.0172384744238837),.UNSPECIFIED.);
#263=B_SPLINE_CURVE_WITH_KNOTS('',3,(#5600,#5601,#5602,#5603,#5604,#5605,
#5606,#5607,#5608,#5609,#5610),.UNSPECIFIED.,.F.,.F.,(4,1,1,1,1,1,1,1,4),
(0.,0.00210381408901037,0.00420762817802073,0.0063114422670311,0.00841525635604147,
0.0105190704450518,0.0126228845340622,0.0147266986230726,0.0168305127120829),
 .UNSPECIFIED.);
#264=B_SPLINE_CURVE_WITH_KNOTS('',3,(#5617,#5618,#5619,#5620,#5621,#5622,
#5623,#5624,#5625,#5626,#5627),.UNSPECIFIED.,.T.,.F.,(1,1,1,1,1,1,1,1,1,
1,1,1,1,1,1),(-0.0046981015845475,-0.00313206772303167,-0.00156603386151583,
0.,0.00156603386151583,0.00313206772303167,0.0046981015845475,0.00626413544606334,
0.00783016930757917,0.00939620316909501,0.0109622370306108,0.0125282708921267,
0.0140943047536425,0.0156603386151583,0.0172263724766742),.UNSPECIFIED.);
#265=B_SPLINE_CURVE_WITH_KNOTS('',3,(#5631,#5632,#5633,#5634,#5635,#5636,
#5637,#5638,#5639,#5640,#5641),.UNSPECIFIED.,.F.,.F.,(4,1,1,1,1,1,1,1,4),
(0.,0.0021004964964433,0.00420099299288661,0.00630148948932991,0.00840198598577321,
0.0105024824822165,0.0126029789786598,0.0147034754751031,0.0168039719715464),
 .UNSPECIFIED.);
#266=B_SPLINE_CURVE_WITH_KNOTS('',3,(#5668,#5669,#5670,#5671,#5672,#5673,
#5674),.UNSPECIFIED.,.F.,.F.,(4,1,1,1,4),(0.,0.00116853959333039,0.00233707918666078,
0.00350561877999117,0.00467415837332156),.UNSPECIFIED.);
#267=B_SPLINE_CURVE_WITH_KNOTS('',3,(#5675,#5676,#5677,#5678,#5679,#5680,
#5681),.UNSPECIFIED.,.F.,.F.,(4,1,1,1,4),(0.,0.00116162131957096,0.00232324263914192,
0.00348486395871288,0.00464648527828384),.UNSPECIFIED.);
#268=B_SPLINE_CURVE_WITH_KNOTS('',3,(#5683,#5684,#5685,#5686,#5687,#5688,
#5689),.UNSPECIFIED.,.F.,.F.,(4,1,1,1,4),(0.,0.00116853959333039,0.00233707918666079,
0.00350561877999118,0.00467415837332158),.UNSPECIFIED.);
#269=B_SPLINE_CURVE_WITH_KNOTS('',3,(#5690,#5691,#5692,#5693,#5694,#5695,
#5696),.UNSPECIFIED.,.F.,.F.,(4,1,1,1,4),(9.34177181294034E-18,0.00116162131957096,
0.00232324263914192,0.00348486395871287,0.00464648527828382),
 .UNSPECIFIED.);
#270=B_SPLINE_CURVE_WITH_KNOTS('',3,(#5828,#5829,#5830,#5831,#5832),
 .UNSPECIFIED.,.F.,.F.,(4,1,4),(0.032179160099895,0.0344204522970668,0.0366617444942386),
 .UNSPECIFIED.);
#271=B_SPLINE_CURVE_WITH_KNOTS('',3,(#5840,#5841,#5842,#5843,#5844),
 .UNSPECIFIED.,.F.,.F.,(4,1,4),(-1.41421374272893E-5,0.00221878076771852,
0.00445170367286434),.UNSPECIFIED.);
#272=B_SPLINE_CURVE_WITH_KNOTS('',3,(#5851,#5852,#5853,#5854,#5855,#5856),
 .UNSPECIFIED.,.F.,.F.,(4,1,1,4),(0.,0.00223237844215038,0.00334856766322557,
0.00446475688430076),.UNSPECIFIED.);
#273=B_SPLINE_CURVE_WITH_KNOTS('',3,(#5858,#5859,#5860,#5861,#5862),
 .UNSPECIFIED.,.F.,.F.,(4,1,4),(0.00391757446924177,0.00661241201526653,
0.0093072495612913),.UNSPECIFIED.);
#274=B_SPLINE_CURVE_WITH_KNOTS('',3,(#5866,#5867,#5868,#5869),
 .UNSPECIFIED.,.F.,.F.,(4,4),(0.00177307628249119,0.0044879611865159),
 .UNSPECIFIED.);
#275=B_SPLINE_CURVE_WITH_KNOTS('',3,(#5873,#5874,#5875,#5876,#5877),
 .UNSPECIFIED.,.F.,.F.,(4,1,4),(0.,0.0022723189390944,0.0045446378781888),
 .UNSPECIFIED.);
#276=B_SPLINE_CURVE_WITH_KNOTS('',3,(#5879,#5880,#5881,#5882,#5883),
 .UNSPECIFIED.,.F.,.F.,(4,1,4),(0.,0.00264838705931468,0.00529677411862936),
 .UNSPECIFIED.);
#277=B_SPLINE_CURVE_WITH_KNOTS('',3,(#5887,#5888,#5889,#5890),
 .UNSPECIFIED.,.F.,.F.,(4,4),(0.,0.00269415766079856),.UNSPECIFIED.);
#278=B_SPLINE_CURVE_WITH_KNOTS('',3,(#5904,#5905,#5906,#5907,#5908,#5909),
 .UNSPECIFIED.,.F.,.F.,(4,1,1,4),(0.,0.000734616964720874,0.00146923392944175,
0.0029384678588835),.UNSPECIFIED.);
#279=B_SPLINE_CURVE_WITH_KNOTS('',3,(#5915,#5916,#5917,#5918),
 .UNSPECIFIED.,.F.,.F.,(4,4),(0.,0.00075016971660702),.UNSPECIFIED.);
#280=B_SPLINE_CURVE_WITH_KNOTS('',3,(#5935,#5936,#5937,#5938,#5939),
 .UNSPECIFIED.,.F.,.F.,(4,1,4),(0.,0.00274107475203923,0.00548214950407845),
 .UNSPECIFIED.);
#281=B_SPLINE_CURVE_WITH_KNOTS('',3,(#5961,#5962,#5963,#5964,#5965),
 .UNSPECIFIED.,.F.,.F.,(4,1,4),(0.00502247799594694,0.00775720798232852,
0.0104919379687101),.UNSPECIFIED.);
#282=B_SPLINE_CURVE_WITH_KNOTS('',3,(#5973,#5974,#5975,#5976,#5977,#5978),
 .UNSPECIFIED.,.F.,.F.,(4,1,1,4),(0.,0.00147057259396931,0.00220585889095396,
0.00294114518793861),.UNSPECIFIED.);
#283=B_SPLINE_CURVE_WITH_KNOTS('',3,(#5985,#5986,#5987,#5988),
 .UNSPECIFIED.,.F.,.F.,(4,4),(0.,0.00506163038438149),.UNSPECIFIED.);
#284=B_SPLINE_CURVE_WITH_KNOTS('',3,(#6019,#6020,#6021,#6022),
 .UNSPECIFIED.,.F.,.F.,(4,4),(8.20973807102228E-16,0.00495869843807665),
 .UNSPECIFIED.);
#285=B_SPLINE_CURVE_WITH_KNOTS('',3,(#6026,#6027,#6028,#6029),
 .UNSPECIFIED.,.F.,.F.,(4,4),(0.,0.00506240541526226),.UNSPECIFIED.);
#286=B_SPLINE_CURVE_WITH_KNOTS('',3,(#6064,#6065,#6066,#6067),
 .UNSPECIFIED.,.F.,.F.,(4,4),(0.,0.00495869843807665),.UNSPECIFIED.);
#287=B_SPLINE_CURVE_WITH_KNOTS('',3,(#6073,#6074,#6075,#6076,#6077,#6078,
#6079),.UNSPECIFIED.,.F.,.F.,(4,1,1,1,4),(0.,0.00135668649484722,0.00271337298969445,
0.00407005948454167,0.00542674597938889),.UNSPECIFIED.);
#288=B_SPLINE_CURVE_WITH_KNOTS('',3,(#6083,#6084,#6085,#6086,#6087,#6088,
#6089),.UNSPECIFIED.,.F.,.F.,(4,1,1,1,4),(2.51123318178368E-17,0.00134866726850976,
0.00269733453701949,0.00404600180552922,0.00539466907403895),
 .UNSPECIFIED.);
#289=B_SPLINE_CURVE_WITH_KNOTS('',3,(#6168,#6169,#6170,#6171,#6172),
 .UNSPECIFIED.,.F.,.F.,(4,1,4),(0.,0.00196033674450833,0.00392067348901666),
 .UNSPECIFIED.);
#290=B_SPLINE_CURVE_WITH_KNOTS('',3,(#6194,#6195,#6196,#6197),
 .UNSPECIFIED.,.F.,.F.,(4,4),(0.,0.00331878481946848),.UNSPECIFIED.);
#291=B_SPLINE_CURVE_WITH_KNOTS('',3,(#6306,#6307,#6308,#6309),
 .UNSPECIFIED.,.F.,.F.,(4,4),(0.,0.00331878481947813),.UNSPECIFIED.);
#292=B_SPLINE_CURVE_WITH_KNOTS('',3,(#6322,#6323,#6324,#6325,#6326),
 .UNSPECIFIED.,.F.,.F.,(4,1,4),(0.,0.00196033674450833,0.00392067348901667),
 .UNSPECIFIED.);
#293=ORIENTED_EDGE('',*,*,#1127,.T.);
#294=ORIENTED_EDGE('',*,*,#1128,.F.);
#295=ORIENTED_EDGE('',*,*,#1129,.F.);
#296=ORIENTED_EDGE('',*,*,#1130,.T.);
#297=ORIENTED_EDGE('',*,*,#1131,.T.);
#298=ORIENTED_EDGE('',*,*,#1132,.T.);
#299=ORIENTED_EDGE('',*,*,#1133,.T.);
#300=ORIENTED_EDGE('',*,*,#1134,.T.);
#301=ORIENTED_EDGE('',*,*,#1135,.T.);
#302=ORIENTED_EDGE('',*,*,#1136,.T.);
#303=ORIENTED_EDGE('',*,*,#1137,.T.);
#304=ORIENTED_EDGE('',*,*,#1138,.F.);
#305=ORIENTED_EDGE('',*,*,#1139,.T.);
#306=ORIENTED_EDGE('',*,*,#1140,.T.);
#307=ORIENTED_EDGE('',*,*,#1141,.T.);
#308=ORIENTED_EDGE('',*,*,#1142,.T.);
#309=ORIENTED_EDGE('',*,*,#1143,.T.);
#310=ORIENTED_EDGE('',*,*,#1144,.T.);
#311=ORIENTED_EDGE('',*,*,#1145,.T.);
#312=ORIENTED_EDGE('',*,*,#1146,.T.);
#313=ORIENTED_EDGE('',*,*,#1147,.T.);
#314=ORIENTED_EDGE('',*,*,#1148,.T.);
#315=ORIENTED_EDGE('',*,*,#1149,.T.);
#316=ORIENTED_EDGE('',*,*,#1150,.T.);
#317=ORIENTED_EDGE('',*,*,#1151,.T.);
#318=ORIENTED_EDGE('',*,*,#1152,.T.);
#319=ORIENTED_EDGE('',*,*,#1153,.T.);
#320=ORIENTED_EDGE('',*,*,#1154,.T.);
#321=ORIENTED_EDGE('',*,*,#1155,.T.);
#322=ORIENTED_EDGE('',*,*,#1156,.T.);
#323=ORIENTED_EDGE('',*,*,#1157,.T.);
#324=ORIENTED_EDGE('',*,*,#1158,.T.);
#325=ORIENTED_EDGE('',*,*,#1159,.F.);
#326=ORIENTED_EDGE('',*,*,#1160,.T.);
#327=ORIENTED_EDGE('',*,*,#1161,.T.);
#328=ORIENTED_EDGE('',*,*,#1162,.T.);
#329=ORIENTED_EDGE('',*,*,#1163,.T.);
#330=ORIENTED_EDGE('',*,*,#1164,.T.);
#331=ORIENTED_EDGE('',*,*,#1165,.T.);
#332=ORIENTED_EDGE('',*,*,#1166,.T.);
#333=ORIENTED_EDGE('',*,*,#1167,.T.);
#334=ORIENTED_EDGE('',*,*,#1168,.T.);
#335=ORIENTED_EDGE('',*,*,#1169,.T.);
#336=ORIENTED_EDGE('',*,*,#1170,.T.);
#337=ORIENTED_EDGE('',*,*,#1171,.F.);
#338=ORIENTED_EDGE('',*,*,#1172,.F.);
#339=ORIENTED_EDGE('',*,*,#1173,.T.);
#340=ORIENTED_EDGE('',*,*,#1174,.F.);
#341=ORIENTED_EDGE('',*,*,#1175,.T.);
#342=ORIENTED_EDGE('',*,*,#1176,.F.);
#343=ORIENTED_EDGE('',*,*,#1177,.F.);
#344=ORIENTED_EDGE('',*,*,#1163,.F.);
#345=ORIENTED_EDGE('',*,*,#1178,.T.);
#346=ORIENTED_EDGE('',*,*,#1179,.F.);
#347=ORIENTED_EDGE('',*,*,#1180,.T.);
#348=ORIENTED_EDGE('',*,*,#1181,.F.);
#349=ORIENTED_EDGE('',*,*,#1182,.F.);
#350=ORIENTED_EDGE('',*,*,#1183,.F.);
#351=ORIENTED_EDGE('',*,*,#1184,.F.);
#352=ORIENTED_EDGE('',*,*,#1185,.T.);
#353=ORIENTED_EDGE('',*,*,#1186,.F.);
#354=ORIENTED_EDGE('',*,*,#1187,.T.);
#355=ORIENTED_EDGE('',*,*,#1167,.F.);
#356=ORIENTED_EDGE('',*,*,#1188,.F.);
#357=ORIENTED_EDGE('',*,*,#1189,.F.);
#358=ORIENTED_EDGE('',*,*,#1190,.T.);
#359=ORIENTED_EDGE('',*,*,#1191,.F.);
#360=ORIENTED_EDGE('',*,*,#1192,.T.);
#361=ORIENTED_EDGE('',*,*,#1193,.F.);
#362=ORIENTED_EDGE('',*,*,#1194,.F.);
#363=ORIENTED_EDGE('',*,*,#1195,.F.);
#364=ORIENTED_EDGE('',*,*,#1165,.F.);
#365=ORIENTED_EDGE('',*,*,#1196,.F.);
#366=ORIENTED_EDGE('',*,*,#1176,.T.);
#367=ORIENTED_EDGE('',*,*,#1197,.T.);
#368=ORIENTED_EDGE('',*,*,#1198,.F.);
#369=ORIENTED_EDGE('',*,*,#1199,.T.);
#370=ORIENTED_EDGE('',*,*,#1200,.T.);
#371=ORIENTED_EDGE('',*,*,#1201,.T.);
#372=ORIENTED_EDGE('',*,*,#1184,.T.);
#373=ORIENTED_EDGE('',*,*,#1202,.T.);
#374=ORIENTED_EDGE('',*,*,#1203,.F.);
#375=ORIENTED_EDGE('',*,*,#1204,.T.);
#376=ORIENTED_EDGE('',*,*,#1205,.T.);
#377=ORIENTED_EDGE('',*,*,#1206,.T.);
#378=ORIENTED_EDGE('',*,*,#1207,.T.);
#379=ORIENTED_EDGE('',*,*,#1172,.T.);
#380=ORIENTED_EDGE('',*,*,#1208,.T.);
#381=ORIENTED_EDGE('',*,*,#1209,.T.);
#382=ORIENTED_EDGE('',*,*,#1210,.T.);
#383=ORIENTED_EDGE('',*,*,#1182,.T.);
#384=ORIENTED_EDGE('',*,*,#1211,.T.);
#385=ORIENTED_EDGE('',*,*,#1212,.T.);
#386=ORIENTED_EDGE('',*,*,#1213,.T.);
#387=ORIENTED_EDGE('',*,*,#1214,.F.);
#388=ORIENTED_EDGE('',*,*,#1215,.T.);
#389=ORIENTED_EDGE('',*,*,#1216,.T.);
#390=ORIENTED_EDGE('',*,*,#1217,.T.);
#391=ORIENTED_EDGE('',*,*,#1189,.T.);
#392=ORIENTED_EDGE('',*,*,#1218,.T.);
#393=ORIENTED_EDGE('',*,*,#1194,.T.);
#394=ORIENTED_EDGE('',*,*,#1219,.T.);
#395=ORIENTED_EDGE('',*,*,#1181,.T.);
#396=ORIENTED_EDGE('',*,*,#1220,.T.);
#397=ORIENTED_EDGE('',*,*,#1221,.F.);
#398=ORIENTED_EDGE('',*,*,#1222,.F.);
#399=ORIENTED_EDGE('',*,*,#1203,.T.);
#400=ORIENTED_EDGE('',*,*,#1223,.F.);
#401=ORIENTED_EDGE('',*,*,#1209,.F.);
#402=ORIENTED_EDGE('',*,*,#1218,.F.);
#403=ORIENTED_EDGE('',*,*,#1188,.T.);
#404=ORIENTED_EDGE('',*,*,#1166,.F.);
#405=ORIENTED_EDGE('',*,*,#1195,.T.);
#406=ORIENTED_EDGE('',*,*,#1202,.F.);
#407=ORIENTED_EDGE('',*,*,#1183,.T.);
#408=ORIENTED_EDGE('',*,*,#1210,.F.);
#409=ORIENTED_EDGE('',*,*,#1223,.T.);
#410=ORIENTED_EDGE('',*,*,#1224,.F.);
#411=ORIENTED_EDGE('',*,*,#1225,.F.);
#412=ORIENTED_EDGE('',*,*,#1226,.T.);
#413=ORIENTED_EDGE('',*,*,#1227,.F.);
#414=ORIENTED_EDGE('',*,*,#1228,.T.);
#415=ORIENTED_EDGE('',*,*,#1229,.F.);
#416=ORIENTED_EDGE('',*,*,#1230,.F.);
#417=ORIENTED_EDGE('',*,*,#1231,.F.);
#418=ORIENTED_EDGE('',*,*,#1232,.T.);
#419=ORIENTED_EDGE('',*,*,#1233,.F.);
#420=ORIENTED_EDGE('',*,*,#1234,.T.);
#421=ORIENTED_EDGE('',*,*,#1139,.F.);
#422=ORIENTED_EDGE('',*,*,#1235,.F.);
#423=ORIENTED_EDGE('',*,*,#1236,.T.);
#424=ORIENTED_EDGE('',*,*,#1174,.T.);
#425=ORIENTED_EDGE('',*,*,#1237,.T.);
#426=ORIENTED_EDGE('',*,*,#1238,.T.);
#427=ORIENTED_EDGE('',*,*,#1239,.T.);
#428=ORIENTED_EDGE('',*,*,#1240,.T.);
#429=ORIENTED_EDGE('',*,*,#1241,.T.);
#430=ORIENTED_EDGE('',*,*,#1242,.T.);
#431=ORIENTED_EDGE('',*,*,#1179,.T.);
#432=ORIENTED_EDGE('',*,*,#1243,.T.);
#433=ORIENTED_EDGE('',*,*,#1244,.T.);
#434=ORIENTED_EDGE('',*,*,#1227,.T.);
#435=ORIENTED_EDGE('',*,*,#1245,.T.);
#436=ORIENTED_EDGE('',*,*,#1246,.T.);
#437=ORIENTED_EDGE('',*,*,#1247,.T.);
#438=ORIENTED_EDGE('',*,*,#1233,.T.);
#439=ORIENTED_EDGE('',*,*,#1248,.T.);
#440=ORIENTED_EDGE('',*,*,#1249,.T.);
#441=ORIENTED_EDGE('',*,*,#1250,.T.);
#442=ORIENTED_EDGE('',*,*,#1251,.T.);
#443=ORIENTED_EDGE('',*,*,#1230,.T.);
#444=ORIENTED_EDGE('',*,*,#1138,.T.);
#445=ORIENTED_EDGE('',*,*,#1252,.T.);
#446=ORIENTED_EDGE('',*,*,#1253,.T.);
#447=ORIENTED_EDGE('',*,*,#1254,.T.);
#448=ORIENTED_EDGE('',*,*,#1255,.T.);
#449=ORIENTED_EDGE('',*,*,#1256,.F.);
#450=ORIENTED_EDGE('',*,*,#1257,.F.);
#451=ORIENTED_EDGE('',*,*,#1258,.T.);
#452=ORIENTED_EDGE('',*,*,#1259,.T.);
#453=ORIENTED_EDGE('',*,*,#1260,.T.);
#454=ORIENTED_EDGE('',*,*,#1261,.T.);
#455=ORIENTED_EDGE('',*,*,#1262,.T.);
#456=ORIENTED_EDGE('',*,*,#1263,.T.);
#457=ORIENTED_EDGE('',*,*,#1264,.T.);
#458=ORIENTED_EDGE('',*,*,#1265,.T.);
#459=ORIENTED_EDGE('',*,*,#1193,.T.);
#460=ORIENTED_EDGE('',*,*,#1266,.T.);
#461=ORIENTED_EDGE('',*,*,#1219,.F.);
#462=ORIENTED_EDGE('',*,*,#1196,.T.);
#463=ORIENTED_EDGE('',*,*,#1164,.F.);
#464=ORIENTED_EDGE('',*,*,#1177,.T.);
#465=ORIENTED_EDGE('',*,*,#1267,.T.);
#466=ORIENTED_EDGE('',*,*,#1268,.F.);
#467=ORIENTED_EDGE('',*,*,#1269,.T.);
#468=ORIENTED_EDGE('',*,*,#1270,.T.);
#469=ORIENTED_EDGE('',*,*,#1271,.T.);
#470=ORIENTED_EDGE('',*,*,#1272,.T.);
#471=ORIENTED_EDGE('',*,*,#1273,.T.);
#472=ORIENTED_EDGE('',*,*,#1274,.T.);
#473=ORIENTED_EDGE('',*,*,#1275,.T.);
#474=ORIENTED_EDGE('',*,*,#1276,.T.);
#475=ORIENTED_EDGE('',*,*,#1277,.T.);
#476=ORIENTED_EDGE('',*,*,#1278,.T.);
#477=ORIENTED_EDGE('',*,*,#1279,.T.);
#478=ORIENTED_EDGE('',*,*,#1280,.T.);
#479=ORIENTED_EDGE('',*,*,#1281,.T.);
#480=ORIENTED_EDGE('',*,*,#1282,.F.);
#481=ORIENTED_EDGE('',*,*,#1283,.F.);
#482=ORIENTED_EDGE('',*,*,#1284,.T.);
#483=ORIENTED_EDGE('',*,*,#1285,.T.);
#484=ORIENTED_EDGE('',*,*,#1286,.T.);
#485=ORIENTED_EDGE('',*,*,#1287,.T.);
#486=ORIENTED_EDGE('',*,*,#1288,.F.);
#487=ORIENTED_EDGE('',*,*,#1229,.T.);
#488=ORIENTED_EDGE('',*,*,#1289,.T.);
#489=ORIENTED_EDGE('',*,*,#1290,.T.);
#490=ORIENTED_EDGE('',*,*,#1291,.T.);
#491=ORIENTED_EDGE('',*,*,#1231,.T.);
#492=ORIENTED_EDGE('',*,*,#1253,.F.);
#493=ORIENTED_EDGE('',*,*,#1292,.T.);
#494=ORIENTED_EDGE('',*,*,#1293,.T.);
#495=ORIENTED_EDGE('',*,*,#1294,.T.);
#496=ORIENTED_EDGE('',*,*,#1295,.T.);
#497=ORIENTED_EDGE('',*,*,#1296,.T.);
#498=ORIENTED_EDGE('',*,*,#1297,.T.);
#499=ORIENTED_EDGE('',*,*,#1298,.T.);
#500=ORIENTED_EDGE('',*,*,#1299,.T.);
#501=ORIENTED_EDGE('',*,*,#1300,.T.);
#502=ORIENTED_EDGE('',*,*,#1301,.T.);
#503=ORIENTED_EDGE('',*,*,#1225,.T.);
#504=ORIENTED_EDGE('',*,*,#1302,.F.);
#505=ORIENTED_EDGE('',*,*,#1303,.T.);
#506=ORIENTED_EDGE('',*,*,#1304,.T.);
#507=ORIENTED_EDGE('',*,*,#1305,.T.);
#508=ORIENTED_EDGE('',*,*,#1306,.T.);
#509=ORIENTED_EDGE('',*,*,#1307,.T.);
#510=ORIENTED_EDGE('',*,*,#1308,.T.);
#511=ORIENTED_EDGE('',*,*,#1309,.T.);
#512=ORIENTED_EDGE('',*,*,#1310,.T.);
#513=ORIENTED_EDGE('',*,*,#1311,.T.);
#514=ORIENTED_EDGE('',*,*,#1312,.T.);
#515=ORIENTED_EDGE('',*,*,#1313,.T.);
#516=ORIENTED_EDGE('',*,*,#1314,.T.);
#517=ORIENTED_EDGE('',*,*,#1198,.T.);
#518=ORIENTED_EDGE('',*,*,#1315,.T.);
#519=ORIENTED_EDGE('',*,*,#1235,.T.);
#520=ORIENTED_EDGE('',*,*,#1316,.T.);
#521=ORIENTED_EDGE('',*,*,#1317,.F.);
#522=ORIENTED_EDGE('',*,*,#1318,.T.);
#523=ORIENTED_EDGE('',*,*,#1319,.T.);
#524=ORIENTED_EDGE('',*,*,#1320,.T.);
#525=ORIENTED_EDGE('',*,*,#1321,.T.);
#526=ORIENTED_EDGE('',*,*,#1322,.T.);
#527=ORIENTED_EDGE('',*,*,#1323,.T.);
#528=ORIENTED_EDGE('',*,*,#1324,.T.);
#529=ORIENTED_EDGE('',*,*,#1325,.T.);
#530=ORIENTED_EDGE('',*,*,#1326,.T.);
#531=ORIENTED_EDGE('',*,*,#1327,.F.);
#532=ORIENTED_EDGE('',*,*,#1328,.T.);
#533=ORIENTED_EDGE('',*,*,#1329,.T.);
#534=ORIENTED_EDGE('',*,*,#1330,.T.);
#535=ORIENTED_EDGE('',*,*,#1331,.T.);
#536=ORIENTED_EDGE('',*,*,#1332,.T.);
#537=ORIENTED_EDGE('',*,*,#1333,.T.);
#538=ORIENTED_EDGE('',*,*,#1334,.T.);
#539=ORIENTED_EDGE('',*,*,#1191,.T.);
#540=ORIENTED_EDGE('',*,*,#1335,.T.);
#541=ORIENTED_EDGE('',*,*,#1336,.T.);
#542=ORIENTED_EDGE('',*,*,#1337,.T.);
#543=ORIENTED_EDGE('',*,*,#1338,.T.);
#544=ORIENTED_EDGE('',*,*,#1339,.T.);
#545=ORIENTED_EDGE('',*,*,#1340,.T.);
#546=ORIENTED_EDGE('',*,*,#1341,.T.);
#547=ORIENTED_EDGE('',*,*,#1342,.T.);
#548=ORIENTED_EDGE('',*,*,#1313,.F.);
#549=ORIENTED_EDGE('',*,*,#1343,.T.);
#550=ORIENTED_EDGE('',*,*,#1344,.T.);
#551=ORIENTED_EDGE('',*,*,#1186,.T.);
#552=ORIENTED_EDGE('',*,*,#1345,.T.);
#553=ORIENTED_EDGE('',*,*,#1346,.T.);
#554=ORIENTED_EDGE('',*,*,#1347,.T.);
#555=ORIENTED_EDGE('',*,*,#1348,.T.);
#556=ORIENTED_EDGE('',*,*,#1349,.T.);
#557=ORIENTED_EDGE('',*,*,#1350,.T.);
#558=ORIENTED_EDGE('',*,*,#1351,.T.);
#559=ORIENTED_EDGE('',*,*,#1352,.T.);
#560=ORIENTED_EDGE('',*,*,#1353,.T.);
#561=ORIENTED_EDGE('',*,*,#1354,.T.);
#562=ORIENTED_EDGE('',*,*,#1355,.T.);
#563=ORIENTED_EDGE('',*,*,#1356,.T.);
#564=ORIENTED_EDGE('',*,*,#1357,.T.);
#565=ORIENTED_EDGE('',*,*,#1358,.F.);
#566=ORIENTED_EDGE('',*,*,#1359,.F.);
#567=ORIENTED_EDGE('',*,*,#1266,.F.);
#568=ORIENTED_EDGE('',*,*,#1360,.F.);
#569=ORIENTED_EDGE('',*,*,#1359,.T.);
#570=ORIENTED_EDGE('',*,*,#1361,.T.);
#571=ORIENTED_EDGE('',*,*,#1362,.F.);
#572=ORIENTED_EDGE('',*,*,#1363,.T.);
#573=ORIENTED_EDGE('',*,*,#1364,.F.);
#574=ORIENTED_EDGE('',*,*,#1364,.T.);
#575=ORIENTED_EDGE('',*,*,#1250,.F.);
#576=ORIENTED_EDGE('',*,*,#1365,.F.);
#577=ORIENTED_EDGE('',*,*,#1257,.T.);
#578=ORIENTED_EDGE('',*,*,#1366,.T.);
#579=ORIENTED_EDGE('',*,*,#1367,.F.);
#580=ORIENTED_EDGE('',*,*,#1368,.F.);
#581=ORIENTED_EDGE('',*,*,#1327,.T.);
#582=ORIENTED_EDGE('',*,*,#1358,.T.);
#583=ORIENTED_EDGE('',*,*,#1369,.T.);
#584=ORIENTED_EDGE('',*,*,#1215,.F.);
#585=ORIENTED_EDGE('',*,*,#1370,.F.);
#586=ORIENTED_EDGE('',*,*,#1361,.F.);
#587=ORIENTED_EDGE('',*,*,#1214,.T.);
#588=ORIENTED_EDGE('',*,*,#1371,.F.);
#589=ORIENTED_EDGE('',*,*,#1362,.T.);
#590=ORIENTED_EDGE('',*,*,#1370,.T.);
#591=ORIENTED_EDGE('',*,*,#1213,.F.);
#592=ORIENTED_EDGE('',*,*,#1372,.T.);
#593=ORIENTED_EDGE('',*,*,#1348,.F.);
#594=ORIENTED_EDGE('',*,*,#1363,.F.);
#595=ORIENTED_EDGE('',*,*,#1371,.T.);
#596=ORIENTED_EDGE('',*,*,#1204,.F.);
#597=ORIENTED_EDGE('',*,*,#1222,.T.);
#598=ORIENTED_EDGE('',*,*,#1208,.F.);
#599=ORIENTED_EDGE('',*,*,#1171,.T.);
#600=ORIENTED_EDGE('',*,*,#1221,.T.);
#601=ORIENTED_EDGE('',*,*,#1360,.T.);
#602=ORIENTED_EDGE('',*,*,#1256,.T.);
#603=ORIENTED_EDGE('',*,*,#1373,.T.);
#604=ORIENTED_EDGE('',*,*,#1284,.F.);
#605=ORIENTED_EDGE('',*,*,#1374,.F.);
#606=ORIENTED_EDGE('',*,*,#1366,.F.);
#607=ORIENTED_EDGE('',*,*,#1367,.T.);
#608=ORIENTED_EDGE('',*,*,#1374,.T.);
#609=ORIENTED_EDGE('',*,*,#1283,.T.);
#610=ORIENTED_EDGE('',*,*,#1375,.F.);
#611=ORIENTED_EDGE('',*,*,#1282,.T.);
#612=ORIENTED_EDGE('',*,*,#1376,.T.);
#613=ORIENTED_EDGE('',*,*,#1258,.F.);
#614=ORIENTED_EDGE('',*,*,#1368,.T.);
#615=ORIENTED_EDGE('',*,*,#1375,.T.);
#616=ORIENTED_EDGE('',*,*,#1377,.T.);
#617=ORIENTED_EDGE('',*,*,#1224,.T.);
#618=ORIENTED_EDGE('',*,*,#1288,.T.);
#619=ORIENTED_EDGE('',*,*,#1378,.T.);
#620=ORIENTED_EDGE('',*,*,#1302,.T.);
#621=ORIENTED_EDGE('',*,*,#1379,.T.);
#622=ORIENTED_EDGE('',*,*,#1365,.T.);
#623=ORIENTED_EDGE('',*,*,#1279,.F.);
#624=ORIENTED_EDGE('',*,*,#1252,.F.);
#625=ORIENTED_EDGE('',*,*,#1137,.F.);
#626=ORIENTED_EDGE('',*,*,#1380,.T.);
#627=ORIENTED_EDGE('',*,*,#1277,.F.);
#628=ORIENTED_EDGE('',*,*,#1381,.T.);
#629=ORIENTED_EDGE('',*,*,#1303,.F.);
#630=ORIENTED_EDGE('',*,*,#1378,.F.);
#631=ORIENTED_EDGE('',*,*,#1287,.F.);
#632=ORIENTED_EDGE('',*,*,#1382,.T.);
#633=ORIENTED_EDGE('',*,*,#1292,.F.);
#634=ORIENTED_EDGE('',*,*,#1383,.T.);
#635=ORIENTED_EDGE('',*,*,#1251,.F.);
#636=ORIENTED_EDGE('',*,*,#1249,.F.);
#637=ORIENTED_EDGE('',*,*,#1377,.F.);
#638=ORIENTED_EDGE('',*,*,#1379,.F.);
#639=ORIENTED_EDGE('',*,*,#1384,.F.);
#640=ORIENTED_EDGE('',*,*,#1385,.T.);
#641=ORIENTED_EDGE('',*,*,#1216,.F.);
#642=ORIENTED_EDGE('',*,*,#1369,.F.);
#643=ORIENTED_EDGE('',*,*,#1357,.F.);
#644=ORIENTED_EDGE('',*,*,#1386,.F.);
#645=ORIENTED_EDGE('',*,*,#1387,.T.);
#646=ORIENTED_EDGE('',*,*,#1333,.F.);
#647=ORIENTED_EDGE('',*,*,#1388,.T.);
#648=ORIENTED_EDGE('',*,*,#1384,.T.);
#649=ORIENTED_EDGE('',*,*,#1356,.F.);
#650=ORIENTED_EDGE('',*,*,#1169,.F.);
#651=ORIENTED_EDGE('',*,*,#1389,.T.);
#652=ORIENTED_EDGE('',*,*,#1386,.T.);
#653=ORIENTED_EDGE('',*,*,#1355,.F.);
#654=ORIENTED_EDGE('',*,*,#1390,.F.);
#655=ORIENTED_EDGE('',*,*,#1391,.T.);
#656=ORIENTED_EDGE('',*,*,#1339,.F.);
#657=ORIENTED_EDGE('',*,*,#1392,.T.);
#658=ORIENTED_EDGE('',*,*,#1390,.T.);
#659=ORIENTED_EDGE('',*,*,#1354,.F.);
#660=ORIENTED_EDGE('',*,*,#1393,.F.);
#661=ORIENTED_EDGE('',*,*,#1394,.T.);
#662=ORIENTED_EDGE('',*,*,#1332,.F.);
#663=ORIENTED_EDGE('',*,*,#1395,.T.);
#664=ORIENTED_EDGE('',*,*,#1393,.T.);
#665=ORIENTED_EDGE('',*,*,#1353,.F.);
#666=ORIENTED_EDGE('',*,*,#1396,.F.);
#667=ORIENTED_EDGE('',*,*,#1397,.T.);
#668=ORIENTED_EDGE('',*,*,#1398,.F.);
#669=ORIENTED_EDGE('',*,*,#1399,.T.);
#670=ORIENTED_EDGE('',*,*,#1341,.F.);
#671=ORIENTED_EDGE('',*,*,#1400,.T.);
#672=ORIENTED_EDGE('',*,*,#1396,.T.);
#673=ORIENTED_EDGE('',*,*,#1352,.F.);
#674=ORIENTED_EDGE('',*,*,#1200,.F.);
#675=ORIENTED_EDGE('',*,*,#1401,.T.);
#676=ORIENTED_EDGE('',*,*,#1398,.T.);
#677=ORIENTED_EDGE('',*,*,#1351,.F.);
#678=ORIENTED_EDGE('',*,*,#1402,.F.);
#679=ORIENTED_EDGE('',*,*,#1403,.T.);
#680=ORIENTED_EDGE('',*,*,#1346,.F.);
#681=ORIENTED_EDGE('',*,*,#1404,.T.);
#682=ORIENTED_EDGE('',*,*,#1402,.T.);
#683=ORIENTED_EDGE('',*,*,#1350,.F.);
#684=ORIENTED_EDGE('',*,*,#1405,.F.);
#685=ORIENTED_EDGE('',*,*,#1406,.T.);
#686=ORIENTED_EDGE('',*,*,#1212,.F.);
#687=ORIENTED_EDGE('',*,*,#1407,.T.);
#688=ORIENTED_EDGE('',*,*,#1405,.T.);
#689=ORIENTED_EDGE('',*,*,#1349,.F.);
#690=ORIENTED_EDGE('',*,*,#1372,.F.);
#691=ORIENTED_EDGE('',*,*,#1408,.F.);
#692=ORIENTED_EDGE('',*,*,#1409,.T.);
#693=ORIENTED_EDGE('',*,*,#1285,.F.);
#694=ORIENTED_EDGE('',*,*,#1373,.F.);
#695=ORIENTED_EDGE('',*,*,#1255,.F.);
#696=ORIENTED_EDGE('',*,*,#1294,.F.);
#697=ORIENTED_EDGE('',*,*,#1410,.T.);
#698=ORIENTED_EDGE('',*,*,#1408,.T.);
#699=ORIENTED_EDGE('',*,*,#1254,.F.);
#700=ORIENTED_EDGE('',*,*,#1411,.F.);
#701=ORIENTED_EDGE('',*,*,#1412,.T.);
#702=ORIENTED_EDGE('',*,*,#1413,.F.);
#703=ORIENTED_EDGE('',*,*,#1414,.T.);
#704=ORIENTED_EDGE('',*,*,#1296,.F.);
#705=ORIENTED_EDGE('',*,*,#1415,.T.);
#706=ORIENTED_EDGE('',*,*,#1411,.T.);
#707=ORIENTED_EDGE('',*,*,#1265,.F.);
#708=ORIENTED_EDGE('',*,*,#1308,.F.);
#709=ORIENTED_EDGE('',*,*,#1416,.T.);
#710=ORIENTED_EDGE('',*,*,#1413,.T.);
#711=ORIENTED_EDGE('',*,*,#1264,.F.);
#712=ORIENTED_EDGE('',*,*,#1417,.F.);
#713=ORIENTED_EDGE('',*,*,#1418,.T.);
#714=ORIENTED_EDGE('',*,*,#1270,.F.);
#715=ORIENTED_EDGE('',*,*,#1419,.T.);
#716=ORIENTED_EDGE('',*,*,#1417,.T.);
#717=ORIENTED_EDGE('',*,*,#1263,.F.);
#718=ORIENTED_EDGE('',*,*,#1420,.F.);
#719=ORIENTED_EDGE('',*,*,#1421,.T.);
#720=ORIENTED_EDGE('',*,*,#1422,.F.);
#721=ORIENTED_EDGE('',*,*,#1423,.T.);
#722=ORIENTED_EDGE('',*,*,#1145,.F.);
#723=ORIENTED_EDGE('',*,*,#1424,.T.);
#724=ORIENTED_EDGE('',*,*,#1420,.T.);
#725=ORIENTED_EDGE('',*,*,#1262,.F.);
#726=ORIENTED_EDGE('',*,*,#1135,.F.);
#727=ORIENTED_EDGE('',*,*,#1425,.T.);
#728=ORIENTED_EDGE('',*,*,#1422,.T.);
#729=ORIENTED_EDGE('',*,*,#1261,.F.);
#730=ORIENTED_EDGE('',*,*,#1426,.F.);
#731=ORIENTED_EDGE('',*,*,#1427,.T.);
#732=ORIENTED_EDGE('',*,*,#1281,.F.);
#733=ORIENTED_EDGE('',*,*,#1428,.T.);
#734=ORIENTED_EDGE('',*,*,#1429,.F.);
#735=ORIENTED_EDGE('',*,*,#1259,.F.);
#736=ORIENTED_EDGE('',*,*,#1376,.F.);
#737=ORIENTED_EDGE('',*,*,#1429,.T.);
#738=ORIENTED_EDGE('',*,*,#1430,.T.);
#739=ORIENTED_EDGE('',*,*,#1275,.F.);
#740=ORIENTED_EDGE('',*,*,#1431,.T.);
#741=ORIENTED_EDGE('',*,*,#1426,.T.);
#742=ORIENTED_EDGE('',*,*,#1260,.F.);
#743=ORIENTED_EDGE('',*,*,#1432,.F.);
#744=ORIENTED_EDGE('',*,*,#1433,.T.);
#745=ORIENTED_EDGE('',*,*,#1131,.F.);
#746=ORIENTED_EDGE('',*,*,#1434,.T.);
#747=ORIENTED_EDGE('',*,*,#1435,.F.);
#748=ORIENTED_EDGE('',*,*,#1322,.F.);
#749=ORIENTED_EDGE('',*,*,#1435,.T.);
#750=ORIENTED_EDGE('',*,*,#1436,.T.);
#751=ORIENTED_EDGE('',*,*,#1246,.F.);
#752=ORIENTED_EDGE('',*,*,#1437,.T.);
#753=ORIENTED_EDGE('',*,*,#1438,.F.);
#754=ORIENTED_EDGE('',*,*,#1323,.F.);
#755=ORIENTED_EDGE('',*,*,#1273,.F.);
#756=ORIENTED_EDGE('',*,*,#1439,.T.);
#757=ORIENTED_EDGE('',*,*,#1432,.T.);
#758=ORIENTED_EDGE('',*,*,#1321,.F.);
#759=ORIENTED_EDGE('',*,*,#1440,.F.);
#760=ORIENTED_EDGE('',*,*,#1317,.T.);
#761=ORIENTED_EDGE('',*,*,#1441,.T.);
#762=ORIENTED_EDGE('',*,*,#1438,.T.);
#763=ORIENTED_EDGE('',*,*,#1442,.T.);
#764=ORIENTED_EDGE('',*,*,#1290,.F.);
#765=ORIENTED_EDGE('',*,*,#1443,.T.);
#766=ORIENTED_EDGE('',*,*,#1444,.F.);
#767=ORIENTED_EDGE('',*,*,#1324,.F.);
#768=ORIENTED_EDGE('',*,*,#1320,.F.);
#769=ORIENTED_EDGE('',*,*,#1445,.T.);
#770=ORIENTED_EDGE('',*,*,#1310,.F.);
#771=ORIENTED_EDGE('',*,*,#1440,.T.);
#772=ORIENTED_EDGE('',*,*,#1444,.T.);
#773=ORIENTED_EDGE('',*,*,#1446,.T.);
#774=ORIENTED_EDGE('',*,*,#1243,.F.);
#775=ORIENTED_EDGE('',*,*,#1447,.T.);
#776=ORIENTED_EDGE('',*,*,#1448,.F.);
#777=ORIENTED_EDGE('',*,*,#1325,.F.);
#778=ORIENTED_EDGE('',*,*,#1148,.F.);
#779=ORIENTED_EDGE('',*,*,#1449,.T.);
#780=ORIENTED_EDGE('',*,*,#1318,.F.);
#781=ORIENTED_EDGE('',*,*,#1450,.F.);
#782=ORIENTED_EDGE('',*,*,#1451,.T.);
#783=ORIENTED_EDGE('',*,*,#1300,.F.);
#784=ORIENTED_EDGE('',*,*,#1452,.T.);
#785=ORIENTED_EDGE('',*,*,#1450,.T.);
#786=ORIENTED_EDGE('',*,*,#1326,.F.);
#787=ORIENTED_EDGE('',*,*,#1448,.T.);
#788=ORIENTED_EDGE('',*,*,#1453,.T.);
#789=ORIENTED_EDGE('',*,*,#1454,.T.);
#790=ORIENTED_EDGE('',*,*,#1455,.T.);
#791=ORIENTED_EDGE('',*,*,#1159,.T.);
#792=ORIENTED_EDGE('',*,*,#1153,.F.);
#793=ORIENTED_EDGE('',*,*,#1456,.T.);
#794=ORIENTED_EDGE('',*,*,#1457,.T.);
#795=ORIENTED_EDGE('',*,*,#1268,.T.);
#796=ORIENTED_EDGE('',*,*,#1458,.F.);
#797=ORIENTED_EDGE('',*,*,#1459,.T.);
#798=ORIENTED_EDGE('',*,*,#1460,.T.);
#799=ORIENTED_EDGE('',*,*,#1461,.T.);
#800=ORIENTED_EDGE('',*,*,#1462,.T.);
#801=ORIENTED_EDGE('',*,*,#1463,.T.);
#802=ORIENTED_EDGE('',*,*,#1464,.F.);
#803=ORIENTED_EDGE('',*,*,#1461,.F.);
#804=ORIENTED_EDGE('',*,*,#1465,.T.);
#805=ORIENTED_EDGE('',*,*,#1156,.F.);
#806=ORIENTED_EDGE('',*,*,#1466,.T.);
#807=ORIENTED_EDGE('',*,*,#1338,.F.);
#808=ORIENTED_EDGE('',*,*,#1467,.T.);
#809=ORIENTED_EDGE('',*,*,#1170,.F.);
#810=ORIENTED_EDGE('',*,*,#1391,.F.);
#811=ORIENTED_EDGE('',*,*,#1392,.F.);
#812=ORIENTED_EDGE('',*,*,#1269,.F.);
#813=ORIENTED_EDGE('',*,*,#1464,.T.);
#814=ORIENTED_EDGE('',*,*,#1468,.T.);
#815=ORIENTED_EDGE('',*,*,#1469,.T.);
#816=ORIENTED_EDGE('',*,*,#1470,.T.);
#817=ORIENTED_EDGE('',*,*,#1471,.T.);
#818=ORIENTED_EDGE('',*,*,#1309,.F.);
#819=ORIENTED_EDGE('',*,*,#1418,.F.);
#820=ORIENTED_EDGE('',*,*,#1419,.F.);
#821=ORIENTED_EDGE('',*,*,#1162,.F.);
#822=ORIENTED_EDGE('',*,*,#1472,.T.);
#823=ORIENTED_EDGE('',*,*,#1239,.F.);
#824=ORIENTED_EDGE('',*,*,#1178,.F.);
#825=ORIENTED_EDGE('',*,*,#1473,.T.);
#826=ORIENTED_EDGE('',*,*,#1458,.T.);
#827=ORIENTED_EDGE('',*,*,#1267,.F.);
#828=ORIENTED_EDGE('',*,*,#1421,.F.);
#829=ORIENTED_EDGE('',*,*,#1424,.F.);
#830=ORIENTED_EDGE('',*,*,#1144,.F.);
#831=ORIENTED_EDGE('',*,*,#1474,.T.);
#832=ORIENTED_EDGE('',*,*,#1475,.T.);
#833=ORIENTED_EDGE('',*,*,#1476,.T.);
#834=ORIENTED_EDGE('',*,*,#1381,.F.);
#835=ORIENTED_EDGE('',*,*,#1276,.F.);
#836=ORIENTED_EDGE('',*,*,#1430,.F.);
#837=ORIENTED_EDGE('',*,*,#1428,.F.);
#838=ORIENTED_EDGE('',*,*,#1280,.F.);
#839=ORIENTED_EDGE('',*,*,#1380,.F.);
#840=ORIENTED_EDGE('',*,*,#1136,.F.);
#841=ORIENTED_EDGE('',*,*,#1427,.F.);
#842=ORIENTED_EDGE('',*,*,#1431,.F.);
#843=ORIENTED_EDGE('',*,*,#1278,.F.);
#844=ORIENTED_EDGE('',*,*,#1434,.F.);
#845=ORIENTED_EDGE('',*,*,#1140,.F.);
#846=ORIENTED_EDGE('',*,*,#1234,.F.);
#847=ORIENTED_EDGE('',*,*,#1247,.F.);
#848=ORIENTED_EDGE('',*,*,#1436,.F.);
#849=ORIENTED_EDGE('',*,*,#1437,.F.);
#850=ORIENTED_EDGE('',*,*,#1248,.F.);
#851=ORIENTED_EDGE('',*,*,#1232,.F.);
#852=ORIENTED_EDGE('',*,*,#1291,.F.);
#853=ORIENTED_EDGE('',*,*,#1442,.F.);
#854=ORIENTED_EDGE('',*,*,#1443,.F.);
#855=ORIENTED_EDGE('',*,*,#1289,.F.);
#856=ORIENTED_EDGE('',*,*,#1228,.F.);
#857=ORIENTED_EDGE('',*,*,#1244,.F.);
#858=ORIENTED_EDGE('',*,*,#1446,.F.);
#859=ORIENTED_EDGE('',*,*,#1382,.F.);
#860=ORIENTED_EDGE('',*,*,#1286,.F.);
#861=ORIENTED_EDGE('',*,*,#1409,.F.);
#862=ORIENTED_EDGE('',*,*,#1410,.F.);
#863=ORIENTED_EDGE('',*,*,#1293,.F.);
#864=ORIENTED_EDGE('',*,*,#1447,.F.);
#865=ORIENTED_EDGE('',*,*,#1245,.F.);
#866=ORIENTED_EDGE('',*,*,#1226,.F.);
#867=ORIENTED_EDGE('',*,*,#1301,.F.);
#868=ORIENTED_EDGE('',*,*,#1453,.F.);
#869=ORIENTED_EDGE('',*,*,#1383,.F.);
#870=ORIENTED_EDGE('',*,*,#1295,.F.);
#871=ORIENTED_EDGE('',*,*,#1412,.F.);
#872=ORIENTED_EDGE('',*,*,#1415,.F.);
#873=ORIENTED_EDGE('',*,*,#1304,.F.);
#874=ORIENTED_EDGE('',*,*,#1404,.F.);
#875=ORIENTED_EDGE('',*,*,#1345,.F.);
#876=ORIENTED_EDGE('',*,*,#1185,.F.);
#877=ORIENTED_EDGE('',*,*,#1201,.F.);
#878=ORIENTED_EDGE('',*,*,#1403,.F.);
#879=ORIENTED_EDGE('',*,*,#1389,.F.);
#880=ORIENTED_EDGE('',*,*,#1168,.F.);
#881=ORIENTED_EDGE('',*,*,#1192,.F.);
#882=ORIENTED_EDGE('',*,*,#1334,.F.);
#883=ORIENTED_EDGE('',*,*,#1387,.F.);
#884=ORIENTED_EDGE('',*,*,#1331,.F.);
#885=ORIENTED_EDGE('',*,*,#1477,.T.);
#886=ORIENTED_EDGE('',*,*,#1478,.T.);
#887=ORIENTED_EDGE('',*,*,#1340,.F.);
#888=ORIENTED_EDGE('',*,*,#1394,.F.);
#889=ORIENTED_EDGE('',*,*,#1395,.F.);
#890=ORIENTED_EDGE('',*,*,#1400,.F.);
#891=ORIENTED_EDGE('',*,*,#1344,.F.);
#892=ORIENTED_EDGE('',*,*,#1479,.F.);
#893=ORIENTED_EDGE('',*,*,#1328,.F.);
#894=ORIENTED_EDGE('',*,*,#1397,.F.);
#895=ORIENTED_EDGE('',*,*,#1312,.F.);
#896=ORIENTED_EDGE('',*,*,#1480,.T.);
#897=ORIENTED_EDGE('',*,*,#1146,.F.);
#898=ORIENTED_EDGE('',*,*,#1481,.F.);
#899=ORIENTED_EDGE('',*,*,#1343,.F.);
#900=ORIENTED_EDGE('',*,*,#1482,.T.);
#901=ORIENTED_EDGE('',*,*,#1483,.T.);
#902=ORIENTED_EDGE('',*,*,#1479,.T.);
#903=ORIENTED_EDGE('',*,*,#1481,.T.);
#904=ORIENTED_EDGE('',*,*,#1150,.F.);
#905=ORIENTED_EDGE('',*,*,#1173,.F.);
#906=ORIENTED_EDGE('',*,*,#1207,.F.);
#907=ORIENTED_EDGE('',*,*,#1484,.F.);
#908=ORIENTED_EDGE('',*,*,#1237,.F.);
#909=ORIENTED_EDGE('',*,*,#1484,.T.);
#910=ORIENTED_EDGE('',*,*,#1485,.T.);
#911=ORIENTED_EDGE('',*,*,#1486,.T.);
#912=ORIENTED_EDGE('',*,*,#1271,.F.);
#913=ORIENTED_EDGE('',*,*,#1487,.F.);
#914=ORIENTED_EDGE('',*,*,#1316,.F.);
#915=ORIENTED_EDGE('',*,*,#1238,.F.);
#916=ORIENTED_EDGE('',*,*,#1487,.T.);
#917=ORIENTED_EDGE('',*,*,#1274,.F.);
#918=ORIENTED_EDGE('',*,*,#1441,.F.);
#919=ORIENTED_EDGE('',*,*,#1407,.F.);
#920=ORIENTED_EDGE('',*,*,#1211,.F.);
#921=ORIENTED_EDGE('',*,*,#1187,.F.);
#922=ORIENTED_EDGE('',*,*,#1347,.F.);
#923=ORIENTED_EDGE('',*,*,#1406,.F.);
#924=ORIENTED_EDGE('',*,*,#1388,.F.);
#925=ORIENTED_EDGE('',*,*,#1335,.F.);
#926=ORIENTED_EDGE('',*,*,#1190,.F.);
#927=ORIENTED_EDGE('',*,*,#1217,.F.);
#928=ORIENTED_EDGE('',*,*,#1385,.F.);
#929=ORIENTED_EDGE('',*,*,#1242,.F.);
#930=ORIENTED_EDGE('',*,*,#1488,.T.);
#931=ORIENTED_EDGE('',*,*,#1489,.T.);
#932=ORIENTED_EDGE('',*,*,#1220,.F.);
#933=ORIENTED_EDGE('',*,*,#1180,.F.);
#934=ORIENTED_EDGE('',*,*,#1311,.F.);
#935=ORIENTED_EDGE('',*,*,#1445,.F.);
#936=ORIENTED_EDGE('',*,*,#1319,.F.);
#937=ORIENTED_EDGE('',*,*,#1449,.F.);
#938=ORIENTED_EDGE('',*,*,#1147,.F.);
#939=ORIENTED_EDGE('',*,*,#1480,.F.);
#940=ORIENTED_EDGE('',*,*,#1490,.F.);
#941=ORIENTED_EDGE('',*,*,#1491,.T.);
#942=ORIENTED_EDGE('',*,*,#1492,.T.);
#943=ORIENTED_EDGE('',*,*,#1141,.F.);
#944=ORIENTED_EDGE('',*,*,#1423,.F.);
#945=ORIENTED_EDGE('',*,*,#1425,.F.);
#946=ORIENTED_EDGE('',*,*,#1134,.F.);
#947=ORIENTED_EDGE('',*,*,#1486,.F.);
#948=ORIENTED_EDGE('',*,*,#1493,.T.);
#949=ORIENTED_EDGE('',*,*,#1490,.T.);
#950=ORIENTED_EDGE('',*,*,#1133,.F.);
#951=ORIENTED_EDGE('',*,*,#1494,.F.);
#952=ORIENTED_EDGE('',*,*,#1439,.F.);
#953=ORIENTED_EDGE('',*,*,#1272,.F.);
#954=ORIENTED_EDGE('',*,*,#1494,.T.);
#955=ORIENTED_EDGE('',*,*,#1132,.F.);
#956=ORIENTED_EDGE('',*,*,#1433,.F.);
#957=ORIENTED_EDGE('',*,*,#1495,.T.);
#958=ORIENTED_EDGE('',*,*,#1496,.T.);
#959=ORIENTED_EDGE('',*,*,#1497,.F.);
#960=ORIENTED_EDGE('',*,*,#1297,.F.);
#961=ORIENTED_EDGE('',*,*,#1414,.F.);
#962=ORIENTED_EDGE('',*,*,#1416,.F.);
#963=ORIENTED_EDGE('',*,*,#1307,.F.);
#964=ORIENTED_EDGE('',*,*,#1497,.T.);
#965=ORIENTED_EDGE('',*,*,#1498,.T.);
#966=ORIENTED_EDGE('',*,*,#1482,.F.);
#967=ORIENTED_EDGE('',*,*,#1499,.F.);
#968=ORIENTED_EDGE('',*,*,#1298,.F.);
#969=ORIENTED_EDGE('',*,*,#1452,.F.);
#970=ORIENTED_EDGE('',*,*,#1299,.F.);
#971=ORIENTED_EDGE('',*,*,#1499,.T.);
#972=ORIENTED_EDGE('',*,*,#1149,.F.);
#973=ORIENTED_EDGE('',*,*,#1451,.F.);
#974=ORIENTED_EDGE('',*,*,#1175,.F.);
#975=ORIENTED_EDGE('',*,*,#1236,.F.);
#976=ORIENTED_EDGE('',*,*,#1315,.F.);
#977=ORIENTED_EDGE('',*,*,#1197,.F.);
#978=ORIENTED_EDGE('',*,*,#1401,.F.);
#979=ORIENTED_EDGE('',*,*,#1199,.F.);
#980=ORIENTED_EDGE('',*,*,#1314,.F.);
#981=ORIENTED_EDGE('',*,*,#1342,.F.);
#982=ORIENTED_EDGE('',*,*,#1399,.F.);
#983=ORIENTED_EDGE('',*,*,#1460,.F.);
#984=ORIENTED_EDGE('',*,*,#1500,.T.);
#985=ORIENTED_EDGE('',*,*,#1454,.F.);
#986=ORIENTED_EDGE('',*,*,#1158,.F.);
#987=ORIENTED_EDGE('',*,*,#1501,.F.);
#988=ORIENTED_EDGE('',*,*,#1157,.F.);
#989=ORIENTED_EDGE('',*,*,#1465,.F.);
#990=ORIENTED_EDGE('',*,*,#1501,.T.);
#991=ORIENTED_EDGE('',*,*,#1457,.F.);
#992=ORIENTED_EDGE('',*,*,#1502,.T.);
#993=ORIENTED_EDGE('',*,*,#1462,.F.);
#994=ORIENTED_EDGE('',*,*,#1503,.F.);
#995=ORIENTED_EDGE('',*,*,#1154,.F.);
#996=ORIENTED_EDGE('',*,*,#1503,.T.);
#997=ORIENTED_EDGE('',*,*,#1466,.F.);
#998=ORIENTED_EDGE('',*,*,#1155,.F.);
#999=ORIENTED_EDGE('',*,*,#1485,.F.);
#1000=ORIENTED_EDGE('',*,*,#1206,.F.);
#1001=ORIENTED_EDGE('',*,*,#1504,.F.);
#1002=ORIENTED_EDGE('',*,*,#1493,.F.);
#1003=ORIENTED_EDGE('',*,*,#1504,.T.);
#1004=ORIENTED_EDGE('',*,*,#1205,.F.);
#1005=ORIENTED_EDGE('',*,*,#1505,.F.);
#1006=ORIENTED_EDGE('',*,*,#1491,.F.);
#1007=ORIENTED_EDGE('',*,*,#1505,.T.);
#1008=ORIENTED_EDGE('',*,*,#1489,.F.);
#1009=ORIENTED_EDGE('',*,*,#1506,.F.);
#1010=ORIENTED_EDGE('',*,*,#1492,.F.);
#1011=ORIENTED_EDGE('',*,*,#1506,.T.);
#1012=ORIENTED_EDGE('',*,*,#1488,.F.);
#1013=ORIENTED_EDGE('',*,*,#1507,.F.);
#1014=ORIENTED_EDGE('',*,*,#1142,.F.);
#1015=ORIENTED_EDGE('',*,*,#1507,.T.);
#1016=ORIENTED_EDGE('',*,*,#1241,.F.);
#1017=ORIENTED_EDGE('',*,*,#1508,.F.);
#1018=ORIENTED_EDGE('',*,*,#1143,.F.);
#1019=ORIENTED_EDGE('',*,*,#1508,.T.);
#1020=ORIENTED_EDGE('',*,*,#1240,.F.);
#1021=ORIENTED_EDGE('',*,*,#1509,.F.);
#1022=ORIENTED_EDGE('',*,*,#1474,.F.);
#1023=ORIENTED_EDGE('',*,*,#1510,.F.);
#1024=ORIENTED_EDGE('',*,*,#1161,.F.);
#1025=ORIENTED_EDGE('',*,*,#1511,.F.);
#1026=ORIENTED_EDGE('',*,*,#1472,.F.);
#1027=ORIENTED_EDGE('',*,*,#1510,.T.);
#1028=ORIENTED_EDGE('',*,*,#1512,.F.);
#1029=ORIENTED_EDGE('',*,*,#1475,.F.);
#1030=ORIENTED_EDGE('',*,*,#1509,.T.);
#1031=ORIENTED_EDGE('',*,*,#1459,.F.);
#1032=ORIENTED_EDGE('',*,*,#1473,.F.);
#1033=ORIENTED_EDGE('',*,*,#1513,.F.);
#1034=ORIENTED_EDGE('',*,*,#1500,.F.);
#1035=ORIENTED_EDGE('',*,*,#1160,.F.);
#1036=ORIENTED_EDGE('',*,*,#1455,.F.);
#1037=ORIENTED_EDGE('',*,*,#1513,.T.);
#1038=ORIENTED_EDGE('',*,*,#1476,.F.);
#1039=ORIENTED_EDGE('',*,*,#1512,.T.);
#1040=ORIENTED_EDGE('',*,*,#1511,.T.);
#1041=ORIENTED_EDGE('',*,*,#1483,.F.);
#1042=ORIENTED_EDGE('',*,*,#1498,.F.);
#1043=ORIENTED_EDGE('',*,*,#1514,.F.);
#1044=ORIENTED_EDGE('',*,*,#1329,.F.);
#1045=ORIENTED_EDGE('',*,*,#1514,.T.);
#1046=ORIENTED_EDGE('',*,*,#1496,.F.);
#1047=ORIENTED_EDGE('',*,*,#1515,.F.);
#1048=ORIENTED_EDGE('',*,*,#1330,.F.);
#1049=ORIENTED_EDGE('',*,*,#1515,.T.);
#1050=ORIENTED_EDGE('',*,*,#1495,.F.);
#1051=ORIENTED_EDGE('',*,*,#1516,.F.);
#1052=ORIENTED_EDGE('',*,*,#1477,.F.);
#1053=ORIENTED_EDGE('',*,*,#1516,.T.);
#1054=ORIENTED_EDGE('',*,*,#1306,.F.);
#1055=ORIENTED_EDGE('',*,*,#1517,.F.);
#1056=ORIENTED_EDGE('',*,*,#1478,.F.);
#1057=ORIENTED_EDGE('',*,*,#1517,.T.);
#1058=ORIENTED_EDGE('',*,*,#1305,.F.);
#1059=ORIENTED_EDGE('',*,*,#1518,.F.);
#1060=ORIENTED_EDGE('',*,*,#1336,.F.);
#1061=ORIENTED_EDGE('',*,*,#1518,.T.);
#1062=ORIENTED_EDGE('',*,*,#1471,.F.);
#1063=ORIENTED_EDGE('',*,*,#1519,.F.);
#1064=ORIENTED_EDGE('',*,*,#1337,.F.);
#1065=ORIENTED_EDGE('',*,*,#1520,.F.);
#1066=ORIENTED_EDGE('',*,*,#1467,.F.);
#1067=ORIENTED_EDGE('',*,*,#1519,.T.);
#1068=ORIENTED_EDGE('',*,*,#1470,.F.);
#1069=ORIENTED_EDGE('',*,*,#1521,.F.);
#1070=ORIENTED_EDGE('',*,*,#1151,.F.);
#1071=ORIENTED_EDGE('',*,*,#1520,.T.);
#1072=ORIENTED_EDGE('',*,*,#1522,.F.);
#1073=ORIENTED_EDGE('',*,*,#1521,.T.);
#1074=ORIENTED_EDGE('',*,*,#1469,.F.);
#1075=ORIENTED_EDGE('',*,*,#1523,.F.);
#1076=ORIENTED_EDGE('',*,*,#1456,.F.);
#1077=ORIENTED_EDGE('',*,*,#1152,.F.);
#1078=ORIENTED_EDGE('',*,*,#1522,.T.);
#1079=ORIENTED_EDGE('',*,*,#1463,.F.);
#1080=ORIENTED_EDGE('',*,*,#1502,.F.);
#1081=ORIENTED_EDGE('',*,*,#1523,.T.);
#1082=ORIENTED_EDGE('',*,*,#1468,.F.);
#1083=ORIENTED_EDGE('',*,*,#1524,.T.);
#1084=ORIENTED_EDGE('',*,*,#1525,.F.);
#1085=ORIENTED_EDGE('',*,*,#1526,.F.);
#1086=ORIENTED_EDGE('',*,*,#1527,.T.);
#1087=ORIENTED_EDGE('',*,*,#1528,.F.);
#1088=ORIENTED_EDGE('',*,*,#1529,.F.);
#1089=ORIENTED_EDGE('',*,*,#1530,.T.);
#1090=ORIENTED_EDGE('',*,*,#1525,.T.);
#1091=ORIENTED_EDGE('',*,*,#1531,.F.);
#1092=ORIENTED_EDGE('',*,*,#1532,.F.);
#1093=ORIENTED_EDGE('',*,*,#1533,.T.);
#1094=ORIENTED_EDGE('',*,*,#1529,.T.);
#1095=ORIENTED_EDGE('',*,*,#1128,.T.);
#1096=ORIENTED_EDGE('',*,*,#1534,.F.);
#1097=ORIENTED_EDGE('',*,*,#1535,.F.);
#1098=ORIENTED_EDGE('',*,*,#1536,.T.);
#1099=ORIENTED_EDGE('',*,*,#1127,.F.);
#1100=ORIENTED_EDGE('',*,*,#1537,.F.);
#1101=ORIENTED_EDGE('',*,*,#1538,.T.);
#1102=ORIENTED_EDGE('',*,*,#1534,.T.);
#1103=ORIENTED_EDGE('',*,*,#1130,.F.);
#1104=ORIENTED_EDGE('',*,*,#1539,.F.);
#1105=ORIENTED_EDGE('',*,*,#1540,.T.);
#1106=ORIENTED_EDGE('',*,*,#1537,.T.);
#1107=ORIENTED_EDGE('',*,*,#1129,.T.);
#1108=ORIENTED_EDGE('',*,*,#1536,.F.);
#1109=ORIENTED_EDGE('',*,*,#1541,.F.);
#1110=ORIENTED_EDGE('',*,*,#1539,.T.);
#1111=ORIENTED_EDGE('',*,*,#1542,.T.);
#1112=ORIENTED_EDGE('',*,*,#1527,.F.);
#1113=ORIENTED_EDGE('',*,*,#1543,.F.);
#1114=ORIENTED_EDGE('',*,*,#1532,.T.);
#1115=ORIENTED_EDGE('',*,*,#1535,.T.);
#1116=ORIENTED_EDGE('',*,*,#1538,.F.);
#1117=ORIENTED_EDGE('',*,*,#1540,.F.);
#1118=ORIENTED_EDGE('',*,*,#1541,.T.);
#1119=ORIENTED_EDGE('',*,*,#1526,.T.);
#1120=ORIENTED_EDGE('',*,*,#1530,.F.);
#1121=ORIENTED_EDGE('',*,*,#1533,.F.);
#1122=ORIENTED_EDGE('',*,*,#1543,.T.);
#1123=ORIENTED_EDGE('',*,*,#1528,.T.);
#1124=ORIENTED_EDGE('',*,*,#1524,.F.);
#1125=ORIENTED_EDGE('',*,*,#1542,.F.);
#1126=ORIENTED_EDGE('',*,*,#1531,.T.);
#1127=EDGE_CURVE('',#1544,#1545,#1818,.T.);
#1128=EDGE_CURVE('',#1546,#1545,#1819,.T.);
#1129=EDGE_CURVE('',#1547,#1546,#1820,.T.);
#1130=EDGE_CURVE('',#1547,#1544,#1821,.T.);
#1131=EDGE_CURVE('',#1548,#1549,#1822,.T.);
#1132=EDGE_CURVE('',#1549,#1550,#1823,.T.);
#1133=EDGE_CURVE('',#1550,#1551,#222,.T.);
#1134=EDGE_CURVE('',#1551,#1552,#1824,.T.);
#1135=EDGE_CURVE('',#1552,#1553,#1825,.T.);
#1136=EDGE_CURVE('',#1553,#1554,#1826,.F.);
#1137=EDGE_CURVE('',#1554,#1555,#223,.T.);
#1138=EDGE_CURVE('',#1556,#1555,#1827,.T.);
#1139=EDGE_CURVE('',#1556,#1557,#224,.T.);
#1140=EDGE_CURVE('',#1557,#1548,#1828,.F.);
#1141=EDGE_CURVE('',#1558,#1559,#1829,.F.);
#1142=EDGE_CURVE('',#1559,#1560,#150,.T.);
#1143=EDGE_CURVE('',#1560,#1561,#1830,.T.);
#1144=EDGE_CURVE('',#1561,#1562,#1831,.T.);
#1145=EDGE_CURVE('',#1562,#1558,#1832,.T.);
#1146=EDGE_CURVE('',#1563,#1564,#1833,.T.);
#1147=EDGE_CURVE('',#1564,#1565,#151,.F.);
#1148=EDGE_CURVE('',#1565,#1566,#1834,.T.);
#1149=EDGE_CURVE('',#1566,#1567,#1835,.T.);
#1150=EDGE_CURVE('',#1567,#1563,#152,.T.);
#1151=EDGE_CURVE('',#1568,#1569,#153,.F.);
#1152=EDGE_CURVE('',#1569,#1570,#154,.T.);
#1153=EDGE_CURVE('',#1570,#1571,#1836,.T.);
#1154=EDGE_CURVE('',#1571,#1572,#155,.F.);
#1155=EDGE_CURVE('',#1572,#1573,#225,.T.);
#1156=EDGE_CURVE('',#1573,#1574,#1837,.T.);
#1157=EDGE_CURVE('',#1574,#1575,#226,.F.);
#1158=EDGE_CURVE('',#1575,#1576,#156,.F.);
#1159=EDGE_CURVE('',#1577,#1576,#1838,.T.);
#1160=EDGE_CURVE('',#1577,#1578,#157,.T.);
#1161=EDGE_CURVE('',#1578,#1579,#158,.F.);
#1162=EDGE_CURVE('',#1579,#1580,#1839,.F.);
#1163=EDGE_CURVE('',#1580,#1581,#227,.T.);
#1164=EDGE_CURVE('',#1581,#1582,#1840,.T.);
#1165=EDGE_CURVE('',#1582,#1583,#228,.T.);
#1166=EDGE_CURVE('',#1583,#1584,#1841,.T.);
#1167=EDGE_CURVE('',#1584,#1585,#229,.T.);
#1168=EDGE_CURVE('',#1585,#1586,#1842,.F.);
#1169=EDGE_CURVE('',#1586,#1587,#1843,.T.);
#1170=EDGE_CURVE('',#1587,#1568,#1844,.T.);
#1171=EDGE_CURVE('',#1588,#1589,#78,.T.);
#1172=EDGE_CURVE('',#1590,#1588,#230,.T.);
#1173=EDGE_CURVE('',#1590,#1591,#231,.T.);
#1174=EDGE_CURVE('',#1592,#1591,#79,.F.);
#1175=EDGE_CURVE('',#1592,#1593,#232,.T.);
#1176=EDGE_CURVE('',#1589,#1593,#233,.T.);
#1177=EDGE_CURVE('',#1581,#1594,#80,.T.);
#1178=EDGE_CURVE('',#1580,#1595,#234,.T.);
#1179=EDGE_CURVE('',#1596,#1595,#81,.F.);
#1180=EDGE_CURVE('',#1596,#1597,#235,.T.);
#1181=EDGE_CURVE('',#1594,#1597,#236,.T.);
#1182=EDGE_CURVE('',#1598,#1599,#237,.T.);
#1183=EDGE_CURVE('',#1600,#1598,#82,.T.);
#1184=EDGE_CURVE('',#1601,#1600,#238,.T.);
#1185=EDGE_CURVE('',#1601,#1602,#239,.T.);
#1186=EDGE_CURVE('',#1603,#1602,#83,.F.);
#1187=EDGE_CURVE('',#1603,#1599,#240,.T.);
#1188=EDGE_CURVE('',#1604,#1584,#84,.T.);
#1189=EDGE_CURVE('',#1605,#1604,#241,.T.);
#1190=EDGE_CURVE('',#1605,#1606,#242,.T.);
#1191=EDGE_CURVE('',#1607,#1606,#85,.F.);
#1192=EDGE_CURVE('',#1607,#1585,#243,.T.);
#1193=EDGE_CURVE('',#1608,#1608,#86,.T.);
#1194=EDGE_CURVE('',#1609,#1610,#244,.T.);
#1195=EDGE_CURVE('',#1583,#1609,#87,.F.);
#1196=EDGE_CURVE('',#1610,#1582,#88,.F.);
#1197=EDGE_CURVE('',#1593,#1611,#1845,.T.);
#1198=EDGE_CURVE('',#1612,#1611,#1846,.T.);
#1199=EDGE_CURVE('',#1612,#1613,#1847,.F.);
#1200=EDGE_CURVE('',#1613,#1614,#1848,.T.);
#1201=EDGE_CURVE('',#1614,#1601,#1849,.T.);
#1202=EDGE_CURVE('',#1600,#1615,#1850,.T.);
#1203=EDGE_CURVE('',#1616,#1615,#245,.T.);
#1204=EDGE_CURVE('',#1616,#1589,#1851,.T.);
#1205=EDGE_CURVE('',#1617,#1618,#1852,.T.);
#1206=EDGE_CURVE('',#1618,#1619,#246,.T.);
#1207=EDGE_CURVE('',#1619,#1590,#1853,.F.);
#1208=EDGE_CURVE('',#1588,#1620,#1854,.T.);
#1209=EDGE_CURVE('',#1620,#1621,#247,.T.);
#1210=EDGE_CURVE('',#1621,#1598,#1855,.T.);
#1211=EDGE_CURVE('',#1599,#1622,#1856,.F.);
#1212=EDGE_CURVE('',#1622,#1623,#1857,.T.);
#1213=EDGE_CURVE('',#1623,#1624,#1858,.T.);
#1214=EDGE_CURVE('',#1625,#1624,#89,.T.);
#1215=EDGE_CURVE('',#1625,#1626,#1859,.T.);
#1216=EDGE_CURVE('',#1626,#1627,#1860,.T.);
#1217=EDGE_CURVE('',#1627,#1605,#1861,.T.);
#1218=EDGE_CURVE('',#1604,#1609,#1862,.T.);
#1219=EDGE_CURVE('',#1610,#1594,#1863,.T.);
#1220=EDGE_CURVE('',#1597,#1617,#1864,.T.);
#1221=EDGE_CURVE('',#1628,#1628,#90,.T.);
#1222=EDGE_CURVE('',#1616,#1620,#91,.F.);
#1223=EDGE_CURVE('',#1621,#1615,#92,.F.);
#1224=EDGE_CURVE('',#1629,#1630,#93,.T.);
#1225=EDGE_CURVE('',#1631,#1629,#248,.T.);
#1226=EDGE_CURVE('',#1631,#1632,#249,.T.);
#1227=EDGE_CURVE('',#1633,#1632,#94,.T.);
#1228=EDGE_CURVE('',#1633,#1634,#250,.T.);
#1229=EDGE_CURVE('',#1630,#1634,#251,.T.);
#1230=EDGE_CURVE('',#1635,#1556,#95,.T.);
#1231=EDGE_CURVE('',#1636,#1635,#252,.T.);
#1232=EDGE_CURVE('',#1636,#1637,#253,.T.);
#1233=EDGE_CURVE('',#1638,#1637,#96,.T.);
#1234=EDGE_CURVE('',#1638,#1557,#254,.T.);
#1235=EDGE_CURVE('',#1639,#1640,#1865,.T.);
#1236=EDGE_CURVE('',#1639,#1592,#1866,.F.);
#1237=EDGE_CURVE('',#1591,#1641,#1867,.T.);
#1238=EDGE_CURVE('',#1641,#1640,#1868,.F.);
#1239=EDGE_CURVE('',#1595,#1642,#1869,.T.);
#1240=EDGE_CURVE('',#1642,#1643,#159,.F.);
#1241=EDGE_CURVE('',#1643,#1644,#1870,.F.);
#1242=EDGE_CURVE('',#1644,#1596,#1871,.F.);
#1243=EDGE_CURVE('',#1645,#1646,#1872,.T.);
#1244=EDGE_CURVE('',#1646,#1633,#1873,.T.);
#1245=EDGE_CURVE('',#1632,#1645,#1874,.F.);
#1246=EDGE_CURVE('',#1647,#1648,#1875,.T.);
#1247=EDGE_CURVE('',#1648,#1638,#1876,.T.);
#1248=EDGE_CURVE('',#1637,#1647,#1877,.F.);
#1249=EDGE_CURVE('',#1649,#1649,#97,.T.);
#1250=EDGE_CURVE('',#1650,#1650,#255,.T.);
#1251=EDGE_CURVE('',#1651,#1651,#98,.F.);
#1252=EDGE_CURVE('',#1555,#1652,#99,.T.);
#1253=EDGE_CURVE('',#1652,#1635,#1878,.T.);
#1254=EDGE_CURVE('',#1653,#1654,#1879,.T.);
#1255=EDGE_CURVE('',#1654,#1655,#1880,.T.);
#1256=EDGE_CURVE('',#1656,#1655,#1881,.T.);
#1257=EDGE_CURVE('',#1657,#1656,#100,.F.);
#1258=EDGE_CURVE('',#1657,#1658,#1882,.T.);
#1259=EDGE_CURVE('',#1658,#1659,#1883,.T.);
#1260=EDGE_CURVE('',#1659,#1660,#1884,.T.);
#1261=EDGE_CURVE('',#1660,#1661,#1885,.T.);
#1262=EDGE_CURVE('',#1661,#1662,#1886,.T.);
#1263=EDGE_CURVE('',#1662,#1663,#1887,.T.);
#1264=EDGE_CURVE('',#1663,#1664,#1888,.T.);
#1265=EDGE_CURVE('',#1664,#1653,#1889,.T.);
#1266=EDGE_CURVE('',#1665,#1665,#256,.T.);
#1267=EDGE_CURVE('',#1666,#1667,#1890,.F.);
#1268=EDGE_CURVE('',#1668,#1667,#1891,.T.);
#1269=EDGE_CURVE('',#1668,#1669,#1892,.T.);
#1270=EDGE_CURVE('',#1669,#1666,#1893,.T.);
#1271=EDGE_CURVE('',#1670,#1671,#160,.T.);
#1272=EDGE_CURVE('',#1671,#1672,#1894,.F.);
#1273=EDGE_CURVE('',#1672,#1673,#1895,.T.);
#1274=EDGE_CURVE('',#1673,#1670,#1896,.T.);
#1275=EDGE_CURVE('',#1674,#1675,#1897,.T.);
#1276=EDGE_CURVE('',#1675,#1676,#1898,.F.);
#1277=EDGE_CURVE('',#1676,#1677,#101,.T.);
#1278=EDGE_CURVE('',#1677,#1674,#1899,.T.);
#1279=EDGE_CURVE('',#1652,#1678,#257,.T.);
#1280=EDGE_CURVE('',#1678,#1679,#1900,.T.);
#1281=EDGE_CURVE('',#1679,#1680,#1901,.T.);
#1282=EDGE_CURVE('',#1681,#1680,#1902,.T.);
#1283=EDGE_CURVE('',#1682,#1681,#102,.T.);
#1284=EDGE_CURVE('',#1682,#1683,#1903,.T.);
#1285=EDGE_CURVE('',#1683,#1684,#1904,.T.);
#1286=EDGE_CURVE('',#1684,#1685,#1905,.F.);
#1287=EDGE_CURVE('',#1685,#1686,#258,.T.);
#1288=EDGE_CURVE('',#1630,#1686,#1906,.T.);
#1289=EDGE_CURVE('',#1634,#1687,#1907,.F.);
#1290=EDGE_CURVE('',#1687,#1688,#1908,.T.);
#1291=EDGE_CURVE('',#1688,#1636,#1909,.T.);
#1292=EDGE_CURVE('',#1689,#1690,#103,.T.);
#1293=EDGE_CURVE('',#1690,#1691,#1910,.T.);
#1294=EDGE_CURVE('',#1691,#1692,#1911,.T.);
#1295=EDGE_CURVE('',#1692,#1689,#1912,.F.);
#1296=EDGE_CURVE('',#1693,#1694,#1913,.T.);
#1297=EDGE_CURVE('',#1694,#1695,#1914,.F.);
#1298=EDGE_CURVE('',#1695,#1696,#259,.T.);
#1299=EDGE_CURVE('',#1696,#1697,#1915,.F.);
#1300=EDGE_CURVE('',#1697,#1698,#1916,.T.);
#1301=EDGE_CURVE('',#1698,#1631,#1917,.T.);
#1302=EDGE_CURVE('',#1699,#1629,#1918,.T.);
#1303=EDGE_CURVE('',#1699,#1700,#260,.T.);
#1304=EDGE_CURVE('',#1700,#1693,#1919,.T.);
#1305=EDGE_CURVE('',#1701,#1702,#1920,.T.);
#1306=EDGE_CURVE('',#1702,#1703,#161,.T.);
#1307=EDGE_CURVE('',#1703,#1704,#1921,.T.);
#1308=EDGE_CURVE('',#1704,#1705,#1922,.T.);
#1309=EDGE_CURVE('',#1705,#1701,#1923,.F.);
#1310=EDGE_CURVE('',#1706,#1707,#1924,.T.);
#1311=EDGE_CURVE('',#1707,#1708,#162,.F.);
#1312=EDGE_CURVE('',#1708,#1709,#163,.T.);
#1313=EDGE_CURVE('',#1709,#1710,#1925,.T.);
#1314=EDGE_CURVE('',#1710,#1612,#164,.T.);
#1315=EDGE_CURVE('',#1611,#1639,#165,.T.);
#1316=EDGE_CURVE('',#1640,#1711,#166,.T.);
#1317=EDGE_CURVE('',#1706,#1711,#1926,.T.);
#1318=EDGE_CURVE('',#1712,#1713,#1927,.T.);
#1319=EDGE_CURVE('',#1713,#1714,#167,.T.);
#1320=EDGE_CURVE('',#1714,#1715,#1928,.T.);
#1321=EDGE_CURVE('',#1715,#1716,#1929,.T.);
#1322=EDGE_CURVE('',#1716,#1717,#1930,.T.);
#1323=EDGE_CURVE('',#1717,#1718,#1931,.T.);
#1324=EDGE_CURVE('',#1718,#1719,#1932,.T.);
#1325=EDGE_CURVE('',#1719,#1720,#1933,.T.);
#1326=EDGE_CURVE('',#1720,#1712,#1934,.T.);
#1327=EDGE_CURVE('',#1721,#1721,#104,.T.);
#1328=EDGE_CURVE('',#1722,#1723,#1935,.T.);
#1329=EDGE_CURVE('',#1723,#1724,#261,.T.);
#1330=EDGE_CURVE('',#1724,#1725,#1936,.F.);
#1331=EDGE_CURVE('',#1725,#1726,#1937,.F.);
#1332=EDGE_CURVE('',#1726,#1722,#1938,.T.);
#1333=EDGE_CURVE('',#1727,#1728,#1939,.T.);
#1334=EDGE_CURVE('',#1728,#1607,#1940,.T.);
#1335=EDGE_CURVE('',#1606,#1727,#1941,.F.);
#1336=EDGE_CURVE('',#1729,#1730,#1942,.F.);
#1337=EDGE_CURVE('',#1730,#1731,#168,.F.);
#1338=EDGE_CURVE('',#1731,#1732,#1943,.F.);
#1339=EDGE_CURVE('',#1732,#1733,#1944,.T.);
#1340=EDGE_CURVE('',#1733,#1729,#1945,.T.);
#1341=EDGE_CURVE('',#1734,#1735,#1946,.T.);
#1342=EDGE_CURVE('',#1735,#1710,#1947,.T.);
#1343=EDGE_CURVE('',#1709,#1736,#1948,.F.);
#1344=EDGE_CURVE('',#1736,#1734,#1949,.F.);
#1345=EDGE_CURVE('',#1602,#1737,#1950,.F.);
#1346=EDGE_CURVE('',#1737,#1738,#1951,.T.);
#1347=EDGE_CURVE('',#1738,#1603,#1952,.T.);
#1348=EDGE_CURVE('',#1739,#1740,#1953,.T.);
#1349=EDGE_CURVE('',#1740,#1741,#1954,.T.);
#1350=EDGE_CURVE('',#1741,#1742,#1955,.T.);
#1351=EDGE_CURVE('',#1742,#1743,#1956,.T.);
#1352=EDGE_CURVE('',#1743,#1744,#1957,.T.);
#1353=EDGE_CURVE('',#1744,#1745,#1958,.T.);
#1354=EDGE_CURVE('',#1745,#1746,#1959,.T.);
#1355=EDGE_CURVE('',#1746,#1747,#1960,.T.);
#1356=EDGE_CURVE('',#1747,#1748,#1961,.T.);
#1357=EDGE_CURVE('',#1748,#1749,#1962,.T.);
#1358=EDGE_CURVE('',#1750,#1749,#1963,.T.);
#1359=EDGE_CURVE('',#1739,#1750,#105,.T.);
#1360=EDGE_CURVE('',#1751,#1751,#262,.T.);
#1361=EDGE_CURVE('',#1750,#1752,#1964,.F.);
#1362=EDGE_CURVE('',#1753,#1752,#263,.T.);
#1363=EDGE_CURVE('',#1753,#1739,#1965,.T.);
#1364=EDGE_CURVE('',#1754,#1754,#106,.T.);
#1365=EDGE_CURVE('',#1755,#1755,#264,.T.);
#1366=EDGE_CURVE('',#1656,#1756,#1966,.T.);
#1367=EDGE_CURVE('',#1757,#1756,#265,.T.);
#1368=EDGE_CURVE('',#1657,#1757,#1967,.T.);
#1369=EDGE_CURVE('',#1749,#1626,#1968,.T.);
#1370=EDGE_CURVE('',#1752,#1625,#1969,.T.);
#1371=EDGE_CURVE('',#1753,#1624,#1970,.T.);
#1372=EDGE_CURVE('',#1623,#1740,#1971,.T.);
#1373=EDGE_CURVE('',#1655,#1683,#1972,.F.);
#1374=EDGE_CURVE('',#1756,#1682,#1973,.T.);
#1375=EDGE_CURVE('',#1757,#1681,#1974,.T.);
#1376=EDGE_CURVE('',#1680,#1658,#1975,.F.);
#1377=EDGE_CURVE('',#1758,#1758,#107,.F.);
#1378=EDGE_CURVE('',#1686,#1699,#108,.T.);
#1379=EDGE_CURVE('',#1759,#1759,#109,.T.);
#1380=EDGE_CURVE('',#1554,#1677,#266,.T.);
#1381=EDGE_CURVE('',#1676,#1678,#267,.T.);
#1382=EDGE_CURVE('',#1685,#1690,#268,.T.);
#1383=EDGE_CURVE('',#1689,#1700,#269,.T.);
#1384=EDGE_CURVE('',#1760,#1748,#1976,.T.);
#1385=EDGE_CURVE('',#1760,#1627,#169,.T.);
#1386=EDGE_CURVE('',#1761,#1747,#1977,.T.);
#1387=EDGE_CURVE('',#1761,#1728,#170,.T.);
#1388=EDGE_CURVE('',#1727,#1760,#171,.T.);
#1389=EDGE_CURVE('',#1586,#1761,#172,.T.);
#1390=EDGE_CURVE('',#1762,#1746,#1978,.T.);
#1391=EDGE_CURVE('',#1762,#1587,#173,.T.);
#1392=EDGE_CURVE('',#1732,#1762,#174,.T.);
#1393=EDGE_CURVE('',#1763,#1745,#1979,.T.);
#1394=EDGE_CURVE('',#1763,#1733,#175,.T.);
#1395=EDGE_CURVE('',#1726,#1763,#176,.T.);
#1396=EDGE_CURVE('',#1764,#1744,#1980,.T.);
#1397=EDGE_CURVE('',#1764,#1722,#177,.T.);
#1398=EDGE_CURVE('',#1765,#1743,#1981,.T.);
#1399=EDGE_CURVE('',#1765,#1735,#178,.T.);
#1400=EDGE_CURVE('',#1734,#1764,#179,.T.);
#1401=EDGE_CURVE('',#1613,#1765,#180,.T.);
#1402=EDGE_CURVE('',#1766,#1742,#1982,.T.);
#1403=EDGE_CURVE('',#1766,#1614,#181,.T.);
#1404=EDGE_CURVE('',#1737,#1766,#182,.T.);
#1405=EDGE_CURVE('',#1767,#1741,#1983,.F.);
#1406=EDGE_CURVE('',#1767,#1738,#183,.T.);
#1407=EDGE_CURVE('',#1622,#1767,#184,.T.);
#1408=EDGE_CURVE('',#1768,#1654,#1984,.T.);
#1409=EDGE_CURVE('',#1768,#1684,#185,.F.);
#1410=EDGE_CURVE('',#1691,#1768,#186,.F.);
#1411=EDGE_CURVE('',#1769,#1653,#1985,.T.);
#1412=EDGE_CURVE('',#1769,#1692,#187,.F.);
#1413=EDGE_CURVE('',#1770,#1664,#1986,.T.);
#1414=EDGE_CURVE('',#1770,#1694,#188,.F.);
#1415=EDGE_CURVE('',#1693,#1769,#189,.F.);
#1416=EDGE_CURVE('',#1704,#1770,#190,.F.);
#1417=EDGE_CURVE('',#1771,#1663,#1987,.T.);
#1418=EDGE_CURVE('',#1771,#1705,#191,.F.);
#1419=EDGE_CURVE('',#1669,#1771,#192,.F.);
#1420=EDGE_CURVE('',#1772,#1662,#1988,.F.);
#1421=EDGE_CURVE('',#1772,#1666,#193,.F.);
#1422=EDGE_CURVE('',#1773,#1661,#1989,.T.);
#1423=EDGE_CURVE('',#1773,#1558,#194,.F.);
#1424=EDGE_CURVE('',#1562,#1772,#195,.F.);
#1425=EDGE_CURVE('',#1552,#1773,#196,.F.);
#1426=EDGE_CURVE('',#1774,#1660,#1990,.F.);
#1427=EDGE_CURVE('',#1774,#1553,#197,.F.);
#1428=EDGE_CURVE('',#1679,#1775,#198,.F.);
#1429=EDGE_CURVE('',#1659,#1775,#1991,.F.);
#1430=EDGE_CURVE('',#1775,#1675,#199,.F.);
#1431=EDGE_CURVE('',#1674,#1774,#200,.F.);
#1432=EDGE_CURVE('',#1776,#1716,#1992,.T.);
#1433=EDGE_CURVE('',#1776,#1549,#201,.T.);
#1434=EDGE_CURVE('',#1548,#1777,#202,.T.);
#1435=EDGE_CURVE('',#1717,#1777,#1993,.F.);
#1436=EDGE_CURVE('',#1777,#1648,#203,.T.);
#1437=EDGE_CURVE('',#1647,#1778,#204,.T.);
#1438=EDGE_CURVE('',#1718,#1778,#1994,.F.);
#1439=EDGE_CURVE('',#1672,#1776,#205,.T.);
#1440=EDGE_CURVE('',#1706,#1715,#1995,.F.);
#1441=EDGE_CURVE('',#1711,#1673,#206,.F.);
#1442=EDGE_CURVE('',#1778,#1688,#207,.T.);
#1443=EDGE_CURVE('',#1687,#1779,#208,.T.);
#1444=EDGE_CURVE('',#1719,#1779,#1996,.F.);
#1445=EDGE_CURVE('',#1714,#1707,#1997,.F.);
#1446=EDGE_CURVE('',#1779,#1646,#209,.T.);
#1447=EDGE_CURVE('',#1645,#1780,#210,.T.);
#1448=EDGE_CURVE('',#1720,#1780,#1998,.F.);
#1449=EDGE_CURVE('',#1565,#1713,#1999,.T.);
#1450=EDGE_CURVE('',#1781,#1712,#2000,.F.);
#1451=EDGE_CURVE('',#1781,#1566,#211,.T.);
#1452=EDGE_CURVE('',#1697,#1781,#212,.T.);
#1453=EDGE_CURVE('',#1780,#1698,#213,.T.);
#1454=EDGE_CURVE('',#1576,#1782,#2001,.F.);
#1455=EDGE_CURVE('',#1782,#1577,#2002,.F.);
#1456=EDGE_CURVE('',#1570,#1783,#2003,.F.);
#1457=EDGE_CURVE('',#1783,#1571,#2004,.T.);
#1458=EDGE_CURVE('',#1784,#1667,#214,.T.);
#1459=EDGE_CURVE('',#1784,#1785,#270,.T.);
#1460=EDGE_CURVE('',#1785,#1786,#2005,.T.);
#1461=EDGE_CURVE('',#1786,#1787,#2006,.F.);
#1462=EDGE_CURVE('',#1787,#1788,#2007,.F.);
#1463=EDGE_CURVE('',#1788,#1789,#271,.T.);
#1464=EDGE_CURVE('',#1668,#1789,#215,.T.);
#1465=EDGE_CURVE('',#1786,#1574,#110,.F.);
#1466=EDGE_CURVE('',#1573,#1787,#111,.T.);
#1467=EDGE_CURVE('',#1731,#1568,#272,.T.);
#1468=EDGE_CURVE('',#1789,#1790,#273,.T.);
#1469=EDGE_CURVE('',#1790,#1791,#2008,.F.);
#1470=EDGE_CURVE('',#1791,#1792,#274,.T.);
#1471=EDGE_CURVE('',#1792,#1701,#216,.F.);
#1472=EDGE_CURVE('',#1579,#1642,#275,.T.);
#1473=EDGE_CURVE('',#1793,#1784,#276,.T.);
#1474=EDGE_CURVE('',#1561,#1794,#217,.F.);
#1475=EDGE_CURVE('',#1794,#1795,#277,.T.);
#1476=EDGE_CURVE('',#1795,#1793,#2009,.T.);
#1477=EDGE_CURVE('',#1725,#1796,#278,.T.);
#1478=EDGE_CURVE('',#1796,#1729,#218,.T.);
#1479=EDGE_CURVE('',#1723,#1736,#219,.F.);
#1480=EDGE_CURVE('',#1708,#1564,#279,.T.);
#1481=EDGE_CURVE('',#1736,#1563,#112,.T.);
#1482=EDGE_CURVE('',#1567,#1797,#280,.T.);
#1483=EDGE_CURVE('',#1797,#1723,#113,.F.);
#1484=EDGE_CURVE('',#1641,#1619,#220,.F.);
#1485=EDGE_CURVE('',#1619,#1798,#114,.T.);
#1486=EDGE_CURVE('',#1798,#1671,#281,.T.);
#1487=EDGE_CURVE('',#1641,#1670,#115,.T.);
#1488=EDGE_CURVE('',#1644,#1799,#221,.T.);
#1489=EDGE_CURVE('',#1799,#1617,#282,.T.);
#1490=EDGE_CURVE('',#1800,#1551,#116,.T.);
#1491=EDGE_CURVE('',#1800,#1801,#2010,.T.);
#1492=EDGE_CURVE('',#1801,#1559,#283,.T.);
#1493=EDGE_CURVE('',#1798,#1800,#284,.T.);
#1494=EDGE_CURVE('',#1671,#1550,#117,.T.);
#1495=EDGE_CURVE('',#1703,#1802,#285,.T.);
#1496=EDGE_CURVE('',#1802,#1803,#2011,.F.);
#1497=EDGE_CURVE('',#1695,#1803,#118,.T.);
#1498=EDGE_CURVE('',#1803,#1797,#286,.T.);
#1499=EDGE_CURVE('',#1696,#1567,#119,.T.);
#1500=EDGE_CURVE('',#1785,#1782,#287,.T.);
#1501=EDGE_CURVE('',#1786,#1575,#120,.T.);
#1502=EDGE_CURVE('',#1783,#1788,#288,.T.);
#1503=EDGE_CURVE('',#1572,#1787,#121,.T.);
#1504=EDGE_CURVE('',#1800,#1618,#122,.T.);
#1505=EDGE_CURVE('',#1801,#1617,#123,.T.);
#1506=EDGE_CURVE('',#1559,#1799,#124,.T.);
#1507=EDGE_CURVE('',#1560,#1644,#125,.T.);
#1508=EDGE_CURVE('',#1561,#1643,#126,.T.);
#1509=EDGE_CURVE('',#1794,#1642,#127,.T.);
#1510=EDGE_CURVE('',#1579,#1804,#128,.T.);
#1511=EDGE_CURVE('',#1804,#1578,#289,.F.);
#1512=EDGE_CURVE('',#1795,#1804,#290,.F.);
#1513=EDGE_CURVE('',#1782,#1793,#129,.T.);
#1514=EDGE_CURVE('',#1724,#1803,#130,.T.);
#1515=EDGE_CURVE('',#1725,#1802,#131,.T.);
#1516=EDGE_CURVE('',#1796,#1703,#132,.T.);
#1517=EDGE_CURVE('',#1729,#1702,#133,.T.);
#1518=EDGE_CURVE('',#1730,#1701,#134,.T.);
#1519=EDGE_CURVE('',#1731,#1792,#135,.T.);
#1520=EDGE_CURVE('',#1568,#1805,#136,.T.);
#1521=EDGE_CURVE('',#1805,#1791,#291,.T.);
#1522=EDGE_CURVE('',#1569,#1805,#292,.T.);
#1523=EDGE_CURVE('',#1783,#1790,#137,.T.);
#1524=EDGE_CURVE('',#1806,#1807,#2012,.T.);
#1525=EDGE_CURVE('',#1808,#1807,#2013,.T.);
#1526=EDGE_CURVE('',#1809,#1808,#2014,.T.);
#1527=EDGE_CURVE('',#1809,#1806,#2015,.T.);
#1528=EDGE_CURVE('',#1810,#1807,#2016,.T.);
#1529=EDGE_CURVE('',#1811,#1810,#2017,.T.);
#1530=EDGE_CURVE('',#1811,#1808,#2018,.T.);
#1531=EDGE_CURVE('',#1812,#1810,#2019,.T.);
#1532=EDGE_CURVE('',#1813,#1812,#2020,.T.);
#1533=EDGE_CURVE('',#1813,#1811,#2021,.T.);
#1534=EDGE_CURVE('',#1814,#1545,#2022,.T.);
#1535=EDGE_CURVE('',#1815,#1814,#2023,.T.);
#1536=EDGE_CURVE('',#1815,#1546,#2024,.T.);
#1537=EDGE_CURVE('',#1816,#1544,#2025,.T.);
#1538=EDGE_CURVE('',#1816,#1814,#2026,.T.);
#1539=EDGE_CURVE('',#1817,#1547,#2027,.T.);
#1540=EDGE_CURVE('',#1817,#1816,#2028,.T.);
#1541=EDGE_CURVE('',#1817,#1815,#2029,.T.);
#1542=EDGE_CURVE('',#1812,#1806,#2030,.T.);
#1543=EDGE_CURVE('',#1813,#1809,#2031,.T.);
#1544=VERTEX_POINT('',#4937);
#1545=VERTEX_POINT('',#4938);
#1546=VERTEX_POINT('',#4940);
#1547=VERTEX_POINT('',#4942);
#1548=VERTEX_POINT('',#4945);
#1549=VERTEX_POINT('',#4946);
#1550=VERTEX_POINT('',#4948);
#1551=VERTEX_POINT('',#4956);
#1552=VERTEX_POINT('',#4958);
#1553=VERTEX_POINT('',#4960);
#1554=VERTEX_POINT('',#4962);
#1555=VERTEX_POINT('',#4967);
#1556=VERTEX_POINT('',#4969);
#1557=VERTEX_POINT('',#4974);
#1558=VERTEX_POINT('',#4978);
#1559=VERTEX_POINT('',#4979);
#1560=VERTEX_POINT('',#4981);
#1561=VERTEX_POINT('',#4983);
#1562=VERTEX_POINT('',#4985);
#1563=VERTEX_POINT('',#4989);
#1564=VERTEX_POINT('',#4990);
#1565=VERTEX_POINT('',#4992);
#1566=VERTEX_POINT('',#4994);
#1567=VERTEX_POINT('',#4996);
#1568=VERTEX_POINT('',#5000);
#1569=VERTEX_POINT('',#5001);
#1570=VERTEX_POINT('',#5003);
#1571=VERTEX_POINT('',#5005);
#1572=VERTEX_POINT('',#5007);
#1573=VERTEX_POINT('',#5012);
#1574=VERTEX_POINT('',#5014);
#1575=VERTEX_POINT('',#5019);
#1576=VERTEX_POINT('',#5021);
#1577=VERTEX_POINT('',#5023);
#1578=VERTEX_POINT('',#5025);
#1579=VERTEX_POINT('',#5027);
#1580=VERTEX_POINT('',#5029);
#1581=VERTEX_POINT('',#5034);
#1582=VERTEX_POINT('',#5036);
#1583=VERTEX_POINT('',#5041);
#1584=VERTEX_POINT('',#5043);
#1585=VERTEX_POINT('',#5048);
#1586=VERTEX_POINT('',#5050);
#1587=VERTEX_POINT('',#5052);
#1588=VERTEX_POINT('',#5056);
#1589=VERTEX_POINT('',#5057);
#1590=VERTEX_POINT('',#5062);
#1591=VERTEX_POINT('',#5069);
#1592=VERTEX_POINT('',#5071);
#1593=VERTEX_POINT('',#5078);
#1594=VERTEX_POINT('',#5085);
#1595=VERTEX_POINT('',#5092);
#1596=VERTEX_POINT('',#5094);
#1597=VERTEX_POINT('',#5101);
#1598=VERTEX_POINT('',#5111);
#1599=VERTEX_POINT('',#5112);
#1600=VERTEX_POINT('',#5114);
#1601=VERTEX_POINT('',#5119);
#1602=VERTEX_POINT('',#5126);
#1603=VERTEX_POINT('',#5128);
#1604=VERTEX_POINT('',#5137);
#1605=VERTEX_POINT('',#5142);
#1606=VERTEX_POINT('',#5149);
#1607=VERTEX_POINT('',#5151);
#1608=VERTEX_POINT('',#5160);
#1609=VERTEX_POINT('',#5165);
#1610=VERTEX_POINT('',#5166);
#1611=VERTEX_POINT('',#5171);
#1612=VERTEX_POINT('',#5173);
#1613=VERTEX_POINT('',#5175);
#1614=VERTEX_POINT('',#5177);
#1615=VERTEX_POINT('',#5180);
#1616=VERTEX_POINT('',#5185);
#1617=VERTEX_POINT('',#5189);
#1618=VERTEX_POINT('',#5190);
#1619=VERTEX_POINT('',#5196);
#1620=VERTEX_POINT('',#5199);
#1621=VERTEX_POINT('',#5204);
#1622=VERTEX_POINT('',#5207);
#1623=VERTEX_POINT('',#5209);
#1624=VERTEX_POINT('',#5211);
#1625=VERTEX_POINT('',#5213);
#1626=VERTEX_POINT('',#5215);
#1627=VERTEX_POINT('',#5217);
#1628=VERTEX_POINT('',#5224);
#1629=VERTEX_POINT('',#5231);
#1630=VERTEX_POINT('',#5232);
#1631=VERTEX_POINT('',#5237);
#1632=VERTEX_POINT('',#5245);
#1633=VERTEX_POINT('',#5247);
#1634=VERTEX_POINT('',#5255);
#1635=VERTEX_POINT('',#5262);
#1636=VERTEX_POINT('',#5267);
#1637=VERTEX_POINT('',#5275);
#1638=VERTEX_POINT('',#5277);
#1639=VERTEX_POINT('',#5287);
#1640=VERTEX_POINT('',#5288);
#1641=VERTEX_POINT('',#5291);
#1642=VERTEX_POINT('',#5295);
#1643=VERTEX_POINT('',#5297);
#1644=VERTEX_POINT('',#5299);
#1645=VERTEX_POINT('',#5303);
#1646=VERTEX_POINT('',#5304);
#1647=VERTEX_POINT('',#5309);
#1648=VERTEX_POINT('',#5310);
#1649=VERTEX_POINT('',#5315);
#1650=VERTEX_POINT('',#5327);
#1651=VERTEX_POINT('',#5330);
#1652=VERTEX_POINT('',#5332);
#1653=VERTEX_POINT('',#5336);
#1654=VERTEX_POINT('',#5337);
#1655=VERTEX_POINT('',#5339);
#1656=VERTEX_POINT('',#5341);
#1657=VERTEX_POINT('',#5343);
#1658=VERTEX_POINT('',#5345);
#1659=VERTEX_POINT('',#5347);
#1660=VERTEX_POINT('',#5349);
#1661=VERTEX_POINT('',#5351);
#1662=VERTEX_POINT('',#5353);
#1663=VERTEX_POINT('',#5355);
#1664=VERTEX_POINT('',#5357);
#1665=VERTEX_POINT('',#5371);
#1666=VERTEX_POINT('',#5375);
#1667=VERTEX_POINT('',#5376);
#1668=VERTEX_POINT('',#5378);
#1669=VERTEX_POINT('',#5380);
#1670=VERTEX_POINT('',#5384);
#1671=VERTEX_POINT('',#5385);
#1672=VERTEX_POINT('',#5387);
#1673=VERTEX_POINT('',#5389);
#1674=VERTEX_POINT('',#5393);
#1675=VERTEX_POINT('',#5394);
#1676=VERTEX_POINT('',#5396);
#1677=VERTEX_POINT('',#5398);
#1678=VERTEX_POINT('',#5405);
#1679=VERTEX_POINT('',#5407);
#1680=VERTEX_POINT('',#5409);
#1681=VERTEX_POINT('',#5411);
#1682=VERTEX_POINT('',#5413);
#1683=VERTEX_POINT('',#5415);
#1684=VERTEX_POINT('',#5417);
#1685=VERTEX_POINT('',#5419);
#1686=VERTEX_POINT('',#5424);
#1687=VERTEX_POINT('',#5427);
#1688=VERTEX_POINT('',#5429);
#1689=VERTEX_POINT('',#5433);
#1690=VERTEX_POINT('',#5434);
#1691=VERTEX_POINT('',#5436);
#1692=VERTEX_POINT('',#5438);
#1693=VERTEX_POINT('',#5442);
#1694=VERTEX_POINT('',#5443);
#1695=VERTEX_POINT('',#5445);
#1696=VERTEX_POINT('',#5453);
#1697=VERTEX_POINT('',#5455);
#1698=VERTEX_POINT('',#5457);
#1699=VERTEX_POINT('',#5460);
#1700=VERTEX_POINT('',#5465);
#1701=VERTEX_POINT('',#5469);
#1702=VERTEX_POINT('',#5470);
#1703=VERTEX_POINT('',#5472);
#1704=VERTEX_POINT('',#5474);
#1705=VERTEX_POINT('',#5476);
#1706=VERTEX_POINT('',#5480);
#1707=VERTEX_POINT('',#5481);
#1708=VERTEX_POINT('',#5483);
#1709=VERTEX_POINT('',#5485);
#1710=VERTEX_POINT('',#5487);
#1711=VERTEX_POINT('',#5491);
#1712=VERTEX_POINT('',#5495);
#1713=VERTEX_POINT('',#5496);
#1714=VERTEX_POINT('',#5498);
#1715=VERTEX_POINT('',#5500);
#1716=VERTEX_POINT('',#5502);
#1717=VERTEX_POINT('',#5504);
#1718=VERTEX_POINT('',#5506);
#1719=VERTEX_POINT('',#5508);
#1720=VERTEX_POINT('',#5510);
#1721=VERTEX_POINT('',#5513);
#1722=VERTEX_POINT('',#5516);
#1723=VERTEX_POINT('',#5517);
#1724=VERTEX_POINT('',#5523);
#1725=VERTEX_POINT('',#5525);
#1726=VERTEX_POINT('',#5527);
#1727=VERTEX_POINT('',#5531);
#1728=VERTEX_POINT('',#5532);
#1729=VERTEX_POINT('',#5537);
#1730=VERTEX_POINT('',#5538);
#1731=VERTEX_POINT('',#5540);
#1732=VERTEX_POINT('',#5542);
#1733=VERTEX_POINT('',#5544);
#1734=VERTEX_POINT('',#5548);
#1735=VERTEX_POINT('',#5549);
#1736=VERTEX_POINT('',#5552);
#1737=VERTEX_POINT('',#5556);
#1738=VERTEX_POINT('',#5558);
#1739=VERTEX_POINT('',#5562);
#1740=VERTEX_POINT('',#5563);
#1741=VERTEX_POINT('',#5565);
#1742=VERTEX_POINT('',#5567);
#1743=VERTEX_POINT('',#5569);
#1744=VERTEX_POINT('',#5571);
#1745=VERTEX_POINT('',#5573);
#1746=VERTEX_POINT('',#5575);
#1747=VERTEX_POINT('',#5577);
#1748=VERTEX_POINT('',#5579);
#1749=VERTEX_POINT('',#5581);
#1750=VERTEX_POINT('',#5583);
#1751=VERTEX_POINT('',#5597);
#1752=VERTEX_POINT('',#5599);
#1753=VERTEX_POINT('',#5611);
#1754=VERTEX_POINT('',#5614);
#1755=VERTEX_POINT('',#5628);
#1756=VERTEX_POINT('',#5630);
#1757=VERTEX_POINT('',#5642);
#1758=VERTEX_POINT('',#5662);
#1759=VERTEX_POINT('',#5666);
#1760=VERTEX_POINT('',#5701);
#1761=VERTEX_POINT('',#5705);
#1762=VERTEX_POINT('',#5711);
#1763=VERTEX_POINT('',#5716);
#1764=VERTEX_POINT('',#5721);
#1765=VERTEX_POINT('',#5725);
#1766=VERTEX_POINT('',#5731);
#1767=VERTEX_POINT('',#5736);
#1768=VERTEX_POINT('',#5742);
#1769=VERTEX_POINT('',#5747);
#1770=VERTEX_POINT('',#5751);
#1771=VERTEX_POINT('',#5757);
#1772=VERTEX_POINT('',#5762);
#1773=VERTEX_POINT('',#5766);
#1774=VERTEX_POINT('',#5772);
#1775=VERTEX_POINT('',#5776);
#1776=VERTEX_POINT('',#5783);
#1777=VERTEX_POINT('',#5786);
#1778=VERTEX_POINT('',#5791);
#1779=VERTEX_POINT('',#5800);
#1780=VERTEX_POINT('',#5807);
#1781=VERTEX_POINT('',#5812);
#1782=VERTEX_POINT('',#5819);
#1783=VERTEX_POINT('',#5823);
#1784=VERTEX_POINT('',#5827);
#1785=VERTEX_POINT('',#5833);
#1786=VERTEX_POINT('',#5835);
#1787=VERTEX_POINT('',#5837);
#1788=VERTEX_POINT('',#5839);
#1789=VERTEX_POINT('',#5845);
#1790=VERTEX_POINT('',#5863);
#1791=VERTEX_POINT('',#5865);
#1792=VERTEX_POINT('',#5870);
#1793=VERTEX_POINT('',#5884);
#1794=VERTEX_POINT('',#5886);
#1795=VERTEX_POINT('',#5891);
#1796=VERTEX_POINT('',#5910);
#1797=VERTEX_POINT('',#5940);
#1798=VERTEX_POINT('',#5960);
#1799=VERTEX_POINT('',#5972);
#1800=VERTEX_POINT('',#5982);
#1801=VERTEX_POINT('',#5984);
#1802=VERTEX_POINT('',#6030);
#1803=VERTEX_POINT('',#6032);
#1804=VERTEX_POINT('',#6167);
#1805=VERTEX_POINT('',#6305);
#1806=VERTEX_POINT('',#6352);
#1807=VERTEX_POINT('',#6353);
#1808=VERTEX_POINT('',#6355);
#1809=VERTEX_POINT('',#6357);
#1810=VERTEX_POINT('',#6361);
#1811=VERTEX_POINT('',#6363);
#1812=VERTEX_POINT('',#6367);
#1813=VERTEX_POINT('',#6369);
#1814=VERTEX_POINT('',#6373);
#1815=VERTEX_POINT('',#6375);
#1816=VERTEX_POINT('',#6379);
#1817=VERTEX_POINT('',#6383);
#1818=LINE('',#4936,#2032);
#1819=LINE('',#4939,#2033);
#1820=LINE('',#4941,#2034);
#1821=LINE('',#4943,#2035);
#1822=LINE('',#4944,#2036);
#1823=LINE('',#4947,#2037);
#1824=LINE('',#4957,#2038);
#1825=LINE('',#4959,#2039);
#1826=LINE('',#4961,#2040);
#1827=LINE('',#4968,#2041);
#1828=LINE('',#4975,#2042);
#1829=LINE('',#4977,#2043);
#1830=LINE('',#4982,#2044);
#1831=LINE('',#4984,#2045);
#1832=LINE('',#4986,#2046);
#1833=LINE('',#4988,#2047);
#1834=LINE('',#4993,#2048);
#1835=LINE('',#4995,#2049);
#1836=LINE('',#5004,#2050);
#1837=LINE('',#5013,#2051);
#1838=LINE('',#5022,#2052);
#1839=LINE('',#5028,#2053);
#1840=LINE('',#5035,#2054);
#1841=LINE('',#5042,#2055);
#1842=LINE('',#5049,#2056);
#1843=LINE('',#5051,#2057);
#1844=LINE('',#5053,#2058);
#1845=LINE('',#5170,#2059);
#1846=LINE('',#5172,#2060);
#1847=LINE('',#5174,#2061);
#1848=LINE('',#5176,#2062);
#1849=LINE('',#5178,#2063);
#1850=LINE('',#5179,#2064);
#1851=LINE('',#5186,#2065);
#1852=LINE('',#5188,#2066);
#1853=LINE('',#5197,#2067);
#1854=LINE('',#5198,#2068);
#1855=LINE('',#5205,#2069);
#1856=LINE('',#5206,#2070);
#1857=LINE('',#5208,#2071);
#1858=LINE('',#5210,#2072);
#1859=LINE('',#5214,#2073);
#1860=LINE('',#5216,#2074);
#1861=LINE('',#5218,#2075);
#1862=LINE('',#5219,#2076);
#1863=LINE('',#5220,#2077);
#1864=LINE('',#5221,#2078);
#1865=LINE('',#5286,#2079);
#1866=LINE('',#5289,#2080);
#1867=LINE('',#5290,#2081);
#1868=LINE('',#5292,#2082);
#1869=LINE('',#5294,#2083);
#1870=LINE('',#5298,#2084);
#1871=LINE('',#5300,#2085);
#1872=LINE('',#5302,#2086);
#1873=LINE('',#5305,#2087);
#1874=LINE('',#5306,#2088);
#1875=LINE('',#5308,#2089);
#1876=LINE('',#5311,#2090);
#1877=LINE('',#5312,#2091);
#1878=LINE('',#5333,#2092);
#1879=LINE('',#5335,#2093);
#1880=LINE('',#5338,#2094);
#1881=LINE('',#5340,#2095);
#1882=LINE('',#5344,#2096);
#1883=LINE('',#5346,#2097);
#1884=LINE('',#5348,#2098);
#1885=LINE('',#5350,#2099);
#1886=LINE('',#5352,#2100);
#1887=LINE('',#5354,#2101);
#1888=LINE('',#5356,#2102);
#1889=LINE('',#5358,#2103);
#1890=LINE('',#5374,#2104);
#1891=LINE('',#5377,#2105);
#1892=LINE('',#5379,#2106);
#1893=LINE('',#5381,#2107);
#1894=LINE('',#5386,#2108);
#1895=LINE('',#5388,#2109);
#1896=LINE('',#5390,#2110);
#1897=LINE('',#5392,#2111);
#1898=LINE('',#5395,#2112);
#1899=LINE('',#5399,#2113);
#1900=LINE('',#5406,#2114);
#1901=LINE('',#5408,#2115);
#1902=LINE('',#5410,#2116);
#1903=LINE('',#5414,#2117);
#1904=LINE('',#5416,#2118);
#1905=LINE('',#5418,#2119);
#1906=LINE('',#5425,#2120);
#1907=LINE('',#5426,#2121);
#1908=LINE('',#5428,#2122);
#1909=LINE('',#5430,#2123);
#1910=LINE('',#5435,#2124);
#1911=LINE('',#5437,#2125);
#1912=LINE('',#5439,#2126);
#1913=LINE('',#5441,#2127);
#1914=LINE('',#5444,#2128);
#1915=LINE('',#5454,#2129);
#1916=LINE('',#5456,#2130);
#1917=LINE('',#5458,#2131);
#1918=LINE('',#5459,#2132);
#1919=LINE('',#5466,#2133);
#1920=LINE('',#5468,#2134);
#1921=LINE('',#5473,#2135);
#1922=LINE('',#5475,#2136);
#1923=LINE('',#5477,#2137);
#1924=LINE('',#5479,#2138);
#1925=LINE('',#5486,#2139);
#1926=LINE('',#5492,#2140);
#1927=LINE('',#5494,#2141);
#1928=LINE('',#5499,#2142);
#1929=LINE('',#5501,#2143);
#1930=LINE('',#5503,#2144);
#1931=LINE('',#5505,#2145);
#1932=LINE('',#5507,#2146);
#1933=LINE('',#5509,#2147);
#1934=LINE('',#5511,#2148);
#1935=LINE('',#5515,#2149);
#1936=LINE('',#5524,#2150);
#1937=LINE('',#5526,#2151);
#1938=LINE('',#5528,#2152);
#1939=LINE('',#5530,#2153);
#1940=LINE('',#5533,#2154);
#1941=LINE('',#5534,#2155);
#1942=LINE('',#5536,#2156);
#1943=LINE('',#5541,#2157);
#1944=LINE('',#5543,#2158);
#1945=LINE('',#5545,#2159);
#1946=LINE('',#5547,#2160);
#1947=LINE('',#5550,#2161);
#1948=LINE('',#5551,#2162);
#1949=LINE('',#5553,#2163);
#1950=LINE('',#5555,#2164);
#1951=LINE('',#5557,#2165);
#1952=LINE('',#5559,#2166);
#1953=LINE('',#5561,#2167);
#1954=LINE('',#5564,#2168);
#1955=LINE('',#5566,#2169);
#1956=LINE('',#5568,#2170);
#1957=LINE('',#5570,#2171);
#1958=LINE('',#5572,#2172);
#1959=LINE('',#5574,#2173);
#1960=LINE('',#5576,#2174);
#1961=LINE('',#5578,#2175);
#1962=LINE('',#5580,#2176);
#1963=LINE('',#5582,#2177);
#1964=LINE('',#5598,#2178);
#1965=LINE('',#5612,#2179);
#1966=LINE('',#5629,#2180);
#1967=LINE('',#5643,#2181);
#1968=LINE('',#5645,#2182);
#1969=LINE('',#5646,#2183);
#1970=LINE('',#5648,#2184);
#1971=LINE('',#5650,#2185);
#1972=LINE('',#5654,#2186);
#1973=LINE('',#5655,#2187);
#1974=LINE('',#5657,#2188);
#1975=LINE('',#5659,#2189);
#1976=LINE('',#5700,#2190);
#1977=LINE('',#5704,#2191);
#1978=LINE('',#5710,#2192);
#1979=LINE('',#5715,#2193);
#1980=LINE('',#5720,#2194);
#1981=LINE('',#5724,#2195);
#1982=LINE('',#5730,#2196);
#1983=LINE('',#5735,#2197);
#1984=LINE('',#5741,#2198);
#1985=LINE('',#5746,#2199);
#1986=LINE('',#5750,#2200);
#1987=LINE('',#5756,#2201);
#1988=LINE('',#5761,#2202);
#1989=LINE('',#5765,#2203);
#1990=LINE('',#5771,#2204);
#1991=LINE('',#5777,#2205);
#1992=LINE('',#5782,#2206);
#1993=LINE('',#5787,#2207);
#1994=LINE('',#5792,#2208);
#1995=LINE('',#5795,#2209);
#1996=LINE('',#5801,#2210);
#1997=LINE('',#5803,#2211);
#1998=LINE('',#5808,#2212);
#1999=LINE('',#5810,#2213);
#2000=LINE('',#5811,#2214);
#2001=LINE('',#5818,#2215);
#2002=LINE('',#5820,#2216);
#2003=LINE('',#5822,#2217);
#2004=LINE('',#5824,#2218);
#2005=LINE('',#5834,#2219);
#2006=LINE('',#5836,#2220);
#2007=LINE('',#5838,#2221);
#2008=LINE('',#5864,#2222);
#2009=LINE('',#5892,#2223);
#2010=LINE('',#5983,#2224);
#2011=LINE('',#6031,#2225);
#2012=LINE('',#6351,#2226);
#2013=LINE('',#6354,#2227);
#2014=LINE('',#6356,#2228);
#2015=LINE('',#6358,#2229);
#2016=LINE('',#6360,#2230);
#2017=LINE('',#6362,#2231);
#2018=LINE('',#6364,#2232);
#2019=LINE('',#6366,#2233);
#2020=LINE('',#6368,#2234);
#2021=LINE('',#6370,#2235);
#2022=LINE('',#6372,#2236);
#2023=LINE('',#6374,#2237);
#2024=LINE('',#6376,#2238);
#2025=LINE('',#6378,#2239);
#2026=LINE('',#6380,#2240);
#2027=LINE('',#6382,#2241);
#2028=LINE('',#6384,#2242);
#2029=LINE('',#6386,#2243);
#2030=LINE('',#6388,#2244);
#2031=LINE('',#6389,#2245);
#2032=VECTOR('',#4186,1.);
#2033=VECTOR('',#4187,1.);
#2034=VECTOR('',#4188,1.);
#2035=VECTOR('',#4189,1.);
#2036=VECTOR('',#4190,1.);
#2037=VECTOR('',#4191,1.);
#2038=VECTOR('',#4192,1.);
#2039=VECTOR('',#4193,1.);
#2040=VECTOR('',#4194,1.);
#2041=VECTOR('',#4195,1.);
#2042=VECTOR('',#4196,1.);
#2043=VECTOR('',#4199,1.);
#2044=VECTOR('',#4202,1.);
#2045=VECTOR('',#4203,1.);
#2046=VECTOR('',#4204,1.);
#2047=VECTOR('',#4207,1.);
#2048=VECTOR('',#4210,1.);
#2049=VECTOR('',#4211,1.);
#2050=VECTOR('',#4220,1.);
#2051=VECTOR('',#4223,1.);
#2052=VECTOR('',#4226,1.);
#2053=VECTOR('',#4231,1.);
#2054=VECTOR('',#4232,1.);
#2055=VECTOR('',#4233,1.);
#2056=VECTOR('',#4234,1.);
#2057=VECTOR('',#4235,1.);
#2058=VECTOR('',#4236,1.);
#2059=VECTOR('',#4271,1.);
#2060=VECTOR('',#4272,1.);
#2061=VECTOR('',#4273,1.);
#2062=VECTOR('',#4274,1.);
#2063=VECTOR('',#4275,1.);
#2064=VECTOR('',#4276,1.);
#2065=VECTOR('',#4277,1.);
#2066=VECTOR('',#4280,1.);
#2067=VECTOR('',#4281,1.);
#2068=VECTOR('',#4282,1.);
#2069=VECTOR('',#4283,1.);
#2070=VECTOR('',#4284,1.);
#2071=VECTOR('',#4285,1.);
#2072=VECTOR('',#4286,1.);
#2073=VECTOR('',#4289,1.);
#2074=VECTOR('',#4290,1.);
#2075=VECTOR('',#4291,1.);
#2076=VECTOR('',#4292,1.);
#2077=VECTOR('',#4293,1.);
#2078=VECTOR('',#4294,1.);
#2079=VECTOR('',#4321,1.);
#2080=VECTOR('',#4322,1.);
#2081=VECTOR('',#4323,1.);
#2082=VECTOR('',#4324,1.);
#2083=VECTOR('',#4327,1.);
#2084=VECTOR('',#4330,1.);
#2085=VECTOR('',#4331,1.);
#2086=VECTOR('',#4334,1.);
#2087=VECTOR('',#4335,1.);
#2088=VECTOR('',#4336,1.);
#2089=VECTOR('',#4339,1.);
#2090=VECTOR('',#4340,1.);
#2091=VECTOR('',#4341,1.);
#2092=VECTOR('',#4352,1.);
#2093=VECTOR('',#4355,1.);
#2094=VECTOR('',#4356,1.);
#2095=VECTOR('',#4357,1.);
#2096=VECTOR('',#4360,1.);
#2097=VECTOR('',#4361,1.);
#2098=VECTOR('',#4362,1.);
#2099=VECTOR('',#4363,1.);
#2100=VECTOR('',#4364,1.);
#2101=VECTOR('',#4365,1.);
#2102=VECTOR('',#4366,1.);
#2103=VECTOR('',#4367,1.);
#2104=VECTOR('',#4374,1.);
#2105=VECTOR('',#4375,1.);
#2106=VECTOR('',#4376,1.);
#2107=VECTOR('',#4377,1.);
#2108=VECTOR('',#4382,1.);
#2109=VECTOR('',#4383,1.);
#2110=VECTOR('',#4384,1.);
#2111=VECTOR('',#4387,1.);
#2112=VECTOR('',#4388,1.);
#2113=VECTOR('',#4391,1.);
#2114=VECTOR('',#4394,1.);
#2115=VECTOR('',#4395,1.);
#2116=VECTOR('',#4396,1.);
#2117=VECTOR('',#4399,1.);
#2118=VECTOR('',#4400,1.);
#2119=VECTOR('',#4401,1.);
#2120=VECTOR('',#4402,1.);
#2121=VECTOR('',#4403,1.);
#2122=VECTOR('',#4404,1.);
#2123=VECTOR('',#4405,1.);
#2124=VECTOR('',#4410,1.);
#2125=VECTOR('',#4411,1.);
#2126=VECTOR('',#4412,1.);
#2127=VECTOR('',#4415,1.);
#2128=VECTOR('',#4416,1.);
#2129=VECTOR('',#4417,1.);
#2130=VECTOR('',#4418,1.);
#2131=VECTOR('',#4419,1.);
#2132=VECTOR('',#4420,1.);
#2133=VECTOR('',#4421,1.);
#2134=VECTOR('',#4424,1.);
#2135=VECTOR('',#4427,1.);
#2136=VECTOR('',#4428,1.);
#2137=VECTOR('',#4429,1.);
#2138=VECTOR('',#4432,1.);
#2139=VECTOR('',#4437,1.);
#2140=VECTOR('',#4444,1.);
#2141=VECTOR('',#4447,1.);
#2142=VECTOR('',#4450,1.);
#2143=VECTOR('',#4451,1.);
#2144=VECTOR('',#4452,1.);
#2145=VECTOR('',#4453,1.);
#2146=VECTOR('',#4454,1.);
#2147=VECTOR('',#4455,1.);
#2148=VECTOR('',#4456,1.);
#2149=VECTOR('',#4461,1.);
#2150=VECTOR('',#4462,1.);
#2151=VECTOR('',#4463,1.);
#2152=VECTOR('',#4464,1.);
#2153=VECTOR('',#4467,1.);
#2154=VECTOR('',#4468,1.);
#2155=VECTOR('',#4469,1.);
#2156=VECTOR('',#4472,1.);
#2157=VECTOR('',#4475,1.);
#2158=VECTOR('',#4476,1.);
#2159=VECTOR('',#4477,1.);
#2160=VECTOR('',#4480,1.);
#2161=VECTOR('',#4481,1.);
#2162=VECTOR('',#4482,1.);
#2163=VECTOR('',#4483,1.);
#2164=VECTOR('',#4486,1.);
#2165=VECTOR('',#4487,1.);
#2166=VECTOR('',#4488,1.);
#2167=VECTOR('',#4491,1.);
#2168=VECTOR('',#4492,1.);
#2169=VECTOR('',#4493,1.);
#2170=VECTOR('',#4494,1.);
#2171=VECTOR('',#4495,1.);
#2172=VECTOR('',#4496,1.);
#2173=VECTOR('',#4497,1.);
#2174=VECTOR('',#4498,1.);
#2175=VECTOR('',#4499,1.);
#2176=VECTOR('',#4500,1.);
#2177=VECTOR('',#4501,1.);
#2178=VECTOR('',#4506,1.);
#2179=VECTOR('',#4507,1.);
#2180=VECTOR('',#4514,1.);
#2181=VECTOR('',#4515,1.);
#2182=VECTOR('',#4518,1.);
#2183=VECTOR('',#4519,1.);
#2184=VECTOR('',#4522,1.);
#2185=VECTOR('',#4525,1.);
#2186=VECTOR('',#4532,1.);
#2187=VECTOR('',#4533,1.);
#2188=VECTOR('',#4536,1.);
#2189=VECTOR('',#4539,1.);
#2190=VECTOR('',#4560,1.);
#2191=VECTOR('',#4565,1.);
#2192=VECTOR('',#4574,1.);
#2193=VECTOR('',#4581,1.);
#2194=VECTOR('',#4588,1.);
#2195=VECTOR('',#4593,1.);
#2196=VECTOR('',#4602,1.);
#2197=VECTOR('',#4609,1.);
#2198=VECTOR('',#4618,1.);
#2199=VECTOR('',#4625,1.);
#2200=VECTOR('',#4630,1.);
#2201=VECTOR('',#4639,1.);
#2202=VECTOR('',#4646,1.);
#2203=VECTOR('',#4651,1.);
#2204=VECTOR('',#4660,1.);
#2205=VECTOR('',#4667,1.);
#2206=VECTOR('',#4676,1.);
#2207=VECTOR('',#4681,1.);
#2208=VECTOR('',#4688,1.);
#2209=VECTOR('',#4693,1.);
#2210=VECTOR('',#4702,1.);
#2211=VECTOR('',#4705,1.);
#2212=VECTOR('',#4712,1.);
#2213=VECTOR('',#4715,1.);
#2214=VECTOR('',#4716,1.);
#2215=VECTOR('',#4727,1.);
#2216=VECTOR('',#4728,1.);
#2217=VECTOR('',#4731,1.);
#2218=VECTOR('',#4732,1.);
#2219=VECTOR('',#4737,1.);
#2220=VECTOR('',#4738,1.);
#2221=VECTOR('',#4739,1.);
#2222=VECTOR('',#4752,1.);
#2223=VECTOR('',#4761,1.);
#2224=VECTOR('',#4820,1.);
#2225=VECTOR('',#4827,1.);
#2226=VECTOR('',#4896,1.);
#2227=VECTOR('',#4897,1.);
#2228=VECTOR('',#4898,1.);
#2229=VECTOR('',#4899,1.);
#2230=VECTOR('',#4902,1.);
#2231=VECTOR('',#4903,1.);
#2232=VECTOR('',#4904,1.);
#2233=VECTOR('',#4907,1.);
#2234=VECTOR('',#4908,1.);
#2235=VECTOR('',#4909,1.);
#2236=VECTOR('',#4912,1.);
#2237=VECTOR('',#4913,1.);
#2238=VECTOR('',#4914,1.);
#2239=VECTOR('',#4917,1.);
#2240=VECTOR('',#4918,1.);
#2241=VECTOR('',#4921,1.);
#2242=VECTOR('',#4922,1.);
#2243=VECTOR('',#4925,1.);
#2244=VECTOR('',#4928,1.);
#2245=VECTOR('',#4929,1.);
#2246=EDGE_LOOP('',(#293,#294,#295,#296));
#2247=EDGE_LOOP('',(#297,#298,#299,#300,#301,#302,#303,#304,#305,#306));
#2248=EDGE_LOOP('',(#307,#308,#309,#310,#311));
#2249=EDGE_LOOP('',(#312,#313,#314,#315,#316));
#2250=EDGE_LOOP('',(#317,#318,#319,#320,#321,#322,#323,#324,#325,#326,#327,
#328,#329,#330,#331,#332,#333,#334,#335,#336));
#2251=EDGE_LOOP('',(#337,#338,#339,#340,#341,#342));
#2252=EDGE_LOOP('',(#343,#344,#345,#346,#347,#348));
#2253=EDGE_LOOP('',(#349,#350,#351,#352,#353,#354));
#2254=EDGE_LOOP('',(#355,#356,#357,#358,#359,#360));
#2255=EDGE_LOOP('',(#361));
#2256=EDGE_LOOP('',(#362,#363,#364,#365));
#2257=EDGE_LOOP('',(#366,#367,#368,#369,#370,#371,#372,#373,#374,#375));
#2258=EDGE_LOOP('',(#376,#377,#378,#379,#380,#381,#382,#383,#384,#385,#386,
#387,#388,#389,#390,#391,#392,#393,#394,#395,#396));
#2259=EDGE_LOOP('',(#397));
#2260=EDGE_LOOP('',(#398,#399,#400,#401));
#2261=EDGE_LOOP('',(#402,#403,#404,#405));
#2262=EDGE_LOOP('',(#406,#407,#408,#409));
#2263=EDGE_LOOP('',(#410,#411,#412,#413,#414,#415));
#2264=EDGE_LOOP('',(#416,#417,#418,#419,#420,#421));
#2265=EDGE_LOOP('',(#422,#423,#424,#425,#426));
#2266=EDGE_LOOP('',(#427,#428,#429,#430,#431));
#2267=EDGE_LOOP('',(#432,#433,#434,#435));
#2268=EDGE_LOOP('',(#436,#437,#438,#439));
#2269=EDGE_LOOP('',(#440));
#2270=EDGE_LOOP('',(#441));
#2271=EDGE_LOOP('',(#442));
#2272=EDGE_LOOP('',(#443,#444,#445,#446));
#2273=EDGE_LOOP('',(#447,#448,#449,#450,#451,#452,#453,#454,#455,#456,#457,
#458));
#2274=EDGE_LOOP('',(#459));
#2275=EDGE_LOOP('',(#460));
#2276=EDGE_LOOP('',(#461,#462,#463,#464));
#2277=EDGE_LOOP('',(#465,#466,#467,#468));
#2278=EDGE_LOOP('',(#469,#470,#471,#472));
#2279=EDGE_LOOP('',(#473,#474,#475,#476));
#2280=EDGE_LOOP('',(#477,#478,#479,#480,#481,#482,#483,#484,#485,#486,#487,
#488,#489,#490,#491,#492));
#2281=EDGE_LOOP('',(#493,#494,#495,#496));
#2282=EDGE_LOOP('',(#497,#498,#499,#500,#501,#502,#503,#504,#505,#506));
#2283=EDGE_LOOP('',(#507,#508,#509,#510,#511));
#2284=EDGE_LOOP('',(#512,#513,#514,#515,#516,#517,#518,#519,#520,#521));
#2285=EDGE_LOOP('',(#522,#523,#524,#525,#526,#527,#528,#529,#530));
#2286=EDGE_LOOP('',(#531));
#2287=EDGE_LOOP('',(#532,#533,#534,#535,#536));
#2288=EDGE_LOOP('',(#537,#538,#539,#540));
#2289=EDGE_LOOP('',(#541,#542,#543,#544,#545));
#2290=EDGE_LOOP('',(#546,#547,#548,#549,#550));
#2291=EDGE_LOOP('',(#551,#552,#553,#554));
#2292=EDGE_LOOP('',(#555,#556,#557,#558,#559,#560,#561,#562,#563,#564,#565,
#566));
#2293=EDGE_LOOP('',(#567));
#2294=EDGE_LOOP('',(#568));
#2295=EDGE_LOOP('',(#569,#570,#571,#572));
#2296=EDGE_LOOP('',(#573));
#2297=EDGE_LOOP('',(#574));
#2298=EDGE_LOOP('',(#575));
#2299=EDGE_LOOP('',(#576));
#2300=EDGE_LOOP('',(#577,#578,#579,#580));
#2301=EDGE_LOOP('',(#581));
#2302=EDGE_LOOP('',(#582,#583,#584,#585,#586));
#2303=EDGE_LOOP('',(#587,#588,#589,#590));
#2304=EDGE_LOOP('',(#591,#592,#593,#594,#595));
#2305=EDGE_LOOP('',(#596,#597,#598,#599));
#2306=EDGE_LOOP('',(#600));
#2307=EDGE_LOOP('',(#601));
#2308=EDGE_LOOP('',(#602,#603,#604,#605,#606));
#2309=EDGE_LOOP('',(#607,#608,#609,#610));
#2310=EDGE_LOOP('',(#611,#612,#613,#614,#615));
#2311=EDGE_LOOP('',(#616));
#2312=EDGE_LOOP('',(#617,#618,#619,#620));
#2313=EDGE_LOOP('',(#621));
#2314=EDGE_LOOP('',(#622));
#2315=EDGE_LOOP('',(#623,#624,#625,#626,#627,#628));
#2316=EDGE_LOOP('',(#629,#630,#631,#632,#633,#634));
#2317=EDGE_LOOP('',(#635));
#2318=EDGE_LOOP('',(#636));
#2319=EDGE_LOOP('',(#637));
#2320=EDGE_LOOP('',(#638));
#2321=EDGE_LOOP('',(#639,#640,#641,#642,#643));
#2322=EDGE_LOOP('',(#644,#645,#646,#647,#648,#649));
#2323=EDGE_LOOP('',(#650,#651,#652,#653,#654,#655));
#2324=EDGE_LOOP('',(#656,#657,#658,#659,#660,#661));
#2325=EDGE_LOOP('',(#662,#663,#664,#665,#666,#667));
#2326=EDGE_LOOP('',(#668,#669,#670,#671,#672,#673));
#2327=EDGE_LOOP('',(#674,#675,#676,#677,#678,#679));
#2328=EDGE_LOOP('',(#680,#681,#682,#683,#684,#685));
#2329=EDGE_LOOP('',(#686,#687,#688,#689,#690));
#2330=EDGE_LOOP('',(#691,#692,#693,#694,#695));
#2331=EDGE_LOOP('',(#696,#697,#698,#699,#700,#701));
#2332=EDGE_LOOP('',(#702,#703,#704,#705,#706,#707));
#2333=EDGE_LOOP('',(#708,#709,#710,#711,#712,#713));
#2334=EDGE_LOOP('',(#714,#715,#716,#717,#718,#719));
#2335=EDGE_LOOP('',(#720,#721,#722,#723,#724,#725));
#2336=EDGE_LOOP('',(#726,#727,#728,#729,#730,#731));
#2337=EDGE_LOOP('',(#732,#733,#734,#735,#736));
#2338=EDGE_LOOP('',(#737,#738,#739,#740,#741,#742));
#2339=EDGE_LOOP('',(#743,#744,#745,#746,#747,#748));
#2340=EDGE_LOOP('',(#749,#750,#751,#752,#753,#754));
#2341=EDGE_LOOP('',(#755,#756,#757,#758,#759,#760,#761));
#2342=EDGE_LOOP('',(#762,#763,#764,#765,#766,#767));
#2343=EDGE_LOOP('',(#768,#769,#770,#771));
#2344=EDGE_LOOP('',(#772,#773,#774,#775,#776,#777));
#2345=EDGE_LOOP('',(#778,#779,#780,#781,#782));
#2346=EDGE_LOOP('',(#783,#784,#785,#786,#787,#788));
#2347=EDGE_LOOP('',(#789,#790,#791));
#2348=EDGE_LOOP('',(#792,#793,#794));
#2349=EDGE_LOOP('',(#795,#796,#797,#798,#799,#800,#801,#802));
#2350=EDGE_LOOP('',(#803,#804,#805,#806));
#2351=EDGE_LOOP('',(#807,#808,#809,#810,#811));
#2352=EDGE_LOOP('',(#812,#813,#814,#815,#816,#817,#818,#819,#820));
#2353=EDGE_LOOP('',(#821,#822,#823,#824));
#2354=EDGE_LOOP('',(#825,#826,#827,#828,#829,#830,#831,#832,#833));
#2355=EDGE_LOOP('',(#834,#835,#836,#837,#838));
#2356=EDGE_LOOP('',(#839,#840,#841,#842,#843));
#2357=EDGE_LOOP('',(#844,#845,#846,#847,#848));
#2358=EDGE_LOOP('',(#849,#850,#851,#852,#853));
#2359=EDGE_LOOP('',(#854,#855,#856,#857,#858));
#2360=EDGE_LOOP('',(#859,#860,#861,#862,#863));
#2361=EDGE_LOOP('',(#864,#865,#866,#867,#868));
#2362=EDGE_LOOP('',(#869,#870,#871,#872,#873));
#2363=EDGE_LOOP('',(#874,#875,#876,#877,#878));
#2364=EDGE_LOOP('',(#879,#880,#881,#882,#883));
#2365=EDGE_LOOP('',(#884,#885,#886,#887,#888,#889));
#2366=EDGE_LOOP('',(#890,#891,#892,#893,#894));
#2367=EDGE_LOOP('',(#895,#896,#897,#898,#899));
#2368=EDGE_LOOP('',(#900,#901,#902,#903,#904));
#2369=EDGE_LOOP('',(#905,#906,#907,#908));
#2370=EDGE_LOOP('',(#909,#910,#911,#912,#913));
#2371=EDGE_LOOP('',(#914,#915,#916,#917,#918));
#2372=EDGE_LOOP('',(#919,#920,#921,#922,#923));
#2373=EDGE_LOOP('',(#924,#925,#926,#927,#928));
#2374=EDGE_LOOP('',(#929,#930,#931,#932,#933));
#2375=EDGE_LOOP('',(#934,#935,#936,#937,#938,#939));
#2376=EDGE_LOOP('',(#940,#941,#942,#943,#944,#945,#946));
#2377=EDGE_LOOP('',(#947,#948,#949,#950,#951));
#2378=EDGE_LOOP('',(#952,#953,#954,#955,#956));
#2379=EDGE_LOOP('',(#957,#958,#959,#960,#961,#962,#963));
#2380=EDGE_LOOP('',(#964,#965,#966,#967,#968));
#2381=EDGE_LOOP('',(#969,#970,#971,#972,#973));
#2382=EDGE_LOOP('',(#974,#975,#976,#977));
#2383=EDGE_LOOP('',(#978,#979,#980,#981,#982));
#2384=EDGE_LOOP('',(#983,#984,#985,#986,#987));
#2385=EDGE_LOOP('',(#988,#989,#990));
#2386=EDGE_LOOP('',(#991,#992,#993,#994,#995));
#2387=EDGE_LOOP('',(#996,#997,#998));
#2388=EDGE_LOOP('',(#999,#1000,#1001,#1002));
#2389=EDGE_LOOP('',(#1003,#1004,#1005,#1006));
#2390=EDGE_LOOP('',(#1007,#1008,#1009,#1010));
#2391=EDGE_LOOP('',(#1011,#1012,#1013,#1014));
#2392=EDGE_LOOP('',(#1015,#1016,#1017,#1018));
#2393=EDGE_LOOP('',(#1019,#1020,#1021,#1022));
#2394=EDGE_LOOP('',(#1023,#1024,#1025));
#2395=EDGE_LOOP('',(#1026,#1027,#1028,#1029,#1030));
#2396=EDGE_LOOP('',(#1031,#1032,#1033,#1034));
#2397=EDGE_LOOP('',(#1035,#1036,#1037,#1038,#1039,#1040));
#2398=EDGE_LOOP('',(#1041,#1042,#1043,#1044));
#2399=EDGE_LOOP('',(#1045,#1046,#1047,#1048));
#2400=EDGE_LOOP('',(#1049,#1050,#1051,#1052));
#2401=EDGE_LOOP('',(#1053,#1054,#1055,#1056));
#2402=EDGE_LOOP('',(#1057,#1058,#1059,#1060));
#2403=EDGE_LOOP('',(#1061,#1062,#1063,#1064));
#2404=EDGE_LOOP('',(#1065,#1066,#1067,#1068,#1069));
#2405=EDGE_LOOP('',(#1070,#1071,#1072));
#2406=EDGE_LOOP('',(#1073,#1074,#1075,#1076,#1077,#1078));
#2407=EDGE_LOOP('',(#1079,#1080,#1081,#1082));
#2408=EDGE_LOOP('',(#1083,#1084,#1085,#1086));
#2409=EDGE_LOOP('',(#1087,#1088,#1089,#1090));
#2410=EDGE_LOOP('',(#1091,#1092,#1093,#1094));
#2411=EDGE_LOOP('',(#1095,#1096,#1097,#1098));
#2412=EDGE_LOOP('',(#1099,#1100,#1101,#1102));
#2413=EDGE_LOOP('',(#1103,#1104,#1105,#1106));
#2414=EDGE_LOOP('',(#1107,#1108,#1109,#1110));
#2415=EDGE_LOOP('',(#1111,#1112,#1113,#1114));
#2416=EDGE_LOOP('',(#1115,#1116,#1117,#1118));
#2417=EDGE_LOOP('',(#1119,#1120,#1121,#1122));
#2418=EDGE_LOOP('',(#1123,#1124,#1125,#1126));
#2419=FACE_BOUND('',#2246,.T.);
#2420=FACE_BOUND('',#2247,.T.);
#2421=FACE_BOUND('',#2248,.T.);
#2422=FACE_BOUND('',#2249,.T.);
#2423=FACE_BOUND('',#2250,.T.);
#2424=FACE_BOUND('',#2251,.T.);
#2425=FACE_BOUND('',#2252,.T.);
#2426=FACE_BOUND('',#2253,.T.);
#2427=FACE_BOUND('',#2254,.T.);
#2428=FACE_BOUND('',#2255,.T.);
#2429=FACE_BOUND('',#2256,.T.);
#2430=FACE_BOUND('',#2257,.T.);
#2431=FACE_BOUND('',#2258,.T.);
#2432=FACE_BOUND('',#2259,.T.);
#2433=FACE_BOUND('',#2260,.T.);
#2434=FACE_BOUND('',#2261,.T.);
#2435=FACE_BOUND('',#2262,.T.);
#2436=FACE_BOUND('',#2263,.T.);
#2437=FACE_BOUND('',#2264,.T.);
#2438=FACE_BOUND('',#2265,.T.);
#2439=FACE_BOUND('',#2266,.T.);
#2440=FACE_BOUND('',#2267,.T.);
#2441=FACE_BOUND('',#2268,.T.);
#2442=FACE_BOUND('',#2269,.T.);
#2443=FACE_BOUND('',#2270,.T.);
#2444=FACE_BOUND('',#2271,.T.);
#2445=FACE_BOUND('',#2272,.T.);
#2446=FACE_BOUND('',#2273,.T.);
#2447=FACE_BOUND('',#2274,.T.);
#2448=FACE_BOUND('',#2275,.T.);
#2449=FACE_BOUND('',#2276,.T.);
#2450=FACE_BOUND('',#2277,.T.);
#2451=FACE_BOUND('',#2278,.T.);
#2452=FACE_BOUND('',#2279,.T.);
#2453=FACE_BOUND('',#2280,.T.);
#2454=FACE_BOUND('',#2281,.T.);
#2455=FACE_BOUND('',#2282,.T.);
#2456=FACE_BOUND('',#2283,.T.);
#2457=FACE_BOUND('',#2284,.T.);
#2458=FACE_BOUND('',#2285,.T.);
#2459=FACE_BOUND('',#2286,.T.);
#2460=FACE_BOUND('',#2287,.T.);
#2461=FACE_BOUND('',#2288,.T.);
#2462=FACE_BOUND('',#2289,.T.);
#2463=FACE_BOUND('',#2290,.T.);
#2464=FACE_BOUND('',#2291,.T.);
#2465=FACE_BOUND('',#2292,.T.);
#2466=FACE_BOUND('',#2293,.T.);
#2467=FACE_BOUND('',#2294,.T.);
#2468=FACE_BOUND('',#2295,.T.);
#2469=FACE_BOUND('',#2296,.T.);
#2470=FACE_BOUND('',#2297,.T.);
#2471=FACE_BOUND('',#2298,.T.);
#2472=FACE_BOUND('',#2299,.T.);
#2473=FACE_BOUND('',#2300,.T.);
#2474=FACE_BOUND('',#2301,.T.);
#2475=FACE_BOUND('',#2302,.T.);
#2476=FACE_BOUND('',#2303,.T.);
#2477=FACE_BOUND('',#2304,.T.);
#2478=FACE_BOUND('',#2305,.T.);
#2479=FACE_BOUND('',#2306,.T.);
#2480=FACE_BOUND('',#2307,.T.);
#2481=FACE_BOUND('',#2308,.T.);
#2482=FACE_BOUND('',#2309,.T.);
#2483=FACE_BOUND('',#2310,.T.);
#2484=FACE_BOUND('',#2311,.T.);
#2485=FACE_BOUND('',#2312,.T.);
#2486=FACE_BOUND('',#2313,.T.);
#2487=FACE_BOUND('',#2314,.T.);
#2488=FACE_BOUND('',#2315,.T.);
#2489=FACE_BOUND('',#2316,.T.);
#2490=FACE_BOUND('',#2317,.T.);
#2491=FACE_BOUND('',#2318,.T.);
#2492=FACE_BOUND('',#2319,.T.);
#2493=FACE_BOUND('',#2320,.T.);
#2494=FACE_BOUND('',#2321,.T.);
#2495=FACE_BOUND('',#2322,.T.);
#2496=FACE_BOUND('',#2323,.T.);
#2497=FACE_BOUND('',#2324,.T.);
#2498=FACE_BOUND('',#2325,.T.);
#2499=FACE_BOUND('',#2326,.T.);
#2500=FACE_BOUND('',#2327,.T.);
#2501=FACE_BOUND('',#2328,.T.);
#2502=FACE_BOUND('',#2329,.T.);
#2503=FACE_BOUND('',#2330,.T.);
#2504=FACE_BOUND('',#2331,.T.);
#2505=FACE_BOUND('',#2332,.T.);
#2506=FACE_BOUND('',#2333,.T.);
#2507=FACE_BOUND('',#2334,.T.);
#2508=FACE_BOUND('',#2335,.T.);
#2509=FACE_BOUND('',#2336,.T.);
#2510=FACE_BOUND('',#2337,.T.);
#2511=FACE_BOUND('',#2338,.T.);
#2512=FACE_BOUND('',#2339,.T.);
#2513=FACE_BOUND('',#2340,.T.);
#2514=FACE_BOUND('',#2341,.T.);
#2515=FACE_BOUND('',#2342,.T.);
#2516=FACE_BOUND('',#2343,.T.);
#2517=FACE_BOUND('',#2344,.T.);
#2518=FACE_BOUND('',#2345,.T.);
#2519=FACE_BOUND('',#2346,.T.);
#2520=FACE_BOUND('',#2347,.T.);
#2521=FACE_BOUND('',#2348,.T.);
#2522=FACE_BOUND('',#2349,.T.);
#2523=FACE_BOUND('',#2350,.T.);
#2524=FACE_BOUND('',#2351,.T.);
#2525=FACE_BOUND('',#2352,.T.);
#2526=FACE_BOUND('',#2353,.T.);
#2527=FACE_BOUND('',#2354,.T.);
#2528=FACE_BOUND('',#2355,.T.);
#2529=FACE_BOUND('',#2356,.T.);
#2530=FACE_BOUND('',#2357,.T.);
#2531=FACE_BOUND('',#2358,.T.);
#2532=FACE_BOUND('',#2359,.T.);
#2533=FACE_BOUND('',#2360,.T.);
#2534=FACE_BOUND('',#2361,.T.);
#2535=FACE_BOUND('',#2362,.T.);
#2536=FACE_BOUND('',#2363,.T.);
#2537=FACE_BOUND('',#2364,.T.);
#2538=FACE_BOUND('',#2365,.T.);
#2539=FACE_BOUND('',#2366,.T.);
#2540=FACE_BOUND('',#2367,.T.);
#2541=FACE_BOUND('',#2368,.T.);
#2542=FACE_BOUND('',#2369,.T.);
#2543=FACE_BOUND('',#2370,.T.);
#2544=FACE_BOUND('',#2371,.T.);
#2545=FACE_BOUND('',#2372,.T.);
#2546=FACE_BOUND('',#2373,.T.);
#2547=FACE_BOUND('',#2374,.T.);
#2548=FACE_BOUND('',#2375,.T.);
#2549=FACE_BOUND('',#2376,.T.);
#2550=FACE_BOUND('',#2377,.T.);
#2551=FACE_BOUND('',#2378,.T.);
#2552=FACE_BOUND('',#2379,.T.);
#2553=FACE_BOUND('',#2380,.T.);
#2554=FACE_BOUND('',#2381,.T.);
#2555=FACE_BOUND('',#2382,.T.);
#2556=FACE_BOUND('',#2383,.T.);
#2557=FACE_BOUND('',#2384,.T.);
#2558=FACE_BOUND('',#2385,.T.);
#2559=FACE_BOUND('',#2386,.T.);
#2560=FACE_BOUND('',#2387,.T.);
#2561=FACE_BOUND('',#2388,.T.);
#2562=FACE_BOUND('',#2389,.T.);
#2563=FACE_BOUND('',#2390,.T.);
#2564=FACE_BOUND('',#2391,.T.);
#2565=FACE_BOUND('',#2392,.T.);
#2566=FACE_BOUND('',#2393,.T.);
#2567=FACE_BOUND('',#2394,.T.);
#2568=FACE_BOUND('',#2395,.T.);
#2569=FACE_BOUND('',#2396,.T.);
#2570=FACE_BOUND('',#2397,.T.);
#2571=FACE_BOUND('',#2398,.T.);
#2572=FACE_BOUND('',#2399,.T.);
#2573=FACE_BOUND('',#2400,.T.);
#2574=FACE_BOUND('',#2401,.T.);
#2575=FACE_BOUND('',#2402,.T.);
#2576=FACE_BOUND('',#2403,.T.);
#2577=FACE_BOUND('',#2404,.T.);
#2578=FACE_BOUND('',#2405,.T.);
#2579=FACE_BOUND('',#2406,.T.);
#2580=FACE_BOUND('',#2407,.T.);
#2581=FACE_BOUND('',#2408,.T.);
#2582=FACE_BOUND('',#2409,.T.);
#2583=FACE_BOUND('',#2410,.T.);
#2584=FACE_BOUND('',#2411,.T.);
#2585=FACE_BOUND('',#2412,.T.);
#2586=FACE_BOUND('',#2413,.T.);
#2587=FACE_BOUND('',#2414,.T.);
#2588=FACE_BOUND('',#2415,.T.);
#2589=FACE_BOUND('',#2416,.T.);
#2590=FACE_BOUND('',#2417,.T.);
#2591=FACE_BOUND('',#2418,.T.);
#2592=PLANE('',#3914);
#2593=PLANE('',#3915);
#2594=PLANE('',#3917);
#2595=PLANE('',#3920);
#2596=PLANE('',#3943);
#2597=PLANE('',#3944);
#2598=PLANE('',#3950);
#2599=PLANE('',#3951);
#2600=PLANE('',#3958);
#2601=PLANE('',#3959);
#2602=PLANE('',#3961);
#2603=PLANE('',#3962);
#2604=PLANE('',#3965);
#2605=PLANE('',#3968);
#2606=PLANE('',#3971);
#2607=PLANE('',#3972);
#2608=PLANE('',#3973);
#2609=PLANE('',#3975);
#2610=PLANE('',#3977);
#2611=PLANE('',#3979);
#2612=PLANE('',#3981);
#2613=PLANE('',#3982);
#2614=PLANE('',#3984);
#2615=PLANE('',#3990);
#2616=PLANE('',#3993);
#2617=PLANE('',#3994);
#2618=PLANE('',#3995);
#2619=PLANE('',#3997);
#2620=PLANE('',#3998);
#2621=PLANE('',#3999);
#2622=PLANE('',#4003);
#2623=PLANE('',#4005);
#2624=PLANE('',#4007);
#2625=PLANE('',#4008);
#2626=PLANE('',#4010);
#2627=PLANE('',#4012);
#2628=PLANE('',#4013);
#2629=PLANE('',#4022);
#2630=PLANE('',#4024);
#2631=PLANE('',#4027);
#2632=PLANE('',#4030);
#2633=PLANE('',#4033);
#2634=PLANE('',#4036);
#2635=PLANE('',#4039);
#2636=PLANE('',#4042);
#2637=PLANE('',#4045);
#2638=PLANE('',#4047);
#2639=PLANE('',#4049);
#2640=PLANE('',#4052);
#2641=PLANE('',#4055);
#2642=PLANE('',#4058);
#2643=PLANE('',#4061);
#2644=PLANE('',#4064);
#2645=PLANE('',#4067);
#2646=PLANE('',#4069);
#2647=PLANE('',#4072);
#2648=PLANE('',#4075);
#2649=PLANE('',#4078);
#2650=PLANE('',#4081);
#2651=PLANE('',#4084);
#2652=PLANE('',#4085);
#2653=PLANE('',#4088);
#2654=PLANE('',#4090);
#2655=PLANE('',#4093);
#2656=PLANE('',#4094);
#2657=PLANE('',#4095);
#2658=PLANE('',#4172);
#2659=PLANE('',#4173);
#2660=PLANE('',#4174);
#2661=PLANE('',#4175);
#2662=PLANE('',#4176);
#2663=PLANE('',#4177);
#2664=PLANE('',#4178);
#2665=PLANE('',#4179);
#2666=PLANE('',#4180);
#2667=PLANE('',#4181);
#2668=OVER_RIDING_STYLED_ITEM('',(#2979),#2822,#2977);
#2669=OVER_RIDING_STYLED_ITEM('',(#2980),#2823,#2977);
#2670=OVER_RIDING_STYLED_ITEM('',(#2981),#2824,#2977);
#2671=OVER_RIDING_STYLED_ITEM('',(#2982),#2825,#2977);
#2672=OVER_RIDING_STYLED_ITEM('',(#2983),#2826,#2977);
#2673=OVER_RIDING_STYLED_ITEM('',(#2984),#2827,#2977);
#2674=OVER_RIDING_STYLED_ITEM('',(#2985),#2828,#2977);
#2675=OVER_RIDING_STYLED_ITEM('',(#2986),#2829,#2977);
#2676=OVER_RIDING_STYLED_ITEM('',(#2987),#2830,#2977);
#2677=OVER_RIDING_STYLED_ITEM('',(#2988),#2831,#2977);
#2678=OVER_RIDING_STYLED_ITEM('',(#2989),#2832,#2977);
#2679=OVER_RIDING_STYLED_ITEM('',(#2990),#2833,#2977);
#2680=OVER_RIDING_STYLED_ITEM('',(#2991),#2834,#2977);
#2681=OVER_RIDING_STYLED_ITEM('',(#2992),#2835,#2977);
#2682=OVER_RIDING_STYLED_ITEM('',(#2993),#2836,#2977);
#2683=OVER_RIDING_STYLED_ITEM('',(#2994),#2837,#2977);
#2684=OVER_RIDING_STYLED_ITEM('',(#2995),#2838,#2977);
#2685=OVER_RIDING_STYLED_ITEM('',(#2996),#2839,#2977);
#2686=OVER_RIDING_STYLED_ITEM('',(#2997),#2840,#2977);
#2687=OVER_RIDING_STYLED_ITEM('',(#2998),#2841,#2977);
#2688=OVER_RIDING_STYLED_ITEM('',(#2999),#2842,#2977);
#2689=OVER_RIDING_STYLED_ITEM('',(#3000),#2843,#2977);
#2690=OVER_RIDING_STYLED_ITEM('',(#3001),#2844,#2977);
#2691=OVER_RIDING_STYLED_ITEM('',(#3002),#2845,#2977);
#2692=OVER_RIDING_STYLED_ITEM('',(#3003),#2846,#2977);
#2693=OVER_RIDING_STYLED_ITEM('',(#3004),#2847,#2977);
#2694=OVER_RIDING_STYLED_ITEM('',(#3005),#2848,#2977);
#2695=OVER_RIDING_STYLED_ITEM('',(#3006),#2849,#2977);
#2696=OVER_RIDING_STYLED_ITEM('',(#3007),#2850,#2977);
#2697=OVER_RIDING_STYLED_ITEM('',(#3008),#2851,#2977);
#2698=OVER_RIDING_STYLED_ITEM('',(#3009),#2852,#2977);
#2699=OVER_RIDING_STYLED_ITEM('',(#3010),#2853,#2977);
#2700=OVER_RIDING_STYLED_ITEM('',(#3011),#2854,#2977);
#2701=OVER_RIDING_STYLED_ITEM('',(#3012),#2855,#2977);
#2702=OVER_RIDING_STYLED_ITEM('',(#3013),#2856,#2977);
#2703=OVER_RIDING_STYLED_ITEM('',(#3014),#2857,#2977);
#2704=OVER_RIDING_STYLED_ITEM('',(#3015),#2858,#2977);
#2705=OVER_RIDING_STYLED_ITEM('',(#3016),#2859,#2977);
#2706=OVER_RIDING_STYLED_ITEM('',(#3017),#2860,#2977);
#2707=OVER_RIDING_STYLED_ITEM('',(#3018),#2861,#2977);
#2708=OVER_RIDING_STYLED_ITEM('',(#3019),#2862,#2977);
#2709=OVER_RIDING_STYLED_ITEM('',(#3020),#2863,#2977);
#2710=OVER_RIDING_STYLED_ITEM('',(#3021),#2864,#2977);
#2711=OVER_RIDING_STYLED_ITEM('',(#3022),#2865,#2977);
#2712=OVER_RIDING_STYLED_ITEM('',(#3023),#2866,#2977);
#2713=OVER_RIDING_STYLED_ITEM('',(#3024),#2867,#2977);
#2714=OVER_RIDING_STYLED_ITEM('',(#3025),#2868,#2977);
#2715=OVER_RIDING_STYLED_ITEM('',(#3026),#2869,#2977);
#2716=OVER_RIDING_STYLED_ITEM('',(#3027),#2870,#2977);
#2717=OVER_RIDING_STYLED_ITEM('',(#3028),#2871,#2977);
#2718=OVER_RIDING_STYLED_ITEM('',(#3029),#2872,#2977);
#2719=OVER_RIDING_STYLED_ITEM('',(#3030),#2873,#2977);
#2720=OVER_RIDING_STYLED_ITEM('',(#3031),#2874,#2977);
#2721=OVER_RIDING_STYLED_ITEM('',(#3032),#2875,#2977);
#2722=OVER_RIDING_STYLED_ITEM('',(#3033),#2876,#2977);
#2723=OVER_RIDING_STYLED_ITEM('',(#3034),#2877,#2977);
#2724=OVER_RIDING_STYLED_ITEM('',(#3035),#2878,#2977);
#2725=OVER_RIDING_STYLED_ITEM('',(#3036),#2879,#2977);
#2726=OVER_RIDING_STYLED_ITEM('',(#3037),#2880,#2977);
#2727=OVER_RIDING_STYLED_ITEM('',(#3038),#2881,#2977);
#2728=OVER_RIDING_STYLED_ITEM('',(#3039),#2882,#2977);
#2729=OVER_RIDING_STYLED_ITEM('',(#3040),#2883,#2977);
#2730=OVER_RIDING_STYLED_ITEM('',(#3041),#2884,#2977);
#2731=OVER_RIDING_STYLED_ITEM('',(#3042),#2885,#2977);
#2732=OVER_RIDING_STYLED_ITEM('',(#3043),#2886,#2977);
#2733=OVER_RIDING_STYLED_ITEM('',(#3044),#2887,#2977);
#2734=OVER_RIDING_STYLED_ITEM('',(#3045),#2888,#2977);
#2735=OVER_RIDING_STYLED_ITEM('',(#3046),#2889,#2977);
#2736=OVER_RIDING_STYLED_ITEM('',(#3047),#2890,#2977);
#2737=OVER_RIDING_STYLED_ITEM('',(#3048),#2891,#2977);
#2738=OVER_RIDING_STYLED_ITEM('',(#3049),#2892,#2977);
#2739=OVER_RIDING_STYLED_ITEM('',(#3050),#2893,#2977);
#2740=OVER_RIDING_STYLED_ITEM('',(#3051),#2894,#2977);
#2741=OVER_RIDING_STYLED_ITEM('',(#3052),#2895,#2977);
#2742=OVER_RIDING_STYLED_ITEM('',(#3053),#2896,#2977);
#2743=OVER_RIDING_STYLED_ITEM('',(#3054),#2897,#2977);
#2744=OVER_RIDING_STYLED_ITEM('',(#3055),#2898,#2977);
#2745=OVER_RIDING_STYLED_ITEM('',(#3056),#2899,#2977);
#2746=OVER_RIDING_STYLED_ITEM('',(#3057),#2900,#2977);
#2747=OVER_RIDING_STYLED_ITEM('',(#3058),#2901,#2977);
#2748=OVER_RIDING_STYLED_ITEM('',(#3059),#2902,#2977);
#2749=OVER_RIDING_STYLED_ITEM('',(#3060),#2903,#2977);
#2750=OVER_RIDING_STYLED_ITEM('',(#3061),#2904,#2977);
#2751=OVER_RIDING_STYLED_ITEM('',(#3062),#2905,#2977);
#2752=OVER_RIDING_STYLED_ITEM('',(#3063),#2906,#2977);
#2753=OVER_RIDING_STYLED_ITEM('',(#3064),#2907,#2977);
#2754=OVER_RIDING_STYLED_ITEM('',(#3065),#2908,#2977);
#2755=OVER_RIDING_STYLED_ITEM('',(#3066),#2909,#2977);
#2756=OVER_RIDING_STYLED_ITEM('',(#3067),#2910,#2977);
#2757=OVER_RIDING_STYLED_ITEM('',(#3068),#2911,#2977);
#2758=OVER_RIDING_STYLED_ITEM('',(#3069),#2912,#2977);
#2759=OVER_RIDING_STYLED_ITEM('',(#3070),#2913,#2977);
#2760=OVER_RIDING_STYLED_ITEM('',(#3071),#2914,#2977);
#2761=OVER_RIDING_STYLED_ITEM('',(#3072),#2915,#2977);
#2762=OVER_RIDING_STYLED_ITEM('',(#3073),#2916,#2977);
#2763=OVER_RIDING_STYLED_ITEM('',(#3074),#2917,#2977);
#2764=OVER_RIDING_STYLED_ITEM('',(#3075),#2918,#2977);
#2765=OVER_RIDING_STYLED_ITEM('',(#3076),#2919,#2977);
#2766=OVER_RIDING_STYLED_ITEM('',(#3077),#2920,#2977);
#2767=OVER_RIDING_STYLED_ITEM('',(#3078),#2921,#2977);
#2768=OVER_RIDING_STYLED_ITEM('',(#3079),#2922,#2977);
#2769=OVER_RIDING_STYLED_ITEM('',(#3080),#2923,#2977);
#2770=OVER_RIDING_STYLED_ITEM('',(#3081),#2924,#2977);
#2771=OVER_RIDING_STYLED_ITEM('',(#3082),#2925,#2977);
#2772=OVER_RIDING_STYLED_ITEM('',(#3083),#2926,#2977);
#2773=OVER_RIDING_STYLED_ITEM('',(#3084),#2927,#2977);
#2774=OVER_RIDING_STYLED_ITEM('',(#3085),#2928,#2977);
#2775=OVER_RIDING_STYLED_ITEM('',(#3086),#2929,#2977);
#2776=OVER_RIDING_STYLED_ITEM('',(#3087),#2930,#2977);
#2777=OVER_RIDING_STYLED_ITEM('',(#3088),#2931,#2977);
#2778=OVER_RIDING_STYLED_ITEM('',(#3089),#2932,#2977);
#2779=OVER_RIDING_STYLED_ITEM('',(#3090),#2933,#2977);
#2780=OVER_RIDING_STYLED_ITEM('',(#3091),#2934,#2977);
#2781=OVER_RIDING_STYLED_ITEM('',(#3092),#2935,#2977);
#2782=OVER_RIDING_STYLED_ITEM('',(#3093),#2936,#2977);
#2783=OVER_RIDING_STYLED_ITEM('',(#3094),#2937,#2977);
#2784=OVER_RIDING_STYLED_ITEM('',(#3095),#2938,#2977);
#2785=OVER_RIDING_STYLED_ITEM('',(#3096),#2939,#2977);
#2786=OVER_RIDING_STYLED_ITEM('',(#3097),#2940,#2977);
#2787=OVER_RIDING_STYLED_ITEM('',(#3098),#2941,#2977);
#2788=OVER_RIDING_STYLED_ITEM('',(#3099),#2942,#2977);
#2789=OVER_RIDING_STYLED_ITEM('',(#3100),#2943,#2977);
#2790=OVER_RIDING_STYLED_ITEM('',(#3101),#2944,#2977);
#2791=OVER_RIDING_STYLED_ITEM('',(#3102),#2945,#2977);
#2792=OVER_RIDING_STYLED_ITEM('',(#3103),#2946,#2977);
#2793=OVER_RIDING_STYLED_ITEM('',(#3104),#2947,#2977);
#2794=OVER_RIDING_STYLED_ITEM('',(#3105),#2948,#2977);
#2795=OVER_RIDING_STYLED_ITEM('',(#3106),#2949,#2977);
#2796=OVER_RIDING_STYLED_ITEM('',(#3107),#2950,#2977);
#2797=OVER_RIDING_STYLED_ITEM('',(#3108),#2951,#2977);
#2798=OVER_RIDING_STYLED_ITEM('',(#3109),#2952,#2977);
#2799=OVER_RIDING_STYLED_ITEM('',(#3110),#2953,#2977);
#2800=OVER_RIDING_STYLED_ITEM('',(#3111),#2954,#2977);
#2801=OVER_RIDING_STYLED_ITEM('',(#3112),#2955,#2977);
#2802=OVER_RIDING_STYLED_ITEM('',(#3113),#2956,#2977);
#2803=OVER_RIDING_STYLED_ITEM('',(#3114),#2957,#2977);
#2804=OVER_RIDING_STYLED_ITEM('',(#3115),#2958,#2977);
#2805=OVER_RIDING_STYLED_ITEM('',(#3116),#2959,#2977);
#2806=OVER_RIDING_STYLED_ITEM('',(#3117),#2960,#2977);
#2807=OVER_RIDING_STYLED_ITEM('',(#3118),#2961,#2977);
#2808=OVER_RIDING_STYLED_ITEM('',(#3119),#2962,#2977);
#2809=OVER_RIDING_STYLED_ITEM('',(#3120),#2963,#2977);
#2810=OVER_RIDING_STYLED_ITEM('',(#3121),#2964,#2977);
#2811=OVER_RIDING_STYLED_ITEM('',(#3122),#2965,#2977);
#2812=OVER_RIDING_STYLED_ITEM('',(#3123),#2966,#2977);
#2813=OVER_RIDING_STYLED_ITEM('',(#3124),#2967,#2977);
#2814=OVER_RIDING_STYLED_ITEM('',(#3125),#2968,#2977);
#2815=OVER_RIDING_STYLED_ITEM('',(#3126),#2969,#2977);
#2816=OVER_RIDING_STYLED_ITEM('',(#3127),#2970,#2977);
#2817=OVER_RIDING_STYLED_ITEM('',(#3128),#2971,#2977);
#2818=OVER_RIDING_STYLED_ITEM('',(#3129),#2972,#2977);
#2819=OVER_RIDING_STYLED_ITEM('',(#3130),#2973,#2977);
#2820=OVER_RIDING_STYLED_ITEM('',(#3131),#2974,#2977);
#2821=OVER_RIDING_STYLED_ITEM('',(#3132),#2975,#2977);
#2822=ADVANCED_FACE('',(#2419,#2420),#2592,.F.);
#2823=ADVANCED_FACE('',(#2421),#2593,.F.);
#2824=ADVANCED_FACE('',(#2422),#2594,.F.);
#2825=ADVANCED_FACE('',(#2423),#2595,.T.);
#2826=ADVANCED_FACE('',(#2424),#138,.T.);
#2827=ADVANCED_FACE('',(#2425),#139,.T.);
#2828=ADVANCED_FACE('',(#2426),#140,.T.);
#2829=ADVANCED_FACE('',(#2427),#141,.T.);
#2830=ADVANCED_FACE('',(#2428,#2429),#142,.F.);
#2831=ADVANCED_FACE('',(#2430),#2596,.T.);
#2832=ADVANCED_FACE('',(#2431),#2597,.T.);
#2833=ADVANCED_FACE('',(#2432,#2433),#143,.F.);
#2834=ADVANCED_FACE('',(#2434),#2598,.T.);
#2835=ADVANCED_FACE('',(#2435),#2599,.T.);
#2836=ADVANCED_FACE('',(#2436),#144,.T.);
#2837=ADVANCED_FACE('',(#2437),#145,.T.);
#2838=ADVANCED_FACE('',(#2438),#2600,.T.);
#2839=ADVANCED_FACE('',(#2439),#2601,.T.);
#2840=ADVANCED_FACE('',(#2440),#2602,.F.);
#2841=ADVANCED_FACE('',(#2441),#2603,.F.);
#2842=ADVANCED_FACE('',(#2442,#2443),#32,.F.);
#2843=ADVANCED_FACE('',(#2444,#2445),#2604,.T.);
#2844=ADVANCED_FACE('',(#2446),#2605,.F.);
#2845=ADVANCED_FACE('',(#2447,#2448),#33,.F.);
#2846=ADVANCED_FACE('',(#2449),#2606,.T.);
#2847=ADVANCED_FACE('',(#2450),#2607,.F.);
#2848=ADVANCED_FACE('',(#2451),#2608,.F.);
#2849=ADVANCED_FACE('',(#2452),#2609,.F.);
#2850=ADVANCED_FACE('',(#2453),#2610,.F.);
#2851=ADVANCED_FACE('',(#2454),#2611,.F.);
#2852=ADVANCED_FACE('',(#2455),#2612,.F.);
#2853=ADVANCED_FACE('',(#2456),#2613,.F.);
#2854=ADVANCED_FACE('',(#2457),#2614,.F.);
#2855=ADVANCED_FACE('',(#2458,#2459),#2615,.T.);
#2856=ADVANCED_FACE('',(#2460),#2616,.T.);
#2857=ADVANCED_FACE('',(#2461),#2617,.T.);
#2858=ADVANCED_FACE('',(#2462),#2618,.T.);
#2859=ADVANCED_FACE('',(#2463),#2619,.T.);
#2860=ADVANCED_FACE('',(#2464),#2620,.T.);
#2861=ADVANCED_FACE('',(#2465),#2621,.F.);
#2862=ADVANCED_FACE('',(#2466,#2467,#2468,#2469),#34,.F.);
#2863=ADVANCED_FACE('',(#2470),#2622,.T.);
#2864=ADVANCED_FACE('',(#2471,#2472,#2473,#2474),#35,.F.);
#2865=ADVANCED_FACE('',(#2475),#2623,.T.);
#2866=ADVANCED_FACE('',(#2476),#36,.F.);
#2867=ADVANCED_FACE('',(#2477),#2624,.T.);
#2868=ADVANCED_FACE('',(#2478),#2625,.T.);
#2869=ADVANCED_FACE('',(#2479,#2480),#37,.F.);
#2870=ADVANCED_FACE('',(#2481),#2626,.T.);
#2871=ADVANCED_FACE('',(#2482),#38,.F.);
#2872=ADVANCED_FACE('',(#2483),#2627,.F.);
#2873=ADVANCED_FACE('',(#2484,#2485),#2628,.T.);
#2874=ADVANCED_FACE('',(#2486,#2487),#39,.F.);
#2875=ADVANCED_FACE('',(#2488),#146,.T.);
#2876=ADVANCED_FACE('',(#2489),#147,.T.);
#2877=ADVANCED_FACE('',(#2490,#2491),#148,.F.);
#2878=ADVANCED_FACE('',(#2492,#2493),#149,.F.);
#2879=ADVANCED_FACE('',(#2494),#2629,.T.);
#2880=ADVANCED_FACE('',(#2495),#2630,.T.);
#2881=ADVANCED_FACE('',(#2496),#2631,.T.);
#2882=ADVANCED_FACE('',(#2497),#2632,.T.);
#2883=ADVANCED_FACE('',(#2498),#2633,.T.);
#2884=ADVANCED_FACE('',(#2499),#2634,.T.);
#2885=ADVANCED_FACE('',(#2500),#2635,.T.);
#2886=ADVANCED_FACE('',(#2501),#2636,.T.);
#2887=ADVANCED_FACE('',(#2502),#2637,.T.);
#2888=ADVANCED_FACE('',(#2503),#2638,.F.);
#2889=ADVANCED_FACE('',(#2504),#2639,.F.);
#2890=ADVANCED_FACE('',(#2505),#2640,.F.);
#2891=ADVANCED_FACE('',(#2506),#2641,.F.);
#2892=ADVANCED_FACE('',(#2507),#2642,.F.);
#2893=ADVANCED_FACE('',(#2508),#2643,.F.);
#2894=ADVANCED_FACE('',(#2509),#2644,.F.);
#2895=ADVANCED_FACE('',(#2510),#2645,.F.);
#2896=ADVANCED_FACE('',(#2511),#2646,.F.);
#2897=ADVANCED_FACE('',(#2512),#2647,.T.);
#2898=ADVANCED_FACE('',(#2513),#2648,.T.);
#2899=ADVANCED_FACE('',(#2514),#2649,.T.);
#2900=ADVANCED_FACE('',(#2515),#2650,.T.);
#2901=ADVANCED_FACE('',(#2516),#2651,.T.);
#2902=ADVANCED_FACE('',(#2517),#2652,.T.);
#2903=ADVANCED_FACE('',(#2518),#2653,.T.);
#2904=ADVANCED_FACE('',(#2519),#2654,.T.);
#2905=ADVANCED_FACE('',(#2520),#2655,.F.);
#2906=ADVANCED_FACE('',(#2521),#2656,.T.);
#2907=ADVANCED_FACE('',(#2522),#2657,.T.);
#2908=ADVANCED_FACE('',(#2523),#40,.F.);
#2909=ADVANCED_FACE('',(#2524),#41,.T.);
#2910=ADVANCED_FACE('',(#2525),#42,.T.);
#2911=ADVANCED_FACE('',(#2526),#43,.T.);
#2912=ADVANCED_FACE('',(#2527),#44,.T.);
#2913=ADVANCED_FACE('',(#2528),#45,.T.);
#2914=ADVANCED_FACE('',(#2529),#46,.T.);
#2915=ADVANCED_FACE('',(#2530),#47,.T.);
#2916=ADVANCED_FACE('',(#2531),#48,.T.);
#2917=ADVANCED_FACE('',(#2532),#49,.T.);
#2918=ADVANCED_FACE('',(#2533),#50,.T.);
#2919=ADVANCED_FACE('',(#2534),#51,.T.);
#2920=ADVANCED_FACE('',(#2535),#52,.T.);
#2921=ADVANCED_FACE('',(#2536),#53,.T.);
#2922=ADVANCED_FACE('',(#2537),#54,.T.);
#2923=ADVANCED_FACE('',(#2538),#55,.T.);
#2924=ADVANCED_FACE('',(#2539),#56,.T.);
#2925=ADVANCED_FACE('',(#2540),#57,.F.);
#2926=ADVANCED_FACE('',(#2541),#14,.F.);
#2927=ADVANCED_FACE('',(#2542),#58,.T.);
#2928=ADVANCED_FACE('',(#2543),#15,.F.);
#2929=ADVANCED_FACE('',(#2544),#59,.F.);
#2930=ADVANCED_FACE('',(#2545),#60,.T.);
#2931=ADVANCED_FACE('',(#2546),#61,.T.);
#2932=ADVANCED_FACE('',(#2547),#62,.T.);
#2933=ADVANCED_FACE('',(#2548),#63,.T.);
#2934=ADVANCED_FACE('',(#2549),#64,.T.);
#2935=ADVANCED_FACE('',(#2550),#16,.T.);
#2936=ADVANCED_FACE('',(#2551),#65,.T.);
#2937=ADVANCED_FACE('',(#2552),#66,.T.);
#2938=ADVANCED_FACE('',(#2553),#17,.T.);
#2939=ADVANCED_FACE('',(#2554),#67,.T.);
#2940=ADVANCED_FACE('',(#2555),#68,.T.);
#2941=ADVANCED_FACE('',(#2556),#69,.T.);
#2942=ADVANCED_FACE('',(#2557),#70,.T.);
#2943=ADVANCED_FACE('',(#2558),#12,.T.);
#2944=ADVANCED_FACE('',(#2559),#71,.T.);
#2945=ADVANCED_FACE('',(#2560),#13,.T.);
#2946=ADVANCED_FACE('',(#2561),#18,.F.);
#2947=ADVANCED_FACE('',(#2562),#72,.F.);
#2948=ADVANCED_FACE('',(#2563),#19,.F.);
#2949=ADVANCED_FACE('',(#2564),#20,.F.);
#2950=ADVANCED_FACE('',(#2565),#73,.F.);
#2951=ADVANCED_FACE('',(#2566),#21,.F.);
#2952=ADVANCED_FACE('',(#2567),#22,.F.);
#2953=ADVANCED_FACE('',(#2568),#23,.F.);
#2954=ADVANCED_FACE('',(#2569),#24,.F.);
#2955=ADVANCED_FACE('',(#2570),#74,.F.);
#2956=ADVANCED_FACE('',(#2571),#25,.F.);
#2957=ADVANCED_FACE('',(#2572),#75,.F.);
#2958=ADVANCED_FACE('',(#2573),#26,.F.);
#2959=ADVANCED_FACE('',(#2574),#27,.F.);
#2960=ADVANCED_FACE('',(#2575),#76,.F.);
#2961=ADVANCED_FACE('',(#2576),#28,.F.);
#2962=ADVANCED_FACE('',(#2577),#29,.F.);
#2963=ADVANCED_FACE('',(#2578),#30,.F.);
#2964=ADVANCED_FACE('',(#2579),#77,.F.);
#2965=ADVANCED_FACE('',(#2580),#31,.F.);
#2966=ADVANCED_FACE('',(#2581),#2658,.F.);
#2967=ADVANCED_FACE('',(#2582),#2659,.T.);
#2968=ADVANCED_FACE('',(#2583),#2660,.T.);
#2969=ADVANCED_FACE('',(#2584),#2661,.F.);
#2970=ADVANCED_FACE('',(#2585),#2662,.T.);
#2971=ADVANCED_FACE('',(#2586),#2663,.T.);
#2972=ADVANCED_FACE('',(#2587),#2664,.F.);
#2973=ADVANCED_FACE('',(#2588),#2665,.F.);
#2974=ADVANCED_FACE('',(#2589,#2590),#2666,.T.);
#2975=ADVANCED_FACE('',(#2591),#2667,.F.);
#2976=CLOSED_SHELL('',(#2822,#2823,#2824,#2825,#2826,#2827,#2828,#2829,
#2830,#2831,#2832,#2833,#2834,#2835,#2836,#2837,#2838,#2839,#2840,#2841,
#2842,#2843,#2844,#2845,#2846,#2847,#2848,#2849,#2850,#2851,#2852,#2853,
#2854,#2855,#2856,#2857,#2858,#2859,#2860,#2861,#2862,#2863,#2864,#2865,
#2866,#2867,#2868,#2869,#2870,#2871,#2872,#2873,#2874,#2875,#2876,#2877,
#2878,#2879,#2880,#2881,#2882,#2883,#2884,#2885,#2886,#2887,#2888,#2889,
#2890,#2891,#2892,#2893,#2894,#2895,#2896,#2897,#2898,#2899,#2900,#2901,
#2902,#2903,#2904,#2905,#2906,#2907,#2908,#2909,#2910,#2911,#2912,#2913,
#2914,#2915,#2916,#2917,#2918,#2919,#2920,#2921,#2922,#2923,#2924,#2925,
#2926,#2927,#2928,#2929,#2930,#2931,#2932,#2933,#2934,#2935,#2936,#2937,
#2938,#2939,#2940,#2941,#2942,#2943,#2944,#2945,#2946,#2947,#2948,#2949,
#2950,#2951,#2952,#2953,#2954,#2955,#2956,#2957,#2958,#2959,#2960,#2961,
#2962,#2963,#2964,#2965,#2966,#2967,#2968,#2969,#2970,#2971,#2972,#2973,
#2974,#2975));
#2977=STYLED_ITEM('',(#2978),#3910);
#2978=PRESENTATION_STYLE_ASSIGNMENT((#3133));
#2979=PRESENTATION_STYLE_ASSIGNMENT((#3134));
#2980=PRESENTATION_STYLE_ASSIGNMENT((#3135));
#2981=PRESENTATION_STYLE_ASSIGNMENT((#3136));
#2982=PRESENTATION_STYLE_ASSIGNMENT((#3137));
#2983=PRESENTATION_STYLE_ASSIGNMENT((#3138));
#2984=PRESENTATION_STYLE_ASSIGNMENT((#3139));
#2985=PRESENTATION_STYLE_ASSIGNMENT((#3140));
#2986=PRESENTATION_STYLE_ASSIGNMENT((#3141));
#2987=PRESENTATION_STYLE_ASSIGNMENT((#3142));
#2988=PRESENTATION_STYLE_ASSIGNMENT((#3143));
#2989=PRESENTATION_STYLE_ASSIGNMENT((#3144));
#2990=PRESENTATION_STYLE_ASSIGNMENT((#3145));
#2991=PRESENTATION_STYLE_ASSIGNMENT((#3146));
#2992=PRESENTATION_STYLE_ASSIGNMENT((#3147));
#2993=PRESENTATION_STYLE_ASSIGNMENT((#3148));
#2994=PRESENTATION_STYLE_ASSIGNMENT((#3149));
#2995=PRESENTATION_STYLE_ASSIGNMENT((#3150));
#2996=PRESENTATION_STYLE_ASSIGNMENT((#3151));
#2997=PRESENTATION_STYLE_ASSIGNMENT((#3152));
#2998=PRESENTATION_STYLE_ASSIGNMENT((#3153));
#2999=PRESENTATION_STYLE_ASSIGNMENT((#3154));
#3000=PRESENTATION_STYLE_ASSIGNMENT((#3155));
#3001=PRESENTATION_STYLE_ASSIGNMENT((#3156));
#3002=PRESENTATION_STYLE_ASSIGNMENT((#3157));
#3003=PRESENTATION_STYLE_ASSIGNMENT((#3158));
#3004=PRESENTATION_STYLE_ASSIGNMENT((#3159));
#3005=PRESENTATION_STYLE_ASSIGNMENT((#3160));
#3006=PRESENTATION_STYLE_ASSIGNMENT((#3161));
#3007=PRESENTATION_STYLE_ASSIGNMENT((#3162));
#3008=PRESENTATION_STYLE_ASSIGNMENT((#3163));
#3009=PRESENTATION_STYLE_ASSIGNMENT((#3164));
#3010=PRESENTATION_STYLE_ASSIGNMENT((#3165));
#3011=PRESENTATION_STYLE_ASSIGNMENT((#3166));
#3012=PRESENTATION_STYLE_ASSIGNMENT((#3167));
#3013=PRESENTATION_STYLE_ASSIGNMENT((#3168));
#3014=PRESENTATION_STYLE_ASSIGNMENT((#3169));
#3015=PRESENTATION_STYLE_ASSIGNMENT((#3170));
#3016=PRESENTATION_STYLE_ASSIGNMENT((#3171));
#3017=PRESENTATION_STYLE_ASSIGNMENT((#3172));
#3018=PRESENTATION_STYLE_ASSIGNMENT((#3173));
#3019=PRESENTATION_STYLE_ASSIGNMENT((#3174));
#3020=PRESENTATION_STYLE_ASSIGNMENT((#3175));
#3021=PRESENTATION_STYLE_ASSIGNMENT((#3176));
#3022=PRESENTATION_STYLE_ASSIGNMENT((#3177));
#3023=PRESENTATION_STYLE_ASSIGNMENT((#3178));
#3024=PRESENTATION_STYLE_ASSIGNMENT((#3179));
#3025=PRESENTATION_STYLE_ASSIGNMENT((#3180));
#3026=PRESENTATION_STYLE_ASSIGNMENT((#3181));
#3027=PRESENTATION_STYLE_ASSIGNMENT((#3182));
#3028=PRESENTATION_STYLE_ASSIGNMENT((#3183));
#3029=PRESENTATION_STYLE_ASSIGNMENT((#3184));
#3030=PRESENTATION_STYLE_ASSIGNMENT((#3185));
#3031=PRESENTATION_STYLE_ASSIGNMENT((#3186));
#3032=PRESENTATION_STYLE_ASSIGNMENT((#3187));
#3033=PRESENTATION_STYLE_ASSIGNMENT((#3188));
#3034=PRESENTATION_STYLE_ASSIGNMENT((#3189));
#3035=PRESENTATION_STYLE_ASSIGNMENT((#3190));
#3036=PRESENTATION_STYLE_ASSIGNMENT((#3191));
#3037=PRESENTATION_STYLE_ASSIGNMENT((#3192));
#3038=PRESENTATION_STYLE_ASSIGNMENT((#3193));
#3039=PRESENTATION_STYLE_ASSIGNMENT((#3194));
#3040=PRESENTATION_STYLE_ASSIGNMENT((#3195));
#3041=PRESENTATION_STYLE_ASSIGNMENT((#3196));
#3042=PRESENTATION_STYLE_ASSIGNMENT((#3197));
#3043=PRESENTATION_STYLE_ASSIGNMENT((#3198));
#3044=PRESENTATION_STYLE_ASSIGNMENT((#3199));
#3045=PRESENTATION_STYLE_ASSIGNMENT((#3200));
#3046=PRESENTATION_STYLE_ASSIGNMENT((#3201));
#3047=PRESENTATION_STYLE_ASSIGNMENT((#3202));
#3048=PRESENTATION_STYLE_ASSIGNMENT((#3203));
#3049=PRESENTATION_STYLE_ASSIGNMENT((#3204));
#3050=PRESENTATION_STYLE_ASSIGNMENT((#3205));
#3051=PRESENTATION_STYLE_ASSIGNMENT((#3206));
#3052=PRESENTATION_STYLE_ASSIGNMENT((#3207));
#3053=PRESENTATION_STYLE_ASSIGNMENT((#3208));
#3054=PRESENTATION_STYLE_ASSIGNMENT((#3209));
#3055=PRESENTATION_STYLE_ASSIGNMENT((#3210));
#3056=PRESENTATION_STYLE_ASSIGNMENT((#3211));
#3057=PRESENTATION_STYLE_ASSIGNMENT((#3212));
#3058=PRESENTATION_STYLE_ASSIGNMENT((#3213));
#3059=PRESENTATION_STYLE_ASSIGNMENT((#3214));
#3060=PRESENTATION_STYLE_ASSIGNMENT((#3215));
#3061=PRESENTATION_STYLE_ASSIGNMENT((#3216));
#3062=PRESENTATION_STYLE_ASSIGNMENT((#3217));
#3063=PRESENTATION_STYLE_ASSIGNMENT((#3218));
#3064=PRESENTATION_STYLE_ASSIGNMENT((#3219));
#3065=PRESENTATION_STYLE_ASSIGNMENT((#3220));
#3066=PRESENTATION_STYLE_ASSIGNMENT((#3221));
#3067=PRESENTATION_STYLE_ASSIGNMENT((#3222));
#3068=PRESENTATION_STYLE_ASSIGNMENT((#3223));
#3069=PRESENTATION_STYLE_ASSIGNMENT((#3224));
#3070=PRESENTATION_STYLE_ASSIGNMENT((#3225));
#3071=PRESENTATION_STYLE_ASSIGNMENT((#3226));
#3072=PRESENTATION_STYLE_ASSIGNMENT((#3227));
#3073=PRESENTATION_STYLE_ASSIGNMENT((#3228));
#3074=PRESENTATION_STYLE_ASSIGNMENT((#3229));
#3075=PRESENTATION_STYLE_ASSIGNMENT((#3230));
#3076=PRESENTATION_STYLE_ASSIGNMENT((#3231));
#3077=PRESENTATION_STYLE_ASSIGNMENT((#3232));
#3078=PRESENTATION_STYLE_ASSIGNMENT((#3233));
#3079=PRESENTATION_STYLE_ASSIGNMENT((#3234));
#3080=PRESENTATION_STYLE_ASSIGNMENT((#3235));
#3081=PRESENTATION_STYLE_ASSIGNMENT((#3236));
#3082=PRESENTATION_STYLE_ASSIGNMENT((#3237));
#3083=PRESENTATION_STYLE_ASSIGNMENT((#3238));
#3084=PRESENTATION_STYLE_ASSIGNMENT((#3239));
#3085=PRESENTATION_STYLE_ASSIGNMENT((#3240));
#3086=PRESENTATION_STYLE_ASSIGNMENT((#3241));
#3087=PRESENTATION_STYLE_ASSIGNMENT((#3242));
#3088=PRESENTATION_STYLE_ASSIGNMENT((#3243));
#3089=PRESENTATION_STYLE_ASSIGNMENT((#3244));
#3090=PRESENTATION_STYLE_ASSIGNMENT((#3245));
#3091=PRESENTATION_STYLE_ASSIGNMENT((#3246));
#3092=PRESENTATION_STYLE_ASSIGNMENT((#3247));
#3093=PRESENTATION_STYLE_ASSIGNMENT((#3248));
#3094=PRESENTATION_STYLE_ASSIGNMENT((#3249));
#3095=PRESENTATION_STYLE_ASSIGNMENT((#3250));
#3096=PRESENTATION_STYLE_ASSIGNMENT((#3251));
#3097=PRESENTATION_STYLE_ASSIGNMENT((#3252));
#3098=PRESENTATION_STYLE_ASSIGNMENT((#3253));
#3099=PRESENTATION_STYLE_ASSIGNMENT((#3254));
#3100=PRESENTATION_STYLE_ASSIGNMENT((#3255));
#3101=PRESENTATION_STYLE_ASSIGNMENT((#3256));
#3102=PRESENTATION_STYLE_ASSIGNMENT((#3257));
#3103=PRESENTATION_STYLE_ASSIGNMENT((#3258));
#3104=PRESENTATION_STYLE_ASSIGNMENT((#3259));
#3105=PRESENTATION_STYLE_ASSIGNMENT((#3260));
#3106=PRESENTATION_STYLE_ASSIGNMENT((#3261));
#3107=PRESENTATION_STYLE_ASSIGNMENT((#3262));
#3108=PRESENTATION_STYLE_ASSIGNMENT((#3263));
#3109=PRESENTATION_STYLE_ASSIGNMENT((#3264));
#3110=PRESENTATION_STYLE_ASSIGNMENT((#3265));
#3111=PRESENTATION_STYLE_ASSIGNMENT((#3266));
#3112=PRESENTATION_STYLE_ASSIGNMENT((#3267));
#3113=PRESENTATION_STYLE_ASSIGNMENT((#3268));
#3114=PRESENTATION_STYLE_ASSIGNMENT((#3269));
#3115=PRESENTATION_STYLE_ASSIGNMENT((#3270));
#3116=PRESENTATION_STYLE_ASSIGNMENT((#3271));
#3117=PRESENTATION_STYLE_ASSIGNMENT((#3272));
#3118=PRESENTATION_STYLE_ASSIGNMENT((#3273));
#3119=PRESENTATION_STYLE_ASSIGNMENT((#3274));
#3120=PRESENTATION_STYLE_ASSIGNMENT((#3275));
#3121=PRESENTATION_STYLE_ASSIGNMENT((#3276));
#3122=PRESENTATION_STYLE_ASSIGNMENT((#3277));
#3123=PRESENTATION_STYLE_ASSIGNMENT((#3278));
#3124=PRESENTATION_STYLE_ASSIGNMENT((#3279));
#3125=PRESENTATION_STYLE_ASSIGNMENT((#3280));
#3126=PRESENTATION_STYLE_ASSIGNMENT((#3281));
#3127=PRESENTATION_STYLE_ASSIGNMENT((#3282));
#3128=PRESENTATION_STYLE_ASSIGNMENT((#3283));
#3129=PRESENTATION_STYLE_ASSIGNMENT((#3284));
#3130=PRESENTATION_STYLE_ASSIGNMENT((#3285));
#3131=PRESENTATION_STYLE_ASSIGNMENT((#3286));
#3132=PRESENTATION_STYLE_ASSIGNMENT((#3287));
#3133=SURFACE_STYLE_USAGE(.BOTH.,#3288);
#3134=SURFACE_STYLE_USAGE(.BOTH.,#3289);
#3135=SURFACE_STYLE_USAGE(.BOTH.,#3290);
#3136=SURFACE_STYLE_USAGE(.BOTH.,#3291);
#3137=SURFACE_STYLE_USAGE(.BOTH.,#3292);
#3138=SURFACE_STYLE_USAGE(.BOTH.,#3293);
#3139=SURFACE_STYLE_USAGE(.BOTH.,#3294);
#3140=SURFACE_STYLE_USAGE(.BOTH.,#3295);
#3141=SURFACE_STYLE_USAGE(.BOTH.,#3296);
#3142=SURFACE_STYLE_USAGE(.BOTH.,#3297);
#3143=SURFACE_STYLE_USAGE(.BOTH.,#3298);
#3144=SURFACE_STYLE_USAGE(.BOTH.,#3299);
#3145=SURFACE_STYLE_USAGE(.BOTH.,#3300);
#3146=SURFACE_STYLE_USAGE(.BOTH.,#3301);
#3147=SURFACE_STYLE_USAGE(.BOTH.,#3302);
#3148=SURFACE_STYLE_USAGE(.BOTH.,#3303);
#3149=SURFACE_STYLE_USAGE(.BOTH.,#3304);
#3150=SURFACE_STYLE_USAGE(.BOTH.,#3305);
#3151=SURFACE_STYLE_USAGE(.BOTH.,#3306);
#3152=SURFACE_STYLE_USAGE(.BOTH.,#3307);
#3153=SURFACE_STYLE_USAGE(.BOTH.,#3308);
#3154=SURFACE_STYLE_USAGE(.BOTH.,#3309);
#3155=SURFACE_STYLE_USAGE(.BOTH.,#3310);
#3156=SURFACE_STYLE_USAGE(.BOTH.,#3311);
#3157=SURFACE_STYLE_USAGE(.BOTH.,#3312);
#3158=SURFACE_STYLE_USAGE(.BOTH.,#3313);
#3159=SURFACE_STYLE_USAGE(.BOTH.,#3314);
#3160=SURFACE_STYLE_USAGE(.BOTH.,#3315);
#3161=SURFACE_STYLE_USAGE(.BOTH.,#3316);
#3162=SURFACE_STYLE_USAGE(.BOTH.,#3317);
#3163=SURFACE_STYLE_USAGE(.BOTH.,#3318);
#3164=SURFACE_STYLE_USAGE(.BOTH.,#3319);
#3165=SURFACE_STYLE_USAGE(.BOTH.,#3320);
#3166=SURFACE_STYLE_USAGE(.BOTH.,#3321);
#3167=SURFACE_STYLE_USAGE(.BOTH.,#3322);
#3168=SURFACE_STYLE_USAGE(.BOTH.,#3323);
#3169=SURFACE_STYLE_USAGE(.BOTH.,#3324);
#3170=SURFACE_STYLE_USAGE(.BOTH.,#3325);
#3171=SURFACE_STYLE_USAGE(.BOTH.,#3326);
#3172=SURFACE_STYLE_USAGE(.BOTH.,#3327);
#3173=SURFACE_STYLE_USAGE(.BOTH.,#3328);
#3174=SURFACE_STYLE_USAGE(.BOTH.,#3329);
#3175=SURFACE_STYLE_USAGE(.BOTH.,#3330);
#3176=SURFACE_STYLE_USAGE(.BOTH.,#3331);
#3177=SURFACE_STYLE_USAGE(.BOTH.,#3332);
#3178=SURFACE_STYLE_USAGE(.BOTH.,#3333);
#3179=SURFACE_STYLE_USAGE(.BOTH.,#3334);
#3180=SURFACE_STYLE_USAGE(.BOTH.,#3335);
#3181=SURFACE_STYLE_USAGE(.BOTH.,#3336);
#3182=SURFACE_STYLE_USAGE(.BOTH.,#3337);
#3183=SURFACE_STYLE_USAGE(.BOTH.,#3338);
#3184=SURFACE_STYLE_USAGE(.BOTH.,#3339);
#3185=SURFACE_STYLE_USAGE(.BOTH.,#3340);
#3186=SURFACE_STYLE_USAGE(.BOTH.,#3341);
#3187=SURFACE_STYLE_USAGE(.BOTH.,#3342);
#3188=SURFACE_STYLE_USAGE(.BOTH.,#3343);
#3189=SURFACE_STYLE_USAGE(.BOTH.,#3344);
#3190=SURFACE_STYLE_USAGE(.BOTH.,#3345);
#3191=SURFACE_STYLE_USAGE(.BOTH.,#3346);
#3192=SURFACE_STYLE_USAGE(.BOTH.,#3347);
#3193=SURFACE_STYLE_USAGE(.BOTH.,#3348);
#3194=SURFACE_STYLE_USAGE(.BOTH.,#3349);
#3195=SURFACE_STYLE_USAGE(.BOTH.,#3350);
#3196=SURFACE_STYLE_USAGE(.BOTH.,#3351);
#3197=SURFACE_STYLE_USAGE(.BOTH.,#3352);
#3198=SURFACE_STYLE_USAGE(.BOTH.,#3353);
#3199=SURFACE_STYLE_USAGE(.BOTH.,#3354);
#3200=SURFACE_STYLE_USAGE(.BOTH.,#3355);
#3201=SURFACE_STYLE_USAGE(.BOTH.,#3356);
#3202=SURFACE_STYLE_USAGE(.BOTH.,#3357);
#3203=SURFACE_STYLE_USAGE(.BOTH.,#3358);
#3204=SURFACE_STYLE_USAGE(.BOTH.,#3359);
#3205=SURFACE_STYLE_USAGE(.BOTH.,#3360);
#3206=SURFACE_STYLE_USAGE(.BOTH.,#3361);
#3207=SURFACE_STYLE_USAGE(.BOTH.,#3362);
#3208=SURFACE_STYLE_USAGE(.BOTH.,#3363);
#3209=SURFACE_STYLE_USAGE(.BOTH.,#3364);
#3210=SURFACE_STYLE_USAGE(.BOTH.,#3365);
#3211=SURFACE_STYLE_USAGE(.BOTH.,#3366);
#3212=SURFACE_STYLE_USAGE(.BOTH.,#3367);
#3213=SURFACE_STYLE_USAGE(.BOTH.,#3368);
#3214=SURFACE_STYLE_USAGE(.BOTH.,#3369);
#3215=SURFACE_STYLE_USAGE(.BOTH.,#3370);
#3216=SURFACE_STYLE_USAGE(.BOTH.,#3371);
#3217=SURFACE_STYLE_USAGE(.BOTH.,#3372);
#3218=SURFACE_STYLE_USAGE(.BOTH.,#3373);
#3219=SURFACE_STYLE_USAGE(.BOTH.,#3374);
#3220=SURFACE_STYLE_USAGE(.BOTH.,#3375);
#3221=SURFACE_STYLE_USAGE(.BOTH.,#3376);
#3222=SURFACE_STYLE_USAGE(.BOTH.,#3377);
#3223=SURFACE_STYLE_USAGE(.BOTH.,#3378);
#3224=SURFACE_STYLE_USAGE(.BOTH.,#3379);
#3225=SURFACE_STYLE_USAGE(.BOTH.,#3380);
#3226=SURFACE_STYLE_USAGE(.BOTH.,#3381);
#3227=SURFACE_STYLE_USAGE(.BOTH.,#3382);
#3228=SURFACE_STYLE_USAGE(.BOTH.,#3383);
#3229=SURFACE_STYLE_USAGE(.BOTH.,#3384);
#3230=SURFACE_STYLE_USAGE(.BOTH.,#3385);
#3231=SURFACE_STYLE_USAGE(.BOTH.,#3386);
#3232=SURFACE_STYLE_USAGE(.BOTH.,#3387);
#3233=SURFACE_STYLE_USAGE(.BOTH.,#3388);
#3234=SURFACE_STYLE_USAGE(.BOTH.,#3389);
#3235=SURFACE_STYLE_USAGE(.BOTH.,#3390);
#3236=SURFACE_STYLE_USAGE(.BOTH.,#3391);
#3237=SURFACE_STYLE_USAGE(.BOTH.,#3392);
#3238=SURFACE_STYLE_USAGE(.BOTH.,#3393);
#3239=SURFACE_STYLE_USAGE(.BOTH.,#3394);
#3240=SURFACE_STYLE_USAGE(.BOTH.,#3395);
#3241=SURFACE_STYLE_USAGE(.BOTH.,#3396);
#3242=SURFACE_STYLE_USAGE(.BOTH.,#3397);
#3243=SURFACE_STYLE_USAGE(.BOTH.,#3398);
#3244=SURFACE_STYLE_USAGE(.BOTH.,#3399);
#3245=SURFACE_STYLE_USAGE(.BOTH.,#3400);
#3246=SURFACE_STYLE_USAGE(.BOTH.,#3401);
#3247=SURFACE_STYLE_USAGE(.BOTH.,#3402);
#3248=SURFACE_STYLE_USAGE(.BOTH.,#3403);
#3249=SURFACE_STYLE_USAGE(.BOTH.,#3404);
#3250=SURFACE_STYLE_USAGE(.BOTH.,#3405);
#3251=SURFACE_STYLE_USAGE(.BOTH.,#3406);
#3252=SURFACE_STYLE_USAGE(.BOTH.,#3407);
#3253=SURFACE_STYLE_USAGE(.BOTH.,#3408);
#3254=SURFACE_STYLE_USAGE(.BOTH.,#3409);
#3255=SURFACE_STYLE_USAGE(.BOTH.,#3410);
#3256=SURFACE_STYLE_USAGE(.BOTH.,#3411);
#3257=SURFACE_STYLE_USAGE(.BOTH.,#3412);
#3258=SURFACE_STYLE_USAGE(.BOTH.,#3413);
#3259=SURFACE_STYLE_USAGE(.BOTH.,#3414);
#3260=SURFACE_STYLE_USAGE(.BOTH.,#3415);
#3261=SURFACE_STYLE_USAGE(.BOTH.,#3416);
#3262=SURFACE_STYLE_USAGE(.BOTH.,#3417);
#3263=SURFACE_STYLE_USAGE(.BOTH.,#3418);
#3264=SURFACE_STYLE_USAGE(.BOTH.,#3419);
#3265=SURFACE_STYLE_USAGE(.BOTH.,#3420);
#3266=SURFACE_STYLE_USAGE(.BOTH.,#3421);
#3267=SURFACE_STYLE_USAGE(.BOTH.,#3422);
#3268=SURFACE_STYLE_USAGE(.BOTH.,#3423);
#3269=SURFACE_STYLE_USAGE(.BOTH.,#3424);
#3270=SURFACE_STYLE_USAGE(.BOTH.,#3425);
#3271=SURFACE_STYLE_USAGE(.BOTH.,#3426);
#3272=SURFACE_STYLE_USAGE(.BOTH.,#3427);
#3273=SURFACE_STYLE_USAGE(.BOTH.,#3428);
#3274=SURFACE_STYLE_USAGE(.BOTH.,#3429);
#3275=SURFACE_STYLE_USAGE(.BOTH.,#3430);
#3276=SURFACE_STYLE_USAGE(.BOTH.,#3431);
#3277=SURFACE_STYLE_USAGE(.BOTH.,#3432);
#3278=SURFACE_STYLE_USAGE(.BOTH.,#3433);
#3279=SURFACE_STYLE_USAGE(.BOTH.,#3434);
#3280=SURFACE_STYLE_USAGE(.BOTH.,#3435);
#3281=SURFACE_STYLE_USAGE(.BOTH.,#3436);
#3282=SURFACE_STYLE_USAGE(.BOTH.,#3437);
#3283=SURFACE_STYLE_USAGE(.BOTH.,#3438);
#3284=SURFACE_STYLE_USAGE(.BOTH.,#3439);
#3285=SURFACE_STYLE_USAGE(.BOTH.,#3440);
#3286=SURFACE_STYLE_USAGE(.BOTH.,#3441);
#3287=SURFACE_STYLE_USAGE(.BOTH.,#3442);
#3288=SURFACE_SIDE_STYLE('',(#3443));
#3289=SURFACE_SIDE_STYLE('',(#3444));
#3290=SURFACE_SIDE_STYLE('',(#3445));
#3291=SURFACE_SIDE_STYLE('',(#3446));
#3292=SURFACE_SIDE_STYLE('',(#3447));
#3293=SURFACE_SIDE_STYLE('',(#3448));
#3294=SURFACE_SIDE_STYLE('',(#3449));
#3295=SURFACE_SIDE_STYLE('',(#3450));
#3296=SURFACE_SIDE_STYLE('',(#3451));
#3297=SURFACE_SIDE_STYLE('',(#3452));
#3298=SURFACE_SIDE_STYLE('',(#3453));
#3299=SURFACE_SIDE_STYLE('',(#3454));
#3300=SURFACE_SIDE_STYLE('',(#3455));
#3301=SURFACE_SIDE_STYLE('',(#3456));
#3302=SURFACE_SIDE_STYLE('',(#3457));
#3303=SURFACE_SIDE_STYLE('',(#3458));
#3304=SURFACE_SIDE_STYLE('',(#3459));
#3305=SURFACE_SIDE_STYLE('',(#3460));
#3306=SURFACE_SIDE_STYLE('',(#3461));
#3307=SURFACE_SIDE_STYLE('',(#3462));
#3308=SURFACE_SIDE_STYLE('',(#3463));
#3309=SURFACE_SIDE_STYLE('',(#3464));
#3310=SURFACE_SIDE_STYLE('',(#3465));
#3311=SURFACE_SIDE_STYLE('',(#3466));
#3312=SURFACE_SIDE_STYLE('',(#3467));
#3313=SURFACE_SIDE_STYLE('',(#3468));
#3314=SURFACE_SIDE_STYLE('',(#3469));
#3315=SURFACE_SIDE_STYLE('',(#3470));
#3316=SURFACE_SIDE_STYLE('',(#3471));
#3317=SURFACE_SIDE_STYLE('',(#3472));
#3318=SURFACE_SIDE_STYLE('',(#3473));
#3319=SURFACE_SIDE_STYLE('',(#3474));
#3320=SURFACE_SIDE_STYLE('',(#3475));
#3321=SURFACE_SIDE_STYLE('',(#3476));
#3322=SURFACE_SIDE_STYLE('',(#3477));
#3323=SURFACE_SIDE_STYLE('',(#3478));
#3324=SURFACE_SIDE_STYLE('',(#3479));
#3325=SURFACE_SIDE_STYLE('',(#3480));
#3326=SURFACE_SIDE_STYLE('',(#3481));
#3327=SURFACE_SIDE_STYLE('',(#3482));
#3328=SURFACE_SIDE_STYLE('',(#3483));
#3329=SURFACE_SIDE_STYLE('',(#3484));
#3330=SURFACE_SIDE_STYLE('',(#3485));
#3331=SURFACE_SIDE_STYLE('',(#3486));
#3332=SURFACE_SIDE_STYLE('',(#3487));
#3333=SURFACE_SIDE_STYLE('',(#3488));
#3334=SURFACE_SIDE_STYLE('',(#3489));
#3335=SURFACE_SIDE_STYLE('',(#3490));
#3336=SURFACE_SIDE_STYLE('',(#3491));
#3337=SURFACE_SIDE_STYLE('',(#3492));
#3338=SURFACE_SIDE_STYLE('',(#3493));
#3339=SURFACE_SIDE_STYLE('',(#3494));
#3340=SURFACE_SIDE_STYLE('',(#3495));
#3341=SURFACE_SIDE_STYLE('',(#3496));
#3342=SURFACE_SIDE_STYLE('',(#3497));
#3343=SURFACE_SIDE_STYLE('',(#3498));
#3344=SURFACE_SIDE_STYLE('',(#3499));
#3345=SURFACE_SIDE_STYLE('',(#3500));
#3346=SURFACE_SIDE_STYLE('',(#3501));
#3347=SURFACE_SIDE_STYLE('',(#3502));
#3348=SURFACE_SIDE_STYLE('',(#3503));
#3349=SURFACE_SIDE_STYLE('',(#3504));
#3350=SURFACE_SIDE_STYLE('',(#3505));
#3351=SURFACE_SIDE_STYLE('',(#3506));
#3352=SURFACE_SIDE_STYLE('',(#3507));
#3353=SURFACE_SIDE_STYLE('',(#3508));
#3354=SURFACE_SIDE_STYLE('',(#3509));
#3355=SURFACE_SIDE_STYLE('',(#3510));
#3356=SURFACE_SIDE_STYLE('',(#3511));
#3357=SURFACE_SIDE_STYLE('',(#3512));
#3358=SURFACE_SIDE_STYLE('',(#3513));
#3359=SURFACE_SIDE_STYLE('',(#3514));
#3360=SURFACE_SIDE_STYLE('',(#3515));
#3361=SURFACE_SIDE_STYLE('',(#3516));
#3362=SURFACE_SIDE_STYLE('',(#3517));
#3363=SURFACE_SIDE_STYLE('',(#3518));
#3364=SURFACE_SIDE_STYLE('',(#3519));
#3365=SURFACE_SIDE_STYLE('',(#3520));
#3366=SURFACE_SIDE_STYLE('',(#3521));
#3367=SURFACE_SIDE_STYLE('',(#3522));
#3368=SURFACE_SIDE_STYLE('',(#3523));
#3369=SURFACE_SIDE_STYLE('',(#3524));
#3370=SURFACE_SIDE_STYLE('',(#3525));
#3371=SURFACE_SIDE_STYLE('',(#3526));
#3372=SURFACE_SIDE_STYLE('',(#3527));
#3373=SURFACE_SIDE_STYLE('',(#3528));
#3374=SURFACE_SIDE_STYLE('',(#3529));
#3375=SURFACE_SIDE_STYLE('',(#3530));
#3376=SURFACE_SIDE_STYLE('',(#3531));
#3377=SURFACE_SIDE_STYLE('',(#3532));
#3378=SURFACE_SIDE_STYLE('',(#3533));
#3379=SURFACE_SIDE_STYLE('',(#3534));
#3380=SURFACE_SIDE_STYLE('',(#3535));
#3381=SURFACE_SIDE_STYLE('',(#3536));
#3382=SURFACE_SIDE_STYLE('',(#3537));
#3383=SURFACE_SIDE_STYLE('',(#3538));
#3384=SURFACE_SIDE_STYLE('',(#3539));
#3385=SURFACE_SIDE_STYLE('',(#3540));
#3386=SURFACE_SIDE_STYLE('',(#3541));
#3387=SURFACE_SIDE_STYLE('',(#3542));
#3388=SURFACE_SIDE_STYLE('',(#3543));
#3389=SURFACE_SIDE_STYLE('',(#3544));
#3390=SURFACE_SIDE_STYLE('',(#3545));
#3391=SURFACE_SIDE_STYLE('',(#3546));
#3392=SURFACE_SIDE_STYLE('',(#3547));
#3393=SURFACE_SIDE_STYLE('',(#3548));
#3394=SURFACE_SIDE_STYLE('',(#3549));
#3395=SURFACE_SIDE_STYLE('',(#3550));
#3396=SURFACE_SIDE_STYLE('',(#3551));
#3397=SURFACE_SIDE_STYLE('',(#3552));
#3398=SURFACE_SIDE_STYLE('',(#3553));
#3399=SURFACE_SIDE_STYLE('',(#3554));
#3400=SURFACE_SIDE_STYLE('',(#3555));
#3401=SURFACE_SIDE_STYLE('',(#3556));
#3402=SURFACE_SIDE_STYLE('',(#3557));
#3403=SURFACE_SIDE_STYLE('',(#3558));
#3404=SURFACE_SIDE_STYLE('',(#3559));
#3405=SURFACE_SIDE_STYLE('',(#3560));
#3406=SURFACE_SIDE_STYLE('',(#3561));
#3407=SURFACE_SIDE_STYLE('',(#3562));
#3408=SURFACE_SIDE_STYLE('',(#3563));
#3409=SURFACE_SIDE_STYLE('',(#3564));
#3410=SURFACE_SIDE_STYLE('',(#3565));
#3411=SURFACE_SIDE_STYLE('',(#3566));
#3412=SURFACE_SIDE_STYLE('',(#3567));
#3413=SURFACE_SIDE_STYLE('',(#3568));
#3414=SURFACE_SIDE_STYLE('',(#3569));
#3415=SURFACE_SIDE_STYLE('',(#3570));
#3416=SURFACE_SIDE_STYLE('',(#3571));
#3417=SURFACE_SIDE_STYLE('',(#3572));
#3418=SURFACE_SIDE_STYLE('',(#3573));
#3419=SURFACE_SIDE_STYLE('',(#3574));
#3420=SURFACE_SIDE_STYLE('',(#3575));
#3421=SURFACE_SIDE_STYLE('',(#3576));
#3422=SURFACE_SIDE_STYLE('',(#3577));
#3423=SURFACE_SIDE_STYLE('',(#3578));
#3424=SURFACE_SIDE_STYLE('',(#3579));
#3425=SURFACE_SIDE_STYLE('',(#3580));
#3426=SURFACE_SIDE_STYLE('',(#3581));
#3427=SURFACE_SIDE_STYLE('',(#3582));
#3428=SURFACE_SIDE_STYLE('',(#3583));
#3429=SURFACE_SIDE_STYLE('',(#3584));
#3430=SURFACE_SIDE_STYLE('',(#3585));
#3431=SURFACE_SIDE_STYLE('',(#3586));
#3432=SURFACE_SIDE_STYLE('',(#3587));
#3433=SURFACE_SIDE_STYLE('',(#3588));
#3434=SURFACE_SIDE_STYLE('',(#3589));
#3435=SURFACE_SIDE_STYLE('',(#3590));
#3436=SURFACE_SIDE_STYLE('',(#3591));
#3437=SURFACE_SIDE_STYLE('',(#3592));
#3438=SURFACE_SIDE_STYLE('',(#3593));
#3439=SURFACE_SIDE_STYLE('',(#3594));
#3440=SURFACE_SIDE_STYLE('',(#3595));
#3441=SURFACE_SIDE_STYLE('',(#3596));
#3442=SURFACE_SIDE_STYLE('',(#3597));
#3443=SURFACE_STYLE_FILL_AREA(#3598);
#3444=SURFACE_STYLE_FILL_AREA(#3599);
#3445=SURFACE_STYLE_FILL_AREA(#3600);
#3446=SURFACE_STYLE_FILL_AREA(#3601);
#3447=SURFACE_STYLE_FILL_AREA(#3602);
#3448=SURFACE_STYLE_FILL_AREA(#3603);
#3449=SURFACE_STYLE_FILL_AREA(#3604);
#3450=SURFACE_STYLE_FILL_AREA(#3605);
#3451=SURFACE_STYLE_FILL_AREA(#3606);
#3452=SURFACE_STYLE_FILL_AREA(#3607);
#3453=SURFACE_STYLE_FILL_AREA(#3608);
#3454=SURFACE_STYLE_FILL_AREA(#3609);
#3455=SURFACE_STYLE_FILL_AREA(#3610);
#3456=SURFACE_STYLE_FILL_AREA(#3611);
#3457=SURFACE_STYLE_FILL_AREA(#3612);
#3458=SURFACE_STYLE_FILL_AREA(#3613);
#3459=SURFACE_STYLE_FILL_AREA(#3614);
#3460=SURFACE_STYLE_FILL_AREA(#3615);
#3461=SURFACE_STYLE_FILL_AREA(#3616);
#3462=SURFACE_STYLE_FILL_AREA(#3617);
#3463=SURFACE_STYLE_FILL_AREA(#3618);
#3464=SURFACE_STYLE_FILL_AREA(#3619);
#3465=SURFACE_STYLE_FILL_AREA(#3620);
#3466=SURFACE_STYLE_FILL_AREA(#3621);
#3467=SURFACE_STYLE_FILL_AREA(#3622);
#3468=SURFACE_STYLE_FILL_AREA(#3623);
#3469=SURFACE_STYLE_FILL_AREA(#3624);
#3470=SURFACE_STYLE_FILL_AREA(#3625);
#3471=SURFACE_STYLE_FILL_AREA(#3626);
#3472=SURFACE_STYLE_FILL_AREA(#3627);
#3473=SURFACE_STYLE_FILL_AREA(#3628);
#3474=SURFACE_STYLE_FILL_AREA(#3629);
#3475=SURFACE_STYLE_FILL_AREA(#3630);
#3476=SURFACE_STYLE_FILL_AREA(#3631);
#3477=SURFACE_STYLE_FILL_AREA(#3632);
#3478=SURFACE_STYLE_FILL_AREA(#3633);
#3479=SURFACE_STYLE_FILL_AREA(#3634);
#3480=SURFACE_STYLE_FILL_AREA(#3635);
#3481=SURFACE_STYLE_FILL_AREA(#3636);
#3482=SURFACE_STYLE_FILL_AREA(#3637);
#3483=SURFACE_STYLE_FILL_AREA(#3638);
#3484=SURFACE_STYLE_FILL_AREA(#3639);
#3485=SURFACE_STYLE_FILL_AREA(#3640);
#3486=SURFACE_STYLE_FILL_AREA(#3641);
#3487=SURFACE_STYLE_FILL_AREA(#3642);
#3488=SURFACE_STYLE_FILL_AREA(#3643);
#3489=SURFACE_STYLE_FILL_AREA(#3644);
#3490=SURFACE_STYLE_FILL_AREA(#3645);
#3491=SURFACE_STYLE_FILL_AREA(#3646);
#3492=SURFACE_STYLE_FILL_AREA(#3647);
#3493=SURFACE_STYLE_FILL_AREA(#3648);
#3494=SURFACE_STYLE_FILL_AREA(#3649);
#3495=SURFACE_STYLE_FILL_AREA(#3650);
#3496=SURFACE_STYLE_FILL_AREA(#3651);
#3497=SURFACE_STYLE_FILL_AREA(#3652);
#3498=SURFACE_STYLE_FILL_AREA(#3653);
#3499=SURFACE_STYLE_FILL_AREA(#3654);
#3500=SURFACE_STYLE_FILL_AREA(#3655);
#3501=SURFACE_STYLE_FILL_AREA(#3656);
#3502=SURFACE_STYLE_FILL_AREA(#3657);
#3503=SURFACE_STYLE_FILL_AREA(#3658);
#3504=SURFACE_STYLE_FILL_AREA(#3659);
#3505=SURFACE_STYLE_FILL_AREA(#3660);
#3506=SURFACE_STYLE_FILL_AREA(#3661);
#3507=SURFACE_STYLE_FILL_AREA(#3662);
#3508=SURFACE_STYLE_FILL_AREA(#3663);
#3509=SURFACE_STYLE_FILL_AREA(#3664);
#3510=SURFACE_STYLE_FILL_AREA(#3665);
#3511=SURFACE_STYLE_FILL_AREA(#3666);
#3512=SURFACE_STYLE_FILL_AREA(#3667);
#3513=SURFACE_STYLE_FILL_AREA(#3668);
#3514=SURFACE_STYLE_FILL_AREA(#3669);
#3515=SURFACE_STYLE_FILL_AREA(#3670);
#3516=SURFACE_STYLE_FILL_AREA(#3671);
#3517=SURFACE_STYLE_FILL_AREA(#3672);
#3518=SURFACE_STYLE_FILL_AREA(#3673);
#3519=SURFACE_STYLE_FILL_AREA(#3674);
#3520=SURFACE_STYLE_FILL_AREA(#3675);
#3521=SURFACE_STYLE_FILL_AREA(#3676);
#3522=SURFACE_STYLE_FILL_AREA(#3677);
#3523=SURFACE_STYLE_FILL_AREA(#3678);
#3524=SURFACE_STYLE_FILL_AREA(#3679);
#3525=SURFACE_STYLE_FILL_AREA(#3680);
#3526=SURFACE_STYLE_FILL_AREA(#3681);
#3527=SURFACE_STYLE_FILL_AREA(#3682);
#3528=SURFACE_STYLE_FILL_AREA(#3683);
#3529=SURFACE_STYLE_FILL_AREA(#3684);
#3530=SURFACE_STYLE_FILL_AREA(#3685);
#3531=SURFACE_STYLE_FILL_AREA(#3686);
#3532=SURFACE_STYLE_FILL_AREA(#3687);
#3533=SURFACE_STYLE_FILL_AREA(#3688);
#3534=SURFACE_STYLE_FILL_AREA(#3689);
#3535=SURFACE_STYLE_FILL_AREA(#3690);
#3536=SURFACE_STYLE_FILL_AREA(#3691);
#3537=SURFACE_STYLE_FILL_AREA(#3692);
#3538=SURFACE_STYLE_FILL_AREA(#3693);
#3539=SURFACE_STYLE_FILL_AREA(#3694);
#3540=SURFACE_STYLE_FILL_AREA(#3695);
#3541=SURFACE_STYLE_FILL_AREA(#3696);
#3542=SURFACE_STYLE_FILL_AREA(#3697);
#3543=SURFACE_STYLE_FILL_AREA(#3698);
#3544=SURFACE_STYLE_FILL_AREA(#3699);
#3545=SURFACE_STYLE_FILL_AREA(#3700);
#3546=SURFACE_STYLE_FILL_AREA(#3701);
#3547=SURFACE_STYLE_FILL_AREA(#3702);
#3548=SURFACE_STYLE_FILL_AREA(#3703);
#3549=SURFACE_STYLE_FILL_AREA(#3704);
#3550=SURFACE_STYLE_FILL_AREA(#3705);
#3551=SURFACE_STYLE_FILL_AREA(#3706);
#3552=SURFACE_STYLE_FILL_AREA(#3707);
#3553=SURFACE_STYLE_FILL_AREA(#3708);
#3554=SURFACE_STYLE_FILL_AREA(#3709);
#3555=SURFACE_STYLE_FILL_AREA(#3710);
#3556=SURFACE_STYLE_FILL_AREA(#3711);
#3557=SURFACE_STYLE_FILL_AREA(#3712);
#3558=SURFACE_STYLE_FILL_AREA(#3713);
#3559=SURFACE_STYLE_FILL_AREA(#3714);
#3560=SURFACE_STYLE_FILL_AREA(#3715);
#3561=SURFACE_STYLE_FILL_AREA(#3716);
#3562=SURFACE_STYLE_FILL_AREA(#3717);
#3563=SURFACE_STYLE_FILL_AREA(#3718);
#3564=SURFACE_STYLE_FILL_AREA(#3719);
#3565=SURFACE_STYLE_FILL_AREA(#3720);
#3566=SURFACE_STYLE_FILL_AREA(#3721);
#3567=SURFACE_STYLE_FILL_AREA(#3722);
#3568=SURFACE_STYLE_FILL_AREA(#3723);
#3569=SURFACE_STYLE_FILL_AREA(#3724);
#3570=SURFACE_STYLE_FILL_AREA(#3725);
#3571=SURFACE_STYLE_FILL_AREA(#3726);
#3572=SURFACE_STYLE_FILL_AREA(#3727);
#3573=SURFACE_STYLE_FILL_AREA(#3728);
#3574=SURFACE_STYLE_FILL_AREA(#3729);
#3575=SURFACE_STYLE_FILL_AREA(#3730);
#3576=SURFACE_STYLE_FILL_AREA(#3731);
#3577=SURFACE_STYLE_FILL_AREA(#3732);
#3578=SURFACE_STYLE_FILL_AREA(#3733);
#3579=SURFACE_STYLE_FILL_AREA(#3734);
#3580=SURFACE_STYLE_FILL_AREA(#3735);
#3581=SURFACE_STYLE_FILL_AREA(#3736);
#3582=SURFACE_STYLE_FILL_AREA(#3737);
#3583=SURFACE_STYLE_FILL_AREA(#3738);
#3584=SURFACE_STYLE_FILL_AREA(#3739);
#3585=SURFACE_STYLE_FILL_AREA(#3740);
#3586=SURFACE_STYLE_FILL_AREA(#3741);
#3587=SURFACE_STYLE_FILL_AREA(#3742);
#3588=SURFACE_STYLE_FILL_AREA(#3743);
#3589=SURFACE_STYLE_FILL_AREA(#3744);
#3590=SURFACE_STYLE_FILL_AREA(#3745);
#3591=SURFACE_STYLE_FILL_AREA(#3746);
#3592=SURFACE_STYLE_FILL_AREA(#3747);
#3593=SURFACE_STYLE_FILL_AREA(#3748);
#3594=SURFACE_STYLE_FILL_AREA(#3749);
#3595=SURFACE_STYLE_FILL_AREA(#3750);
#3596=SURFACE_STYLE_FILL_AREA(#3751);
#3597=SURFACE_STYLE_FILL_AREA(#3752);
#3598=FILL_AREA_STYLE('',(#3753));
#3599=FILL_AREA_STYLE('',(#3754));
#3600=FILL_AREA_STYLE('',(#3755));
#3601=FILL_AREA_STYLE('',(#3756));
#3602=FILL_AREA_STYLE('',(#3757));
#3603=FILL_AREA_STYLE('',(#3758));
#3604=FILL_AREA_STYLE('',(#3759));
#3605=FILL_AREA_STYLE('',(#3760));
#3606=FILL_AREA_STYLE('',(#3761));
#3607=FILL_AREA_STYLE('',(#3762));
#3608=FILL_AREA_STYLE('',(#3763));
#3609=FILL_AREA_STYLE('',(#3764));
#3610=FILL_AREA_STYLE('',(#3765));
#3611=FILL_AREA_STYLE('',(#3766));
#3612=FILL_AREA_STYLE('',(#3767));
#3613=FILL_AREA_STYLE('',(#3768));
#3614=FILL_AREA_STYLE('',(#3769));
#3615=FILL_AREA_STYLE('',(#3770));
#3616=FILL_AREA_STYLE('',(#3771));
#3617=FILL_AREA_STYLE('',(#3772));
#3618=FILL_AREA_STYLE('',(#3773));
#3619=FILL_AREA_STYLE('',(#3774));
#3620=FILL_AREA_STYLE('',(#3775));
#3621=FILL_AREA_STYLE('',(#3776));
#3622=FILL_AREA_STYLE('',(#3777));
#3623=FILL_AREA_STYLE('',(#3778));
#3624=FILL_AREA_STYLE('',(#3779));
#3625=FILL_AREA_STYLE('',(#3780));
#3626=FILL_AREA_STYLE('',(#3781));
#3627=FILL_AREA_STYLE('',(#3782));
#3628=FILL_AREA_STYLE('',(#3783));
#3629=FILL_AREA_STYLE('',(#3784));
#3630=FILL_AREA_STYLE('',(#3785));
#3631=FILL_AREA_STYLE('',(#3786));
#3632=FILL_AREA_STYLE('',(#3787));
#3633=FILL_AREA_STYLE('',(#3788));
#3634=FILL_AREA_STYLE('',(#3789));
#3635=FILL_AREA_STYLE('',(#3790));
#3636=FILL_AREA_STYLE('',(#3791));
#3637=FILL_AREA_STYLE('',(#3792));
#3638=FILL_AREA_STYLE('',(#3793));
#3639=FILL_AREA_STYLE('',(#3794));
#3640=FILL_AREA_STYLE('',(#3795));
#3641=FILL_AREA_STYLE('',(#3796));
#3642=FILL_AREA_STYLE('',(#3797));
#3643=FILL_AREA_STYLE('',(#3798));
#3644=FILL_AREA_STYLE('',(#3799));
#3645=FILL_AREA_STYLE('',(#3800));
#3646=FILL_AREA_STYLE('',(#3801));
#3647=FILL_AREA_STYLE('',(#3802));
#3648=FILL_AREA_STYLE('',(#3803));
#3649=FILL_AREA_STYLE('',(#3804));
#3650=FILL_AREA_STYLE('',(#3805));
#3651=FILL_AREA_STYLE('',(#3806));
#3652=FILL_AREA_STYLE('',(#3807));
#3653=FILL_AREA_STYLE('',(#3808));
#3654=FILL_AREA_STYLE('',(#3809));
#3655=FILL_AREA_STYLE('',(#3810));
#3656=FILL_AREA_STYLE('',(#3811));
#3657=FILL_AREA_STYLE('',(#3812));
#3658=FILL_AREA_STYLE('',(#3813));
#3659=FILL_AREA_STYLE('',(#3814));
#3660=FILL_AREA_STYLE('',(#3815));
#3661=FILL_AREA_STYLE('',(#3816));
#3662=FILL_AREA_STYLE('',(#3817));
#3663=FILL_AREA_STYLE('',(#3818));
#3664=FILL_AREA_STYLE('',(#3819));
#3665=FILL_AREA_STYLE('',(#3820));
#3666=FILL_AREA_STYLE('',(#3821));
#3667=FILL_AREA_STYLE('',(#3822));
#3668=FILL_AREA_STYLE('',(#3823));
#3669=FILL_AREA_STYLE('',(#3824));
#3670=FILL_AREA_STYLE('',(#3825));
#3671=FILL_AREA_STYLE('',(#3826));
#3672=FILL_AREA_STYLE('',(#3827));
#3673=FILL_AREA_STYLE('',(#3828));
#3674=FILL_AREA_STYLE('',(#3829));
#3675=FILL_AREA_STYLE('',(#3830));
#3676=FILL_AREA_STYLE('',(#3831));
#3677=FILL_AREA_STYLE('',(#3832));
#3678=FILL_AREA_STYLE('',(#3833));
#3679=FILL_AREA_STYLE('',(#3834));
#3680=FILL_AREA_STYLE('',(#3835));
#3681=FILL_AREA_STYLE('',(#3836));
#3682=FILL_AREA_STYLE('',(#3837));
#3683=FILL_AREA_STYLE('',(#3838));
#3684=FILL_AREA_STYLE('',(#3839));
#3685=FILL_AREA_STYLE('',(#3840));
#3686=FILL_AREA_STYLE('',(#3841));
#3687=FILL_AREA_STYLE('',(#3842));
#3688=FILL_AREA_STYLE('',(#3843));
#3689=FILL_AREA_STYLE('',(#3844));
#3690=FILL_AREA_STYLE('',(#3845));
#3691=FILL_AREA_STYLE('',(#3846));
#3692=FILL_AREA_STYLE('',(#3847));
#3693=FILL_AREA_STYLE('',(#3848));
#3694=FILL_AREA_STYLE('',(#3849));
#3695=FILL_AREA_STYLE('',(#3850));
#3696=FILL_AREA_STYLE('',(#3851));
#3697=FILL_AREA_STYLE('',(#3852));
#3698=FILL_AREA_STYLE('',(#3853));
#3699=FILL_AREA_STYLE('',(#3854));
#3700=FILL_AREA_STYLE('',(#3855));
#3701=FILL_AREA_STYLE('',(#3856));
#3702=FILL_AREA_STYLE('',(#3857));
#3703=FILL_AREA_STYLE('',(#3858));
#3704=FILL_AREA_STYLE('',(#3859));
#3705=FILL_AREA_STYLE('',(#3860));
#3706=FILL_AREA_STYLE('',(#3861));
#3707=FILL_AREA_STYLE('',(#3862));
#3708=FILL_AREA_STYLE('',(#3863));
#3709=FILL_AREA_STYLE('',(#3864));
#3710=FILL_AREA_STYLE('',(#3865));
#3711=FILL_AREA_STYLE('',(#3866));
#3712=FILL_AREA_STYLE('',(#3867));
#3713=FILL_AREA_STYLE('',(#3868));
#3714=FILL_AREA_STYLE('',(#3869));
#3715=FILL_AREA_STYLE('',(#3870));
#3716=FILL_AREA_STYLE('',(#3871));
#3717=FILL_AREA_STYLE('',(#3872));
#3718=FILL_AREA_STYLE('',(#3873));
#3719=FILL_AREA_STYLE('',(#3874));
#3720=FILL_AREA_STYLE('',(#3875));
#3721=FILL_AREA_STYLE('',(#3876));
#3722=FILL_AREA_STYLE('',(#3877));
#3723=FILL_AREA_STYLE('',(#3878));
#3724=FILL_AREA_STYLE('',(#3879));
#3725=FILL_AREA_STYLE('',(#3880));
#3726=FILL_AREA_STYLE('',(#3881));
#3727=FILL_AREA_STYLE('',(#3882));
#3728=FILL_AREA_STYLE('',(#3883));
#3729=FILL_AREA_STYLE('',(#3884));
#3730=FILL_AREA_STYLE('',(#3885));
#3731=FILL_AREA_STYLE('',(#3886));
#3732=FILL_AREA_STYLE('',(#3887));
#3733=FILL_AREA_STYLE('',(#3888));
#3734=FILL_AREA_STYLE('',(#3889));
#3735=FILL_AREA_STYLE('',(#3890));
#3736=FILL_AREA_STYLE('',(#3891));
#3737=FILL_AREA_STYLE('',(#3892));
#3738=FILL_AREA_STYLE('',(#3893));
#3739=FILL_AREA_STYLE('',(#3894));
#3740=FILL_AREA_STYLE('',(#3895));
#3741=FILL_AREA_STYLE('',(#3896));
#3742=FILL_AREA_STYLE('',(#3897));
#3743=FILL_AREA_STYLE('',(#3898));
#3744=FILL_AREA_STYLE('',(#3899));
#3745=FILL_AREA_STYLE('',(#3900));
#3746=FILL_AREA_STYLE('',(#3901));
#3747=FILL_AREA_STYLE('',(#3902));
#3748=FILL_AREA_STYLE('',(#3903));
#3749=FILL_AREA_STYLE('',(#3904));
#3750=FILL_AREA_STYLE('',(#3905));
#3751=FILL_AREA_STYLE('',(#3906));
#3752=FILL_AREA_STYLE('',(#3907));
#3753=FILL_AREA_STYLE_COLOUR('',#3908);
#3754=FILL_AREA_STYLE_COLOUR('',#3909);
#3755=FILL_AREA_STYLE_COLOUR('',#3909);
#3756=FILL_AREA_STYLE_COLOUR('',#3909);
#3757=FILL_AREA_STYLE_COLOUR('',#3909);
#3758=FILL_AREA_STYLE_COLOUR('',#3909);
#3759=FILL_AREA_STYLE_COLOUR('',#3909);
#3760=FILL_AREA_STYLE_COLOUR('',#3909);
#3761=FILL_AREA_STYLE_COLOUR('',#3909);
#3762=FILL_AREA_STYLE_COLOUR('',#3909);
#3763=FILL_AREA_STYLE_COLOUR('',#3909);
#3764=FILL_AREA_STYLE_COLOUR('',#3909);
#3765=FILL_AREA_STYLE_COLOUR('',#3909);
#3766=FILL_AREA_STYLE_COLOUR('',#3909);
#3767=FILL_AREA_STYLE_COLOUR('',#3909);
#3768=FILL_AREA_STYLE_COLOUR('',#3909);
#3769=FILL_AREA_STYLE_COLOUR('',#3909);
#3770=FILL_AREA_STYLE_COLOUR('',#3909);
#3771=FILL_AREA_STYLE_COLOUR('',#3909);
#3772=FILL_AREA_STYLE_COLOUR('',#3909);
#3773=FILL_AREA_STYLE_COLOUR('',#3909);
#3774=FILL_AREA_STYLE_COLOUR('',#3909);
#3775=FILL_AREA_STYLE_COLOUR('',#3909);
#3776=FILL_AREA_STYLE_COLOUR('',#3909);
#3777=FILL_AREA_STYLE_COLOUR('',#3909);
#3778=FILL_AREA_STYLE_COLOUR('',#3909);
#3779=FILL_AREA_STYLE_COLOUR('',#3909);
#3780=FILL_AREA_STYLE_COLOUR('',#3909);
#3781=FILL_AREA_STYLE_COLOUR('',#3909);
#3782=FILL_AREA_STYLE_COLOUR('',#3909);
#3783=FILL_AREA_STYLE_COLOUR('',#3909);
#3784=FILL_AREA_STYLE_COLOUR('',#3909);
#3785=FILL_AREA_STYLE_COLOUR('',#3909);
#3786=FILL_AREA_STYLE_COLOUR('',#3909);
#3787=FILL_AREA_STYLE_COLOUR('',#3909);
#3788=FILL_AREA_STYLE_COLOUR('',#3909);
#3789=FILL_AREA_STYLE_COLOUR('',#3909);
#3790=FILL_AREA_STYLE_COLOUR('',#3909);
#3791=FILL_AREA_STYLE_COLOUR('',#3909);
#3792=FILL_AREA_STYLE_COLOUR('',#3909);
#3793=FILL_AREA_STYLE_COLOUR('',#3909);
#3794=FILL_AREA_STYLE_COLOUR('',#3909);
#3795=FILL_AREA_STYLE_COLOUR('',#3909);
#3796=FILL_AREA_STYLE_COLOUR('',#3909);
#3797=FILL_AREA_STYLE_COLOUR('',#3909);
#3798=FILL_AREA_STYLE_COLOUR('',#3909);
#3799=FILL_AREA_STYLE_COLOUR('',#3909);
#3800=FILL_AREA_STYLE_COLOUR('',#3909);
#3801=FILL_AREA_STYLE_COLOUR('',#3909);
#3802=FILL_AREA_STYLE_COLOUR('',#3909);
#3803=FILL_AREA_STYLE_COLOUR('',#3909);
#3804=FILL_AREA_STYLE_COLOUR('',#3909);
#3805=FILL_AREA_STYLE_COLOUR('',#3909);
#3806=FILL_AREA_STYLE_COLOUR('',#3909);
#3807=FILL_AREA_STYLE_COLOUR('',#3909);
#3808=FILL_AREA_STYLE_COLOUR('',#3909);
#3809=FILL_AREA_STYLE_COLOUR('',#3909);
#3810=FILL_AREA_STYLE_COLOUR('',#3909);
#3811=FILL_AREA_STYLE_COLOUR('',#3909);
#3812=FILL_AREA_STYLE_COLOUR('',#3909);
#3813=FILL_AREA_STYLE_COLOUR('',#3909);
#3814=FILL_AREA_STYLE_COLOUR('',#3909);
#3815=FILL_AREA_STYLE_COLOUR('',#3909);
#3816=FILL_AREA_STYLE_COLOUR('',#3909);
#3817=FILL_AREA_STYLE_COLOUR('',#3909);
#3818=FILL_AREA_STYLE_COLOUR('',#3909);
#3819=FILL_AREA_STYLE_COLOUR('',#3909);
#3820=FILL_AREA_STYLE_COLOUR('',#3909);
#3821=FILL_AREA_STYLE_COLOUR('',#3909);
#3822=FILL_AREA_STYLE_COLOUR('',#3909);
#3823=FILL_AREA_STYLE_COLOUR('',#3909);
#3824=FILL_AREA_STYLE_COLOUR('',#3909);
#3825=FILL_AREA_STYLE_COLOUR('',#3909);
#3826=FILL_AREA_STYLE_COLOUR('',#3909);
#3827=FILL_AREA_STYLE_COLOUR('',#3909);
#3828=FILL_AREA_STYLE_COLOUR('',#3909);
#3829=FILL_AREA_STYLE_COLOUR('',#3909);
#3830=FILL_AREA_STYLE_COLOUR('',#3909);
#3831=FILL_AREA_STYLE_COLOUR('',#3909);
#3832=FILL_AREA_STYLE_COLOUR('',#3909);
#3833=FILL_AREA_STYLE_COLOUR('',#3909);
#3834=FILL_AREA_STYLE_COLOUR('',#3909);
#3835=FILL_AREA_STYLE_COLOUR('',#3909);
#3836=FILL_AREA_STYLE_COLOUR('',#3909);
#3837=FILL_AREA_STYLE_COLOUR('',#3909);
#3838=FILL_AREA_STYLE_COLOUR('',#3909);
#3839=FILL_AREA_STYLE_COLOUR('',#3909);
#3840=FILL_AREA_STYLE_COLOUR('',#3909);
#3841=FILL_AREA_STYLE_COLOUR('',#3909);
#3842=FILL_AREA_STYLE_COLOUR('',#3909);
#3843=FILL_AREA_STYLE_COLOUR('',#3909);
#3844=FILL_AREA_STYLE_COLOUR('',#3909);
#3845=FILL_AREA_STYLE_COLOUR('',#3909);
#3846=FILL_AREA_STYLE_COLOUR('',#3909);
#3847=FILL_AREA_STYLE_COLOUR('',#3909);
#3848=FILL_AREA_STYLE_COLOUR('',#3909);
#3849=FILL_AREA_STYLE_COLOUR('',#3909);
#3850=FILL_AREA_STYLE_COLOUR('',#3909);
#3851=FILL_AREA_STYLE_COLOUR('',#3909);
#3852=FILL_AREA_STYLE_COLOUR('',#3909);
#3853=FILL_AREA_STYLE_COLOUR('',#3909);
#3854=FILL_AREA_STYLE_COLOUR('',#3909);
#3855=FILL_AREA_STYLE_COLOUR('',#3909);
#3856=FILL_AREA_STYLE_COLOUR('',#3909);
#3857=FILL_AREA_STYLE_COLOUR('',#3909);
#3858=FILL_AREA_STYLE_COLOUR('',#3909);
#3859=FILL_AREA_STYLE_COLOUR('',#3909);
#3860=FILL_AREA_STYLE_COLOUR('',#3909);
#3861=FILL_AREA_STYLE_COLOUR('',#3909);
#3862=FILL_AREA_STYLE_COLOUR('',#3909);
#3863=FILL_AREA_STYLE_COLOUR('',#3909);
#3864=FILL_AREA_STYLE_COLOUR('',#3909);
#3865=FILL_AREA_STYLE_COLOUR('',#3909);
#3866=FILL_AREA_STYLE_COLOUR('',#3909);
#3867=FILL_AREA_STYLE_COLOUR('',#3909);
#3868=FILL_AREA_STYLE_COLOUR('',#3909);
#3869=FILL_AREA_STYLE_COLOUR('',#3909);
#3870=FILL_AREA_STYLE_COLOUR('',#3909);
#3871=FILL_AREA_STYLE_COLOUR('',#3909);
#3872=FILL_AREA_STYLE_COLOUR('',#3909);
#3873=FILL_AREA_STYLE_COLOUR('',#3909);
#3874=FILL_AREA_STYLE_COLOUR('',#3909);
#3875=FILL_AREA_STYLE_COLOUR('',#3909);
#3876=FILL_AREA_STYLE_COLOUR('',#3909);
#3877=FILL_AREA_STYLE_COLOUR('',#3909);
#3878=FILL_AREA_STYLE_COLOUR('',#3909);
#3879=FILL_AREA_STYLE_COLOUR('',#3909);
#3880=FILL_AREA_STYLE_COLOUR('',#3909);
#3881=FILL_AREA_STYLE_COLOUR('',#3909);
#3882=FILL_AREA_STYLE_COLOUR('',#3909);
#3883=FILL_AREA_STYLE_COLOUR('',#3909);
#3884=FILL_AREA_STYLE_COLOUR('',#3909);
#3885=FILL_AREA_STYLE_COLOUR('',#3909);
#3886=FILL_AREA_STYLE_COLOUR('',#3909);
#3887=FILL_AREA_STYLE_COLOUR('',#3909);
#3888=FILL_AREA_STYLE_COLOUR('',#3909);
#3889=FILL_AREA_STYLE_COLOUR('',#3909);
#3890=FILL_AREA_STYLE_COLOUR('',#3909);
#3891=FILL_AREA_STYLE_COLOUR('',#3909);
#3892=FILL_AREA_STYLE_COLOUR('',#3909);
#3893=FILL_AREA_STYLE_COLOUR('',#3909);
#3894=FILL_AREA_STYLE_COLOUR('',#3909);
#3895=FILL_AREA_STYLE_COLOUR('',#3909);
#3896=FILL_AREA_STYLE_COLOUR('',#3909);
#3897=FILL_AREA_STYLE_COLOUR('',#3909);
#3898=FILL_AREA_STYLE_COLOUR('',#3909);
#3899=FILL_AREA_STYLE_COLOUR('',#3909);
#3900=FILL_AREA_STYLE_COLOUR('',#3909);
#3901=FILL_AREA_STYLE_COLOUR('',#3909);
#3902=FILL_AREA_STYLE_COLOUR('',#3909);
#3903=FILL_AREA_STYLE_COLOUR('',#3909);
#3904=FILL_AREA_STYLE_COLOUR('',#3909);
#3905=FILL_AREA_STYLE_COLOUR('',#3909);
#3906=FILL_AREA_STYLE_COLOUR('',#3909);
#3907=FILL_AREA_STYLE_COLOUR('',#3909);
#3908=COLOUR_RGB('',0.615686274509804,0.811764705882353,0.929411764705882);
#3909=COLOUR_RGB('',0.654901960784314,0.584313725490196,0.823529411764706);
#3910=MANIFOLD_SOLID_BREP('7/8" Angled Middle Support [Square]',#2976);
#3911=SHAPE_DEFINITION_REPRESENTATION(#6398,#3912);
#3912=SHAPE_REPRESENTATION('7/8" Angled Middle Support [Square]',(#3913),
#6393);
#3913=AXIS2_PLACEMENT_3D('',#4934,#4182,#4183);
#3914=AXIS2_PLACEMENT_3D('',#4935,#4184,#4185);
#3915=AXIS2_PLACEMENT_3D('',#4976,#4197,#4198);
#3916=AXIS2_PLACEMENT_3D('',#4980,#4200,#4201);
#3917=AXIS2_PLACEMENT_3D('',#4987,#4205,#4206);
#3918=AXIS2_PLACEMENT_3D('',#4991,#4208,#4209);
#3919=AXIS2_PLACEMENT_3D('',#4997,#4212,#4213);
#3920=AXIS2_PLACEMENT_3D('',#4998,#4214,#4215);
#3921=AXIS2_PLACEMENT_3D('',#4999,#4216,#4217);
#3922=AXIS2_PLACEMENT_3D('',#5002,#4218,#4219);
#3923=AXIS2_PLACEMENT_3D('',#5006,#4221,#4222);
#3924=AXIS2_PLACEMENT_3D('',#5020,#4224,#4225);
#3925=AXIS2_PLACEMENT_3D('',#5024,#4227,#4228);
#3926=AXIS2_PLACEMENT_3D('',#5026,#4229,#4230);
#3927=AXIS2_PLACEMENT_3D('',#5054,#4237,#4238);
#3928=AXIS2_PLACEMENT_3D('',#5055,#4239,#4240);
#3929=AXIS2_PLACEMENT_3D('',#5070,#4241,#4242);
#3930=AXIS2_PLACEMENT_3D('',#5083,#4243,#4244);
#3931=AXIS2_PLACEMENT_3D('',#5084,#4245,#4246);
#3932=AXIS2_PLACEMENT_3D('',#5093,#4247,#4248);
#3933=AXIS2_PLACEMENT_3D('',#5106,#4249,#4250);
#3934=AXIS2_PLACEMENT_3D('',#5113,#4251,#4252);
#3935=AXIS2_PLACEMENT_3D('',#5127,#4253,#4254);
#3936=AXIS2_PLACEMENT_3D('',#5135,#4255,#4256);
#3937=AXIS2_PLACEMENT_3D('',#5136,#4257,#4258);
#3938=AXIS2_PLACEMENT_3D('',#5150,#4259,#4260);
#3939=AXIS2_PLACEMENT_3D('',#5158,#4261,#4262);
#3940=AXIS2_PLACEMENT_3D('',#5159,#4263,#4264);
#3941=AXIS2_PLACEMENT_3D('',#5167,#4265,#4266);
#3942=AXIS2_PLACEMENT_3D('',#5168,#4267,#4268);
#3943=AXIS2_PLACEMENT_3D('',#5169,#4269,#4270);
#3944=AXIS2_PLACEMENT_3D('',#5187,#4278,#4279);
#3945=AXIS2_PLACEMENT_3D('',#5212,#4287,#4288);
#3946=AXIS2_PLACEMENT_3D('',#5222,#4295,#4296);
#3947=AXIS2_PLACEMENT_3D('',#5223,#4297,#4298);
#3948=AXIS2_PLACEMENT_3D('',#5225,#4299,#4300);
#3949=AXIS2_PLACEMENT_3D('',#5226,#4301,#4302);
#3950=AXIS2_PLACEMENT_3D('',#5227,#4303,#4304);
#3951=AXIS2_PLACEMENT_3D('',#5228,#4305,#4306);
#3952=AXIS2_PLACEMENT_3D('',#5229,#4307,#4308);
#3953=AXIS2_PLACEMENT_3D('',#5230,#4309,#4310);
#3954=AXIS2_PLACEMENT_3D('',#5246,#4311,#4312);
#3955=AXIS2_PLACEMENT_3D('',#5260,#4313,#4314);
#3956=AXIS2_PLACEMENT_3D('',#5261,#4315,#4316);
#3957=AXIS2_PLACEMENT_3D('',#5276,#4317,#4318);
#3958=AXIS2_PLACEMENT_3D('',#5285,#4319,#4320);
#3959=AXIS2_PLACEMENT_3D('',#5293,#4325,#4326);
#3960=AXIS2_PLACEMENT_3D('',#5296,#4328,#4329);
#3961=AXIS2_PLACEMENT_3D('',#5301,#4332,#4333);
#3962=AXIS2_PLACEMENT_3D('',#5307,#4337,#4338);
#3963=AXIS2_PLACEMENT_3D('',#5313,#4342,#4343);
#3964=AXIS2_PLACEMENT_3D('',#5314,#4344,#4345);
#3965=AXIS2_PLACEMENT_3D('',#5328,#4346,#4347);
#3966=AXIS2_PLACEMENT_3D('',#5329,#4348,#4349);
#3967=AXIS2_PLACEMENT_3D('',#5331,#4350,#4351);
#3968=AXIS2_PLACEMENT_3D('',#5334,#4353,#4354);
#3969=AXIS2_PLACEMENT_3D('',#5342,#4358,#4359);
#3970=AXIS2_PLACEMENT_3D('',#5359,#4368,#4369);
#3971=AXIS2_PLACEMENT_3D('',#5372,#4370,#4371);
#3972=AXIS2_PLACEMENT_3D('',#5373,#4372,#4373);
#3973=AXIS2_PLACEMENT_3D('',#5382,#4378,#4379);
#3974=AXIS2_PLACEMENT_3D('',#5383,#4380,#4381);
#3975=AXIS2_PLACEMENT_3D('',#5391,#4385,#4386);
#3976=AXIS2_PLACEMENT_3D('',#5397,#4389,#4390);
#3977=AXIS2_PLACEMENT_3D('',#5400,#4392,#4393);
#3978=AXIS2_PLACEMENT_3D('',#5412,#4397,#4398);
#3979=AXIS2_PLACEMENT_3D('',#5431,#4406,#4407);
#3980=AXIS2_PLACEMENT_3D('',#5432,#4408,#4409);
#3981=AXIS2_PLACEMENT_3D('',#5440,#4413,#4414);
#3982=AXIS2_PLACEMENT_3D('',#5467,#4422,#4423);
#3983=AXIS2_PLACEMENT_3D('',#5471,#4425,#4426);
#3984=AXIS2_PLACEMENT_3D('',#5478,#4430,#4431);
#3985=AXIS2_PLACEMENT_3D('',#5482,#4433,#4434);
#3986=AXIS2_PLACEMENT_3D('',#5484,#4435,#4436);
#3987=AXIS2_PLACEMENT_3D('',#5488,#4438,#4439);
#3988=AXIS2_PLACEMENT_3D('',#5489,#4440,#4441);
#3989=AXIS2_PLACEMENT_3D('',#5490,#4442,#4443);
#3990=AXIS2_PLACEMENT_3D('',#5493,#4445,#4446);
#3991=AXIS2_PLACEMENT_3D('',#5497,#4448,#4449);
#3992=AXIS2_PLACEMENT_3D('',#5512,#4457,#4458);
#3993=AXIS2_PLACEMENT_3D('',#5514,#4459,#4460);
#3994=AXIS2_PLACEMENT_3D('',#5529,#4465,#4466);
#3995=AXIS2_PLACEMENT_3D('',#5535,#4470,#4471);
#3996=AXIS2_PLACEMENT_3D('',#5539,#4473,#4474);
#3997=AXIS2_PLACEMENT_3D('',#5546,#4478,#4479);
#3998=AXIS2_PLACEMENT_3D('',#5554,#4484,#4485);
#3999=AXIS2_PLACEMENT_3D('',#5560,#4489,#4490);
#4000=AXIS2_PLACEMENT_3D('',#5584,#4502,#4503);
#4001=AXIS2_PLACEMENT_3D('',#5585,#4504,#4505);
#4002=AXIS2_PLACEMENT_3D('',#5613,#4508,#4509);
#4003=AXIS2_PLACEMENT_3D('',#5615,#4510,#4511);
#4004=AXIS2_PLACEMENT_3D('',#5616,#4512,#4513);
#4005=AXIS2_PLACEMENT_3D('',#5644,#4516,#4517);
#4006=AXIS2_PLACEMENT_3D('',#5647,#4520,#4521);
#4007=AXIS2_PLACEMENT_3D('',#5649,#4523,#4524);
#4008=AXIS2_PLACEMENT_3D('',#5651,#4526,#4527);
#4009=AXIS2_PLACEMENT_3D('',#5652,#4528,#4529);
#4010=AXIS2_PLACEMENT_3D('',#5653,#4530,#4531);
#4011=AXIS2_PLACEMENT_3D('',#5656,#4534,#4535);
#4012=AXIS2_PLACEMENT_3D('',#5658,#4537,#4538);
#4013=AXIS2_PLACEMENT_3D('',#5660,#4540,#4541);
#4014=AXIS2_PLACEMENT_3D('',#5661,#4542,#4543);
#4015=AXIS2_PLACEMENT_3D('',#5663,#4544,#4545);
#4016=AXIS2_PLACEMENT_3D('',#5664,#4546,#4547);
#4017=AXIS2_PLACEMENT_3D('',#5665,#4548,#4549);
#4018=AXIS2_PLACEMENT_3D('',#5667,#4550,#4551);
#4019=AXIS2_PLACEMENT_3D('',#5682,#4552,#4553);
#4020=AXIS2_PLACEMENT_3D('',#5697,#4554,#4555);
#4021=AXIS2_PLACEMENT_3D('',#5698,#4556,#4557);
#4022=AXIS2_PLACEMENT_3D('',#5699,#4558,#4559);
#4023=AXIS2_PLACEMENT_3D('',#5702,#4561,#4562);
#4024=AXIS2_PLACEMENT_3D('',#5703,#4563,#4564);
#4025=AXIS2_PLACEMENT_3D('',#5706,#4566,#4567);
#4026=AXIS2_PLACEMENT_3D('',#5707,#4568,#4569);
#4027=AXIS2_PLACEMENT_3D('',#5708,#4570,#4571);
#4028=AXIS2_PLACEMENT_3D('',#5709,#4572,#4573);
#4029=AXIS2_PLACEMENT_3D('',#5712,#4575,#4576);
#4030=AXIS2_PLACEMENT_3D('',#5713,#4577,#4578);
#4031=AXIS2_PLACEMENT_3D('',#5714,#4579,#4580);
#4032=AXIS2_PLACEMENT_3D('',#5717,#4582,#4583);
#4033=AXIS2_PLACEMENT_3D('',#5718,#4584,#4585);
#4034=AXIS2_PLACEMENT_3D('',#5719,#4586,#4587);
#4035=AXIS2_PLACEMENT_3D('',#5722,#4589,#4590);
#4036=AXIS2_PLACEMENT_3D('',#5723,#4591,#4592);
#4037=AXIS2_PLACEMENT_3D('',#5726,#4594,#4595);
#4038=AXIS2_PLACEMENT_3D('',#5727,#4596,#4597);
#4039=AXIS2_PLACEMENT_3D('',#5728,#4598,#4599);
#4040=AXIS2_PLACEMENT_3D('',#5729,#4600,#4601);
#4041=AXIS2_PLACEMENT_3D('',#5732,#4603,#4604);
#4042=AXIS2_PLACEMENT_3D('',#5733,#4605,#4606);
#4043=AXIS2_PLACEMENT_3D('',#5734,#4607,#4608);
#4044=AXIS2_PLACEMENT_3D('',#5737,#4610,#4611);
#4045=AXIS2_PLACEMENT_3D('',#5738,#4612,#4613);
#4046=AXIS2_PLACEMENT_3D('',#5739,#4614,#4615);
#4047=AXIS2_PLACEMENT_3D('',#5740,#4616,#4617);
#4048=AXIS2_PLACEMENT_3D('',#5743,#4619,#4620);
#4049=AXIS2_PLACEMENT_3D('',#5744,#4621,#4622);
#4050=AXIS2_PLACEMENT_3D('',#5745,#4623,#4624);
#4051=AXIS2_PLACEMENT_3D('',#5748,#4626,#4627);
#4052=AXIS2_PLACEMENT_3D('',#5749,#4628,#4629);
#4053=AXIS2_PLACEMENT_3D('',#5752,#4631,#4632);
#4054=AXIS2_PLACEMENT_3D('',#5753,#4633,#4634);
#4055=AXIS2_PLACEMENT_3D('',#5754,#4635,#4636);
#4056=AXIS2_PLACEMENT_3D('',#5755,#4637,#4638);
#4057=AXIS2_PLACEMENT_3D('',#5758,#4640,#4641);
#4058=AXIS2_PLACEMENT_3D('',#5759,#4642,#4643);
#4059=AXIS2_PLACEMENT_3D('',#5760,#4644,#4645);
#4060=AXIS2_PLACEMENT_3D('',#5763,#4647,#4648);
#4061=AXIS2_PLACEMENT_3D('',#5764,#4649,#4650);
#4062=AXIS2_PLACEMENT_3D('',#5767,#4652,#4653);
#4063=AXIS2_PLACEMENT_3D('',#5768,#4654,#4655);
#4064=AXIS2_PLACEMENT_3D('',#5769,#4656,#4657);
#4065=AXIS2_PLACEMENT_3D('',#5770,#4658,#4659);
#4066=AXIS2_PLACEMENT_3D('',#5773,#4661,#4662);
#4067=AXIS2_PLACEMENT_3D('',#5774,#4663,#4664);
#4068=AXIS2_PLACEMENT_3D('',#5775,#4665,#4666);
#4069=AXIS2_PLACEMENT_3D('',#5778,#4668,#4669);
#4070=AXIS2_PLACEMENT_3D('',#5779,#4670,#4671);
#4071=AXIS2_PLACEMENT_3D('',#5780,#4672,#4673);
#4072=AXIS2_PLACEMENT_3D('',#5781,#4674,#4675);
#4073=AXIS2_PLACEMENT_3D('',#5784,#4677,#4678);
#4074=AXIS2_PLACEMENT_3D('',#5785,#4679,#4680);
#4075=AXIS2_PLACEMENT_3D('',#5788,#4682,#4683);
#4076=AXIS2_PLACEMENT_3D('',#5789,#4684,#4685);
#4077=AXIS2_PLACEMENT_3D('',#5790,#4686,#4687);
#4078=AXIS2_PLACEMENT_3D('',#5793,#4689,#4690);
#4079=AXIS2_PLACEMENT_3D('',#5794,#4691,#4692);
#4080=AXIS2_PLACEMENT_3D('',#5796,#4694,#4695);
#4081=AXIS2_PLACEMENT_3D('',#5797,#4696,#4697);
#4082=AXIS2_PLACEMENT_3D('',#5798,#4698,#4699);
#4083=AXIS2_PLACEMENT_3D('',#5799,#4700,#4701);
#4084=AXIS2_PLACEMENT_3D('',#5802,#4703,#4704);
#4085=AXIS2_PLACEMENT_3D('',#5804,#4706,#4707);
#4086=AXIS2_PLACEMENT_3D('',#5805,#4708,#4709);
#4087=AXIS2_PLACEMENT_3D('',#5806,#4710,#4711);
#4088=AXIS2_PLACEMENT_3D('',#5809,#4713,#4714);
#4089=AXIS2_PLACEMENT_3D('',#5813,#4717,#4718);
#4090=AXIS2_PLACEMENT_3D('',#5814,#4719,#4720);
#4091=AXIS2_PLACEMENT_3D('',#5815,#4721,#4722);
#4092=AXIS2_PLACEMENT_3D('',#5816,#4723,#4724);
#4093=AXIS2_PLACEMENT_3D('',#5817,#4725,#4726);
#4094=AXIS2_PLACEMENT_3D('',#5821,#4729,#4730);
#4095=AXIS2_PLACEMENT_3D('',#5825,#4733,#4734);
#4096=AXIS2_PLACEMENT_3D('',#5826,#4735,#4736);
#4097=AXIS2_PLACEMENT_3D('',#5846,#4740,#4741);
#4098=AXIS2_PLACEMENT_3D('',#5847,#4742,#4743);
#4099=AXIS2_PLACEMENT_3D('',#5848,#4744,#4745);
#4100=AXIS2_PLACEMENT_3D('',#5849,#4746,#4747);
#4101=AXIS2_PLACEMENT_3D('',#5850,#4748,#4749);
#4102=AXIS2_PLACEMENT_3D('',#5857,#4750,#4751);
#4103=AXIS2_PLACEMENT_3D('',#5871,#4753,#4754);
#4104=AXIS2_PLACEMENT_3D('',#5872,#4755,#4756);
#4105=AXIS2_PLACEMENT_3D('',#5878,#4757,#4758);
#4106=AXIS2_PLACEMENT_3D('',#5885,#4759,#4760);
#4107=AXIS2_PLACEMENT_3D('',#5893,#4762,#4763);
#4108=AXIS2_PLACEMENT_3D('',#5894,#4764,#4765);
#4109=AXIS2_PLACEMENT_3D('',#5895,#4766,#4767);
#4110=AXIS2_PLACEMENT_3D('',#5896,#4768,#4769);
#4111=AXIS2_PLACEMENT_3D('',#5897,#4770,#4771);
#4112=AXIS2_PLACEMENT_3D('',#5898,#4772,#4773);
#4113=AXIS2_PLACEMENT_3D('',#5899,#4774,#4775);
#4114=AXIS2_PLACEMENT_3D('',#5900,#4776,#4777);
#4115=AXIS2_PLACEMENT_3D('',#5901,#4778,#4779);
#4116=AXIS2_PLACEMENT_3D('',#5902,#4780,#4781);
#4117=AXIS2_PLACEMENT_3D('',#5903,#4782,#4783);
#4118=AXIS2_PLACEMENT_3D('',#5911,#4784,#4785);
#4119=AXIS2_PLACEMENT_3D('',#5912,#4786,#4787);
#4120=AXIS2_PLACEMENT_3D('',#5913,#4788,#4789);
#4121=AXIS2_PLACEMENT_3D('',#5914,#4790,#4791);
#4122=AXIS2_PLACEMENT_3D('',#5919,#4792,#4793);
#4123=AXIS2_PLACEMENT_3D('',#5941,#4794,#4795);
#4124=AXIS2_PLACEMENT_3D('',#5942,#4796,#4797);
#4125=AXIS2_PLACEMENT_3D('',#5943,#4798,#4799);
#4126=AXIS2_PLACEMENT_3D('',#5959,#4800,#4801);
#4127=AXIS2_PLACEMENT_3D('',#5966,#4802,#4803);
#4128=AXIS2_PLACEMENT_3D('',#5967,#4804,#4805);
#4129=AXIS2_PLACEMENT_3D('',#5968,#4806,#4807);
#4130=AXIS2_PLACEMENT_3D('',#5969,#4808,#4809);
#4131=AXIS2_PLACEMENT_3D('',#5970,#4810,#4811);
#4132=AXIS2_PLACEMENT_3D('',#5971,#4812,#4813);
#4133=AXIS2_PLACEMENT_3D('',#5979,#4814,#4815);
#4134=AXIS2_PLACEMENT_3D('',#5980,#4816,#4817);
#4135=AXIS2_PLACEMENT_3D('',#5981,#4818,#4819);
#4136=AXIS2_PLACEMENT_3D('',#6023,#4821,#4822);
#4137=AXIS2_PLACEMENT_3D('',#6024,#4823,#4824);
#4138=AXIS2_PLACEMENT_3D('',#6025,#4825,#4826);
#4139=AXIS2_PLACEMENT_3D('',#6033,#4828,#4829);
#4140=AXIS2_PLACEMENT_3D('',#6068,#4830,#4831);
#4141=AXIS2_PLACEMENT_3D('',#6069,#4832,#4833);
#4142=AXIS2_PLACEMENT_3D('',#6070,#4834,#4835);
#4143=AXIS2_PLACEMENT_3D('',#6071,#4836,#4837);
#4144=AXIS2_PLACEMENT_3D('',#6072,#4838,#4839);
#4145=AXIS2_PLACEMENT_3D('',#6080,#4840,#4841);
#4146=AXIS2_PLACEMENT_3D('',#6081,#4842,#4843);
#4147=AXIS2_PLACEMENT_3D('',#6082,#4844,#4845);
#4148=AXIS2_PLACEMENT_3D('',#6090,#4846,#4847);
#4149=AXIS2_PLACEMENT_3D('',#6091,#4848,#4849);
#4150=AXIS2_PLACEMENT_3D('',#6107,#4850,#4851);
#4151=AXIS2_PLACEMENT_3D('',#6108,#4852,#4853);
#4152=AXIS2_PLACEMENT_3D('',#6109,#4854,#4855);
#4153=AXIS2_PLACEMENT_3D('',#6125,#4856,#4857);
#4154=AXIS2_PLACEMENT_3D('',#6138,#4858,#4859);
#4155=AXIS2_PLACEMENT_3D('',#6139,#4860,#4861);
#4156=AXIS2_PLACEMENT_3D('',#6140,#4862,#4863);
#4157=AXIS2_PLACEMENT_3D('',#6153,#4864,#4865);
#4158=AXIS2_PLACEMENT_3D('',#6166,#4866,#4867);
#4159=AXIS2_PLACEMENT_3D('',#6219,#4868,#4869);
#4160=AXIS2_PLACEMENT_3D('',#6220,#4870,#4871);
#4161=AXIS2_PLACEMENT_3D('',#6236,#4872,#4873);
#4162=AXIS2_PLACEMENT_3D('',#6237,#4874,#4875);
#4163=AXIS2_PLACEMENT_3D('',#6238,#4876,#4877);
#4164=AXIS2_PLACEMENT_3D('',#6254,#4878,#4879);
#4165=AXIS2_PLACEMENT_3D('',#6267,#4880,#4881);
#4166=AXIS2_PLACEMENT_3D('',#6268,#4882,#4883);
#4167=AXIS2_PLACEMENT_3D('',#6269,#4884,#4885);
#4168=AXIS2_PLACEMENT_3D('',#6282,#4886,#4887);
#4169=AXIS2_PLACEMENT_3D('',#6304,#4888,#4889);
#4170=AXIS2_PLACEMENT_3D('',#6327,#4890,#4891);
#4171=AXIS2_PLACEMENT_3D('',#6328,#4892,#4893);
#4172=AXIS2_PLACEMENT_3D('',#6350,#4894,#4895);
#4173=AXIS2_PLACEMENT_3D('',#6359,#4900,#4901);
#4174=AXIS2_PLACEMENT_3D('',#6365,#4905,#4906);
#4175=AXIS2_PLACEMENT_3D('',#6371,#4910,#4911);
#4176=AXIS2_PLACEMENT_3D('',#6377,#4915,#4916);
#4177=AXIS2_PLACEMENT_3D('',#6381,#4919,#4920);
#4178=AXIS2_PLACEMENT_3D('',#6385,#4923,#4924);
#4179=AXIS2_PLACEMENT_3D('',#6387,#4926,#4927);
#4180=AXIS2_PLACEMENT_3D('',#6390,#4930,#4931);
#4181=AXIS2_PLACEMENT_3D('',#6391,#4932,#4933);
#4182=DIRECTION('',(0.,0.,1.));
#4183=DIRECTION('',(1.,0.,0.));
#4184=DIRECTION('',(0.,1.,0.));
#4185=DIRECTION('',(0.,0.,1.));
#4186=DIRECTION('',(6.19544098563144E-17,0.,-1.));
#4187=DIRECTION('',(1.,0.,0.));
#4188=DIRECTION('',(6.19544098563144E-17,0.,-1.));
#4189=DIRECTION('',(1.,0.,0.));
#4190=DIRECTION('',(-1.,0.,0.));
#4191=DIRECTION('',(0.,0.,-1.));
#4192=DIRECTION('',(0.,0.,-1.));
#4193=DIRECTION('',(1.,0.,0.));
#4194=DIRECTION('',(0.,0.,-1.));
#4195=DIRECTION('',(0.,0.,-1.));
#4196=DIRECTION('',(0.,0.,-1.));
#4197=DIRECTION('',(0.707106781186547,0.707106781186548,0.));
#4198=DIRECTION('',(-0.707106781186548,0.707106781186547,0.));
#4199=DIRECTION('',(0.,0.,-1.));
#4200=DIRECTION('',(0.707106781186547,0.707106781186548,0.));
#4201=DIRECTION('',(0.688100040765456,-0.688100040765456,-0.230296912261445));
#4202=DIRECTION('',(-0.606710781403865,0.606710781403865,-0.513618589477272));
#4203=DIRECTION('',(0.,0.,-1.));
#4204=DIRECTION('',(0.707106781186548,-0.707106781186547,0.));
#4205=DIRECTION('',(0.707106781186547,-0.707106781186548,0.));
#4206=DIRECTION('',(0.707106781186548,0.707106781186547,0.));
#4207=DIRECTION('',(-0.542697688703735,-0.542697688703735,0.641060400704371));
#4208=DIRECTION('',(0.707106781186547,-0.707106781186548,0.));
#4209=DIRECTION('',(0.270598050073099,0.270598050073099,0.923879532511287));
#4210=DIRECTION('',(0.707106781186548,0.707106781186547,0.));
#4211=DIRECTION('',(0.,0.,-1.));
#4212=DIRECTION('',(0.707106781186547,-0.707106781186548,0.));
#4213=DIRECTION('',(0.688100040765456,0.688100040765456,-0.230296912261445));
#4214=DIRECTION('',(-0.165047605860678,3.10241565776092E-18,-0.986285601537231));
#4215=DIRECTION('',(-0.986285601537231,0.,0.165047605860678));
#4216=DIRECTION('',(-0.165047605860678,3.10241565776092E-18,-0.986285601537231));
#4217=DIRECTION('',(0.986285601537231,-1.85393049313068E-17,-0.165047605860678));
#4218=DIRECTION('',(-0.165047605860678,3.10241565776092E-18,-0.986285601537231));
#4219=DIRECTION('',(0.986285601537231,-1.85393049313068E-17,-0.165047605860678));
#4220=DIRECTION('',(-0.986285601537231,0.,0.165047605860678));
#4221=DIRECTION('',(-0.165047605860678,3.10241565776092E-18,-0.986285601537231));
#4222=DIRECTION('',(-0.986285601537231,1.56855016824367E-18,0.165047605860678));
#4223=DIRECTION('',(5.54002796028736E-18,-1.,-4.07263778640484E-18));
#4224=DIRECTION('',(-0.165047605860678,3.10241565776092E-18,-0.986285601537231));
#4225=DIRECTION('',(0.986285601537231,-1.56855016824367E-18,-0.165047605860678));
#4226=DIRECTION('',(-0.986285601537231,0.,0.165047605860678));
#4227=DIRECTION('',(-0.165047605860678,3.10241565776092E-18,-0.986285601537231));
#4228=DIRECTION('',(0.986285601537231,-1.85393049313068E-17,-0.165047605860678));
#4229=DIRECTION('',(-0.165047605860678,3.10241565776092E-18,-0.986285601537231));
#4230=DIRECTION('',(0.986285601537231,-1.85393049313068E-17,-0.165047605860678));
#4231=DIRECTION('',(0.986285601537231,5.31300992749088E-17,-0.165047605860678));
#4232=DIRECTION('',(-0.986285601537231,-3.92523114670943E-17,0.165047605860678));
#4233=DIRECTION('',(-0.986285601537231,-3.92523114670943E-17,0.165047605860678));
#4234=DIRECTION('',(0.986285601537231,5.31300992749088E-17,-0.165047605860678));
#4235=DIRECTION('',(5.1204627669812E-19,1.,3.05986789323325E-18));
#4236=DIRECTION('',(0.986285601537231,-1.96261557335472E-17,-0.165047605860678));
#4237=DIRECTION('',(-0.116706281322688,0.707106781186547,-0.69740923703363));
#4238=DIRECTION('',(0.,0.702207792658527,0.711972061200185));
#4239=DIRECTION('',(0.11670628132269,-0.707106781186547,0.69740923703363));
#4240=DIRECTION('',(0.,-0.702207792658527,-0.711972061200185));
#4241=DIRECTION('',(0.11670628132269,-0.707106781186547,0.69740923703363));
#4242=DIRECTION('',(0.,-0.702207792658527,-0.711972061200185));
#4243=DIRECTION('',(0.116706281322692,0.707106781186548,0.697409237033629));
#4244=DIRECTION('',(0.,-0.702207792658526,0.711972061200185));
#4245=DIRECTION('',(-0.11670628132269,-0.707106781186548,-0.697409237033629));
#4246=DIRECTION('',(-6.93889390390723E-17,0.702207792658527,-0.711972061200185));
#4247=DIRECTION('',(-0.11670628132269,-0.707106781186547,-0.69740923703363));
#4248=DIRECTION('',(0.,0.702207792658527,-0.711972061200185));
#4249=DIRECTION('',(-0.116706281322688,0.707106781186547,-0.69740923703363));
#4250=DIRECTION('',(0.,0.702207792658527,0.711972061200185));
#4251=DIRECTION('',(0.11670628132269,-0.707106781186547,0.69740923703363));
#4252=DIRECTION('',(0.,-0.702207792658527,-0.711972061200185));
#4253=DIRECTION('',(0.11670628132269,-0.707106781186547,0.69740923703363));
#4254=DIRECTION('',(0.,-0.702207792658527,-0.711972061200185));
#4255=DIRECTION('',(0.116706281322692,0.707106781186548,0.697409237033629));
#4256=DIRECTION('',(0.,-0.702207792658526,0.711972061200185));
#4257=DIRECTION('',(-0.11670628132269,-0.707106781186548,-0.697409237033629));
#4258=DIRECTION('',(-6.93889390390723E-17,0.702207792658527,-0.711972061200185));
#4259=DIRECTION('',(-0.11670628132269,-0.707106781186547,-0.69740923703363));
#4260=DIRECTION('',(0.,0.702207792658527,-0.711972061200185));
#4261=DIRECTION('',(-0.116706281322689,-0.707106781186548,-0.697409237033629));
#4262=DIRECTION('',(0.,0.702207792658527,-0.711972061200185));
#4263=DIRECTION('',(-0.116706281322689,-0.707106781186548,-0.697409237033629));
#4264=DIRECTION('',(0.,0.702207792658527,-0.711972061200185));
#4265=DIRECTION('',(-0.11670628132269,-0.707106781186548,-0.697409237033629));
#4266=DIRECTION('',(0.,0.702207792658527,-0.711972061200185));
#4267=DIRECTION('',(-0.11670628132269,-0.707106781186548,-0.697409237033629));
#4268=DIRECTION('',(0.,0.702207792658527,-0.711972061200185));
#4269=DIRECTION('',(0.165047605860678,0.,0.986285601537231));
#4270=DIRECTION('',(0.986285601537231,0.,-0.165047605860678));
#4271=DIRECTION('',(0.986285601537231,0.,-0.165047605860678));
#4272=DIRECTION('',(-1.35533752189974E-16,-1.,2.26805717100649E-17));
#4273=DIRECTION('',(0.986285601537231,3.92523114670944E-17,-0.165047605860678));
#4274=DIRECTION('',(0.,-1.,0.));
#4275=DIRECTION('',(0.986285601537231,0.,-0.165047605860678));
#4276=DIRECTION('',(0.986285601537231,0.,-0.165047605860678));
#4277=DIRECTION('',(0.986285601537231,0.,-0.165047605860678));
#4278=DIRECTION('',(0.,-1.,0.));
#4279=DIRECTION('',(0.,0.,-1.));
#4280=DIRECTION('',(0.,0.,1.));
#4281=DIRECTION('',(0.986285601537231,0.,-0.165047605860678));
#4282=DIRECTION('',(-0.986285601537231,0.,0.165047605860678));
#4283=DIRECTION('',(-0.986285601537231,0.,0.165047605860678));
#4284=DIRECTION('',(0.986285601537231,0.,-0.165047605860678));
#4285=DIRECTION('',(-0.165047605860678,0.,-0.986285601537231));
#4286=DIRECTION('',(0.986285601537231,0.,-0.165047605860677));
#4287=DIRECTION('',(0.,-1.,0.));
#4288=DIRECTION('',(0.,0.,-1.));
#4289=DIRECTION('',(-0.986285601537231,0.,0.165047605860678));
#4290=DIRECTION('',(-0.165047605860678,0.,-0.986285601537231));
#4291=DIRECTION('',(0.986285601537231,0.,-0.165047605860678));
#4292=DIRECTION('',(0.986285601537231,0.,-0.165047605860678));
#4293=DIRECTION('',(0.986285601537231,0.,-0.165047605860678));
#4294=DIRECTION('',(0.986285601537231,0.,-0.165047605860678));
#4295=DIRECTION('',(0.116706281322689,-0.707106781186547,0.69740923703363));
#4296=DIRECTION('',(0.,-0.702207792658527,-0.711972061200184));
#4297=DIRECTION('',(0.116706281322689,-0.707106781186547,0.69740923703363));
#4298=DIRECTION('',(0.,-0.702207792658527,-0.711972061200184));
#4299=DIRECTION('',(0.11670628132269,-0.707106781186547,0.69740923703363));
#4300=DIRECTION('',(0.,-0.702207792658527,-0.711972061200185));
#4301=DIRECTION('',(0.11670628132269,-0.707106781186547,0.69740923703363));
#4302=DIRECTION('',(0.,-0.702207792658527,-0.711972061200185));
#4303=DIRECTION('',(-0.11670628132269,-0.707106781186548,-0.697409237033629));
#4304=DIRECTION('',(0.993166473407067,-0.0830916116683241,-0.0819520601969911));
#4305=DIRECTION('',(0.11670628132269,-0.707106781186547,0.69740923703363));
#4306=DIRECTION('',(0.993166473407066,0.0830916116683241,-0.0819520601969911));
#4307=DIRECTION('',(-0.707106781186548,-0.707106781186548,0.));
#4308=DIRECTION('',(0.707106781186548,-0.707106781186548,0.));
#4309=DIRECTION('',(0.707106781186548,0.707106781186548,0.));
#4310=DIRECTION('',(-0.707106781186548,0.707106781186548,0.));
#4311=DIRECTION('',(-0.707106781186548,-0.707106781186548,0.));
#4312=DIRECTION('',(0.707106781186548,-0.707106781186548,0.));
#4313=DIRECTION('',(-0.707106781186548,0.707106781186547,0.));
#4314=DIRECTION('',(-0.707106781186547,-0.707106781186548,0.));
#4315=DIRECTION('',(0.707106781186548,-0.707106781186548,0.));
#4316=DIRECTION('',(0.707106781186548,0.707106781186548,0.));
#4317=DIRECTION('',(-0.707106781186548,0.707106781186548,0.));
#4318=DIRECTION('',(-0.707106781186548,-0.707106781186548,0.));
#4319=DIRECTION('',(0.11670628132269,-0.707106781186547,0.69740923703363));
#4320=DIRECTION('',(0.,-0.702207792658527,-0.711972061200185));
#4321=DIRECTION('',(-9.51728569560496E-17,-0.702207792658527,-0.711972061200185));
#4322=DIRECTION('',(0.986285601537231,0.,-0.165047605860678));
#4323=DIRECTION('',(0.986285601537231,-9.8130778667736E-18,-0.165047605860678));
#4324=DIRECTION('',(0.542697688703735,-0.542697688703735,-0.641060400704371));
#4325=DIRECTION('',(-0.11670628132269,-0.707106781186547,-0.69740923703363));
#4326=DIRECTION('',(0.,0.702207792658527,-0.711972061200185));
#4327=DIRECTION('',(0.986285601537231,5.55111512312578E-17,-0.165047605860678));
#4328=DIRECTION('',(-0.11670628132269,-0.707106781186547,-0.69740923703363));
#4329=DIRECTION('',(0.113569264320973,0.688100040765456,-0.716673116630009));
#4330=DIRECTION('',(-0.606710781403865,0.606710781403865,-0.513618589477272));
#4331=DIRECTION('',(0.986285601537231,-5.74836792573273E-18,-0.165047605860678));
#4332=DIRECTION('',(-0.707106781186548,-0.707106781186548,0.));
#4333=DIRECTION('',(0.707106781186548,-0.707106781186548,0.));
#4334=DIRECTION('',(0.707106781186548,-0.707106781186548,0.));
#4335=DIRECTION('',(0.,0.,-1.));
#4336=DIRECTION('',(0.,0.,-1.));
#4337=DIRECTION('',(-0.707106781186548,0.707106781186548,0.));
#4338=DIRECTION('',(-0.707106781186548,-0.707106781186548,0.));
#4339=DIRECTION('',(-0.707106781186548,-0.707106781186548,0.));
#4340=DIRECTION('',(0.,0.,-1.));
#4341=DIRECTION('',(0.,0.,-1.));
#4342=DIRECTION('',(0.707106781186548,-0.707106781186548,0.));
#4343=DIRECTION('',(0.707106781186548,0.707106781186548,0.));
#4344=DIRECTION('',(0.707106781186547,-0.707106781186549,0.));
#4345=DIRECTION('',(0.707106781186549,0.707106781186547,0.));
#4346=DIRECTION('',(0.707106781186548,-0.707106781186548,0.));
#4347=DIRECTION('',(0.707106781186548,0.707106781186548,0.));
#4348=DIRECTION('',(0.707106781186548,-0.707106781186548,0.));
#4349=DIRECTION('',(0.707106781186548,0.707106781186548,0.));
#4350=DIRECTION('',(0.707106781186548,-0.707106781186548,0.));
#4351=DIRECTION('',(0.707106781186548,0.707106781186548,0.));
#4352=DIRECTION('',(0.,0.,1.));
#4353=DIRECTION('',(0.,0.,1.));
#4354=DIRECTION('',(1.,0.,0.));
#4355=DIRECTION('',(0.707106781186548,-0.707106781186548,0.));
#4356=DIRECTION('',(0.,-1.,0.));
#4357=DIRECTION('',(1.,0.,0.));
#4358=DIRECTION('',(0.,0.,1.));
#4359=DIRECTION('',(1.,0.,0.));
#4360=DIRECTION('',(1.,0.,0.));
#4361=DIRECTION('',(0.,-1.,0.));
#4362=DIRECTION('',(-0.707106781186548,-0.707106781186548,0.));
#4363=DIRECTION('',(-1.,0.,0.));
#4364=DIRECTION('',(-0.707106781186548,0.707106781186547,0.));
#4365=DIRECTION('',(1.35533752189974E-16,1.,0.));
#4366=DIRECTION('',(0.707106781186548,0.707106781186547,0.));
#4367=DIRECTION('',(1.,-1.35533752189974E-16,0.));
#4368=DIRECTION('',(-0.11670628132269,-0.707106781186548,-0.697409237033629));
#4369=DIRECTION('',(-5.55111512312578E-17,0.702207792658527,-0.711972061200185));
#4370=DIRECTION('',(-0.11670628132269,-0.707106781186548,-0.697409237033629));
#4371=DIRECTION('',(0.993166473407067,-0.0830916116683241,-0.0819520601969911));
#4372=DIRECTION('',(1.,-1.35533752189974E-16,0.));
#4373=DIRECTION('',(1.35533752189974E-16,1.,0.));
#4374=DIRECTION('',(0.,0.,-1.));
#4375=DIRECTION('',(-1.35533752189974E-16,-1.,9.96348546359122E-17));
#4376=DIRECTION('',(0.,0.,-1.));
#4377=DIRECTION('',(-1.35533752189974E-16,-1.,0.));
#4378=DIRECTION('',(0.707106781186547,0.707106781186548,0.));
#4379=DIRECTION('',(-0.707106781186548,0.707106781186547,0.));
#4380=DIRECTION('',(0.707106781186547,0.707106781186548,0.));
#4381=DIRECTION('',(0.688100040765456,-0.688100040765456,-0.230296912261445));
#4382=DIRECTION('',(0.,0.,-1.));
#4383=DIRECTION('',(-0.707106781186548,0.707106781186547,0.));
#4384=DIRECTION('',(0.542697688703735,-0.542697688703735,-0.641060400704371));
#4385=DIRECTION('',(-0.707106781186548,0.707106781186548,0.));
#4386=DIRECTION('',(-0.707106781186548,-0.707106781186548,0.));
#4387=DIRECTION('',(0.707106781186548,0.707106781186548,0.));
#4388=DIRECTION('',(0.,0.,-1.));
#4389=DIRECTION('',(-0.707106781186548,0.707106781186548,0.));
#4390=DIRECTION('',(-0.707106781186548,-0.707106781186548,0.));
#4391=DIRECTION('',(0.,0.,-1.));
#4392=DIRECTION('',(-1.,0.,0.));
#4393=DIRECTION('',(0.,0.,1.));
#4394=DIRECTION('',(0.,0.,-1.));
#4395=DIRECTION('',(0.,1.,0.));
#4396=DIRECTION('',(0.,-1.90927168262816E-16,-1.));
#4397=DIRECTION('',(1.,0.,0.));
#4398=DIRECTION('',(0.,0.,-1.));
#4399=DIRECTION('',(0.,-1.7899422024639E-16,-1.));
#4400=DIRECTION('',(0.,1.,0.));
#4401=DIRECTION('',(0.,0.,-1.));
#4402=DIRECTION('',(0.,0.,-1.));
#4403=DIRECTION('',(0.,0.,-1.));
#4404=DIRECTION('',(0.,-1.,0.));
#4405=DIRECTION('',(0.,0.,-1.));
#4406=DIRECTION('',(-0.707106781186548,-0.707106781186548,0.));
#4407=DIRECTION('',(0.707106781186548,-0.707106781186548,0.));
#4408=DIRECTION('',(-0.707106781186548,-0.707106781186548,0.));
#4409=DIRECTION('',(0.707106781186548,-0.707106781186548,0.));
#4410=DIRECTION('',(0.,0.,-1.));
#4411=DIRECTION('',(-0.707106781186548,0.707106781186548,0.));
#4412=DIRECTION('',(0.,0.,-1.));
#4413=DIRECTION('',(-1.35533752189974E-16,-1.,0.));
#4414=DIRECTION('',(1.,-1.35533752189974E-16,0.));
#4415=DIRECTION('',(-1.,1.35533752189974E-16,0.));
#4416=DIRECTION('',(0.,0.,-1.));
#4417=DIRECTION('',(0.,0.,-1.));
#4418=DIRECTION('',(1.,-1.35533752189974E-16,0.));
#4419=DIRECTION('',(0.,0.,-1.));
#4420=DIRECTION('',(0.,0.,1.));
#4421=DIRECTION('',(0.,0.,-1.));
#4422=DIRECTION('',(0.707106781186547,-0.707106781186548,0.));
#4423=DIRECTION('',(0.707106781186548,0.707106781186547,0.));
#4424=DIRECTION('',(0.606710781403865,0.606710781403865,0.513618589477273));
#4425=DIRECTION('',(0.707106781186547,-0.707106781186548,0.));
#4426=DIRECTION('',(0.688100040765456,0.688100040765456,-0.230296912261445));
#4427=DIRECTION('',(0.,0.,-1.));
#4428=DIRECTION('',(-0.707106781186548,-0.707106781186547,0.));
#4429=DIRECTION('',(0.,0.,-1.));
#4430=DIRECTION('',(1.,-1.35533752189974E-16,0.));
#4431=DIRECTION('',(1.35533752189974E-16,1.,0.));
#4432=DIRECTION('',(1.35533752189974E-16,1.,0.));
#4433=DIRECTION('',(1.,-1.35533752189974E-16,0.));
#4434=DIRECTION('',(-5.18665214893788E-17,-0.38268343236509,0.923879532511287));
#4435=DIRECTION('',(1.,-1.35533752189974E-16,0.));
#4436=DIRECTION('',(-8.75716073409295E-17,-0.646123979642964,0.763232469782529));
#4437=DIRECTION('',(-9.51728569560496E-17,-0.702207792658527,0.711972061200185));
#4438=DIRECTION('',(1.,-1.35533752189974E-16,0.));
#4439=DIRECTION('',(1.42004397290602E-31,1.04774194616525E-15,-1.));
#4440=DIRECTION('',(1.,-1.35533752189974E-16,0.));
#4441=DIRECTION('',(1.09771193861067E-31,8.09917766514749E-16,-1.));
#4442=DIRECTION('',(1.,-1.35533752189974E-16,0.));
#4443=DIRECTION('',(-8.75716073409295E-17,-0.646123979642964,-0.763232469782529));
#4444=DIRECTION('',(-1.42712223369812E-16,-0.816496580927726,-0.577350269189626));
#4445=DIRECTION('',(0.,0.,1.));
#4446=DIRECTION('',(1.,0.,0.));
#4447=DIRECTION('',(-0.707106781186548,-0.707106781186547,0.));
#4448=DIRECTION('',(0.,0.,1.));
#4449=DIRECTION('',(0.923879532511287,-0.38268343236509,0.));
#4450=DIRECTION('',(-1.35533752189974E-16,-1.,0.));
#4451=DIRECTION('',(0.707106781186548,-0.707106781186547,0.));
#4452=DIRECTION('',(1.,0.,0.));
#4453=DIRECTION('',(0.707106781186548,0.707106781186548,0.));
#4454=DIRECTION('',(0.,1.,0.));
#4455=DIRECTION('',(-0.707106781186548,0.707106781186548,0.));
#4456=DIRECTION('',(-1.,1.35533752189974E-16,0.));
#4457=DIRECTION('',(0.,0.,1.));
#4458=DIRECTION('',(1.,0.,0.));
#4459=DIRECTION('',(0.,1.,0.));
#4460=DIRECTION('',(0.,0.,1.));
#4461=DIRECTION('',(0.986285601537231,0.,-0.165047605860678));
#4462=DIRECTION('',(0.,0.,1.));
#4463=DIRECTION('',(0.986285601537231,0.,-0.165047605860678));
#4464=DIRECTION('',(0.165047605860678,0.,0.986285601537231));
#4465=DIRECTION('',(-0.11670628132269,-0.707106781186547,-0.69740923703363));
#4466=DIRECTION('',(0.,0.702207792658527,-0.711972061200185));
#4467=DIRECTION('',(-0.11670628132269,0.707106781186548,-0.697409237033629));
#4468=DIRECTION('',(0.986285601537231,5.55111512312578E-17,-0.165047605860678));
#4469=DIRECTION('',(0.986285601537231,-5.74836792573273E-18,-0.165047605860678));
#4470=DIRECTION('',(-0.11670628132269,0.707106781186548,-0.697409237033629));
#4471=DIRECTION('',(0.,0.702207792658527,0.711972061200185));
#4472=DIRECTION('',(0.606710781403865,0.606710781403865,0.513618589477272));
#4473=DIRECTION('',(-0.11670628132269,0.707106781186548,-0.697409237033629));
#4474=DIRECTION('',(0.113569264320973,-0.688100040765456,-0.716673116630009));
#4475=DIRECTION('',(0.986285601537232,-4.06470994104086E-18,-0.165047605860678));
#4476=DIRECTION('',(0.11670628132269,0.707106781186548,0.697409237033629));
#4477=DIRECTION('',(0.986285601537232,-9.81307786677359E-18,-0.165047605860678));
#4478=DIRECTION('',(0.11670628132269,0.707106781186547,0.697409237033629));
#4479=DIRECTION('',(0.,-0.702207792658527,0.711972061200185));
#4480=DIRECTION('',(0.11670628132269,-0.707106781186548,0.697409237033629));
#4481=DIRECTION('',(0.986285601537231,2.77555756156289E-17,-0.165047605860678));
#4482=DIRECTION('',(-0.542697688703735,-0.542697688703735,0.641060400704371));
#4483=DIRECTION('',(0.986285601537231,9.81307786677359E-18,-0.165047605860678));
#4484=DIRECTION('',(0.11670628132269,-0.707106781186547,0.69740923703363));
#4485=DIRECTION('',(0.,-0.702207792658527,-0.711972061200185));
#4486=DIRECTION('',(0.986285601537231,0.,-0.165047605860678));
#4487=DIRECTION('',(-0.11670628132269,-0.707106781186548,-0.697409237033629));
#4488=DIRECTION('',(0.986285601537231,-9.8130778667736E-18,-0.165047605860678));
#4489=DIRECTION('',(0.986285601537231,0.,-0.165047605860678));
#4490=DIRECTION('',(0.,1.,0.));
#4491=DIRECTION('',(0.,-1.,0.));
#4492=DIRECTION('',(0.165047605860678,0.,0.986285601537231));
#4493=DIRECTION('',(0.11670628132269,0.707106781186548,0.697409237033629));
#4494=DIRECTION('',(0.,1.,0.));
#4495=DIRECTION('',(-0.11670628132269,0.707106781186548,-0.697409237033629));
#4496=DIRECTION('',(-0.165047605860678,0.,-0.986285601537231));
#4497=DIRECTION('',(-0.11670628132269,-0.707106781186548,-0.697409237033629));
#4498=DIRECTION('',(-5.1204627669812E-19,-1.,-3.05986789323325E-18));
#4499=DIRECTION('',(0.11670628132269,-0.707106781186548,0.697409237033629));
#4500=DIRECTION('',(0.165047605860678,0.,0.986285601537231));
#4501=DIRECTION('',(0.,-1.,0.));
#4502=DIRECTION('',(-0.986285601537231,0.,0.165047605860678));
#4503=DIRECTION('',(0.165047605860678,0.,0.986285601537231));
#4504=DIRECTION('',(-0.986285601537231,0.,0.165047605860678));
#4505=DIRECTION('',(0.165047605860678,0.,0.986285601537232));
#4506=DIRECTION('',(-0.986285601537231,0.,0.165047605860678));
#4507=DIRECTION('',(-0.986285601537231,0.,0.165047605860678));
#4508=DIRECTION('',(-0.986285601537231,0.,0.165047605860678));
#4509=DIRECTION('',(0.165047605860678,0.,0.986285601537231));
#4510=DIRECTION('',(-0.986285601537231,0.,0.165047605860678));
#4511=DIRECTION('',(0.,-1.,0.));
#4512=DIRECTION('',(0.,0.,1.));
#4513=DIRECTION('',(1.,0.,0.));
#4514=DIRECTION('',(0.,0.,1.));
#4515=DIRECTION('',(0.,0.,1.));
#4516=DIRECTION('',(0.165047605860678,0.,0.986285601537231));
#4517=DIRECTION('',(0.986285601537231,0.,-0.165047605860678));
#4518=DIRECTION('',(0.69740923703363,-0.707106781186547,-0.11670628132269));
#4519=DIRECTION('',(0.,-1.,0.));
#4520=DIRECTION('',(0.,-1.,0.));
#4521=DIRECTION('',(0.,0.,-1.));
#4522=DIRECTION('',(0.,-1.,0.));
#4523=DIRECTION('',(-0.165047605860677,0.,-0.986285601537231));
#4524=DIRECTION('',(-0.986285601537231,0.,0.165047605860677));
#4525=DIRECTION('',(-0.69740923703363,0.707106781186547,0.11670628132269));
#4526=DIRECTION('',(0.11670628132269,-0.707106781186547,0.69740923703363));
#4527=DIRECTION('',(0.993166473407066,0.0830916116683241,-0.0819520601969911));
#4528=DIRECTION('',(0.11670628132269,-0.707106781186548,0.69740923703363));
#4529=DIRECTION('',(0.,-0.702207792658527,-0.711972061200185));
#4530=DIRECTION('',(0.,-1.,1.7899422024639E-16));
#4531=DIRECTION('',(0.,-1.7899422024639E-16,-1.));
#4532=DIRECTION('',(-0.707106781186547,-1.26568026929421E-16,-0.707106781186548));
#4533=DIRECTION('',(1.,0.,0.));
#4534=DIRECTION('',(1.,0.,0.));
#4535=DIRECTION('',(0.,0.,-1.));
#4536=DIRECTION('',(1.,0.,0.));
#4537=DIRECTION('',(0.,-1.,1.90927168262816E-16));
#4538=DIRECTION('',(0.,-1.90927168262816E-16,-1.));
#4539=DIRECTION('',(0.707106781186547,1.35005895391382E-16,0.707106781186548));
#4540=DIRECTION('',(0.707106781186548,0.707106781186548,0.));
#4541=DIRECTION('',(-0.707106781186548,0.707106781186548,0.));
#4542=DIRECTION('',(0.707106781186548,0.707106781186548,0.));
#4543=DIRECTION('',(-0.707106781186548,0.707106781186548,0.));
#4544=DIRECTION('',(0.707106781186548,0.707106781186548,0.));
#4545=DIRECTION('',(-0.707106781186548,0.707106781186548,0.));
#4546=DIRECTION('',(0.707106781186548,0.707106781186548,0.));
#4547=DIRECTION('',(-0.707106781186548,0.707106781186548,0.));
#4548=DIRECTION('',(0.707106781186549,0.707106781186547,0.));
#4549=DIRECTION('',(-0.707106781186547,0.707106781186549,0.));
#4550=DIRECTION('',(-0.707106781186548,0.707106781186547,0.));
#4551=DIRECTION('',(-0.707106781186547,-0.707106781186548,0.));
#4552=DIRECTION('',(-0.707106781186548,-0.707106781186548,0.));
#4553=DIRECTION('',(0.707106781186548,-0.707106781186548,0.));
#4554=DIRECTION('',(0.707106781186547,-0.707106781186549,0.));
#4555=DIRECTION('',(0.707106781186549,0.707106781186547,0.));
#4556=DIRECTION('',(0.707106781186549,0.707106781186547,0.));
#4557=DIRECTION('',(-0.707106781186547,0.707106781186549,0.));
#4558=DIRECTION('',(-0.697409237033629,-0.707106781186548,0.11670628132269));
#4559=DIRECTION('',(0.165047605860678,0.,0.986285601537231));
#4560=DIRECTION('',(-0.622899429953525,0.678598344545847,0.389230763099745));
#4561=DIRECTION('',(-0.697409237033629,-0.707106781186548,0.11670628132269));
#4562=DIRECTION('',(0.69740923703363,-0.707106781186547,-0.11670628132269));
#4563=DIRECTION('',(-0.779933039963967,-0.5,-0.376436519445928));
#4564=DIRECTION('',(0.11670628132269,-0.707106781186548,0.697409237033629));
#4565=DIRECTION('',(-0.557290744344259,0.281084637714816,0.781292808560883));
#4566=DIRECTION('',(-0.779933039963967,-0.5,-0.376436519445928));
#4567=DIRECTION('',(0.614885434103292,-0.5,-0.609849082091305));
#4568=DIRECTION('',(-0.779933039963967,-0.5,-0.376436519445928));
#4569=DIRECTION('',(0.614885434103292,-0.5,-0.609849082091305));
#4570=DIRECTION('',(-0.814115518356319,2.19373914966207E-18,-0.58070295571094));
#4571=DIRECTION('',(-5.1204627669812E-19,-1.,-3.05986789323325E-18));
#4572=DIRECTION('',(-0.814115518356319,2.19373914966207E-18,-0.58070295571094));
#4573=DIRECTION('',(0.58070295571094,7.73310461144671E-17,-0.814115518356319));
#4574=DIRECTION('',(-0.557290744344259,-0.281084637714818,0.781292808560882));
#4575=DIRECTION('',(-0.814115518356319,2.19373914966207E-18,-0.58070295571094));
#4576=DIRECTION('',(0.58070295571094,-2.55618364659668E-17,-0.814115518356319));
#4577=DIRECTION('',(-0.779933039963968,0.5,-0.376436519445927));
#4578=DIRECTION('',(-0.11670628132269,-0.707106781186548,-0.697409237033629));
#4579=DIRECTION('',(-0.779933039963968,0.5,-0.376436519445927));
#4580=DIRECTION('',(0.614885434103292,0.5,-0.609849082091305));
#4581=DIRECTION('',(-0.622899429953524,-0.678598344545846,0.389230763099747));
#4582=DIRECTION('',(-0.779933039963968,0.5,-0.376436519445927));
#4583=DIRECTION('',(0.614885434103292,0.5,-0.609849082091305));
#4584=DIRECTION('',(-0.697409237033629,0.707106781186548,0.11670628132269));
#4585=DIRECTION('',(-0.165047605860678,0.,-0.986285601537231));
#4586=DIRECTION('',(-0.697409237033629,0.707106781186548,0.11670628132269));
#4587=DIRECTION('',(0.69740923703363,0.707106781186547,-0.11670628132269));
#4588=DIRECTION('',(-0.715684122951618,-0.678598344545846,-0.165228698883126));
#4589=DIRECTION('',(-0.697409237033629,0.707106781186548,0.11670628132269));
#4590=DIRECTION('',(0.69740923703363,0.707106781186547,-0.11670628132269));
#4591=DIRECTION('',(-0.61488543410329,0.5,0.609849082091306));
#4592=DIRECTION('',(-0.11670628132269,0.707106781186548,-0.697409237033629));
#4593=DIRECTION('',(-0.781292808560882,-0.28108463771482,-0.557290744344259));
#4594=DIRECTION('',(-0.61488543410329,0.5,0.609849082091306));
#4595=DIRECTION('',(0.779933039963969,0.5,0.376436519445926));
#4596=DIRECTION('',(-0.61488543410329,0.5,0.609849082091306));
#4597=DIRECTION('',(0.779933039963969,0.5,0.376436519445926));
#4598=DIRECTION('',(-0.58070295571094,0.,0.81411551835632));
#4599=DIRECTION('',(0.,1.,0.));
#4600=DIRECTION('',(-0.58070295571094,0.,0.81411551835632));
#4601=DIRECTION('',(0.814115518356319,5.55111512312578E-17,0.58070295571094));
#4602=DIRECTION('',(-0.781292808560882,0.281084637714821,-0.557290744344259));
#4603=DIRECTION('',(-0.58070295571094,0.,0.81411551835632));
#4604=DIRECTION('',(0.814115518356319,0.,0.58070295571094));
#4605=DIRECTION('',(-0.614885434103291,-0.5,0.609849082091306));
#4606=DIRECTION('',(0.11670628132269,0.707106781186548,0.697409237033629));
#4607=DIRECTION('',(-0.614885434103291,-0.5,0.609849082091306));
#4608=DIRECTION('',(0.779933039963969,-0.5,0.376436519445926));
#4609=DIRECTION('',(0.715684122951618,-0.678598344545846,0.165228698883126));
#4610=DIRECTION('',(-0.614885434103291,-0.5,0.609849082091306));
#4611=DIRECTION('',(0.779933039963968,-0.5,0.376436519445926));
#4612=DIRECTION('',(-0.697409237033629,-0.707106781186548,0.11670628132269));
#4613=DIRECTION('',(0.165047605860678,0.,0.986285601537231));
#4614=DIRECTION('',(-0.697409237033629,-0.707106781186548,0.11670628132269));
#4615=DIRECTION('',(0.69740923703363,-0.707106781186547,-0.11670628132269));
#4616=DIRECTION('',(-0.707106781186548,0.,0.707106781186547));
#4617=DIRECTION('',(0.,1.,0.));
#4618=DIRECTION('',(-0.678598344545847,-0.28108463771482,-0.678598344545847));
#4619=DIRECTION('',(-0.707106781186548,0.,0.707106781186547));
#4620=DIRECTION('',(-0.707106781186547,0.,-0.707106781186548));
#4621=DIRECTION('',(-0.5,-0.5,0.707106781186547));
#4622=DIRECTION('',(-0.707106781186548,0.707106781186548,0.));
#4623=DIRECTION('',(-0.5,-0.5,0.707106781186547));
#4624=DIRECTION('',(-0.5,-0.5,-0.707106781186548));
#4625=DIRECTION('',(-0.28108463771482,-0.678598344545847,-0.678598344545847));
#4626=DIRECTION('',(-0.5,-0.5,0.707106781186547));
#4627=DIRECTION('',(-0.5,-0.5,-0.707106781186548));
#4628=DIRECTION('',(-9.58368352531879E-17,-0.707106781186548,0.707106781186547));
#4629=DIRECTION('',(-1.,1.35533752189974E-16,0.));
#4630=DIRECTION('',(0.28108463771482,-0.678598344545847,-0.678598344545847));
#4631=DIRECTION('',(-9.58368352531879E-17,-0.707106781186548,0.707106781186547));
#4632=DIRECTION('',(-9.58368352531879E-17,-0.707106781186547,-0.707106781186548));
#4633=DIRECTION('',(-9.58368352531879E-17,-0.707106781186548,0.707106781186547));
#4634=DIRECTION('',(-9.58368352531879E-17,-0.707106781186547,-0.707106781186548));
#4635=DIRECTION('',(0.5,-0.5,0.707106781186547));
#4636=DIRECTION('',(-0.707106781186548,-0.707106781186547,0.));
#4637=DIRECTION('',(0.5,-0.5,0.707106781186547));
#4638=DIRECTION('',(0.5,-0.5,-0.707106781186548));
#4639=DIRECTION('',(0.678598344545847,-0.281084637714821,-0.678598344545847));
#4640=DIRECTION('',(0.5,-0.5,0.707106781186547));
#4641=DIRECTION('',(0.5,-0.5,-0.707106781186548));
#4642=DIRECTION('',(0.707106781186548,-9.58368352531879E-17,0.707106781186547));
#4643=DIRECTION('',(-1.35533752189974E-16,-1.,0.));
#4644=DIRECTION('',(0.707106781186548,-9.58368352531879E-17,0.707106781186547));
#4645=DIRECTION('',(0.707106781186547,-9.58368352531879E-17,-0.707106781186548));
#4646=DIRECTION('',(-0.678598344545847,-0.28108463771482,0.678598344545847));
#4647=DIRECTION('',(0.707106781186548,-9.58368352531879E-17,0.707106781186547));
#4648=DIRECTION('',(0.707106781186547,-9.58368352531879E-17,-0.707106781186548));
#4649=DIRECTION('',(0.5,0.5,0.707106781186547));
#4650=DIRECTION('',(0.707106781186548,-0.707106781186547,0.));
#4651=DIRECTION('',(0.28108463771482,0.678598344545847,-0.678598344545847));
#4652=DIRECTION('',(0.5,0.5,0.707106781186547));
#4653=DIRECTION('',(0.5,0.5,-0.707106781186548));
#4654=DIRECTION('',(0.5,0.5,0.707106781186547));
#4655=DIRECTION('',(0.5,0.5,-0.707106781186548));
#4656=DIRECTION('',(0.,0.707106781186548,0.707106781186547));
#4657=DIRECTION('',(1.,0.,0.));
#4658=DIRECTION('',(0.,0.707106781186548,0.707106781186547));
#4659=DIRECTION('',(0.,0.707106781186547,-0.707106781186548));
#4660=DIRECTION('',(0.281084637714821,-0.678598344545847,0.678598344545847));
#4661=DIRECTION('',(0.,0.707106781186548,0.707106781186547));
#4662=DIRECTION('',(0.,0.707106781186547,-0.707106781186548));
#4663=DIRECTION('',(-0.707106781186548,0.,0.707106781186547));
#4664=DIRECTION('',(0.,1.,0.));
#4665=DIRECTION('',(-0.707106781186548,0.,0.707106781186547));
#4666=DIRECTION('',(-0.707106781186547,0.,-0.707106781186548));
#4667=DIRECTION('',(-0.678598344545847,0.281084637714821,-0.678598344545847));
#4668=DIRECTION('',(-0.5,0.5,0.707106781186548));
#4669=DIRECTION('',(0.707106781186548,0.707106781186548,0.));
#4670=DIRECTION('',(-0.5,0.5,0.707106781186548));
#4671=DIRECTION('',(-0.5,0.5,-0.707106781186548));
#4672=DIRECTION('',(-0.5,0.5,0.707106781186548));
#4673=DIRECTION('',(-0.5,0.5,-0.707106781186548));
#4674=DIRECTION('',(0.,-0.707106781186548,0.707106781186547));
#4675=DIRECTION('',(-1.,0.,0.));
#4676=DIRECTION('',(0.28108463771482,0.678598344545847,0.678598344545847));
#4677=DIRECTION('',(0.,-0.707106781186548,0.707106781186547));
#4678=DIRECTION('',(0.,-0.707106781186547,-0.707106781186548));
#4679=DIRECTION('',(0.,-0.707106781186548,0.707106781186547));
#4680=DIRECTION('',(0.,-0.707106781186547,-0.707106781186548));
#4681=DIRECTION('',(-0.281084637714821,0.678598344545847,0.678598344545847));
#4682=DIRECTION('',(0.5,-0.5,0.707106781186548));
#4683=DIRECTION('',(-0.707106781186548,-0.707106781186548,0.));
#4684=DIRECTION('',(0.5,-0.5,0.707106781186548));
#4685=DIRECTION('',(0.5,-0.5,-0.707106781186548));
#4686=DIRECTION('',(0.5,-0.5,0.707106781186548));
#4687=DIRECTION('',(0.5,-0.5,-0.707106781186548));
#4688=DIRECTION('',(-0.678598344545847,0.281084637714821,0.678598344545847));
#4689=DIRECTION('',(-0.5,-0.5,0.707106781186547));
#4690=DIRECTION('',(-0.707106781186548,0.707106781186547,0.));
#4691=DIRECTION('',(-0.5,-0.5,0.707106781186547));
#4692=DIRECTION('',(-0.5,-0.5,-0.707106781186548));
#4693=DIRECTION('',(-0.678598344545847,-0.28108463771482,-0.678598344545847));
#4694=DIRECTION('',(-0.5,-0.5,0.707106781186547));
#4695=DIRECTION('',(0.354569401864121,-0.863116666091606,-0.359597219089123));
#4696=DIRECTION('',(0.707106781186548,0.,0.707106781186547));
#4697=DIRECTION('',(0.,-1.,0.));
#4698=DIRECTION('',(0.707106781186548,0.,0.707106781186547));
#4699=DIRECTION('',(0.707106781186547,0.,-0.707106781186548));
#4700=DIRECTION('',(0.707106781186548,0.,0.707106781186547));
#4701=DIRECTION('',(0.707106781186547,0.,-0.707106781186548));
#4702=DIRECTION('',(-0.678598344545847,-0.28108463771482,0.678598344545847));
#4703=DIRECTION('',(-0.707106781186548,9.58368352531879E-17,0.707106781186547));
#4704=DIRECTION('',(1.35533752189974E-16,1.,0.));
#4705=DIRECTION('',(0.678598344545847,-0.281084637714821,0.678598344545847));
#4706=DIRECTION('',(0.5,0.5,0.707106781186547));
#4707=DIRECTION('',(0.707106781186548,-0.707106781186548,0.));
#4708=DIRECTION('',(0.5,0.5,0.707106781186547));
#4709=DIRECTION('',(0.5,0.5,-0.707106781186548));
#4710=DIRECTION('',(0.5,0.5,0.707106781186547));
#4711=DIRECTION('',(0.5,0.5,-0.707106781186548));
#4712=DIRECTION('',(-0.28108463771482,-0.678598344545847,0.678598344545847));
#4713=DIRECTION('',(-0.5,0.5,0.707106781186547));
#4714=DIRECTION('',(0.707106781186548,0.707106781186547,0.));
#4715=DIRECTION('',(0.678598344545847,-0.281084637714821,0.678598344545847));
#4716=DIRECTION('',(-0.28108463771482,0.678598344545847,-0.678598344545847));
#4717=DIRECTION('',(-0.5,0.5,0.707106781186547));
#4718=DIRECTION('',(-0.5,0.5,-0.707106781186548));
#4719=DIRECTION('',(9.58368352531879E-17,0.707106781186548,0.707106781186547));
#4720=DIRECTION('',(1.,-1.35533752189974E-16,0.));
#4721=DIRECTION('',(9.58368352531879E-17,0.707106781186548,0.707106781186547));
#4722=DIRECTION('',(9.58368352531879E-17,0.707106781186547,-0.707106781186548));
#4723=DIRECTION('',(9.58368352531879E-17,0.707106781186548,0.707106781186547));
#4724=DIRECTION('',(9.58368352531879E-17,0.707106781186547,-0.707106781186548));
#4725=DIRECTION('',(0.,1.,0.));
#4726=DIRECTION('',(0.,0.,1.));
#4727=DIRECTION('',(-0.805714323071203,0.,0.592304338662071));
#4728=DIRECTION('',(0.,0.,-1.));
#4729=DIRECTION('',(0.,1.,0.));
#4730=DIRECTION('',(0.,0.,1.));
#4731=DIRECTION('',(0.,0.,1.));
#4732=DIRECTION('',(-0.805714323071203,0.,0.592304338662071));
#4733=DIRECTION('',(-0.592304338662071,0.,-0.805714323071203));
#4734=DIRECTION('',(-0.805714323071203,0.,0.592304338662071));
#4735=DIRECTION('',(-0.592304338662071,0.,-0.805714323071203));
#4736=DIRECTION('',(0.805714323071203,0.,-0.592304338662071));
#4737=DIRECTION('',(-0.805714323071203,0.,0.592304338662071));
#4738=DIRECTION('',(5.54002796028736E-18,-1.,-4.07263778640484E-18));
#4739=DIRECTION('',(-0.805714323071203,0.,0.592304338662071));
#4740=DIRECTION('',(-0.592304338662071,0.,-0.805714323071203));
#4741=DIRECTION('',(0.805714323071203,0.,-0.592304338662071));
#4742=DIRECTION('',(-5.54002796028736E-18,1.,4.07263778640484E-18));
#4743=DIRECTION('',(-1.,-5.54002796028736E-18,0.));
#4744=DIRECTION('',(0.,1.,0.));
#4745=DIRECTION('',(0.,0.,1.));
#4746=DIRECTION('',(0.,1.,0.));
#4747=DIRECTION('',(0.,0.,1.));
#4748=DIRECTION('',(0.986285601537231,-1.96261557335472E-17,-0.165047605860678));
#4749=DIRECTION('',(-0.165047605860678,0.,-0.986285601537231));
#4750=DIRECTION('',(0.,0.,-1.));
#4751=DIRECTION('',(-1.,0.,0.));
#4752=DIRECTION('',(0.,0.,-1.));
#4753=DIRECTION('',(0.146431249191204,-0.887206139268762,0.437519320378108));
#4754=DIRECTION('',(0.0712476186190202,-0.431679200964374,-0.899209010350696));
#4755=DIRECTION('',(0.986285601537231,5.31300992749088E-17,-0.165047605860678));
#4756=DIRECTION('',(-0.165047605860678,0.,-0.986285601537231));
#4757=DIRECTION('',(0.,0.,-1.));
#4758=DIRECTION('',(-1.,0.,0.));
#4759=DIRECTION('',(0.146431249191204,0.887206139268762,0.437519320378108));
#4760=DIRECTION('',(0.0712476186190204,0.431679200964374,-0.899209010350696));
#4761=DIRECTION('',(0.,0.,-1.));
#4762=DIRECTION('',(0.,0.,-1.));
#4763=DIRECTION('',(-1.,0.,0.));
#4764=DIRECTION('',(0.,0.,-1.));
#4765=DIRECTION('',(-1.,0.,0.));
#4766=DIRECTION('',(0.,0.,-1.));
#4767=DIRECTION('',(-1.,0.,0.));
#4768=DIRECTION('',(0.,0.,-1.));
#4769=DIRECTION('',(-1.,0.,0.));
#4770=DIRECTION('',(0.,0.,-1.));
#4771=DIRECTION('',(-1.,0.,0.));
#4772=DIRECTION('',(0.,0.,-1.));
#4773=DIRECTION('',(-1.,0.,0.));
#4774=DIRECTION('',(0.,0.,-1.));
#4775=DIRECTION('',(-1.,0.,0.));
#4776=DIRECTION('',(0.,0.,-1.));
#4777=DIRECTION('',(-1.,0.,0.));
#4778=DIRECTION('',(0.986285601537231,0.,-0.165047605860678));
#4779=DIRECTION('',(-0.165047605860678,0.,-0.986285601537231));
#4780=DIRECTION('',(0.986285601537231,5.31300992749088E-17,-0.165047605860678));
#4781=DIRECTION('',(-0.165047605860678,0.,-0.986285601537231));
#4782=DIRECTION('',(0.986285601537231,0.,-0.165047605860678));
#4783=DIRECTION('',(-0.165047605860678,0.,-0.986285601537231));
#4784=DIRECTION('',(-0.455687133185479,0.887206139268762,-0.0722115163461976));
#4785=DIRECTION('',(0.875117650805091,0.431679200964374,-0.218682794714488));
#4786=DIRECTION('',(0.986285601537231,0.,-0.165047605860678));
#4787=DIRECTION('',(-0.165047605860678,0.,-0.986285601537231));
#4788=DIRECTION('',(-0.455687133185479,0.887206139268762,-0.0722115163461975));
#4789=DIRECTION('',(0.875117650805091,0.431679200964374,-0.218682794714488));
#4790=DIRECTION('',(-0.542697688703735,-0.542697688703734,0.641060400704371));
#4791=DIRECTION('',(0.763232469782529,0.,0.646123979642964));
#4792=DIRECTION('',(-0.542697688703735,-0.542697688703735,0.641060400704371));
#4793=DIRECTION('',(0.763232469782529,0.,0.646123979642964));
#4794=DIRECTION('',(-2.56639918050681E-16,-2.78026577888238E-16,1.));
#4795=DIRECTION('',(0.,-1.,-2.78026577888238E-16));
#4796=DIRECTION('',(0.986285601537231,0.,-0.165047605860678));
#4797=DIRECTION('',(-0.165047605860678,0.,-0.986285601537231));
#4798=DIRECTION('',(-0.455687133185479,-0.887206139268762,-0.0722115163461975));
#4799=DIRECTION('',(0.875117650805091,-0.431679200964374,-0.218682794714488));
#4800=DIRECTION('',(6.84373114801817E-16,-7.05759774639374E-16,-1.));
#4801=DIRECTION('',(0.,1.,-7.05759774639374E-16));
#4802=DIRECTION('',(0.542697688703735,-0.542697688703735,-0.641060400704371));
#4803=DIRECTION('',(-0.763232469782529,0.,-0.646123979642964));
#4804=DIRECTION('',(0.542697688703735,-0.542697688703735,-0.641060400704371));
#4805=DIRECTION('',(-0.763232469782529,0.,-0.646123979642964));
#4806=DIRECTION('',(0.986285601537231,0.,-0.165047605860678));
#4807=DIRECTION('',(-0.165047605860678,0.,-0.986285601537231));
#4808=DIRECTION('',(0.986285601537231,0.,-0.165047605860678));
#4809=DIRECTION('',(-0.165047605860678,0.,-0.986285601537231));
#4810=DIRECTION('',(0.986285601537231,0.,-0.165047605860678));
#4811=DIRECTION('',(-0.165047605860678,0.,-0.986285601537231));
#4812=DIRECTION('',(-0.455687133185479,-0.887206139268762,-0.0722115163461975));
#4813=DIRECTION('',(0.875117650805091,-0.431679200964374,-0.218682794714488));
#4814=DIRECTION('',(0.678598344545847,-0.281084637714821,0.678598344545847));
#4815=DIRECTION('',(0.707106781186548,0.,-0.707106781186547));
#4816=DIRECTION('',(0.,0.,-1.));
#4817=DIRECTION('',(-1.,0.,0.));
#4818=DIRECTION('',(0.,0.,1.));
#4819=DIRECTION('',(1.,0.,0.));
#4820=DIRECTION('',(0.,0.,-1.));
#4821=DIRECTION('',(-1.43709198143318E-16,-3.46944695195362E-16,1.));
#4822=DIRECTION('',(0.,-1.,-3.46944695195362E-16));
#4823=DIRECTION('',(0.,0.,-1.));
#4824=DIRECTION('',(-1.,0.,0.));
#4825=DIRECTION('',(0.,0.,-1.));
#4826=DIRECTION('',(-1.,0.,0.));
#4827=DIRECTION('',(0.,0.,-1.));
#4828=DIRECTION('',(0.,0.,1.));
#4829=DIRECTION('',(1.,0.,0.));
#4830=DIRECTION('',(0.,0.,1.));
#4831=DIRECTION('',(1.,0.,0.));
#4832=DIRECTION('',(0.,0.,-1.));
#4833=DIRECTION('',(-1.,0.,0.));
#4834=DIRECTION('',(0.986285601537231,0.,-0.165047605860678));
#4835=DIRECTION('',(-0.165047605860678,0.,-0.986285601537231));
#4836=DIRECTION('',(0.986285601537231,3.92523114670944E-17,-0.165047605860678));
#4837=DIRECTION('',(-0.165047605860678,0.,-0.986285601537231));
#4838=DIRECTION('',(0.805714323071203,0.,-0.592304338662071));
#4839=DIRECTION('',(-0.592304338662071,0.,-0.805714323071203));
#4840=DIRECTION('',(-0.805714323071202,0.,0.592304338662072));
#4841=DIRECTION('',(0.592304338662072,0.,0.805714323071202));
#4842=DIRECTION('',(0.,1.,0.));
#4843=DIRECTION('',(0.,0.,1.));
#4844=DIRECTION('',(-0.805714323071203,0.,0.592304338662071));
#4845=DIRECTION('',(0.592304338662071,0.,0.805714323071203));
#4846=DIRECTION('',(-0.805714323071202,0.,0.592304338662072));
#4847=DIRECTION('',(0.592304338662072,0.,0.805714323071202));
#4848=DIRECTION('',(0.,1.,0.));
#4849=DIRECTION('',(0.,0.,1.));
#4850=DIRECTION('',(0.,0.,1.));
#4851=DIRECTION('',(1.,0.,0.));
#4852=DIRECTION('',(0.,0.,-1.));
#4853=DIRECTION('',(-1.,0.,0.));
#4854=DIRECTION('',(0.,0.,1.));
#4855=DIRECTION('',(1.,0.,0.));
#4856=DIRECTION('',(0.478546977702998,-0.478546977702997,0.73619669943749));
#4857=DIRECTION('',(0.838433664547211,0.,-0.54500366067939));
#4858=DIRECTION('',(0.606710781403865,-0.606710781403864,0.513618589477274));
#4859=DIRECTION('',(0.707106781186547,0.707106781186548,0.));
#4860=DIRECTION('',(-0.606710781403865,0.606710781403865,-0.513618589477272));
#4861=DIRECTION('',(-0.707106781186547,-0.707106781186548,0.));
#4862=DIRECTION('',(0.606710781403865,-0.606710781403865,0.513618589477273));
#4863=DIRECTION('',(0.707106781186547,0.707106781186548,0.));
#4864=DIRECTION('',(0.535470790142321,-0.636203221454258,0.555442610820941));
#4865=DIRECTION('',(0.,-0.657675858138213,-0.753301045812473));
#4866=DIRECTION('',(0.0631640394447302,0.997947182208419,-0.0105700351608029));
#4867=DIRECTION('',(-0.998002935025683,0.0631675682618977,0.));
#4868=DIRECTION('',(-9.99233104067469E-16,-1.38777878078144E-15,-1.));
#4869=DIRECTION('',(0.,1.,-1.38777878078144E-15));
#4870=DIRECTION('',(0.,0.,-1.));
#4871=DIRECTION('',(-1.,0.,0.));
#4872=DIRECTION('',(0.,0.,1.));
#4873=DIRECTION('',(1.,0.,0.));
#4874=DIRECTION('',(0.,0.,-1.));
#4875=DIRECTION('',(-1.,0.,0.));
#4876=DIRECTION('',(0.,0.,1.));
#4877=DIRECTION('',(1.,0.,0.));
#4878=DIRECTION('',(0.478546977703,0.478546977702999,0.736196699437488));
#4879=DIRECTION('',(0.838433664547209,0.,-0.545003660679393));
#4880=DIRECTION('',(0.606710781403866,0.606710781403865,0.513618589477272));
#4881=DIRECTION('',(-0.707106781186547,0.707106781186548,0.));
#4882=DIRECTION('',(0.606710781403865,0.606710781403865,0.513618589477273));
#4883=DIRECTION('',(-0.707106781186547,0.707106781186548,0.));
#4884=DIRECTION('',(0.606710781403866,0.606710781403865,0.513618589477272));
#4885=DIRECTION('',(-0.707106781186547,0.707106781186548,0.));
#4886=DIRECTION('',(0.535470790142322,0.636203221454257,0.55544261082094));
#4887=DIRECTION('',(0.,-0.657675858138213,0.753301045812473));
#4888=DIRECTION('',(-0.0631640394447292,0.997947182208419,0.0105700351608031));
#4889=DIRECTION('',(-0.998002935025683,-0.0631675682618967,0.));
#4890=DIRECTION('',(0.,0.,-1.));
#4891=DIRECTION('',(-1.,0.,0.));
#4892=DIRECTION('',(1.46332058493034E-15,0.,1.));
#4893=DIRECTION('',(1.,0.,-1.46332058493034E-15));
#4894=DIRECTION('',(-1.,0.,1.85863229568944E-16));
#4895=DIRECTION('',(1.85863229568944E-16,0.,1.));
#4896=DIRECTION('',(-1.85863229568944E-16,0.,-1.));
#4897=DIRECTION('',(0.,-1.,0.));
#4898=DIRECTION('',(-1.85863229568944E-16,0.,-1.));
#4899=DIRECTION('',(0.,-1.,0.));
#4900=DIRECTION('',(0.,0.,-1.));
#4901=DIRECTION('',(-1.,0.,0.));
#4902=DIRECTION('',(1.,0.,0.));
#4903=DIRECTION('',(0.,-1.,0.));
#4904=DIRECTION('',(1.,0.,0.));
#4905=DIRECTION('',(-1.,0.,1.85863229568944E-16));
#4906=DIRECTION('',(1.85863229568944E-16,0.,1.));
#4907=DIRECTION('',(-1.85863229568944E-16,0.,-1.));
#4908=DIRECTION('',(0.,-1.,0.));
#4909=DIRECTION('',(-1.85863229568944E-16,0.,-1.));
#4910=DIRECTION('',(0.,0.,-1.));
#4911=DIRECTION('',(-1.,0.,0.));
#4912=DIRECTION('',(0.,-1.,0.));
#4913=DIRECTION('',(1.,0.,0.));
#4914=DIRECTION('',(0.,-1.,0.));
#4915=DIRECTION('',(-1.,0.,-6.19544098563144E-17));
#4916=DIRECTION('',(-6.19544098563144E-17,0.,1.));
#4917=DIRECTION('',(0.,-1.,0.));
#4918=DIRECTION('',(6.19544098563144E-17,0.,-1.));
#4919=DIRECTION('',(0.,0.,-1.));
#4920=DIRECTION('',(-1.,0.,0.));
#4921=DIRECTION('',(0.,-1.,0.));
#4922=DIRECTION('',(1.,0.,0.));
#4923=DIRECTION('',(-1.,0.,-6.19544098563144E-17));
#4924=DIRECTION('',(-6.19544098563144E-17,0.,1.));
#4925=DIRECTION('',(6.19544098563144E-17,0.,-1.));
#4926=DIRECTION('',(0.,0.,-1.));
#4927=DIRECTION('',(-1.,0.,0.));
#4928=DIRECTION('',(1.,0.,0.));
#4929=DIRECTION('',(1.,0.,0.));
#4930=DIRECTION('',(0.,-1.,0.));
#4931=DIRECTION('',(1.,0.,0.));
#4932=DIRECTION('',(0.,1.,0.));
#4933=DIRECTION('',(0.,0.,1.));
#4934=CARTESIAN_POINT('',(0.,0.,0.));
#4935=CARTESIAN_POINT('',(8.67361737988404E-19,-0.01545,0.025));
#4936=CARTESIAN_POINT('',(0.00175,-0.01545,0.018));
#4937=CARTESIAN_POINT('',(0.00175,-0.01545,0.01975));
#4938=CARTESIAN_POINT('',(0.00175,-0.01545,0.01625));
#4939=CARTESIAN_POINT('',(-0.000875,-0.01545,0.01625));
#4940=CARTESIAN_POINT('',(-0.00175,-0.01545,0.01625));
#4941=CARTESIAN_POINT('',(-0.00175,-0.01545,0.018));
#4942=CARTESIAN_POINT('',(-0.00175,-0.01545,0.01975));
#4943=CARTESIAN_POINT('',(-0.000875,-0.01545,0.01975));
#4944=CARTESIAN_POINT('',(-0.00639959953866432,-0.01545,0.023));
#4945=CARTESIAN_POINT('',(0.00432853172679884,-0.01545,0.023));
#4946=CARTESIAN_POINT('',(-0.00432853172679884,-0.01545,0.023));
#4947=CARTESIAN_POINT('',(-0.00432853172679884,-0.01545,0.025));
#4948=CARTESIAN_POINT('',(-0.00432853172679884,-0.01545,0.0141642741507533));
#4949=CARTESIAN_POINT('',(-0.00432853172679884,-0.01545,0.0141642741507533));
#4950=CARTESIAN_POINT('',(-0.00432853172679884,-0.01545,0.0132955837072233));
#4951=CARTESIAN_POINT('',(-0.00444812915899512,-0.01545,0.0115688000723551));
#4952=CARTESIAN_POINT('',(-0.00479122347579271,-0.01545,0.00897575275039769));
#4953=CARTESIAN_POINT('',(-0.00450031691496152,-0.01545,0.00638855233017627));
#4954=CARTESIAN_POINT('',(-0.00432853172679885,-0.01545,0.00466943157484212));
#4955=CARTESIAN_POINT('',(-0.00432853172679885,-0.01545,0.00380305334743824));
#4956=CARTESIAN_POINT('',(-0.00432853172679884,-0.01545,0.00380305334743823));
#4957=CARTESIAN_POINT('',(-0.00432853172679884,-0.01545,0.025));
#4958=CARTESIAN_POINT('',(-0.00432853172679884,-0.01545,-0.023));
#4959=CARTESIAN_POINT('',(8.67361737988404E-19,-0.01545,-0.023));
#4960=CARTESIAN_POINT('',(0.00432853172679884,-0.01545,-0.023));
#4961=CARTESIAN_POINT('',(0.00432853172679884,-0.01545,0.025));
#4962=CARTESIAN_POINT('',(0.00432853172679884,-0.01545,-0.0181310793636867));
#4963=CARTESIAN_POINT('',(0.00432853172679884,-0.01545,-0.0181310793636867));
#4964=CARTESIAN_POINT('',(0.00596680400420547,-0.01545,-0.017908943834981));
#4965=CARTESIAN_POINT('',(0.00760281369714661,-0.01545,-0.0176660533498111));
#4966=CARTESIAN_POINT('',(0.00922802666340533,-0.01545,-0.0173756102162159));
#4967=CARTESIAN_POINT('',(0.00922802666340515,-0.0154500000000003,-0.017375610216215));
#4968=CARTESIAN_POINT('',(0.00922802666341051,-0.01545,0.025));
#4969=CARTESIAN_POINT('',(0.00922802666341052,-0.01545,-0.0126243897837851));
#4970=CARTESIAN_POINT('',(0.00922802666341122,-0.01545,-0.0126243897837809));
#4971=CARTESIAN_POINT('',(0.00760126275169527,-0.01545,-0.0123336694794585));
#4972=CARTESIAN_POINT('',(0.00596624275001143,-0.01545,-0.0120909800638123));
#4973=CARTESIAN_POINT('',(0.00432853172679885,-0.01545,-0.0118689206363133));
#4974=CARTESIAN_POINT('',(0.00432853172679884,-0.01545,-0.0118689206363133));
#4975=CARTESIAN_POINT('',(0.00432853172679884,-0.01545,0.025));
#4976=CARTESIAN_POINT('',(-0.0109247997693322,-0.0109247997693322,0.025));
#4977=CARTESIAN_POINT('',(-0.00786406563273158,-0.0139855339059327,0.025));
#4978=CARTESIAN_POINT('',(-0.00786406563273158,-0.0139855339059327,-0.023));
#4979=CARTESIAN_POINT('',(-0.00786406563273158,-0.0139855339059327,-0.00369346903597266));
#4980=CARTESIAN_POINT('',(-0.016460133444597,-0.00538946609406727,0.00292562978116328));
#4981=CARTESIAN_POINT('',(-0.00938906563273158,-0.0124605339059327,-0.00542705286192952));
#4982=CARTESIAN_POINT('',(-0.0010380514717374,-0.0208115480669269,0.00164260247557694));
#4983=CARTESIAN_POINT('',(-0.0139855339059327,-0.00786406563273158,-0.00931825048593728));
#4984=CARTESIAN_POINT('',(-0.0139855339059327,-0.00786406563273158,0.025));
#4985=CARTESIAN_POINT('',(-0.0139855339059327,-0.00786406563273158,-0.023));
#4986=CARTESIAN_POINT('',(-0.0109247997693322,-0.0109247997693322,-0.023));
#4987=CARTESIAN_POINT('',(-0.0109247997693322,0.0109247997693322,0.025));
#4988=CARTESIAN_POINT('',(-0.0132827628369226,0.00856683670174173,0.0210076738309712));
#4989=CARTESIAN_POINT('',(-0.00938906563273158,0.0124605339059327,0.0164082529344085));
#4990=CARTESIAN_POINT('',(-0.0149157650472725,0.00693383449139177,0.0229366539484626));
#4991=CARTESIAN_POINT('',(-0.01545,0.00639959953866432,0.0159289321881345));
#4992=CARTESIAN_POINT('',(-0.0144144660940673,0.00743513344459706,0.023));
#4993=CARTESIAN_POINT('',(-0.00639959953866431,0.01545,0.023));
#4994=CARTESIAN_POINT('',(-0.00786406563273158,0.0139855339059327,0.023));
#4995=CARTESIAN_POINT('',(-0.00786406563273158,0.0139855339059327,0.025));
#4996=CARTESIAN_POINT('',(-0.00786406563273158,0.0139855339059327,0.0141642741507534));
#4997=CARTESIAN_POINT('',(-0.016460133444597,0.00538946609406726,0.0104221521645742));
#4998=CARTESIAN_POINT('',(-0.0560699206008525,-8.67361737988404E-19,-0.00140797786451343));
#4999=CARTESIAN_POINT('',(-0.00962476197069661,0.00432853172679885,-0.00918023188888414));
#5000=CARTESIAN_POINT('',(-0.0196047913209534,0.00369685604417988,-0.00751014773870301));
#5001=CARTESIAN_POINT('',(-0.0194603161435655,0.00252246580536599,-0.00753432459183461));
#5002=CARTESIAN_POINT('',(-0.0199337644947604,0.0075,-0.00745509650948036));
#5003=CARTESIAN_POINT('',(-0.0199337644947604,0.0025,-0.00745509650948035));
#5004=CARTESIAN_POINT('',(-0.0278572489814124,0.0025,-0.00612915994246786));
#5005=CARTESIAN_POINT('',(-0.0368282651853453,0.0025,-0.00462792668479004));
#5006=CARTESIAN_POINT('',(-0.0368282651853453,0.001,-0.00462792668479004));
#5007=CARTESIAN_POINT('',(-0.0387896329987139,0.00220203908630906,-0.00429970627753262));
#5008=CARTESIAN_POINT('',(-0.0387896329987139,0.00220203908630906,-0.00429970627753262));
#5009=CARTESIAN_POINT('',(-0.0396679478648798,0.00190210658861179,-0.00415272677623341));
#5010=CARTESIAN_POINT('',(-0.0404757804969854,0.00144823065128229,-0.00401754195587576));
#5011=CARTESIAN_POINT('',(-0.0412829134241744,0.001,-0.00388247422596441));
#5012=CARTESIAN_POINT('',(-0.0412829134241744,0.001,-0.00388247422596441));
#5013=CARTESIAN_POINT('',(-0.0412829134241744,-0.0025,-0.00388247422596441));
#5014=CARTESIAN_POINT('',(-0.0412829134241744,-0.001,-0.00388247422596441));
#5015=CARTESIAN_POINT('',(-0.0387896329987139,-0.00220203908630906,-0.00429970627753262));
#5016=CARTESIAN_POINT('',(-0.0396679478648798,-0.00190210658861179,-0.00415272677623341));
#5017=CARTESIAN_POINT('',(-0.0404757804969854,-0.00144823065128229,-0.00401754195587576));
#5018=CARTESIAN_POINT('',(-0.0412829134241744,-0.001,-0.00388247422596441));
#5019=CARTESIAN_POINT('',(-0.0387896329987139,-0.00220203908630906,-0.00429970627753262));
#5020=CARTESIAN_POINT('',(-0.0368282651853453,-0.001,-0.00462792668479004));
#5021=CARTESIAN_POINT('',(-0.0368282651853453,-0.0025,-0.00462792668479004));
#5022=CARTESIAN_POINT('',(-0.0278572489814124,-0.0025,-0.00612915994246786));
#5023=CARTESIAN_POINT('',(-0.0199337644947604,-0.0025,-0.00745509650948035));
#5024=CARTESIAN_POINT('',(-0.0199337644947604,-0.0075,-0.00745509650948036));
#5025=CARTESIAN_POINT('',(-0.0194603161435655,-0.00252246580536599,-0.00753432459183461));
#5026=CARTESIAN_POINT('',(-0.00962476197069661,-0.00432853172679885,-0.00918023188888414));
#5027=CARTESIAN_POINT('',(-0.0196047913209534,-0.00369685604417987,-0.00751014773870301));
#5028=CARTESIAN_POINT('',(-0.0560699206008525,-0.00369685604417987,-0.00140797786451343));
#5029=CARTESIAN_POINT('',(-0.0418696812648931,-0.00369685604417987,-0.00378428296457349));
#5030=CARTESIAN_POINT('',(-0.0418696812648931,-0.00369685604417986,-0.00378428296457349));
#5031=CARTESIAN_POINT('',(-0.0421910000589756,-0.00534136406692277,-0.00373051263922482));
#5032=CARTESIAN_POINT('',(-0.0425430800089505,-0.006980988748153,-0.00367159466179076));
#5033=CARTESIAN_POINT('',(-0.0429653867457866,-0.00859635098079155,-0.00360092475061595));
#5034=CARTESIAN_POINT('',(-0.0429653867457866,-0.00859635098079156,-0.00360092475061595));
#5035=CARTESIAN_POINT('',(-0.0560699206008525,-0.00859635098079156,-0.00140797786451343));
#5036=CARTESIAN_POINT('',(-0.0448828132399406,-0.00859635098079156,-0.00328005759836239));
#5037=CARTESIAN_POINT('',(-0.0448828132399406,-0.00859635098079156,-0.00328005759836239));
#5038=CARTESIAN_POINT('',(-0.0457542813015254,-0.00838036450903837,-0.00313422385920566));
#5039=CARTESIAN_POINT('',(-0.0466679595136152,-0.00838237491594116,-0.00298132656333371));
#5040=CARTESIAN_POINT('',(-0.0475313159310199,-0.00859635098079158,-0.00283685024787801));
#5041=CARTESIAN_POINT('',(-0.0475313159310199,-0.00859635098079156,-0.00283685024787802));
#5042=CARTESIAN_POINT('',(-0.0560699206008525,-0.00859635098079156,-0.00140797786451343));
#5043=CARTESIAN_POINT('',(-0.0494487424251738,-0.00859635098079155,-0.00251598309562446));
#5044=CARTESIAN_POINT('',(-0.0494487424251762,-0.00859635098079236,-0.00251598309562406));
#5045=CARTESIAN_POINT('',(-0.0498715305243944,-0.00697914749263013,-0.0024452326320123));
#5046=CARTESIAN_POINT('',(-0.0502233817379828,-0.0053400711282953,-0.00238635293192195));
#5047=CARTESIAN_POINT('',(-0.0505444479060672,-0.00369685604418028,-0.00233262488166694));
#5048=CARTESIAN_POINT('',(-0.0505444479060672,-0.00369685604417987,-0.00233262488166694));
#5049=CARTESIAN_POINT('',(-0.0560699206008525,-0.00369685604417987,-0.00140797786451343));
#5050=CARTESIAN_POINT('',(-0.054097349397778,-0.00369685604417987,-0.00173807307623479));
#5051=CARTESIAN_POINT('',(-0.054097349397778,0.00576792385604535,-0.00173807307623479));
#5052=CARTESIAN_POINT('',(-0.054097349397778,0.00369685604417988,-0.00173807307623479));
#5053=CARTESIAN_POINT('',(-0.0560699206008525,0.00369685604417988,-0.00140797786451343));
#5054=CARTESIAN_POINT('',(-0.0420502291438065,-0.0112606754903958,0.0217818151780463));
#5055=CARTESIAN_POINT('',(-0.0420502291438065,-0.0112606754903958,0.0217818151780463));
#5056=CARTESIAN_POINT('',(-0.039248291685659,-0.013925,0.0186115594489052));
#5057=CARTESIAN_POINT('',(-0.0383688109225667,-0.00859635098079154,0.0238671292521959));
#5058=CARTESIAN_POINT('',(-0.0389612361139797,-0.013925,0.013595899924163));
#5059=CARTESIAN_POINT('',(-0.0390111327960898,-0.013925,0.0152716248339554));
#5060=CARTESIAN_POINT('',(-0.0390925966179177,-0.013925,0.0169476810264119));
#5061=CARTESIAN_POINT('',(-0.039248291685659,-0.013925,0.0186115594489051));
#5062=CARTESIAN_POINT('',(-0.0389612361139797,-0.013925,0.0135958999241629));
#5063=CARTESIAN_POINT('',(-0.0389612361139797,-0.013925,0.0135958999241629));
#5064=CARTESIAN_POINT('',(-0.0389720911644941,-0.013925,0.0139604547958461));
#5065=CARTESIAN_POINT('',(-0.0387902438269961,-0.0138432373028143,0.0146704450614299));
#5066=CARTESIAN_POINT('',(-0.0379963382108984,-0.0134193141092774,0.0158157417877906));
#5067=CARTESIAN_POINT('',(-0.0372999424294502,-0.0128939487318435,0.0164631490560085));
#5068=CARTESIAN_POINT('',(-0.0368524305803903,-0.0124605339059329,0.0168277027573589));
#5069=CARTESIAN_POINT('',(-0.0368524305803902,-0.0124605339059327,0.0168277027573586));
#5070=CARTESIAN_POINT('',(-0.0422836417064518,-0.00984646192802267,0.020386996703979));
#5071=CARTESIAN_POINT('',(-0.0359895379373871,-0.0072323899501126,0.0219841458637479));
#5072=CARTESIAN_POINT('',(-0.0359895379373871,-0.00723238995011261,0.0219841458637479));
#5073=CARTESIAN_POINT('',(-0.0362942435470021,-0.00679860224835799,0.0224749556579489));
#5074=CARTESIAN_POINT('',(-0.0367761142303738,-0.00605124701615198,0.0230848967524375));
#5075=CARTESIAN_POINT('',(-0.0372953646182863,-0.00478604725127939,0.0236047218215165));
#5076=CARTESIAN_POINT('',(-0.037342925875568,-0.00405419668470856,0.0236954549718135));
#5077=CARTESIAN_POINT('',(-0.0372731054416732,-0.00369685604417986,0.0236837710382384));
#5078=CARTESIAN_POINT('',(-0.0372731054416733,-0.00369685604417987,0.0236837710382384));
#5079=CARTESIAN_POINT('',(-0.0383688109225643,-0.00859635098079236,0.0238671292521955));
#5080=CARTESIAN_POINT('',(-0.0379460228233461,-0.00697914749263013,0.0237963787885838));
#5081=CARTESIAN_POINT('',(-0.0375941716097577,-0.0053400711282953,0.0237374990884934));
#5082=CARTESIAN_POINT('',(-0.0372731054416733,-0.00369685604418027,0.0236837710382384));
#5083=CARTESIAN_POINT('',(-0.0457673242039341,-0.0112606754903958,-0.000430669021474804));
#5084=CARTESIAN_POINT('',(-0.0457673242039341,-0.0112606754903958,-0.000430669021474813));
#5085=CARTESIAN_POINT('',(-0.0420859059826944,-0.013925,0.00165464505267484));
#5086=CARTESIAN_POINT('',(-0.0418696812648931,-0.00369685604417987,-0.00378428296457349));
#5087=CARTESIAN_POINT('',(-0.0419395843444866,-0.00405461966499233,-0.00377258520085148));
#5088=CARTESIAN_POINT('',(-0.0418647710307789,-0.00478488630885541,-0.00370220504041562));
#5089=CARTESIAN_POINT('',(-0.041208960531675,-0.00604550820076893,-0.00338213219308879));
#5090=CARTESIAN_POINT('',(-0.0405502123642872,-0.00679897512420235,-0.00295969819537851));
#5091=CARTESIAN_POINT('',(-0.0401027005152273,-0.00723238995011291,-0.00259514449402814));
#5092=CARTESIAN_POINT('',(-0.040102700515227,-0.00723238995011261,-0.00259514449402804));
#5093=CARTESIAN_POINT('',(-0.0455339116412887,-0.00984646192802267,0.000964149452592455));
#5094=CARTESIAN_POINT('',(-0.0392398078722239,-0.0124605339059327,0.00256129861236127));
#5095=CARTESIAN_POINT('',(-0.0392398078722239,-0.0124605339059327,0.00256129861236126));
#5096=CARTESIAN_POINT('',(-0.039544513481839,-0.0128943216076874,0.00305210840656226));
#5097=CARTESIAN_POINT('',(-0.0399891971710343,-0.0134163661243425,0.00388427021567085));
#5098=CARTESIAN_POINT('',(-0.0403701038606324,-0.013843361071926,0.00523080462718121));
#5099=CARTESIAN_POINT('',(-0.0403103492436774,-0.013925,0.00596283215447959));
#5100=CARTESIAN_POINT('',(-0.0401815505925866,-0.013925,0.00630358814950198));
#5101=CARTESIAN_POINT('',(-0.0401815505925867,-0.013925,0.00630358814950199));
#5102=CARTESIAN_POINT('',(-0.0420859059826922,-0.013925,0.00165464505267363));
#5103=CARTESIAN_POINT('',(-0.0413962023195632,-0.013925,0.00317891910419207));
#5104=CARTESIAN_POINT('',(-0.0407738254762185,-0.013925,0.00473663682206515));
#5105=CARTESIAN_POINT('',(-0.0401815505925868,-0.013925,0.00630358814950158));
#5106=CARTESIAN_POINT('',(-0.0420502291438065,-0.0112606754903958,0.0217818151780463));
#5107=CARTESIAN_POINT('',(-0.0457316473650484,-0.013925,0.0196965011038979));
#5108=CARTESIAN_POINT('',(-0.0464213510281773,-0.013925,0.0181722270523794));
#5109=CARTESIAN_POINT('',(-0.0470437278715221,-0.013925,0.0166145093345063));
#5110=CARTESIAN_POINT('',(-0.0476360027551538,-0.013925,0.0150475580070699));
#5111=CARTESIAN_POINT('',(-0.0457316473650461,-0.013925,0.0196965011038966));
#5112=CARTESIAN_POINT('',(-0.0476360027551538,-0.013925,0.0150475580070695));
#5113=CARTESIAN_POINT('',(-0.0420502291438065,-0.0112606754903958,0.0217818151780463));
#5114=CARTESIAN_POINT('',(-0.0448521666019539,-0.00859635098079154,0.0249520709071874));
#5115=CARTESIAN_POINT('',(-0.0459478720828474,-0.00369685604417987,0.0251354291211449));
#5116=CARTESIAN_POINT('',(-0.0456265532887649,-0.00534136406692277,0.0250816587957963));
#5117=CARTESIAN_POINT('',(-0.04527447333879,-0.00698098874815301,0.0250227408183622));
#5118=CARTESIAN_POINT('',(-0.0448521666019539,-0.00859635098079155,0.0249520709071874));
#5119=CARTESIAN_POINT('',(-0.0459478720828474,-0.00369685604417987,0.0251354291211449));
#5120=CARTESIAN_POINT('',(-0.0459478720828474,-0.00369685604417987,0.0251354291211449));
#5121=CARTESIAN_POINT('',(-0.0458779690032538,-0.00405461966499233,0.0251237313574229));
#5122=CARTESIAN_POINT('',(-0.0459527823169617,-0.00478488630885541,0.0250533511969871));
#5123=CARTESIAN_POINT('',(-0.0466085928160655,-0.0060455082007689,0.0247332783496603));
#5124=CARTESIAN_POINT('',(-0.0472673409834534,-0.00679897512420235,0.02431084435195));
#5125=CARTESIAN_POINT('',(-0.0477148528325132,-0.00723238995011292,0.0239462906505996));
#5126=CARTESIAN_POINT('',(-0.0477148528325135,-0.00723238995011261,0.0239462906505995));
#5127=CARTESIAN_POINT('',(-0.0422836417064518,-0.00984646192802267,0.020386996703979));
#5128=CARTESIAN_POINT('',(-0.0485777454755166,-0.0124605339059327,0.0187898475442103));
#5129=CARTESIAN_POINT('',(-0.0485777454755166,-0.0124605339059327,0.0187898475442103));
#5130=CARTESIAN_POINT('',(-0.0482730398659015,-0.0128943216076874,0.0182990377500092));
#5131=CARTESIAN_POINT('',(-0.0478283561767062,-0.0134163661243425,0.0174668759409006));
#5132=CARTESIAN_POINT('',(-0.0474474494871082,-0.013843361071926,0.0161203415293903));
#5133=CARTESIAN_POINT('',(-0.0475072041040631,-0.013925,0.0153883140020919));
#5134=CARTESIAN_POINT('',(-0.0476360027551539,-0.013925,0.0150475580070695));
#5135=CARTESIAN_POINT('',(-0.0457673242039341,-0.0112606754903958,-0.000430669021474804));
#5136=CARTESIAN_POINT('',(-0.0457673242039341,-0.0112606754903958,-0.000430669021474813));
#5137=CARTESIAN_POINT('',(-0.0485692616620804,-0.0139250000000012,0.00273958670767757));
#5138=CARTESIAN_POINT('',(-0.0488563172337608,-0.013925,0.00775524623240853));
#5139=CARTESIAN_POINT('',(-0.0488064205516508,-0.013925,0.00607952132261974));
#5140=CARTESIAN_POINT('',(-0.0487249567298232,-0.013925,0.00440346513016691));
#5141=CARTESIAN_POINT('',(-0.0485692616620826,-0.013925,0.00273958670767724));
#5142=CARTESIAN_POINT('',(-0.0488563172337608,-0.013925,0.00775524623240853));
#5143=CARTESIAN_POINT('',(-0.0488563172337608,-0.013925,0.00775524623240853));
#5144=CARTESIAN_POINT('',(-0.0488454621832464,-0.013925,0.00739069136072535));
#5145=CARTESIAN_POINT('',(-0.0490273095207445,-0.0138432373028143,0.00668070109514155));
#5146=CARTESIAN_POINT('',(-0.0498212151368421,-0.0134193141092774,0.00553540436878091));
#5147=CARTESIAN_POINT('',(-0.0505176109182904,-0.0128939487318435,0.00488799710056294));
#5148=CARTESIAN_POINT('',(-0.0509651227673502,-0.0124605339059329,0.00452344339921259));
#5149=CARTESIAN_POINT('',(-0.0509651227673504,-0.0124605339059327,0.00452344339921295));
#5150=CARTESIAN_POINT('',(-0.0455339116412887,-0.00984646192802267,0.000964149452592455));
#5151=CARTESIAN_POINT('',(-0.0518280154103535,-0.00723238995011261,-0.000632999707176347));
#5152=CARTESIAN_POINT('',(-0.0518280154103535,-0.00723238995011261,-0.000632999707176348));
#5153=CARTESIAN_POINT('',(-0.0515233098007385,-0.00679860224835799,-0.00112380950137735));
#5154=CARTESIAN_POINT('',(-0.0510414391173667,-0.00605124701615201,-0.00173375059586604));
#5155=CARTESIAN_POINT('',(-0.0505221887294542,-0.00478604725127941,-0.00225357566494502));
#5156=CARTESIAN_POINT('',(-0.0504746274721725,-0.00405419668470857,-0.00234430881524208));
#5157=CARTESIAN_POINT('',(-0.0505444479060673,-0.00369685604417987,-0.00233262488166693));
#5158=CARTESIAN_POINT('',(-0.0455339116412887,-0.00984646192802269,0.000964149452592444));
#5159=CARTESIAN_POINT('',(-0.0455339116412887,-0.00984646192802269,0.00096414945259244));
#5160=CARTESIAN_POINT('',(-0.0455339116412887,-0.00844204634270564,-0.00045979466980793));
#5161=CARTESIAN_POINT('',(-0.0466518351679276,-0.013925,0.00241871955541277));
#5162=CARTESIAN_POINT('',(-0.045753401953666,-0.013925,0.00248526701630865));
#5163=CARTESIAN_POINT('',(-0.0448383593830854,-0.013925,0.00233402977271975));
#5164=CARTESIAN_POINT('',(-0.0440033324768484,-0.013925,0.00197551220492843));
#5165=CARTESIAN_POINT('',(-0.0466518351679276,-0.013925,0.00241871955541276));
#5166=CARTESIAN_POINT('',(-0.0440033324768484,-0.013925,0.0019755122049284));
#5167=CARTESIAN_POINT('',(-0.0457673242039341,-0.0112606754903958,-0.000430669021474811));
#5168=CARTESIAN_POINT('',(-0.0457673242039341,-0.0112606754903958,-0.000430669021474811));
#5169=CARTESIAN_POINT('',(-0.0514733447776326,2.60208521396521E-18,0.0260600761382985));
#5170=CARTESIAN_POINT('',(-0.0514733447776326,-0.00369685604417987,0.0260600761382985));
#5171=CARTESIAN_POINT('',(-0.01545,-0.00369685604417987,0.0200318356353699));
#5172=CARTESIAN_POINT('',(-0.01545,2.48940440582583E-18,0.0200318356353699));
#5173=CARTESIAN_POINT('',(-0.01545,0.00369685604417987,0.0200318356353699));
#5174=CARTESIAN_POINT('',(-0.0514733447776326,0.00369685604417987,0.0260600761382985));
#5175=CARTESIAN_POINT('',(-0.0495007735745582,0.00369685604417987,0.0257299809265771));
#5176=CARTESIAN_POINT('',(-0.0495007735745582,-0.00576792385604534,0.0257299809265771));
#5177=CARTESIAN_POINT('',(-0.0495007735745582,-0.00369685604417987,0.0257299809265771));
#5178=CARTESIAN_POINT('',(-0.0514733447776326,-0.00369685604417987,0.0260600761382985));
#5179=CARTESIAN_POINT('',(-0.0514733447776326,-0.00859635098079154,0.0260600761382985));
#5180=CARTESIAN_POINT('',(-0.0429347401077999,-0.00859635098079154,0.0246312037549339));
#5181=CARTESIAN_POINT('',(-0.0402862374167208,-0.00859635098079153,0.0241879964044495));
#5182=CARTESIAN_POINT('',(-0.0411512428606297,-0.00838196621775452,0.0243327486723029));
#5183=CARTESIAN_POINT('',(-0.0420628446109627,-0.00838025857258911,0.0244852984876468));
#5184=CARTESIAN_POINT('',(-0.0429347401078,-0.00859635098079154,0.0246312037549339));
#5185=CARTESIAN_POINT('',(-0.0402862374167208,-0.00859635098079154,0.0241879964044495));
#5186=CARTESIAN_POINT('',(-0.0514733447776326,-0.00859635098079154,0.0260600761382985));
#5187=CARTESIAN_POINT('',(-0.0537716326892426,-0.013925,0.0123260491368925));
#5188=CARTESIAN_POINT('',(-0.00963648566405187,-0.013925,0.00371129350618904));
#5189=CARTESIAN_POINT('',(-0.00963648566405188,-0.013925,0.0011920972897996));
#5190=CARTESIAN_POINT('',(-0.00963648566405187,-0.013925,0.00380305334743823));
#5191=CARTESIAN_POINT('',(-0.00963648566405188,-0.013925,0.00380305334743823));
#5192=CARTESIAN_POINT('',(-0.00963648566405188,-0.013925,0.00463167975684183));
#5193=CARTESIAN_POINT('',(-0.00985376405537575,-0.013925,0.00627315263561872));
#5194=CARTESIAN_POINT('',(-0.0099956673505298,-0.013925,0.00792009966435638));
#5195=CARTESIAN_POINT('',(-0.0099956673505298,-0.013925,0.00874872607375998));
#5196=CARTESIAN_POINT('',(-0.00999566735052979,-0.013925,0.00874872607375997));
#5197=CARTESIAN_POINT('',(-0.0531614754499391,-0.013925,0.015972205024223));
#5198=CARTESIAN_POINT('',(-0.0523528255407248,-0.013925,0.0208045063350077));
#5199=CARTESIAN_POINT('',(-0.0411657181798129,-0.013925,0.0189324266011587));
#5200=CARTESIAN_POINT('',(-0.0411657181798129,-0.013925,0.0189324266011587));
#5201=CARTESIAN_POINT('',(-0.0420641535758457,-0.013925,0.0188658789786578));
#5202=CARTESIAN_POINT('',(-0.0429791676979172,-0.013925,0.0190171051062666));
#5203=CARTESIAN_POINT('',(-0.0438142208708922,-0.013925,0.0193756339516431));
#5204=CARTESIAN_POINT('',(-0.0438142208708922,-0.013925,0.0193756339516431));
#5205=CARTESIAN_POINT('',(-0.0523528255407248,-0.013925,0.0208045063350077));
#5206=CARTESIAN_POINT('',(-0.0531614754499391,-0.013925,0.015972205024223));
#5207=CARTESIAN_POINT('',(-0.0511889042468646,-0.013925,0.0156421098125017));
#5208=CARTESIAN_POINT('',(-0.0516340138803074,-0.013925,0.0129822395267084));
#5209=CARTESIAN_POINT('',(-0.0516340138803074,-0.013925,0.0129822395267084));
#5210=CARTESIAN_POINT('',(-0.0536065850833819,-0.013925,0.0133123347384297));
#5211=CARTESIAN_POINT('',(-0.0317390819930856,-0.013925,0.00965296971720357));
#5212=CARTESIAN_POINT('',(-0.0291144926508118,-0.013925,0.00819985899037558));
#5213=CARTESIAN_POINT('',(-0.032069177204807,-0.013925,0.0076803985141291));
#5214=CARTESIAN_POINT('',(-0.0539366802951032,-0.013925,0.0113397635353553));
#5215=CARTESIAN_POINT('',(-0.0519641090920288,-0.013925,0.0110096683236339));
#5216=CARTESIAN_POINT('',(-0.0527510435093951,-0.013925,0.00630713367519053));
#5217=CARTESIAN_POINT('',(-0.0524092187254716,-0.013925,0.00834979803784067));
#5218=CARTESIAN_POINT('',(-0.054381789928546,-0.013925,0.00867989324956203));
#5219=CARTESIAN_POINT('',(-0.0551904398377603,-0.013925,0.00384759193877735));
#5220=CARTESIAN_POINT('',(-0.0551904398377603,-0.013925,0.00384759193877735));
#5221=CARTESIAN_POINT('',(-0.054381789928546,-0.013925,0.00867989324956203));
#5222=CARTESIAN_POINT('',(-0.0422836417064518,-0.00984646192802268,0.020386996703979));
#5223=CARTESIAN_POINT('',(-0.0422836417064518,-0.00984646192802268,0.020386996703979));
#5224=CARTESIAN_POINT('',(-0.0422836417064518,-0.0112508775133397,0.0189630525815787));
#5225=CARTESIAN_POINT('',(-0.0420502291438065,-0.0112606754903958,0.0217818151780463));
#5226=CARTESIAN_POINT('',(-0.0420502291438065,-0.0112606754903958,0.0217818151780463));
#5227=CARTESIAN_POINT('',(-0.0338466390170125,-0.0112051243494873,-0.00248183116768843));
#5228=CARTESIAN_POINT('',(-0.0301295439568848,-0.0113162266313042,0.0197306530318327));
#5229=CARTESIAN_POINT('',(0.0123390133317053,0.0123390133317052,-0.015));
#5230=CARTESIAN_POINT('',(0.0123390133317053,0.0123390133317053,-0.015));
#5231=CARTESIAN_POINT('',(0.00922802666340515,0.0154500000000003,-0.012624389783785));
#5232=CARTESIAN_POINT('',(0.0154500000000007,0.00922802666339855,-0.0126243897837848));
#5233=CARTESIAN_POINT('',(0.00432853172679884,0.01545,-0.0118689206363134));
#5234=CARTESIAN_POINT('',(0.00596680400420547,0.01545,-0.012091056165019));
#5235=CARTESIAN_POINT('',(0.0076028136971466,0.01545,-0.012333946650189));
#5236=CARTESIAN_POINT('',(0.00922802666340532,0.01545,-0.0126243897837842));
#5237=CARTESIAN_POINT('',(0.00432853172679885,0.01545,-0.0118689206363134));
#5238=CARTESIAN_POINT('',(0.00432853172679885,0.01545,-0.0118689206363134));
#5239=CARTESIAN_POINT('',(0.00472289883353121,0.01545,-0.0119223933996423));
#5240=CARTESIAN_POINT('',(0.005488636501459,0.0153507872899453,-0.0116597311670392));
#5241=CARTESIAN_POINT('',(0.00638253140488248,0.0150381520724283,-0.0109662339245299));
#5242=CARTESIAN_POINT('',(0.00717682556721942,0.0145930295517611,-0.0102321815162842));
#5243=CARTESIAN_POINT('',(0.00764645139071422,0.0142031481479501,-0.00974089252404391));
#5244=CARTESIAN_POINT('',(0.00786406563273158,0.0139855339059327,-0.00949874440785598));
#5245=CARTESIAN_POINT('',(0.00786406563273158,0.0139855339059327,-0.00949874440785599));
#5246=CARTESIAN_POINT('',(0.0109247997693322,0.0109247997693322,-0.015));
#5247=CARTESIAN_POINT('',(0.0139855339059327,0.00786406563273158,-0.00949874440785599));
#5248=CARTESIAN_POINT('',(0.0139855339059327,0.00786406563273158,-0.00949874440785599));
#5249=CARTESIAN_POINT('',(0.0142038326854159,0.00764576685324844,-0.00974165423640365));
#5250=CARTESIAN_POINT('',(0.0145907504392304,0.0071791031365833,-0.0102295924346557));
#5251=CARTESIAN_POINT('',(0.015034519313762,0.00639096430879826,-0.0109590336458547));
#5252=CARTESIAN_POINT('',(0.0153512180912143,0.0054892696180337,-0.0116604051327211));
#5253=CARTESIAN_POINT('',(0.01545,0.00472197233016014,-0.0119222677738113));
#5254=CARTESIAN_POINT('',(0.01545,0.00432853172679884,-0.0118689206363134));
#5255=CARTESIAN_POINT('',(0.01545,0.00432853172679884,-0.0118689206363134));
#5256=CARTESIAN_POINT('',(0.01545,0.00922802666339956,-0.0126243897837788));
#5257=CARTESIAN_POINT('',(0.01545,0.00760126275168745,-0.0123336694794574));
#5258=CARTESIAN_POINT('',(0.01545,0.00596624275000752,-0.0120909800638118));
#5259=CARTESIAN_POINT('',(0.01545,0.00432853172679885,-0.0118689206363134));
#5260=CARTESIAN_POINT('',(0.0123390133317053,-0.0123390133317053,-0.015));
#5261=CARTESIAN_POINT('',(0.0123390133317053,-0.0123390133317053,-0.015));
#5262=CARTESIAN_POINT('',(0.0154500000000003,-0.00922802666340515,-0.012624389783785));
#5263=CARTESIAN_POINT('',(0.01545,-0.00432853172679885,-0.0118689206363134));
#5264=CARTESIAN_POINT('',(0.01545,-0.00596680400420548,-0.012091056165019));
#5265=CARTESIAN_POINT('',(0.01545,-0.00760281369714661,-0.0123339466501889));
#5266=CARTESIAN_POINT('',(0.01545,-0.00922802666340533,-0.0126243897837841));
#5267=CARTESIAN_POINT('',(0.01545,-0.00432853172679884,-0.0118689206363134));
#5268=CARTESIAN_POINT('',(0.01545,-0.00432853172679884,-0.0118689206363134));
#5269=CARTESIAN_POINT('',(0.01545,-0.0047228988335312,-0.0119223933996423));
#5270=CARTESIAN_POINT('',(0.0153507872899453,-0.00548863650145896,-0.0116597311670391));
#5271=CARTESIAN_POINT('',(0.0150381520724283,-0.00638253140488245,-0.0109662339245299));
#5272=CARTESIAN_POINT('',(0.0145930295517611,-0.00717682556721939,-0.0102321815162841));
#5273=CARTESIAN_POINT('',(0.0142031481479501,-0.00764645139071422,-0.00974089252404392));
#5274=CARTESIAN_POINT('',(0.0139855339059327,-0.00786406563273158,-0.00949874440785599));
#5275=CARTESIAN_POINT('',(0.0139855339059327,-0.00786406563273158,-0.009498744407856));
#5276=CARTESIAN_POINT('',(0.0109247997693322,-0.0109247997693322,-0.015));
#5277=CARTESIAN_POINT('',(0.00786406563273158,-0.0139855339059327,-0.00949874440785599));
#5278=CARTESIAN_POINT('',(0.00786406563273158,-0.0139855339059327,-0.00949874440785599));
#5279=CARTESIAN_POINT('',(0.00764576685324844,-0.0142038326854159,-0.00974165423640365));
#5280=CARTESIAN_POINT('',(0.00717910313658329,-0.0145907504392304,-0.0102295924346557));
#5281=CARTESIAN_POINT('',(0.00639096430879825,-0.015034519313762,-0.0109590336458547));
#5282=CARTESIAN_POINT('',(0.00548926961803368,-0.0153512180912143,-0.0116604051327211));
#5283=CARTESIAN_POINT('',(0.00472197233016014,-0.01545,-0.0119222677738113));
#5284=CARTESIAN_POINT('',(0.00432853172679884,-0.01545,-0.0118689206363134));
#5285=CARTESIAN_POINT('',(-0.0521464977218241,-0.00984646192802268,0.0220374727625858));
#5286=CARTESIAN_POINT('',(-0.01545,-0.00043993957220615,0.0254339060656134));
#5287=CARTESIAN_POINT('',(-0.01545,-0.0072323899501126,0.0185470059959787));
#5288=CARTESIAN_POINT('',(-0.01545,-0.0105186648512105,0.0152150351186021));
#5289=CARTESIAN_POINT('',(-0.0517150514003226,-0.00723238995011261,0.0246156943157805));
#5290=CARTESIAN_POINT('',(-0.0525779440433257,-0.0124605339059327,0.0194592512093912));
#5291=CARTESIAN_POINT('',(-0.0135081309452778,-0.0124605339059327,0.0129212067492404));
#5292=CARTESIAN_POINT('',(-0.028829398597129,0.00286073374591847,0.0310194190406079));
#5293=CARTESIAN_POINT('',(-0.055396767656661,-0.00984646192802267,0.00261462551119923));
#5294=CARTESIAN_POINT('',(-0.0558282139781626,-0.00723238995011261,3.64039580045805E-5));
#5295=CARTESIAN_POINT('',(-0.0175172351566663,-0.00723238995011261,-0.00637465519444763));
#5296=CARTESIAN_POINT('',(-0.00986646859338655,-0.000792997820866108,-0.0141838869438619));
#5297=CARTESIAN_POINT('',(-0.0169375364052521,-0.00786406563273159,-0.00583120430076914));
#5298=CARTESIAN_POINT('',(-0.0277327133356574,0.0029311112976738,-0.0149699961569527));
#5299=CARTESIAN_POINT('',(-0.0123410681320508,-0.0124605339059327,-0.00194000667676138));
#5300=CARTESIAN_POINT('',(-0.0549653213351595,-0.0124605339059327,0.00519284706439388));
#5301=CARTESIAN_POINT('',(0.0109247997693322,0.0109247997693322,0.025));
#5302=CARTESIAN_POINT('',(0.01545,0.00639959953866432,0.023));
#5303=CARTESIAN_POINT('',(0.00786406563273158,0.0139855339059327,0.023));
#5304=CARTESIAN_POINT('',(0.0139855339059327,0.00786406563273158,0.023));
#5305=CARTESIAN_POINT('',(0.0139855339059327,0.00786406563273158,0.025));
#5306=CARTESIAN_POINT('',(0.00786406563273158,0.0139855339059327,0.025));
#5307=CARTESIAN_POINT('',(0.0109247997693322,-0.0109247997693322,0.025));
#5308=CARTESIAN_POINT('',(0.00639959953866432,-0.01545,0.023));
#5309=CARTESIAN_POINT('',(0.0139855339059327,-0.00786406563273158,0.023));
#5310=CARTESIAN_POINT('',(0.00786406563273158,-0.0139855339059327,0.023));
#5311=CARTESIAN_POINT('',(0.00786406563273158,-0.0139855339059327,0.025));
#5312=CARTESIAN_POINT('',(0.0139855339059327,-0.00786406563273158,0.025));
#5313=CARTESIAN_POINT('',(-0.00809778685814834,0.00809778685814834,-0.015));
#5314=CARTESIAN_POINT('',(0.0109247997693322,-0.0109247997693322,-0.015));
#5315=CARTESIAN_POINT('',(0.0123390133317053,-0.00951058620695907,-0.015));
#5316=CARTESIAN_POINT('',(0.00914203091149819,-0.00692750641535014,-0.0134311174274398));
#5317=CARTESIAN_POINT('',(0.00950810887590471,-0.0063728888295693,-0.0150003669952063));
#5318=CARTESIAN_POINT('',(0.00914223768519149,-0.00692707961820402,-0.0165674145917352));
#5319=CARTESIAN_POINT('',(0.00812861390710273,-0.00812584137238092,-0.0172162282792659));
#5320=CARTESIAN_POINT('',(0.00692644729963485,-0.00914288551880459,-0.0165676702862877));
#5321=CARTESIAN_POINT('',(0.00637365931242876,-0.00950750071344505,-0.0150006187218495));
#5322=CARTESIAN_POINT('',(0.00692505758349279,-0.00914381518206358,-0.0134345997562508));
#5323=CARTESIAN_POINT('',(0.00812613319680845,-0.00812838198871258,-0.0127835716154688));
#5324=CARTESIAN_POINT('',(0.00914203091149819,-0.00692750641535014,-0.0134311174274398));
#5325=CARTESIAN_POINT('',(0.00950810887590471,-0.0063728888295693,-0.0150003669952063));
#5326=CARTESIAN_POINT('',(0.00914223768519149,-0.00692707961820402,-0.0165674145917352));
#5327=CARTESIAN_POINT('',(0.00938611735005142,-0.00655769022530523,-0.015));
#5328=CARTESIAN_POINT('',(0.0123390133317053,-0.0123390133317053,0.));
#5329=CARTESIAN_POINT('',(0.0123390133317052,-0.0123390133317053,-0.015));
#5330=CARTESIAN_POINT('',(0.0151674404564514,-0.00951058620695907,-0.015));
#5331=CARTESIAN_POINT('',(0.0123390133317053,-0.0123390133317053,-0.015));
#5332=CARTESIAN_POINT('',(0.0154500000000007,-0.00922802666339855,-0.0173756102162151));
#5333=CARTESIAN_POINT('',(0.01545,-0.00922802666341051,0.025));
#5334=CARTESIAN_POINT('',(0.,3.46944695195361E-18,-0.025));
#5335=CARTESIAN_POINT('',(0.00951058620695906,0.00951058620695906,-0.025));
#5336=CARTESIAN_POINT('',(0.00557117241391813,0.01345,-0.025));
#5337=CARTESIAN_POINT('',(0.01345,0.00557117241391813,-0.025));
#5338=CARTESIAN_POINT('',(0.01345,3.46944695195361E-18,-0.025));
#5339=CARTESIAN_POINT('',(0.01345,0.001,-0.025));
#5340=CARTESIAN_POINT('',(-0.0560719206008525,0.001,-0.025));
#5341=CARTESIAN_POINT('',(0.0114062482876711,0.001,-0.025));
#5342=CARTESIAN_POINT('',(0.,7.0111029251186E-19,-0.025));
#5343=CARTESIAN_POINT('',(0.0114062482876711,-0.001,-0.025));
#5344=CARTESIAN_POINT('',(-0.0560719206008525,-0.001,-0.025));
#5345=CARTESIAN_POINT('',(0.01345,-0.001,-0.025));
#5346=CARTESIAN_POINT('',(0.01345,3.46944695195361E-18,-0.025));
#5347=CARTESIAN_POINT('',(0.01345,-0.00557117241391813,-0.025));
#5348=CARTESIAN_POINT('',(0.00951058620695906,-0.00951058620695906,-0.025));
#5349=CARTESIAN_POINT('',(0.00557117241391812,-0.01345,-0.025));
#5350=CARTESIAN_POINT('',(0.,-0.01345,-0.025));
#5351=CARTESIAN_POINT('',(-0.00557117241391813,-0.01345,-0.025));
#5352=CARTESIAN_POINT('',(-0.00951058620695906,-0.00951058620695907,-0.025));
#5353=CARTESIAN_POINT('',(-0.01345,-0.00557117241391813,-0.025));
#5354=CARTESIAN_POINT('',(-0.01345,5.29237591890877E-18,-0.025));
#5355=CARTESIAN_POINT('',(-0.01345,0.00557117241391813,-0.025));
#5356=CARTESIAN_POINT('',(-0.00951058620695906,0.00951058620695907,-0.025));
#5357=CARTESIAN_POINT('',(-0.00557117241391813,0.01345,-0.025));
#5358=CARTESIAN_POINT('',(1.82292896695516E-18,0.01345,-0.025));
#5359=CARTESIAN_POINT('',(-0.0427502334191799,0.00701944901683886,0.0175987545743186));
#5360=CARTESIAN_POINT('',(-0.0435027433228292,-0.00600172708300544,0.00255493845573975));
#5361=CARTESIAN_POINT('',(-0.0450374679367731,-0.00528393973277162,0.00235024573282043));
#5362=CARTESIAN_POINT('',(-0.0466093248533026,-0.00569248005422024,0.00286320029392244));
#5363=CARTESIAN_POINT('',(-0.0472736166496121,-0.00686465371433847,0.00390131359309499));
#5364=CARTESIAN_POINT('',(-0.0466147565253578,-0.00794343827221468,0.00504471892125339));
#5365=CARTESIAN_POINT('',(-0.0450391771380393,-0.00839670280574948,0.00550633794943325));
#5366=CARTESIAN_POINT('',(-0.0434949522139109,-0.0081524058817805,0.00483667288019474));
#5367=CARTESIAN_POINT('',(-0.0428712146547395,-0.00723614512866625,0.00354121658124126));
#5368=CARTESIAN_POINT('',(-0.0435027433228292,-0.00600172708300544,0.00255493845573975));
#5369=CARTESIAN_POINT('',(-0.0450374679367731,-0.00528393973277162,0.00235024573282043));
#5370=CARTESIAN_POINT('',(-0.0466093248533026,-0.00569248005422024,0.00286320029392244));
#5371=CARTESIAN_POINT('',(-0.0450436566538707,-0.00547166101138536,0.00246985361349065));
#5372=CARTESIAN_POINT('',(-0.0338466390170125,-0.0112051243494873,-0.00248183116768843));
#5373=CARTESIAN_POINT('',(-0.01545,2.60208521396521E-18,0.025));
#5374=CARTESIAN_POINT('',(-0.01545,-0.00432853172679885,0.025));
#5375=CARTESIAN_POINT('',(-0.01545,-0.00432853172679885,-0.023));
#5376=CARTESIAN_POINT('',(-0.01545,-0.00432853172679885,-0.0222054213585402));
#5377=CARTESIAN_POINT('',(-0.01545,-2.80674664681627E-18,-0.0222054213585402));
#5378=CARTESIAN_POINT('',(-0.01545,0.00432853172679885,-0.0222054213585402));
#5379=CARTESIAN_POINT('',(-0.01545,0.00432853172679885,0.025));
#5380=CARTESIAN_POINT('',(-0.01545,0.00432853172679885,-0.023));
#5381=CARTESIAN_POINT('',(-0.01545,2.60208521396521E-18,-0.023));
#5382=CARTESIAN_POINT('',(-0.0109247997693322,-0.0109247997693322,0.025));
#5383=CARTESIAN_POINT('',(-0.016460133444597,-0.00538946609406727,0.0104221521645742));
#5384=CARTESIAN_POINT('',(-0.00938906563273158,-0.0124605339059327,0.0164082529344085));
#5385=CARTESIAN_POINT('',(-0.00786406563273158,-0.0139855339059327,0.0141642741507533));
#5386=CARTESIAN_POINT('',(-0.00786406563273158,-0.0139855339059327,0.025));
#5387=CARTESIAN_POINT('',(-0.00786406563273158,-0.0139855339059327,0.023));
#5388=CARTESIAN_POINT('',(-0.01545,-0.00639959953866432,0.023));
#5389=CARTESIAN_POINT('',(-0.0149693914383585,-0.00688020810030587,0.023));
#5390=CARTESIAN_POINT('',(-0.0132827628369226,-0.00856683670174173,0.0210076738309712));
#5391=CARTESIAN_POINT('',(0.0109247997693322,-0.0109247997693322,0.025));
#5392=CARTESIAN_POINT('',(0.0109247997693322,-0.0109247997693322,-0.023));
#5393=CARTESIAN_POINT('',(0.00786406563273158,-0.0139855339059327,-0.023));
#5394=CARTESIAN_POINT('',(0.0139855339059327,-0.00786406563273158,-0.023));
#5395=CARTESIAN_POINT('',(0.0139855339059327,-0.00786406563273158,0.025));
#5396=CARTESIAN_POINT('',(0.0139855339059327,-0.00786406563273158,-0.020501255592144));
#5397=CARTESIAN_POINT('',(0.0109247997693322,-0.0109247997693322,-0.015));
#5398=CARTESIAN_POINT('',(0.00786406563273158,-0.0139855339059327,-0.020501255592144));
#5399=CARTESIAN_POINT('',(0.00786406563273158,-0.0139855339059327,0.025));
#5400=CARTESIAN_POINT('',(0.01545,-8.67361737988404E-19,0.025));
#5401=CARTESIAN_POINT('',(0.01545,-0.00922802666339956,-0.0173756102162212));
#5402=CARTESIAN_POINT('',(0.01545,-0.00760126275168746,-0.0176663305205426));
#5403=CARTESIAN_POINT('',(0.01545,-0.00596624275000752,-0.0179090199361881));
#5404=CARTESIAN_POINT('',(0.01545,-0.00432853172679885,-0.0181310793636866));
#5405=CARTESIAN_POINT('',(0.01545,-0.00432853172679884,-0.0181310793636866));
#5406=CARTESIAN_POINT('',(0.01545,-0.00432853172679884,0.025));
#5407=CARTESIAN_POINT('',(0.01545,-0.00432853172679884,-0.023));
#5408=CARTESIAN_POINT('',(0.01545,-8.67361737988404E-19,-0.023));
#5409=CARTESIAN_POINT('',(0.01545,-0.001,-0.023));
#5410=CARTESIAN_POINT('',(0.01545,-0.001,-0.0159142135623731));
#5411=CARTESIAN_POINT('',(0.01545,-0.001,-0.00682842712474619));
#5412=CARTESIAN_POINT('',(0.01545,3.13810832479711E-19,-0.004));
#5413=CARTESIAN_POINT('',(0.01545,0.001,-0.00682842712474619));
#5414=CARTESIAN_POINT('',(0.01545,0.001,-0.0159142135623731));
#5415=CARTESIAN_POINT('',(0.01545,0.001,-0.023));
#5416=CARTESIAN_POINT('',(0.01545,-8.67361737988404E-19,-0.023));
#5417=CARTESIAN_POINT('',(0.01545,0.00432853172679884,-0.023));
#5418=CARTESIAN_POINT('',(0.01545,0.00432853172679884,0.025));
#5419=CARTESIAN_POINT('',(0.01545,0.00432853172679884,-0.0181310793636867));
#5420=CARTESIAN_POINT('',(0.01545,0.00432853172679883,-0.0181310793636867));
#5421=CARTESIAN_POINT('',(0.01545,0.00596680400420546,-0.017908943834981));
#5422=CARTESIAN_POINT('',(0.01545,0.0076028136971466,-0.0176660533498111));
#5423=CARTESIAN_POINT('',(0.01545,0.00922802666340531,-0.0173756102162159));
#5424=CARTESIAN_POINT('',(0.0154500000000003,0.00922802666340514,-0.017375610216215));
#5425=CARTESIAN_POINT('',(0.01545,0.00922802666341051,0.025));
#5426=CARTESIAN_POINT('',(0.01545,0.00432853172679884,0.025));
#5427=CARTESIAN_POINT('',(0.01545,0.00432853172679884,0.023));
#5428=CARTESIAN_POINT('',(0.01545,-0.00639959953866432,0.023));
#5429=CARTESIAN_POINT('',(0.01545,-0.00432853172679884,0.023));
#5430=CARTESIAN_POINT('',(0.01545,-0.00432853172679884,0.025));
#5431=CARTESIAN_POINT('',(0.0109247997693322,0.0109247997693322,0.025));
#5432=CARTESIAN_POINT('',(0.0109247997693322,0.0109247997693322,-0.015));
#5433=CARTESIAN_POINT('',(0.00786406563273158,0.0139855339059327,-0.020501255592144));
#5434=CARTESIAN_POINT('',(0.0139855339059327,0.00786406563273158,-0.020501255592144));
#5435=CARTESIAN_POINT('',(0.0139855339059327,0.00786406563273158,0.025));
#5436=CARTESIAN_POINT('',(0.0139855339059327,0.00786406563273158,-0.023));
#5437=CARTESIAN_POINT('',(0.0109247997693322,0.0109247997693322,-0.023));
#5438=CARTESIAN_POINT('',(0.00786406563273158,0.0139855339059327,-0.023));
#5439=CARTESIAN_POINT('',(0.00786406563273158,0.0139855339059327,0.025));
#5440=CARTESIAN_POINT('',(1.7347234759768E-18,0.01545,0.025));
#5441=CARTESIAN_POINT('',(1.7347234759768E-18,0.01545,-0.023));
#5442=CARTESIAN_POINT('',(0.00432853172679885,0.01545,-0.023));
#5443=CARTESIAN_POINT('',(-0.00432853172679885,0.01545,-0.023));
#5444=CARTESIAN_POINT('',(-0.00432853172679885,0.01545,0.025));
#5445=CARTESIAN_POINT('',(-0.00432853172679885,0.01545,0.00380305334743824));
#5446=CARTESIAN_POINT('',(-0.00432853172679885,0.01545,0.00380305334743824));
#5447=CARTESIAN_POINT('',(-0.00432853172679885,0.01545,0.00466943157484212));
#5448=CARTESIAN_POINT('',(-0.00450031691496146,0.01545,0.00638855233017628));
#5449=CARTESIAN_POINT('',(-0.00479122347579288,0.01545,0.00897575275039771));
#5450=CARTESIAN_POINT('',(-0.00444812915899447,0.01545,0.011568800072355));
#5451=CARTESIAN_POINT('',(-0.00432853172679885,0.01545,0.0132955837072234));
#5452=CARTESIAN_POINT('',(-0.00432853172679885,0.01545,0.0141642741507534));
#5453=CARTESIAN_POINT('',(-0.00432853172679885,0.01545,0.0141642741507534));
#5454=CARTESIAN_POINT('',(-0.00432853172679885,0.01545,0.025));
#5455=CARTESIAN_POINT('',(-0.00432853172679885,0.01545,0.023));
#5456=CARTESIAN_POINT('',(0.00639959953866432,0.01545,0.023));
#5457=CARTESIAN_POINT('',(0.00432853172679885,0.01545,0.023));
#5458=CARTESIAN_POINT('',(0.00432853172679885,0.01545,0.025));
#5459=CARTESIAN_POINT('',(0.00922802666341052,0.01545,0.025));
#5460=CARTESIAN_POINT('',(0.00922802666341052,0.01545,-0.0173756102162149));
#5461=CARTESIAN_POINT('',(0.00922802666341121,0.01545,-0.0173756102162191));
#5462=CARTESIAN_POINT('',(0.00760126275169526,0.01545,-0.0176663305205414));
#5463=CARTESIAN_POINT('',(0.00596624275001144,0.01545,-0.0179090199361877));
#5464=CARTESIAN_POINT('',(0.00432853172679886,0.01545,-0.0181310793636867));
#5465=CARTESIAN_POINT('',(0.00432853172679885,0.01545,-0.0181310793636867));
#5466=CARTESIAN_POINT('',(0.00432853172679885,0.01545,0.025));
#5467=CARTESIAN_POINT('',(-0.0109247997693322,0.0109247997693322,0.025));
#5468=CARTESIAN_POINT('',(-0.00103805147173739,0.0208115480669269,0.00164260247557695));
#5469=CARTESIAN_POINT('',(-0.0139855339059327,0.00786406563273159,-0.0093182504859373));
#5470=CARTESIAN_POINT('',(-0.00938906563273158,0.0124605339059327,-0.00542705286192953));
#5471=CARTESIAN_POINT('',(-0.016460133444597,0.00538946609406726,0.00292562978116327));
#5472=CARTESIAN_POINT('',(-0.00786406563273158,0.0139855339059327,-0.00369346903597268));
#5473=CARTESIAN_POINT('',(-0.00786406563273158,0.0139855339059327,0.025));
#5474=CARTESIAN_POINT('',(-0.00786406563273158,0.0139855339059327,-0.023));
#5475=CARTESIAN_POINT('',(-0.0109247997693322,0.0109247997693322,-0.023));
#5476=CARTESIAN_POINT('',(-0.0139855339059327,0.00786406563273159,-0.023));
#5477=CARTESIAN_POINT('',(-0.0139855339059327,0.00786406563273159,0.025));
#5478=CARTESIAN_POINT('',(-0.01545,2.60208521396521E-18,0.025));
#5479=CARTESIAN_POINT('',(-0.01545,0.00639959953866432,0.023));
#5480=CARTESIAN_POINT('',(-0.01545,-0.00639959953866432,0.023));
#5481=CARTESIAN_POINT('',(-0.01545,0.00493513344459706,0.023));
#5482=CARTESIAN_POINT('',(-0.01545,0.00639959953866432,0.0159289321881345));
#5483=CARTESIAN_POINT('',(-0.01545,0.00645564362098308,0.0227160159860528));
#5484=CARTESIAN_POINT('',(-0.01545,0.0134706673505298,0.0193913764401485));
#5485=CARTESIAN_POINT('',(-0.01545,0.0105186648512105,0.0152150351186021));
#5486=CARTESIAN_POINT('',(-0.01545,0.000439939572206156,0.0254339060656134));
#5487=CARTESIAN_POINT('',(-0.01545,0.00723238995011261,0.0185470059959787));
#5488=CARTESIAN_POINT('',(-0.01545,0.00369685604417987,0.0149623101427469));
#5489=CARTESIAN_POINT('',(-0.01545,-0.00369685604417987,0.0149623101427469));
#5490=CARTESIAN_POINT('',(-0.01545,-0.0134706673505298,0.0193913764401485));
#5491=CARTESIAN_POINT('',(-0.01545,-0.00642680125606646,0.022980765481165));
#5492=CARTESIAN_POINT('',(-0.01545,-0.00119039080463938,0.0266834668204452));
#5493=CARTESIAN_POINT('',(0.,3.46944695195361E-18,0.025));
#5494=CARTESIAN_POINT('',(-0.0140357864376269,0.00498538597629123,0.025));
#5495=CARTESIAN_POINT('',(-0.00557117241391813,0.01345,0.025));
#5496=CARTESIAN_POINT('',(-0.0124144660940673,0.00660670631985087,0.025));
#5497=CARTESIAN_POINT('',(-0.00637893218813453,0.00264224022578361,0.025));
#5498=CARTESIAN_POINT('',(-0.01345,0.00410670631985087,0.025));
#5499=CARTESIAN_POINT('',(-0.01345,-0.00639959953866432,0.025));
#5500=CARTESIAN_POINT('',(-0.01345,-0.00557117241391813,0.025));
#5501=CARTESIAN_POINT('',(-0.00498538597629122,-0.0140357864376269,0.025));
#5502=CARTESIAN_POINT('',(-0.00557117241391813,-0.01345,0.025));
#5503=CARTESIAN_POINT('',(0.00639959953866432,-0.01345,0.025));
#5504=CARTESIAN_POINT('',(0.00557117241391813,-0.01345,0.025));
#5505=CARTESIAN_POINT('',(0.0140357864376269,-0.00498538597629122,0.025));
#5506=CARTESIAN_POINT('',(0.01345,-0.00557117241391813,0.025));
#5507=CARTESIAN_POINT('',(0.01345,0.00639959953866432,0.025));
#5508=CARTESIAN_POINT('',(0.01345,0.00557117241391813,0.025));
#5509=CARTESIAN_POINT('',(0.00498538597629123,0.0140357864376269,0.025));
#5510=CARTESIAN_POINT('',(0.00557117241391813,0.01345,0.025));
#5511=CARTESIAN_POINT('',(-0.00639959953866431,0.01345,0.025));
#5512=CARTESIAN_POINT('',(0.,7.0111029251186E-19,0.025));
#5513=CARTESIAN_POINT('',(0.01145,7.0111029251186E-19,0.025));
#5514=CARTESIAN_POINT('',(-0.0537716326892426,0.013925,0.0123260491368925));
#5515=CARTESIAN_POINT('',(-0.0531614754499391,0.013925,0.015972205024223));
#5516=CARTESIAN_POINT('',(-0.0511889042468646,0.013925,0.0156421098125017));
#5517=CARTESIAN_POINT('',(-0.00999566735052979,0.013925,0.00874872607375998));
#5518=CARTESIAN_POINT('',(-0.00999566735052979,0.013925,0.00874872607375998));
#5519=CARTESIAN_POINT('',(-0.00999566735052979,0.013925,0.0079200996643564));
#5520=CARTESIAN_POINT('',(-0.00985376405537513,0.013925,0.00627315263561874));
#5521=CARTESIAN_POINT('',(-0.00963648566405315,0.013925,0.00463167975684183));
#5522=CARTESIAN_POINT('',(-0.00963648566405315,0.013925,0.00380305334743824));
#5523=CARTESIAN_POINT('',(-0.00963648566405187,0.013925,0.00380305334743824));
#5524=CARTESIAN_POINT('',(-0.00963648566405187,0.013925,0.000905625799126956));
#5525=CARTESIAN_POINT('',(-0.00963648566405187,0.013925,0.00119209728979959));
#5526=CARTESIAN_POINT('',(-0.054381789928546,0.013925,0.00867989324956202));
#5527=CARTESIAN_POINT('',(-0.0524092187254716,0.013925,0.00834979803784066));
#5528=CARTESIAN_POINT('',(-0.0508470794629411,0.013925,0.0176847741751518));
#5529=CARTESIAN_POINT('',(-0.055396767656661,-0.00984646192802267,0.00261462551119923));
#5530=CARTESIAN_POINT('',(-0.054097349397778,-0.00576792385604534,-0.00173807307623479));
#5531=CARTESIAN_POINT('',(-0.052992750132085,-0.0124605339059327,0.00486275185267253));
#5532=CARTESIAN_POINT('',(-0.0538556427750881,-0.00723238995011261,-0.000293691253716776));
#5533=CARTESIAN_POINT('',(-0.0558282139781626,-0.00723238995011261,3.64039580045805E-5));
#5534=CARTESIAN_POINT('',(-0.0549653213351595,-0.0124605339059327,0.00519284706439388));
#5535=CARTESIAN_POINT('',(-0.055396767656661,0.00984646192802268,0.00261462551119923));
#5536=CARTESIAN_POINT('',(-0.0277327133356574,-0.00293111129767379,-0.0149699961569527));
#5537=CARTESIAN_POINT('',(-0.0123410681320509,0.0124605339059327,-0.00194000667676139));
#5538=CARTESIAN_POINT('',(-0.0169375364052521,0.00786406563273159,-0.00583120430076915));
#5539=CARTESIAN_POINT('',(-0.00986646859338655,0.00079299782086611,-0.0141838869438619));
#5540=CARTESIAN_POINT('',(-0.0175172351566662,0.00723238995011262,-0.00637465519444764));
#5541=CARTESIAN_POINT('',(-0.0558282139781626,0.00723238995011262,3.64039580045823E-5));
#5542=CARTESIAN_POINT('',(-0.0538556427750881,0.00723238995011262,-0.000293691253716777));
#5543=CARTESIAN_POINT('',(-0.0527510435093951,0.013925,0.00630713367519053));
#5544=CARTESIAN_POINT('',(-0.052992750132085,0.0124605339059327,0.00486275185267252));
#5545=CARTESIAN_POINT('',(-0.0549653213351595,0.0124605339059327,0.00519284706439387));
#5546=CARTESIAN_POINT('',(-0.0521464977218241,0.00984646192802268,0.0220374727625858));
#5547=CARTESIAN_POINT('',(-0.0495007735745582,0.00576792385604535,0.0257299809265771));
#5548=CARTESIAN_POINT('',(-0.0506053728402512,0.0124605339059327,0.0191291559976698));
#5549=CARTESIAN_POINT('',(-0.0497424801972481,0.00723238995011261,0.0242855991040591));
#5550=CARTESIAN_POINT('',(-0.0517150514003226,0.00723238995011261,0.0246156943157805));
#5551=CARTESIAN_POINT('',(-0.028829398597129,-0.00286073374591846,0.0310194190406079));
#5552=CARTESIAN_POINT('',(-0.0135081309452778,0.0124605339059327,0.0129212067492404));
#5553=CARTESIAN_POINT('',(-0.0525779440433257,0.0124605339059327,0.0194592512093912));
#5554=CARTESIAN_POINT('',(-0.0521464977218241,-0.00984646192802268,0.0220374727625858));
#5555=CARTESIAN_POINT('',(-0.0517150514003226,-0.00723238995011261,0.0246156943157805));
#5556=CARTESIAN_POINT('',(-0.0497424801972481,-0.0072323899501126,0.0242855991040591));
#5557=CARTESIAN_POINT('',(-0.0508470794629411,-0.013925,0.0176847741751518));
#5558=CARTESIAN_POINT('',(-0.0506053728402512,-0.0124605339059327,0.0191291559976698));
#5559=CARTESIAN_POINT('',(-0.0525779440433257,-0.0124605339059327,0.0194592512093912));
#5560=CARTESIAN_POINT('',(-0.0537716326892426,0.,0.0123260491368925));
#5561=CARTESIAN_POINT('',(-0.0536065850833819,0.009927,0.0133123347384297));
#5562=CARTESIAN_POINT('',(-0.0536065850833819,-0.00987449365790469,0.0133123347384297));
#5563=CARTESIAN_POINT('',(-0.0536065850833819,-0.011925,0.0133123347384297));
#5564=CARTESIAN_POINT('',(-0.0528196506660156,-0.011925,0.0180148693868732));
#5565=CARTESIAN_POINT('',(-0.052956380579585,-0.011925,0.0171978036418131));
#5566=CARTESIAN_POINT('',(-0.051706757340278,-0.00435371029367225,0.0246652576642312));
#5567=CARTESIAN_POINT('',(-0.051803439989354,-0.00493949673129917,0.024087504935224));
#5568=CARTESIAN_POINT('',(-0.051803439989354,0.00576792385604535,0.024087504935224));
#5569=CARTESIAN_POINT('',(-0.051803439989354,0.00493949673129917,0.024087504935224));
#5570=CARTESIAN_POINT('',(-0.053053063228661,0.0125107864376269,0.0166200509128059));
#5571=CARTESIAN_POINT('',(-0.052956380579585,0.011925,0.0171978036418131));
#5572=CARTESIAN_POINT('',(-0.0547236147124695,0.011925,0.00663722888691188));
#5573=CARTESIAN_POINT('',(-0.0545868847989001,0.011925,0.00745429463197195));
#5574=CARTESIAN_POINT('',(-0.0558365080382071,0.00435371029367225,-1.31593904461694E-5));
#5575=CARTESIAN_POINT('',(-0.0557398253891312,0.00493949673129916,0.000564593338561034));
#5576=CARTESIAN_POINT('',(-0.0557398253891312,-0.00576792385604534,0.000564593338561034));
#5577=CARTESIAN_POINT('',(-0.0557398253891312,-0.00493949673129916,0.000564593338561034));
#5578=CARTESIAN_POINT('',(-0.0544902021498242,-0.0125107864376269,0.00803204736097914));
#5579=CARTESIAN_POINT('',(-0.0545868847989001,-0.011925,0.00745429463197195));
#5580=CARTESIAN_POINT('',(-0.0539366802951032,-0.011925,0.0113397635353553));
#5581=CARTESIAN_POINT('',(-0.0539366802951032,-0.011925,0.0113397635353553));
#5582=CARTESIAN_POINT('',(-0.0539366802951032,0.009927,0.0113397635353553));
#5583=CARTESIAN_POINT('',(-0.0539366802951032,-0.0098744936579047,0.0113397635353553));
#5584=CARTESIAN_POINT('',(-0.0537716326892426,0.,0.0123260491368925));
#5585=CARTESIAN_POINT('',(-0.0241830646431257,0.,0.00737462096107218));
#5586=CARTESIAN_POINT('',(-0.0412013232608678,-0.00794225017107293,0.0163076824495999));
#5587=CARTESIAN_POINT('',(-0.0427793892509538,-0.00839743827961455,0.015843991875625));
#5588=CARTESIAN_POINT('',(-0.0443244998985365,-0.00815094980258561,0.0165167758375806));
#5589=CARTESIAN_POINT('',(-0.0449462197724148,-0.00723671337342116,0.0178092889137433));
#5590=CARTESIAN_POINT('',(-0.0443133848399112,-0.00600024587543237,0.0187971738284605));
#5591=CARTESIAN_POINT('',(-0.0427810593586833,-0.00528491206882258,0.0190003177060013));
#5592=CARTESIAN_POINT('',(-0.0412102100333577,-0.00569052245782715,0.0184897537846615));
#5593=CARTESIAN_POINT('',(-0.0405438105149547,-0.00686526596207905,0.0174492353014008));
#5594=CARTESIAN_POINT('',(-0.0412013232608678,-0.00794225017107293,0.0163076824495999));
#5595=CARTESIAN_POINT('',(-0.0427793892509538,-0.00839743827961455,0.015843991875625));
#5596=CARTESIAN_POINT('',(-0.0443244998985365,-0.00815094980258561,0.0165167758375806));
#5597=CARTESIAN_POINT('',(-0.0427738966938699,-0.00828049218201946,0.0160334042982801));
#5598=CARTESIAN_POINT('',(-0.0243481122489863,-0.0098744936579047,0.00638833535953496));
#5599=CARTESIAN_POINT('',(-0.032069177204807,-0.0098744936579047,0.0076803985141291));
#5600=CARTESIAN_POINT('',(-0.0317390819930856,-0.0098744936579047,0.00965296971720358));
#5601=CARTESIAN_POINT('',(-0.0313959324623928,-0.00980685190418998,0.0102727618530917));
#5602=CARTESIAN_POINT('',(-0.0302899164882444,-0.00954228724687398,0.0112330751075719));
#5603=CARTESIAN_POINT('',(-0.0280383564485922,-0.00938799187010346,0.0112750908321145));
#5604=CARTESIAN_POINT('',(-0.0263174895102029,-0.0097515171822555,0.00986221670525063));
#5605=CARTESIAN_POINT('',(-0.0259012166637163,-0.0100116065257635,0.0076648275686761));
#5606=CARTESIAN_POINT('',(-0.0270094561458874,-0.00975205547336627,0.00571876299796257));
#5607=CARTESIAN_POINT('',(-0.0290924043069948,-0.0093884628000921,0.00494252992588687));
#5608=CARTESIAN_POINT('',(-0.0312104408267481,-0.0095413315218135,0.00571053498950154));
#5609=CARTESIAN_POINT('',(-0.0319464944173682,-0.00980684467306559,0.00698258038616311));
#5610=CARTESIAN_POINT('',(-0.032069177204807,-0.00987449365790469,0.0076803985141291));
#5611=CARTESIAN_POINT('',(-0.0317390819930856,-0.0098744936579047,0.00965296971720358));
#5612=CARTESIAN_POINT('',(-0.024018017037265,-0.00987449365790469,0.00836090656260942));
#5613=CARTESIAN_POINT('',(-0.0241830646431257,0.,0.00737462096107218));
#5614=CARTESIAN_POINT('',(-0.0225449671549584,0.,0.0171635055563292));
#5615=CARTESIAN_POINT('',(-0.0241830646431257,0.,0.00737462096107219));
#5616=CARTESIAN_POINT('',(0.,7.0111029251186E-19,-0.025002));
#5617=CARTESIAN_POINT('',(0.00692750641535014,0.0091420309114982,-0.0134311174274398));
#5618=CARTESIAN_POINT('',(0.0063728888295693,0.00950810887590471,-0.0150003669952063));
#5619=CARTESIAN_POINT('',(0.00692707961820402,0.00914223768519149,-0.0165674145917352));
#5620=CARTESIAN_POINT('',(0.00812584137238092,0.00812861390710273,-0.0172162282792659));
#5621=CARTESIAN_POINT('',(0.00914288551880459,0.00692644729963485,-0.0165676702862877));
#5622=CARTESIAN_POINT('',(0.00950750071344505,0.00637365931242876,-0.0150006187218495));
#5623=CARTESIAN_POINT('',(0.00914381518206358,0.00692505758349279,-0.0134345997562508));
#5624=CARTESIAN_POINT('',(0.00812838198871258,0.00812613319680845,-0.0127835716154688));
#5625=CARTESIAN_POINT('',(0.00692750641535014,0.0091420309114982,-0.0134311174274398));
#5626=CARTESIAN_POINT('',(0.0063728888295693,0.00950810887590471,-0.0150003669952063));
#5627=CARTESIAN_POINT('',(0.00692707961820402,0.00914223768519149,-0.0165674145917352));
#5628=CARTESIAN_POINT('',(0.00655769022530523,0.00938611735005142,-0.015));
#5629=CARTESIAN_POINT('',(0.0114062482876711,0.001,-0.025002));
#5630=CARTESIAN_POINT('',(0.0114062482876711,0.001,-0.00682842712474619));
#5631=CARTESIAN_POINT('',(0.0114062482876711,-0.001,-0.00682842712474619));
#5632=CARTESIAN_POINT('',(0.0113477224488063,-0.0016675602493363,-0.00659240893516805));
#5633=CARTESIAN_POINT('',(0.0111191553121022,-0.00279943083286126,-0.00565699105900117));
#5634=CARTESIAN_POINT('',(0.0109877394941046,-0.00321037228712036,-0.00344693664551894));
#5635=CARTESIAN_POINT('',(0.0112995773382944,-0.00210039243067595,-0.00151456607366982));
#5636=CARTESIAN_POINT('',(0.0115250997600944,-2.28866938041799E-6,-0.000743084776476104));
#5637=CARTESIAN_POINT('',(0.0113000227755679,0.00209876715364124,-0.00151309804840995));
#5638=CARTESIAN_POINT('',(0.0109881266015136,0.0032087991730157,-0.00344213363108635));
#5639=CARTESIAN_POINT('',(0.0111183006952304,0.00280308611921127,-0.00565290522031766));
#5640=CARTESIAN_POINT('',(0.0113477213088059,0.00166757325246322,-0.00659240433786844));
#5641=CARTESIAN_POINT('',(0.0114062482876711,0.001,-0.00682842712474619));
#5642=CARTESIAN_POINT('',(0.0114062482876711,-0.001,-0.00682842712474619));
#5643=CARTESIAN_POINT('',(0.0114062482876711,-0.001,-0.025002));
#5644=CARTESIAN_POINT('',(-0.0430029287499551,0.009927,0.00951008102474219));
#5645=CARTESIAN_POINT('',(-0.059245961004925,-0.00654189321881348,0.0122282324216825));
#5646=CARTESIAN_POINT('',(-0.032069177204807,0.009927,0.0076803985141291));
#5647=CARTESIAN_POINT('',(-0.0291144926508118,0.009927,0.00819985899037558));
#5648=CARTESIAN_POINT('',(-0.0317390819930856,0.009927,0.00965296971720357));
#5649=CARTESIAN_POINT('',(-0.0426728335382337,0.009927,0.0114826522278167));
#5650=CARTESIAN_POINT('',(-0.0589158657932036,-0.00654189321881348,0.014200803624757));
#5651=CARTESIAN_POINT('',(-0.0301295439568848,-0.0113162266313042,0.0197306530318327));
#5652=CARTESIAN_POINT('',(-0.0450673199285606,0.00701944901683886,0.0037523915822529));
#5653=CARTESIAN_POINT('',(-0.0560719206008525,0.001,-0.0159142135623731));
#5654=CARTESIAN_POINT('',(-0.0167680670816128,0.001,-0.0552180670816128));
#5655=CARTESIAN_POINT('',(-0.0560719206008525,0.001,-0.00682842712474619));
#5656=CARTESIAN_POINT('',(-0.0560719206008525,3.13810832479711E-19,-0.004));
#5657=CARTESIAN_POINT('',(-0.0560719206008525,-0.001,-0.00682842712474619));
#5658=CARTESIAN_POINT('',(-0.0560719206008525,-0.001,-0.0159142135623731));
#5659=CARTESIAN_POINT('',(0.01545,-0.001,-0.023));
#5660=CARTESIAN_POINT('',(0.0123390133317053,0.0123390133317053,0.));
#5661=CARTESIAN_POINT('',(0.0123390133317053,0.0123390133317052,-0.015));
#5662=CARTESIAN_POINT('',(0.00951058620695907,0.0151674404564514,-0.015));
#5663=CARTESIAN_POINT('',(0.0123390133317053,0.0123390133317053,-0.015));
#5664=CARTESIAN_POINT('',(-0.00809778685814834,-0.00809778685814834,-0.015));
#5665=CARTESIAN_POINT('',(0.0109247997693322,0.0109247997693322,-0.015));
#5666=CARTESIAN_POINT('',(0.00951058620695907,0.0123390133317053,-0.015));
#5667=CARTESIAN_POINT('',(0.0123390133317053,-0.0123390133317053,-0.015));
#5668=CARTESIAN_POINT('',(0.00432853172679884,-0.01545,-0.0181310793636867));
#5669=CARTESIAN_POINT('',(0.0047228988335312,-0.01545,-0.0180776066003577));
#5670=CARTESIAN_POINT('',(0.00548863650145895,-0.0153507872899453,-0.0183402688329609));
#5671=CARTESIAN_POINT('',(0.00638253140488245,-0.0150381520724283,-0.0190337660754701));
#5672=CARTESIAN_POINT('',(0.00717682556721939,-0.0145930295517611,-0.0197678184837159));
#5673=CARTESIAN_POINT('',(0.00764645139071421,-0.0142031481479501,-0.0202591074759561));
#5674=CARTESIAN_POINT('',(0.00786406563273157,-0.0139855339059327,-0.020501255592144));
#5675=CARTESIAN_POINT('',(0.0139855339059327,-0.00786406563273158,-0.020501255592144));
#5676=CARTESIAN_POINT('',(0.0142038326854159,-0.00764576685324844,-0.0202583457635963));
#5677=CARTESIAN_POINT('',(0.0145907504392305,-0.0071791031365833,-0.0197704075653443));
#5678=CARTESIAN_POINT('',(0.015034519313762,-0.00639096430879825,-0.0190409663541453));
#5679=CARTESIAN_POINT('',(0.0153512180912143,-0.00548926961803368,-0.0183395948672789));
#5680=CARTESIAN_POINT('',(0.01545,-0.00472197233016014,-0.0180777322261886));
#5681=CARTESIAN_POINT('',(0.01545,-0.00432853172679884,-0.0181310793636866));
#5682=CARTESIAN_POINT('',(0.0123390133317053,0.0123390133317052,-0.015));
#5683=CARTESIAN_POINT('',(0.01545,0.00432853172679884,-0.0181310793636867));
#5684=CARTESIAN_POINT('',(0.01545,0.0047228988335312,-0.0180776066003577));
#5685=CARTESIAN_POINT('',(0.0153507872899453,0.00548863650145895,-0.0183402688329609));
#5686=CARTESIAN_POINT('',(0.0150381520724283,0.00638253140488245,-0.0190337660754701));
#5687=CARTESIAN_POINT('',(0.0145930295517611,0.0071768255672194,-0.0197678184837159));
#5688=CARTESIAN_POINT('',(0.0142031481479501,0.00764645139071421,-0.0202591074759561));
#5689=CARTESIAN_POINT('',(0.0139855339059327,0.00786406563273157,-0.020501255592144));
#5690=CARTESIAN_POINT('',(0.00786406563273158,0.0139855339059327,-0.020501255592144));
#5691=CARTESIAN_POINT('',(0.00764576685324844,0.0142038326854159,-0.0202583457635963));
#5692=CARTESIAN_POINT('',(0.00717910313658331,0.0145907504392304,-0.0197704075653442));
#5693=CARTESIAN_POINT('',(0.00639096430879827,0.015034519313762,-0.0190409663541453));
#5694=CARTESIAN_POINT('',(0.00548926961803374,0.0153512180912143,-0.0183395948672788));
#5695=CARTESIAN_POINT('',(0.00472197233016014,0.01545,-0.0180777322261887));
#5696=CARTESIAN_POINT('',(0.00432853172679885,0.01545,-0.0181310793636867));
#5697=CARTESIAN_POINT('',(0.0109247997693322,-0.0109247997693322,-0.015));
#5698=CARTESIAN_POINT('',(0.0109247997693322,0.0109247997693322,-0.015));
#5699=CARTESIAN_POINT('',(-0.0517990614861681,-0.013925,0.0119959539251712));
#5700=CARTESIAN_POINT('',(-0.0537609346502915,-0.0128248056131871,0.00693818369790143));
#5701=CARTESIAN_POINT('',(-0.0531004062523756,-0.0135443976625564,0.00652543974597804));
#5702=CARTESIAN_POINT('',(-0.0573406467331577,-0.008925,0.00917503606714406));
#5703=CARTESIAN_POINT('',(-0.0534241964535866,-0.00984646192802267,0.00228453029947787));
#5704=CARTESIAN_POINT('',(-0.0550008708308588,-0.00531220841978071,-0.000471382744104379));
#5705=CARTESIAN_POINT('',(-0.05440991449853,-0.00561027320600531,-0.00129987296632275));
#5706=CARTESIAN_POINT('',(-0.0582035393761608,-0.00369685604417987,0.00401859296075477));
#5707=CARTESIAN_POINT('',(-0.0573406467331577,-0.008925,0.00917503606714407));
#5708=CARTESIAN_POINT('',(-0.054097349397778,-8.67361737988404E-19,-0.00173807307623479));
#5709=CARTESIAN_POINT('',(-0.0582035393761608,-0.00369685604417987,0.00401859296075477));
#5710=CARTESIAN_POINT('',(-0.0550008708308588,0.00531220841978071,-0.000471382744104356));
#5711=CARTESIAN_POINT('',(-0.05440991449853,0.00561027320600532,-0.00129987296632275));
#5712=CARTESIAN_POINT('',(-0.0582035393761608,0.00369685604417988,0.00401859296075477));
#5713=CARTESIAN_POINT('',(-0.0534241964535866,0.00984646192802268,0.00228453029947787));
#5714=CARTESIAN_POINT('',(-0.0582035393761608,0.00369685604417988,0.00401859296075477));
#5715=CARTESIAN_POINT('',(-0.0537609346502914,0.0128248056131871,0.00693818369790142));
#5716=CARTESIAN_POINT('',(-0.0531004062523756,0.0135443976625564,0.00652543974597803));
#5717=CARTESIAN_POINT('',(-0.0573406467331577,0.008925,0.00917503606714406));
#5718=CARTESIAN_POINT('',(-0.0517990614861681,0.013925,0.0119959539251712));
#5719=CARTESIAN_POINT('',(-0.0573406467331577,0.008925,0.00917503606714406));
#5720=CARTESIAN_POINT('',(-0.052007400087256,0.0128248056131871,0.0174168930514906));
#5721=CARTESIAN_POINT('',(-0.0512484819306246,0.0135443976625564,0.0175921031135244));
#5722=CARTESIAN_POINT('',(-0.0561203322545508,0.008925,0.016467347841805));
#5723=CARTESIAN_POINT('',(-0.0501739265187497,0.00984646192802268,0.0217073775508645));
#5724=CARTESIAN_POINT('',(-0.0507674639066886,0.00531220841978073,0.0248264594934963));
#5725=CARTESIAN_POINT('',(-0.0499389736844702,0.00561027320600533,0.0254174158258252));
#5726=CARTESIAN_POINT('',(-0.0552574396115477,0.00369685604417987,0.0216237909481943));
#5727=CARTESIAN_POINT('',(-0.0561203322545508,0.008925,0.016467347841805));
#5728=CARTESIAN_POINT('',(-0.0495007735745582,2.60208521396521E-18,0.0257299809265771));
#5729=CARTESIAN_POINT('',(-0.0552574396115477,0.00369685604417987,0.0216237909481943));
#5730=CARTESIAN_POINT('',(-0.0507674639066886,-0.00531220841978072,0.0248264594934963));
#5731=CARTESIAN_POINT('',(-0.0499389736844702,-0.00561027320600534,0.0254174158258252));
#5732=CARTESIAN_POINT('',(-0.0552574396115477,-0.00369685604417987,0.0216237909481943));
#5733=CARTESIAN_POINT('',(-0.0501739265187497,-0.00984646192802268,0.0217073775508645));
#5734=CARTESIAN_POINT('',(-0.0552574396115477,-0.00369685604417987,0.0216237909481943));
#5735=CARTESIAN_POINT('',(-0.052007400087256,-0.0128248056131871,0.0174168930514906));
#5736=CARTESIAN_POINT('',(-0.0512484819306246,-0.0135443976625564,0.0175921031135244));
#5737=CARTESIAN_POINT('',(-0.0561203322545508,-0.008925,0.016467347841805));
#5738=CARTESIAN_POINT('',(-0.0517990614861681,-0.013925,0.0119959539251712));
#5739=CARTESIAN_POINT('',(-0.0561203322545508,-0.008925,0.016467347841805));
#5740=CARTESIAN_POINT('',(0.01545,-8.67361737988404E-19,-0.023));
#5741=CARTESIAN_POINT('',(0.0142293175385092,0.00589397630776388,-0.0242206824614907));
#5742=CARTESIAN_POINT('',(0.0150693976625565,0.00624194888862429,-0.0233806023374436));
#5743=CARTESIAN_POINT('',(0.01045,0.00432853172679884,-0.028));
#5744=CARTESIAN_POINT('',(0.0109247997693322,0.0109247997693322,-0.023));
#5745=CARTESIAN_POINT('',(0.01045,0.00432853172679884,-0.028));
#5746=CARTESIAN_POINT('',(0.00589397630776388,0.0142293175385092,-0.0242206824614907));
#5747=CARTESIAN_POINT('',(0.00624194888862429,0.0150693976625565,-0.0233806023374436));
#5748=CARTESIAN_POINT('',(0.00432853172679885,0.01045,-0.028));
#5749=CARTESIAN_POINT('',(1.7347234759768E-18,0.01545,-0.023));
#5750=CARTESIAN_POINT('',(-0.00589397630776388,0.0142293175385092,-0.0242206824614907));
#5751=CARTESIAN_POINT('',(-0.00624194888862429,0.0150693976625565,-0.0233806023374436));
#5752=CARTESIAN_POINT('',(-0.00432853172679885,0.01045,-0.028));
#5753=CARTESIAN_POINT('',(0.00432853172679885,0.01045,-0.028));
#5754=CARTESIAN_POINT('',(-0.0109247997693322,0.0109247997693322,-0.023));
#5755=CARTESIAN_POINT('',(-0.00432853172679885,0.01045,-0.028));
#5756=CARTESIAN_POINT('',(-0.0142293175385092,0.00589397630776388,-0.0242206824614907));
#5757=CARTESIAN_POINT('',(-0.0150693976625565,0.0062419488886243,-0.0233806023374436));
#5758=CARTESIAN_POINT('',(-0.01045,0.00432853172679885,-0.028));
#5759=CARTESIAN_POINT('',(-0.01545,2.60208521396521E-18,-0.023));
#5760=CARTESIAN_POINT('',(-0.01045,0.00432853172679885,-0.028));
#5761=CARTESIAN_POINT('',(-0.0142293175385093,-0.00589397630776388,-0.0242206824614907));
#5762=CARTESIAN_POINT('',(-0.0150693976625565,-0.00624194888862429,-0.0233806023374436));
#5763=CARTESIAN_POINT('',(-0.01045,-0.00432853172679885,-0.028));
#5764=CARTESIAN_POINT('',(-0.0109247997693322,-0.0109247997693322,-0.023));
#5765=CARTESIAN_POINT('',(-0.00589397630776388,-0.0142293175385092,-0.0242206824614907));
#5766=CARTESIAN_POINT('',(-0.00624194888862429,-0.0150693976625565,-0.0233806023374436));
#5767=CARTESIAN_POINT('',(-0.00432853172679884,-0.01045,-0.028));
#5768=CARTESIAN_POINT('',(-0.01045,-0.00432853172679885,-0.028));
#5769=CARTESIAN_POINT('',(8.67361737988404E-19,-0.01545,-0.023));
#5770=CARTESIAN_POINT('',(-0.00432853172679884,-0.01045,-0.028));
#5771=CARTESIAN_POINT('',(0.00589397630776388,-0.0142293175385092,-0.0242206824614907));
#5772=CARTESIAN_POINT('',(0.00624194888862429,-0.0150693976625565,-0.0233806023374436));
#5773=CARTESIAN_POINT('',(0.00432853172679884,-0.01045,-0.028));
#5774=CARTESIAN_POINT('',(0.01545,-8.67361737988404E-19,-0.023));
#5775=CARTESIAN_POINT('',(0.01045,-0.00432853172679884,-0.028));
#5776=CARTESIAN_POINT('',(0.0150693976625565,-0.00624194888862429,-0.0233806023374436));
#5777=CARTESIAN_POINT('',(0.0142293175385092,-0.00589397630776387,-0.0242206824614907));
#5778=CARTESIAN_POINT('',(0.0109247997693322,-0.0109247997693322,-0.023));
#5779=CARTESIAN_POINT('',(0.01045,-0.00432853172679884,-0.028));
#5780=CARTESIAN_POINT('',(0.00432853172679884,-0.01045,-0.028));
#5781=CARTESIAN_POINT('',(0.,-0.01345,0.025));
#5782=CARTESIAN_POINT('',(-0.00513100202844169,-0.0123873346856278,0.0260626653143722));
#5783=CARTESIAN_POINT('',(-0.00624194888862429,-0.0150693976625565,0.0233806023374436));
#5784=CARTESIAN_POINT('',(-0.00432853172679884,-0.01045,0.028));
#5785=CARTESIAN_POINT('',(0.00432853172679884,-0.01045,0.028));
#5786=CARTESIAN_POINT('',(0.00624194888862429,-0.0150693976625565,0.0233806023374436));
#5787=CARTESIAN_POINT('',(0.00513100202844169,-0.0123873346856278,0.0260626653143722));
#5788=CARTESIAN_POINT('',(0.00951058620695906,-0.00951058620695906,0.025));
#5789=CARTESIAN_POINT('',(0.00432853172679884,-0.01045,0.028));
#5790=CARTESIAN_POINT('',(0.01045,-0.00432853172679884,0.028));
#5791=CARTESIAN_POINT('',(0.0150693976625565,-0.00624194888862429,0.0233806023374436));
#5792=CARTESIAN_POINT('',(0.0123873346856278,-0.00513100202844169,0.0260626653143722));
#5793=CARTESIAN_POINT('',(-0.00951058620695906,-0.00951058620695907,0.025));
#5794=CARTESIAN_POINT('',(-0.00432853172679884,-0.01045,0.028));
#5795=CARTESIAN_POINT('',(-0.0123873346856278,-0.00513100202844169,0.0260626653143722));
#5796=CARTESIAN_POINT('',(-0.0142721128970753,-0.0146485544534545,0.018));
#5797=CARTESIAN_POINT('',(0.01345,3.46944695195361E-18,0.025));
#5798=CARTESIAN_POINT('',(0.01045,-0.00432853172679884,0.028));
#5799=CARTESIAN_POINT('',(0.01045,0.00432853172679884,0.028));
#5800=CARTESIAN_POINT('',(0.0150693976625565,0.00624194888862429,0.0233806023374436));
#5801=CARTESIAN_POINT('',(0.0123873346856278,0.00513100202844169,0.0260626653143722));
#5802=CARTESIAN_POINT('',(-0.01345,5.29237591890877E-18,0.025));
#5803=CARTESIAN_POINT('',(-0.012666672176306,0.00378224131149261,0.025783327823694));
#5804=CARTESIAN_POINT('',(0.00951058620695906,0.00951058620695906,0.025));
#5805=CARTESIAN_POINT('',(0.01045,0.00432853172679884,0.028));
#5806=CARTESIAN_POINT('',(0.00432853172679885,0.01045,0.028));
#5807=CARTESIAN_POINT('',(0.0062419488886243,0.0150693976625565,0.0233806023374436));
#5808=CARTESIAN_POINT('',(0.0051310020284417,0.0123873346856278,0.0260626653143722));
#5809=CARTESIAN_POINT('',(-0.00951058620695906,0.00951058620695907,0.025));
#5810=CARTESIAN_POINT('',(-0.0116311382703732,0.00628224131149261,0.025783327823694));
#5811=CARTESIAN_POINT('',(-0.0051310020284417,0.0123873346856278,0.0260626653143722));
#5812=CARTESIAN_POINT('',(-0.00624194888862429,0.0150693976625565,0.0233806023374436));
#5813=CARTESIAN_POINT('',(-0.00432853172679885,0.01045,0.028));
#5814=CARTESIAN_POINT('',(1.82292896695516E-18,0.01345,0.025));
#5815=CARTESIAN_POINT('',(-0.00432853172679885,0.01045,0.028));
#5816=CARTESIAN_POINT('',(0.00432853172679885,0.01045,0.028));
#5817=CARTESIAN_POINT('',(-0.0288936723397663,-0.0025,-0.0123225817137854));
#5818=CARTESIAN_POINT('',(-0.0145615434920069,-0.0025,-0.0209968498739334));
#5819=CARTESIAN_POINT('',(-0.0199337644947604,-0.0025,-0.0170475719263187));
#5820=CARTESIAN_POINT('',(-0.0199337644947604,-0.0025,-0.0123225817137854));
#5821=CARTESIAN_POINT('',(-0.0288936723397663,0.0025,-0.0123225817137854));
#5822=CARTESIAN_POINT('',(-0.0199337644947604,0.0025,-0.0203437193171984));
#5823=CARTESIAN_POINT('',(-0.0199337644947604,0.0025,-0.0170475719263187));
#5824=CARTESIAN_POINT('',(-0.0280052158317732,0.0025,-0.0111140102291786));
#5825=CARTESIAN_POINT('',(-0.0288936723397663,0.,-0.0123225817137854));
#5826=CARTESIAN_POINT('',(-0.01045,-0.00432853172679885,-0.0258810686798162));
#5827=CARTESIAN_POINT('',(-0.0153988357357185,-0.00504199150903981,-0.0222430337167305));
#5828=CARTESIAN_POINT('',(-0.0153988357357185,-0.00504199150903981,-0.0222430337167304));
#5829=CARTESIAN_POINT('',(-0.0155042429102852,-0.00431084617291243,-0.0221655457969626));
#5830=CARTESIAN_POINT('',(-0.0159272241646326,-0.00289025933608904,-0.0218545998140642));
#5831=CARTESIAN_POINT('',(-0.0166189141848317,-0.00164816396822513,-0.0213461181000846));
#5832=CARTESIAN_POINT('',(-0.0169182649714925,-0.00100000000000002,-0.0211260565166623));
#5833=CARTESIAN_POINT('',(-0.0169182649714925,-0.001,-0.0211260565166623));
#5834=CARTESIAN_POINT('',(-0.0391466297601675,-0.001,-0.00478533061829455));
#5835=CARTESIAN_POINT('',(-0.0391466297601675,-0.001,-0.00478533061829455));
#5836=CARTESIAN_POINT('',(-0.0391466297601675,0.0025,-0.00478533061829455));
#5837=CARTESIAN_POINT('',(-0.0391466297601675,0.001,-0.00478533061829455));
#5838=CARTESIAN_POINT('',(-0.0288936723397663,0.001,-0.0123225817137854));
#5839=CARTESIAN_POINT('',(-0.0169182649714925,0.001,-0.0211260565166623));
#5840=CARTESIAN_POINT('',(-0.0169182649714925,0.001,-0.0211260565166623));
#5841=CARTESIAN_POINT('',(-0.0166200320016135,0.0016457436351585,-0.0213452963600327));
#5842=CARTESIAN_POINT('',(-0.0159338467316465,0.00287791413000343,-0.0218497313699233));
#5843=CARTESIAN_POINT('',(-0.015505796162637,0.00430007220788798,-0.0221644039553933));
#5844=CARTESIAN_POINT('',(-0.0153988357357188,0.00504199150903984,-0.0222430337167303));
#5845=CARTESIAN_POINT('',(-0.0153988357357185,0.00504199150903981,-0.0222430337167305));
#5846=CARTESIAN_POINT('',(-0.01045,0.00432853172679885,-0.0258810686798162));
#5847=CARTESIAN_POINT('',(-0.0421081514534778,-7.59851499107866E-19,-0.00881390223365057));
#5848=CARTESIAN_POINT('',(-0.0421081514534778,-0.001,-0.00881390223365057));
#5849=CARTESIAN_POINT('',(-0.0421081514534778,0.001,-0.00881390223365057));
#5850=CARTESIAN_POINT('',(-0.0552446825715491,0.00369685604417988,0.00352345014317273));
#5851=CARTESIAN_POINT('',(-0.0175172351566662,0.00723238995011262,-0.00637465519444764));
#5852=CARTESIAN_POINT('',(-0.0180963254506747,0.00685097913344014,-0.00666446308541119));
#5853=CARTESIAN_POINT('',(-0.0189086360522948,0.00615883960086047,-0.00705782237232651));
#5854=CARTESIAN_POINT('',(-0.0195844633518952,0.00483827167491941,-0.00742302874058029));
#5855=CARTESIAN_POINT('',(-0.0196523640770566,0.00407266400643501,-0.00750218678957551));
#5856=CARTESIAN_POINT('',(-0.0196047913209534,0.00369685604417988,-0.00751014773870301));
#5857=CARTESIAN_POINT('',(-0.01045,0.00432853172679885,0.025));
#5858=CARTESIAN_POINT('',(-0.0153988357357185,0.00504199150903981,-0.0222430337167305));
#5859=CARTESIAN_POINT('',(-0.0153507289150129,0.00537567920856516,-0.0214248530992682));
#5860=CARTESIAN_POINT('',(-0.0152321299771421,0.00580028486295666,-0.0196980970681176));
#5861=CARTESIAN_POINT('',(-0.0151918822473802,0.00591426586339942,-0.0179344409009236));
#5862=CARTESIAN_POINT('',(-0.0151918822473802,0.00591426586339942,-0.0170475719263187));
#5863=CARTESIAN_POINT('',(-0.0151918822473802,0.00591426586339942,-0.0170475719263187));
#5864=CARTESIAN_POINT('',(-0.0151918822473802,0.00591426586339942,0.025));
#5865=CARTESIAN_POINT('',(-0.0151918822473797,0.00591426586340095,-0.0117627459801624));
#5866=CARTESIAN_POINT('',(-0.0151918822473797,0.00591426586340095,-0.0117627459801624));
#5867=CARTESIAN_POINT('',(-0.0149564559985581,0.00661827009972677,-0.0112544957011965));
#5868=CARTESIAN_POINT('',(-0.0146224118101015,0.00713591647247009,-0.0105816451577886));
#5869=CARTESIAN_POINT('',(-0.0142753832816398,0.0075482277914221,-0.00986170137961578));
#5870=CARTESIAN_POINT('',(-0.0142753832816398,0.0075482277914221,-0.00986170137961578));
#5871=CARTESIAN_POINT('',(-0.01045,0.00432853172679885,-0.0176709331290301));
#5872=CARTESIAN_POINT('',(-0.0552446825715491,-0.00369685604417987,0.00352345014317273));
#5873=CARTESIAN_POINT('',(-0.0196047913209534,-0.00369685604417987,-0.00751014773870301));
#5874=CARTESIAN_POINT('',(-0.0197000754631516,-0.00444956709663726,-0.00749420264174348));
#5875=CARTESIAN_POINT('',(-0.0191916658363735,-0.00593679828614533,-0.00719369240695682));
#5876=CARTESIAN_POINT('',(-0.0180971139936016,-0.00685045976918064,-0.00666485771465112));
#5877=CARTESIAN_POINT('',(-0.0175172351566662,-0.00723238995011261,-0.00637465519444763));
#5878=CARTESIAN_POINT('',(-0.01045,-0.00432853172679885,0.025));
#5879=CARTESIAN_POINT('',(-0.0151918822473802,-0.00591426586339942,-0.0170475719263187));
#5880=CARTESIAN_POINT('',(-0.0151918822473802,-0.00591426586339942,-0.0179344409009236));
#5881=CARTESIAN_POINT('',(-0.0152321299771421,-0.00580028486295666,-0.0196980970681176));
#5882=CARTESIAN_POINT('',(-0.0153507289150129,-0.00537567920856516,-0.0214248530992682));
#5883=CARTESIAN_POINT('',(-0.0153988357357185,-0.00504199150903981,-0.0222430337167305));
#5884=CARTESIAN_POINT('',(-0.0151918822473802,-0.00591426586339942,-0.0170475719263187));
#5885=CARTESIAN_POINT('',(-0.01045,-0.00432853172679885,-0.0176709331290301));
#5886=CARTESIAN_POINT('',(-0.0142753832816398,-0.00754822779142209,-0.00986170137961578));
#5887=CARTESIAN_POINT('',(-0.0142753832816398,-0.00754822779142209,-0.00986170137961578));
#5888=CARTESIAN_POINT('',(-0.014622846580349,-0.00713539991351467,-0.0105825471301306));
#5889=CARTESIAN_POINT('',(-0.0149571153270351,-0.00661629848422987,-0.0112559190933794));
#5890=CARTESIAN_POINT('',(-0.0151918822473805,-0.0059142658633996,-0.0117627459801636));
#5891=CARTESIAN_POINT('',(-0.0151918822473802,-0.00591426586339942,-0.0117627459801635));
#5892=CARTESIAN_POINT('',(-0.0151918822473802,-0.00591426586339942,0.025));
#5893=CARTESIAN_POINT('',(0.01045,-0.00432853172679884,0.025));
#5894=CARTESIAN_POINT('',(0.00432853172679884,-0.01045,0.025));
#5895=CARTESIAN_POINT('',(0.00432853172679884,-0.01045,0.025));
#5896=CARTESIAN_POINT('',(0.01045,-0.00432853172679884,0.025));
#5897=CARTESIAN_POINT('',(0.01045,0.00432853172679884,0.025));
#5898=CARTESIAN_POINT('',(0.01045,0.00432853172679884,0.025));
#5899=CARTESIAN_POINT('',(0.00432853172679885,0.01045,0.025));
#5900=CARTESIAN_POINT('',(0.00432853172679885,0.01045,0.025));
#5901=CARTESIAN_POINT('',(-0.052298582806936,-0.00369685604417987,0.0211286481306123));
#5902=CARTESIAN_POINT('',(-0.0552446825715491,-0.00369685604417987,0.00352345014317273));
#5903=CARTESIAN_POINT('',(-0.054381789928546,0.008925,0.00867989324956202));
#5904=CARTESIAN_POINT('',(-0.00963648566405187,0.013925,0.00119209728979959));
#5905=CARTESIAN_POINT('',(-0.0095975919937437,0.013925,0.000946660744237751));
#5906=CARTESIAN_POINT('',(-0.0096318481512453,0.0138893505569842,0.000445008685771652));
#5907=CARTESIAN_POINT('',(-0.0101051043100302,0.0136784658903189,-0.000414862235629992));
#5908=CARTESIAN_POINT('',(-0.0106295941404468,0.0134252857976004,-0.000887028865872701));
#5909=CARTESIAN_POINT('',(-0.010977939096807,0.0132230339059327,-0.00117372559363072));
#5910=CARTESIAN_POINT('',(-0.010977939096807,0.0132230339059327,-0.00117372559363072));
#5911=CARTESIAN_POINT('',(-0.0199956673505298,0.008925,0.00292562978116327));
#5912=CARTESIAN_POINT('',(-0.0531614754499391,0.008925,0.015972205024223));
#5913=CARTESIAN_POINT('',(-0.0199956673505298,0.008925,0.0104221521645742));
#5914=CARTESIAN_POINT('',(-0.0168182967428554,0.0121023706076745,0.0210076738309712));
#5915=CARTESIAN_POINT('',(-0.01545,0.00645564362098308,0.0227160159860528));
#5916=CARTESIAN_POINT('',(-0.0152679797234182,0.00659729833176924,0.0228184701800384));
#5917=CARTESIAN_POINT('',(-0.0150915029971007,0.00675809654156363,0.0228928571816315));
#5918=CARTESIAN_POINT('',(-0.0149157650472725,0.00693383449139177,0.0229366539484626));
#5919=CARTESIAN_POINT('',(-0.0129245995386643,0.0159960678118655,0.0164082529344085));
#5920=CARTESIAN_POINT('',(-0.00646013344459705,0.0153894660940673,0.00874872607375998));
#5921=CARTESIAN_POINT('',(-0.00792459953866432,0.013925,0.00874872607375998));
#5922=CARTESIAN_POINT('',(-0.0099956673505298,0.013925,0.00874872607375997));
#5923=CARTESIAN_POINT('',(-0.00646013344459878,0.0153894660940655,0.010075924748463));
#5924=CARTESIAN_POINT('',(-0.00796954540798821,0.0138800541306718,0.00970205210832041));
#5925=CARTESIAN_POINT('',(-0.0101036907563223,0.013925,0.00943040232967984));
#5926=CARTESIAN_POINT('',(-0.00698087700726776,0.0148687225313966,0.012816902724367));
#5927=CARTESIAN_POINT('',(-0.00856067340970422,0.0132889261289707,0.0117067708687888));
#5928=CARTESIAN_POINT('',(-0.010840435391468,0.0136646282186647,0.0108806087938801));
#5929=CARTESIAN_POINT('',(-0.00846346501880245,0.0133861345198619,0.0153148893310395));
#5930=CARTESIAN_POINT('',(-0.00999728694340127,0.0118523125952456,0.0133259425021419));
#5931=CARTESIAN_POINT('',(-0.0125061462486976,0.0129233342128964,0.0122842964250258));
#5932=CARTESIAN_POINT('',(-0.00938906563273158,0.0124605339059327,0.0164082529344085));
#5933=CARTESIAN_POINT('',(-0.0108420231219161,0.0110075764167483,0.0139482143162103));
#5934=CARTESIAN_POINT('',(-0.0135081309452778,0.0124605339059328,0.0129212067492404));
#5935=CARTESIAN_POINT('',(-0.00786406563273158,0.0139855339059327,0.0141642741507534));
#5936=CARTESIAN_POINT('',(-0.00767948320307831,0.014170116335586,0.0132757076979629));
#5937=CARTESIAN_POINT('',(-0.00743647409888325,0.0145099598872934,0.0114862040847607));
#5938=CARTESIAN_POINT('',(-0.00734169038190328,0.0146875,0.00966946588371644));
#5939=CARTESIAN_POINT('',(-0.00734169038190328,0.0146875,0.00874872607375998));
#5940=CARTESIAN_POINT('',(-0.00734169038190328,0.0146875,0.00874872607375998));
#5941=CARTESIAN_POINT('',(-0.0099956673505298,0.018925,0.00874872607375998));
#5942=CARTESIAN_POINT('',(-0.0531614754499391,-0.008925,0.015972205024223));
#5943=CARTESIAN_POINT('',(-0.0199956673505298,-0.008925,0.0104221521645742));
#5944=CARTESIAN_POINT('',(-0.00938906563273159,-0.0124605339059327,0.0164082529344085));
#5945=CARTESIAN_POINT('',(-0.0108420231219161,-0.0110075764167483,0.0139482143162103));
#5946=CARTESIAN_POINT('',(-0.0135081309452778,-0.0124605339059327,0.0129212067492404));
#5947=CARTESIAN_POINT('',(-0.00846346501879566,-0.0133861345198687,0.015314889331053));
#5948=CARTESIAN_POINT('',(-0.00999728694340432,-0.0118523125952696,0.0133259425021572));
#5949=CARTESIAN_POINT('',(-0.0125061462486974,-0.0129233342128985,0.0122842964250236));
#5950=CARTESIAN_POINT('',(-0.0069808770072706,-0.0148687225313937,0.0128169027243592));
#5951=CARTESIAN_POINT('',(-0.00856067340970504,-0.0132889261289548,0.0117067708687814));
#5952=CARTESIAN_POINT('',(-0.0108404353914715,-0.0136646282186636,0.0108806087938809));
#5953=CARTESIAN_POINT('',(-0.00646013344459993,-0.0153894660940644,0.0100759247484653));
#5954=CARTESIAN_POINT('',(-0.00796954540798377,-0.0138800541306803,0.00970205210832128));
#5955=CARTESIAN_POINT('',(-0.0101036907563155,-0.013925,0.00943040232968043));
#5956=CARTESIAN_POINT('',(-0.00646013344459706,-0.0153894660940673,0.00874872607376));
#5957=CARTESIAN_POINT('',(-0.00792459953866432,-0.013925,0.00874872607375999));
#5958=CARTESIAN_POINT('',(-0.00999566735052981,-0.013925,0.00874872607375998));
#5959=CARTESIAN_POINT('',(-0.0099956673505298,-0.018925,0.00874872607375998));
#5960=CARTESIAN_POINT('',(-0.00734169038190317,-0.0146875,0.0087487260737608));
#5961=CARTESIAN_POINT('',(-0.00734169038190328,-0.0146875,0.00874872607376081));
#5962=CARTESIAN_POINT('',(-0.00734169038190331,-0.0146874999999999,0.009674294682034));
#5963=CARTESIAN_POINT('',(-0.00743731351880397,-0.0145084275101933,0.0114953045204099));
#5964=CARTESIAN_POINT('',(-0.007680323920104,-0.0141692756185603,0.0132797548488576));
#5965=CARTESIAN_POINT('',(-0.00786406563273159,-0.0139855339059327,0.0141642741507533));
#5966=CARTESIAN_POINT('',(-0.0129245995386643,-0.0159960678118655,0.0164082529344085));
#5967=CARTESIAN_POINT('',(-0.0168182967428554,-0.0121023706076745,0.0210076738309712));
#5968=CARTESIAN_POINT('',(-0.0531614754499391,-0.008925,0.015972205024223));
#5969=CARTESIAN_POINT('',(-0.054381789928546,-0.008925,0.00867989324956203));
#5970=CARTESIAN_POINT('',(-0.054381789928546,-0.008925,0.00867989324956203));
#5971=CARTESIAN_POINT('',(-0.0199956673505298,-0.008925,0.00292562978116328));
#5972=CARTESIAN_POINT('',(-0.010977939096807,-0.0132230339059327,-0.00117372559363071));
#5973=CARTESIAN_POINT('',(-0.010977939096807,-0.0132230339059327,-0.00117372559363071));
#5974=CARTESIAN_POINT('',(-0.0106300875250207,-0.0134249993345368,-0.000887434933881665));
#5975=CARTESIAN_POINT('',(-0.0101105662892018,-0.0136760041869379,-0.000420890599879942));
#5976=CARTESIAN_POINT('',(-0.00963227171534967,-0.0138890820968232,0.000441492573922674));
#5977=CARTESIAN_POINT('',(-0.00959748481176005,-0.013925,0.000945984377733733));
#5978=CARTESIAN_POINT('',(-0.00963648566405188,-0.013925,0.0011920972897996));
#5979=CARTESIAN_POINT('',(-0.00913113827037324,0.00378224131149261,0.0222477939177613));
#5980=CARTESIAN_POINT('',(-0.00432853172679884,-0.01045,0.025));
#5981=CARTESIAN_POINT('',(-0.00432853172679884,-0.01045,0.00380305334743823));
#5982=CARTESIAN_POINT('',(-0.00698250869542536,-0.0146875,0.00380305334743823));
#5983=CARTESIAN_POINT('',(-0.00698250869542536,-0.0146875,0.025));
#5984=CARTESIAN_POINT('',(-0.00698250869542536,-0.0146875,0.0011920972897996));
#5985=CARTESIAN_POINT('',(-0.00698250869542536,-0.0146875,0.0011920972897996));
#5986=CARTESIAN_POINT('',(-0.00698250869542536,-0.0146875,-0.000496706547580414));
#5987=CARTESIAN_POINT('',(-0.00736557304779997,-0.0144840264908643,-0.0021597069903644));
#5988=CARTESIAN_POINT('',(-0.00786406563273157,-0.0139855339059327,-0.00369346903597267));
#5989=CARTESIAN_POINT('',(-0.00786406563273159,-0.0139855339059327,0.0141642741507533));
#5990=CARTESIAN_POINT('',(-0.00639959953866432,-0.01545,0.0141642741507533));
#5991=CARTESIAN_POINT('',(-0.00432853172679885,-0.01545,0.0141642741507533));
#5992=CARTESIAN_POINT('',(-0.00771637147759608,-0.0141332280610682,0.0134532851844516));
#5993=CARTESIAN_POINT('',(-0.00627829518595698,-0.0154499999999954,0.0133946219115029));
#5994=CARTESIAN_POINT('',(-0.00432853172771696,-0.01545,0.0132955837073265));
#5995=CARTESIAN_POINT('',(-0.00754338259599089,-0.014352924849377,0.0123305668042748));
#5996=CARTESIAN_POINT('',(-0.00617206675607667,-0.015450000000001,0.0121963377126056));
#5997=CARTESIAN_POINT('',(-0.00442194754000047,-0.01545,0.0119987005723408));
#5998=CARTESIAN_POINT('',(-0.00739204758450445,-0.0146000261334071,0.0105675466483831));
#5999=CARTESIAN_POINT('',(-0.00613101558696386,-0.0154499999999998,0.0104386013149897));
#6000=CARTESIAN_POINT('',(-0.00461348008533051,-0.01545,0.0102752687592276));
#6001=CARTESIAN_POINT('',(-0.00732651968875324,-0.0147139209853394,0.00904304194768708));
#6002=CARTESIAN_POINT('',(-0.00612237449111232,-0.0154500000000001,0.00901322514564917));
#6003=CARTESIAN_POINT('',(-0.00471021399765166,-0.01545,0.00897663395888893));
#6004=CARTESIAN_POINT('',(-0.0073611511998683,-0.0146536844260027,0.00742022594163019));
#6005=CARTESIAN_POINT('',(-0.00612639308255573,-0.01545,0.00753512035523641));
#6006=CARTESIAN_POINT('',(-0.00465900390119029,-0.01545,0.00767855880933887));
#6007=CARTESIAN_POINT('',(-0.00748660157926895,-0.0144500685039578,0.00601263089629824));
#6008=CARTESIAN_POINT('',(-0.00615876585726032,-0.01545,0.00617500092096568));
#6009=CARTESIAN_POINT('',(-0.00450267281601537,-0.01545,0.00639030728687894));
#6010=CARTESIAN_POINT('',(-0.00765149464722261,-0.0142165565797657,0.00483255888962838));
#6011=CARTESIAN_POINT('',(-0.00623823539586459,-0.01545,0.00494125872160471));
#6012=CARTESIAN_POINT('',(-0.00436543510310337,-0.01545,0.00510004531142325));
#6013=CARTESIAN_POINT('',(-0.00778775835125998,-0.0140618411874043,0.00413703902822998));
#6014=CARTESIAN_POINT('',(-0.00633666582905482,-0.0154499999999999,0.0041764613106566));
#6015=CARTESIAN_POINT('',(-0.00432853172753923,-0.01545,0.00423624246108732));
#6016=CARTESIAN_POINT('',(-0.00786406563273158,-0.0139855339059327,0.00380305334743822));
#6017=CARTESIAN_POINT('',(-0.00639959953866432,-0.01545,0.00380305334743823));
#6018=CARTESIAN_POINT('',(-0.00432853172679885,-0.01545,0.00380305334743823));
#6019=CARTESIAN_POINT('',(-0.00734169038190328,-0.0146875,0.00874872607375997));
#6020=CARTESIAN_POINT('',(-0.00734169038190328,-0.0146875,0.00709147325495304));
#6021=CARTESIAN_POINT('',(-0.00698250869542536,-0.0146875,0.00546030616624516));
#6022=CARTESIAN_POINT('',(-0.00698250869542536,-0.0146875,0.00380305334743823));
#6023=CARTESIAN_POINT('',(-0.00432853172679884,-0.01045,0.0141642741507533));
#6024=CARTESIAN_POINT('',(-0.00432853172679884,-0.01045,0.025));
#6025=CARTESIAN_POINT('',(-0.00432853172679885,0.01045,0.025));
#6026=CARTESIAN_POINT('',(-0.00786406563273158,0.0139855339059327,-0.00369346903597268));
#6027=CARTESIAN_POINT('',(-0.00736546394657172,0.0144841355920926,-0.0021593713076921));
#6028=CARTESIAN_POINT('',(-0.00698250869542596,0.0146875000000003,-0.000497181741603295));
#6029=CARTESIAN_POINT('',(-0.00698250869542594,0.0146875000000003,0.00119209728979964));
#6030=CARTESIAN_POINT('',(-0.00698250869542536,0.0146875,0.00119209728979959));
#6031=CARTESIAN_POINT('',(-0.00698250869542536,0.0146875,0.025));
#6032=CARTESIAN_POINT('',(-0.00698250869542536,0.0146875,0.00380305334743824));
#6033=CARTESIAN_POINT('',(-0.00432853172679885,0.01045,0.00380305334743824));
#6034=CARTESIAN_POINT('',(-0.00432853172679885,0.01545,0.0141642741507534));
#6035=CARTESIAN_POINT('',(-0.00639959953866432,0.01545,0.0141642741507534));
#6036=CARTESIAN_POINT('',(-0.00786406563273158,0.0139855339059327,0.0141642741507534));
#6037=CARTESIAN_POINT('',(-0.00432853172772185,0.01545,0.0132955837072956));
#6038=CARTESIAN_POINT('',(-0.00627829518595115,0.0154499999999987,0.0133946219114756));
#6039=CARTESIAN_POINT('',(-0.00771637147759043,0.0141332280610739,0.0134532851844199));
#6040=CARTESIAN_POINT('',(-0.00442194753999937,0.01545,0.0119987005723478));
#6041=CARTESIAN_POINT('',(-0.00617206675607796,0.0154500000000003,0.0121963377126115));
#6042=CARTESIAN_POINT('',(-0.00754338259599216,0.0143529248493757,0.0123305668042819));
#6043=CARTESIAN_POINT('',(-0.00461348008533071,0.01545,0.0102752687592263));
#6044=CARTESIAN_POINT('',(-0.00613101558696361,0.01545,0.0104386013149886));
#6045=CARTESIAN_POINT('',(-0.00739204758450421,0.0146000261334073,0.0105675466483818));
#6046=CARTESIAN_POINT('',(-0.00471021399765165,0.01545,0.00897663395888925));
#6047=CARTESIAN_POINT('',(-0.00612237449111239,0.01545,0.00901322514564945));
#6048=CARTESIAN_POINT('',(-0.00732651968875328,0.0147139209853393,0.00904304194768746));
#6049=CARTESIAN_POINT('',(-0.00465900390119017,0.01545,0.00767855880933889));
#6050=CARTESIAN_POINT('',(-0.0061263930825557,0.0154500000000001,0.00753512035523633));
#6051=CARTESIAN_POINT('',(-0.00736115119986839,0.0146536844260027,0.00742022594162998));
#6052=CARTESIAN_POINT('',(-0.00450267281601587,0.01545,0.00639030728687852));
#6053=CARTESIAN_POINT('',(-0.00615876585726035,0.0154499999999997,0.00617500092096575));
#6054=CARTESIAN_POINT('',(-0.00748660157926858,0.014450068503958,0.00601263089629865));
#6055=CARTESIAN_POINT('',(-0.00436543510310082,0.01545,0.005100045311425));
#6056=CARTESIAN_POINT('',(-0.00623823539586396,0.0154500000000011,0.00494125872160449));
#6057=CARTESIAN_POINT('',(-0.00765149464722352,0.0142165565797649,0.00483255888962707));
#6058=CARTESIAN_POINT('',(-0.00432853172754486,0.01545,0.00423624246108357));
#6059=CARTESIAN_POINT('',(-0.00633666582905625,0.0154499999999975,0.00417646131065734));
#6060=CARTESIAN_POINT('',(-0.00778775835125811,0.0140618411874062,0.0041370390282328));
#6061=CARTESIAN_POINT('',(-0.00432853172679885,0.01545,0.00380305334743824));
#6062=CARTESIAN_POINT('',(-0.00639959953866432,0.01545,0.00380305334743823));
#6063=CARTESIAN_POINT('',(-0.00786406563273159,0.0139855339059327,0.00380305334743823));
#6064=CARTESIAN_POINT('',(-0.00698250869542536,0.0146875,0.00380305334743824));
#6065=CARTESIAN_POINT('',(-0.00698250869542536,0.0146875,0.00546030616624544));
#6066=CARTESIAN_POINT('',(-0.00734169038190328,0.0146875,0.00709147325495278));
#6067=CARTESIAN_POINT('',(-0.00734169038190328,0.0146875,0.00874872607375998));
#6068=CARTESIAN_POINT('',(-0.00432853172679885,0.01045,0.0141642741507534));
#6069=CARTESIAN_POINT('',(-0.00432853172679885,0.01045,0.025));
#6070=CARTESIAN_POINT('',(-0.052298582806936,-0.00369685604417987,0.0211286481306123));
#6071=CARTESIAN_POINT('',(-0.052298582806936,0.00369685604417987,0.0211286481306123));
#6072=CARTESIAN_POINT('',(-0.0280052158317732,-0.001,-0.0111140102291786));
#6073=CARTESIAN_POINT('',(-0.0169182649714925,-0.001,-0.0211260565166623));
#6074=CARTESIAN_POINT('',(-0.0172406433108038,-0.00121076229686756,-0.0208890667007969));
#6075=CARTESIAN_POINT('',(-0.0178067591677224,-0.00167875030156522,-0.0203548483784961));
#6076=CARTESIAN_POINT('',(-0.0184540775984102,-0.00223511889444712,-0.0192908554097627));
#6077=CARTESIAN_POINT('',(-0.019150892292817,-0.0024651765417226,-0.0181466189894558));
#6078=CARTESIAN_POINT('',(-0.0196670675676948,-0.0025,-0.0174112824440627));
#6079=CARTESIAN_POINT('',(-0.0199337644947604,-0.0025,-0.0170475719263187));
#6080=CARTESIAN_POINT('',(-0.0382581732521744,-0.001,-0.00357675913368775));
#6081=CARTESIAN_POINT('',(-0.0421081514534778,-0.001,-0.00881390223365057));
#6082=CARTESIAN_POINT('',(-0.0280052158317732,0.001,-0.0111140102291786));
#6083=CARTESIAN_POINT('',(-0.0199337644947604,0.0025,-0.0170475719263187));
#6084=CARTESIAN_POINT('',(-0.0196670513803471,0.0025,-0.0174113045197148));
#6085=CARTESIAN_POINT('',(-0.0191508378087315,0.00246516736602028,-0.0181466924610995));
#6086=CARTESIAN_POINT('',(-0.0184540241910105,0.00223509945751294,-0.019290973582442));
#6087=CARTESIAN_POINT('',(-0.0178065393195476,0.00167855553559883,-0.0203551071166691));
#6088=CARTESIAN_POINT('',(-0.0172406485313272,0.00121076570990552,-0.0208890628630363));
#6089=CARTESIAN_POINT('',(-0.0169182649714925,0.001,-0.0211260565166623));
#6090=CARTESIAN_POINT('',(-0.0382581732521744,0.001,-0.00357675913368775));
#6091=CARTESIAN_POINT('',(-0.0421081514534778,0.001,-0.00881390223365057));
#6092=CARTESIAN_POINT('',(-0.00734169038190328,-0.0146875,0.00874872607375997));
#6093=CARTESIAN_POINT('',(-0.00855914395749785,-0.013925,0.00874872607375997));
#6094=CARTESIAN_POINT('',(-0.00999566735052979,-0.013925,0.00874872607375997));
#6095=CARTESIAN_POINT('',(-0.00734169038209441,-0.0146874999998803,0.00804774018803036));
#6096=CARTESIAN_POINT('',(-0.00855914395791811,-0.0139249999999985,0.0079891879044938));
#6097=CARTESIAN_POINT('',(-0.00999566735112776,-0.013925,0.00792009966433182));
#6098=CARTESIAN_POINT('',(-0.00723284984737177,-0.0146875000036258,0.00669231372048649));
#6099=CARTESIAN_POINT('',(-0.00843513660510759,-0.0139250000000022,0.00650003278996638));
#6100=CARTESIAN_POINT('',(-0.00985376405054737,-0.013925,0.00627315263595983));
#6101=CARTESIAN_POINT('',(-0.00698250870681249,-0.0146874999928682,0.00484876082556467));
#6102=CARTESIAN_POINT('',(-0.0081999622837586,-0.013924999999997,0.00474917965841903));
#6103=CARTESIAN_POINT('',(-0.00963648567311061,-0.013925,0.00463167975618419));
#6104=CARTESIAN_POINT('',(-0.00698250869542536,-0.0146875,0.00380305334743823));
#6105=CARTESIAN_POINT('',(-0.00819996227101994,-0.013925,0.00380305334743823));
#6106=CARTESIAN_POINT('',(-0.00963648566405188,-0.013925,0.00380305334743823));
#6107=CARTESIAN_POINT('',(-0.00963648566405188,-0.018925,0.00380305334743823));
#6108=CARTESIAN_POINT('',(-0.00963648566405187,-0.018925,0.025));
#6109=CARTESIAN_POINT('',(-0.00963648566405187,-0.018925,0.0011920972897996));
#6110=CARTESIAN_POINT('',(-0.010977939096807,-0.0132230339059328,-0.00117372559363071));
#6111=CARTESIAN_POINT('',(-0.00902642050247795,-0.0128231790361864,-0.00218234731983215));
#6112=CARTESIAN_POINT('',(-0.00786406563273159,-0.0139855339059328,-0.00369346903597267));
#6113=CARTESIAN_POINT('',(-0.0105980520737541,-0.0134435993728764,-0.000861068950828608));
#6114=CARTESIAN_POINT('',(-0.00883823673961387,-0.0131539647614778,-0.00178142597932609));
#6115=CARTESIAN_POINT('',(-0.00764350016453518,-0.0142060993741292,-0.00301483318130697));
#6116=CARTESIAN_POINT('',(-0.00985293816615359,-0.013793193609954,-0.000174489705149572));
#6117=CARTESIAN_POINT('',(-0.00839167550512024,-0.0137305869415431,-0.000822020968178956));
#6118=CARTESIAN_POINT('',(-0.00720491240739456,-0.0145556936091025,-0.0015390849179833));
#6119=CARTESIAN_POINT('',(-0.00956104942524795,-0.013925,0.000716060716929411));
#6120=CARTESIAN_POINT('',(-0.00816543239175296,-0.013946626313174,0.000510747789093555));
#6121=CARTESIAN_POINT('',(-0.0069825086947065,-0.0146875000004502,0.000265271537858602));
#6122=CARTESIAN_POINT('',(-0.00963648566405188,-0.013925,0.0011920972897996));
#6123=CARTESIAN_POINT('',(-0.00819996227101993,-0.013925,0.0011920972897996));
#6124=CARTESIAN_POINT('',(-0.00698250869542536,-0.0146875,0.0011920972897996));
#6125=CARTESIAN_POINT('',(-0.0113995995386643,-0.0175210678118655,-0.00369346903597266));
#6126=CARTESIAN_POINT('',(-0.00786406563273158,-0.0139855339059327,-0.00369346903597266));
#6127=CARTESIAN_POINT('',(-0.00902642050247794,-0.0128231790361864,-0.00218234731983215));
#6128=CARTESIAN_POINT('',(-0.010977939096807,-0.0132230339059327,-0.00117372559363071));
#6129=CARTESIAN_POINT('',(-0.00828833199798233,-0.013561267540682,-0.004346160437931));
#6130=CARTESIAN_POINT('',(-0.00938686298822702,-0.0124627365504393,-0.00260706881339754));
#6131=CARTESIAN_POINT('',(-0.0113433029192903,-0.0130109007233071,-0.00147442927954536));
#6132=CARTESIAN_POINT('',(-0.00880192791668736,-0.013047671621977,-0.00493000409539143));
#6133=CARTESIAN_POINT('',(-0.00982765946828842,-0.0120219400703784,-0.00296064127568234));
#6134=CARTESIAN_POINT('',(-0.0118023832531778,-0.0127541027639549,-0.00173250064794803));
#6135=CARTESIAN_POINT('',(-0.00938906563273158,-0.0124605339059327,-0.00542705286192952));
#6136=CARTESIAN_POINT('',(-0.010321753815321,-0.0115278457233433,-0.0032235813067395));
#6137=CARTESIAN_POINT('',(-0.0123410681320509,-0.0124605339059327,-0.00194000667676138));
#6138=CARTESIAN_POINT('',(-0.0129245995386643,-0.0159960678118655,-0.00542705286192952));
#6139=CARTESIAN_POINT('',(-0.00457358537767014,-0.0243470819728597,0.00164260247557695));
#6140=CARTESIAN_POINT('',(-0.0175210678118655,-0.0113995995386643,-0.00931825048593728));
#6141=CARTESIAN_POINT('',(-0.0139855339059327,-0.00786406563273159,-0.00931825048593729));
#6142=CARTESIAN_POINT('',(-0.0149182220885222,-0.00693137745014215,-0.00711477893074726));
#6143=CARTESIAN_POINT('',(-0.016937536405252,-0.0078640656327316,-0.00583120430076913));
#6144=CARTESIAN_POINT('',(-0.0140866056298287,-0.00776299390883559,-0.00948937754632462));
#6145=CARTESIAN_POINT('',(-0.0150373178994685,-0.0067587535371891,-0.00726987339248432));
#6146=CARTESIAN_POINT('',(-0.0171396798530436,-0.00766192218494011,-0.00600233136115611));
#6147=CARTESIAN_POINT('',(-0.0141833405406338,-0.00765758555550092,-0.00967074993534214));
#6148=CARTESIAN_POINT('',(-0.015146945245193,-0.00657936503813281,-0.00743341098023338));
#6149=CARTESIAN_POINT('',(-0.0173331496746548,-0.00745110547827199,-0.00618370375017415));
#6150=CARTESIAN_POINT('',(-0.0142753832816398,-0.00754822779142209,-0.0098617013796158));
#6151=CARTESIAN_POINT('',(-0.0152464036626967,-0.00639453966146469,-0.00760416274089319));
#6152=CARTESIAN_POINT('',(-0.0175172351566662,-0.0072323899501126,-0.00637465519444765));
#6153=CARTESIAN_POINT('',(-0.0181007665632796,-0.0107679238560453,-0.00986170137961578));
#6154=CARTESIAN_POINT('',(-0.016432634930532,-0.00391814136942402,-0.00944626763903455));
#6155=CARTESIAN_POINT('',(-0.017630726906095,-0.00382530136079071,-0.00784049282838021));
#6156=CARTESIAN_POINT('',(-0.0196047913209535,-0.00369685604417988,-0.00751014773870302));
#6157=CARTESIAN_POINT('',(-0.0164150525922269,-0.0036516169964623,-0.00945004207826502));
#6158=CARTESIAN_POINT('',(-0.0176093589464447,-0.00349846731888995,-0.00784406859849894));
#6159=CARTESIAN_POINT('',(-0.0195788241060861,-0.00328659240158046,-0.0075144931601895));
#6160=CARTESIAN_POINT('',(-0.0163803119022508,-0.0033862312979427,-0.00945749996981781));
#6161=CARTESIAN_POINT('',(-0.0175671372135778,-0.00317298909260993,-0.00785113409343722));
#6162=CARTESIAN_POINT('',(-0.0195275270170967,-0.00287793357826975,-0.00752307734889926));
#6163=CARTESIAN_POINT('',(-0.0163287564664232,-0.00312433346002766,-0.00946857244351562));
#6164=CARTESIAN_POINT('',(-0.0175044668503595,-0.00285169131200004,-0.00786162151552977));
#6165=CARTESIAN_POINT('',(-0.0194512892575945,-0.00247398016918422,-0.00753583517448488));
#6166=CARTESIAN_POINT('',(-0.0204300293502569,-0.00369685604417987,-0.0124415757463892));
#6167=CARTESIAN_POINT('',(-0.0164462532869642,-0.00391708699861477,-0.00942810157124765));
#6168=CARTESIAN_POINT('',(-0.0194603161435655,-0.00252246580536599,-0.00753432459183461));
#6169=CARTESIAN_POINT('',(-0.0188071349964489,-0.00258459446687621,-0.0076436296291959));
#6170=CARTESIAN_POINT('',(-0.0176077713955068,-0.00296376712132685,-0.00811954299619642));
#6171=CARTESIAN_POINT('',(-0.0167775541310192,-0.00359460766229048,-0.0089665584407995));
#6172=CARTESIAN_POINT('',(-0.0164462532869642,-0.00391708699861478,-0.00942810157124764));
#6173=CARTESIAN_POINT('',(-0.0196047913209535,-0.00369685604417986,-0.00751014773870301));
#6174=CARTESIAN_POINT('',(-0.0154371875387137,-0.00396802712820787,-0.00820756542924059));
#6175=CARTESIAN_POINT('',(-0.0154400146751284,-0.00401269388548935,-0.0124415757463892));
#6176=CARTESIAN_POINT('',(-0.0196476792811355,-0.00403565576941855,-0.00750297075554797));
#6177=CARTESIAN_POINT('',(-0.0154463644236509,-0.00406483550243978,-0.00818737109262823));
#6178=CARTESIAN_POINT('',(-0.0154614586549221,-0.00435149361075359,-0.0124343987644486));
#6179=CARTESIAN_POINT('',(-0.0196049434764534,-0.00471890189402421,-0.0074391812681179));
#6180=CARTESIAN_POINT('',(-0.0154996498570905,-0.00424211300585396,-0.00817789096637422));
#6181=CARTESIAN_POINT('',(-0.0154343167197314,-0.00503473973533171,-0.0123016007503385));
#6182=CARTESIAN_POINT('',(-0.0191780249453786,-0.00568264409608112,-0.00720049019950534));
#6183=CARTESIAN_POINT('',(-0.0156103107774507,-0.00473565202226396,-0.00817874071924065));
#6184=CARTESIAN_POINT('',(-0.0151956151188497,-0.00599848193735925,-0.0117612251894475));
#6185=CARTESIAN_POINT('',(-0.0184659056710314,-0.00653182674599033,-0.00684414847796635));
#6186=CARTESIAN_POINT('',(-0.0155731619003439,-0.00549266713977155,-0.0080349089136493));
#6187=CARTESIAN_POINT('',(-0.0148008527847431,-0.00684766458742723,-0.0109423270693346));
#6188=CARTESIAN_POINT('',(-0.0178480121116272,-0.0070145277111969,-0.00654019375059306));
#6189=CARTESIAN_POINT('',(-0.0153826015607297,-0.00609720082442081,-0.00777646027509173));
#6190=CARTESIAN_POINT('',(-0.0144587505791139,-0.00733036555223,-0.0102421143254107));
#6191=CARTESIAN_POINT('',(-0.0175172351566662,-0.0072323899501126,-0.00637465519444763));
#6192=CARTESIAN_POINT('',(-0.0152464036626967,-0.00639453966146469,-0.00760416274089317));
#6193=CARTESIAN_POINT('',(-0.0142753832816398,-0.00754822779142209,-0.00986170137961578));
#6194=CARTESIAN_POINT('',(-0.0164462532869642,-0.00391708699861477,-0.00942810157124765));
#6195=CARTESIAN_POINT('',(-0.0158772275464376,-0.00447096135918219,-0.0102208249412628));
#6196=CARTESIAN_POINT('',(-0.0154543336551176,-0.00512944724694583,-0.0110285834890825));
#6197=CARTESIAN_POINT('',(-0.0151918822473802,-0.00591426586339941,-0.0117627459801635));
#6198=CARTESIAN_POINT('',(-0.0151918822473802,-0.00591426586339943,-0.0170475719263187));
#6199=CARTESIAN_POINT('',(-0.0163336478266528,-0.0025,-0.0170475719263187));
#6200=CARTESIAN_POINT('',(-0.0199337644947605,-0.0025,-0.0170475719263187));
#6201=CARTESIAN_POINT('',(-0.0151918822473099,-0.00591426586360967,-0.01800680523587));
#6202=CARTESIAN_POINT('',(-0.0162509566662436,-0.00274727457655843,-0.0176284073347686));
#6203=CARTESIAN_POINT('',(-0.0195816313565742,-0.0025,-0.0175277969044856));
#6204=CARTESIAN_POINT('',(-0.0152407401236659,-0.00578048133806389,-0.0198854359672886));
#6205=CARTESIAN_POINT('',(-0.0160580383542622,-0.00302517325989876,-0.0188704032210089));
#6206=CARTESIAN_POINT('',(-0.0189633344727032,-0.00243825329604303,-0.0184324323446825));
#6207=CARTESIAN_POINT('',(-0.0154211429754322,-0.00508927902577246,-0.0224216314823176));
#6208=CARTESIAN_POINT('',(-0.0157148911954075,-0.00287758141020594,-0.0205350477483289));
#6209=CARTESIAN_POINT('',(-0.018295737718569,-0.00211923684416357,-0.0195696872545259));
#6210=CARTESIAN_POINT('',(-0.0154895974201655,-0.00395962692848577,-0.0242614696373046));
#6211=CARTESIAN_POINT('',(-0.015312049651634,-0.0025155261627941,-0.0217196248774163));
#6212=CARTESIAN_POINT('',(-0.0177202978158836,-0.00159785895310715,-0.0204405140626191));
#6213=CARTESIAN_POINT('',(-0.0153119017756534,-0.0030717184084431,-0.0249486521898662));
#6214=CARTESIAN_POINT('',(-0.015073428791031,-0.00223968613546455,-0.0223163997468422));
#6215=CARTESIAN_POINT('',(-0.0172085504717652,-0.00118805502081758,-0.0209150047529457));
#6216=CARTESIAN_POINT('',(-0.0151536749161191,-0.00263281881375248,-0.0251707444447694));
#6217=CARTESIAN_POINT('',(-0.0149452897257909,-0.00205478689272613,-0.0225892036894587));
#6218=CARTESIAN_POINT('',(-0.0168959667788094,-0.000985485977086029,-0.0211423614218836));
#6219=CARTESIAN_POINT('',(-0.0199337644947604,-0.0075,-0.0170475719263187));
#6220=CARTESIAN_POINT('',(-0.0199337644947604,-0.0075,0.025));
#6221=CARTESIAN_POINT('',(-0.00698250869542536,0.0146875,0.00380305334743824));
#6222=CARTESIAN_POINT('',(-0.00819996227101993,0.013925,0.00380305334743824));
#6223=CARTESIAN_POINT('',(-0.00963648566405187,0.013925,0.00380305334743824));
#6224=CARTESIAN_POINT('',(-0.00698250870681565,0.0146874999928662,0.0048487608255642));
#6225=CARTESIAN_POINT('',(-0.0081999622837571,0.0139249999999993,0.00474917965841989));
#6226=CARTESIAN_POINT('',(-0.00963648567310845,0.013925,0.0046316797561845));
#6227=CARTESIAN_POINT('',(-0.00723284984737735,0.0146875000036223,0.00669231372049735));
#6228=CARTESIAN_POINT('',(-0.00843513660512404,0.0139249999999981,0.00650003278997546));
#6229=CARTESIAN_POINT('',(-0.00985376405055959,0.013925,0.00627315263596842));
#6230=CARTESIAN_POINT('',(-0.00734169038208009,0.0146874999998893,0.00804774018800933));
#6231=CARTESIAN_POINT('',(-0.00855914395788671,0.0139250000000045,0.0079891879044749));
#6232=CARTESIAN_POINT('',(-0.00999566735110549,0.013925,0.00792009966431435));
#6233=CARTESIAN_POINT('',(-0.00734169038190328,0.0146875,0.00874872607375998));
#6234=CARTESIAN_POINT('',(-0.00855914395749786,0.013925,0.00874872607375998));
#6235=CARTESIAN_POINT('',(-0.0099956673505298,0.013925,0.00874872607375998));
#6236=CARTESIAN_POINT('',(-0.00963648566405187,0.018925,0.00380305334743824));
#6237=CARTESIAN_POINT('',(-0.00963648566405187,0.018925,0.025));
#6238=CARTESIAN_POINT('',(-0.00963648566405187,0.018925,0.00119209728979959));
#6239=CARTESIAN_POINT('',(-0.00963648566405188,0.013925,0.00119209728979959));
#6240=CARTESIAN_POINT('',(-0.00819996227101993,0.013925,0.00119209728979959));
#6241=CARTESIAN_POINT('',(-0.00698250869542536,0.0146875,0.00119209728979959));
#6242=CARTESIAN_POINT('',(-0.00956092176476942,0.013925,0.000715255106770785));
#6243=CARTESIAN_POINT('',(-0.00816537408400616,0.0139466628312662,0.000509597219606215));
#6244=CARTESIAN_POINT('',(-0.00698250869593621,0.01468749999968,0.000263703044031008));
#6245=CARTESIAN_POINT('',(-0.00985253014482411,0.0137933815007847,-0.000173224656585342));
#6246=CARTESIAN_POINT('',(-0.00839135731825734,0.0137309044782727,-0.000820145405401364));
#6247=CARTESIAN_POINT('',(-0.00720459987449475,0.0145558815002522,-0.00153652286217233));
#6248=CARTESIAN_POINT('',(-0.0105975769846263,0.0134438752133976,-0.000860677940535763));
#6249=CARTESIAN_POINT('',(-0.00883800533737757,0.0131543715162328,-0.00178093298209006));
#6250=CARTESIAN_POINT('',(-0.00764322432388168,0.0142063752147827,-0.00301398447543832));
#6251=CARTESIAN_POINT('',(-0.010977939096807,0.0132230339059328,-0.00117372559363073));
#6252=CARTESIAN_POINT('',(-0.00902642050247795,0.0128231790361864,-0.00218234731983216));
#6253=CARTESIAN_POINT('',(-0.00786406563273159,0.0139855339059328,-0.00369346903597268));
#6254=CARTESIAN_POINT('',(-0.0113995995386643,0.0175210678118655,-0.00369346903597267));
#6255=CARTESIAN_POINT('',(-0.00938906563273158,0.0124605339059327,-0.00542705286192953));
#6256=CARTESIAN_POINT('',(-0.010321753815321,0.0115278457233433,-0.0032235813067395));
#6257=CARTESIAN_POINT('',(-0.0123410681320509,0.0124605339059327,-0.00194000667676138));
#6258=CARTESIAN_POINT('',(-0.00880192791668695,0.0130476716219774,-0.0049300040953906));
#6259=CARTESIAN_POINT('',(-0.00982765946828611,0.0120219400703775,-0.00296064127568609));
#6260=CARTESIAN_POINT('',(-0.0118023832531764,0.0127541027639549,-0.00173250064794829));
#6261=CARTESIAN_POINT('',(-0.00828833199798425,0.0135612675406801,-0.00434616043793258));
#6262=CARTESIAN_POINT('',(-0.00938686298822904,0.0124627365504351,-0.00260706881339889));
#6263=CARTESIAN_POINT('',(-0.0113433029192913,0.0130109007233081,-0.00147442927954355));
#6264=CARTESIAN_POINT('',(-0.0078640656327316,0.0139855339059327,-0.0036934690359727));
#6265=CARTESIAN_POINT('',(-0.00902642050247796,0.0128231790361864,-0.00218234731983217));
#6266=CARTESIAN_POINT('',(-0.010977939096807,0.0132230339059327,-0.00117372559363073));
#6267=CARTESIAN_POINT('',(-0.0129245995386643,0.0159960678118655,-0.00542705286192953));
#6268=CARTESIAN_POINT('',(-0.00457358537767013,0.0243470819728597,0.00164260247557695));
#6269=CARTESIAN_POINT('',(-0.0175210678118655,0.0113995995386643,-0.00931825048593729));
#6270=CARTESIAN_POINT('',(-0.0142753832816398,0.0075482277914221,-0.00986170137961579));
#6271=CARTESIAN_POINT('',(-0.0152464036626967,0.00639453966146471,-0.00760416274089318));
#6272=CARTESIAN_POINT('',(-0.0175172351566662,0.00723238995011261,-0.00637465519444764));
#6273=CARTESIAN_POINT('',(-0.0141833405406331,0.00765758555550184,-0.00967074993534332));
#6274=CARTESIAN_POINT('',(-0.0151469452451913,0.00657936503813082,-0.00743341098023452));
#6275=CARTESIAN_POINT('',(-0.0173331496746524,0.0074511054782716,-0.00618370375017495));
#6276=CARTESIAN_POINT('',(-0.0140866056298289,0.00776299390883545,-0.00948937754632433));
#6277=CARTESIAN_POINT('',(-0.0150373178994662,0.00675875353718908,-0.00726987339248529));
#6278=CARTESIAN_POINT('',(-0.0171396798530442,0.00766192218494019,-0.00600233136115592));
#6279=CARTESIAN_POINT('',(-0.0139855339059327,0.00786406563273159,-0.00931825048593729));
#6280=CARTESIAN_POINT('',(-0.0149182220885222,0.00693137745014214,-0.00711477893074727));
#6281=CARTESIAN_POINT('',(-0.016937536405252,0.00786406563273159,-0.00583120430076915));
#6282=CARTESIAN_POINT('',(-0.0181007665632796,0.0107679238560454,-0.00986170137961578));
#6283=CARTESIAN_POINT('',(-0.0175172351566662,0.00723238995011262,-0.00637465519444763));
#6284=CARTESIAN_POINT('',(-0.0152464036626967,0.0063945396614647,-0.00760416274089317));
#6285=CARTESIAN_POINT('',(-0.0142753832816398,0.0075482277914221,-0.00986170137961578));
#6286=CARTESIAN_POINT('',(-0.0178482289604436,0.00701438488625385,-0.00654030227348433));
#6287=CARTESIAN_POINT('',(-0.0153826922909296,0.00609700274732501,-0.0077765750536341));
#6288=CARTESIAN_POINT('',(-0.0144588707900707,0.00733022272726292,-0.0102423637142518));
#6289=CARTESIAN_POINT('',(-0.0184578090518367,0.00654004169035019,-0.00684010028460408));
#6290=CARTESIAN_POINT('',(-0.0155715077871002,0.00550094198015288,-0.00803219521993654));
#6291=CARTESIAN_POINT('',(-0.0147963647055563,0.00685587953179826,-0.0109330229577052));
#6292=CARTESIAN_POINT('',(-0.0191792842920559,0.00567977013856668,-0.00720123549146426));
#6293=CARTESIAN_POINT('',(-0.0156105551566705,0.0047339496169596,-0.0081793010145569));
#6294=CARTESIAN_POINT('',(-0.0151963226057818,0.00599560797984172,-0.011762900472639));
#6295=CARTESIAN_POINT('',(-0.0196011659758922,0.00473304585924278,-0.00743667769004118));
#6296=CARTESIAN_POINT('',(-0.0155009212035831,0.00424784714445682,-0.00817766865876182));
#6297=CARTESIAN_POINT('',(-0.0154321727472216,0.00504888370055145,-0.0122960468765002));
#6298=CARTESIAN_POINT('',(-0.0196477631439854,0.00403631825628427,-0.00750295672171987));
#6299=CARTESIAN_POINT('',(-0.0154463823956906,0.00406502509225068,-0.00818733154397477));
#6300=CARTESIAN_POINT('',(-0.0154615005863462,0.00435215609761861,-0.0124343847306206));
#6301=CARTESIAN_POINT('',(-0.0196047913209535,0.00369685604417987,-0.00751014773870301));
#6302=CARTESIAN_POINT('',(-0.0154371875387137,0.00396802712820787,-0.0082075654292406));
#6303=CARTESIAN_POINT('',(-0.0154400146751284,0.00401269388548935,-0.0124415757463892));
#6304=CARTESIAN_POINT('',(-0.0204300293502569,0.00369685604417988,-0.0124415757463892));
#6305=CARTESIAN_POINT('',(-0.0164462532869642,0.00391708699861477,-0.00942810157124766));
#6306=CARTESIAN_POINT('',(-0.0164462532869642,0.00391708699861478,-0.00942810157124766));
#6307=CARTESIAN_POINT('',(-0.015877227546437,0.00447096135918281,-0.0102208249412637));
#6308=CARTESIAN_POINT('',(-0.0154543336573379,0.00512944724030668,-0.011028583496969));
#6309=CARTESIAN_POINT('',(-0.0151918822473803,0.0059142658633992,-0.0117627459801642));
#6310=CARTESIAN_POINT('',(-0.0163287564664232,0.00312433346002769,-0.00946857244351563));
#6311=CARTESIAN_POINT('',(-0.0175044668503595,0.00285169131200007,-0.00786162151552977));
#6312=CARTESIAN_POINT('',(-0.0194512892575945,0.00247398016918426,-0.00753583517448488));
#6313=CARTESIAN_POINT('',(-0.0163803119022516,0.00338623129794306,-0.00945749996981806));
#6314=CARTESIAN_POINT('',(-0.0175671372135788,0.00317298909261019,-0.00785113409343733));
#6315=CARTESIAN_POINT('',(-0.0195275270170968,0.00287793357827014,-0.00752307734889925));
#6316=CARTESIAN_POINT('',(-0.0164150525922277,0.00365161699646196,-0.00945004207826462));
#6317=CARTESIAN_POINT('',(-0.0176093589464457,0.00349846731888962,-0.00784406859849849));
#6318=CARTESIAN_POINT('',(-0.0195788241060862,0.00328659240158057,-0.00751449316018949));
#6319=CARTESIAN_POINT('',(-0.016432634930532,0.00391814136942403,-0.00944626763903455));
#6320=CARTESIAN_POINT('',(-0.017630726906095,0.00382530136079071,-0.00784049282838021));
#6321=CARTESIAN_POINT('',(-0.0196047913209535,0.00369685604417989,-0.00751014773870302));
#6322=CARTESIAN_POINT('',(-0.0194603161435655,0.00252246580536599,-0.00753432459183461));
#6323=CARTESIAN_POINT('',(-0.0188071349964489,0.00258459446687621,-0.0076436296291959));
#6324=CARTESIAN_POINT('',(-0.0176077713955068,0.00296376712132685,-0.00811954299619642));
#6325=CARTESIAN_POINT('',(-0.0167775541310192,0.00359460766229049,-0.00896655844079951));
#6326=CARTESIAN_POINT('',(-0.0164462532869641,0.00391708699861479,-0.00942810157124765));
#6327=CARTESIAN_POINT('',(-0.0199337644947604,0.0075,0.025));
#6328=CARTESIAN_POINT('',(-0.0199337644947604,0.0075,-0.0170475719263187));
#6329=CARTESIAN_POINT('',(-0.0199337644947604,0.0025,-0.0170475719263187));
#6330=CARTESIAN_POINT('',(-0.0163336478266528,0.00250000000000001,-0.0170475719263187));
#6331=CARTESIAN_POINT('',(-0.0151918822473802,0.00591426586339943,-0.0170475719263187));
#6332=CARTESIAN_POINT('',(-0.0195816313565742,0.0025,-0.0175277969044856));
#6333=CARTESIAN_POINT('',(-0.0162509566662358,0.00274727457655697,-0.017628407334767));
#6334=CARTESIAN_POINT('',(-0.0151918822473097,0.00591426586361042,-0.01800680523587));
#6335=CARTESIAN_POINT('',(-0.0189633344727029,0.00243825329604306,-0.0184324323446827));
#6336=CARTESIAN_POINT('',(-0.0160580383542654,0.00302517325989929,-0.0188704032210092));
#6337=CARTESIAN_POINT('',(-0.0152407401236661,0.00578048133806359,-0.0198854359672886));
#6338=CARTESIAN_POINT('',(-0.0182957377185698,0.00211923684416346,-0.0195696872545253));
#6339=CARTESIAN_POINT('',(-0.015714891195408,0.0028775814102061,-0.0205350477483299));
#6340=CARTESIAN_POINT('',(-0.0154211429754321,0.00508927902577236,-0.0224216314823177));
#6341=CARTESIAN_POINT('',(-0.0177202978158805,0.00159785895310752,-0.0204405140626213));
#6342=CARTESIAN_POINT('',(-0.015312049651629,0.00251552616279291,-0.0217196248774122));
#6343=CARTESIAN_POINT('',(-0.0154895974201658,0.00395962692848645,-0.0242614696373046));
#6344=CARTESIAN_POINT('',(-0.0172085504717718,0.00118805502081678,-0.0209150047529408));
#6345=CARTESIAN_POINT('',(-0.0150734287910424,0.00223968613546718,-0.0223163997468511));
#6346=CARTESIAN_POINT('',(-0.0153119017756528,0.00307171840844156,-0.0249486521898662));
#6347=CARTESIAN_POINT('',(-0.0168959667788094,0.000985485977086028,-0.0211423614218836));
#6348=CARTESIAN_POINT('',(-0.0149452897257909,0.00205478689272613,-0.0225892036894587));
#6349=CARTESIAN_POINT('',(-0.0151536749161191,0.00263281881375248,-0.0251707444447694));
#6350=CARTESIAN_POINT('',(0.000875,-0.0147,0.018));
#6351=CARTESIAN_POINT('',(0.000875,-0.01545,0.018));
#6352=CARTESIAN_POINT('',(0.000875,-0.01545,0.018875));
#6353=CARTESIAN_POINT('',(0.000875,-0.01545,0.017125));
#6354=CARTESIAN_POINT('',(0.000875,-0.0147,0.017125));
#6355=CARTESIAN_POINT('',(0.000875,-0.0147,0.017125));
#6356=CARTESIAN_POINT('',(0.000875,-0.0147,0.018));
#6357=CARTESIAN_POINT('',(0.000875,-0.0147,0.018875));
#6358=CARTESIAN_POINT('',(0.000875,-0.0147,0.018875));
#6359=CARTESIAN_POINT('',(-0.0004375,-0.0147,0.017125));
#6360=CARTESIAN_POINT('',(-0.0004375,-0.01545,0.017125));
#6361=CARTESIAN_POINT('',(-0.000875,-0.01545,0.017125));
#6362=CARTESIAN_POINT('',(-0.000875,-0.0147,0.017125));
#6363=CARTESIAN_POINT('',(-0.000875,-0.0147,0.017125));
#6364=CARTESIAN_POINT('',(-0.0004375,-0.0147,0.017125));
#6365=CARTESIAN_POINT('',(-0.000875,-0.0147,0.018));
#6366=CARTESIAN_POINT('',(-0.000875,-0.01545,0.018));
#6367=CARTESIAN_POINT('',(-0.000875,-0.01545,0.018875));
#6368=CARTESIAN_POINT('',(-0.000875,-0.0147,0.018875));
#6369=CARTESIAN_POINT('',(-0.000875,-0.0147,0.018875));
#6370=CARTESIAN_POINT('',(-0.000875,-0.0147,0.018));
#6371=CARTESIAN_POINT('',(-0.000875,-0.0147,0.01625));
#6372=CARTESIAN_POINT('',(0.00175,-0.0147,0.01625));
#6373=CARTESIAN_POINT('',(0.00175,-0.0147,0.01625));
#6374=CARTESIAN_POINT('',(-0.000875,-0.0147,0.01625));
#6375=CARTESIAN_POINT('',(-0.00175,-0.0147,0.01625));
#6376=CARTESIAN_POINT('',(-0.00175,-0.0147,0.01625));
#6377=CARTESIAN_POINT('',(0.00175,-0.0147,0.018));
#6378=CARTESIAN_POINT('',(0.00175,-0.0147,0.01975));
#6379=CARTESIAN_POINT('',(0.00175,-0.0147,0.01975));
#6380=CARTESIAN_POINT('',(0.00175,-0.0147,0.018));
#6381=CARTESIAN_POINT('',(-0.000875,-0.0147,0.01975));
#6382=CARTESIAN_POINT('',(-0.00175,-0.0147,0.01975));
#6383=CARTESIAN_POINT('',(-0.00175,-0.0147,0.01975));
#6384=CARTESIAN_POINT('',(-0.000875,-0.0147,0.01975));
#6385=CARTESIAN_POINT('',(-0.00175,-0.0147,0.018));
#6386=CARTESIAN_POINT('',(-0.00175,-0.0147,0.018));
#6387=CARTESIAN_POINT('',(-0.0004375,-0.0147,0.018875));
#6388=CARTESIAN_POINT('',(-0.0004375,-0.01545,0.018875));
#6389=CARTESIAN_POINT('',(-0.0004375,-0.0147,0.018875));
#6390=CARTESIAN_POINT('',(0.0020427896591155,-0.0147,0.));
#6391=CARTESIAN_POINT('',(8.67361737988404E-19,-0.01545,0.025));
#6392=MECHANICAL_DESIGN_GEOMETRIC_PRESENTATION_REPRESENTATION('',(#2977,
#2668,#2669,#2670,#2671,#2672,#2673,#2674,#2675,#2676,#2677,#2678,#2679,
#2680,#2681,#2682,#2683,#2684,#2685,#2686,#2687,#2688,#2689,#2690,#2691,
#2692,#2693,#2694,#2695,#2696,#2697,#2698,#2699,#2700,#2701,#2702,#2703,
#2704,#2705,#2706,#2707,#2708,#2709,#2710,#2711,#2712,#2713,#2714,#2715,
#2716,#2717,#2718,#2719,#2720,#2721,#2722,#2723,#2724,#2725,#2726,#2727,
#2728,#2729,#2730,#2731,#2732,#2733,#2734,#2735,#2736,#2737,#2738,#2739,
#2740,#2741,#2742,#2743,#2744,#2745,#2746,#2747,#2748,#2749,#2750,#2751,
#2752,#2753,#2754,#2755,#2756,#2757,#2758,#2759,#2760,#2761,#2762,#2763,
#2764,#2765,#2766,#2767,#2768,#2769,#2770,#2771,#2772,#2773,#2774,#2775,
#2776,#2777,#2778,#2779,#2780,#2781,#2782,#2783,#2784,#2785,#2786,#2787,
#2788,#2789,#2790,#2791,#2792,#2793,#2794,#2795,#2796,#2797,#2798,#2799,
#2800,#2801,#2802,#2803,#2804,#2805,#2806,#2807,#2808,#2809,#2810,#2811,
#2812,#2813,#2814,#2815,#2816,#2817,#2818,#2819,#2820,#2821),#6393);
#6393=(
GEOMETRIC_REPRESENTATION_CONTEXT(3)
GLOBAL_UNCERTAINTY_ASSIGNED_CONTEXT((#6394))
GLOBAL_UNIT_ASSIGNED_CONTEXT((#6397,#6396,#6395))
REPRESENTATION_CONTEXT('7/8" Angled Middle Support [Square]',
'TOP_LEVEL_ASSEMBLY_PART')
);
#6394=UNCERTAINTY_MEASURE_WITH_UNIT(LENGTH_MEASURE(5.E-6),#6397,
'DISTANCE_ACCURACY_VALUE','Maximum Tolerance applied to model');
#6395=(
NAMED_UNIT(*)
SI_UNIT($,.STERADIAN.)
SOLID_ANGLE_UNIT()
);
#6396=(
NAMED_UNIT(*)
PLANE_ANGLE_UNIT()
SI_UNIT($,.RADIAN.)
);
#6397=(
LENGTH_UNIT()
NAMED_UNIT(*)
SI_UNIT($,.METRE.)
);
#6398=PRODUCT_DEFINITION_SHAPE('','',#6399);
#6399=PRODUCT_DEFINITION('','',#6401,#6400);
#6400=PRODUCT_DEFINITION_CONTEXT('',#6407,'design');
#6401=PRODUCT_DEFINITION_FORMATION_WITH_SPECIFIED_SOURCE('','',#6403,
 .NOT_KNOWN.);
#6402=PRODUCT_RELATED_PRODUCT_CATEGORY('','',(#6403));
#6403=PRODUCT('7/8" Angled Middle Support [Square]',
'7/8" Angled Middle Support [Square]',
'7/8" Angled Middle Support [Square]',(#6405));
#6404=PRODUCT_CATEGORY('','');
#6405=PRODUCT_CONTEXT('',#6407,'mechanical');
#6406=APPLICATION_PROTOCOL_DEFINITION('international standard',
'ap242_managed_model_based_3d_engineering',2011,#6407);
#6407=APPLICATION_CONTEXT('managed model based 3d engineering');
ENDSEC;
END-ISO-10303-21;
