ISO-10303-21;
HEADER;
/* Generated by software containing ST-Developer
 * from STEP Tools, Inc. (www.steptools.com) 
 */
/* OPTION: using custom renumber hook */

FILE_DESCRIPTION(
/* description */ ('STEP AP242',
'CAx-IF Rec.Pracs.---Representation and Presentation of Product Manufa
cturing Information (PMI)---4.0---2014-10-13',
'CAx-IF Rec.Pracs.---3D Tessellated Geometry---0.4---2014-09-14','2;1'),

/* implementation_level */ '2;1');

FILE_NAME(
/* name */ '642469e71269fe207307e6a4',
/* time_stamp */ '2023-03-29T16:40:07+00:00',
/* author */ (''),
/* organization */ (''),
/* preprocessor_version */ 'ST-DEVELOPER v18.102',
/* originating_system */ '  ',
/* authorisation */ '  ');

FILE_SCHEMA (('AP242_MANAGED_MODEL_BASED_3D_ENGINEERING_MIM_LF { 1 0 10303 442 1 1 4 }'));
ENDSEC;

DATA;
#10=SHAPE_REPRESENTATION_RELATIONSHIP('','',#3734,#11);
#11=ADVANCED_BREP_SHAPE_REPRESENTATION('',(#3732),#6144);
#12=TOROIDAL_SURFACE('',#3969,0.0065,0.0015);
#13=TOROIDAL_SURFACE('',#3972,0.0065,0.0015);
#14=(
BOUNDED_SURFACE()
B_SPLINE_SURFACE(3,2,((#5706,#5707,#5708),(#5709,#5710,#5711),(#5712,#5713,
#5714),(#5715,#5716,#5717),(#5718,#5719,#5720)),.UNSPECIFIED.,.F.,.F.,.F.)
B_SPLINE_SURFACE_WITH_KNOTS((4,1,4),(3,3),(0.171933713098966,0.564632794797691,
0.957331876496415),(0.,1.),.UNSPECIFIED.)
GEOMETRIC_REPRESENTATION_ITEM()
RATIONAL_B_SPLINE_SURFACE(((1.,0.923879532511287,1.),(1.,0.919530240908012,
1.),(1.,0.900886738567572,1.),(1.,0.863433509886134,1.),(1.,0.840587863095386,
1.)))
REPRESENTATION_ITEM('')
SURFACE()
);
#15=(
BOUNDED_SURFACE()
B_SPLINE_SURFACE(3,2,((#5730,#5731,#5732),(#5733,#5734,#5735),(#5736,#5737,
#5738),(#5739,#5740,#5741),(#5742,#5743,#5744)),.UNSPECIFIED.,.F.,.F.,.F.)
B_SPLINE_SURFACE_WITH_KNOTS((4,1,4),(3,3),(5.32585343068317,5.7185525123819,
6.11125159408062),(0.,1.),.UNSPECIFIED.)
GEOMETRIC_REPRESENTATION_ITEM()
RATIONAL_B_SPLINE_SURFACE(((1.,0.840587863095386,1.),(1.,0.863433509886034,
1.),(1.,0.90088673856763,1.),(1.,0.919530240907995,1.),(1.,0.923879532511287,
1.)))
REPRESENTATION_ITEM('')
SURFACE()
);
#16=(
BOUNDED_SURFACE()
B_SPLINE_SURFACE(3,2,((#5775,#5776,#5777),(#5778,#5779,#5780),(#5781,#5782,
#5783),(#5784,#5785,#5786),(#5787,#5788,#5789),(#5790,#5791,#5792),(#5793,
#5794,#5795),(#5796,#5797,#5798),(#5799,#5800,#5801),(#5802,#5803,#5804)),
 .UNSPECIFIED.,.F.,.F.,.F.)
B_SPLINE_SURFACE_WITH_KNOTS((4,1,1,1,1,1,1,4),(3,3),(0.,0.00260394012147267,
0.00390591018220901,0.00520788024294535,0.00650985030368169,0.00781182036441802,
0.00911379042515436,0.0104157604858907),(0.,1.),.UNSPECIFIED.)
GEOMETRIC_REPRESENTATION_ITEM()
RATIONAL_B_SPLINE_SURFACE(((1.,0.923879532511287,1.),(1.,0.931871395615574,
1.),(1.,0.943579300795913,1.),(1.,0.956513442437339,1.),(1.,0.962464061049175,
1.),(1.,0.959449807289791,1.),(1.,0.948789632114367,1.),(1.,0.936354502929382,
1.),(1.,0.928016536146029,1.),(1.,0.923879532511287,1.)))
REPRESENTATION_ITEM('')
SURFACE()
);
#17=(
BOUNDED_SURFACE()
B_SPLINE_SURFACE(3,2,((#5820,#5821,#5822),(#5823,#5824,#5825),(#5826,#5827,
#5828),(#5829,#5830,#5831),(#5832,#5833,#5834),(#5835,#5836,#5837),(#5838,
#5839,#5840),(#5841,#5842,#5843),(#5844,#5845,#5846),(#5847,#5848,#5849)),
 .UNSPECIFIED.,.F.,.F.,.F.)
B_SPLINE_SURFACE_WITH_KNOTS((4,1,1,1,1,1,1,4),(3,3),(0.,0.00260394012147268,
0.00390591018220903,0.00520788024294537,0.00650985030368171,0.00781182036441805,
0.0091137904251544,0.0104157604858907),(0.,1.),.UNSPECIFIED.)
GEOMETRIC_REPRESENTATION_ITEM()
RATIONAL_B_SPLINE_SURFACE(((1.,0.923879532511287,1.),(1.,0.931871395615236,
1.),(1.,0.943579300795989,1.),(1.,0.956513442437324,1.),(1.,0.962464061049181,
1.),(1.,0.959449807289781,1.),(1.,0.948789632114405,1.),(1.,0.936354502929238,
1.),(1.,0.928016536146342,1.),(1.,0.923879532511287,1.)))
REPRESENTATION_ITEM('')
SURFACE()
);
#18=(
BOUNDED_SURFACE()
B_SPLINE_SURFACE(3,2,((#5878,#5879,#5880),(#5881,#5882,#5883),(#5884,#5885,
#5886),(#5887,#5888,#5889),(#5890,#5891,#5892)),.UNSPECIFIED.,.F.,.F.,.F.)
B_SPLINE_SURFACE_WITH_KNOTS((4,1,4),(3,3),(0.,0.00247693598986651,0.00495387197973302),
(0.,1.),.UNSPECIFIED.)
GEOMETRIC_REPRESENTATION_ITEM()
RATIONAL_B_SPLINE_SURFACE(((1.,0.961119139337054,1.),(1.,0.961119139337055,
1.),(1.,0.961119139337054,1.),(1.,0.961119139337054,1.),(1.,0.961119139337054,
1.)))
REPRESENTATION_ITEM('')
SURFACE()
);
#19=(
BOUNDED_SURFACE()
B_SPLINE_SURFACE(3,2,((#5896,#5897,#5898),(#5899,#5900,#5901),(#5902,#5903,
#5904),(#5905,#5906,#5907),(#5908,#5909,#5910)),.UNSPECIFIED.,.F.,.F.,.F.)
B_SPLINE_SURFACE_WITH_KNOTS((4,1,4),(3,3),(0.,0.00274175857576244,0.00548351715152488),
(0.,1.),.UNSPECIFIED.)
GEOMETRIC_REPRESENTATION_ITEM()
RATIONAL_B_SPLINE_SURFACE(((1.,0.913940087493397,1.),(1.,0.929298708240535,
1.),(1.,0.955106694796609,1.),(1.,0.963304809250636,1.),(1.,0.961119139337054,
1.)))
REPRESENTATION_ITEM('')
SURFACE()
);
#20=(
BOUNDED_SURFACE()
B_SPLINE_SURFACE(3,2,((#5912,#5913,#5914),(#5915,#5916,#5917),(#5918,#5919,
#5920),(#5921,#5922,#5923)),.UNSPECIFIED.,.F.,.F.,.F.)
B_SPLINE_SURFACE_WITH_KNOTS((4,4),(3,3),(0.364363014607183,0.613464450298486),
(0.,1.),.PIECEWISE_BEZIER_KNOTS.)
GEOMETRIC_REPRESENTATION_ITEM()
RATIONAL_B_SPLINE_SURFACE(((1.,0.913940087493397,1.),(1.,0.908131170750668,
1.),(1.,0.900365785257227,1.),(1.,0.890736798620519,1.)))
REPRESENTATION_ITEM('')
SURFACE()
);
#21=(
BOUNDED_SURFACE()
B_SPLINE_SURFACE(3,2,((#5927,#5928,#5929),(#5930,#5931,#5932),(#5933,#5934,
#5935),(#5936,#5937,#5938)),.UNSPECIFIED.,.F.,.F.,.F.)
B_SPLINE_SURFACE_WITH_KNOTS((4,4),(3,3),(3.75505710388827,3.84081930530137),
(0.,1.),.PIECEWISE_BEZIER_KNOTS.)
GEOMETRIC_REPRESENTATION_ITEM()
RATIONAL_B_SPLINE_SURFACE(((1.,0.89073679862052,1.),(1.,0.887421670833199,
1.),(1.,0.883886073863336,1.),(1.,0.880135179000755,1.)))
REPRESENTATION_ITEM('')
SURFACE()
);
#22=(
BOUNDED_SURFACE()
B_SPLINE_SURFACE(3,2,((#5940,#5941,#5942),(#5943,#5944,#5945),(#5946,#5947,
#5948),(#5949,#5950,#5951)),.UNSPECIFIED.,.F.,.F.,.F.)
B_SPLINE_SURFACE_WITH_KNOTS((4,4),(3,3),(3.20480230538372,3.32733174277351),
(0.,0.537919735642233),.PIECEWISE_BEZIER_KNOTS.)
GEOMETRIC_REPRESENTATION_ITEM()
RATIONAL_B_SPLINE_SURFACE(((1.,0.874089805412138,0.883638767999006),(1.,
0.874011145896833,0.883566073979753),(1.,0.873856252056397,0.883422927206281),
(1.,0.873626028606814,0.883210163781392)))
REPRESENTATION_ITEM('')
SURFACE()
);
#23=(
BOUNDED_SURFACE()
B_SPLINE_SURFACE(3,2,((#5959,#5960,#5961),(#5962,#5963,#5964),(#5965,#5966,
#5967),(#5968,#5969,#5970),(#5971,#5972,#5973),(#5974,#5975,#5976)),
 .UNSPECIFIED.,.F.,.F.,.F.)
B_SPLINE_SURFACE_WITH_KNOTS((4,1,1,4),(3,3),(-0.000626096496819044,0.00139865313252553,
0.00342340276187011,0.00747290202055925),(0.,1.),.UNSPECIFIED.)
GEOMETRIC_REPRESENTATION_ITEM()
RATIONAL_B_SPLINE_SURFACE(((1.,0.765931260288238,1.),(1.,0.764778230445959,
1.),(1.,0.770113011197419,1.),(1.,0.807676724617875,1.),(1.,0.852502959524137,
1.),(1.,0.880135179000755,1.)))
REPRESENTATION_ITEM('')
SURFACE()
);
#24=(
BOUNDED_SURFACE()
B_SPLINE_SURFACE(3,2,((#5981,#5982,#5983),(#5984,#5985,#5986),(#5987,#5988,
#5989),(#5990,#5991,#5992),(#5993,#5994,#5995),(#5996,#5997,#5998),(#5999,
#6000,#6001)),.UNSPECIFIED.,.F.,.F.,.F.)
B_SPLINE_SURFACE_WITH_KNOTS((4,1,1,1,4),(3,3),(0.0284603051136715,0.031319867540291,
0.0341794299669106,0.0370389923935301,0.0398985548201496),(0.,1.),
 .UNSPECIFIED.)
GEOMETRIC_REPRESENTATION_ITEM()
RATIONAL_B_SPLINE_SURFACE(((1.,0.81152536230241,1.),(1.,0.832232915474755,
1.),(1.,0.860119116379225,1.),(1.,0.870232071392885,1.),(1.,0.868741966068882,
1.),(1.,0.877016670094586,1.),(1.,0.884665673484801,1.)))
REPRESENTATION_ITEM('')
SURFACE()
);
#25=(
BOUNDED_SURFACE()
B_SPLINE_SURFACE(3,2,((#6004,#6005,#6006),(#6007,#6008,#6009),(#6010,#6011,
#6012),(#6013,#6014,#6015),(#6016,#6017,#6018)),.UNSPECIFIED.,.F.,.F.,.F.)
B_SPLINE_SURFACE_WITH_KNOTS((4,1,4),(3,3),(0.,0.00247693598986653,0.00495387197973305),
(0.,1.),.UNSPECIFIED.)
GEOMETRIC_REPRESENTATION_ITEM()
RATIONAL_B_SPLINE_SURFACE(((1.,0.961119139337054,1.),(1.,0.961119139337054,
1.),(1.,0.961119139337055,1.),(1.,0.961119139337054,1.),(1.,0.961119139337054,
1.)))
REPRESENTATION_ITEM('')
SURFACE()
);
#26=(
BOUNDED_SURFACE()
B_SPLINE_SURFACE(3,2,((#6022,#6023,#6024),(#6025,#6026,#6027),(#6028,#6029,
#6030),(#6031,#6032,#6033),(#6034,#6035,#6036)),.UNSPECIFIED.,.F.,.F.,.F.)
B_SPLINE_SURFACE_WITH_KNOTS((4,1,4),(3,3),(0.,0.00273776021271252,0.00547552042542505),
(0.,1.),.UNSPECIFIED.)
GEOMETRIC_REPRESENTATION_ITEM()
RATIONAL_B_SPLINE_SURFACE(((1.,0.961119139337054,1.),(1.,0.963308349694009,
1.),(1.,0.955119633354708,1.),(1.,0.929317821849111,1.),(1.,0.913940087493397,
1.)))
REPRESENTATION_ITEM('')
SURFACE()
);
#27=(
BOUNDED_SURFACE()
B_SPLINE_SURFACE(3,2,((#6038,#6039,#6040),(#6041,#6042,#6043),(#6044,#6045,
#6046),(#6047,#6048,#6049)),.UNSPECIFIED.,.F.,.F.,.F.)
B_SPLINE_SURFACE_WITH_KNOTS((4,4),(3,3),(5.6697208568811,5.9188222925724),
(0.,1.),.PIECEWISE_BEZIER_KNOTS.)
GEOMETRIC_REPRESENTATION_ITEM()
RATIONAL_B_SPLINE_SURFACE(((1.,0.890736798620519,1.),(1.,0.90036578525716,
1.),(1.,0.908131170750467,1.),(1.,0.913940087493396,1.)))
REPRESENTATION_ITEM('')
SURFACE()
);
#28=(
BOUNDED_SURFACE()
B_SPLINE_SURFACE(3,2,((#6053,#6054,#6055),(#6056,#6057,#6058),(#6059,#6060,
#6061),(#6062,#6063,#6064)),.UNSPECIFIED.,.F.,.F.,.F.)
B_SPLINE_SURFACE_WITH_KNOTS((4,4),(3,3),(2.44236600187821,2.52812820329131),
(0.,1.),.PIECEWISE_BEZIER_KNOTS.)
GEOMETRIC_REPRESENTATION_ITEM()
RATIONAL_B_SPLINE_SURFACE(((1.,0.880135179000756,1.),(1.,0.88388607386326,
1.),(1.,0.887421670833328,1.),(1.,0.89073679862052,1.)))
REPRESENTATION_ITEM('')
SURFACE()
);
#29=(
BOUNDED_SURFACE()
B_SPLINE_SURFACE(3,2,((#6066,#6067,#6068),(#6069,#6070,#6071),(#6072,#6073,
#6074),(#6075,#6076,#6077),(#6078,#6079,#6080),(#6081,#6082,#6083),(#6084,
#6085,#6086)),.UNSPECIFIED.,.F.,.F.,.F.)
B_SPLINE_SURFACE_WITH_KNOTS((4,1,1,1,4),(3,3),(0.,0.00203074944852568,0.00406149889705136,
0.00609224834557704,0.00812299779410272),(0.,1.),.UNSPECIFIED.)
GEOMETRIC_REPRESENTATION_ITEM()
RATIONAL_B_SPLINE_SURFACE(((1.,0.880135179000755,1.),(1.,0.866310022671726,
1.),(1.,0.83810328454709,1.),(1.,0.798181873971409,1.),(1.,0.77039067058589,
1.),(1.,0.764776010110603,1.),(1.,0.765931260288238,1.)))
REPRESENTATION_ITEM('')
SURFACE()
);
#30=(
BOUNDED_SURFACE()
B_SPLINE_SURFACE(3,2,((#6093,#6094,#6095),(#6096,#6097,#6098),(#6099,#6100,
#6101),(#6102,#6103,#6104)),.UNSPECIFIED.,.F.,.F.,.F.)
B_SPLINE_SURFACE_WITH_KNOTS((4,4),(3,3),(2.95585356440608,3.07838300179586),
(0.,0.537919735642234),.PIECEWISE_BEZIER_KNOTS.)
GEOMETRIC_REPRESENTATION_ITEM()
RATIONAL_B_SPLINE_SURFACE(((1.,0.873626028606814,0.883210163781392),(1.,
0.873856252056433,0.883422927206315),(1.,0.874011145896784,0.883566073979708),
(1.,0.874089805412138,0.883638767999006)))
REPRESENTATION_ITEM('')
SURFACE()
);
#31=(
BOUNDED_SURFACE()
B_SPLINE_SURFACE(3,2,((#6112,#6113,#6114),(#6115,#6116,#6117),(#6118,#6119,
#6120),(#6121,#6122,#6123),(#6124,#6125,#6126),(#6127,#6128,#6129),(#6130,
#6131,#6132)),.UNSPECIFIED.,.F.,.F.,.F.)
B_SPLINE_SURFACE_WITH_KNOTS((4,1,1,1,4),(3,3),(0.0284603051136716,0.0313198675402911,
0.0341794299669107,0.0370389923935302,0.0398985548201497),(0.,1.),
 .UNSPECIFIED.)
GEOMETRIC_REPRESENTATION_ITEM()
RATIONAL_B_SPLINE_SURFACE(((1.,0.81152536230241,1.),(1.,0.832232915474755,
1.),(1.,0.860119116379229,1.),(1.,0.870232071392871,1.),(1.,0.868741966068932,
1.),(1.,0.877016670094479,1.),(1.,0.884665673484801,1.)))
REPRESENTATION_ITEM('')
SURFACE()
);
#32=CYLINDRICAL_SURFACE('',#3784,0.002);
#33=CYLINDRICAL_SURFACE('',#3791,0.002);
#34=CYLINDRICAL_SURFACE('',#3824,0.009925);
#35=CYLINDRICAL_SURFACE('',#3827,0.01145);
#36=CYLINDRICAL_SURFACE('',#3829,0.003);
#37=CYLINDRICAL_SURFACE('',#3832,0.002);
#38=CYLINDRICAL_SURFACE('',#3834,0.003);
#39=CYLINDRICAL_SURFACE('',#3839,0.002);
#40=CYLINDRICAL_SURFACE('',#3921,0.005);
#41=CYLINDRICAL_SURFACE('',#3924,0.005);
#42=CYLINDRICAL_SURFACE('',#3925,0.005);
#43=CYLINDRICAL_SURFACE('',#3927,0.005);
#44=CYLINDRICAL_SURFACE('',#3928,0.005);
#45=CYLINDRICAL_SURFACE('',#3930,0.005);
#46=CYLINDRICAL_SURFACE('',#3931,0.005);
#47=CYLINDRICAL_SURFACE('',#3932,0.005);
#48=CYLINDRICAL_SURFACE('',#3933,0.005);
#49=CYLINDRICAL_SURFACE('',#3934,0.005);
#50=CYLINDRICAL_SURFACE('',#3935,0.005);
#51=CYLINDRICAL_SURFACE('',#3936,0.005);
#52=CYLINDRICAL_SURFACE('',#3937,0.005);
#53=CYLINDRICAL_SURFACE('',#3938,0.005);
#54=CYLINDRICAL_SURFACE('',#3939,0.005);
#55=CYLINDRICAL_SURFACE('',#3940,0.005);
#56=CYLINDRICAL_SURFACE('',#3942,0.005);
#57=CYLINDRICAL_SURFACE('',#3944,0.005);
#58=CYLINDRICAL_SURFACE('',#3947,0.005);
#59=CYLINDRICAL_SURFACE('',#3951,0.005);
#60=CYLINDRICAL_SURFACE('',#3952,0.005);
#61=CYLINDRICAL_SURFACE('',#3953,0.005);
#62=CYLINDRICAL_SURFACE('',#3954,0.005);
#63=CYLINDRICAL_SURFACE('',#3956,0.005);
#64=CYLINDRICAL_SURFACE('',#3957,0.005);
#65=CYLINDRICAL_SURFACE('',#3960,0.005);
#66=CYLINDRICAL_SURFACE('',#3961,0.005);
#67=CYLINDRICAL_SURFACE('',#3964,0.005);
#68=CYLINDRICAL_SURFACE('',#3965,0.005);
#69=CYLINDRICAL_SURFACE('',#3966,0.005);
#70=CYLINDRICAL_SURFACE('',#3967,0.0015);
#71=CYLINDRICAL_SURFACE('',#3970,0.0015);
#72=CYLINDRICAL_SURFACE('',#3974,0.005);
#73=CYLINDRICAL_SURFACE('',#3978,0.005);
#74=CYLINDRICAL_SURFACE('',#3983,0.005);
#75=CYLINDRICAL_SURFACE('',#3985,0.005);
#76=CYLINDRICAL_SURFACE('',#3989,0.005);
#77=CYLINDRICAL_SURFACE('',#3993,0.005);
#78=CYLINDRICAL_SURFACE('',#3995,0.001875);
#79=CYLINDRICAL_SURFACE('',#3997,0.0009);
#80=CIRCLE('',#3749,0.005);
#81=CIRCLE('',#3750,0.007);
#82=CIRCLE('',#3752,0.005);
#83=CIRCLE('',#3753,0.007);
#84=CIRCLE('',#3755,0.007);
#85=CIRCLE('',#3756,0.005);
#86=CIRCLE('',#3758,0.007);
#87=CIRCLE('',#3759,0.005);
#88=CIRCLE('',#3761,0.002);
#89=CIRCLE('',#3762,0.004);
#90=CIRCLE('',#3763,0.004);
#91=CIRCLE('',#3766,0.003);
#92=CIRCLE('',#3768,0.002);
#93=CIRCLE('',#3769,0.004);
#94=CIRCLE('',#3770,0.004);
#95=CIRCLE('',#3774,0.005);
#96=CIRCLE('',#3775,0.007);
#97=CIRCLE('',#3777,0.005);
#98=CIRCLE('',#3778,0.007);
#99=CIRCLE('',#3785,0.002);
#100=CIRCLE('',#3787,0.004);
#101=CIRCLE('',#3788,0.005);
#102=CIRCLE('',#3790,0.01145);
#103=CIRCLE('',#3797,0.001875);
#104=CIRCLE('',#3799,0.007);
#105=CIRCLE('',#3801,0.003);
#106=CIRCLE('',#3803,0.007);
#107=CIRCLE('',#3815,0.01145);
#108=CIRCLE('',#3823,0.009925);
#109=CIRCLE('',#3825,0.009925);
#110=CIRCLE('',#3837,0.004);
#111=CIRCLE('',#3838,0.005);
#112=CIRCLE('',#3840,0.002);
#113=CIRCLE('',#3922,0.005);
#114=CIRCLE('',#3923,0.005);
#115=CIRCLE('',#3945,0.005);
#116=CIRCLE('',#3946,0.005);
#117=CIRCLE('',#3949,0.005);
#118=CIRCLE('',#3950,0.005);
#119=CIRCLE('',#3958,0.005);
#120=CIRCLE('',#3959,0.005);
#121=CIRCLE('',#3962,0.005);
#122=CIRCLE('',#3963,0.005);
#123=CIRCLE('',#3968,0.0015);
#124=CIRCLE('',#3971,0.0015);
#125=CIRCLE('',#3973,0.005);
#126=CIRCLE('',#3975,0.005);
#127=CIRCLE('',#3976,0.005);
#128=CIRCLE('',#3977,0.005);
#129=CIRCLE('',#3979,0.005);
#130=CIRCLE('',#3980,0.005);
#131=CIRCLE('',#3981,0.005);
#132=CIRCLE('',#3982,0.005);
#133=CIRCLE('',#3984,0.005);
#134=CIRCLE('',#3986,0.005);
#135=CIRCLE('',#3987,0.005);
#136=CIRCLE('',#3988,0.005);
#137=CIRCLE('',#3990,0.005);
#138=CIRCLE('',#3991,0.005);
#139=CIRCLE('',#3992,0.005);
#140=CIRCLE('',#3994,0.005);
#141=CIRCLE('',#3996,0.001875);
#142=CIRCLE('',#3998,0.0009);
#143=CIRCLE('',#3999,0.0009);
#144=CONICAL_SURFACE('',#3748,0.005,0.785398163397448);
#145=CONICAL_SURFACE('',#3751,0.005,0.785398163397448);
#146=CONICAL_SURFACE('',#3754,0.005,0.785398163397448);
#147=CONICAL_SURFACE('',#3757,0.005,0.785398163397448);
#148=CONICAL_SURFACE('',#3760,0.002,0.785398163397448);
#149=CONICAL_SURFACE('',#3767,0.002,0.785398163397448);
#150=CONICAL_SURFACE('',#3773,0.005,0.785398163397448);
#151=CONICAL_SURFACE('',#3776,0.005,0.785398163397448);
#152=CONICAL_SURFACE('',#3841,0.005,0.785398163397448);
#153=CONICAL_SURFACE('',#3842,0.005,0.785398163397448);
#154=CONICAL_SURFACE('',#3843,0.002,0.785398163397448);
#155=CONICAL_SURFACE('',#3844,0.002,0.785398163397448);
#156=B_SPLINE_CURVE_WITH_KNOTS('',3,(#4759,#4760,#4761,#4762),
 .UNSPECIFIED.,.F.,.F.,(4,4),(0.0173111701752802,0.0222638616798902),
 .UNSPECIFIED.);
#157=B_SPLINE_CURVE_WITH_KNOTS('',3,(#4766,#4767,#4768,#4769),
 .UNSPECIFIED.,.F.,.F.,(4,4),(8.17904540120349E-5,0.00277947679042508),
 .UNSPECIFIED.);
#158=B_SPLINE_CURVE_WITH_KNOTS('',3,(#4773,#4774,#4775,#4776),
 .UNSPECIFIED.,.F.,.F.,(4,4),(-0.00210598327221344,0.00290047743100992),
 .UNSPECIFIED.);
#159=B_SPLINE_CURVE_WITH_KNOTS('',3,(#4788,#4789,#4790,#4791),
 .UNSPECIFIED.,.F.,.F.,(4,4),(0.,0.00278362199252192),.UNSPECIFIED.);
#160=B_SPLINE_CURVE_WITH_KNOTS('',3,(#4795,#4796,#4797,#4798),
 .UNSPECIFIED.,.F.,.F.,(4,4),(0.,0.00278362199252193),.UNSPECIFIED.);
#161=B_SPLINE_CURVE_WITH_KNOTS('',3,(#4809,#4810,#4811,#4812),
 .UNSPECIFIED.,.F.,.F.,(4,4),(0.0173111701752896,0.0222638616798902),
 .UNSPECIFIED.);
#162=B_SPLINE_CURVE_WITH_KNOTS('',3,(#4814,#4815,#4816,#4817,#4818,#4819),
 .UNSPECIFIED.,.F.,.F.,(4,1,1,4),(0.,0.0021415809043584,0.0032123713565376,
0.00428316180871681),.UNSPECIFIED.);
#163=B_SPLINE_CURVE_WITH_KNOTS('',3,(#4823,#4824,#4825,#4826,#4827,#4828),
 .UNSPECIFIED.,.F.,.F.,(4,1,1,4),(0.,0.00107578068253658,0.00215156136507316,
0.00430312273014631),.UNSPECIFIED.);
#164=B_SPLINE_CURVE_WITH_KNOTS('',3,(#4830,#4831,#4832,#4833),
 .UNSPECIFIED.,.F.,.F.,(4,4),(-0.00210598327221342,0.00290047743102083),
 .UNSPECIFIED.);
#165=B_SPLINE_CURVE_WITH_KNOTS('',3,(#4837,#4838,#4839,#4840),
 .UNSPECIFIED.,.F.,.F.,(4,4),(0.0173111701752807,0.0222638616798912),
 .UNSPECIFIED.);
#166=B_SPLINE_CURVE_WITH_KNOTS('',3,(#4842,#4843,#4844,#4845,#4846,#4847),
 .UNSPECIFIED.,.F.,.F.,(4,1,1,4),(0.,0.0021415809043584,0.0032123713565376,
0.0042831618087168),.UNSPECIFIED.);
#167=B_SPLINE_CURVE_WITH_KNOTS('',3,(#4851,#4852,#4853,#4854,#4855,#4856),
 .UNSPECIFIED.,.F.,.F.,(4,1,1,4),(0.,0.00107578068253657,0.00215156136507313,
0.00430312273014627),.UNSPECIFIED.);
#168=B_SPLINE_CURVE_WITH_KNOTS('',3,(#4858,#4859,#4860,#4861),
 .UNSPECIFIED.,.F.,.F.,(4,4),(0.0173111701752927,0.0222638616798909),
 .UNSPECIFIED.);
#169=B_SPLINE_CURVE_WITH_KNOTS('',3,(#4864,#4865,#4866,#4867,#4868,#4869),
 .UNSPECIFIED.,.F.,.F.,(4,1,1,4),(0.,0.0021415809043584,0.00321237135653761,
0.00428316180871681),.UNSPECIFIED.);
#170=B_SPLINE_CURVE_WITH_KNOTS('',3,(#4873,#4874,#4875,#4876,#4877,#4878),
 .UNSPECIFIED.,.F.,.F.,(4,1,1,4),(0.,0.00107578068253658,0.00215156136507315,
0.0043031227301463),.UNSPECIFIED.);
#171=B_SPLINE_CURVE_WITH_KNOTS('',3,(#4880,#4881,#4882,#4883),
 .UNSPECIFIED.,.F.,.F.,(4,4),(-0.00210598327221342,0.00290047743102083),
 .UNSPECIFIED.);
#172=B_SPLINE_CURVE_WITH_KNOTS('',3,(#4887,#4888,#4889,#4890,#4891,#4892),
 .UNSPECIFIED.,.F.,.F.,(4,1,1,4),(2.98155597433514E-19,0.00214158090435838,
0.00321237135653756,0.00428316180871675),.UNSPECIFIED.);
#173=B_SPLINE_CURVE_WITH_KNOTS('',3,(#4896,#4897,#4898,#4899,#4900,#4901),
 .UNSPECIFIED.,.F.,.F.,(4,1,1,4),(0.,0.00107578068253658,0.00215156136507316,
0.00430312273014632),.UNSPECIFIED.);
#174=B_SPLINE_CURVE_WITH_KNOTS('',3,(#4903,#4904,#4905,#4906),
 .UNSPECIFIED.,.F.,.F.,(4,4),(-0.00210598327221342,0.0029004774310099),
 .UNSPECIFIED.);
#175=B_SPLINE_CURVE_WITH_KNOTS('',3,(#4912,#4913,#4914,#4915),
 .UNSPECIFIED.,.F.,.F.,(4,4),(0.00438284172506508,0.0070693261904378),
 .UNSPECIFIED.);
#176=B_SPLINE_CURVE_WITH_KNOTS('',3,(#4923,#4924,#4925,#4926),
 .UNSPECIFIED.,.F.,.F.,(4,4),(0.00242920881867298,0.00510282648662273),
 .UNSPECIFIED.);
#177=B_SPLINE_CURVE_WITH_KNOTS('',3,(#4960,#4961,#4962,#4963),
 .UNSPECIFIED.,.F.,.F.,(4,4),(0.00438513546196519,0.00707162467428652),
 .UNSPECIFIED.);
#178=B_SPLINE_CURVE_WITH_KNOTS('',3,(#4968,#4969,#4970,#4971,#4972),
 .UNSPECIFIED.,.F.,.F.,(4,1,4),(0.,0.00247693598986652,0.00495387197973304),
 .UNSPECIFIED.);
#179=B_SPLINE_CURVE_WITH_KNOTS('',3,(#4984,#4985,#4986,#4987),
 .UNSPECIFIED.,.F.,.F.,(4,4),(0.0173799430536078,0.0223568739893552),
 .UNSPECIFIED.);
#180=B_SPLINE_CURVE_WITH_KNOTS('',3,(#4989,#4990,#4991,#4992,#4993,#4994,
#4995),.UNSPECIFIED.,.F.,.F.,(4,1,1,1,4),(0.,0.00116162131957096,0.00232324263914191,
0.00348486395871287,0.00464648527828382),.UNSPECIFIED.);
#181=B_SPLINE_CURVE_WITH_KNOTS('',3,(#4999,#5000,#5001,#5002,#5003,#5004,
#5005),.UNSPECIFIED.,.F.,.F.,(4,1,1,1,4),(0.,0.0011685395933304,0.0023370791866608,
0.00350561877999121,0.00467415837332161),.UNSPECIFIED.);
#182=B_SPLINE_CURVE_WITH_KNOTS('',3,(#5007,#5008,#5009,#5010),
 .UNSPECIFIED.,.F.,.F.,(4,4),(-0.00208776079285223,0.00286204333996356),
 .UNSPECIFIED.);
#183=B_SPLINE_CURVE_WITH_KNOTS('',3,(#5015,#5016,#5017,#5018),
 .UNSPECIFIED.,.F.,.F.,(4,4),(0.017379943053596,0.0223568739893554),
 .UNSPECIFIED.);
#184=B_SPLINE_CURVE_WITH_KNOTS('',3,(#5020,#5021,#5022,#5023,#5024,#5025,
#5026),.UNSPECIFIED.,.F.,.F.,(4,1,1,1,4),(0.,0.00116162131957096,0.00232324263914191,
0.00348486395871287,0.00464648527828382),.UNSPECIFIED.);
#185=B_SPLINE_CURVE_WITH_KNOTS('',3,(#5030,#5031,#5032,#5033,#5034,#5035,
#5036),.UNSPECIFIED.,.F.,.F.,(4,1,1,1,4),(0.,0.0011685395933304,0.00233707918666079,
0.00350561877999119,0.00467415837332158),.UNSPECIFIED.);
#186=B_SPLINE_CURVE_WITH_KNOTS('',3,(#5038,#5039,#5040,#5041),
 .UNSPECIFIED.,.F.,.F.,(4,4),(-0.00208776079285222,0.00286204333996358),
 .UNSPECIFIED.);
#187=B_SPLINE_CURVE_WITH_KNOTS('',3,(#5073,#5074,#5075,#5076,#5077,#5078,
#5079,#5080,#5081,#5082,#5083),.UNSPECIFIED.,.T.,.F.,(1,1,1,1,1,1,1,1,1,
1,1,1,1,1,1),(-0.00469810158454741,-0.00313206772303161,-0.0015660338615158,
0.,0.0015660338615158,0.00313206772303161,0.00469810158454741,0.00626413544606321,
0.00783016930757902,0.00939620316909482,0.0109622370306106,0.0125282708921264,
0.0140943047536422,0.015660338615158,0.0172263724766738),.UNSPECIFIED.);
#188=B_SPLINE_CURVE_WITH_KNOTS('',3,(#5119,#5120,#5121,#5122,#5123,#5124,
#5125,#5126,#5127,#5128,#5129),.UNSPECIFIED.,.T.,.F.,(1,1,1,1,1,1,1,1,1,
1,1,1,1,1,1),(-0.00470141786434019,-0.00313427857622679,-0.0015671392881134,
0.,0.0015671392881134,0.00313427857622679,0.00470141786434019,0.00626855715245359,
0.00783569644056699,0.00940283572868038,0.0109699750167938,0.0125371143049072,
0.0141042535930206,0.015671392881134,0.0172385321692474),.UNSPECIFIED.);
#189=B_SPLINE_CURVE_WITH_KNOTS('',3,(#5157,#5158,#5159,#5160),
 .UNSPECIFIED.,.F.,.F.,(4,4),(-0.00208776079285223,0.00286204333996356),
 .UNSPECIFIED.);
#190=B_SPLINE_CURVE_WITH_KNOTS('',3,(#5168,#5169,#5170,#5171,#5172,#5173,
#5174),.UNSPECIFIED.,.F.,.F.,(4,1,1,1,4),(0.,0.00260394012147267,0.00520788024294535,
0.00781182036441802,0.0104157604858907),.UNSPECIFIED.);
#191=B_SPLINE_CURVE_WITH_KNOTS('',3,(#5187,#5188,#5189,#5190),
 .UNSPECIFIED.,.F.,.F.,(4,4),(0.017379943053608,0.0223568739893555),
 .UNSPECIFIED.);
#192=B_SPLINE_CURVE_WITH_KNOTS('',3,(#5199,#5200,#5201,#5202),
 .UNSPECIFIED.,.F.,.F.,(4,4),(-0.00208776079285223,0.00286204333996357),
 .UNSPECIFIED.);
#193=B_SPLINE_CURVE_WITH_KNOTS('',3,(#5232,#5233,#5234,#5235),
 .UNSPECIFIED.,.F.,.F.,(4,4),(0.017379943053596,0.0223568739893554),
 .UNSPECIFIED.);
#194=B_SPLINE_CURVE_WITH_KNOTS('',3,(#5244,#5245,#5246,#5247,#5248,#5249,
#5250),.UNSPECIFIED.,.F.,.F.,(4,1,1,1,4),(0.,0.00259669854785661,0.00519339709571323,
0.00779009564356984,0.0103867941914265),.UNSPECIFIED.);
#195=B_SPLINE_CURVE_WITH_KNOTS('',3,(#5310,#5311,#5312,#5313,#5314),
 .UNSPECIFIED.,.F.,.F.,(4,1,4),(0.,0.00247693598986652,0.00495387197973305),
 .UNSPECIFIED.);
#196=B_SPLINE_CURVE_WITH_KNOTS('',3,(#5372,#5373,#5374,#5375,#5376,#5377,
#5378,#5379,#5380,#5381,#5382),.UNSPECIFIED.,.T.,.F.,(1,1,1,1,1,1,1,1,1,
1,1,1,1,1,1),(-0.00470141786434015,-0.00313427857622677,-0.00156713928811338,
0.,0.00156713928811338,0.00313427857622677,0.00470141786434015,0.00626855715245353,
0.00783569644056692,0.0094028357286803,0.0109699750167937,0.0125371143049071,
0.0141042535930204,0.0156713928811338,0.0172385321692472),.UNSPECIFIED.);
#197=B_SPLINE_CURVE_WITH_KNOTS('',3,(#5386,#5387,#5388,#5389,#5390,#5391,
#5392,#5393,#5394,#5395,#5396),.UNSPECIFIED.,.F.,.F.,(4,1,1,1,1,1,1,1,4),
(0.,0.00210381408901041,0.00420762817802082,0.00631144226703123,0.00841525635604163,
0.010519070445052,0.0126228845340625,0.0147266986230729,0.0168305127120833),
 .UNSPECIFIED.);
#198=B_SPLINE_CURVE_WITH_KNOTS('',3,(#5403,#5404,#5405,#5406,#5407,#5408,
#5409,#5410,#5411,#5412,#5413),.UNSPECIFIED.,.T.,.F.,(1,1,1,1,1,1,1,1,1,
1,1,1,1,1,1),(-0.00469810158454755,-0.0031320677230317,-0.00156603386151585,
0.,0.00156603386151585,0.0031320677230317,0.00469810158454755,0.00626413544606341,
0.00783016930757926,0.00939620316909511,0.010962237030611,0.0125282708921268,
0.0140943047536427,0.0156603386151585,0.0172263724766744),.UNSPECIFIED.);
#199=B_SPLINE_CURVE_WITH_KNOTS('',3,(#5417,#5418,#5419,#5420,#5421,#5422,
#5423,#5424,#5425,#5426,#5427),.UNSPECIFIED.,.F.,.F.,(4,1,1,1,1,1,1,1,4),
(0.,0.0021004964964433,0.00420099299288661,0.00630148948932991,0.00840198598577322,
0.0105024824822165,0.0126029789786598,0.0147034754751031,0.0168039719715464),
 .UNSPECIFIED.);
#200=B_SPLINE_CURVE_WITH_KNOTS('',3,(#5454,#5455,#5456,#5457,#5458,#5459,
#5460),.UNSPECIFIED.,.F.,.F.,(4,1,1,1,4),(0.,0.00116162131957096,0.00232324263914192,
0.00348486395871288,0.00464648527828384),.UNSPECIFIED.);
#201=B_SPLINE_CURVE_WITH_KNOTS('',3,(#5461,#5462,#5463,#5464,#5465,#5466,
#5467),.UNSPECIFIED.,.F.,.F.,(4,1,1,1,4),(0.,0.00116853959333039,0.00233707918666079,
0.00350561877999118,0.00467415837332158),.UNSPECIFIED.);
#202=B_SPLINE_CURVE_WITH_KNOTS('',3,(#5469,#5470,#5471,#5472,#5473,#5474,
#5475),.UNSPECIFIED.,.F.,.F.,(4,1,1,1,4),(1.04083408558608E-17,0.00116162131957096,
0.00232324263914192,0.00348486395871287,0.00464648527828383),
 .UNSPECIFIED.);
#203=B_SPLINE_CURVE_WITH_KNOTS('',3,(#5476,#5477,#5478,#5479,#5480,#5481,
#5482),.UNSPECIFIED.,.F.,.F.,(4,1,1,1,4),(0.,0.00116853959333039,0.00233707918666078,
0.00350561877999117,0.00467415837332156),.UNSPECIFIED.);
#204=B_SPLINE_CURVE_WITH_KNOTS('',3,(#5614,#5615,#5616,#5617,#5618),
 .UNSPECIFIED.,.F.,.F.,(4,1,4),(-1.41421373337721E-5,0.0022076645847219,
0.00442947130677757),.UNSPECIFIED.);
#205=B_SPLINE_CURVE_WITH_KNOTS('',3,(#5626,#5627,#5628,#5629,#5630),
 .UNSPECIFIED.,.F.,.F.,(4,1,4),(0.032302764276209,0.0345326785563565,0.0367625928365039),
 .UNSPECIFIED.);
#206=B_SPLINE_CURVE_WITH_KNOTS('',3,(#5637,#5638,#5639,#5640,#5641,#5642),
 .UNSPECIFIED.,.F.,.F.,(4,1,1,4),(0.,0.0022264274197431,0.00333964112961465,
0.0044528548394862),.UNSPECIFIED.);
#207=B_SPLINE_CURVE_WITH_KNOTS('',3,(#5646,#5647,#5648,#5649),
 .UNSPECIFIED.,.F.,.F.,(4,4),(0.00177171908433973,0.00447740151138979),
 .UNSPECIFIED.);
#208=B_SPLINE_CURVE_WITH_KNOTS('',3,(#5653,#5654,#5655,#5656,#5657),
 .UNSPECIFIED.,.F.,.F.,(4,1,4),(0.00390084684596846,0.0066247695051289,
0.00934869216428934),.UNSPECIFIED.);
#209=B_SPLINE_CURVE_WITH_KNOTS('',3,(#5659,#5660,#5661,#5662,#5663),
 .UNSPECIFIED.,.F.,.F.,(4,1,4),(0.,0.00226631015175439,0.00453262030350877),
 .UNSPECIFIED.);
#210=B_SPLINE_CURVE_WITH_KNOTS('',3,(#5665,#5666,#5667,#5668,#5669),
 .UNSPECIFIED.,.F.,.F.,(4,1,4),(0.,0.00267556760587325,0.0053511352117465),
 .UNSPECIFIED.);
#211=B_SPLINE_CURVE_WITH_KNOTS('',3,(#5673,#5674,#5675,#5676),
 .UNSPECIFIED.,.F.,.F.,(4,4),(0.,0.00268494243626013),.UNSPECIFIED.);
#212=B_SPLINE_CURVE_WITH_KNOTS('',3,(#5692,#5693,#5694,#5695,#5696,#5697),
 .UNSPECIFIED.,.F.,.F.,(4,1,1,4),(1.95156391047391E-18,0.000731847811323352,
0.0014636956226467,0.0029273912452934),.UNSPECIFIED.);
#213=B_SPLINE_CURVE_WITH_KNOTS('',3,(#5702,#5703,#5704,#5705),
 .UNSPECIFIED.,.F.,.F.,(4,4),(0.,0.00102303107650862),.UNSPECIFIED.);
#214=B_SPLINE_CURVE_WITH_KNOTS('',3,(#5721,#5722,#5723,#5724,#5725),
 .UNSPECIFIED.,.F.,.F.,(4,1,4),(0.,0.00275102708978479,0.00550205417956959),
 .UNSPECIFIED.);
#215=B_SPLINE_CURVE_WITH_KNOTS('',3,(#5746,#5747,#5748,#5749,#5750),
 .UNSPECIFIED.,.F.,.F.,(4,1,4),(0.00501771187725847,0.00776192253242169,
0.0105061331875849),.UNSPECIFIED.);
#216=B_SPLINE_CURVE_WITH_KNOTS('',3,(#5757,#5758,#5759,#5760,#5761,#5762),
 .UNSPECIFIED.,.F.,.F.,(4,1,1,4),(0.,0.00146454329320243,0.00219681493980365,
0.00292908658640486),.UNSPECIFIED.);
#217=B_SPLINE_CURVE_WITH_KNOTS('',3,(#5769,#5770,#5771,#5772),
 .UNSPECIFIED.,.F.,.F.,(4,4),(0.,0.00505395133155687),.UNSPECIFIED.);
#218=B_SPLINE_CURVE_WITH_KNOTS('',3,(#5806,#5807,#5808,#5809),
 .UNSPECIFIED.,.F.,.F.,(4,4),(1.78989252453347E-15,0.00495387197973304),
 .UNSPECIFIED.);
#219=B_SPLINE_CURVE_WITH_KNOTS('',3,(#5812,#5813,#5814,#5815),
 .UNSPECIFIED.,.F.,.F.,(4,4),(0.,0.00505472090294481),.UNSPECIFIED.);
#220=B_SPLINE_CURVE_WITH_KNOTS('',3,(#5851,#5852,#5853,#5854),
 .UNSPECIFIED.,.F.,.F.,(4,4),(0.,0.00495387197973305),.UNSPECIFIED.);
#221=B_SPLINE_CURVE_WITH_KNOTS('',3,(#5860,#5861,#5862,#5863,#5864,#5865,
#5866),.UNSPECIFIED.,.F.,.F.,(4,1,1,1,4),(0.,0.00137116244124146,0.00274232488248291,
0.00411348732372437,0.00548464976496583),.UNSPECIFIED.);
#222=B_SPLINE_CURVE_WITH_KNOTS('',3,(#5870,#5871,#5872,#5873,#5874,#5875,
#5876),.UNSPECIFIED.,.F.,.F.,(4,1,1,1,4),(0.,0.00136326608110814,0.00272653216221628,
0.00408979824332441,0.00545306432443255),.UNSPECIFIED.);
#223=B_SPLINE_CURVE_WITH_KNOTS('',3,(#5954,#5955,#5956,#5957,#5958),
 .UNSPECIFIED.,.F.,.F.,(4,1,4),(9.69739903612216E-19,0.0019363992141835,
0.00387279842836699),.UNSPECIFIED.);
#224=B_SPLINE_CURVE_WITH_KNOTS('',3,(#5977,#5978,#5979,#5980),
 .UNSPECIFIED.,.F.,.F.,(4,4),(0.,0.00332484115416487),.UNSPECIFIED.);
#225=B_SPLINE_CURVE_WITH_KNOTS('',3,(#6089,#6090,#6091,#6092),
 .UNSPECIFIED.,.F.,.F.,(4,4),(0.,0.00332484115417323),.UNSPECIFIED.);
#226=B_SPLINE_CURVE_WITH_KNOTS('',3,(#6105,#6106,#6107,#6108,#6109),
 .UNSPECIFIED.,.F.,.F.,(4,1,4),(1.2266347333467E-18,0.0019363992141835,
0.00387279842836699),.UNSPECIFIED.);
#227=ELLIPSE('',#3737,0.0143603008612338,0.01);
#228=ELLIPSE('',#3739,0.0143603008612338,0.01);
#229=ELLIPSE('',#3740,0.00736812879103951,0.005);
#230=ELLIPSE('',#3742,0.0101542661188574,0.01);
#231=ELLIPSE('',#3743,0.0101542661188574,0.01);
#232=ELLIPSE('',#3744,0.00507713305942872,0.005);
#233=ELLIPSE('',#3745,0.0033401411607665,0.0015);
#234=ELLIPSE('',#3746,0.0033401411607665,0.0015);
#235=ELLIPSE('',#3747,0.00507713305942872,0.005);
#236=ELLIPSE('',#3781,0.0143603008612338,0.01);
#237=ELLIPSE('',#3795,0.0143603008612338,0.01);
#238=ELLIPSE('',#3806,0.0143603008612338,0.01);
#239=ELLIPSE('',#3808,0.00924699495168728,0.005);
#240=ELLIPSE('',#3809,0.00507713305942873,0.005);
#241=ELLIPSE('',#3810,0.00507713305942873,0.005);
#242=ELLIPSE('',#3811,0.00924699495168728,0.005);
#243=ELLIPSE('',#3812,0.00736812879103951,0.005);
#244=ELLIPSE('',#3814,0.0073681287910395,0.005);
#245=ELLIPSE('',#3819,0.0143603008612338,0.01);
#246=ELLIPSE('',#3846,0.00707106781186548,0.005);
#247=ELLIPSE('',#3848,0.00707106781186547,0.005);
#248=ELLIPSE('',#3849,0.00707106781186547,0.005);
#249=ELLIPSE('',#3851,0.00707106781186547,0.005);
#250=ELLIPSE('',#3852,0.00707106781186547,0.005);
#251=ELLIPSE('',#3854,0.00707106781186549,0.005);
#252=ELLIPSE('',#3855,0.00707106781186549,0.005);
#253=ELLIPSE('',#3857,0.00707106781186548,0.005);
#254=ELLIPSE('',#3858,0.00707106781186548,0.005);
#255=ELLIPSE('',#3860,0.00707106781186548,0.005);
#256=ELLIPSE('',#3861,0.00707106781186548,0.005);
#257=ELLIPSE('',#3863,0.00707106781186547,0.005);
#258=ELLIPSE('',#3864,0.00707106781186547,0.005);
#259=ELLIPSE('',#3866,0.00707106781186549,0.005);
#260=ELLIPSE('',#3867,0.00707106781186549,0.005);
#261=ELLIPSE('',#3869,0.00707106781186548,0.005);
#262=ELLIPSE('',#3871,0.00707106781186548,0.005);
#263=ELLIPSE('',#3873,0.00707106781186548,0.005);
#264=ELLIPSE('',#3874,0.00707106781186548,0.005);
#265=ELLIPSE('',#3876,0.00707106781186548,0.005);
#266=ELLIPSE('',#3877,0.00707106781186548,0.005);
#267=ELLIPSE('',#3879,0.00707106781186548,0.005);
#268=ELLIPSE('',#3880,0.00707106781186548,0.005);
#269=ELLIPSE('',#3882,0.00707106781186548,0.005);
#270=ELLIPSE('',#3883,0.00707106781186548,0.005);
#271=ELLIPSE('',#3885,0.00707106781186548,0.005);
#272=ELLIPSE('',#3886,0.00707106781186548,0.005);
#273=ELLIPSE('',#3888,0.00707106781186548,0.005);
#274=ELLIPSE('',#3889,0.00707106781186548,0.005);
#275=ELLIPSE('',#3891,0.00707106781186548,0.005);
#276=ELLIPSE('',#3893,0.00707106781186548,0.005);
#277=ELLIPSE('',#3894,0.00707106781186548,0.005);
#278=ELLIPSE('',#3896,0.00707106781186548,0.005);
#279=ELLIPSE('',#3897,0.00707106781186548,0.005);
#280=ELLIPSE('',#3899,0.00707106781186548,0.005);
#281=ELLIPSE('',#3900,0.00707106781186548,0.005);
#282=ELLIPSE('',#3902,0.0109730952380896,0.005);
#283=ELLIPSE('',#3903,0.00707106781186548,0.005);
#284=ELLIPSE('',#3905,0.00707106781186548,0.005);
#285=ELLIPSE('',#3906,0.00707106781186548,0.005);
#286=ELLIPSE('',#3909,0.00707106781186548,0.005);
#287=ELLIPSE('',#3910,0.00707106781186548,0.005);
#288=ELLIPSE('',#3912,0.00707106781186548,0.005);
#289=ELLIPSE('',#3914,0.00707106781186548,0.005);
#290=ELLIPSE('',#3915,0.00707106781186548,0.005);
#291=ELLIPSE('',#3919,0.00623493016676415,0.005);
#292=ELLIPSE('',#3920,0.00623493016676415,0.005);
#293=ELLIPSE('',#3926,0.011455053069504,0.005);
#294=ELLIPSE('',#3929,0.011455053069504,0.005);
#295=ELLIPSE('',#3941,0.011455053069504,0.005);
#296=ELLIPSE('',#3943,0.011455053069504,0.005);
#297=ELLIPSE('',#3948,0.011455053069504,0.005);
#298=ELLIPSE('',#3955,0.011455053069504,0.005);
#299=ORIENTED_EDGE('',*,*,#1093,.F.);
#300=ORIENTED_EDGE('',*,*,#1094,.F.);
#301=ORIENTED_EDGE('',*,*,#1095,.F.);
#302=ORIENTED_EDGE('',*,*,#1096,.F.);
#303=ORIENTED_EDGE('',*,*,#1097,.F.);
#304=ORIENTED_EDGE('',*,*,#1098,.F.);
#305=ORIENTED_EDGE('',*,*,#1099,.F.);
#306=ORIENTED_EDGE('',*,*,#1100,.F.);
#307=ORIENTED_EDGE('',*,*,#1101,.F.);
#308=ORIENTED_EDGE('',*,*,#1102,.F.);
#309=ORIENTED_EDGE('',*,*,#1103,.F.);
#310=ORIENTED_EDGE('',*,*,#1104,.F.);
#311=ORIENTED_EDGE('',*,*,#1105,.F.);
#312=ORIENTED_EDGE('',*,*,#1106,.F.);
#313=ORIENTED_EDGE('',*,*,#1107,.F.);
#314=ORIENTED_EDGE('',*,*,#1108,.F.);
#315=ORIENTED_EDGE('',*,*,#1109,.F.);
#316=ORIENTED_EDGE('',*,*,#1110,.F.);
#317=ORIENTED_EDGE('',*,*,#1111,.F.);
#318=ORIENTED_EDGE('',*,*,#1112,.F.);
#319=ORIENTED_EDGE('',*,*,#1113,.F.);
#320=ORIENTED_EDGE('',*,*,#1114,.F.);
#321=ORIENTED_EDGE('',*,*,#1115,.T.);
#322=ORIENTED_EDGE('',*,*,#1116,.F.);
#323=ORIENTED_EDGE('',*,*,#1117,.F.);
#324=ORIENTED_EDGE('',*,*,#1118,.F.);
#325=ORIENTED_EDGE('',*,*,#1119,.F.);
#326=ORIENTED_EDGE('',*,*,#1120,.F.);
#327=ORIENTED_EDGE('',*,*,#1121,.F.);
#328=ORIENTED_EDGE('',*,*,#1122,.F.);
#329=ORIENTED_EDGE('',*,*,#1123,.T.);
#330=ORIENTED_EDGE('',*,*,#1124,.T.);
#331=ORIENTED_EDGE('',*,*,#1125,.F.);
#332=ORIENTED_EDGE('',*,*,#1126,.T.);
#333=ORIENTED_EDGE('',*,*,#1127,.F.);
#334=ORIENTED_EDGE('',*,*,#1128,.T.);
#335=ORIENTED_EDGE('',*,*,#1129,.T.);
#336=ORIENTED_EDGE('',*,*,#1130,.T.);
#337=ORIENTED_EDGE('',*,*,#1131,.F.);
#338=ORIENTED_EDGE('',*,*,#1132,.T.);
#339=ORIENTED_EDGE('',*,*,#1133,.F.);
#340=ORIENTED_EDGE('',*,*,#1111,.T.);
#341=ORIENTED_EDGE('',*,*,#1134,.T.);
#342=ORIENTED_EDGE('',*,*,#1135,.F.);
#343=ORIENTED_EDGE('',*,*,#1136,.T.);
#344=ORIENTED_EDGE('',*,*,#1137,.F.);
#345=ORIENTED_EDGE('',*,*,#1138,.T.);
#346=ORIENTED_EDGE('',*,*,#1139,.T.);
#347=ORIENTED_EDGE('',*,*,#1107,.T.);
#348=ORIENTED_EDGE('',*,*,#1140,.F.);
#349=ORIENTED_EDGE('',*,*,#1141,.T.);
#350=ORIENTED_EDGE('',*,*,#1142,.F.);
#351=ORIENTED_EDGE('',*,*,#1143,.T.);
#352=ORIENTED_EDGE('',*,*,#1144,.T.);
#353=ORIENTED_EDGE('',*,*,#1145,.T.);
#354=ORIENTED_EDGE('',*,*,#1146,.T.);
#355=ORIENTED_EDGE('',*,*,#1147,.T.);
#356=ORIENTED_EDGE('',*,*,#1109,.T.);
#357=ORIENTED_EDGE('',*,*,#1148,.T.);
#358=ORIENTED_EDGE('',*,*,#1124,.F.);
#359=ORIENTED_EDGE('',*,*,#1149,.F.);
#360=ORIENTED_EDGE('',*,*,#1150,.T.);
#361=ORIENTED_EDGE('',*,*,#1151,.F.);
#362=ORIENTED_EDGE('',*,*,#1138,.F.);
#363=ORIENTED_EDGE('',*,*,#1152,.F.);
#364=ORIENTED_EDGE('',*,*,#1153,.F.);
#365=ORIENTED_EDGE('',*,*,#1154,.F.);
#366=ORIENTED_EDGE('',*,*,#1155,.T.);
#367=ORIENTED_EDGE('',*,*,#1156,.F.);
#368=ORIENTED_EDGE('',*,*,#1157,.F.);
#369=ORIENTED_EDGE('',*,*,#1158,.F.);
#370=ORIENTED_EDGE('',*,*,#1130,.F.);
#371=ORIENTED_EDGE('',*,*,#1159,.F.);
#372=ORIENTED_EDGE('',*,*,#1146,.F.);
#373=ORIENTED_EDGE('',*,*,#1160,.F.);
#374=ORIENTED_EDGE('',*,*,#1143,.F.);
#375=ORIENTED_EDGE('',*,*,#1161,.F.);
#376=ORIENTED_EDGE('',*,*,#1162,.F.);
#377=ORIENTED_EDGE('',*,*,#1163,.F.);
#378=ORIENTED_EDGE('',*,*,#1164,.T.);
#379=ORIENTED_EDGE('',*,*,#1165,.F.);
#380=ORIENTED_EDGE('',*,*,#1166,.F.);
#381=ORIENTED_EDGE('',*,*,#1167,.F.);
#382=ORIENTED_EDGE('',*,*,#1134,.F.);
#383=ORIENTED_EDGE('',*,*,#1168,.F.);
#384=ORIENTED_EDGE('',*,*,#1169,.F.);
#385=ORIENTED_EDGE('',*,*,#1170,.F.);
#386=ORIENTED_EDGE('',*,*,#1128,.F.);
#387=ORIENTED_EDGE('',*,*,#1171,.F.);
#388=ORIENTED_EDGE('',*,*,#1172,.F.);
#389=ORIENTED_EDGE('',*,*,#1173,.T.);
#390=ORIENTED_EDGE('',*,*,#1174,.T.);
#391=ORIENTED_EDGE('',*,*,#1169,.T.);
#392=ORIENTED_EDGE('',*,*,#1175,.T.);
#393=ORIENTED_EDGE('',*,*,#1150,.F.);
#394=ORIENTED_EDGE('',*,*,#1160,.T.);
#395=ORIENTED_EDGE('',*,*,#1148,.F.);
#396=ORIENTED_EDGE('',*,*,#1108,.T.);
#397=ORIENTED_EDGE('',*,*,#1144,.F.);
#398=ORIENTED_EDGE('',*,*,#1151,.T.);
#399=ORIENTED_EDGE('',*,*,#1175,.F.);
#400=ORIENTED_EDGE('',*,*,#1168,.T.);
#401=ORIENTED_EDGE('',*,*,#1139,.F.);
#402=ORIENTED_EDGE('',*,*,#1176,.T.);
#403=ORIENTED_EDGE('',*,*,#1177,.T.);
#404=ORIENTED_EDGE('',*,*,#1178,.F.);
#405=ORIENTED_EDGE('',*,*,#1179,.T.);
#406=ORIENTED_EDGE('',*,*,#1180,.F.);
#407=ORIENTED_EDGE('',*,*,#1181,.T.);
#408=ORIENTED_EDGE('',*,*,#1182,.T.);
#409=ORIENTED_EDGE('',*,*,#1183,.T.);
#410=ORIENTED_EDGE('',*,*,#1184,.F.);
#411=ORIENTED_EDGE('',*,*,#1185,.T.);
#412=ORIENTED_EDGE('',*,*,#1186,.F.);
#413=ORIENTED_EDGE('',*,*,#1187,.T.);
#414=ORIENTED_EDGE('',*,*,#1188,.T.);
#415=ORIENTED_EDGE('',*,*,#1189,.F.);
#416=ORIENTED_EDGE('',*,*,#1190,.F.);
#417=ORIENTED_EDGE('',*,*,#1126,.F.);
#418=ORIENTED_EDGE('',*,*,#1191,.F.);
#419=ORIENTED_EDGE('',*,*,#1192,.F.);
#420=ORIENTED_EDGE('',*,*,#1132,.F.);
#421=ORIENTED_EDGE('',*,*,#1193,.F.);
#422=ORIENTED_EDGE('',*,*,#1194,.F.);
#423=ORIENTED_EDGE('',*,*,#1195,.F.);
#424=ORIENTED_EDGE('',*,*,#1196,.F.);
#425=ORIENTED_EDGE('',*,*,#1197,.F.);
#426=ORIENTED_EDGE('',*,*,#1179,.F.);
#427=ORIENTED_EDGE('',*,*,#1198,.F.);
#428=ORIENTED_EDGE('',*,*,#1199,.F.);
#429=ORIENTED_EDGE('',*,*,#1200,.F.);
#430=ORIENTED_EDGE('',*,*,#1185,.F.);
#431=ORIENTED_EDGE('',*,*,#1201,.F.);
#432=ORIENTED_EDGE('',*,*,#1202,.F.);
#433=ORIENTED_EDGE('',*,*,#1203,.F.);
#434=ORIENTED_EDGE('',*,*,#1204,.F.);
#435=ORIENTED_EDGE('',*,*,#1182,.F.);
#436=ORIENTED_EDGE('',*,*,#1205,.F.);
#437=ORIENTED_EDGE('',*,*,#1206,.F.);
#438=ORIENTED_EDGE('',*,*,#1207,.F.);
#439=ORIENTED_EDGE('',*,*,#1208,.F.);
#440=ORIENTED_EDGE('',*,*,#1209,.F.);
#441=ORIENTED_EDGE('',*,*,#1210,.F.);
#442=ORIENTED_EDGE('',*,*,#1211,.F.);
#443=ORIENTED_EDGE('',*,*,#1212,.F.);
#444=ORIENTED_EDGE('',*,*,#1213,.F.);
#445=ORIENTED_EDGE('',*,*,#1214,.F.);
#446=ORIENTED_EDGE('',*,*,#1215,.F.);
#447=ORIENTED_EDGE('',*,*,#1216,.F.);
#448=ORIENTED_EDGE('',*,*,#1217,.T.);
#449=ORIENTED_EDGE('',*,*,#1218,.T.);
#450=ORIENTED_EDGE('',*,*,#1219,.F.);
#451=ORIENTED_EDGE('',*,*,#1145,.F.);
#452=ORIENTED_EDGE('',*,*,#1220,.F.);
#453=ORIENTED_EDGE('',*,*,#1159,.T.);
#454=ORIENTED_EDGE('',*,*,#1129,.F.);
#455=ORIENTED_EDGE('',*,*,#1110,.T.);
#456=ORIENTED_EDGE('',*,*,#1147,.F.);
#457=ORIENTED_EDGE('',*,*,#1221,.F.);
#458=ORIENTED_EDGE('',*,*,#1222,.F.);
#459=ORIENTED_EDGE('',*,*,#1223,.F.);
#460=ORIENTED_EDGE('',*,*,#1224,.T.);
#461=ORIENTED_EDGE('',*,*,#1225,.F.);
#462=ORIENTED_EDGE('',*,*,#1226,.F.);
#463=ORIENTED_EDGE('',*,*,#1227,.F.);
#464=ORIENTED_EDGE('',*,*,#1228,.F.);
#465=ORIENTED_EDGE('',*,*,#1229,.T.);
#466=ORIENTED_EDGE('',*,*,#1230,.F.);
#467=ORIENTED_EDGE('',*,*,#1231,.F.);
#468=ORIENTED_EDGE('',*,*,#1183,.F.);
#469=ORIENTED_EDGE('',*,*,#1207,.T.);
#470=ORIENTED_EDGE('',*,*,#1232,.F.);
#471=ORIENTED_EDGE('',*,*,#1233,.F.);
#472=ORIENTED_EDGE('',*,*,#1234,.F.);
#473=ORIENTED_EDGE('',*,*,#1235,.F.);
#474=ORIENTED_EDGE('',*,*,#1236,.F.);
#475=ORIENTED_EDGE('',*,*,#1237,.F.);
#476=ORIENTED_EDGE('',*,*,#1238,.F.);
#477=ORIENTED_EDGE('',*,*,#1239,.F.);
#478=ORIENTED_EDGE('',*,*,#1240,.F.);
#479=ORIENTED_EDGE('',*,*,#1241,.F.);
#480=ORIENTED_EDGE('',*,*,#1242,.F.);
#481=ORIENTED_EDGE('',*,*,#1205,.T.);
#482=ORIENTED_EDGE('',*,*,#1187,.F.);
#483=ORIENTED_EDGE('',*,*,#1243,.F.);
#484=ORIENTED_EDGE('',*,*,#1244,.F.);
#485=ORIENTED_EDGE('',*,*,#1245,.F.);
#486=ORIENTED_EDGE('',*,*,#1177,.F.);
#487=ORIENTED_EDGE('',*,*,#1246,.T.);
#488=ORIENTED_EDGE('',*,*,#1247,.F.);
#489=ORIENTED_EDGE('',*,*,#1248,.F.);
#490=ORIENTED_EDGE('',*,*,#1249,.F.);
#491=ORIENTED_EDGE('',*,*,#1250,.F.);
#492=ORIENTED_EDGE('',*,*,#1251,.T.);
#493=ORIENTED_EDGE('',*,*,#1252,.T.);
#494=ORIENTED_EDGE('',*,*,#1253,.F.);
#495=ORIENTED_EDGE('',*,*,#1254,.F.);
#496=ORIENTED_EDGE('',*,*,#1255,.F.);
#497=ORIENTED_EDGE('',*,*,#1256,.F.);
#498=ORIENTED_EDGE('',*,*,#1257,.F.);
#499=ORIENTED_EDGE('',*,*,#1258,.F.);
#500=ORIENTED_EDGE('',*,*,#1259,.F.);
#501=ORIENTED_EDGE('',*,*,#1260,.F.);
#502=ORIENTED_EDGE('',*,*,#1261,.F.);
#503=ORIENTED_EDGE('',*,*,#1262,.T.);
#504=ORIENTED_EDGE('',*,*,#1181,.F.);
#505=ORIENTED_EDGE('',*,*,#1263,.F.);
#506=ORIENTED_EDGE('',*,*,#1264,.F.);
#507=ORIENTED_EDGE('',*,*,#1265,.F.);
#508=ORIENTED_EDGE('',*,*,#1266,.F.);
#509=ORIENTED_EDGE('',*,*,#1267,.F.);
#510=ORIENTED_EDGE('',*,*,#1268,.F.);
#511=ORIENTED_EDGE('',*,*,#1269,.F.);
#512=ORIENTED_EDGE('',*,*,#1270,.F.);
#513=ORIENTED_EDGE('',*,*,#1271,.F.);
#514=ORIENTED_EDGE('',*,*,#1272,.F.);
#515=ORIENTED_EDGE('',*,*,#1273,.F.);
#516=ORIENTED_EDGE('',*,*,#1274,.T.);
#517=ORIENTED_EDGE('',*,*,#1275,.F.);
#518=ORIENTED_EDGE('',*,*,#1188,.F.);
#519=ORIENTED_EDGE('',*,*,#1276,.F.);
#520=ORIENTED_EDGE('',*,*,#1155,.F.);
#521=ORIENTED_EDGE('',*,*,#1277,.F.);
#522=ORIENTED_EDGE('',*,*,#1278,.F.);
#523=ORIENTED_EDGE('',*,*,#1279,.F.);
#524=ORIENTED_EDGE('',*,*,#1280,.F.);
#525=ORIENTED_EDGE('',*,*,#1281,.F.);
#526=ORIENTED_EDGE('',*,*,#1282,.F.);
#527=ORIENTED_EDGE('',*,*,#1283,.F.);
#528=ORIENTED_EDGE('',*,*,#1284,.F.);
#529=ORIENTED_EDGE('',*,*,#1285,.F.);
#530=ORIENTED_EDGE('',*,*,#1286,.F.);
#531=ORIENTED_EDGE('',*,*,#1287,.F.);
#532=ORIENTED_EDGE('',*,*,#1288,.F.);
#533=ORIENTED_EDGE('',*,*,#1289,.F.);
#534=ORIENTED_EDGE('',*,*,#1290,.T.);
#535=ORIENTED_EDGE('',*,*,#1291,.F.);
#536=ORIENTED_EDGE('',*,*,#1292,.F.);
#537=ORIENTED_EDGE('',*,*,#1293,.F.);
#538=ORIENTED_EDGE('',*,*,#1294,.F.);
#539=ORIENTED_EDGE('',*,*,#1295,.F.);
#540=ORIENTED_EDGE('',*,*,#1296,.F.);
#541=ORIENTED_EDGE('',*,*,#1297,.F.);
#542=ORIENTED_EDGE('',*,*,#1141,.F.);
#543=ORIENTED_EDGE('',*,*,#1298,.F.);
#544=ORIENTED_EDGE('',*,*,#1299,.F.);
#545=ORIENTED_EDGE('',*,*,#1300,.F.);
#546=ORIENTED_EDGE('',*,*,#1301,.F.);
#547=ORIENTED_EDGE('',*,*,#1302,.F.);
#548=ORIENTED_EDGE('',*,*,#1303,.F.);
#549=ORIENTED_EDGE('',*,*,#1304,.F.);
#550=ORIENTED_EDGE('',*,*,#1305,.F.);
#551=ORIENTED_EDGE('',*,*,#1306,.F.);
#552=ORIENTED_EDGE('',*,*,#1278,.T.);
#553=ORIENTED_EDGE('',*,*,#1307,.F.);
#554=ORIENTED_EDGE('',*,*,#1136,.F.);
#555=ORIENTED_EDGE('',*,*,#1308,.F.);
#556=ORIENTED_EDGE('',*,*,#1309,.F.);
#557=ORIENTED_EDGE('',*,*,#1310,.F.);
#558=ORIENTED_EDGE('',*,*,#1311,.F.);
#559=ORIENTED_EDGE('',*,*,#1312,.T.);
#560=ORIENTED_EDGE('',*,*,#1313,.T.);
#561=ORIENTED_EDGE('',*,*,#1314,.F.);
#562=ORIENTED_EDGE('',*,*,#1315,.F.);
#563=ORIENTED_EDGE('',*,*,#1316,.F.);
#564=ORIENTED_EDGE('',*,*,#1317,.F.);
#565=ORIENTED_EDGE('',*,*,#1318,.F.);
#566=ORIENTED_EDGE('',*,*,#1319,.F.);
#567=ORIENTED_EDGE('',*,*,#1320,.F.);
#568=ORIENTED_EDGE('',*,*,#1321,.F.);
#569=ORIENTED_EDGE('',*,*,#1322,.F.);
#570=ORIENTED_EDGE('',*,*,#1220,.T.);
#571=ORIENTED_EDGE('',*,*,#1323,.T.);
#572=ORIENTED_EDGE('',*,*,#1312,.F.);
#573=ORIENTED_EDGE('',*,*,#1324,.F.);
#574=ORIENTED_EDGE('',*,*,#1325,.T.);
#575=ORIENTED_EDGE('',*,*,#1326,.F.);
#576=ORIENTED_EDGE('',*,*,#1327,.T.);
#577=ORIENTED_EDGE('',*,*,#1327,.F.);
#578=ORIENTED_EDGE('',*,*,#1203,.T.);
#579=ORIENTED_EDGE('',*,*,#1328,.T.);
#580=ORIENTED_EDGE('',*,*,#1217,.F.);
#581=ORIENTED_EDGE('',*,*,#1329,.T.);
#582=ORIENTED_EDGE('',*,*,#1330,.T.);
#583=ORIENTED_EDGE('',*,*,#1331,.F.);
#584=ORIENTED_EDGE('',*,*,#1290,.F.);
#585=ORIENTED_EDGE('',*,*,#1165,.T.);
#586=ORIENTED_EDGE('',*,*,#1332,.F.);
#587=ORIENTED_EDGE('',*,*,#1324,.T.);
#588=ORIENTED_EDGE('',*,*,#1311,.T.);
#589=ORIENTED_EDGE('',*,*,#1333,.F.);
#590=ORIENTED_EDGE('',*,*,#1164,.F.);
#591=ORIENTED_EDGE('',*,*,#1334,.F.);
#592=ORIENTED_EDGE('',*,*,#1325,.F.);
#593=ORIENTED_EDGE('',*,*,#1332,.T.);
#594=ORIENTED_EDGE('',*,*,#1313,.F.);
#595=ORIENTED_EDGE('',*,*,#1326,.T.);
#596=ORIENTED_EDGE('',*,*,#1334,.T.);
#597=ORIENTED_EDGE('',*,*,#1163,.T.);
#598=ORIENTED_EDGE('',*,*,#1335,.F.);
#599=ORIENTED_EDGE('',*,*,#1149,.T.);
#600=ORIENTED_EDGE('',*,*,#1123,.F.);
#601=ORIENTED_EDGE('',*,*,#1170,.T.);
#602=ORIENTED_EDGE('',*,*,#1174,.F.);
#603=ORIENTED_EDGE('',*,*,#1173,.F.);
#604=ORIENTED_EDGE('',*,*,#1323,.F.);
#605=ORIENTED_EDGE('',*,*,#1218,.F.);
#606=ORIENTED_EDGE('',*,*,#1331,.T.);
#607=ORIENTED_EDGE('',*,*,#1336,.T.);
#608=ORIENTED_EDGE('',*,*,#1250,.T.);
#609=ORIENTED_EDGE('',*,*,#1337,.F.);
#610=ORIENTED_EDGE('',*,*,#1330,.F.);
#611=ORIENTED_EDGE('',*,*,#1338,.T.);
#612=ORIENTED_EDGE('',*,*,#1251,.F.);
#613=ORIENTED_EDGE('',*,*,#1336,.F.);
#614=ORIENTED_EDGE('',*,*,#1252,.F.);
#615=ORIENTED_EDGE('',*,*,#1338,.F.);
#616=ORIENTED_EDGE('',*,*,#1329,.F.);
#617=ORIENTED_EDGE('',*,*,#1216,.T.);
#618=ORIENTED_EDGE('',*,*,#1339,.F.);
#619=ORIENTED_EDGE('',*,*,#1340,.F.);
#620=ORIENTED_EDGE('',*,*,#1176,.F.);
#621=ORIENTED_EDGE('',*,*,#1262,.F.);
#622=ORIENTED_EDGE('',*,*,#1341,.F.);
#623=ORIENTED_EDGE('',*,*,#1246,.F.);
#624=ORIENTED_EDGE('',*,*,#1342,.F.);
#625=ORIENTED_EDGE('',*,*,#1328,.F.);
#626=ORIENTED_EDGE('',*,*,#1242,.T.);
#627=ORIENTED_EDGE('',*,*,#1343,.F.);
#628=ORIENTED_EDGE('',*,*,#1240,.T.);
#629=ORIENTED_EDGE('',*,*,#1344,.F.);
#630=ORIENTED_EDGE('',*,*,#1232,.T.);
#631=ORIENTED_EDGE('',*,*,#1206,.T.);
#632=ORIENTED_EDGE('',*,*,#1261,.T.);
#633=ORIENTED_EDGE('',*,*,#1345,.F.);
#634=ORIENTED_EDGE('',*,*,#1255,.T.);
#635=ORIENTED_EDGE('',*,*,#1346,.F.);
#636=ORIENTED_EDGE('',*,*,#1247,.T.);
#637=ORIENTED_EDGE('',*,*,#1341,.T.);
#638=ORIENTED_EDGE('',*,*,#1204,.T.);
#639=ORIENTED_EDGE('',*,*,#1202,.T.);
#640=ORIENTED_EDGE('',*,*,#1340,.T.);
#641=ORIENTED_EDGE('',*,*,#1342,.T.);
#642=ORIENTED_EDGE('',*,*,#1347,.T.);
#643=ORIENTED_EDGE('',*,*,#1314,.T.);
#644=ORIENTED_EDGE('',*,*,#1335,.T.);
#645=ORIENTED_EDGE('',*,*,#1162,.T.);
#646=ORIENTED_EDGE('',*,*,#1348,.F.);
#647=ORIENTED_EDGE('',*,*,#1349,.T.);
#648=ORIENTED_EDGE('',*,*,#1315,.T.);
#649=ORIENTED_EDGE('',*,*,#1347,.F.);
#650=ORIENTED_EDGE('',*,*,#1350,.F.);
#651=ORIENTED_EDGE('',*,*,#1296,.T.);
#652=ORIENTED_EDGE('',*,*,#1351,.F.);
#653=ORIENTED_EDGE('',*,*,#1105,.T.);
#654=ORIENTED_EDGE('',*,*,#1352,.F.);
#655=ORIENTED_EDGE('',*,*,#1353,.T.);
#656=ORIENTED_EDGE('',*,*,#1316,.T.);
#657=ORIENTED_EDGE('',*,*,#1349,.F.);
#658=ORIENTED_EDGE('',*,*,#1354,.F.);
#659=ORIENTED_EDGE('',*,*,#1301,.T.);
#660=ORIENTED_EDGE('',*,*,#1355,.F.);
#661=ORIENTED_EDGE('',*,*,#1356,.T.);
#662=ORIENTED_EDGE('',*,*,#1317,.T.);
#663=ORIENTED_EDGE('',*,*,#1353,.F.);
#664=ORIENTED_EDGE('',*,*,#1357,.F.);
#665=ORIENTED_EDGE('',*,*,#1292,.T.);
#666=ORIENTED_EDGE('',*,*,#1358,.F.);
#667=ORIENTED_EDGE('',*,*,#1359,.T.);
#668=ORIENTED_EDGE('',*,*,#1318,.T.);
#669=ORIENTED_EDGE('',*,*,#1356,.F.);
#670=ORIENTED_EDGE('',*,*,#1360,.F.);
#671=ORIENTED_EDGE('',*,*,#1361,.T.);
#672=ORIENTED_EDGE('',*,*,#1319,.T.);
#673=ORIENTED_EDGE('',*,*,#1359,.F.);
#674=ORIENTED_EDGE('',*,*,#1362,.F.);
#675=ORIENTED_EDGE('',*,*,#1304,.T.);
#676=ORIENTED_EDGE('',*,*,#1363,.F.);
#677=ORIENTED_EDGE('',*,*,#1153,.T.);
#678=ORIENTED_EDGE('',*,*,#1364,.F.);
#679=ORIENTED_EDGE('',*,*,#1365,.T.);
#680=ORIENTED_EDGE('',*,*,#1320,.T.);
#681=ORIENTED_EDGE('',*,*,#1361,.F.);
#682=ORIENTED_EDGE('',*,*,#1366,.F.);
#683=ORIENTED_EDGE('',*,*,#1309,.T.);
#684=ORIENTED_EDGE('',*,*,#1367,.F.);
#685=ORIENTED_EDGE('',*,*,#1368,.T.);
#686=ORIENTED_EDGE('',*,*,#1321,.T.);
#687=ORIENTED_EDGE('',*,*,#1365,.F.);
#688=ORIENTED_EDGE('',*,*,#1369,.F.);
#689=ORIENTED_EDGE('',*,*,#1166,.T.);
#690=ORIENTED_EDGE('',*,*,#1333,.T.);
#691=ORIENTED_EDGE('',*,*,#1322,.T.);
#692=ORIENTED_EDGE('',*,*,#1368,.F.);
#693=ORIENTED_EDGE('',*,*,#1370,.F.);
#694=ORIENTED_EDGE('',*,*,#1371,.T.);
#695=ORIENTED_EDGE('',*,*,#1219,.T.);
#696=ORIENTED_EDGE('',*,*,#1337,.T.);
#697=ORIENTED_EDGE('',*,*,#1249,.T.);
#698=ORIENTED_EDGE('',*,*,#1372,.F.);
#699=ORIENTED_EDGE('',*,*,#1257,.T.);
#700=ORIENTED_EDGE('',*,*,#1373,.F.);
#701=ORIENTED_EDGE('',*,*,#1374,.T.);
#702=ORIENTED_EDGE('',*,*,#1208,.T.);
#703=ORIENTED_EDGE('',*,*,#1371,.F.);
#704=ORIENTED_EDGE('',*,*,#1375,.F.);
#705=ORIENTED_EDGE('',*,*,#1376,.T.);
#706=ORIENTED_EDGE('',*,*,#1209,.T.);
#707=ORIENTED_EDGE('',*,*,#1374,.F.);
#708=ORIENTED_EDGE('',*,*,#1377,.F.);
#709=ORIENTED_EDGE('',*,*,#1259,.T.);
#710=ORIENTED_EDGE('',*,*,#1378,.F.);
#711=ORIENTED_EDGE('',*,*,#1270,.T.);
#712=ORIENTED_EDGE('',*,*,#1379,.F.);
#713=ORIENTED_EDGE('',*,*,#1380,.T.);
#714=ORIENTED_EDGE('',*,*,#1210,.T.);
#715=ORIENTED_EDGE('',*,*,#1376,.F.);
#716=ORIENTED_EDGE('',*,*,#1381,.F.);
#717=ORIENTED_EDGE('',*,*,#1222,.T.);
#718=ORIENTED_EDGE('',*,*,#1382,.F.);
#719=ORIENTED_EDGE('',*,*,#1383,.T.);
#720=ORIENTED_EDGE('',*,*,#1211,.T.);
#721=ORIENTED_EDGE('',*,*,#1380,.F.);
#722=ORIENTED_EDGE('',*,*,#1384,.F.);
#723=ORIENTED_EDGE('',*,*,#1385,.T.);
#724=ORIENTED_EDGE('',*,*,#1212,.T.);
#725=ORIENTED_EDGE('',*,*,#1383,.F.);
#726=ORIENTED_EDGE('',*,*,#1386,.F.);
#727=ORIENTED_EDGE('',*,*,#1094,.T.);
#728=ORIENTED_EDGE('',*,*,#1387,.F.);
#729=ORIENTED_EDGE('',*,*,#1234,.T.);
#730=ORIENTED_EDGE('',*,*,#1388,.F.);
#731=ORIENTED_EDGE('',*,*,#1389,.T.);
#732=ORIENTED_EDGE('',*,*,#1213,.T.);
#733=ORIENTED_EDGE('',*,*,#1385,.F.);
#734=ORIENTED_EDGE('',*,*,#1390,.F.);
#735=ORIENTED_EDGE('',*,*,#1253,.T.);
#736=ORIENTED_EDGE('',*,*,#1339,.T.);
#737=ORIENTED_EDGE('',*,*,#1215,.T.);
#738=ORIENTED_EDGE('',*,*,#1391,.T.);
#739=ORIENTED_EDGE('',*,*,#1392,.F.);
#740=ORIENTED_EDGE('',*,*,#1391,.F.);
#741=ORIENTED_EDGE('',*,*,#1214,.T.);
#742=ORIENTED_EDGE('',*,*,#1389,.F.);
#743=ORIENTED_EDGE('',*,*,#1393,.F.);
#744=ORIENTED_EDGE('',*,*,#1238,.T.);
#745=ORIENTED_EDGE('',*,*,#1394,.F.);
#746=ORIENTED_EDGE('',*,*,#1395,.T.);
#747=ORIENTED_EDGE('',*,*,#1286,.T.);
#748=ORIENTED_EDGE('',*,*,#1396,.T.);
#749=ORIENTED_EDGE('',*,*,#1397,.F.);
#750=ORIENTED_EDGE('',*,*,#1230,.T.);
#751=ORIENTED_EDGE('',*,*,#1398,.F.);
#752=ORIENTED_EDGE('',*,*,#1396,.F.);
#753=ORIENTED_EDGE('',*,*,#1285,.T.);
#754=ORIENTED_EDGE('',*,*,#1399,.T.);
#755=ORIENTED_EDGE('',*,*,#1400,.F.);
#756=ORIENTED_EDGE('',*,*,#1199,.T.);
#757=ORIENTED_EDGE('',*,*,#1401,.F.);
#758=ORIENTED_EDGE('',*,*,#1227,.T.);
#759=ORIENTED_EDGE('',*,*,#1402,.F.);
#760=ORIENTED_EDGE('',*,*,#1274,.F.);
#761=ORIENTED_EDGE('',*,*,#1403,.T.);
#762=ORIENTED_EDGE('',*,*,#1287,.T.);
#763=ORIENTED_EDGE('',*,*,#1395,.F.);
#764=ORIENTED_EDGE('',*,*,#1404,.F.);
#765=ORIENTED_EDGE('',*,*,#1399,.F.);
#766=ORIENTED_EDGE('',*,*,#1284,.T.);
#767=ORIENTED_EDGE('',*,*,#1405,.T.);
#768=ORIENTED_EDGE('',*,*,#1406,.F.);
#769=ORIENTED_EDGE('',*,*,#1244,.T.);
#770=ORIENTED_EDGE('',*,*,#1407,.F.);
#771=ORIENTED_EDGE('',*,*,#1288,.T.);
#772=ORIENTED_EDGE('',*,*,#1403,.F.);
#773=ORIENTED_EDGE('',*,*,#1273,.T.);
#774=ORIENTED_EDGE('',*,*,#1408,.F.);
#775=ORIENTED_EDGE('',*,*,#1405,.F.);
#776=ORIENTED_EDGE('',*,*,#1283,.T.);
#777=ORIENTED_EDGE('',*,*,#1409,.T.);
#778=ORIENTED_EDGE('',*,*,#1410,.F.);
#779=ORIENTED_EDGE('',*,*,#1196,.T.);
#780=ORIENTED_EDGE('',*,*,#1411,.F.);
#781=ORIENTED_EDGE('',*,*,#1101,.T.);
#782=ORIENTED_EDGE('',*,*,#1412,.F.);
#783=ORIENTED_EDGE('',*,*,#1413,.T.);
#784=ORIENTED_EDGE('',*,*,#1281,.T.);
#785=ORIENTED_EDGE('',*,*,#1414,.F.);
#786=ORIENTED_EDGE('',*,*,#1264,.T.);
#787=ORIENTED_EDGE('',*,*,#1415,.F.);
#788=ORIENTED_EDGE('',*,*,#1409,.F.);
#789=ORIENTED_EDGE('',*,*,#1282,.T.);
#790=ORIENTED_EDGE('',*,*,#1413,.F.);
#791=ORIENTED_EDGE('',*,*,#1416,.F.);
#792=ORIENTED_EDGE('',*,*,#1417,.F.);
#793=ORIENTED_EDGE('',*,*,#1115,.F.);
#794=ORIENTED_EDGE('',*,*,#1418,.F.);
#795=ORIENTED_EDGE('',*,*,#1121,.T.);
#796=ORIENTED_EDGE('',*,*,#1419,.F.);
#797=ORIENTED_EDGE('',*,*,#1420,.F.);
#798=ORIENTED_EDGE('',*,*,#1224,.F.);
#799=ORIENTED_EDGE('',*,*,#1421,.T.);
#800=ORIENTED_EDGE('',*,*,#1422,.F.);
#801=ORIENTED_EDGE('',*,*,#1423,.F.);
#802=ORIENTED_EDGE('',*,*,#1424,.F.);
#803=ORIENTED_EDGE('',*,*,#1425,.F.);
#804=ORIENTED_EDGE('',*,*,#1426,.F.);
#805=ORIENTED_EDGE('',*,*,#1427,.T.);
#806=ORIENTED_EDGE('',*,*,#1424,.T.);
#807=ORIENTED_EDGE('',*,*,#1428,.F.);
#808=ORIENTED_EDGE('',*,*,#1118,.T.);
#809=ORIENTED_EDGE('',*,*,#1429,.F.);
#810=ORIENTED_EDGE('',*,*,#1302,.T.);
#811=ORIENTED_EDGE('',*,*,#1357,.T.);
#812=ORIENTED_EDGE('',*,*,#1352,.T.);
#813=ORIENTED_EDGE('',*,*,#1104,.T.);
#814=ORIENTED_EDGE('',*,*,#1430,.F.);
#815=ORIENTED_EDGE('',*,*,#1223,.T.);
#816=ORIENTED_EDGE('',*,*,#1384,.T.);
#817=ORIENTED_EDGE('',*,*,#1379,.T.);
#818=ORIENTED_EDGE('',*,*,#1269,.T.);
#819=ORIENTED_EDGE('',*,*,#1431,.F.);
#820=ORIENTED_EDGE('',*,*,#1432,.F.);
#821=ORIENTED_EDGE('',*,*,#1433,.F.);
#822=ORIENTED_EDGE('',*,*,#1434,.F.);
#823=ORIENTED_EDGE('',*,*,#1421,.F.);
#824=ORIENTED_EDGE('',*,*,#1112,.T.);
#825=ORIENTED_EDGE('',*,*,#1133,.T.);
#826=ORIENTED_EDGE('',*,*,#1192,.T.);
#827=ORIENTED_EDGE('',*,*,#1435,.F.);
#828=ORIENTED_EDGE('',*,*,#1436,.F.);
#829=ORIENTED_EDGE('',*,*,#1437,.F.);
#830=ORIENTED_EDGE('',*,*,#1438,.F.);
#831=ORIENTED_EDGE('',*,*,#1439,.F.);
#832=ORIENTED_EDGE('',*,*,#1095,.T.);
#833=ORIENTED_EDGE('',*,*,#1386,.T.);
#834=ORIENTED_EDGE('',*,*,#1382,.T.);
#835=ORIENTED_EDGE('',*,*,#1221,.T.);
#836=ORIENTED_EDGE('',*,*,#1427,.F.);
#837=ORIENTED_EDGE('',*,*,#1343,.T.);
#838=ORIENTED_EDGE('',*,*,#1254,.T.);
#839=ORIENTED_EDGE('',*,*,#1392,.T.);
#840=ORIENTED_EDGE('',*,*,#1394,.T.);
#841=ORIENTED_EDGE('',*,*,#1241,.T.);
#842=ORIENTED_EDGE('',*,*,#1344,.T.);
#843=ORIENTED_EDGE('',*,*,#1239,.T.);
#844=ORIENTED_EDGE('',*,*,#1393,.T.);
#845=ORIENTED_EDGE('',*,*,#1388,.T.);
#846=ORIENTED_EDGE('',*,*,#1233,.T.);
#847=ORIENTED_EDGE('',*,*,#1397,.T.);
#848=ORIENTED_EDGE('',*,*,#1401,.T.);
#849=ORIENTED_EDGE('',*,*,#1201,.T.);
#850=ORIENTED_EDGE('',*,*,#1184,.T.);
#851=ORIENTED_EDGE('',*,*,#1231,.T.);
#852=ORIENTED_EDGE('',*,*,#1400,.T.);
#853=ORIENTED_EDGE('',*,*,#1407,.T.);
#854=ORIENTED_EDGE('',*,*,#1243,.T.);
#855=ORIENTED_EDGE('',*,*,#1186,.T.);
#856=ORIENTED_EDGE('',*,*,#1200,.T.);
#857=ORIENTED_EDGE('',*,*,#1406,.T.);
#858=ORIENTED_EDGE('',*,*,#1411,.T.);
#859=ORIENTED_EDGE('',*,*,#1198,.T.);
#860=ORIENTED_EDGE('',*,*,#1178,.T.);
#861=ORIENTED_EDGE('',*,*,#1245,.T.);
#862=ORIENTED_EDGE('',*,*,#1346,.T.);
#863=ORIENTED_EDGE('',*,*,#1258,.T.);
#864=ORIENTED_EDGE('',*,*,#1375,.T.);
#865=ORIENTED_EDGE('',*,*,#1372,.T.);
#866=ORIENTED_EDGE('',*,*,#1248,.T.);
#867=ORIENTED_EDGE('',*,*,#1410,.T.);
#868=ORIENTED_EDGE('',*,*,#1415,.T.);
#869=ORIENTED_EDGE('',*,*,#1263,.T.);
#870=ORIENTED_EDGE('',*,*,#1180,.T.);
#871=ORIENTED_EDGE('',*,*,#1197,.T.);
#872=ORIENTED_EDGE('',*,*,#1345,.T.);
#873=ORIENTED_EDGE('',*,*,#1260,.T.);
#874=ORIENTED_EDGE('',*,*,#1377,.T.);
#875=ORIENTED_EDGE('',*,*,#1373,.T.);
#876=ORIENTED_EDGE('',*,*,#1256,.T.);
#877=ORIENTED_EDGE('',*,*,#1369,.T.);
#878=ORIENTED_EDGE('',*,*,#1364,.T.);
#879=ORIENTED_EDGE('',*,*,#1152,.T.);
#880=ORIENTED_EDGE('',*,*,#1137,.T.);
#881=ORIENTED_EDGE('',*,*,#1310,.T.);
#882=ORIENTED_EDGE('',*,*,#1354,.T.);
#883=ORIENTED_EDGE('',*,*,#1351,.T.);
#884=ORIENTED_EDGE('',*,*,#1298,.T.);
#885=ORIENTED_EDGE('',*,*,#1140,.T.);
#886=ORIENTED_EDGE('',*,*,#1106,.T.);
#887=ORIENTED_EDGE('',*,*,#1293,.T.);
#888=ORIENTED_EDGE('',*,*,#1360,.T.);
#889=ORIENTED_EDGE('',*,*,#1355,.T.);
#890=ORIENTED_EDGE('',*,*,#1300,.T.);
#891=ORIENTED_EDGE('',*,*,#1440,.F.);
#892=ORIENTED_EDGE('',*,*,#1441,.F.);
#893=ORIENTED_EDGE('',*,*,#1362,.T.);
#894=ORIENTED_EDGE('',*,*,#1358,.T.);
#895=ORIENTED_EDGE('',*,*,#1291,.T.);
#896=ORIENTED_EDGE('',*,*,#1442,.T.);
#897=ORIENTED_EDGE('',*,*,#1305,.T.);
#898=ORIENTED_EDGE('',*,*,#1279,.T.);
#899=ORIENTED_EDGE('',*,*,#1306,.T.);
#900=ORIENTED_EDGE('',*,*,#1443,.T.);
#901=ORIENTED_EDGE('',*,*,#1098,.T.);
#902=ORIENTED_EDGE('',*,*,#1444,.F.);
#903=ORIENTED_EDGE('',*,*,#1445,.F.);
#904=ORIENTED_EDGE('',*,*,#1099,.T.);
#905=ORIENTED_EDGE('',*,*,#1443,.F.);
#906=ORIENTED_EDGE('',*,*,#1442,.F.);
#907=ORIENTED_EDGE('',*,*,#1446,.F.);
#908=ORIENTED_EDGE('',*,*,#1127,.T.);
#909=ORIENTED_EDGE('',*,*,#1190,.T.);
#910=ORIENTED_EDGE('',*,*,#1447,.T.);
#911=ORIENTED_EDGE('',*,*,#1171,.T.);
#912=ORIENTED_EDGE('',*,*,#1447,.F.);
#913=ORIENTED_EDGE('',*,*,#1448,.T.);
#914=ORIENTED_EDGE('',*,*,#1225,.T.);
#915=ORIENTED_EDGE('',*,*,#1449,.F.);
#916=ORIENTED_EDGE('',*,*,#1450,.F.);
#917=ORIENTED_EDGE('',*,*,#1275,.T.);
#918=ORIENTED_EDGE('',*,*,#1402,.T.);
#919=ORIENTED_EDGE('',*,*,#1226,.T.);
#920=ORIENTED_EDGE('',*,*,#1448,.F.);
#921=ORIENTED_EDGE('',*,*,#1189,.T.);
#922=ORIENTED_EDGE('',*,*,#1370,.T.);
#923=ORIENTED_EDGE('',*,*,#1367,.T.);
#924=ORIENTED_EDGE('',*,*,#1308,.T.);
#925=ORIENTED_EDGE('',*,*,#1135,.T.);
#926=ORIENTED_EDGE('',*,*,#1167,.T.);
#927=ORIENTED_EDGE('',*,*,#1350,.T.);
#928=ORIENTED_EDGE('',*,*,#1348,.T.);
#929=ORIENTED_EDGE('',*,*,#1161,.T.);
#930=ORIENTED_EDGE('',*,*,#1142,.T.);
#931=ORIENTED_EDGE('',*,*,#1297,.T.);
#932=ORIENTED_EDGE('',*,*,#1193,.T.);
#933=ORIENTED_EDGE('',*,*,#1131,.T.);
#934=ORIENTED_EDGE('',*,*,#1158,.T.);
#935=ORIENTED_EDGE('',*,*,#1451,.F.);
#936=ORIENTED_EDGE('',*,*,#1452,.F.);
#937=ORIENTED_EDGE('',*,*,#1280,.T.);
#938=ORIENTED_EDGE('',*,*,#1444,.T.);
#939=ORIENTED_EDGE('',*,*,#1102,.T.);
#940=ORIENTED_EDGE('',*,*,#1414,.T.);
#941=ORIENTED_EDGE('',*,*,#1289,.T.);
#942=ORIENTED_EDGE('',*,*,#1408,.T.);
#943=ORIENTED_EDGE('',*,*,#1453,.T.);
#944=ORIENTED_EDGE('',*,*,#1235,.T.);
#945=ORIENTED_EDGE('',*,*,#1390,.T.);
#946=ORIENTED_EDGE('',*,*,#1387,.T.);
#947=ORIENTED_EDGE('',*,*,#1093,.T.);
#948=ORIENTED_EDGE('',*,*,#1454,.F.);
#949=ORIENTED_EDGE('',*,*,#1455,.F.);
#950=ORIENTED_EDGE('',*,*,#1449,.T.);
#951=ORIENTED_EDGE('',*,*,#1456,.T.);
#952=ORIENTED_EDGE('',*,*,#1236,.T.);
#953=ORIENTED_EDGE('',*,*,#1453,.F.);
#954=ORIENTED_EDGE('',*,*,#1457,.F.);
#955=ORIENTED_EDGE('',*,*,#1404,.T.);
#956=ORIENTED_EDGE('',*,*,#1398,.T.);
#957=ORIENTED_EDGE('',*,*,#1237,.T.);
#958=ORIENTED_EDGE('',*,*,#1456,.F.);
#959=ORIENTED_EDGE('',*,*,#1228,.T.);
#960=ORIENTED_EDGE('',*,*,#1458,.F.);
#961=ORIENTED_EDGE('',*,*,#1271,.T.);
#962=ORIENTED_EDGE('',*,*,#1381,.T.);
#963=ORIENTED_EDGE('',*,*,#1378,.T.);
#964=ORIENTED_EDGE('',*,*,#1267,.T.);
#965=ORIENTED_EDGE('',*,*,#1459,.T.);
#966=ORIENTED_EDGE('',*,*,#1460,.F.);
#967=ORIENTED_EDGE('',*,*,#1459,.F.);
#968=ORIENTED_EDGE('',*,*,#1266,.T.);
#969=ORIENTED_EDGE('',*,*,#1461,.T.);
#970=ORIENTED_EDGE('',*,*,#1445,.T.);
#971=ORIENTED_EDGE('',*,*,#1462,.F.);
#972=ORIENTED_EDGE('',*,*,#1416,.T.);
#973=ORIENTED_EDGE('',*,*,#1412,.T.);
#974=ORIENTED_EDGE('',*,*,#1100,.T.);
#975=ORIENTED_EDGE('',*,*,#1461,.F.);
#976=ORIENTED_EDGE('',*,*,#1265,.T.);
#977=ORIENTED_EDGE('',*,*,#1125,.T.);
#978=ORIENTED_EDGE('',*,*,#1156,.T.);
#979=ORIENTED_EDGE('',*,*,#1276,.T.);
#980=ORIENTED_EDGE('',*,*,#1191,.T.);
#981=ORIENTED_EDGE('',*,*,#1366,.T.);
#982=ORIENTED_EDGE('',*,*,#1363,.T.);
#983=ORIENTED_EDGE('',*,*,#1307,.T.);
#984=ORIENTED_EDGE('',*,*,#1277,.T.);
#985=ORIENTED_EDGE('',*,*,#1154,.T.);
#986=ORIENTED_EDGE('',*,*,#1425,.T.);
#987=ORIENTED_EDGE('',*,*,#1463,.T.);
#988=ORIENTED_EDGE('',*,*,#1116,.T.);
#989=ORIENTED_EDGE('',*,*,#1417,.T.);
#990=ORIENTED_EDGE('',*,*,#1464,.F.);
#991=ORIENTED_EDGE('',*,*,#1117,.T.);
#992=ORIENTED_EDGE('',*,*,#1463,.F.);
#993=ORIENTED_EDGE('',*,*,#1429,.T.);
#994=ORIENTED_EDGE('',*,*,#1419,.T.);
#995=ORIENTED_EDGE('',*,*,#1120,.T.);
#996=ORIENTED_EDGE('',*,*,#1465,.T.);
#997=ORIENTED_EDGE('',*,*,#1423,.T.);
#998=ORIENTED_EDGE('',*,*,#1466,.F.);
#999=ORIENTED_EDGE('',*,*,#1465,.F.);
#1000=ORIENTED_EDGE('',*,*,#1119,.T.);
#1001=ORIENTED_EDGE('',*,*,#1428,.T.);
#1002=ORIENTED_EDGE('',*,*,#1450,.T.);
#1003=ORIENTED_EDGE('',*,*,#1457,.T.);
#1004=ORIENTED_EDGE('',*,*,#1467,.T.);
#1005=ORIENTED_EDGE('',*,*,#1172,.T.);
#1006=ORIENTED_EDGE('',*,*,#1467,.F.);
#1007=ORIENTED_EDGE('',*,*,#1455,.T.);
#1008=ORIENTED_EDGE('',*,*,#1468,.T.);
#1009=ORIENTED_EDGE('',*,*,#1157,.T.);
#1010=ORIENTED_EDGE('',*,*,#1468,.F.);
#1011=ORIENTED_EDGE('',*,*,#1454,.T.);
#1012=ORIENTED_EDGE('',*,*,#1469,.T.);
#1013=ORIENTED_EDGE('',*,*,#1451,.T.);
#1014=ORIENTED_EDGE('',*,*,#1469,.F.);
#1015=ORIENTED_EDGE('',*,*,#1097,.T.);
#1016=ORIENTED_EDGE('',*,*,#1470,.T.);
#1017=ORIENTED_EDGE('',*,*,#1452,.T.);
#1018=ORIENTED_EDGE('',*,*,#1470,.F.);
#1019=ORIENTED_EDGE('',*,*,#1096,.T.);
#1020=ORIENTED_EDGE('',*,*,#1471,.T.);
#1021=ORIENTED_EDGE('',*,*,#1194,.T.);
#1022=ORIENTED_EDGE('',*,*,#1471,.F.);
#1023=ORIENTED_EDGE('',*,*,#1439,.T.);
#1024=ORIENTED_EDGE('',*,*,#1472,.T.);
#1025=ORIENTED_EDGE('',*,*,#1195,.T.);
#1026=ORIENTED_EDGE('',*,*,#1473,.T.);
#1027=ORIENTED_EDGE('',*,*,#1474,.T.);
#1028=ORIENTED_EDGE('',*,*,#1113,.T.);
#1029=ORIENTED_EDGE('',*,*,#1435,.T.);
#1030=ORIENTED_EDGE('',*,*,#1472,.F.);
#1031=ORIENTED_EDGE('',*,*,#1438,.T.);
#1032=ORIENTED_EDGE('',*,*,#1475,.T.);
#1033=ORIENTED_EDGE('',*,*,#1473,.F.);
#1034=ORIENTED_EDGE('',*,*,#1426,.T.);
#1035=ORIENTED_EDGE('',*,*,#1464,.T.);
#1036=ORIENTED_EDGE('',*,*,#1476,.T.);
#1037=ORIENTED_EDGE('',*,*,#1436,.T.);
#1038=ORIENTED_EDGE('',*,*,#1114,.T.);
#1039=ORIENTED_EDGE('',*,*,#1474,.F.);
#1040=ORIENTED_EDGE('',*,*,#1475,.F.);
#1041=ORIENTED_EDGE('',*,*,#1437,.T.);
#1042=ORIENTED_EDGE('',*,*,#1476,.F.);
#1043=ORIENTED_EDGE('',*,*,#1418,.T.);
#1044=ORIENTED_EDGE('',*,*,#1446,.T.);
#1045=ORIENTED_EDGE('',*,*,#1295,.T.);
#1046=ORIENTED_EDGE('',*,*,#1477,.T.);
#1047=ORIENTED_EDGE('',*,*,#1462,.T.);
#1048=ORIENTED_EDGE('',*,*,#1477,.F.);
#1049=ORIENTED_EDGE('',*,*,#1294,.T.);
#1050=ORIENTED_EDGE('',*,*,#1478,.T.);
#1051=ORIENTED_EDGE('',*,*,#1460,.T.);
#1052=ORIENTED_EDGE('',*,*,#1478,.F.);
#1053=ORIENTED_EDGE('',*,*,#1441,.T.);
#1054=ORIENTED_EDGE('',*,*,#1479,.T.);
#1055=ORIENTED_EDGE('',*,*,#1458,.T.);
#1056=ORIENTED_EDGE('',*,*,#1479,.F.);
#1057=ORIENTED_EDGE('',*,*,#1440,.T.);
#1058=ORIENTED_EDGE('',*,*,#1480,.T.);
#1059=ORIENTED_EDGE('',*,*,#1272,.T.);
#1060=ORIENTED_EDGE('',*,*,#1480,.F.);
#1061=ORIENTED_EDGE('',*,*,#1299,.T.);
#1062=ORIENTED_EDGE('',*,*,#1481,.T.);
#1063=ORIENTED_EDGE('',*,*,#1268,.T.);
#1064=ORIENTED_EDGE('',*,*,#1481,.F.);
#1065=ORIENTED_EDGE('',*,*,#1303,.T.);
#1066=ORIENTED_EDGE('',*,*,#1482,.T.);
#1067=ORIENTED_EDGE('',*,*,#1431,.T.);
#1068=ORIENTED_EDGE('',*,*,#1483,.T.);
#1069=ORIENTED_EDGE('',*,*,#1484,.T.);
#1070=ORIENTED_EDGE('',*,*,#1432,.T.);
#1071=ORIENTED_EDGE('',*,*,#1482,.F.);
#1072=ORIENTED_EDGE('',*,*,#1430,.T.);
#1073=ORIENTED_EDGE('',*,*,#1103,.T.);
#1074=ORIENTED_EDGE('',*,*,#1485,.T.);
#1075=ORIENTED_EDGE('',*,*,#1483,.F.);
#1076=ORIENTED_EDGE('',*,*,#1484,.F.);
#1077=ORIENTED_EDGE('',*,*,#1485,.F.);
#1078=ORIENTED_EDGE('',*,*,#1122,.T.);
#1079=ORIENTED_EDGE('',*,*,#1420,.T.);
#1080=ORIENTED_EDGE('',*,*,#1486,.T.);
#1081=ORIENTED_EDGE('',*,*,#1433,.T.);
#1082=ORIENTED_EDGE('',*,*,#1422,.T.);
#1083=ORIENTED_EDGE('',*,*,#1434,.T.);
#1084=ORIENTED_EDGE('',*,*,#1486,.F.);
#1085=ORIENTED_EDGE('',*,*,#1466,.T.);
#1086=ORIENTED_EDGE('',*,*,#1487,.T.);
#1087=ORIENTED_EDGE('',*,*,#1229,.F.);
#1088=ORIENTED_EDGE('',*,*,#1488,.F.);
#1089=ORIENTED_EDGE('',*,*,#1489,.T.);
#1090=ORIENTED_EDGE('',*,*,#1487,.F.);
#1091=ORIENTED_EDGE('',*,*,#1488,.T.);
#1092=ORIENTED_EDGE('',*,*,#1489,.F.);
#1093=EDGE_CURVE('',#1490,#1491,#1752,.F.);
#1094=EDGE_CURVE('',#1492,#1490,#1753,.T.);
#1095=EDGE_CURVE('',#1493,#1492,#1754,.T.);
#1096=EDGE_CURVE('',#1494,#1493,#1755,.T.);
#1097=EDGE_CURVE('',#1491,#1494,#227,.T.);
#1098=EDGE_CURVE('',#1495,#1496,#1756,.T.);
#1099=EDGE_CURVE('',#1497,#1495,#228,.T.);
#1100=EDGE_CURVE('',#1498,#1497,#1757,.T.);
#1101=EDGE_CURVE('',#1499,#1498,#1758,.T.);
#1102=EDGE_CURVE('',#1496,#1499,#229,.F.);
#1103=EDGE_CURVE('',#1500,#1501,#230,.F.);
#1104=EDGE_CURVE('',#1502,#1500,#1759,.T.);
#1105=EDGE_CURVE('',#1503,#1502,#1760,.T.);
#1106=EDGE_CURVE('',#1504,#1503,#1761,.F.);
#1107=EDGE_CURVE('',#1505,#1504,#156,.T.);
#1108=EDGE_CURVE('',#1506,#1505,#1762,.T.);
#1109=EDGE_CURVE('',#1507,#1506,#157,.T.);
#1110=EDGE_CURVE('',#1508,#1507,#1763,.T.);
#1111=EDGE_CURVE('',#1509,#1508,#158,.T.);
#1112=EDGE_CURVE('',#1510,#1509,#1764,.F.);
#1113=EDGE_CURVE('',#1511,#1510,#231,.F.);
#1114=EDGE_CURVE('',#1512,#1511,#232,.T.);
#1115=EDGE_CURVE('',#1512,#1513,#1765,.T.);
#1116=EDGE_CURVE('',#1514,#1513,#233,.F.);
#1117=EDGE_CURVE('',#1515,#1514,#159,.F.);
#1118=EDGE_CURVE('',#1516,#1515,#1766,.T.);
#1119=EDGE_CURVE('',#1517,#1516,#160,.T.);
#1120=EDGE_CURVE('',#1518,#1517,#234,.F.);
#1121=EDGE_CURVE('',#1519,#1518,#1767,.T.);
#1122=EDGE_CURVE('',#1501,#1519,#235,.T.);
#1123=EDGE_CURVE('',#1520,#1521,#80,.T.);
#1124=EDGE_CURVE('',#1521,#1522,#161,.T.);
#1125=EDGE_CURVE('',#1523,#1522,#162,.T.);
#1126=EDGE_CURVE('',#1523,#1524,#81,.F.);
#1127=EDGE_CURVE('',#1525,#1524,#163,.T.);
#1128=EDGE_CURVE('',#1525,#1520,#164,.T.);
#1129=EDGE_CURVE('',#1508,#1526,#82,.T.);
#1130=EDGE_CURVE('',#1526,#1527,#165,.T.);
#1131=EDGE_CURVE('',#1528,#1527,#166,.T.);
#1132=EDGE_CURVE('',#1528,#1529,#83,.F.);
#1133=EDGE_CURVE('',#1509,#1529,#167,.T.);
#1134=EDGE_CURVE('',#1530,#1531,#168,.T.);
#1135=EDGE_CURVE('',#1532,#1531,#169,.T.);
#1136=EDGE_CURVE('',#1532,#1533,#84,.F.);
#1137=EDGE_CURVE('',#1534,#1533,#170,.T.);
#1138=EDGE_CURVE('',#1534,#1535,#171,.T.);
#1139=EDGE_CURVE('',#1535,#1530,#85,.T.);
#1140=EDGE_CURVE('',#1536,#1504,#172,.T.);
#1141=EDGE_CURVE('',#1536,#1537,#86,.F.);
#1142=EDGE_CURVE('',#1538,#1537,#173,.T.);
#1143=EDGE_CURVE('',#1538,#1539,#174,.T.);
#1144=EDGE_CURVE('',#1539,#1505,#87,.T.);
#1145=EDGE_CURVE('',#1540,#1540,#88,.T.);
#1146=EDGE_CURVE('',#1541,#1542,#175,.T.);
#1147=EDGE_CURVE('',#1542,#1507,#89,.F.);
#1148=EDGE_CURVE('',#1506,#1541,#90,.F.);
#1149=EDGE_CURVE('',#1543,#1521,#1768,.T.);
#1150=EDGE_CURVE('',#1543,#1544,#176,.T.);
#1151=EDGE_CURVE('',#1535,#1544,#1769,.T.);
#1152=EDGE_CURVE('',#1545,#1534,#1770,.T.);
#1153=EDGE_CURVE('',#1546,#1545,#1771,.T.);
#1154=EDGE_CURVE('',#1547,#1546,#1772,.F.);
#1155=EDGE_CURVE('',#1547,#1548,#1773,.T.);
#1156=EDGE_CURVE('',#1522,#1548,#1774,.T.);
#1157=EDGE_CURVE('',#1549,#1550,#1775,.T.);
#1158=EDGE_CURVE('',#1527,#1549,#1776,.T.);
#1159=EDGE_CURVE('',#1542,#1526,#1777,.T.);
#1160=EDGE_CURVE('',#1539,#1541,#1778,.T.);
#1161=EDGE_CURVE('',#1551,#1538,#1779,.T.);
#1162=EDGE_CURVE('',#1552,#1551,#1780,.T.);
#1163=EDGE_CURVE('',#1553,#1552,#1781,.T.);
#1164=EDGE_CURVE('',#1553,#1554,#91,.T.);
#1165=EDGE_CURVE('',#1555,#1554,#1782,.T.);
#1166=EDGE_CURVE('',#1556,#1555,#1783,.T.);
#1167=EDGE_CURVE('',#1531,#1556,#1784,.F.);
#1168=EDGE_CURVE('',#1557,#1530,#1785,.T.);
#1169=EDGE_CURVE('',#1558,#1557,#177,.T.);
#1170=EDGE_CURVE('',#1520,#1558,#1786,.T.);
#1171=EDGE_CURVE('',#1559,#1525,#1787,.F.);
#1172=EDGE_CURVE('',#1550,#1559,#178,.T.);
#1173=EDGE_CURVE('',#1560,#1560,#92,.T.);
#1174=EDGE_CURVE('',#1543,#1558,#93,.F.);
#1175=EDGE_CURVE('',#1557,#1544,#94,.F.);
#1176=EDGE_CURVE('',#1561,#1562,#95,.T.);
#1177=EDGE_CURVE('',#1562,#1563,#179,.T.);
#1178=EDGE_CURVE('',#1564,#1563,#180,.T.);
#1179=EDGE_CURVE('',#1564,#1565,#96,.T.);
#1180=EDGE_CURVE('',#1566,#1565,#181,.T.);
#1181=EDGE_CURVE('',#1566,#1561,#182,.T.);
#1182=EDGE_CURVE('',#1567,#1568,#97,.T.);
#1183=EDGE_CURVE('',#1568,#1569,#183,.T.);
#1184=EDGE_CURVE('',#1570,#1569,#184,.T.);
#1185=EDGE_CURVE('',#1570,#1571,#98,.T.);
#1186=EDGE_CURVE('',#1572,#1571,#185,.T.);
#1187=EDGE_CURVE('',#1572,#1567,#186,.T.);
#1188=EDGE_CURVE('',#1573,#1574,#1788,.T.);
#1189=EDGE_CURVE('',#1575,#1574,#1789,.F.);
#1190=EDGE_CURVE('',#1524,#1575,#1790,.T.);
#1191=EDGE_CURVE('',#1573,#1523,#1791,.F.);
#1192=EDGE_CURVE('',#1529,#1576,#1792,.T.);
#1193=EDGE_CURVE('',#1577,#1528,#1793,.F.);
#1194=EDGE_CURVE('',#1578,#1577,#1794,.F.);
#1195=EDGE_CURVE('',#1576,#1578,#236,.F.);
#1196=EDGE_CURVE('',#1579,#1580,#1795,.T.);
#1197=EDGE_CURVE('',#1565,#1579,#1796,.F.);
#1198=EDGE_CURVE('',#1580,#1564,#1797,.T.);
#1199=EDGE_CURVE('',#1581,#1582,#1798,.T.);
#1200=EDGE_CURVE('',#1571,#1581,#1799,.F.);
#1201=EDGE_CURVE('',#1582,#1570,#1800,.T.);
#1202=EDGE_CURVE('',#1583,#1583,#99,.T.);
#1203=EDGE_CURVE('',#1584,#1584,#187,.T.);
#1204=EDGE_CURVE('',#1585,#1585,#100,.F.);
#1205=EDGE_CURVE('',#1586,#1567,#1801,.T.);
#1206=EDGE_CURVE('',#1587,#1586,#101,.T.);
#1207=EDGE_CURVE('',#1568,#1587,#1802,.T.);
#1208=EDGE_CURVE('',#1588,#1589,#1803,.T.);
#1209=EDGE_CURVE('',#1590,#1588,#1804,.T.);
#1210=EDGE_CURVE('',#1591,#1590,#1805,.T.);
#1211=EDGE_CURVE('',#1592,#1591,#1806,.T.);
#1212=EDGE_CURVE('',#1593,#1592,#1807,.T.);
#1213=EDGE_CURVE('',#1594,#1593,#1808,.T.);
#1214=EDGE_CURVE('',#1595,#1594,#1809,.T.);
#1215=EDGE_CURVE('',#1596,#1595,#1810,.T.);
#1216=EDGE_CURVE('',#1597,#1596,#1811,.T.);
#1217=EDGE_CURVE('',#1597,#1598,#102,.F.);
#1218=EDGE_CURVE('',#1598,#1599,#1812,.T.);
#1219=EDGE_CURVE('',#1589,#1599,#1813,.T.);
#1220=EDGE_CURVE('',#1600,#1600,#188,.T.);
#1221=EDGE_CURVE('',#1601,#1602,#1814,.F.);
#1222=EDGE_CURVE('',#1603,#1601,#1815,.T.);
#1223=EDGE_CURVE('',#1604,#1603,#1816,.T.);
#1224=EDGE_CURVE('',#1604,#1602,#1817,.T.);
#1225=EDGE_CURVE('',#1605,#1606,#237,.T.);
#1226=EDGE_CURVE('',#1607,#1605,#1818,.T.);
#1227=EDGE_CURVE('',#1608,#1607,#1819,.T.);
#1228=EDGE_CURVE('',#1606,#1608,#1820,.F.);
#1229=EDGE_CURVE('',#1609,#1609,#103,.T.);
#1230=EDGE_CURVE('',#1610,#1611,#1821,.T.);
#1231=EDGE_CURVE('',#1569,#1610,#1822,.F.);
#1232=EDGE_CURVE('',#1612,#1587,#189,.T.);
#1233=EDGE_CURVE('',#1613,#1612,#1823,.F.);
#1234=EDGE_CURVE('',#1614,#1613,#1824,.T.);
#1235=EDGE_CURVE('',#1615,#1614,#1825,.T.);
#1236=EDGE_CURVE('',#1616,#1615,#190,.T.);
#1237=EDGE_CURVE('',#1611,#1616,#1826,.T.);
#1238=EDGE_CURVE('',#1617,#1618,#1827,.T.);
#1239=EDGE_CURVE('',#1619,#1617,#1828,.T.);
#1240=EDGE_CURVE('',#1620,#1619,#104,.T.);
#1241=EDGE_CURVE('',#1618,#1620,#1829,.F.);
#1242=EDGE_CURVE('',#1586,#1621,#191,.T.);
#1243=EDGE_CURVE('',#1622,#1572,#1830,.T.);
#1244=EDGE_CURVE('',#1623,#1622,#1831,.T.);
#1245=EDGE_CURVE('',#1563,#1623,#1832,.F.);
#1246=EDGE_CURVE('',#1562,#1624,#1833,.T.);
#1247=EDGE_CURVE('',#1625,#1624,#192,.T.);
#1248=EDGE_CURVE('',#1626,#1625,#1834,.F.);
#1249=EDGE_CURVE('',#1627,#1626,#1835,.T.);
#1250=EDGE_CURVE('',#1628,#1627,#1836,.T.);
#1251=EDGE_CURVE('',#1628,#1629,#105,.T.);
#1252=EDGE_CURVE('',#1629,#1630,#1837,.T.);
#1253=EDGE_CURVE('',#1631,#1630,#1838,.T.);
#1254=EDGE_CURVE('',#1621,#1631,#1839,.T.);
#1255=EDGE_CURVE('',#1632,#1633,#106,.T.);
#1256=EDGE_CURVE('',#1634,#1632,#1840,.F.);
#1257=EDGE_CURVE('',#1635,#1634,#1841,.T.);
#1258=EDGE_CURVE('',#1633,#1635,#1842,.T.);
#1259=EDGE_CURVE('',#1636,#1637,#1843,.T.);
#1260=EDGE_CURVE('',#1638,#1636,#1844,.T.);
#1261=EDGE_CURVE('',#1639,#1638,#193,.T.);
#1262=EDGE_CURVE('',#1639,#1561,#1845,.T.);
#1263=EDGE_CURVE('',#1640,#1566,#1846,.T.);
#1264=EDGE_CURVE('',#1641,#1640,#1847,.T.);
#1265=EDGE_CURVE('',#1642,#1641,#1848,.F.);
#1266=EDGE_CURVE('',#1643,#1642,#194,.T.);
#1267=EDGE_CURVE('',#1637,#1643,#1849,.F.);
#1268=EDGE_CURVE('',#1644,#1645,#1850,.T.);
#1269=EDGE_CURVE('',#1646,#1644,#1851,.F.);
#1270=EDGE_CURVE('',#1647,#1646,#1852,.T.);
#1271=EDGE_CURVE('',#1648,#1647,#1853,.T.);
#1272=EDGE_CURVE('',#1645,#1648,#238,.T.);
#1273=EDGE_CURVE('',#1649,#1650,#1854,.T.);
#1274=EDGE_CURVE('',#1649,#1651,#1855,.T.);
#1275=EDGE_CURVE('',#1574,#1651,#239,.T.);
#1276=EDGE_CURVE('',#1548,#1573,#240,.T.);
#1277=EDGE_CURVE('',#1652,#1547,#241,.T.);
#1278=EDGE_CURVE('',#1653,#1652,#1856,.T.);
#1279=EDGE_CURVE('',#1654,#1653,#242,.T.);
#1280=EDGE_CURVE('',#1650,#1654,#243,.F.);
#1281=EDGE_CURVE('',#1655,#1656,#1857,.T.);
#1282=EDGE_CURVE('',#1657,#1655,#1858,.T.);
#1283=EDGE_CURVE('',#1658,#1657,#1859,.T.);
#1284=EDGE_CURVE('',#1659,#1658,#1860,.T.);
#1285=EDGE_CURVE('',#1660,#1659,#1861,.T.);
#1286=EDGE_CURVE('',#1661,#1660,#1862,.T.);
#1287=EDGE_CURVE('',#1662,#1661,#1863,.T.);
#1288=EDGE_CURVE('',#1663,#1662,#1864,.T.);
#1289=EDGE_CURVE('',#1656,#1663,#244,.T.);
#1290=EDGE_CURVE('',#1664,#1664,#107,.T.);
#1291=EDGE_CURVE('',#1665,#1666,#1865,.T.);
#1292=EDGE_CURVE('',#1667,#1665,#1866,.T.);
#1293=EDGE_CURVE('',#1668,#1667,#1867,.F.);
#1294=EDGE_CURVE('',#1669,#1668,#1868,.F.);
#1295=EDGE_CURVE('',#1666,#1669,#195,.T.);
#1296=EDGE_CURVE('',#1670,#1671,#1869,.T.);
#1297=EDGE_CURVE('',#1537,#1670,#1870,.F.);
#1298=EDGE_CURVE('',#1671,#1536,#1871,.T.);
#1299=EDGE_CURVE('',#1672,#1673,#1872,.F.);
#1300=EDGE_CURVE('',#1674,#1672,#1873,.T.);
#1301=EDGE_CURVE('',#1675,#1674,#1874,.T.);
#1302=EDGE_CURVE('',#1676,#1675,#1875,.F.);
#1303=EDGE_CURVE('',#1673,#1676,#245,.F.);
#1304=EDGE_CURVE('',#1677,#1678,#1876,.T.);
#1305=EDGE_CURVE('',#1679,#1677,#1877,.F.);
#1306=EDGE_CURVE('',#1653,#1679,#1878,.F.);
#1307=EDGE_CURVE('',#1678,#1652,#1879,.T.);
#1308=EDGE_CURVE('',#1680,#1532,#1880,.T.);
#1309=EDGE_CURVE('',#1681,#1680,#1881,.T.);
#1310=EDGE_CURVE('',#1533,#1681,#1882,.F.);
#1311=EDGE_CURVE('',#1682,#1683,#1883,.T.);
#1312=EDGE_CURVE('',#1682,#1684,#108,.T.);
#1313=EDGE_CURVE('',#1684,#1685,#1884,.T.);
#1314=EDGE_CURVE('',#1686,#1685,#1885,.T.);
#1315=EDGE_CURVE('',#1687,#1686,#1886,.T.);
#1316=EDGE_CURVE('',#1688,#1687,#1887,.T.);
#1317=EDGE_CURVE('',#1689,#1688,#1888,.T.);
#1318=EDGE_CURVE('',#1690,#1689,#1889,.T.);
#1319=EDGE_CURVE('',#1691,#1690,#1890,.T.);
#1320=EDGE_CURVE('',#1692,#1691,#1891,.T.);
#1321=EDGE_CURVE('',#1693,#1692,#1892,.T.);
#1322=EDGE_CURVE('',#1683,#1693,#1893,.T.);
#1323=EDGE_CURVE('',#1694,#1694,#196,.T.);
#1324=EDGE_CURVE('',#1695,#1682,#1894,.T.);
#1325=EDGE_CURVE('',#1695,#1696,#197,.T.);
#1326=EDGE_CURVE('',#1684,#1696,#1895,.F.);
#1327=EDGE_CURVE('',#1697,#1697,#109,.T.);
#1328=EDGE_CURVE('',#1698,#1698,#198,.T.);
#1329=EDGE_CURVE('',#1597,#1699,#1896,.T.);
#1330=EDGE_CURVE('',#1699,#1700,#199,.T.);
#1331=EDGE_CURVE('',#1598,#1700,#1897,.T.);
#1332=EDGE_CURVE('',#1695,#1554,#1898,.T.);
#1333=EDGE_CURVE('',#1555,#1683,#1899,.T.);
#1334=EDGE_CURVE('',#1696,#1553,#1900,.T.);
#1335=EDGE_CURVE('',#1685,#1552,#1901,.T.);
#1336=EDGE_CURVE('',#1700,#1628,#1902,.T.);
#1337=EDGE_CURVE('',#1599,#1627,#1903,.F.);
#1338=EDGE_CURVE('',#1699,#1629,#1904,.T.);
#1339=EDGE_CURVE('',#1630,#1596,#1905,.F.);
#1340=EDGE_CURVE('',#1701,#1701,#110,.F.);
#1341=EDGE_CURVE('',#1624,#1639,#111,.T.);
#1342=EDGE_CURVE('',#1702,#1702,#112,.T.);
#1343=EDGE_CURVE('',#1620,#1621,#200,.T.);
#1344=EDGE_CURVE('',#1612,#1619,#201,.T.);
#1345=EDGE_CURVE('',#1632,#1638,#202,.T.);
#1346=EDGE_CURVE('',#1625,#1633,#203,.T.);
#1347=EDGE_CURVE('',#1703,#1686,#1906,.T.);
#1348=EDGE_CURVE('',#1703,#1551,#246,.T.);
#1349=EDGE_CURVE('',#1704,#1687,#1907,.T.);
#1350=EDGE_CURVE('',#1670,#1703,#247,.T.);
#1351=EDGE_CURVE('',#1704,#1671,#248,.T.);
#1352=EDGE_CURVE('',#1705,#1502,#249,.T.);
#1353=EDGE_CURVE('',#1705,#1688,#1908,.T.);
#1354=EDGE_CURVE('',#1503,#1704,#250,.T.);
#1355=EDGE_CURVE('',#1706,#1674,#251,.T.);
#1356=EDGE_CURVE('',#1706,#1689,#1909,.T.);
#1357=EDGE_CURVE('',#1675,#1705,#252,.T.);
#1358=EDGE_CURVE('',#1707,#1665,#253,.T.);
#1359=EDGE_CURVE('',#1707,#1690,#1910,.T.);
#1360=EDGE_CURVE('',#1667,#1706,#254,.T.);
#1361=EDGE_CURVE('',#1708,#1691,#1911,.T.);
#1362=EDGE_CURVE('',#1677,#1707,#255,.T.);
#1363=EDGE_CURVE('',#1708,#1678,#256,.T.);
#1364=EDGE_CURVE('',#1709,#1545,#257,.T.);
#1365=EDGE_CURVE('',#1709,#1692,#1912,.T.);
#1366=EDGE_CURVE('',#1546,#1708,#258,.T.);
#1367=EDGE_CURVE('',#1710,#1680,#259,.T.);
#1368=EDGE_CURVE('',#1710,#1693,#1913,.F.);
#1369=EDGE_CURVE('',#1681,#1709,#260,.T.);
#1370=EDGE_CURVE('',#1556,#1710,#261,.T.);
#1371=EDGE_CURVE('',#1711,#1589,#1914,.T.);
#1372=EDGE_CURVE('',#1711,#1626,#262,.F.);
#1373=EDGE_CURVE('',#1712,#1634,#263,.F.);
#1374=EDGE_CURVE('',#1712,#1588,#1915,.T.);
#1375=EDGE_CURVE('',#1635,#1711,#264,.F.);
#1376=EDGE_CURVE('',#1713,#1590,#1916,.T.);
#1377=EDGE_CURVE('',#1636,#1712,#265,.F.);
#1378=EDGE_CURVE('',#1713,#1637,#266,.F.);
#1379=EDGE_CURVE('',#1714,#1646,#267,.F.);
#1380=EDGE_CURVE('',#1714,#1591,#1917,.T.);
#1381=EDGE_CURVE('',#1647,#1713,#268,.F.);
#1382=EDGE_CURVE('',#1715,#1601,#269,.F.);
#1383=EDGE_CURVE('',#1715,#1592,#1918,.F.);
#1384=EDGE_CURVE('',#1603,#1714,#270,.F.);
#1385=EDGE_CURVE('',#1716,#1593,#1919,.T.);
#1386=EDGE_CURVE('',#1492,#1715,#271,.F.);
#1387=EDGE_CURVE('',#1716,#1490,#272,.F.);
#1388=EDGE_CURVE('',#1717,#1613,#273,.F.);
#1389=EDGE_CURVE('',#1717,#1594,#1920,.F.);
#1390=EDGE_CURVE('',#1614,#1716,#274,.F.);
#1391=EDGE_CURVE('',#1595,#1718,#1921,.F.);
#1392=EDGE_CURVE('',#1631,#1718,#275,.F.);
#1393=EDGE_CURVE('',#1617,#1717,#276,.F.);
#1394=EDGE_CURVE('',#1718,#1618,#277,.F.);
#1395=EDGE_CURVE('',#1719,#1661,#1922,.T.);
#1396=EDGE_CURVE('',#1660,#1720,#1923,.F.);
#1397=EDGE_CURVE('',#1610,#1720,#278,.T.);
#1398=EDGE_CURVE('',#1719,#1611,#279,.T.);
#1399=EDGE_CURVE('',#1659,#1721,#1924,.F.);
#1400=EDGE_CURVE('',#1581,#1721,#280,.T.);
#1401=EDGE_CURVE('',#1720,#1582,#281,.T.);
#1402=EDGE_CURVE('',#1651,#1607,#282,.F.);
#1403=EDGE_CURVE('',#1649,#1662,#1925,.F.);
#1404=EDGE_CURVE('',#1608,#1719,#283,.T.);
#1405=EDGE_CURVE('',#1658,#1722,#1926,.F.);
#1406=EDGE_CURVE('',#1623,#1722,#284,.T.);
#1407=EDGE_CURVE('',#1721,#1622,#285,.T.);
#1408=EDGE_CURVE('',#1663,#1650,#1927,.F.);
#1409=EDGE_CURVE('',#1657,#1723,#1928,.F.);
#1410=EDGE_CURVE('',#1579,#1723,#286,.T.);
#1411=EDGE_CURVE('',#1722,#1580,#287,.T.);
#1412=EDGE_CURVE('',#1724,#1498,#288,.T.);
#1413=EDGE_CURVE('',#1724,#1655,#1929,.F.);
#1414=EDGE_CURVE('',#1499,#1656,#1930,.T.);
#1415=EDGE_CURVE('',#1723,#1640,#289,.T.);
#1416=EDGE_CURVE('',#1641,#1724,#290,.T.);
#1417=EDGE_CURVE('',#1513,#1725,#1931,.F.);
#1418=EDGE_CURVE('',#1725,#1512,#1932,.F.);
#1419=EDGE_CURVE('',#1726,#1518,#1933,.T.);
#1420=EDGE_CURVE('',#1519,#1726,#1934,.F.);
#1421=EDGE_CURVE('',#1604,#1727,#291,.T.);
#1422=EDGE_CURVE('',#1728,#1727,#204,.T.);
#1423=EDGE_CURVE('',#1729,#1728,#1935,.F.);
#1424=EDGE_CURVE('',#1730,#1729,#1936,.F.);
#1425=EDGE_CURVE('',#1731,#1730,#1937,.T.);
#1426=EDGE_CURVE('',#1732,#1731,#205,.T.);
#1427=EDGE_CURVE('',#1732,#1602,#292,.T.);
#1428=EDGE_CURVE('',#1516,#1729,#113,.T.);
#1429=EDGE_CURVE('',#1730,#1515,#114,.F.);
#1430=EDGE_CURVE('',#1676,#1500,#206,.T.);
#1431=EDGE_CURVE('',#1733,#1644,#293,.F.);
#1432=EDGE_CURVE('',#1734,#1733,#207,.T.);
#1433=EDGE_CURVE('',#1735,#1734,#1938,.F.);
#1434=EDGE_CURVE('',#1727,#1735,#208,.T.);
#1435=EDGE_CURVE('',#1510,#1576,#209,.T.);
#1436=EDGE_CURVE('',#1736,#1732,#210,.T.);
#1437=EDGE_CURVE('',#1737,#1736,#1939,.T.);
#1438=EDGE_CURVE('',#1738,#1737,#211,.T.);
#1439=EDGE_CURVE('',#1493,#1738,#294,.F.);
#1440=EDGE_CURVE('',#1739,#1672,#295,.T.);
#1441=EDGE_CURVE('',#1668,#1739,#212,.T.);
#1442=EDGE_CURVE('',#1666,#1679,#296,.F.);
#1443=EDGE_CURVE('',#1679,#1495,#115,.T.);
#1444=EDGE_CURVE('',#1654,#1496,#213,.T.);
#1445=EDGE_CURVE('',#1497,#1740,#214,.T.);
#1446=EDGE_CURVE('',#1740,#1666,#116,.F.);
#1447=EDGE_CURVE('',#1575,#1559,#297,.F.);
#1448=EDGE_CURVE('',#1575,#1605,#117,.T.);
#1449=EDGE_CURVE('',#1741,#1606,#215,.T.);
#1450=EDGE_CURVE('',#1559,#1741,#118,.T.);
#1451=EDGE_CURVE('',#1742,#1549,#216,.T.);
#1452=EDGE_CURVE('',#1577,#1742,#298,.T.);
#1453=EDGE_CURVE('',#1743,#1615,#119,.T.);
#1454=EDGE_CURVE('',#1744,#1491,#217,.T.);
#1455=EDGE_CURVE('',#1743,#1744,#1940,.T.);
#1456=EDGE_CURVE('',#1606,#1616,#120,.T.);
#1457=EDGE_CURVE('',#1741,#1743,#218,.T.);
#1458=EDGE_CURVE('',#1648,#1745,#219,.T.);
#1459=EDGE_CURVE('',#1643,#1746,#121,.T.);
#1460=EDGE_CURVE('',#1745,#1746,#1941,.F.);
#1461=EDGE_CURVE('',#1642,#1497,#122,.T.);
#1462=EDGE_CURVE('',#1746,#1740,#220,.T.);
#1463=EDGE_CURVE('',#1730,#1514,#123,.T.);
#1464=EDGE_CURVE('',#1731,#1725,#221,.T.);
#1465=EDGE_CURVE('',#1517,#1729,#124,.T.);
#1466=EDGE_CURVE('',#1726,#1728,#222,.T.);
#1467=EDGE_CURVE('',#1743,#1550,#125,.T.);
#1468=EDGE_CURVE('',#1744,#1549,#126,.T.);
#1469=EDGE_CURVE('',#1491,#1742,#127,.T.);
#1470=EDGE_CURVE('',#1494,#1577,#128,.T.);
#1471=EDGE_CURVE('',#1493,#1578,#129,.T.);
#1472=EDGE_CURVE('',#1738,#1576,#130,.T.);
#1473=EDGE_CURVE('',#1510,#1747,#131,.T.);
#1474=EDGE_CURVE('',#1747,#1511,#223,.F.);
#1475=EDGE_CURVE('',#1737,#1747,#224,.F.);
#1476=EDGE_CURVE('',#1725,#1736,#132,.T.);
#1477=EDGE_CURVE('',#1669,#1746,#133,.T.);
#1478=EDGE_CURVE('',#1668,#1745,#134,.T.);
#1479=EDGE_CURVE('',#1739,#1648,#135,.T.);
#1480=EDGE_CURVE('',#1672,#1645,#136,.T.);
#1481=EDGE_CURVE('',#1673,#1644,#137,.T.);
#1482=EDGE_CURVE('',#1676,#1733,#138,.T.);
#1483=EDGE_CURVE('',#1500,#1748,#139,.T.);
#1484=EDGE_CURVE('',#1748,#1734,#225,.T.);
#1485=EDGE_CURVE('',#1501,#1748,#226,.T.);
#1486=EDGE_CURVE('',#1726,#1735,#140,.T.);
#1487=EDGE_CURVE('',#1749,#1749,#141,.T.);
#1488=EDGE_CURVE('',#1750,#1750,#142,.T.);
#1489=EDGE_CURVE('',#1751,#1751,#143,.T.);
#1490=VERTEX_POINT('',#4729);
#1491=VERTEX_POINT('',#4730);
#1492=VERTEX_POINT('',#4732);
#1493=VERTEX_POINT('',#4734);
#1494=VERTEX_POINT('',#4736);
#1495=VERTEX_POINT('',#4740);
#1496=VERTEX_POINT('',#4741);
#1497=VERTEX_POINT('',#4743);
#1498=VERTEX_POINT('',#4745);
#1499=VERTEX_POINT('',#4747);
#1500=VERTEX_POINT('',#4751);
#1501=VERTEX_POINT('',#4752);
#1502=VERTEX_POINT('',#4754);
#1503=VERTEX_POINT('',#4756);
#1504=VERTEX_POINT('',#4758);
#1505=VERTEX_POINT('',#4763);
#1506=VERTEX_POINT('',#4765);
#1507=VERTEX_POINT('',#4770);
#1508=VERTEX_POINT('',#4772);
#1509=VERTEX_POINT('',#4777);
#1510=VERTEX_POINT('',#4779);
#1511=VERTEX_POINT('',#4781);
#1512=VERTEX_POINT('',#4783);
#1513=VERTEX_POINT('',#4785);
#1514=VERTEX_POINT('',#4787);
#1515=VERTEX_POINT('',#4792);
#1516=VERTEX_POINT('',#4794);
#1517=VERTEX_POINT('',#4799);
#1518=VERTEX_POINT('',#4801);
#1519=VERTEX_POINT('',#4803);
#1520=VERTEX_POINT('',#4807);
#1521=VERTEX_POINT('',#4808);
#1522=VERTEX_POINT('',#4813);
#1523=VERTEX_POINT('',#4820);
#1524=VERTEX_POINT('',#4822);
#1525=VERTEX_POINT('',#4829);
#1526=VERTEX_POINT('',#4836);
#1527=VERTEX_POINT('',#4841);
#1528=VERTEX_POINT('',#4848);
#1529=VERTEX_POINT('',#4850);
#1530=VERTEX_POINT('',#4862);
#1531=VERTEX_POINT('',#4863);
#1532=VERTEX_POINT('',#4870);
#1533=VERTEX_POINT('',#4872);
#1534=VERTEX_POINT('',#4879);
#1535=VERTEX_POINT('',#4884);
#1536=VERTEX_POINT('',#4893);
#1537=VERTEX_POINT('',#4895);
#1538=VERTEX_POINT('',#4902);
#1539=VERTEX_POINT('',#4907);
#1540=VERTEX_POINT('',#4911);
#1541=VERTEX_POINT('',#4916);
#1542=VERTEX_POINT('',#4917);
#1543=VERTEX_POINT('',#4922);
#1544=VERTEX_POINT('',#4927);
#1545=VERTEX_POINT('',#4930);
#1546=VERTEX_POINT('',#4932);
#1547=VERTEX_POINT('',#4934);
#1548=VERTEX_POINT('',#4936);
#1549=VERTEX_POINT('',#4940);
#1550=VERTEX_POINT('',#4941);
#1551=VERTEX_POINT('',#4946);
#1552=VERTEX_POINT('',#4948);
#1553=VERTEX_POINT('',#4950);
#1554=VERTEX_POINT('',#4952);
#1555=VERTEX_POINT('',#4954);
#1556=VERTEX_POINT('',#4956);
#1557=VERTEX_POINT('',#4959);
#1558=VERTEX_POINT('',#4964);
#1559=VERTEX_POINT('',#4967);
#1560=VERTEX_POINT('',#4975);
#1561=VERTEX_POINT('',#4982);
#1562=VERTEX_POINT('',#4983);
#1563=VERTEX_POINT('',#4988);
#1564=VERTEX_POINT('',#4996);
#1565=VERTEX_POINT('',#4998);
#1566=VERTEX_POINT('',#5006);
#1567=VERTEX_POINT('',#5013);
#1568=VERTEX_POINT('',#5014);
#1569=VERTEX_POINT('',#5019);
#1570=VERTEX_POINT('',#5027);
#1571=VERTEX_POINT('',#5029);
#1572=VERTEX_POINT('',#5037);
#1573=VERTEX_POINT('',#5044);
#1574=VERTEX_POINT('',#5045);
#1575=VERTEX_POINT('',#5047);
#1576=VERTEX_POINT('',#5052);
#1577=VERTEX_POINT('',#5054);
#1578=VERTEX_POINT('',#5056);
#1579=VERTEX_POINT('',#5060);
#1580=VERTEX_POINT('',#5061);
#1581=VERTEX_POINT('',#5066);
#1582=VERTEX_POINT('',#5067);
#1583=VERTEX_POINT('',#5072);
#1584=VERTEX_POINT('',#5084);
#1585=VERTEX_POINT('',#5087);
#1586=VERTEX_POINT('',#5089);
#1587=VERTEX_POINT('',#5091);
#1588=VERTEX_POINT('',#5095);
#1589=VERTEX_POINT('',#5096);
#1590=VERTEX_POINT('',#5098);
#1591=VERTEX_POINT('',#5100);
#1592=VERTEX_POINT('',#5102);
#1593=VERTEX_POINT('',#5104);
#1594=VERTEX_POINT('',#5106);
#1595=VERTEX_POINT('',#5108);
#1596=VERTEX_POINT('',#5110);
#1597=VERTEX_POINT('',#5112);
#1598=VERTEX_POINT('',#5114);
#1599=VERTEX_POINT('',#5116);
#1600=VERTEX_POINT('',#5130);
#1601=VERTEX_POINT('',#5134);
#1602=VERTEX_POINT('',#5135);
#1603=VERTEX_POINT('',#5137);
#1604=VERTEX_POINT('',#5139);
#1605=VERTEX_POINT('',#5143);
#1606=VERTEX_POINT('',#5144);
#1607=VERTEX_POINT('',#5146);
#1608=VERTEX_POINT('',#5148);
#1609=VERTEX_POINT('',#5152);
#1610=VERTEX_POINT('',#5154);
#1611=VERTEX_POINT('',#5155);
#1612=VERTEX_POINT('',#5161);
#1613=VERTEX_POINT('',#5163);
#1614=VERTEX_POINT('',#5165);
#1615=VERTEX_POINT('',#5167);
#1616=VERTEX_POINT('',#5175);
#1617=VERTEX_POINT('',#5179);
#1618=VERTEX_POINT('',#5180);
#1619=VERTEX_POINT('',#5182);
#1620=VERTEX_POINT('',#5184);
#1621=VERTEX_POINT('',#5191);
#1622=VERTEX_POINT('',#5193);
#1623=VERTEX_POINT('',#5195);
#1624=VERTEX_POINT('',#5198);
#1625=VERTEX_POINT('',#5203);
#1626=VERTEX_POINT('',#5205);
#1627=VERTEX_POINT('',#5207);
#1628=VERTEX_POINT('',#5209);
#1629=VERTEX_POINT('',#5211);
#1630=VERTEX_POINT('',#5213);
#1631=VERTEX_POINT('',#5215);
#1632=VERTEX_POINT('',#5219);
#1633=VERTEX_POINT('',#5220);
#1634=VERTEX_POINT('',#5222);
#1635=VERTEX_POINT('',#5224);
#1636=VERTEX_POINT('',#5228);
#1637=VERTEX_POINT('',#5229);
#1638=VERTEX_POINT('',#5231);
#1639=VERTEX_POINT('',#5236);
#1640=VERTEX_POINT('',#5239);
#1641=VERTEX_POINT('',#5241);
#1642=VERTEX_POINT('',#5243);
#1643=VERTEX_POINT('',#5251);
#1644=VERTEX_POINT('',#5255);
#1645=VERTEX_POINT('',#5256);
#1646=VERTEX_POINT('',#5258);
#1647=VERTEX_POINT('',#5260);
#1648=VERTEX_POINT('',#5262);
#1649=VERTEX_POINT('',#5266);
#1650=VERTEX_POINT('',#5267);
#1651=VERTEX_POINT('',#5269);
#1652=VERTEX_POINT('',#5273);
#1653=VERTEX_POINT('',#5275);
#1654=VERTEX_POINT('',#5277);
#1655=VERTEX_POINT('',#5281);
#1656=VERTEX_POINT('',#5282);
#1657=VERTEX_POINT('',#5284);
#1658=VERTEX_POINT('',#5286);
#1659=VERTEX_POINT('',#5288);
#1660=VERTEX_POINT('',#5290);
#1661=VERTEX_POINT('',#5292);
#1662=VERTEX_POINT('',#5294);
#1663=VERTEX_POINT('',#5296);
#1664=VERTEX_POINT('',#5299);
#1665=VERTEX_POINT('',#5302);
#1666=VERTEX_POINT('',#5303);
#1667=VERTEX_POINT('',#5305);
#1668=VERTEX_POINT('',#5307);
#1669=VERTEX_POINT('',#5309);
#1670=VERTEX_POINT('',#5317);
#1671=VERTEX_POINT('',#5318);
#1672=VERTEX_POINT('',#5323);
#1673=VERTEX_POINT('',#5324);
#1674=VERTEX_POINT('',#5326);
#1675=VERTEX_POINT('',#5328);
#1676=VERTEX_POINT('',#5330);
#1677=VERTEX_POINT('',#5334);
#1678=VERTEX_POINT('',#5335);
#1679=VERTEX_POINT('',#5337);
#1680=VERTEX_POINT('',#5342);
#1681=VERTEX_POINT('',#5344);
#1682=VERTEX_POINT('',#5348);
#1683=VERTEX_POINT('',#5349);
#1684=VERTEX_POINT('',#5351);
#1685=VERTEX_POINT('',#5353);
#1686=VERTEX_POINT('',#5355);
#1687=VERTEX_POINT('',#5357);
#1688=VERTEX_POINT('',#5359);
#1689=VERTEX_POINT('',#5361);
#1690=VERTEX_POINT('',#5363);
#1691=VERTEX_POINT('',#5365);
#1692=VERTEX_POINT('',#5367);
#1693=VERTEX_POINT('',#5369);
#1694=VERTEX_POINT('',#5383);
#1695=VERTEX_POINT('',#5385);
#1696=VERTEX_POINT('',#5397);
#1697=VERTEX_POINT('',#5400);
#1698=VERTEX_POINT('',#5414);
#1699=VERTEX_POINT('',#5416);
#1700=VERTEX_POINT('',#5428);
#1701=VERTEX_POINT('',#5448);
#1702=VERTEX_POINT('',#5452);
#1703=VERTEX_POINT('',#5487);
#1704=VERTEX_POINT('',#5491);
#1705=VERTEX_POINT('',#5496);
#1706=VERTEX_POINT('',#5501);
#1707=VERTEX_POINT('',#5506);
#1708=VERTEX_POINT('',#5511);
#1709=VERTEX_POINT('',#5516);
#1710=VERTEX_POINT('',#5521);
#1711=VERTEX_POINT('',#5528);
#1712=VERTEX_POINT('',#5532);
#1713=VERTEX_POINT('',#5537);
#1714=VERTEX_POINT('',#5542);
#1715=VERTEX_POINT('',#5547);
#1716=VERTEX_POINT('',#5552);
#1717=VERTEX_POINT('',#5557);
#1718=VERTEX_POINT('',#5562);
#1719=VERTEX_POINT('',#5569);
#1720=VERTEX_POINT('',#5571);
#1721=VERTEX_POINT('',#5576);
#1722=VERTEX_POINT('',#5585);
#1723=VERTEX_POINT('',#5592);
#1724=VERTEX_POINT('',#5597);
#1725=VERTEX_POINT('',#5605);
#1726=VERTEX_POINT('',#5609);
#1727=VERTEX_POINT('',#5613);
#1728=VERTEX_POINT('',#5619);
#1729=VERTEX_POINT('',#5621);
#1730=VERTEX_POINT('',#5623);
#1731=VERTEX_POINT('',#5625);
#1732=VERTEX_POINT('',#5631);
#1733=VERTEX_POINT('',#5645);
#1734=VERTEX_POINT('',#5650);
#1735=VERTEX_POINT('',#5652);
#1736=VERTEX_POINT('',#5670);
#1737=VERTEX_POINT('',#5672);
#1738=VERTEX_POINT('',#5677);
#1739=VERTEX_POINT('',#5691);
#1740=VERTEX_POINT('',#5726);
#1741=VERTEX_POINT('',#5751);
#1742=VERTEX_POINT('',#5763);
#1743=VERTEX_POINT('',#5768);
#1744=VERTEX_POINT('',#5773);
#1745=VERTEX_POINT('',#5816);
#1746=VERTEX_POINT('',#5818);
#1747=VERTEX_POINT('',#5953);
#1748=VERTEX_POINT('',#6088);
#1749=VERTEX_POINT('',#6135);
#1750=VERTEX_POINT('',#6138);
#1751=VERTEX_POINT('',#6140);
#1752=LINE('',#4728,#1942);
#1753=LINE('',#4731,#1943);
#1754=LINE('',#4733,#1944);
#1755=LINE('',#4735,#1945);
#1756=LINE('',#4739,#1946);
#1757=LINE('',#4744,#1947);
#1758=LINE('',#4746,#1948);
#1759=LINE('',#4753,#1949);
#1760=LINE('',#4755,#1950);
#1761=LINE('',#4757,#1951);
#1762=LINE('',#4764,#1952);
#1763=LINE('',#4771,#1953);
#1764=LINE('',#4778,#1954);
#1765=LINE('',#4784,#1955);
#1766=LINE('',#4793,#1956);
#1767=LINE('',#4802,#1957);
#1768=LINE('',#4921,#1958);
#1769=LINE('',#4928,#1959);
#1770=LINE('',#4929,#1960);
#1771=LINE('',#4931,#1961);
#1772=LINE('',#4933,#1962);
#1773=LINE('',#4935,#1963);
#1774=LINE('',#4937,#1964);
#1775=LINE('',#4939,#1965);
#1776=LINE('',#4942,#1966);
#1777=LINE('',#4943,#1967);
#1778=LINE('',#4944,#1968);
#1779=LINE('',#4945,#1969);
#1780=LINE('',#4947,#1970);
#1781=LINE('',#4949,#1971);
#1782=LINE('',#4953,#1972);
#1783=LINE('',#4955,#1973);
#1784=LINE('',#4957,#1974);
#1785=LINE('',#4958,#1975);
#1786=LINE('',#4965,#1976);
#1787=LINE('',#4966,#1977);
#1788=LINE('',#5043,#1978);
#1789=LINE('',#5046,#1979);
#1790=LINE('',#5048,#1980);
#1791=LINE('',#5049,#1981);
#1792=LINE('',#5051,#1982);
#1793=LINE('',#5053,#1983);
#1794=LINE('',#5055,#1984);
#1795=LINE('',#5059,#1985);
#1796=LINE('',#5062,#1986);
#1797=LINE('',#5063,#1987);
#1798=LINE('',#5065,#1988);
#1799=LINE('',#5068,#1989);
#1800=LINE('',#5069,#1990);
#1801=LINE('',#5088,#1991);
#1802=LINE('',#5092,#1992);
#1803=LINE('',#5094,#1993);
#1804=LINE('',#5097,#1994);
#1805=LINE('',#5099,#1995);
#1806=LINE('',#5101,#1996);
#1807=LINE('',#5103,#1997);
#1808=LINE('',#5105,#1998);
#1809=LINE('',#5107,#1999);
#1810=LINE('',#5109,#2000);
#1811=LINE('',#5111,#2001);
#1812=LINE('',#5115,#2002);
#1813=LINE('',#5117,#2003);
#1814=LINE('',#5133,#2004);
#1815=LINE('',#5136,#2005);
#1816=LINE('',#5138,#2006);
#1817=LINE('',#5140,#2007);
#1818=LINE('',#5145,#2008);
#1819=LINE('',#5147,#2009);
#1820=LINE('',#5149,#2010);
#1821=LINE('',#5153,#2011);
#1822=LINE('',#5156,#2012);
#1823=LINE('',#5162,#2013);
#1824=LINE('',#5164,#2014);
#1825=LINE('',#5166,#2015);
#1826=LINE('',#5176,#2016);
#1827=LINE('',#5178,#2017);
#1828=LINE('',#5181,#2018);
#1829=LINE('',#5185,#2019);
#1830=LINE('',#5192,#2020);
#1831=LINE('',#5194,#2021);
#1832=LINE('',#5196,#2022);
#1833=LINE('',#5197,#2023);
#1834=LINE('',#5204,#2024);
#1835=LINE('',#5206,#2025);
#1836=LINE('',#5208,#2026);
#1837=LINE('',#5212,#2027);
#1838=LINE('',#5214,#2028);
#1839=LINE('',#5216,#2029);
#1840=LINE('',#5221,#2030);
#1841=LINE('',#5223,#2031);
#1842=LINE('',#5225,#2032);
#1843=LINE('',#5227,#2033);
#1844=LINE('',#5230,#2034);
#1845=LINE('',#5237,#2035);
#1846=LINE('',#5238,#2036);
#1847=LINE('',#5240,#2037);
#1848=LINE('',#5242,#2038);
#1849=LINE('',#5252,#2039);
#1850=LINE('',#5254,#2040);
#1851=LINE('',#5257,#2041);
#1852=LINE('',#5259,#2042);
#1853=LINE('',#5261,#2043);
#1854=LINE('',#5265,#2044);
#1855=LINE('',#5268,#2045);
#1856=LINE('',#5274,#2046);
#1857=LINE('',#5280,#2047);
#1858=LINE('',#5283,#2048);
#1859=LINE('',#5285,#2049);
#1860=LINE('',#5287,#2050);
#1861=LINE('',#5289,#2051);
#1862=LINE('',#5291,#2052);
#1863=LINE('',#5293,#2053);
#1864=LINE('',#5295,#2054);
#1865=LINE('',#5301,#2055);
#1866=LINE('',#5304,#2056);
#1867=LINE('',#5306,#2057);
#1868=LINE('',#5308,#2058);
#1869=LINE('',#5316,#2059);
#1870=LINE('',#5319,#2060);
#1871=LINE('',#5320,#2061);
#1872=LINE('',#5322,#2062);
#1873=LINE('',#5325,#2063);
#1874=LINE('',#5327,#2064);
#1875=LINE('',#5329,#2065);
#1876=LINE('',#5333,#2066);
#1877=LINE('',#5336,#2067);
#1878=LINE('',#5338,#2068);
#1879=LINE('',#5339,#2069);
#1880=LINE('',#5341,#2070);
#1881=LINE('',#5343,#2071);
#1882=LINE('',#5345,#2072);
#1883=LINE('',#5347,#2073);
#1884=LINE('',#5352,#2074);
#1885=LINE('',#5354,#2075);
#1886=LINE('',#5356,#2076);
#1887=LINE('',#5358,#2077);
#1888=LINE('',#5360,#2078);
#1889=LINE('',#5362,#2079);
#1890=LINE('',#5364,#2080);
#1891=LINE('',#5366,#2081);
#1892=LINE('',#5368,#2082);
#1893=LINE('',#5370,#2083);
#1894=LINE('',#5384,#2084);
#1895=LINE('',#5398,#2085);
#1896=LINE('',#5415,#2086);
#1897=LINE('',#5429,#2087);
#1898=LINE('',#5431,#2088);
#1899=LINE('',#5432,#2089);
#1900=LINE('',#5434,#2090);
#1901=LINE('',#5436,#2091);
#1902=LINE('',#5440,#2092);
#1903=LINE('',#5441,#2093);
#1904=LINE('',#5443,#2094);
#1905=LINE('',#5445,#2095);
#1906=LINE('',#5486,#2096);
#1907=LINE('',#5490,#2097);
#1908=LINE('',#5497,#2098);
#1909=LINE('',#5502,#2099);
#1910=LINE('',#5507,#2100);
#1911=LINE('',#5510,#2101);
#1912=LINE('',#5517,#2102);
#1913=LINE('',#5522,#2103);
#1914=LINE('',#5527,#2104);
#1915=LINE('',#5533,#2105);
#1916=LINE('',#5536,#2106);
#1917=LINE('',#5543,#2107);
#1918=LINE('',#5548,#2108);
#1919=LINE('',#5551,#2109);
#1920=LINE('',#5558,#2110);
#1921=LINE('',#5561,#2111);
#1922=LINE('',#5568,#2112);
#1923=LINE('',#5570,#2113);
#1924=LINE('',#5575,#2114);
#1925=LINE('',#5581,#2115);
#1926=LINE('',#5584,#2116);
#1927=LINE('',#5589,#2117);
#1928=LINE('',#5591,#2118);
#1929=LINE('',#5598,#2119);
#1930=LINE('',#5599,#2120);
#1931=LINE('',#5604,#2121);
#1932=LINE('',#5606,#2122);
#1933=LINE('',#5608,#2123);
#1934=LINE('',#5610,#2124);
#1935=LINE('',#5620,#2125);
#1936=LINE('',#5622,#2126);
#1937=LINE('',#5624,#2127);
#1938=LINE('',#5651,#2128);
#1939=LINE('',#5671,#2129);
#1940=LINE('',#5774,#2130);
#1941=LINE('',#5819,#2131);
#1942=VECTOR('',#4006,1.);
#1943=VECTOR('',#4007,1.);
#1944=VECTOR('',#4008,1.);
#1945=VECTOR('',#4009,1.);
#1946=VECTOR('',#4014,1.);
#1947=VECTOR('',#4017,1.);
#1948=VECTOR('',#4018,1.);
#1949=VECTOR('',#4025,1.);
#1950=VECTOR('',#4026,1.);
#1951=VECTOR('',#4027,1.);
#1952=VECTOR('',#4028,1.);
#1953=VECTOR('',#4029,1.);
#1954=VECTOR('',#4030,1.);
#1955=VECTOR('',#4035,1.);
#1956=VECTOR('',#4038,1.);
#1957=VECTOR('',#4041,1.);
#1958=VECTOR('',#4078,1.);
#1959=VECTOR('',#4079,1.);
#1960=VECTOR('',#4080,1.);
#1961=VECTOR('',#4081,1.);
#1962=VECTOR('',#4082,1.);
#1963=VECTOR('',#4083,1.);
#1964=VECTOR('',#4084,1.);
#1965=VECTOR('',#4087,1.);
#1966=VECTOR('',#4088,1.);
#1967=VECTOR('',#4089,1.);
#1968=VECTOR('',#4090,1.);
#1969=VECTOR('',#4091,1.);
#1970=VECTOR('',#4092,1.);
#1971=VECTOR('',#4093,1.);
#1972=VECTOR('',#4096,1.);
#1973=VECTOR('',#4097,1.);
#1974=VECTOR('',#4098,1.);
#1975=VECTOR('',#4099,1.);
#1976=VECTOR('',#4100,1.);
#1977=VECTOR('',#4101,1.);
#1978=VECTOR('',#4128,1.);
#1979=VECTOR('',#4129,1.);
#1980=VECTOR('',#4130,1.);
#1981=VECTOR('',#4131,1.);
#1982=VECTOR('',#4134,1.);
#1983=VECTOR('',#4135,1.);
#1984=VECTOR('',#4136,1.);
#1985=VECTOR('',#4141,1.);
#1986=VECTOR('',#4142,1.);
#1987=VECTOR('',#4143,1.);
#1988=VECTOR('',#4146,1.);
#1989=VECTOR('',#4147,1.);
#1990=VECTOR('',#4148,1.);
#1991=VECTOR('',#4157,1.);
#1992=VECTOR('',#4160,1.);
#1993=VECTOR('',#4163,1.);
#1994=VECTOR('',#4164,1.);
#1995=VECTOR('',#4165,1.);
#1996=VECTOR('',#4166,1.);
#1997=VECTOR('',#4167,1.);
#1998=VECTOR('',#4168,1.);
#1999=VECTOR('',#4169,1.);
#2000=VECTOR('',#4170,1.);
#2001=VECTOR('',#4171,1.);
#2002=VECTOR('',#4174,1.);
#2003=VECTOR('',#4175,1.);
#2004=VECTOR('',#4182,1.);
#2005=VECTOR('',#4183,1.);
#2006=VECTOR('',#4184,1.);
#2007=VECTOR('',#4185,1.);
#2008=VECTOR('',#4190,1.);
#2009=VECTOR('',#4191,1.);
#2010=VECTOR('',#4192,1.);
#2011=VECTOR('',#4197,1.);
#2012=VECTOR('',#4198,1.);
#2013=VECTOR('',#4199,1.);
#2014=VECTOR('',#4200,1.);
#2015=VECTOR('',#4201,1.);
#2016=VECTOR('',#4202,1.);
#2017=VECTOR('',#4205,1.);
#2018=VECTOR('',#4206,1.);
#2019=VECTOR('',#4209,1.);
#2020=VECTOR('',#4212,1.);
#2021=VECTOR('',#4213,1.);
#2022=VECTOR('',#4214,1.);
#2023=VECTOR('',#4215,1.);
#2024=VECTOR('',#4216,1.);
#2025=VECTOR('',#4217,1.);
#2026=VECTOR('',#4218,1.);
#2027=VECTOR('',#4221,1.);
#2028=VECTOR('',#4222,1.);
#2029=VECTOR('',#4223,1.);
#2030=VECTOR('',#4228,1.);
#2031=VECTOR('',#4229,1.);
#2032=VECTOR('',#4230,1.);
#2033=VECTOR('',#4233,1.);
#2034=VECTOR('',#4234,1.);
#2035=VECTOR('',#4235,1.);
#2036=VECTOR('',#4236,1.);
#2037=VECTOR('',#4237,1.);
#2038=VECTOR('',#4238,1.);
#2039=VECTOR('',#4239,1.);
#2040=VECTOR('',#4242,1.);
#2041=VECTOR('',#4243,1.);
#2042=VECTOR('',#4244,1.);
#2043=VECTOR('',#4245,1.);
#2044=VECTOR('',#4250,1.);
#2045=VECTOR('',#4251,1.);
#2046=VECTOR('',#4258,1.);
#2047=VECTOR('',#4265,1.);
#2048=VECTOR('',#4266,1.);
#2049=VECTOR('',#4267,1.);
#2050=VECTOR('',#4268,1.);
#2051=VECTOR('',#4269,1.);
#2052=VECTOR('',#4270,1.);
#2053=VECTOR('',#4271,1.);
#2054=VECTOR('',#4272,1.);
#2055=VECTOR('',#4279,1.);
#2056=VECTOR('',#4280,1.);
#2057=VECTOR('',#4281,1.);
#2058=VECTOR('',#4282,1.);
#2059=VECTOR('',#4285,1.);
#2060=VECTOR('',#4286,1.);
#2061=VECTOR('',#4287,1.);
#2062=VECTOR('',#4290,1.);
#2063=VECTOR('',#4291,1.);
#2064=VECTOR('',#4292,1.);
#2065=VECTOR('',#4293,1.);
#2066=VECTOR('',#4298,1.);
#2067=VECTOR('',#4299,1.);
#2068=VECTOR('',#4300,1.);
#2069=VECTOR('',#4301,1.);
#2070=VECTOR('',#4304,1.);
#2071=VECTOR('',#4305,1.);
#2072=VECTOR('',#4306,1.);
#2073=VECTOR('',#4309,1.);
#2074=VECTOR('',#4312,1.);
#2075=VECTOR('',#4313,1.);
#2076=VECTOR('',#4314,1.);
#2077=VECTOR('',#4315,1.);
#2078=VECTOR('',#4316,1.);
#2079=VECTOR('',#4317,1.);
#2080=VECTOR('',#4318,1.);
#2081=VECTOR('',#4319,1.);
#2082=VECTOR('',#4320,1.);
#2083=VECTOR('',#4321,1.);
#2084=VECTOR('',#4324,1.);
#2085=VECTOR('',#4325,1.);
#2086=VECTOR('',#4332,1.);
#2087=VECTOR('',#4333,1.);
#2088=VECTOR('',#4336,1.);
#2089=VECTOR('',#4337,1.);
#2090=VECTOR('',#4340,1.);
#2091=VECTOR('',#4343,1.);
#2092=VECTOR('',#4350,1.);
#2093=VECTOR('',#4351,1.);
#2094=VECTOR('',#4354,1.);
#2095=VECTOR('',#4357,1.);
#2096=VECTOR('',#4378,1.);
#2097=VECTOR('',#4383,1.);
#2098=VECTOR('',#4392,1.);
#2099=VECTOR('',#4399,1.);
#2100=VECTOR('',#4406,1.);
#2101=VECTOR('',#4411,1.);
#2102=VECTOR('',#4420,1.);
#2103=VECTOR('',#4427,1.);
#2104=VECTOR('',#4436,1.);
#2105=VECTOR('',#4443,1.);
#2106=VECTOR('',#4448,1.);
#2107=VECTOR('',#4457,1.);
#2108=VECTOR('',#4464,1.);
#2109=VECTOR('',#4469,1.);
#2110=VECTOR('',#4478,1.);
#2111=VECTOR('',#4483,1.);
#2112=VECTOR('',#4494,1.);
#2113=VECTOR('',#4495,1.);
#2114=VECTOR('',#4502,1.);
#2115=VECTOR('',#4511,1.);
#2116=VECTOR('',#4516,1.);
#2117=VECTOR('',#4523,1.);
#2118=VECTOR('',#4526,1.);
#2119=VECTOR('',#4535,1.);
#2120=VECTOR('',#4536,1.);
#2121=VECTOR('',#4545,1.);
#2122=VECTOR('',#4546,1.);
#2123=VECTOR('',#4549,1.);
#2124=VECTOR('',#4550,1.);
#2125=VECTOR('',#4555,1.);
#2126=VECTOR('',#4556,1.);
#2127=VECTOR('',#4557,1.);
#2128=VECTOR('',#4572,1.);
#2129=VECTOR('',#4577,1.);
#2130=VECTOR('',#4638,1.);
#2131=VECTOR('',#4647,1.);
#2132=EDGE_LOOP('',(#299,#300,#301,#302,#303));
#2133=EDGE_LOOP('',(#304,#305,#306,#307,#308));
#2134=EDGE_LOOP('',(#309,#310,#311,#312,#313,#314,#315,#316,#317,#318,#319,
#320,#321,#322,#323,#324,#325,#326,#327,#328));
#2135=EDGE_LOOP('',(#329,#330,#331,#332,#333,#334));
#2136=EDGE_LOOP('',(#335,#336,#337,#338,#339,#340));
#2137=EDGE_LOOP('',(#341,#342,#343,#344,#345,#346));
#2138=EDGE_LOOP('',(#347,#348,#349,#350,#351,#352));
#2139=EDGE_LOOP('',(#353));
#2140=EDGE_LOOP('',(#354,#355,#356,#357));
#2141=EDGE_LOOP('',(#358,#359,#360,#361,#362,#363,#364,#365,#366,#367));
#2142=EDGE_LOOP('',(#368,#369,#370,#371,#372,#373,#374,#375,#376,#377,#378,
#379,#380,#381,#382,#383,#384,#385,#386,#387,#388));
#2143=EDGE_LOOP('',(#389));
#2144=EDGE_LOOP('',(#390,#391,#392,#393));
#2145=EDGE_LOOP('',(#394,#395,#396,#397));
#2146=EDGE_LOOP('',(#398,#399,#400,#401));
#2147=EDGE_LOOP('',(#402,#403,#404,#405,#406,#407));
#2148=EDGE_LOOP('',(#408,#409,#410,#411,#412,#413));
#2149=EDGE_LOOP('',(#414,#415,#416,#417,#418));
#2150=EDGE_LOOP('',(#419,#420,#421,#422,#423));
#2151=EDGE_LOOP('',(#424,#425,#426,#427));
#2152=EDGE_LOOP('',(#428,#429,#430,#431));
#2153=EDGE_LOOP('',(#432));
#2154=EDGE_LOOP('',(#433));
#2155=EDGE_LOOP('',(#434));
#2156=EDGE_LOOP('',(#435,#436,#437,#438));
#2157=EDGE_LOOP('',(#439,#440,#441,#442,#443,#444,#445,#446,#447,#448,#449,
#450));
#2158=EDGE_LOOP('',(#451));
#2159=EDGE_LOOP('',(#452));
#2160=EDGE_LOOP('',(#453,#454,#455,#456));
#2161=EDGE_LOOP('',(#457,#458,#459,#460));
#2162=EDGE_LOOP('',(#461,#462,#463,#464));
#2163=EDGE_LOOP('',(#465));
#2164=EDGE_LOOP('',(#466,#467,#468,#469,#470,#471,#472,#473,#474,#475));
#2165=EDGE_LOOP('',(#476,#477,#478,#479));
#2166=EDGE_LOOP('',(#480,#481,#482,#483,#484,#485,#486,#487,#488,#489,#490,
#491,#492,#493,#494,#495));
#2167=EDGE_LOOP('',(#496,#497,#498,#499));
#2168=EDGE_LOOP('',(#500,#501,#502,#503,#504,#505,#506,#507,#508,#509));
#2169=EDGE_LOOP('',(#510,#511,#512,#513,#514));
#2170=EDGE_LOOP('',(#515,#516,#517,#518,#519,#520,#521,#522,#523,#524));
#2171=EDGE_LOOP('',(#525,#526,#527,#528,#529,#530,#531,#532,#533));
#2172=EDGE_LOOP('',(#534));
#2173=EDGE_LOOP('',(#535,#536,#537,#538,#539));
#2174=EDGE_LOOP('',(#540,#541,#542,#543));
#2175=EDGE_LOOP('',(#544,#545,#546,#547,#548));
#2176=EDGE_LOOP('',(#549,#550,#551,#552,#553));
#2177=EDGE_LOOP('',(#554,#555,#556,#557));
#2178=EDGE_LOOP('',(#558,#559,#560,#561,#562,#563,#564,#565,#566,#567,#568,
#569));
#2179=EDGE_LOOP('',(#570));
#2180=EDGE_LOOP('',(#571));
#2181=EDGE_LOOP('',(#572,#573,#574,#575));
#2182=EDGE_LOOP('',(#576));
#2183=EDGE_LOOP('',(#577));
#2184=EDGE_LOOP('',(#578));
#2185=EDGE_LOOP('',(#579));
#2186=EDGE_LOOP('',(#580,#581,#582,#583));
#2187=EDGE_LOOP('',(#584));
#2188=EDGE_LOOP('',(#585,#586,#587,#588,#589));
#2189=EDGE_LOOP('',(#590,#591,#592,#593));
#2190=EDGE_LOOP('',(#594,#595,#596,#597,#598));
#2191=EDGE_LOOP('',(#599,#600,#601,#602));
#2192=EDGE_LOOP('',(#603));
#2193=EDGE_LOOP('',(#604));
#2194=EDGE_LOOP('',(#605,#606,#607,#608,#609));
#2195=EDGE_LOOP('',(#610,#611,#612,#613));
#2196=EDGE_LOOP('',(#614,#615,#616,#617,#618));
#2197=EDGE_LOOP('',(#619));
#2198=EDGE_LOOP('',(#620,#621,#622,#623));
#2199=EDGE_LOOP('',(#624));
#2200=EDGE_LOOP('',(#625));
#2201=EDGE_LOOP('',(#626,#627,#628,#629,#630,#631));
#2202=EDGE_LOOP('',(#632,#633,#634,#635,#636,#637));
#2203=EDGE_LOOP('',(#638));
#2204=EDGE_LOOP('',(#639));
#2205=EDGE_LOOP('',(#640));
#2206=EDGE_LOOP('',(#641));
#2207=EDGE_LOOP('',(#642,#643,#644,#645,#646));
#2208=EDGE_LOOP('',(#647,#648,#649,#650,#651,#652));
#2209=EDGE_LOOP('',(#653,#654,#655,#656,#657,#658));
#2210=EDGE_LOOP('',(#659,#660,#661,#662,#663,#664));
#2211=EDGE_LOOP('',(#665,#666,#667,#668,#669,#670));
#2212=EDGE_LOOP('',(#671,#672,#673,#674,#675,#676));
#2213=EDGE_LOOP('',(#677,#678,#679,#680,#681,#682));
#2214=EDGE_LOOP('',(#683,#684,#685,#686,#687,#688));
#2215=EDGE_LOOP('',(#689,#690,#691,#692,#693));
#2216=EDGE_LOOP('',(#694,#695,#696,#697,#698));
#2217=EDGE_LOOP('',(#699,#700,#701,#702,#703,#704));
#2218=EDGE_LOOP('',(#705,#706,#707,#708,#709,#710));
#2219=EDGE_LOOP('',(#711,#712,#713,#714,#715,#716));
#2220=EDGE_LOOP('',(#717,#718,#719,#720,#721,#722));
#2221=EDGE_LOOP('',(#723,#724,#725,#726,#727,#728));
#2222=EDGE_LOOP('',(#729,#730,#731,#732,#733,#734));
#2223=EDGE_LOOP('',(#735,#736,#737,#738,#739));
#2224=EDGE_LOOP('',(#740,#741,#742,#743,#744,#745));
#2225=EDGE_LOOP('',(#746,#747,#748,#749,#750,#751));
#2226=EDGE_LOOP('',(#752,#753,#754,#755,#756,#757));
#2227=EDGE_LOOP('',(#758,#759,#760,#761,#762,#763,#764));
#2228=EDGE_LOOP('',(#765,#766,#767,#768,#769,#770));
#2229=EDGE_LOOP('',(#771,#772,#773,#774));
#2230=EDGE_LOOP('',(#775,#776,#777,#778,#779,#780));
#2231=EDGE_LOOP('',(#781,#782,#783,#784,#785));
#2232=EDGE_LOOP('',(#786,#787,#788,#789,#790,#791));
#2233=EDGE_LOOP('',(#792,#793,#794));
#2234=EDGE_LOOP('',(#795,#796,#797));
#2235=EDGE_LOOP('',(#798,#799,#800,#801,#802,#803,#804,#805));
#2236=EDGE_LOOP('',(#806,#807,#808,#809));
#2237=EDGE_LOOP('',(#810,#811,#812,#813,#814));
#2238=EDGE_LOOP('',(#815,#816,#817,#818,#819,#820,#821,#822,#823));
#2239=EDGE_LOOP('',(#824,#825,#826,#827));
#2240=EDGE_LOOP('',(#828,#829,#830,#831,#832,#833,#834,#835,#836));
#2241=EDGE_LOOP('',(#837,#838,#839,#840,#841));
#2242=EDGE_LOOP('',(#842,#843,#844,#845,#846));
#2243=EDGE_LOOP('',(#847,#848,#849,#850,#851));
#2244=EDGE_LOOP('',(#852,#853,#854,#855,#856));
#2245=EDGE_LOOP('',(#857,#858,#859,#860,#861));
#2246=EDGE_LOOP('',(#862,#863,#864,#865,#866));
#2247=EDGE_LOOP('',(#867,#868,#869,#870,#871));
#2248=EDGE_LOOP('',(#872,#873,#874,#875,#876));
#2249=EDGE_LOOP('',(#877,#878,#879,#880,#881));
#2250=EDGE_LOOP('',(#882,#883,#884,#885,#886));
#2251=EDGE_LOOP('',(#887,#888,#889,#890,#891,#892));
#2252=EDGE_LOOP('',(#893,#894,#895,#896,#897));
#2253=EDGE_LOOP('',(#898,#899,#900,#901,#902));
#2254=EDGE_LOOP('',(#903,#904,#905,#906,#907));
#2255=EDGE_LOOP('',(#908,#909,#910,#911));
#2256=EDGE_LOOP('',(#912,#913,#914,#915,#916));
#2257=EDGE_LOOP('',(#917,#918,#919,#920,#921));
#2258=EDGE_LOOP('',(#922,#923,#924,#925,#926));
#2259=EDGE_LOOP('',(#927,#928,#929,#930,#931));
#2260=EDGE_LOOP('',(#932,#933,#934,#935,#936));
#2261=EDGE_LOOP('',(#937,#938,#939,#940,#941,#942));
#2262=EDGE_LOOP('',(#943,#944,#945,#946,#947,#948,#949));
#2263=EDGE_LOOP('',(#950,#951,#952,#953,#954));
#2264=EDGE_LOOP('',(#955,#956,#957,#958,#959));
#2265=EDGE_LOOP('',(#960,#961,#962,#963,#964,#965,#966));
#2266=EDGE_LOOP('',(#967,#968,#969,#970,#971));
#2267=EDGE_LOOP('',(#972,#973,#974,#975,#976));
#2268=EDGE_LOOP('',(#977,#978,#979,#980));
#2269=EDGE_LOOP('',(#981,#982,#983,#984,#985));
#2270=EDGE_LOOP('',(#986,#987,#988,#989,#990));
#2271=EDGE_LOOP('',(#991,#992,#993));
#2272=EDGE_LOOP('',(#994,#995,#996,#997,#998));
#2273=EDGE_LOOP('',(#999,#1000,#1001));
#2274=EDGE_LOOP('',(#1002,#1003,#1004,#1005));
#2275=EDGE_LOOP('',(#1006,#1007,#1008,#1009));
#2276=EDGE_LOOP('',(#1010,#1011,#1012,#1013));
#2277=EDGE_LOOP('',(#1014,#1015,#1016,#1017));
#2278=EDGE_LOOP('',(#1018,#1019,#1020,#1021));
#2279=EDGE_LOOP('',(#1022,#1023,#1024,#1025));
#2280=EDGE_LOOP('',(#1026,#1027,#1028));
#2281=EDGE_LOOP('',(#1029,#1030,#1031,#1032,#1033));
#2282=EDGE_LOOP('',(#1034,#1035,#1036,#1037));
#2283=EDGE_LOOP('',(#1038,#1039,#1040,#1041,#1042,#1043));
#2284=EDGE_LOOP('',(#1044,#1045,#1046,#1047));
#2285=EDGE_LOOP('',(#1048,#1049,#1050,#1051));
#2286=EDGE_LOOP('',(#1052,#1053,#1054,#1055));
#2287=EDGE_LOOP('',(#1056,#1057,#1058,#1059));
#2288=EDGE_LOOP('',(#1060,#1061,#1062,#1063));
#2289=EDGE_LOOP('',(#1064,#1065,#1066,#1067));
#2290=EDGE_LOOP('',(#1068,#1069,#1070,#1071,#1072));
#2291=EDGE_LOOP('',(#1073,#1074,#1075));
#2292=EDGE_LOOP('',(#1076,#1077,#1078,#1079,#1080,#1081));
#2293=EDGE_LOOP('',(#1082,#1083,#1084,#1085));
#2294=EDGE_LOOP('',(#1086));
#2295=EDGE_LOOP('',(#1087));
#2296=EDGE_LOOP('',(#1088));
#2297=EDGE_LOOP('',(#1089));
#2298=EDGE_LOOP('',(#1090));
#2299=EDGE_LOOP('',(#1091));
#2300=EDGE_LOOP('',(#1092));
#2301=FACE_BOUND('',#2132,.T.);
#2302=FACE_BOUND('',#2133,.T.);
#2303=FACE_BOUND('',#2134,.T.);
#2304=FACE_BOUND('',#2135,.T.);
#2305=FACE_BOUND('',#2136,.T.);
#2306=FACE_BOUND('',#2137,.T.);
#2307=FACE_BOUND('',#2138,.T.);
#2308=FACE_BOUND('',#2139,.T.);
#2309=FACE_BOUND('',#2140,.T.);
#2310=FACE_BOUND('',#2141,.T.);
#2311=FACE_BOUND('',#2142,.T.);
#2312=FACE_BOUND('',#2143,.T.);
#2313=FACE_BOUND('',#2144,.T.);
#2314=FACE_BOUND('',#2145,.T.);
#2315=FACE_BOUND('',#2146,.T.);
#2316=FACE_BOUND('',#2147,.T.);
#2317=FACE_BOUND('',#2148,.T.);
#2318=FACE_BOUND('',#2149,.T.);
#2319=FACE_BOUND('',#2150,.T.);
#2320=FACE_BOUND('',#2151,.T.);
#2321=FACE_BOUND('',#2152,.T.);
#2322=FACE_BOUND('',#2153,.T.);
#2323=FACE_BOUND('',#2154,.T.);
#2324=FACE_BOUND('',#2155,.T.);
#2325=FACE_BOUND('',#2156,.T.);
#2326=FACE_BOUND('',#2157,.T.);
#2327=FACE_BOUND('',#2158,.T.);
#2328=FACE_BOUND('',#2159,.T.);
#2329=FACE_BOUND('',#2160,.T.);
#2330=FACE_BOUND('',#2161,.T.);
#2331=FACE_BOUND('',#2162,.T.);
#2332=FACE_BOUND('',#2163,.T.);
#2333=FACE_BOUND('',#2164,.T.);
#2334=FACE_BOUND('',#2165,.T.);
#2335=FACE_BOUND('',#2166,.T.);
#2336=FACE_BOUND('',#2167,.T.);
#2337=FACE_BOUND('',#2168,.T.);
#2338=FACE_BOUND('',#2169,.T.);
#2339=FACE_BOUND('',#2170,.T.);
#2340=FACE_BOUND('',#2171,.T.);
#2341=FACE_BOUND('',#2172,.T.);
#2342=FACE_BOUND('',#2173,.T.);
#2343=FACE_BOUND('',#2174,.T.);
#2344=FACE_BOUND('',#2175,.T.);
#2345=FACE_BOUND('',#2176,.T.);
#2346=FACE_BOUND('',#2177,.T.);
#2347=FACE_BOUND('',#2178,.T.);
#2348=FACE_BOUND('',#2179,.T.);
#2349=FACE_BOUND('',#2180,.T.);
#2350=FACE_BOUND('',#2181,.T.);
#2351=FACE_BOUND('',#2182,.T.);
#2352=FACE_BOUND('',#2183,.T.);
#2353=FACE_BOUND('',#2184,.T.);
#2354=FACE_BOUND('',#2185,.T.);
#2355=FACE_BOUND('',#2186,.T.);
#2356=FACE_BOUND('',#2187,.T.);
#2357=FACE_BOUND('',#2188,.T.);
#2358=FACE_BOUND('',#2189,.T.);
#2359=FACE_BOUND('',#2190,.T.);
#2360=FACE_BOUND('',#2191,.T.);
#2361=FACE_BOUND('',#2192,.T.);
#2362=FACE_BOUND('',#2193,.T.);
#2363=FACE_BOUND('',#2194,.T.);
#2364=FACE_BOUND('',#2195,.T.);
#2365=FACE_BOUND('',#2196,.T.);
#2366=FACE_BOUND('',#2197,.T.);
#2367=FACE_BOUND('',#2198,.T.);
#2368=FACE_BOUND('',#2199,.T.);
#2369=FACE_BOUND('',#2200,.T.);
#2370=FACE_BOUND('',#2201,.T.);
#2371=FACE_BOUND('',#2202,.T.);
#2372=FACE_BOUND('',#2203,.T.);
#2373=FACE_BOUND('',#2204,.T.);
#2374=FACE_BOUND('',#2205,.T.);
#2375=FACE_BOUND('',#2206,.T.);
#2376=FACE_BOUND('',#2207,.T.);
#2377=FACE_BOUND('',#2208,.T.);
#2378=FACE_BOUND('',#2209,.T.);
#2379=FACE_BOUND('',#2210,.T.);
#2380=FACE_BOUND('',#2211,.T.);
#2381=FACE_BOUND('',#2212,.T.);
#2382=FACE_BOUND('',#2213,.T.);
#2383=FACE_BOUND('',#2214,.T.);
#2384=FACE_BOUND('',#2215,.T.);
#2385=FACE_BOUND('',#2216,.T.);
#2386=FACE_BOUND('',#2217,.T.);
#2387=FACE_BOUND('',#2218,.T.);
#2388=FACE_BOUND('',#2219,.T.);
#2389=FACE_BOUND('',#2220,.T.);
#2390=FACE_BOUND('',#2221,.T.);
#2391=FACE_BOUND('',#2222,.T.);
#2392=FACE_BOUND('',#2223,.T.);
#2393=FACE_BOUND('',#2224,.T.);
#2394=FACE_BOUND('',#2225,.T.);
#2395=FACE_BOUND('',#2226,.T.);
#2396=FACE_BOUND('',#2227,.T.);
#2397=FACE_BOUND('',#2228,.T.);
#2398=FACE_BOUND('',#2229,.T.);
#2399=FACE_BOUND('',#2230,.T.);
#2400=FACE_BOUND('',#2231,.T.);
#2401=FACE_BOUND('',#2232,.T.);
#2402=FACE_BOUND('',#2233,.T.);
#2403=FACE_BOUND('',#2234,.T.);
#2404=FACE_BOUND('',#2235,.T.);
#2405=FACE_BOUND('',#2236,.T.);
#2406=FACE_BOUND('',#2237,.T.);
#2407=FACE_BOUND('',#2238,.T.);
#2408=FACE_BOUND('',#2239,.T.);
#2409=FACE_BOUND('',#2240,.T.);
#2410=FACE_BOUND('',#2241,.T.);
#2411=FACE_BOUND('',#2242,.T.);
#2412=FACE_BOUND('',#2243,.T.);
#2413=FACE_BOUND('',#2244,.T.);
#2414=FACE_BOUND('',#2245,.T.);
#2415=FACE_BOUND('',#2246,.T.);
#2416=FACE_BOUND('',#2247,.T.);
#2417=FACE_BOUND('',#2248,.T.);
#2418=FACE_BOUND('',#2249,.T.);
#2419=FACE_BOUND('',#2250,.T.);
#2420=FACE_BOUND('',#2251,.T.);
#2421=FACE_BOUND('',#2252,.T.);
#2422=FACE_BOUND('',#2253,.T.);
#2423=FACE_BOUND('',#2254,.T.);
#2424=FACE_BOUND('',#2255,.T.);
#2425=FACE_BOUND('',#2256,.T.);
#2426=FACE_BOUND('',#2257,.T.);
#2427=FACE_BOUND('',#2258,.T.);
#2428=FACE_BOUND('',#2259,.T.);
#2429=FACE_BOUND('',#2260,.T.);
#2430=FACE_BOUND('',#2261,.T.);
#2431=FACE_BOUND('',#2262,.T.);
#2432=FACE_BOUND('',#2263,.T.);
#2433=FACE_BOUND('',#2264,.T.);
#2434=FACE_BOUND('',#2265,.T.);
#2435=FACE_BOUND('',#2266,.T.);
#2436=FACE_BOUND('',#2267,.T.);
#2437=FACE_BOUND('',#2268,.T.);
#2438=FACE_BOUND('',#2269,.T.);
#2439=FACE_BOUND('',#2270,.T.);
#2440=FACE_BOUND('',#2271,.T.);
#2441=FACE_BOUND('',#2272,.T.);
#2442=FACE_BOUND('',#2273,.T.);
#2443=FACE_BOUND('',#2274,.T.);
#2444=FACE_BOUND('',#2275,.T.);
#2445=FACE_BOUND('',#2276,.T.);
#2446=FACE_BOUND('',#2277,.T.);
#2447=FACE_BOUND('',#2278,.T.);
#2448=FACE_BOUND('',#2279,.T.);
#2449=FACE_BOUND('',#2280,.T.);
#2450=FACE_BOUND('',#2281,.T.);
#2451=FACE_BOUND('',#2282,.T.);
#2452=FACE_BOUND('',#2283,.T.);
#2453=FACE_BOUND('',#2284,.T.);
#2454=FACE_BOUND('',#2285,.T.);
#2455=FACE_BOUND('',#2286,.T.);
#2456=FACE_BOUND('',#2287,.T.);
#2457=FACE_BOUND('',#2288,.T.);
#2458=FACE_BOUND('',#2289,.T.);
#2459=FACE_BOUND('',#2290,.T.);
#2460=FACE_BOUND('',#2291,.T.);
#2461=FACE_BOUND('',#2292,.T.);
#2462=FACE_BOUND('',#2293,.T.);
#2463=FACE_BOUND('',#2294,.T.);
#2464=FACE_BOUND('',#2295,.T.);
#2465=FACE_BOUND('',#2296,.T.);
#2466=FACE_BOUND('',#2297,.T.);
#2467=FACE_BOUND('',#2298,.T.);
#2468=FACE_BOUND('',#2299,.T.);
#2469=FACE_BOUND('',#2300,.T.);
#2470=PLANE('',#3736);
#2471=PLANE('',#3738);
#2472=PLANE('',#3741);
#2473=PLANE('',#3764);
#2474=PLANE('',#3765);
#2475=PLANE('',#3771);
#2476=PLANE('',#3772);
#2477=PLANE('',#3779);
#2478=PLANE('',#3780);
#2479=PLANE('',#3782);
#2480=PLANE('',#3783);
#2481=PLANE('',#3786);
#2482=PLANE('',#3789);
#2483=PLANE('',#3792);
#2484=PLANE('',#3793);
#2485=PLANE('',#3794);
#2486=PLANE('',#3796);
#2487=PLANE('',#3798);
#2488=PLANE('',#3800);
#2489=PLANE('',#3802);
#2490=PLANE('',#3804);
#2491=PLANE('',#3805);
#2492=PLANE('',#3807);
#2493=PLANE('',#3813);
#2494=PLANE('',#3816);
#2495=PLANE('',#3817);
#2496=PLANE('',#3818);
#2497=PLANE('',#3820);
#2498=PLANE('',#3821);
#2499=PLANE('',#3822);
#2500=PLANE('',#3826);
#2501=PLANE('',#3828);
#2502=PLANE('',#3830);
#2503=PLANE('',#3831);
#2504=PLANE('',#3833);
#2505=PLANE('',#3835);
#2506=PLANE('',#3836);
#2507=PLANE('',#3845);
#2508=PLANE('',#3847);
#2509=PLANE('',#3850);
#2510=PLANE('',#3853);
#2511=PLANE('',#3856);
#2512=PLANE('',#3859);
#2513=PLANE('',#3862);
#2514=PLANE('',#3865);
#2515=PLANE('',#3868);
#2516=PLANE('',#3870);
#2517=PLANE('',#3872);
#2518=PLANE('',#3875);
#2519=PLANE('',#3878);
#2520=PLANE('',#3881);
#2521=PLANE('',#3884);
#2522=PLANE('',#3887);
#2523=PLANE('',#3890);
#2524=PLANE('',#3892);
#2525=PLANE('',#3895);
#2526=PLANE('',#3898);
#2527=PLANE('',#3901);
#2528=PLANE('',#3904);
#2529=PLANE('',#3907);
#2530=PLANE('',#3908);
#2531=PLANE('',#3911);
#2532=PLANE('',#3913);
#2533=PLANE('',#3916);
#2534=PLANE('',#3917);
#2535=PLANE('',#3918);
#2536=PLANE('',#4000);
#2537=PLANE('',#4001);
#2538=OVER_RIDING_STYLED_ITEM('',(#2837),#2686,#2835);
#2539=OVER_RIDING_STYLED_ITEM('',(#2838),#2687,#2835);
#2540=OVER_RIDING_STYLED_ITEM('',(#2839),#2688,#2835);
#2541=OVER_RIDING_STYLED_ITEM('',(#2840),#2689,#2835);
#2542=OVER_RIDING_STYLED_ITEM('',(#2841),#2690,#2835);
#2543=OVER_RIDING_STYLED_ITEM('',(#2842),#2691,#2835);
#2544=OVER_RIDING_STYLED_ITEM('',(#2843),#2692,#2835);
#2545=OVER_RIDING_STYLED_ITEM('',(#2844),#2693,#2835);
#2546=OVER_RIDING_STYLED_ITEM('',(#2845),#2694,#2835);
#2547=OVER_RIDING_STYLED_ITEM('',(#2846),#2695,#2835);
#2548=OVER_RIDING_STYLED_ITEM('',(#2847),#2696,#2835);
#2549=OVER_RIDING_STYLED_ITEM('',(#2848),#2697,#2835);
#2550=OVER_RIDING_STYLED_ITEM('',(#2849),#2698,#2835);
#2551=OVER_RIDING_STYLED_ITEM('',(#2850),#2699,#2835);
#2552=OVER_RIDING_STYLED_ITEM('',(#2851),#2700,#2835);
#2553=OVER_RIDING_STYLED_ITEM('',(#2852),#2701,#2835);
#2554=OVER_RIDING_STYLED_ITEM('',(#2853),#2702,#2835);
#2555=OVER_RIDING_STYLED_ITEM('',(#2854),#2703,#2835);
#2556=OVER_RIDING_STYLED_ITEM('',(#2855),#2704,#2835);
#2557=OVER_RIDING_STYLED_ITEM('',(#2856),#2705,#2835);
#2558=OVER_RIDING_STYLED_ITEM('',(#2857),#2706,#2835);
#2559=OVER_RIDING_STYLED_ITEM('',(#2858),#2707,#2835);
#2560=OVER_RIDING_STYLED_ITEM('',(#2859),#2708,#2835);
#2561=OVER_RIDING_STYLED_ITEM('',(#2860),#2709,#2835);
#2562=OVER_RIDING_STYLED_ITEM('',(#2861),#2710,#2835);
#2563=OVER_RIDING_STYLED_ITEM('',(#2862),#2711,#2835);
#2564=OVER_RIDING_STYLED_ITEM('',(#2863),#2712,#2835);
#2565=OVER_RIDING_STYLED_ITEM('',(#2864),#2713,#2835);
#2566=OVER_RIDING_STYLED_ITEM('',(#2865),#2714,#2835);
#2567=OVER_RIDING_STYLED_ITEM('',(#2866),#2715,#2835);
#2568=OVER_RIDING_STYLED_ITEM('',(#2867),#2716,#2835);
#2569=OVER_RIDING_STYLED_ITEM('',(#2868),#2717,#2835);
#2570=OVER_RIDING_STYLED_ITEM('',(#2869),#2718,#2835);
#2571=OVER_RIDING_STYLED_ITEM('',(#2870),#2719,#2835);
#2572=OVER_RIDING_STYLED_ITEM('',(#2871),#2720,#2835);
#2573=OVER_RIDING_STYLED_ITEM('',(#2872),#2721,#2835);
#2574=OVER_RIDING_STYLED_ITEM('',(#2873),#2722,#2835);
#2575=OVER_RIDING_STYLED_ITEM('',(#2874),#2723,#2835);
#2576=OVER_RIDING_STYLED_ITEM('',(#2875),#2724,#2835);
#2577=OVER_RIDING_STYLED_ITEM('',(#2876),#2725,#2835);
#2578=OVER_RIDING_STYLED_ITEM('',(#2877),#2726,#2835);
#2579=OVER_RIDING_STYLED_ITEM('',(#2878),#2727,#2835);
#2580=OVER_RIDING_STYLED_ITEM('',(#2879),#2728,#2835);
#2581=OVER_RIDING_STYLED_ITEM('',(#2880),#2729,#2835);
#2582=OVER_RIDING_STYLED_ITEM('',(#2881),#2730,#2835);
#2583=OVER_RIDING_STYLED_ITEM('',(#2882),#2731,#2835);
#2584=OVER_RIDING_STYLED_ITEM('',(#2883),#2732,#2835);
#2585=OVER_RIDING_STYLED_ITEM('',(#2884),#2733,#2835);
#2586=OVER_RIDING_STYLED_ITEM('',(#2885),#2734,#2835);
#2587=OVER_RIDING_STYLED_ITEM('',(#2886),#2735,#2835);
#2588=OVER_RIDING_STYLED_ITEM('',(#2887),#2736,#2835);
#2589=OVER_RIDING_STYLED_ITEM('',(#2888),#2737,#2835);
#2590=OVER_RIDING_STYLED_ITEM('',(#2889),#2738,#2835);
#2591=OVER_RIDING_STYLED_ITEM('',(#2890),#2739,#2835);
#2592=OVER_RIDING_STYLED_ITEM('',(#2891),#2740,#2835);
#2593=OVER_RIDING_STYLED_ITEM('',(#2892),#2741,#2835);
#2594=OVER_RIDING_STYLED_ITEM('',(#2893),#2742,#2835);
#2595=OVER_RIDING_STYLED_ITEM('',(#2894),#2743,#2835);
#2596=OVER_RIDING_STYLED_ITEM('',(#2895),#2744,#2835);
#2597=OVER_RIDING_STYLED_ITEM('',(#2896),#2745,#2835);
#2598=OVER_RIDING_STYLED_ITEM('',(#2897),#2746,#2835);
#2599=OVER_RIDING_STYLED_ITEM('',(#2898),#2747,#2835);
#2600=OVER_RIDING_STYLED_ITEM('',(#2899),#2748,#2835);
#2601=OVER_RIDING_STYLED_ITEM('',(#2900),#2749,#2835);
#2602=OVER_RIDING_STYLED_ITEM('',(#2901),#2750,#2835);
#2603=OVER_RIDING_STYLED_ITEM('',(#2902),#2751,#2835);
#2604=OVER_RIDING_STYLED_ITEM('',(#2903),#2752,#2835);
#2605=OVER_RIDING_STYLED_ITEM('',(#2904),#2753,#2835);
#2606=OVER_RIDING_STYLED_ITEM('',(#2905),#2754,#2835);
#2607=OVER_RIDING_STYLED_ITEM('',(#2906),#2755,#2835);
#2608=OVER_RIDING_STYLED_ITEM('',(#2907),#2756,#2835);
#2609=OVER_RIDING_STYLED_ITEM('',(#2908),#2757,#2835);
#2610=OVER_RIDING_STYLED_ITEM('',(#2909),#2758,#2835);
#2611=OVER_RIDING_STYLED_ITEM('',(#2910),#2759,#2835);
#2612=OVER_RIDING_STYLED_ITEM('',(#2911),#2760,#2835);
#2613=OVER_RIDING_STYLED_ITEM('',(#2912),#2761,#2835);
#2614=OVER_RIDING_STYLED_ITEM('',(#2913),#2762,#2835);
#2615=OVER_RIDING_STYLED_ITEM('',(#2914),#2763,#2835);
#2616=OVER_RIDING_STYLED_ITEM('',(#2915),#2764,#2835);
#2617=OVER_RIDING_STYLED_ITEM('',(#2916),#2765,#2835);
#2618=OVER_RIDING_STYLED_ITEM('',(#2917),#2766,#2835);
#2619=OVER_RIDING_STYLED_ITEM('',(#2918),#2767,#2835);
#2620=OVER_RIDING_STYLED_ITEM('',(#2919),#2768,#2835);
#2621=OVER_RIDING_STYLED_ITEM('',(#2920),#2769,#2835);
#2622=OVER_RIDING_STYLED_ITEM('',(#2921),#2770,#2835);
#2623=OVER_RIDING_STYLED_ITEM('',(#2922),#2771,#2835);
#2624=OVER_RIDING_STYLED_ITEM('',(#2923),#2772,#2835);
#2625=OVER_RIDING_STYLED_ITEM('',(#2924),#2773,#2835);
#2626=OVER_RIDING_STYLED_ITEM('',(#2925),#2774,#2835);
#2627=OVER_RIDING_STYLED_ITEM('',(#2926),#2775,#2835);
#2628=OVER_RIDING_STYLED_ITEM('',(#2927),#2776,#2835);
#2629=OVER_RIDING_STYLED_ITEM('',(#2928),#2777,#2835);
#2630=OVER_RIDING_STYLED_ITEM('',(#2929),#2778,#2835);
#2631=OVER_RIDING_STYLED_ITEM('',(#2930),#2779,#2835);
#2632=OVER_RIDING_STYLED_ITEM('',(#2931),#2780,#2835);
#2633=OVER_RIDING_STYLED_ITEM('',(#2932),#2781,#2835);
#2634=OVER_RIDING_STYLED_ITEM('',(#2933),#2782,#2835);
#2635=OVER_RIDING_STYLED_ITEM('',(#2934),#2783,#2835);
#2636=OVER_RIDING_STYLED_ITEM('',(#2935),#2784,#2835);
#2637=OVER_RIDING_STYLED_ITEM('',(#2936),#2785,#2835);
#2638=OVER_RIDING_STYLED_ITEM('',(#2937),#2786,#2835);
#2639=OVER_RIDING_STYLED_ITEM('',(#2938),#2787,#2835);
#2640=OVER_RIDING_STYLED_ITEM('',(#2939),#2788,#2835);
#2641=OVER_RIDING_STYLED_ITEM('',(#2940),#2789,#2835);
#2642=OVER_RIDING_STYLED_ITEM('',(#2941),#2790,#2835);
#2643=OVER_RIDING_STYLED_ITEM('',(#2942),#2791,#2835);
#2644=OVER_RIDING_STYLED_ITEM('',(#2943),#2792,#2835);
#2645=OVER_RIDING_STYLED_ITEM('',(#2944),#2793,#2835);
#2646=OVER_RIDING_STYLED_ITEM('',(#2945),#2794,#2835);
#2647=OVER_RIDING_STYLED_ITEM('',(#2946),#2795,#2835);
#2648=OVER_RIDING_STYLED_ITEM('',(#2947),#2796,#2835);
#2649=OVER_RIDING_STYLED_ITEM('',(#2948),#2797,#2835);
#2650=OVER_RIDING_STYLED_ITEM('',(#2949),#2798,#2835);
#2651=OVER_RIDING_STYLED_ITEM('',(#2950),#2799,#2835);
#2652=OVER_RIDING_STYLED_ITEM('',(#2951),#2800,#2835);
#2653=OVER_RIDING_STYLED_ITEM('',(#2952),#2801,#2835);
#2654=OVER_RIDING_STYLED_ITEM('',(#2953),#2802,#2835);
#2655=OVER_RIDING_STYLED_ITEM('',(#2954),#2803,#2835);
#2656=OVER_RIDING_STYLED_ITEM('',(#2955),#2804,#2835);
#2657=OVER_RIDING_STYLED_ITEM('',(#2956),#2805,#2835);
#2658=OVER_RIDING_STYLED_ITEM('',(#2957),#2806,#2835);
#2659=OVER_RIDING_STYLED_ITEM('',(#2958),#2807,#2835);
#2660=OVER_RIDING_STYLED_ITEM('',(#2959),#2808,#2835);
#2661=OVER_RIDING_STYLED_ITEM('',(#2960),#2809,#2835);
#2662=OVER_RIDING_STYLED_ITEM('',(#2961),#2810,#2835);
#2663=OVER_RIDING_STYLED_ITEM('',(#2962),#2811,#2835);
#2664=OVER_RIDING_STYLED_ITEM('',(#2963),#2812,#2835);
#2665=OVER_RIDING_STYLED_ITEM('',(#2964),#2813,#2835);
#2666=OVER_RIDING_STYLED_ITEM('',(#2965),#2814,#2835);
#2667=OVER_RIDING_STYLED_ITEM('',(#2966),#2815,#2835);
#2668=OVER_RIDING_STYLED_ITEM('',(#2967),#2816,#2835);
#2669=OVER_RIDING_STYLED_ITEM('',(#2968),#2817,#2835);
#2670=OVER_RIDING_STYLED_ITEM('',(#2969),#2818,#2835);
#2671=OVER_RIDING_STYLED_ITEM('',(#2970),#2819,#2835);
#2672=OVER_RIDING_STYLED_ITEM('',(#2971),#2820,#2835);
#2673=OVER_RIDING_STYLED_ITEM('',(#2972),#2821,#2835);
#2674=OVER_RIDING_STYLED_ITEM('',(#2973),#2822,#2835);
#2675=OVER_RIDING_STYLED_ITEM('',(#2974),#2823,#2835);
#2676=OVER_RIDING_STYLED_ITEM('',(#2975),#2824,#2835);
#2677=OVER_RIDING_STYLED_ITEM('',(#2976),#2825,#2835);
#2678=OVER_RIDING_STYLED_ITEM('',(#2977),#2826,#2835);
#2679=OVER_RIDING_STYLED_ITEM('',(#2978),#2827,#2835);
#2680=OVER_RIDING_STYLED_ITEM('',(#2979),#2828,#2835);
#2681=OVER_RIDING_STYLED_ITEM('',(#2980),#2829,#2835);
#2682=OVER_RIDING_STYLED_ITEM('',(#2981),#2830,#2835);
#2683=OVER_RIDING_STYLED_ITEM('',(#2982),#2831,#2835);
#2684=OVER_RIDING_STYLED_ITEM('',(#2983),#2832,#2835);
#2685=OVER_RIDING_STYLED_ITEM('',(#2984),#2833,#2835);
#2686=ADVANCED_FACE('',(#2301),#2470,.F.);
#2687=ADVANCED_FACE('',(#2302),#2471,.F.);
#2688=ADVANCED_FACE('',(#2303),#2472,.T.);
#2689=ADVANCED_FACE('',(#2304),#144,.T.);
#2690=ADVANCED_FACE('',(#2305),#145,.T.);
#2691=ADVANCED_FACE('',(#2306),#146,.T.);
#2692=ADVANCED_FACE('',(#2307),#147,.T.);
#2693=ADVANCED_FACE('',(#2308,#2309),#148,.F.);
#2694=ADVANCED_FACE('',(#2310),#2473,.T.);
#2695=ADVANCED_FACE('',(#2311),#2474,.T.);
#2696=ADVANCED_FACE('',(#2312,#2313),#149,.F.);
#2697=ADVANCED_FACE('',(#2314),#2475,.T.);
#2698=ADVANCED_FACE('',(#2315),#2476,.T.);
#2699=ADVANCED_FACE('',(#2316),#150,.T.);
#2700=ADVANCED_FACE('',(#2317),#151,.T.);
#2701=ADVANCED_FACE('',(#2318),#2477,.T.);
#2702=ADVANCED_FACE('',(#2319),#2478,.T.);
#2703=ADVANCED_FACE('',(#2320),#2479,.F.);
#2704=ADVANCED_FACE('',(#2321),#2480,.F.);
#2705=ADVANCED_FACE('',(#2322,#2323),#32,.F.);
#2706=ADVANCED_FACE('',(#2324,#2325),#2481,.T.);
#2707=ADVANCED_FACE('',(#2326),#2482,.F.);
#2708=ADVANCED_FACE('',(#2327,#2328),#33,.F.);
#2709=ADVANCED_FACE('',(#2329),#2483,.T.);
#2710=ADVANCED_FACE('',(#2330),#2484,.F.);
#2711=ADVANCED_FACE('',(#2331),#2485,.F.);
#2712=ADVANCED_FACE('',(#2332,#2333),#2486,.F.);
#2713=ADVANCED_FACE('',(#2334),#2487,.F.);
#2714=ADVANCED_FACE('',(#2335),#2488,.F.);
#2715=ADVANCED_FACE('',(#2336),#2489,.F.);
#2716=ADVANCED_FACE('',(#2337),#2490,.F.);
#2717=ADVANCED_FACE('',(#2338),#2491,.F.);
#2718=ADVANCED_FACE('',(#2339),#2492,.F.);
#2719=ADVANCED_FACE('',(#2340,#2341),#2493,.T.);
#2720=ADVANCED_FACE('',(#2342),#2494,.T.);
#2721=ADVANCED_FACE('',(#2343),#2495,.T.);
#2722=ADVANCED_FACE('',(#2344),#2496,.T.);
#2723=ADVANCED_FACE('',(#2345),#2497,.T.);
#2724=ADVANCED_FACE('',(#2346),#2498,.T.);
#2725=ADVANCED_FACE('',(#2347),#2499,.F.);
#2726=ADVANCED_FACE('',(#2348,#2349,#2350,#2351),#34,.F.);
#2727=ADVANCED_FACE('',(#2352),#2500,.T.);
#2728=ADVANCED_FACE('',(#2353,#2354,#2355,#2356),#35,.F.);
#2729=ADVANCED_FACE('',(#2357),#2501,.T.);
#2730=ADVANCED_FACE('',(#2358),#36,.F.);
#2731=ADVANCED_FACE('',(#2359),#2502,.T.);
#2732=ADVANCED_FACE('',(#2360),#2503,.T.);
#2733=ADVANCED_FACE('',(#2361,#2362),#37,.F.);
#2734=ADVANCED_FACE('',(#2363),#2504,.T.);
#2735=ADVANCED_FACE('',(#2364),#38,.F.);
#2736=ADVANCED_FACE('',(#2365),#2505,.F.);
#2737=ADVANCED_FACE('',(#2366,#2367),#2506,.T.);
#2738=ADVANCED_FACE('',(#2368,#2369),#39,.F.);
#2739=ADVANCED_FACE('',(#2370),#152,.T.);
#2740=ADVANCED_FACE('',(#2371),#153,.T.);
#2741=ADVANCED_FACE('',(#2372,#2373),#154,.F.);
#2742=ADVANCED_FACE('',(#2374,#2375),#155,.F.);
#2743=ADVANCED_FACE('',(#2376),#2507,.T.);
#2744=ADVANCED_FACE('',(#2377),#2508,.T.);
#2745=ADVANCED_FACE('',(#2378),#2509,.T.);
#2746=ADVANCED_FACE('',(#2379),#2510,.T.);
#2747=ADVANCED_FACE('',(#2380),#2511,.T.);
#2748=ADVANCED_FACE('',(#2381),#2512,.T.);
#2749=ADVANCED_FACE('',(#2382),#2513,.T.);
#2750=ADVANCED_FACE('',(#2383),#2514,.T.);
#2751=ADVANCED_FACE('',(#2384),#2515,.T.);
#2752=ADVANCED_FACE('',(#2385),#2516,.F.);
#2753=ADVANCED_FACE('',(#2386),#2517,.F.);
#2754=ADVANCED_FACE('',(#2387),#2518,.F.);
#2755=ADVANCED_FACE('',(#2388),#2519,.F.);
#2756=ADVANCED_FACE('',(#2389),#2520,.F.);
#2757=ADVANCED_FACE('',(#2390),#2521,.F.);
#2758=ADVANCED_FACE('',(#2391),#2522,.F.);
#2759=ADVANCED_FACE('',(#2392),#2523,.F.);
#2760=ADVANCED_FACE('',(#2393),#2524,.F.);
#2761=ADVANCED_FACE('',(#2394),#2525,.T.);
#2762=ADVANCED_FACE('',(#2395),#2526,.T.);
#2763=ADVANCED_FACE('',(#2396),#2527,.T.);
#2764=ADVANCED_FACE('',(#2397),#2528,.T.);
#2765=ADVANCED_FACE('',(#2398),#2529,.T.);
#2766=ADVANCED_FACE('',(#2399),#2530,.T.);
#2767=ADVANCED_FACE('',(#2400),#2531,.T.);
#2768=ADVANCED_FACE('',(#2401),#2532,.T.);
#2769=ADVANCED_FACE('',(#2402),#2533,.F.);
#2770=ADVANCED_FACE('',(#2403),#2534,.T.);
#2771=ADVANCED_FACE('',(#2404),#2535,.T.);
#2772=ADVANCED_FACE('',(#2405),#40,.F.);
#2773=ADVANCED_FACE('',(#2406),#41,.T.);
#2774=ADVANCED_FACE('',(#2407),#42,.T.);
#2775=ADVANCED_FACE('',(#2408),#43,.T.);
#2776=ADVANCED_FACE('',(#2409),#44,.T.);
#2777=ADVANCED_FACE('',(#2410),#45,.T.);
#2778=ADVANCED_FACE('',(#2411),#46,.T.);
#2779=ADVANCED_FACE('',(#2412),#47,.T.);
#2780=ADVANCED_FACE('',(#2413),#48,.T.);
#2781=ADVANCED_FACE('',(#2414),#49,.T.);
#2782=ADVANCED_FACE('',(#2415),#50,.T.);
#2783=ADVANCED_FACE('',(#2416),#51,.T.);
#2784=ADVANCED_FACE('',(#2417),#52,.T.);
#2785=ADVANCED_FACE('',(#2418),#53,.T.);
#2786=ADVANCED_FACE('',(#2419),#54,.T.);
#2787=ADVANCED_FACE('',(#2420),#55,.T.);
#2788=ADVANCED_FACE('',(#2421),#56,.T.);
#2789=ADVANCED_FACE('',(#2422),#57,.F.);
#2790=ADVANCED_FACE('',(#2423),#14,.F.);
#2791=ADVANCED_FACE('',(#2424),#58,.T.);
#2792=ADVANCED_FACE('',(#2425),#15,.F.);
#2793=ADVANCED_FACE('',(#2426),#59,.F.);
#2794=ADVANCED_FACE('',(#2427),#60,.T.);
#2795=ADVANCED_FACE('',(#2428),#61,.T.);
#2796=ADVANCED_FACE('',(#2429),#62,.T.);
#2797=ADVANCED_FACE('',(#2430),#63,.T.);
#2798=ADVANCED_FACE('',(#2431),#64,.T.);
#2799=ADVANCED_FACE('',(#2432),#16,.T.);
#2800=ADVANCED_FACE('',(#2433),#65,.T.);
#2801=ADVANCED_FACE('',(#2434),#66,.T.);
#2802=ADVANCED_FACE('',(#2435),#17,.T.);
#2803=ADVANCED_FACE('',(#2436),#67,.T.);
#2804=ADVANCED_FACE('',(#2437),#68,.T.);
#2805=ADVANCED_FACE('',(#2438),#69,.T.);
#2806=ADVANCED_FACE('',(#2439),#70,.T.);
#2807=ADVANCED_FACE('',(#2440),#12,.T.);
#2808=ADVANCED_FACE('',(#2441),#71,.T.);
#2809=ADVANCED_FACE('',(#2442),#13,.T.);
#2810=ADVANCED_FACE('',(#2443),#18,.F.);
#2811=ADVANCED_FACE('',(#2444),#72,.F.);
#2812=ADVANCED_FACE('',(#2445),#19,.F.);
#2813=ADVANCED_FACE('',(#2446),#20,.F.);
#2814=ADVANCED_FACE('',(#2447),#73,.F.);
#2815=ADVANCED_FACE('',(#2448),#21,.F.);
#2816=ADVANCED_FACE('',(#2449),#22,.F.);
#2817=ADVANCED_FACE('',(#2450),#23,.F.);
#2818=ADVANCED_FACE('',(#2451),#24,.F.);
#2819=ADVANCED_FACE('',(#2452),#74,.F.);
#2820=ADVANCED_FACE('',(#2453),#25,.F.);
#2821=ADVANCED_FACE('',(#2454),#75,.F.);
#2822=ADVANCED_FACE('',(#2455),#26,.F.);
#2823=ADVANCED_FACE('',(#2456),#27,.F.);
#2824=ADVANCED_FACE('',(#2457),#76,.F.);
#2825=ADVANCED_FACE('',(#2458),#28,.F.);
#2826=ADVANCED_FACE('',(#2459),#29,.F.);
#2827=ADVANCED_FACE('',(#2460),#30,.F.);
#2828=ADVANCED_FACE('',(#2461),#77,.F.);
#2829=ADVANCED_FACE('',(#2462),#31,.F.);
#2830=ADVANCED_FACE('',(#2463,#2464),#78,.F.);
#2831=ADVANCED_FACE('',(#2465,#2466),#79,.T.);
#2832=ADVANCED_FACE('',(#2467,#2468),#2536,.T.);
#2833=ADVANCED_FACE('',(#2469),#2537,.F.);
#2834=CLOSED_SHELL('',(#2686,#2687,#2688,#2689,#2690,#2691,#2692,#2693,
#2694,#2695,#2696,#2697,#2698,#2699,#2700,#2701,#2702,#2703,#2704,#2705,
#2706,#2707,#2708,#2709,#2710,#2711,#2712,#2713,#2714,#2715,#2716,#2717,
#2718,#2719,#2720,#2721,#2722,#2723,#2724,#2725,#2726,#2727,#2728,#2729,
#2730,#2731,#2732,#2733,#2734,#2735,#2736,#2737,#2738,#2739,#2740,#2741,
#2742,#2743,#2744,#2745,#2746,#2747,#2748,#2749,#2750,#2751,#2752,#2753,
#2754,#2755,#2756,#2757,#2758,#2759,#2760,#2761,#2762,#2763,#2764,#2765,
#2766,#2767,#2768,#2769,#2770,#2771,#2772,#2773,#2774,#2775,#2776,#2777,
#2778,#2779,#2780,#2781,#2782,#2783,#2784,#2785,#2786,#2787,#2788,#2789,
#2790,#2791,#2792,#2793,#2794,#2795,#2796,#2797,#2798,#2799,#2800,#2801,
#2802,#2803,#2804,#2805,#2806,#2807,#2808,#2809,#2810,#2811,#2812,#2813,
#2814,#2815,#2816,#2817,#2818,#2819,#2820,#2821,#2822,#2823,#2824,#2825,
#2826,#2827,#2828,#2829,#2830,#2831,#2832,#2833));
#2835=STYLED_ITEM('',(#2836),#3732);
#2836=PRESENTATION_STYLE_ASSIGNMENT((#2985));
#2837=PRESENTATION_STYLE_ASSIGNMENT((#2986));
#2838=PRESENTATION_STYLE_ASSIGNMENT((#2987));
#2839=PRESENTATION_STYLE_ASSIGNMENT((#2988));
#2840=PRESENTATION_STYLE_ASSIGNMENT((#2989));
#2841=PRESENTATION_STYLE_ASSIGNMENT((#2990));
#2842=PRESENTATION_STYLE_ASSIGNMENT((#2991));
#2843=PRESENTATION_STYLE_ASSIGNMENT((#2992));
#2844=PRESENTATION_STYLE_ASSIGNMENT((#2993));
#2845=PRESENTATION_STYLE_ASSIGNMENT((#2994));
#2846=PRESENTATION_STYLE_ASSIGNMENT((#2995));
#2847=PRESENTATION_STYLE_ASSIGNMENT((#2996));
#2848=PRESENTATION_STYLE_ASSIGNMENT((#2997));
#2849=PRESENTATION_STYLE_ASSIGNMENT((#2998));
#2850=PRESENTATION_STYLE_ASSIGNMENT((#2999));
#2851=PRESENTATION_STYLE_ASSIGNMENT((#3000));
#2852=PRESENTATION_STYLE_ASSIGNMENT((#3001));
#2853=PRESENTATION_STYLE_ASSIGNMENT((#3002));
#2854=PRESENTATION_STYLE_ASSIGNMENT((#3003));
#2855=PRESENTATION_STYLE_ASSIGNMENT((#3004));
#2856=PRESENTATION_STYLE_ASSIGNMENT((#3005));
#2857=PRESENTATION_STYLE_ASSIGNMENT((#3006));
#2858=PRESENTATION_STYLE_ASSIGNMENT((#3007));
#2859=PRESENTATION_STYLE_ASSIGNMENT((#3008));
#2860=PRESENTATION_STYLE_ASSIGNMENT((#3009));
#2861=PRESENTATION_STYLE_ASSIGNMENT((#3010));
#2862=PRESENTATION_STYLE_ASSIGNMENT((#3011));
#2863=PRESENTATION_STYLE_ASSIGNMENT((#3012));
#2864=PRESENTATION_STYLE_ASSIGNMENT((#3013));
#2865=PRESENTATION_STYLE_ASSIGNMENT((#3014));
#2866=PRESENTATION_STYLE_ASSIGNMENT((#3015));
#2867=PRESENTATION_STYLE_ASSIGNMENT((#3016));
#2868=PRESENTATION_STYLE_ASSIGNMENT((#3017));
#2869=PRESENTATION_STYLE_ASSIGNMENT((#3018));
#2870=PRESENTATION_STYLE_ASSIGNMENT((#3019));
#2871=PRESENTATION_STYLE_ASSIGNMENT((#3020));
#2872=PRESENTATION_STYLE_ASSIGNMENT((#3021));
#2873=PRESENTATION_STYLE_ASSIGNMENT((#3022));
#2874=PRESENTATION_STYLE_ASSIGNMENT((#3023));
#2875=PRESENTATION_STYLE_ASSIGNMENT((#3024));
#2876=PRESENTATION_STYLE_ASSIGNMENT((#3025));
#2877=PRESENTATION_STYLE_ASSIGNMENT((#3026));
#2878=PRESENTATION_STYLE_ASSIGNMENT((#3027));
#2879=PRESENTATION_STYLE_ASSIGNMENT((#3028));
#2880=PRESENTATION_STYLE_ASSIGNMENT((#3029));
#2881=PRESENTATION_STYLE_ASSIGNMENT((#3030));
#2882=PRESENTATION_STYLE_ASSIGNMENT((#3031));
#2883=PRESENTATION_STYLE_ASSIGNMENT((#3032));
#2884=PRESENTATION_STYLE_ASSIGNMENT((#3033));
#2885=PRESENTATION_STYLE_ASSIGNMENT((#3034));
#2886=PRESENTATION_STYLE_ASSIGNMENT((#3035));
#2887=PRESENTATION_STYLE_ASSIGNMENT((#3036));
#2888=PRESENTATION_STYLE_ASSIGNMENT((#3037));
#2889=PRESENTATION_STYLE_ASSIGNMENT((#3038));
#2890=PRESENTATION_STYLE_ASSIGNMENT((#3039));
#2891=PRESENTATION_STYLE_ASSIGNMENT((#3040));
#2892=PRESENTATION_STYLE_ASSIGNMENT((#3041));
#2893=PRESENTATION_STYLE_ASSIGNMENT((#3042));
#2894=PRESENTATION_STYLE_ASSIGNMENT((#3043));
#2895=PRESENTATION_STYLE_ASSIGNMENT((#3044));
#2896=PRESENTATION_STYLE_ASSIGNMENT((#3045));
#2897=PRESENTATION_STYLE_ASSIGNMENT((#3046));
#2898=PRESENTATION_STYLE_ASSIGNMENT((#3047));
#2899=PRESENTATION_STYLE_ASSIGNMENT((#3048));
#2900=PRESENTATION_STYLE_ASSIGNMENT((#3049));
#2901=PRESENTATION_STYLE_ASSIGNMENT((#3050));
#2902=PRESENTATION_STYLE_ASSIGNMENT((#3051));
#2903=PRESENTATION_STYLE_ASSIGNMENT((#3052));
#2904=PRESENTATION_STYLE_ASSIGNMENT((#3053));
#2905=PRESENTATION_STYLE_ASSIGNMENT((#3054));
#2906=PRESENTATION_STYLE_ASSIGNMENT((#3055));
#2907=PRESENTATION_STYLE_ASSIGNMENT((#3056));
#2908=PRESENTATION_STYLE_ASSIGNMENT((#3057));
#2909=PRESENTATION_STYLE_ASSIGNMENT((#3058));
#2910=PRESENTATION_STYLE_ASSIGNMENT((#3059));
#2911=PRESENTATION_STYLE_ASSIGNMENT((#3060));
#2912=PRESENTATION_STYLE_ASSIGNMENT((#3061));
#2913=PRESENTATION_STYLE_ASSIGNMENT((#3062));
#2914=PRESENTATION_STYLE_ASSIGNMENT((#3063));
#2915=PRESENTATION_STYLE_ASSIGNMENT((#3064));
#2916=PRESENTATION_STYLE_ASSIGNMENT((#3065));
#2917=PRESENTATION_STYLE_ASSIGNMENT((#3066));
#2918=PRESENTATION_STYLE_ASSIGNMENT((#3067));
#2919=PRESENTATION_STYLE_ASSIGNMENT((#3068));
#2920=PRESENTATION_STYLE_ASSIGNMENT((#3069));
#2921=PRESENTATION_STYLE_ASSIGNMENT((#3070));
#2922=PRESENTATION_STYLE_ASSIGNMENT((#3071));
#2923=PRESENTATION_STYLE_ASSIGNMENT((#3072));
#2924=PRESENTATION_STYLE_ASSIGNMENT((#3073));
#2925=PRESENTATION_STYLE_ASSIGNMENT((#3074));
#2926=PRESENTATION_STYLE_ASSIGNMENT((#3075));
#2927=PRESENTATION_STYLE_ASSIGNMENT((#3076));
#2928=PRESENTATION_STYLE_ASSIGNMENT((#3077));
#2929=PRESENTATION_STYLE_ASSIGNMENT((#3078));
#2930=PRESENTATION_STYLE_ASSIGNMENT((#3079));
#2931=PRESENTATION_STYLE_ASSIGNMENT((#3080));
#2932=PRESENTATION_STYLE_ASSIGNMENT((#3081));
#2933=PRESENTATION_STYLE_ASSIGNMENT((#3082));
#2934=PRESENTATION_STYLE_ASSIGNMENT((#3083));
#2935=PRESENTATION_STYLE_ASSIGNMENT((#3084));
#2936=PRESENTATION_STYLE_ASSIGNMENT((#3085));
#2937=PRESENTATION_STYLE_ASSIGNMENT((#3086));
#2938=PRESENTATION_STYLE_ASSIGNMENT((#3087));
#2939=PRESENTATION_STYLE_ASSIGNMENT((#3088));
#2940=PRESENTATION_STYLE_ASSIGNMENT((#3089));
#2941=PRESENTATION_STYLE_ASSIGNMENT((#3090));
#2942=PRESENTATION_STYLE_ASSIGNMENT((#3091));
#2943=PRESENTATION_STYLE_ASSIGNMENT((#3092));
#2944=PRESENTATION_STYLE_ASSIGNMENT((#3093));
#2945=PRESENTATION_STYLE_ASSIGNMENT((#3094));
#2946=PRESENTATION_STYLE_ASSIGNMENT((#3095));
#2947=PRESENTATION_STYLE_ASSIGNMENT((#3096));
#2948=PRESENTATION_STYLE_ASSIGNMENT((#3097));
#2949=PRESENTATION_STYLE_ASSIGNMENT((#3098));
#2950=PRESENTATION_STYLE_ASSIGNMENT((#3099));
#2951=PRESENTATION_STYLE_ASSIGNMENT((#3100));
#2952=PRESENTATION_STYLE_ASSIGNMENT((#3101));
#2953=PRESENTATION_STYLE_ASSIGNMENT((#3102));
#2954=PRESENTATION_STYLE_ASSIGNMENT((#3103));
#2955=PRESENTATION_STYLE_ASSIGNMENT((#3104));
#2956=PRESENTATION_STYLE_ASSIGNMENT((#3105));
#2957=PRESENTATION_STYLE_ASSIGNMENT((#3106));
#2958=PRESENTATION_STYLE_ASSIGNMENT((#3107));
#2959=PRESENTATION_STYLE_ASSIGNMENT((#3108));
#2960=PRESENTATION_STYLE_ASSIGNMENT((#3109));
#2961=PRESENTATION_STYLE_ASSIGNMENT((#3110));
#2962=PRESENTATION_STYLE_ASSIGNMENT((#3111));
#2963=PRESENTATION_STYLE_ASSIGNMENT((#3112));
#2964=PRESENTATION_STYLE_ASSIGNMENT((#3113));
#2965=PRESENTATION_STYLE_ASSIGNMENT((#3114));
#2966=PRESENTATION_STYLE_ASSIGNMENT((#3115));
#2967=PRESENTATION_STYLE_ASSIGNMENT((#3116));
#2968=PRESENTATION_STYLE_ASSIGNMENT((#3117));
#2969=PRESENTATION_STYLE_ASSIGNMENT((#3118));
#2970=PRESENTATION_STYLE_ASSIGNMENT((#3119));
#2971=PRESENTATION_STYLE_ASSIGNMENT((#3120));
#2972=PRESENTATION_STYLE_ASSIGNMENT((#3121));
#2973=PRESENTATION_STYLE_ASSIGNMENT((#3122));
#2974=PRESENTATION_STYLE_ASSIGNMENT((#3123));
#2975=PRESENTATION_STYLE_ASSIGNMENT((#3124));
#2976=PRESENTATION_STYLE_ASSIGNMENT((#3125));
#2977=PRESENTATION_STYLE_ASSIGNMENT((#3126));
#2978=PRESENTATION_STYLE_ASSIGNMENT((#3127));
#2979=PRESENTATION_STYLE_ASSIGNMENT((#3128));
#2980=PRESENTATION_STYLE_ASSIGNMENT((#3129));
#2981=PRESENTATION_STYLE_ASSIGNMENT((#3130));
#2982=PRESENTATION_STYLE_ASSIGNMENT((#3131));
#2983=PRESENTATION_STYLE_ASSIGNMENT((#3132));
#2984=PRESENTATION_STYLE_ASSIGNMENT((#3133));
#2985=SURFACE_STYLE_USAGE(.BOTH.,#3134);
#2986=SURFACE_STYLE_USAGE(.BOTH.,#3135);
#2987=SURFACE_STYLE_USAGE(.BOTH.,#3136);
#2988=SURFACE_STYLE_USAGE(.BOTH.,#3137);
#2989=SURFACE_STYLE_USAGE(.BOTH.,#3138);
#2990=SURFACE_STYLE_USAGE(.BOTH.,#3139);
#2991=SURFACE_STYLE_USAGE(.BOTH.,#3140);
#2992=SURFACE_STYLE_USAGE(.BOTH.,#3141);
#2993=SURFACE_STYLE_USAGE(.BOTH.,#3142);
#2994=SURFACE_STYLE_USAGE(.BOTH.,#3143);
#2995=SURFACE_STYLE_USAGE(.BOTH.,#3144);
#2996=SURFACE_STYLE_USAGE(.BOTH.,#3145);
#2997=SURFACE_STYLE_USAGE(.BOTH.,#3146);
#2998=SURFACE_STYLE_USAGE(.BOTH.,#3147);
#2999=SURFACE_STYLE_USAGE(.BOTH.,#3148);
#3000=SURFACE_STYLE_USAGE(.BOTH.,#3149);
#3001=SURFACE_STYLE_USAGE(.BOTH.,#3150);
#3002=SURFACE_STYLE_USAGE(.BOTH.,#3151);
#3003=SURFACE_STYLE_USAGE(.BOTH.,#3152);
#3004=SURFACE_STYLE_USAGE(.BOTH.,#3153);
#3005=SURFACE_STYLE_USAGE(.BOTH.,#3154);
#3006=SURFACE_STYLE_USAGE(.BOTH.,#3155);
#3007=SURFACE_STYLE_USAGE(.BOTH.,#3156);
#3008=SURFACE_STYLE_USAGE(.BOTH.,#3157);
#3009=SURFACE_STYLE_USAGE(.BOTH.,#3158);
#3010=SURFACE_STYLE_USAGE(.BOTH.,#3159);
#3011=SURFACE_STYLE_USAGE(.BOTH.,#3160);
#3012=SURFACE_STYLE_USAGE(.BOTH.,#3161);
#3013=SURFACE_STYLE_USAGE(.BOTH.,#3162);
#3014=SURFACE_STYLE_USAGE(.BOTH.,#3163);
#3015=SURFACE_STYLE_USAGE(.BOTH.,#3164);
#3016=SURFACE_STYLE_USAGE(.BOTH.,#3165);
#3017=SURFACE_STYLE_USAGE(.BOTH.,#3166);
#3018=SURFACE_STYLE_USAGE(.BOTH.,#3167);
#3019=SURFACE_STYLE_USAGE(.BOTH.,#3168);
#3020=SURFACE_STYLE_USAGE(.BOTH.,#3169);
#3021=SURFACE_STYLE_USAGE(.BOTH.,#3170);
#3022=SURFACE_STYLE_USAGE(.BOTH.,#3171);
#3023=SURFACE_STYLE_USAGE(.BOTH.,#3172);
#3024=SURFACE_STYLE_USAGE(.BOTH.,#3173);
#3025=SURFACE_STYLE_USAGE(.BOTH.,#3174);
#3026=SURFACE_STYLE_USAGE(.BOTH.,#3175);
#3027=SURFACE_STYLE_USAGE(.BOTH.,#3176);
#3028=SURFACE_STYLE_USAGE(.BOTH.,#3177);
#3029=SURFACE_STYLE_USAGE(.BOTH.,#3178);
#3030=SURFACE_STYLE_USAGE(.BOTH.,#3179);
#3031=SURFACE_STYLE_USAGE(.BOTH.,#3180);
#3032=SURFACE_STYLE_USAGE(.BOTH.,#3181);
#3033=SURFACE_STYLE_USAGE(.BOTH.,#3182);
#3034=SURFACE_STYLE_USAGE(.BOTH.,#3183);
#3035=SURFACE_STYLE_USAGE(.BOTH.,#3184);
#3036=SURFACE_STYLE_USAGE(.BOTH.,#3185);
#3037=SURFACE_STYLE_USAGE(.BOTH.,#3186);
#3038=SURFACE_STYLE_USAGE(.BOTH.,#3187);
#3039=SURFACE_STYLE_USAGE(.BOTH.,#3188);
#3040=SURFACE_STYLE_USAGE(.BOTH.,#3189);
#3041=SURFACE_STYLE_USAGE(.BOTH.,#3190);
#3042=SURFACE_STYLE_USAGE(.BOTH.,#3191);
#3043=SURFACE_STYLE_USAGE(.BOTH.,#3192);
#3044=SURFACE_STYLE_USAGE(.BOTH.,#3193);
#3045=SURFACE_STYLE_USAGE(.BOTH.,#3194);
#3046=SURFACE_STYLE_USAGE(.BOTH.,#3195);
#3047=SURFACE_STYLE_USAGE(.BOTH.,#3196);
#3048=SURFACE_STYLE_USAGE(.BOTH.,#3197);
#3049=SURFACE_STYLE_USAGE(.BOTH.,#3198);
#3050=SURFACE_STYLE_USAGE(.BOTH.,#3199);
#3051=SURFACE_STYLE_USAGE(.BOTH.,#3200);
#3052=SURFACE_STYLE_USAGE(.BOTH.,#3201);
#3053=SURFACE_STYLE_USAGE(.BOTH.,#3202);
#3054=SURFACE_STYLE_USAGE(.BOTH.,#3203);
#3055=SURFACE_STYLE_USAGE(.BOTH.,#3204);
#3056=SURFACE_STYLE_USAGE(.BOTH.,#3205);
#3057=SURFACE_STYLE_USAGE(.BOTH.,#3206);
#3058=SURFACE_STYLE_USAGE(.BOTH.,#3207);
#3059=SURFACE_STYLE_USAGE(.BOTH.,#3208);
#3060=SURFACE_STYLE_USAGE(.BOTH.,#3209);
#3061=SURFACE_STYLE_USAGE(.BOTH.,#3210);
#3062=SURFACE_STYLE_USAGE(.BOTH.,#3211);
#3063=SURFACE_STYLE_USAGE(.BOTH.,#3212);
#3064=SURFACE_STYLE_USAGE(.BOTH.,#3213);
#3065=SURFACE_STYLE_USAGE(.BOTH.,#3214);
#3066=SURFACE_STYLE_USAGE(.BOTH.,#3215);
#3067=SURFACE_STYLE_USAGE(.BOTH.,#3216);
#3068=SURFACE_STYLE_USAGE(.BOTH.,#3217);
#3069=SURFACE_STYLE_USAGE(.BOTH.,#3218);
#3070=SURFACE_STYLE_USAGE(.BOTH.,#3219);
#3071=SURFACE_STYLE_USAGE(.BOTH.,#3220);
#3072=SURFACE_STYLE_USAGE(.BOTH.,#3221);
#3073=SURFACE_STYLE_USAGE(.BOTH.,#3222);
#3074=SURFACE_STYLE_USAGE(.BOTH.,#3223);
#3075=SURFACE_STYLE_USAGE(.BOTH.,#3224);
#3076=SURFACE_STYLE_USAGE(.BOTH.,#3225);
#3077=SURFACE_STYLE_USAGE(.BOTH.,#3226);
#3078=SURFACE_STYLE_USAGE(.BOTH.,#3227);
#3079=SURFACE_STYLE_USAGE(.BOTH.,#3228);
#3080=SURFACE_STYLE_USAGE(.BOTH.,#3229);
#3081=SURFACE_STYLE_USAGE(.BOTH.,#3230);
#3082=SURFACE_STYLE_USAGE(.BOTH.,#3231);
#3083=SURFACE_STYLE_USAGE(.BOTH.,#3232);
#3084=SURFACE_STYLE_USAGE(.BOTH.,#3233);
#3085=SURFACE_STYLE_USAGE(.BOTH.,#3234);
#3086=SURFACE_STYLE_USAGE(.BOTH.,#3235);
#3087=SURFACE_STYLE_USAGE(.BOTH.,#3236);
#3088=SURFACE_STYLE_USAGE(.BOTH.,#3237);
#3089=SURFACE_STYLE_USAGE(.BOTH.,#3238);
#3090=SURFACE_STYLE_USAGE(.BOTH.,#3239);
#3091=SURFACE_STYLE_USAGE(.BOTH.,#3240);
#3092=SURFACE_STYLE_USAGE(.BOTH.,#3241);
#3093=SURFACE_STYLE_USAGE(.BOTH.,#3242);
#3094=SURFACE_STYLE_USAGE(.BOTH.,#3243);
#3095=SURFACE_STYLE_USAGE(.BOTH.,#3244);
#3096=SURFACE_STYLE_USAGE(.BOTH.,#3245);
#3097=SURFACE_STYLE_USAGE(.BOTH.,#3246);
#3098=SURFACE_STYLE_USAGE(.BOTH.,#3247);
#3099=SURFACE_STYLE_USAGE(.BOTH.,#3248);
#3100=SURFACE_STYLE_USAGE(.BOTH.,#3249);
#3101=SURFACE_STYLE_USAGE(.BOTH.,#3250);
#3102=SURFACE_STYLE_USAGE(.BOTH.,#3251);
#3103=SURFACE_STYLE_USAGE(.BOTH.,#3252);
#3104=SURFACE_STYLE_USAGE(.BOTH.,#3253);
#3105=SURFACE_STYLE_USAGE(.BOTH.,#3254);
#3106=SURFACE_STYLE_USAGE(.BOTH.,#3255);
#3107=SURFACE_STYLE_USAGE(.BOTH.,#3256);
#3108=SURFACE_STYLE_USAGE(.BOTH.,#3257);
#3109=SURFACE_STYLE_USAGE(.BOTH.,#3258);
#3110=SURFACE_STYLE_USAGE(.BOTH.,#3259);
#3111=SURFACE_STYLE_USAGE(.BOTH.,#3260);
#3112=SURFACE_STYLE_USAGE(.BOTH.,#3261);
#3113=SURFACE_STYLE_USAGE(.BOTH.,#3262);
#3114=SURFACE_STYLE_USAGE(.BOTH.,#3263);
#3115=SURFACE_STYLE_USAGE(.BOTH.,#3264);
#3116=SURFACE_STYLE_USAGE(.BOTH.,#3265);
#3117=SURFACE_STYLE_USAGE(.BOTH.,#3266);
#3118=SURFACE_STYLE_USAGE(.BOTH.,#3267);
#3119=SURFACE_STYLE_USAGE(.BOTH.,#3268);
#3120=SURFACE_STYLE_USAGE(.BOTH.,#3269);
#3121=SURFACE_STYLE_USAGE(.BOTH.,#3270);
#3122=SURFACE_STYLE_USAGE(.BOTH.,#3271);
#3123=SURFACE_STYLE_USAGE(.BOTH.,#3272);
#3124=SURFACE_STYLE_USAGE(.BOTH.,#3273);
#3125=SURFACE_STYLE_USAGE(.BOTH.,#3274);
#3126=SURFACE_STYLE_USAGE(.BOTH.,#3275);
#3127=SURFACE_STYLE_USAGE(.BOTH.,#3276);
#3128=SURFACE_STYLE_USAGE(.BOTH.,#3277);
#3129=SURFACE_STYLE_USAGE(.BOTH.,#3278);
#3130=SURFACE_STYLE_USAGE(.BOTH.,#3279);
#3131=SURFACE_STYLE_USAGE(.BOTH.,#3280);
#3132=SURFACE_STYLE_USAGE(.BOTH.,#3281);
#3133=SURFACE_STYLE_USAGE(.BOTH.,#3282);
#3134=SURFACE_SIDE_STYLE('',(#3283));
#3135=SURFACE_SIDE_STYLE('',(#3284));
#3136=SURFACE_SIDE_STYLE('',(#3285));
#3137=SURFACE_SIDE_STYLE('',(#3286));
#3138=SURFACE_SIDE_STYLE('',(#3287));
#3139=SURFACE_SIDE_STYLE('',(#3288));
#3140=SURFACE_SIDE_STYLE('',(#3289));
#3141=SURFACE_SIDE_STYLE('',(#3290));
#3142=SURFACE_SIDE_STYLE('',(#3291));
#3143=SURFACE_SIDE_STYLE('',(#3292));
#3144=SURFACE_SIDE_STYLE('',(#3293));
#3145=SURFACE_SIDE_STYLE('',(#3294));
#3146=SURFACE_SIDE_STYLE('',(#3295));
#3147=SURFACE_SIDE_STYLE('',(#3296));
#3148=SURFACE_SIDE_STYLE('',(#3297));
#3149=SURFACE_SIDE_STYLE('',(#3298));
#3150=SURFACE_SIDE_STYLE('',(#3299));
#3151=SURFACE_SIDE_STYLE('',(#3300));
#3152=SURFACE_SIDE_STYLE('',(#3301));
#3153=SURFACE_SIDE_STYLE('',(#3302));
#3154=SURFACE_SIDE_STYLE('',(#3303));
#3155=SURFACE_SIDE_STYLE('',(#3304));
#3156=SURFACE_SIDE_STYLE('',(#3305));
#3157=SURFACE_SIDE_STYLE('',(#3306));
#3158=SURFACE_SIDE_STYLE('',(#3307));
#3159=SURFACE_SIDE_STYLE('',(#3308));
#3160=SURFACE_SIDE_STYLE('',(#3309));
#3161=SURFACE_SIDE_STYLE('',(#3310));
#3162=SURFACE_SIDE_STYLE('',(#3311));
#3163=SURFACE_SIDE_STYLE('',(#3312));
#3164=SURFACE_SIDE_STYLE('',(#3313));
#3165=SURFACE_SIDE_STYLE('',(#3314));
#3166=SURFACE_SIDE_STYLE('',(#3315));
#3167=SURFACE_SIDE_STYLE('',(#3316));
#3168=SURFACE_SIDE_STYLE('',(#3317));
#3169=SURFACE_SIDE_STYLE('',(#3318));
#3170=SURFACE_SIDE_STYLE('',(#3319));
#3171=SURFACE_SIDE_STYLE('',(#3320));
#3172=SURFACE_SIDE_STYLE('',(#3321));
#3173=SURFACE_SIDE_STYLE('',(#3322));
#3174=SURFACE_SIDE_STYLE('',(#3323));
#3175=SURFACE_SIDE_STYLE('',(#3324));
#3176=SURFACE_SIDE_STYLE('',(#3325));
#3177=SURFACE_SIDE_STYLE('',(#3326));
#3178=SURFACE_SIDE_STYLE('',(#3327));
#3179=SURFACE_SIDE_STYLE('',(#3328));
#3180=SURFACE_SIDE_STYLE('',(#3329));
#3181=SURFACE_SIDE_STYLE('',(#3330));
#3182=SURFACE_SIDE_STYLE('',(#3331));
#3183=SURFACE_SIDE_STYLE('',(#3332));
#3184=SURFACE_SIDE_STYLE('',(#3333));
#3185=SURFACE_SIDE_STYLE('',(#3334));
#3186=SURFACE_SIDE_STYLE('',(#3335));
#3187=SURFACE_SIDE_STYLE('',(#3336));
#3188=SURFACE_SIDE_STYLE('',(#3337));
#3189=SURFACE_SIDE_STYLE('',(#3338));
#3190=SURFACE_SIDE_STYLE('',(#3339));
#3191=SURFACE_SIDE_STYLE('',(#3340));
#3192=SURFACE_SIDE_STYLE('',(#3341));
#3193=SURFACE_SIDE_STYLE('',(#3342));
#3194=SURFACE_SIDE_STYLE('',(#3343));
#3195=SURFACE_SIDE_STYLE('',(#3344));
#3196=SURFACE_SIDE_STYLE('',(#3345));
#3197=SURFACE_SIDE_STYLE('',(#3346));
#3198=SURFACE_SIDE_STYLE('',(#3347));
#3199=SURFACE_SIDE_STYLE('',(#3348));
#3200=SURFACE_SIDE_STYLE('',(#3349));
#3201=SURFACE_SIDE_STYLE('',(#3350));
#3202=SURFACE_SIDE_STYLE('',(#3351));
#3203=SURFACE_SIDE_STYLE('',(#3352));
#3204=SURFACE_SIDE_STYLE('',(#3353));
#3205=SURFACE_SIDE_STYLE('',(#3354));
#3206=SURFACE_SIDE_STYLE('',(#3355));
#3207=SURFACE_SIDE_STYLE('',(#3356));
#3208=SURFACE_SIDE_STYLE('',(#3357));
#3209=SURFACE_SIDE_STYLE('',(#3358));
#3210=SURFACE_SIDE_STYLE('',(#3359));
#3211=SURFACE_SIDE_STYLE('',(#3360));
#3212=SURFACE_SIDE_STYLE('',(#3361));
#3213=SURFACE_SIDE_STYLE('',(#3362));
#3214=SURFACE_SIDE_STYLE('',(#3363));
#3215=SURFACE_SIDE_STYLE('',(#3364));
#3216=SURFACE_SIDE_STYLE('',(#3365));
#3217=SURFACE_SIDE_STYLE('',(#3366));
#3218=SURFACE_SIDE_STYLE('',(#3367));
#3219=SURFACE_SIDE_STYLE('',(#3368));
#3220=SURFACE_SIDE_STYLE('',(#3369));
#3221=SURFACE_SIDE_STYLE('',(#3370));
#3222=SURFACE_SIDE_STYLE('',(#3371));
#3223=SURFACE_SIDE_STYLE('',(#3372));
#3224=SURFACE_SIDE_STYLE('',(#3373));
#3225=SURFACE_SIDE_STYLE('',(#3374));
#3226=SURFACE_SIDE_STYLE('',(#3375));
#3227=SURFACE_SIDE_STYLE('',(#3376));
#3228=SURFACE_SIDE_STYLE('',(#3377));
#3229=SURFACE_SIDE_STYLE('',(#3378));
#3230=SURFACE_SIDE_STYLE('',(#3379));
#3231=SURFACE_SIDE_STYLE('',(#3380));
#3232=SURFACE_SIDE_STYLE('',(#3381));
#3233=SURFACE_SIDE_STYLE('',(#3382));
#3234=SURFACE_SIDE_STYLE('',(#3383));
#3235=SURFACE_SIDE_STYLE('',(#3384));
#3236=SURFACE_SIDE_STYLE('',(#3385));
#3237=SURFACE_SIDE_STYLE('',(#3386));
#3238=SURFACE_SIDE_STYLE('',(#3387));
#3239=SURFACE_SIDE_STYLE('',(#3388));
#3240=SURFACE_SIDE_STYLE('',(#3389));
#3241=SURFACE_SIDE_STYLE('',(#3390));
#3242=SURFACE_SIDE_STYLE('',(#3391));
#3243=SURFACE_SIDE_STYLE('',(#3392));
#3244=SURFACE_SIDE_STYLE('',(#3393));
#3245=SURFACE_SIDE_STYLE('',(#3394));
#3246=SURFACE_SIDE_STYLE('',(#3395));
#3247=SURFACE_SIDE_STYLE('',(#3396));
#3248=SURFACE_SIDE_STYLE('',(#3397));
#3249=SURFACE_SIDE_STYLE('',(#3398));
#3250=SURFACE_SIDE_STYLE('',(#3399));
#3251=SURFACE_SIDE_STYLE('',(#3400));
#3252=SURFACE_SIDE_STYLE('',(#3401));
#3253=SURFACE_SIDE_STYLE('',(#3402));
#3254=SURFACE_SIDE_STYLE('',(#3403));
#3255=SURFACE_SIDE_STYLE('',(#3404));
#3256=SURFACE_SIDE_STYLE('',(#3405));
#3257=SURFACE_SIDE_STYLE('',(#3406));
#3258=SURFACE_SIDE_STYLE('',(#3407));
#3259=SURFACE_SIDE_STYLE('',(#3408));
#3260=SURFACE_SIDE_STYLE('',(#3409));
#3261=SURFACE_SIDE_STYLE('',(#3410));
#3262=SURFACE_SIDE_STYLE('',(#3411));
#3263=SURFACE_SIDE_STYLE('',(#3412));
#3264=SURFACE_SIDE_STYLE('',(#3413));
#3265=SURFACE_SIDE_STYLE('',(#3414));
#3266=SURFACE_SIDE_STYLE('',(#3415));
#3267=SURFACE_SIDE_STYLE('',(#3416));
#3268=SURFACE_SIDE_STYLE('',(#3417));
#3269=SURFACE_SIDE_STYLE('',(#3418));
#3270=SURFACE_SIDE_STYLE('',(#3419));
#3271=SURFACE_SIDE_STYLE('',(#3420));
#3272=SURFACE_SIDE_STYLE('',(#3421));
#3273=SURFACE_SIDE_STYLE('',(#3422));
#3274=SURFACE_SIDE_STYLE('',(#3423));
#3275=SURFACE_SIDE_STYLE('',(#3424));
#3276=SURFACE_SIDE_STYLE('',(#3425));
#3277=SURFACE_SIDE_STYLE('',(#3426));
#3278=SURFACE_SIDE_STYLE('',(#3427));
#3279=SURFACE_SIDE_STYLE('',(#3428));
#3280=SURFACE_SIDE_STYLE('',(#3429));
#3281=SURFACE_SIDE_STYLE('',(#3430));
#3282=SURFACE_SIDE_STYLE('',(#3431));
#3283=SURFACE_STYLE_FILL_AREA(#3432);
#3284=SURFACE_STYLE_FILL_AREA(#3433);
#3285=SURFACE_STYLE_FILL_AREA(#3434);
#3286=SURFACE_STYLE_FILL_AREA(#3435);
#3287=SURFACE_STYLE_FILL_AREA(#3436);
#3288=SURFACE_STYLE_FILL_AREA(#3437);
#3289=SURFACE_STYLE_FILL_AREA(#3438);
#3290=SURFACE_STYLE_FILL_AREA(#3439);
#3291=SURFACE_STYLE_FILL_AREA(#3440);
#3292=SURFACE_STYLE_FILL_AREA(#3441);
#3293=SURFACE_STYLE_FILL_AREA(#3442);
#3294=SURFACE_STYLE_FILL_AREA(#3443);
#3295=SURFACE_STYLE_FILL_AREA(#3444);
#3296=SURFACE_STYLE_FILL_AREA(#3445);
#3297=SURFACE_STYLE_FILL_AREA(#3446);
#3298=SURFACE_STYLE_FILL_AREA(#3447);
#3299=SURFACE_STYLE_FILL_AREA(#3448);
#3300=SURFACE_STYLE_FILL_AREA(#3449);
#3301=SURFACE_STYLE_FILL_AREA(#3450);
#3302=SURFACE_STYLE_FILL_AREA(#3451);
#3303=SURFACE_STYLE_FILL_AREA(#3452);
#3304=SURFACE_STYLE_FILL_AREA(#3453);
#3305=SURFACE_STYLE_FILL_AREA(#3454);
#3306=SURFACE_STYLE_FILL_AREA(#3455);
#3307=SURFACE_STYLE_FILL_AREA(#3456);
#3308=SURFACE_STYLE_FILL_AREA(#3457);
#3309=SURFACE_STYLE_FILL_AREA(#3458);
#3310=SURFACE_STYLE_FILL_AREA(#3459);
#3311=SURFACE_STYLE_FILL_AREA(#3460);
#3312=SURFACE_STYLE_FILL_AREA(#3461);
#3313=SURFACE_STYLE_FILL_AREA(#3462);
#3314=SURFACE_STYLE_FILL_AREA(#3463);
#3315=SURFACE_STYLE_FILL_AREA(#3464);
#3316=SURFACE_STYLE_FILL_AREA(#3465);
#3317=SURFACE_STYLE_FILL_AREA(#3466);
#3318=SURFACE_STYLE_FILL_AREA(#3467);
#3319=SURFACE_STYLE_FILL_AREA(#3468);
#3320=SURFACE_STYLE_FILL_AREA(#3469);
#3321=SURFACE_STYLE_FILL_AREA(#3470);
#3322=SURFACE_STYLE_FILL_AREA(#3471);
#3323=SURFACE_STYLE_FILL_AREA(#3472);
#3324=SURFACE_STYLE_FILL_AREA(#3473);
#3325=SURFACE_STYLE_FILL_AREA(#3474);
#3326=SURFACE_STYLE_FILL_AREA(#3475);
#3327=SURFACE_STYLE_FILL_AREA(#3476);
#3328=SURFACE_STYLE_FILL_AREA(#3477);
#3329=SURFACE_STYLE_FILL_AREA(#3478);
#3330=SURFACE_STYLE_FILL_AREA(#3479);
#3331=SURFACE_STYLE_FILL_AREA(#3480);
#3332=SURFACE_STYLE_FILL_AREA(#3481);
#3333=SURFACE_STYLE_FILL_AREA(#3482);
#3334=SURFACE_STYLE_FILL_AREA(#3483);
#3335=SURFACE_STYLE_FILL_AREA(#3484);
#3336=SURFACE_STYLE_FILL_AREA(#3485);
#3337=SURFACE_STYLE_FILL_AREA(#3486);
#3338=SURFACE_STYLE_FILL_AREA(#3487);
#3339=SURFACE_STYLE_FILL_AREA(#3488);
#3340=SURFACE_STYLE_FILL_AREA(#3489);
#3341=SURFACE_STYLE_FILL_AREA(#3490);
#3342=SURFACE_STYLE_FILL_AREA(#3491);
#3343=SURFACE_STYLE_FILL_AREA(#3492);
#3344=SURFACE_STYLE_FILL_AREA(#3493);
#3345=SURFACE_STYLE_FILL_AREA(#3494);
#3346=SURFACE_STYLE_FILL_AREA(#3495);
#3347=SURFACE_STYLE_FILL_AREA(#3496);
#3348=SURFACE_STYLE_FILL_AREA(#3497);
#3349=SURFACE_STYLE_FILL_AREA(#3498);
#3350=SURFACE_STYLE_FILL_AREA(#3499);
#3351=SURFACE_STYLE_FILL_AREA(#3500);
#3352=SURFACE_STYLE_FILL_AREA(#3501);
#3353=SURFACE_STYLE_FILL_AREA(#3502);
#3354=SURFACE_STYLE_FILL_AREA(#3503);
#3355=SURFACE_STYLE_FILL_AREA(#3504);
#3356=SURFACE_STYLE_FILL_AREA(#3505);
#3357=SURFACE_STYLE_FILL_AREA(#3506);
#3358=SURFACE_STYLE_FILL_AREA(#3507);
#3359=SURFACE_STYLE_FILL_AREA(#3508);
#3360=SURFACE_STYLE_FILL_AREA(#3509);
#3361=SURFACE_STYLE_FILL_AREA(#3510);
#3362=SURFACE_STYLE_FILL_AREA(#3511);
#3363=SURFACE_STYLE_FILL_AREA(#3512);
#3364=SURFACE_STYLE_FILL_AREA(#3513);
#3365=SURFACE_STYLE_FILL_AREA(#3514);
#3366=SURFACE_STYLE_FILL_AREA(#3515);
#3367=SURFACE_STYLE_FILL_AREA(#3516);
#3368=SURFACE_STYLE_FILL_AREA(#3517);
#3369=SURFACE_STYLE_FILL_AREA(#3518);
#3370=SURFACE_STYLE_FILL_AREA(#3519);
#3371=SURFACE_STYLE_FILL_AREA(#3520);
#3372=SURFACE_STYLE_FILL_AREA(#3521);
#3373=SURFACE_STYLE_FILL_AREA(#3522);
#3374=SURFACE_STYLE_FILL_AREA(#3523);
#3375=SURFACE_STYLE_FILL_AREA(#3524);
#3376=SURFACE_STYLE_FILL_AREA(#3525);
#3377=SURFACE_STYLE_FILL_AREA(#3526);
#3378=SURFACE_STYLE_FILL_AREA(#3527);
#3379=SURFACE_STYLE_FILL_AREA(#3528);
#3380=SURFACE_STYLE_FILL_AREA(#3529);
#3381=SURFACE_STYLE_FILL_AREA(#3530);
#3382=SURFACE_STYLE_FILL_AREA(#3531);
#3383=SURFACE_STYLE_FILL_AREA(#3532);
#3384=SURFACE_STYLE_FILL_AREA(#3533);
#3385=SURFACE_STYLE_FILL_AREA(#3534);
#3386=SURFACE_STYLE_FILL_AREA(#3535);
#3387=SURFACE_STYLE_FILL_AREA(#3536);
#3388=SURFACE_STYLE_FILL_AREA(#3537);
#3389=SURFACE_STYLE_FILL_AREA(#3538);
#3390=SURFACE_STYLE_FILL_AREA(#3539);
#3391=SURFACE_STYLE_FILL_AREA(#3540);
#3392=SURFACE_STYLE_FILL_AREA(#3541);
#3393=SURFACE_STYLE_FILL_AREA(#3542);
#3394=SURFACE_STYLE_FILL_AREA(#3543);
#3395=SURFACE_STYLE_FILL_AREA(#3544);
#3396=SURFACE_STYLE_FILL_AREA(#3545);
#3397=SURFACE_STYLE_FILL_AREA(#3546);
#3398=SURFACE_STYLE_FILL_AREA(#3547);
#3399=SURFACE_STYLE_FILL_AREA(#3548);
#3400=SURFACE_STYLE_FILL_AREA(#3549);
#3401=SURFACE_STYLE_FILL_AREA(#3550);
#3402=SURFACE_STYLE_FILL_AREA(#3551);
#3403=SURFACE_STYLE_FILL_AREA(#3552);
#3404=SURFACE_STYLE_FILL_AREA(#3553);
#3405=SURFACE_STYLE_FILL_AREA(#3554);
#3406=SURFACE_STYLE_FILL_AREA(#3555);
#3407=SURFACE_STYLE_FILL_AREA(#3556);
#3408=SURFACE_STYLE_FILL_AREA(#3557);
#3409=SURFACE_STYLE_FILL_AREA(#3558);
#3410=SURFACE_STYLE_FILL_AREA(#3559);
#3411=SURFACE_STYLE_FILL_AREA(#3560);
#3412=SURFACE_STYLE_FILL_AREA(#3561);
#3413=SURFACE_STYLE_FILL_AREA(#3562);
#3414=SURFACE_STYLE_FILL_AREA(#3563);
#3415=SURFACE_STYLE_FILL_AREA(#3564);
#3416=SURFACE_STYLE_FILL_AREA(#3565);
#3417=SURFACE_STYLE_FILL_AREA(#3566);
#3418=SURFACE_STYLE_FILL_AREA(#3567);
#3419=SURFACE_STYLE_FILL_AREA(#3568);
#3420=SURFACE_STYLE_FILL_AREA(#3569);
#3421=SURFACE_STYLE_FILL_AREA(#3570);
#3422=SURFACE_STYLE_FILL_AREA(#3571);
#3423=SURFACE_STYLE_FILL_AREA(#3572);
#3424=SURFACE_STYLE_FILL_AREA(#3573);
#3425=SURFACE_STYLE_FILL_AREA(#3574);
#3426=SURFACE_STYLE_FILL_AREA(#3575);
#3427=SURFACE_STYLE_FILL_AREA(#3576);
#3428=SURFACE_STYLE_FILL_AREA(#3577);
#3429=SURFACE_STYLE_FILL_AREA(#3578);
#3430=SURFACE_STYLE_FILL_AREA(#3579);
#3431=SURFACE_STYLE_FILL_AREA(#3580);
#3432=FILL_AREA_STYLE('',(#3581));
#3433=FILL_AREA_STYLE('',(#3582));
#3434=FILL_AREA_STYLE('',(#3583));
#3435=FILL_AREA_STYLE('',(#3584));
#3436=FILL_AREA_STYLE('',(#3585));
#3437=FILL_AREA_STYLE('',(#3586));
#3438=FILL_AREA_STYLE('',(#3587));
#3439=FILL_AREA_STYLE('',(#3588));
#3440=FILL_AREA_STYLE('',(#3589));
#3441=FILL_AREA_STYLE('',(#3590));
#3442=FILL_AREA_STYLE('',(#3591));
#3443=FILL_AREA_STYLE('',(#3592));
#3444=FILL_AREA_STYLE('',(#3593));
#3445=FILL_AREA_STYLE('',(#3594));
#3446=FILL_AREA_STYLE('',(#3595));
#3447=FILL_AREA_STYLE('',(#3596));
#3448=FILL_AREA_STYLE('',(#3597));
#3449=FILL_AREA_STYLE('',(#3598));
#3450=FILL_AREA_STYLE('',(#3599));
#3451=FILL_AREA_STYLE('',(#3600));
#3452=FILL_AREA_STYLE('',(#3601));
#3453=FILL_AREA_STYLE('',(#3602));
#3454=FILL_AREA_STYLE('',(#3603));
#3455=FILL_AREA_STYLE('',(#3604));
#3456=FILL_AREA_STYLE('',(#3605));
#3457=FILL_AREA_STYLE('',(#3606));
#3458=FILL_AREA_STYLE('',(#3607));
#3459=FILL_AREA_STYLE('',(#3608));
#3460=FILL_AREA_STYLE('',(#3609));
#3461=FILL_AREA_STYLE('',(#3610));
#3462=FILL_AREA_STYLE('',(#3611));
#3463=FILL_AREA_STYLE('',(#3612));
#3464=FILL_AREA_STYLE('',(#3613));
#3465=FILL_AREA_STYLE('',(#3614));
#3466=FILL_AREA_STYLE('',(#3615));
#3467=FILL_AREA_STYLE('',(#3616));
#3468=FILL_AREA_STYLE('',(#3617));
#3469=FILL_AREA_STYLE('',(#3618));
#3470=FILL_AREA_STYLE('',(#3619));
#3471=FILL_AREA_STYLE('',(#3620));
#3472=FILL_AREA_STYLE('',(#3621));
#3473=FILL_AREA_STYLE('',(#3622));
#3474=FILL_AREA_STYLE('',(#3623));
#3475=FILL_AREA_STYLE('',(#3624));
#3476=FILL_AREA_STYLE('',(#3625));
#3477=FILL_AREA_STYLE('',(#3626));
#3478=FILL_AREA_STYLE('',(#3627));
#3479=FILL_AREA_STYLE('',(#3628));
#3480=FILL_AREA_STYLE('',(#3629));
#3481=FILL_AREA_STYLE('',(#3630));
#3482=FILL_AREA_STYLE('',(#3631));
#3483=FILL_AREA_STYLE('',(#3632));
#3484=FILL_AREA_STYLE('',(#3633));
#3485=FILL_AREA_STYLE('',(#3634));
#3486=FILL_AREA_STYLE('',(#3635));
#3487=FILL_AREA_STYLE('',(#3636));
#3488=FILL_AREA_STYLE('',(#3637));
#3489=FILL_AREA_STYLE('',(#3638));
#3490=FILL_AREA_STYLE('',(#3639));
#3491=FILL_AREA_STYLE('',(#3640));
#3492=FILL_AREA_STYLE('',(#3641));
#3493=FILL_AREA_STYLE('',(#3642));
#3494=FILL_AREA_STYLE('',(#3643));
#3495=FILL_AREA_STYLE('',(#3644));
#3496=FILL_AREA_STYLE('',(#3645));
#3497=FILL_AREA_STYLE('',(#3646));
#3498=FILL_AREA_STYLE('',(#3647));
#3499=FILL_AREA_STYLE('',(#3648));
#3500=FILL_AREA_STYLE('',(#3649));
#3501=FILL_AREA_STYLE('',(#3650));
#3502=FILL_AREA_STYLE('',(#3651));
#3503=FILL_AREA_STYLE('',(#3652));
#3504=FILL_AREA_STYLE('',(#3653));
#3505=FILL_AREA_STYLE('',(#3654));
#3506=FILL_AREA_STYLE('',(#3655));
#3507=FILL_AREA_STYLE('',(#3656));
#3508=FILL_AREA_STYLE('',(#3657));
#3509=FILL_AREA_STYLE('',(#3658));
#3510=FILL_AREA_STYLE('',(#3659));
#3511=FILL_AREA_STYLE('',(#3660));
#3512=FILL_AREA_STYLE('',(#3661));
#3513=FILL_AREA_STYLE('',(#3662));
#3514=FILL_AREA_STYLE('',(#3663));
#3515=FILL_AREA_STYLE('',(#3664));
#3516=FILL_AREA_STYLE('',(#3665));
#3517=FILL_AREA_STYLE('',(#3666));
#3518=FILL_AREA_STYLE('',(#3667));
#3519=FILL_AREA_STYLE('',(#3668));
#3520=FILL_AREA_STYLE('',(#3669));
#3521=FILL_AREA_STYLE('',(#3670));
#3522=FILL_AREA_STYLE('',(#3671));
#3523=FILL_AREA_STYLE('',(#3672));
#3524=FILL_AREA_STYLE('',(#3673));
#3525=FILL_AREA_STYLE('',(#3674));
#3526=FILL_AREA_STYLE('',(#3675));
#3527=FILL_AREA_STYLE('',(#3676));
#3528=FILL_AREA_STYLE('',(#3677));
#3529=FILL_AREA_STYLE('',(#3678));
#3530=FILL_AREA_STYLE('',(#3679));
#3531=FILL_AREA_STYLE('',(#3680));
#3532=FILL_AREA_STYLE('',(#3681));
#3533=FILL_AREA_STYLE('',(#3682));
#3534=FILL_AREA_STYLE('',(#3683));
#3535=FILL_AREA_STYLE('',(#3684));
#3536=FILL_AREA_STYLE('',(#3685));
#3537=FILL_AREA_STYLE('',(#3686));
#3538=FILL_AREA_STYLE('',(#3687));
#3539=FILL_AREA_STYLE('',(#3688));
#3540=FILL_AREA_STYLE('',(#3689));
#3541=FILL_AREA_STYLE('',(#3690));
#3542=FILL_AREA_STYLE('',(#3691));
#3543=FILL_AREA_STYLE('',(#3692));
#3544=FILL_AREA_STYLE('',(#3693));
#3545=FILL_AREA_STYLE('',(#3694));
#3546=FILL_AREA_STYLE('',(#3695));
#3547=FILL_AREA_STYLE('',(#3696));
#3548=FILL_AREA_STYLE('',(#3697));
#3549=FILL_AREA_STYLE('',(#3698));
#3550=FILL_AREA_STYLE('',(#3699));
#3551=FILL_AREA_STYLE('',(#3700));
#3552=FILL_AREA_STYLE('',(#3701));
#3553=FILL_AREA_STYLE('',(#3702));
#3554=FILL_AREA_STYLE('',(#3703));
#3555=FILL_AREA_STYLE('',(#3704));
#3556=FILL_AREA_STYLE('',(#3705));
#3557=FILL_AREA_STYLE('',(#3706));
#3558=FILL_AREA_STYLE('',(#3707));
#3559=FILL_AREA_STYLE('',(#3708));
#3560=FILL_AREA_STYLE('',(#3709));
#3561=FILL_AREA_STYLE('',(#3710));
#3562=FILL_AREA_STYLE('',(#3711));
#3563=FILL_AREA_STYLE('',(#3712));
#3564=FILL_AREA_STYLE('',(#3713));
#3565=FILL_AREA_STYLE('',(#3714));
#3566=FILL_AREA_STYLE('',(#3715));
#3567=FILL_AREA_STYLE('',(#3716));
#3568=FILL_AREA_STYLE('',(#3717));
#3569=FILL_AREA_STYLE('',(#3718));
#3570=FILL_AREA_STYLE('',(#3719));
#3571=FILL_AREA_STYLE('',(#3720));
#3572=FILL_AREA_STYLE('',(#3721));
#3573=FILL_AREA_STYLE('',(#3722));
#3574=FILL_AREA_STYLE('',(#3723));
#3575=FILL_AREA_STYLE('',(#3724));
#3576=FILL_AREA_STYLE('',(#3725));
#3577=FILL_AREA_STYLE('',(#3726));
#3578=FILL_AREA_STYLE('',(#3727));
#3579=FILL_AREA_STYLE('',(#3728));
#3580=FILL_AREA_STYLE('',(#3729));
#3581=FILL_AREA_STYLE_COLOUR('',#3730);
#3582=FILL_AREA_STYLE_COLOUR('',#3731);
#3583=FILL_AREA_STYLE_COLOUR('',#3731);
#3584=FILL_AREA_STYLE_COLOUR('',#3731);
#3585=FILL_AREA_STYLE_COLOUR('',#3731);
#3586=FILL_AREA_STYLE_COLOUR('',#3731);
#3587=FILL_AREA_STYLE_COLOUR('',#3731);
#3588=FILL_AREA_STYLE_COLOUR('',#3731);
#3589=FILL_AREA_STYLE_COLOUR('',#3731);
#3590=FILL_AREA_STYLE_COLOUR('',#3731);
#3591=FILL_AREA_STYLE_COLOUR('',#3731);
#3592=FILL_AREA_STYLE_COLOUR('',#3731);
#3593=FILL_AREA_STYLE_COLOUR('',#3731);
#3594=FILL_AREA_STYLE_COLOUR('',#3731);
#3595=FILL_AREA_STYLE_COLOUR('',#3731);
#3596=FILL_AREA_STYLE_COLOUR('',#3731);
#3597=FILL_AREA_STYLE_COLOUR('',#3731);
#3598=FILL_AREA_STYLE_COLOUR('',#3731);
#3599=FILL_AREA_STYLE_COLOUR('',#3731);
#3600=FILL_AREA_STYLE_COLOUR('',#3731);
#3601=FILL_AREA_STYLE_COLOUR('',#3731);
#3602=FILL_AREA_STYLE_COLOUR('',#3731);
#3603=FILL_AREA_STYLE_COLOUR('',#3731);
#3604=FILL_AREA_STYLE_COLOUR('',#3731);
#3605=FILL_AREA_STYLE_COLOUR('',#3731);
#3606=FILL_AREA_STYLE_COLOUR('',#3731);
#3607=FILL_AREA_STYLE_COLOUR('',#3731);
#3608=FILL_AREA_STYLE_COLOUR('',#3731);
#3609=FILL_AREA_STYLE_COLOUR('',#3731);
#3610=FILL_AREA_STYLE_COLOUR('',#3731);
#3611=FILL_AREA_STYLE_COLOUR('',#3731);
#3612=FILL_AREA_STYLE_COLOUR('',#3731);
#3613=FILL_AREA_STYLE_COLOUR('',#3731);
#3614=FILL_AREA_STYLE_COLOUR('',#3731);
#3615=FILL_AREA_STYLE_COLOUR('',#3731);
#3616=FILL_AREA_STYLE_COLOUR('',#3731);
#3617=FILL_AREA_STYLE_COLOUR('',#3731);
#3618=FILL_AREA_STYLE_COLOUR('',#3731);
#3619=FILL_AREA_STYLE_COLOUR('',#3731);
#3620=FILL_AREA_STYLE_COLOUR('',#3731);
#3621=FILL_AREA_STYLE_COLOUR('',#3731);
#3622=FILL_AREA_STYLE_COLOUR('',#3731);
#3623=FILL_AREA_STYLE_COLOUR('',#3731);
#3624=FILL_AREA_STYLE_COLOUR('',#3731);
#3625=FILL_AREA_STYLE_COLOUR('',#3731);
#3626=FILL_AREA_STYLE_COLOUR('',#3731);
#3627=FILL_AREA_STYLE_COLOUR('',#3731);
#3628=FILL_AREA_STYLE_COLOUR('',#3731);
#3629=FILL_AREA_STYLE_COLOUR('',#3731);
#3630=FILL_AREA_STYLE_COLOUR('',#3731);
#3631=FILL_AREA_STYLE_COLOUR('',#3731);
#3632=FILL_AREA_STYLE_COLOUR('',#3731);
#3633=FILL_AREA_STYLE_COLOUR('',#3731);
#3634=FILL_AREA_STYLE_COLOUR('',#3731);
#3635=FILL_AREA_STYLE_COLOUR('',#3731);
#3636=FILL_AREA_STYLE_COLOUR('',#3731);
#3637=FILL_AREA_STYLE_COLOUR('',#3731);
#3638=FILL_AREA_STYLE_COLOUR('',#3731);
#3639=FILL_AREA_STYLE_COLOUR('',#3731);
#3640=FILL_AREA_STYLE_COLOUR('',#3731);
#3641=FILL_AREA_STYLE_COLOUR('',#3731);
#3642=FILL_AREA_STYLE_COLOUR('',#3731);
#3643=FILL_AREA_STYLE_COLOUR('',#3731);
#3644=FILL_AREA_STYLE_COLOUR('',#3731);
#3645=FILL_AREA_STYLE_COLOUR('',#3731);
#3646=FILL_AREA_STYLE_COLOUR('',#3731);
#3647=FILL_AREA_STYLE_COLOUR('',#3731);
#3648=FILL_AREA_STYLE_COLOUR('',#3731);
#3649=FILL_AREA_STYLE_COLOUR('',#3731);
#3650=FILL_AREA_STYLE_COLOUR('',#3731);
#3651=FILL_AREA_STYLE_COLOUR('',#3731);
#3652=FILL_AREA_STYLE_COLOUR('',#3731);
#3653=FILL_AREA_STYLE_COLOUR('',#3731);
#3654=FILL_AREA_STYLE_COLOUR('',#3731);
#3655=FILL_AREA_STYLE_COLOUR('',#3731);
#3656=FILL_AREA_STYLE_COLOUR('',#3731);
#3657=FILL_AREA_STYLE_COLOUR('',#3731);
#3658=FILL_AREA_STYLE_COLOUR('',#3731);
#3659=FILL_AREA_STYLE_COLOUR('',#3731);
#3660=FILL_AREA_STYLE_COLOUR('',#3731);
#3661=FILL_AREA_STYLE_COLOUR('',#3731);
#3662=FILL_AREA_STYLE_COLOUR('',#3731);
#3663=FILL_AREA_STYLE_COLOUR('',#3731);
#3664=FILL_AREA_STYLE_COLOUR('',#3731);
#3665=FILL_AREA_STYLE_COLOUR('',#3731);
#3666=FILL_AREA_STYLE_COLOUR('',#3731);
#3667=FILL_AREA_STYLE_COLOUR('',#3731);
#3668=FILL_AREA_STYLE_COLOUR('',#3731);
#3669=FILL_AREA_STYLE_COLOUR('',#3731);
#3670=FILL_AREA_STYLE_COLOUR('',#3731);
#3671=FILL_AREA_STYLE_COLOUR('',#3731);
#3672=FILL_AREA_STYLE_COLOUR('',#3731);
#3673=FILL_AREA_STYLE_COLOUR('',#3731);
#3674=FILL_AREA_STYLE_COLOUR('',#3731);
#3675=FILL_AREA_STYLE_COLOUR('',#3731);
#3676=FILL_AREA_STYLE_COLOUR('',#3731);
#3677=FILL_AREA_STYLE_COLOUR('',#3731);
#3678=FILL_AREA_STYLE_COLOUR('',#3731);
#3679=FILL_AREA_STYLE_COLOUR('',#3731);
#3680=FILL_AREA_STYLE_COLOUR('',#3731);
#3681=FILL_AREA_STYLE_COLOUR('',#3731);
#3682=FILL_AREA_STYLE_COLOUR('',#3731);
#3683=FILL_AREA_STYLE_COLOUR('',#3731);
#3684=FILL_AREA_STYLE_COLOUR('',#3731);
#3685=FILL_AREA_STYLE_COLOUR('',#3731);
#3686=FILL_AREA_STYLE_COLOUR('',#3731);
#3687=FILL_AREA_STYLE_COLOUR('',#3731);
#3688=FILL_AREA_STYLE_COLOUR('',#3731);
#3689=FILL_AREA_STYLE_COLOUR('',#3731);
#3690=FILL_AREA_STYLE_COLOUR('',#3731);
#3691=FILL_AREA_STYLE_COLOUR('',#3731);
#3692=FILL_AREA_STYLE_COLOUR('',#3731);
#3693=FILL_AREA_STYLE_COLOUR('',#3731);
#3694=FILL_AREA_STYLE_COLOUR('',#3731);
#3695=FILL_AREA_STYLE_COLOUR('',#3731);
#3696=FILL_AREA_STYLE_COLOUR('',#3731);
#3697=FILL_AREA_STYLE_COLOUR('',#3731);
#3698=FILL_AREA_STYLE_COLOUR('',#3731);
#3699=FILL_AREA_STYLE_COLOUR('',#3731);
#3700=FILL_AREA_STYLE_COLOUR('',#3731);
#3701=FILL_AREA_STYLE_COLOUR('',#3731);
#3702=FILL_AREA_STYLE_COLOUR('',#3731);
#3703=FILL_AREA_STYLE_COLOUR('',#3731);
#3704=FILL_AREA_STYLE_COLOUR('',#3731);
#3705=FILL_AREA_STYLE_COLOUR('',#3731);
#3706=FILL_AREA_STYLE_COLOUR('',#3731);
#3707=FILL_AREA_STYLE_COLOUR('',#3731);
#3708=FILL_AREA_STYLE_COLOUR('',#3731);
#3709=FILL_AREA_STYLE_COLOUR('',#3731);
#3710=FILL_AREA_STYLE_COLOUR('',#3731);
#3711=FILL_AREA_STYLE_COLOUR('',#3731);
#3712=FILL_AREA_STYLE_COLOUR('',#3731);
#3713=FILL_AREA_STYLE_COLOUR('',#3731);
#3714=FILL_AREA_STYLE_COLOUR('',#3731);
#3715=FILL_AREA_STYLE_COLOUR('',#3731);
#3716=FILL_AREA_STYLE_COLOUR('',#3731);
#3717=FILL_AREA_STYLE_COLOUR('',#3731);
#3718=FILL_AREA_STYLE_COLOUR('',#3731);
#3719=FILL_AREA_STYLE_COLOUR('',#3731);
#3720=FILL_AREA_STYLE_COLOUR('',#3731);
#3721=FILL_AREA_STYLE_COLOUR('',#3731);
#3722=FILL_AREA_STYLE_COLOUR('',#3731);
#3723=FILL_AREA_STYLE_COLOUR('',#3731);
#3724=FILL_AREA_STYLE_COLOUR('',#3731);
#3725=FILL_AREA_STYLE_COLOUR('',#3731);
#3726=FILL_AREA_STYLE_COLOUR('',#3731);
#3727=FILL_AREA_STYLE_COLOUR('',#3731);
#3728=FILL_AREA_STYLE_COLOUR('',#3731);
#3729=FILL_AREA_STYLE_COLOUR('',#3731);
#3730=COLOUR_RGB('',0.615686274509804,0.811764705882353,0.929411764705882);
#3731=COLOUR_RGB('',0.654901960784314,0.584313725490196,0.823529411764706);
#3732=MANIFOLD_SOLID_BREP('7/8" Angled Middle Support [Circle]',#2834);
#3733=SHAPE_DEFINITION_REPRESENTATION(#6149,#3734);
#3734=SHAPE_REPRESENTATION('7/8" Angled Middle Support [Circle]',(#3735),
#6144);
#3735=AXIS2_PLACEMENT_3D('',#4726,#4002,#4003);
#3736=AXIS2_PLACEMENT_3D('',#4727,#4004,#4005);
#3737=AXIS2_PLACEMENT_3D('',#4737,#4010,#4011);
#3738=AXIS2_PLACEMENT_3D('',#4738,#4012,#4013);
#3739=AXIS2_PLACEMENT_3D('',#4742,#4015,#4016);
#3740=AXIS2_PLACEMENT_3D('',#4748,#4019,#4020);
#3741=AXIS2_PLACEMENT_3D('',#4749,#4021,#4022);
#3742=AXIS2_PLACEMENT_3D('',#4750,#4023,#4024);
#3743=AXIS2_PLACEMENT_3D('',#4780,#4031,#4032);
#3744=AXIS2_PLACEMENT_3D('',#4782,#4033,#4034);
#3745=AXIS2_PLACEMENT_3D('',#4786,#4036,#4037);
#3746=AXIS2_PLACEMENT_3D('',#4800,#4039,#4040);
#3747=AXIS2_PLACEMENT_3D('',#4804,#4042,#4043);
#3748=AXIS2_PLACEMENT_3D('',#4805,#4044,#4045);
#3749=AXIS2_PLACEMENT_3D('',#4806,#4046,#4047);
#3750=AXIS2_PLACEMENT_3D('',#4821,#4048,#4049);
#3751=AXIS2_PLACEMENT_3D('',#4834,#4050,#4051);
#3752=AXIS2_PLACEMENT_3D('',#4835,#4052,#4053);
#3753=AXIS2_PLACEMENT_3D('',#4849,#4054,#4055);
#3754=AXIS2_PLACEMENT_3D('',#4857,#4056,#4057);
#3755=AXIS2_PLACEMENT_3D('',#4871,#4058,#4059);
#3756=AXIS2_PLACEMENT_3D('',#4885,#4060,#4061);
#3757=AXIS2_PLACEMENT_3D('',#4886,#4062,#4063);
#3758=AXIS2_PLACEMENT_3D('',#4894,#4064,#4065);
#3759=AXIS2_PLACEMENT_3D('',#4908,#4066,#4067);
#3760=AXIS2_PLACEMENT_3D('',#4909,#4068,#4069);
#3761=AXIS2_PLACEMENT_3D('',#4910,#4070,#4071);
#3762=AXIS2_PLACEMENT_3D('',#4918,#4072,#4073);
#3763=AXIS2_PLACEMENT_3D('',#4919,#4074,#4075);
#3764=AXIS2_PLACEMENT_3D('',#4920,#4076,#4077);
#3765=AXIS2_PLACEMENT_3D('',#4938,#4085,#4086);
#3766=AXIS2_PLACEMENT_3D('',#4951,#4094,#4095);
#3767=AXIS2_PLACEMENT_3D('',#4973,#4102,#4103);
#3768=AXIS2_PLACEMENT_3D('',#4974,#4104,#4105);
#3769=AXIS2_PLACEMENT_3D('',#4976,#4106,#4107);
#3770=AXIS2_PLACEMENT_3D('',#4977,#4108,#4109);
#3771=AXIS2_PLACEMENT_3D('',#4978,#4110,#4111);
#3772=AXIS2_PLACEMENT_3D('',#4979,#4112,#4113);
#3773=AXIS2_PLACEMENT_3D('',#4980,#4114,#4115);
#3774=AXIS2_PLACEMENT_3D('',#4981,#4116,#4117);
#3775=AXIS2_PLACEMENT_3D('',#4997,#4118,#4119);
#3776=AXIS2_PLACEMENT_3D('',#5011,#4120,#4121);
#3777=AXIS2_PLACEMENT_3D('',#5012,#4122,#4123);
#3778=AXIS2_PLACEMENT_3D('',#5028,#4124,#4125);
#3779=AXIS2_PLACEMENT_3D('',#5042,#4126,#4127);
#3780=AXIS2_PLACEMENT_3D('',#5050,#4132,#4133);
#3781=AXIS2_PLACEMENT_3D('',#5057,#4137,#4138);
#3782=AXIS2_PLACEMENT_3D('',#5058,#4139,#4140);
#3783=AXIS2_PLACEMENT_3D('',#5064,#4144,#4145);
#3784=AXIS2_PLACEMENT_3D('',#5070,#4149,#4150);
#3785=AXIS2_PLACEMENT_3D('',#5071,#4151,#4152);
#3786=AXIS2_PLACEMENT_3D('',#5085,#4153,#4154);
#3787=AXIS2_PLACEMENT_3D('',#5086,#4155,#4156);
#3788=AXIS2_PLACEMENT_3D('',#5090,#4158,#4159);
#3789=AXIS2_PLACEMENT_3D('',#5093,#4161,#4162);
#3790=AXIS2_PLACEMENT_3D('',#5113,#4172,#4173);
#3791=AXIS2_PLACEMENT_3D('',#5118,#4176,#4177);
#3792=AXIS2_PLACEMENT_3D('',#5131,#4178,#4179);
#3793=AXIS2_PLACEMENT_3D('',#5132,#4180,#4181);
#3794=AXIS2_PLACEMENT_3D('',#5141,#4186,#4187);
#3795=AXIS2_PLACEMENT_3D('',#5142,#4188,#4189);
#3796=AXIS2_PLACEMENT_3D('',#5150,#4193,#4194);
#3797=AXIS2_PLACEMENT_3D('',#5151,#4195,#4196);
#3798=AXIS2_PLACEMENT_3D('',#5177,#4203,#4204);
#3799=AXIS2_PLACEMENT_3D('',#5183,#4207,#4208);
#3800=AXIS2_PLACEMENT_3D('',#5186,#4210,#4211);
#3801=AXIS2_PLACEMENT_3D('',#5210,#4219,#4220);
#3802=AXIS2_PLACEMENT_3D('',#5217,#4224,#4225);
#3803=AXIS2_PLACEMENT_3D('',#5218,#4226,#4227);
#3804=AXIS2_PLACEMENT_3D('',#5226,#4231,#4232);
#3805=AXIS2_PLACEMENT_3D('',#5253,#4240,#4241);
#3806=AXIS2_PLACEMENT_3D('',#5263,#4246,#4247);
#3807=AXIS2_PLACEMENT_3D('',#5264,#4248,#4249);
#3808=AXIS2_PLACEMENT_3D('',#5270,#4252,#4253);
#3809=AXIS2_PLACEMENT_3D('',#5271,#4254,#4255);
#3810=AXIS2_PLACEMENT_3D('',#5272,#4256,#4257);
#3811=AXIS2_PLACEMENT_3D('',#5276,#4259,#4260);
#3812=AXIS2_PLACEMENT_3D('',#5278,#4261,#4262);
#3813=AXIS2_PLACEMENT_3D('',#5279,#4263,#4264);
#3814=AXIS2_PLACEMENT_3D('',#5297,#4273,#4274);
#3815=AXIS2_PLACEMENT_3D('',#5298,#4275,#4276);
#3816=AXIS2_PLACEMENT_3D('',#5300,#4277,#4278);
#3817=AXIS2_PLACEMENT_3D('',#5315,#4283,#4284);
#3818=AXIS2_PLACEMENT_3D('',#5321,#4288,#4289);
#3819=AXIS2_PLACEMENT_3D('',#5331,#4294,#4295);
#3820=AXIS2_PLACEMENT_3D('',#5332,#4296,#4297);
#3821=AXIS2_PLACEMENT_3D('',#5340,#4302,#4303);
#3822=AXIS2_PLACEMENT_3D('',#5346,#4307,#4308);
#3823=AXIS2_PLACEMENT_3D('',#5350,#4310,#4311);
#3824=AXIS2_PLACEMENT_3D('',#5371,#4322,#4323);
#3825=AXIS2_PLACEMENT_3D('',#5399,#4326,#4327);
#3826=AXIS2_PLACEMENT_3D('',#5401,#4328,#4329);
#3827=AXIS2_PLACEMENT_3D('',#5402,#4330,#4331);
#3828=AXIS2_PLACEMENT_3D('',#5430,#4334,#4335);
#3829=AXIS2_PLACEMENT_3D('',#5433,#4338,#4339);
#3830=AXIS2_PLACEMENT_3D('',#5435,#4341,#4342);
#3831=AXIS2_PLACEMENT_3D('',#5437,#4344,#4345);
#3832=AXIS2_PLACEMENT_3D('',#5438,#4346,#4347);
#3833=AXIS2_PLACEMENT_3D('',#5439,#4348,#4349);
#3834=AXIS2_PLACEMENT_3D('',#5442,#4352,#4353);
#3835=AXIS2_PLACEMENT_3D('',#5444,#4355,#4356);
#3836=AXIS2_PLACEMENT_3D('',#5446,#4358,#4359);
#3837=AXIS2_PLACEMENT_3D('',#5447,#4360,#4361);
#3838=AXIS2_PLACEMENT_3D('',#5449,#4362,#4363);
#3839=AXIS2_PLACEMENT_3D('',#5450,#4364,#4365);
#3840=AXIS2_PLACEMENT_3D('',#5451,#4366,#4367);
#3841=AXIS2_PLACEMENT_3D('',#5453,#4368,#4369);
#3842=AXIS2_PLACEMENT_3D('',#5468,#4370,#4371);
#3843=AXIS2_PLACEMENT_3D('',#5483,#4372,#4373);
#3844=AXIS2_PLACEMENT_3D('',#5484,#4374,#4375);
#3845=AXIS2_PLACEMENT_3D('',#5485,#4376,#4377);
#3846=AXIS2_PLACEMENT_3D('',#5488,#4379,#4380);
#3847=AXIS2_PLACEMENT_3D('',#5489,#4381,#4382);
#3848=AXIS2_PLACEMENT_3D('',#5492,#4384,#4385);
#3849=AXIS2_PLACEMENT_3D('',#5493,#4386,#4387);
#3850=AXIS2_PLACEMENT_3D('',#5494,#4388,#4389);
#3851=AXIS2_PLACEMENT_3D('',#5495,#4390,#4391);
#3852=AXIS2_PLACEMENT_3D('',#5498,#4393,#4394);
#3853=AXIS2_PLACEMENT_3D('',#5499,#4395,#4396);
#3854=AXIS2_PLACEMENT_3D('',#5500,#4397,#4398);
#3855=AXIS2_PLACEMENT_3D('',#5503,#4400,#4401);
#3856=AXIS2_PLACEMENT_3D('',#5504,#4402,#4403);
#3857=AXIS2_PLACEMENT_3D('',#5505,#4404,#4405);
#3858=AXIS2_PLACEMENT_3D('',#5508,#4407,#4408);
#3859=AXIS2_PLACEMENT_3D('',#5509,#4409,#4410);
#3860=AXIS2_PLACEMENT_3D('',#5512,#4412,#4413);
#3861=AXIS2_PLACEMENT_3D('',#5513,#4414,#4415);
#3862=AXIS2_PLACEMENT_3D('',#5514,#4416,#4417);
#3863=AXIS2_PLACEMENT_3D('',#5515,#4418,#4419);
#3864=AXIS2_PLACEMENT_3D('',#5518,#4421,#4422);
#3865=AXIS2_PLACEMENT_3D('',#5519,#4423,#4424);
#3866=AXIS2_PLACEMENT_3D('',#5520,#4425,#4426);
#3867=AXIS2_PLACEMENT_3D('',#5523,#4428,#4429);
#3868=AXIS2_PLACEMENT_3D('',#5524,#4430,#4431);
#3869=AXIS2_PLACEMENT_3D('',#5525,#4432,#4433);
#3870=AXIS2_PLACEMENT_3D('',#5526,#4434,#4435);
#3871=AXIS2_PLACEMENT_3D('',#5529,#4437,#4438);
#3872=AXIS2_PLACEMENT_3D('',#5530,#4439,#4440);
#3873=AXIS2_PLACEMENT_3D('',#5531,#4441,#4442);
#3874=AXIS2_PLACEMENT_3D('',#5534,#4444,#4445);
#3875=AXIS2_PLACEMENT_3D('',#5535,#4446,#4447);
#3876=AXIS2_PLACEMENT_3D('',#5538,#4449,#4450);
#3877=AXIS2_PLACEMENT_3D('',#5539,#4451,#4452);
#3878=AXIS2_PLACEMENT_3D('',#5540,#4453,#4454);
#3879=AXIS2_PLACEMENT_3D('',#5541,#4455,#4456);
#3880=AXIS2_PLACEMENT_3D('',#5544,#4458,#4459);
#3881=AXIS2_PLACEMENT_3D('',#5545,#4460,#4461);
#3882=AXIS2_PLACEMENT_3D('',#5546,#4462,#4463);
#3883=AXIS2_PLACEMENT_3D('',#5549,#4465,#4466);
#3884=AXIS2_PLACEMENT_3D('',#5550,#4467,#4468);
#3885=AXIS2_PLACEMENT_3D('',#5553,#4470,#4471);
#3886=AXIS2_PLACEMENT_3D('',#5554,#4472,#4473);
#3887=AXIS2_PLACEMENT_3D('',#5555,#4474,#4475);
#3888=AXIS2_PLACEMENT_3D('',#5556,#4476,#4477);
#3889=AXIS2_PLACEMENT_3D('',#5559,#4479,#4480);
#3890=AXIS2_PLACEMENT_3D('',#5560,#4481,#4482);
#3891=AXIS2_PLACEMENT_3D('',#5563,#4484,#4485);
#3892=AXIS2_PLACEMENT_3D('',#5564,#4486,#4487);
#3893=AXIS2_PLACEMENT_3D('',#5565,#4488,#4489);
#3894=AXIS2_PLACEMENT_3D('',#5566,#4490,#4491);
#3895=AXIS2_PLACEMENT_3D('',#5567,#4492,#4493);
#3896=AXIS2_PLACEMENT_3D('',#5572,#4496,#4497);
#3897=AXIS2_PLACEMENT_3D('',#5573,#4498,#4499);
#3898=AXIS2_PLACEMENT_3D('',#5574,#4500,#4501);
#3899=AXIS2_PLACEMENT_3D('',#5577,#4503,#4504);
#3900=AXIS2_PLACEMENT_3D('',#5578,#4505,#4506);
#3901=AXIS2_PLACEMENT_3D('',#5579,#4507,#4508);
#3902=AXIS2_PLACEMENT_3D('',#5580,#4509,#4510);
#3903=AXIS2_PLACEMENT_3D('',#5582,#4512,#4513);
#3904=AXIS2_PLACEMENT_3D('',#5583,#4514,#4515);
#3905=AXIS2_PLACEMENT_3D('',#5586,#4517,#4518);
#3906=AXIS2_PLACEMENT_3D('',#5587,#4519,#4520);
#3907=AXIS2_PLACEMENT_3D('',#5588,#4521,#4522);
#3908=AXIS2_PLACEMENT_3D('',#5590,#4524,#4525);
#3909=AXIS2_PLACEMENT_3D('',#5593,#4527,#4528);
#3910=AXIS2_PLACEMENT_3D('',#5594,#4529,#4530);
#3911=AXIS2_PLACEMENT_3D('',#5595,#4531,#4532);
#3912=AXIS2_PLACEMENT_3D('',#5596,#4533,#4534);
#3913=AXIS2_PLACEMENT_3D('',#5600,#4537,#4538);
#3914=AXIS2_PLACEMENT_3D('',#5601,#4539,#4540);
#3915=AXIS2_PLACEMENT_3D('',#5602,#4541,#4542);
#3916=AXIS2_PLACEMENT_3D('',#5603,#4543,#4544);
#3917=AXIS2_PLACEMENT_3D('',#5607,#4547,#4548);
#3918=AXIS2_PLACEMENT_3D('',#5611,#4551,#4552);
#3919=AXIS2_PLACEMENT_3D('',#5612,#4553,#4554);
#3920=AXIS2_PLACEMENT_3D('',#5632,#4558,#4559);
#3921=AXIS2_PLACEMENT_3D('',#5633,#4560,#4561);
#3922=AXIS2_PLACEMENT_3D('',#5634,#4562,#4563);
#3923=AXIS2_PLACEMENT_3D('',#5635,#4564,#4565);
#3924=AXIS2_PLACEMENT_3D('',#5636,#4566,#4567);
#3925=AXIS2_PLACEMENT_3D('',#5643,#4568,#4569);
#3926=AXIS2_PLACEMENT_3D('',#5644,#4570,#4571);
#3927=AXIS2_PLACEMENT_3D('',#5658,#4573,#4574);
#3928=AXIS2_PLACEMENT_3D('',#5664,#4575,#4576);
#3929=AXIS2_PLACEMENT_3D('',#5678,#4578,#4579);
#3930=AXIS2_PLACEMENT_3D('',#5679,#4580,#4581);
#3931=AXIS2_PLACEMENT_3D('',#5680,#4582,#4583);
#3932=AXIS2_PLACEMENT_3D('',#5681,#4584,#4585);
#3933=AXIS2_PLACEMENT_3D('',#5682,#4586,#4587);
#3934=AXIS2_PLACEMENT_3D('',#5683,#4588,#4589);
#3935=AXIS2_PLACEMENT_3D('',#5684,#4590,#4591);
#3936=AXIS2_PLACEMENT_3D('',#5685,#4592,#4593);
#3937=AXIS2_PLACEMENT_3D('',#5686,#4594,#4595);
#3938=AXIS2_PLACEMENT_3D('',#5687,#4596,#4597);
#3939=AXIS2_PLACEMENT_3D('',#5688,#4598,#4599);
#3940=AXIS2_PLACEMENT_3D('',#5689,#4600,#4601);
#3941=AXIS2_PLACEMENT_3D('',#5690,#4602,#4603);
#3942=AXIS2_PLACEMENT_3D('',#5698,#4604,#4605);
#3943=AXIS2_PLACEMENT_3D('',#5699,#4606,#4607);
#3944=AXIS2_PLACEMENT_3D('',#5700,#4608,#4609);
#3945=AXIS2_PLACEMENT_3D('',#5701,#4610,#4611);
#3946=AXIS2_PLACEMENT_3D('',#5727,#4612,#4613);
#3947=AXIS2_PLACEMENT_3D('',#5728,#4614,#4615);
#3948=AXIS2_PLACEMENT_3D('',#5729,#4616,#4617);
#3949=AXIS2_PLACEMENT_3D('',#5745,#4618,#4619);
#3950=AXIS2_PLACEMENT_3D('',#5752,#4620,#4621);
#3951=AXIS2_PLACEMENT_3D('',#5753,#4622,#4623);
#3952=AXIS2_PLACEMENT_3D('',#5754,#4624,#4625);
#3953=AXIS2_PLACEMENT_3D('',#5755,#4626,#4627);
#3954=AXIS2_PLACEMENT_3D('',#5756,#4628,#4629);
#3955=AXIS2_PLACEMENT_3D('',#5764,#4630,#4631);
#3956=AXIS2_PLACEMENT_3D('',#5765,#4632,#4633);
#3957=AXIS2_PLACEMENT_3D('',#5766,#4634,#4635);
#3958=AXIS2_PLACEMENT_3D('',#5767,#4636,#4637);
#3959=AXIS2_PLACEMENT_3D('',#5805,#4639,#4640);
#3960=AXIS2_PLACEMENT_3D('',#5810,#4641,#4642);
#3961=AXIS2_PLACEMENT_3D('',#5811,#4643,#4644);
#3962=AXIS2_PLACEMENT_3D('',#5817,#4645,#4646);
#3963=AXIS2_PLACEMENT_3D('',#5850,#4648,#4649);
#3964=AXIS2_PLACEMENT_3D('',#5855,#4650,#4651);
#3965=AXIS2_PLACEMENT_3D('',#5856,#4652,#4653);
#3966=AXIS2_PLACEMENT_3D('',#5857,#4654,#4655);
#3967=AXIS2_PLACEMENT_3D('',#5858,#4656,#4657);
#3968=AXIS2_PLACEMENT_3D('',#5859,#4658,#4659);
#3969=AXIS2_PLACEMENT_3D('',#5867,#4660,#4661);
#3970=AXIS2_PLACEMENT_3D('',#5868,#4662,#4663);
#3971=AXIS2_PLACEMENT_3D('',#5869,#4664,#4665);
#3972=AXIS2_PLACEMENT_3D('',#5877,#4666,#4667);
#3973=AXIS2_PLACEMENT_3D('',#5893,#4668,#4669);
#3974=AXIS2_PLACEMENT_3D('',#5894,#4670,#4671);
#3975=AXIS2_PLACEMENT_3D('',#5895,#4672,#4673);
#3976=AXIS2_PLACEMENT_3D('',#5911,#4674,#4675);
#3977=AXIS2_PLACEMENT_3D('',#5924,#4676,#4677);
#3978=AXIS2_PLACEMENT_3D('',#5925,#4678,#4679);
#3979=AXIS2_PLACEMENT_3D('',#5926,#4680,#4681);
#3980=AXIS2_PLACEMENT_3D('',#5939,#4682,#4683);
#3981=AXIS2_PLACEMENT_3D('',#5952,#4684,#4685);
#3982=AXIS2_PLACEMENT_3D('',#6002,#4686,#4687);
#3983=AXIS2_PLACEMENT_3D('',#6003,#4688,#4689);
#3984=AXIS2_PLACEMENT_3D('',#6019,#4690,#4691);
#3985=AXIS2_PLACEMENT_3D('',#6020,#4692,#4693);
#3986=AXIS2_PLACEMENT_3D('',#6021,#4694,#4695);
#3987=AXIS2_PLACEMENT_3D('',#6037,#4696,#4697);
#3988=AXIS2_PLACEMENT_3D('',#6050,#4698,#4699);
#3989=AXIS2_PLACEMENT_3D('',#6051,#4700,#4701);
#3990=AXIS2_PLACEMENT_3D('',#6052,#4702,#4703);
#3991=AXIS2_PLACEMENT_3D('',#6065,#4704,#4705);
#3992=AXIS2_PLACEMENT_3D('',#6087,#4706,#4707);
#3993=AXIS2_PLACEMENT_3D('',#6110,#4708,#4709);
#3994=AXIS2_PLACEMENT_3D('',#6111,#4710,#4711);
#3995=AXIS2_PLACEMENT_3D('',#6133,#4712,#4713);
#3996=AXIS2_PLACEMENT_3D('',#6134,#4714,#4715);
#3997=AXIS2_PLACEMENT_3D('',#6136,#4716,#4717);
#3998=AXIS2_PLACEMENT_3D('',#6137,#4718,#4719);
#3999=AXIS2_PLACEMENT_3D('',#6139,#4720,#4721);
#4000=AXIS2_PLACEMENT_3D('',#6141,#4722,#4723);
#4001=AXIS2_PLACEMENT_3D('',#6142,#4724,#4725);
#4002=DIRECTION('',(0.,0.,1.));
#4003=DIRECTION('',(1.,0.,0.));
#4004=DIRECTION('',(-0.707106781186547,0.707106781186548,0.));
#4005=DIRECTION('',(0.707106781186548,0.707106781186547,0.));
#4006=DIRECTION('',(0.,0.,-1.));
#4007=DIRECTION('',(-0.707106781186548,-0.707106781186547,0.));
#4008=DIRECTION('',(0.,0.,-1.));
#4009=DIRECTION('',(0.608120402411343,0.608120402411343,-0.510273605374737));
#4010=DIRECTION('',(0.707106781186547,-0.707106781186548,0.));
#4011=DIRECTION('',(-0.686096888803443,-0.686096888803443,-0.241954785752365));
#4012=DIRECTION('',(-0.707106781186547,-0.707106781186548,0.));
#4013=DIRECTION('',(-0.707106781186548,0.707106781186547,0.));
#4014=DIRECTION('',(0.540716203060937,-0.540716203060937,0.644400477571772));
#4015=DIRECTION('',(0.707106781186547,0.707106781186548,0.));
#4016=DIRECTION('',(-0.686096888803443,0.686096888803443,-0.241954785752365));
#4017=DIRECTION('',(0.,0.,-1.));
#4018=DIRECTION('',(-0.707106781186548,0.707106781186547,0.));
#4019=DIRECTION('',(0.707106781186547,0.707106781186548,0.));
#4020=DIRECTION('',(-0.270598050073099,0.270598050073099,0.923879532511287));
#4021=DIRECTION('',(0.17364817766693,1.51356286797994E-16,-0.984807753012208));
#4022=DIRECTION('',(0.984807753012208,0.,0.17364817766693));
#4023=DIRECTION('',(-0.17364817766693,-1.51356286797994E-16,0.984807753012208));
#4024=DIRECTION('',(-0.984807753012208,-8.58384157602305E-16,-0.17364817766693));
#4025=DIRECTION('',(-0.984807753012208,-1.96261557335472E-17,-0.17364817766693));
#4026=DIRECTION('',(-2.62827433809047E-17,1.,1.49056844705803E-16));
#4027=DIRECTION('',(-0.984807753012208,-1.38777878078145E-17,-0.17364817766693));
#4028=DIRECTION('',(0.984807753012208,-8.12941988208173E-18,0.17364817766693));
#4029=DIRECTION('',(0.984807753012208,-8.12941988208173E-18,0.17364817766693));
#4030=DIRECTION('',(-0.984807753012208,-1.38777878078145E-17,-0.17364817766693));
#4031=DIRECTION('',(-0.17364817766693,-1.51356286797994E-16,0.984807753012208));
#4032=DIRECTION('',(-0.984807753012208,-8.58384157602305E-16,-0.17364817766693));
#4033=DIRECTION('',(-0.17364817766693,-1.51356286797994E-16,0.984807753012208));
#4034=DIRECTION('',(-0.984807753012208,-8.58384157602305E-16,-0.17364817766693));
#4035=DIRECTION('',(0.984807753012208,0.,0.17364817766693));
#4036=DIRECTION('',(-0.17364817766693,-1.51356286797994E-16,0.984807753012208));
#4037=DIRECTION('',(-0.984807753012208,-7.60741554926903E-17,-0.17364817766693));
#4038=DIRECTION('',(-2.70279083567845E-16,-1.,-2.01348696245062E-16));
#4039=DIRECTION('',(-0.17364817766693,-1.51356286797994E-16,0.984807753012208));
#4040=DIRECTION('',(0.984807753012208,7.60741554926903E-17,0.17364817766693));
#4041=DIRECTION('',(0.984807753012208,0.,0.17364817766693));
#4042=DIRECTION('',(-0.17364817766693,-1.51356286797994E-16,0.984807753012208));
#4043=DIRECTION('',(-0.984807753012208,-8.58384157602305E-16,-0.17364817766693));
#4044=DIRECTION('',(0.122787803968974,0.707106781186548,-0.696364240320019));
#4045=DIRECTION('',(0.,0.701673843159863,0.71249829320867));
#4046=DIRECTION('',(0.122787803968973,0.707106781186548,-0.696364240320019));
#4047=DIRECTION('',(0.,-0.701673843159863,-0.71249829320867));
#4048=DIRECTION('',(0.122787803968973,0.707106781186548,-0.696364240320019));
#4049=DIRECTION('',(0.,-0.701673843159863,-0.71249829320867));
#4050=DIRECTION('',(-0.122787803968974,0.707106781186548,0.696364240320019));
#4051=DIRECTION('',(0.,-0.701673843159863,0.71249829320867));
#4052=DIRECTION('',(-0.122787803968973,0.707106781186548,0.696364240320019));
#4053=DIRECTION('',(2.77555756156289E-17,0.701673843159863,-0.71249829320867));
#4054=DIRECTION('',(-0.122787803968973,0.707106781186548,0.696364240320019));
#4055=DIRECTION('',(0.,0.701673843159864,-0.71249829320867));
#4056=DIRECTION('',(0.122787803968974,0.707106781186548,-0.696364240320019));
#4057=DIRECTION('',(0.,0.701673843159863,0.71249829320867));
#4058=DIRECTION('',(0.122787803968973,0.707106781186548,-0.696364240320019));
#4059=DIRECTION('',(0.,-0.701673843159863,-0.71249829320867));
#4060=DIRECTION('',(0.122787803968973,0.707106781186548,-0.696364240320019));
#4061=DIRECTION('',(0.,-0.701673843159863,-0.71249829320867));
#4062=DIRECTION('',(-0.122787803968974,0.707106781186548,0.696364240320019));
#4063=DIRECTION('',(0.,-0.701673843159863,0.71249829320867));
#4064=DIRECTION('',(-0.122787803968973,0.707106781186548,0.696364240320019));
#4065=DIRECTION('',(0.,0.701673843159864,-0.71249829320867));
#4066=DIRECTION('',(-0.122787803968973,0.707106781186548,0.696364240320019));
#4067=DIRECTION('',(2.77555756156289E-17,0.701673843159863,-0.71249829320867));
#4068=DIRECTION('',(0.12278780396897,-0.707106781186548,-0.696364240320019));
#4069=DIRECTION('',(0.,0.701673843159863,-0.71249829320867));
#4070=DIRECTION('',(-0.12278780396897,0.707106781186548,0.696364240320019));
#4071=DIRECTION('',(0.,0.701673843159863,-0.71249829320867));
#4072=DIRECTION('',(-0.122787803968973,0.707106781186548,0.696364240320019));
#4073=DIRECTION('',(0.,0.701673843159863,-0.71249829320867));
#4074=DIRECTION('',(-0.122787803968973,0.707106781186548,0.696364240320019));
#4075=DIRECTION('',(0.,0.701673843159863,-0.71249829320867));
#4076=DIRECTION('',(-0.17364817766693,0.,0.984807753012208));
#4077=DIRECTION('',(-0.984807753012208,0.,-0.17364817766693));
#4078=DIRECTION('',(-0.984807753012208,-3.35039435413616E-17,-0.17364817766693));
#4079=DIRECTION('',(-0.984807753012208,-3.35039435413616E-17,-0.17364817766693));
#4080=DIRECTION('',(-0.984807753012208,0.,-0.17364817766693));
#4081=DIRECTION('',(0.,-1.,0.));
#4082=DIRECTION('',(-0.984807753012208,0.,-0.17364817766693));
#4083=DIRECTION('',(1.35533752189974E-16,-1.,2.38982573077474E-17));
#4084=DIRECTION('',(-0.984807753012208,0.,-0.17364817766693));
#4085=DIRECTION('',(0.,-1.,0.));
#4086=DIRECTION('',(0.,0.,-1.));
#4087=DIRECTION('',(0.,0.,1.));
#4088=DIRECTION('',(-0.984807753012208,0.,-0.17364817766693));
#4089=DIRECTION('',(-0.984807753012208,0.,-0.17364817766693));
#4090=DIRECTION('',(-0.984807753012208,0.,-0.17364817766693));
#4091=DIRECTION('',(-0.984807753012208,0.,-0.17364817766693));
#4092=DIRECTION('',(0.17364817766693,0.,-0.984807753012208));
#4093=DIRECTION('',(0.984807753012208,0.,0.17364817766693));
#4094=DIRECTION('',(0.,1.,0.));
#4095=DIRECTION('',(0.,0.,-1.));
#4096=DIRECTION('',(-0.984807753012208,0.,-0.17364817766693));
#4097=DIRECTION('',(0.17364817766693,0.,-0.984807753012208));
#4098=DIRECTION('',(-0.984807753012208,0.,-0.17364817766693));
#4099=DIRECTION('',(0.984807753012208,0.,0.17364817766693));
#4100=DIRECTION('',(0.984807753012208,0.,0.17364817766693));
#4101=DIRECTION('',(-0.984807753012208,0.,-0.17364817766693));
#4102=DIRECTION('',(-0.12278780396897,-0.707106781186547,0.696364240320019));
#4103=DIRECTION('',(0.,-0.701673843159864,-0.712498293208669));
#4104=DIRECTION('',(0.12278780396897,0.707106781186547,-0.696364240320019));
#4105=DIRECTION('',(0.,-0.701673843159864,-0.712498293208669));
#4106=DIRECTION('',(0.122787803968973,0.707106781186548,-0.696364240320019));
#4107=DIRECTION('',(0.,-0.701673843159863,-0.71249829320867));
#4108=DIRECTION('',(0.122787803968973,0.707106781186548,-0.696364240320019));
#4109=DIRECTION('',(0.,-0.701673843159863,-0.71249829320867));
#4110=DIRECTION('',(0.122787803968973,-0.707106781186548,-0.696364240320019));
#4111=DIRECTION('',(-0.992432947456138,-0.0874861007547337,-0.086156990304069));
#4112=DIRECTION('',(-0.122787803968973,-0.707106781186548,0.696364240320019));
#4113=DIRECTION('',(-0.992432947456138,0.0874861007547337,-0.0861569903040689));
#4114=DIRECTION('',(0.707106781186548,-0.707106781186548,0.));
#4115=DIRECTION('',(-0.707106781186548,-0.707106781186548,0.));
#4116=DIRECTION('',(0.707106781186548,-0.707106781186548,0.));
#4117=DIRECTION('',(0.707106781186548,0.707106781186548,0.));
#4118=DIRECTION('',(-0.707106781186548,0.707106781186548,0.));
#4119=DIRECTION('',(-0.707106781186548,-0.707106781186548,0.));
#4120=DIRECTION('',(0.707106781186548,0.707106781186547,0.));
#4121=DIRECTION('',(0.707106781186547,-0.707106781186548,0.));
#4122=DIRECTION('',(0.707106781186548,0.707106781186548,0.));
#4123=DIRECTION('',(-0.707106781186548,0.707106781186548,0.));
#4124=DIRECTION('',(-0.707106781186548,-0.707106781186548,0.));
#4125=DIRECTION('',(0.707106781186548,-0.707106781186548,0.));
#4126=DIRECTION('',(-0.122787803968973,-0.707106781186548,0.696364240320019));
#4127=DIRECTION('',(0.,-0.701673843159863,-0.71249829320867));
#4128=DIRECTION('',(9.51004887770158E-17,-0.701673843159863,-0.71249829320867));
#4129=DIRECTION('',(-0.540716203060937,-0.540716203060937,-0.644400477571772));
#4130=DIRECTION('',(-0.984807753012208,0.,-0.17364817766693));
#4131=DIRECTION('',(-0.984807753012208,0.,-0.17364817766693));
#4132=DIRECTION('',(0.122787803968973,-0.707106781186548,-0.696364240320019));
#4133=DIRECTION('',(0.,0.701673843159864,-0.71249829320867));
#4134=DIRECTION('',(-0.984807753012208,1.55614457925063E-17,-0.17364817766693));
#4135=DIRECTION('',(-0.984807753012208,9.81307786677359E-18,-0.17364817766693));
#4136=DIRECTION('',(0.608120402411343,0.608120402411343,-0.510273605374737));
#4137=DIRECTION('',(-0.122787803968973,0.707106781186548,0.696364240320019));
#4138=DIRECTION('',(-0.119139474443668,0.686096888803443,-0.717688543034876));
#4139=DIRECTION('',(0.707106781186548,-0.707106781186548,0.));
#4140=DIRECTION('',(-0.707106781186548,-0.707106781186548,0.));
#4141=DIRECTION('',(-0.707106781186548,-0.707106781186548,0.));
#4142=DIRECTION('',(0.,0.,-1.));
#4143=DIRECTION('',(0.,0.,-1.));
#4144=DIRECTION('',(0.707106781186548,0.707106781186548,0.));
#4145=DIRECTION('',(0.707106781186548,-0.707106781186548,0.));
#4146=DIRECTION('',(0.707106781186548,-0.707106781186548,0.));
#4147=DIRECTION('',(0.,0.,-1.));
#4148=DIRECTION('',(0.,0.,-1.));
#4149=DIRECTION('',(-0.707106781186548,-0.707106781186548,0.));
#4150=DIRECTION('',(-0.707106781186548,0.707106781186548,0.));
#4151=DIRECTION('',(0.707106781186547,0.707106781186549,0.));
#4152=DIRECTION('',(-0.707106781186549,0.707106781186547,0.));
#4153=DIRECTION('',(-0.707106781186548,-0.707106781186548,0.));
#4154=DIRECTION('',(-0.707106781186548,0.707106781186548,0.));
#4155=DIRECTION('',(0.707106781186548,0.707106781186548,0.));
#4156=DIRECTION('',(-0.707106781186548,0.707106781186548,0.));
#4157=DIRECTION('',(0.,0.,1.));
#4158=DIRECTION('',(0.707106781186548,0.707106781186548,0.));
#4159=DIRECTION('',(-0.707106781186548,0.707106781186548,0.));
#4160=DIRECTION('',(0.,0.,-1.));
#4161=DIRECTION('',(0.,0.,1.));
#4162=DIRECTION('',(-1.,0.,0.));
#4163=DIRECTION('',(-0.707106781186548,-0.707106781186548,0.));
#4164=DIRECTION('',(-1.,-1.35533752189974E-16,0.));
#4165=DIRECTION('',(-0.707106781186548,0.707106781186547,0.));
#4166=DIRECTION('',(-1.35533752189974E-16,1.,0.));
#4167=DIRECTION('',(0.707106781186548,0.707106781186547,0.));
#4168=DIRECTION('',(1.,0.,0.));
#4169=DIRECTION('',(0.707106781186548,-0.707106781186548,0.));
#4170=DIRECTION('',(0.,-1.,0.));
#4171=DIRECTION('',(-1.,0.,0.));
#4172=DIRECTION('',(0.,0.,-1.));
#4173=DIRECTION('',(-1.,0.,0.));
#4174=DIRECTION('',(-1.,0.,0.));
#4175=DIRECTION('',(0.,-1.,0.));
#4176=DIRECTION('',(0.122787803968973,-0.707106781186548,-0.696364240320019));
#4177=DIRECTION('',(2.77555756156289E-17,0.701673843159863,-0.71249829320867));
#4178=DIRECTION('',(0.122787803968973,-0.707106781186548,-0.696364240320019));
#4179=DIRECTION('',(-0.992432947456138,-0.0874861007547337,-0.086156990304069));
#4180=DIRECTION('',(-1.,-1.35533752189974E-16,0.));
#4181=DIRECTION('',(-1.35533752189974E-16,1.,0.));
#4182=DIRECTION('',(0.,0.,-1.));
#4183=DIRECTION('',(1.35533752189974E-16,-1.,0.));
#4184=DIRECTION('',(0.,0.,-1.));
#4185=DIRECTION('',(1.35533752189974E-16,-1.,1.00968021425907E-16));
#4186=DIRECTION('',(-0.707106781186547,0.707106781186548,0.));
#4187=DIRECTION('',(0.707106781186548,0.707106781186547,0.));
#4188=DIRECTION('',(0.707106781186547,-0.707106781186548,0.));
#4189=DIRECTION('',(-0.686096888803443,-0.686096888803443,-0.241954785752365));
#4190=DIRECTION('',(-0.540716203060937,-0.540716203060937,-0.644400477571772));
#4191=DIRECTION('',(0.707106781186548,0.707106781186547,0.));
#4192=DIRECTION('',(0.,0.,-1.));
#4193=DIRECTION('',(0.,1.,0.));
#4194=DIRECTION('',(0.,0.,1.));
#4195=DIRECTION('',(0.,1.,0.));
#4196=DIRECTION('',(0.,0.,-1.));
#4197=DIRECTION('',(1.,0.,0.));
#4198=DIRECTION('',(0.,0.,-1.));
#4199=DIRECTION('',(0.,0.,-1.));
#4200=DIRECTION('',(-1.,0.,0.));
#4201=DIRECTION('',(0.,0.,-1.));
#4202=DIRECTION('',(0.,0.,-1.));
#4203=DIRECTION('',(0.707106781186548,0.707106781186548,0.));
#4204=DIRECTION('',(0.707106781186548,-0.707106781186548,0.));
#4205=DIRECTION('',(-0.707106781186548,0.707106781186548,0.));
#4206=DIRECTION('',(0.,0.,-1.));
#4207=DIRECTION('',(-0.707106781186548,-0.707106781186548,0.));
#4208=DIRECTION('',(0.707106781186548,-0.707106781186548,0.));
#4209=DIRECTION('',(0.,0.,-1.));
#4210=DIRECTION('',(1.,0.,0.));
#4211=DIRECTION('',(0.,0.,1.));
#4212=DIRECTION('',(0.,0.,-1.));
#4213=DIRECTION('',(0.,-1.,0.));
#4214=DIRECTION('',(0.,0.,-1.));
#4215=DIRECTION('',(0.,0.,-1.));
#4216=DIRECTION('',(0.,0.,-1.));
#4217=DIRECTION('',(0.,1.,0.));
#4218=DIRECTION('',(0.,-1.7899422024639E-16,-1.));
#4219=DIRECTION('',(1.,0.,0.));
#4220=DIRECTION('',(0.,0.,-1.));
#4221=DIRECTION('',(0.,-1.90927168262816E-16,-1.));
#4222=DIRECTION('',(0.,1.,0.));
#4223=DIRECTION('',(0.,0.,-1.));
#4224=DIRECTION('',(0.707106781186548,-0.707106781186548,0.));
#4225=DIRECTION('',(-0.707106781186548,-0.707106781186548,0.));
#4226=DIRECTION('',(-0.707106781186548,0.707106781186548,0.));
#4227=DIRECTION('',(-0.707106781186548,-0.707106781186548,0.));
#4228=DIRECTION('',(0.,0.,-1.));
#4229=DIRECTION('',(0.707106781186548,0.707106781186548,0.));
#4230=DIRECTION('',(0.,0.,-1.));
#4231=DIRECTION('',(1.35533752189974E-16,-1.,0.));
#4232=DIRECTION('',(-1.,-1.35533752189974E-16,0.));
#4233=DIRECTION('',(1.,1.35533752189974E-16,0.));
#4234=DIRECTION('',(0.,0.,-1.));
#4235=DIRECTION('',(0.,0.,1.));
#4236=DIRECTION('',(0.,0.,-1.));
#4237=DIRECTION('',(-1.,-1.35533752189974E-16,0.));
#4238=DIRECTION('',(0.,0.,-1.));
#4239=DIRECTION('',(0.,0.,-1.));
#4240=DIRECTION('',(-0.707106781186547,-0.707106781186548,0.));
#4241=DIRECTION('',(-0.707106781186548,0.707106781186547,0.));
#4242=DIRECTION('',(-0.608120402411343,0.608120402411343,0.510273605374737));
#4243=DIRECTION('',(0.,0.,-1.));
#4244=DIRECTION('',(0.707106781186548,-0.707106781186547,0.));
#4245=DIRECTION('',(0.,0.,-1.));
#4246=DIRECTION('',(0.707106781186547,0.707106781186548,0.));
#4247=DIRECTION('',(-0.686096888803443,0.686096888803443,-0.241954785752365));
#4248=DIRECTION('',(-1.,-1.35533752189974E-16,0.));
#4249=DIRECTION('',(-1.35533752189974E-16,1.,0.));
#4250=DIRECTION('',(-1.35533752189974E-16,1.,0.));
#4251=DIRECTION('',(1.42712223369812E-16,-0.816496580927726,-0.577350269189626));
#4252=DIRECTION('',(1.,1.35533752189974E-16,0.));
#4253=DIRECTION('',(8.71194166020414E-17,-0.64278760968654,-0.766044443118978));
#4254=DIRECTION('',(1.,1.35533752189974E-16,0.));
#4255=DIRECTION('',(-1.04178032816571E-31,7.68650104739575E-16,-1.));
#4256=DIRECTION('',(1.,1.35533752189974E-16,0.));
#4257=DIRECTION('',(-1.04178032816571E-31,7.68650104739575E-16,-1.));
#4258=DIRECTION('',(9.51004887770158E-17,-0.701673843159863,0.71249829320867));
#4259=DIRECTION('',(1.,1.35533752189974E-16,0.));
#4260=DIRECTION('',(8.71194166020414E-17,-0.64278760968654,0.766044443118978));
#4261=DIRECTION('',(1.,1.35533752189974E-16,0.));
#4262=DIRECTION('',(5.18665214893788E-17,-0.38268343236509,0.923879532511287));
#4263=DIRECTION('',(0.,0.,1.));
#4264=DIRECTION('',(-1.,0.,0.));
#4265=DIRECTION('',(0.707106781186548,-0.707106781186547,0.));
#4266=DIRECTION('',(1.,1.35533752189974E-16,0.));
#4267=DIRECTION('',(0.707106781186548,0.707106781186548,0.));
#4268=DIRECTION('',(0.,1.,0.));
#4269=DIRECTION('',(-0.707106781186548,0.707106781186548,0.));
#4270=DIRECTION('',(-1.,0.,0.));
#4271=DIRECTION('',(-0.707106781186548,-0.707106781186547,0.));
#4272=DIRECTION('',(1.35533752189974E-16,-1.,0.));
#4273=DIRECTION('',(0.,0.,-1.));
#4274=DIRECTION('',(-0.923879532511287,-0.38268343236509,0.));
#4275=DIRECTION('',(0.,0.,-1.));
#4276=DIRECTION('',(-1.,0.,0.));
#4277=DIRECTION('',(0.,1.,0.));
#4278=DIRECTION('',(0.,0.,1.));
#4279=DIRECTION('',(-0.984807753012208,0.,-0.17364817766693));
#4280=DIRECTION('',(-0.17364817766693,0.,0.984807753012208));
#4281=DIRECTION('',(-0.984807753012208,0.,-0.17364817766693));
#4282=DIRECTION('',(0.,0.,1.));
#4283=DIRECTION('',(0.122787803968973,-0.707106781186548,-0.696364240320019));
#4284=DIRECTION('',(0.,0.701673843159864,-0.71249829320867));
#4285=DIRECTION('',(0.122787803968973,0.707106781186548,-0.696364240320019));
#4286=DIRECTION('',(-0.984807753012208,9.81307786677359E-18,-0.17364817766693));
#4287=DIRECTION('',(-0.984807753012208,1.55614457925063E-17,-0.17364817766693));
#4288=DIRECTION('',(0.122787803968973,0.707106781186548,-0.696364240320019));
#4289=DIRECTION('',(0.,0.701673843159863,0.71249829320867));
#4290=DIRECTION('',(-0.608120402411343,0.608120402411343,0.510273605374737));
#4291=DIRECTION('',(-0.984807753012208,0.,-0.17364817766693));
#4292=DIRECTION('',(-0.122787803968973,0.707106781186548,0.696364240320019));
#4293=DIRECTION('',(-0.984807753012208,-1.38777878078145E-17,-0.17364817766693));
#4294=DIRECTION('',(-0.122787803968973,-0.707106781186548,0.696364240320019));
#4295=DIRECTION('',(-0.119139474443668,-0.686096888803443,-0.717688543034876));
#4296=DIRECTION('',(-0.122787803968973,0.707106781186548,0.696364240320019));
#4297=DIRECTION('',(0.,-0.701673843159863,0.71249829320867));
#4298=DIRECTION('',(-0.122787803968973,-0.707106781186548,0.696364240320019));
#4299=DIRECTION('',(-0.984807753012208,0.,-0.17364817766693));
#4300=DIRECTION('',(0.540716203060937,-0.540716203060937,0.644400477571772));
#4301=DIRECTION('',(-0.984807753012208,0.,-0.17364817766693));
#4302=DIRECTION('',(-0.122787803968973,-0.707106781186548,0.696364240320019));
#4303=DIRECTION('',(0.,-0.701673843159863,-0.71249829320867));
#4304=DIRECTION('',(-0.984807753012208,0.,-0.17364817766693));
#4305=DIRECTION('',(0.122787803968973,-0.707106781186548,-0.696364240320019));
#4306=DIRECTION('',(-0.984807753012208,0.,-0.17364817766693));
#4307=DIRECTION('',(-0.984807753012208,0.,-0.17364817766693));
#4308=DIRECTION('',(0.,1.,0.));
#4309=DIRECTION('',(0.,-1.,0.));
#4310=DIRECTION('',(-0.984807753012208,0.,-0.17364817766693));
#4311=DIRECTION('',(-0.17364817766693,0.,0.984807753012208));
#4312=DIRECTION('',(0.,-1.,0.));
#4313=DIRECTION('',(-0.17364817766693,0.,0.984807753012208));
#4314=DIRECTION('',(-0.122787803968973,-0.707106781186548,0.696364240320019));
#4315=DIRECTION('',(2.62827433809047E-17,-1.,-1.49056844705803E-16));
#4316=DIRECTION('',(0.122787803968973,-0.707106781186548,-0.696364240320019));
#4317=DIRECTION('',(0.17364817766693,0.,-0.984807753012208));
#4318=DIRECTION('',(0.122787803968973,0.707106781186548,-0.696364240320019));
#4319=DIRECTION('',(0.,1.,0.));
#4320=DIRECTION('',(-0.122787803968973,0.707106781186548,0.696364240320019));
#4321=DIRECTION('',(-0.17364817766693,0.,0.984807753012208));
#4322=DIRECTION('',(0.984807753012208,0.,0.17364817766693));
#4323=DIRECTION('',(-0.17364817766693,0.,0.984807753012208));
#4324=DIRECTION('',(0.984807753012208,0.,0.17364817766693));
#4325=DIRECTION('',(0.984807753012208,0.,0.17364817766693));
#4326=DIRECTION('',(-0.984807753012208,0.,-0.17364817766693));
#4327=DIRECTION('',(-0.17364817766693,0.,0.984807753012208));
#4328=DIRECTION('',(0.984807753012208,0.,0.17364817766693));
#4329=DIRECTION('',(0.,-1.,0.));
#4330=DIRECTION('',(0.,0.,1.));
#4331=DIRECTION('',(-1.,0.,0.));
#4332=DIRECTION('',(0.,0.,1.));
#4333=DIRECTION('',(0.,0.,1.));
#4334=DIRECTION('',(0.17364817766693,0.,-0.984807753012208));
#4335=DIRECTION('',(0.984807753012208,0.,0.17364817766693));
#4336=DIRECTION('',(0.,-1.,0.));
#4337=DIRECTION('',(0.696364240320019,0.707106781186548,0.122787803968972));
#4338=DIRECTION('',(0.,-1.,0.));
#4339=DIRECTION('',(0.,0.,-1.));
#4340=DIRECTION('',(0.,-1.,0.));
#4341=DIRECTION('',(-0.17364817766693,0.,0.984807753012208));
#4342=DIRECTION('',(-0.984807753012208,0.,-0.17364817766693));
#4343=DIRECTION('',(-0.696364240320019,-0.707106781186548,-0.122787803968973));
#4344=DIRECTION('',(-0.122787803968973,-0.707106781186548,0.696364240320019));
#4345=DIRECTION('',(-0.992432947456138,0.0874861007547337,-0.0861569903040689));
#4346=DIRECTION('',(-0.122787803968973,-0.707106781186548,0.696364240320019));
#4347=DIRECTION('',(0.,-0.701673843159864,-0.71249829320867));
#4348=DIRECTION('',(0.,-1.,1.7899422024639E-16));
#4349=DIRECTION('',(0.,-1.7899422024639E-16,-1.));
#4350=DIRECTION('',(-1.,0.,0.));
#4351=DIRECTION('',(0.707106781186547,-1.26568026929421E-16,-0.707106781186548));
#4352=DIRECTION('',(-1.,0.,0.));
#4353=DIRECTION('',(0.,0.,-1.));
#4354=DIRECTION('',(-1.,0.,0.));
#4355=DIRECTION('',(0.,-1.,1.90927168262816E-16));
#4356=DIRECTION('',(0.,-1.90927168262816E-16,-1.));
#4357=DIRECTION('',(-0.707106781186547,1.35005895391382E-16,0.707106781186548));
#4358=DIRECTION('',(-0.707106781186548,0.707106781186548,0.));
#4359=DIRECTION('',(0.707106781186548,0.707106781186548,0.));
#4360=DIRECTION('',(0.707106781186548,-0.707106781186548,0.));
#4361=DIRECTION('',(0.707106781186548,0.707106781186548,0.));
#4362=DIRECTION('',(0.707106781186548,-0.707106781186548,0.));
#4363=DIRECTION('',(0.707106781186548,0.707106781186548,0.));
#4364=DIRECTION('',(-0.707106781186548,0.707106781186548,0.));
#4365=DIRECTION('',(0.707106781186548,0.707106781186548,0.));
#4366=DIRECTION('',(0.707106781186549,-0.707106781186547,0.));
#4367=DIRECTION('',(0.707106781186547,0.707106781186549,0.));
#4368=DIRECTION('',(0.707106781186548,0.707106781186547,0.));
#4369=DIRECTION('',(0.707106781186547,-0.707106781186548,0.));
#4370=DIRECTION('',(0.707106781186548,-0.707106781186548,0.));
#4371=DIRECTION('',(-0.707106781186548,-0.707106781186548,0.));
#4372=DIRECTION('',(-0.707106781186547,-0.707106781186549,0.));
#4373=DIRECTION('',(-0.707106781186549,0.707106781186547,0.));
#4374=DIRECTION('',(-0.707106781186549,0.707106781186547,0.));
#4375=DIRECTION('',(0.707106781186547,0.707106781186549,0.));
#4376=DIRECTION('',(0.696364240320019,-0.707106781186548,0.122787803968972));
#4377=DIRECTION('',(-0.17364817766693,0.,0.984807753012208));
#4378=DIRECTION('',(0.619479075780651,0.678598344545846,0.394651696372367));
#4379=DIRECTION('',(-0.696364240320019,0.707106781186548,-0.122787803968972));
#4380=DIRECTION('',(-0.696364240320019,-0.707106781186547,-0.122787803968973));
#4381=DIRECTION('',(0.783188329153485,-0.5,-0.369616072537131));
#4382=DIRECTION('',(-0.122787803968973,-0.707106781186548,0.696364240320019));
#4383=DIRECTION('',(0.550451544991817,0.28108463771482,0.786126276788183));
#4384=DIRECTION('',(-0.783188329153485,0.5,0.369616072537131));
#4385=DIRECTION('',(-0.609540151486553,-0.5,-0.615191680475077));
#4386=DIRECTION('',(-0.783188329153485,0.5,0.369616072537131));
#4387=DIRECTION('',(-0.609540151486553,-0.5,-0.615191680475077));
#4388=DIRECTION('',(0.819152044288993,1.07025056770077E-16,-0.573576436351045));
#4389=DIRECTION('',(2.62827433809047E-17,-1.,-1.49056844705803E-16));
#4390=DIRECTION('',(-0.819152044288993,-1.07025056770077E-16,0.573576436351045));
#4391=DIRECTION('',(-0.573576436351045,7.92694811544482E-17,-0.819152044288993));
#4392=DIRECTION('',(0.550451544991818,-0.281084637714816,0.786126276788184));
#4393=DIRECTION('',(-0.819152044288993,-1.07025056770077E-16,0.573576436351045));
#4394=DIRECTION('',(-0.573576436351045,8.739890103653E-17,-0.819152044288993));
#4395=DIRECTION('',(0.783188329153483,0.5,-0.369616072537133));
#4396=DIRECTION('',(0.122787803968973,-0.707106781186548,-0.696364240320019));
#4397=DIRECTION('',(-0.783188329153483,-0.5,0.369616072537133));
#4398=DIRECTION('',(-0.609540151486555,0.5,-0.615191680475076));
#4399=DIRECTION('',(0.619479075780653,-0.678598344545847,0.394651696372362));
#4400=DIRECTION('',(-0.783188329153483,-0.5,0.369616072537133));
#4401=DIRECTION('',(-0.609540151486555,0.5,-0.615191680475076));
#4402=DIRECTION('',(0.696364240320019,0.707106781186548,0.122787803968972));
#4403=DIRECTION('',(0.17364817766693,0.,-0.984807753012208));
#4404=DIRECTION('',(-0.696364240320019,-0.707106781186548,-0.122787803968972));
#4405=DIRECTION('',(-0.696364240320019,0.707106781186547,-0.122787803968973));
#4406=DIRECTION('',(0.717098745999348,-0.678598344545847,-0.158976964576));
#4407=DIRECTION('',(-0.696364240320019,-0.707106781186548,-0.122787803968972));
#4408=DIRECTION('',(-0.696364240320019,0.707106781186547,-0.122787803968973));
#4409=DIRECTION('',(0.609540151486553,0.5,0.615191680475077));
#4410=DIRECTION('',(0.122787803968973,0.707106781186548,-0.696364240320019));
#4411=DIRECTION('',(0.786126276788182,-0.281084637714818,-0.550451544991819));
#4412=DIRECTION('',(-0.609540151486553,-0.5,-0.615191680475077));
#4413=DIRECTION('',(-0.783188329153485,0.5,0.369616072537131));
#4414=DIRECTION('',(-0.609540151486553,-0.5,-0.615191680475077));
#4415=DIRECTION('',(-0.783188329153485,0.5,0.369616072537131));
#4416=DIRECTION('',(0.573576436351047,0.,0.819152044288991));
#4417=DIRECTION('',(0.,1.,0.));
#4418=DIRECTION('',(-0.573576436351047,0.,-0.819152044288991));
#4419=DIRECTION('',(-0.819152044288991,0.,0.573576436351047));
#4420=DIRECTION('',(0.786126276788182,0.281084637714817,-0.550451544991819));
#4421=DIRECTION('',(-0.573576436351047,0.,-0.819152044288991));
#4422=DIRECTION('',(-0.819152044288991,0.,0.573576436351047));
#4423=DIRECTION('',(0.609540151486553,-0.5,0.615191680475077));
#4424=DIRECTION('',(-0.122787803968973,0.707106781186548,0.696364240320019));
#4425=DIRECTION('',(-0.609540151486553,0.5,-0.615191680475077));
#4426=DIRECTION('',(-0.783188329153485,-0.5,0.369616072537131));
#4427=DIRECTION('',(-0.717098745999348,-0.678598344545847,0.158976964575999));
#4428=DIRECTION('',(-0.609540151486553,0.5,-0.615191680475077));
#4429=DIRECTION('',(-0.783188329153485,-0.5,0.369616072537131));
#4430=DIRECTION('',(0.696364240320019,-0.707106781186548,0.122787803968972));
#4431=DIRECTION('',(-0.17364817766693,0.,0.984807753012208));
#4432=DIRECTION('',(-0.696364240320019,0.707106781186548,-0.122787803968972));
#4433=DIRECTION('',(-0.696364240320019,-0.707106781186547,-0.122787803968973));
#4434=DIRECTION('',(0.707106781186548,0.,0.707106781186547));
#4435=DIRECTION('',(0.,1.,0.));
#4436=DIRECTION('',(0.678598344545847,-0.28108463771482,-0.678598344545847));
#4437=DIRECTION('',(-0.707106781186548,0.,-0.707106781186547));
#4438=DIRECTION('',(0.707106781186547,0.,-0.707106781186548));
#4439=DIRECTION('',(0.5,-0.5,0.707106781186547));
#4440=DIRECTION('',(0.707106781186548,0.707106781186548,0.));
#4441=DIRECTION('',(-0.5,0.5,-0.707106781186547));
#4442=DIRECTION('',(0.5,-0.5,-0.707106781186548));
#4443=DIRECTION('',(0.28108463771482,-0.678598344545847,-0.678598344545847));
#4444=DIRECTION('',(-0.5,0.5,-0.707106781186547));
#4445=DIRECTION('',(0.5,-0.5,-0.707106781186548));
#4446=DIRECTION('',(9.58368352531879E-17,-0.707106781186548,0.707106781186547));
#4447=DIRECTION('',(1.,1.35533752189974E-16,0.));
#4448=DIRECTION('',(-0.28108463771482,-0.678598344545847,-0.678598344545847));
#4449=DIRECTION('',(-9.58368352531879E-17,0.707106781186548,-0.707106781186547));
#4450=DIRECTION('',(9.58368352531879E-17,-0.707106781186547,-0.707106781186548));
#4451=DIRECTION('',(-9.58368352531879E-17,0.707106781186548,-0.707106781186547));
#4452=DIRECTION('',(9.58368352531879E-17,-0.707106781186547,-0.707106781186548));
#4453=DIRECTION('',(-0.5,-0.5,0.707106781186547));
#4454=DIRECTION('',(0.707106781186548,-0.707106781186547,0.));
#4455=DIRECTION('',(0.5,0.5,-0.707106781186547));
#4456=DIRECTION('',(-0.5,-0.5,-0.707106781186548));
#4457=DIRECTION('',(-0.678598344545847,-0.281084637714821,-0.678598344545847));
#4458=DIRECTION('',(0.5,0.5,-0.707106781186547));
#4459=DIRECTION('',(-0.5,-0.5,-0.707106781186548));
#4460=DIRECTION('',(-0.707106781186548,-9.58368352531879E-17,0.707106781186547));
#4461=DIRECTION('',(1.35533752189974E-16,-1.,0.));
#4462=DIRECTION('',(0.707106781186548,9.58368352531879E-17,-0.707106781186547));
#4463=DIRECTION('',(-0.707106781186547,-9.58368352531879E-17,-0.707106781186548));
#4464=DIRECTION('',(0.678598344545847,-0.28108463771482,0.678598344545847));
#4465=DIRECTION('',(0.707106781186548,9.58368352531879E-17,-0.707106781186547));
#4466=DIRECTION('',(-0.707106781186547,-9.58368352531879E-17,-0.707106781186548));
#4467=DIRECTION('',(-0.5,0.5,0.707106781186547));
#4468=DIRECTION('',(-0.707106781186548,-0.707106781186547,0.));
#4469=DIRECTION('',(-0.28108463771482,0.678598344545847,-0.678598344545847));
#4470=DIRECTION('',(0.5,-0.5,-0.707106781186547));
#4471=DIRECTION('',(-0.5,0.5,-0.707106781186548));
#4472=DIRECTION('',(0.5,-0.5,-0.707106781186547));
#4473=DIRECTION('',(-0.5,0.5,-0.707106781186548));
#4474=DIRECTION('',(0.,0.707106781186548,0.707106781186547));
#4475=DIRECTION('',(-1.,0.,0.));
#4476=DIRECTION('',(0.,-0.707106781186548,-0.707106781186547));
#4477=DIRECTION('',(0.,0.707106781186547,-0.707106781186548));
#4478=DIRECTION('',(-0.281084637714821,-0.678598344545847,0.678598344545847));
#4479=DIRECTION('',(0.,-0.707106781186548,-0.707106781186547));
#4480=DIRECTION('',(0.,0.707106781186547,-0.707106781186548));
#4481=DIRECTION('',(0.707106781186548,0.,0.707106781186547));
#4482=DIRECTION('',(0.,1.,0.));
#4483=DIRECTION('',(0.678598344545847,0.281084637714821,-0.678598344545847));
#4484=DIRECTION('',(-0.707106781186548,0.,-0.707106781186547));
#4485=DIRECTION('',(0.707106781186547,0.,-0.707106781186548));
#4486=DIRECTION('',(0.5,0.5,0.707106781186548));
#4487=DIRECTION('',(-0.707106781186548,0.707106781186548,0.));
#4488=DIRECTION('',(-0.5,-0.5,-0.707106781186548));
#4489=DIRECTION('',(0.5,0.5,-0.707106781186548));
#4490=DIRECTION('',(-0.5,-0.5,-0.707106781186548));
#4491=DIRECTION('',(0.5,0.5,-0.707106781186548));
#4492=DIRECTION('',(0.,-0.707106781186548,0.707106781186547));
#4493=DIRECTION('',(1.,0.,0.));
#4494=DIRECTION('',(-0.28108463771482,0.678598344545847,0.678598344545847));
#4495=DIRECTION('',(0.281084637714821,0.678598344545847,0.678598344545847));
#4496=DIRECTION('',(0.,0.707106781186548,-0.707106781186547));
#4497=DIRECTION('',(0.,-0.707106781186547,-0.707106781186548));
#4498=DIRECTION('',(0.,0.707106781186548,-0.707106781186547));
#4499=DIRECTION('',(0.,-0.707106781186547,-0.707106781186548));
#4500=DIRECTION('',(-0.5,-0.5,0.707106781186548));
#4501=DIRECTION('',(0.707106781186548,-0.707106781186548,0.));
#4502=DIRECTION('',(0.678598344545847,0.281084637714821,0.678598344545847));
#4503=DIRECTION('',(0.5,0.5,-0.707106781186548));
#4504=DIRECTION('',(-0.5,-0.5,-0.707106781186548));
#4505=DIRECTION('',(0.5,0.5,-0.707106781186548));
#4506=DIRECTION('',(-0.5,-0.5,-0.707106781186548));
#4507=DIRECTION('',(0.5,-0.5,0.707106781186547));
#4508=DIRECTION('',(0.707106781186548,0.707106781186547,0.));
#4509=DIRECTION('',(-0.5,0.5,-0.707106781186547));
#4510=DIRECTION('',(-0.351496769402941,-0.863385706924188,-0.361960138935651));
#4511=DIRECTION('',(0.678598344545847,-0.28108463771482,-0.678598344545847));
#4512=DIRECTION('',(-0.5,0.5,-0.707106781186547));
#4513=DIRECTION('',(0.5,-0.5,-0.707106781186548));
#4514=DIRECTION('',(-0.707106781186548,0.,0.707106781186547));
#4515=DIRECTION('',(0.,-1.,0.));
#4516=DIRECTION('',(0.678598344545847,-0.28108463771482,0.678598344545847));
#4517=DIRECTION('',(0.707106781186548,0.,-0.707106781186547));
#4518=DIRECTION('',(-0.707106781186547,0.,-0.707106781186548));
#4519=DIRECTION('',(0.707106781186548,0.,-0.707106781186547));
#4520=DIRECTION('',(-0.707106781186547,0.,-0.707106781186548));
#4521=DIRECTION('',(0.707106781186548,9.58368352531879E-17,0.707106781186547));
#4522=DIRECTION('',(-1.35533752189974E-16,1.,0.));
#4523=DIRECTION('',(-0.678598344545847,-0.281084637714821,0.678598344545847));
#4524=DIRECTION('',(-0.5,0.5,0.707106781186547));
#4525=DIRECTION('',(-0.707106781186548,-0.707106781186548,0.));
#4526=DIRECTION('',(0.28108463771482,-0.678598344545847,0.678598344545847));
#4527=DIRECTION('',(0.5,-0.5,-0.707106781186547));
#4528=DIRECTION('',(-0.5,0.5,-0.707106781186548));
#4529=DIRECTION('',(0.5,-0.5,-0.707106781186547));
#4530=DIRECTION('',(-0.5,0.5,-0.707106781186548));
#4531=DIRECTION('',(0.5,0.5,0.707106781186547));
#4532=DIRECTION('',(-0.707106781186548,0.707106781186547,0.));
#4533=DIRECTION('',(-0.5,-0.5,-0.707106781186547));
#4534=DIRECTION('',(0.5,0.5,-0.707106781186548));
#4535=DIRECTION('',(0.28108463771482,0.678598344545847,-0.678598344545847));
#4536=DIRECTION('',(-0.678598344545847,-0.281084637714821,0.678598344545847));
#4537=DIRECTION('',(-9.58368352531879E-17,0.707106781186548,0.707106781186547));
#4538=DIRECTION('',(-1.,-1.35533752189974E-16,0.));
#4539=DIRECTION('',(9.58368352531879E-17,-0.707106781186548,-0.707106781186547));
#4540=DIRECTION('',(-9.58368352531879E-17,0.707106781186547,-0.707106781186548));
#4541=DIRECTION('',(9.58368352531879E-17,-0.707106781186548,-0.707106781186547));
#4542=DIRECTION('',(-9.58368352531879E-17,0.707106781186547,-0.707106781186548));
#4543=DIRECTION('',(0.,1.,0.));
#4544=DIRECTION('',(0.,0.,1.));
#4545=DIRECTION('',(0.801933600901089,0.,0.59741317339494));
#4546=DIRECTION('',(0.,0.,-1.));
#4547=DIRECTION('',(0.,1.,0.));
#4548=DIRECTION('',(0.,0.,1.));
#4549=DIRECTION('',(0.801933600901089,0.,0.59741317339494));
#4550=DIRECTION('',(0.,0.,1.));
#4551=DIRECTION('',(0.59741317339494,0.,-0.801933600901089));
#4552=DIRECTION('',(0.801933600901089,0.,0.59741317339494));
#4553=DIRECTION('',(-0.59741317339494,0.,0.801933600901089));
#4554=DIRECTION('',(-0.801933600901089,0.,-0.59741317339494));
#4555=DIRECTION('',(0.801933600901089,0.,0.59741317339494));
#4556=DIRECTION('',(-2.70279083567845E-16,-1.,-2.01348696245062E-16));
#4557=DIRECTION('',(0.801933600901089,0.,0.59741317339494));
#4558=DIRECTION('',(-0.59741317339494,0.,0.801933600901089));
#4559=DIRECTION('',(-0.801933600901089,0.,-0.59741317339494));
#4560=DIRECTION('',(2.70279083567845E-16,1.,2.01348696245062E-16));
#4561=DIRECTION('',(1.,-2.70279083567845E-16,0.));
#4562=DIRECTION('',(0.,-1.,0.));
#4563=DIRECTION('',(0.,0.,1.));
#4564=DIRECTION('',(0.,-1.,0.));
#4565=DIRECTION('',(0.,0.,1.));
#4566=DIRECTION('',(-0.984807753012208,-1.96261557335472E-17,-0.17364817766693));
#4567=DIRECTION('',(0.17364817766693,0.,-0.984807753012208));
#4568=DIRECTION('',(0.,0.,-1.));
#4569=DIRECTION('',(1.,0.,0.));
#4570=DIRECTION('',(0.153929431525628,0.886444266756866,-0.436488593257692));
#4571=DIRECTION('',(-0.0746779035889022,-0.430052906930816,-0.899709790963687));
#4572=DIRECTION('',(0.,0.,-1.));
#4573=DIRECTION('',(-0.984807753012208,-1.38777878078145E-17,-0.17364817766693));
#4574=DIRECTION('',(0.17364817766693,0.,-0.984807753012208));
#4575=DIRECTION('',(0.,0.,-1.));
#4576=DIRECTION('',(1.,0.,0.));
#4577=DIRECTION('',(0.,0.,-1.));
#4578=DIRECTION('',(0.153929431525628,-0.886444266756866,-0.436488593257692));
#4579=DIRECTION('',(-0.0746779035889022,0.430052906930816,-0.899709790963687));
#4580=DIRECTION('',(0.,0.,-1.));
#4581=DIRECTION('',(1.,0.,0.));
#4582=DIRECTION('',(0.,0.,-1.));
#4583=DIRECTION('',(1.,0.,0.));
#4584=DIRECTION('',(0.,0.,-1.));
#4585=DIRECTION('',(1.,0.,0.));
#4586=DIRECTION('',(0.,0.,-1.));
#4587=DIRECTION('',(1.,0.,0.));
#4588=DIRECTION('',(0.,0.,-1.));
#4589=DIRECTION('',(1.,0.,0.));
#4590=DIRECTION('',(0.,0.,-1.));
#4591=DIRECTION('',(1.,0.,0.));
#4592=DIRECTION('',(0.,0.,-1.));
#4593=DIRECTION('',(1.,0.,0.));
#4594=DIRECTION('',(0.,0.,-1.));
#4595=DIRECTION('',(1.,0.,0.));
#4596=DIRECTION('',(-0.984807753012208,0.,-0.17364817766693));
#4597=DIRECTION('',(0.17364817766693,0.,-0.984807753012208));
#4598=DIRECTION('',(-0.984807753012208,-1.38777878078145E-17,-0.17364817766693));
#4599=DIRECTION('',(0.17364817766693,0.,-0.984807753012208));
#4600=DIRECTION('',(-0.984807753012208,0.,-0.17364817766693));
#4601=DIRECTION('',(0.17364817766693,0.,-0.984807753012208));
#4602=DIRECTION('',(-0.456586916015299,-0.886444266756866,0.0757954487916));
#4603=DIRECTION('',(-0.873073495731833,0.430052906930816,-0.229776344062987));
#4604=DIRECTION('',(-0.984807753012208,0.,-0.17364817766693));
#4605=DIRECTION('',(0.17364817766693,0.,-0.984807753012208));
#4606=DIRECTION('',(-0.456586916015299,-0.886444266756866,0.0757954487916));
#4607=DIRECTION('',(-0.873073495731833,0.430052906930816,-0.229776344062987));
#4608=DIRECTION('',(0.540716203060937,-0.540716203060937,0.644400477571771));
#4609=DIRECTION('',(-0.766044443118978,0.,0.64278760968654));
#4610=DIRECTION('',(-0.540716203060937,0.540716203060937,-0.644400477571771));
#4611=DIRECTION('',(-0.766044443118978,0.,0.64278760968654));
#4612=DIRECTION('',(-3.63028439800778E-16,3.84383053906705E-16,-1.));
#4613=DIRECTION('',(0.,-1.,-3.84383053906705E-16));
#4614=DIRECTION('',(-0.984807753012208,0.,-0.17364817766693));
#4615=DIRECTION('',(0.17364817766693,0.,-0.984807753012208));
#4616=DIRECTION('',(-0.456586916015299,0.886444266756866,0.0757954487916));
#4617=DIRECTION('',(-0.873073495731833,-0.430052906930816,-0.229776344062987));
#4618=DIRECTION('',(0.540716203060937,0.540716203060937,0.644400477571771));
#4619=DIRECTION('',(0.766044443118978,0.,-0.64278760968654));
#4620=DIRECTION('',(7.04702265495627E-16,6.83347651389698E-16,1.));
#4621=DIRECTION('',(1.,0.,-7.04702265495627E-16));
#4622=DIRECTION('',(-0.540716203060937,-0.540716203060937,-0.644400477571771));
#4623=DIRECTION('',(0.766044443118978,0.,-0.64278760968654));
#4624=DIRECTION('',(-0.984807753012208,0.,-0.17364817766693));
#4625=DIRECTION('',(0.17364817766693,0.,-0.984807753012208));
#4626=DIRECTION('',(-0.984807753012208,0.,-0.17364817766693));
#4627=DIRECTION('',(0.17364817766693,0.,-0.984807753012208));
#4628=DIRECTION('',(-0.984807753012208,0.,-0.17364817766693));
#4629=DIRECTION('',(0.17364817766693,0.,-0.984807753012208));
#4630=DIRECTION('',(-0.456586916015299,0.886444266756866,0.0757954487916));
#4631=DIRECTION('',(-0.873073495731833,-0.430052906930816,-0.229776344062987));
#4632=DIRECTION('',(-0.678598344545847,-0.281084637714821,0.678598344545847));
#4633=DIRECTION('',(-0.707106781186548,0.,-0.707106781186547));
#4634=DIRECTION('',(0.,0.,-1.));
#4635=DIRECTION('',(1.,0.,0.));
#4636=DIRECTION('',(0.,0.,-1.));
#4637=DIRECTION('',(-1.,0.,0.));
#4638=DIRECTION('',(0.,0.,-1.));
#4639=DIRECTION('',(0.,0.,-1.));
#4640=DIRECTION('',(-1.,0.,0.));
#4641=DIRECTION('',(0.,0.,-1.));
#4642=DIRECTION('',(1.,0.,0.));
#4643=DIRECTION('',(0.,0.,-1.));
#4644=DIRECTION('',(1.,0.,0.));
#4645=DIRECTION('',(0.,0.,-1.));
#4646=DIRECTION('',(-1.,0.,0.));
#4647=DIRECTION('',(0.,0.,-1.));
#4648=DIRECTION('',(0.,0.,-1.));
#4649=DIRECTION('',(-1.,0.,0.));
#4650=DIRECTION('',(0.,0.,-1.));
#4651=DIRECTION('',(1.,0.,0.));
#4652=DIRECTION('',(-0.984807753012208,0.,-0.17364817766693));
#4653=DIRECTION('',(0.17364817766693,0.,-0.984807753012208));
#4654=DIRECTION('',(-0.984807753012208,0.,-0.17364817766693));
#4655=DIRECTION('',(0.17364817766693,0.,-0.984807753012208));
#4656=DIRECTION('',(-0.801933600901089,0.,-0.59741317339494));
#4657=DIRECTION('',(0.59741317339494,0.,-0.801933600901089));
#4658=DIRECTION('',(-0.801933600901088,0.,-0.597413173394942));
#4659=DIRECTION('',(-0.597413173394942,0.,0.801933600901088));
#4660=DIRECTION('',(0.,1.,0.));
#4661=DIRECTION('',(0.,0.,1.));
#4662=DIRECTION('',(0.801933600901089,0.,0.59741317339494));
#4663=DIRECTION('',(-0.59741317339494,0.,0.801933600901089));
#4664=DIRECTION('',(-0.801933600901088,0.,-0.597413173394942));
#4665=DIRECTION('',(-0.597413173394942,0.,0.801933600901088));
#4666=DIRECTION('',(0.,1.,0.));
#4667=DIRECTION('',(0.,0.,1.));
#4668=DIRECTION('',(-4.98394170736474E-17,1.7347234759768E-16,-1.));
#4669=DIRECTION('',(0.,-1.,-1.73472347597681E-16));
#4670=DIRECTION('',(0.,0.,-1.));
#4671=DIRECTION('',(1.,0.,0.));
#4672=DIRECTION('',(0.,0.,-1.));
#4673=DIRECTION('',(-1.,0.,0.));
#4674=DIRECTION('',(0.479631552415293,0.479631552415292,-0.734783742236716));
#4675=DIRECTION('',(-0.837389033365072,0.,-0.546607360726062));
#4676=DIRECTION('',(0.608120402411343,0.608120402411343,-0.510273605374738));
#4677=DIRECTION('',(-0.707106781186547,0.707106781186548,0.));
#4678=DIRECTION('',(0.608120402411343,0.608120402411343,-0.510273605374737));
#4679=DIRECTION('',(0.707106781186548,-0.707106781186548,0.));
#4680=DIRECTION('',(0.608120402411343,0.608120402411343,-0.510273605374737));
#4681=DIRECTION('',(-0.707106781186547,0.707106781186548,0.));
#4682=DIRECTION('',(0.536613444531218,0.63756083127464,-0.552776806290507));
#4683=DIRECTION('',(0.,-0.65508217672848,-0.755557636274478));
#4684=DIRECTION('',(0.0631636503955604,-0.997941035506505,0.011137455764774));
#4685=DIRECTION('',(0.998002935025683,0.0631675682618972,0.));
#4686=DIRECTION('',(1.4988496561012E-15,-2.08166817117217E-15,1.));
#4687=DIRECTION('',(0.,1.,2.08166817117217E-15));
#4688=DIRECTION('',(0.,0.,-1.));
#4689=DIRECTION('',(1.,0.,0.));
#4690=DIRECTION('',(0.,0.,-1.));
#4691=DIRECTION('',(-1.,0.,0.));
#4692=DIRECTION('',(0.,0.,-1.));
#4693=DIRECTION('',(1.,0.,0.));
#4694=DIRECTION('',(0.,0.,-1.));
#4695=DIRECTION('',(-1.,0.,0.));
#4696=DIRECTION('',(0.479631552415293,-0.479631552415293,-0.734783742236716));
#4697=DIRECTION('',(-0.837389033365071,0.,-0.546607360726063));
#4698=DIRECTION('',(0.608120402411343,-0.608120402411343,-0.510273605374737));
#4699=DIRECTION('',(0.707106781186547,0.707106781186548,0.));
#4700=DIRECTION('',(-0.608120402411343,0.608120402411343,0.510273605374737));
#4701=DIRECTION('',(0.707106781186547,0.707106781186548,0.));
#4702=DIRECTION('',(0.608120402411343,-0.608120402411343,-0.510273605374737));
#4703=DIRECTION('',(0.707106781186547,0.707106781186548,0.));
#4704=DIRECTION('',(0.536613444531217,-0.637560831274639,-0.552776806290508));
#4705=DIRECTION('',(0.,-0.655082176728481,0.755557636274477));
#4706=DIRECTION('',(-0.0631636503955601,-0.997941035506505,-0.0111374557647743));
#4707=DIRECTION('',(0.998002935025683,-0.0631675682618968,0.));
#4708=DIRECTION('',(0.,0.,-1.));
#4709=DIRECTION('',(1.,0.,0.));
#4710=DIRECTION('',(-7.31660292465172E-16,0.,-1.));
#4711=DIRECTION('',(-1.,0.,7.31660292465172E-16));
#4712=DIRECTION('',(0.,-1.,0.));
#4713=DIRECTION('',(0.,0.,-1.));
#4714=DIRECTION('',(0.,1.,0.));
#4715=DIRECTION('',(0.,0.,-1.));
#4716=DIRECTION('',(0.,-1.,0.));
#4717=DIRECTION('',(0.,0.,-1.));
#4718=DIRECTION('',(0.,1.,0.));
#4719=DIRECTION('',(0.,0.,-1.));
#4720=DIRECTION('',(0.,1.,0.));
#4721=DIRECTION('',(0.,0.,-1.));
#4722=DIRECTION('',(0.,-1.,0.));
#4723=DIRECTION('',(-1.,0.,0.));
#4724=DIRECTION('',(0.,1.,0.));
#4725=DIRECTION('',(0.,0.,1.));
#4726=CARTESIAN_POINT('',(0.,0.,0.));
#4727=CARTESIAN_POINT('',(0.0509247997693322,-0.0109247997693322,0.025));
#4728=CARTESIAN_POINT('',(0.0478640656327316,-0.0139855339059327,0.025));
#4729=CARTESIAN_POINT('',(0.0478640656327316,-0.0139855339059327,-0.023));
#4730=CARTESIAN_POINT('',(0.0478640656327316,-0.0139855339059327,-0.00350204354472102));
#4731=CARTESIAN_POINT('',(0.0509247997693322,-0.0109247997693322,-0.023));
#4732=CARTESIAN_POINT('',(0.0539855339059327,-0.00786406563273158,-0.023));
#4733=CARTESIAN_POINT('',(0.0539855339059327,-0.00786406563273158,0.025));
#4734=CARTESIAN_POINT('',(0.0539855339059327,-0.00786406563273158,-0.00908180549485094));
#4735=CARTESIAN_POINT('',(0.0411459013788555,-0.0207036981598089,0.00169192542307137));
#4736=CARTESIAN_POINT('',(0.0493890656327316,-0.0124605339059327,-0.00522491066208979));
#4737=CARTESIAN_POINT('',(0.0564601334445971,-0.00538946609406726,0.00320205980617817));
#4738=CARTESIAN_POINT('',(0.0509247997693322,0.0109247997693322,0.025));
#4739=CARTESIAN_POINT('',(0.0531989211368302,0.00865067840183418,0.0211835711985601));
#4740=CARTESIAN_POINT('',(0.0493890656327316,0.0124605339059327,0.0166431622142858));
#4741=CARTESIAN_POINT('',(0.0547050057295114,0.00714459380915293,0.0229784529226388));
#4742=CARTESIAN_POINT('',(0.0564601334445971,0.00538946609406726,0.01070983182132));
#4743=CARTESIAN_POINT('',(0.0478640656327316,0.0139855339059327,0.0143824978057563));
#4744=CARTESIAN_POINT('',(0.0478640656327316,0.0139855339059327,0.025));
#4745=CARTESIAN_POINT('',(0.0478640656327316,0.0139855339059327,0.023));
#4746=CARTESIAN_POINT('',(0.0463995995386643,0.01545,0.023));
#4747=CARTESIAN_POINT('',(0.0544144660940673,0.00743513344459706,0.023));
#4748=CARTESIAN_POINT('',(0.05545,0.00639959953866432,0.0159289321881345));
#4749=CARTESIAN_POINT('',(0.0960706908574613,0.,-0.000822869782795799));
#4750=CARTESIAN_POINT('',(0.0495817591116654,0.00432853172679885,-0.00902012275389389));
#4751=CARTESIAN_POINT('',(0.0595617884619222,0.00369685604417988,-0.00726037431118124));
#4752=CARTESIAN_POINT('',(0.0594180832229538,0.00252666381330319,-0.00728571342208052));
#4753=CARTESIAN_POINT('',(0.0960706908574613,0.00369685604417988,-0.000822869782795799));
#4754=CARTESIAN_POINT('',(0.0941010753514369,0.00369685604417988,-0.00117016613812966));
#4755=CARTESIAN_POINT('',(0.0941010753514369,0.00576792385604535,-0.00117016613812966));
#4756=CARTESIAN_POINT('',(0.0941010753514369,-0.00369685604417988,-0.00117016613812966));
#4757=CARTESIAN_POINT('',(0.0960706908574613,-0.00369685604417988,-0.0008228697827958));
#4758=CARTESIAN_POINT('',(0.0905534975207639,-0.00369685604417988,-0.00179569982584051));
#4759=CARTESIAN_POINT('',(0.0894594338429431,-0.00859635098079234,-0.00198861277085344));
#4760=CARTESIAN_POINT('',(0.0898815884372538,-0.00697914749263012,-0.00191417552584644));
#4761=CARTESIAN_POINT('',(0.0902329124376332,-0.0053400711282953,-0.00185222762560912));
#4762=CARTESIAN_POINT('',(0.0905534975207639,-0.00369685604418028,-0.00179569982584051));
#4763=CARTESIAN_POINT('',(0.0894594338429408,-0.00859635098079155,-0.00198861277085387));
#4764=CARTESIAN_POINT('',(0.0960706908574613,-0.00859635098079155,-0.0008228697827958));
#4765=CARTESIAN_POINT('',(0.0875448804171068,-0.00859635098079155,-0.00232620019583622));
#4766=CARTESIAN_POINT('',(0.0849003462375717,-0.00859635098079155,-0.00279250292309398));
#4767=CARTESIAN_POINT('',(0.0857710185810771,-0.00838023789803134,-0.0026389798975773));
#4768=CARTESIAN_POINT('',(0.0866828293605146,-0.00838237782231637,-0.00247820305586166));
#4769=CARTESIAN_POINT('',(0.0875448804171068,-0.00859635098079155,-0.00232620019583621));
#4770=CARTESIAN_POINT('',(0.0849003462375717,-0.00859635098079155,-0.00279250292309398));
#4771=CARTESIAN_POINT('',(0.0960706908574613,-0.00859635098079155,-0.0008228697827958));
#4772=CARTESIAN_POINT('',(0.0829857928117373,-0.00859635098078027,-0.00313009034807767));
#4773=CARTESIAN_POINT('',(0.0818917291339144,-0.00369685604417988,-0.00332300329308971));
#4774=CARTESIAN_POINT('',(0.0822125664645082,-0.00534136406691919,-0.00326643101528754));
#4775=CARTESIAN_POINT('',(0.0825641188585351,-0.00698098874814585,-0.00320444284308794));
#4776=CARTESIAN_POINT('',(0.0829857928117349,-0.00859635098078098,-0.00313009034807682));
#4777=CARTESIAN_POINT('',(0.0818917291339144,-0.00369685604417988,-0.00332300329308971));
#4778=CARTESIAN_POINT('',(0.0960706908574613,-0.00369685604417988,-0.0008228697827958));
#4779=CARTESIAN_POINT('',(0.0595617884619222,-0.00369685604417988,-0.00726037431118125));
#4780=CARTESIAN_POINT('',(0.0495817591116654,-0.00432853172679885,-0.00902012275389389));
#4781=CARTESIAN_POINT('',(0.0594180832229538,-0.0025266638133032,-0.00728571342208052));
#4782=CARTESIAN_POINT('',(0.0599337644947604,-0.0075,-0.00719478490041496));
#4783=CARTESIAN_POINT('',(0.0599337644947604,-0.0025,-0.00719478490041496));
#4784=CARTESIAN_POINT('',(0.0677808232908359,-0.0025,-0.00581113671546118));
#4785=CARTESIAN_POINT('',(0.0767807969140271,-0.0025,-0.00422419854002805));
#4786=CARTESIAN_POINT('',(0.0767807969140271,-0.001,-0.00422419854002805));
#4787=CARTESIAN_POINT('',(0.0787631351277459,-0.00219701423497185,-0.00387465882806));
#4788=CARTESIAN_POINT('',(0.0787631351277459,-0.00219701423497185,-0.00387465882806));
#4789=CARTESIAN_POINT('',(0.0796344850366311,-0.00189694533544627,-0.00372101632948567));
#4790=CARTESIAN_POINT('',(0.0804366013728435,-0.00144573510763964,-0.00357958157774442));
#4791=CARTESIAN_POINT('',(0.081238037879326,-0.001,-0.00343826669832682));
#4792=CARTESIAN_POINT('',(0.081238037879326,-0.001,-0.00343826669832682));
#4793=CARTESIAN_POINT('',(0.081238037879326,-0.0025,-0.00343826669832682));
#4794=CARTESIAN_POINT('',(0.081238037879326,0.001,-0.00343826669832682));
#4795=CARTESIAN_POINT('',(0.0787631351277459,0.00219701423497185,-0.00387465882806));
#4796=CARTESIAN_POINT('',(0.0796344850366312,0.00189694533544628,-0.00372101632948567));
#4797=CARTESIAN_POINT('',(0.0804366013728434,0.00144573510763954,-0.00357958157774442));
#4798=CARTESIAN_POINT('',(0.081238037879326,0.001,-0.00343826669832682));
#4799=CARTESIAN_POINT('',(0.0787631351277459,0.00219701423497185,-0.00387465882806));
#4800=CARTESIAN_POINT('',(0.0767807969140271,0.001,-0.00422419854002805));
#4801=CARTESIAN_POINT('',(0.0767807969140271,0.0025,-0.00422419854002805));
#4802=CARTESIAN_POINT('',(0.0677808232908359,0.0025,-0.00581113671546118));
#4803=CARTESIAN_POINT('',(0.0599337644947604,0.0025,-0.00719478490041496));
#4804=CARTESIAN_POINT('',(0.0599337644947604,0.0075,-0.00719478490041496));
#4805=CARTESIAN_POINT('',(0.0818491666751214,-0.0112606754903958,0.0222436969283262));
#4806=CARTESIAN_POINT('',(0.0818491666751214,-0.0112606754903958,0.0222436969283262));
#4807=CARTESIAN_POINT('',(0.0790750012553259,-0.013925,0.0190491107061163));
#4808=CARTESIAN_POINT('',(0.0781496910637129,-0.0085963509807817,0.0242968055733147));
#4809=CARTESIAN_POINT('',(0.078149691063709,-0.00859635098078309,0.0242968055733128));
#4810=CARTESIAN_POINT('',(0.0777275364693994,-0.00697914749262385,0.024222368328306));
#4811=CARTESIAN_POINT('',(0.0773762124690206,-0.00534007112829218,0.0241604204280688));
#4812=CARTESIAN_POINT('',(0.0770556273858905,-0.00369685604418028,0.0241038926283003));
#4813=CARTESIAN_POINT('',(0.0770556273858905,-0.00369685604417989,0.0241038926283003));
#4814=CARTESIAN_POINT('',(0.0757869405953409,-0.00723238995011262,0.0223931310729377));
#4815=CARTESIAN_POINT('',(0.0760873515336079,-0.006798602248358,0.0228865812029245));
#4816=CARTESIAN_POINT('',(0.0765638811962077,-0.00605124701615204,0.0235007041343494));
#4817=CARTESIAN_POINT('',(0.0770785755407383,-0.00478604725127942,0.0240250406670252));
#4818=CARTESIAN_POINT('',(0.077125343200976,-0.00405419668470858,0.024116185407482));
#4819=CARTESIAN_POINT('',(0.0770556273858905,-0.00369685604417988,0.0241038926283003));
#4820=CARTESIAN_POINT('',(0.0757869405953409,-0.00723238995011262,0.0223931310729377));
#4821=CARTESIAN_POINT('',(0.0820947422830593,-0.00984646192802268,0.0208509684476861));
#4822=CARTESIAN_POINT('',(0.0766947982658495,-0.0124605339059327,0.0172444143713822));
#4823=CARTESIAN_POINT('',(0.0788317259447337,-0.013925,0.0140311371616837));
#4824=CARTESIAN_POINT('',(0.0788393992808922,-0.013925,0.0143957728792181));
#4825=CARTESIAN_POINT('',(0.0786513631123275,-0.0138432373028143,0.0151041492133021));
#4826=CARTESIAN_POINT('',(0.0778474932531842,-0.0134193141092774,0.0162424742847316));
#4827=CARTESIAN_POINT('',(0.0771454743658455,-0.0128939487318435,0.0168837797791568));
#4828=CARTESIAN_POINT('',(0.0766947982658497,-0.0124605339059329,0.0172444143713825));
#4829=CARTESIAN_POINT('',(0.0788317259447337,-0.013925,0.0140311371616837));
#4830=CARTESIAN_POINT('',(0.0788317259447337,-0.013925,0.0140311371616837));
#4831=CARTESIAN_POINT('',(0.0788669974540203,-0.013925,0.015707233690174));
#4832=CARTESIAN_POINT('',(0.0789338320100946,-0.013925,0.0173839369604794));
#4833=CARTESIAN_POINT('',(0.079075001255326,-0.013925,0.0190491107061163));
#4834=CARTESIAN_POINT('',(0.0857599582315331,-0.0112606754903958,6.44958741335939E-5));
#4835=CARTESIAN_POINT('',(0.0857599582315331,-0.0112606754903958,6.44958741335897E-5));
#4836=CARTESIAN_POINT('',(0.0820604826201255,-0.013925,0.00211760451912105));
#4837=CARTESIAN_POINT('',(0.0820604826201232,-0.013925,0.00211760451911979));
#4838=CARTESIAN_POINT('',(0.0813575035871765,-0.013925,0.00363580180745333));
#4839=CARTESIAN_POINT('',(0.0807215569630735,-0.013925,0.00518802901859203));
#4840=CARTESIAN_POINT('',(0.0801156305750714,-0.013925,0.00674975217352652));
#4841=CARTESIAN_POINT('',(0.0801156305750713,-0.013925,0.00674975217352692));
#4842=CARTESIAN_POINT('',(0.0792065809358768,-0.0124605339059327,0.00299938698002518));
#4843=CARTESIAN_POINT('',(0.0795069918741439,-0.0128943216076874,0.003492837110012));
#4844=CARTESIAN_POINT('',(0.0799443967415793,-0.0134163661243425,0.00432884778094811));
#4845=CARTESIAN_POINT('',(0.0803135383470759,-0.013843361071926,0.00567865491630242));
#4846=CARTESIAN_POINT('',(0.0802473979411909,-0.013925,0.00641013311944955));
#4847=CARTESIAN_POINT('',(0.0801156305750713,-0.013925,0.00674975217352691));
#4848=CARTESIAN_POINT('',(0.0792065809358768,-0.0124605339059327,0.00299938698002518));
#4849=CARTESIAN_POINT('',(0.0855143826235952,-0.00984646192802268,0.00145722435477363));
#4850=CARTESIAN_POINT('',(0.0801144386063853,-0.00723238995011261,-0.0021493297215304));
#4851=CARTESIAN_POINT('',(0.0818917291339144,-0.00369685604417988,-0.00332300329308971));
#4852=CARTESIAN_POINT('',(0.0819615274708625,-0.00405461966499233,-0.00331069596307718));
#4853=CARTESIAN_POINT('',(0.0818861028308481,-0.00478488630885542,-0.00324097134354));
#4854=CARTESIAN_POINT('',(0.0812275241759343,-0.00604550820076894,-0.00292663363720708));
#4855=CARTESIAN_POINT('',(0.0805651147063814,-0.00679897512420235,-0.00250996431375621));
#4856=CARTESIAN_POINT('',(0.0801144386063856,-0.00723238995011292,-0.00214932972153049));
#4857=CARTESIAN_POINT('',(0.0818491666751214,-0.0112606754903958,0.0222436969283262));
#4858=CARTESIAN_POINT('',(0.0855486422865364,-0.013925,0.0201905882833289));
#4859=CARTESIAN_POINT('',(0.086251621319481,-0.013925,0.0186723909949988));
#4860=CARTESIAN_POINT('',(0.0868875679435825,-0.013925,0.017120163783864));
#4861=CARTESIAN_POINT('',(0.0874934943315831,-0.013925,0.0155584406289333));
#4862=CARTESIAN_POINT('',(0.0855486422865319,-0.0139250000000014,0.0201905882833264));
#4863=CARTESIAN_POINT('',(0.0874934943315832,-0.013925,0.0155584406289329));
#4864=CARTESIAN_POINT('',(0.0884025439707777,-0.0124605339059327,0.0193088058224346));
#4865=CARTESIAN_POINT('',(0.0881021330325107,-0.0128943216076874,0.0188153556924478));
#4866=CARTESIAN_POINT('',(0.0876647281650752,-0.0134163661243425,0.0179793450215117));
#4867=CARTESIAN_POINT('',(0.0872955865595785,-0.013843361071926,0.0166295378861574));
#4868=CARTESIAN_POINT('',(0.0873617269654636,-0.013925,0.0158980596830103));
#4869=CARTESIAN_POINT('',(0.0874934943315832,-0.013925,0.0155584406289329));
#4870=CARTESIAN_POINT('',(0.0884025439707777,-0.0124605339059327,0.0193088058224346));
#4871=CARTESIAN_POINT('',(0.0820947422830593,-0.00984646192802268,0.0208509684476861));
#4872=CARTESIAN_POINT('',(0.0874946863002691,-0.00723238995011262,0.0244575225239902));
#4873=CARTESIAN_POINT('',(0.08571739577274,-0.00369685604417989,0.0256311960955495));
#4874=CARTESIAN_POINT('',(0.0856475974357919,-0.00405461966499235,0.025618888765537));
#4875=CARTESIAN_POINT('',(0.0857230220758065,-0.00478488630885543,0.0255491641459998));
#4876=CARTESIAN_POINT('',(0.0863816007307202,-0.0060455082007689,0.0252348264396669));
#4877=CARTESIAN_POINT('',(0.087044010200273,-0.00679897512420237,0.024818157116216));
#4878=CARTESIAN_POINT('',(0.0874946863002688,-0.00723238995011293,0.0244575225239903));
#4879=CARTESIAN_POINT('',(0.08571739577274,-0.00369685604417989,0.0256311960955495));
#4880=CARTESIAN_POINT('',(0.08571739577274,-0.00369685604417989,0.0256311960955495));
#4881=CARTESIAN_POINT('',(0.0853965584421455,-0.00534136406692278,0.0255746238177472));
#4882=CARTESIAN_POINT('',(0.0850450060481178,-0.00698098874815301,0.0255126356455475));
#4883=CARTESIAN_POINT('',(0.0846233320949168,-0.00859635098079155,0.0254382831505361));
#4884=CARTESIAN_POINT('',(0.0846233320949168,-0.00859635098079156,0.0254382831505362));
#4885=CARTESIAN_POINT('',(0.0818491666751214,-0.0112606754903958,0.0222436969283262));
#4886=CARTESIAN_POINT('',(0.0857599582315331,-0.0112606754903958,6.44958741335939E-5));
#4887=CARTESIAN_POINT('',(0.0918221843113135,-0.00723238995011261,-8.49382704779164E-5));
#4888=CARTESIAN_POINT('',(0.0915217733730465,-0.00679860224835799,-0.000578388400464738));
#4889=CARTESIAN_POINT('',(0.0910452437104468,-0.00605124701615203,-0.00119251133188958));
#4890=CARTESIAN_POINT('',(0.0905305493659162,-0.00478604725127942,-0.00171684786456544));
#4891=CARTESIAN_POINT('',(0.0904837817056785,-0.00405419668470857,-0.00180799260502216));
#4892=CARTESIAN_POINT('',(0.090553497520764,-0.00369685604417987,-0.0017956998258405));
#4893=CARTESIAN_POINT('',(0.0918221843113135,-0.00723238995011261,-8.49382704779173E-5));
#4894=CARTESIAN_POINT('',(0.0855143826235952,-0.00984646192802268,0.00145722435477363));
#4895=CARTESIAN_POINT('',(0.090914326640805,-0.0124605339059327,0.00506377843107766));
#4896=CARTESIAN_POINT('',(0.0887773989619208,-0.013925,0.00827705564077611));
#4897=CARTESIAN_POINT('',(0.0887697256257623,-0.013925,0.00791241992324174));
#4898=CARTESIAN_POINT('',(0.0889577617943271,-0.0138432373028143,0.00720404358915769));
#4899=CARTESIAN_POINT('',(0.0897616316534703,-0.0134193141092774,0.00606571851772821));
#4900=CARTESIAN_POINT('',(0.090463650540809,-0.0128939487318434,0.00542441302330299));
#4901=CARTESIAN_POINT('',(0.0909143266408048,-0.0124605339059329,0.0050637784310773));
#4902=CARTESIAN_POINT('',(0.0887773989619208,-0.013925,0.00827705564077611));
#4903=CARTESIAN_POINT('',(0.0887773989619208,-0.013925,0.00827705564077612));
#4904=CARTESIAN_POINT('',(0.0887421274526343,-0.013925,0.0066009591122895));
#4905=CARTESIAN_POINT('',(0.0886752928965602,-0.013925,0.00492425584198773));
#4906=CARTESIAN_POINT('',(0.0885341236513295,-0.013925,0.00325908209635443));
#4907=CARTESIAN_POINT('',(0.0885341236513272,-0.0139250000000012,0.00325908209635474));
#4908=CARTESIAN_POINT('',(0.0857599582315331,-0.0112606754903958,6.44958741335897E-5));
#4909=CARTESIAN_POINT('',(0.0855143826235952,-0.00984646192802268,0.00145722435477363));
#4910=CARTESIAN_POINT('',(0.0855143826235952,-0.00984646192802269,0.00145722435477363));
#4911=CARTESIAN_POINT('',(0.0855143826235952,-0.00844311424170296,3.222776835629E-5));
#4912=CARTESIAN_POINT('',(0.0866195702254946,-0.013925,0.00292149467136117));
#4913=CARTESIAN_POINT('',(0.0857205809737074,-0.013925,0.00298020001055761));
#4914=CARTESIAN_POINT('',(0.0848070123196393,-0.013925,0.002821031024928));
#4915=CARTESIAN_POINT('',(0.0839750360459594,-0.013925,0.00245519194410339));
#4916=CARTESIAN_POINT('',(0.0866195702254946,-0.013925,0.00292149467136117));
#4917=CARTESIAN_POINT('',(0.0839750360459594,-0.013925,0.00245519194410339));
#4918=CARTESIAN_POINT('',(0.0857599582315331,-0.0112606754903958,6.44958741335964E-5));
#4919=CARTESIAN_POINT('',(0.0857599582315331,-0.0112606754903958,6.44958741335964E-5));
#4920=CARTESIAN_POINT('',(0.0912345891094373,1.7347234759768E-18,0.0266040261385942));
#4921=CARTESIAN_POINT('',(0.0912345891094373,-0.00859635098079156,0.0266040261385942));
#4922=CARTESIAN_POINT('',(0.0800642444895477,-0.00859635098079156,0.024634392998296));
#4923=CARTESIAN_POINT('',(0.0800642444895477,-0.00859635098079155,0.024634392998296));
#4924=CARTESIAN_POINT('',(0.0809276869132734,-0.00838203246548643,0.0247866411938872));
#4925=CARTESIAN_POINT('',(0.0818380109230512,-0.00838021421778675,0.0249471558779977));
#4926=CARTESIAN_POINT('',(0.0827087786690829,-0.00859635098079157,0.0251006957255538));
#4927=CARTESIAN_POINT('',(0.0827087786690829,-0.00859635098079156,0.0251006957255538));
#4928=CARTESIAN_POINT('',(0.0912345891094373,-0.00859635098079156,0.0266040261385942));
#4929=CARTESIAN_POINT('',(0.0912345891094373,-0.00369685604417989,0.0266040261385942));
#4930=CARTESIAN_POINT('',(0.0892649736034129,-0.00369685604417989,0.0262567297832603));
#4931=CARTESIAN_POINT('',(0.0892649736034129,-0.00576792385604535,0.0262567297832603));
#4932=CARTESIAN_POINT('',(0.0892649736034129,0.00369685604417988,0.0262567297832603));
#4933=CARTESIAN_POINT('',(0.0912345891094373,0.00369685604417988,0.0266040261385942));
#4934=CARTESIAN_POINT('',(0.05545,0.00369685604417988,0.0202942375850341));
#4935=CARTESIAN_POINT('',(0.05545,2.48962569294323E-18,0.0202942375850341));
#4936=CARTESIAN_POINT('',(0.05545,-0.00369685604417989,0.0202942375850341));
#4937=CARTESIAN_POINT('',(0.0912345891094373,-0.00369685604417989,0.0266040261385942));
#4938=CARTESIAN_POINT('',(0.0936526399834493,-0.013925,0.0128905781778992));
#4939=CARTESIAN_POINT('',(0.0496364856640519,-0.013925,0.00391435958776984));
#4940=CARTESIAN_POINT('',(0.0496364856640519,-0.013925,0.00137545657679109));
#4941=CARTESIAN_POINT('',(0.0496364856640519,-0.013925,0.0040057284704208));
#4942=CARTESIAN_POINT('',(0.0942945922986181,-0.013925,0.00924988568382081));
#4943=CARTESIAN_POINT('',(0.0951453806658491,-0.013925,0.00442482508440158));
#4944=CARTESIAN_POINT('',(0.0951453806658491,-0.013925,0.00442482508440158));
#4945=CARTESIAN_POINT('',(0.0942945922986181,-0.013925,0.00924988568382081));
#4946=CARTESIAN_POINT('',(0.0923249767925937,-0.013925,0.00890258932848695));
#4947=CARTESIAN_POINT('',(0.0926846139439488,-0.013925,0.0068629856903478));
#4948=CARTESIAN_POINT('',(0.0918566726550918,-0.013925,0.0115584740695531));
#4949=CARTESIAN_POINT('',(0.0938262881611162,-0.013925,0.011905770424887));
#4950=CARTESIAN_POINT('',(0.0719915512970911,-0.013925,0.00805571719908963));
#4951=CARTESIAN_POINT('',(0.0690324461581441,-0.013925,0.00854937373622595));
#4952=CARTESIAN_POINT('',(0.0716442549417573,-0.013925,0.010025332705114));
#4953=CARTESIAN_POINT('',(0.0934789918057824,-0.013925,0.0138753859309114));
#4954=CARTESIAN_POINT('',(0.091509376299758,-0.013925,0.0135280895755775));
#4955=CARTESIAN_POINT('',(0.091509376299758,-0.013925,0.0135280895755775));
#4956=CARTESIAN_POINT('',(0.0910410721622561,-0.013925,0.0161839743166438));
#4957=CARTESIAN_POINT('',(0.0930106876682805,-0.013925,0.0165312706719776));
#4958=CARTESIAN_POINT('',(0.0921598993010495,-0.013925,0.0213563312713969));
#4959=CARTESIAN_POINT('',(0.0836340888606951,-0.013925,0.0198530008583564));
#4960=CARTESIAN_POINT('',(0.0809895546811599,-0.013925,0.0193866981310987));
#4961=CARTESIAN_POINT('',(0.0818885461708969,-0.013925,0.0193279926457608));
#4962=CARTESIAN_POINT('',(0.0828020882384862,-0.013925,0.0194871510709243));
#4963=CARTESIAN_POINT('',(0.0836340888606951,-0.013925,0.0198530008583565));
#4964=CARTESIAN_POINT('',(0.0809895546811599,-0.013925,0.0193866981310987));
#4965=CARTESIAN_POINT('',(0.0921598993010495,-0.013925,0.0213563312713969));
#4966=CARTESIAN_POINT('',(0.0930106876682805,-0.013925,0.0165312706719776));
#4967=CARTESIAN_POINT('',(0.0499956673505298,-0.013925,0.00894656201423535));
#4968=CARTESIAN_POINT('',(0.0496364856640519,-0.013925,0.0040057284704208));
#4969=CARTESIAN_POINT('',(0.0496364856640519,-0.013925,0.00483355260758173));
#4970=CARTESIAN_POINT('',(0.0498545050964134,-0.013925,0.00647335161543748));
#4971=CARTESIAN_POINT('',(0.0499956673505298,-0.013925,0.00811873787707443));
#4972=CARTESIAN_POINT('',(0.0499956673505298,-0.013925,0.00894656201423535));
#4973=CARTESIAN_POINT('',(0.0820947422830593,-0.00984646192802268,0.0208509684476862));
#4974=CARTESIAN_POINT('',(0.0820947422830593,-0.00984646192802267,0.0208509684476861));
#4975=CARTESIAN_POINT('',(0.0820947422830593,-0.0112498096143424,0.0194259718612688));
#4976=CARTESIAN_POINT('',(0.0818491666751214,-0.0112606754903958,0.0222436969283262));
#4977=CARTESIAN_POINT('',(0.0818491666751214,-0.0112606754903958,0.0222436969283262));
#4978=CARTESIAN_POINT('',(0.0739423630918633,-0.0111991840048593,-0.00208170508689754));
#4979=CARTESIAN_POINT('',(0.0700315715354515,-0.0113221669759322,0.0200974959672951));
#4980=CARTESIAN_POINT('',(0.0276609866682947,0.0123390133317052,-0.015));
#4981=CARTESIAN_POINT('',(0.0276609866682947,0.0123390133317053,-0.015));
#4982=CARTESIAN_POINT('',(0.0307719733365949,0.0154500000000003,-0.012624389783785));
#4983=CARTESIAN_POINT('',(0.0245499999999993,0.00922802666339855,-0.0126243897837848));
#4984=CARTESIAN_POINT('',(0.02455,0.00922802666339955,-0.0126243897837788));
#4985=CARTESIAN_POINT('',(0.02455,0.00760126275168745,-0.0123336694794574));
#4986=CARTESIAN_POINT('',(0.02455,0.00596624275000752,-0.0120909800638118));
#4987=CARTESIAN_POINT('',(0.02455,0.00432853172679885,-0.0118689206363134));
#4988=CARTESIAN_POINT('',(0.02455,0.00432853172679884,-0.0118689206363134));
#4989=CARTESIAN_POINT('',(0.0260144660940673,0.00786406563273158,-0.00949874440785599));
#4990=CARTESIAN_POINT('',(0.0257961673145841,0.00764576685324844,-0.00974165423640365));
#4991=CARTESIAN_POINT('',(0.0254092495607696,0.00717910313658331,-0.0102295924346557));
#4992=CARTESIAN_POINT('',(0.024965480686238,0.00639096430879826,-0.0109590336458547));
#4993=CARTESIAN_POINT('',(0.0246487819087857,0.00548926961803371,-0.0116604051327211));
#4994=CARTESIAN_POINT('',(0.02455,0.00472197233016013,-0.0119222677738113));
#4995=CARTESIAN_POINT('',(0.02455,0.00432853172679884,-0.0118689206363134));
#4996=CARTESIAN_POINT('',(0.0260144660940673,0.00786406563273158,-0.00949874440785599));
#4997=CARTESIAN_POINT('',(0.0290752002306679,0.0109247997693322,-0.015));
#4998=CARTESIAN_POINT('',(0.0321359343672684,0.0139855339059327,-0.00949874440785599));
#4999=CARTESIAN_POINT('',(0.0356714682732011,0.01545,-0.0118689206363134));
#5000=CARTESIAN_POINT('',(0.0352771011664688,0.01545,-0.0119223933996423));
#5001=CARTESIAN_POINT('',(0.034511363498541,0.0153507872899453,-0.0116597311670392));
#5002=CARTESIAN_POINT('',(0.0336174685951175,0.0150381520724283,-0.0109662339245299));
#5003=CARTESIAN_POINT('',(0.0328231744327806,0.014593029551761,-0.0102321815162842));
#5004=CARTESIAN_POINT('',(0.0323535486092858,0.0142031481479501,-0.00974089252404391));
#5005=CARTESIAN_POINT('',(0.0321359343672684,0.0139855339059327,-0.00949874440785598));
#5006=CARTESIAN_POINT('',(0.0356714682732011,0.01545,-0.0118689206363134));
#5007=CARTESIAN_POINT('',(0.0356714682732012,0.01545,-0.0118689206363134));
#5008=CARTESIAN_POINT('',(0.0340331959957945,0.01545,-0.012091056165019));
#5009=CARTESIAN_POINT('',(0.0323971863028534,0.01545,-0.012333946650189));
#5010=CARTESIAN_POINT('',(0.0307719733365947,0.01545,-0.0126243897837842));
#5011=CARTESIAN_POINT('',(0.0276609866682947,-0.0123390133317053,-0.015));
#5012=CARTESIAN_POINT('',(0.0276609866682947,-0.0123390133317053,-0.015));
#5013=CARTESIAN_POINT('',(0.0245499999999997,-0.00922802666340515,-0.012624389783785));
#5014=CARTESIAN_POINT('',(0.0307719733365895,-0.01545,-0.0126243897837851));
#5015=CARTESIAN_POINT('',(0.0307719733365888,-0.01545,-0.0126243897837809));
#5016=CARTESIAN_POINT('',(0.0323987372483047,-0.01545,-0.0123336694794585));
#5017=CARTESIAN_POINT('',(0.0340337572499886,-0.01545,-0.0120909800638123));
#5018=CARTESIAN_POINT('',(0.0356714682732011,-0.01545,-0.0118689206363133));
#5019=CARTESIAN_POINT('',(0.0356714682732011,-0.01545,-0.0118689206363133));
#5020=CARTESIAN_POINT('',(0.0321359343672684,-0.0139855339059327,-0.00949874440785599));
#5021=CARTESIAN_POINT('',(0.0323542331467515,-0.0142038326854159,-0.00974165423640365));
#5022=CARTESIAN_POINT('',(0.0328208968634167,-0.0145907504392304,-0.0102295924346557));
#5023=CARTESIAN_POINT('',(0.0336090356912017,-0.015034519313762,-0.0109590336458547));
#5024=CARTESIAN_POINT('',(0.0345107303819663,-0.0153512180912143,-0.0116604051327211));
#5025=CARTESIAN_POINT('',(0.0352780276698398,-0.01545,-0.0119222677738113));
#5026=CARTESIAN_POINT('',(0.0356714682732011,-0.01545,-0.0118689206363134));
#5027=CARTESIAN_POINT('',(0.0321359343672684,-0.0139855339059327,-0.00949874440785599));
#5028=CARTESIAN_POINT('',(0.0290752002306679,-0.0109247997693322,-0.015));
#5029=CARTESIAN_POINT('',(0.0260144660940673,-0.00786406563273158,-0.009498744407856));
#5030=CARTESIAN_POINT('',(0.02455,-0.00432853172679884,-0.0118689206363134));
#5031=CARTESIAN_POINT('',(0.02455,-0.0047228988335312,-0.0119223933996423));
#5032=CARTESIAN_POINT('',(0.0246492127100547,-0.00548863650145896,-0.0116597311670392));
#5033=CARTESIAN_POINT('',(0.0249618479275717,-0.00638253140488246,-0.0109662339245299));
#5034=CARTESIAN_POINT('',(0.0254069704482389,-0.00717682556721938,-0.0102321815162842));
#5035=CARTESIAN_POINT('',(0.0257968518520499,-0.00764645139071422,-0.00974089252404392));
#5036=CARTESIAN_POINT('',(0.0260144660940673,-0.00786406563273158,-0.00949874440785599));
#5037=CARTESIAN_POINT('',(0.02455,-0.00432853172679884,-0.0118689206363134));
#5038=CARTESIAN_POINT('',(0.02455,-0.00432853172679885,-0.0118689206363134));
#5039=CARTESIAN_POINT('',(0.02455,-0.00596680400420548,-0.012091056165019));
#5040=CARTESIAN_POINT('',(0.02455,-0.00760281369714661,-0.0123339466501889));
#5041=CARTESIAN_POINT('',(0.02455,-0.00922802666340532,-0.0126243897837842));
#5042=CARTESIAN_POINT('',(0.0919428198131814,-0.00984646192802268,0.0225874502243555));
#5043=CARTESIAN_POINT('',(0.05545,-0.000575503043040626,0.0255667598586686));
#5044=CARTESIAN_POINT('',(0.05545,-0.00723238995011262,0.0188071797409138));
#5045=CARTESIAN_POINT('',(0.05545,-0.0105490724644419,0.0154393320526878));
#5046=CARTESIAN_POINT('',(0.0688156516319961,0.00281657916755415,0.0313678954024817));
#5047=CARTESIAN_POINT('',(0.0535385385585092,-0.0124605339059327,0.0131613410126858));
#5048=CARTESIAN_POINT('',(0.0923967486484356,-0.0124605339059327,0.0200130918735777));
#5049=CARTESIAN_POINT('',(0.0914888909779271,-0.00723238995011262,0.0251618085751333));
#5050=CARTESIAN_POINT('',(0.0953624601537173,-0.00984646192802267,0.00319370613144293));
#5051=CARTESIAN_POINT('',(0.0958163889889715,-0.00723238995011261,0.000619347780665143));
#5052=CARTESIAN_POINT('',(0.0574868275434348,-0.00723238995011261,-0.00613918806090592));
#5053=CARTESIAN_POINT('',(0.094908531318463,-0.0124605339059327,0.00576806448222072));
#5054=CARTESIAN_POINT('',(0.0523106605188195,-0.0124605339059327,-0.0017430894604897));
#5055=CARTESIAN_POINT('',(0.0676664497234686,0.00289525529871639,-0.0146281265185468));
#5056=CARTESIAN_POINT('',(0.0569071287920206,-0.00786406563273158,-0.00559998429325085));
#5057=CARTESIAN_POINT('',(0.0498360609801551,-0.000792997820866108,-0.0140269547615188));
#5058=CARTESIAN_POINT('',(0.0290752002306679,0.0109247997693322,0.025));
#5059=CARTESIAN_POINT('',(0.02455,0.00639959953866432,0.023));
#5060=CARTESIAN_POINT('',(0.0321359343672684,0.0139855339059327,0.023));
#5061=CARTESIAN_POINT('',(0.0260144660940673,0.00786406563273158,0.023));
#5062=CARTESIAN_POINT('',(0.0321359343672684,0.0139855339059327,0.025));
#5063=CARTESIAN_POINT('',(0.0260144660940673,0.00786406563273158,0.025));
#5064=CARTESIAN_POINT('',(0.0290752002306679,-0.0109247997693322,0.025));
#5065=CARTESIAN_POINT('',(0.0336004004613357,-0.01545,0.023));
#5066=CARTESIAN_POINT('',(0.0260144660940673,-0.00786406563273158,0.023));
#5067=CARTESIAN_POINT('',(0.0321359343672684,-0.0139855339059327,0.023));
#5068=CARTESIAN_POINT('',(0.0260144660940673,-0.00786406563273158,0.025));
#5069=CARTESIAN_POINT('',(0.0321359343672684,-0.0139855339059327,0.025));
#5070=CARTESIAN_POINT('',(0.0480977868581483,0.00809778685814834,-0.015));
#5071=CARTESIAN_POINT('',(0.0290752002306679,-0.0109247997693322,-0.015));
#5072=CARTESIAN_POINT('',(0.0276609866682948,-0.00951058620695907,-0.015));
#5073=CARTESIAN_POINT('',(0.0308579690885018,-0.00692750641535012,-0.0134311174274398));
#5074=CARTESIAN_POINT('',(0.0304918911240953,-0.00637288882956932,-0.0150003669952063));
#5075=CARTESIAN_POINT('',(0.0308577623148085,-0.00692707961820399,-0.0165674145917352));
#5076=CARTESIAN_POINT('',(0.0318713860928973,-0.0081258413723809,-0.0172162282792659));
#5077=CARTESIAN_POINT('',(0.0330735527003651,-0.00914288551880456,-0.0165676702862877));
#5078=CARTESIAN_POINT('',(0.0336263406875712,-0.00950750071344504,-0.0150006187218495));
#5079=CARTESIAN_POINT('',(0.0330749424165072,-0.00914381518206355,-0.0134345997562507));
#5080=CARTESIAN_POINT('',(0.0318738668031915,-0.00812838198871255,-0.0127835716154688));
#5081=CARTESIAN_POINT('',(0.0308579690885018,-0.00692750641535012,-0.0134311174274398));
#5082=CARTESIAN_POINT('',(0.0304918911240953,-0.00637288882956932,-0.0150003669952063));
#5083=CARTESIAN_POINT('',(0.0308577623148085,-0.00692707961820399,-0.0165674145917352));
#5084=CARTESIAN_POINT('',(0.0306138826499486,-0.00655769022530523,-0.015));
#5085=CARTESIAN_POINT('',(0.0276609866682947,-0.0123390133317053,0.));
#5086=CARTESIAN_POINT('',(0.0276609866682947,-0.0123390133317053,-0.015));
#5087=CARTESIAN_POINT('',(0.0248325595435486,-0.00951058620695907,-0.015));
#5088=CARTESIAN_POINT('',(0.02455,-0.00922802666341051,0.025));
#5089=CARTESIAN_POINT('',(0.0245499999999993,-0.00922802666339855,-0.0173756102162151));
#5090=CARTESIAN_POINT('',(0.0276609866682947,-0.0123390133317053,-0.015));
#5091=CARTESIAN_POINT('',(0.0307719733365949,-0.0154500000000003,-0.017375610216215));
#5092=CARTESIAN_POINT('',(0.0307719733365895,-0.01545,0.025));
#5093=CARTESIAN_POINT('',(0.04,3.46944695195361E-18,-0.025));
#5094=CARTESIAN_POINT('',(0.0304894137930409,0.00951058620695906,-0.025));
#5095=CARTESIAN_POINT('',(0.0344288275860819,0.01345,-0.025));
#5096=CARTESIAN_POINT('',(0.02655,0.00557117241391813,-0.025));
#5097=CARTESIAN_POINT('',(0.04,0.01345,-0.025));
#5098=CARTESIAN_POINT('',(0.0455711724139181,0.01345,-0.025));
#5099=CARTESIAN_POINT('',(0.0495105862069591,0.00951058620695907,-0.025));
#5100=CARTESIAN_POINT('',(0.05345,0.00557117241391813,-0.025));
#5101=CARTESIAN_POINT('',(0.05345,5.29237591890877E-18,-0.025));
#5102=CARTESIAN_POINT('',(0.05345,-0.00557117241391813,-0.025));
#5103=CARTESIAN_POINT('',(0.0495105862069591,-0.00951058620695907,-0.025));
#5104=CARTESIAN_POINT('',(0.0455711724139181,-0.01345,-0.025));
#5105=CARTESIAN_POINT('',(0.04,-0.01345,-0.025));
#5106=CARTESIAN_POINT('',(0.0344288275860819,-0.01345,-0.025));
#5107=CARTESIAN_POINT('',(0.0304894137930409,-0.00951058620695906,-0.025));
#5108=CARTESIAN_POINT('',(0.02655,-0.00557117241391813,-0.025));
#5109=CARTESIAN_POINT('',(0.02655,3.46944695195361E-18,-0.025));
#5110=CARTESIAN_POINT('',(0.02655,-0.001,-0.025));
#5111=CARTESIAN_POINT('',(0.0960726908574613,-0.001,-0.025));
#5112=CARTESIAN_POINT('',(0.0285937517123289,-0.001,-0.025));
#5113=CARTESIAN_POINT('',(0.04,7.0111029251186E-19,-0.025));
#5114=CARTESIAN_POINT('',(0.0285937517123289,0.001,-0.025));
#5115=CARTESIAN_POINT('',(0.0960726908574613,0.001,-0.025));
#5116=CARTESIAN_POINT('',(0.02655,0.001,-0.025));
#5117=CARTESIAN_POINT('',(0.02655,3.46944695195361E-18,-0.025));
#5118=CARTESIAN_POINT('',(0.0825856479233273,0.00701944901683886,0.0180669042148868));
#5119=CARTESIAN_POINT('',(0.0834599326686457,-0.00601070373593256,0.00303503007830945));
#5120=CARTESIAN_POINT('',(0.0849921115633574,-0.00528545683194411,0.00283738118128552));
#5121=CARTESIAN_POINT('',(0.0865633319823947,-0.00568515056902586,0.00335907453260355));
#5122=CARTESIAN_POINT('',(0.0872283612130183,-0.00685457753160989,0.00439986872450138));
#5123=CARTESIAN_POINT('',(0.0865695121488158,-0.00793707405718503,0.00553971908077792));
#5124=CARTESIAN_POINT('',(0.0849938828703531,-0.00839584144340296,0.00599581844424737));
#5125=CARTESIAN_POINT('',(0.083451120777163,-0.00815710207611561,0.00532090156726824));
#5126=CARTESIAN_POINT('',(0.0828292115138617,-0.0072455798863675,0.00402117016551109));
#5127=CARTESIAN_POINT('',(0.0834599326686457,-0.00601070373593256,0.00303503007830945));
#5128=CARTESIAN_POINT('',(0.0849921115633574,-0.00528545683194411,0.00283738118128552));
#5129=CARTESIAN_POINT('',(0.0865633319823947,-0.00568515056902586,0.00335907453260355));
#5130=CARTESIAN_POINT('',(0.0849986184840783,-0.00547294693878914,0.00295727155600918));
#5131=CARTESIAN_POINT('',(0.0739423630918633,-0.0111991840048593,-0.00208170508689754));
#5132=CARTESIAN_POINT('',(0.05545,2.60208521396521E-18,0.025));
#5133=CARTESIAN_POINT('',(0.05545,-0.00432853172679885,0.025));
#5134=CARTESIAN_POINT('',(0.05545,-0.00432853172679885,-0.023));
#5135=CARTESIAN_POINT('',(0.05545,-0.00432853172679885,-0.0219853935559839));
#5136=CARTESIAN_POINT('',(0.05545,2.60208521396521E-18,-0.023));
#5137=CARTESIAN_POINT('',(0.05545,0.00432853172679885,-0.023));
#5138=CARTESIAN_POINT('',(0.05545,0.00432853172679885,0.025));
#5139=CARTESIAN_POINT('',(0.05545,0.00432853172679885,-0.0219853935559839));
#5140=CARTESIAN_POINT('',(0.05545,-2.82827789917457E-18,-0.0219853935559839));
#5141=CARTESIAN_POINT('',(0.0509247997693322,-0.0109247997693322,0.025));
#5142=CARTESIAN_POINT('',(0.0564601334445971,-0.00538946609406726,0.01070983182132));
#5143=CARTESIAN_POINT('',(0.0493890656327316,-0.0124605339059327,0.0166431622142858));
#5144=CARTESIAN_POINT('',(0.0478640656327316,-0.0139855339059327,0.0143824978057563));
#5145=CARTESIAN_POINT('',(0.0531989211368302,-0.00865067840183417,0.0211835711985601));
#5146=CARTESIAN_POINT('',(0.0547230858741781,-0.00712651366448619,0.023));
#5147=CARTESIAN_POINT('',(0.05545,-0.00639959953866432,0.023));
#5148=CARTESIAN_POINT('',(0.0478640656327316,-0.0139855339059327,0.023));
#5149=CARTESIAN_POINT('',(0.0478640656327316,-0.0139855339059327,0.025));
#5150=CARTESIAN_POINT('',(0.04,-0.01545,0.025));
#5151=CARTESIAN_POINT('',(0.04,-0.01545,0.018));
#5152=CARTESIAN_POINT('',(0.04,-0.01545,0.016125));
#5153=CARTESIAN_POINT('',(0.0463995995386643,-0.01545,0.023));
#5154=CARTESIAN_POINT('',(0.0356714682732011,-0.01545,0.023));
#5155=CARTESIAN_POINT('',(0.0443285317267988,-0.01545,0.023));
#5156=CARTESIAN_POINT('',(0.0356714682732011,-0.01545,0.025));
#5157=CARTESIAN_POINT('',(0.0356714682732012,-0.01545,-0.0181310793636867));
#5158=CARTESIAN_POINT('',(0.0340331959957945,-0.01545,-0.017908943834981));
#5159=CARTESIAN_POINT('',(0.0323971863028534,-0.01545,-0.0176660533498111));
#5160=CARTESIAN_POINT('',(0.0307719733365947,-0.01545,-0.0173756102162159));
#5161=CARTESIAN_POINT('',(0.0356714682732011,-0.01545,-0.0181310793636867));
#5162=CARTESIAN_POINT('',(0.0356714682732011,-0.01545,0.025));
#5163=CARTESIAN_POINT('',(0.0356714682732011,-0.01545,-0.023));
#5164=CARTESIAN_POINT('',(0.04,-0.01545,-0.023));
#5165=CARTESIAN_POINT('',(0.0443285317267988,-0.01545,-0.023));
#5166=CARTESIAN_POINT('',(0.0443285317267988,-0.01545,0.025));
#5167=CARTESIAN_POINT('',(0.0443285317267988,-0.01545,0.0040057284704208));
#5168=CARTESIAN_POINT('',(0.0443285317267988,-0.01545,0.0143824978057563));
#5169=CARTESIAN_POINT('',(0.0443285317267988,-0.01545,0.0135124694443901));
#5170=CARTESIAN_POINT('',(0.0444472276498848,-0.01545,0.011782930106979));
#5171=CARTESIAN_POINT('',(0.0447906385455801,-0.01545,0.00918583985065077));
#5172=CARTESIAN_POINT('',(0.0445022034153049,-0.01545,0.00659483820850332));
#5173=CARTESIAN_POINT('',(0.0443285317267988,-0.01545,0.00487333727752188));
#5174=CARTESIAN_POINT('',(0.0443285317267988,-0.01545,0.0040057284704208));
#5175=CARTESIAN_POINT('',(0.0443285317267988,-0.01545,0.0143824978057563));
#5176=CARTESIAN_POINT('',(0.0443285317267988,-0.01545,0.025));
#5177=CARTESIAN_POINT('',(0.0290752002306679,-0.0109247997693322,0.025));
#5178=CARTESIAN_POINT('',(0.0290752002306679,-0.0109247997693322,-0.023));
#5179=CARTESIAN_POINT('',(0.0321359343672684,-0.0139855339059327,-0.023));
#5180=CARTESIAN_POINT('',(0.0260144660940673,-0.00786406563273158,-0.023));
#5181=CARTESIAN_POINT('',(0.0321359343672684,-0.0139855339059327,0.025));
#5182=CARTESIAN_POINT('',(0.0321359343672684,-0.0139855339059327,-0.020501255592144));
#5183=CARTESIAN_POINT('',(0.0290752002306679,-0.0109247997693322,-0.015));
#5184=CARTESIAN_POINT('',(0.0260144660940673,-0.00786406563273158,-0.020501255592144));
#5185=CARTESIAN_POINT('',(0.0260144660940673,-0.00786406563273158,0.025));
#5186=CARTESIAN_POINT('',(0.02455,-8.67361737988404E-19,0.025));
#5187=CARTESIAN_POINT('',(0.02455,-0.00922802666339956,-0.0173756102162212));
#5188=CARTESIAN_POINT('',(0.02455,-0.00760126275168745,-0.0176663305205426));
#5189=CARTESIAN_POINT('',(0.02455,-0.00596624275000752,-0.0179090199361881));
#5190=CARTESIAN_POINT('',(0.02455,-0.00432853172679885,-0.0181310793636866));
#5191=CARTESIAN_POINT('',(0.02455,-0.00432853172679884,-0.0181310793636866));
#5192=CARTESIAN_POINT('',(0.02455,-0.00432853172679884,0.025));
#5193=CARTESIAN_POINT('',(0.02455,-0.00432853172679884,0.023));
#5194=CARTESIAN_POINT('',(0.02455,-0.00639959953866432,0.023));
#5195=CARTESIAN_POINT('',(0.02455,0.00432853172679884,0.023));
#5196=CARTESIAN_POINT('',(0.02455,0.00432853172679884,0.025));
#5197=CARTESIAN_POINT('',(0.02455,0.00922802666341051,0.025));
#5198=CARTESIAN_POINT('',(0.0245499999999997,0.00922802666340514,-0.017375610216215));
#5199=CARTESIAN_POINT('',(0.02455,0.00432853172679883,-0.0181310793636867));
#5200=CARTESIAN_POINT('',(0.02455,0.00596680400420546,-0.017908943834981));
#5201=CARTESIAN_POINT('',(0.02455,0.00760281369714659,-0.0176660533498111));
#5202=CARTESIAN_POINT('',(0.02455,0.00922802666340531,-0.0173756102162158));
#5203=CARTESIAN_POINT('',(0.02455,0.00432853172679884,-0.0181310793636867));
#5204=CARTESIAN_POINT('',(0.02455,0.00432853172679884,0.025));
#5205=CARTESIAN_POINT('',(0.02455,0.00432853172679884,-0.023));
#5206=CARTESIAN_POINT('',(0.02455,-8.67361737988404E-19,-0.023));
#5207=CARTESIAN_POINT('',(0.02455,0.001,-0.023));
#5208=CARTESIAN_POINT('',(0.02455,0.001,-0.0159142135623731));
#5209=CARTESIAN_POINT('',(0.02455,0.001,-0.00682842712474619));
#5210=CARTESIAN_POINT('',(0.02455,3.13810832479711E-19,-0.004));
#5211=CARTESIAN_POINT('',(0.02455,-0.001,-0.00682842712474619));
#5212=CARTESIAN_POINT('',(0.02455,-0.001,-0.0159142135623731));
#5213=CARTESIAN_POINT('',(0.02455,-0.001,-0.023));
#5214=CARTESIAN_POINT('',(0.02455,-8.67361737988404E-19,-0.023));
#5215=CARTESIAN_POINT('',(0.02455,-0.00432853172679884,-0.023));
#5216=CARTESIAN_POINT('',(0.02455,-0.00432853172679884,0.025));
#5217=CARTESIAN_POINT('',(0.0290752002306679,0.0109247997693322,0.025));
#5218=CARTESIAN_POINT('',(0.0290752002306679,0.0109247997693322,-0.015));
#5219=CARTESIAN_POINT('',(0.0321359343672684,0.0139855339059327,-0.020501255592144));
#5220=CARTESIAN_POINT('',(0.0260144660940673,0.00786406563273158,-0.020501255592144));
#5221=CARTESIAN_POINT('',(0.0321359343672684,0.0139855339059327,0.025));
#5222=CARTESIAN_POINT('',(0.0321359343672684,0.0139855339059327,-0.023));
#5223=CARTESIAN_POINT('',(0.0290752002306679,0.0109247997693322,-0.023));
#5224=CARTESIAN_POINT('',(0.0260144660940673,0.00786406563273158,-0.023));
#5225=CARTESIAN_POINT('',(0.0260144660940673,0.00786406563273158,0.025));
#5226=CARTESIAN_POINT('',(0.04,0.01545,0.025));
#5227=CARTESIAN_POINT('',(0.04,0.01545,-0.023));
#5228=CARTESIAN_POINT('',(0.0356714682732011,0.01545,-0.023));
#5229=CARTESIAN_POINT('',(0.0443285317267988,0.01545,-0.023));
#5230=CARTESIAN_POINT('',(0.0356714682732011,0.01545,0.025));
#5231=CARTESIAN_POINT('',(0.0356714682732011,0.01545,-0.0181310793636867));
#5232=CARTESIAN_POINT('',(0.0307719733365888,0.01545,-0.0173756102162191));
#5233=CARTESIAN_POINT('',(0.0323987372483048,0.01545,-0.0176663305205414));
#5234=CARTESIAN_POINT('',(0.0340337572499886,0.01545,-0.0179090199361876));
#5235=CARTESIAN_POINT('',(0.0356714682732011,0.01545,-0.0181310793636867));
#5236=CARTESIAN_POINT('',(0.0307719733365895,0.01545,-0.0173756102162149));
#5237=CARTESIAN_POINT('',(0.0307719733365895,0.01545,0.025));
#5238=CARTESIAN_POINT('',(0.0356714682732011,0.01545,0.025));
#5239=CARTESIAN_POINT('',(0.0356714682732011,0.01545,0.023));
#5240=CARTESIAN_POINT('',(0.0336004004613357,0.01545,0.023));
#5241=CARTESIAN_POINT('',(0.0443285317267988,0.01545,0.023));
#5242=CARTESIAN_POINT('',(0.0443285317267988,0.01545,0.025));
#5243=CARTESIAN_POINT('',(0.0443285317267988,0.01545,0.0143824978057563));
#5244=CARTESIAN_POINT('',(0.0443285317267988,0.01545,0.00400572847042078));
#5245=CARTESIAN_POINT('',(0.0443285317267988,0.01545,0.00487333727752186));
#5246=CARTESIAN_POINT('',(0.0445022034153048,0.01545,0.00659483820850329));
#5247=CARTESIAN_POINT('',(0.0447906385455802,0.01545,0.00918583985065077));
#5248=CARTESIAN_POINT('',(0.0444472276498842,0.01545,0.011782930106979));
#5249=CARTESIAN_POINT('',(0.0443285317267988,0.01545,0.0135124694443901));
#5250=CARTESIAN_POINT('',(0.0443285317267988,0.01545,0.0143824978057563));
#5251=CARTESIAN_POINT('',(0.0443285317267988,0.01545,0.00400572847042078));
#5252=CARTESIAN_POINT('',(0.0443285317267988,0.01545,0.025));
#5253=CARTESIAN_POINT('',(0.0509247997693322,0.0109247997693322,0.025));
#5254=CARTESIAN_POINT('',(0.0411459013788555,0.0207036981598089,0.00169192542307138));
#5255=CARTESIAN_POINT('',(0.0539855339059327,0.00786406563273159,-0.00908180549485094));
#5256=CARTESIAN_POINT('',(0.0493890656327316,0.0124605339059327,-0.00522491066208979));
#5257=CARTESIAN_POINT('',(0.0539855339059327,0.00786406563273159,0.025));
#5258=CARTESIAN_POINT('',(0.0539855339059327,0.00786406563273159,-0.023));
#5259=CARTESIAN_POINT('',(0.0509247997693322,0.0109247997693322,-0.023));
#5260=CARTESIAN_POINT('',(0.0478640656327316,0.0139855339059327,-0.023));
#5261=CARTESIAN_POINT('',(0.0478640656327316,0.0139855339059327,0.025));
#5262=CARTESIAN_POINT('',(0.0478640656327316,0.0139855339059327,-0.00350204354472103));
#5263=CARTESIAN_POINT('',(0.0564601334445971,0.00538946609406726,0.00320205980617817));
#5264=CARTESIAN_POINT('',(0.05545,2.60208521396521E-18,0.025));
#5265=CARTESIAN_POINT('',(0.05545,0.00639959953866432,0.023));
#5266=CARTESIAN_POINT('',(0.05545,-0.00639959953866432,0.023));
#5267=CARTESIAN_POINT('',(0.05545,0.00493513344459706,0.023));
#5268=CARTESIAN_POINT('',(0.05545,-0.00119039080463938,0.0266834668204452));
#5269=CARTESIAN_POINT('',(0.05545,-0.00646295885409128,0.0229551981984102));
#5270=CARTESIAN_POINT('',(0.05545,-0.0134706673505298,0.0196528172868217));
#5271=CARTESIAN_POINT('',(0.05545,-0.00369685604417989,0.0152171045256054));
#5272=CARTESIAN_POINT('',(0.05545,0.00369685604417988,0.0152171045256054));
#5273=CARTESIAN_POINT('',(0.05545,0.00723238995011261,0.0188071797409138));
#5274=CARTESIAN_POINT('',(0.05545,0.000575503043040622,0.0255667598586686));
#5275=CARTESIAN_POINT('',(0.05545,0.0105490724644419,0.0154393320526878));
#5276=CARTESIAN_POINT('',(0.05545,0.0134706673505298,0.0196528172868217));
#5277=CARTESIAN_POINT('',(0.05545,0.00650160133517763,0.0226989233198189));
#5278=CARTESIAN_POINT('',(0.05545,0.00639959953866432,0.0159289321881345));
#5279=CARTESIAN_POINT('',(0.04,3.46944695195361E-18,0.025));
#5280=CARTESIAN_POINT('',(0.0540357864376269,0.00498538597629123,0.025));
#5281=CARTESIAN_POINT('',(0.0455711724139181,0.01345,0.025));
#5282=CARTESIAN_POINT('',(0.0524144660940673,0.00660670631985087,0.025));
#5283=CARTESIAN_POINT('',(0.0463995995386643,0.01345,0.025));
#5284=CARTESIAN_POINT('',(0.0344288275860819,0.01345,0.025));
#5285=CARTESIAN_POINT('',(0.0350146140237088,0.0140357864376269,0.025));
#5286=CARTESIAN_POINT('',(0.02655,0.00557117241391813,0.025));
#5287=CARTESIAN_POINT('',(0.02655,0.00639959953866432,0.025));
#5288=CARTESIAN_POINT('',(0.02655,-0.00557117241391813,0.025));
#5289=CARTESIAN_POINT('',(0.0259642135623731,-0.00498538597629122,0.025));
#5290=CARTESIAN_POINT('',(0.0344288275860819,-0.01345,0.025));
#5291=CARTESIAN_POINT('',(0.0336004004613357,-0.01345,0.025));
#5292=CARTESIAN_POINT('',(0.0455711724139181,-0.01345,0.025));
#5293=CARTESIAN_POINT('',(0.0449853859762913,-0.0140357864376269,0.025));
#5294=CARTESIAN_POINT('',(0.05345,-0.00557117241391813,0.025));
#5295=CARTESIAN_POINT('',(0.05345,-0.00639959953866432,0.025));
#5296=CARTESIAN_POINT('',(0.05345,0.00410670631985087,0.025));
#5297=CARTESIAN_POINT('',(0.0463789321881345,0.00264224022578361,0.025));
#5298=CARTESIAN_POINT('',(0.04,7.0111029251186E-19,0.025));
#5299=CARTESIAN_POINT('',(0.02855,7.0111029251186E-19,0.025));
#5300=CARTESIAN_POINT('',(0.0936526399834493,0.013925,0.0128905781778992));
#5301=CARTESIAN_POINT('',(0.0930106876682805,0.013925,0.0165312706719776));
#5302=CARTESIAN_POINT('',(0.0910410721622561,0.013925,0.0161839743166437));
#5303=CARTESIAN_POINT('',(0.0499956673505298,0.013925,0.00894656201423534));
#5304=CARTESIAN_POINT('',(0.090681435010901,0.013925,0.0182235779547829));
#5305=CARTESIAN_POINT('',(0.0923249767925937,0.013925,0.00890258932848695));
#5306=CARTESIAN_POINT('',(0.0942945922986181,0.013925,0.00924988568382081));
#5307=CARTESIAN_POINT('',(0.0496364856640519,0.013925,0.00137545657679109));
#5308=CARTESIAN_POINT('',(0.0496364856640519,0.013925,0.0010736048649848));
#5309=CARTESIAN_POINT('',(0.0496364856640519,0.013925,0.00400572847042078));
#5310=CARTESIAN_POINT('',(0.0499956673505298,0.013925,0.00894656201423534));
#5311=CARTESIAN_POINT('',(0.0499956673505298,0.013925,0.00811873787707443));
#5312=CARTESIAN_POINT('',(0.0498545050964127,0.013925,0.00647335161543747));
#5313=CARTESIAN_POINT('',(0.0496364856640532,0.013925,0.00483355260758169));
#5314=CARTESIAN_POINT('',(0.0496364856640532,0.013925,0.00400572847042078));
#5315=CARTESIAN_POINT('',(0.0953624601537173,-0.00984646192802267,0.00319370613144293));
#5316=CARTESIAN_POINT('',(0.0941010753514369,-0.00576792385604535,-0.00117016613812966));
#5317=CARTESIAN_POINT('',(0.0929389158124386,-0.0124605339059327,0.00542076812688686));
#5318=CARTESIAN_POINT('',(0.0938467734829471,-0.00723238995011261,0.000272051425331285));
#5319=CARTESIAN_POINT('',(0.094908531318463,-0.0124605339059327,0.00576806448222072));
#5320=CARTESIAN_POINT('',(0.0958163889889715,-0.00723238995011261,0.000619347780665144));
#5321=CARTESIAN_POINT('',(0.0953624601537173,0.00984646192802268,0.00319370613144293));
#5322=CARTESIAN_POINT('',(0.0676664497234686,-0.00289525529871638,-0.0146281265185468));
#5323=CARTESIAN_POINT('',(0.0523106605188195,0.0124605339059327,-0.0017430894604897));
#5324=CARTESIAN_POINT('',(0.0569071287920206,0.00786406563273159,-0.00559998429325085));
#5325=CARTESIAN_POINT('',(0.094908531318463,0.0124605339059327,0.00576806448222072));
#5326=CARTESIAN_POINT('',(0.0929389158124386,0.0124605339059327,0.00542076812688686));
#5327=CARTESIAN_POINT('',(0.0926846139439488,0.013925,0.00686298569034781));
#5328=CARTESIAN_POINT('',(0.0938467734829471,0.00723238995011262,0.000272051425331286));
#5329=CARTESIAN_POINT('',(0.0958163889889715,0.00723238995011262,0.000619347780665146));
#5330=CARTESIAN_POINT('',(0.0574868275434348,0.00723238995011262,-0.00613918806090591));
#5331=CARTESIAN_POINT('',(0.0498360609801551,0.000792997820866109,-0.0140269547615188));
#5332=CARTESIAN_POINT('',(0.0919428198131814,0.00984646192802267,0.0225874502243555));
#5333=CARTESIAN_POINT('',(0.0892649736034129,0.00576792385604535,0.0262567297832603));
#5334=CARTESIAN_POINT('',(0.0904271331424112,0.0124605339059327,0.0196657955182438));
#5335=CARTESIAN_POINT('',(0.0895192754719027,0.00723238995011261,0.0248145122197994));
#5336=CARTESIAN_POINT('',(0.0923967486484356,0.0124605339059327,0.0200130918735776));
#5337=CARTESIAN_POINT('',(0.0535385385585092,0.0124605339059327,0.0131613410126857));
#5338=CARTESIAN_POINT('',(0.0688156516319961,-0.00281657916755415,0.0313678954024817));
#5339=CARTESIAN_POINT('',(0.0914888909779271,0.00723238995011261,0.0251618085751333));
#5340=CARTESIAN_POINT('',(0.0919428198131814,-0.00984646192802268,0.0225874502243555));
#5341=CARTESIAN_POINT('',(0.0923967486484356,-0.0124605339059327,0.0200130918735777));
#5342=CARTESIAN_POINT('',(0.0904271331424112,-0.0124605339059327,0.0196657955182438));
#5343=CARTESIAN_POINT('',(0.090681435010901,-0.013925,0.0182235779547829));
#5344=CARTESIAN_POINT('',(0.0895192754719027,-0.00723238995011262,0.0248145122197994));
#5345=CARTESIAN_POINT('',(0.0914888909779271,-0.00723238995011262,0.0251618085751333));
#5346=CARTESIAN_POINT('',(0.0936526399834493,-1.7347234759768E-18,0.0128905781778992));
#5347=CARTESIAN_POINT('',(0.0934789918057824,0.009927,0.0138753859309114));
#5348=CARTESIAN_POINT('',(0.0934789918057824,-0.00987449365790469,0.0138753859309114));
#5349=CARTESIAN_POINT('',(0.0934789918057824,-0.011925,0.0138753859309114));
#5350=CARTESIAN_POINT('',(0.0936526399834493,0.,0.0128905781778992));
#5351=CARTESIAN_POINT('',(0.0938262881611162,-0.00987449365790469,0.011905770424887));
#5352=CARTESIAN_POINT('',(0.0938262881611162,0.009927,0.011905770424887));
#5353=CARTESIAN_POINT('',(0.0938262881611162,-0.011925,0.011905770424887));
#5354=CARTESIAN_POINT('',(0.0938262881611162,-0.011925,0.011905770424887));
#5355=CARTESIAN_POINT('',(0.0945103745894312,-0.011925,0.00802612350093733));
#5356=CARTESIAN_POINT('',(0.0944086538420353,-0.0125107864376269,0.0086030105263217));
#5357=CARTESIAN_POINT('',(0.0957233945021275,-0.00493949673129916,0.00114674572322862));
#5358=CARTESIAN_POINT('',(0.0957233945021275,-0.00576792385604535,0.00114674572322862));
#5359=CARTESIAN_POINT('',(0.0957233945021275,0.00493949673129917,0.00114674572322863));
#5360=CARTESIAN_POINT('',(0.0958251152495234,0.00435371029367226,0.000569858697844237));
#5361=CARTESIAN_POINT('',(0.0945103745894312,0.011925,0.00802612350093733));
#5362=CARTESIAN_POINT('',(0.0946542294499732,0.011925,0.00721028204568167));
#5363=CARTESIAN_POINT('',(0.0927949053774675,0.011925,0.0177550328548611));
#5364=CARTESIAN_POINT('',(0.0928966261248634,0.0125107864376269,0.0171781458294767));
#5365=CARTESIAN_POINT('',(0.0915818854647712,0.00493949673129917,0.0246344106325698));
#5366=CARTESIAN_POINT('',(0.0915818854647712,0.00576792385604535,0.0246344106325698));
#5367=CARTESIAN_POINT('',(0.0915818854647712,-0.00493949673129917,0.0246344106325698));
#5368=CARTESIAN_POINT('',(0.0914801647173753,-0.00435371029367226,0.0252112976579542));
#5369=CARTESIAN_POINT('',(0.0927949053774675,-0.011925,0.0177550328548611));
#5370=CARTESIAN_POINT('',(0.0926510505169254,-0.011925,0.0185708743101167));
#5371=CARTESIAN_POINT('',(0.0641084073930831,0.,0.0076811328478913));
#5372=CARTESIAN_POINT('',(0.0810381346642439,-0.00793587512795275,0.0167697290714597));
#5373=CARTESIAN_POINT('',(0.082616250563334,-0.00839658136704256,0.0163115584766568));
#5374=CARTESIAN_POINT('',(0.0841599016178772,-0.00815565327244854,0.0169896054636087));
#5375=CARTESIAN_POINT('',(0.0847797951918764,-0.00724615219697046,0.0182863766843372));
#5376=CARTESIAN_POINT('',(0.0841477651999684,-0.00600921078947928,0.0192741285234897));
#5377=CARTESIAN_POINT('',(0.0826179804219468,-0.00528643544730698,0.0194702308050783));
#5378=CARTESIAN_POINT('',(0.0810477773706204,-0.00568320099433881,0.0189509393350902));
#5379=CARTESIAN_POINT('',(0.0803806379732044,-0.00685519314537627,0.0179077207706376));
#5380=CARTESIAN_POINT('',(0.0810381346642439,-0.00793587512795275,0.0167697290714597));
#5381=CARTESIAN_POINT('',(0.082616250563334,-0.00839658136704256,0.0163115584766568));
#5382=CARTESIAN_POINT('',(0.0841599016178772,-0.00815565327244854,0.0169896054636087));
#5383=CARTESIAN_POINT('',(0.0826105064225762,-0.00827964231142859,0.016500928073616));
#5384=CARTESIAN_POINT('',(0.0639347592154162,-0.00987449365790469,0.00866594060090351));
#5385=CARTESIAN_POINT('',(0.0716442549417573,-0.00987449365790469,0.010025332705114));
#5386=CARTESIAN_POINT('',(0.0716442549417573,-0.00987449365790469,0.010025332705114));
#5387=CARTESIAN_POINT('',(0.0712957098390717,-0.00980685190418997,0.0106421067346559));
#5388=CARTESIAN_POINT('',(0.0701813557709178,-0.009542287246874,0.0115927317356898));
#5389=CARTESIAN_POINT('',(0.067929514812061,-0.00938799187010345,0.0116150975417896));
#5390=CARTESIAN_POINT('',(0.0662210428952344,-0.0097515171822555,0.0101872600064174));
#5391=CARTESIAN_POINT('',(0.0658239614934463,-0.0100116065257635,0.00798632191991614));
#5392=CARTESIAN_POINT('',(0.0669491411788123,-0.00975205547336627,0.00605000254056024));
#5393=CARTESIAN_POINT('',(0.0690387838530947,-0.0093884628000921,0.00529197594613058));
#5394=CARTESIAN_POINT('',(0.0711500377010568,-0.0095413315218135,0.00607843488734222));
#5395=CARTESIAN_POINT('',(0.071874962715702,-0.00980684467306559,0.0073568550462001));
#5396=CARTESIAN_POINT('',(0.0719915512970911,-0.00987449365790469,0.00805571719908963));
#5397=CARTESIAN_POINT('',(0.0719915512970911,-0.00987449365790469,0.00805571719908963));
#5398=CARTESIAN_POINT('',(0.06428205557075,-0.00987449365790469,0.00669632509487909));
#5399=CARTESIAN_POINT('',(0.0641084073930831,0.,0.0076811328478913));
#5400=CARTESIAN_POINT('',(0.0623849492297388,0.,0.0174553497965375));
#5401=CARTESIAN_POINT('',(0.0641084073930831,0.,0.0076811328478913));
#5402=CARTESIAN_POINT('',(0.04,7.0111029251186E-19,-0.025002));
#5403=CARTESIAN_POINT('',(0.0330724935846498,0.00914203091149816,-0.0134311174274398));
#5404=CARTESIAN_POINT('',(0.0336271111704307,0.00950810887590472,-0.0150003669952063));
#5405=CARTESIAN_POINT('',(0.0330729203817959,0.00914223768519146,-0.0165674145917352));
#5406=CARTESIAN_POINT('',(0.0318741586276191,0.00812861390710271,-0.0172162282792659));
#5407=CARTESIAN_POINT('',(0.0308571144811954,0.00692644729963483,-0.0165676702862877));
#5408=CARTESIAN_POINT('',(0.0304924992865549,0.00637365931242874,-0.0150006187218495));
#5409=CARTESIAN_POINT('',(0.0308561848179364,0.00692505758349276,-0.0134345997562508));
#5410=CARTESIAN_POINT('',(0.0318716180112874,0.00812613319680843,-0.0127835716154688));
#5411=CARTESIAN_POINT('',(0.0330724935846498,0.00914203091149816,-0.0134311174274398));
#5412=CARTESIAN_POINT('',(0.0336271111704307,0.00950810887590472,-0.0150003669952063));
#5413=CARTESIAN_POINT('',(0.0330729203817959,0.00914223768519146,-0.0165674145917352));
#5414=CARTESIAN_POINT('',(0.0334423097746947,0.00938611735005142,-0.015));
#5415=CARTESIAN_POINT('',(0.0285937517123289,-0.001,-0.025002));
#5416=CARTESIAN_POINT('',(0.0285937517123289,-0.001,-0.00682842712474619));
#5417=CARTESIAN_POINT('',(0.0285937517123289,-0.001,-0.00682842712474619));
#5418=CARTESIAN_POINT('',(0.0286522775511937,-0.0016675602493363,-0.00659240893516805));
#5419=CARTESIAN_POINT('',(0.0288808446878978,-0.00279943083286126,-0.00565699105900117));
#5420=CARTESIAN_POINT('',(0.0290122605058954,-0.00321037228712036,-0.00344693664551894));
#5421=CARTESIAN_POINT('',(0.0287004226617057,-0.00210039243067594,-0.00151456607366982));
#5422=CARTESIAN_POINT('',(0.0284749002399055,-2.28866938041407E-6,-0.000743084776476098));
#5423=CARTESIAN_POINT('',(0.0286999772244321,0.00209876715364126,-0.00151309804840997));
#5424=CARTESIAN_POINT('',(0.0290118733984864,0.0032087991730157,-0.00344213363108636));
#5425=CARTESIAN_POINT('',(0.0288816993047696,0.00280308611921127,-0.00565290522031766));
#5426=CARTESIAN_POINT('',(0.028652278691194,0.00166757325246322,-0.00659240433786844));
#5427=CARTESIAN_POINT('',(0.0285937517123289,0.001,-0.00682842712474619));
#5428=CARTESIAN_POINT('',(0.0285937517123289,0.001,-0.00682842712474619));
#5429=CARTESIAN_POINT('',(0.0285937517123289,0.001,-0.025002));
#5430=CARTESIAN_POINT('',(0.0825616233737698,0.009927,0.0119503593180127));
#5431=CARTESIAN_POINT('',(0.0716442549417573,0.009927,0.010025332705114));
#5432=CARTESIAN_POINT('',(0.0987803170991875,-0.00654189321881346,0.0148101526136509));
#5433=CARTESIAN_POINT('',(0.0690324461581441,0.009927,0.00854937373622595));
#5434=CARTESIAN_POINT('',(0.0719915512970911,0.009927,0.00805571719908963));
#5435=CARTESIAN_POINT('',(0.0829089197291037,0.009927,0.00998074381198831));
#5436=CARTESIAN_POINT('',(0.0991276134545213,-0.00654189321881346,0.0128405371076265));
#5437=CARTESIAN_POINT('',(0.0700315715354515,-0.0113221669759322,0.0200974959672951));
#5438=CARTESIAN_POINT('',(0.0850234769833272,0.00701944901683885,0.00424128858757307));
#5439=CARTESIAN_POINT('',(0.0960726908574613,0.001,-0.0159142135623731));
#5440=CARTESIAN_POINT('',(0.0960726908574613,0.001,-0.00682842712474619));
#5441=CARTESIAN_POINT('',(0.0567684522099172,0.001,-0.0552184522099172));
#5442=CARTESIAN_POINT('',(0.0960726908574613,3.13810832479711E-19,-0.004));
#5443=CARTESIAN_POINT('',(0.0960726908574613,-0.001,-0.00682842712474619));
#5444=CARTESIAN_POINT('',(0.0960726908574613,-0.001,-0.0159142135623731));
#5445=CARTESIAN_POINT('',(0.02455,-0.001,-0.023));
#5446=CARTESIAN_POINT('',(0.0276609866682947,0.0123390133317053,0.));
#5447=CARTESIAN_POINT('',(0.0276609866682947,0.0123390133317052,-0.015));
#5448=CARTESIAN_POINT('',(0.0304894137930409,0.0151674404564514,-0.015));
#5449=CARTESIAN_POINT('',(0.0276609866682947,0.0123390133317053,-0.015));
#5450=CARTESIAN_POINT('',(0.0480977868581483,-0.00809778685814834,-0.015));
#5451=CARTESIAN_POINT('',(0.0290752002306679,0.0109247997693322,-0.015));
#5452=CARTESIAN_POINT('',(0.0304894137930409,0.0123390133317053,-0.015));
#5453=CARTESIAN_POINT('',(0.0276609866682947,-0.0123390133317053,-0.015));
#5454=CARTESIAN_POINT('',(0.0260144660940673,-0.00786406563273158,-0.020501255592144));
#5455=CARTESIAN_POINT('',(0.0257961673145841,-0.00764576685324844,-0.0202583457635963));
#5456=CARTESIAN_POINT('',(0.0254092495607696,-0.0071791031365833,-0.0197704075653443));
#5457=CARTESIAN_POINT('',(0.024965480686238,-0.00639096430879826,-0.0190409663541453));
#5458=CARTESIAN_POINT('',(0.0246487819087857,-0.0054892696180337,-0.0183395948672789));
#5459=CARTESIAN_POINT('',(0.02455,-0.00472197233016014,-0.0180777322261886));
#5460=CARTESIAN_POINT('',(0.02455,-0.00432853172679884,-0.0181310793636866));
#5461=CARTESIAN_POINT('',(0.0356714682732011,-0.01545,-0.0181310793636867));
#5462=CARTESIAN_POINT('',(0.0352771011664688,-0.01545,-0.0180776066003577));
#5463=CARTESIAN_POINT('',(0.034511363498541,-0.0153507872899453,-0.0183402688329609));
#5464=CARTESIAN_POINT('',(0.0336174685951175,-0.0150381520724283,-0.0190337660754701));
#5465=CARTESIAN_POINT('',(0.0328231744327806,-0.0145930295517611,-0.0197678184837159));
#5466=CARTESIAN_POINT('',(0.0323535486092858,-0.0142031481479501,-0.0202591074759561));
#5467=CARTESIAN_POINT('',(0.0321359343672684,-0.0139855339059327,-0.020501255592144));
#5468=CARTESIAN_POINT('',(0.0276609866682947,0.0123390133317052,-0.015));
#5469=CARTESIAN_POINT('',(0.0321359343672684,0.0139855339059327,-0.020501255592144));
#5470=CARTESIAN_POINT('',(0.0323542331467515,0.0142038326854159,-0.0202583457635963));
#5471=CARTESIAN_POINT('',(0.0328208968634167,0.0145907504392304,-0.0197704075653442));
#5472=CARTESIAN_POINT('',(0.0336090356912017,0.015034519313762,-0.0190409663541453));
#5473=CARTESIAN_POINT('',(0.0345107303819663,0.0153512180912143,-0.0183395948672788));
#5474=CARTESIAN_POINT('',(0.0352780276698399,0.01545,-0.0180777322261887));
#5475=CARTESIAN_POINT('',(0.0356714682732011,0.01545,-0.0181310793636867));
#5476=CARTESIAN_POINT('',(0.02455,0.00432853172679884,-0.0181310793636867));
#5477=CARTESIAN_POINT('',(0.02455,0.0047228988335312,-0.0180776066003577));
#5478=CARTESIAN_POINT('',(0.0246492127100547,0.00548863650145897,-0.0183402688329608));
#5479=CARTESIAN_POINT('',(0.0249618479275717,0.00638253140488246,-0.0190337660754701));
#5480=CARTESIAN_POINT('',(0.0254069704482389,0.0071768255672194,-0.0197678184837158));
#5481=CARTESIAN_POINT('',(0.0257968518520499,0.00764645139071421,-0.0202591074759561));
#5482=CARTESIAN_POINT('',(0.0260144660940673,0.00786406563273157,-0.020501255592144));
#5483=CARTESIAN_POINT('',(0.0290752002306679,-0.0109247997693322,-0.015));
#5484=CARTESIAN_POINT('',(0.0290752002306679,0.0109247997693322,-0.015));
#5485=CARTESIAN_POINT('',(0.0916830244774249,-0.013925,0.0125432818225653));
#5486=CARTESIAN_POINT('',(0.0936889597508606,-0.0128248056131871,0.00750282453549799));
#5487=CARTESIAN_POINT('',(0.0930320583285903,-0.0135443976625564,0.00708433217508748));
#5488=CARTESIAN_POINT('',(0.0972490155576547,-0.008925,0.0097708302168216));
#5489=CARTESIAN_POINT('',(0.0933928446476928,-0.00984646192802267,0.00284640977610907));
#5490=CARTESIAN_POINT('',(0.0949935085630413,-0.00531220841978072,0.000104360574173594));
#5491=CARTESIAN_POINT('',(0.0944098045818531,-0.00561027320600533,-0.000729255103087817));
#5492=CARTESIAN_POINT('',(0.0972490155576547,-0.008925,0.0097708302168216));
#5493=CARTESIAN_POINT('',(0.0981568732281633,-0.00369685604417988,0.00462211351526603));
#5494=CARTESIAN_POINT('',(0.0941010753514369,6.16297582203916E-36,-0.00117016613812966));
#5495=CARTESIAN_POINT('',(0.0981568732281633,0.00369685604417988,0.00462211351526603));
#5496=CARTESIAN_POINT('',(0.0944098045818531,0.00561027320600533,-0.000729255103087815));
#5497=CARTESIAN_POINT('',(0.0949935085630413,0.00531220841978071,0.000104360574173617));
#5498=CARTESIAN_POINT('',(0.0981568732281633,-0.00369685604417988,0.00462211351526603));
#5499=CARTESIAN_POINT('',(0.0933928446476928,0.00984646192802268,0.00284640977610907));
#5500=CARTESIAN_POINT('',(0.0972490155576548,0.008925,0.0097708302168216));
#5501=CARTESIAN_POINT('',(0.0930320583285903,0.0135443976625564,0.00708433217508749));
#5502=CARTESIAN_POINT('',(0.0936889597508606,0.0128248056131871,0.007502824535498));
#5503=CARTESIAN_POINT('',(0.0981568732281633,0.00369685604417988,0.00462211351526603));
#5504=CARTESIAN_POINT('',(0.0916830244774249,0.013925,0.0125432818225653));
#5505=CARTESIAN_POINT('',(0.0959651109273171,0.008925,0.0170522152049784));
#5506=CARTESIAN_POINT('',(0.0910836308917175,0.0135443976625564,0.0181344132746689));
#5507=CARTESIAN_POINT('',(0.0918440491278969,0.0128248056131871,0.0179658326103316));
#5508=CARTESIAN_POINT('',(0.0972490155576547,0.008925,0.0097708302168216));
#5509=CARTESIAN_POINT('',(0.089973204307157,0.00984646192802267,0.0222401538690216));
#5510=CARTESIAN_POINT('',(0.0905395003157161,0.00531220841978072,0.0253642965716559));
#5511=CARTESIAN_POINT('',(0.0897058846384548,0.00561027320600532,0.0259480005528442));
#5512=CARTESIAN_POINT('',(0.0959651109273171,0.008925,0.0170522152049784));
#5513=CARTESIAN_POINT('',(0.0950572532568086,0.00369685604417988,0.0222009319065339));
#5514=CARTESIAN_POINT('',(0.0892649736034129,1.7347234759768E-18,0.0262567297832603));
#5515=CARTESIAN_POINT('',(0.0950572532568086,-0.00369685604417989,0.0222009319065339));
#5516=CARTESIAN_POINT('',(0.0897058846384548,-0.00561027320600533,0.0259480005528442));
#5517=CARTESIAN_POINT('',(0.0905395003157162,-0.00531220841978072,0.0253642965716559));
#5518=CARTESIAN_POINT('',(0.0950572532568086,0.00369685604417988,0.0222009319065339));
#5519=CARTESIAN_POINT('',(0.089973204307157,-0.00984646192802268,0.0222401538690216));
#5520=CARTESIAN_POINT('',(0.0959651109273171,-0.008925,0.0170522152049784));
#5521=CARTESIAN_POINT('',(0.0910836308917175,-0.0135443976625564,0.0181344132746689));
#5522=CARTESIAN_POINT('',(0.0918440491278969,-0.0128248056131871,0.0179658326103316));
#5523=CARTESIAN_POINT('',(0.0950572532568086,-0.00369685604417989,0.0222009319065339));
#5524=CARTESIAN_POINT('',(0.0916830244774249,-0.013925,0.0125432818225653));
#5525=CARTESIAN_POINT('',(0.0959651109273171,-0.008925,0.0170522152049784));
#5526=CARTESIAN_POINT('',(0.02455,-8.67361737988404E-19,-0.023));
#5527=CARTESIAN_POINT('',(0.0257706824614908,0.00589397630776388,-0.0242206824614907));
#5528=CARTESIAN_POINT('',(0.0249306023374436,0.00624194888862429,-0.0233806023374436));
#5529=CARTESIAN_POINT('',(0.02955,0.00432853172679884,-0.028));
#5530=CARTESIAN_POINT('',(0.0290752002306679,0.0109247997693322,-0.023));
#5531=CARTESIAN_POINT('',(0.0356714682732011,0.01045,-0.028));
#5532=CARTESIAN_POINT('',(0.0337580511113757,0.0150693976625565,-0.0233806023374436));
#5533=CARTESIAN_POINT('',(0.0341060236922361,0.0142293175385092,-0.0242206824614907));
#5534=CARTESIAN_POINT('',(0.02955,0.00432853172679884,-0.028));
#5535=CARTESIAN_POINT('',(0.04,0.01545,-0.023));
#5536=CARTESIAN_POINT('',(0.0458939763077639,0.0142293175385092,-0.0242206824614907));
#5537=CARTESIAN_POINT('',(0.0462419488886243,0.0150693976625565,-0.0233806023374436));
#5538=CARTESIAN_POINT('',(0.0356714682732011,0.01045,-0.028));
#5539=CARTESIAN_POINT('',(0.0443285317267988,0.01045,-0.028));
#5540=CARTESIAN_POINT('',(0.0509247997693322,0.0109247997693322,-0.023));
#5541=CARTESIAN_POINT('',(0.05045,0.00432853172679885,-0.028));
#5542=CARTESIAN_POINT('',(0.0550693976625564,0.0062419488886243,-0.0233806023374436));
#5543=CARTESIAN_POINT('',(0.0542293175385093,0.00589397630776388,-0.0242206824614907));
#5544=CARTESIAN_POINT('',(0.0443285317267988,0.01045,-0.028));
#5545=CARTESIAN_POINT('',(0.05545,2.60208521396521E-18,-0.023));
#5546=CARTESIAN_POINT('',(0.05045,-0.00432853172679885,-0.028));
#5547=CARTESIAN_POINT('',(0.0550693976625564,-0.00624194888862429,-0.0233806023374436));
#5548=CARTESIAN_POINT('',(0.0542293175385093,-0.00589397630776388,-0.0242206824614907));
#5549=CARTESIAN_POINT('',(0.05045,0.00432853172679885,-0.028));
#5550=CARTESIAN_POINT('',(0.0509247997693322,-0.0109247997693322,-0.023));
#5551=CARTESIAN_POINT('',(0.0458939763077639,-0.0142293175385092,-0.0242206824614907));
#5552=CARTESIAN_POINT('',(0.0462419488886243,-0.0150693976625565,-0.0233806023374436));
#5553=CARTESIAN_POINT('',(0.05045,-0.00432853172679885,-0.028));
#5554=CARTESIAN_POINT('',(0.0443285317267988,-0.01045,-0.028));
#5555=CARTESIAN_POINT('',(0.04,-0.01545,-0.023));
#5556=CARTESIAN_POINT('',(0.0356714682732011,-0.01045,-0.028));
#5557=CARTESIAN_POINT('',(0.0337580511113757,-0.0150693976625565,-0.0233806023374436));
#5558=CARTESIAN_POINT('',(0.0341060236922361,-0.0142293175385092,-0.0242206824614907));
#5559=CARTESIAN_POINT('',(0.0443285317267988,-0.01045,-0.028));
#5560=CARTESIAN_POINT('',(0.02455,-8.67361737988404E-19,-0.023));
#5561=CARTESIAN_POINT('',(0.0257706824614908,-0.00589397630776387,-0.0242206824614907));
#5562=CARTESIAN_POINT('',(0.0249306023374436,-0.00624194888862429,-0.0233806023374436));
#5563=CARTESIAN_POINT('',(0.02955,-0.00432853172679884,-0.028));
#5564=CARTESIAN_POINT('',(0.0290752002306679,-0.0109247997693322,-0.023));
#5565=CARTESIAN_POINT('',(0.0356714682732011,-0.01045,-0.028));
#5566=CARTESIAN_POINT('',(0.02955,-0.00432853172679884,-0.028));
#5567=CARTESIAN_POINT('',(0.04,-0.01345,0.025));
#5568=CARTESIAN_POINT('',(0.0451310020284417,-0.0123873346856278,0.0260626653143722));
#5569=CARTESIAN_POINT('',(0.0462419488886243,-0.0150693976625565,0.0233806023374436));
#5570=CARTESIAN_POINT('',(0.0348689979715583,-0.0123873346856278,0.0260626653143722));
#5571=CARTESIAN_POINT('',(0.0337580511113757,-0.0150693976625565,0.0233806023374436));
#5572=CARTESIAN_POINT('',(0.0356714682732011,-0.01045,0.028));
#5573=CARTESIAN_POINT('',(0.0443285317267988,-0.01045,0.028));
#5574=CARTESIAN_POINT('',(0.0304894137930409,-0.00951058620695906,0.025));
#5575=CARTESIAN_POINT('',(0.0276126653143722,-0.00513100202844169,0.0260626653143722));
#5576=CARTESIAN_POINT('',(0.0249306023374436,-0.00624194888862429,0.0233806023374436));
#5577=CARTESIAN_POINT('',(0.02955,-0.00432853172679884,0.028));
#5578=CARTESIAN_POINT('',(0.0356714682732011,-0.01045,0.028));
#5579=CARTESIAN_POINT('',(0.0495105862069591,-0.00951058620695907,0.025));
#5580=CARTESIAN_POINT('',(0.0540631216242245,-0.0148575457263053,0.018));
#5581=CARTESIAN_POINT('',(0.0523873346856278,-0.00513100202844169,0.0260626653143722));
#5582=CARTESIAN_POINT('',(0.0443285317267988,-0.01045,0.028));
#5583=CARTESIAN_POINT('',(0.02655,3.46944695195361E-18,0.025));
#5584=CARTESIAN_POINT('',(0.0276126653143722,0.00513100202844169,0.0260626653143722));
#5585=CARTESIAN_POINT('',(0.0249306023374436,0.00624194888862429,0.0233806023374436));
#5586=CARTESIAN_POINT('',(0.02955,0.00432853172679884,0.028));
#5587=CARTESIAN_POINT('',(0.02955,-0.00432853172679884,0.028));
#5588=CARTESIAN_POINT('',(0.05345,5.29237591890877E-18,0.025));
#5589=CARTESIAN_POINT('',(0.052666672176306,0.00378224131149261,0.025783327823694));
#5590=CARTESIAN_POINT('',(0.0304894137930409,0.00951058620695906,0.025));
#5591=CARTESIAN_POINT('',(0.0348689979715583,0.0123873346856278,0.0260626653143722));
#5592=CARTESIAN_POINT('',(0.0337580511113757,0.0150693976625565,0.0233806023374436));
#5593=CARTESIAN_POINT('',(0.0356714682732011,0.01045,0.028));
#5594=CARTESIAN_POINT('',(0.02955,0.00432853172679884,0.028));
#5595=CARTESIAN_POINT('',(0.0495105862069591,0.00951058620695907,0.025));
#5596=CARTESIAN_POINT('',(0.0443285317267988,0.01045,0.028));
#5597=CARTESIAN_POINT('',(0.0462419488886243,0.0150693976625565,0.0233806023374436));
#5598=CARTESIAN_POINT('',(0.0451310020284417,0.0123873346856278,0.0260626653143722));
#5599=CARTESIAN_POINT('',(0.0516311382703732,0.00628224131149261,0.025783327823694));
#5600=CARTESIAN_POINT('',(0.04,0.01345,0.025));
#5601=CARTESIAN_POINT('',(0.0356714682732011,0.01045,0.028));
#5602=CARTESIAN_POINT('',(0.0443285317267988,0.01045,0.028));
#5603=CARTESIAN_POINT('',(0.0688699667432942,-0.0025,-0.0119879761763437));
#5604=CARTESIAN_POINT('',(0.0545538802399076,-0.0025,-0.0207824931546323));
#5605=CARTESIAN_POINT('',(0.0599337644947604,-0.0025,-0.0167746629283171));
#5606=CARTESIAN_POINT('',(0.0599337644947604,-0.0025,-0.0119879761763437));
#5607=CARTESIAN_POINT('',(0.0688699667432942,0.0025,-0.0119879761763437));
#5608=CARTESIAN_POINT('',(0.0679738469832018,0.0025,-0.0107850757749921));
#5609=CARTESIAN_POINT('',(0.0599337644947604,0.0025,-0.0167746629283171));
#5610=CARTESIAN_POINT('',(0.0599337644947604,0.0025,-0.0201149145059547));
#5611=CARTESIAN_POINT('',(0.0688699667432942,0.,-0.0119879761763437));
#5612=CARTESIAN_POINT('',(0.05045,0.00432853172679885,-0.0257102229728063));
#5613=CARTESIAN_POINT('',(0.0554005988774131,0.00502965279691146,-0.022022195706911));
#5614=CARTESIAN_POINT('',(0.0568927207978281,0.001,-0.0209106157823815));
#5615=CARTESIAN_POINT('',(0.0565987930931499,0.00164354644358876,-0.0211295818945424));
#5616=CARTESIAN_POINT('',(0.0559247432899314,0.00287455635353434,-0.0216317260016288));
#5617=CARTESIAN_POINT('',(0.055505233335278,0.00429083142678546,-0.0219442466055773));
#5618=CARTESIAN_POINT('',(0.0554005988774131,0.00502965279691146,-0.022022195706911));
#5619=CARTESIAN_POINT('',(0.0568927207978281,0.001,-0.0209106157823815));
#5620=CARTESIAN_POINT('',(0.0688699667432942,0.001,-0.0119879761763437));
#5621=CARTESIAN_POINT('',(0.0791192129006859,0.001,-0.00435263745888242));
#5622=CARTESIAN_POINT('',(0.0791192129006859,0.0025,-0.00435263745888242));
#5623=CARTESIAN_POINT('',(0.0791192129006859,-0.001,-0.00435263745888242));
#5624=CARTESIAN_POINT('',(0.0791192129006859,-0.001,-0.00435263745888242));
#5625=CARTESIAN_POINT('',(0.0568927207978281,-0.001,-0.0209106157823815));
#5626=CARTESIAN_POINT('',(0.0554005988774131,-0.00502965279691146,-0.022022195706911));
#5627=CARTESIAN_POINT('',(0.0555036759554325,-0.00430182804811667,-0.0219454068004297));
#5628=CARTESIAN_POINT('',(0.0559183249096844,-0.00288659184723597,-0.0216365074759392));
#5629=CARTESIAN_POINT('',(0.0565977204885951,-0.0016458947713788,-0.0211303809483421));
#5630=CARTESIAN_POINT('',(0.0568927207978281,-0.001,-0.0209106157823815));
#5631=CARTESIAN_POINT('',(0.0554005988774131,-0.00502965279691146,-0.022022195706911));
#5632=CARTESIAN_POINT('',(0.05045,-0.00432853172679885,-0.0257102229728063));
#5633=CARTESIAN_POINT('',(0.0821062787676606,5.29234404690579E-18,-0.00836230546338787));
#5634=CARTESIAN_POINT('',(0.0821062787676606,0.001,-0.00836230546338787));
#5635=CARTESIAN_POINT('',(0.0821062787676606,-0.001,-0.00836230546338787));
#5636=CARTESIAN_POINT('',(0.0952024499691267,0.00369685604417988,0.00410116898226525));
#5637=CARTESIAN_POINT('',(0.0574868275434348,0.00723238995011262,-0.00613918806090591));
#5638=CARTESIAN_POINT('',(0.0580642840208617,0.00684988848523344,-0.00642576907027429));
#5639=CARTESIAN_POINT('',(0.0588732874457054,0.00615569134443755,-0.00681397219321088));
#5640=CARTESIAN_POINT('',(0.0595428690175787,0.00483522905543276,-0.00717362465884612));
#5641=CARTESIAN_POINT('',(0.0596092340520615,0.00407165944025716,-0.00725200837352405));
#5642=CARTESIAN_POINT('',(0.0595617884619222,0.00369685604417988,-0.00726037431118124));
#5643=CARTESIAN_POINT('',(0.05045,0.00432853172679885,0.025));
#5644=CARTESIAN_POINT('',(0.05045,0.00432853172679885,-0.0175087759631189));
#5645=CARTESIAN_POINT('',(0.0542753832816398,0.0075482277914221,-0.00962100926250601));
#5646=CARTESIAN_POINT('',(0.0551918822473797,0.00591426586340092,-0.0115088986311489));
#5647=CARTESIAN_POINT('',(0.0549568228651994,0.00661717304419057,-0.0110047845116053));
#5648=CARTESIAN_POINT('',(0.0546227572745703,0.00713550601944075,-0.0103366837889549));
#5649=CARTESIAN_POINT('',(0.0542753832816398,0.0075482277914221,-0.00962100926250601));
#5650=CARTESIAN_POINT('',(0.0551918822473797,0.00591426586340092,-0.0115088986311489));
#5651=CARTESIAN_POINT('',(0.0551918822473802,0.00591426586339942,0.025));
#5652=CARTESIAN_POINT('',(0.0551918822473802,0.00591426586339942,-0.0167746629283171));
#5653=CARTESIAN_POINT('',(0.0554005988774131,0.00502965279691146,-0.022022195706911));
#5654=CARTESIAN_POINT('',(0.055352574494554,0.00536875179993085,-0.0211962088428283));
#5655=CARTESIAN_POINT('',(0.0552325794909779,0.00579901756135165,-0.0194525879303132));
#5656=CARTESIAN_POINT('',(0.0551918822473802,0.00591426586339942,-0.0176705574759102));
#5657=CARTESIAN_POINT('',(0.0551918822473802,0.00591426586339942,-0.0167746629283171));
#5658=CARTESIAN_POINT('',(0.0952024499691267,-0.00369685604417988,0.00410116898226524));
#5659=CARTESIAN_POINT('',(0.0595617884619222,-0.00369685604417988,-0.00726037431118125));
#5660=CARTESIAN_POINT('',(0.0596568159540861,-0.00444753965205957,-0.0072436184004037));
#5661=CARTESIAN_POINT('',(0.0591551783731567,-0.00593257202729951,-0.00694805870762489));
#5662=CARTESIAN_POINT('',(0.0580650778828455,-0.00684936263889937,-0.00642616304934895));
#5663=CARTESIAN_POINT('',(0.0574868275434348,-0.00723238995011261,-0.00613918806090592));
#5664=CARTESIAN_POINT('',(0.05045,-0.00432853172679885,0.025));
#5665=CARTESIAN_POINT('',(0.0551918822473802,-0.00591426586339942,-0.0167746629283171));
#5666=CARTESIAN_POINT('',(0.0551918822473802,-0.00591426586339942,-0.0176705574759102));
#5667=CARTESIAN_POINT('',(0.0552325794909779,-0.00579901756135165,-0.0194525879303131));
#5668=CARTESIAN_POINT('',(0.055352574494554,-0.00536875179993085,-0.0211962088428283));
#5669=CARTESIAN_POINT('',(0.0554005988774131,-0.00502965279691146,-0.022022195706911));
#5670=CARTESIAN_POINT('',(0.0551918822473802,-0.00591426586339942,-0.0167746629283171));
#5671=CARTESIAN_POINT('',(0.0551918822473802,-0.00591426586339942,0.025));
#5672=CARTESIAN_POINT('',(0.0551918822473802,-0.00591426586339942,-0.01150889863115));
#5673=CARTESIAN_POINT('',(0.0542753832816398,-0.0075482277914221,-0.00962100926250602));
#5674=CARTESIAN_POINT('',(0.0546231875305377,-0.00713499482398886,-0.010337570220415));
#5675=CARTESIAN_POINT('',(0.0549574157975875,-0.00661539997549172,-0.0110060561289552));
#5676=CARTESIAN_POINT('',(0.0551918822473805,-0.00591426586339959,-0.01150889863115));
#5677=CARTESIAN_POINT('',(0.0542753832816398,-0.0075482277914221,-0.00962100926250602));
#5678=CARTESIAN_POINT('',(0.05045,-0.00432853172679885,-0.0175087759631189));
#5679=CARTESIAN_POINT('',(0.02955,-0.00432853172679884,0.025));
#5680=CARTESIAN_POINT('',(0.0356714682732011,-0.01045,0.025));
#5681=CARTESIAN_POINT('',(0.0356714682732011,-0.01045,0.025));
#5682=CARTESIAN_POINT('',(0.02955,-0.00432853172679884,0.025));
#5683=CARTESIAN_POINT('',(0.02955,0.00432853172679884,0.025));
#5684=CARTESIAN_POINT('',(0.02955,0.00432853172679884,0.025));
#5685=CARTESIAN_POINT('',(0.0356714682732011,0.01045,0.025));
#5686=CARTESIAN_POINT('',(0.0356714682732011,0.01045,0.025));
#5687=CARTESIAN_POINT('',(0.092102829997772,-0.00369685604417989,0.0216799873735331));
#5688=CARTESIAN_POINT('',(0.0952024499691267,-0.00369685604417988,0.00410116898226524));
#5689=CARTESIAN_POINT('',(0.0942945922986181,0.008925,0.00924988568382081));
#5690=CARTESIAN_POINT('',(0.0599956673505298,0.008925,0.00320205980617817));
#5691=CARTESIAN_POINT('',(0.0509559665217482,0.0132230339059327,-0.000986075681302566));
#5692=CARTESIAN_POINT('',(0.0496364856640519,0.013925,0.0013754565767911));
#5693=CARTESIAN_POINT('',(0.0495959553547926,0.013925,0.0011313045966275));
#5694=CARTESIAN_POINT('',(0.0496241105780569,0.0138900698823036,0.000631138793635185));
#5695=CARTESIAN_POINT('',(0.0500878474008231,0.0136797890912806,-0.000229804679194516));
#5696=CARTESIAN_POINT('',(0.050609611913739,0.0134258338907567,-0.00070070364549023));
#5697=CARTESIAN_POINT('',(0.0509559665217482,0.0132230339059327,-0.000986075681302559));
#5698=CARTESIAN_POINT('',(0.0930106876682805,0.008925,0.0165312706719776));
#5699=CARTESIAN_POINT('',(0.0599956673505298,0.008925,0.01070983182132));
#5700=CARTESIAN_POINT('',(0.0567344550427629,0.0121862123077669,0.0211835711985601));
#5701=CARTESIAN_POINT('',(0.0529245995386643,0.0159960678118654,0.0166431622142858));
#5702=CARTESIAN_POINT('',(0.05545,0.00650160133517763,0.0226989233198189));
#5703=CARTESIAN_POINT('',(0.0551933521123788,0.00668230195927474,0.0228472934635695));
#5704=CARTESIAN_POINT('',(0.0549491265420207,0.00690047299664364,0.0229425792885443));
#5705=CARTESIAN_POINT('',(0.0547050057295114,0.00714459380915293,0.0229784529226388));
#5706=CARTESIAN_POINT('',(0.0499956673505298,0.013925,0.00894656201423535));
#5707=CARTESIAN_POINT('',(0.0479245995386643,0.013925,0.00894656201423535));
#5708=CARTESIAN_POINT('',(0.0464601334445971,0.0153894660940673,0.00894656201423534));
#5709=CARTESIAN_POINT('',(0.050109319817401,0.013925,0.00963119717608828));
#5710=CARTESIAN_POINT('',(0.047971898599158,0.0138777009394968,0.00990268173919719));
#5711=CARTESIAN_POINT('',(0.0464601334445948,0.0153894660940696,0.0102757523452632));
#5712=CARTESIAN_POINT('',(0.0508573201913442,0.0136646282186671,0.0110919987530114));
#5713=CARTESIAN_POINT('',(0.0485684370402927,0.0132811624983948,0.0119169304883944));
#5714=CARTESIAN_POINT('',(0.046980877007268,0.0148687225313963,0.0130253913442398));
#5715=CARTESIAN_POINT('',(0.0525325735146487,0.0129233342128916,0.0125140224861287));
#5716=CARTESIAN_POINT('',(0.0500101324714761,0.0118394670671501,0.0135497958099585));
#5717=CARTESIAN_POINT('',(0.048463465018806,0.0133861345198583,0.0155400743573463));
#5718=CARTESIAN_POINT('',(0.0535385385585092,0.0124605339059327,0.0131613410126858));
#5719=CARTESIAN_POINT('',(0.0508572030715988,0.0109923964670656,0.0141793350473439));
#5720=CARTESIAN_POINT('',(0.0493890656327316,0.0124605339059327,0.0166431622142858));
#5721=CARTESIAN_POINT('',(0.0478640656327316,0.0139855339059327,0.0143824978057563));
#5722=CARTESIAN_POINT('',(0.0476793778563323,0.0141702216823321,0.0134903680542327));
#5723=CARTESIAN_POINT('',(0.0474363219965398,0.0145098265610218,0.0116938406985302));
#5724=CARTESIAN_POINT('',(0.0473416903819033,0.0146875,0.00987045963107439));
#5725=CARTESIAN_POINT('',(0.0473416903819033,0.0146875,0.00894656201423534));
#5726=CARTESIAN_POINT('',(0.0473416903819033,0.0146875,0.00894656201423534));
#5727=CARTESIAN_POINT('',(0.0499956673505298,0.018925,0.00894656201423534));
#5728=CARTESIAN_POINT('',(0.0930106876682805,-0.008925,0.0165312706719776));
#5729=CARTESIAN_POINT('',(0.0599956673505298,-0.008925,0.01070983182132));
#5730=CARTESIAN_POINT('',(0.0535385385585092,-0.0124605339059327,0.0131613410126858));
#5731=CARTESIAN_POINT('',(0.0508572030715988,-0.0109923964670656,0.0141793350473439));
#5732=CARTESIAN_POINT('',(0.0493890656327316,-0.0124605339059327,0.0166431622142859));
#5733=CARTESIAN_POINT('',(0.052532573514652,-0.0129233342128947,0.0125140224861261));
#5734=CARTESIAN_POINT('',(0.0500101324714865,-0.011839467067143,0.0135497958099406));
#5735=CARTESIAN_POINT('',(0.0484634650188153,-0.0133861345198491,0.0155400743573363));
#5736=CARTESIAN_POINT('',(0.0508573201913332,-0.0136646282186655,0.0110919987530126));
#5737=CARTESIAN_POINT('',(0.0485684370402852,-0.0132811624984001,0.0119169304884025));
#5738=CARTESIAN_POINT('',(0.0469808770072571,-0.0148687225314073,0.013025391344244));
#5739=CARTESIAN_POINT('',(0.0501093198174199,-0.013925,0.00963119717608867));
#5740=CARTESIAN_POINT('',(0.0479718985991632,-0.0138777009394928,0.00990268173919847));
#5741=CARTESIAN_POINT('',(0.0464601334446074,-0.0153894660940569,0.010275752345265));
#5742=CARTESIAN_POINT('',(0.0499956673505298,-0.013925,0.00894656201423534));
#5743=CARTESIAN_POINT('',(0.0479245995386643,-0.013925,0.00894656201423533));
#5744=CARTESIAN_POINT('',(0.0464601334445971,-0.0153894660940673,0.00894656201423532));
#5745=CARTESIAN_POINT('',(0.0529245995386643,-0.0159960678118654,0.0166431622142858));
#5746=CARTESIAN_POINT('',(0.0473416903819033,-0.0146875,0.00894656201423718));
#5747=CARTESIAN_POINT('',(0.0473416903819034,-0.0146874999999999,0.00987533686290071));
#5748=CARTESIAN_POINT('',(0.0474371828495806,-0.0145082538215888,0.0117032742596296));
#5749=CARTESIAN_POINT('',(0.0476802430070597,-0.0141693565316047,0.0134945471434965));
#5750=CARTESIAN_POINT('',(0.0478640656327316,-0.0139855339059327,0.0143824978057563));
#5751=CARTESIAN_POINT('',(0.0473416903819031,-0.0146875,0.00894656201423716));
#5752=CARTESIAN_POINT('',(0.0499956673505298,-0.018925,0.00894656201423535));
#5753=CARTESIAN_POINT('',(0.0567344550427629,-0.0121862123077669,0.0211835711985601));
#5754=CARTESIAN_POINT('',(0.0930106876682805,-0.008925,0.0165312706719776));
#5755=CARTESIAN_POINT('',(0.0942945922986181,-0.008925,0.00924988568382081));
#5756=CARTESIAN_POINT('',(0.0942945922986181,-0.008925,0.00924988568382081));
#5757=CARTESIAN_POINT('',(0.0509559665217482,-0.0132230339059327,-0.000986075681302563));
#5758=CARTESIAN_POINT('',(0.0506101095621859,-0.0134255425041398,-0.000701113673095266));
#5759=CARTESIAN_POINT('',(0.0500933136665374,-0.0136772985243533,-0.000235939783929008));
#5760=CARTESIAN_POINT('',(0.0496244604944618,-0.0138898217411184,0.000627711947498894));
#5761=CARTESIAN_POINT('',(0.0495958404829691,-0.013925,0.00113061261613985));
#5762=CARTESIAN_POINT('',(0.0496364856640519,-0.013925,0.00137545657679109));
#5763=CARTESIAN_POINT('',(0.0509559665217482,-0.0132230339059327,-0.000986075681302563));
#5764=CARTESIAN_POINT('',(0.0599956673505298,-0.008925,0.00320205980617817));
#5765=CARTESIAN_POINT('',(0.0491311382703732,0.00378224131149261,0.0222477939177613));
#5766=CARTESIAN_POINT('',(0.0443285317267988,-0.01045,0.025));
#5767=CARTESIAN_POINT('',(0.0443285317267988,-0.01045,0.0040057284704208));
#5768=CARTESIAN_POINT('',(0.0469825086954254,-0.0146875,0.0040057284704208));
#5769=CARTESIAN_POINT('',(0.0469825086954254,-0.0146875,0.00137545657679109));
#5770=CARTESIAN_POINT('',(0.0469825086954254,-0.0146875,-0.000310806444342796));
#5771=CARTESIAN_POINT('',(0.0473645906504259,-0.0144850088882384,-0.00197167676712242));
#5772=CARTESIAN_POINT('',(0.0478640656327316,-0.0139855339059327,-0.00350204354472103));
#5773=CARTESIAN_POINT('',(0.0469825086954254,-0.0146875,0.00137545657679109));
#5774=CARTESIAN_POINT('',(0.0469825086954254,-0.0146875,0.025));
#5775=CARTESIAN_POINT('',(0.0443285317267988,-0.01545,0.0143824978057563));
#5776=CARTESIAN_POINT('',(0.0463995995386643,-0.01545,0.0143824978057563));
#5777=CARTESIAN_POINT('',(0.0478640656327316,-0.0139855339059327,0.0143824978057563));
#5778=CARTESIAN_POINT('',(0.0443285317277316,-0.01545,0.0135124694444315));
#5779=CARTESIAN_POINT('',(0.0462783145495685,-0.0154499999999975,0.0136109423969631));
#5780=CARTESIAN_POINT('',(0.0477163952577033,-0.0141332042809611,0.0136691797027108));
#5781=CARTESIAN_POINT('',(0.0444214632593354,-0.01545,0.0122135340423581));
#5782=CARTESIAN_POINT('',(0.0461720088235192,-0.0154500000000006,0.0124099812155022));
#5783=CARTESIAN_POINT('',(0.0475434967834642,-0.0143525685215728,0.0125432915045763));
#5784=CARTESIAN_POINT('',(0.0446124171137181,-0.01545,0.0104873531437572));
#5785=CARTESIAN_POINT('',(0.0461310071684547,-0.0154499999999999,0.0106504456455511));
#5786=CARTESIAN_POINT('',(0.0473925902079919,-0.0145989520241132,0.0107791479789286));
#5787=CARTESIAN_POINT('',(0.0447098319207801,-0.01545,0.00918675852799507));
#5788=CARTESIAN_POINT('',(0.0461224607635909,-0.01545,0.00922502834767899));
#5789=CARTESIAN_POINT('',(0.0473268590295078,-0.0147133906061491,0.00925620344402196));
#5790=CARTESIAN_POINT('',(0.0446602404506715,-0.01545,0.00788674046234786));
#5791=CARTESIAN_POINT('',(0.0461261857500065,-0.01545,0.00774475878142912));
#5792=CARTESIAN_POINT('',(0.0473601776218013,-0.0146552762788107,0.00763099813715032));
#5793=CARTESIAN_POINT('',(0.0445037998145412,-0.01545,0.0065966214136932));
#5794=CARTESIAN_POINT('',(0.0461584955825498,-0.0154500000000001,0.00638076444467508));
#5795=CARTESIAN_POINT('',(0.0474857134644346,-0.0144515201180536,0.00621793190777226));
#5796=CARTESIAN_POINT('',(0.0443657083805082,-0.01545,0.00530455337957445));
#5797=CARTESIAN_POINT('',(0.0462380131715104,-0.0154499999999997,0.00514490433109438));
#5798=CARTESIAN_POINT('',(0.0476511145647239,-0.0142170733009724,0.00503559387140547));
#5799=CARTESIAN_POINT('',(0.0443285317275634,-0.01545,0.00443953287390447));
#5800=CARTESIAN_POINT('',(0.0463365553317748,-0.0154500000000006,0.00437940097220957));
#5801=CARTESIAN_POINT('',(0.0477876237730915,-0.0140619757655729,0.00433973771863013));
#5802=CARTESIAN_POINT('',(0.0443285317267988,-0.01545,0.0040057284704208));
#5803=CARTESIAN_POINT('',(0.0463995995386643,-0.01545,0.0040057284704208));
#5804=CARTESIAN_POINT('',(0.0478640656327316,-0.0139855339059327,0.0040057284704208));
#5805=CARTESIAN_POINT('',(0.0443285317267988,-0.01045,0.0143824978057563));
#5806=CARTESIAN_POINT('',(0.0473416903819033,-0.0146875,0.00894656201423535));
#5807=CARTESIAN_POINT('',(0.0473416903819033,-0.0146875,0.0072909137399141));
#5808=CARTESIAN_POINT('',(0.0469825086954254,-0.0146875,0.00566137674474205));
#5809=CARTESIAN_POINT('',(0.0469825086954254,-0.0146875,0.0040057284704208));
#5810=CARTESIAN_POINT('',(0.0443285317267988,-0.01045,0.025));
#5811=CARTESIAN_POINT('',(0.0443285317267988,0.01045,0.025));
#5812=CARTESIAN_POINT('',(0.0478640656327316,0.0139855339059327,-0.00350204354472103));
#5813=CARTESIAN_POINT('',(0.0473644856860017,0.0144851138526627,-0.00197135516128956));
#5814=CARTESIAN_POINT('',(0.0469825086954259,0.0146875000000003,-0.000311244124122226));
#5815=CARTESIAN_POINT('',(0.0469825086954259,0.0146875000000003,0.00137545657679115));
#5816=CARTESIAN_POINT('',(0.0469825086954254,0.0146875,0.0013754565767911));
#5817=CARTESIAN_POINT('',(0.0443285317267988,0.01045,0.00400572847042078));
#5818=CARTESIAN_POINT('',(0.0469825086954254,0.0146875,0.00400572847042078));
#5819=CARTESIAN_POINT('',(0.0469825086954254,0.0146875,0.025));
#5820=CARTESIAN_POINT('',(0.0478640656327316,0.0139855339059327,0.0143824978057563));
#5821=CARTESIAN_POINT('',(0.0463995995386643,0.01545,0.0143824978057563));
#5822=CARTESIAN_POINT('',(0.0443285317267988,0.01545,0.0143824978057563));
#5823=CARTESIAN_POINT('',(0.0477163952577059,0.0141332042809584,0.0136691797027372));
#5824=CARTESIAN_POINT('',(0.0462783145495594,0.0154499999999998,0.013610942396994));
#5825=CARTESIAN_POINT('',(0.0443285317277286,0.01545,0.01351246944447));
#5826=CARTESIAN_POINT('',(0.0475434967834636,0.0143525685215734,0.0125432915045704));
#5827=CARTESIAN_POINT('',(0.0461720088235213,0.01545,0.0124099812154955));
#5828=CARTESIAN_POINT('',(0.044421463259336,0.01545,0.0122135340423495));
#5829=CARTESIAN_POINT('',(0.0473925902079921,0.014598952024113,0.0107791479789297));
#5830=CARTESIAN_POINT('',(0.0461310071684543,0.01545,0.0106504456455523));
#5831=CARTESIAN_POINT('',(0.044612417113718,0.01545,0.0104873531437588));
#5832=CARTESIAN_POINT('',(0.0473268590295077,0.0147133906061491,0.00925620344402179));
#5833=CARTESIAN_POINT('',(0.0461224607635909,0.01545,0.00922502834767879));
#5834=CARTESIAN_POINT('',(0.0447098319207801,0.01545,0.00918675852799477));
#5835=CARTESIAN_POINT('',(0.0473601776218016,0.0146552762788105,0.00763099813715001));
#5836=CARTESIAN_POINT('',(0.0461261857500067,0.0154499999999999,0.00774475878142883));
#5837=CARTESIAN_POINT('',(0.0446602404506716,0.01545,0.0078867404623475));
#5838=CARTESIAN_POINT('',(0.0474857134644338,0.0144515201180542,0.0062179319077738));
#5839=CARTESIAN_POINT('',(0.0461584955825489,0.0154500000000003,0.0063807644446766));
#5840=CARTESIAN_POINT('',(0.0445037998145408,0.01545,0.00659662141369502));
#5841=CARTESIAN_POINT('',(0.0476511145647264,0.01421707330097,0.00503559387139986));
#5842=CARTESIAN_POINT('',(0.0462380131715131,0.0154499999999989,0.00514490433108855));
#5843=CARTESIAN_POINT('',(0.0443657083805089,0.01545,0.00530455337956764));
#5844=CARTESIAN_POINT('',(0.0477876237730862,0.0140619757655781,0.00433973771864216));
#5845=CARTESIAN_POINT('',(0.0463365553317689,0.0154500000000023,0.00437940097222246));
#5846=CARTESIAN_POINT('',(0.0443285317275619,0.01545,0.00443953287391913));
#5847=CARTESIAN_POINT('',(0.0478640656327316,0.0139855339059327,0.00400572847042078));
#5848=CARTESIAN_POINT('',(0.0463995995386643,0.01545,0.00400572847042078));
#5849=CARTESIAN_POINT('',(0.0443285317267988,0.01545,0.00400572847042078));
#5850=CARTESIAN_POINT('',(0.0443285317267988,0.01045,0.0143824978057563));
#5851=CARTESIAN_POINT('',(0.0469825086954254,0.0146875,0.00400572847042078));
#5852=CARTESIAN_POINT('',(0.0469825086954254,0.0146875,0.00566137674474263));
#5853=CARTESIAN_POINT('',(0.0473416903819033,0.0146875,0.00729091373991349));
#5854=CARTESIAN_POINT('',(0.0473416903819033,0.0146875,0.00894656201423534));
#5855=CARTESIAN_POINT('',(0.0443285317267988,0.01045,0.025));
#5856=CARTESIAN_POINT('',(0.092102829997772,-0.00369685604417989,0.0216799873735331));
#5857=CARTESIAN_POINT('',(0.092102829997772,0.00369685604417988,0.0216799873735331));
#5858=CARTESIAN_POINT('',(0.0679738469832018,-0.001,-0.0107850757749921));
#5859=CARTESIAN_POINT('',(0.0782230931405935,-0.001,-0.00314973705753078));
#5860=CARTESIAN_POINT('',(0.0568927207978281,-0.001,-0.0209106157823815));
#5861=CARTESIAN_POINT('',(0.0572173398562586,-0.00121222721882607,-0.0206687856587609));
#5862=CARTESIAN_POINT('',(0.0577868105497258,-0.00168259942375754,-0.0201238636458704));
#5863=CARTESIAN_POINT('',(0.0584410930349717,-0.0022365343890848,-0.0190445411041877));
#5864=CARTESIAN_POINT('',(0.0591450196473288,-0.00246520843517773,-0.0178874419898858));
#5865=CARTESIAN_POINT('',(0.059665159859253,-0.0025,-0.0171429624986824));
#5866=CARTESIAN_POINT('',(0.0599337644947604,-0.0025,-0.0167746629283171));
#5867=CARTESIAN_POINT('',(0.0821062787676606,-0.001,-0.00836230546338787));
#5868=CARTESIAN_POINT('',(0.0679738469832018,0.001,-0.0107850757749921));
#5869=CARTESIAN_POINT('',(0.0782230931405935,0.001,-0.00314973705753078));
#5870=CARTESIAN_POINT('',(0.0599337644947604,0.0025,-0.0167746629283171));
#5871=CARTESIAN_POINT('',(0.0596651467145795,0.0025,-0.0171429805221151));
#5872=CARTESIAN_POINT('',(0.0591449753926309,0.00246520097902913,-0.0178875020044451));
#5873=CARTESIAN_POINT('',(0.0584410493553175,0.00223651910914007,-0.0190446372608013));
#5874=CARTESIAN_POINT('',(0.0577866318560236,0.00168244204129886,-0.0201240761314641));
#5875=CARTESIAN_POINT('',(0.0572173444509922,0.00121223022273943,-0.0206687822358412));
#5876=CARTESIAN_POINT('',(0.0568927207978281,0.001,-0.0209106157823815));
#5877=CARTESIAN_POINT('',(0.0821062787676606,0.001,-0.00836230546338787));
#5878=CARTESIAN_POINT('',(0.0499956673505298,-0.013925,0.00894656201423535));
#5879=CARTESIAN_POINT('',(0.0485591439574979,-0.013925,0.00894656201423535));
#5880=CARTESIAN_POINT('',(0.0473416903819033,-0.0146875,0.00894656201423535));
#5881=CARTESIAN_POINT('',(0.0499956673511502,-0.013925,0.00811873787700611));
#5882=CARTESIAN_POINT('',(0.0485591439579282,-0.0139249999999895,0.00818755253827253));
#5883=CARTESIAN_POINT('',(0.047341690382097,-0.0146874999998787,0.00824587296370072));
#5884=CARTESIAN_POINT('',(0.0498545050915308,-0.013925,0.00647335161580621));
#5885=CARTESIAN_POINT('',(0.0484358954966712,-0.0139250000000022,0.00670017771943155));
#5886=CARTESIAN_POINT('',(0.0472336238673516,-0.0146875000036861,0.00689241284225414));
#5887=CARTESIAN_POINT('',(0.0496364856731966,-0.013925,0.00483355260691253));
#5888=CARTESIAN_POINT('',(0.0481999622839562,-0.013925000000006,0.00495175247437529));
#5889=CARTESIAN_POINT('',(0.0469825087070024,-0.0146874999927492,0.00505192686204485));
#5890=CARTESIAN_POINT('',(0.0496364856640519,-0.013925,0.0040057284704208));
#5891=CARTESIAN_POINT('',(0.04819996227102,-0.013925,0.0040057284704208));
#5892=CARTESIAN_POINT('',(0.0469825086954254,-0.0146875,0.0040057284704208));
#5893=CARTESIAN_POINT('',(0.0496364856640519,-0.018925,0.0040057284704208));
#5894=CARTESIAN_POINT('',(0.0496364856640519,-0.018925,0.025));
#5895=CARTESIAN_POINT('',(0.0496364856640519,-0.018925,0.00137545657679109));
#5896=CARTESIAN_POINT('',(0.0478640656327316,-0.0139855339059328,-0.00350204354472102));
#5897=CARTESIAN_POINT('',(0.0490176820760204,-0.0128319174626439,-0.001995992678919));
#5898=CARTESIAN_POINT('',(0.0509559665217482,-0.0132230339059328,-0.000986075681302565));
#5899=CARTESIAN_POINT('',(0.0476432587438867,-0.0142063407947776,-0.00282550210293604));
#5900=CARTESIAN_POINT('',(0.0488300640406205,-0.0131612490667975,-0.00159577988394843));
#5901=CARTESIAN_POINT('',(0.0505788585838849,-0.013443840793526,-0.00067536505231232));
#5902=CARTESIAN_POINT('',(0.0472040961845668,-0.014556250537025,-0.00135299294493229));
#5903=CARTESIAN_POINT('',(0.0483852748221027,-0.0137350934585936,-0.000637950010345875));
#5904=CARTESIAN_POINT('',(0.0498396827892501,-0.0137937505379047,7.98909850413613E-6));
#5905=CARTESIAN_POINT('',(0.0469825086946148,-0.0146875000005077,0.000449750825682135));
#5906=CARTESIAN_POINT('',(0.0481637351826474,-0.0139476892875318,0.000694274801522528));
#5907=CARTESIAN_POINT('',(0.0495573331590157,-0.013925,0.000898646979152311));
#5908=CARTESIAN_POINT('',(0.0469825086954254,-0.0146875,0.00137545657679109));
#5909=CARTESIAN_POINT('',(0.04819996227102,-0.013925,0.0013754565767911));
#5910=CARTESIAN_POINT('',(0.0496364856640519,-0.013925,0.0013754565767911));
#5911=CARTESIAN_POINT('',(0.0513995995386643,-0.0175210678118655,-0.00350204354472102));
#5912=CARTESIAN_POINT('',(0.0509559665217482,-0.0132230339059327,-0.00098607568130256));
#5913=CARTESIAN_POINT('',(0.0490176820760204,-0.0128319174626439,-0.00199599267891899));
#5914=CARTESIAN_POINT('',(0.0478640656327316,-0.0139855339059328,-0.00350204354472102));
#5915=CARTESIAN_POINT('',(0.0513182609537614,-0.0130109007233042,-0.00128458102016042));
#5916=CARTESIAN_POINT('',(0.0493768566233555,-0.0124727429152995,-0.00241911995323313));
#5917=CARTESIAN_POINT('',(0.0482883319979861,-0.0135612675406783,-0.00415200918188348));
#5918=CARTESIAN_POINT('',(0.0517745004999873,-0.0127541027639574,-0.00153953130692787));
#5919=CARTESIAN_POINT('',(0.0498164998495783,-0.0120330996890893,-0.00277048199280787));
#5920=CARTESIAN_POINT('',(0.0488019279166843,-0.01304767162198,-0.00473224362110081));
#5921=CARTESIAN_POINT('',(0.0523106605188195,-0.0124605339059327,-0.00174308946048971));
#5922=CARTESIAN_POINT('',(0.0503096449542352,-0.0115399545844291,-0.00303070323475001));
#5923=CARTESIAN_POINT('',(0.0493890656327316,-0.0124605339059327,-0.00522491066208981));
#5924=CARTESIAN_POINT('',(0.0529245995386643,-0.0159960678118654,-0.00522491066208979));
#5925=CARTESIAN_POINT('',(0.0446814352847883,-0.0242392320657416,0.00169192542307137));
#5926=CARTESIAN_POINT('',(0.0575210678118655,-0.0113995995386643,-0.00908180549485095));
#5927=CARTESIAN_POINT('',(0.0569071287920206,-0.0078640656327316,-0.00559998429325083));
#5928=CARTESIAN_POINT('',(0.0549061132274364,-0.00694348631122797,-0.00688759806751113));
#5929=CARTESIAN_POINT('',(0.0539855339059327,-0.00786406563273159,-0.00908180549485093));
#5930=CARTESIAN_POINT('',(0.0571092722398158,-0.00766192218493816,-0.00576960278573891));
#5931=CARTESIAN_POINT('',(0.0550255422377865,-0.00677122673712782,-0.00704145646640168));
#5932=CARTESIAN_POINT('',(0.0540866056298296,-0.00776299390883469,-0.00925142398733978));
#5933=CARTESIAN_POINT('',(0.057302742061419,-0.00745110547827336,-0.00594955773041495));
#5934=CARTESIAN_POINT('',(0.0551355223542699,-0.00659218115440597,-0.00720387165396045));
#5935=CARTESIAN_POINT('',(0.0541833405406325,-0.00765758555550254,-0.00943137893201518));
#5936=CARTESIAN_POINT('',(0.0574868275434348,-0.00723238995011261,-0.00613918806090592));
#5937=CARTESIAN_POINT('',(0.0552353489852321,-0.00640767393796412,-0.00737362306318751));
#5938=CARTESIAN_POINT('',(0.0542753832816398,-0.0075482277914221,-0.00962100926250602));
#5939=CARTESIAN_POINT('',(0.0581007665632797,-0.0107679238560453,-0.00962100926250602));
#5940=CARTESIAN_POINT('',(0.0595617884619222,-0.00369685604417988,-0.00726037431118123));
#5941=CARTESIAN_POINT('',(0.0576175641324861,-0.00382373973276476,-0.00760319351701064));
#5942=CARTESIAN_POINT('',(0.0564347077024305,-0.00391627449257602,-0.00918620353137832));
#5943=CARTESIAN_POINT('',(0.059535988839835,-0.00328924024901424,-0.00726492348064728));
#5944=CARTESIAN_POINT('',(0.0575962425082164,-0.00349800740293877,-0.00760695309464359));
#5945=CARTESIAN_POINT('',(0.0564171289372724,-0.00365026616327895,-0.0091901611220325));
#5946=CARTESIAN_POINT('',(0.0594851856513643,-0.00288320856926068,-0.00727388145348068));
#5947=CARTESIAN_POINT('',(0.0575542467269631,-0.00317361962058179,-0.00761435808395284));
#5948=CARTESIAN_POINT('',(0.0563825060799047,-0.00338539025052911,-0.00919795596829415));
#5949=CARTESIAN_POINT('',(0.0594097594044999,-0.00248180211907516,-0.00728718113585645));
#5950=CARTESIAN_POINT('',(0.0574919769410815,-0.0028533669291871,-0.00762533792728666));
#5951=CARTESIAN_POINT('',(0.0563311798930289,-0.00312397453018559,-0.00920951649683401));
#5952=CARTESIAN_POINT('',(0.0604300293502568,-0.00369685604417988,-0.0121844130762423));
#5953=CARTESIAN_POINT('',(0.0564481700478305,-0.0039152222730647,-0.00916827105608415));
#5954=CARTESIAN_POINT('',(0.0594180832229538,-0.00252666381330319,-0.00728571342208053));
#5955=CARTESIAN_POINT('',(0.0587743148530677,-0.00259341564331616,-0.00739922715501815));
#5956=CARTESIAN_POINT('',(0.0575954317285824,-0.00297317998178877,-0.0078757550871131));
#5957=CARTESIAN_POINT('',(0.0567757699362621,-0.00359668638634783,-0.00871271752631362));
#5958=CARTESIAN_POINT('',(0.0564481700478305,-0.0039152222730647,-0.00916827105608416));
#5959=CARTESIAN_POINT('',(0.0554400146751284,-0.00401269388548935,-0.0121844130762423));
#5960=CARTESIAN_POINT('',(0.0554370619775661,-0.00396604335081678,-0.007987674878416));
#5961=CARTESIAN_POINT('',(0.0595617884619222,-0.00369685604417987,-0.00726037431118126));
#5962=CARTESIAN_POINT('',(0.0554614409248063,-0.00435121348745492,-0.0121768570255176));
#5963=CARTESIAN_POINT('',(0.0554466345956936,-0.00406700724583587,-0.00796745287918747));
#5964=CARTESIAN_POINT('',(0.0596046409618715,-0.00403537564612007,-0.00725281825924939));
#5965=CARTESIAN_POINT('',(0.055434336674507,-0.00503391363172901,-0.0120445407014501));
#5966=CARTESIAN_POINT('',(0.0554979987481768,-0.00425362369257072,-0.00795541432066568));
#5967=CARTESIAN_POINT('',(0.0595625634655394,-0.0047180757904553,-0.00718930028527668));
#5968=CARTESIAN_POINT('',(0.0551168595609438,-0.00631818520439713,-0.0113295330102334));
#5969=CARTESIAN_POINT('',(0.0556415858104463,-0.00490834059205854,-0.00795229975465123));
#5970=CARTESIAN_POINT('',(0.0589983191029945,-0.00600234736295951,-0.0068753081632489));
#5971=CARTESIAN_POINT('',(0.054642598261024,-0.00711193255898119,-0.0103775610237958));
#5972=CARTESIAN_POINT('',(0.055512637422273,-0.00580562272043653,-0.00772268442167736));
#5973=CARTESIAN_POINT('',(0.0581454956321287,-0.00679609471820507,-0.00646607289465529));
#5974=CARTESIAN_POINT('',(0.0542753832816399,-0.0075482277914221,-0.00962100926250602));
#5975=CARTESIAN_POINT('',(0.0552353489852321,-0.00640767393796412,-0.00737362306318751));
#5976=CARTESIAN_POINT('',(0.0574868275434348,-0.00723238995011261,-0.00613918806090592));
#5977=CARTESIAN_POINT('',(0.0564481700478305,-0.00391522227306471,-0.00916827105608415));
#5978=CARTESIAN_POINT('',(0.0558774217325899,-0.00447017917966716,-0.00996194168540948));
#5979=CARTESIAN_POINT('',(0.0554544798798522,-0.0051290099854548,-0.0107722155769652));
#5980=CARTESIAN_POINT('',(0.0551918822473802,-0.00591426586339942,-0.01150889863115));
#5981=CARTESIAN_POINT('',(0.0599337644947604,-0.0025,-0.0167746629283172));
#5982=CARTESIAN_POINT('',(0.0563336478266528,-0.0025,-0.0167746629283172));
#5983=CARTESIAN_POINT('',(0.0551918822473802,-0.00591426586339942,-0.0167746629283171));
#5984=CARTESIAN_POINT('',(0.0595793755862142,-0.0025,-0.0172605863469193));
#5985=CARTESIAN_POINT('',(0.0562504401259108,-0.00274881920732487,-0.0173601889490642));
#5986=CARTESIAN_POINT('',(0.0551918822473057,-0.00591426586362201,-0.0177362979417016));
#5987=CARTESIAN_POINT('',(0.0589554809527882,-0.00243849055087086,-0.0181769680409619));
#5988=CARTESIAN_POINT('',(0.0560567848920595,-0.00303021150944134,-0.0186121904016429));
#5989=CARTESIAN_POINT('',(0.0552405279450566,-0.00578099539018513,-0.0196207589062018));
#5990=CARTESIAN_POINT('',(0.0582789887437243,-0.00212024051374728,-0.0193302574166322));
#5991=CARTESIAN_POINT('',(0.0557146992792225,-0.00288601203530559,-0.0202939870284888));
#5992=CARTESIAN_POINT('',(0.0554207529812798,-0.00509145364320534,-0.0221659808584458));
#5993=CARTESIAN_POINT('',(0.0576970511849646,-0.00159876974405835,-0.0202146774363812));
#5994=CARTESIAN_POINT('',(0.0553134778739635,-0.00251998227958979,-0.0214955602913127));
#5995=CARTESIAN_POINT('',(0.0554898142220041,-0.00396160030887976,-0.0240169686854348));
#5996=CARTESIAN_POINT('',(0.0571835784078733,-0.00118844301573375,-0.0206963032454269));
#5997=CARTESIAN_POINT('',(0.0550735079744098,-0.00223857572936099,-0.0220994732297325));
#5998=CARTESIAN_POINT('',(0.0553122117001462,-0.00307255906409444,-0.0247110441335026));
#5999=CARTESIAN_POINT('',(0.0568703775514984,-0.000985456002310842,-0.0209271728124549));
#6000=CARTESIAN_POINT('',(0.0549440336444032,-0.00205132785952684,-0.0223751211251298));
#6001=CARTESIAN_POINT('',(0.055153651502289,-0.00263275386840625,-0.024936652333302));
#6002=CARTESIAN_POINT('',(0.0599337644947604,-0.0075,-0.0167746629283171));
#6003=CARTESIAN_POINT('',(0.0599337644947604,-0.0075,0.025));
#6004=CARTESIAN_POINT('',(0.0496364856640519,0.013925,0.00400572847042078));
#6005=CARTESIAN_POINT('',(0.04819996227102,0.013925,0.00400572847042078));
#6006=CARTESIAN_POINT('',(0.0469825086954254,0.0146875,0.00400572847042078));
#6007=CARTESIAN_POINT('',(0.0496364856731966,0.013925,0.0048335526069137));
#6008=CARTESIAN_POINT('',(0.0481999622839383,0.0139250000000008,0.00495175247437541));
#6009=CARTESIAN_POINT('',(0.0469825087069966,0.0146874999927529,0.00505192686204642));
#6010=CARTESIAN_POINT('',(0.0498545050915222,0.013925,0.00647335161579372));
#6011=CARTESIAN_POINT('',(0.0484358954966756,0.0139249999999989,0.00670017771942029));
#6012=CARTESIAN_POINT('',(0.0472336238673483,0.0146875000036881,0.00689241284224372));
#6013=CARTESIAN_POINT('',(0.0499956673511674,0.013925,0.0081187378770299));
#6014=CARTESIAN_POINT('',(0.0485591439579371,0.0139250000000015,0.00818755253829502));
#6015=CARTESIAN_POINT('',(0.0473416903821094,0.0146874999998709,0.00824587296372018));
#6016=CARTESIAN_POINT('',(0.0499956673505298,0.013925,0.00894656201423534));
#6017=CARTESIAN_POINT('',(0.0485591439574979,0.013925,0.00894656201423534));
#6018=CARTESIAN_POINT('',(0.0473416903819033,0.0146875,0.00894656201423534));
#6019=CARTESIAN_POINT('',(0.0496364856640519,0.018925,0.00400572847042078));
#6020=CARTESIAN_POINT('',(0.0496364856640519,0.018925,0.025));
#6021=CARTESIAN_POINT('',(0.0496364856640519,0.018925,0.0013754565767911));
#6022=CARTESIAN_POINT('',(0.0469825086954254,0.0146875,0.0013754565767911));
#6023=CARTESIAN_POINT('',(0.04819996227102,0.013925,0.0013754565767911));
#6024=CARTESIAN_POINT('',(0.0496364856640519,0.013925,0.0013754565767911));
#6025=CARTESIAN_POINT('',(0.0469825086958173,0.0146874999997545,0.000448251296818418));
#6026=CARTESIAN_POINT('',(0.0481636766341213,0.0139477259564193,0.000693173878882796));
#6027=CARTESIAN_POINT('',(0.0495572049441095,0.013925,0.00089787460676294));
#6028=CARTESIAN_POINT('',(0.0472037593924838,0.014556456035385,-0.00135034895241951));
#6029=CARTESIAN_POINT('',(0.0483849362813481,0.0137354362421311,-0.00063601908668344));
#6030=CARTESIAN_POINT('',(0.0498392454351908,0.0137939560359557,9.29336291017924E-6));
#6031=CARTESIAN_POINT('',(0.0476429839525553,0.0142066155861091,-0.00282466015651458));
#6032=CARTESIAN_POINT('',(0.0488298344162715,0.0131616521337847,-0.00159529006653931));
#6033=CARTESIAN_POINT('',(0.0505783892780427,0.0134441155847221,-0.000674978377138405));
#6034=CARTESIAN_POINT('',(0.0478640656327316,0.0139855339059328,-0.00350204354472103));
#6035=CARTESIAN_POINT('',(0.0490176820760204,0.0128319174626439,-0.001995992678919));
#6036=CARTESIAN_POINT('',(0.0509559665217482,0.0132230339059328,-0.000986075681302569));
#6037=CARTESIAN_POINT('',(0.0513995995386643,0.0175210678118655,-0.00350204354472104));
#6038=CARTESIAN_POINT('',(0.0523106605188195,0.0124605339059327,-0.00174308946048971));
#6039=CARTESIAN_POINT('',(0.0503096449542352,0.0115399545844291,-0.00303070323475001));
#6040=CARTESIAN_POINT('',(0.0493890656327316,0.0124605339059327,-0.00522491066208981));
#6041=CARTESIAN_POINT('',(0.0517745004999888,0.0127541027639556,-0.0015395313069294));
#6042=CARTESIAN_POINT('',(0.0498164998495781,0.012033099689081,-0.00277048199280418));
#6043=CARTESIAN_POINT('',(0.0488019279166884,0.0130476716219759,-0.00473224362109978));
#6044=CARTESIAN_POINT('',(0.0513182609537748,0.0130109007233019,-0.00128458102016198));
#6045=CARTESIAN_POINT('',(0.04937685662339,0.0124727429152817,-0.00241911995322673));
#6046=CARTESIAN_POINT('',(0.0482883319979963,0.013561267540668,-0.0041520091818831));
#6047=CARTESIAN_POINT('',(0.0509559665217482,0.0132230339059327,-0.000986075681302567));
#6048=CARTESIAN_POINT('',(0.0490176820760204,0.0128319174626439,-0.001995992678919));
#6049=CARTESIAN_POINT('',(0.0478640656327316,0.0139855339059327,-0.00350204354472104));
#6050=CARTESIAN_POINT('',(0.0529245995386643,0.0159960678118654,-0.00522491066208979));
#6051=CARTESIAN_POINT('',(0.0446814352847882,0.0242392320657416,0.00169192542307138));
#6052=CARTESIAN_POINT('',(0.0575210678118655,0.0113995995386643,-0.00908180549485094));
#6053=CARTESIAN_POINT('',(0.0574868275434348,0.00723238995011261,-0.00613918806090591));
#6054=CARTESIAN_POINT('',(0.0552353489852321,0.00640767393796413,-0.0073736230631875));
#6055=CARTESIAN_POINT('',(0.0542753832816398,0.0075482277914221,-0.00962100926250601));
#6056=CARTESIAN_POINT('',(0.0573027420614226,0.00745110547827394,-0.00594955773041374));
#6057=CARTESIAN_POINT('',(0.0551355223542747,0.00659218115440604,-0.00720387165396039));
#6058=CARTESIAN_POINT('',(0.0541833405406315,0.00765758555550367,-0.00943137893201428));
#6059=CARTESIAN_POINT('',(0.0571092722398122,0.00766192218493791,-0.00576960278573979));
#6060=CARTESIAN_POINT('',(0.0550255422377811,0.00677122673712944,-0.00704145646640178));
#6061=CARTESIAN_POINT('',(0.0540866056298299,0.00776299390883441,-0.00925142398733977));
#6062=CARTESIAN_POINT('',(0.0569071287920206,0.00786406563273161,-0.00559998429325082));
#6063=CARTESIAN_POINT('',(0.0549061132274364,0.00694348631122797,-0.00688759806751112));
#6064=CARTESIAN_POINT('',(0.0539855339059327,0.0078640656327316,-0.00908180549485092));
#6065=CARTESIAN_POINT('',(0.0581007665632797,0.0107679238560453,-0.00962100926250601));
#6066=CARTESIAN_POINT('',(0.0542753832816399,0.0075482277914221,-0.00962100926250601));
#6067=CARTESIAN_POINT('',(0.0552353489852321,0.00640767393796412,-0.0073736230631875));
#6068=CARTESIAN_POINT('',(0.0574868275434348,0.0072323899501126,-0.00613918806090591));
#6069=CARTESIAN_POINT('',(0.0544591109948908,0.00732993733526177,-0.00999953283252342));
#6070=CARTESIAN_POINT('',(0.0553718728570659,0.00611125204503476,-0.00754548456842606));
#6071=CARTESIAN_POINT('',(0.0578163772308245,0.00701409949425097,-0.00630273749753764));
#6072=CARTESIAN_POINT('',(0.0547968832221343,0.00685506049587814,-0.0106858887862547));
#6073=CARTESIAN_POINT('',(0.0555616718987707,0.00551742956953491,-0.00780093277955396));
#6074=CARTESIAN_POINT('',(0.0584230497148844,0.00653922265443089,-0.00659850110396268));
#6075=CARTESIAN_POINT('',(0.0551967504939969,0.00599439939681285,-0.0115098804641605));
#6076=CARTESIAN_POINT('',(0.055604592244051,0.00475095496501769,-0.00795159791983452));
#6077=CARTESIAN_POINT('',(0.0591402713476136,0.00567856155553752,-0.00695453880658609));
#6078=CARTESIAN_POINT('',(0.0554322641107133,0.00504790603788461,-0.0120390811920897));
#6079=CARTESIAN_POINT('',(0.0554999846177863,0.00425879384826542,-0.00795572672297878));
#6080=CARTESIAN_POINT('',(0.0595589476488223,0.00473206819657625,-0.00718684264773519));
#6081=CARTESIAN_POINT('',(0.0554614821843307,0.00435186535878035,-0.0121768424751885));
#6082=CARTESIAN_POINT('',(0.0554466530570822,0.00406720196096165,-0.00796741387981871));
#6083=CARTESIAN_POINT('',(0.0596047234809186,0.00403602751744545,-0.00725280370891495));
#6084=CARTESIAN_POINT('',(0.0554400146751284,0.00401269388548935,-0.0121844130762423));
#6085=CARTESIAN_POINT('',(0.0554370619775661,0.00396604335081678,-0.00798767487841599));
#6086=CARTESIAN_POINT('',(0.0595617884619222,0.00369685604417986,-0.00726037431118125));
#6087=CARTESIAN_POINT('',(0.0604300293502568,0.00369685604417988,-0.0121844130762423));
#6088=CARTESIAN_POINT('',(0.0564481700478305,0.00391522227306471,-0.00916827105608415));
#6089=CARTESIAN_POINT('',(0.0564481700478305,0.00391522227306471,-0.00916827105608415));
#6090=CARTESIAN_POINT('',(0.0558774217325893,0.00447017917966772,-0.00996194168541027));
#6091=CARTESIAN_POINT('',(0.0554544798817954,0.00512900997964425,-0.0107722155838477));
#6092=CARTESIAN_POINT('',(0.0551918822473803,0.00591426586339924,-0.0115088986311506));
#6093=CARTESIAN_POINT('',(0.0594097594044999,0.00248180211907516,-0.00728718113585645));
#6094=CARTESIAN_POINT('',(0.0574919769410815,0.0028533669291871,-0.00762533792728666));
#6095=CARTESIAN_POINT('',(0.0563311798930289,0.00312397453018559,-0.00920951649683402));
#6096=CARTESIAN_POINT('',(0.0594851856513642,0.00288320856926094,-0.0072738814534807));
#6097=CARTESIAN_POINT('',(0.0575542467269668,0.00317361962058179,-0.00761435808395231));
#6098=CARTESIAN_POINT('',(0.0563825060799081,0.00338539025052896,-0.00919795596829362));
#6099=CARTESIAN_POINT('',(0.0595359888398352,0.0032892402490145,-0.00726492348064725));
#6100=CARTESIAN_POINT('',(0.0575962425082128,0.00349800740293861,-0.00760695309464356));
#6101=CARTESIAN_POINT('',(0.056417128937269,0.00365026616327857,-0.00919016112203257));
#6102=CARTESIAN_POINT('',(0.0595617884619222,0.00369685604417988,-0.00726037431118124));
#6103=CARTESIAN_POINT('',(0.0576175641324861,0.00382373973276476,-0.00760319351701064));
#6104=CARTESIAN_POINT('',(0.0564347077024304,0.00391627449257601,-0.00918620353137832));
#6105=CARTESIAN_POINT('',(0.0594180832229538,0.00252666381330319,-0.00728571342208053));
#6106=CARTESIAN_POINT('',(0.0587743148530677,0.00259341564331616,-0.00739922715501815));
#6107=CARTESIAN_POINT('',(0.0575954317285824,0.00297317998178877,-0.00787575508711311));
#6108=CARTESIAN_POINT('',(0.0567757699362621,0.00359668638634783,-0.00871271752631362));
#6109=CARTESIAN_POINT('',(0.0564481700478305,0.0039152222730647,-0.00916827105608415));
#6110=CARTESIAN_POINT('',(0.0599337644947604,0.0075,0.025));
#6111=CARTESIAN_POINT('',(0.0599337644947604,0.0075,-0.0167746629283171));
#6112=CARTESIAN_POINT('',(0.0551918822473802,0.00591426586339942,-0.0167746629283171));
#6113=CARTESIAN_POINT('',(0.0563336478266528,0.0025,-0.0167746629283172));
#6114=CARTESIAN_POINT('',(0.0599337644947604,0.0025,-0.0167746629283172));
#6115=CARTESIAN_POINT('',(0.0551918822473057,0.00591426586362201,-0.0177362979417016));
#6116=CARTESIAN_POINT('',(0.0562504401259108,0.00274881920732412,-0.0173601889490642));
#6117=CARTESIAN_POINT('',(0.0595793755862141,0.0025,-0.0172605863469193));
#6118=CARTESIAN_POINT('',(0.0552405279450564,0.00578099539018483,-0.0196207589062017));
#6119=CARTESIAN_POINT('',(0.05605678489206,0.00303021150944177,-0.0186121904016438));
#6120=CARTESIAN_POINT('',(0.0589554809527878,0.00243849055087078,-0.0181769680409622));
#6121=CARTESIAN_POINT('',(0.0554207529812802,0.0050914536432064,-0.0221659808584462));
#6122=CARTESIAN_POINT('',(0.055714699279221,0.00288601203530519,-0.0202939870284855));
#6123=CARTESIAN_POINT('',(0.0582789887437258,0.00212024051374757,-0.019330257416631));
#6124=CARTESIAN_POINT('',(0.0554898142220026,0.00396160030887581,-0.0240169686854333));
#6125=CARTESIAN_POINT('',(0.0553134778739693,0.00251998227959101,-0.0214955602913248));
#6126=CARTESIAN_POINT('',(0.0576970511849591,0.00159876974405728,-0.0202146774363853));
#6127=CARTESIAN_POINT('',(0.0553122117001492,0.00307255906410294,-0.024711044133506));
#6128=CARTESIAN_POINT('',(0.0550735079743975,0.00223857572935841,-0.0220994732297067));
#6129=CARTESIAN_POINT('',(0.0571835784078851,0.00118844301573607,-0.0206963032454182));
#6130=CARTESIAN_POINT('',(0.055153651502289,0.00263275386840625,-0.024936652333302));
#6131=CARTESIAN_POINT('',(0.0549440336444032,0.00205132785952684,-0.0223751211251298));
#6132=CARTESIAN_POINT('',(0.0568703775514984,0.000985456002310843,-0.0209271728124549));
#6133=CARTESIAN_POINT('',(0.04,-0.0147,0.018));
#6134=CARTESIAN_POINT('',(0.04,-0.0147,0.018));
#6135=CARTESIAN_POINT('',(0.04,-0.0147,0.016125));
#6136=CARTESIAN_POINT('',(0.04,-0.0147,0.018));
#6137=CARTESIAN_POINT('',(0.04,-0.0147,0.018));
#6138=CARTESIAN_POINT('',(0.04,-0.0147,0.0171));
#6139=CARTESIAN_POINT('',(0.04,-0.01545,0.018));
#6140=CARTESIAN_POINT('',(0.04,-0.01545,0.0171));
#6141=CARTESIAN_POINT('',(0.0379594082479232,-0.0147,0.));
#6142=CARTESIAN_POINT('',(0.04,-0.01545,0.025));
#6143=MECHANICAL_DESIGN_GEOMETRIC_PRESENTATION_REPRESENTATION('',(#2835,
#2538,#2539,#2540,#2541,#2542,#2543,#2544,#2545,#2546,#2547,#2548,#2549,
#2550,#2551,#2552,#2553,#2554,#2555,#2556,#2557,#2558,#2559,#2560,#2561,
#2562,#2563,#2564,#2565,#2566,#2567,#2568,#2569,#2570,#2571,#2572,#2573,
#2574,#2575,#2576,#2577,#2578,#2579,#2580,#2581,#2582,#2583,#2584,#2585,
#2586,#2587,#2588,#2589,#2590,#2591,#2592,#2593,#2594,#2595,#2596,#2597,
#2598,#2599,#2600,#2601,#2602,#2603,#2604,#2605,#2606,#2607,#2608,#2609,
#2610,#2611,#2612,#2613,#2614,#2615,#2616,#2617,#2618,#2619,#2620,#2621,
#2622,#2623,#2624,#2625,#2626,#2627,#2628,#2629,#2630,#2631,#2632,#2633,
#2634,#2635,#2636,#2637,#2638,#2639,#2640,#2641,#2642,#2643,#2644,#2645,
#2646,#2647,#2648,#2649,#2650,#2651,#2652,#2653,#2654,#2655,#2656,#2657,
#2658,#2659,#2660,#2661,#2662,#2663,#2664,#2665,#2666,#2667,#2668,#2669,
#2670,#2671,#2672,#2673,#2674,#2675,#2676,#2677,#2678,#2679,#2680,#2681,
#2682,#2683,#2684,#2685),#6144);
#6144=(
GEOMETRIC_REPRESENTATION_CONTEXT(3)
GLOBAL_UNCERTAINTY_ASSIGNED_CONTEXT((#6145))
GLOBAL_UNIT_ASSIGNED_CONTEXT((#6148,#6147,#6146))
REPRESENTATION_CONTEXT('7/8" Angled Middle Support [Circle]',
'TOP_LEVEL_ASSEMBLY_PART')
);
#6145=UNCERTAINTY_MEASURE_WITH_UNIT(LENGTH_MEASURE(5.E-6),#6148,
'DISTANCE_ACCURACY_VALUE','Maximum Tolerance applied to model');
#6146=(
NAMED_UNIT(*)
SI_UNIT($,.STERADIAN.)
SOLID_ANGLE_UNIT()
);
#6147=(
NAMED_UNIT(*)
PLANE_ANGLE_UNIT()
SI_UNIT($,.RADIAN.)
);
#6148=(
LENGTH_UNIT()
NAMED_UNIT(*)
SI_UNIT($,.METRE.)
);
#6149=PRODUCT_DEFINITION_SHAPE('','',#6150);
#6150=PRODUCT_DEFINITION('','',#6152,#6151);
#6151=PRODUCT_DEFINITION_CONTEXT('',#6158,'design');
#6152=PRODUCT_DEFINITION_FORMATION_WITH_SPECIFIED_SOURCE('','',#6154,
 .NOT_KNOWN.);
#6153=PRODUCT_RELATED_PRODUCT_CATEGORY('','',(#6154));
#6154=PRODUCT('7/8" Angled Middle Support [Circle]',
'7/8" Angled Middle Support [Circle]',
'7/8" Angled Middle Support [Circle]',(#6156));
#6155=PRODUCT_CATEGORY('','');
#6156=PRODUCT_CONTEXT('',#6158,'mechanical');
#6157=APPLICATION_PROTOCOL_DEFINITION('international standard',
'ap242_managed_model_based_3d_engineering',2011,#6158);
#6158=APPLICATION_CONTEXT('managed model based 3d engineering');
ENDSEC;
END-ISO-10303-21;
