ISO-10303-21;
HEADER;
/* Generated by software containing ST-Developer
 * from STEP Tools, Inc. (www.steptools.com) 
 */
/* OPTION: using custom renumber hook */

FILE_DESCRIPTION(
/* description */ ('STEP AP242',
'CAx-IF Rec.Pracs.---Representation and Presentation of Product Manufa
cturing Information (PMI)---4.0---2014-10-13',
'CAx-IF Rec.Pracs.---3D Tessellated Geometry---0.4---2014-09-14','2;1'),

/* implementation_level */ '2;1');

FILE_NAME(
/* name */ '642469ad1269fe207307e444',
/* time_stamp */ '2023-03-29T16:39:10+00:00',
/* author */ (''),
/* organization */ (''),
/* preprocessor_version */ 'ST-DEVELOPER v18.102',
/* originating_system */ '  ',
/* authorisation */ '  ');

FILE_SCHEMA (('AP242_MANAGED_MODEL_BASED_3D_ENGINEERING_MIM_LF { 1 0 10303 442 1 1 4 }'));
ENDSEC;

DATA;
#10=SHAPE_REPRESENTATION_RELATIONSHIP('','',#1211,#11);
#11=ADVANCED_BREP_SHAPE_REPRESENTATION('',(#1209),#2223);
#12=(
BOUNDED_SURFACE()
B_SPLINE_SURFACE(3,2,((#2138,#2139,#2140),(#2141,#2142,#2143),(#2144,#2145,
#2146),(#2147,#2148,#2149)),.UNSPECIFIED.,.F.,.F.,.F.)
B_SPLINE_SURFACE_WITH_KNOTS((4,4),(3,3),(0.0905669360832773,0.128097739142438),
(0.,0.542930075432051),.PIECEWISE_BEZIER_KNOTS.)
GEOMETRIC_REPRESENTATION_ITEM()
RATIONAL_B_SPLINE_SURFACE(((1.,0.98453238466199,0.985860436448419),(1.,
0.985078967046754,0.986360089187168),(1.,0.985460664045339,0.98670901362387),
(1.,0.985774096037901,0.986995534298265)))
REPRESENTATION_ITEM('')
SURFACE()
);
#13=(
BOUNDED_SURFACE()
B_SPLINE_SURFACE(3,2,((#2150,#2151,#2152),(#2153,#2154,#2155),(#2156,#2157,
#2158),(#2159,#2160,#2161)),.UNSPECIFIED.,.F.,.F.,.F.)
B_SPLINE_SURFACE_WITH_KNOTS((4,4),(3,3),(0.0904685079869746,0.128098326188738),
(0.,0.542930046923118),.PIECEWISE_BEZIER_KNOTS.)
GEOMETRIC_REPRESENTATION_ITEM()
RATIONAL_B_SPLINE_SURFACE(((1.,0.984528081463661,0.985856501841172),(1.,
0.985077028457994,0.986358316195055),(1.,0.985459854996137,0.986708273210707),
(1.,0.985774111492684,0.986995547614969)))
REPRESENTATION_ITEM('')
SURFACE()
);
#14=(
BOUNDED_SURFACE()
B_SPLINE_SURFACE(3,2,((#2162,#2163,#2164),(#2165,#2166,#2167),(#2168,#2169,
#2170),(#2171,#2172,#2173)),.UNSPECIFIED.,.F.,.F.,.F.)
B_SPLINE_SURFACE_WITH_KNOTS((4,4),(3,3),(0.0905669360832773,0.128097739142438),
(0.,0.542930075432051),.PIECEWISE_BEZIER_KNOTS.)
GEOMETRIC_REPRESENTATION_ITEM()
RATIONAL_B_SPLINE_SURFACE(((1.,0.98453238466199,0.985860436448419),(1.,
0.985078967046754,0.986360089187168),(1.,0.985460664045339,0.98670901362387),
(1.,0.985774096037901,0.986995534298265)))
REPRESENTATION_ITEM('')
SURFACE()
);
#15=(
BOUNDED_SURFACE()
B_SPLINE_SURFACE(3,2,((#2174,#2175,#2176),(#2177,#2178,#2179),(#2180,#2181,
#2182),(#2183,#2184,#2185)),.UNSPECIFIED.,.F.,.F.,.F.)
B_SPLINE_SURFACE_WITH_KNOTS((4,4),(3,3),(0.0905669360832773,0.128097739142438),
(0.,0.542930075432054),.PIECEWISE_BEZIER_KNOTS.)
GEOMETRIC_REPRESENTATION_ITEM()
RATIONAL_B_SPLINE_SURFACE(((1.,0.98453238466199,0.985860436448419),(1.,
0.985078967046754,0.986360089187168),(1.,0.98546066404647,0.986709013624904),
(1.,0.985774096037901,0.986995534298265)))
REPRESENTATION_ITEM('')
SURFACE()
);
#16=(
BOUNDED_SURFACE()
B_SPLINE_SURFACE(3,2,((#2186,#2187,#2188),(#2189,#2190,#2191),(#2192,#2193,
#2194),(#2195,#2196,#2197)),.UNSPECIFIED.,.F.,.F.,.F.)
B_SPLINE_SURFACE_WITH_KNOTS((4,4),(3,3),(0.0905669360832773,0.128097739142437),
(0.,0.542930075432049),.PIECEWISE_BEZIER_KNOTS.)
GEOMETRIC_REPRESENTATION_ITEM()
RATIONAL_B_SPLINE_SURFACE(((1.,0.98453238466199,0.985860436448419),(1.,
0.985078967046754,0.986360089187168),(1.,0.98546066404647,0.986709013624904),
(1.,0.985774096037901,0.986995534298265)))
REPRESENTATION_ITEM('')
SURFACE()
);
#17=(
BOUNDED_SURFACE()
B_SPLINE_SURFACE(3,2,((#2198,#2199,#2200),(#2201,#2202,#2203),(#2204,#2205,
#2206),(#2207,#2208,#2209)),.UNSPECIFIED.,.F.,.F.,.F.)
B_SPLINE_SURFACE_WITH_KNOTS((4,4),(3,3),(0.0905669360832773,0.128097739142438),
(0.,0.542930075432045),.PIECEWISE_BEZIER_KNOTS.)
GEOMETRIC_REPRESENTATION_ITEM()
RATIONAL_B_SPLINE_SURFACE(((1.,0.98453238466199,0.985860436448419),(1.,
0.985078967047131,0.986360089187512),(1.,0.98546066404647,0.986709013624904),
(1.,0.985774096037901,0.986995534298265)))
REPRESENTATION_ITEM('')
SURFACE()
);
#18=(
BOUNDED_SURFACE()
B_SPLINE_SURFACE(3,2,((#2210,#2211,#2212),(#2213,#2214,#2215),(#2216,#2217,
#2218),(#2219,#2220,#2221)),.UNSPECIFIED.,.F.,.F.,.F.)
B_SPLINE_SURFACE_WITH_KNOTS((4,4),(3,3),(0.0905669360832773,0.128097739142438),
(0.,0.542930075432051),.PIECEWISE_BEZIER_KNOTS.)
GEOMETRIC_REPRESENTATION_ITEM()
RATIONAL_B_SPLINE_SURFACE(((1.,0.98453238466199,0.985860436448419),(1.,
0.985078967046754,0.986360089187168),(1.,0.985460664045339,0.98670901362387),
(1.,0.985774096037901,0.986995534298265)))
REPRESENTATION_ITEM('')
SURFACE()
);
#19=B_SPLINE_SURFACE_WITH_KNOTS('',1,3,((#1751,#1752,#1753,#1754,#1755,
#1756,#1757,#1758,#1759,#1760,#1761,#1762,#1763,#1764,#1765,#1766,#1767,
#1768,#1769,#1770,#1771,#1772),(#1773,#1774,#1775,#1776,#1777,#1778,#1779,
#1780,#1781,#1782,#1783,#1784,#1785,#1786,#1787,#1788,#1789,#1790,#1791,
#1792,#1793,#1794)),.RULED_SURF.,.F.,.T.,.F.,(2,2),(2,2,2,2,2,2,2,2,2,2,
2,2,2),(0.252350456564067,1.),(-0.00186370716964105,0.00133571710399682,
0.00293542924081577,0.0045351413776347,0.00773456565127259,0.00933427778809152,
0.0109339899249105,0.0141334141985483,0.0173328384721863,0.0205322627458241,
0.023731687019462,0.0269311112930999,0.0285308234299188),.UNSPECIFIED.);
#20=B_SPLINE_SURFACE_WITH_KNOTS('',1,3,((#1905,#1906,#1907,#1908,#1909,
#1910,#1911,#1912,#1913,#1914,#1915,#1916,#1917,#1918,#1919,#1920,#1921,
#1922,#1923,#1924,#1925,#1926),(#1927,#1928,#1929,#1930,#1931,#1932,#1933,
#1934,#1935,#1936,#1937,#1938,#1939,#1940,#1941,#1942,#1943,#1944,#1945,
#1946,#1947,#1948)),.RULED_SURF.,.F.,.T.,.F.,(2,2),(2,2,2,2,2,2,2,2,2,2,
2,2,2),(0.252350456564072,1.),(-0.00186370716964105,0.00133571710399682,
0.00293542924081577,0.0045351413776347,0.00773456565127259,0.00933427778809152,
0.0109339899249105,0.0141334141985483,0.0173328384721863,0.0205322627458241,
0.023731687019462,0.0269311112930999,0.0285308234299188),.UNSPECIFIED.);
#21=B_SPLINE_SURFACE_WITH_KNOTS('',1,3,((#1985,#1986,#1987,#1988,#1989,
#1990,#1991,#1992,#1993,#1994,#1995,#1996,#1997,#1998,#1999,#2000,#2001,
#2002,#2003,#2004,#2005,#2006),(#2007,#2008,#2009,#2010,#2011,#2012,#2013,
#2014,#2015,#2016,#2017,#2018,#2019,#2020,#2021,#2022,#2023,#2024,#2025,
#2026,#2027,#2028)),.RULED_SURF.,.F.,.T.,.F.,(2,2),(2,2,2,2,2,2,2,2,2,2,
2,2,2),(0.252350456564077,1.),(-0.00186370716964105,0.00133571710399682,
0.00293542924081577,0.0045351413776347,0.00773456565127259,0.00933427778809152,
0.0109339899249105,0.0141334141985483,0.0173328384721863,0.0205322627458241,
0.023731687019462,0.0269311112930999,0.0285308234299188),.UNSPECIFIED.);
#22=LINE('',#1536,#69);
#23=LINE('',#1543,#70);
#24=LINE('',#1550,#71);
#25=LINE('',#1552,#72);
#26=LINE('',#1559,#73);
#27=LINE('',#1561,#74);
#28=LINE('',#1565,#75);
#29=LINE('',#1567,#76);
#30=LINE('',#1569,#77);
#31=LINE('',#1576,#78);
#32=LINE('',#1578,#79);
#33=LINE('',#1585,#80);
#34=LINE('',#1613,#81);
#35=LINE('',#1614,#82);
#36=LINE('',#1615,#83);
#37=LINE('',#1637,#84);
#38=LINE('',#1644,#85);
#39=LINE('',#1651,#86);
#40=LINE('',#1653,#87);
#41=LINE('',#1660,#88);
#42=LINE('',#1667,#89);
#43=LINE('',#1669,#90);
#44=LINE('',#1676,#91);
#45=LINE('',#1683,#92);
#46=LINE('',#1685,#93);
#47=LINE('',#1692,#94);
#48=LINE('',#1699,#95);
#49=LINE('',#1845,#96);
#50=LINE('',#1847,#97);
#51=LINE('',#1848,#98);
#52=LINE('',#1850,#99);
#53=LINE('',#1852,#100);
#54=LINE('',#1854,#101);
#55=LINE('',#1857,#102);
#56=LINE('',#1858,#103);
#57=LINE('',#1860,#104);
#58=LINE('',#1862,#105);
#59=LINE('',#1864,#106);
#60=LINE('',#1866,#107);
#61=LINE('',#1868,#108);
#62=LINE('',#2071,#109);
#63=LINE('',#2077,#110);
#64=LINE('',#2084,#111);
#65=LINE('',#2091,#112);
#66=LINE('',#2102,#113);
#67=LINE('',#2113,#114);
#68=LINE('',#2124,#115);
#69=VECTOR('',#1316,1.);
#70=VECTOR('',#1317,1.);
#71=VECTOR('',#1318,1.);
#72=VECTOR('',#1321,1.);
#73=VECTOR('',#1322,1.);
#74=VECTOR('',#1323,1.);
#75=VECTOR('',#1326,1.);
#76=VECTOR('',#1327,1.);
#77=VECTOR('',#1328,1.);
#78=VECTOR('',#1329,1.);
#79=VECTOR('',#1332,1.);
#80=VECTOR('',#1333,1.);
#81=VECTOR('',#1336,1.);
#82=VECTOR('',#1337,1.);
#83=VECTOR('',#1338,1.);
#84=VECTOR('',#1341,1.);
#85=VECTOR('',#1342,1.);
#86=VECTOR('',#1343,1.);
#87=VECTOR('',#1346,1.);
#88=VECTOR('',#1347,1.);
#89=VECTOR('',#1348,1.);
#90=VECTOR('',#1351,1.);
#91=VECTOR('',#1352,1.);
#92=VECTOR('',#1353,1.);
#93=VECTOR('',#1356,1.);
#94=VECTOR('',#1357,1.);
#95=VECTOR('',#1358,1.);
#96=VECTOR('',#1371,1.);
#97=VECTOR('',#1372,1.);
#98=VECTOR('',#1373,1.);
#99=VECTOR('',#1376,1.);
#100=VECTOR('',#1379,1.);
#101=VECTOR('',#1382,1.);
#102=VECTOR('',#1383,1.);
#103=VECTOR('',#1384,1.);
#104=VECTOR('',#1385,1.);
#105=VECTOR('',#1386,1.);
#106=VECTOR('',#1387,1.);
#107=VECTOR('',#1388,1.);
#108=VECTOR('',#1389,1.);
#109=VECTOR('',#1412,1.);
#110=VECTOR('',#1415,1.);
#111=VECTOR('',#1418,1.);
#112=VECTOR('',#1421,1.);
#113=VECTOR('',#1424,1.);
#114=VECTOR('',#1427,1.);
#115=VECTOR('',#1430,1.);
#116=CYLINDRICAL_SURFACE('',#1233,0.01495);
#117=CYLINDRICAL_SURFACE('',#1245,0.002);
#118=CYLINDRICAL_SURFACE('',#1249,0.003);
#119=CYLINDRICAL_SURFACE('',#1252,0.002);
#120=CYLINDRICAL_SURFACE('',#1253,0.002);
#121=TOROIDAL_SURFACE('',#1231,0.01495,0.0015);
#122=ELLIPSE('',#1219,0.0325472651751019,0.0160857034021541);
#123=ELLIPSE('',#1220,0.032547265175102,0.0160857034021541);
#124=ELLIPSE('',#1221,0.0325472651751019,0.0160857034021541);
#125=ELLIPSE('',#1222,0.032547265175102,0.0160857034021541);
#126=ELLIPSE('',#1223,0.0325472651751019,0.0160857034021541);
#127=ELLIPSE('',#1224,0.032547265175102,0.0160857034021541);
#128=ELLIPSE('',#1225,0.0325472651751019,0.0160857034021541);
#129=ELLIPSE('',#1226,0.0271528261381704,0.0132609139295943);
#130=ELLIPSE('',#1227,0.0271528261381704,0.0132609139295943);
#131=ELLIPSE('',#1228,0.032547265175102,0.0160857034021541);
#132=ELLIPSE('',#1236,0.00300978538923516,0.003);
#133=B_SPLINE_CURVE_WITH_KNOTS('',3,(#1443,#1444,#1445,#1446),
 .UNSPECIFIED.,.F.,.F.,(4,4),(0.0388762075532289,0.0388770863761031),
 .UNSPECIFIED.);
#134=B_SPLINE_CURVE_WITH_KNOTS('',3,(#1451,#1452,#1453,#1454),
 .UNSPECIFIED.,.F.,.F.,(4,4),(0.0388762075532294,0.0388770863761031),
 .UNSPECIFIED.);
#135=B_SPLINE_CURVE_WITH_KNOTS('',3,(#1458,#1459,#1460,#1461),
 .UNSPECIFIED.,.F.,.F.,(4,4),(0.0388762075532294,0.0388770863761031),
 .UNSPECIFIED.);
#136=B_SPLINE_CURVE_WITH_KNOTS('',3,(#1465,#1466,#1467,#1468),
 .UNSPECIFIED.,.F.,.F.,(4,4),(0.0388762075532284,0.0388770863761031),
 .UNSPECIFIED.);
#137=B_SPLINE_CURVE_WITH_KNOTS('',3,(#1472,#1473,#1474,#1475),
 .UNSPECIFIED.,.F.,.F.,(4,4),(0.0388762075532294,0.0388770863761031),
 .UNSPECIFIED.);
#138=B_SPLINE_CURVE_WITH_KNOTS('',3,(#1479,#1480,#1481,#1482),
 .UNSPECIFIED.,.F.,.F.,(4,4),(0.0388762075532284,0.0388770863761266),
 .UNSPECIFIED.);
#139=B_SPLINE_CURVE_WITH_KNOTS('',3,(#1486,#1487,#1488,#1489),
 .UNSPECIFIED.,.F.,.F.,(4,4),(0.0388762075532304,0.0388770863761031),
 .UNSPECIFIED.);
#140=B_SPLINE_CURVE_WITH_KNOTS('',3,(#1493,#1494,#1495,#1496),
 .UNSPECIFIED.,.F.,.F.,(4,4),(0.00200131321784439,0.0388770863761031),
 .UNSPECIFIED.);
#141=B_SPLINE_CURVE_WITH_KNOTS('',3,(#1502,#1503,#1504,#1505),
 .UNSPECIFIED.,.F.,.F.,(4,4),(0.00303279337285624,0.0399085665311267),
 .UNSPECIFIED.);
#142=B_SPLINE_CURVE_WITH_KNOTS('',3,(#1516,#1517,#1518,#1519,#1520,#1521,
#1522,#1523,#1524,#1525,#1526,#1527,#1528,#1529,#1530,#1531,#1532,#1533,
#1534),.UNSPECIFIED.,.T.,.F.,(1,1,1,1,1,1,1,1,1,1,1,1,1,1,1,1,1,1,1,1,1,
1,1),(-0.00403751426034586,-0.00269167617356389,-0.00134583808678193,3.65220063764994E-17,
0.001345838086782,0.00269167617356397,0.00403751426034593,0.0053833523471279,
0.00672919043390987,0.00807502852069183,0.0094208666074738,0.0107667046942558,
0.0121125427810377,0.0134583808678197,0.0148042189546017,0.0161500570413836,
0.0174958951281656,0.0188417332149476,0.0201875713017295,0.0215334093885115,
0.0228792474752935,0.0242250855620754,0.0255709236488574),.UNSPECIFIED.);
#143=B_SPLINE_CURVE_WITH_KNOTS('',3,(#1538,#1539,#1540,#1541),
 .UNSPECIFIED.,.F.,.F.,(4,4),(0.,0.0368764817268874),.UNSPECIFIED.);
#144=B_SPLINE_CURVE_WITH_KNOTS('',3,(#1545,#1546,#1547,#1548),
 .UNSPECIFIED.,.F.,.F.,(4,4),(0.,0.0365662529522798),.UNSPECIFIED.);
#145=B_SPLINE_CURVE_WITH_KNOTS('',3,(#1554,#1555,#1556,#1557),
 .UNSPECIFIED.,.F.,.F.,(4,4),(0.,0.0368764817268874),.UNSPECIFIED.);
#146=B_SPLINE_CURVE_WITH_KNOTS('',3,(#1571,#1572,#1573,#1574),
 .UNSPECIFIED.,.F.,.F.,(4,4),(0.,0.0368963509835723),.UNSPECIFIED.);
#147=B_SPLINE_CURVE_WITH_KNOTS('',3,(#1580,#1581,#1582,#1583),
 .UNSPECIFIED.,.F.,.F.,(4,4),(0.,0.0368764817268874),.UNSPECIFIED.);
#148=B_SPLINE_CURVE_WITH_KNOTS('',3,(#1587,#1588,#1589,#1590,#1591,#1592,
#1593,#1594,#1595,#1596,#1597,#1598,#1599,#1600,#1601,#1602,#1603,#1604,
#1605),.UNSPECIFIED.,.T.,.F.,(1,1,1,1,1,1,1,1,1,1,1,1,1,1,1,1,1,1,1,1,1,
1,1),(-0.0040375142603458,-0.00269167617356385,-0.0013458380867819,4.33680868994202E-17,
0.00134583808678199,0.00269167617356393,0.00403751426034588,0.00538335234712783,
0.00672919043390977,0.00807502852069172,0.00942086660747367,0.0107667046942556,
0.0121125427810376,0.0134583808678195,0.0148042189546014,0.0161500570413834,
0.0174958951281653,0.0188417332149473,0.0201875713017292,0.0215334093885112,
0.0228792474752931,0.0242250855620751,0.025570923648857),.UNSPECIFIED.);
#149=B_SPLINE_CURVE_WITH_KNOTS('',3,(#1607,#1608,#1609,#1610),
 .UNSPECIFIED.,.F.,.F.,(4,4),(0.,0.0365662529522798),.UNSPECIFIED.);
#150=B_SPLINE_CURVE_WITH_KNOTS('',3,(#1617,#1618,#1619,#1620,#1621,#1622,
#1623,#1624,#1625,#1626,#1627,#1628,#1629,#1630,#1631,#1632,#1633,#1634,
#1635),.UNSPECIFIED.,.T.,.F.,(1,1,1,1,1,1,1,1,1,1,1,1,1,1,1,1,1,1,1,1,1,
1,1),(-0.00403751426034583,-0.00269167617356387,-0.00134583808678192,4.33680868994202E-17,
0.001345838086782,0.00269167617356396,0.00403751426034591,0.00538335234712787,
0.00672919043390983,0.00807502852069179,0.00942086660747374,0.0107667046942557,
0.0121125427810377,0.0134583808678196,0.0148042189546016,0.0161500570413835,
0.0174958951281655,0.0188417332149474,0.0201875713017294,0.0215334093885114,
0.0228792474752933,0.0242250855620753,0.0255709236488572),.UNSPECIFIED.);
#151=B_SPLINE_CURVE_WITH_KNOTS('',3,(#1639,#1640,#1641,#1642),
 .UNSPECIFIED.,.F.,.F.,(4,4),(0.,0.0368764817268874),.UNSPECIFIED.);
#152=B_SPLINE_CURVE_WITH_KNOTS('',3,(#1646,#1647,#1648,#1649),
 .UNSPECIFIED.,.F.,.F.,(4,4),(0.,0.0365662529522798),.UNSPECIFIED.);
#153=B_SPLINE_CURVE_WITH_KNOTS('',3,(#1655,#1656,#1657,#1658),
 .UNSPECIFIED.,.F.,.F.,(4,4),(0.,0.0368764817268874),.UNSPECIFIED.);
#154=B_SPLINE_CURVE_WITH_KNOTS('',3,(#1662,#1663,#1664,#1665),
 .UNSPECIFIED.,.F.,.F.,(4,4),(0.,0.0365662529522798),.UNSPECIFIED.);
#155=B_SPLINE_CURVE_WITH_KNOTS('',3,(#1671,#1672,#1673,#1674),
 .UNSPECIFIED.,.F.,.F.,(4,4),(0.,0.0368764817268874),.UNSPECIFIED.);
#156=B_SPLINE_CURVE_WITH_KNOTS('',3,(#1678,#1679,#1680,#1681),
 .UNSPECIFIED.,.F.,.F.,(4,4),(0.,0.0365662529522798),.UNSPECIFIED.);
#157=B_SPLINE_CURVE_WITH_KNOTS('',3,(#1687,#1688,#1689,#1690),
 .UNSPECIFIED.,.F.,.F.,(4,4),(0.,0.0368764817268874),.UNSPECIFIED.);
#158=B_SPLINE_CURVE_WITH_KNOTS('',3,(#1694,#1695,#1696,#1697),
 .UNSPECIFIED.,.F.,.F.,(4,4),(0.,0.0365662529522798),.UNSPECIFIED.);
#159=B_SPLINE_CURVE_WITH_KNOTS('',3,(#1704,#1705,#1706,#1707,#1708,#1709,
#1710,#1711,#1712,#1713,#1714,#1715,#1716,#1717,#1718,#1719,#1720,#1721,
#1722,#1723,#1724,#1725,#1726,#1727,#1728,#1729,#1730,#1731,#1732,#1733,
#1734,#1735,#1736,#1737),.UNSPECIFIED.,.T.,.F.,(1,1,1,1,1,1,1,1,1,1,1,1,
1,1,1,1,1,1,1,1,1,1,1,1,1,1,1,1,1,1,1,1,1,1,1,1,1,1),(-0.0422300639917637,
-0.0211150319958818,-0.010557515997941,0.,0.01484375,0.0296875,0.059375,
0.090546875,0.1061328125,0.12171875,0.152185546875,0.18265234375,0.213119140625,
0.2435859375,0.251769482421875,0.25995302734375,0.2763201171875,0.309054296875,
0.340378505859375,0.37170271484375,0.432643925292969,0.493585135742187,
0.559054256787109,0.621702712839356,0.652956424240662,0.684210135641968,
0.715460321212033,0.746710506782098,0.809210525339105,0.871710526266955,
0.915539872016473,0.957769936008236,0.978884968004118,0.989442484002059,
1.,1.01484375,1.0296875,1.059375),.UNSPECIFIED.);
#160=B_SPLINE_CURVE_WITH_KNOTS('',3,(#1739,#1740,#1741,#1742,#1743,#1744,
#1745,#1746,#1747,#1748,#1749),.UNSPECIFIED.,.T.,.F.,(1,1,1,1,1,1,1,1,1,
1,1,1,1,1,1),(-0.00469822872761919,-0.00313215248507943,-0.00156607624253967,
9.53348532356441E-17,0.00156607624253986,0.00313215248507962,0.00469822872761938,
0.00626430497015914,0.0078303812126989,0.00939645745523866,0.0109625336977784,
0.0125286099403182,0.0140946861828579,0.0156607624253977,0.0172268386679375),
 .UNSPECIFIED.);
#161=B_SPLINE_CURVE_WITH_KNOTS('',3,(#1796,#1797,#1798,#1799,#1800,#1801,
#1802,#1803,#1804,#1805,#1806),.UNSPECIFIED.,.T.,.F.,(1,1,1,1,1,1,1,1,1,
1,1,1,1,1,1),(-0.00469822872761918,-0.00313215248507942,-0.00156607624253966,
9.96522768216898E-17,0.00156607624253986,0.00313215248507962,0.00469822872761937,
0.00626430497015913,0.00783038121269889,0.00939645745523865,0.0109625336977784,
0.0125286099403182,0.0140946861828579,0.0156607624253977,0.0172268386679374),
 .UNSPECIFIED.);
#162=B_SPLINE_CURVE_WITH_KNOTS('',3,(#1808,#1809,#1810,#1811,#1812,#1813,
#1814,#1815,#1816,#1817,#1818),.UNSPECIFIED.,.T.,.F.,(1,1,1,1,1,1,1,1,1,
1,1,1,1,1,1),(-0.00469822872761918,-0.00313215248507942,-0.00156607624253966,
9.96522768216898E-17,0.00156607624253986,0.00313215248507962,0.00469822872761937,
0.00626430497015913,0.00783038121269889,0.00939645745523865,0.0109625336977784,
0.0125286099403182,0.0140946861828579,0.0156607624253977,0.0172268386679374),
 .UNSPECIFIED.);
#163=B_SPLINE_CURVE_WITH_KNOTS('',3,(#1823,#1824,#1825,#1826),
 .UNSPECIFIED.,.F.,.F.,(4,4),(0.0268128197154321,0.0509859338785597),
 .UNSPECIFIED.);
#164=B_SPLINE_CURVE_WITH_KNOTS('',3,(#1828,#1829,#1830,#1831,#1832,#1833,
#1834,#1835,#1836,#1837,#1838),.UNSPECIFIED.,.F.,.F.,(4,1,1,1,1,1,1,1,4),
(5.9370014893408E-7,0.00210137853901996,0.00420216337789099,0.00630294821676202,
0.00840373305563304,0.0105045178945041,0.0126053027333751,0.0147060875722461,
0.0168068724111172),.UNSPECIFIED.);
#165=B_SPLINE_CURVE_WITH_KNOTS('',3,(#1840,#1841,#1842,#1843),
 .UNSPECIFIED.,.F.,.F.,(4,4),(0.0268128210291425,0.0509859351922748),
 .UNSPECIFIED.);
#166=B_SPLINE_CURVE_WITH_KNOTS('',3,(#1870,#1871,#1872,#1873,#1874,#1875,
#1876,#1877,#1878,#1879,#1880,#1881,#1882,#1883,#1884,#1885,#1886,#1887,
#1888,#1889,#1890,#1891,#1892,#1893,#1894,#1895,#1896,#1897,#1898,#1899,
#1900,#1901,#1902,#1903),.UNSPECIFIED.,.T.,.F.,(1,1,1,1,1,1,1,1,1,1,1,1,
1,1,1,1,1,1,1,1,1,1,1,1,1,1,1,1,1,1,1,1,1,1,1,1,1,1),(-0.0422300639917637,
-0.0211150319958818,-0.010557515997941,0.,0.01484375,0.0296875,0.059375,
0.090546875,0.1061328125,0.12171875,0.152185546875,0.18265234375,0.213119140625,
0.2435859375,0.251769482421875,0.25995302734375,0.2763201171875,0.309054296875,
0.340378505859375,0.37170271484375,0.432643925292969,0.493585135742187,
0.559054256787109,0.621702712839356,0.652956424240662,0.684210135641968,
0.715460321212033,0.746710506782098,0.809210525339105,0.871710526266955,
0.915539872016473,0.957769936008236,0.978884968004118,0.989442484002059,
1.,1.01484375,1.0296875,1.059375),.UNSPECIFIED.);
#167=B_SPLINE_CURVE_WITH_KNOTS('',3,(#1950,#1951,#1952,#1953,#1954,#1955,
#1956,#1957,#1958,#1959,#1960,#1961,#1962,#1963,#1964,#1965,#1966,#1967,
#1968,#1969,#1970,#1971,#1972,#1973,#1974,#1975,#1976,#1977,#1978,#1979,
#1980,#1981,#1982,#1983),.UNSPECIFIED.,.T.,.F.,(1,1,1,1,1,1,1,1,1,1,1,1,
1,1,1,1,1,1,1,1,1,1,1,1,1,1,1,1,1,1,1,1,1,1,1,1,1,1),(-0.0422300639917637,
-0.0211150319958818,-0.010557515997941,0.,0.01484375,0.0296875,0.059375,
0.090546875,0.1061328125,0.12171875,0.152185546875,0.18265234375,0.213119140625,
0.2435859375,0.251769482421875,0.25995302734375,0.2763201171875,0.309054296875,
0.340378505859375,0.37170271484375,0.432643925292969,0.493585135742187,
0.559054256787109,0.621702712839356,0.652956424240662,0.684210135641968,
0.715460321212033,0.746710506782098,0.809210525339105,0.871710526266955,
0.915539872016473,0.957769936008236,0.978884968004118,0.989442484002059,
1.,1.01484375,1.0296875,1.059375),.UNSPECIFIED.);
#168=B_SPLINE_CURVE_WITH_KNOTS('',3,(#2030,#2031,#2032,#2033),
 .UNSPECIFIED.,.F.,.F.,(4,4),(0.00128847448071997,0.00256369126180118),
 .UNSPECIFIED.);
#169=B_SPLINE_CURVE_WITH_KNOTS('',3,(#2035,#2036,#2037,#2038),
 .UNSPECIFIED.,.F.,.F.,(4,4),(0.00128847448072001,0.00256369126180119),
 .UNSPECIFIED.);
#170=B_SPLINE_CURVE_WITH_KNOTS('',3,(#2040,#2041,#2042,#2043),
 .UNSPECIFIED.,.F.,.F.,(4,4),(0.00128847448071997,0.00256369126180117),
 .UNSPECIFIED.);
#171=B_SPLINE_CURVE_WITH_KNOTS('',3,(#2045,#2046,#2047,#2048),
 .UNSPECIFIED.,.F.,.F.,(4,4),(0.00128847448071998,0.00256369126180117),
 .UNSPECIFIED.);
#172=B_SPLINE_CURVE_WITH_KNOTS('',3,(#2050,#2051,#2052,#2053),
 .UNSPECIFIED.,.F.,.F.,(4,4),(0.00128847448071996,0.00256369126180117),
 .UNSPECIFIED.);
#173=B_SPLINE_CURVE_WITH_KNOTS('',3,(#2055,#2056,#2057,#2058),
 .UNSPECIFIED.,.F.,.F.,(4,4),(0.00128847448071996,0.00256369126180116),
 .UNSPECIFIED.);
#174=B_SPLINE_CURVE_WITH_KNOTS('',3,(#2060,#2061,#2062,#2063),
 .UNSPECIFIED.,.F.,.F.,(4,4),(0.00128847448071997,0.00256369126180119),
 .UNSPECIFIED.);
#175=B_SPLINE_CURVE_WITH_KNOTS('',3,(#2066,#2067,#2068,#2069),
 .UNSPECIFIED.,.F.,.F.,(4,4),(0.,0.00107493622804154),.UNSPECIFIED.);
#176=B_SPLINE_CURVE_WITH_KNOTS('',3,(#2073,#2074,#2075,#2076),
 .UNSPECIFIED.,.F.,.F.,(4,4),(-0.000188948982677562,0.000125524399340251),
 .UNSPECIFIED.);
#177=B_SPLINE_CURVE_WITH_KNOTS('',3,(#2079,#2080,#2081,#2082),
 .UNSPECIFIED.,.F.,.F.,(4,4),(0.,0.00107493622804154),.UNSPECIFIED.);
#178=B_SPLINE_CURVE_WITH_KNOTS('',3,(#2086,#2087,#2088,#2089),
 .UNSPECIFIED.,.F.,.F.,(4,4),(7.35980840008019E-18,0.00107493622804156),
 .UNSPECIFIED.);
#179=B_SPLINE_CURVE_WITH_KNOTS('',3,(#2092,#2093,#2094,#2095),
 .UNSPECIFIED.,.F.,.F.,(4,4),(-0.000188948982677555,0.000125524399340265),
 .UNSPECIFIED.);
#180=B_SPLINE_CURVE_WITH_KNOTS('',3,(#2097,#2098,#2099,#2100),
 .UNSPECIFIED.,.F.,.F.,(4,4),(0.,0.00107493622804154),.UNSPECIFIED.);
#181=B_SPLINE_CURVE_WITH_KNOTS('',3,(#2103,#2104,#2105,#2106),
 .UNSPECIFIED.,.F.,.F.,(4,4),(-0.000188948982677564,0.000125524399340247),
 .UNSPECIFIED.);
#182=B_SPLINE_CURVE_WITH_KNOTS('',3,(#2108,#2109,#2110,#2111),
 .UNSPECIFIED.,.F.,.F.,(4,4),(0.,0.00107493622804157),.UNSPECIFIED.);
#183=B_SPLINE_CURVE_WITH_KNOTS('',3,(#2114,#2115,#2116,#2117),
 .UNSPECIFIED.,.F.,.F.,(4,4),(-0.000188948982677567,0.000125524399340247),
 .UNSPECIFIED.);
#184=B_SPLINE_CURVE_WITH_KNOTS('',3,(#2119,#2120,#2121,#2122),
 .UNSPECIFIED.,.F.,.F.,(4,4),(0.,0.00107493622804154),.UNSPECIFIED.);
#185=B_SPLINE_CURVE_WITH_KNOTS('',3,(#2125,#2126,#2127,#2128),
 .UNSPECIFIED.,.F.,.F.,(4,4),(-0.000188948982677553,0.000125524399340253),
 .UNSPECIFIED.);
#186=B_SPLINE_CURVE_WITH_KNOTS('',3,(#2130,#2131,#2132,#2133),
 .UNSPECIFIED.,.F.,.F.,(4,4),(-0.000657395804402311,0.000656799346485113),
 .UNSPECIFIED.);
#187=B_SPLINE_CURVE_WITH_KNOTS('',3,(#2134,#2135,#2136,#2137),
 .UNSPECIFIED.,.F.,.F.,(4,4),(-0.000188948982677573,0.000125524399340241),
 .UNSPECIFIED.);
#188=CONICAL_SURFACE('',#1218,0.0151,0.0872664625997167);
#189=CONICAL_SURFACE('',#1246,0.01115,0.0112495254266624);
#190=DEGENERATE_TOROIDAL_SURFACE('',#1216,0.0330492189994601,0.0519999999999994,
 .F.);
#191=ORIENTED_EDGE('',*,*,#431,.T.);
#192=ORIENTED_EDGE('',*,*,#432,.F.);
#193=ORIENTED_EDGE('',*,*,#433,.T.);
#194=ORIENTED_EDGE('',*,*,#431,.F.);
#195=ORIENTED_EDGE('',*,*,#434,.F.);
#196=ORIENTED_EDGE('',*,*,#435,.T.);
#197=ORIENTED_EDGE('',*,*,#436,.F.);
#198=ORIENTED_EDGE('',*,*,#437,.T.);
#199=ORIENTED_EDGE('',*,*,#438,.F.);
#200=ORIENTED_EDGE('',*,*,#439,.T.);
#201=ORIENTED_EDGE('',*,*,#440,.F.);
#202=ORIENTED_EDGE('',*,*,#441,.T.);
#203=ORIENTED_EDGE('',*,*,#442,.F.);
#204=ORIENTED_EDGE('',*,*,#443,.T.);
#205=ORIENTED_EDGE('',*,*,#444,.F.);
#206=ORIENTED_EDGE('',*,*,#445,.T.);
#207=ORIENTED_EDGE('',*,*,#446,.F.);
#208=ORIENTED_EDGE('',*,*,#447,.T.);
#209=ORIENTED_EDGE('',*,*,#448,.F.);
#210=ORIENTED_EDGE('',*,*,#449,.T.);
#211=ORIENTED_EDGE('',*,*,#450,.T.);
#212=ORIENTED_EDGE('',*,*,#451,.F.);
#213=ORIENTED_EDGE('',*,*,#452,.T.);
#214=ORIENTED_EDGE('',*,*,#433,.F.);
#215=ORIENTED_EDGE('',*,*,#453,.T.);
#216=ORIENTED_EDGE('',*,*,#453,.F.);
#217=ORIENTED_EDGE('',*,*,#454,.T.);
#218=ORIENTED_EDGE('',*,*,#432,.T.);
#219=ORIENTED_EDGE('',*,*,#454,.F.);
#220=ORIENTED_EDGE('',*,*,#455,.F.);
#221=ORIENTED_EDGE('',*,*,#456,.T.);
#222=ORIENTED_EDGE('',*,*,#457,.T.);
#223=ORIENTED_EDGE('',*,*,#458,.T.);
#224=ORIENTED_EDGE('',*,*,#459,.T.);
#225=ORIENTED_EDGE('',*,*,#460,.T.);
#226=ORIENTED_EDGE('',*,*,#444,.T.);
#227=ORIENTED_EDGE('',*,*,#461,.T.);
#228=ORIENTED_EDGE('',*,*,#462,.T.);
#229=ORIENTED_EDGE('',*,*,#463,.T.);
#230=ORIENTED_EDGE('',*,*,#464,.T.);
#231=ORIENTED_EDGE('',*,*,#465,.F.);
#232=ORIENTED_EDGE('',*,*,#466,.T.);
#233=ORIENTED_EDGE('',*,*,#467,.T.);
#234=ORIENTED_EDGE('',*,*,#468,.T.);
#235=ORIENTED_EDGE('',*,*,#469,.T.);
#236=ORIENTED_EDGE('',*,*,#470,.T.);
#237=ORIENTED_EDGE('',*,*,#436,.T.);
#238=ORIENTED_EDGE('',*,*,#471,.T.);
#239=ORIENTED_EDGE('',*,*,#472,.T.);
#240=ORIENTED_EDGE('',*,*,#473,.T.);
#241=ORIENTED_EDGE('',*,*,#448,.T.);
#242=ORIENTED_EDGE('',*,*,#474,.F.);
#243=ORIENTED_EDGE('',*,*,#475,.T.);
#244=ORIENTED_EDGE('',*,*,#476,.T.);
#245=ORIENTED_EDGE('',*,*,#434,.T.);
#246=ORIENTED_EDGE('',*,*,#477,.T.);
#247=ORIENTED_EDGE('',*,*,#451,.T.);
#248=ORIENTED_EDGE('',*,*,#478,.T.);
#249=ORIENTED_EDGE('',*,*,#479,.F.);
#250=ORIENTED_EDGE('',*,*,#480,.T.);
#251=ORIENTED_EDGE('',*,*,#481,.T.);
#252=ORIENTED_EDGE('',*,*,#482,.T.);
#253=ORIENTED_EDGE('',*,*,#483,.T.);
#254=ORIENTED_EDGE('',*,*,#484,.T.);
#255=ORIENTED_EDGE('',*,*,#438,.T.);
#256=ORIENTED_EDGE('',*,*,#485,.T.);
#257=ORIENTED_EDGE('',*,*,#486,.T.);
#258=ORIENTED_EDGE('',*,*,#487,.T.);
#259=ORIENTED_EDGE('',*,*,#488,.T.);
#260=ORIENTED_EDGE('',*,*,#489,.T.);
#261=ORIENTED_EDGE('',*,*,#440,.T.);
#262=ORIENTED_EDGE('',*,*,#490,.T.);
#263=ORIENTED_EDGE('',*,*,#491,.T.);
#264=ORIENTED_EDGE('',*,*,#492,.T.);
#265=ORIENTED_EDGE('',*,*,#493,.T.);
#266=ORIENTED_EDGE('',*,*,#494,.T.);
#267=ORIENTED_EDGE('',*,*,#442,.T.);
#268=ORIENTED_EDGE('',*,*,#495,.T.);
#269=ORIENTED_EDGE('',*,*,#496,.T.);
#270=ORIENTED_EDGE('',*,*,#497,.T.);
#271=ORIENTED_EDGE('',*,*,#498,.T.);
#272=ORIENTED_EDGE('',*,*,#499,.T.);
#273=ORIENTED_EDGE('',*,*,#446,.T.);
#274=ORIENTED_EDGE('',*,*,#500,.F.);
#275=ORIENTED_EDGE('',*,*,#501,.T.);
#276=ORIENTED_EDGE('',*,*,#502,.F.);
#277=ORIENTED_EDGE('',*,*,#455,.T.);
#278=ORIENTED_EDGE('',*,*,#501,.F.);
#279=ORIENTED_EDGE('',*,*,#503,.T.);
#280=ORIENTED_EDGE('',*,*,#504,.T.);
#281=ORIENTED_EDGE('',*,*,#502,.T.);
#282=ORIENTED_EDGE('',*,*,#505,.F.);
#283=ORIENTED_EDGE('',*,*,#506,.T.);
#284=ORIENTED_EDGE('',*,*,#507,.F.);
#285=ORIENTED_EDGE('',*,*,#508,.T.);
#286=ORIENTED_EDGE('',*,*,#500,.T.);
#287=ORIENTED_EDGE('',*,*,#464,.F.);
#288=ORIENTED_EDGE('',*,*,#509,.T.);
#289=ORIENTED_EDGE('',*,*,#510,.F.);
#290=ORIENTED_EDGE('',*,*,#508,.F.);
#291=ORIENTED_EDGE('',*,*,#511,.F.);
#292=ORIENTED_EDGE('',*,*,#512,.F.);
#293=ORIENTED_EDGE('',*,*,#465,.T.);
#294=ORIENTED_EDGE('',*,*,#511,.T.);
#295=ORIENTED_EDGE('',*,*,#507,.T.);
#296=ORIENTED_EDGE('',*,*,#466,.F.);
#297=ORIENTED_EDGE('',*,*,#512,.T.);
#298=ORIENTED_EDGE('',*,*,#506,.F.);
#299=ORIENTED_EDGE('',*,*,#513,.F.);
#300=ORIENTED_EDGE('',*,*,#514,.T.);
#301=ORIENTED_EDGE('',*,*,#515,.T.);
#302=ORIENTED_EDGE('',*,*,#467,.F.);
#303=ORIENTED_EDGE('',*,*,#513,.T.);
#304=ORIENTED_EDGE('',*,*,#505,.T.);
#305=ORIENTED_EDGE('',*,*,#510,.T.);
#306=ORIENTED_EDGE('',*,*,#516,.T.);
#307=ORIENTED_EDGE('',*,*,#517,.T.);
#308=ORIENTED_EDGE('',*,*,#518,.T.);
#309=ORIENTED_EDGE('',*,*,#519,.T.);
#310=ORIENTED_EDGE('',*,*,#520,.T.);
#311=ORIENTED_EDGE('',*,*,#521,.T.);
#312=ORIENTED_EDGE('',*,*,#522,.T.);
#313=ORIENTED_EDGE('',*,*,#504,.F.);
#314=ORIENTED_EDGE('',*,*,#479,.T.);
#315=ORIENTED_EDGE('',*,*,#522,.F.);
#316=ORIENTED_EDGE('',*,*,#523,.T.);
#317=ORIENTED_EDGE('',*,*,#503,.F.);
#318=ORIENTED_EDGE('',*,*,#474,.T.);
#319=ORIENTED_EDGE('',*,*,#523,.F.);
#320=ORIENTED_EDGE('',*,*,#447,.F.);
#321=ORIENTED_EDGE('',*,*,#499,.F.);
#322=ORIENTED_EDGE('',*,*,#524,.T.);
#323=ORIENTED_EDGE('',*,*,#471,.F.);
#324=ORIENTED_EDGE('',*,*,#445,.F.);
#325=ORIENTED_EDGE('',*,*,#460,.F.);
#326=ORIENTED_EDGE('',*,*,#525,.T.);
#327=ORIENTED_EDGE('',*,*,#495,.F.);
#328=ORIENTED_EDGE('',*,*,#443,.F.);
#329=ORIENTED_EDGE('',*,*,#494,.F.);
#330=ORIENTED_EDGE('',*,*,#526,.T.);
#331=ORIENTED_EDGE('',*,*,#456,.F.);
#332=ORIENTED_EDGE('',*,*,#441,.F.);
#333=ORIENTED_EDGE('',*,*,#489,.F.);
#334=ORIENTED_EDGE('',*,*,#527,.T.);
#335=ORIENTED_EDGE('',*,*,#490,.F.);
#336=ORIENTED_EDGE('',*,*,#439,.F.);
#337=ORIENTED_EDGE('',*,*,#484,.F.);
#338=ORIENTED_EDGE('',*,*,#528,.T.);
#339=ORIENTED_EDGE('',*,*,#485,.F.);
#340=ORIENTED_EDGE('',*,*,#437,.F.);
#341=ORIENTED_EDGE('',*,*,#470,.F.);
#342=ORIENTED_EDGE('',*,*,#529,.T.);
#343=ORIENTED_EDGE('',*,*,#480,.F.);
#344=ORIENTED_EDGE('',*,*,#435,.F.);
#345=ORIENTED_EDGE('',*,*,#476,.F.);
#346=ORIENTED_EDGE('',*,*,#530,.T.);
#347=ORIENTED_EDGE('',*,*,#461,.F.);
#348=ORIENTED_EDGE('',*,*,#452,.F.);
#349=ORIENTED_EDGE('',*,*,#477,.F.);
#350=ORIENTED_EDGE('',*,*,#463,.F.);
#351=ORIENTED_EDGE('',*,*,#531,.T.);
#352=ORIENTED_EDGE('',*,*,#532,.F.);
#353=ORIENTED_EDGE('',*,*,#516,.F.);
#354=ORIENTED_EDGE('',*,*,#509,.F.);
#355=ORIENTED_EDGE('',*,*,#532,.T.);
#356=ORIENTED_EDGE('',*,*,#533,.T.);
#357=ORIENTED_EDGE('',*,*,#478,.F.);
#358=ORIENTED_EDGE('',*,*,#450,.F.);
#359=ORIENTED_EDGE('',*,*,#534,.F.);
#360=ORIENTED_EDGE('',*,*,#517,.F.);
#361=ORIENTED_EDGE('',*,*,#473,.F.);
#362=ORIENTED_EDGE('',*,*,#535,.T.);
#363=ORIENTED_EDGE('',*,*,#536,.F.);
#364=ORIENTED_EDGE('',*,*,#518,.F.);
#365=ORIENTED_EDGE('',*,*,#534,.T.);
#366=ORIENTED_EDGE('',*,*,#449,.F.);
#367=ORIENTED_EDGE('',*,*,#497,.F.);
#368=ORIENTED_EDGE('',*,*,#537,.T.);
#369=ORIENTED_EDGE('',*,*,#538,.F.);
#370=ORIENTED_EDGE('',*,*,#519,.F.);
#371=ORIENTED_EDGE('',*,*,#536,.T.);
#372=ORIENTED_EDGE('',*,*,#539,.T.);
#373=ORIENTED_EDGE('',*,*,#458,.F.);
#374=ORIENTED_EDGE('',*,*,#540,.T.);
#375=ORIENTED_EDGE('',*,*,#541,.F.);
#376=ORIENTED_EDGE('',*,*,#520,.F.);
#377=ORIENTED_EDGE('',*,*,#538,.T.);
#378=ORIENTED_EDGE('',*,*,#542,.T.);
#379=ORIENTED_EDGE('',*,*,#492,.F.);
#380=ORIENTED_EDGE('',*,*,#543,.T.);
#381=ORIENTED_EDGE('',*,*,#544,.F.);
#382=ORIENTED_EDGE('',*,*,#521,.F.);
#383=ORIENTED_EDGE('',*,*,#541,.T.);
#384=ORIENTED_EDGE('',*,*,#545,.T.);
#385=ORIENTED_EDGE('',*,*,#487,.F.);
#386=ORIENTED_EDGE('',*,*,#546,.T.);
#387=ORIENTED_EDGE('',*,*,#547,.F.);
#388=ORIENTED_EDGE('',*,*,#514,.F.);
#389=ORIENTED_EDGE('',*,*,#544,.T.);
#390=ORIENTED_EDGE('',*,*,#548,.T.);
#391=ORIENTED_EDGE('',*,*,#482,.F.);
#392=ORIENTED_EDGE('',*,*,#549,.T.);
#393=ORIENTED_EDGE('',*,*,#468,.F.);
#394=ORIENTED_EDGE('',*,*,#515,.F.);
#395=ORIENTED_EDGE('',*,*,#547,.T.);
#396=ORIENTED_EDGE('',*,*,#550,.T.);
#397=ORIENTED_EDGE('',*,*,#475,.F.);
#398=ORIENTED_EDGE('',*,*,#533,.F.);
#399=ORIENTED_EDGE('',*,*,#531,.F.);
#400=ORIENTED_EDGE('',*,*,#462,.F.);
#401=ORIENTED_EDGE('',*,*,#530,.F.);
#402=ORIENTED_EDGE('',*,*,#469,.F.);
#403=ORIENTED_EDGE('',*,*,#549,.F.);
#404=ORIENTED_EDGE('',*,*,#481,.F.);
#405=ORIENTED_EDGE('',*,*,#529,.F.);
#406=ORIENTED_EDGE('',*,*,#483,.F.);
#407=ORIENTED_EDGE('',*,*,#550,.F.);
#408=ORIENTED_EDGE('',*,*,#546,.F.);
#409=ORIENTED_EDGE('',*,*,#486,.F.);
#410=ORIENTED_EDGE('',*,*,#528,.F.);
#411=ORIENTED_EDGE('',*,*,#488,.F.);
#412=ORIENTED_EDGE('',*,*,#548,.F.);
#413=ORIENTED_EDGE('',*,*,#543,.F.);
#414=ORIENTED_EDGE('',*,*,#491,.F.);
#415=ORIENTED_EDGE('',*,*,#527,.F.);
#416=ORIENTED_EDGE('',*,*,#493,.F.);
#417=ORIENTED_EDGE('',*,*,#545,.F.);
#418=ORIENTED_EDGE('',*,*,#540,.F.);
#419=ORIENTED_EDGE('',*,*,#457,.F.);
#420=ORIENTED_EDGE('',*,*,#526,.F.);
#421=ORIENTED_EDGE('',*,*,#459,.F.);
#422=ORIENTED_EDGE('',*,*,#542,.F.);
#423=ORIENTED_EDGE('',*,*,#537,.F.);
#424=ORIENTED_EDGE('',*,*,#496,.F.);
#425=ORIENTED_EDGE('',*,*,#525,.F.);
#426=ORIENTED_EDGE('',*,*,#498,.F.);
#427=ORIENTED_EDGE('',*,*,#539,.F.);
#428=ORIENTED_EDGE('',*,*,#535,.F.);
#429=ORIENTED_EDGE('',*,*,#472,.F.);
#430=ORIENTED_EDGE('',*,*,#524,.F.);
#431=EDGE_CURVE('',#551,#551,#636,.T.);
#432=EDGE_CURVE('',#552,#552,#637,.T.);
#433=EDGE_CURVE('',#553,#553,#638,.T.);
#434=EDGE_CURVE('',#554,#555,#133,.T.);
#435=EDGE_CURVE('',#554,#556,#122,.T.);
#436=EDGE_CURVE('',#557,#556,#134,.T.);
#437=EDGE_CURVE('',#557,#558,#123,.T.);
#438=EDGE_CURVE('',#559,#558,#135,.T.);
#439=EDGE_CURVE('',#559,#560,#124,.T.);
#440=EDGE_CURVE('',#561,#560,#136,.T.);
#441=EDGE_CURVE('',#561,#562,#125,.T.);
#442=EDGE_CURVE('',#563,#562,#137,.T.);
#443=EDGE_CURVE('',#563,#564,#126,.T.);
#444=EDGE_CURVE('',#565,#564,#138,.T.);
#445=EDGE_CURVE('',#565,#566,#127,.T.);
#446=EDGE_CURVE('',#567,#566,#139,.T.);
#447=EDGE_CURVE('',#567,#568,#128,.T.);
#448=EDGE_CURVE('',#569,#568,#140,.T.);
#449=EDGE_CURVE('',#569,#570,#129,.T.);
#450=EDGE_CURVE('',#570,#571,#130,.T.);
#451=EDGE_CURVE('',#572,#571,#141,.T.);
#452=EDGE_CURVE('',#572,#555,#131,.T.);
#453=EDGE_CURVE('',#573,#573,#639,.T.);
#454=EDGE_CURVE('',#574,#574,#640,.T.);
#455=EDGE_CURVE('',#575,#575,#142,.T.);
#456=EDGE_CURVE('',#564,#576,#22,.F.);
#457=EDGE_CURVE('',#576,#577,#143,.T.);
#458=EDGE_CURVE('',#577,#578,#23,.F.);
#459=EDGE_CURVE('',#578,#579,#144,.T.);
#460=EDGE_CURVE('',#579,#565,#24,.F.);
#461=EDGE_CURVE('',#556,#580,#25,.F.);
#462=EDGE_CURVE('',#580,#581,#145,.T.);
#463=EDGE_CURVE('',#581,#582,#26,.F.);
#464=EDGE_CURVE('',#582,#583,#27,.F.);
#465=EDGE_CURVE('',#584,#583,#132,.F.);
#466=EDGE_CURVE('',#584,#585,#28,.F.);
#467=EDGE_CURVE('',#585,#586,#29,.F.);
#468=EDGE_CURVE('',#586,#587,#30,.T.);
#469=EDGE_CURVE('',#587,#588,#146,.T.);
#470=EDGE_CURVE('',#588,#557,#31,.F.);
#471=EDGE_CURVE('',#568,#589,#32,.F.);
#472=EDGE_CURVE('',#589,#590,#147,.T.);
#473=EDGE_CURVE('',#590,#569,#33,.F.);
#474=EDGE_CURVE('',#591,#591,#148,.T.);
#475=EDGE_CURVE('',#592,#593,#149,.T.);
#476=EDGE_CURVE('',#593,#554,#34,.F.);
#477=EDGE_CURVE('',#555,#572,#35,.F.);
#478=EDGE_CURVE('',#571,#592,#36,.F.);
#479=EDGE_CURVE('',#594,#594,#150,.T.);
#480=EDGE_CURVE('',#558,#595,#37,.F.);
#481=EDGE_CURVE('',#595,#596,#151,.T.);
#482=EDGE_CURVE('',#596,#597,#38,.F.);
#483=EDGE_CURVE('',#597,#598,#152,.T.);
#484=EDGE_CURVE('',#598,#559,#39,.F.);
#485=EDGE_CURVE('',#560,#599,#40,.F.);
#486=EDGE_CURVE('',#599,#600,#153,.T.);
#487=EDGE_CURVE('',#600,#601,#41,.F.);
#488=EDGE_CURVE('',#601,#602,#154,.T.);
#489=EDGE_CURVE('',#602,#561,#42,.F.);
#490=EDGE_CURVE('',#562,#603,#43,.F.);
#491=EDGE_CURVE('',#603,#604,#155,.T.);
#492=EDGE_CURVE('',#604,#605,#44,.F.);
#493=EDGE_CURVE('',#605,#606,#156,.T.);
#494=EDGE_CURVE('',#606,#563,#45,.F.);
#495=EDGE_CURVE('',#566,#607,#46,.F.);
#496=EDGE_CURVE('',#607,#608,#157,.T.);
#497=EDGE_CURVE('',#608,#609,#47,.F.);
#498=EDGE_CURVE('',#609,#610,#158,.T.);
#499=EDGE_CURVE('',#610,#567,#48,.F.);
#500=EDGE_CURVE('',#611,#611,#641,.T.);
#501=EDGE_CURVE('',#612,#612,#159,.T.);
#502=EDGE_CURVE('',#613,#613,#160,.T.);
#503=EDGE_CURVE('',#614,#614,#161,.T.);
#504=EDGE_CURVE('',#615,#615,#162,.T.);
#505=EDGE_CURVE('',#616,#617,#642,.T.);
#506=EDGE_CURVE('',#616,#618,#163,.T.);
#507=EDGE_CURVE('',#619,#618,#164,.T.);
#508=EDGE_CURVE('',#619,#617,#165,.T.);
#509=EDGE_CURVE('',#582,#620,#49,.F.);
#510=EDGE_CURVE('',#617,#620,#50,.T.);
#511=EDGE_CURVE('',#583,#619,#51,.T.);
#512=EDGE_CURVE('',#584,#618,#52,.T.);
#513=EDGE_CURVE('',#585,#616,#53,.T.);
#514=EDGE_CURVE('',#621,#622,#54,.T.);
#515=EDGE_CURVE('',#622,#586,#55,.T.);
#516=EDGE_CURVE('',#620,#623,#56,.T.);
#517=EDGE_CURVE('',#623,#624,#57,.T.);
#518=EDGE_CURVE('',#624,#625,#58,.T.);
#519=EDGE_CURVE('',#625,#626,#59,.T.);
#520=EDGE_CURVE('',#626,#627,#60,.T.);
#521=EDGE_CURVE('',#627,#621,#61,.T.);
#522=EDGE_CURVE('',#628,#628,#166,.T.);
#523=EDGE_CURVE('',#629,#629,#167,.T.);
#524=EDGE_CURVE('',#610,#589,#168,.T.);
#525=EDGE_CURVE('',#579,#607,#169,.T.);
#526=EDGE_CURVE('',#606,#576,#170,.T.);
#527=EDGE_CURVE('',#602,#603,#171,.T.);
#528=EDGE_CURVE('',#598,#599,#172,.T.);
#529=EDGE_CURVE('',#588,#595,#173,.T.);
#530=EDGE_CURVE('',#593,#580,#174,.T.);
#531=EDGE_CURVE('',#581,#630,#175,.T.);
#532=EDGE_CURVE('',#623,#630,#62,.F.);
#533=EDGE_CURVE('',#630,#592,#176,.T.);
#534=EDGE_CURVE('',#624,#570,#63,.F.);
#535=EDGE_CURVE('',#590,#631,#177,.T.);
#536=EDGE_CURVE('',#625,#631,#64,.F.);
#537=EDGE_CURVE('',#608,#632,#178,.T.);
#538=EDGE_CURVE('',#626,#632,#65,.F.);
#539=EDGE_CURVE('',#631,#609,#179,.T.);
#540=EDGE_CURVE('',#577,#633,#180,.T.);
#541=EDGE_CURVE('',#627,#633,#66,.F.);
#542=EDGE_CURVE('',#632,#578,#181,.T.);
#543=EDGE_CURVE('',#604,#634,#182,.T.);
#544=EDGE_CURVE('',#621,#634,#67,.F.);
#545=EDGE_CURVE('',#633,#605,#183,.T.);
#546=EDGE_CURVE('',#600,#635,#184,.T.);
#547=EDGE_CURVE('',#622,#635,#68,.F.);
#548=EDGE_CURVE('',#634,#601,#185,.T.);
#549=EDGE_CURVE('',#596,#587,#186,.T.);
#550=EDGE_CURVE('',#635,#597,#187,.T.);
#551=VERTEX_POINT('',#1436);
#552=VERTEX_POINT('',#1438);
#553=VERTEX_POINT('',#1441);
#554=VERTEX_POINT('',#1447);
#555=VERTEX_POINT('',#1448);
#556=VERTEX_POINT('',#1450);
#557=VERTEX_POINT('',#1455);
#558=VERTEX_POINT('',#1457);
#559=VERTEX_POINT('',#1462);
#560=VERTEX_POINT('',#1464);
#561=VERTEX_POINT('',#1469);
#562=VERTEX_POINT('',#1471);
#563=VERTEX_POINT('',#1476);
#564=VERTEX_POINT('',#1478);
#565=VERTEX_POINT('',#1483);
#566=VERTEX_POINT('',#1485);
#567=VERTEX_POINT('',#1490);
#568=VERTEX_POINT('',#1492);
#569=VERTEX_POINT('',#1497);
#570=VERTEX_POINT('',#1499);
#571=VERTEX_POINT('',#1501);
#572=VERTEX_POINT('',#1506);
#573=VERTEX_POINT('',#1510);
#574=VERTEX_POINT('',#1513);
#575=VERTEX_POINT('',#1535);
#576=VERTEX_POINT('',#1537);
#577=VERTEX_POINT('',#1542);
#578=VERTEX_POINT('',#1544);
#579=VERTEX_POINT('',#1549);
#580=VERTEX_POINT('',#1553);
#581=VERTEX_POINT('',#1558);
#582=VERTEX_POINT('',#1560);
#583=VERTEX_POINT('',#1562);
#584=VERTEX_POINT('',#1564);
#585=VERTEX_POINT('',#1566);
#586=VERTEX_POINT('',#1568);
#587=VERTEX_POINT('',#1570);
#588=VERTEX_POINT('',#1575);
#589=VERTEX_POINT('',#1579);
#590=VERTEX_POINT('',#1584);
#591=VERTEX_POINT('',#1606);
#592=VERTEX_POINT('',#1611);
#593=VERTEX_POINT('',#1612);
#594=VERTEX_POINT('',#1636);
#595=VERTEX_POINT('',#1638);
#596=VERTEX_POINT('',#1643);
#597=VERTEX_POINT('',#1645);
#598=VERTEX_POINT('',#1650);
#599=VERTEX_POINT('',#1654);
#600=VERTEX_POINT('',#1659);
#601=VERTEX_POINT('',#1661);
#602=VERTEX_POINT('',#1666);
#603=VERTEX_POINT('',#1670);
#604=VERTEX_POINT('',#1675);
#605=VERTEX_POINT('',#1677);
#606=VERTEX_POINT('',#1682);
#607=VERTEX_POINT('',#1686);
#608=VERTEX_POINT('',#1691);
#609=VERTEX_POINT('',#1693);
#610=VERTEX_POINT('',#1698);
#611=VERTEX_POINT('',#1702);
#612=VERTEX_POINT('',#1738);
#613=VERTEX_POINT('',#1750);
#614=VERTEX_POINT('',#1807);
#615=VERTEX_POINT('',#1819);
#616=VERTEX_POINT('',#1821);
#617=VERTEX_POINT('',#1822);
#618=VERTEX_POINT('',#1827);
#619=VERTEX_POINT('',#1839);
#620=VERTEX_POINT('',#1846);
#621=VERTEX_POINT('',#1855);
#622=VERTEX_POINT('',#1856);
#623=VERTEX_POINT('',#1859);
#624=VERTEX_POINT('',#1861);
#625=VERTEX_POINT('',#1863);
#626=VERTEX_POINT('',#1865);
#627=VERTEX_POINT('',#1867);
#628=VERTEX_POINT('',#1904);
#629=VERTEX_POINT('',#1984);
#630=VERTEX_POINT('',#2070);
#631=VERTEX_POINT('',#2083);
#632=VERTEX_POINT('',#2090);
#633=VERTEX_POINT('',#2101);
#634=VERTEX_POINT('',#2112);
#635=VERTEX_POINT('',#2123);
#636=CIRCLE('',#1214,0.01895);
#637=CIRCLE('',#1215,0.01495);
#638=CIRCLE('',#1217,0.0187529053013101);
#639=CIRCLE('',#1230,0.01495);
#640=CIRCLE('',#1232,0.01495);
#641=CIRCLE('',#1244,0.01115);
#642=CIRCLE('',#1247,0.0116);
#643=EDGE_LOOP('',(#191));
#644=EDGE_LOOP('',(#192));
#645=EDGE_LOOP('',(#193));
#646=EDGE_LOOP('',(#194));
#647=EDGE_LOOP('',(#195,#196,#197,#198,#199,#200,#201,#202,#203,#204,#205,
#206,#207,#208,#209,#210,#211,#212,#213));
#648=EDGE_LOOP('',(#214));
#649=EDGE_LOOP('',(#215));
#650=EDGE_LOOP('',(#216));
#651=EDGE_LOOP('',(#217));
#652=EDGE_LOOP('',(#218));
#653=EDGE_LOOP('',(#219));
#654=EDGE_LOOP('',(#220));
#655=EDGE_LOOP('',(#221,#222,#223,#224,#225,#226));
#656=EDGE_LOOP('',(#227,#228,#229,#230,#231,#232,#233,#234,#235,#236,#237));
#657=EDGE_LOOP('',(#238,#239,#240,#241));
#658=EDGE_LOOP('',(#242));
#659=EDGE_LOOP('',(#243,#244,#245,#246,#247,#248));
#660=EDGE_LOOP('',(#249));
#661=EDGE_LOOP('',(#250,#251,#252,#253,#254,#255));
#662=EDGE_LOOP('',(#256,#257,#258,#259,#260,#261));
#663=EDGE_LOOP('',(#262,#263,#264,#265,#266,#267));
#664=EDGE_LOOP('',(#268,#269,#270,#271,#272,#273));
#665=EDGE_LOOP('',(#274));
#666=EDGE_LOOP('',(#275));
#667=EDGE_LOOP('',(#276));
#668=EDGE_LOOP('',(#277));
#669=EDGE_LOOP('',(#278));
#670=EDGE_LOOP('',(#279));
#671=EDGE_LOOP('',(#280));
#672=EDGE_LOOP('',(#281));
#673=EDGE_LOOP('',(#282,#283,#284,#285));
#674=EDGE_LOOP('',(#286));
#675=EDGE_LOOP('',(#287,#288,#289,#290,#291));
#676=EDGE_LOOP('',(#292,#293,#294,#295));
#677=EDGE_LOOP('',(#296,#297,#298,#299));
#678=EDGE_LOOP('',(#300,#301,#302,#303,#304,#305,#306,#307,#308,#309,#310,
#311));
#679=EDGE_LOOP('',(#312));
#680=EDGE_LOOP('',(#313));
#681=EDGE_LOOP('',(#314));
#682=EDGE_LOOP('',(#315));
#683=EDGE_LOOP('',(#316));
#684=EDGE_LOOP('',(#317));
#685=EDGE_LOOP('',(#318));
#686=EDGE_LOOP('',(#319));
#687=EDGE_LOOP('',(#320,#321,#322,#323));
#688=EDGE_LOOP('',(#324,#325,#326,#327));
#689=EDGE_LOOP('',(#328,#329,#330,#331));
#690=EDGE_LOOP('',(#332,#333,#334,#335));
#691=EDGE_LOOP('',(#336,#337,#338,#339));
#692=EDGE_LOOP('',(#340,#341,#342,#343));
#693=EDGE_LOOP('',(#344,#345,#346,#347));
#694=EDGE_LOOP('',(#348,#349));
#695=EDGE_LOOP('',(#350,#351,#352,#353,#354));
#696=EDGE_LOOP('',(#355,#356,#357,#358,#359,#360));
#697=EDGE_LOOP('',(#361,#362,#363,#364,#365,#366));
#698=EDGE_LOOP('',(#367,#368,#369,#370,#371,#372));
#699=EDGE_LOOP('',(#373,#374,#375,#376,#377,#378));
#700=EDGE_LOOP('',(#379,#380,#381,#382,#383,#384));
#701=EDGE_LOOP('',(#385,#386,#387,#388,#389,#390));
#702=EDGE_LOOP('',(#391,#392,#393,#394,#395,#396));
#703=EDGE_LOOP('',(#397,#398,#399,#400,#401));
#704=EDGE_LOOP('',(#402,#403,#404,#405));
#705=EDGE_LOOP('',(#406,#407,#408,#409,#410));
#706=EDGE_LOOP('',(#411,#412,#413,#414,#415));
#707=EDGE_LOOP('',(#416,#417,#418,#419,#420));
#708=EDGE_LOOP('',(#421,#422,#423,#424,#425));
#709=EDGE_LOOP('',(#426,#427,#428,#429,#430));
#710=FACE_BOUND('',#643,.T.);
#711=FACE_BOUND('',#644,.T.);
#712=FACE_BOUND('',#645,.T.);
#713=FACE_BOUND('',#646,.T.);
#714=FACE_BOUND('',#647,.T.);
#715=FACE_BOUND('',#648,.T.);
#716=FACE_BOUND('',#649,.T.);
#717=FACE_BOUND('',#650,.T.);
#718=FACE_BOUND('',#651,.T.);
#719=FACE_BOUND('',#652,.T.);
#720=FACE_BOUND('',#653,.T.);
#721=FACE_BOUND('',#654,.T.);
#722=FACE_BOUND('',#655,.T.);
#723=FACE_BOUND('',#656,.T.);
#724=FACE_BOUND('',#657,.T.);
#725=FACE_BOUND('',#658,.T.);
#726=FACE_BOUND('',#659,.T.);
#727=FACE_BOUND('',#660,.T.);
#728=FACE_BOUND('',#661,.T.);
#729=FACE_BOUND('',#662,.T.);
#730=FACE_BOUND('',#663,.T.);
#731=FACE_BOUND('',#664,.T.);
#732=FACE_BOUND('',#665,.T.);
#733=FACE_BOUND('',#666,.T.);
#734=FACE_BOUND('',#667,.T.);
#735=FACE_BOUND('',#668,.T.);
#736=FACE_BOUND('',#669,.T.);
#737=FACE_BOUND('',#670,.T.);
#738=FACE_BOUND('',#671,.T.);
#739=FACE_BOUND('',#672,.T.);
#740=FACE_BOUND('',#673,.T.);
#741=FACE_BOUND('',#674,.T.);
#742=FACE_BOUND('',#675,.T.);
#743=FACE_BOUND('',#676,.T.);
#744=FACE_BOUND('',#677,.T.);
#745=FACE_BOUND('',#678,.T.);
#746=FACE_BOUND('',#679,.T.);
#747=FACE_BOUND('',#680,.T.);
#748=FACE_BOUND('',#681,.T.);
#749=FACE_BOUND('',#682,.T.);
#750=FACE_BOUND('',#683,.T.);
#751=FACE_BOUND('',#684,.T.);
#752=FACE_BOUND('',#685,.T.);
#753=FACE_BOUND('',#686,.T.);
#754=FACE_BOUND('',#687,.T.);
#755=FACE_BOUND('',#688,.T.);
#756=FACE_BOUND('',#689,.T.);
#757=FACE_BOUND('',#690,.T.);
#758=FACE_BOUND('',#691,.T.);
#759=FACE_BOUND('',#692,.T.);
#760=FACE_BOUND('',#693,.T.);
#761=FACE_BOUND('',#694,.T.);
#762=FACE_BOUND('',#695,.T.);
#763=FACE_BOUND('',#696,.T.);
#764=FACE_BOUND('',#697,.T.);
#765=FACE_BOUND('',#698,.T.);
#766=FACE_BOUND('',#699,.T.);
#767=FACE_BOUND('',#700,.T.);
#768=FACE_BOUND('',#701,.T.);
#769=FACE_BOUND('',#702,.T.);
#770=FACE_BOUND('',#703,.T.);
#771=FACE_BOUND('',#704,.T.);
#772=FACE_BOUND('',#705,.T.);
#773=FACE_BOUND('',#706,.T.);
#774=FACE_BOUND('',#707,.T.);
#775=FACE_BOUND('',#708,.T.);
#776=FACE_BOUND('',#709,.T.);
#777=PLANE('',#1213);
#778=PLANE('',#1229);
#779=PLANE('',#1234);
#780=PLANE('',#1235);
#781=PLANE('',#1237);
#782=PLANE('',#1238);
#783=PLANE('',#1239);
#784=PLANE('',#1240);
#785=PLANE('',#1241);
#786=PLANE('',#1242);
#787=PLANE('',#1243);
#788=PLANE('',#1248);
#789=PLANE('',#1250);
#790=PLANE('',#1251);
#791=PLANE('',#1254);
#792=PLANE('',#1255);
#793=PLANE('',#1256);
#794=PLANE('',#1257);
#795=PLANE('',#1258);
#796=PLANE('',#1259);
#797=PLANE('',#1260);
#798=PLANE('',#1261);
#799=PLANE('',#1262);
#800=PLANE('',#1263);
#801=PLANE('',#1264);
#802=PLANE('',#1265);
#803=PLANE('',#1266);
#804=PLANE('',#1267);
#805=PLANE('',#1268);
#806=PLANE('',#1269);
#807=OVER_RIDING_STYLED_ITEM('',(#908),#856,#906);
#808=OVER_RIDING_STYLED_ITEM('',(#909),#857,#906);
#809=OVER_RIDING_STYLED_ITEM('',(#910),#858,#906);
#810=OVER_RIDING_STYLED_ITEM('',(#911),#859,#906);
#811=OVER_RIDING_STYLED_ITEM('',(#912),#860,#906);
#812=OVER_RIDING_STYLED_ITEM('',(#913),#861,#906);
#813=OVER_RIDING_STYLED_ITEM('',(#914),#862,#906);
#814=OVER_RIDING_STYLED_ITEM('',(#915),#863,#906);
#815=OVER_RIDING_STYLED_ITEM('',(#916),#864,#906);
#816=OVER_RIDING_STYLED_ITEM('',(#917),#865,#906);
#817=OVER_RIDING_STYLED_ITEM('',(#918),#866,#906);
#818=OVER_RIDING_STYLED_ITEM('',(#919),#867,#906);
#819=OVER_RIDING_STYLED_ITEM('',(#920),#868,#906);
#820=OVER_RIDING_STYLED_ITEM('',(#921),#869,#906);
#821=OVER_RIDING_STYLED_ITEM('',(#922),#870,#906);
#822=OVER_RIDING_STYLED_ITEM('',(#923),#871,#906);
#823=OVER_RIDING_STYLED_ITEM('',(#924),#872,#906);
#824=OVER_RIDING_STYLED_ITEM('',(#925),#873,#906);
#825=OVER_RIDING_STYLED_ITEM('',(#926),#874,#906);
#826=OVER_RIDING_STYLED_ITEM('',(#927),#875,#906);
#827=OVER_RIDING_STYLED_ITEM('',(#928),#876,#906);
#828=OVER_RIDING_STYLED_ITEM('',(#929),#877,#906);
#829=OVER_RIDING_STYLED_ITEM('',(#930),#878,#906);
#830=OVER_RIDING_STYLED_ITEM('',(#931),#879,#906);
#831=OVER_RIDING_STYLED_ITEM('',(#932),#880,#906);
#832=OVER_RIDING_STYLED_ITEM('',(#933),#881,#906);
#833=OVER_RIDING_STYLED_ITEM('',(#934),#882,#906);
#834=OVER_RIDING_STYLED_ITEM('',(#935),#883,#906);
#835=OVER_RIDING_STYLED_ITEM('',(#936),#884,#906);
#836=OVER_RIDING_STYLED_ITEM('',(#937),#885,#906);
#837=OVER_RIDING_STYLED_ITEM('',(#938),#886,#906);
#838=OVER_RIDING_STYLED_ITEM('',(#939),#887,#906);
#839=OVER_RIDING_STYLED_ITEM('',(#940),#888,#906);
#840=OVER_RIDING_STYLED_ITEM('',(#941),#889,#906);
#841=OVER_RIDING_STYLED_ITEM('',(#942),#890,#906);
#842=OVER_RIDING_STYLED_ITEM('',(#943),#891,#906);
#843=OVER_RIDING_STYLED_ITEM('',(#944),#892,#906);
#844=OVER_RIDING_STYLED_ITEM('',(#945),#893,#906);
#845=OVER_RIDING_STYLED_ITEM('',(#946),#894,#906);
#846=OVER_RIDING_STYLED_ITEM('',(#947),#895,#906);
#847=OVER_RIDING_STYLED_ITEM('',(#948),#896,#906);
#848=OVER_RIDING_STYLED_ITEM('',(#949),#897,#906);
#849=OVER_RIDING_STYLED_ITEM('',(#950),#898,#906);
#850=OVER_RIDING_STYLED_ITEM('',(#951),#899,#906);
#851=OVER_RIDING_STYLED_ITEM('',(#952),#900,#906);
#852=OVER_RIDING_STYLED_ITEM('',(#953),#901,#906);
#853=OVER_RIDING_STYLED_ITEM('',(#954),#902,#906);
#854=OVER_RIDING_STYLED_ITEM('',(#955),#903,#906);
#855=OVER_RIDING_STYLED_ITEM('',(#956),#904,#906);
#856=ADVANCED_FACE('',(#710,#711),#777,.T.);
#857=ADVANCED_FACE('',(#712,#713),#190,.F.);
#858=ADVANCED_FACE('',(#714,#715),#188,.T.);
#859=ADVANCED_FACE('',(#716),#778,.T.);
#860=ADVANCED_FACE('',(#717,#718),#121,.F.);
#861=ADVANCED_FACE('',(#719,#720),#116,.F.);
#862=ADVANCED_FACE('',(#721,#722),#779,.F.);
#863=ADVANCED_FACE('',(#723),#780,.F.);
#864=ADVANCED_FACE('',(#724),#781,.F.);
#865=ADVANCED_FACE('',(#725,#726),#782,.F.);
#866=ADVANCED_FACE('',(#727,#728),#783,.F.);
#867=ADVANCED_FACE('',(#729),#784,.F.);
#868=ADVANCED_FACE('',(#730),#785,.F.);
#869=ADVANCED_FACE('',(#731),#786,.F.);
#870=ADVANCED_FACE('',(#732),#787,.T.);
#871=ADVANCED_FACE('',(#733,#734),#117,.F.);
#872=ADVANCED_FACE('',(#735,#736),#19,.T.);
#873=ADVANCED_FACE('',(#737,#738,#739,#740,#741),#189,.F.);
#874=ADVANCED_FACE('',(#742),#788,.F.);
#875=ADVANCED_FACE('',(#743),#118,.F.);
#876=ADVANCED_FACE('',(#744),#789,.F.);
#877=ADVANCED_FACE('',(#745),#790,.F.);
#878=ADVANCED_FACE('',(#746,#747),#119,.F.);
#879=ADVANCED_FACE('',(#748,#749),#20,.T.);
#880=ADVANCED_FACE('',(#750,#751),#120,.F.);
#881=ADVANCED_FACE('',(#752,#753),#21,.T.);
#882=ADVANCED_FACE('',(#754),#791,.F.);
#883=ADVANCED_FACE('',(#755),#792,.F.);
#884=ADVANCED_FACE('',(#756),#793,.F.);
#885=ADVANCED_FACE('',(#757),#794,.F.);
#886=ADVANCED_FACE('',(#758),#795,.F.);
#887=ADVANCED_FACE('',(#759),#796,.F.);
#888=ADVANCED_FACE('',(#760),#797,.F.);
#889=ADVANCED_FACE('',(#761),#798,.F.);
#890=ADVANCED_FACE('',(#762),#799,.F.);
#891=ADVANCED_FACE('',(#763),#800,.F.);
#892=ADVANCED_FACE('',(#764),#801,.F.);
#893=ADVANCED_FACE('',(#765),#802,.F.);
#894=ADVANCED_FACE('',(#766),#803,.F.);
#895=ADVANCED_FACE('',(#767),#804,.F.);
#896=ADVANCED_FACE('',(#768),#805,.F.);
#897=ADVANCED_FACE('',(#769),#806,.F.);
#898=ADVANCED_FACE('',(#770),#12,.T.);
#899=ADVANCED_FACE('',(#771),#13,.T.);
#900=ADVANCED_FACE('',(#772),#14,.T.);
#901=ADVANCED_FACE('',(#773),#15,.T.);
#902=ADVANCED_FACE('',(#774),#16,.T.);
#903=ADVANCED_FACE('',(#775),#17,.T.);
#904=ADVANCED_FACE('',(#776),#18,.T.);
#905=CLOSED_SHELL('',(#856,#857,#858,#859,#860,#861,#862,#863,#864,#865,
#866,#867,#868,#869,#870,#871,#872,#873,#874,#875,#876,#877,#878,#879,#880,
#881,#882,#883,#884,#885,#886,#887,#888,#889,#890,#891,#892,#893,#894,#895,
#896,#897,#898,#899,#900,#901,#902,#903,#904));
#906=STYLED_ITEM('',(#907),#1209);
#907=PRESENTATION_STYLE_ASSIGNMENT((#957));
#908=PRESENTATION_STYLE_ASSIGNMENT((#958));
#909=PRESENTATION_STYLE_ASSIGNMENT((#959));
#910=PRESENTATION_STYLE_ASSIGNMENT((#960));
#911=PRESENTATION_STYLE_ASSIGNMENT((#961));
#912=PRESENTATION_STYLE_ASSIGNMENT((#962));
#913=PRESENTATION_STYLE_ASSIGNMENT((#963));
#914=PRESENTATION_STYLE_ASSIGNMENT((#964));
#915=PRESENTATION_STYLE_ASSIGNMENT((#965));
#916=PRESENTATION_STYLE_ASSIGNMENT((#966));
#917=PRESENTATION_STYLE_ASSIGNMENT((#967));
#918=PRESENTATION_STYLE_ASSIGNMENT((#968));
#919=PRESENTATION_STYLE_ASSIGNMENT((#969));
#920=PRESENTATION_STYLE_ASSIGNMENT((#970));
#921=PRESENTATION_STYLE_ASSIGNMENT((#971));
#922=PRESENTATION_STYLE_ASSIGNMENT((#972));
#923=PRESENTATION_STYLE_ASSIGNMENT((#973));
#924=PRESENTATION_STYLE_ASSIGNMENT((#974));
#925=PRESENTATION_STYLE_ASSIGNMENT((#975));
#926=PRESENTATION_STYLE_ASSIGNMENT((#976));
#927=PRESENTATION_STYLE_ASSIGNMENT((#977));
#928=PRESENTATION_STYLE_ASSIGNMENT((#978));
#929=PRESENTATION_STYLE_ASSIGNMENT((#979));
#930=PRESENTATION_STYLE_ASSIGNMENT((#980));
#931=PRESENTATION_STYLE_ASSIGNMENT((#981));
#932=PRESENTATION_STYLE_ASSIGNMENT((#982));
#933=PRESENTATION_STYLE_ASSIGNMENT((#983));
#934=PRESENTATION_STYLE_ASSIGNMENT((#984));
#935=PRESENTATION_STYLE_ASSIGNMENT((#985));
#936=PRESENTATION_STYLE_ASSIGNMENT((#986));
#937=PRESENTATION_STYLE_ASSIGNMENT((#987));
#938=PRESENTATION_STYLE_ASSIGNMENT((#988));
#939=PRESENTATION_STYLE_ASSIGNMENT((#989));
#940=PRESENTATION_STYLE_ASSIGNMENT((#990));
#941=PRESENTATION_STYLE_ASSIGNMENT((#991));
#942=PRESENTATION_STYLE_ASSIGNMENT((#992));
#943=PRESENTATION_STYLE_ASSIGNMENT((#993));
#944=PRESENTATION_STYLE_ASSIGNMENT((#994));
#945=PRESENTATION_STYLE_ASSIGNMENT((#995));
#946=PRESENTATION_STYLE_ASSIGNMENT((#996));
#947=PRESENTATION_STYLE_ASSIGNMENT((#997));
#948=PRESENTATION_STYLE_ASSIGNMENT((#998));
#949=PRESENTATION_STYLE_ASSIGNMENT((#999));
#950=PRESENTATION_STYLE_ASSIGNMENT((#1000));
#951=PRESENTATION_STYLE_ASSIGNMENT((#1001));
#952=PRESENTATION_STYLE_ASSIGNMENT((#1002));
#953=PRESENTATION_STYLE_ASSIGNMENT((#1003));
#954=PRESENTATION_STYLE_ASSIGNMENT((#1004));
#955=PRESENTATION_STYLE_ASSIGNMENT((#1005));
#956=PRESENTATION_STYLE_ASSIGNMENT((#1006));
#957=SURFACE_STYLE_USAGE(.BOTH.,#1007);
#958=SURFACE_STYLE_USAGE(.BOTH.,#1008);
#959=SURFACE_STYLE_USAGE(.BOTH.,#1009);
#960=SURFACE_STYLE_USAGE(.BOTH.,#1010);
#961=SURFACE_STYLE_USAGE(.BOTH.,#1011);
#962=SURFACE_STYLE_USAGE(.BOTH.,#1012);
#963=SURFACE_STYLE_USAGE(.BOTH.,#1013);
#964=SURFACE_STYLE_USAGE(.BOTH.,#1014);
#965=SURFACE_STYLE_USAGE(.BOTH.,#1015);
#966=SURFACE_STYLE_USAGE(.BOTH.,#1016);
#967=SURFACE_STYLE_USAGE(.BOTH.,#1017);
#968=SURFACE_STYLE_USAGE(.BOTH.,#1018);
#969=SURFACE_STYLE_USAGE(.BOTH.,#1019);
#970=SURFACE_STYLE_USAGE(.BOTH.,#1020);
#971=SURFACE_STYLE_USAGE(.BOTH.,#1021);
#972=SURFACE_STYLE_USAGE(.BOTH.,#1022);
#973=SURFACE_STYLE_USAGE(.BOTH.,#1023);
#974=SURFACE_STYLE_USAGE(.BOTH.,#1024);
#975=SURFACE_STYLE_USAGE(.BOTH.,#1025);
#976=SURFACE_STYLE_USAGE(.BOTH.,#1026);
#977=SURFACE_STYLE_USAGE(.BOTH.,#1027);
#978=SURFACE_STYLE_USAGE(.BOTH.,#1028);
#979=SURFACE_STYLE_USAGE(.BOTH.,#1029);
#980=SURFACE_STYLE_USAGE(.BOTH.,#1030);
#981=SURFACE_STYLE_USAGE(.BOTH.,#1031);
#982=SURFACE_STYLE_USAGE(.BOTH.,#1032);
#983=SURFACE_STYLE_USAGE(.BOTH.,#1033);
#984=SURFACE_STYLE_USAGE(.BOTH.,#1034);
#985=SURFACE_STYLE_USAGE(.BOTH.,#1035);
#986=SURFACE_STYLE_USAGE(.BOTH.,#1036);
#987=SURFACE_STYLE_USAGE(.BOTH.,#1037);
#988=SURFACE_STYLE_USAGE(.BOTH.,#1038);
#989=SURFACE_STYLE_USAGE(.BOTH.,#1039);
#990=SURFACE_STYLE_USAGE(.BOTH.,#1040);
#991=SURFACE_STYLE_USAGE(.BOTH.,#1041);
#992=SURFACE_STYLE_USAGE(.BOTH.,#1042);
#993=SURFACE_STYLE_USAGE(.BOTH.,#1043);
#994=SURFACE_STYLE_USAGE(.BOTH.,#1044);
#995=SURFACE_STYLE_USAGE(.BOTH.,#1045);
#996=SURFACE_STYLE_USAGE(.BOTH.,#1046);
#997=SURFACE_STYLE_USAGE(.BOTH.,#1047);
#998=SURFACE_STYLE_USAGE(.BOTH.,#1048);
#999=SURFACE_STYLE_USAGE(.BOTH.,#1049);
#1000=SURFACE_STYLE_USAGE(.BOTH.,#1050);
#1001=SURFACE_STYLE_USAGE(.BOTH.,#1051);
#1002=SURFACE_STYLE_USAGE(.BOTH.,#1052);
#1003=SURFACE_STYLE_USAGE(.BOTH.,#1053);
#1004=SURFACE_STYLE_USAGE(.BOTH.,#1054);
#1005=SURFACE_STYLE_USAGE(.BOTH.,#1055);
#1006=SURFACE_STYLE_USAGE(.BOTH.,#1056);
#1007=SURFACE_SIDE_STYLE('',(#1057));
#1008=SURFACE_SIDE_STYLE('',(#1058));
#1009=SURFACE_SIDE_STYLE('',(#1059));
#1010=SURFACE_SIDE_STYLE('',(#1060));
#1011=SURFACE_SIDE_STYLE('',(#1061));
#1012=SURFACE_SIDE_STYLE('',(#1062));
#1013=SURFACE_SIDE_STYLE('',(#1063));
#1014=SURFACE_SIDE_STYLE('',(#1064));
#1015=SURFACE_SIDE_STYLE('',(#1065));
#1016=SURFACE_SIDE_STYLE('',(#1066));
#1017=SURFACE_SIDE_STYLE('',(#1067));
#1018=SURFACE_SIDE_STYLE('',(#1068));
#1019=SURFACE_SIDE_STYLE('',(#1069));
#1020=SURFACE_SIDE_STYLE('',(#1070));
#1021=SURFACE_SIDE_STYLE('',(#1071));
#1022=SURFACE_SIDE_STYLE('',(#1072));
#1023=SURFACE_SIDE_STYLE('',(#1073));
#1024=SURFACE_SIDE_STYLE('',(#1074));
#1025=SURFACE_SIDE_STYLE('',(#1075));
#1026=SURFACE_SIDE_STYLE('',(#1076));
#1027=SURFACE_SIDE_STYLE('',(#1077));
#1028=SURFACE_SIDE_STYLE('',(#1078));
#1029=SURFACE_SIDE_STYLE('',(#1079));
#1030=SURFACE_SIDE_STYLE('',(#1080));
#1031=SURFACE_SIDE_STYLE('',(#1081));
#1032=SURFACE_SIDE_STYLE('',(#1082));
#1033=SURFACE_SIDE_STYLE('',(#1083));
#1034=SURFACE_SIDE_STYLE('',(#1084));
#1035=SURFACE_SIDE_STYLE('',(#1085));
#1036=SURFACE_SIDE_STYLE('',(#1086));
#1037=SURFACE_SIDE_STYLE('',(#1087));
#1038=SURFACE_SIDE_STYLE('',(#1088));
#1039=SURFACE_SIDE_STYLE('',(#1089));
#1040=SURFACE_SIDE_STYLE('',(#1090));
#1041=SURFACE_SIDE_STYLE('',(#1091));
#1042=SURFACE_SIDE_STYLE('',(#1092));
#1043=SURFACE_SIDE_STYLE('',(#1093));
#1044=SURFACE_SIDE_STYLE('',(#1094));
#1045=SURFACE_SIDE_STYLE('',(#1095));
#1046=SURFACE_SIDE_STYLE('',(#1096));
#1047=SURFACE_SIDE_STYLE('',(#1097));
#1048=SURFACE_SIDE_STYLE('',(#1098));
#1049=SURFACE_SIDE_STYLE('',(#1099));
#1050=SURFACE_SIDE_STYLE('',(#1100));
#1051=SURFACE_SIDE_STYLE('',(#1101));
#1052=SURFACE_SIDE_STYLE('',(#1102));
#1053=SURFACE_SIDE_STYLE('',(#1103));
#1054=SURFACE_SIDE_STYLE('',(#1104));
#1055=SURFACE_SIDE_STYLE('',(#1105));
#1056=SURFACE_SIDE_STYLE('',(#1106));
#1057=SURFACE_STYLE_FILL_AREA(#1107);
#1058=SURFACE_STYLE_FILL_AREA(#1108);
#1059=SURFACE_STYLE_FILL_AREA(#1109);
#1060=SURFACE_STYLE_FILL_AREA(#1110);
#1061=SURFACE_STYLE_FILL_AREA(#1111);
#1062=SURFACE_STYLE_FILL_AREA(#1112);
#1063=SURFACE_STYLE_FILL_AREA(#1113);
#1064=SURFACE_STYLE_FILL_AREA(#1114);
#1065=SURFACE_STYLE_FILL_AREA(#1115);
#1066=SURFACE_STYLE_FILL_AREA(#1116);
#1067=SURFACE_STYLE_FILL_AREA(#1117);
#1068=SURFACE_STYLE_FILL_AREA(#1118);
#1069=SURFACE_STYLE_FILL_AREA(#1119);
#1070=SURFACE_STYLE_FILL_AREA(#1120);
#1071=SURFACE_STYLE_FILL_AREA(#1121);
#1072=SURFACE_STYLE_FILL_AREA(#1122);
#1073=SURFACE_STYLE_FILL_AREA(#1123);
#1074=SURFACE_STYLE_FILL_AREA(#1124);
#1075=SURFACE_STYLE_FILL_AREA(#1125);
#1076=SURFACE_STYLE_FILL_AREA(#1126);
#1077=SURFACE_STYLE_FILL_AREA(#1127);
#1078=SURFACE_STYLE_FILL_AREA(#1128);
#1079=SURFACE_STYLE_FILL_AREA(#1129);
#1080=SURFACE_STYLE_FILL_AREA(#1130);
#1081=SURFACE_STYLE_FILL_AREA(#1131);
#1082=SURFACE_STYLE_FILL_AREA(#1132);
#1083=SURFACE_STYLE_FILL_AREA(#1133);
#1084=SURFACE_STYLE_FILL_AREA(#1134);
#1085=SURFACE_STYLE_FILL_AREA(#1135);
#1086=SURFACE_STYLE_FILL_AREA(#1136);
#1087=SURFACE_STYLE_FILL_AREA(#1137);
#1088=SURFACE_STYLE_FILL_AREA(#1138);
#1089=SURFACE_STYLE_FILL_AREA(#1139);
#1090=SURFACE_STYLE_FILL_AREA(#1140);
#1091=SURFACE_STYLE_FILL_AREA(#1141);
#1092=SURFACE_STYLE_FILL_AREA(#1142);
#1093=SURFACE_STYLE_FILL_AREA(#1143);
#1094=SURFACE_STYLE_FILL_AREA(#1144);
#1095=SURFACE_STYLE_FILL_AREA(#1145);
#1096=SURFACE_STYLE_FILL_AREA(#1146);
#1097=SURFACE_STYLE_FILL_AREA(#1147);
#1098=SURFACE_STYLE_FILL_AREA(#1148);
#1099=SURFACE_STYLE_FILL_AREA(#1149);
#1100=SURFACE_STYLE_FILL_AREA(#1150);
#1101=SURFACE_STYLE_FILL_AREA(#1151);
#1102=SURFACE_STYLE_FILL_AREA(#1152);
#1103=SURFACE_STYLE_FILL_AREA(#1153);
#1104=SURFACE_STYLE_FILL_AREA(#1154);
#1105=SURFACE_STYLE_FILL_AREA(#1155);
#1106=SURFACE_STYLE_FILL_AREA(#1156);
#1107=FILL_AREA_STYLE('',(#1157));
#1108=FILL_AREA_STYLE('',(#1158));
#1109=FILL_AREA_STYLE('',(#1159));
#1110=FILL_AREA_STYLE('',(#1160));
#1111=FILL_AREA_STYLE('',(#1161));
#1112=FILL_AREA_STYLE('',(#1162));
#1113=FILL_AREA_STYLE('',(#1163));
#1114=FILL_AREA_STYLE('',(#1164));
#1115=FILL_AREA_STYLE('',(#1165));
#1116=FILL_AREA_STYLE('',(#1166));
#1117=FILL_AREA_STYLE('',(#1167));
#1118=FILL_AREA_STYLE('',(#1168));
#1119=FILL_AREA_STYLE('',(#1169));
#1120=FILL_AREA_STYLE('',(#1170));
#1121=FILL_AREA_STYLE('',(#1171));
#1122=FILL_AREA_STYLE('',(#1172));
#1123=FILL_AREA_STYLE('',(#1173));
#1124=FILL_AREA_STYLE('',(#1174));
#1125=FILL_AREA_STYLE('',(#1175));
#1126=FILL_AREA_STYLE('',(#1176));
#1127=FILL_AREA_STYLE('',(#1177));
#1128=FILL_AREA_STYLE('',(#1178));
#1129=FILL_AREA_STYLE('',(#1179));
#1130=FILL_AREA_STYLE('',(#1180));
#1131=FILL_AREA_STYLE('',(#1181));
#1132=FILL_AREA_STYLE('',(#1182));
#1133=FILL_AREA_STYLE('',(#1183));
#1134=FILL_AREA_STYLE('',(#1184));
#1135=FILL_AREA_STYLE('',(#1185));
#1136=FILL_AREA_STYLE('',(#1186));
#1137=FILL_AREA_STYLE('',(#1187));
#1138=FILL_AREA_STYLE('',(#1188));
#1139=FILL_AREA_STYLE('',(#1189));
#1140=FILL_AREA_STYLE('',(#1190));
#1141=FILL_AREA_STYLE('',(#1191));
#1142=FILL_AREA_STYLE('',(#1192));
#1143=FILL_AREA_STYLE('',(#1193));
#1144=FILL_AREA_STYLE('',(#1194));
#1145=FILL_AREA_STYLE('',(#1195));
#1146=FILL_AREA_STYLE('',(#1196));
#1147=FILL_AREA_STYLE('',(#1197));
#1148=FILL_AREA_STYLE('',(#1198));
#1149=FILL_AREA_STYLE('',(#1199));
#1150=FILL_AREA_STYLE('',(#1200));
#1151=FILL_AREA_STYLE('',(#1201));
#1152=FILL_AREA_STYLE('',(#1202));
#1153=FILL_AREA_STYLE('',(#1203));
#1154=FILL_AREA_STYLE('',(#1204));
#1155=FILL_AREA_STYLE('',(#1205));
#1156=FILL_AREA_STYLE('',(#1206));
#1157=FILL_AREA_STYLE_COLOUR('',#1207);
#1158=FILL_AREA_STYLE_COLOUR('',#1208);
#1159=FILL_AREA_STYLE_COLOUR('',#1208);
#1160=FILL_AREA_STYLE_COLOUR('',#1208);
#1161=FILL_AREA_STYLE_COLOUR('',#1208);
#1162=FILL_AREA_STYLE_COLOUR('',#1208);
#1163=FILL_AREA_STYLE_COLOUR('',#1208);
#1164=FILL_AREA_STYLE_COLOUR('',#1208);
#1165=FILL_AREA_STYLE_COLOUR('',#1208);
#1166=FILL_AREA_STYLE_COLOUR('',#1208);
#1167=FILL_AREA_STYLE_COLOUR('',#1208);
#1168=FILL_AREA_STYLE_COLOUR('',#1208);
#1169=FILL_AREA_STYLE_COLOUR('',#1208);
#1170=FILL_AREA_STYLE_COLOUR('',#1208);
#1171=FILL_AREA_STYLE_COLOUR('',#1208);
#1172=FILL_AREA_STYLE_COLOUR('',#1208);
#1173=FILL_AREA_STYLE_COLOUR('',#1208);
#1174=FILL_AREA_STYLE_COLOUR('',#1208);
#1175=FILL_AREA_STYLE_COLOUR('',#1208);
#1176=FILL_AREA_STYLE_COLOUR('',#1208);
#1177=FILL_AREA_STYLE_COLOUR('',#1208);
#1178=FILL_AREA_STYLE_COLOUR('',#1208);
#1179=FILL_AREA_STYLE_COLOUR('',#1208);
#1180=FILL_AREA_STYLE_COLOUR('',#1208);
#1181=FILL_AREA_STYLE_COLOUR('',#1208);
#1182=FILL_AREA_STYLE_COLOUR('',#1208);
#1183=FILL_AREA_STYLE_COLOUR('',#1208);
#1184=FILL_AREA_STYLE_COLOUR('',#1208);
#1185=FILL_AREA_STYLE_COLOUR('',#1208);
#1186=FILL_AREA_STYLE_COLOUR('',#1208);
#1187=FILL_AREA_STYLE_COLOUR('',#1208);
#1188=FILL_AREA_STYLE_COLOUR('',#1208);
#1189=FILL_AREA_STYLE_COLOUR('',#1208);
#1190=FILL_AREA_STYLE_COLOUR('',#1208);
#1191=FILL_AREA_STYLE_COLOUR('',#1208);
#1192=FILL_AREA_STYLE_COLOUR('',#1208);
#1193=FILL_AREA_STYLE_COLOUR('',#1208);
#1194=FILL_AREA_STYLE_COLOUR('',#1208);
#1195=FILL_AREA_STYLE_COLOUR('',#1208);
#1196=FILL_AREA_STYLE_COLOUR('',#1208);
#1197=FILL_AREA_STYLE_COLOUR('',#1208);
#1198=FILL_AREA_STYLE_COLOUR('',#1208);
#1199=FILL_AREA_STYLE_COLOUR('',#1208);
#1200=FILL_AREA_STYLE_COLOUR('',#1208);
#1201=FILL_AREA_STYLE_COLOUR('',#1208);
#1202=FILL_AREA_STYLE_COLOUR('',#1208);
#1203=FILL_AREA_STYLE_COLOUR('',#1208);
#1204=FILL_AREA_STYLE_COLOUR('',#1208);
#1205=FILL_AREA_STYLE_COLOUR('',#1208);
#1206=FILL_AREA_STYLE_COLOUR('',#1208);
#1207=COLOUR_RGB('',0.231372549019608,0.380392156862745,0.705882352941177);
#1208=COLOUR_RGB('',0.654901960784314,0.584313725490196,0.823529411764706);
#1209=MANIFOLD_SOLID_BREP('Foot Body (PLA/PETG)',#905);
#1210=SHAPE_DEFINITION_REPRESENTATION(#2228,#1211);
#1211=SHAPE_REPRESENTATION('Foot Body (PLA/PETG)',(#1212),#2223);
#1212=AXIS2_PLACEMENT_3D('',#1433,#1270,#1271);
#1213=AXIS2_PLACEMENT_3D('',#1434,#1272,#1273);
#1214=AXIS2_PLACEMENT_3D('',#1435,#1274,#1275);
#1215=AXIS2_PLACEMENT_3D('',#1437,#1276,#1277);
#1216=AXIS2_PLACEMENT_3D('',#1439,#1278,#1279);
#1217=AXIS2_PLACEMENT_3D('',#1440,#1280,#1281);
#1218=AXIS2_PLACEMENT_3D('',#1442,#1282,#1283);
#1219=AXIS2_PLACEMENT_3D('',#1449,#1284,#1285);
#1220=AXIS2_PLACEMENT_3D('',#1456,#1286,#1287);
#1221=AXIS2_PLACEMENT_3D('',#1463,#1288,#1289);
#1222=AXIS2_PLACEMENT_3D('',#1470,#1290,#1291);
#1223=AXIS2_PLACEMENT_3D('',#1477,#1292,#1293);
#1224=AXIS2_PLACEMENT_3D('',#1484,#1294,#1295);
#1225=AXIS2_PLACEMENT_3D('',#1491,#1296,#1297);
#1226=AXIS2_PLACEMENT_3D('',#1498,#1298,#1299);
#1227=AXIS2_PLACEMENT_3D('',#1500,#1300,#1301);
#1228=AXIS2_PLACEMENT_3D('',#1507,#1302,#1303);
#1229=AXIS2_PLACEMENT_3D('',#1508,#1304,#1305);
#1230=AXIS2_PLACEMENT_3D('',#1509,#1306,#1307);
#1231=AXIS2_PLACEMENT_3D('',#1511,#1308,#1309);
#1232=AXIS2_PLACEMENT_3D('',#1512,#1310,#1311);
#1233=AXIS2_PLACEMENT_3D('',#1514,#1312,#1313);
#1234=AXIS2_PLACEMENT_3D('',#1515,#1314,#1315);
#1235=AXIS2_PLACEMENT_3D('',#1551,#1319,#1320);
#1236=AXIS2_PLACEMENT_3D('',#1563,#1324,#1325);
#1237=AXIS2_PLACEMENT_3D('',#1577,#1330,#1331);
#1238=AXIS2_PLACEMENT_3D('',#1586,#1334,#1335);
#1239=AXIS2_PLACEMENT_3D('',#1616,#1339,#1340);
#1240=AXIS2_PLACEMENT_3D('',#1652,#1344,#1345);
#1241=AXIS2_PLACEMENT_3D('',#1668,#1349,#1350);
#1242=AXIS2_PLACEMENT_3D('',#1684,#1354,#1355);
#1243=AXIS2_PLACEMENT_3D('',#1700,#1359,#1360);
#1244=AXIS2_PLACEMENT_3D('',#1701,#1361,#1362);
#1245=AXIS2_PLACEMENT_3D('',#1703,#1363,#1364);
#1246=AXIS2_PLACEMENT_3D('',#1795,#1365,#1366);
#1247=AXIS2_PLACEMENT_3D('',#1820,#1367,#1368);
#1248=AXIS2_PLACEMENT_3D('',#1844,#1369,#1370);
#1249=AXIS2_PLACEMENT_3D('',#1849,#1374,#1375);
#1250=AXIS2_PLACEMENT_3D('',#1851,#1377,#1378);
#1251=AXIS2_PLACEMENT_3D('',#1853,#1380,#1381);
#1252=AXIS2_PLACEMENT_3D('',#1869,#1390,#1391);
#1253=AXIS2_PLACEMENT_3D('',#1949,#1392,#1393);
#1254=AXIS2_PLACEMENT_3D('',#2029,#1394,#1395);
#1255=AXIS2_PLACEMENT_3D('',#2034,#1396,#1397);
#1256=AXIS2_PLACEMENT_3D('',#2039,#1398,#1399);
#1257=AXIS2_PLACEMENT_3D('',#2044,#1400,#1401);
#1258=AXIS2_PLACEMENT_3D('',#2049,#1402,#1403);
#1259=AXIS2_PLACEMENT_3D('',#2054,#1404,#1405);
#1260=AXIS2_PLACEMENT_3D('',#2059,#1406,#1407);
#1261=AXIS2_PLACEMENT_3D('',#2064,#1408,#1409);
#1262=AXIS2_PLACEMENT_3D('',#2065,#1410,#1411);
#1263=AXIS2_PLACEMENT_3D('',#2072,#1413,#1414);
#1264=AXIS2_PLACEMENT_3D('',#2078,#1416,#1417);
#1265=AXIS2_PLACEMENT_3D('',#2085,#1419,#1420);
#1266=AXIS2_PLACEMENT_3D('',#2096,#1422,#1423);
#1267=AXIS2_PLACEMENT_3D('',#2107,#1425,#1426);
#1268=AXIS2_PLACEMENT_3D('',#2118,#1428,#1429);
#1269=AXIS2_PLACEMENT_3D('',#2129,#1431,#1432);
#1270=DIRECTION('',(0.,0.,1.));
#1271=DIRECTION('',(1.,0.,0.));
#1272=DIRECTION('',(0.,0.,-1.));
#1273=DIRECTION('',(-1.,0.,0.));
#1274=DIRECTION('',(0.,0.,-1.));
#1275=DIRECTION('',(-1.,0.,0.));
#1276=DIRECTION('',(0.,0.,-1.));
#1277=DIRECTION('',(-1.,0.,0.));
#1278=DIRECTION('',(0.,0.,-1.));
#1279=DIRECTION('',(-1.,0.,0.));
#1280=DIRECTION('',(0.,0.,-1.));
#1281=DIRECTION('',(-1.,0.,0.));
#1282=DIRECTION('',(0.,0.,-1.));
#1283=DIRECTION('',(-1.,0.,0.));
#1284=DIRECTION('',(0.,0.866025403784439,-0.5));
#1285=DIRECTION('',(0.,-0.5,-0.866025403784439));
#1286=DIRECTION('',(0.612372435695795,0.612372435695795,-0.5));
#1287=DIRECTION('',(-0.353553390593274,-0.353553390593274,-0.866025403784439));
#1288=DIRECTION('',(0.866025403784438,1.2999129909292E-16,-0.5));
#1289=DIRECTION('',(-0.5,-7.50505115236064E-17,-0.866025403784438));
#1290=DIRECTION('',(0.612372435695795,-0.612372435695795,-0.5));
#1291=DIRECTION('',(-0.353553390593273,0.353553390593273,-0.86602540378444));
#1292=DIRECTION('',(1.2999129909292E-16,-0.866025403784439,-0.5));
#1293=DIRECTION('',(-7.50505115236064E-17,0.5,-0.866025403784439));
#1294=DIRECTION('',(-0.612372435695794,-0.612372435695795,-0.5));
#1295=DIRECTION('',(0.353553390593274,0.353553390593274,-0.866025403784439));
#1296=DIRECTION('',(-0.866025403784438,0.,-0.5));
#1297=DIRECTION('',(0.5,0.,-0.866025403784438));
#1298=DIRECTION('',(-0.869310097432077,0.,-0.494267088225216));
#1299=DIRECTION('',(0.494267088225216,0.,-0.869310097432077));
#1300=DIRECTION('',(-0.61469506484816,0.61469506484816,-0.494267088225215));
#1301=DIRECTION('',(0.34949960980138,-0.34949960980138,-0.869310097432077));
#1302=DIRECTION('',(-0.612372435695795,0.612372435695795,-0.5));
#1303=DIRECTION('',(0.353553390593273,-0.353553390593273,-0.866025403784439));
#1304=DIRECTION('',(0.,0.,-1.));
#1305=DIRECTION('',(-1.,0.,0.));
#1306=DIRECTION('',(0.,0.,-1.));
#1307=DIRECTION('',(-1.,0.,0.));
#1308=DIRECTION('',(0.,0.,-1.));
#1309=DIRECTION('',(-1.,0.,0.));
#1310=DIRECTION('',(0.,0.,-1.));
#1311=DIRECTION('',(-1.,0.,0.));
#1312=DIRECTION('',(0.,0.,-1.));
#1313=DIRECTION('',(-1.,0.,0.));
#1314=DIRECTION('',(1.4961301584897E-16,-0.996748808313658,-0.0805717886440605));
#1315=DIRECTION('',(0.,0.0805717886440605,-0.996748808313658));
#1316=DIRECTION('',(1.,1.50101023047212E-16,-1.53570228815634E-33));
#1317=DIRECTION('',(-1.,-1.50101023047212E-16,1.53570228815634E-33));
#1318=DIRECTION('',(-0.591330558070791,-0.0649754488776139,0.803807416073551));
#1319=DIRECTION('',(0.,0.996748808313658,-0.0805717886440607));
#1320=DIRECTION('',(0.,0.0805717886440607,0.996748808313658));
#1321=DIRECTION('',(-1.,0.,0.));
#1322=DIRECTION('',(1.,0.,0.));
#1323=DIRECTION('',(-3.00527130396724E-16,0.0805717886440607,0.996748808313658));
#1324=DIRECTION('',(0.,0.996748808313658,-0.0805717886440607));
#1325=DIRECTION('',(0.,0.0805717886440607,0.996748808313658));
#1326=DIRECTION('',(1.8890276767794E-16,-0.0805717886440607,-0.996748808313658));
#1327=DIRECTION('',(1.,0.,0.));
#1328=DIRECTION('',(-0.584784898048927,-0.0653589004503642,-0.808551072688563));
#1329=DIRECTION('',(0.59133055807079,0.064975448877614,0.803807416073552));
#1330=DIRECTION('',(-0.996748808313658,0.,-0.0805717886440606));
#1331=DIRECTION('',(-0.0805717886440606,0.,0.996748808313658));
#1332=DIRECTION('',(0.,-1.,0.));
#1333=DIRECTION('',(0.,1.,0.));
#1334=DIRECTION('',(-0.704807841498198,0.704807841498198,-0.0805717886440606));
#1335=DIRECTION('',(-0.707106781186548,-0.707106781186548,0.));
#1336=DIRECTION('',(0.372189267022682,0.464078428046683,0.803807416073551));
#1337=DIRECTION('',(-0.707106781186548,-0.707106781186548,0.));
#1338=DIRECTION('',(0.707106781186548,0.707106781186548,0.));
#1339=DIRECTION('',(0.704807841498198,0.704807841498198,-0.0805717886440606));
#1340=DIRECTION('',(-0.707106781186548,0.707106781186548,0.));
#1341=DIRECTION('',(-0.707106781186548,0.707106781186548,6.87143468040286E-18));
#1342=DIRECTION('',(0.707106781186548,-0.707106781186548,-6.87143468040286E-18));
#1343=DIRECTION('',(0.464078428046683,-0.372189267022682,0.803807416073551));
#1344=DIRECTION('',(0.996748808313658,1.4961301584897E-16,-0.0805717886440606));
#1345=DIRECTION('',(-0.0805717886440606,0.,-0.996748808313658));
#1346=DIRECTION('',(-1.50101023047212E-16,1.,-1.53570228815634E-33));
#1347=DIRECTION('',(1.50101023047212E-16,-1.,1.53570228815634E-33));
#1348=DIRECTION('',(0.0649754488776141,-0.591330558070789,0.803807416073553));
#1349=DIRECTION('',(0.704807841498198,-0.704807841498198,-0.0805717886440606));
#1350=DIRECTION('',(0.707106781186548,0.707106781186548,0.));
#1351=DIRECTION('',(0.707106781186548,0.707106781186548,6.87143468040286E-18));
#1352=DIRECTION('',(-0.707106781186548,-0.707106781186548,-6.87143468040286E-18));
#1353=DIRECTION('',(-0.372189267022682,-0.464078428046683,0.803807416073551));
#1354=DIRECTION('',(-0.704807841498197,-0.704807841498198,-0.0805717886440603));
#1355=DIRECTION('',(0.707106781186548,-0.707106781186547,0.));
#1356=DIRECTION('',(0.707106781186548,-0.707106781186548,0.));
#1357=DIRECTION('',(-0.707106781186548,0.707106781186548,0.));
#1358=DIRECTION('',(-0.464078428046683,0.372189267022682,0.803807416073551));
#1359=DIRECTION('',(0.,0.,1.));
#1360=DIRECTION('',(1.,0.,0.));
#1361=DIRECTION('',(0.,0.,-1.));
#1362=DIRECTION('',(-1.,0.,0.));
#1363=DIRECTION('',(0.,-1.,0.));
#1364=DIRECTION('',(0.,0.,-1.));
#1365=DIRECTION('',(0.,0.,1.));
#1366=DIRECTION('',(1.,0.,0.));
#1367=DIRECTION('',(0.,0.,-1.));
#1368=DIRECTION('',(-1.,0.,0.));
#1369=DIRECTION('',(1.,0.,3.01507388712276E-16));
#1370=DIRECTION('',(3.01507388712276E-16,0.,-1.));
#1371=DIRECTION('',(2.6210341745796E-16,-0.494267088225216,-0.869310097432077));
#1372=DIRECTION('',(0.,-1.,0.));
#1373=DIRECTION('',(0.,1.,0.));
#1374=DIRECTION('',(0.,1.,0.));
#1375=DIRECTION('',(0.,0.,1.));
#1376=DIRECTION('',(0.,1.,0.));
#1377=DIRECTION('',(-1.,0.,-1.89518930047716E-16));
#1378=DIRECTION('',(-1.89518930047716E-16,0.,1.));
#1379=DIRECTION('',(0.,1.,0.));
#1380=DIRECTION('',(0.,0.,-1.));
#1381=DIRECTION('',(-1.,0.,0.));
#1382=DIRECTION('',(1.50101023047212E-16,-1.,0.));
#1383=DIRECTION('',(0.707106781186548,-0.707106781186548,0.));
#1384=DIRECTION('',(1.,0.,0.));
#1385=DIRECTION('',(0.707106781186548,0.707106781186548,0.));
#1386=DIRECTION('',(0.,1.,0.));
#1387=DIRECTION('',(-0.707106781186548,0.707106781186547,0.));
#1388=DIRECTION('',(-1.,-1.50101023047212E-16,0.));
#1389=DIRECTION('',(-0.707106781186548,-0.707106781186548,0.));
#1390=DIRECTION('',(0.707106781186548,0.707106781186548,0.));
#1391=DIRECTION('',(0.,0.,-1.));
#1392=DIRECTION('',(-0.707106781186548,0.707106781186548,0.));
#1393=DIRECTION('',(0.,0.,-1.));
#1394=DIRECTION('',(-0.866025403784438,0.,-0.5));
#1395=DIRECTION('',(0.,-1.,0.));
#1396=DIRECTION('',(-0.612372435695794,-0.612372435695795,-0.5));
#1397=DIRECTION('',(0.707106781186548,-0.707106781186547,0.));
#1398=DIRECTION('',(1.2999129909292E-16,-0.866025403784439,-0.5));
#1399=DIRECTION('',(1.,1.50101023047212E-16,0.));
#1400=DIRECTION('',(0.612372435695795,-0.612372435695795,-0.5));
#1401=DIRECTION('',(0.707106781186548,0.707106781186548,0.));
#1402=DIRECTION('',(0.866025403784438,1.2999129909292E-16,-0.5));
#1403=DIRECTION('',(-1.50101023047212E-16,1.,0.));
#1404=DIRECTION('',(0.612372435695795,0.612372435695795,-0.5));
#1405=DIRECTION('',(-0.707106781186548,0.707106781186548,0.));
#1406=DIRECTION('',(0.,0.866025403784439,-0.5));
#1407=DIRECTION('',(-1.,0.,0.));
#1408=DIRECTION('',(-0.612372435695795,0.612372435695795,-0.5));
#1409=DIRECTION('',(-0.707106781186548,-0.707106781186548,0.));
#1410=DIRECTION('',(0.,0.869310097432077,-0.494267088225216));
#1411=DIRECTION('',(-1.,0.,0.));
#1412=DIRECTION('',(-0.200571771956555,0.484223092086719,0.851644856371589));
#1413=DIRECTION('',(-0.61469506484816,0.61469506484816,-0.494267088225215));
#1414=DIRECTION('',(-0.707106781186548,-0.707106781186548,0.));
#1415=DIRECTION('',(-0.484223092086719,0.200571771956555,0.851644856371589));
#1416=DIRECTION('',(-0.869310097432077,0.,-0.494267088225216));
#1417=DIRECTION('',(0.,-1.,0.));
#1418=DIRECTION('',(-0.484223092086719,-0.200571771956554,0.851644856371589));
#1419=DIRECTION('',(-0.61469506484816,-0.61469506484816,-0.494267088225215));
#1420=DIRECTION('',(0.707106781186548,-0.707106781186547,0.));
#1421=DIRECTION('',(-0.200571771956556,-0.484223092086718,0.85164485637159));
#1422=DIRECTION('',(1.30484334969827E-16,-0.869310097432077,-0.494267088225215));
#1423=DIRECTION('',(1.,1.50101023047212E-16,0.));
#1424=DIRECTION('',(0.200571771956558,-0.484223092086718,0.851644856371589));
#1425=DIRECTION('',(0.61469506484816,-0.61469506484816,-0.494267088225217));
#1426=DIRECTION('',(0.707106781186548,0.707106781186548,0.));
#1427=DIRECTION('',(0.484223092086718,-0.200571771956558,0.851644856371589));
#1428=DIRECTION('',(0.869310097432077,1.30484334969827E-16,-0.494267088225215));
#1429=DIRECTION('',(-1.50101023047212E-16,1.,0.));
#1430=DIRECTION('',(0.484223092086718,0.200571771956557,0.851644856371589));
#1431=DIRECTION('',(0.61469506484816,0.61469506484816,-0.494267088225216));
#1432=DIRECTION('',(-0.707106781186548,0.707106781186548,0.));
#1433=CARTESIAN_POINT('',(0.,0.,0.));
#1434=CARTESIAN_POINT('',(0.01695,0.,-0.006));
#1435=CARTESIAN_POINT('',(0.,0.,-0.006));
#1436=CARTESIAN_POINT('',(-0.01895,0.,-0.006));
#1437=CARTESIAN_POINT('',(0.,0.,-0.006));
#1438=CARTESIAN_POINT('',(-0.01495,0.,-0.006));
#1439=CARTESIAN_POINT('',(0.,0.,-0.00628499727388597));
#1440=CARTESIAN_POINT('',(0.,0.,-0.00175289865100784));
#1441=CARTESIAN_POINT('',(-0.0187529053013101,0.,-0.00175289865100784));
#1442=CARTESIAN_POINT('',(0.,0.,0.04));
#1443=CARTESIAN_POINT('',(0.00707567828095342,-0.0170807143481156,0.00127192815693459));
#1444=CARTESIAN_POINT('',(0.00707568805538436,-0.0170807379344958,0.00127163633070533));
#1445=CARTESIAN_POINT('',(0.0070756978298153,-0.0170807615208759,0.00127134450447608));
#1446=CARTESIAN_POINT('',(0.00707570760424624,-0.0170807851072561,0.00127105267824682));
#1447=CARTESIAN_POINT('',(0.00707567828095344,-0.0170807143481156,0.00127192815693458));
#1448=CARTESIAN_POINT('',(0.00707570760424626,-0.0170807851072561,0.00127105267824681));
#1449=CARTESIAN_POINT('',(0.,-0.00246602182726123,0.0265853181400673));
#1450=CARTESIAN_POINT('',(-0.00707465814867521,-0.0170812198059867,0.00127105267824681));
#1451=CARTESIAN_POINT('',(-0.00707462884910636,-0.0170811490370195,0.00127192815693407));
#1452=CARTESIAN_POINT('',(-0.00707463861562931,-0.0170811726266752,0.00127163633070499));
#1453=CARTESIAN_POINT('',(-0.00707464838215227,-0.017081196216331,0.00127134450447588));
#1454=CARTESIAN_POINT('',(-0.00707465814867522,-0.0170812198059867,0.0012710526782468));
#1455=CARTESIAN_POINT('',(-0.00707462884910636,-0.0170811490370195,0.00127192815693407));
#1456=CARTESIAN_POINT('',(-0.00174374075661045,-0.00174374075661045,0.0265853181400673));
#1457=CARTESIAN_POINT('',(-0.0170807851072561,-0.00707570760424626,0.00127105267824682));
#1458=CARTESIAN_POINT('',(-0.0170807143481157,-0.00707567828095344,0.00127192815693407));
#1459=CARTESIAN_POINT('',(-0.0170807379344958,-0.00707568805538437,0.00127163633070499));
#1460=CARTESIAN_POINT('',(-0.017080761520876,-0.0070756978298153,0.00127134450447588));
#1461=CARTESIAN_POINT('',(-0.0170807851072561,-0.00707570760424624,0.0012710526782468));
#1462=CARTESIAN_POINT('',(-0.0170807143481157,-0.00707567828095346,0.00127192815693407));
#1463=CARTESIAN_POINT('',(-0.00246602182726122,-3.70152399128666E-19,0.0265853181400673));
#1464=CARTESIAN_POINT('',(-0.0170812198059867,0.00707465814867521,0.00127105267824682));
#1465=CARTESIAN_POINT('',(-0.0170811490370194,0.00707462884910633,0.0012719281569351));
#1466=CARTESIAN_POINT('',(-0.0170811726266752,0.00707463861562929,0.00127163633070568));
#1467=CARTESIAN_POINT('',(-0.017081196216331,0.00707464838215225,0.00127134450447626));
#1468=CARTESIAN_POINT('',(-0.0170812198059867,0.00707465814867522,0.00127105267824683));
#1469=CARTESIAN_POINT('',(-0.0170811490370194,0.00707462884910632,0.0012719281569351));
#1470=CARTESIAN_POINT('',(-0.00174374075661046,0.00174374075661046,0.0265853181400674));
#1471=CARTESIAN_POINT('',(-0.00707570760424626,0.0170807851072561,0.00127105267824681));
#1472=CARTESIAN_POINT('',(-0.00707567828095343,0.0170807143481157,0.00127192815693409));
#1473=CARTESIAN_POINT('',(-0.00707568805538437,0.0170807379344958,0.001271636330705));
#1474=CARTESIAN_POINT('',(-0.0070756978298153,0.017080761520876,0.0012713445044759));
#1475=CARTESIAN_POINT('',(-0.00707570760424624,0.0170807851072561,0.00127105267824681));
#1476=CARTESIAN_POINT('',(-0.00707567828095346,0.0170807143481157,0.00127192815693408));
#1477=CARTESIAN_POINT('',(-3.70152399128667E-19,0.00246602182726122,0.0265853181400673));
#1478=CARTESIAN_POINT('',(0.007074658148676,0.0170812198059886,0.00127105267822342));
#1479=CARTESIAN_POINT('',(0.00707462884910633,0.0170811490370194,0.00127192815693507));
#1480=CARTESIAN_POINT('',(0.00707463861562955,0.0170811726266758,0.00127163633069786));
#1481=CARTESIAN_POINT('',(0.00707464838215277,0.0170811962163322,0.00127134450446063));
#1482=CARTESIAN_POINT('',(0.007074658148676,0.0170812198059886,0.00127105267822341));
#1483=CARTESIAN_POINT('',(0.00707462884910633,0.0170811490370194,0.00127192815693507));
#1484=CARTESIAN_POINT('',(0.00174374075661045,0.00174374075661045,0.0265853181400673));
#1485=CARTESIAN_POINT('',(0.0170807851072561,0.00707570760424626,0.00127105267824681));
#1486=CARTESIAN_POINT('',(0.0170807143481157,0.00707567828095348,0.00127192815693306));
#1487=CARTESIAN_POINT('',(0.0170807379344959,0.0070756880553844,0.00127163633070431));
#1488=CARTESIAN_POINT('',(0.017080761520876,0.00707569782981533,0.00127134450447553));
#1489=CARTESIAN_POINT('',(0.0170807851072561,0.00707570760424626,0.00127105267824678));
#1490=CARTESIAN_POINT('',(0.0170807143481158,0.00707567828095348,0.00127192815693306));
#1491=CARTESIAN_POINT('',(0.00246602182726122,0.,0.0265853181400673));
#1492=CARTESIAN_POINT('',(0.0170812198059867,-0.00707465814867522,0.00127105267824681));
#1493=CARTESIAN_POINT('',(0.0141117245182085,-0.00584523604159651,0.0380065023833728));
#1494=CARTESIAN_POINT('',(0.0151015562807833,-0.00625504341729687,0.025761352481886));
#1495=CARTESIAN_POINT('',(0.0160913880433792,-0.00666485078516329,0.0135162025801388));
#1496=CARTESIAN_POINT('',(0.0170812198059867,-0.00707465814867522,0.00127105267824681));
#1497=CARTESIAN_POINT('',(0.0141117245182085,-0.00584523604159651,0.0380065023833728));
#1498=CARTESIAN_POINT('',(0.0020651021806809,0.,0.0591939346187795));
#1499=CARTESIAN_POINT('',(0.0141117114770414,-0.0058452622820866,0.0380065253199966));
#1500=CARTESIAN_POINT('',(0.0014602477558026,-0.0014602477558026,0.0591939346187795));
#1501=CARTESIAN_POINT('',(0.0141117021437106,-0.00584529005841282,0.0380065023833728));
#1502=CARTESIAN_POINT('',(0.017080785107257,-0.00707570760424663,0.00127105267823511));
#1503=CARTESIAN_POINT('',(0.0160910907899636,-0.00666556841839234,0.013516202580131));
#1504=CARTESIAN_POINT('',(0.0151013964695994,-0.00625542923562541,0.0257613524818822));
#1505=CARTESIAN_POINT('',(0.0141117021437106,-0.00584529005841279,0.0380065023833728));
#1506=CARTESIAN_POINT('',(0.017080785107257,-0.00707570760424665,0.00127105267823511));
#1507=CARTESIAN_POINT('',(0.00174374075661046,-0.00174374075661046,0.0265853181400673));
#1508=CARTESIAN_POINT('',(0.007475,0.,-0.002));
#1509=CARTESIAN_POINT('',(0.,0.,-0.002));
#1510=CARTESIAN_POINT('',(-0.01495,0.,-0.002));
#1511=CARTESIAN_POINT('',(0.,0.,-0.0035));
#1512=CARTESIAN_POINT('',(0.,0.,-0.005));
#1513=CARTESIAN_POINT('',(-0.01495,0.,-0.005));
#1514=CARTESIAN_POINT('',(0.,0.,0.02));
#1515=CARTESIAN_POINT('',(-2.5625861692135E-18,0.0170724097490492,0.0013800413689708));
#1516=CARTESIAN_POINT('',(-0.000328933760738722,0.0149769244419128,0.0273031655527234));
#1517=CARTESIAN_POINT('',(-0.0016768828039406,0.0149592354112443,0.0275219954997283));
#1518=CARTESIAN_POINT('',(-0.00290287503642777,0.0149107162178339,0.0281222235575394));
#1519=CARTESIAN_POINT('',(-0.00384962063153128,0.0148277254142384,0.0291488978560357));
#1520=CARTESIAN_POINT('',(-0.0040871418428048,0.0147145597496128,0.0305488635668128));
#1521=CARTESIAN_POINT('',(-0.00346078621550865,0.0146119238071662,0.0318185667103736));
#1522=CARTESIAN_POINT('',(-0.00232895451305102,0.0145476184062968,0.0326140850023645));
#1523=CARTESIAN_POINT('',(-0.00102883843422561,0.0145147375344622,0.0330208523134645));
#1524=CARTESIAN_POINT('',(0.000320482780786313,0.0145086129120483,0.0330966196533165));
#1525=CARTESIAN_POINT('',(0.00166633053640631,0.0145266646216808,0.0328733030264038));
#1526=CARTESIAN_POINT('',(0.00290059021864372,0.0145740803031616,0.0322867264490835));
#1527=CARTESIAN_POINT('',(0.00385554050320957,0.0146568246170827,0.0312631014596981));
#1528=CARTESIAN_POINT('',(0.0040945016036545,0.0147701805617451,0.0298607818058952));
#1529=CARTESIAN_POINT('',(0.00345330392124805,0.0148723198687753,0.0285972225095562));
#1530=CARTESIAN_POINT('',(0.00233817494533302,0.0149380961736476,0.0277835077515673));
#1531=CARTESIAN_POINT('',(0.00104001849817832,0.0149710709676574,0.0273755785348204));
#1532=CARTESIAN_POINT('',(-0.000328933760738722,0.0149769244419128,0.0273031655527234));
#1533=CARTESIAN_POINT('',(-0.0016768828039406,0.0149592354112443,0.0275219954997283));
#1534=CARTESIAN_POINT('',(-0.00290287503642777,0.0149107162178339,0.0281222235575394));
#1535=CARTESIAN_POINT('',(-0.00165655666882144,0.0149540970507873,0.0275855618515293));
#1536=CARTESIAN_POINT('',(-0.00717576345501324,0.0170812198059876,0.00127105267823511));
#1537=CARTESIAN_POINT('',(-0.00600186111744968,0.0170812198059876,0.00127105267823511));
#1538=CARTESIAN_POINT('',(-0.00600186111744968,0.0170812198059876,0.00127105267823511));
#1539=CARTESIAN_POINT('',(-0.00558647930318914,0.0160913840836236,0.0135162515660393));
#1540=CARTESIAN_POINT('',(-0.00517002949325194,0.0151015512700844,0.0257614144689444));
#1541=CARTESIAN_POINT('',(-0.00475136732286257,0.0141117245182085,0.0380065023833727));
#1542=CARTESIAN_POINT('',(-0.00475136732286257,0.0141117245182085,0.0380065023833727));
#1543=CARTESIAN_POINT('',(0.00577851982871284,0.0141117245182085,0.0380065023833727));
#1544=CARTESIAN_POINT('',(0.0056185617720571,0.0141117245182085,0.0380065023833727));
#1545=CARTESIAN_POINT('',(0.0056185617720571,0.0141117245182085,0.0380065023833727));
#1546=CARTESIAN_POINT('',(0.00602938212756524,0.0150932360032311,0.0258642821409468));
#1547=CARTESIAN_POINT('',(0.00643904657465043,0.0160747506262365,0.0137220230787214));
#1548=CARTESIAN_POINT('',(0.00684817880920731,0.0170562666885752,0.00157974621058863));
#1549=CARTESIAN_POINT('',(0.00684817880920731,0.0170562666885752,0.00157974621058863));
#1550=CARTESIAN_POINT('',(0.0105470534754444,0.0174626993318753,-0.00344820786225332));
#1551=CARTESIAN_POINT('',(0.,-0.0170724097490492,0.0013800413689708));
#1552=CARTESIAN_POINT('',(0.00717576345501394,-0.0170812198059877,0.00127105267823511));
#1553=CARTESIAN_POINT('',(0.00600186111744966,-0.0170812198059877,0.00127105267823511));
#1554=CARTESIAN_POINT('',(0.00600186111744966,-0.0170812198059877,0.00127105267823511));
#1555=CARTESIAN_POINT('',(0.00558647930318913,-0.0160913840836237,0.0135162515660393));
#1556=CARTESIAN_POINT('',(0.00517002949325193,-0.0151015512700844,0.0257614144689444));
#1557=CARTESIAN_POINT('',(0.00475136732286257,-0.0141117245182085,0.0380065023833727));
#1558=CARTESIAN_POINT('',(0.00475136732286257,-0.0141117245182085,0.0380065023833727));
#1559=CARTESIAN_POINT('',(0.001,-0.0141117245182085,0.0380065023833727));
#1560=CARTESIAN_POINT('',(0.001,-0.0141117245182085,0.0380065023833727));
#1561=CARTESIAN_POINT('',(0.001,-0.015253315020739,0.0238839541300857));
#1562=CARTESIAN_POINT('',(0.001,-0.0159044803031824,0.0158284271247462));
#1563=CARTESIAN_POINT('',(1.07672448338485E-18,-0.0161331150711293,0.013));
#1564=CARTESIAN_POINT('',(-0.001,-0.0159044803031824,0.0158284271247462));
#1565=CARTESIAN_POINT('',(-0.001,-0.015253315020739,0.0238839541300857));
#1566=CARTESIAN_POINT('',(-0.001,-0.0139505809409204,0.04));
#1567=CARTESIAN_POINT('',(0.,-0.0139505809409204,0.04));
#1568=CARTESIAN_POINT('',(-0.00440346970741378,-0.0139505809409204,0.04));
#1569=CARTESIAN_POINT('',(-0.0212775348351976,-0.0158365228429076,0.0166691248265704));
#1570=CARTESIAN_POINT('',(-0.00560743556072077,-0.0140851430416424,0.038335340250031));
#1571=CARTESIAN_POINT('',(-0.00560743556072077,-0.0140851430416424,0.0383353402500311));
#1572=CARTESIAN_POINT('',(-0.00602198676801994,-0.0150755149587735,0.0260835081286327));
#1573=CARTESIAN_POINT('',(-0.0064353531761151,-0.0160658900924509,0.0138316362155325));
#1574=CARTESIAN_POINT('',(-0.00684817880920731,-0.0170562666885752,0.00157974621058865));
#1575=CARTESIAN_POINT('',(-0.00684817880920731,-0.0170562666885752,0.00157974621058864));
#1576=CARTESIAN_POINT('',(-0.0105470534754444,-0.0174626993318753,-0.00344820786225332));
#1577=CARTESIAN_POINT('',(0.0170724097490492,0.,0.0013800413689708));
#1578=CARTESIAN_POINT('',(0.0170812198059877,0.00717576345501324,0.00127105267823511));
#1579=CARTESIAN_POINT('',(0.0170812198059877,0.00600186111744967,0.00127105267823511));
#1580=CARTESIAN_POINT('',(0.0170812198059877,0.00600186111744967,0.00127105267823511));
#1581=CARTESIAN_POINT('',(0.0160913840836237,0.00558647930318914,0.0135162515660393));
#1582=CARTESIAN_POINT('',(0.0151015512700844,0.00517002949325194,0.0257614144689444));
#1583=CARTESIAN_POINT('',(0.0141117245182085,0.00475136732286257,0.0380065023833727));
#1584=CARTESIAN_POINT('',(0.0141117245182085,0.00475136732286258,0.0380065023833727));
#1585=CARTESIAN_POINT('',(0.0141117245182085,-0.00577851982871285,0.0380065023833727));
#1586=CARTESIAN_POINT('',(0.012072016704748,-0.012072016704748,0.0013800413689708));
#1587=CARTESIAN_POINT('',(0.0108228761269746,-0.0103576935414155,0.0273031655527234));
#1588=CARTESIAN_POINT('',(0.0117635120025783,-0.00939204159873525,0.0275219954997283));
#1589=CARTESIAN_POINT('',(0.0125961111731737,-0.00849082592678332,0.0281222235575394));
#1590=CARTESIAN_POINT('',(0.0132068780435315,-0.00776269233642866,0.0291488978560356));
#1591=CARTESIAN_POINT('',(0.0132948106938444,-0.0075147192684073,0.0305488635668128));
#1592=CARTESIAN_POINT('',(0.0127793358114515,-0.00788504500900531,0.0318185667103735));
#1593=CARTESIAN_POINT('',(0.0119335391544601,-0.00863990009595331,0.0326140850023645));
#1594=CARTESIAN_POINT('',(0.0109909679713474,-0.00953597070417482,0.0330208523134645));
#1595=CARTESIAN_POINT('',(0.0100325230281725,-0.0104857541232676,0.0330966196533165));
#1596=CARTESIAN_POINT('',(0.00909362944002209,-0.0114501766840043,0.0328733030264038));
#1597=CARTESIAN_POINT('',(0.00825440399887657,-0.0123564580249692,0.0322867264490835));
#1598=CARTESIAN_POINT('',(0.00763766124244226,-0.01309021891236,0.0312631014596981));
#1599=CARTESIAN_POINT('',(0.00754884498503641,-0.013339344684083,0.0298607818058952));
#1600=CARTESIAN_POINT('',(0.00807446361097386,-0.012958172851399,0.0285972225095563));
#1601=CARTESIAN_POINT('',(0.0089094897429576,-0.0122161684618485,0.0277835077515673));
#1602=CARTESIAN_POINT('',(0.00985074167023422,-0.0113215499354769,0.0273755785348205));
#1603=CARTESIAN_POINT('',(0.0108228761269746,-0.0103576935414155,0.0273031655527234));
#1604=CARTESIAN_POINT('',(0.0117635120025783,-0.00939204159873525,0.0275219954997283));
#1605=CARTESIAN_POINT('',(0.0125961111731737,-0.00849082592678332,0.0281222235575394));
#1606=CARTESIAN_POINT('',(0.0117455058850769,-0.00940278097719,0.0275855618515293));
#1607=CARTESIAN_POINT('',(0.00600557297152464,-0.0139514192305988,0.0380065023833727));
#1608=CARTESIAN_POINT('',(0.00640911253916728,-0.0149359465167,0.0258642821409468));
#1609=CARTESIAN_POINT('',(0.00681347167638317,-0.0159196586710058,0.0137220230787214));
#1610=CARTESIAN_POINT('',(0.00721820816244924,-0.0169029955119863,0.00157974621058864));
#1611=CARTESIAN_POINT('',(0.00600557297152464,-0.0139514192305988,0.0380065023833727));
#1612=CARTESIAN_POINT('',(0.00721820816244924,-0.0169029955119863,0.00157974621058864));
#1613=CARTESIAN_POINT('',(0.00489010008136689,-0.0198058861494146,-0.00344820786225331));
#1614=CARTESIAN_POINT('',(0.0171522773549823,-0.00700421535652138,0.00127105267823511));
#1615=CARTESIAN_POINT('',(0.00589246554495794,-0.0140645266571655,0.0380065023833727));
#1616=CARTESIAN_POINT('',(-0.012072016704748,-0.012072016704748,0.0013800413689708));
#1617=CARTESIAN_POINT('',(-0.0103576935414155,-0.0108228761269746,0.0273031655527234));
#1618=CARTESIAN_POINT('',(-0.00939204159873525,-0.0117635120025783,0.0275219954997283));
#1619=CARTESIAN_POINT('',(-0.00849082592678331,-0.0125961111731737,0.0281222235575394));
#1620=CARTESIAN_POINT('',(-0.00776269233642866,-0.0132068780435315,0.0291488978560357));
#1621=CARTESIAN_POINT('',(-0.00751471926840729,-0.0132948106938444,0.0305488635668127));
#1622=CARTESIAN_POINT('',(-0.00788504500900532,-0.0127793358114515,0.0318185667103736));
#1623=CARTESIAN_POINT('',(-0.00863990009595333,-0.0119335391544601,0.0326140850023645));
#1624=CARTESIAN_POINT('',(-0.00953597070417484,-0.0109909679713473,0.0330208523134645));
#1625=CARTESIAN_POINT('',(-0.0104857541232676,-0.0100325230281725,0.0330966196533165));
#1626=CARTESIAN_POINT('',(-0.0114501766840043,-0.00909362944002207,0.0328733030264038));
#1627=CARTESIAN_POINT('',(-0.0123564580249692,-0.00825440399887656,0.0322867264490835));
#1628=CARTESIAN_POINT('',(-0.01309021891236,-0.00763766124244224,0.031263101459698));
#1629=CARTESIAN_POINT('',(-0.013339344684083,-0.00754884498503643,0.0298607818058952));
#1630=CARTESIAN_POINT('',(-0.012958172851399,-0.00807446361097388,0.0285972225095562));
#1631=CARTESIAN_POINT('',(-0.0122161684618485,-0.0089094897429576,0.0277835077515673));
#1632=CARTESIAN_POINT('',(-0.0113215499354769,-0.00985074167023424,0.0273755785348204));
#1633=CARTESIAN_POINT('',(-0.0103576935414155,-0.0108228761269746,0.0273031655527234));
#1634=CARTESIAN_POINT('',(-0.00939204159873525,-0.0117635120025783,0.0275219954997283));
#1635=CARTESIAN_POINT('',(-0.00849082592678331,-0.0125961111731737,0.0281222235575394));
#1636=CARTESIAN_POINT('',(-0.00940278097719,-0.0117455058850769,0.0275855618515293));
#1637=CARTESIAN_POINT('',(-0.00700421535652137,-0.0171522773549823,0.00127105267823511));
#1638=CARTESIAN_POINT('',(-0.00783428965986331,-0.0163222030516404,0.00127105267823511));
#1639=CARTESIAN_POINT('',(-0.00783428965986331,-0.0163222030516404,0.00127105267823511));
#1640=CARTESIAN_POINT('',(-0.00742808940596421,-0.0153285642024509,0.0135162515660393));
#1641=CARTESIAN_POINT('',(-0.00702264639590012,-0.0143341722231259,0.0257614144689444));
#1642=CARTESIAN_POINT('',(-0.00661877204715743,-0.013338220154966,0.0380065023833727));
#1643=CARTESIAN_POINT('',(-0.00661877204715743,-0.013338220154966,0.0380065023833727));
#1644=CARTESIAN_POINT('',(-0.0140645266571655,-0.00589246554495794,0.0380065023833727));
#1645=CARTESIAN_POINT('',(-0.0139514192305988,-0.00600557297152464,0.0380065023833727));
#1646=CARTESIAN_POINT('',(-0.0139514192305988,-0.00600557297152464,0.0380065023833727));
#1647=CARTESIAN_POINT('',(-0.0149359465167,-0.00640911253916728,0.0258642821409468));
#1648=CARTESIAN_POINT('',(-0.0159196586710058,-0.00681347167638317,0.0137220230787214));
#1649=CARTESIAN_POINT('',(-0.0169029955119863,-0.00721820816244924,0.00157974621058864));
#1650=CARTESIAN_POINT('',(-0.0169029955119863,-0.00721820816244924,0.00157974621058864));
#1651=CARTESIAN_POINT('',(-0.0198058861494146,-0.00489010008136689,-0.00344820786225331));
#1652=CARTESIAN_POINT('',(-0.0170724097490492,-2.5625861692135E-18,0.0013800413689708));
#1653=CARTESIAN_POINT('',(-0.0170812198059877,-0.00717576345501324,0.00127105267823511));
#1654=CARTESIAN_POINT('',(-0.0170812198059877,-0.00600186111744967,0.00127105267823511));
#1655=CARTESIAN_POINT('',(-0.0170812198059877,-0.00600186111744967,0.00127105267823511));
#1656=CARTESIAN_POINT('',(-0.0160913840836237,-0.00558647930318914,0.0135162515660393));
#1657=CARTESIAN_POINT('',(-0.0151015512700844,-0.00517002949325194,0.0257614144689444));
#1658=CARTESIAN_POINT('',(-0.0141117245182085,-0.00475136732286257,0.0380065023833727));
#1659=CARTESIAN_POINT('',(-0.0141117245182085,-0.00475136732286257,0.0380065023833727));
#1660=CARTESIAN_POINT('',(-0.0141117245182086,0.00577851982871284,0.0380065023833727));
#1661=CARTESIAN_POINT('',(-0.0141117245182086,0.0056185617720571,0.0380065023833727));
#1662=CARTESIAN_POINT('',(-0.0141117245182086,0.0056185617720571,0.0380065023833727));
#1663=CARTESIAN_POINT('',(-0.0150932360032311,0.00602938212756523,0.0258642821409468));
#1664=CARTESIAN_POINT('',(-0.0160747506262365,0.00643904657465043,0.0137220230787214));
#1665=CARTESIAN_POINT('',(-0.0170562666885752,0.00684817880920731,0.00157974621058864));
#1666=CARTESIAN_POINT('',(-0.0170562666885752,0.00684817880920731,0.00157974621058864));
#1667=CARTESIAN_POINT('',(-0.0174626993318753,0.0105470534754444,-0.00344820786225332));
#1668=CARTESIAN_POINT('',(-0.012072016704748,0.012072016704748,0.0013800413689708));
#1669=CARTESIAN_POINT('',(-0.0171522773549823,0.00700421535652137,0.00127105267823511));
#1670=CARTESIAN_POINT('',(-0.0163222030516404,0.00783428965986331,0.00127105267823511));
#1671=CARTESIAN_POINT('',(-0.0163222030516404,0.00783428965986331,0.00127105267823511));
#1672=CARTESIAN_POINT('',(-0.0153285642024509,0.00742808940596421,0.0135162515660393));
#1673=CARTESIAN_POINT('',(-0.0143341722231259,0.00702264639590012,0.0257614144689444));
#1674=CARTESIAN_POINT('',(-0.013338220154966,0.00661877204715743,0.0380065023833727));
#1675=CARTESIAN_POINT('',(-0.013338220154966,0.00661877204715743,0.0380065023833727));
#1676=CARTESIAN_POINT('',(-0.00589246554495793,0.0140645266571655,0.0380065023833727));
#1677=CARTESIAN_POINT('',(-0.00600557297152464,0.0139514192305988,0.0380065023833727));
#1678=CARTESIAN_POINT('',(-0.00600557297152464,0.0139514192305988,0.0380065023833727));
#1679=CARTESIAN_POINT('',(-0.00640911253916728,0.0149359465167,0.0258642821409468));
#1680=CARTESIAN_POINT('',(-0.00681347167638317,0.0159196586710058,0.0137220230787214));
#1681=CARTESIAN_POINT('',(-0.00721820816244924,0.0169029955119863,0.00157974621058864));
#1682=CARTESIAN_POINT('',(-0.00721820816244924,0.0169029955119863,0.00157974621058864));
#1683=CARTESIAN_POINT('',(-0.0048901000813669,0.0198058861494146,-0.00344820786225332));
#1684=CARTESIAN_POINT('',(0.012072016704748,0.012072016704748,0.0013800413689708));
#1685=CARTESIAN_POINT('',(0.00700421535652136,0.0171522773549823,0.00127105267823511));
#1686=CARTESIAN_POINT('',(0.0078342896598633,0.0163222030516404,0.00127105267823511));
#1687=CARTESIAN_POINT('',(0.0078342896598633,0.0163222030516404,0.00127105267823511));
#1688=CARTESIAN_POINT('',(0.00742808940596421,0.0153285642024509,0.0135162515660393));
#1689=CARTESIAN_POINT('',(0.00702264639590012,0.0143341722231259,0.0257614144689444));
#1690=CARTESIAN_POINT('',(0.00661877204715744,0.013338220154966,0.0380065023833727));
#1691=CARTESIAN_POINT('',(0.00661877204715743,0.013338220154966,0.0380065023833727));
#1692=CARTESIAN_POINT('',(0.0140645266571655,0.00589246554495795,0.0380065023833727));
#1693=CARTESIAN_POINT('',(0.0139514192305988,0.00600557297152466,0.0380065023833727));
#1694=CARTESIAN_POINT('',(0.0139514192305988,0.00600557297152466,0.0380065023833727));
#1695=CARTESIAN_POINT('',(0.0149359465167,0.0064091125391673,0.0258642821409468));
#1696=CARTESIAN_POINT('',(0.0159196586710058,0.00681347167638317,0.0137220230787214));
#1697=CARTESIAN_POINT('',(0.0169029955119863,0.00721820816244924,0.00157974621058863));
#1698=CARTESIAN_POINT('',(0.0169029955119863,0.00721820816244924,0.00157974621058863));
#1699=CARTESIAN_POINT('',(0.0198058861494146,0.00489010008136689,-0.00344820786225331));
#1700=CARTESIAN_POINT('',(0.005575,0.,-5.02393941743933E-18));
#1701=CARTESIAN_POINT('',(0.,0.,-1.04083408558608E-17));
#1702=CARTESIAN_POINT('',(-0.01115,0.,-1.04083408558608E-17));
#1703=CARTESIAN_POINT('',(4.33680868994202E-19,0.0706415793395561,0.03));
#1704=CARTESIAN_POINT('',(-0.000862324102763091,0.0141151906337425,0.028193240799378));
#1705=CARTESIAN_POINT('',(-0.00101868903641207,0.014057135298011,0.028276640328779));
#1706=CARTESIAN_POINT('',(-0.00109549634205273,0.014023063733084,0.0283254187579941));
#1707=CARTESIAN_POINT('',(-0.00128465133027866,0.0139338339784713,0.0284577003954534));
#1708=CARTESIAN_POINT('',(-0.00155777981700942,0.0137763630913337,0.0287140726243292));
#1709=CARTESIAN_POINT('',(-0.00177553182964772,0.0136014432973796,0.029060533607952));
#1710=CARTESIAN_POINT('',(-0.0018708965855957,0.0135043806898746,0.0292884046937437));
#1711=CARTESIAN_POINT('',(-0.00193020644089376,0.0134360782264966,0.0294589174738199));
#1712=CARTESIAN_POINT('',(-0.00200220430135606,0.0133331420912566,0.0297860915061812));
#1713=CARTESIAN_POINT('',(-0.00200487136043643,0.0132639329022027,0.0301651044860898));
#1714=CARTESIAN_POINT('',(-0.00193716492655943,0.0132335378699196,0.0305463626408802));
#1715=CARTESIAN_POINT('',(-0.00182907091642949,0.013242976225131,0.0308234542485271));
#1716=CARTESIAN_POINT('',(-0.00173492886343638,0.0132628790213728,0.030996113391174));
#1717=CARTESIAN_POINT('',(-0.001692772536111,0.013273206010737,0.0310665036705104));
#1718=CARTESIAN_POINT('',(-0.0015783565801246,0.0133026502396779,0.0312408285533982));
#1719=CARTESIAN_POINT('',(-0.00130923082932172,0.0133736800944936,0.0315452219566094));
#1720=CARTESIAN_POINT('',(-0.000854723333135157,0.0134691188757771,0.03182378135508));
#1721=CARTESIAN_POINT('',(-0.000485446675508626,0.0135281915652391,0.0319555534204684));
#1722=CARTESIAN_POINT('',(0.000140119637774655,0.0135614998175248,0.0320519740928771));
#1723=CARTESIAN_POINT('',(0.000968186492876665,0.0134662682200296,0.031815505810431));
#1724=CARTESIAN_POINT('',(0.00159069413644725,0.0132965040203543,0.0313012576082132));
#1725=CARTESIAN_POINT('',(0.00190876886288276,0.0132221061528762,0.0306877216837205));
#1726=CARTESIAN_POINT('',(0.00200612872841475,0.0132563357996285,0.0301799924239882));
#1727=CARTESIAN_POINT('',(0.00199696455235309,0.0133394138499734,0.0297617316409968));
#1728=CARTESIAN_POINT('',(0.00193107690896585,0.0134415991586084,0.0294341168788701));
#1729=CARTESIAN_POINT('',(0.00171032134597302,0.0136667946994294,0.0288952170636018));
#1730=CARTESIAN_POINT('',(0.00129266543976506,0.013953283097696,0.0284143720588184));
#1731=CARTESIAN_POINT('',(0.000665762252060636,0.0142024005209925,0.0280707537912987));
#1732=CARTESIAN_POINT('',(2.7050611410161E-5,0.0142749137762447,0.0279772772841348));
#1733=CARTESIAN_POINT('',(-0.000392054027787462,0.0142366471718104,0.0280247708118911));
#1734=CARTESIAN_POINT('',(-0.000697387811283977,0.0141658114948665,0.0281219281357685));
#1735=CARTESIAN_POINT('',(-0.000862324102763091,0.0141151906337425,0.028193240799378));
#1736=CARTESIAN_POINT('',(-0.00101868903641207,0.014057135298011,0.028276640328779));
#1737=CARTESIAN_POINT('',(-0.00109549634205273,0.014023063733084,0.0283254187579941));
#1738=CARTESIAN_POINT('',(-0.00098934399839912,0.0140674249366935,0.0282618404984491));
#1739=CARTESIAN_POINT('',(0.000398255498636913,0.0114983374447163,0.0278194154225172));
#1740=CARTESIAN_POINT('',(-0.00126518759398923,0.0114257220368903,0.0281792338845827));
#1741=CARTESIAN_POINT('',(-0.00218085905456329,0.0112717576724288,0.029606240304448));
#1742=CARTESIAN_POINT('',(-0.00182036183011635,0.0113687384272882,0.0312632341253962));
#1743=CARTESIAN_POINT('',(-0.0003974461460634,0.0115471708314961,0.0321807998184023));
#1744=CARTESIAN_POINT('',(0.00126379661043578,0.0114670384053691,0.031820055601504));
#1745=CARTESIAN_POINT('',(0.00217955343125645,0.0112812028308857,0.0304005909545499));
#1746=CARTESIAN_POINT('',(0.00182204797932867,0.0113395103165067,0.0287372581722139));
#1747=CARTESIAN_POINT('',(0.000398255498636913,0.0114983374447163,0.0278194154225172));
#1748=CARTESIAN_POINT('',(-0.00126518759398923,0.0114257220368903,0.0281792338845827));
#1749=CARTESIAN_POINT('',(-0.00218085905456329,0.0112717576724288,0.029606240304448));
#1750=CARTESIAN_POINT('',(-0.00114055898864711,0.0114121638774511,0.0283570985442162));
#1751=CARTESIAN_POINT('',(-0.00296107648038781,0.0153663583037043,0.027588915694883));
#1752=CARTESIAN_POINT('',(-0.00162937568521024,0.0156688804386758,0.0268670031713933));
#1753=CARTESIAN_POINT('',(-0.00113511532542505,0.0157425712690209,0.0267052677939891));
#1754=CARTESIAN_POINT('',(-9.24085157245635E-5,0.0158094596580875,0.0265596214578023));
#1755=CARTESIAN_POINT('',(0.000438099529476175,0.0157998840028839,0.0265805435089448));
#1756=CARTESIAN_POINT('',(0.00197050927992646,0.0156465399901618,0.026915346447544));
#1757=CARTESIAN_POINT('',(0.00285447921855351,0.0153851571675856,0.0274968052512955));
#1758=CARTESIAN_POINT('',(0.0036677506667862,0.0150278487897497,0.0286665457635876));
#1759=CARTESIAN_POINT('',(0.00385389268687991,0.0149208003971686,0.0291013122832023));
#1760=CARTESIAN_POINT('',(0.00402572907857119,0.0147663782111036,0.0300184625473224));
#1761=CARTESIAN_POINT('',(0.00401017372899839,0.0147218294240597,0.0304903178508932));
#1762=CARTESIAN_POINT('',(0.00365174264875494,0.0147015004397782,0.0318610414347599));
#1763=CARTESIAN_POINT('',(0.00298716484719032,0.0148370009285846,0.03267107489709));
#1764=CARTESIAN_POINT('',(0.00119446653973679,0.0150646989038318,0.033644187979294));
#1765=CARTESIAN_POINT('',(7.27289620272555E-5,0.0151181529753597,0.033801244664176));
#1766=CARTESIAN_POINT('',(-0.00198181608746299,0.014993346600933,0.0333527779386932));
#1767=CARTESIAN_POINT('',(-0.00288742286432411,0.0148373302541998,0.0327596229624102));
#1768=CARTESIAN_POINT('',(-0.00397207251233679,0.0146745898495077,0.0311588124547058));
#1769=CARTESIAN_POINT('',(-0.00413016916691319,0.0147155457547131,0.0301620969944593));
#1770=CARTESIAN_POINT('',(-0.00360998084419942,0.015079842555174,0.0283705174707239));
#1771=CARTESIAN_POINT('',(-0.00296107648038781,0.0153663583037043,0.027588915694883));
#1772=CARTESIAN_POINT('',(-0.00162937568521024,0.0156688804386758,0.0268670031713933));
#1773=CARTESIAN_POINT('',(-0.00148577215430227,0.0138599273724228,0.028563578419694));
#1774=CARTESIAN_POINT('',(-0.000817970117606187,0.0141399057318684,0.0281562334406653));
#1775=CARTESIAN_POINT('',(-0.000569904745420191,0.0142079887927327,0.0280649739941445));
#1776=CARTESIAN_POINT('',(-4.64135802788229E-5,0.0142697833003716,0.0279827922423482));
#1777=CARTESIAN_POINT('',(0.000219982008895247,0.0142609389729685,0.0279945969016252));
#1778=CARTESIAN_POINT('',(0.000989252397126921,0.014119258733999,0.0281835134771988));
#1779=CARTESIAN_POINT('',(0.00143239494680796,0.013877753570995,0.0285116028292836));
#1780=CARTESIAN_POINT('',(0.00183861118227819,0.0135444193843513,0.0291716361119247));
#1781=CARTESIAN_POINT('',(0.00193122662818583,0.013443814104092,0.0294169552197329));
#1782=CARTESIAN_POINT('',(0.0020158407428201,0.0132959724367249,0.0299344623500854));
#1783=CARTESIAN_POINT('',(0.00200725289541321,0.0132513649597734,0.0302007068849703));
#1784=CARTESIAN_POINT('',(0.00182568409332027,0.0132198935464849,0.0309741523379259));
#1785=CARTESIAN_POINT('',(0.00149230648501189,0.0133337471573829,0.0314312122842567));
#1786=CARTESIAN_POINT('',(0.000596135827777477,0.0135284492578446,0.0319802989213751));
#1787=CARTESIAN_POINT('',(3.63817937266894E-5,0.0135748074006824,0.0320689197440851));
#1788=CARTESIAN_POINT('',(-0.000989501849024632,0.013467328188927,0.0318158662423225));
#1789=CARTESIAN_POINT('',(-0.00144236484500405,0.0133331760281774,0.0314811797836194));
#1790=CARTESIAN_POINT('',(-0.00198694353734409,0.0132025096769098,0.0305779083686356));
#1791=CARTESIAN_POINT('',(-0.00206796090874564,0.0132488039087685,0.0300155133391895));
#1792=CARTESIAN_POINT('',(-0.00181015897640272,0.0135940621862035,0.0290045957707535));
#1793=CARTESIAN_POINT('',(-0.00148577215430227,0.0138599273724228,0.028563578419694));
#1794=CARTESIAN_POINT('',(-0.000817970117606187,0.0141399057318684,0.0281562334406653));
#1795=CARTESIAN_POINT('',(0.,0.,-1.04083408558608E-17));
#1796=CARTESIAN_POINT('',(0.00784894321579912,-0.00841216154326109,0.0278194154225172));
#1797=CARTESIAN_POINT('',(0.00897382825942059,-0.00718458280505485,0.0281792338845827));
#1798=CARTESIAN_POINT('',(0.00951243651235969,-0.00642823605977211,0.0296062403044481));
#1799=CARTESIAN_POINT('',(0.00932610222975999,-0.00675172184118315,0.0312632341253962));
#1800=CARTESIAN_POINT('',(0.00844611966350829,-0.00788404593343252,0.0321807998184023));
#1801=CARTESIAN_POINT('',(0.00721478146328333,-0.00900205976984275,0.031820055601504));
#1802=CARTESIAN_POINT('',(0.00643583801046029,-0.00951819203285998,0.0304005909545499));
#1803=CARTESIAN_POINT('',(0.00672986215830619,-0.00930662712196728,0.0287372581722139));
#1804=CARTESIAN_POINT('',(0.00784894321579912,-0.00841216154326109,0.0278194154225172));
#1805=CARTESIAN_POINT('',(0.00897382825942059,-0.00718458280505485,0.0281792338845827));
#1806=CARTESIAN_POINT('',(0.00951243651235969,-0.00642823605977211,0.0296062403044481));
#1807=CARTESIAN_POINT('',(0.00887611546097345,-0.00726312147054217,0.0283570985442162));
#1808=CARTESIAN_POINT('',(-0.00841216154326109,-0.00784894321579912,0.0278194154225172));
#1809=CARTESIAN_POINT('',(-0.00718458280505485,-0.00897382825942059,0.0281792338845827));
#1810=CARTESIAN_POINT('',(-0.00642823605977211,-0.00951243651235969,0.0296062403044481));
#1811=CARTESIAN_POINT('',(-0.00675172184118315,-0.00932610222975999,0.0312632341253962));
#1812=CARTESIAN_POINT('',(-0.00788404593343251,-0.0084461196635083,0.0321807998184023));
#1813=CARTESIAN_POINT('',(-0.00900205976984275,-0.00721478146328332,0.031820055601504));
#1814=CARTESIAN_POINT('',(-0.00951819203285999,-0.00643583801046029,0.0304005909545499));
#1815=CARTESIAN_POINT('',(-0.00930662712196728,-0.00672986215830619,0.0287372581722139));
#1816=CARTESIAN_POINT('',(-0.00841216154326109,-0.00784894321579912,0.0278194154225172));
#1817=CARTESIAN_POINT('',(-0.00718458280505485,-0.00897382825942059,0.0281792338845827));
#1818=CARTESIAN_POINT('',(-0.00642823605977211,-0.00951243651235969,0.0296062403044481));
#1819=CARTESIAN_POINT('',(-0.00726312147054217,-0.00887611546097345,0.0283570985442162));
#1820=CARTESIAN_POINT('',(0.,0.,0.04));
#1821=CARTESIAN_POINT('',(-0.001,-0.0115568161705549,0.04));
#1822=CARTESIAN_POINT('',(0.001,-0.0115568161705549,0.04));
#1823=CARTESIAN_POINT('',(-0.001,-0.0115568161705549,0.04));
#1824=CARTESIAN_POINT('',(-0.001,-0.0114658340681655,0.0319428089492344));
#1825=CARTESIAN_POINT('',(-0.000999999999999999,-0.0113748439869514,0.0238856179885825));
#1826=CARTESIAN_POINT('',(-0.000999999999999998,-0.0112838453335035,0.0158284271247462));
#1827=CARTESIAN_POINT('',(-0.001,-0.0112838453335035,0.0158284271247462));
#1828=CARTESIAN_POINT('',(0.000999999999999996,-0.0112838453335035,0.0158284271247462));
#1829=CARTESIAN_POINT('',(0.00166739444510101,-0.0112220343730328,0.0155924675558176));
#1830=CARTESIAN_POINT('',(0.00279754805924811,-0.0109807025487388,0.0146586554018657));
#1831=CARTESIAN_POINT('',(0.0032113866107177,-0.0108206090873364,0.0124509046366995));
#1832=CARTESIAN_POINT('',(0.00210119328591265,-0.0111151481975244,0.0105144412656249));
#1833=CARTESIAN_POINT('',(2.25666045228949E-6,-0.0113360627206111,0.00974315223926042));
#1834=CARTESIAN_POINT('',(-0.00209945973191993,-0.0111156000995217,0.0105129529934953));
#1835=CARTESIAN_POINT('',(-0.00320982164025958,-0.0108209441668394,0.0124458715627191));
#1836=CARTESIAN_POINT('',(-0.00280116560676175,-0.0109797997455232,0.0146547042830844));
#1837=CARTESIAN_POINT('',(-0.00166740602273062,-0.0112220333007668,0.0155924634625074));
#1838=CARTESIAN_POINT('',(-0.000999999999999998,-0.0112838453335035,0.0158284271247462));
#1839=CARTESIAN_POINT('',(0.001,-0.0112838453335035,0.0158284271247462));
#1840=CARTESIAN_POINT('',(0.001,-0.0112838453335035,0.0158284271247462));
#1841=CARTESIAN_POINT('',(0.001,-0.0113748439869516,0.0238856179885987));
#1842=CARTESIAN_POINT('',(0.000999999999999999,-0.0114658340681657,0.0319428089492503));
#1843=CARTESIAN_POINT('',(0.000999999999999997,-0.0115568161705549,0.04));
#1844=CARTESIAN_POINT('',(0.001,-0.071296885189353,0.0284142135623731));
#1845=CARTESIAN_POINT('',(0.001,-0.0141117245182085,0.0380065023833727));
#1846=CARTESIAN_POINT('',(0.001,-0.0129782736756785,0.04));
#1847=CARTESIAN_POINT('',(0.001,0.,0.04));
#1848=CARTESIAN_POINT('',(0.001,-0.071296885189353,0.0158284271247462));
#1849=CARTESIAN_POINT('',(1.07672448338485E-18,-0.071296885189353,0.013));
#1850=CARTESIAN_POINT('',(-0.001,-0.071296885189353,0.0158284271247462));
#1851=CARTESIAN_POINT('',(-0.001,-0.071296885189353,0.0284142135623731));
#1852=CARTESIAN_POINT('',(-0.001,0.,0.04));
#1853=CARTESIAN_POINT('',(0.01335,0.,0.04));
#1854=CARTESIAN_POINT('',(-0.0129782736756785,-0.00577851982871285,0.04));
#1855=CARTESIAN_POINT('',(-0.0129782736756785,0.00537577697265573,0.04));
#1856=CARTESIAN_POINT('',(-0.0129782736756785,-0.00537577697265574,0.04));
#1857=CARTESIAN_POINT('',(-0.00509099476806332,-0.0132630558802709,0.04));
#1858=CARTESIAN_POINT('',(0.00577851982871285,-0.0129782736756785,0.04));
#1859=CARTESIAN_POINT('',(0.00537577697265574,-0.0129782736756785,0.04));
#1860=CARTESIAN_POINT('',(0.0132630558802709,-0.00509099476806332,0.04));
#1861=CARTESIAN_POINT('',(0.0129782736756785,-0.00537577697265574,0.04));
#1862=CARTESIAN_POINT('',(0.0129782736756785,0.00577851982871285,0.04));
#1863=CARTESIAN_POINT('',(0.0129782736756785,0.00537577697265575,0.04));
#1864=CARTESIAN_POINT('',(0.00509099476806331,0.0132630558802709,0.04));
#1865=CARTESIAN_POINT('',(0.00537577697265574,0.0129782736756785,0.04));
#1866=CARTESIAN_POINT('',(-0.00577851982871284,0.0129782736756785,0.04));
#1867=CARTESIAN_POINT('',(-0.00537577697265573,0.0129782736756785,0.04));
#1868=CARTESIAN_POINT('',(-0.0132630558802709,0.00509099476806331,0.04));
#1869=CARTESIAN_POINT('',(-0.0499511397847276,-0.0499511397847276,0.03));
#1870=CARTESIAN_POINT('',(-0.00937119179421576,-0.0105907022355045,0.028193240799378));
#1871=CARTESIAN_POINT('',(-0.00921957376771298,-0.0106602176188477,0.028276640328779));
#1872=CARTESIAN_POINT('',(-0.00914117056644422,-0.0106904363509053,0.0283254187579941));
#1873=CARTESIAN_POINT('',(-0.00894432282700416,-0.0107610941612049,0.0284577003954534));
#1874=CARTESIAN_POINT('',(-0.00863984308976715,-0.0108428764341729,0.0287140726243292));
#1875=CARTESIAN_POINT('',(-0.00836218219254492,-0.0108731633864578,0.029060533607952));
#1876=CARTESIAN_POINT('',(-0.00822611549896149,-0.0108719628241085,0.0292884046937437));
#1877=CARTESIAN_POINT('',(-0.00813587996306269,-0.0108656040899545,0.0294589174738199));
#1878=CARTESIAN_POINT('',(-0.00801218294844151,-0.010843727426061,0.0297860915061812));
#1879=CARTESIAN_POINT('',(-0.00796135876597956,-0.0107966750347222,0.0301651044860898));
#1880=CARTESIAN_POINT('',(-0.00798774191106216,-0.010727306822756,0.0305463626408802));
#1881=CARTESIAN_POINT('',(-0.00807084984360389,-0.0106575467401607,0.0308234542485271));
#1882=CARTESIAN_POINT('',(-0.00815149172985732,-0.0106050516582816,0.030996113391174));
#1883=CARTESIAN_POINT('',(-0.00818860303898772,-0.0105825449175686,0.0310665036705104));
#1884=CARTESIAN_POINT('',(-0.00829032755129255,-0.0105224608331656,0.0312408285533982));
#1885=CARTESIAN_POINT('',(-0.00853085388668407,-0.0103823858817878,0.0315452219566094));
#1886=CARTESIAN_POINT('',(-0.00891972462877143,-0.0101284859585679,0.03182378135508));
#1887=CARTESIAN_POINT('',(-0.00922261335681456,-0.00990913862912779,0.0319555534204684));
#1888=CARTESIAN_POINT('',(-0.00968850803007975,-0.00949034893798403,0.0320519740928771));
#1889=CARTESIAN_POINT('',(-0.0102067008102261,-0.00883747834109344,0.031815505810431));
#1890=CARTESIAN_POINT('',(-0.0105268387695422,-0.00827725754819116,0.0313012576082132));
#1891=CARTESIAN_POINT('',(-0.0106991443289292,-0.00799973751560492,0.0306877216837205));
#1892=CARTESIAN_POINT('',(-0.0107921921653985,-0.00795509770980807,0.0301799924239882));
#1893=CARTESIAN_POINT('',(-0.0108444571671279,-0.00802032281361186,0.0297617316409968));
#1894=CARTESIAN_POINT('',(-0.0108701234923659,-0.00813916833772084,0.0294341168788701));
#1895=CARTESIAN_POINT('',(-0.0108732630307965,-0.00845450338730522,0.0288952170636018));
#1896=CARTESIAN_POINT('',(-0.0107805135964598,-0.00895240859993309,0.0284143720588184));
#1897=CARTESIAN_POINT('',(-0.0105133787206112,-0.00957184871443101,0.0280707537912987));
#1898=CARTESIAN_POINT('',(-0.0101130160027992,-0.0100747606612725,0.0279772772841348));
#1899=CARTESIAN_POINT('',(-0.00978960569490734,-0.0103440538181874,0.0280247708118911));
#1900=CARTESIAN_POINT('',(-0.00952361371855462,-0.0105098690195061,0.0281219281357685));
#1901=CARTESIAN_POINT('',(-0.00937119179421576,-0.0105907022355045,0.028193240799378));
#1902=CARTESIAN_POINT('',(-0.00921957376771298,-0.0106602176188477,0.028276640328779));
#1903=CARTESIAN_POINT('',(-0.00914117056644422,-0.0106904363509053,0.0283254187579941));
#1904=CARTESIAN_POINT('',(-0.00924759971637451,-0.010646743416763,0.0282618404984491));
#1905=CARTESIAN_POINT('',(-0.00877185889979728,-0.0129594534175857,0.027588915694883));
#1906=CARTESIAN_POINT('',(-0.00992742901567624,-0.0122317142079015,0.0268670031713933));
#1907=CARTESIAN_POINT('',(-0.0103290311536004,-0.011934326641674,0.0267052677939891));
#1908=CARTESIAN_POINT('',(-0.0111136334430206,-0.0112443188192371,0.0265596214578023));
#1909=CARTESIAN_POINT('',(-0.0114819882685273,-0.0108624219722728,0.0265805435089448));
#1910=CARTESIAN_POINT('',(-0.0124571350033769,-0.00967041405492289,0.026915346447544));
#1911=CARTESIAN_POINT('',(-0.0128973705750159,-0.00886052735062534,0.0274968052512956));
#1912=CARTESIAN_POINT('',(-0.0132197851540641,-0.00803280241769207,0.0286665457635876));
#1913=CARTESIAN_POINT('',(-0.0132757127944269,-0.00782548548871081,0.0291013122832023));
#1914=CARTESIAN_POINT('',(-0.0132880264973142,-0.00759478583595909,0.0300184625473224));
#1915=CARTESIAN_POINT('',(-0.0132455264547351,-0.00757428437971333,0.0304903178508932));
#1916=CARTESIAN_POINT('',(-0.0129777026446669,-0.00781335866450144,0.0318610414347599));
#1917=CARTESIAN_POINT('',(-0.0126035884890436,-0.00837909944910293,0.03267107489709));
#1918=CARTESIAN_POINT('',(-0.0114969661415814,-0.00980773536128472,0.0336441879792939));
#1919=CARTESIAN_POINT('',(-0.0107415756301305,-0.0106387213456543,0.033801244664176));
#1920=CARTESIAN_POINT('',(-0.00920054145969028,-0.0120032526487096,0.0333527779386932));
#1921=CARTESIAN_POINT('',(-0.00844986054993235,-0.0125332931249656,0.0327596229624102));
#1922=CARTESIAN_POINT('',(-0.00756782258488019,-0.0131851814025562,0.0311588124547058));
#1923=CARTESIAN_POINT('',(-0.00748499156664667,-0.0133259328173905,0.0301620969944593));
#1924=CARTESIAN_POINT('',(-0.00811041699510202,-0.0132157008648759,0.0283705174707239));
#1925=CARTESIAN_POINT('',(-0.00877185889979728,-0.0129594534175857,0.027588915694883));
#1926=CARTESIAN_POINT('',(-0.00992742901567624,-0.0122317142079015,0.0268670031713933));
#1927=CARTESIAN_POINT('',(-0.00874984906618796,-0.0108510481973985,0.028563578419694));
#1928=CARTESIAN_POINT('',(-0.0094200310113754,-0.01057681544531,0.0281562334406653));
#1929=CARTESIAN_POINT('',(-0.00964358171224676,-0.0104495487324808,0.0280649739941445));
#1930=CARTESIAN_POINT('',(-0.010057441180401,-0.0101230798951096,0.0279827922423482));
#1931=CARTESIAN_POINT('',(-0.0102395574241024,-0.00992845588364468,0.0279945969016252));
#1932=CARTESIAN_POINT('',(-0.0106833306744516,-0.0092843165178246,0.0281835134771988));
#1933=CARTESIAN_POINT('',(-0.0108259098379117,-0.00880019747746117,0.0285116028292836));
#1934=CARTESIAN_POINT('',(-0.0108774452288636,-0.008277256358955,0.0291716361119247));
#1935=CARTESIAN_POINT('',(-0.010871795562813,-0.00814062867321655,0.0294169552197329));
#1936=CARTESIAN_POINT('',(-0.0108270869315178,-0.00797625761343736,0.0299344623500854));
#1937=CARTESIAN_POINT('',(-0.0107894721569366,-0.00795078788913055,0.0302007068849703));
#1938=CARTESIAN_POINT('',(-0.0106388299759749,-0.00805692277059256,0.0309741523379259));
#1939=CARTESIAN_POINT('',(-0.0104836030687729,-0.00837316299845176,0.0314312122842567));
#1940=CARTESIAN_POINT('',(-0.00998758989548977,-0.00914452652283035,0.0319802989213751));
#1941=CARTESIAN_POINT('',(-0.0096245641793797,-0.00957311255326796,0.0320689197440851));
#1942=CARTESIAN_POINT('',(-0.00882315561941306,-0.0102225225542969,0.0318158662423225));
#1943=CARTESIAN_POINT('',(-0.00840807322143073,-0.0104478851471256,0.0314811797836194));
#1944=CARTESIAN_POINT('',(-0.00793060287213316,-0.0107405653703147,0.0305779083686356));
#1945=CARTESIAN_POINT('',(-0.00790604990469833,-0.0108305882683038,0.0300155133391895));
#1946=CARTESIAN_POINT('',(-0.00833247786849602,-0.0108924292429761,0.0290045957707535));
#1947=CARTESIAN_POINT('',(-0.00874984906618796,-0.0108510481973985,0.028563578419694));
#1948=CARTESIAN_POINT('',(-0.0094200310113754,-0.01057681544531,0.0281562334406653));
#1949=CARTESIAN_POINT('',(0.0499511397847276,-0.0499511397847276,0.03));
#1950=CARTESIAN_POINT('',(0.0105907022355045,-0.00937119179421576,0.028193240799378));
#1951=CARTESIAN_POINT('',(0.0106602176188477,-0.00921957376771298,0.028276640328779));
#1952=CARTESIAN_POINT('',(0.0106904363509053,-0.00914117056644422,0.0283254187579941));
#1953=CARTESIAN_POINT('',(0.0107610941612049,-0.00894432282700416,0.0284577003954534));
#1954=CARTESIAN_POINT('',(0.0108428764341729,-0.00863984308976715,0.0287140726243292));
#1955=CARTESIAN_POINT('',(0.0108731633864578,-0.00836218219254492,0.029060533607952));
#1956=CARTESIAN_POINT('',(0.0108719628241085,-0.00822611549896149,0.0292884046937437));
#1957=CARTESIAN_POINT('',(0.0108656040899545,-0.00813587996306269,0.0294589174738199));
#1958=CARTESIAN_POINT('',(0.010843727426061,-0.00801218294844151,0.0297860915061812));
#1959=CARTESIAN_POINT('',(0.0107966750347222,-0.00796135876597956,0.0301651044860898));
#1960=CARTESIAN_POINT('',(0.010727306822756,-0.00798774191106216,0.0305463626408802));
#1961=CARTESIAN_POINT('',(0.0106575467401607,-0.00807084984360389,0.0308234542485271));
#1962=CARTESIAN_POINT('',(0.0106050516582816,-0.00815149172985732,0.030996113391174));
#1963=CARTESIAN_POINT('',(0.0105825449175686,-0.00818860303898772,0.0310665036705104));
#1964=CARTESIAN_POINT('',(0.0105224608331656,-0.00829032755129255,0.0312408285533982));
#1965=CARTESIAN_POINT('',(0.0103823858817878,-0.00853085388668407,0.0315452219566094));
#1966=CARTESIAN_POINT('',(0.0101284859585679,-0.00891972462877143,0.03182378135508));
#1967=CARTESIAN_POINT('',(0.00990913862912779,-0.00922261335681456,0.0319555534204684));
#1968=CARTESIAN_POINT('',(0.00949034893798403,-0.00968850803007975,0.0320519740928771));
#1969=CARTESIAN_POINT('',(0.00883747834109344,-0.0102067008102261,0.031815505810431));
#1970=CARTESIAN_POINT('',(0.00827725754819116,-0.0105268387695422,0.0313012576082132));
#1971=CARTESIAN_POINT('',(0.00799973751560492,-0.0106991443289292,0.0306877216837205));
#1972=CARTESIAN_POINT('',(0.00795509770980807,-0.0107921921653985,0.0301799924239882));
#1973=CARTESIAN_POINT('',(0.00802032281361186,-0.0108444571671279,0.0297617316409968));
#1974=CARTESIAN_POINT('',(0.00813916833772084,-0.0108701234923659,0.0294341168788701));
#1975=CARTESIAN_POINT('',(0.00845450338730522,-0.0108732630307965,0.0288952170636018));
#1976=CARTESIAN_POINT('',(0.00895240859993309,-0.0107805135964598,0.0284143720588184));
#1977=CARTESIAN_POINT('',(0.00957184871443101,-0.0105133787206112,0.0280707537912987));
#1978=CARTESIAN_POINT('',(0.0100747606612725,-0.0101130160027992,0.0279772772841348));
#1979=CARTESIAN_POINT('',(0.0103440538181874,-0.00978960569490734,0.0280247708118911));
#1980=CARTESIAN_POINT('',(0.0105098690195061,-0.00952361371855462,0.0281219281357685));
#1981=CARTESIAN_POINT('',(0.0105907022355045,-0.00937119179421576,0.028193240799378));
#1982=CARTESIAN_POINT('',(0.0106602176188477,-0.00921957376771298,0.028276640328779));
#1983=CARTESIAN_POINT('',(0.0106904363509053,-0.00914117056644422,0.0283254187579941));
#1984=CARTESIAN_POINT('',(0.010646743416763,-0.00924759971637451,0.0282618404984491));
#1985=CARTESIAN_POINT('',(0.0129594534175857,-0.00877185889979727,0.027588915694883));
#1986=CARTESIAN_POINT('',(0.0122317142079015,-0.00992742901567624,0.0268670031713933));
#1987=CARTESIAN_POINT('',(0.011934326641674,-0.0103290311536004,0.0267052677939891));
#1988=CARTESIAN_POINT('',(0.0112443188192371,-0.0111136334430206,0.0265596214578023));
#1989=CARTESIAN_POINT('',(0.0108624219722728,-0.0114819882685273,0.0265805435089449));
#1990=CARTESIAN_POINT('',(0.0096704140549229,-0.0124571350033769,0.026915346447544));
#1991=CARTESIAN_POINT('',(0.00886052735062535,-0.0128973705750158,0.0274968052512956));
#1992=CARTESIAN_POINT('',(0.00803280241769207,-0.013219785154064,0.0286665457635876));
#1993=CARTESIAN_POINT('',(0.00782548548871081,-0.0132757127944268,0.0291013122832023));
#1994=CARTESIAN_POINT('',(0.0075947858359591,-0.0132880264973142,0.0300184625473224));
#1995=CARTESIAN_POINT('',(0.00757428437971334,-0.0132455264547351,0.0304903178508932));
#1996=CARTESIAN_POINT('',(0.00781335866450144,-0.0129777026446669,0.0318610414347599));
#1997=CARTESIAN_POINT('',(0.00837909944910293,-0.0126035884890436,0.03267107489709));
#1998=CARTESIAN_POINT('',(0.00980773536128472,-0.0114969661415813,0.0336441879792939));
#1999=CARTESIAN_POINT('',(0.0106387213456543,-0.0107415756301305,0.033801244664176));
#2000=CARTESIAN_POINT('',(0.0120032526487096,-0.00920054145969028,0.0333527779386932));
#2001=CARTESIAN_POINT('',(0.0125332931249656,-0.00844986054993234,0.0327596229624102));
#2002=CARTESIAN_POINT('',(0.0131851814025562,-0.0075678225848802,0.0311588124547058));
#2003=CARTESIAN_POINT('',(0.0133259328173905,-0.00748499156664668,0.0301620969944593));
#2004=CARTESIAN_POINT('',(0.0132157008648759,-0.00811041699510202,0.0283705174707239));
#2005=CARTESIAN_POINT('',(0.0129594534175857,-0.00877185889979727,0.027588915694883));
#2006=CARTESIAN_POINT('',(0.0122317142079015,-0.00992742901567624,0.0268670031713933));
#2007=CARTESIAN_POINT('',(0.0108510481973985,-0.00874984906618795,0.028563578419694));
#2008=CARTESIAN_POINT('',(0.01057681544531,-0.0094200310113754,0.0281562334406653));
#2009=CARTESIAN_POINT('',(0.0104495487324808,-0.00964358171224676,0.0280649739941445));
#2010=CARTESIAN_POINT('',(0.0101230798951096,-0.010057441180401,0.0279827922423482));
#2011=CARTESIAN_POINT('',(0.00992845588364468,-0.0102395574241024,0.0279945969016252));
#2012=CARTESIAN_POINT('',(0.00928431651782461,-0.0106833306744516,0.0281835134771988));
#2013=CARTESIAN_POINT('',(0.00880019747746117,-0.0108259098379117,0.0285116028292836));
#2014=CARTESIAN_POINT('',(0.00827725635895501,-0.0108774452288636,0.0291716361119247));
#2015=CARTESIAN_POINT('',(0.00814062867321655,-0.010871795562813,0.0294169552197329));
#2016=CARTESIAN_POINT('',(0.00797625761343736,-0.0108270869315178,0.0299344623500854));
#2017=CARTESIAN_POINT('',(0.00795078788913055,-0.0107894721569366,0.0302007068849703));
#2018=CARTESIAN_POINT('',(0.00805692277059256,-0.0106388299759749,0.0309741523379259));
#2019=CARTESIAN_POINT('',(0.00837316299845176,-0.0104836030687729,0.0314312122842567));
#2020=CARTESIAN_POINT('',(0.00914452652283035,-0.00998758989548976,0.0319802989213751));
#2021=CARTESIAN_POINT('',(0.00957311255326796,-0.0096245641793797,0.0320689197440851));
#2022=CARTESIAN_POINT('',(0.0102225225542969,-0.00882315561941306,0.0318158662423225));
#2023=CARTESIAN_POINT('',(0.0104478851471256,-0.00840807322143072,0.0314811797836194));
#2024=CARTESIAN_POINT('',(0.0107405653703147,-0.00793060287213316,0.0305779083686356));
#2025=CARTESIAN_POINT('',(0.0108305882683038,-0.00790604990469833,0.0300155133391895));
#2026=CARTESIAN_POINT('',(0.0108924292429761,-0.00833247786849602,0.0290045957707535));
#2027=CARTESIAN_POINT('',(0.0108510481973985,-0.00874984906618795,0.028563578419694));
#2028=CARTESIAN_POINT('',(0.01057681544531,-0.0094200310113754,0.0281562334406653));
#2029=CARTESIAN_POINT('',(0.0188254253830028,0.,-0.00175));
#2030=CARTESIAN_POINT('',(0.0169029955119863,0.0072182081624493,0.00157974621058853));
#2031=CARTESIAN_POINT('',(0.0170131593322815,0.0068515345362316,0.00138893687668135));
#2032=CARTESIAN_POINT('',(0.0170812198059877,0.00643341229778874,0.00127105267823512));
#2033=CARTESIAN_POINT('',(0.0170812198059877,0.00600186111744967,0.00127105267823511));
#2034=CARTESIAN_POINT('',(0.0133115859470426,0.0133115859470426,-0.00175));
#2035=CARTESIAN_POINT('',(0.00684817880920732,0.0170562666885753,0.00157974621058852));
#2036=CARTESIAN_POINT('',(0.00718535380116025,0.0168748868653667,0.00138893687668135));
#2037=CARTESIAN_POINT('',(0.00752913689381649,0.0166273558176872,0.00127105267823512));
#2038=CARTESIAN_POINT('',(0.0078342896598633,0.0163222030516404,0.00127105267823511));
#2039=CARTESIAN_POINT('',(-2.82571560928768E-18,0.0188254253830028,-0.00175));
#2040=CARTESIAN_POINT('',(-0.0072182081624493,0.0169029955119863,0.00157974621058853));
#2041=CARTESIAN_POINT('',(-0.00685153453623162,0.0170131593322815,0.00138893687668135));
#2042=CARTESIAN_POINT('',(-0.00643341229778875,0.0170812198059877,0.00127105267823512));
#2043=CARTESIAN_POINT('',(-0.00600186111744968,0.0170812198059877,0.00127105267823511));
#2044=CARTESIAN_POINT('',(-0.0133115859470426,0.0133115859470426,-0.00175));
#2045=CARTESIAN_POINT('',(-0.0170562666885753,0.00684817880920732,0.00157974621058853));
#2046=CARTESIAN_POINT('',(-0.0168748868653667,0.00718535380116026,0.00138893687668134));
#2047=CARTESIAN_POINT('',(-0.0166273558176872,0.0075291368938165,0.00127105267823512));
#2048=CARTESIAN_POINT('',(-0.0163222030516404,0.00783428965986331,0.00127105267823511));
#2049=CARTESIAN_POINT('',(-0.0188254253830028,-2.82571560928768E-18,-0.00175));
#2050=CARTESIAN_POINT('',(-0.0169029955119863,-0.0072182081624493,0.00157974621058853));
#2051=CARTESIAN_POINT('',(-0.0170131593322815,-0.00685153453623161,0.00138893687668134));
#2052=CARTESIAN_POINT('',(-0.0170812198059877,-0.00643341229778874,0.00127105267823512));
#2053=CARTESIAN_POINT('',(-0.0170812198059877,-0.00600186111744967,0.00127105267823511));
#2054=CARTESIAN_POINT('',(-0.0133115859470426,-0.0133115859470426,-0.00175));
#2055=CARTESIAN_POINT('',(-0.00684817880920732,-0.0170562666885753,0.00157974621058853));
#2056=CARTESIAN_POINT('',(-0.00718535380116026,-0.0168748868653667,0.00138893687668135));
#2057=CARTESIAN_POINT('',(-0.0075291368938165,-0.0166273558176872,0.00127105267823512));
#2058=CARTESIAN_POINT('',(-0.00783428965986331,-0.0163222030516404,0.00127105267823511));
#2059=CARTESIAN_POINT('',(0.,-0.0188254253830028,-0.00175));
#2060=CARTESIAN_POINT('',(0.0072182081624493,-0.0169029955119863,0.00157974621058853));
#2061=CARTESIAN_POINT('',(0.0068515345362316,-0.0170131593322815,0.00138893687668135));
#2062=CARTESIAN_POINT('',(0.00643341229778873,-0.0170812198059877,0.00127105267823512));
#2063=CARTESIAN_POINT('',(0.00600186111744966,-0.0170812198059877,0.00127105267823511));
#2064=CARTESIAN_POINT('',(0.0133115859470426,-0.0133115859470426,-0.00175));
#2065=CARTESIAN_POINT('',(0.,-0.0141117245182085,0.0380065023833727));
#2066=CARTESIAN_POINT('',(0.00475136732286257,-0.0141117245182085,0.0380065023833727));
#2067=CARTESIAN_POINT('',(0.00511548927668798,-0.0141117245182085,0.0380065023833727));
#2068=CARTESIAN_POINT('',(0.00546821629002424,-0.0140641821723166,0.0380901192017368));
#2069=CARTESIAN_POINT('',(0.00579150177650472,-0.0139819221353456,0.0382347970135062));
#2070=CARTESIAN_POINT('',(0.00579150177650472,-0.0139819221353456,0.0382347970135061));
#2071=CARTESIAN_POINT('',(0.00561011820154878,-0.0135440234486952,0.0390049671482895));
#2072=CARTESIAN_POINT('',(0.00997849610106173,-0.00997849610106173,0.0380065023833727));
#2073=CARTESIAN_POINT('',(0.00579150177650472,-0.0139819221353456,0.0382347970135061));
#2074=CARTESIAN_POINT('',(0.00586191527483703,-0.0139735932076943,0.0381575855622281));
#2075=CARTESIAN_POINT('',(0.00593325320412614,-0.0139634961109685,0.0380814234255197));
#2076=CARTESIAN_POINT('',(0.00600557297152464,-0.0139514192305988,0.0380065023833727));
#2077=CARTESIAN_POINT('',(0.0135440234486952,-0.00561011820154878,0.0390049671482896));
#2078=CARTESIAN_POINT('',(0.0141117245182085,0.,0.0380065023833727));
#2079=CARTESIAN_POINT('',(0.0141117245182085,0.00475136732286258,0.0380065023833727));
#2080=CARTESIAN_POINT('',(0.0141117245182085,0.005115489276688,0.0380065023833727));
#2081=CARTESIAN_POINT('',(0.0140641821723166,0.00546821629002426,0.0380901192017368));
#2082=CARTESIAN_POINT('',(0.0139819221353456,0.00579150177650473,0.0382347970135061));
#2083=CARTESIAN_POINT('',(0.0139819221353456,0.00579150177650473,0.0382347970135061));
#2084=CARTESIAN_POINT('',(0.0135440234486952,0.00561011820154879,0.0390049671482895));
#2085=CARTESIAN_POINT('',(0.00997849610106173,0.00997849610106174,0.0380065023833727));
#2086=CARTESIAN_POINT('',(0.00661877204715744,0.013338220154966,0.0380065023833727));
#2087=CARTESIAN_POINT('',(0.00636129894442859,0.0135956932576949,0.0380065023833727));
#2088=CARTESIAN_POINT('',(0.00607826576621712,0.0138114914055589,0.0380901192017368));
#2089=CARTESIAN_POINT('',(0.00579150177650472,0.0139819221353456,0.0382347970135061));
#2090=CARTESIAN_POINT('',(0.00579150177650472,0.0139819221353456,0.0382347970135061));
#2091=CARTESIAN_POINT('',(0.00561011820154879,0.0135440234486952,0.0390049671482895));
#2092=CARTESIAN_POINT('',(0.0139819221353456,0.00579150177650473,0.0382347970135061));
#2093=CARTESIAN_POINT('',(0.0139735932076943,0.00586191527483703,0.0381575855622281));
#2094=CARTESIAN_POINT('',(0.0139634961109685,0.00593325320412616,0.0380814234255197));
#2095=CARTESIAN_POINT('',(0.0139514192305988,0.00600557297152466,0.0380065023833727));
#2096=CARTESIAN_POINT('',(-2.11818428714354E-18,0.0141117245182085,0.0380065023833727));
#2097=CARTESIAN_POINT('',(-0.00475136732286257,0.0141117245182085,0.0380065023833727));
#2098=CARTESIAN_POINT('',(-0.00511548927668799,0.0141117245182085,0.0380065023833727));
#2099=CARTESIAN_POINT('',(-0.00546821629002425,0.0140641821723166,0.0380901192017368));
#2100=CARTESIAN_POINT('',(-0.00579150177650472,0.0139819221353456,0.0382347970135062));
#2101=CARTESIAN_POINT('',(-0.00579150177650472,0.0139819221353456,0.0382347970135061));
#2102=CARTESIAN_POINT('',(-0.00561011820154877,0.0135440234486952,0.0390049671482896));
#2103=CARTESIAN_POINT('',(0.00579150177650472,0.0139819221353456,0.0382347970135061));
#2104=CARTESIAN_POINT('',(0.00573582247312466,0.0140258225562812,0.0381575855622281));
#2105=CARTESIAN_POINT('',(0.0056782392140034,0.0140691263642722,0.0380814234255197));
#2106=CARTESIAN_POINT('',(0.0056185617720571,0.0141117245182086,0.0380065023833727));
#2107=CARTESIAN_POINT('',(-0.00997849610106173,0.00997849610106173,0.0380065023833727));
#2108=CARTESIAN_POINT('',(-0.013338220154966,0.00661877204715743,0.0380065023833727));
#2109=CARTESIAN_POINT('',(-0.0135956932576949,0.00636129894442858,0.0380065023833727));
#2110=CARTESIAN_POINT('',(-0.0138114914055589,0.00607826576621711,0.0380901192017368));
#2111=CARTESIAN_POINT('',(-0.0139819221353456,0.00579150177650471,0.0382347970135061));
#2112=CARTESIAN_POINT('',(-0.0139819221353456,0.00579150177650471,0.0382347970135061));
#2113=CARTESIAN_POINT('',(-0.0135440234486952,0.00561011820154878,0.0390049671482895));
#2114=CARTESIAN_POINT('',(-0.00579150177650472,0.0139819221353456,0.0382347970135061));
#2115=CARTESIAN_POINT('',(-0.00586191527483702,0.0139735932076943,0.0381575855622281));
#2116=CARTESIAN_POINT('',(-0.00593325320412614,0.0139634961109685,0.0380814234255197));
#2117=CARTESIAN_POINT('',(-0.00600557297152464,0.0139514192305988,0.0380065023833727));
#2118=CARTESIAN_POINT('',(-0.0141117245182086,-2.11818428714354E-18,0.0380065023833727));
#2119=CARTESIAN_POINT('',(-0.0141117245182085,-0.00475136732286257,0.0380065023833727));
#2120=CARTESIAN_POINT('',(-0.0141117245182085,-0.00511548927668799,0.0380065023833727));
#2121=CARTESIAN_POINT('',(-0.0140641821723166,-0.00546821629002425,0.0380901192017368));
#2122=CARTESIAN_POINT('',(-0.0139819221353456,-0.00579150177650472,0.0382347970135061));
#2123=CARTESIAN_POINT('',(-0.0139819221353456,-0.00579150177650472,0.0382347970135061));
#2124=CARTESIAN_POINT('',(-0.0135440234486952,-0.00561011820154878,0.0390049671482896));
#2125=CARTESIAN_POINT('',(-0.0139819221353456,0.00579150177650471,0.0382347970135061));
#2126=CARTESIAN_POINT('',(-0.0140258225562812,0.00573582247312465,0.0381575855622281));
#2127=CARTESIAN_POINT('',(-0.0140691263642722,0.0056782392140034,0.0380814234255197));
#2128=CARTESIAN_POINT('',(-0.0141117245182086,0.0056185617720571,0.0380065023833727));
#2129=CARTESIAN_POINT('',(-0.00997849610106173,-0.00997849610106173,0.0380065023833727));
#2130=CARTESIAN_POINT('',(-0.00661877204715743,-0.013338220154966,0.0380065023833727));
#2131=CARTESIAN_POINT('',(-0.00630605606950973,-0.0136509361326137,0.0380065023833727));
#2132=CARTESIAN_POINT('',(-0.00595383472995421,-0.0139021761085196,0.0381320878155324));
#2133=CARTESIAN_POINT('',(-0.00560743556072079,-0.0140851430416425,0.0383353402500308));
#2134=CARTESIAN_POINT('',(-0.0139819221353456,-0.00579150177650472,0.0382347970135061));
#2135=CARTESIAN_POINT('',(-0.0139735932076943,-0.00586191527483702,0.0381575855622281));
#2136=CARTESIAN_POINT('',(-0.0139634961109685,-0.00593325320412614,0.0380814234255197));
#2137=CARTESIAN_POINT('',(-0.0139514192305988,-0.00600557297152464,0.0380065023833727));
#2138=CARTESIAN_POINT('',(0.00473689260949974,-0.0140775047027062,0.0384298336870056));
#2139=CARTESIAN_POINT('',(0.00538997971108775,-0.0140757112196285,0.0384520207595587));
#2140=CARTESIAN_POINT('',(0.00602113108232116,-0.0139065851957224,0.0384599314901543));
#2141=CARTESIAN_POINT('',(0.00516303739155204,-0.0150848932609927,0.0259674897093042));
#2142=CARTESIAN_POINT('',(0.00580416245510165,-0.0150825798074729,0.0259961093055268));
#2143=CARTESIAN_POINT('',(0.00642477621554134,-0.0149194495565101,0.0260034560940004));
#2144=CARTESIAN_POINT('',(0.00558687308186197,-0.0160922881575504,0.0135050673212279));
#2145=CARTESIAN_POINT('',(0.00621964612348267,-0.0160902404059935,0.0135303999335052));
#2146=CARTESIAN_POINT('',(0.0068325872893472,-0.0159312466496428,0.013538030146363));
#2147=CARTESIAN_POINT('',(0.00600961028754101,-0.0170996860385517,0.00104260801277649));
#2148=CARTESIAN_POINT('',(0.00663551430616519,-0.0170979809647208,0.00106370137979209));
#2149=CARTESIAN_POINT('',(0.00724208310983484,-0.0169423724304764,0.00107169815562922));
#2150=CARTESIAN_POINT('',(-0.0066015765162155,-0.0132958126202046,0.0385278847281369));
#2151=CARTESIAN_POINT('',(-0.00613844050088975,-0.0137564118331251,0.0385500755998756));
#2152=CARTESIAN_POINT('',(-0.00557246702168475,-0.0140831387593689,0.0385579860314146));
#2153=CARTESIAN_POINT('',(-0.00701365322572299,-0.0143121570189824,0.0260326625787493));
#2154=CARTESIAN_POINT('',(-0.00655864125557355,-0.0147638915609206,0.0260613321305574));
#2155=CARTESIAN_POINT('',(-0.00600440802894755,-0.0150873943847449,0.0260686745844092));
#2156=CARTESIAN_POINT('',(-0.00742737891917488,-0.0153268614638602,0.013537361438363));
#2157=CARTESIAN_POINT('',(-0.00697847931925345,-0.0157728626336296,0.0135627156765621));
#2158=CARTESIAN_POINT('',(-0.0064326211309497,-0.0160938574519786,0.0135703440137612));
#2159=CARTESIAN_POINT('',(-0.00784188716709598,-0.0163407875940815,0.00104202320989213));
#2160=CARTESIAN_POINT('',(-0.00739810077857296,-0.0167821626456739,0.0010631165628613));
#2161=CARTESIAN_POINT('',(-0.00685916037157221,-0.0171010396025134,0.00107111333999849));
#2162=CARTESIAN_POINT('',(-0.0140775047027062,-0.00473689260949973,0.0384298336870056));
#2163=CARTESIAN_POINT('',(-0.0140757112196285,-0.00538997971108774,0.0384520207595587));
#2164=CARTESIAN_POINT('',(-0.0139065851957224,-0.00602113108232115,0.0384599314901543));
#2165=CARTESIAN_POINT('',(-0.0150848932609997,-0.00516303739166597,0.025967489709218));
#2166=CARTESIAN_POINT('',(-0.0150825798074881,-0.00580416245519937,0.0259961093053672));
#2167=CARTESIAN_POINT('',(-0.0149194495564999,-0.00642477621565494,0.0260034560938463));
#2168=CARTESIAN_POINT('',(-0.0160922881575495,-0.00558687308184027,0.0135050673212385));
#2169=CARTESIAN_POINT('',(-0.016090240406017,-0.00621964612356527,0.0135303999335214));
#2170=CARTESIAN_POINT('',(-0.0159312466496682,-0.00683258728941932,0.0135380301463775));
#2171=CARTESIAN_POINT('',(-0.0170996860385517,-0.00600961028754101,0.00104260801277652));
#2172=CARTESIAN_POINT('',(-0.0170979809647208,-0.00663551430616519,0.00106370137979212));
#2173=CARTESIAN_POINT('',(-0.0169423724304764,-0.00724208310983484,0.00107169815562925));
#2174=CARTESIAN_POINT('',(-0.0133037879233987,0.00660481015153934,0.0384298336870056));
#2175=CARTESIAN_POINT('',(-0.0137643220575909,0.00614173964925484,0.0384520207595587));
#2176=CARTESIAN_POINT('',(-0.0140910233137661,0.00557585807632139,0.0384599314901543));
#2177=CARTESIAN_POINT('',(-0.0143174490694917,0.00701581156715484,0.0259674897093031));
#2178=CARTESIAN_POINT('',(-0.0147691570908143,0.00656083182847497,0.0259961093054545));
#2179=CARTESIAN_POINT('',(-0.0150926467826371,0.00600664112328114,0.0260034560939336));
#2180=CARTESIAN_POINT('',(-0.0153294819228359,0.00742845023917695,0.0135050673213227));
#2181=CARTESIAN_POINT('',(-0.0157754720525342,0.00697956415151424,0.0135303999335897));
#2182=CARTESIAN_POINT('',(-0.0160964613440954,0.00643372373338387,0.0135380301464488));
#2183=CARTESIAN_POINT('',(-0.0163407401406295,0.00784186776741213,0.00104260801277649));
#2184=CARTESIAN_POINT('',(-0.0167821154473024,0.00739808112220285,0.00106370137979209));
#2185=CARTESIAN_POINT('',(-0.0171009925118587,0.0068591403580971,0.00107169815562922));
#2186=CARTESIAN_POINT('',(-0.00473689260949973,0.0140775047027062,0.0384298336870056));
#2187=CARTESIAN_POINT('',(-0.00538997971108774,0.0140757112196285,0.0384520207595587));
#2188=CARTESIAN_POINT('',(-0.00602113108232114,0.0139065851957224,0.0384599314901543));
#2189=CARTESIAN_POINT('',(-0.00516303739157915,0.0150848932609927,0.0259674897093043));
#2190=CARTESIAN_POINT('',(-0.00580416245516805,0.015082579807473,0.0259961093054551));
#2191=CARTESIAN_POINT('',(-0.00642477621560771,0.0149194495565042,0.0260034560939343));
#2192=CARTESIAN_POINT('',(-0.00558687308187824,0.0160922881575075,0.0135050673217586));
#2193=CARTESIAN_POINT('',(-0.00621964612356079,0.016090240405979,0.0135303999340259));
#2194=CARTESIAN_POINT('',(-0.00683258728941869,0.0159312466496214,0.0135380301468826));
#2195=CARTESIAN_POINT('',(-0.00600961028754101,0.0170996860385516,0.00104260801277669));
#2196=CARTESIAN_POINT('',(-0.00663551430616518,0.0170979809647208,0.00106370137979228));
#2197=CARTESIAN_POINT('',(-0.00724208310983483,0.0169423724304764,0.00107169815562942));
#2198=CARTESIAN_POINT('',(0.00660481015153933,0.0133037879233987,0.0384298336870056));
#2199=CARTESIAN_POINT('',(0.00614173964925484,0.0137643220575909,0.0384520207595587));
#2200=CARTESIAN_POINT('',(0.0055758580763214,0.0140910233137661,0.0384599314901543));
#2201=CARTESIAN_POINT('',(0.00701581156729894,0.0143174490693374,0.0259674897093922));
#2202=CARTESIAN_POINT('',(0.00656083182854231,0.014769157090743,0.025996109305462));
#2203=CARTESIAN_POINT('',(0.00600664112339214,0.0150926467825818,0.0260034560938962));
#2204=CARTESIAN_POINT('',(0.00742845023924167,0.0153294819227813,0.0135050673212342));
#2205=CARTESIAN_POINT('',(0.00697956415147849,0.0157754720525567,0.0135303999335023));
#2206=CARTESIAN_POINT('',(0.0064337237333616,0.0160964613441219,0.0135380301463597));
#2207=CARTESIAN_POINT('',(0.0078418677674121,0.0163407401406295,0.00104260801277651));
#2208=CARTESIAN_POINT('',(0.00739808112220283,0.0167821154473024,0.00106370137979211));
#2209=CARTESIAN_POINT('',(0.00685914035809708,0.0171009925118587,0.00107169815562924));
#2210=CARTESIAN_POINT('',(0.0140775047027062,0.00473689260949974,0.0384298336870056));
#2211=CARTESIAN_POINT('',(0.0140757112196285,0.00538997971108774,0.0384520207595587));
#2212=CARTESIAN_POINT('',(0.0139065851957224,0.00602113108232115,0.0384599314901543));
#2213=CARTESIAN_POINT('',(0.0150848932609925,0.00516303739155746,0.0259674897093068));
#2214=CARTESIAN_POINT('',(0.0150825798073592,0.00580416245518191,0.0259961093054563));
#2215=CARTESIAN_POINT('',(0.0149194495564079,0.00642477621561074,0.0260034560939343));
#2216=CARTESIAN_POINT('',(0.0160922881575434,0.00558687308179687,0.0135050673213141));
#2217=CARTESIAN_POINT('',(0.01609024040605,0.00621964612340166,0.0135303999335983));
#2218=CARTESIAN_POINT('',(0.0159312466497067,0.00683258728925997,0.0135380301464567));
#2219=CARTESIAN_POINT('',(0.0170996860385517,0.00600961028754101,0.00104260801277649));
#2220=CARTESIAN_POINT('',(0.0170979809647208,0.00663551430616519,0.00106370137979209));
#2221=CARTESIAN_POINT('',(0.0169423724304764,0.00724208310983484,0.00107169815562922));
#2222=MECHANICAL_DESIGN_GEOMETRIC_PRESENTATION_REPRESENTATION('',(#906,
#807,#808,#809,#810,#811,#812,#813,#814,#815,#816,#817,#818,#819,#820,#821,
#822,#823,#824,#825,#826,#827,#828,#829,#830,#831,#832,#833,#834,#835,#836,
#837,#838,#839,#840,#841,#842,#843,#844,#845,#846,#847,#848,#849,#850,#851,
#852,#853,#854,#855),#2223);
#2223=(
GEOMETRIC_REPRESENTATION_CONTEXT(3)
GLOBAL_UNCERTAINTY_ASSIGNED_CONTEXT((#2224))
GLOBAL_UNIT_ASSIGNED_CONTEXT((#2227,#2226,#2225))
REPRESENTATION_CONTEXT('Foot Body (PLA/PETG)','TOP_LEVEL_ASSEMBLY_PART')
);
#2224=UNCERTAINTY_MEASURE_WITH_UNIT(LENGTH_MEASURE(5.E-6),#2227,
'DISTANCE_ACCURACY_VALUE','Maximum Tolerance applied to model');
#2225=(
NAMED_UNIT(*)
SI_UNIT($,.STERADIAN.)
SOLID_ANGLE_UNIT()
);
#2226=(
NAMED_UNIT(*)
PLANE_ANGLE_UNIT()
SI_UNIT($,.RADIAN.)
);
#2227=(
LENGTH_UNIT()
NAMED_UNIT(*)
SI_UNIT($,.METRE.)
);
#2228=PRODUCT_DEFINITION_SHAPE('','',#2229);
#2229=PRODUCT_DEFINITION('','',#2231,#2230);
#2230=PRODUCT_DEFINITION_CONTEXT('',#2237,'design');
#2231=PRODUCT_DEFINITION_FORMATION_WITH_SPECIFIED_SOURCE('','',#2233,
 .NOT_KNOWN.);
#2232=PRODUCT_RELATED_PRODUCT_CATEGORY('','',(#2233));
#2233=PRODUCT('Foot Body (PLA/PETG)','Foot Body (PLA/PETG)',
'Foot Body (PLA/PETG)',(#2235));
#2234=PRODUCT_CATEGORY('','');
#2235=PRODUCT_CONTEXT('',#2237,'mechanical');
#2236=APPLICATION_PROTOCOL_DEFINITION('international standard',
'ap242_managed_model_based_3d_engineering',2011,#2237);
#2237=APPLICATION_CONTEXT('managed model based 3d engineering');
ENDSEC;
END-ISO-10303-21;
