ISO-10303-21;
HEADER;
/* Generated by software containing ST-Developer
 * from STEP Tools, Inc. (www.steptools.com) 
 */
/* OPTION: using custom renumber hook */

FILE_DESCRIPTION(
/* description */ ('STEP AP242',
'CAx-IF Rec.Pracs.---Representation and Presentation of Product Manufa
cturing Information (PMI)---4.0---2014-10-13',
'CAx-IF Rec.Pracs.---3D Tessellated Geometry---0.4---2014-09-14','2;1'),

/* implementation_level */ '2;1');

FILE_NAME(
/* name */ '642469d11269fe207307e5f1',
/* time_stamp */ '2023-03-29T16:39:45+00:00',
/* author */ (''),
/* organization */ (''),
/* preprocessor_version */ 'ST-DEVELOPER v18.102',
/* originating_system */ '  ',
/* authorisation */ '  ');

FILE_SCHEMA (('AP242_MANAGED_MODEL_BASED_3D_ENGINEERING_MIM_LF { 1 0 10303 442 1 1 4 }'));
ENDSEC;

DATA;
#10=SHAPE_REPRESENTATION_RELATIONSHIP('','',#4118,#11);
#11=ADVANCED_BREP_SHAPE_REPRESENTATION('',(#4116),#7816);
#12=(
BOUNDED_SURFACE()
B_SPLINE_SURFACE(3,2,((#7437,#7438,#7439),(#7440,#7441,#7442),(#7443,#7444,
#7445),(#7446,#7447,#7448)),.UNSPECIFIED.,.F.,.F.,.F.)
B_SPLINE_SURFACE_WITH_KNOTS((4,4),(3,3),(3.97999460658898,4.4223101259273),
(0.,1.),.PIECEWISE_BEZIER_KNOTS.)
GEOMETRIC_REPRESENTATION_ITEM()
RATIONAL_B_SPLINE_SURFACE(((1.,0.876753657833962,1.),(1.,0.851629524023242,
1.),(1.,0.820379759371119,1.),(1.,0.784181050447272,1.)))
REPRESENTATION_ITEM('')
SURFACE()
);
#13=(
BOUNDED_SURFACE()
B_SPLINE_SURFACE(3,2,((#7450,#7451,#7452),(#7453,#7454,#7455),(#7456,#7457,
#7458),(#7459,#7460,#7461)),.UNSPECIFIED.,.F.,.F.,.F.)
B_SPLINE_SURFACE_WITH_KNOTS((4,4),(3,3),(0.,0.00291779840552403),(0.,1.),
 .PIECEWISE_BEZIER_KNOTS.)
GEOMETRIC_REPRESENTATION_ITEM()
RATIONAL_B_SPLINE_SURFACE(((1.,0.939517060884105,1.),(1.,0.927646754449376,
1.),(1.,0.90645246161816,1.),(1.,0.876753657833961,1.)))
REPRESENTATION_ITEM('')
SURFACE()
);
#14=(
BOUNDED_SURFACE()
B_SPLINE_SURFACE(3,2,((#7465,#7466,#7467),(#7468,#7469,#7470),(#7471,#7472,
#7473),(#7474,#7475,#7476)),.UNSPECIFIED.,.F.,.F.,.F.)
B_SPLINE_SURFACE_WITH_KNOTS((4,4),(3,3),(0.,0.00240540565067722),(0.,1.),
 .PIECEWISE_BEZIER_KNOTS.)
GEOMETRIC_REPRESENTATION_ITEM()
RATIONAL_B_SPLINE_SURFACE(((1.,0.947207027479737,1.),(1.,0.951540187519782,
1.),(1.,0.949265977905286,1.),(1.,0.939517060884106,1.)))
REPRESENTATION_ITEM('')
SURFACE()
);
#15=(
BOUNDED_SURFACE()
B_SPLINE_SURFACE(3,2,((#7478,#7479,#7480),(#7481,#7482,#7483),(#7484,#7485,
#7486),(#7487,#7488,#7489)),.UNSPECIFIED.,.F.,.F.,.F.)
B_SPLINE_SURFACE_WITH_KNOTS((4,4),(3,3),(2.8515137991324,3.29382931847072),
(0.,1.),.PIECEWISE_BEZIER_KNOTS.)
GEOMETRIC_REPRESENTATION_ITEM()
RATIONAL_B_SPLINE_SURFACE(((1.,0.940776317792606,1.),(1.,0.949783012496572,
1.),(1.,0.951949874433114,1.),(1.,0.947207027479738,1.)))
REPRESENTATION_ITEM('')
SURFACE()
);
#16=(
BOUNDED_SURFACE()
B_SPLINE_SURFACE(3,2,((#7493,#7494,#7495),(#7496,#7497,#7498),(#7499,#7500,
#7501),(#7502,#7503,#7504)),.UNSPECIFIED.,.F.,.F.,.F.)
B_SPLINE_SURFACE_WITH_KNOTS((4,4),(3,3),(2.60143076682968,2.85151379913241),
(0.,1.),.PIECEWISE_BEZIER_KNOTS.)
GEOMETRIC_REPRESENTATION_ITEM()
RATIONAL_B_SPLINE_SURFACE(((1.,0.919040665667318,1.),(1.,0.92841318163568,
1.),(1.,0.935683976637704,1.),(1.,0.940776317792606,1.)))
REPRESENTATION_ITEM('')
SURFACE()
);
#17=(
BOUNDED_SURFACE()
B_SPLINE_SURFACE(3,2,((#7513,#7514,#7515),(#7516,#7517,#7518),(#7519,#7520,
#7521),(#7522,#7523,#7524)),.UNSPECIFIED.,.F.,.F.,.F.)
B_SPLINE_SURFACE_WITH_KNOTS((4,4),(3,3),(3.14159265358979,3.6816201736649),
(0.,1.),.PIECEWISE_BEZIER_KNOTS.)
GEOMETRIC_REPRESENTATION_ITEM()
RATIONAL_B_SPLINE_SURFACE(((1.,0.87756490371871,1.),(1.,0.87756490371871,
1.),(1.,0.869996950830562,1.),(1.,0.855383296782118,1.)))
REPRESENTATION_ITEM('')
SURFACE()
);
#18=(
BOUNDED_SURFACE()
B_SPLINE_SURFACE(3,2,((#7538,#7539,#7540),(#7541,#7542,#7543),(#7544,#7545,
#7546),(#7547,#7548,#7549)),.UNSPECIFIED.,.F.,.F.,.F.)
B_SPLINE_SURFACE_WITH_KNOTS((4,4),(3,3),(2.60156513351469,3.1415926535898),
(0.,1.),.PIECEWISE_BEZIER_KNOTS.)
GEOMETRIC_REPRESENTATION_ITEM()
RATIONAL_B_SPLINE_SURFACE(((1.,0.855383296782117,1.),(1.,0.869996950831383,
1.),(1.,0.87756490371871,1.),(1.,0.87756490371871,1.)))
REPRESENTATION_ITEM('')
SURFACE()
);
#19=(
BOUNDED_SURFACE()
B_SPLINE_SURFACE(3,2,((#7554,#7555,#7556),(#7557,#7558,#7559),(#7560,#7561,
#7562),(#7563,#7564,#7565)),.UNSPECIFIED.,.F.,.F.,.F.)
B_SPLINE_SURFACE_WITH_KNOTS((4,4),(3,3),(3.43167150804718,3.68175454034991),
(0.,1.),.PIECEWISE_BEZIER_KNOTS.)
GEOMETRIC_REPRESENTATION_ITEM()
RATIONAL_B_SPLINE_SURFACE(((1.,0.940776317792606,1.),(1.,0.935683976637962,
1.),(1.,0.928413181635497,1.),(1.,0.919040665667318,1.)))
REPRESENTATION_ITEM('')
SURFACE()
);
#20=(
BOUNDED_SURFACE()
B_SPLINE_SURFACE(3,2,((#7569,#7570,#7571),(#7572,#7573,#7574),(#7575,#7576,
#7577),(#7578,#7579,#7580)),.UNSPECIFIED.,.F.,.F.,.F.)
B_SPLINE_SURFACE_WITH_KNOTS((4,4),(3,3),(2.98935598870887,3.43167150804718),
(0.,1.),.PIECEWISE_BEZIER_KNOTS.)
GEOMETRIC_REPRESENTATION_ITEM()
RATIONAL_B_SPLINE_SURFACE(((1.,0.947207027479738,1.),(1.,0.951949874432951,
1.),(1.,0.949783012496515,1.),(1.,0.940776317792606,1.)))
REPRESENTATION_ITEM('')
SURFACE()
);
#21=(
BOUNDED_SURFACE()
B_SPLINE_SURFACE(3,2,((#7582,#7583,#7584),(#7585,#7586,#7587),(#7588,#7589,
#7590),(#7591,#7592,#7593)),.UNSPECIFIED.,.F.,.F.,.F.)
B_SPLINE_SURFACE_WITH_KNOTS((4,4),(3,3),(0.,0.00240679394086909),(0.,1.),
 .PIECEWISE_BEZIER_KNOTS.)
GEOMETRIC_REPRESENTATION_ITEM()
RATIONAL_B_SPLINE_SURFACE(((1.,0.939517060884106,1.),(1.,0.949250150270648,
1.),(1.,0.951539946909307,1.),(1.,0.947207027479738,1.)))
REPRESENTATION_ITEM('')
SURFACE()
);
#22=(
BOUNDED_SURFACE()
B_SPLINE_SURFACE(3,2,((#7597,#7598,#7599),(#7600,#7601,#7602),(#7603,#7604,
#7605),(#7606,#7607,#7608)),.UNSPECIFIED.,.F.,.F.,.F.)
B_SPLINE_SURFACE_WITH_KNOTS((4,4),(3,3),(0.,0.0029177984055241),(0.,1.),
 .PIECEWISE_BEZIER_KNOTS.)
GEOMETRIC_REPRESENTATION_ITEM()
RATIONAL_B_SPLINE_SURFACE(((1.,0.87675365783396,1.),(1.,0.906452461620509,
1.),(1.,0.927646754448609,1.),(1.,0.939517060884106,1.)))
REPRESENTATION_ITEM('')
SURFACE()
);
#23=(
BOUNDED_SURFACE()
B_SPLINE_SURFACE(3,2,((#7610,#7611,#7612),(#7613,#7614,#7615),(#7616,#7617,
#7618),(#7619,#7620,#7621)),.UNSPECIFIED.,.F.,.F.,.F.)
B_SPLINE_SURFACE_WITH_KNOTS((4,4),(3,3),(1.86087518125228,2.3031907005906),
(0.,1.),.PIECEWISE_BEZIER_KNOTS.)
GEOMETRIC_REPRESENTATION_ITEM()
RATIONAL_B_SPLINE_SURFACE(((1.,0.784181050447271,1.),(1.,0.820379759368854,
1.),(1.,0.851629524021507,1.),(1.,0.87675365783396,1.)))
REPRESENTATION_ITEM('')
SURFACE()
);
#24=(
BOUNDED_SURFACE()
B_SPLINE_SURFACE(3,2,((#7626,#7627,#7628),(#7629,#7630,#7631),(#7632,#7633,
#7634),(#7635,#7636,#7637)),.UNSPECIFIED.,.F.,.F.,.F.)
B_SPLINE_SURFACE_WITH_KNOTS((4,4),(3,3),(1.86087518125228,2.3031907005906),
(0.,1.),.PIECEWISE_BEZIER_KNOTS.)
GEOMETRIC_REPRESENTATION_ITEM()
RATIONAL_B_SPLINE_SURFACE(((1.,0.784181050447272,1.),(1.,0.820379759368856,
1.),(1.,0.851629524021885,1.),(1.,0.876753657833962,1.)))
REPRESENTATION_ITEM('')
SURFACE()
);
#25=(
BOUNDED_SURFACE()
B_SPLINE_SURFACE(3,2,((#7639,#7640,#7641),(#7642,#7643,#7644),(#7645,#7646,
#7647),(#7648,#7649,#7650)),.UNSPECIFIED.,.F.,.F.,.F.)
B_SPLINE_SURFACE_WITH_KNOTS((4,4),(3,3),(0.,0.00291779840552405),(0.,1.),
 .PIECEWISE_BEZIER_KNOTS.)
GEOMETRIC_REPRESENTATION_ITEM()
RATIONAL_B_SPLINE_SURFACE(((1.,0.876753657833963,1.),(1.,0.906452461617345,
1.),(1.,0.927646754448719,1.),(1.,0.939517060884106,1.)))
REPRESENTATION_ITEM('')
SURFACE()
);
#26=(
BOUNDED_SURFACE()
B_SPLINE_SURFACE(3,2,((#7656,#7657,#7658),(#7659,#7660,#7661),(#7662,#7663,
#7664),(#7665,#7666,#7667)),.UNSPECIFIED.,.F.,.F.,.F.)
B_SPLINE_SURFACE_WITH_KNOTS((4,4),(3,3),(0.,0.00240679394086903),(0.,1.),
 .PIECEWISE_BEZIER_KNOTS.)
GEOMETRIC_REPRESENTATION_ITEM()
RATIONAL_B_SPLINE_SURFACE(((1.,0.939517060884106,1.),(1.,0.94925015027128,
1.),(1.,0.951539946909533,1.),(1.,0.947207027479738,1.)))
REPRESENTATION_ITEM('')
SURFACE()
);
#27=(
BOUNDED_SURFACE()
B_SPLINE_SURFACE(3,2,((#7669,#7670,#7671),(#7672,#7673,#7674),(#7675,#7676,
#7677),(#7678,#7679,#7680)),.UNSPECIFIED.,.F.,.F.,.F.)
B_SPLINE_SURFACE_WITH_KNOTS((4,4),(3,3),(3.97999460658899,4.42231012592731),
(0.,1.),.PIECEWISE_BEZIER_KNOTS.)
GEOMETRIC_REPRESENTATION_ITEM()
RATIONAL_B_SPLINE_SURFACE(((1.,0.87675365783396,1.),(1.,0.851629524022562,
1.),(1.,0.820379759371815,1.),(1.,0.784181050447272,1.)))
REPRESENTATION_ITEM('')
SURFACE()
);
#28=(
BOUNDED_SURFACE()
B_SPLINE_SURFACE(3,2,((#7682,#7683,#7684),(#7685,#7686,#7687),(#7688,#7689,
#7690),(#7691,#7692,#7693)),.UNSPECIFIED.,.F.,.F.,.F.)
B_SPLINE_SURFACE_WITH_KNOTS((4,4),(3,3),(2.98935598870887,3.43167150804718),
(0.,1.),.PIECEWISE_BEZIER_KNOTS.)
GEOMETRIC_REPRESENTATION_ITEM()
RATIONAL_B_SPLINE_SURFACE(((1.,0.947207027479738,1.),(1.,0.951949874432951,
1.),(1.,0.949783012496515,1.),(1.,0.940776317792606,1.)))
REPRESENTATION_ITEM('')
SURFACE()
);
#29=(
BOUNDED_SURFACE()
B_SPLINE_SURFACE(3,2,((#7695,#7696,#7697),(#7698,#7699,#7700),(#7701,#7702,
#7703),(#7704,#7705,#7706)),.UNSPECIFIED.,.F.,.F.,.F.)
B_SPLINE_SURFACE_WITH_KNOTS((4,4),(3,3),(0.,0.00291779840552408),(0.,1.),
 .PIECEWISE_BEZIER_KNOTS.)
GEOMETRIC_REPRESENTATION_ITEM()
RATIONAL_B_SPLINE_SURFACE(((1.,0.939517060884106,1.),(1.,0.927646754448276,
1.),(1.,0.906452461618979,1.),(1.,0.87675365783396,1.)))
REPRESENTATION_ITEM('')
SURFACE()
);
#30=(
BOUNDED_SURFACE()
B_SPLINE_SURFACE(3,2,((#7712,#7713,#7714),(#7715,#7716,#7717),(#7718,#7719,
#7720),(#7721,#7722,#7723)),.UNSPECIFIED.,.F.,.F.,.F.)
B_SPLINE_SURFACE_WITH_KNOTS((4,4),(3,3),(3.43167150804718,3.68175454034991),
(0.,1.),.PIECEWISE_BEZIER_KNOTS.)
GEOMETRIC_REPRESENTATION_ITEM()
RATIONAL_B_SPLINE_SURFACE(((1.,0.940776317792606,1.),(1.,0.935683976638058,
1.),(1.,0.928413181635826,1.),(1.,0.919040665667318,1.)))
REPRESENTATION_ITEM('')
SURFACE()
);
#31=(
BOUNDED_SURFACE()
B_SPLINE_SURFACE(3,2,((#7728,#7729,#7730),(#7731,#7732,#7733),(#7734,#7735,
#7736),(#7737,#7738,#7739)),.UNSPECIFIED.,.F.,.F.,.F.)
B_SPLINE_SURFACE_WITH_KNOTS((4,4),(3,3),(0.,0.00240540565067724),(0.,1.),
 .PIECEWISE_BEZIER_KNOTS.)
GEOMETRIC_REPRESENTATION_ITEM()
RATIONAL_B_SPLINE_SURFACE(((1.,0.947207027479738,1.),(1.,0.951540187519647,
1.),(1.,0.949265977905828,1.),(1.,0.939517060884106,1.)))
REPRESENTATION_ITEM('')
SURFACE()
);
#32=(
BOUNDED_SURFACE()
B_SPLINE_SURFACE(3,2,((#7741,#7742,#7743),(#7744,#7745,#7746),(#7747,#7748,
#7749),(#7750,#7751,#7752)),.UNSPECIFIED.,.F.,.F.,.F.)
B_SPLINE_SURFACE_WITH_KNOTS((4,4),(3,3),(2.60156513351469,3.1415926535898),
(0.,1.),.PIECEWISE_BEZIER_KNOTS.)
GEOMETRIC_REPRESENTATION_ITEM()
RATIONAL_B_SPLINE_SURFACE(((1.,0.855383296782118,1.),(1.,0.869996950830084,
1.),(1.,0.87756490371871,1.),(1.,0.87756490371871,1.)))
REPRESENTATION_ITEM('')
SURFACE()
);
#33=(
BOUNDED_SURFACE()
B_SPLINE_SURFACE(3,2,((#7761,#7762,#7763),(#7764,#7765,#7766),(#7767,#7768,
#7769),(#7770,#7771,#7772)),.UNSPECIFIED.,.F.,.F.,.F.)
B_SPLINE_SURFACE_WITH_KNOTS((4,4),(3,3),(2.8515137991324,3.29382931847071),
(0.,1.),.PIECEWISE_BEZIER_KNOTS.)
GEOMETRIC_REPRESENTATION_ITEM()
RATIONAL_B_SPLINE_SURFACE(((1.,0.940776317792606,1.),(1.,0.949783012495831,
1.),(1.,0.951949874432299,1.),(1.,0.947207027479738,1.)))
REPRESENTATION_ITEM('')
SURFACE()
);
#34=(
BOUNDED_SURFACE()
B_SPLINE_SURFACE(3,2,((#7785,#7786,#7787),(#7788,#7789,#7790),(#7791,#7792,
#7793),(#7794,#7795,#7796)),.UNSPECIFIED.,.F.,.F.,.F.)
B_SPLINE_SURFACE_WITH_KNOTS((4,4),(3,3),(3.14159265358979,3.6816201736649),
(0.,1.),.PIECEWISE_BEZIER_KNOTS.)
GEOMETRIC_REPRESENTATION_ITEM()
RATIONAL_B_SPLINE_SURFACE(((1.,0.87756490371871,1.),(1.,0.87756490371871,
1.),(1.,0.869996950829673,1.),(1.,0.855383296782118,1.)))
REPRESENTATION_ITEM('')
SURFACE()
);
#35=(
BOUNDED_SURFACE()
B_SPLINE_SURFACE(3,2,((#7801,#7802,#7803),(#7804,#7805,#7806),(#7807,#7808,
#7809),(#7810,#7811,#7812)),.UNSPECIFIED.,.F.,.F.,.F.)
B_SPLINE_SURFACE_WITH_KNOTS((4,4),(3,3),(2.60143076682968,2.85151379913241),
(0.,1.),.PIECEWISE_BEZIER_KNOTS.)
GEOMETRIC_REPRESENTATION_ITEM()
RATIONAL_B_SPLINE_SURFACE(((1.,0.919040665667318,1.),(1.,0.928413181635753,
1.),(1.,0.935683976638058,1.),(1.,0.940776317792606,1.)))
REPRESENTATION_ITEM('')
SURFACE()
);
#36=B_SPLINE_SURFACE_WITH_KNOTS('',1,3,((#6938,#6939,#6940,#6941,#6942,
#6943,#6944,#6945,#6946,#6947,#6948,#6949,#6950,#6951,#6952,#6953,#6954,
#6955),(#6956,#6957,#6958,#6959,#6960,#6961,#6962,#6963,#6964,#6965,#6966,
#6967,#6968,#6969,#6970,#6971,#6972,#6973)),.RULED_SURF.,.F.,.T.,.F.,(2,
2),(2,2,2,2,2,2,2,2,2,2,2),(0.,1.),(-0.028192270996561,-0.0250477653757308,
-0.0219032597549007,-0.0187587541340705,-0.0156142485132404,-0.0124697428924103,
-0.00932523727158018,-0.00618073165075005,-0.00303622602991992,0.000108279590910199,
0.00325278521174032),.UNSPECIFIED.);
#37=B_SPLINE_SURFACE_WITH_KNOTS('',1,3,((#7240,#7241,#7242,#7243,#7244,
#7245,#7246,#7247,#7248,#7249,#7250,#7251,#7252,#7253,#7254,#7255,#7256,
#7257,#7258,#7259,#7260,#7261),(#7262,#7263,#7264,#7265,#7266,#7267,#7268,
#7269,#7270,#7271,#7272,#7273,#7274,#7275,#7276,#7277,#7278,#7279,#7280,
#7281,#7282,#7283)),.RULED_SURF.,.F.,.T.,.F.,(2,2),(2,2,2,2,2,2,2,2,2,2,
2,2,2),(0.,1.),(-0.00215082095135168,0.00100158079859422,0.00415398254854012,
0.00730638429848602,0.0104587860484319,0.0120349869234049,0.0136111877983778,
0.0167635895483237,0.0183397904232967,0.0199159912982696,0.0230683930482155,
0.0262207947981615,0.0293731965481074),.UNSPECIFIED.);
#38=CYLINDRICAL_SURFACE('',#4192,0.009925);
#39=CYLINDRICAL_SURFACE('',#4197,0.01145);
#40=CYLINDRICAL_SURFACE('',#4204,0.009925);
#41=CYLINDRICAL_SURFACE('',#4277,0.003);
#42=CYLINDRICAL_SURFACE('',#4278,0.002);
#43=CYLINDRICAL_SURFACE('',#4291,0.003);
#44=CYLINDRICAL_SURFACE('',#4294,0.002);
#45=CYLINDRICAL_SURFACE('',#4307,0.003);
#46=CYLINDRICAL_SURFACE('',#4309,0.002);
#47=CYLINDRICAL_SURFACE('',#4403,0.002);
#48=CYLINDRICAL_SURFACE('',#4405,0.002);
#49=CYLINDRICAL_SURFACE('',#4406,0.002);
#50=CYLINDRICAL_SURFACE('',#4408,0.003);
#51=CYLINDRICAL_SURFACE('',#4411,0.002);
#52=CYLINDRICAL_SURFACE('',#4413,0.002);
#53=CYLINDRICAL_SURFACE('',#4415,0.005);
#54=CYLINDRICAL_SURFACE('',#4416,0.005);
#55=CYLINDRICAL_SURFACE('',#4418,0.005);
#56=CYLINDRICAL_SURFACE('',#4419,0.005);
#57=CYLINDRICAL_SURFACE('',#4421,0.005);
#58=CYLINDRICAL_SURFACE('',#4424,0.005);
#59=CYLINDRICAL_SURFACE('',#4425,0.005);
#60=CYLINDRICAL_SURFACE('',#4428,0.005);
#61=CYLINDRICAL_SURFACE('',#4429,0.005);
#62=CYLINDRICAL_SURFACE('',#4431,0.005);
#63=CYLINDRICAL_SURFACE('',#4432,0.005);
#64=CYLINDRICAL_SURFACE('',#4434,0.005);
#65=CYLINDRICAL_SURFACE('',#4435,0.005);
#66=CYLINDRICAL_SURFACE('',#4436,0.005);
#67=CYLINDRICAL_SURFACE('',#4437,0.005);
#68=CYLINDRICAL_SURFACE('',#4438,0.005);
#69=CYLINDRICAL_SURFACE('',#4439,0.005);
#70=CYLINDRICAL_SURFACE('',#4440,0.005);
#71=CYLINDRICAL_SURFACE('',#4441,0.005);
#72=CYLINDRICAL_SURFACE('',#4442,0.005);
#73=CYLINDRICAL_SURFACE('',#4443,0.005);
#74=CYLINDRICAL_SURFACE('',#4444,0.005);
#75=CYLINDRICAL_SURFACE('',#4445,0.005);
#76=CYLINDRICAL_SURFACE('',#4446,0.005);
#77=CYLINDRICAL_SURFACE('',#4447,0.005);
#78=CYLINDRICAL_SURFACE('',#4450,0.005);
#79=CYLINDRICAL_SURFACE('',#4451,0.005);
#80=CYLINDRICAL_SURFACE('',#4453,0.005);
#81=CYLINDRICAL_SURFACE('',#4454,0.005);
#82=CYLINDRICAL_SURFACE('',#4457,0.005);
#83=CYLINDRICAL_SURFACE('',#4458,0.005);
#84=CYLINDRICAL_SURFACE('',#4459,0.005);
#85=CYLINDRICAL_SURFACE('',#4461,0.005);
#86=CYLINDRICAL_SURFACE('',#4463,0.005);
#87=CYLINDRICAL_SURFACE('',#4464,0.005);
#88=CYLINDRICAL_SURFACE('',#4466,0.005);
#89=CYLINDRICAL_SURFACE('',#4467,0.005);
#90=CYLINDRICAL_SURFACE('',#4468,0.005);
#91=CYLINDRICAL_SURFACE('',#4472,0.0015);
#92=CYLINDRICAL_SURFACE('',#4476,0.0015);
#93=CYLINDRICAL_SURFACE('',#4480,0.0015);
#94=CYLINDRICAL_SURFACE('',#4482,0.0015);
#95=CYLINDRICAL_SURFACE('',#4485,0.0015);
#96=CYLINDRICAL_SURFACE('',#4488,0.0015);
#97=CYLINDRICAL_SURFACE('',#4490,0.0015);
#98=CYLINDRICAL_SURFACE('',#4494,0.0015);
#99=CYLINDRICAL_SURFACE('',#4498,0.0015);
#100=CYLINDRICAL_SURFACE('',#4499,0.0015);
#101=CYLINDRICAL_SURFACE('',#4503,0.0015);
#102=CYLINDRICAL_SURFACE('',#4505,0.0015);
#103=CYLINDRICAL_SURFACE('',#4511,0.0015);
#104=CYLINDRICAL_SURFACE('',#4513,0.0015);
#105=CYLINDRICAL_SURFACE('',#4517,0.0015);
#106=CYLINDRICAL_SURFACE('',#4520,0.0015);
#107=CYLINDRICAL_SURFACE('',#4522,0.0015);
#108=CYLINDRICAL_SURFACE('',#4524,0.0015);
#109=CYLINDRICAL_SURFACE('',#4526,0.0015);
#110=CYLINDRICAL_SURFACE('',#4527,0.0015);
#111=CONICAL_SURFACE('',#4137,0.005,0.785398163397449);
#112=CONICAL_SURFACE('',#4140,0.005,0.785398163397449);
#113=CONICAL_SURFACE('',#4143,0.005,0.785398163397449);
#114=CONICAL_SURFACE('',#4146,0.005,0.785398163397449);
#115=CONICAL_SURFACE('',#4149,0.005,0.785398163397449);
#116=CONICAL_SURFACE('',#4152,0.005,0.785398163397449);
#117=CONICAL_SURFACE('',#4155,0.005,0.785398163397449);
#118=CONICAL_SURFACE('',#4158,0.005,0.785398163397449);
#119=CONICAL_SURFACE('',#4162,0.004,0.785398163397448);
#120=CONICAL_SURFACE('',#4166,0.004,0.78539816339745);
#121=CONICAL_SURFACE('',#4170,0.002,0.78539816339745);
#122=CONICAL_SURFACE('',#4174,0.002,0.785398163397448);
#123=CONICAL_SURFACE('',#4207,0.005,0.785398163397448);
#124=CONICAL_SURFACE('',#4210,0.005,0.785398163397448);
#125=CONICAL_SURFACE('',#4218,0.007,0.785398163397448);
#126=CONICAL_SURFACE('',#4220,0.005,0.785398163397448);
#127=CONICAL_SURFACE('',#4286,0.005,0.785398163397448);
#128=CONICAL_SURFACE('',#4287,0.007,0.785398163397448);
#129=CONICAL_SURFACE('',#4288,0.002,0.785398163397448);
#130=CONICAL_SURFACE('',#4289,0.004,0.785398163397448);
#131=CONICAL_SURFACE('',#4302,0.005,0.785398163397448);
#132=CONICAL_SURFACE('',#4303,0.005,0.785398163397448);
#133=CONICAL_SURFACE('',#4304,0.002,0.785398163397448);
#134=CONICAL_SURFACE('',#4404,0.004,0.785398163397448);
#135=CIRCLE('',#4130,0.003);
#136=CIRCLE('',#4138,0.005);
#137=CIRCLE('',#4139,0.007);
#138=CIRCLE('',#4141,0.005);
#139=CIRCLE('',#4142,0.007);
#140=CIRCLE('',#4144,0.005);
#141=CIRCLE('',#4145,0.007);
#142=CIRCLE('',#4147,0.005);
#143=CIRCLE('',#4148,0.007);
#144=CIRCLE('',#4150,0.005);
#145=CIRCLE('',#4151,0.007);
#146=CIRCLE('',#4153,0.005);
#147=CIRCLE('',#4154,0.007);
#148=CIRCLE('',#4156,0.005);
#149=CIRCLE('',#4157,0.007);
#150=CIRCLE('',#4159,0.005);
#151=CIRCLE('',#4160,0.007);
#152=CIRCLE('',#4163,0.002);
#153=CIRCLE('',#4164,0.004);
#154=CIRCLE('',#4165,0.004);
#155=CIRCLE('',#4167,0.002);
#156=CIRCLE('',#4168,0.004);
#157=CIRCLE('',#4169,0.004);
#158=CIRCLE('',#4171,0.002);
#159=CIRCLE('',#4172,0.004);
#160=CIRCLE('',#4173,0.004);
#161=CIRCLE('',#4175,0.002);
#162=CIRCLE('',#4176,0.004);
#163=CIRCLE('',#4177,0.004);
#164=CIRCLE('',#4183,0.003);
#165=CIRCLE('',#4193,0.009925);
#166=CIRCLE('',#4194,0.009925);
#167=CIRCLE('',#4198,0.01145);
#168=CIRCLE('',#4199,0.01145);
#169=CIRCLE('',#4200,0.01145);
#170=CIRCLE('',#4201,0.01145);
#171=CIRCLE('',#4203,0.01145);
#172=CIRCLE('',#4205,0.009925);
#173=CIRCLE('',#4206,0.009925);
#174=CIRCLE('',#4208,0.005);
#175=CIRCLE('',#4209,0.007);
#176=CIRCLE('',#4211,0.005);
#177=CIRCLE('',#4212,0.007);
#178=CIRCLE('',#4214,0.007);
#179=CIRCLE('',#4219,0.005);
#180=CIRCLE('',#4221,0.005);
#181=CIRCLE('',#4222,0.007);
#182=CIRCLE('',#4224,0.007);
#183=CIRCLE('',#4226,0.007);
#184=CIRCLE('',#4230,0.003);
#185=CIRCLE('',#4231,0.003);
#186=CIRCLE('',#4252,0.007);
#187=CIRCLE('',#4254,0.007);
#188=CIRCLE('',#4279,0.002);
#189=CIRCLE('',#4281,0.005);
#190=CIRCLE('',#4282,0.004);
#191=CIRCLE('',#4284,0.005);
#192=CIRCLE('',#4285,0.004);
#193=CIRCLE('',#4290,0.002);
#194=CIRCLE('',#4295,0.002);
#195=CIRCLE('',#4297,0.004);
#196=CIRCLE('',#4298,0.005);
#197=CIRCLE('',#4300,0.005);
#198=CIRCLE('',#4301,0.004);
#199=CIRCLE('',#4305,0.002);
#200=CIRCLE('',#4473,0.0015);
#201=CIRCLE('',#4474,0.0015);
#202=CIRCLE('',#4475,0.0015);
#203=CIRCLE('',#4477,0.0015);
#204=CIRCLE('',#4478,0.0015);
#205=CIRCLE('',#4479,0.0015);
#206=CIRCLE('',#4481,0.0015);
#207=CIRCLE('',#4483,0.0015);
#208=CIRCLE('',#4487,0.0015);
#209=CIRCLE('',#4489,0.0015);
#210=CIRCLE('',#4491,0.0015);
#211=CIRCLE('',#4492,0.0015);
#212=CIRCLE('',#4493,0.0015);
#213=CIRCLE('',#4495,0.0015);
#214=CIRCLE('',#4496,0.0015);
#215=CIRCLE('',#4497,0.0015);
#216=CIRCLE('',#4500,0.0015);
#217=CIRCLE('',#4501,0.0015);
#218=CIRCLE('',#4502,0.0015);
#219=CIRCLE('',#4504,0.0015);
#220=CIRCLE('',#4506,0.0015);
#221=CIRCLE('',#4507,0.0015);
#222=CIRCLE('',#4508,0.0015);
#223=CIRCLE('',#4509,0.0015);
#224=CIRCLE('',#4510,0.0015);
#225=CIRCLE('',#4512,0.0015);
#226=CIRCLE('',#4514,0.0015);
#227=CIRCLE('',#4515,0.0015);
#228=CIRCLE('',#4516,0.0015);
#229=CIRCLE('',#4519,0.0015);
#230=CIRCLE('',#4523,0.0015);
#231=CIRCLE('',#4525,0.0015);
#232=B_SPLINE_CURVE_WITH_KNOTS('',3,(#5676,#5677,#5678,#5679),
 .UNSPECIFIED.,.F.,.F.,(4,4),(-0.00210598327221343,0.0029004774310099),
 .UNSPECIFIED.);
#233=B_SPLINE_CURVE_WITH_KNOTS('',3,(#5683,#5684,#5685,#5686),
 .UNSPECIFIED.,.F.,.F.,(4,4),(0.000472559328799366,0.00317214839876148),
 .UNSPECIFIED.);
#234=B_SPLINE_CURVE_WITH_KNOTS('',3,(#5690,#5691,#5692,#5693),
 .UNSPECIFIED.,.F.,.F.,(4,4),(0.0173111701752807,0.0222638616798911),
 .UNSPECIFIED.);
#235=B_SPLINE_CURVE_WITH_KNOTS('',3,(#5709,#5710,#5711,#5712),
 .UNSPECIFIED.,.F.,.F.,(4,4),(-0.00210598327221343,0.0029004774310099),
 .UNSPECIFIED.);
#236=B_SPLINE_CURVE_WITH_KNOTS('',3,(#5716,#5717,#5718,#5719),
 .UNSPECIFIED.,.F.,.F.,(4,4),(0.000472559328799319,0.00317214839876144),
 .UNSPECIFIED.);
#237=B_SPLINE_CURVE_WITH_KNOTS('',3,(#5723,#5724,#5725,#5726),
 .UNSPECIFIED.,.F.,.F.,(4,4),(0.0173111701752802,0.0222638616798903),
 .UNSPECIFIED.);
#238=B_SPLINE_CURVE_WITH_KNOTS('',3,(#5756,#5757,#5758,#5759),
 .UNSPECIFIED.,.F.,.F.,(4,4),(-0.00210598327221343,0.00290047743102084),
 .UNSPECIFIED.);
#239=B_SPLINE_CURVE_WITH_KNOTS('',3,(#5761,#5762,#5763,#5764,#5765,#5766),
 .UNSPECIFIED.,.F.,.F.,(4,1,1,4),(0.,0.00107578068253658,0.00215156136507317,
0.00430312273014633),.UNSPECIFIED.);
#240=B_SPLINE_CURVE_WITH_KNOTS('',3,(#5770,#5771,#5772,#5773,#5774,#5775),
 .UNSPECIFIED.,.F.,.F.,(4,1,1,4),(0.,0.0021415809043584,0.0032123713565376,
0.0042831618087168),.UNSPECIFIED.);
#241=B_SPLINE_CURVE_WITH_KNOTS('',3,(#5777,#5778,#5779,#5780),
 .UNSPECIFIED.,.F.,.F.,(4,4),(0.0173111701752804,0.0222638616798906),
 .UNSPECIFIED.);
#242=B_SPLINE_CURVE_WITH_KNOTS('',3,(#5785,#5786,#5787,#5788),
 .UNSPECIFIED.,.F.,.F.,(4,4),(-0.00210598327221344,0.00290047743102085),
 .UNSPECIFIED.);
#243=B_SPLINE_CURVE_WITH_KNOTS('',3,(#5790,#5791,#5792,#5793,#5794,#5795),
 .UNSPECIFIED.,.F.,.F.,(4,1,1,4),(0.,0.00107578068253658,0.00215156136507316,
0.00430312273014632),.UNSPECIFIED.);
#244=B_SPLINE_CURVE_WITH_KNOTS('',3,(#5799,#5800,#5801,#5802,#5803,#5804),
 .UNSPECIFIED.,.F.,.F.,(4,1,1,4),(0.,0.00214158090435839,0.00321237135653758,
0.00428316180871677),.UNSPECIFIED.);
#245=B_SPLINE_CURVE_WITH_KNOTS('',3,(#5806,#5807,#5808,#5809),
 .UNSPECIFIED.,.F.,.F.,(4,4),(0.0173111701752901,0.022263861679891),
 .UNSPECIFIED.);
#246=B_SPLINE_CURVE_WITH_KNOTS('',3,(#5813,#5814,#5815,#5816),
 .UNSPECIFIED.,.F.,.F.,(4,4),(-0.00210598327221341,0.00290047743102084),
 .UNSPECIFIED.);
#247=B_SPLINE_CURVE_WITH_KNOTS('',3,(#5818,#5819,#5820,#5821,#5822,#5823),
 .UNSPECIFIED.,.F.,.F.,(4,1,1,4),(0.,0.00107578068253657,0.00215156136507314,
0.00430312273014628),.UNSPECIFIED.);
#248=B_SPLINE_CURVE_WITH_KNOTS('',3,(#5827,#5828,#5829,#5830,#5831,#5832),
 .UNSPECIFIED.,.F.,.F.,(4,1,1,4),(8.67361737988404E-18,0.00214158090435839,
0.00321237135653759,0.00428316180871678),.UNSPECIFIED.);
#249=B_SPLINE_CURVE_WITH_KNOTS('',3,(#5836,#5837,#5838,#5839,#5840,#5841),
 .UNSPECIFIED.,.F.,.F.,(4,1,1,4),(0.,0.00107578068253658,0.00215156136507316,
0.00430312273014631),.UNSPECIFIED.);
#250=B_SPLINE_CURVE_WITH_KNOTS('',3,(#5845,#5846,#5847,#5848,#5849,#5850),
 .UNSPECIFIED.,.F.,.F.,(4,1,1,4),(0.,0.0021415809043584,0.00321237135653761,
0.00428316180871681),.UNSPECIFIED.);
#251=B_SPLINE_CURVE_WITH_KNOTS('',3,(#5852,#5853,#5854,#5855),
 .UNSPECIFIED.,.F.,.F.,(4,4),(0.0173111701752911,0.0222638616798905),
 .UNSPECIFIED.);
#252=B_SPLINE_CURVE_WITH_KNOTS('',3,(#5857,#5858,#5859,#5860),
 .UNSPECIFIED.,.F.,.F.,(4,4),(0.0173111701752904,0.0222638616798905),
 .UNSPECIFIED.);
#253=B_SPLINE_CURVE_WITH_KNOTS('',3,(#5865,#5866,#5867,#5868),
 .UNSPECIFIED.,.F.,.F.,(4,4),(-0.00210598327221343,0.00290047743100989),
 .UNSPECIFIED.);
#254=B_SPLINE_CURVE_WITH_KNOTS('',3,(#5870,#5871,#5872,#5873,#5874,#5875),
 .UNSPECIFIED.,.F.,.F.,(4,1,1,4),(0.,0.00107578068253658,0.00215156136507316,
0.00430312273014631),.UNSPECIFIED.);
#255=B_SPLINE_CURVE_WITH_KNOTS('',3,(#5879,#5880,#5881,#5882,#5883,#5884),
 .UNSPECIFIED.,.F.,.F.,(4,1,1,4),(0.,0.0021415809043584,0.0032123713565376,
0.0042831618087168),.UNSPECIFIED.);
#256=B_SPLINE_CURVE_WITH_KNOTS('',3,(#5886,#5887,#5888,#5889),
 .UNSPECIFIED.,.F.,.F.,(4,4),(0.0173111701752802,0.0222638616798902),
 .UNSPECIFIED.);
#257=B_SPLINE_CURVE_WITH_KNOTS('',3,(#5894,#5895,#5896,#5897),
 .UNSPECIFIED.,.F.,.F.,(4,4),(-0.00210598327221342,0.00290047743102083),
 .UNSPECIFIED.);
#258=B_SPLINE_CURVE_WITH_KNOTS('',3,(#5899,#5900,#5901,#5902,#5903,#5904),
 .UNSPECIFIED.,.F.,.F.,(4,1,1,4),(0.,0.00107578068253658,0.00215156136507315,
0.00430312273014631),.UNSPECIFIED.);
#259=B_SPLINE_CURVE_WITH_KNOTS('',3,(#5908,#5909,#5910,#5911,#5912,#5913),
 .UNSPECIFIED.,.F.,.F.,(4,1,1,4),(0.,0.00214158090435839,0.00321237135653758,
0.00428316180871677),.UNSPECIFIED.);
#260=B_SPLINE_CURVE_WITH_KNOTS('',3,(#5915,#5916,#5917,#5918),
 .UNSPECIFIED.,.F.,.F.,(4,4),(0.0173111701752927,0.0222638616798908),
 .UNSPECIFIED.);
#261=B_SPLINE_CURVE_WITH_KNOTS('',3,(#5922,#5923,#5924,#5925,#5926,#5927),
 .UNSPECIFIED.,.F.,.F.,(4,1,1,4),(0.,0.00107578068253657,0.00215156136507315,
0.0043031227301463),.UNSPECIFIED.);
#262=B_SPLINE_CURVE_WITH_KNOTS('',3,(#5931,#5932,#5933,#5934,#5935,#5936),
 .UNSPECIFIED.,.F.,.F.,(4,1,1,4),(0.,0.00214158090435841,0.00321237135653762,
0.00428316180871683),.UNSPECIFIED.);
#263=B_SPLINE_CURVE_WITH_KNOTS('',3,(#5940,#5941,#5942,#5943),
 .UNSPECIFIED.,.F.,.F.,(4,4),(-0.00210598327221341,0.00290047743100989),
 .UNSPECIFIED.);
#264=B_SPLINE_CURVE_WITH_KNOTS('',3,(#5945,#5946,#5947,#5948,#5949,#5950),
 .UNSPECIFIED.,.F.,.F.,(4,1,1,4),(0.,0.00107578068253658,0.00215156136507315,
0.0043031227301463),.UNSPECIFIED.);
#265=B_SPLINE_CURVE_WITH_KNOTS('',3,(#5954,#5955,#5956,#5957,#5958,#5959),
 .UNSPECIFIED.,.F.,.F.,(4,1,1,4),(0.,0.00214158090435839,0.00321237135653758,
0.00428316180871677),.UNSPECIFIED.);
#266=B_SPLINE_CURVE_WITH_KNOTS('',3,(#5972,#5973,#5974,#5975),
 .UNSPECIFIED.,.F.,.F.,(4,4),(0.0049690756455332,0.00765643346483095),
 .UNSPECIFIED.);
#267=B_SPLINE_CURVE_WITH_KNOTS('',3,(#5990,#5991,#5992,#5993),
 .UNSPECIFIED.,.F.,.F.,(4,4),(0.00496907564553317,0.00765643346483101),
 .UNSPECIFIED.);
#268=B_SPLINE_CURVE_WITH_KNOTS('',3,(#5997,#5998,#5999,#6000),
 .UNSPECIFIED.,.F.,.F.,(4,4),(0.000472559328799319,0.00317214839876144),
 .UNSPECIFIED.);
#269=B_SPLINE_CURVE_WITH_KNOTS('',3,(#6005,#6006,#6007,#6008),
 .UNSPECIFIED.,.F.,.F.,(4,4),(0.00496907564553317,0.00765643346483101),
 .UNSPECIFIED.);
#270=B_SPLINE_CURVE_WITH_KNOTS('',3,(#6014,#6015,#6016,#6017),
 .UNSPECIFIED.,.F.,.F.,(4,4),(0.0049690756455332,0.00765643346483095),
 .UNSPECIFIED.);
#271=B_SPLINE_CURVE_WITH_KNOTS('',3,(#6022,#6023,#6024,#6025),
 .UNSPECIFIED.,.F.,.F.,(4,4),(0.000472559328799366,0.00317214839876148),
 .UNSPECIFIED.);
#272=B_SPLINE_CURVE_WITH_KNOTS('',3,(#6099,#6100,#6101,#6102,#6103,#6104,
#6105,#6106,#6107,#6108,#6109,#6110,#6111,#6112,#6113,#6114,#6115,#6116,
#6117),.UNSPECIFIED.,.T.,.F.,(1,1,1,1,1,1,1,1,1,1,1,1,1,1,1,1,1,1,1,1,1,
1,1),(-0.190789473684211,-0.128289473684211,-0.0657894736842105,0.,0.059375,
0.12171875,0.1842109375,0.246710546875,0.30921052734375,0.371710526367187,
0.434210526318359,0.496710526315918,0.559210526315796,0.62171052631579,
0.684210526315789,0.746710526315789,0.809210526315789,0.871710526315789,
0.934210526315789,1.,1.059375,1.12171875,1.1842109375),.UNSPECIFIED.);
#273=B_SPLINE_CURVE_WITH_KNOTS('',3,(#6119,#6120,#6121,#6122,#6123,#6124,
#6125,#6126,#6127,#6128,#6129),.UNSPECIFIED.,.F.,.F.,(4,1,1,1,1,1,1,1,4),
(0.,0.00210381408901037,0.00420762817802074,0.00631144226703111,0.00841525635604147,
0.0105190704450518,0.0126228845340622,0.0147266986230726,0.0168305127120829),
 .UNSPECIFIED.);
#274=B_SPLINE_CURVE_WITH_KNOTS('',3,(#6139,#6140,#6141,#6142,#6143,#6144,
#6145,#6146,#6147,#6148,#6149),.UNSPECIFIED.,.T.,.F.,(1,1,1,1,1,1,1,1,1,
1,1,1,1,1,1),(-0.00470195299011648,-0.00313463532674432,-0.00156731766337216,
0.,0.00156731766337216,0.00313463532674432,0.00470195299011648,0.00626927065348864,
0.0078365883168608,0.00940390598023296,0.0109712236436051,0.0125385413069773,
0.0141058589703494,0.0156731766337216,0.0172404942970938),.UNSPECIFIED.);
#275=B_SPLINE_CURVE_WITH_KNOTS('',3,(#6160,#6161,#6162,#6163,#6164,#6165,
#6166,#6167,#6168,#6169,#6170),.UNSPECIFIED.,.F.,.F.,(4,1,1,1,1,1,1,1,4),
(0.,0.00210049649644331,0.00420099299288662,0.00630148948932993,0.00840198598577324,
0.0105024824822166,0.0126029789786599,0.0147034754751032,0.0168039719715465),
 .UNSPECIFIED.);
#276=B_SPLINE_CURVE_WITH_KNOTS('',3,(#6182,#6183,#6184,#6185,#6186,#6187,
#6188,#6189,#6190,#6191,#6192,#6193,#6194,#6195,#6196,#6197,#6198,#6199,
#6200),.UNSPECIFIED.,.T.,.F.,(1,1,1,1,1,1,1,1,1,1,1,1,1,1,1,1,1,1,1,1,1,
1,1),(-0.190789473684211,-0.128289473684211,-0.0657894736842105,0.,0.059375,
0.12171875,0.1842109375,0.246710546875,0.30921052734375,0.371710526367187,
0.434210526318359,0.496710526315918,0.559210526315796,0.62171052631579,
0.684210526315789,0.746710526315789,0.809210526315789,0.871710526315789,
0.934210526315789,1.,1.059375,1.12171875,1.1842109375),.UNSPECIFIED.);
#277=B_SPLINE_CURVE_WITH_KNOTS('',3,(#6205,#6206,#6207,#6208),
 .UNSPECIFIED.,.F.,.F.,(4,4),(0.,0.00145877124883436),.UNSPECIFIED.);
#278=B_SPLINE_CURVE_WITH_KNOTS('',3,(#6212,#6213,#6214,#6215),
 .UNSPECIFIED.,.F.,.F.,(4,4),(3.87895961444886E-18,0.00145877124883437),
 .UNSPECIFIED.);
#279=B_SPLINE_CURVE_WITH_KNOTS('',3,(#6221,#6222,#6223,#6224,#6225,#6226,
#6227,#6228,#6229,#6230,#6231),.UNSPECIFIED.,.F.,.F.,(4,1,1,1,1,1,1,1,4),
(0.,0.00210049649644331,0.00420099299288663,0.00630148948932994,0.00840198598577325,
0.0105024824822166,0.0126029789786599,0.0147034754751032,0.0168039719715465),
 .UNSPECIFIED.);
#280=B_SPLINE_CURVE_WITH_KNOTS('',3,(#6234,#6235,#6236,#6237,#6238,#6239,
#6240,#6241,#6242,#6243,#6244),.UNSPECIFIED.,.T.,.F.,(1,1,1,1,1,1,1,1,1,
1,1,1,1,1,1),(-0.00469810158454752,-0.00313206772303168,-0.00156603386151584,
0.,0.00156603386151584,0.00313206772303168,0.00469810158454752,0.00626413544606336,
0.0078301693075792,0.00939620316909504,0.0109622370306109,0.0125282708921267,
0.0140943047536426,0.0156603386151584,0.0172263724766742),.UNSPECIFIED.);
#281=B_SPLINE_CURVE_WITH_KNOTS('',3,(#6246,#6247,#6248,#6249,#6250,#6251,
#6252,#6253,#6254,#6255,#6256),.UNSPECIFIED.,.T.,.F.,(1,1,1,1,1,1,1,1,1,
1,1,1,1,1,1),(-0.00469810158454751,-0.00313206772303167,-0.00156603386151584,
0.,0.00156603386151584,0.00313206772303167,0.00469810158454751,0.00626413544606335,
0.00783016930757918,0.00939620316909502,0.0109622370306109,0.0125282708921267,
0.0140943047536425,0.0156603386151584,0.0172263724766742),.UNSPECIFIED.);
#282=B_SPLINE_CURVE_WITH_KNOTS('',3,(#6258,#6259,#6260,#6261,#6262,#6263,
#6264,#6265,#6266,#6267,#6268),.UNSPECIFIED.,.T.,.F.,(1,1,1,1,1,1,1,1,1,
1,1,1,1,1,1),(-0.00469810158454751,-0.00313206772303167,-0.00156603386151584,
0.,0.00156603386151584,0.00313206772303167,0.00469810158454751,0.00626413544606335,
0.00783016930757919,0.00939620316909502,0.0109622370306109,0.0125282708921267,
0.0140943047536425,0.0156603386151584,0.0172263724766742),.UNSPECIFIED.);
#283=B_SPLINE_CURVE_WITH_KNOTS('',3,(#6271,#6272,#6273,#6274,#6275,#6276,
#6277,#6278,#6279,#6280,#6281),.UNSPECIFIED.,.T.,.F.,(1,1,1,1,1,1,1,1,1,
1,1,1,1,1,1),(-0.00470195299011646,-0.00313463532674431,-0.00156731766337215,
0.,0.00156731766337215,0.00313463532674431,0.00470195299011646,0.00626927065348861,
0.00783658831686076,0.00940390598023292,0.0109712236436051,0.0125385413069772,
0.0141058589703494,0.0156731766337215,0.0172404942970937),.UNSPECIFIED.);
#284=B_SPLINE_CURVE_WITH_KNOTS('',3,(#6283,#6284,#6285,#6286,#6287,#6288,
#6289,#6290,#6291,#6292,#6293),.UNSPECIFIED.,.T.,.F.,(1,1,1,1,1,1,1,1,1,
1,1,1,1,1,1),(-0.00470079148358135,-0.00313386098905423,-0.00156693049452712,
0.,0.00156693049452712,0.00313386098905423,0.00470079148358135,0.00626772197810847,
0.00783465247263559,0.0094015829671627,0.0109685134616898,0.0125354439562169,
0.0141023744507441,0.0156693049452712,0.0172362354397983),.UNSPECIFIED.);
#285=B_SPLINE_CURVE_WITH_KNOTS('',3,(#6300,#6301,#6302,#6303,#6304,#6305,
#6306,#6307,#6308,#6309,#6310),.UNSPECIFIED.,.F.,.F.,(4,1,1,1,1,1,1,1,4),
(1.51788304147971E-18,0.00210381408901039,0.00420762817802078,0.00631144226703117,
0.00841525635604156,0.0105190704450519,0.0126228845340623,0.0147266986230727,
0.0168305127120831),.UNSPECIFIED.);
#286=B_SPLINE_CURVE_WITH_KNOTS('',3,(#6319,#6320,#6321,#6322),
 .UNSPECIFIED.,.F.,.F.,(4,4),(-0.00208776079285223,0.00286204333996357),
 .UNSPECIFIED.);
#287=B_SPLINE_CURVE_WITH_KNOTS('',3,(#6324,#6325,#6326,#6327,#6328,#6329,
#6330),.UNSPECIFIED.,.F.,.F.,(4,1,1,1,4),(0.,0.00116853959333039,0.00233707918666078,
0.00350561877999118,0.00467415837332157),.UNSPECIFIED.);
#288=B_SPLINE_CURVE_WITH_KNOTS('',3,(#6334,#6335,#6336,#6337,#6338,#6339,
#6340),.UNSPECIFIED.,.F.,.F.,(4,1,1,1,4),(0.,0.00116162131957093,0.00232324263914187,
0.0034848639587128,0.00464648527828374),.UNSPECIFIED.);
#289=B_SPLINE_CURVE_WITH_KNOTS('',3,(#6342,#6343,#6344,#6345),
 .UNSPECIFIED.,.F.,.F.,(4,4),(0.0173799430535965,0.0223568739893566),
 .UNSPECIFIED.);
#290=B_SPLINE_CURVE_WITH_KNOTS('',3,(#6350,#6351,#6352,#6353),
 .UNSPECIFIED.,.F.,.F.,(4,4),(-0.00208776079285223,0.00286204333996358),
 .UNSPECIFIED.);
#291=B_SPLINE_CURVE_WITH_KNOTS('',3,(#6355,#6356,#6357,#6358,#6359,#6360,
#6361),.UNSPECIFIED.,.F.,.F.,(4,1,1,1,4),(0.,0.0011685395933304,0.0023370791866608,
0.0035056187799912,0.00467415837332159),.UNSPECIFIED.);
#292=B_SPLINE_CURVE_WITH_KNOTS('',3,(#6365,#6366,#6367,#6368,#6369,#6370,
#6371),.UNSPECIFIED.,.F.,.F.,(4,1,1,1,4),(0.,0.00116162131957096,0.00232324263914193,
0.00348486395871289,0.00464648527828385),.UNSPECIFIED.);
#293=B_SPLINE_CURVE_WITH_KNOTS('',3,(#6373,#6374,#6375,#6376),
 .UNSPECIFIED.,.F.,.F.,(4,4),(0.0173799430535958,0.022356873989355),
 .UNSPECIFIED.);
#294=B_SPLINE_CURVE_WITH_KNOTS('',3,(#6402,#6403,#6404,#6405),
 .UNSPECIFIED.,.F.,.F.,(4,4),(0.0173799430535961,0.0223568739893556),
 .UNSPECIFIED.);
#295=B_SPLINE_CURVE_WITH_KNOTS('',3,(#6410,#6411,#6412,#6413),
 .UNSPECIFIED.,.F.,.F.,(4,4),(-0.00208776079285223,0.00286204333996357),
 .UNSPECIFIED.);
#296=B_SPLINE_CURVE_WITH_KNOTS('',3,(#6415,#6416,#6417,#6418,#6419,#6420,
#6421),.UNSPECIFIED.,.F.,.F.,(4,1,1,1,4),(0.,0.00116853959333039,0.00233707918666078,
0.00350561877999117,0.00467415837332156),.UNSPECIFIED.);
#297=B_SPLINE_CURVE_WITH_KNOTS('',3,(#6422,#6423,#6424,#6425,#6426,#6427,
#6428),.UNSPECIFIED.,.F.,.F.,(4,1,1,1,4),(0.,0.00116162131957096,0.00232324263914191,
0.00348486395871287,0.00464648527828382),.UNSPECIFIED.);
#298=B_SPLINE_CURVE_WITH_KNOTS('',3,(#6433,#6434,#6435,#6436),
 .UNSPECIFIED.,.F.,.F.,(4,4),(-0.00208776079285222,0.00286204333996357),
 .UNSPECIFIED.);
#299=B_SPLINE_CURVE_WITH_KNOTS('',3,(#6438,#6439,#6440,#6441,#6442,#6443,
#6444),.UNSPECIFIED.,.F.,.F.,(4,1,1,1,4),(0.,0.00116853959333039,0.00233707918666078,
0.00350561877999117,0.00467415837332156),.UNSPECIFIED.);
#300=B_SPLINE_CURVE_WITH_KNOTS('',3,(#6448,#6449,#6450,#6451,#6452,#6453,
#6454),.UNSPECIFIED.,.F.,.F.,(4,1,1,1,4),(0.,0.00116162131957096,0.00232324263914191,
0.00348486395871287,0.00464648527828382),.UNSPECIFIED.);
#301=B_SPLINE_CURVE_WITH_KNOTS('',3,(#6456,#6457,#6458,#6459),
 .UNSPECIFIED.,.F.,.F.,(4,4),(0.0173799430535962,0.0223568739893557),
 .UNSPECIFIED.);
#302=B_SPLINE_CURVE_WITH_KNOTS('',3,(#6488,#6489,#6490,#6491),
 .UNSPECIFIED.,.F.,.F.,(4,4),(0.0173799430535962,0.0223568739893558),
 .UNSPECIFIED.);
#303=B_SPLINE_CURVE_WITH_KNOTS('',3,(#6510,#6511,#6512,#6513),
 .UNSPECIFIED.,.F.,.F.,(4,4),(0.0173799430535961,0.0223568739893556),
 .UNSPECIFIED.);
#304=B_SPLINE_CURVE_WITH_KNOTS('',3,(#6518,#6519,#6520,#6521),
 .UNSPECIFIED.,.F.,.F.,(4,4),(0.0173799430535958,0.022356873989355),
 .UNSPECIFIED.);
#305=B_SPLINE_CURVE_WITH_KNOTS('',3,(#6537,#6538,#6539,#6540),
 .UNSPECIFIED.,.F.,.F.,(4,4),(-0.00208776079285222,0.00286204333996358),
 .UNSPECIFIED.);
#306=B_SPLINE_CURVE_WITH_KNOTS('',3,(#6578,#6579,#6580,#6581),
 .UNSPECIFIED.,.F.,.F.,(4,4),(0.,0.000441295767143551),.UNSPECIFIED.);
#307=B_SPLINE_CURVE_WITH_KNOTS('',3,(#6582,#6583,#6584,#6585),
 .UNSPECIFIED.,.F.,.F.,(4,4),(3.29693312795229E-16,0.000441295767142493),
 .UNSPECIFIED.);
#308=B_SPLINE_CURVE_WITH_KNOTS('',3,(#6610,#6611,#6612,#6613),
 .UNSPECIFIED.,.F.,.F.,(4,4),(0.,0.000441295767143009),.UNSPECIFIED.);
#309=B_SPLINE_CURVE_WITH_KNOTS('',3,(#6614,#6615,#6616,#6617),
 .UNSPECIFIED.,.F.,.F.,(4,4),(0.,0.000441295767143543),.UNSPECIFIED.);
#310=B_SPLINE_CURVE_WITH_KNOTS('',3,(#6640,#6641,#6642,#6643),
 .UNSPECIFIED.,.F.,.F.,(4,4),(-0.00208776079285222,0.00286204333996358),
 .UNSPECIFIED.);
#311=B_SPLINE_CURVE_WITH_KNOTS('',3,(#6648,#6649,#6650,#6651),
 .UNSPECIFIED.,.F.,.F.,(4,4),(-0.00208776079285222,0.00286204333996357),
 .UNSPECIFIED.);
#312=B_SPLINE_CURVE_WITH_KNOTS('',3,(#6678,#6679,#6680,#6681),
 .UNSPECIFIED.,.F.,.F.,(4,4),(-0.00208776079285223,0.00286204333996357),
 .UNSPECIFIED.);
#313=B_SPLINE_CURVE_WITH_KNOTS('',3,(#6687,#6688,#6689,#6690),
 .UNSPECIFIED.,.F.,.F.,(4,4),(0.0173799430536056,0.022356873989356),
 .UNSPECIFIED.);
#314=B_SPLINE_CURVE_WITH_KNOTS('',3,(#6861,#6862,#6863,#6864,#6865,#6866,
#6867,#6868,#6869,#6870,#6871,#6872,#6873,#6874,#6875,#6876,#6877,#6878,
#6879,#6880,#6881,#6882,#6883,#6884,#6885,#6886,#6887,#6888,#6889,#6890,
#6891,#6892,#6893,#6894,#6895,#6896),.UNSPECIFIED.,.T.,.F.,(1,1,1,1,1,1,
1,1,1,1,1,1,1,1,1,1,1,1,1,1,1,1,1,1,1,1,1,1,1,1,1,1,1,1,1,1,1,1,1,1),(-0.097039473658588,
-0.0657894736817702,-0.0328947368408852,0.,0.0296875,0.059375,0.090546875,
0.12171875,0.15296484375,0.1842109375,0.2154607421875,0.246710546875,0.277960537109375,
0.30921052734375,0.340460526855469,0.371710526367187,0.402953278417969,
0.43419603046875,0.465438420146484,0.496680809824219,0.499834040491211,
0.529600371257886,0.559366702024561,0.590542518562894,0.621718335101228,
0.652964625928145,0.684210916755061,0.715460731296407,0.746710545837753,
0.77796053656482,0.809210527291888,0.840460526828241,0.871710526364594,
0.902960526341412,0.93421052631823,0.967105263159115,1.,1.0296875,1.059375,
1.090546875),.UNSPECIFIED.);
#315=B_SPLINE_CURVE_WITH_KNOTS('',3,(#6909,#6910,#6911,#6912,#6913,#6914,
#6915),.UNSPECIFIED.,.F.,.F.,(4,1,1,1,4),(0.,0.0011685395933304,0.0023370791866608,
0.0035056187799912,0.00467415837332159),.UNSPECIFIED.);
#316=B_SPLINE_CURVE_WITH_KNOTS('',3,(#6916,#6917,#6918,#6919,#6920,#6921,
#6922),.UNSPECIFIED.,.F.,.F.,(4,1,1,1,4),(0.,0.00116162131957096,0.00232324263914193,
0.00348486395871289,0.00464648527828385),.UNSPECIFIED.);
#317=B_SPLINE_CURVE_WITH_KNOTS('',3,(#6924,#6925,#6926,#6927,#6928,#6929,
#6930),.UNSPECIFIED.,.F.,.F.,(4,1,1,1,4),(0.,0.0011685395933304,0.00233707918666081,
0.00350561877999121,0.00467415837332161),.UNSPECIFIED.);
#318=B_SPLINE_CURVE_WITH_KNOTS('',3,(#6931,#6932,#6933,#6934,#6935,#6936,
#6937),.UNSPECIFIED.,.F.,.F.,(4,1,1,1,4),(0.,0.00116162131957096,0.00232324263914192,
0.00348486395871288,0.00464648527828384),.UNSPECIFIED.);
#319=B_SPLINE_CURVE_WITH_KNOTS('',3,(#6995,#6996,#6997,#6998,#6999,#7000,
#7001),.UNSPECIFIED.,.F.,.F.,(4,1,1,1,4),(0.,0.00116853959333039,0.00233707918666078,
0.00350561877999117,0.00467415837332156),.UNSPECIFIED.);
#320=B_SPLINE_CURVE_WITH_KNOTS('',3,(#7002,#7003,#7004,#7005,#7006,#7007,
#7008),.UNSPECIFIED.,.F.,.F.,(4,1,1,1,4),(0.,0.00116162131957096,0.00232324263914191,
0.00348486395871287,0.00464648527828382),.UNSPECIFIED.);
#321=B_SPLINE_CURVE_WITH_KNOTS('',3,(#7010,#7011,#7012,#7013,#7014,#7015,
#7016),.UNSPECIFIED.,.F.,.F.,(4,1,1,1,4),(0.,0.0011685395933304,0.0023370791866608,
0.0035056187799912,0.0046741583733216),.UNSPECIFIED.);
#322=B_SPLINE_CURVE_WITH_KNOTS('',3,(#7017,#7018,#7019,#7020,#7021,#7022,
#7023),.UNSPECIFIED.,.F.,.F.,(4,1,1,1,4),(0.,0.00116162131957096,0.00232324263914193,
0.00348486395871289,0.00464648527828385),.UNSPECIFIED.);
#323=B_SPLINE_CURVE_WITH_KNOTS('',3,(#7190,#7191,#7192,#7193,#7194,#7195,
#7196,#7197,#7198,#7199,#7200,#7201,#7202,#7203,#7204,#7205,#7206,#7207,
#7208,#7209,#7210,#7211,#7212,#7213,#7214,#7215,#7216,#7217,#7218,#7219,
#7220,#7221,#7222,#7223,#7224,#7225,#7226,#7227,#7228,#7229,#7230,#7231,
#7232,#7233,#7234,#7235),.UNSPECIFIED.,.T.,.F.,(1,1,1,1,1,1,1,1,1,1,1,1,
1,1,1,1,1,1,1,1,1,1,1,1,1,1,1,1,1,1,1,1,1,1,1,1,1,1,1,1,1,1,1,1,1,1,1,1,
1,1),(-0.0494592927318527,-0.0329728618212352,-0.0164864309106176,0.,0.01484375,
0.0296875,0.059375,0.0890625,0.11875,0.1269140625,0.135078125,0.15140625,
0.1840625,0.2153828125,0.246703125,0.276082820129395,0.305462515258789,
0.334842210388184,0.364221905517578,0.395756562347412,0.427291219177246,
0.457464639335632,0.487638059494019,0.49350998123436,0.499381902974701,
0.529362999061718,0.559344095148735,0.590530649953086,0.606123927355261,
0.621717204757437,0.637340618627545,0.652964032497654,0.684210860237872,
0.715460701624883,0.746710543011894,0.777179289046569,0.807648035081244,
0.838116781115919,0.868585527150595,0.876769120801461,0.884952714452328,
0.901319901754062,0.93405427635753,0.950540707268147,0.967027138178765,
0.983513569089382,1.,1.01484375,1.0296875,1.059375),.UNSPECIFIED.);
#324=B_SPLINE_CURVE_WITH_KNOTS('',3,(#7288,#7289,#7290,#7291),
 .UNSPECIFIED.,.F.,.F.,(4,4),(0.,0.00194099571584815),.UNSPECIFIED.);
#325=B_SPLINE_CURVE_WITH_KNOTS('',3,(#7294,#7295,#7296,#7297),
 .UNSPECIFIED.,.F.,.F.,(4,4),(4.69978819200303E-17,0.00255009063671179),
 .UNSPECIFIED.);
#326=B_SPLINE_CURVE_WITH_KNOTS('',3,(#7311,#7312,#7313,#7314),
 .UNSPECIFIED.,.F.,.F.,(4,4),(0.,0.0019431165710779),.UNSPECIFIED.);
#327=B_SPLINE_CURVE_WITH_KNOTS('',3,(#7321,#7322,#7323,#7324),
 .UNSPECIFIED.,.F.,.F.,(4,4),(0.,0.00255009063671189),.UNSPECIFIED.);
#328=B_SPLINE_CURVE_WITH_KNOTS('',3,(#7346,#7347,#7348,#7349),
 .UNSPECIFIED.,.F.,.F.,(4,4),(0.,0.00194099571584815),.UNSPECIFIED.);
#329=B_SPLINE_CURVE_WITH_KNOTS('',3,(#7358,#7359,#7360,#7361),
 .UNSPECIFIED.,.F.,.F.,(4,4),(3.46944695195361E-18,0.00255009063671189),
 .UNSPECIFIED.);
#330=B_SPLINE_CURVE_WITH_KNOTS('',3,(#7365,#7366,#7367,#7368),
 .UNSPECIFIED.,.F.,.F.,(4,4),(0.,0.00194311657107789),.UNSPECIFIED.);
#331=B_SPLINE_CURVE_WITH_KNOTS('',3,(#7375,#7376,#7377,#7378),
 .UNSPECIFIED.,.F.,.F.,(4,4),(0.,0.00255009063671184),.UNSPECIFIED.);
#332=B_SPLINE_CURVE_WITH_KNOTS('',3,(#7384,#7385,#7386,#7387),
 .UNSPECIFIED.,.F.,.F.,(4,4),(0.,0.00289574364073455),.UNSPECIFIED.);
#333=B_SPLINE_CURVE_WITH_KNOTS('',3,(#7388,#7389,#7390,#7391),
 .UNSPECIFIED.,.F.,.F.,(4,4),(0.,0.00289574364073445),.UNSPECIFIED.);
#334=B_SPLINE_CURVE_WITH_KNOTS('',3,(#7395,#7396,#7397,#7398),
 .UNSPECIFIED.,.F.,.F.,(4,4),(0.,0.00239509315072518),.UNSPECIFIED.);
#335=B_SPLINE_CURVE_WITH_KNOTS('',3,(#7399,#7400,#7401,#7402),
 .UNSPECIFIED.,.F.,.F.,(4,4),(0.,0.00239477627694631),.UNSPECIFIED.);
#336=B_SPLINE_CURVE_WITH_KNOTS('',3,(#7404,#7405,#7406,#7407),
 .UNSPECIFIED.,.F.,.F.,(4,4),(0.,0.00289574364073455),.UNSPECIFIED.);
#337=B_SPLINE_CURVE_WITH_KNOTS('',3,(#7411,#7412,#7413,#7414),
 .UNSPECIFIED.,.F.,.F.,(4,4),(0.,0.0023950931507252),.UNSPECIFIED.);
#338=B_SPLINE_CURVE_WITH_KNOTS('',3,(#7415,#7416,#7417,#7418),
 .UNSPECIFIED.,.F.,.F.,(4,4),(0.,0.00239477627694629),.UNSPECIFIED.);
#339=B_SPLINE_CURVE_WITH_KNOTS('',3,(#7422,#7423,#7424,#7425),
 .UNSPECIFIED.,.F.,.F.,(4,4),(3.46944695195361E-18,0.0028957436407345),
 .UNSPECIFIED.);
#340=B_SPLINE_CURVE_WITH_KNOTS('',3,(#7505,#7506,#7507,#7508),
 .UNSPECIFIED.,.F.,.F.,(4,4),(0.,0.00130281615544469),.UNSPECIFIED.);
#341=B_SPLINE_CURVE_WITH_KNOTS('',3,(#7525,#7526,#7527,#7528),
 .UNSPECIFIED.,.F.,.F.,(4,4),(0.,0.00042396129916902),.UNSPECIFIED.);
#342=B_SPLINE_CURVE_WITH_KNOTS('',3,(#7534,#7535,#7536,#7537),
 .UNSPECIFIED.,.F.,.F.,(4,4),(0.,0.000423961299169011),.UNSPECIFIED.);
#343=B_SPLINE_CURVE_WITH_KNOTS('',3,(#7550,#7551,#7552,#7553),
 .UNSPECIFIED.,.F.,.F.,(4,4),(0.,0.00130303492656352),.UNSPECIFIED.);
#344=B_SPLINE_CURVE_WITH_KNOTS('',3,(#7724,#7725,#7726,#7727),
 .UNSPECIFIED.,.F.,.F.,(4,4),(0.,0.00130303492656349),.UNSPECIFIED.);
#345=B_SPLINE_CURVE_WITH_KNOTS('',3,(#7755,#7756,#7757,#7758),
 .UNSPECIFIED.,.F.,.F.,(4,4),(0.,0.000423961299169002),.UNSPECIFIED.);
#346=B_SPLINE_CURVE_WITH_KNOTS('',3,(#7777,#7778,#7779,#7780),
 .UNSPECIFIED.,.F.,.F.,(4,4),(0.,0.000423961299168999),.UNSPECIFIED.);
#347=B_SPLINE_CURVE_WITH_KNOTS('',3,(#7797,#7798,#7799,#7800),
 .UNSPECIFIED.,.F.,.F.,(4,4),(0.,0.00130281615544469),.UNSPECIFIED.);
#348=ELLIPSE('',#4121,0.0109236724622532,0.0065);
#349=ELLIPSE('',#4123,0.0109236724622532,0.0065);
#350=ELLIPSE('',#4125,0.0109236724622532,0.0065);
#351=ELLIPSE('',#4127,0.0109236724622532,0.0065);
#352=ELLIPSE('',#4129,0.0017825083554277,0.0015);
#353=ELLIPSE('',#4131,0.0017825083554277,0.0015);
#354=ELLIPSE('',#4132,0.0017825083554277,0.0015);
#355=ELLIPSE('',#4133,0.0017825083554277,0.0015);
#356=ELLIPSE('',#4135,0.00772420287352001,0.0065);
#357=ELLIPSE('',#4136,0.00772420287352001,0.0065);
#358=ELLIPSE('',#4179,0.0017825083554277,0.0015);
#359=ELLIPSE('',#4180,0.0017825083554277,0.0015);
#360=ELLIPSE('',#4181,0.0017825083554277,0.0015);
#361=ELLIPSE('',#4182,0.0017825083554277,0.0015);
#362=ELLIPSE('',#4196,0.00707106781186548,0.005);
#363=ELLIPSE('',#4202,0.0136064804464314,0.01145);
#364=ELLIPSE('',#4217,0.00925514037082466,0.005);
#365=ELLIPSE('',#4228,0.00925514037082466,0.005);
#366=ELLIPSE('',#4233,0.00925514037082466,0.005);
#367=ELLIPSE('',#4236,0.00772420287352001,0.0065);
#368=ELLIPSE('',#4237,0.00772420287352001,0.0065);
#369=ELLIPSE('',#4239,0.0109236724622532,0.0065);
#370=ELLIPSE('',#4240,0.0109236724622532,0.0065);
#371=ELLIPSE('',#4241,0.0109236724622532,0.0065);
#372=ELLIPSE('',#4242,0.0109236724622532,0.0065);
#373=ELLIPSE('',#4244,0.0109236724622532,0.0065);
#374=ELLIPSE('',#4245,0.0109236724622532,0.0065);
#375=ELLIPSE('',#4246,0.0109236724622532,0.0065);
#376=ELLIPSE('',#4247,0.0109236724622532,0.0065);
#377=ELLIPSE('',#4249,0.00925514037082466,0.005);
#378=ELLIPSE('',#4271,0.00925514037082466,0.005);
#379=ELLIPSE('',#4272,0.00925514037082466,0.005);
#380=ELLIPSE('',#4312,0.00707106781186548,0.005);
#381=ELLIPSE('',#4313,0.00707106781186548,0.005);
#382=ELLIPSE('',#4315,0.00707106781186547,0.005);
#383=ELLIPSE('',#4316,0.00268076257536376,0.0015);
#384=ELLIPSE('',#4317,0.00622848847430498,0.005);
#385=ELLIPSE('',#4319,0.00707106781186548,0.005);
#386=ELLIPSE('',#4320,0.00707106781186548,0.005);
#387=ELLIPSE('',#4322,0.00707106781186547,0.005);
#388=ELLIPSE('',#4323,0.00622848847430498,0.005);
#389=ELLIPSE('',#4324,0.00268076257536376,0.0015);
#390=ELLIPSE('',#4326,0.00707106781186548,0.005);
#391=ELLIPSE('',#4327,0.00707106781186548,0.005);
#392=ELLIPSE('',#4329,0.00707106781186547,0.005);
#393=ELLIPSE('',#4330,0.00707106781186547,0.005);
#394=ELLIPSE('',#4332,0.00707106781186548,0.005);
#395=ELLIPSE('',#4334,0.00707106781186548,0.005);
#396=ELLIPSE('',#4335,0.00707106781186548,0.005);
#397=ELLIPSE('',#4337,0.00707106781186548,0.005);
#398=ELLIPSE('',#4338,0.00707106781186548,0.005);
#399=ELLIPSE('',#4340,0.00707106781186547,0.005);
#400=ELLIPSE('',#4341,0.00622848847430498,0.005);
#401=ELLIPSE('',#4342,0.00268076257536376,0.0015);
#402=ELLIPSE('',#4344,0.00707106781186547,0.005);
#403=ELLIPSE('',#4345,0.00268076257536376,0.0015);
#404=ELLIPSE('',#4346,0.00622848847430498,0.005);
#405=ELLIPSE('',#4348,0.00707106781186548,0.005);
#406=ELLIPSE('',#4349,0.00707106781186548,0.005);
#407=ELLIPSE('',#4351,0.00707106781186547,0.005);
#408=ELLIPSE('',#4352,0.00707106781186547,0.005);
#409=ELLIPSE('',#4354,0.00707106781186548,0.005);
#410=ELLIPSE('',#4356,0.00707106781186548,0.005);
#411=ELLIPSE('',#4358,0.00707106781186546,0.005);
#412=ELLIPSE('',#4359,0.00707106781186546,0.005);
#413=ELLIPSE('',#4361,0.00707106781186547,0.005);
#414=ELLIPSE('',#4362,0.00707106781186546,0.005);
#415=ELLIPSE('',#4364,0.00707106781186553,0.005);
#416=ELLIPSE('',#4365,0.00707106781186553,0.005);
#417=ELLIPSE('',#4367,0.00707106781186546,0.005);
#418=ELLIPSE('',#4368,0.00707106781186546,0.005);
#419=ELLIPSE('',#4370,0.00707106781186548,0.005);
#420=ELLIPSE('',#4371,0.00707106781186548,0.005);
#421=ELLIPSE('',#4373,0.00707106781186548,0.005);
#422=ELLIPSE('',#4375,0.00707106781186546,0.005);
#423=ELLIPSE('',#4376,0.00707106781186546,0.005);
#424=ELLIPSE('',#4378,0.00707106781186546,0.005);
#425=ELLIPSE('',#4379,0.00707106781186546,0.005);
#426=ELLIPSE('',#4381,0.00707106781186546,0.005);
#427=ELLIPSE('',#4382,0.00707106781186546,0.005);
#428=ELLIPSE('',#4384,0.00707106781186546,0.005);
#429=ELLIPSE('',#4385,0.00707106781186546,0.005);
#430=ELLIPSE('',#4387,0.00707106781186548,0.005);
#431=ELLIPSE('',#4389,0.00707106781186548,0.005);
#432=ELLIPSE('',#4390,0.00707106781186548,0.005);
#433=ELLIPSE('',#4392,0.00707106781186546,0.005);
#434=ELLIPSE('',#4393,0.00707106781186546,0.005);
#435=ELLIPSE('',#4395,0.00707106781186546,0.005);
#436=ELLIPSE('',#4396,0.00707106781186546,0.005);
#437=ELLIPSE('',#4398,0.00707106781186547,0.005);
#438=ELLIPSE('',#4399,0.00707106781186546,0.005);
#439=ELLIPSE('',#4401,0.00707106781186553,0.005);
#440=ELLIPSE('',#4402,0.00707106781186553,0.005);
#441=ELLIPSE('',#4417,0.0101032974846131,0.005);
#442=ELLIPSE('',#4420,0.0101032974846131,0.005);
#443=ELLIPSE('',#4422,0.00651255019414781,0.005);
#444=ELLIPSE('',#4423,0.0101032974846131,0.005);
#445=ELLIPSE('',#4426,0.0101032974846131,0.005);
#446=ELLIPSE('',#4427,0.00651255019414781,0.005);
#447=ELLIPSE('',#4430,0.0101032974846131,0.005);
#448=ELLIPSE('',#4433,0.0101032974846131,0.005);
#449=ELLIPSE('',#4448,0.0101032974846131,0.005);
#450=ELLIPSE('',#4449,0.00651255019414781,0.005);
#451=ELLIPSE('',#4452,0.0101032974846131,0.005);
#452=ELLIPSE('',#4455,0.00651255019414781,0.005);
#453=ELLIPSE('',#4456,0.0101032974846131,0.005);
#454=ELLIPSE('',#4460,0.0101032974846131,0.005);
#455=ELLIPSE('',#4462,0.0101032974846131,0.005);
#456=ELLIPSE('',#4465,0.0101032974846131,0.005);
#457=ELLIPSE('',#4484,0.00212132034355965,0.0015);
#458=ELLIPSE('',#4486,0.00212132034355965,0.0015);
#459=ELLIPSE('',#4518,0.00212132034355965,0.0015);
#460=ELLIPSE('',#4521,0.00212132034355965,0.0015);
#461=ORIENTED_EDGE('',*,*,#1683,.T.);
#462=ORIENTED_EDGE('',*,*,#1684,.T.);
#463=ORIENTED_EDGE('',*,*,#1685,.T.);
#464=ORIENTED_EDGE('',*,*,#1686,.T.);
#465=ORIENTED_EDGE('',*,*,#1687,.T.);
#466=ORIENTED_EDGE('',*,*,#1688,.T.);
#467=ORIENTED_EDGE('',*,*,#1689,.T.);
#468=ORIENTED_EDGE('',*,*,#1690,.T.);
#469=ORIENTED_EDGE('',*,*,#1691,.T.);
#470=ORIENTED_EDGE('',*,*,#1692,.T.);
#471=ORIENTED_EDGE('',*,*,#1693,.T.);
#472=ORIENTED_EDGE('',*,*,#1694,.T.);
#473=ORIENTED_EDGE('',*,*,#1695,.T.);
#474=ORIENTED_EDGE('',*,*,#1696,.T.);
#475=ORIENTED_EDGE('',*,*,#1697,.T.);
#476=ORIENTED_EDGE('',*,*,#1698,.T.);
#477=ORIENTED_EDGE('',*,*,#1699,.T.);
#478=ORIENTED_EDGE('',*,*,#1700,.T.);
#479=ORIENTED_EDGE('',*,*,#1701,.T.);
#480=ORIENTED_EDGE('',*,*,#1702,.T.);
#481=ORIENTED_EDGE('',*,*,#1703,.T.);
#482=ORIENTED_EDGE('',*,*,#1704,.T.);
#483=ORIENTED_EDGE('',*,*,#1705,.T.);
#484=ORIENTED_EDGE('',*,*,#1706,.T.);
#485=ORIENTED_EDGE('',*,*,#1707,.T.);
#486=ORIENTED_EDGE('',*,*,#1708,.T.);
#487=ORIENTED_EDGE('',*,*,#1709,.T.);
#488=ORIENTED_EDGE('',*,*,#1710,.T.);
#489=ORIENTED_EDGE('',*,*,#1711,.F.);
#490=ORIENTED_EDGE('',*,*,#1712,.T.);
#491=ORIENTED_EDGE('',*,*,#1713,.T.);
#492=ORIENTED_EDGE('',*,*,#1714,.T.);
#493=ORIENTED_EDGE('',*,*,#1715,.T.);
#494=ORIENTED_EDGE('',*,*,#1716,.F.);
#495=ORIENTED_EDGE('',*,*,#1717,.T.);
#496=ORIENTED_EDGE('',*,*,#1718,.T.);
#497=ORIENTED_EDGE('',*,*,#1719,.T.);
#498=ORIENTED_EDGE('',*,*,#1720,.T.);
#499=ORIENTED_EDGE('',*,*,#1721,.T.);
#500=ORIENTED_EDGE('',*,*,#1722,.F.);
#501=ORIENTED_EDGE('',*,*,#1723,.T.);
#502=ORIENTED_EDGE('',*,*,#1724,.T.);
#503=ORIENTED_EDGE('',*,*,#1725,.T.);
#504=ORIENTED_EDGE('',*,*,#1726,.T.);
#505=ORIENTED_EDGE('',*,*,#1727,.T.);
#506=ORIENTED_EDGE('',*,*,#1728,.T.);
#507=ORIENTED_EDGE('',*,*,#1729,.T.);
#508=ORIENTED_EDGE('',*,*,#1730,.T.);
#509=ORIENTED_EDGE('',*,*,#1731,.F.);
#510=ORIENTED_EDGE('',*,*,#1732,.F.);
#511=ORIENTED_EDGE('',*,*,#1733,.T.);
#512=ORIENTED_EDGE('',*,*,#1734,.F.);
#513=ORIENTED_EDGE('',*,*,#1735,.T.);
#514=ORIENTED_EDGE('',*,*,#1736,.F.);
#515=ORIENTED_EDGE('',*,*,#1737,.F.);
#516=ORIENTED_EDGE('',*,*,#1738,.F.);
#517=ORIENTED_EDGE('',*,*,#1739,.T.);
#518=ORIENTED_EDGE('',*,*,#1740,.F.);
#519=ORIENTED_EDGE('',*,*,#1741,.T.);
#520=ORIENTED_EDGE('',*,*,#1742,.F.);
#521=ORIENTED_EDGE('',*,*,#1743,.T.);
#522=ORIENTED_EDGE('',*,*,#1744,.F.);
#523=ORIENTED_EDGE('',*,*,#1745,.T.);
#524=ORIENTED_EDGE('',*,*,#1746,.F.);
#525=ORIENTED_EDGE('',*,*,#1747,.T.);
#526=ORIENTED_EDGE('',*,*,#1718,.F.);
#527=ORIENTED_EDGE('',*,*,#1748,.T.);
#528=ORIENTED_EDGE('',*,*,#1702,.F.);
#529=ORIENTED_EDGE('',*,*,#1749,.T.);
#530=ORIENTED_EDGE('',*,*,#1750,.F.);
#531=ORIENTED_EDGE('',*,*,#1751,.T.);
#532=ORIENTED_EDGE('',*,*,#1752,.F.);
#533=ORIENTED_EDGE('',*,*,#1753,.F.);
#534=ORIENTED_EDGE('',*,*,#1754,.F.);
#535=ORIENTED_EDGE('',*,*,#1755,.F.);
#536=ORIENTED_EDGE('',*,*,#1756,.T.);
#537=ORIENTED_EDGE('',*,*,#1757,.F.);
#538=ORIENTED_EDGE('',*,*,#1758,.T.);
#539=ORIENTED_EDGE('',*,*,#1759,.F.);
#540=ORIENTED_EDGE('',*,*,#1760,.F.);
#541=ORIENTED_EDGE('',*,*,#1761,.F.);
#542=ORIENTED_EDGE('',*,*,#1762,.T.);
#543=ORIENTED_EDGE('',*,*,#1763,.F.);
#544=ORIENTED_EDGE('',*,*,#1764,.T.);
#545=ORIENTED_EDGE('',*,*,#1765,.F.);
#546=ORIENTED_EDGE('',*,*,#1766,.T.);
#547=ORIENTED_EDGE('',*,*,#1714,.F.);
#548=ORIENTED_EDGE('',*,*,#1767,.T.);
#549=ORIENTED_EDGE('',*,*,#1768,.F.);
#550=ORIENTED_EDGE('',*,*,#1769,.T.);
#551=ORIENTED_EDGE('',*,*,#1706,.F.);
#552=ORIENTED_EDGE('',*,*,#1770,.T.);
#553=ORIENTED_EDGE('',*,*,#1771,.F.);
#554=ORIENTED_EDGE('',*,*,#1772,.T.);
#555=ORIENTED_EDGE('',*,*,#1773,.F.);
#556=ORIENTED_EDGE('',*,*,#1774,.T.);
#557=ORIENTED_EDGE('',*,*,#1775,.T.);
#558=ORIENTED_EDGE('',*,*,#1776,.T.);
#559=ORIENTED_EDGE('',*,*,#1777,.T.);
#560=ORIENTED_EDGE('',*,*,#1778,.T.);
#561=ORIENTED_EDGE('',*,*,#1779,.T.);
#562=ORIENTED_EDGE('',*,*,#1771,.T.);
#563=ORIENTED_EDGE('',*,*,#1780,.T.);
#564=ORIENTED_EDGE('',*,*,#1781,.F.);
#565=ORIENTED_EDGE('',*,*,#1782,.T.);
#566=ORIENTED_EDGE('',*,*,#1752,.T.);
#567=ORIENTED_EDGE('',*,*,#1783,.F.);
#568=ORIENTED_EDGE('',*,*,#1784,.F.);
#569=ORIENTED_EDGE('',*,*,#1781,.T.);
#570=ORIENTED_EDGE('',*,*,#1785,.F.);
#571=ORIENTED_EDGE('',*,*,#1704,.F.);
#572=ORIENTED_EDGE('',*,*,#1786,.F.);
#573=ORIENTED_EDGE('',*,*,#1787,.F.);
#574=ORIENTED_EDGE('',*,*,#1716,.T.);
#575=ORIENTED_EDGE('',*,*,#1788,.F.);
#576=ORIENTED_EDGE('',*,*,#1789,.F.);
#577=ORIENTED_EDGE('',*,*,#1790,.F.);
#578=ORIENTED_EDGE('',*,*,#1791,.F.);
#579=ORIENTED_EDGE('',*,*,#1792,.F.);
#580=ORIENTED_EDGE('',*,*,#1793,.T.);
#581=ORIENTED_EDGE('',*,*,#1794,.F.);
#582=ORIENTED_EDGE('',*,*,#1795,.F.);
#583=ORIENTED_EDGE('',*,*,#1796,.F.);
#584=ORIENTED_EDGE('',*,*,#1797,.F.);
#585=ORIENTED_EDGE('',*,*,#1798,.T.);
#586=ORIENTED_EDGE('',*,*,#1799,.F.);
#587=ORIENTED_EDGE('',*,*,#1800,.T.);
#588=ORIENTED_EDGE('',*,*,#1801,.T.);
#589=ORIENTED_EDGE('',*,*,#1802,.T.);
#590=ORIENTED_EDGE('',*,*,#1803,.F.);
#591=ORIENTED_EDGE('',*,*,#1804,.T.);
#592=ORIENTED_EDGE('',*,*,#1805,.F.);
#593=ORIENTED_EDGE('',*,*,#1806,.T.);
#594=ORIENTED_EDGE('',*,*,#1807,.T.);
#595=ORIENTED_EDGE('',*,*,#1808,.T.);
#596=ORIENTED_EDGE('',*,*,#1809,.T.);
#597=ORIENTED_EDGE('',*,*,#1810,.T.);
#598=ORIENTED_EDGE('',*,*,#1761,.T.);
#599=ORIENTED_EDGE('',*,*,#1811,.F.);
#600=ORIENTED_EDGE('',*,*,#1791,.T.);
#601=ORIENTED_EDGE('',*,*,#1812,.F.);
#602=ORIENTED_EDGE('',*,*,#1742,.T.);
#603=ORIENTED_EDGE('',*,*,#1813,.T.);
#604=ORIENTED_EDGE('',*,*,#1814,.T.);
#605=ORIENTED_EDGE('',*,*,#1815,.T.);
#606=ORIENTED_EDGE('',*,*,#1816,.F.);
#607=ORIENTED_EDGE('',*,*,#1817,.F.);
#608=ORIENTED_EDGE('',*,*,#1818,.T.);
#609=ORIENTED_EDGE('',*,*,#1819,.T.);
#610=ORIENTED_EDGE('',*,*,#1732,.T.);
#611=ORIENTED_EDGE('',*,*,#1820,.F.);
#612=ORIENTED_EDGE('',*,*,#1798,.F.);
#613=ORIENTED_EDGE('',*,*,#1821,.F.);
#614=ORIENTED_EDGE('',*,*,#1753,.T.);
#615=ORIENTED_EDGE('',*,*,#1780,.F.);
#616=ORIENTED_EDGE('',*,*,#1770,.F.);
#617=ORIENTED_EDGE('',*,*,#1705,.F.);
#618=ORIENTED_EDGE('',*,*,#1785,.T.);
#619=ORIENTED_EDGE('',*,*,#1715,.F.);
#620=ORIENTED_EDGE('',*,*,#1766,.F.);
#621=ORIENTED_EDGE('',*,*,#1822,.F.);
#622=ORIENTED_EDGE('',*,*,#1788,.T.);
#623=ORIENTED_EDGE('',*,*,#1737,.T.);
#624=ORIENTED_EDGE('',*,*,#1812,.T.);
#625=ORIENTED_EDGE('',*,*,#1794,.T.);
#626=ORIENTED_EDGE('',*,*,#1823,.T.);
#627=ORIENTED_EDGE('',*,*,#1731,.T.);
#628=ORIENTED_EDGE('',*,*,#1824,.T.);
#629=ORIENTED_EDGE('',*,*,#1799,.T.);
#630=ORIENTED_EDGE('',*,*,#1820,.T.);
#631=ORIENTED_EDGE('',*,*,#1734,.T.);
#632=ORIENTED_EDGE('',*,*,#1825,.T.);
#633=ORIENTED_EDGE('',*,*,#1826,.T.);
#634=ORIENTED_EDGE('',*,*,#1827,.T.);
#635=ORIENTED_EDGE('',*,*,#1740,.T.);
#636=ORIENTED_EDGE('',*,*,#1828,.T.);
#637=ORIENTED_EDGE('',*,*,#1829,.T.);
#638=ORIENTED_EDGE('',*,*,#1830,.T.);
#639=ORIENTED_EDGE('',*,*,#1831,.T.);
#640=ORIENTED_EDGE('',*,*,#1832,.T.);
#641=ORIENTED_EDGE('',*,*,#1833,.T.);
#642=ORIENTED_EDGE('',*,*,#1746,.T.);
#643=ORIENTED_EDGE('',*,*,#1834,.T.);
#644=ORIENTED_EDGE('',*,*,#1835,.T.);
#645=ORIENTED_EDGE('',*,*,#1836,.T.);
#646=ORIENTED_EDGE('',*,*,#1750,.T.);
#647=ORIENTED_EDGE('',*,*,#1837,.T.);
#648=ORIENTED_EDGE('',*,*,#1838,.T.);
#649=ORIENTED_EDGE('',*,*,#1839,.T.);
#650=ORIENTED_EDGE('',*,*,#1840,.T.);
#651=ORIENTED_EDGE('',*,*,#1841,.F.);
#652=ORIENTED_EDGE('',*,*,#1842,.F.);
#653=ORIENTED_EDGE('',*,*,#1843,.T.);
#654=ORIENTED_EDGE('',*,*,#1708,.F.);
#655=ORIENTED_EDGE('',*,*,#1844,.T.);
#656=ORIENTED_EDGE('',*,*,#1845,.T.);
#657=ORIENTED_EDGE('',*,*,#1846,.F.);
#658=ORIENTED_EDGE('',*,*,#1847,.T.);
#659=ORIENTED_EDGE('',*,*,#1848,.T.);
#660=ORIENTED_EDGE('',*,*,#1849,.T.);
#661=ORIENTED_EDGE('',*,*,#1850,.T.);
#662=ORIENTED_EDGE('',*,*,#1851,.T.);
#663=ORIENTED_EDGE('',*,*,#1852,.T.);
#664=ORIENTED_EDGE('',*,*,#1853,.F.);
#665=ORIENTED_EDGE('',*,*,#1854,.T.);
#666=ORIENTED_EDGE('',*,*,#1855,.T.);
#667=ORIENTED_EDGE('',*,*,#1856,.T.);
#668=ORIENTED_EDGE('',*,*,#1857,.T.);
#669=ORIENTED_EDGE('',*,*,#1858,.T.);
#670=ORIENTED_EDGE('',*,*,#1859,.T.);
#671=ORIENTED_EDGE('',*,*,#1860,.F.);
#672=ORIENTED_EDGE('',*,*,#1861,.F.);
#673=ORIENTED_EDGE('',*,*,#1862,.T.);
#674=ORIENTED_EDGE('',*,*,#1863,.T.);
#675=ORIENTED_EDGE('',*,*,#1864,.T.);
#676=ORIENTED_EDGE('',*,*,#1865,.T.);
#677=ORIENTED_EDGE('',*,*,#1866,.F.);
#678=ORIENTED_EDGE('',*,*,#1867,.F.);
#679=ORIENTED_EDGE('',*,*,#1868,.F.);
#680=ORIENTED_EDGE('',*,*,#1869,.F.);
#681=ORIENTED_EDGE('',*,*,#1870,.F.);
#682=ORIENTED_EDGE('',*,*,#1871,.T.);
#683=ORIENTED_EDGE('',*,*,#1872,.T.);
#684=ORIENTED_EDGE('',*,*,#1873,.F.);
#685=ORIENTED_EDGE('',*,*,#1874,.F.);
#686=ORIENTED_EDGE('',*,*,#1875,.T.);
#687=ORIENTED_EDGE('',*,*,#1876,.F.);
#688=ORIENTED_EDGE('',*,*,#1877,.T.);
#689=ORIENTED_EDGE('',*,*,#1878,.F.);
#690=ORIENTED_EDGE('',*,*,#1879,.T.);
#691=ORIENTED_EDGE('',*,*,#1880,.F.);
#692=ORIENTED_EDGE('',*,*,#1881,.T.);
#693=ORIENTED_EDGE('',*,*,#1882,.F.);
#694=ORIENTED_EDGE('',*,*,#1883,.T.);
#695=ORIENTED_EDGE('',*,*,#1884,.F.);
#696=ORIENTED_EDGE('',*,*,#1885,.T.);
#697=ORIENTED_EDGE('',*,*,#1886,.T.);
#698=ORIENTED_EDGE('',*,*,#1876,.T.);
#699=ORIENTED_EDGE('',*,*,#1887,.T.);
#700=ORIENTED_EDGE('',*,*,#1882,.T.);
#701=ORIENTED_EDGE('',*,*,#1888,.T.);
#702=ORIENTED_EDGE('',*,*,#1889,.T.);
#703=ORIENTED_EDGE('',*,*,#1890,.T.);
#704=ORIENTED_EDGE('',*,*,#1891,.T.);
#705=ORIENTED_EDGE('',*,*,#1892,.T.);
#706=ORIENTED_EDGE('',*,*,#1893,.T.);
#707=ORIENTED_EDGE('',*,*,#1894,.T.);
#708=ORIENTED_EDGE('',*,*,#1895,.T.);
#709=ORIENTED_EDGE('',*,*,#1850,.F.);
#710=ORIENTED_EDGE('',*,*,#1896,.T.);
#711=ORIENTED_EDGE('',*,*,#1897,.F.);
#712=ORIENTED_EDGE('',*,*,#1898,.T.);
#713=ORIENTED_EDGE('',*,*,#1899,.F.);
#714=ORIENTED_EDGE('',*,*,#1900,.T.);
#715=ORIENTED_EDGE('',*,*,#1885,.F.);
#716=ORIENTED_EDGE('',*,*,#1901,.T.);
#717=ORIENTED_EDGE('',*,*,#1902,.F.);
#718=ORIENTED_EDGE('',*,*,#1903,.F.);
#719=ORIENTED_EDGE('',*,*,#1904,.T.);
#720=ORIENTED_EDGE('',*,*,#1905,.F.);
#721=ORIENTED_EDGE('',*,*,#1906,.T.);
#722=ORIENTED_EDGE('',*,*,#1907,.F.);
#723=ORIENTED_EDGE('',*,*,#1908,.T.);
#724=ORIENTED_EDGE('',*,*,#1909,.T.);
#725=ORIENTED_EDGE('',*,*,#1910,.T.);
#726=ORIENTED_EDGE('',*,*,#1911,.T.);
#727=ORIENTED_EDGE('',*,*,#1905,.T.);
#728=ORIENTED_EDGE('',*,*,#1912,.T.);
#729=ORIENTED_EDGE('',*,*,#1913,.T.);
#730=ORIENTED_EDGE('',*,*,#1914,.T.);
#731=ORIENTED_EDGE('',*,*,#1859,.F.);
#732=ORIENTED_EDGE('',*,*,#1915,.T.);
#733=ORIENTED_EDGE('',*,*,#1916,.T.);
#734=ORIENTED_EDGE('',*,*,#1917,.T.);
#735=ORIENTED_EDGE('',*,*,#1918,.T.);
#736=ORIENTED_EDGE('',*,*,#1919,.T.);
#737=ORIENTED_EDGE('',*,*,#1920,.F.);
#738=ORIENTED_EDGE('',*,*,#1921,.T.);
#739=ORIENTED_EDGE('',*,*,#1922,.T.);
#740=ORIENTED_EDGE('',*,*,#1923,.T.);
#741=ORIENTED_EDGE('',*,*,#1891,.F.);
#742=ORIENTED_EDGE('',*,*,#1924,.T.);
#743=ORIENTED_EDGE('',*,*,#1925,.T.);
#744=ORIENTED_EDGE('',*,*,#1926,.F.);
#745=ORIENTED_EDGE('',*,*,#1927,.F.);
#746=ORIENTED_EDGE('',*,*,#1928,.T.);
#747=ORIENTED_EDGE('',*,*,#1929,.T.);
#748=ORIENTED_EDGE('',*,*,#1880,.T.);
#749=ORIENTED_EDGE('',*,*,#1930,.T.);
#750=ORIENTED_EDGE('',*,*,#1931,.T.);
#751=ORIENTED_EDGE('',*,*,#1932,.T.);
#752=ORIENTED_EDGE('',*,*,#1903,.T.);
#753=ORIENTED_EDGE('',*,*,#1933,.T.);
#754=ORIENTED_EDGE('',*,*,#1934,.T.);
#755=ORIENTED_EDGE('',*,*,#1935,.T.);
#756=ORIENTED_EDGE('',*,*,#1936,.T.);
#757=ORIENTED_EDGE('',*,*,#1937,.T.);
#758=ORIENTED_EDGE('',*,*,#1938,.F.);
#759=ORIENTED_EDGE('',*,*,#1939,.F.);
#760=ORIENTED_EDGE('',*,*,#1940,.T.);
#761=ORIENTED_EDGE('',*,*,#1941,.T.);
#762=ORIENTED_EDGE('',*,*,#1942,.T.);
#763=ORIENTED_EDGE('',*,*,#1943,.T.);
#764=ORIENTED_EDGE('',*,*,#1897,.T.);
#765=ORIENTED_EDGE('',*,*,#1944,.T.);
#766=ORIENTED_EDGE('',*,*,#1874,.T.);
#767=ORIENTED_EDGE('',*,*,#1945,.T.);
#768=ORIENTED_EDGE('',*,*,#1946,.T.);
#769=ORIENTED_EDGE('',*,*,#1947,.T.);
#770=ORIENTED_EDGE('',*,*,#1948,.T.);
#771=ORIENTED_EDGE('',*,*,#1949,.T.);
#772=ORIENTED_EDGE('',*,*,#1950,.T.);
#773=ORIENTED_EDGE('',*,*,#1951,.T.);
#774=ORIENTED_EDGE('',*,*,#1855,.F.);
#775=ORIENTED_EDGE('',*,*,#1857,.F.);
#776=ORIENTED_EDGE('',*,*,#1952,.T.);
#777=ORIENTED_EDGE('',*,*,#1953,.T.);
#778=ORIENTED_EDGE('',*,*,#1954,.T.);
#779=ORIENTED_EDGE('',*,*,#1955,.F.);
#780=ORIENTED_EDGE('',*,*,#1956,.T.);
#781=ORIENTED_EDGE('',*,*,#1957,.T.);
#782=ORIENTED_EDGE('',*,*,#1958,.T.);
#783=ORIENTED_EDGE('',*,*,#1959,.T.);
#784=ORIENTED_EDGE('',*,*,#1960,.T.);
#785=ORIENTED_EDGE('',*,*,#1961,.T.);
#786=ORIENTED_EDGE('',*,*,#1955,.T.);
#787=ORIENTED_EDGE('',*,*,#1962,.T.);
#788=ORIENTED_EDGE('',*,*,#1963,.T.);
#789=ORIENTED_EDGE('',*,*,#1964,.T.);
#790=ORIENTED_EDGE('',*,*,#1965,.T.);
#791=ORIENTED_EDGE('',*,*,#1966,.T.);
#792=ORIENTED_EDGE('',*,*,#1967,.T.);
#793=ORIENTED_EDGE('',*,*,#1968,.T.);
#794=ORIENTED_EDGE('',*,*,#1969,.T.);
#795=ORIENTED_EDGE('',*,*,#1970,.T.);
#796=ORIENTED_EDGE('',*,*,#1971,.T.);
#797=ORIENTED_EDGE('',*,*,#1972,.T.);
#798=ORIENTED_EDGE('',*,*,#1973,.T.);
#799=ORIENTED_EDGE('',*,*,#1974,.T.);
#800=ORIENTED_EDGE('',*,*,#1729,.F.);
#801=ORIENTED_EDGE('',*,*,#1975,.T.);
#802=ORIENTED_EDGE('',*,*,#1976,.T.);
#803=ORIENTED_EDGE('',*,*,#1977,.T.);
#804=ORIENTED_EDGE('',*,*,#1978,.T.);
#805=ORIENTED_EDGE('',*,*,#1927,.T.);
#806=ORIENTED_EDGE('',*,*,#1979,.F.);
#807=ORIENTED_EDGE('',*,*,#1852,.F.);
#808=ORIENTED_EDGE('',*,*,#1980,.T.);
#809=ORIENTED_EDGE('',*,*,#1981,.T.);
#810=ORIENTED_EDGE('',*,*,#1884,.T.);
#811=ORIENTED_EDGE('',*,*,#1982,.T.);
#812=ORIENTED_EDGE('',*,*,#1983,.T.);
#813=ORIENTED_EDGE('',*,*,#1984,.T.);
#814=ORIENTED_EDGE('',*,*,#1985,.T.);
#815=ORIENTED_EDGE('',*,*,#1986,.T.);
#816=ORIENTED_EDGE('',*,*,#1987,.T.);
#817=ORIENTED_EDGE('',*,*,#1988,.T.);
#818=ORIENTED_EDGE('',*,*,#1907,.T.);
#819=ORIENTED_EDGE('',*,*,#1989,.T.);
#820=ORIENTED_EDGE('',*,*,#1990,.T.);
#821=ORIENTED_EDGE('',*,*,#1991,.T.);
#822=ORIENTED_EDGE('',*,*,#1992,.T.);
#823=ORIENTED_EDGE('',*,*,#1993,.T.);
#824=ORIENTED_EDGE('',*,*,#1994,.T.);
#825=ORIENTED_EDGE('',*,*,#1995,.T.);
#826=ORIENTED_EDGE('',*,*,#1996,.T.);
#827=ORIENTED_EDGE('',*,*,#1997,.T.);
#828=ORIENTED_EDGE('',*,*,#1998,.T.);
#829=ORIENTED_EDGE('',*,*,#1999,.T.);
#830=ORIENTED_EDGE('',*,*,#2000,.T.);
#831=ORIENTED_EDGE('',*,*,#2001,.T.);
#832=ORIENTED_EDGE('',*,*,#2002,.T.);
#833=ORIENTED_EDGE('',*,*,#2003,.T.);
#834=ORIENTED_EDGE('',*,*,#1878,.T.);
#835=ORIENTED_EDGE('',*,*,#2004,.T.);
#836=ORIENTED_EDGE('',*,*,#1899,.T.);
#837=ORIENTED_EDGE('',*,*,#2005,.F.);
#838=ORIENTED_EDGE('',*,*,#2006,.T.);
#839=ORIENTED_EDGE('',*,*,#2007,.T.);
#840=ORIENTED_EDGE('',*,*,#2008,.T.);
#841=ORIENTED_EDGE('',*,*,#2009,.T.);
#842=ORIENTED_EDGE('',*,*,#1773,.T.);
#843=ORIENTED_EDGE('',*,*,#2010,.T.);
#844=ORIENTED_EDGE('',*,*,#2011,.T.);
#845=ORIENTED_EDGE('',*,*,#2012,.T.);
#846=ORIENTED_EDGE('',*,*,#2013,.F.);
#847=ORIENTED_EDGE('',*,*,#1840,.F.);
#848=ORIENTED_EDGE('',*,*,#2014,.T.);
#849=ORIENTED_EDGE('',*,*,#1846,.T.);
#850=ORIENTED_EDGE('',*,*,#2015,.T.);
#851=ORIENTED_EDGE('',*,*,#2016,.T.);
#852=ORIENTED_EDGE('',*,*,#2017,.T.);
#853=ORIENTED_EDGE('',*,*,#2018,.T.);
#854=ORIENTED_EDGE('',*,*,#2019,.T.);
#855=ORIENTED_EDGE('',*,*,#2020,.T.);
#856=ORIENTED_EDGE('',*,*,#2021,.T.);
#857=ORIENTED_EDGE('',*,*,#2022,.T.);
#858=ORIENTED_EDGE('',*,*,#1768,.T.);
#859=ORIENTED_EDGE('',*,*,#2023,.T.);
#860=ORIENTED_EDGE('',*,*,#2024,.T.);
#861=ORIENTED_EDGE('',*,*,#2025,.T.);
#862=ORIENTED_EDGE('',*,*,#2026,.T.);
#863=ORIENTED_EDGE('',*,*,#2027,.T.);
#864=ORIENTED_EDGE('',*,*,#2028,.T.);
#865=ORIENTED_EDGE('',*,*,#1744,.T.);
#866=ORIENTED_EDGE('',*,*,#2029,.T.);
#867=ORIENTED_EDGE('',*,*,#1789,.T.);
#868=ORIENTED_EDGE('',*,*,#1822,.T.);
#869=ORIENTED_EDGE('',*,*,#1765,.T.);
#870=ORIENTED_EDGE('',*,*,#2030,.T.);
#871=ORIENTED_EDGE('',*,*,#2031,.T.);
#872=ORIENTED_EDGE('',*,*,#2032,.T.);
#873=ORIENTED_EDGE('',*,*,#2033,.T.);
#874=ORIENTED_EDGE('',*,*,#2034,.T.);
#875=ORIENTED_EDGE('',*,*,#2035,.T.);
#876=ORIENTED_EDGE('',*,*,#2036,.T.);
#877=ORIENTED_EDGE('',*,*,#2037,.T.);
#878=ORIENTED_EDGE('',*,*,#2038,.T.);
#879=ORIENTED_EDGE('',*,*,#2039,.F.);
#880=ORIENTED_EDGE('',*,*,#2040,.T.);
#881=ORIENTED_EDGE('',*,*,#2041,.T.);
#882=ORIENTED_EDGE('',*,*,#2042,.T.);
#883=ORIENTED_EDGE('',*,*,#2043,.T.);
#884=ORIENTED_EDGE('',*,*,#2044,.T.);
#885=ORIENTED_EDGE('',*,*,#2045,.T.);
#886=ORIENTED_EDGE('',*,*,#2046,.T.);
#887=ORIENTED_EDGE('',*,*,#2047,.T.);
#888=ORIENTED_EDGE('',*,*,#2048,.T.);
#889=ORIENTED_EDGE('',*,*,#2049,.T.);
#890=ORIENTED_EDGE('',*,*,#2050,.T.);
#891=ORIENTED_EDGE('',*,*,#2051,.T.);
#892=ORIENTED_EDGE('',*,*,#2052,.T.);
#893=ORIENTED_EDGE('',*,*,#2053,.T.);
#894=ORIENTED_EDGE('',*,*,#1755,.T.);
#895=ORIENTED_EDGE('',*,*,#2054,.F.);
#896=ORIENTED_EDGE('',*,*,#1796,.T.);
#897=ORIENTED_EDGE('',*,*,#1824,.F.);
#898=ORIENTED_EDGE('',*,*,#1736,.T.);
#899=ORIENTED_EDGE('',*,*,#2055,.T.);
#900=ORIENTED_EDGE('',*,*,#2056,.T.);
#901=ORIENTED_EDGE('',*,*,#2057,.T.);
#902=ORIENTED_EDGE('',*,*,#2058,.T.);
#903=ORIENTED_EDGE('',*,*,#2059,.T.);
#904=ORIENTED_EDGE('',*,*,#2060,.T.);
#905=ORIENTED_EDGE('',*,*,#2061,.T.);
#906=ORIENTED_EDGE('',*,*,#2062,.T.);
#907=ORIENTED_EDGE('',*,*,#2063,.T.);
#908=ORIENTED_EDGE('',*,*,#2064,.T.);
#909=ORIENTED_EDGE('',*,*,#2065,.T.);
#910=ORIENTED_EDGE('',*,*,#2066,.T.);
#911=ORIENTED_EDGE('',*,*,#2067,.F.);
#912=ORIENTED_EDGE('',*,*,#1872,.F.);
#913=ORIENTED_EDGE('',*,*,#2068,.T.);
#914=ORIENTED_EDGE('',*,*,#2069,.T.);
#915=ORIENTED_EDGE('',*,*,#2070,.T.);
#916=ORIENTED_EDGE('',*,*,#2071,.T.);
#917=ORIENTED_EDGE('',*,*,#2072,.T.);
#918=ORIENTED_EDGE('',*,*,#2073,.T.);
#919=ORIENTED_EDGE('',*,*,#2074,.T.);
#920=ORIENTED_EDGE('',*,*,#2075,.T.);
#921=ORIENTED_EDGE('',*,*,#2076,.T.);
#922=ORIENTED_EDGE('',*,*,#2077,.T.);
#923=ORIENTED_EDGE('',*,*,#1738,.T.);
#924=ORIENTED_EDGE('',*,*,#1823,.F.);
#925=ORIENTED_EDGE('',*,*,#1793,.F.);
#926=ORIENTED_EDGE('',*,*,#2078,.F.);
#927=ORIENTED_EDGE('',*,*,#1759,.T.);
#928=ORIENTED_EDGE('',*,*,#2079,.T.);
#929=ORIENTED_EDGE('',*,*,#2080,.T.);
#930=ORIENTED_EDGE('',*,*,#2081,.T.);
#931=ORIENTED_EDGE('',*,*,#1763,.T.);
#932=ORIENTED_EDGE('',*,*,#2082,.T.);
#933=ORIENTED_EDGE('',*,*,#2083,.T.);
#934=ORIENTED_EDGE('',*,*,#2084,.T.);
#935=ORIENTED_EDGE('',*,*,#1757,.T.);
#936=ORIENTED_EDGE('',*,*,#2039,.T.);
#937=ORIENTED_EDGE('',*,*,#2085,.T.);
#938=ORIENTED_EDGE('',*,*,#1851,.F.);
#939=ORIENTED_EDGE('',*,*,#2086,.T.);
#940=ORIENTED_EDGE('',*,*,#1842,.T.);
#941=ORIENTED_EDGE('',*,*,#1868,.T.);
#942=ORIENTED_EDGE('',*,*,#1937,.F.);
#943=ORIENTED_EDGE('',*,*,#2087,.T.);
#944=ORIENTED_EDGE('',*,*,#1946,.F.);
#945=ORIENTED_EDGE('',*,*,#1862,.F.);
#946=ORIENTED_EDGE('',*,*,#2088,.T.);
#947=ORIENTED_EDGE('',*,*,#1920,.T.);
#948=ORIENTED_EDGE('',*,*,#2089,.T.);
#949=ORIENTED_EDGE('',*,*,#1939,.T.);
#950=ORIENTED_EDGE('',*,*,#2090,.F.);
#951=ORIENTED_EDGE('',*,*,#1860,.T.);
#952=ORIENTED_EDGE('',*,*,#1861,.T.);
#953=ORIENTED_EDGE('',*,*,#2090,.T.);
#954=ORIENTED_EDGE('',*,*,#1938,.T.);
#955=ORIENTED_EDGE('',*,*,#2088,.F.);
#956=ORIENTED_EDGE('',*,*,#2091,.T.);
#957=ORIENTED_EDGE('',*,*,#2092,.T.);
#958=ORIENTED_EDGE('',*,*,#1988,.F.);
#959=ORIENTED_EDGE('',*,*,#2093,.T.);
#960=ORIENTED_EDGE('',*,*,#1933,.F.);
#961=ORIENTED_EDGE('',*,*,#1902,.T.);
#962=ORIENTED_EDGE('',*,*,#2094,.T.);
#963=ORIENTED_EDGE('',*,*,#2095,.F.);
#964=ORIENTED_EDGE('',*,*,#2005,.T.);
#965=ORIENTED_EDGE('',*,*,#1898,.F.);
#966=ORIENTED_EDGE('',*,*,#1943,.F.);
#967=ORIENTED_EDGE('',*,*,#2096,.T.);
#968=ORIENTED_EDGE('',*,*,#1934,.F.);
#969=ORIENTED_EDGE('',*,*,#2093,.F.);
#970=ORIENTED_EDGE('',*,*,#1987,.F.);
#971=ORIENTED_EDGE('',*,*,#2097,.T.);
#972=ORIENTED_EDGE('',*,*,#1994,.F.);
#973=ORIENTED_EDGE('',*,*,#2098,.T.);
#974=ORIENTED_EDGE('',*,*,#2006,.F.);
#975=ORIENTED_EDGE('',*,*,#2095,.T.);
#976=ORIENTED_EDGE('',*,*,#1942,.F.);
#977=ORIENTED_EDGE('',*,*,#2099,.T.);
#978=ORIENTED_EDGE('',*,*,#1910,.F.);
#979=ORIENTED_EDGE('',*,*,#2100,.T.);
#980=ORIENTED_EDGE('',*,*,#1854,.F.);
#981=ORIENTED_EDGE('',*,*,#2091,.F.);
#982=ORIENTED_EDGE('',*,*,#2094,.F.);
#983=ORIENTED_EDGE('',*,*,#2092,.F.);
#984=ORIENTED_EDGE('',*,*,#2101,.T.);
#985=ORIENTED_EDGE('',*,*,#2096,.F.);
#986=ORIENTED_EDGE('',*,*,#2102,.T.);
#987=ORIENTED_EDGE('',*,*,#1925,.F.);
#988=ORIENTED_EDGE('',*,*,#2103,.F.);
#989=ORIENTED_EDGE('',*,*,#1848,.F.);
#990=ORIENTED_EDGE('',*,*,#1853,.T.);
#991=ORIENTED_EDGE('',*,*,#1979,.T.);
#992=ORIENTED_EDGE('',*,*,#1926,.T.);
#993=ORIENTED_EDGE('',*,*,#2102,.F.);
#994=ORIENTED_EDGE('',*,*,#2103,.T.);
#995=ORIENTED_EDGE('',*,*,#1924,.F.);
#996=ORIENTED_EDGE('',*,*,#1896,.F.);
#997=ORIENTED_EDGE('',*,*,#1849,.F.);
#998=ORIENTED_EDGE('',*,*,#2104,.T.);
#999=ORIENTED_EDGE('',*,*,#1864,.F.);
#1000=ORIENTED_EDGE('',*,*,#2105,.T.);
#1001=ORIENTED_EDGE('',*,*,#1991,.F.);
#1002=ORIENTED_EDGE('',*,*,#2106,.F.);
#1003=ORIENTED_EDGE('',*,*,#1930,.F.);
#1004=ORIENTED_EDGE('',*,*,#1879,.F.);
#1005=ORIENTED_EDGE('',*,*,#2003,.F.);
#1006=ORIENTED_EDGE('',*,*,#2107,.T.);
#1007=ORIENTED_EDGE('',*,*,#1945,.F.);
#1008=ORIENTED_EDGE('',*,*,#1873,.T.);
#1009=ORIENTED_EDGE('',*,*,#2108,.T.);
#1010=ORIENTED_EDGE('',*,*,#1931,.F.);
#1011=ORIENTED_EDGE('',*,*,#2106,.T.);
#1012=ORIENTED_EDGE('',*,*,#1990,.F.);
#1013=ORIENTED_EDGE('',*,*,#2109,.T.);
#1014=ORIENTED_EDGE('',*,*,#1913,.F.);
#1015=ORIENTED_EDGE('',*,*,#2110,.T.);
#1016=ORIENTED_EDGE('',*,*,#1921,.F.);
#1017=ORIENTED_EDGE('',*,*,#2107,.F.);
#1018=ORIENTED_EDGE('',*,*,#2002,.F.);
#1019=ORIENTED_EDGE('',*,*,#2111,.T.);
#1020=ORIENTED_EDGE('',*,*,#1996,.F.);
#1021=ORIENTED_EDGE('',*,*,#2112,.T.);
#1022=ORIENTED_EDGE('',*,*,#2108,.F.);
#1023=ORIENTED_EDGE('',*,*,#2113,.T.);
#1024=ORIENTED_EDGE('',*,*,#2067,.T.);
#1025=ORIENTED_EDGE('',*,*,#2114,.T.);
#1026=ORIENTED_EDGE('',*,*,#1817,.T.);
#1027=ORIENTED_EDGE('',*,*,#2115,.F.);
#1028=ORIENTED_EDGE('',*,*,#1869,.T.);
#1029=ORIENTED_EDGE('',*,*,#1870,.T.);
#1030=ORIENTED_EDGE('',*,*,#2115,.T.);
#1031=ORIENTED_EDGE('',*,*,#1816,.T.);
#1032=ORIENTED_EDGE('',*,*,#2116,.F.);
#1033=ORIENTED_EDGE('',*,*,#1815,.F.);
#1034=ORIENTED_EDGE('',*,*,#2117,.T.);
#1035=ORIENTED_EDGE('',*,*,#2057,.F.);
#1036=ORIENTED_EDGE('',*,*,#1871,.F.);
#1037=ORIENTED_EDGE('',*,*,#2116,.T.);
#1038=ORIENTED_EDGE('',*,*,#1795,.T.);
#1039=ORIENTED_EDGE('',*,*,#1867,.T.);
#1040=ORIENTED_EDGE('',*,*,#1797,.T.);
#1041=ORIENTED_EDGE('',*,*,#2054,.T.);
#1042=ORIENTED_EDGE('',*,*,#1754,.T.);
#1043=ORIENTED_EDGE('',*,*,#1821,.T.);
#1044=ORIENTED_EDGE('',*,*,#1998,.F.);
#1045=ORIENTED_EDGE('',*,*,#2118,.T.);
#1046=ORIENTED_EDGE('',*,*,#2119,.F.);
#1047=ORIENTED_EDGE('',*,*,#1892,.F.);
#1048=ORIENTED_EDGE('',*,*,#1923,.F.);
#1049=ORIENTED_EDGE('',*,*,#2120,.T.);
#1050=ORIENTED_EDGE('',*,*,#2121,.F.);
#1051=ORIENTED_EDGE('',*,*,#2122,.T.);
#1052=ORIENTED_EDGE('',*,*,#1689,.F.);
#1053=ORIENTED_EDGE('',*,*,#2123,.T.);
#1054=ORIENTED_EDGE('',*,*,#2032,.F.);
#1055=ORIENTED_EDGE('',*,*,#2124,.T.);
#1056=ORIENTED_EDGE('',*,*,#1894,.F.);
#1057=ORIENTED_EDGE('',*,*,#2119,.T.);
#1058=ORIENTED_EDGE('',*,*,#2125,.T.);
#1059=ORIENTED_EDGE('',*,*,#2000,.F.);
#1060=ORIENTED_EDGE('',*,*,#2126,.T.);
#1061=ORIENTED_EDGE('',*,*,#2121,.T.);
#1062=ORIENTED_EDGE('',*,*,#1893,.F.);
#1063=ORIENTED_EDGE('',*,*,#1695,.F.);
#1064=ORIENTED_EDGE('',*,*,#2127,.T.);
#1065=ORIENTED_EDGE('',*,*,#2128,.F.);
#1066=ORIENTED_EDGE('',*,*,#1981,.F.);
#1067=ORIENTED_EDGE('',*,*,#2129,.T.);
#1068=ORIENTED_EDGE('',*,*,#2043,.F.);
#1069=ORIENTED_EDGE('',*,*,#2130,.T.);
#1070=ORIENTED_EDGE('',*,*,#1983,.F.);
#1071=ORIENTED_EDGE('',*,*,#2131,.T.);
#1072=ORIENTED_EDGE('',*,*,#2132,.F.);
#1073=ORIENTED_EDGE('',*,*,#1977,.F.);
#1074=ORIENTED_EDGE('',*,*,#2128,.T.);
#1075=ORIENTED_EDGE('',*,*,#2133,.T.);
#1076=ORIENTED_EDGE('',*,*,#1889,.F.);
#1077=ORIENTED_EDGE('',*,*,#2134,.T.);
#1078=ORIENTED_EDGE('',*,*,#1928,.F.);
#1079=ORIENTED_EDGE('',*,*,#1978,.F.);
#1080=ORIENTED_EDGE('',*,*,#2132,.T.);
#1081=ORIENTED_EDGE('',*,*,#2135,.T.);
#1082=ORIENTED_EDGE('',*,*,#2136,.F.);
#1083=ORIENTED_EDGE('',*,*,#2137,.T.);
#1084=ORIENTED_EDGE('',*,*,#1940,.F.);
#1085=ORIENTED_EDGE('',*,*,#2089,.F.);
#1086=ORIENTED_EDGE('',*,*,#1919,.F.);
#1087=ORIENTED_EDGE('',*,*,#2138,.F.);
#1088=ORIENTED_EDGE('',*,*,#2139,.T.);
#1089=ORIENTED_EDGE('',*,*,#1908,.F.);
#1090=ORIENTED_EDGE('',*,*,#2140,.T.);
#1091=ORIENTED_EDGE('',*,*,#2136,.T.);
#1092=ORIENTED_EDGE('',*,*,#1918,.F.);
#1093=ORIENTED_EDGE('',*,*,#2008,.F.);
#1094=ORIENTED_EDGE('',*,*,#2141,.T.);
#1095=ORIENTED_EDGE('',*,*,#2138,.T.);
#1096=ORIENTED_EDGE('',*,*,#1917,.F.);
#1097=ORIENTED_EDGE('',*,*,#2142,.F.);
#1098=ORIENTED_EDGE('',*,*,#2143,.T.);
#1099=ORIENTED_EDGE('',*,*,#1683,.F.);
#1100=ORIENTED_EDGE('',*,*,#2144,.T.);
#1101=ORIENTED_EDGE('',*,*,#2142,.T.);
#1102=ORIENTED_EDGE('',*,*,#1916,.F.);
#1103=ORIENTED_EDGE('',*,*,#2145,.T.);
#1104=ORIENTED_EDGE('',*,*,#2070,.F.);
#1105=ORIENTED_EDGE('',*,*,#2146,.T.);
#1106=ORIENTED_EDGE('',*,*,#2147,.F.);
#1107=ORIENTED_EDGE('',*,*,#2148,.T.);
#1108=ORIENTED_EDGE('',*,*,#1693,.F.);
#1109=ORIENTED_EDGE('',*,*,#2149,.T.);
#1110=ORIENTED_EDGE('',*,*,#2046,.F.);
#1111=ORIENTED_EDGE('',*,*,#2150,.T.);
#1112=ORIENTED_EDGE('',*,*,#1950,.F.);
#1113=ORIENTED_EDGE('',*,*,#2151,.F.);
#1114=ORIENTED_EDGE('',*,*,#2152,.T.);
#1115=ORIENTED_EDGE('',*,*,#1985,.F.);
#1116=ORIENTED_EDGE('',*,*,#2153,.T.);
#1117=ORIENTED_EDGE('',*,*,#2147,.T.);
#1118=ORIENTED_EDGE('',*,*,#1949,.F.);
#1119=ORIENTED_EDGE('',*,*,#2154,.F.);
#1120=ORIENTED_EDGE('',*,*,#2155,.T.);
#1121=ORIENTED_EDGE('',*,*,#1992,.F.);
#1122=ORIENTED_EDGE('',*,*,#2156,.T.);
#1123=ORIENTED_EDGE('',*,*,#2151,.T.);
#1124=ORIENTED_EDGE('',*,*,#1948,.F.);
#1125=ORIENTED_EDGE('',*,*,#1936,.F.);
#1126=ORIENTED_EDGE('',*,*,#2157,.T.);
#1127=ORIENTED_EDGE('',*,*,#2154,.T.);
#1128=ORIENTED_EDGE('',*,*,#1947,.F.);
#1129=ORIENTED_EDGE('',*,*,#2087,.F.);
#1130=ORIENTED_EDGE('',*,*,#1814,.F.);
#1131=ORIENTED_EDGE('',*,*,#2158,.T.);
#1132=ORIENTED_EDGE('',*,*,#2159,.F.);
#1133=ORIENTED_EDGE('',*,*,#2058,.F.);
#1134=ORIENTED_EDGE('',*,*,#2117,.F.);
#1135=ORIENTED_EDGE('',*,*,#1829,.F.);
#1136=ORIENTED_EDGE('',*,*,#2160,.T.);
#1137=ORIENTED_EDGE('',*,*,#2161,.F.);
#1138=ORIENTED_EDGE('',*,*,#2059,.F.);
#1139=ORIENTED_EDGE('',*,*,#2159,.T.);
#1140=ORIENTED_EDGE('',*,*,#2162,.T.);
#1141=ORIENTED_EDGE('',*,*,#2161,.T.);
#1142=ORIENTED_EDGE('',*,*,#2163,.T.);
#1143=ORIENTED_EDGE('',*,*,#2076,.F.);
#1144=ORIENTED_EDGE('',*,*,#2164,.T.);
#1145=ORIENTED_EDGE('',*,*,#2165,.F.);
#1146=ORIENTED_EDGE('',*,*,#2060,.F.);
#1147=ORIENTED_EDGE('',*,*,#2072,.F.);
#1148=ORIENTED_EDGE('',*,*,#2166,.T.);
#1149=ORIENTED_EDGE('',*,*,#2167,.F.);
#1150=ORIENTED_EDGE('',*,*,#2061,.F.);
#1151=ORIENTED_EDGE('',*,*,#2165,.T.);
#1152=ORIENTED_EDGE('',*,*,#2168,.T.);
#1153=ORIENTED_EDGE('',*,*,#1953,.F.);
#1154=ORIENTED_EDGE('',*,*,#2169,.T.);
#1155=ORIENTED_EDGE('',*,*,#2170,.F.);
#1156=ORIENTED_EDGE('',*,*,#2062,.F.);
#1157=ORIENTED_EDGE('',*,*,#2167,.T.);
#1158=ORIENTED_EDGE('',*,*,#2171,.T.);
#1159=ORIENTED_EDGE('',*,*,#2049,.F.);
#1160=ORIENTED_EDGE('',*,*,#2172,.T.);
#1161=ORIENTED_EDGE('',*,*,#2173,.F.);
#1162=ORIENTED_EDGE('',*,*,#2063,.F.);
#1163=ORIENTED_EDGE('',*,*,#2170,.T.);
#1164=ORIENTED_EDGE('',*,*,#2174,.T.);
#1165=ORIENTED_EDGE('',*,*,#2175,.F.);
#1166=ORIENTED_EDGE('',*,*,#2176,.T.);
#1167=ORIENTED_EDGE('',*,*,#1818,.F.);
#1168=ORIENTED_EDGE('',*,*,#2114,.F.);
#1169=ORIENTED_EDGE('',*,*,#2066,.F.);
#1170=ORIENTED_EDGE('',*,*,#2056,.F.);
#1171=ORIENTED_EDGE('',*,*,#2177,.T.);
#1172=ORIENTED_EDGE('',*,*,#2178,.F.);
#1173=ORIENTED_EDGE('',*,*,#2064,.F.);
#1174=ORIENTED_EDGE('',*,*,#2173,.T.);
#1175=ORIENTED_EDGE('',*,*,#2179,.T.);
#1176=ORIENTED_EDGE('',*,*,#1826,.F.);
#1177=ORIENTED_EDGE('',*,*,#2180,.T.);
#1178=ORIENTED_EDGE('',*,*,#2175,.T.);
#1179=ORIENTED_EDGE('',*,*,#2065,.F.);
#1180=ORIENTED_EDGE('',*,*,#2178,.T.);
#1181=ORIENTED_EDGE('',*,*,#2181,.T.);
#1182=ORIENTED_EDGE('',*,*,#2011,.F.);
#1183=ORIENTED_EDGE('',*,*,#2182,.T.);
#1184=ORIENTED_EDGE('',*,*,#2183,.F.);
#1185=ORIENTED_EDGE('',*,*,#2015,.F.);
#1186=ORIENTED_EDGE('',*,*,#1845,.F.);
#1187=ORIENTED_EDGE('',*,*,#2184,.T.);
#1188=ORIENTED_EDGE('',*,*,#2183,.T.);
#1189=ORIENTED_EDGE('',*,*,#2185,.T.);
#1190=ORIENTED_EDGE('',*,*,#1778,.F.);
#1191=ORIENTED_EDGE('',*,*,#2186,.T.);
#1192=ORIENTED_EDGE('',*,*,#2187,.F.);
#1193=ORIENTED_EDGE('',*,*,#2016,.F.);
#1194=ORIENTED_EDGE('',*,*,#2188,.F.);
#1195=ORIENTED_EDGE('',*,*,#2189,.T.);
#1196=ORIENTED_EDGE('',*,*,#1712,.F.);
#1197=ORIENTED_EDGE('',*,*,#2190,.F.);
#1198=ORIENTED_EDGE('',*,*,#2022,.F.);
#1199=ORIENTED_EDGE('',*,*,#2045,.F.);
#1200=ORIENTED_EDGE('',*,*,#2191,.T.);
#1201=ORIENTED_EDGE('',*,*,#2192,.F.);
#1202=ORIENTED_EDGE('',*,*,#2017,.F.);
#1203=ORIENTED_EDGE('',*,*,#2187,.T.);
#1204=ORIENTED_EDGE('',*,*,#2193,.T.);
#1205=ORIENTED_EDGE('',*,*,#2024,.F.);
#1206=ORIENTED_EDGE('',*,*,#2194,.T.);
#1207=ORIENTED_EDGE('',*,*,#2188,.T.);
#1208=ORIENTED_EDGE('',*,*,#2021,.F.);
#1209=ORIENTED_EDGE('',*,*,#2195,.F.);
#1210=ORIENTED_EDGE('',*,*,#2196,.T.);
#1211=ORIENTED_EDGE('',*,*,#2192,.T.);
#1212=ORIENTED_EDGE('',*,*,#2197,.T.);
#1213=ORIENTED_EDGE('',*,*,#2037,.F.);
#1214=ORIENTED_EDGE('',*,*,#2198,.T.);
#1215=ORIENTED_EDGE('',*,*,#2199,.F.);
#1216=ORIENTED_EDGE('',*,*,#2018,.F.);
#1217=ORIENTED_EDGE('',*,*,#2031,.F.);
#1218=ORIENTED_EDGE('',*,*,#2200,.T.);
#1219=ORIENTED_EDGE('',*,*,#2195,.T.);
#1220=ORIENTED_EDGE('',*,*,#2020,.F.);
#1221=ORIENTED_EDGE('',*,*,#2201,.F.);
#1222=ORIENTED_EDGE('',*,*,#2202,.T.);
#1223=ORIENTED_EDGE('',*,*,#2035,.F.);
#1224=ORIENTED_EDGE('',*,*,#2203,.T.);
#1225=ORIENTED_EDGE('',*,*,#2201,.T.);
#1226=ORIENTED_EDGE('',*,*,#2019,.F.);
#1227=ORIENTED_EDGE('',*,*,#2199,.T.);
#1228=ORIENTED_EDGE('',*,*,#2204,.T.);
#1229=ORIENTED_EDGE('',*,*,#1863,.F.);
#1230=ORIENTED_EDGE('',*,*,#2113,.F.);
#1231=ORIENTED_EDGE('',*,*,#2104,.F.);
#1232=ORIENTED_EDGE('',*,*,#2105,.F.);
#1233=ORIENTED_EDGE('',*,*,#1865,.F.);
#1234=ORIENTED_EDGE('',*,*,#2101,.F.);
#1235=ORIENTED_EDGE('',*,*,#1790,.T.);
#1236=ORIENTED_EDGE('',*,*,#1866,.T.);
#1237=ORIENTED_EDGE('',*,*,#1792,.T.);
#1238=ORIENTED_EDGE('',*,*,#1811,.T.);
#1239=ORIENTED_EDGE('',*,*,#1760,.T.);
#1240=ORIENTED_EDGE('',*,*,#2078,.T.);
#1241=ORIENTED_EDGE('',*,*,#2205,.T.);
#1242=ORIENTED_EDGE('',*,*,#1710,.F.);
#1243=ORIENTED_EDGE('',*,*,#2206,.F.);
#1244=ORIENTED_EDGE('',*,*,#1838,.F.);
#1245=ORIENTED_EDGE('',*,*,#2014,.F.);
#1246=ORIENTED_EDGE('',*,*,#1839,.F.);
#1247=ORIENTED_EDGE('',*,*,#2206,.T.);
#1248=ORIENTED_EDGE('',*,*,#1709,.F.);
#1249=ORIENTED_EDGE('',*,*,#1847,.F.);
#1250=ORIENTED_EDGE('',*,*,#2190,.T.);
#1251=ORIENTED_EDGE('',*,*,#1711,.T.);
#1252=ORIENTED_EDGE('',*,*,#2205,.F.);
#1253=ORIENTED_EDGE('',*,*,#1841,.T.);
#1254=ORIENTED_EDGE('',*,*,#2013,.T.);
#1255=ORIENTED_EDGE('',*,*,#2207,.T.);
#1256=ORIENTED_EDGE('',*,*,#1783,.T.);
#1257=ORIENTED_EDGE('',*,*,#1782,.F.);
#1258=ORIENTED_EDGE('',*,*,#1784,.T.);
#1259=ORIENTED_EDGE('',*,*,#1703,.F.);
#1260=ORIENTED_EDGE('',*,*,#1748,.F.);
#1261=ORIENTED_EDGE('',*,*,#1786,.T.);
#1262=ORIENTED_EDGE('',*,*,#1843,.F.);
#1263=ORIENTED_EDGE('',*,*,#1717,.F.);
#1264=ORIENTED_EDGE('',*,*,#1787,.T.);
#1265=ORIENTED_EDGE('',*,*,#2029,.F.);
#1266=ORIENTED_EDGE('',*,*,#1743,.F.);
#1267=ORIENTED_EDGE('',*,*,#2207,.F.);
#1268=ORIENTED_EDGE('',*,*,#1837,.F.);
#1269=ORIENTED_EDGE('',*,*,#1772,.F.);
#1270=ORIENTED_EDGE('',*,*,#1779,.F.);
#1271=ORIENTED_EDGE('',*,*,#2185,.F.);
#1272=ORIENTED_EDGE('',*,*,#2182,.F.);
#1273=ORIENTED_EDGE('',*,*,#2010,.F.);
#1274=ORIENTED_EDGE('',*,*,#1836,.F.);
#1275=ORIENTED_EDGE('',*,*,#2208,.T.);
#1276=ORIENTED_EDGE('',*,*,#2209,.T.);
#1277=ORIENTED_EDGE('',*,*,#1775,.F.);
#1278=ORIENTED_EDGE('',*,*,#1751,.F.);
#1279=ORIENTED_EDGE('',*,*,#2085,.F.);
#1280=ORIENTED_EDGE('',*,*,#2038,.F.);
#1281=ORIENTED_EDGE('',*,*,#2197,.F.);
#1282=ORIENTED_EDGE('',*,*,#2191,.F.);
#1283=ORIENTED_EDGE('',*,*,#2044,.F.);
#1284=ORIENTED_EDGE('',*,*,#2129,.F.);
#1285=ORIENTED_EDGE('',*,*,#1980,.F.);
#1286=ORIENTED_EDGE('',*,*,#1777,.F.);
#1287=ORIENTED_EDGE('',*,*,#2210,.T.);
#1288=ORIENTED_EDGE('',*,*,#2211,.T.);
#1289=ORIENTED_EDGE('',*,*,#2041,.F.);
#1290=ORIENTED_EDGE('',*,*,#2193,.F.);
#1291=ORIENTED_EDGE('',*,*,#2186,.F.);
#1292=ORIENTED_EDGE('',*,*,#1701,.F.);
#1293=ORIENTED_EDGE('',*,*,#2212,.T.);
#1294=ORIENTED_EDGE('',*,*,#2213,.T.);
#1295=ORIENTED_EDGE('',*,*,#1834,.F.);
#1296=ORIENTED_EDGE('',*,*,#1749,.F.);
#1297=ORIENTED_EDGE('',*,*,#1774,.F.);
#1298=ORIENTED_EDGE('',*,*,#2012,.F.);
#1299=ORIENTED_EDGE('',*,*,#2184,.F.);
#1300=ORIENTED_EDGE('',*,*,#1844,.F.);
#1301=ORIENTED_EDGE('',*,*,#1707,.F.);
#1302=ORIENTED_EDGE('',*,*,#2084,.F.);
#1303=ORIENTED_EDGE('',*,*,#2214,.T.);
#1304=ORIENTED_EDGE('',*,*,#2215,.T.);
#1305=ORIENTED_EDGE('',*,*,#1800,.F.);
#1306=ORIENTED_EDGE('',*,*,#1758,.F.);
#1307=ORIENTED_EDGE('',*,*,#1733,.F.);
#1308=ORIENTED_EDGE('',*,*,#1819,.F.);
#1309=ORIENTED_EDGE('',*,*,#2176,.F.);
#1310=ORIENTED_EDGE('',*,*,#2180,.F.);
#1311=ORIENTED_EDGE('',*,*,#1825,.F.);
#1312=ORIENTED_EDGE('',*,*,#2053,.F.);
#1313=ORIENTED_EDGE('',*,*,#2216,.T.);
#1314=ORIENTED_EDGE('',*,*,#2217,.T.);
#1315=ORIENTED_EDGE('',*,*,#2082,.F.);
#1316=ORIENTED_EDGE('',*,*,#1756,.F.);
#1317=ORIENTED_EDGE('',*,*,#1735,.F.);
#1318=ORIENTED_EDGE('',*,*,#1827,.F.);
#1319=ORIENTED_EDGE('',*,*,#2181,.F.);
#1320=ORIENTED_EDGE('',*,*,#2177,.F.);
#1321=ORIENTED_EDGE('',*,*,#2055,.F.);
#1322=ORIENTED_EDGE('',*,*,#2048,.F.);
#1323=ORIENTED_EDGE('',*,*,#2218,.T.);
#1324=ORIENTED_EDGE('',*,*,#2219,.T.);
#1325=ORIENTED_EDGE('',*,*,#2051,.F.);
#1326=ORIENTED_EDGE('',*,*,#2179,.F.);
#1327=ORIENTED_EDGE('',*,*,#2172,.F.);
#1328=ORIENTED_EDGE('',*,*,#2150,.F.);
#1329=ORIENTED_EDGE('',*,*,#2050,.F.);
#1330=ORIENTED_EDGE('',*,*,#2174,.F.);
#1331=ORIENTED_EDGE('',*,*,#2169,.F.);
#1332=ORIENTED_EDGE('',*,*,#1952,.F.);
#1333=ORIENTED_EDGE('',*,*,#1856,.F.);
#1334=ORIENTED_EDGE('',*,*,#1951,.F.);
#1335=ORIENTED_EDGE('',*,*,#2111,.F.);
#1336=ORIENTED_EDGE('',*,*,#2001,.F.);
#1337=ORIENTED_EDGE('',*,*,#2125,.F.);
#1338=ORIENTED_EDGE('',*,*,#2118,.F.);
#1339=ORIENTED_EDGE('',*,*,#1997,.F.);
#1340=ORIENTED_EDGE('',*,*,#2141,.F.);
#1341=ORIENTED_EDGE('',*,*,#2007,.F.);
#1342=ORIENTED_EDGE('',*,*,#2100,.F.);
#1343=ORIENTED_EDGE('',*,*,#1909,.F.);
#1344=ORIENTED_EDGE('',*,*,#2139,.F.);
#1345=ORIENTED_EDGE('',*,*,#1900,.F.);
#1346=ORIENTED_EDGE('',*,*,#2004,.F.);
#1347=ORIENTED_EDGE('',*,*,#1877,.F.);
#1348=ORIENTED_EDGE('',*,*,#1886,.F.);
#1349=ORIENTED_EDGE('',*,*,#2112,.F.);
#1350=ORIENTED_EDGE('',*,*,#1999,.F.);
#1351=ORIENTED_EDGE('',*,*,#2120,.F.);
#1352=ORIENTED_EDGE('',*,*,#1922,.F.);
#1353=ORIENTED_EDGE('',*,*,#2140,.F.);
#1354=ORIENTED_EDGE('',*,*,#1911,.F.);
#1355=ORIENTED_EDGE('',*,*,#2099,.F.);
#1356=ORIENTED_EDGE('',*,*,#1941,.F.);
#1357=ORIENTED_EDGE('',*,*,#2137,.F.);
#1358=ORIENTED_EDGE('',*,*,#1901,.F.);
#1359=ORIENTED_EDGE('',*,*,#1887,.F.);
#1360=ORIENTED_EDGE('',*,*,#1875,.F.);
#1361=ORIENTED_EDGE('',*,*,#1944,.F.);
#1362=ORIENTED_EDGE('',*,*,#1881,.F.);
#1363=ORIENTED_EDGE('',*,*,#1929,.F.);
#1364=ORIENTED_EDGE('',*,*,#2134,.F.);
#1365=ORIENTED_EDGE('',*,*,#1888,.F.);
#1366=ORIENTED_EDGE('',*,*,#2157,.F.);
#1367=ORIENTED_EDGE('',*,*,#1935,.F.);
#1368=ORIENTED_EDGE('',*,*,#2098,.F.);
#1369=ORIENTED_EDGE('',*,*,#1993,.F.);
#1370=ORIENTED_EDGE('',*,*,#2155,.F.);
#1371=ORIENTED_EDGE('',*,*,#1904,.F.);
#1372=ORIENTED_EDGE('',*,*,#1932,.F.);
#1373=ORIENTED_EDGE('',*,*,#2110,.F.);
#1374=ORIENTED_EDGE('',*,*,#1912,.F.);
#1375=ORIENTED_EDGE('',*,*,#1883,.F.);
#1376=ORIENTED_EDGE('',*,*,#1890,.F.);
#1377=ORIENTED_EDGE('',*,*,#2135,.F.);
#1378=ORIENTED_EDGE('',*,*,#2131,.F.);
#1379=ORIENTED_EDGE('',*,*,#1982,.F.);
#1380=ORIENTED_EDGE('',*,*,#2156,.F.);
#1381=ORIENTED_EDGE('',*,*,#1995,.F.);
#1382=ORIENTED_EDGE('',*,*,#2097,.F.);
#1383=ORIENTED_EDGE('',*,*,#1986,.F.);
#1384=ORIENTED_EDGE('',*,*,#2152,.F.);
#1385=ORIENTED_EDGE('',*,*,#1906,.F.);
#1386=ORIENTED_EDGE('',*,*,#1914,.F.);
#1387=ORIENTED_EDGE('',*,*,#2109,.F.);
#1388=ORIENTED_EDGE('',*,*,#1989,.F.);
#1389=ORIENTED_EDGE('',*,*,#1833,.F.);
#1390=ORIENTED_EDGE('',*,*,#2220,.T.);
#1391=ORIENTED_EDGE('',*,*,#2221,.T.);
#1392=ORIENTED_EDGE('',*,*,#1719,.F.);
#1393=ORIENTED_EDGE('',*,*,#1747,.F.);
#1394=ORIENTED_EDGE('',*,*,#1767,.F.);
#1395=ORIENTED_EDGE('',*,*,#1713,.F.);
#1396=ORIENTED_EDGE('',*,*,#2189,.F.);
#1397=ORIENTED_EDGE('',*,*,#2194,.F.);
#1398=ORIENTED_EDGE('',*,*,#2023,.F.);
#1399=ORIENTED_EDGE('',*,*,#2081,.F.);
#1400=ORIENTED_EDGE('',*,*,#2222,.T.);
#1401=ORIENTED_EDGE('',*,*,#2223,.T.);
#1402=ORIENTED_EDGE('',*,*,#2073,.F.);
#1403=ORIENTED_EDGE('',*,*,#1764,.F.);
#1404=ORIENTED_EDGE('',*,*,#1739,.F.);
#1405=ORIENTED_EDGE('',*,*,#2077,.F.);
#1406=ORIENTED_EDGE('',*,*,#2163,.F.);
#1407=ORIENTED_EDGE('',*,*,#2160,.F.);
#1408=ORIENTED_EDGE('',*,*,#1828,.F.);
#1409=ORIENTED_EDGE('',*,*,#2224,.T.);
#1410=ORIENTED_EDGE('',*,*,#2225,.T.);
#1411=ORIENTED_EDGE('',*,*,#2079,.F.);
#1412=ORIENTED_EDGE('',*,*,#1762,.F.);
#1413=ORIENTED_EDGE('',*,*,#1810,.F.);
#1414=ORIENTED_EDGE('',*,*,#1741,.F.);
#1415=ORIENTED_EDGE('',*,*,#1830,.F.);
#1416=ORIENTED_EDGE('',*,*,#2162,.F.);
#1417=ORIENTED_EDGE('',*,*,#2158,.F.);
#1418=ORIENTED_EDGE('',*,*,#1813,.F.);
#1419=ORIENTED_EDGE('',*,*,#1858,.F.);
#1420=ORIENTED_EDGE('',*,*,#1954,.F.);
#1421=ORIENTED_EDGE('',*,*,#2171,.F.);
#1422=ORIENTED_EDGE('',*,*,#2166,.F.);
#1423=ORIENTED_EDGE('',*,*,#2071,.F.);
#1424=ORIENTED_EDGE('',*,*,#2145,.F.);
#1425=ORIENTED_EDGE('',*,*,#1915,.F.);
#1426=ORIENTED_EDGE('',*,*,#2075,.F.);
#1427=ORIENTED_EDGE('',*,*,#2226,.T.);
#1428=ORIENTED_EDGE('',*,*,#2227,.T.);
#1429=ORIENTED_EDGE('',*,*,#2068,.F.);
#1430=ORIENTED_EDGE('',*,*,#2168,.F.);
#1431=ORIENTED_EDGE('',*,*,#2164,.F.);
#1432=ORIENTED_EDGE('',*,*,#2028,.F.);
#1433=ORIENTED_EDGE('',*,*,#2228,.T.);
#1434=ORIENTED_EDGE('',*,*,#2229,.T.);
#1435=ORIENTED_EDGE('',*,*,#1831,.F.);
#1436=ORIENTED_EDGE('',*,*,#1745,.F.);
#1437=ORIENTED_EDGE('',*,*,#1769,.F.);
#1438=ORIENTED_EDGE('',*,*,#2025,.F.);
#1439=ORIENTED_EDGE('',*,*,#2196,.F.);
#1440=ORIENTED_EDGE('',*,*,#2200,.F.);
#1441=ORIENTED_EDGE('',*,*,#2030,.F.);
#1442=ORIENTED_EDGE('',*,*,#2034,.F.);
#1443=ORIENTED_EDGE('',*,*,#2230,.T.);
#1444=ORIENTED_EDGE('',*,*,#2231,.T.);
#1445=ORIENTED_EDGE('',*,*,#2026,.F.);
#1446=ORIENTED_EDGE('',*,*,#2202,.F.);
#1447=ORIENTED_EDGE('',*,*,#2203,.F.);
#1448=ORIENTED_EDGE('',*,*,#2124,.F.);
#1449=ORIENTED_EDGE('',*,*,#2036,.F.);
#1450=ORIENTED_EDGE('',*,*,#2204,.F.);
#1451=ORIENTED_EDGE('',*,*,#2198,.F.);
#1452=ORIENTED_EDGE('',*,*,#2040,.F.);
#1453=ORIENTED_EDGE('',*,*,#2086,.F.);
#1454=ORIENTED_EDGE('',*,*,#1895,.F.);
#1455=ORIENTED_EDGE('',*,*,#2232,.T.);
#1456=ORIENTED_EDGE('',*,*,#2233,.T.);
#1457=ORIENTED_EDGE('',*,*,#1694,.F.);
#1458=ORIENTED_EDGE('',*,*,#2148,.F.);
#1459=ORIENTED_EDGE('',*,*,#2153,.F.);
#1460=ORIENTED_EDGE('',*,*,#1984,.F.);
#1461=ORIENTED_EDGE('',*,*,#2133,.F.);
#1462=ORIENTED_EDGE('',*,*,#2127,.F.);
#1463=ORIENTED_EDGE('',*,*,#1698,.F.);
#1464=ORIENTED_EDGE('',*,*,#2234,.T.);
#1465=ORIENTED_EDGE('',*,*,#2235,.T.);
#1466=ORIENTED_EDGE('',*,*,#2236,.T.);
#1467=ORIENTED_EDGE('',*,*,#1970,.F.);
#1468=ORIENTED_EDGE('',*,*,#2237,.T.);
#1469=ORIENTED_EDGE('',*,*,#1686,.F.);
#1470=ORIENTED_EDGE('',*,*,#2238,.T.);
#1471=ORIENTED_EDGE('',*,*,#2239,.T.);
#1472=ORIENTED_EDGE('',*,*,#2240,.T.);
#1473=ORIENTED_EDGE('',*,*,#1966,.F.);
#1474=ORIENTED_EDGE('',*,*,#2241,.T.);
#1475=ORIENTED_EDGE('',*,*,#2242,.T.);
#1476=ORIENTED_EDGE('',*,*,#2243,.T.);
#1477=ORIENTED_EDGE('',*,*,#1690,.F.);
#1478=ORIENTED_EDGE('',*,*,#2122,.F.);
#1479=ORIENTED_EDGE('',*,*,#2126,.F.);
#1480=ORIENTED_EDGE('',*,*,#2009,.F.);
#1481=ORIENTED_EDGE('',*,*,#2143,.F.);
#1482=ORIENTED_EDGE('',*,*,#2144,.F.);
#1483=ORIENTED_EDGE('',*,*,#1803,.T.);
#1484=ORIENTED_EDGE('',*,*,#2244,.T.);
#1485=ORIENTED_EDGE('',*,*,#1726,.F.);
#1486=ORIENTED_EDGE('',*,*,#2245,.T.);
#1487=ORIENTED_EDGE('',*,*,#1722,.T.);
#1488=ORIENTED_EDGE('',*,*,#2246,.T.);
#1489=ORIENTED_EDGE('',*,*,#1807,.F.);
#1490=ORIENTED_EDGE('',*,*,#2247,.T.);
#1491=ORIENTED_EDGE('',*,*,#1724,.F.);
#1492=ORIENTED_EDGE('',*,*,#2248,.T.);
#1493=ORIENTED_EDGE('',*,*,#1805,.T.);
#1494=ORIENTED_EDGE('',*,*,#2249,.T.);
#1495=ORIENTED_EDGE('',*,*,#2130,.F.);
#1496=ORIENTED_EDGE('',*,*,#2042,.F.);
#1497=ORIENTED_EDGE('',*,*,#2250,.F.);
#1498=ORIENTED_EDGE('',*,*,#1696,.F.);
#1499=ORIENTED_EDGE('',*,*,#2250,.T.);
#1500=ORIENTED_EDGE('',*,*,#2211,.F.);
#1501=ORIENTED_EDGE('',*,*,#2251,.F.);
#1502=ORIENTED_EDGE('',*,*,#1697,.F.);
#1503=ORIENTED_EDGE('',*,*,#2251,.T.);
#1504=ORIENTED_EDGE('',*,*,#2210,.F.);
#1505=ORIENTED_EDGE('',*,*,#2252,.F.);
#1506=ORIENTED_EDGE('',*,*,#2234,.F.);
#1507=ORIENTED_EDGE('',*,*,#2252,.T.);
#1508=ORIENTED_EDGE('',*,*,#1776,.F.);
#1509=ORIENTED_EDGE('',*,*,#2253,.F.);
#1510=ORIENTED_EDGE('',*,*,#2235,.F.);
#1511=ORIENTED_EDGE('',*,*,#2253,.T.);
#1512=ORIENTED_EDGE('',*,*,#2209,.F.);
#1513=ORIENTED_EDGE('',*,*,#2254,.F.);
#1514=ORIENTED_EDGE('',*,*,#2236,.F.);
#1515=ORIENTED_EDGE('',*,*,#2254,.T.);
#1516=ORIENTED_EDGE('',*,*,#2208,.F.);
#1517=ORIENTED_EDGE('',*,*,#2255,.F.);
#1518=ORIENTED_EDGE('',*,*,#1971,.F.);
#1519=ORIENTED_EDGE('',*,*,#2255,.T.);
#1520=ORIENTED_EDGE('',*,*,#1835,.F.);
#1521=ORIENTED_EDGE('',*,*,#2256,.F.);
#1522=ORIENTED_EDGE('',*,*,#1972,.F.);
#1523=ORIENTED_EDGE('',*,*,#2256,.T.);
#1524=ORIENTED_EDGE('',*,*,#2213,.F.);
#1525=ORIENTED_EDGE('',*,*,#2257,.F.);
#1526=ORIENTED_EDGE('',*,*,#1973,.F.);
#1527=ORIENTED_EDGE('',*,*,#2258,.F.);
#1528=ORIENTED_EDGE('',*,*,#1700,.F.);
#1529=ORIENTED_EDGE('',*,*,#2259,.F.);
#1530=ORIENTED_EDGE('',*,*,#2212,.F.);
#1531=ORIENTED_EDGE('',*,*,#2258,.T.);
#1532=ORIENTED_EDGE('',*,*,#2260,.F.);
#1533=ORIENTED_EDGE('',*,*,#1730,.F.);
#1534=ORIENTED_EDGE('',*,*,#1974,.F.);
#1535=ORIENTED_EDGE('',*,*,#2257,.T.);
#1536=ORIENTED_EDGE('',*,*,#2261,.F.);
#1537=ORIENTED_EDGE('',*,*,#1801,.F.);
#1538=ORIENTED_EDGE('',*,*,#2262,.F.);
#1539=ORIENTED_EDGE('',*,*,#1802,.F.);
#1540=ORIENTED_EDGE('',*,*,#2261,.T.);
#1541=ORIENTED_EDGE('',*,*,#2263,.F.);
#1542=ORIENTED_EDGE('',*,*,#1727,.F.);
#1543=ORIENTED_EDGE('',*,*,#2260,.T.);
#1544=ORIENTED_EDGE('',*,*,#2259,.T.);
#1545=ORIENTED_EDGE('',*,*,#1699,.F.);
#1546=ORIENTED_EDGE('',*,*,#2244,.F.);
#1547=ORIENTED_EDGE('',*,*,#2262,.T.);
#1548=ORIENTED_EDGE('',*,*,#2215,.F.);
#1549=ORIENTED_EDGE('',*,*,#2264,.F.);
#1550=ORIENTED_EDGE('',*,*,#1975,.F.);
#1551=ORIENTED_EDGE('',*,*,#1728,.F.);
#1552=ORIENTED_EDGE('',*,*,#2263,.T.);
#1553=ORIENTED_EDGE('',*,*,#2264,.T.);
#1554=ORIENTED_EDGE('',*,*,#2214,.F.);
#1555=ORIENTED_EDGE('',*,*,#2265,.F.);
#1556=ORIENTED_EDGE('',*,*,#1976,.F.);
#1557=ORIENTED_EDGE('',*,*,#2265,.T.);
#1558=ORIENTED_EDGE('',*,*,#2083,.F.);
#1559=ORIENTED_EDGE('',*,*,#2266,.F.);
#1560=ORIENTED_EDGE('',*,*,#1968,.F.);
#1561=ORIENTED_EDGE('',*,*,#2266,.T.);
#1562=ORIENTED_EDGE('',*,*,#2217,.F.);
#1563=ORIENTED_EDGE('',*,*,#2267,.F.);
#1564=ORIENTED_EDGE('',*,*,#1969,.F.);
#1565=ORIENTED_EDGE('',*,*,#2267,.T.);
#1566=ORIENTED_EDGE('',*,*,#2216,.F.);
#1567=ORIENTED_EDGE('',*,*,#2268,.F.);
#1568=ORIENTED_EDGE('',*,*,#2237,.F.);
#1569=ORIENTED_EDGE('',*,*,#2268,.T.);
#1570=ORIENTED_EDGE('',*,*,#2052,.F.);
#1571=ORIENTED_EDGE('',*,*,#2269,.F.);
#1572=ORIENTED_EDGE('',*,*,#2232,.F.);
#1573=ORIENTED_EDGE('',*,*,#2269,.T.);
#1574=ORIENTED_EDGE('',*,*,#2219,.F.);
#1575=ORIENTED_EDGE('',*,*,#2270,.F.);
#1576=ORIENTED_EDGE('',*,*,#2233,.F.);
#1577=ORIENTED_EDGE('',*,*,#2270,.T.);
#1578=ORIENTED_EDGE('',*,*,#2218,.F.);
#1579=ORIENTED_EDGE('',*,*,#2271,.F.);
#1580=ORIENTED_EDGE('',*,*,#1691,.F.);
#1581=ORIENTED_EDGE('',*,*,#2149,.F.);
#1582=ORIENTED_EDGE('',*,*,#1692,.F.);
#1583=ORIENTED_EDGE('',*,*,#2271,.T.);
#1584=ORIENTED_EDGE('',*,*,#2047,.F.);
#1585=ORIENTED_EDGE('',*,*,#2123,.F.);
#1586=ORIENTED_EDGE('',*,*,#1688,.F.);
#1587=ORIENTED_EDGE('',*,*,#2272,.F.);
#1588=ORIENTED_EDGE('',*,*,#2033,.F.);
#1589=ORIENTED_EDGE('',*,*,#2272,.T.);
#1590=ORIENTED_EDGE('',*,*,#1687,.F.);
#1591=ORIENTED_EDGE('',*,*,#2273,.F.);
#1592=ORIENTED_EDGE('',*,*,#2230,.F.);
#1593=ORIENTED_EDGE('',*,*,#2273,.T.);
#1594=ORIENTED_EDGE('',*,*,#2243,.F.);
#1595=ORIENTED_EDGE('',*,*,#2274,.F.);
#1596=ORIENTED_EDGE('',*,*,#2231,.F.);
#1597=ORIENTED_EDGE('',*,*,#2274,.T.);
#1598=ORIENTED_EDGE('',*,*,#2242,.F.);
#1599=ORIENTED_EDGE('',*,*,#2275,.F.);
#1600=ORIENTED_EDGE('',*,*,#2027,.F.);
#1601=ORIENTED_EDGE('',*,*,#2146,.F.);
#1602=ORIENTED_EDGE('',*,*,#2069,.F.);
#1603=ORIENTED_EDGE('',*,*,#2276,.F.);
#1604=ORIENTED_EDGE('',*,*,#1684,.F.);
#1605=ORIENTED_EDGE('',*,*,#2275,.T.);
#1606=ORIENTED_EDGE('',*,*,#2241,.F.);
#1607=ORIENTED_EDGE('',*,*,#2277,.F.);
#1608=ORIENTED_EDGE('',*,*,#2228,.F.);
#1609=ORIENTED_EDGE('',*,*,#2276,.T.);
#1610=ORIENTED_EDGE('',*,*,#2227,.F.);
#1611=ORIENTED_EDGE('',*,*,#2278,.F.);
#1612=ORIENTED_EDGE('',*,*,#1685,.F.);
#1613=ORIENTED_EDGE('',*,*,#2277,.T.);
#1614=ORIENTED_EDGE('',*,*,#1965,.F.);
#1615=ORIENTED_EDGE('',*,*,#2279,.F.);
#1616=ORIENTED_EDGE('',*,*,#2229,.F.);
#1617=ORIENTED_EDGE('',*,*,#2278,.T.);
#1618=ORIENTED_EDGE('',*,*,#2226,.F.);
#1619=ORIENTED_EDGE('',*,*,#2280,.F.);
#1620=ORIENTED_EDGE('',*,*,#2238,.F.);
#1621=ORIENTED_EDGE('',*,*,#2279,.T.);
#1622=ORIENTED_EDGE('',*,*,#1964,.F.);
#1623=ORIENTED_EDGE('',*,*,#2281,.F.);
#1624=ORIENTED_EDGE('',*,*,#1832,.F.);
#1625=ORIENTED_EDGE('',*,*,#2280,.T.);
#1626=ORIENTED_EDGE('',*,*,#2074,.F.);
#1627=ORIENTED_EDGE('',*,*,#2282,.F.);
#1628=ORIENTED_EDGE('',*,*,#2239,.F.);
#1629=ORIENTED_EDGE('',*,*,#1963,.F.);
#1630=ORIENTED_EDGE('',*,*,#2283,.F.);
#1631=ORIENTED_EDGE('',*,*,#2220,.F.);
#1632=ORIENTED_EDGE('',*,*,#2281,.T.);
#1633=ORIENTED_EDGE('',*,*,#2282,.T.);
#1634=ORIENTED_EDGE('',*,*,#2223,.F.);
#1635=ORIENTED_EDGE('',*,*,#2284,.F.);
#1636=ORIENTED_EDGE('',*,*,#2240,.F.);
#1637=ORIENTED_EDGE('',*,*,#2285,.F.);
#1638=ORIENTED_EDGE('',*,*,#2221,.F.);
#1639=ORIENTED_EDGE('',*,*,#2283,.T.);
#1640=ORIENTED_EDGE('',*,*,#1962,.F.);
#1641=ORIENTED_EDGE('',*,*,#1958,.F.);
#1642=ORIENTED_EDGE('',*,*,#2286,.F.);
#1643=ORIENTED_EDGE('',*,*,#1720,.F.);
#1644=ORIENTED_EDGE('',*,*,#2285,.T.);
#1645=ORIENTED_EDGE('',*,*,#2287,.F.);
#1646=ORIENTED_EDGE('',*,*,#2284,.T.);
#1647=ORIENTED_EDGE('',*,*,#2222,.F.);
#1648=ORIENTED_EDGE('',*,*,#2288,.F.);
#1649=ORIENTED_EDGE('',*,*,#1967,.F.);
#1650=ORIENTED_EDGE('',*,*,#2289,.F.);
#1651=ORIENTED_EDGE('',*,*,#1808,.F.);
#1652=ORIENTED_EDGE('',*,*,#2246,.F.);
#1653=ORIENTED_EDGE('',*,*,#1721,.F.);
#1654=ORIENTED_EDGE('',*,*,#2287,.T.);
#1655=ORIENTED_EDGE('',*,*,#2286,.T.);
#1656=ORIENTED_EDGE('',*,*,#1957,.F.);
#1657=ORIENTED_EDGE('',*,*,#2290,.F.);
#1658=ORIENTED_EDGE('',*,*,#1809,.F.);
#1659=ORIENTED_EDGE('',*,*,#2289,.T.);
#1660=ORIENTED_EDGE('',*,*,#2291,.F.);
#1661=ORIENTED_EDGE('',*,*,#2288,.T.);
#1662=ORIENTED_EDGE('',*,*,#2080,.F.);
#1663=ORIENTED_EDGE('',*,*,#2292,.F.);
#1664=ORIENTED_EDGE('',*,*,#1959,.F.);
#1665=ORIENTED_EDGE('',*,*,#1956,.F.);
#1666=ORIENTED_EDGE('',*,*,#1961,.F.);
#1667=ORIENTED_EDGE('',*,*,#2293,.F.);
#1668=ORIENTED_EDGE('',*,*,#2224,.F.);
#1669=ORIENTED_EDGE('',*,*,#2291,.T.);
#1670=ORIENTED_EDGE('',*,*,#2290,.T.);
#1671=ORIENTED_EDGE('',*,*,#2292,.T.);
#1672=ORIENTED_EDGE('',*,*,#2225,.F.);
#1673=ORIENTED_EDGE('',*,*,#2293,.T.);
#1674=ORIENTED_EDGE('',*,*,#1960,.F.);
#1675=ORIENTED_EDGE('',*,*,#1723,.F.);
#1676=ORIENTED_EDGE('',*,*,#2247,.F.);
#1677=ORIENTED_EDGE('',*,*,#1806,.F.);
#1678=ORIENTED_EDGE('',*,*,#2248,.F.);
#1679=ORIENTED_EDGE('',*,*,#1725,.F.);
#1680=ORIENTED_EDGE('',*,*,#2249,.F.);
#1681=ORIENTED_EDGE('',*,*,#1804,.F.);
#1682=ORIENTED_EDGE('',*,*,#2245,.F.);
#1683=EDGE_CURVE('',#2294,#2295,#2698,.T.);
#1684=EDGE_CURVE('',#2295,#2296,#2699,.F.);
#1685=EDGE_CURVE('',#2296,#2297,#348,.F.);
#1686=EDGE_CURVE('',#2297,#2294,#2700,.F.);
#1687=EDGE_CURVE('',#2298,#2299,#349,.F.);
#1688=EDGE_CURVE('',#2299,#2300,#2701,.T.);
#1689=EDGE_CURVE('',#2300,#2301,#2702,.T.);
#1690=EDGE_CURVE('',#2301,#2298,#2703,.F.);
#1691=EDGE_CURVE('',#2302,#2303,#350,.F.);
#1692=EDGE_CURVE('',#2303,#2304,#2704,.F.);
#1693=EDGE_CURVE('',#2304,#2305,#2705,.T.);
#1694=EDGE_CURVE('',#2305,#2302,#2706,.T.);
#1695=EDGE_CURVE('',#2306,#2307,#2707,.T.);
#1696=EDGE_CURVE('',#2307,#2308,#2708,.T.);
#1697=EDGE_CURVE('',#2308,#2309,#351,.F.);
#1698=EDGE_CURVE('',#2309,#2306,#2709,.T.);
#1699=EDGE_CURVE('',#2310,#2311,#352,.T.);
#1700=EDGE_CURVE('',#2311,#2312,#2710,.F.);
#1701=EDGE_CURVE('',#2312,#2313,#2711,.T.);
#1702=EDGE_CURVE('',#2313,#2314,#232,.T.);
#1703=EDGE_CURVE('',#2314,#2315,#2712,.T.);
#1704=EDGE_CURVE('',#2315,#2316,#233,.T.);
#1705=EDGE_CURVE('',#2316,#2317,#2713,.T.);
#1706=EDGE_CURVE('',#2317,#2318,#234,.T.);
#1707=EDGE_CURVE('',#2318,#2319,#2714,.T.);
#1708=EDGE_CURVE('',#2319,#2320,#2715,.T.);
#1709=EDGE_CURVE('',#2320,#2321,#2716,.T.);
#1710=EDGE_CURVE('',#2321,#2322,#135,.T.);
#1711=EDGE_CURVE('',#2323,#2322,#2717,.T.);
#1712=EDGE_CURVE('',#2323,#2324,#2718,.T.);
#1713=EDGE_CURVE('',#2324,#2325,#2719,.F.);
#1714=EDGE_CURVE('',#2325,#2326,#235,.T.);
#1715=EDGE_CURVE('',#2326,#2327,#2720,.T.);
#1716=EDGE_CURVE('',#2328,#2327,#236,.T.);
#1717=EDGE_CURVE('',#2328,#2329,#2721,.T.);
#1718=EDGE_CURVE('',#2329,#2330,#237,.T.);
#1719=EDGE_CURVE('',#2330,#2331,#2722,.F.);
#1720=EDGE_CURVE('',#2331,#2332,#2723,.F.);
#1721=EDGE_CURVE('',#2332,#2333,#353,.T.);
#1722=EDGE_CURVE('',#2334,#2333,#2724,.T.);
#1723=EDGE_CURVE('',#2334,#2335,#354,.F.);
#1724=EDGE_CURVE('',#2335,#2336,#2725,.T.);
#1725=EDGE_CURVE('',#2336,#2337,#355,.F.);
#1726=EDGE_CURVE('',#2337,#2310,#2726,.T.);
#1727=EDGE_CURVE('',#2338,#2339,#2727,.T.);
#1728=EDGE_CURVE('',#2339,#2340,#356,.F.);
#1729=EDGE_CURVE('',#2340,#2341,#2728,.T.);
#1730=EDGE_CURVE('',#2341,#2338,#357,.F.);
#1731=EDGE_CURVE('',#2342,#2343,#136,.T.);
#1732=EDGE_CURVE('',#2344,#2342,#238,.T.);
#1733=EDGE_CURVE('',#2344,#2345,#239,.T.);
#1734=EDGE_CURVE('',#2346,#2345,#137,.T.);
#1735=EDGE_CURVE('',#2346,#2347,#240,.T.);
#1736=EDGE_CURVE('',#2343,#2347,#241,.T.);
#1737=EDGE_CURVE('',#2348,#2349,#138,.T.);
#1738=EDGE_CURVE('',#2350,#2348,#242,.T.);
#1739=EDGE_CURVE('',#2350,#2351,#243,.T.);
#1740=EDGE_CURVE('',#2352,#2351,#139,.T.);
#1741=EDGE_CURVE('',#2352,#2353,#244,.T.);
#1742=EDGE_CURVE('',#2349,#2353,#245,.T.);
#1743=EDGE_CURVE('',#2329,#2354,#140,.T.);
#1744=EDGE_CURVE('',#2355,#2354,#246,.T.);
#1745=EDGE_CURVE('',#2355,#2356,#247,.T.);
#1746=EDGE_CURVE('',#2357,#2356,#141,.F.);
#1747=EDGE_CURVE('',#2357,#2330,#248,.T.);
#1748=EDGE_CURVE('',#2358,#2314,#142,.T.);
#1749=EDGE_CURVE('',#2313,#2359,#249,.T.);
#1750=EDGE_CURVE('',#2360,#2359,#143,.F.);
#1751=EDGE_CURVE('',#2360,#2361,#250,.T.);
#1752=EDGE_CURVE('',#2358,#2361,#251,.T.);
#1753=EDGE_CURVE('',#2362,#2363,#252,.T.);
#1754=EDGE_CURVE('',#2364,#2362,#144,.T.);
#1755=EDGE_CURVE('',#2365,#2364,#253,.T.);
#1756=EDGE_CURVE('',#2365,#2366,#254,.T.);
#1757=EDGE_CURVE('',#2367,#2366,#145,.T.);
#1758=EDGE_CURVE('',#2367,#2363,#255,.T.);
#1759=EDGE_CURVE('',#2368,#2369,#256,.T.);
#1760=EDGE_CURVE('',#2370,#2368,#146,.T.);
#1761=EDGE_CURVE('',#2371,#2370,#257,.T.);
#1762=EDGE_CURVE('',#2371,#2372,#258,.T.);
#1763=EDGE_CURVE('',#2373,#2372,#147,.T.);
#1764=EDGE_CURVE('',#2373,#2369,#259,.T.);
#1765=EDGE_CURVE('',#2374,#2375,#260,.T.);
#1766=EDGE_CURVE('',#2374,#2326,#148,.T.);
#1767=EDGE_CURVE('',#2325,#2376,#261,.T.);
#1768=EDGE_CURVE('',#2377,#2376,#149,.F.);
#1769=EDGE_CURVE('',#2377,#2375,#262,.T.);
#1770=EDGE_CURVE('',#2317,#2378,#150,.T.);
#1771=EDGE_CURVE('',#2379,#2378,#263,.T.);
#1772=EDGE_CURVE('',#2379,#2380,#264,.T.);
#1773=EDGE_CURVE('',#2381,#2380,#151,.F.);
#1774=EDGE_CURVE('',#2381,#2318,#265,.T.);
#1775=EDGE_CURVE('',#2361,#2382,#2729,.F.);
#1776=EDGE_CURVE('',#2382,#2383,#2730,.F.);
#1777=EDGE_CURVE('',#2383,#2384,#2731,.T.);
#1778=EDGE_CURVE('',#2384,#2385,#2732,.T.);
#1779=EDGE_CURVE('',#2385,#2379,#2733,.F.);
#1780=EDGE_CURVE('',#2378,#2386,#2734,.T.);
#1781=EDGE_CURVE('',#2387,#2386,#266,.T.);
#1782=EDGE_CURVE('',#2387,#2358,#2735,.T.);
#1783=EDGE_CURVE('',#2388,#2388,#152,.T.);
#1784=EDGE_CURVE('',#2387,#2315,#153,.F.);
#1785=EDGE_CURVE('',#2316,#2386,#154,.F.);
#1786=EDGE_CURVE('',#2389,#2389,#155,.T.);
#1787=EDGE_CURVE('',#2328,#2390,#156,.F.);
#1788=EDGE_CURVE('',#2391,#2327,#157,.F.);
#1789=EDGE_CURVE('',#2390,#2391,#267,.T.);
#1790=EDGE_CURVE('',#2392,#2392,#158,.T.);
#1791=EDGE_CURVE('',#2393,#2394,#268,.T.);
#1792=EDGE_CURVE('',#2395,#2393,#159,.F.);
#1793=EDGE_CURVE('',#2395,#2396,#269,.T.);
#1794=EDGE_CURVE('',#2394,#2396,#160,.F.);
#1795=EDGE_CURVE('',#2397,#2397,#161,.T.);
#1796=EDGE_CURVE('',#2398,#2399,#270,.T.);
#1797=EDGE_CURVE('',#2400,#2398,#162,.F.);
#1798=EDGE_CURVE('',#2400,#2401,#271,.T.);
#1799=EDGE_CURVE('',#2399,#2401,#163,.F.);
#1800=EDGE_CURVE('',#2363,#2402,#2736,.F.);
#1801=EDGE_CURVE('',#2402,#2403,#2737,.F.);
#1802=EDGE_CURVE('',#2403,#2404,#358,.F.);
#1803=EDGE_CURVE('',#2405,#2404,#2738,.T.);
#1804=EDGE_CURVE('',#2405,#2406,#359,.T.);
#1805=EDGE_CURVE('',#2407,#2406,#2739,.T.);
#1806=EDGE_CURVE('',#2407,#2408,#360,.T.);
#1807=EDGE_CURVE('',#2408,#2409,#2740,.T.);
#1808=EDGE_CURVE('',#2409,#2410,#361,.F.);
#1809=EDGE_CURVE('',#2410,#2411,#2741,.F.);
#1810=EDGE_CURVE('',#2411,#2371,#2742,.T.);
#1811=EDGE_CURVE('',#2393,#2370,#2743,.T.);
#1812=EDGE_CURVE('',#2349,#2394,#2744,.T.);
#1813=EDGE_CURVE('',#2353,#2412,#2745,.T.);
#1814=EDGE_CURVE('',#2412,#2413,#2746,.T.);
#1815=EDGE_CURVE('',#2413,#2414,#2747,.T.);
#1816=EDGE_CURVE('',#2415,#2414,#164,.T.);
#1817=EDGE_CURVE('',#2416,#2415,#2748,.T.);
#1818=EDGE_CURVE('',#2416,#2417,#2749,.T.);
#1819=EDGE_CURVE('',#2417,#2344,#2750,.F.);
#1820=EDGE_CURVE('',#2401,#2342,#2751,.T.);
#1821=EDGE_CURVE('',#2362,#2400,#2752,.T.);
#1822=EDGE_CURVE('',#2391,#2374,#2753,.T.);
#1823=EDGE_CURVE('',#2396,#2348,#2754,.T.);
#1824=EDGE_CURVE('',#2343,#2399,#2755,.T.);
#1825=EDGE_CURVE('',#2345,#2418,#2756,.T.);
#1826=EDGE_CURVE('',#2418,#2419,#2757,.T.);
#1827=EDGE_CURVE('',#2419,#2346,#2758,.F.);
#1828=EDGE_CURVE('',#2351,#2420,#2759,.T.);
#1829=EDGE_CURVE('',#2420,#2421,#2760,.T.);
#1830=EDGE_CURVE('',#2421,#2352,#2761,.F.);
#1831=EDGE_CURVE('',#2356,#2422,#2762,.F.);
#1832=EDGE_CURVE('',#2422,#2423,#2763,.F.);
#1833=EDGE_CURVE('',#2423,#2357,#2764,.T.);
#1834=EDGE_CURVE('',#2359,#2424,#2765,.F.);
#1835=EDGE_CURVE('',#2424,#2425,#2766,.F.);
#1836=EDGE_CURVE('',#2425,#2360,#2767,.T.);
#1837=EDGE_CURVE('',#2426,#2426,#272,.T.);
#1838=EDGE_CURVE('',#2427,#2428,#273,.T.);
#1839=EDGE_CURVE('',#2428,#2429,#2768,.T.);
#1840=EDGE_CURVE('',#2429,#2430,#165,.T.);
#1841=EDGE_CURVE('',#2427,#2430,#2769,.T.);
#1842=EDGE_CURVE('',#2431,#2431,#166,.T.);
#1843=EDGE_CURVE('',#2432,#2432,#274,.T.);
#1844=EDGE_CURVE('',#2319,#2433,#362,.F.);
#1845=EDGE_CURVE('',#2433,#2434,#2770,.T.);
#1846=EDGE_CURVE('',#2435,#2434,#2771,.T.);
#1847=EDGE_CURVE('',#2435,#2320,#2772,.F.);
#1848=EDGE_CURVE('',#2436,#2437,#275,.T.);
#1849=EDGE_CURVE('',#2437,#2438,#2773,.T.);
#1850=EDGE_CURVE('',#2438,#2439,#167,.T.);
#1851=EDGE_CURVE('',#2439,#2440,#168,.T.);
#1852=EDGE_CURVE('',#2440,#2441,#169,.T.);
#1853=EDGE_CURVE('',#2436,#2441,#2774,.T.);
#1854=EDGE_CURVE('',#2442,#2442,#276,.T.);
#1855=EDGE_CURVE('',#2443,#2444,#170,.F.);
#1856=EDGE_CURVE('',#2444,#2445,#277,.T.);
#1857=EDGE_CURVE('',#2445,#2446,#363,.F.);
#1858=EDGE_CURVE('',#2446,#2447,#278,.T.);
#1859=EDGE_CURVE('',#2447,#2448,#171,.F.);
#1860=EDGE_CURVE('',#2449,#2448,#2775,.F.);
#1861=EDGE_CURVE('',#2450,#2449,#279,.T.);
#1862=EDGE_CURVE('',#2450,#2443,#2776,.F.);
#1863=EDGE_CURVE('',#2451,#2451,#280,.T.);
#1864=EDGE_CURVE('',#2452,#2452,#281,.T.);
#1865=EDGE_CURVE('',#2453,#2453,#282,.T.);
#1866=EDGE_CURVE('',#2454,#2454,#283,.T.);
#1867=EDGE_CURVE('',#2455,#2455,#284,.T.);
#1868=EDGE_CURVE('',#2456,#2456,#172,.T.);
#1869=EDGE_CURVE('',#2457,#2458,#2777,.T.);
#1870=EDGE_CURVE('',#2459,#2457,#285,.T.);
#1871=EDGE_CURVE('',#2459,#2460,#2778,.T.);
#1872=EDGE_CURVE('',#2460,#2458,#173,.T.);
#1873=EDGE_CURVE('',#2461,#2462,#174,.T.);
#1874=EDGE_CURVE('',#2463,#2461,#286,.T.);
#1875=EDGE_CURVE('',#2463,#2464,#287,.T.);
#1876=EDGE_CURVE('',#2465,#2464,#175,.F.);
#1877=EDGE_CURVE('',#2465,#2466,#288,.T.);
#1878=EDGE_CURVE('',#2462,#2466,#289,.T.);
#1879=EDGE_CURVE('',#2467,#2468,#176,.T.);
#1880=EDGE_CURVE('',#2469,#2468,#290,.T.);
#1881=EDGE_CURVE('',#2469,#2470,#291,.T.);
#1882=EDGE_CURVE('',#2471,#2470,#177,.F.);
#1883=EDGE_CURVE('',#2471,#2472,#292,.T.);
#1884=EDGE_CURVE('',#2467,#2472,#293,.T.);
#1885=EDGE_CURVE('',#2473,#2474,#178,.F.);
#1886=EDGE_CURVE('',#2474,#2465,#2779,.T.);
#1887=EDGE_CURVE('',#2464,#2473,#2780,.F.);
#1888=EDGE_CURVE('',#2470,#2475,#2781,.T.);
#1889=EDGE_CURVE('',#2475,#2476,#2782,.T.);
#1890=EDGE_CURVE('',#2476,#2471,#2783,.F.);
#1891=EDGE_CURVE('',#2477,#2478,#2784,.T.);
#1892=EDGE_CURVE('',#2478,#2479,#2785,.T.);
#1893=EDGE_CURVE('',#2479,#2480,#2786,.T.);
#1894=EDGE_CURVE('',#2480,#2481,#2787,.T.);
#1895=EDGE_CURVE('',#2481,#2439,#364,.F.);
#1896=EDGE_CURVE('',#2438,#2477,#2788,.T.);
#1897=EDGE_CURVE('',#2482,#2483,#294,.T.);
#1898=EDGE_CURVE('',#2482,#2484,#179,.T.);
#1899=EDGE_CURVE('',#2485,#2484,#295,.T.);
#1900=EDGE_CURVE('',#2485,#2474,#296,.T.);
#1901=EDGE_CURVE('',#2473,#2483,#297,.T.);
#1902=EDGE_CURVE('',#2486,#2487,#180,.T.);
#1903=EDGE_CURVE('',#2488,#2486,#298,.T.);
#1904=EDGE_CURVE('',#2488,#2489,#299,.T.);
#1905=EDGE_CURVE('',#2490,#2489,#181,.F.);
#1906=EDGE_CURVE('',#2490,#2491,#300,.T.);
#1907=EDGE_CURVE('',#2487,#2491,#301,.T.);
#1908=EDGE_CURVE('',#2492,#2493,#2789,.T.);
#1909=EDGE_CURVE('',#2493,#2494,#2790,.T.);
#1910=EDGE_CURVE('',#2494,#2495,#182,.F.);
#1911=EDGE_CURVE('',#2495,#2492,#2791,.F.);
#1912=EDGE_CURVE('',#2489,#2496,#2792,.T.);
#1913=EDGE_CURVE('',#2496,#2497,#183,.F.);
#1914=EDGE_CURVE('',#2497,#2490,#2793,.F.);
#1915=EDGE_CURVE('',#2447,#2498,#365,.T.);
#1916=EDGE_CURVE('',#2498,#2499,#2794,.T.);
#1917=EDGE_CURVE('',#2499,#2500,#2795,.T.);
#1918=EDGE_CURVE('',#2500,#2501,#2796,.T.);
#1919=EDGE_CURVE('',#2501,#2502,#2797,.T.);
#1920=EDGE_CURVE('',#2448,#2502,#2798,.T.);
#1921=EDGE_CURVE('',#2503,#2504,#302,.T.);
#1922=EDGE_CURVE('',#2504,#2505,#2799,.T.);
#1923=EDGE_CURVE('',#2505,#2478,#2800,.F.);
#1924=EDGE_CURVE('',#2477,#2506,#2801,.T.);
#1925=EDGE_CURVE('',#2506,#2507,#184,.T.);
#1926=EDGE_CURVE('',#2508,#2507,#2802,.T.);
#1927=EDGE_CURVE('',#2509,#2508,#2803,.T.);
#1928=EDGE_CURVE('',#2509,#2510,#2804,.F.);
#1929=EDGE_CURVE('',#2510,#2469,#2805,.F.);
#1930=EDGE_CURVE('',#2468,#2511,#2806,.T.);
#1931=EDGE_CURVE('',#2511,#2512,#303,.T.);
#1932=EDGE_CURVE('',#2512,#2488,#2807,.F.);
#1933=EDGE_CURVE('',#2486,#2513,#2808,.T.);
#1934=EDGE_CURVE('',#2513,#2514,#304,.T.);
#1935=EDGE_CURVE('',#2514,#2515,#2809,.F.);
#1936=EDGE_CURVE('',#2515,#2516,#2810,.T.);
#1937=EDGE_CURVE('',#2516,#2517,#2811,.T.);
#1938=EDGE_CURVE('',#2518,#2517,#185,.T.);
#1939=EDGE_CURVE('',#2519,#2518,#2812,.T.);
#1940=EDGE_CURVE('',#2519,#2520,#2813,.T.);
#1941=EDGE_CURVE('',#2520,#2521,#2814,.T.);
#1942=EDGE_CURVE('',#2521,#2522,#305,.T.);
#1943=EDGE_CURVE('',#2522,#2482,#2815,.T.);
#1944=EDGE_CURVE('',#2483,#2463,#2816,.T.);
#1945=EDGE_CURVE('',#2461,#2503,#2817,.T.);
#1946=EDGE_CURVE('',#2443,#2523,#2818,.T.);
#1947=EDGE_CURVE('',#2523,#2524,#2819,.T.);
#1948=EDGE_CURVE('',#2524,#2525,#2820,.T.);
#1949=EDGE_CURVE('',#2525,#2526,#2821,.T.);
#1950=EDGE_CURVE('',#2526,#2527,#2822,.T.);
#1951=EDGE_CURVE('',#2527,#2444,#366,.T.);
#1952=EDGE_CURVE('',#2445,#2528,#2823,.T.);
#1953=EDGE_CURVE('',#2528,#2529,#2824,.T.);
#1954=EDGE_CURVE('',#2529,#2446,#2825,.F.);
#1955=EDGE_CURVE('',#2530,#2531,#2826,.T.);
#1956=EDGE_CURVE('',#2530,#2532,#367,.F.);
#1957=EDGE_CURVE('',#2532,#2533,#2827,.F.);
#1958=EDGE_CURVE('',#2533,#2531,#368,.F.);
#1959=EDGE_CURVE('',#2534,#2535,#2828,.F.);
#1960=EDGE_CURVE('',#2535,#2536,#369,.F.);
#1961=EDGE_CURVE('',#2536,#2530,#306,.T.);
#1962=EDGE_CURVE('',#2531,#2537,#307,.T.);
#1963=EDGE_CURVE('',#2537,#2538,#370,.F.);
#1964=EDGE_CURVE('',#2538,#2539,#2829,.T.);
#1965=EDGE_CURVE('',#2539,#2540,#371,.F.);
#1966=EDGE_CURVE('',#2540,#2541,#2830,.F.);
#1967=EDGE_CURVE('',#2541,#2534,#372,.F.);
#1968=EDGE_CURVE('',#2542,#2543,#2831,.F.);
#1969=EDGE_CURVE('',#2543,#2544,#373,.F.);
#1970=EDGE_CURVE('',#2544,#2545,#2832,.T.);
#1971=EDGE_CURVE('',#2545,#2546,#374,.F.);
#1972=EDGE_CURVE('',#2546,#2547,#2833,.T.);
#1973=EDGE_CURVE('',#2547,#2548,#375,.F.);
#1974=EDGE_CURVE('',#2548,#2341,#308,.T.);
#1975=EDGE_CURVE('',#2340,#2549,#309,.T.);
#1976=EDGE_CURVE('',#2549,#2542,#376,.F.);
#1977=EDGE_CURVE('',#2550,#2551,#2834,.T.);
#1978=EDGE_CURVE('',#2551,#2509,#2835,.T.);
#1979=EDGE_CURVE('',#2441,#2508,#2836,.T.);
#1980=EDGE_CURVE('',#2440,#2552,#377,.F.);
#1981=EDGE_CURVE('',#2552,#2550,#2837,.T.);
#1982=EDGE_CURVE('',#2472,#2553,#2838,.T.);
#1983=EDGE_CURVE('',#2553,#2554,#2839,.T.);
#1984=EDGE_CURVE('',#2554,#2555,#2840,.F.);
#1985=EDGE_CURVE('',#2555,#2556,#2841,.T.);
#1986=EDGE_CURVE('',#2556,#2557,#2842,.T.);
#1987=EDGE_CURVE('',#2557,#2558,#310,.T.);
#1988=EDGE_CURVE('',#2558,#2487,#2843,.T.);
#1989=EDGE_CURVE('',#2491,#2559,#2844,.T.);
#1990=EDGE_CURVE('',#2559,#2560,#311,.T.);
#1991=EDGE_CURVE('',#2560,#2467,#2845,.T.);
#1992=EDGE_CURVE('',#2561,#2562,#2846,.T.);
#1993=EDGE_CURVE('',#2562,#2563,#2847,.T.);
#1994=EDGE_CURVE('',#2563,#2564,#186,.F.);
#1995=EDGE_CURVE('',#2564,#2561,#2848,.F.);
#1996=EDGE_CURVE('',#2565,#2566,#187,.F.);
#1997=EDGE_CURVE('',#2566,#2567,#2849,.T.);
#1998=EDGE_CURVE('',#2567,#2568,#2850,.T.);
#1999=EDGE_CURVE('',#2568,#2565,#2851,.F.);
#2000=EDGE_CURVE('',#2569,#2570,#2852,.T.);
#2001=EDGE_CURVE('',#2570,#2571,#2853,.F.);
#2002=EDGE_CURVE('',#2571,#2572,#312,.T.);
#2003=EDGE_CURVE('',#2572,#2462,#2854,.T.);
#2004=EDGE_CURVE('',#2466,#2485,#2855,.F.);
#2005=EDGE_CURVE('',#2573,#2484,#2856,.T.);
#2006=EDGE_CURVE('',#2573,#2574,#313,.T.);
#2007=EDGE_CURVE('',#2574,#2575,#2857,.F.);
#2008=EDGE_CURVE('',#2575,#2576,#2858,.T.);
#2009=EDGE_CURVE('',#2576,#2569,#2859,.T.);
#2010=EDGE_CURVE('',#2380,#2577,#2860,.T.);
#2011=EDGE_CURVE('',#2577,#2578,#2861,.T.);
#2012=EDGE_CURVE('',#2578,#2381,#2862,.F.);
#2013=EDGE_CURVE('',#2430,#2579,#2863,.T.);
#2014=EDGE_CURVE('',#2429,#2435,#2864,.T.);
#2015=EDGE_CURVE('',#2434,#2580,#2865,.T.);
#2016=EDGE_CURVE('',#2580,#2581,#2866,.T.);
#2017=EDGE_CURVE('',#2581,#2582,#2867,.T.);
#2018=EDGE_CURVE('',#2582,#2583,#2868,.T.);
#2019=EDGE_CURVE('',#2583,#2584,#2869,.T.);
#2020=EDGE_CURVE('',#2584,#2585,#2870,.T.);
#2021=EDGE_CURVE('',#2585,#2586,#2871,.T.);
#2022=EDGE_CURVE('',#2586,#2579,#2872,.T.);
#2023=EDGE_CURVE('',#2376,#2587,#2873,.T.);
#2024=EDGE_CURVE('',#2587,#2588,#2874,.T.);
#2025=EDGE_CURVE('',#2588,#2377,#2875,.F.);
#2026=EDGE_CURVE('',#2589,#2590,#2876,.F.);
#2027=EDGE_CURVE('',#2590,#2591,#2877,.T.);
#2028=EDGE_CURVE('',#2591,#2355,#2878,.T.);
#2029=EDGE_CURVE('',#2354,#2390,#2879,.T.);
#2030=EDGE_CURVE('',#2375,#2592,#2880,.T.);
#2031=EDGE_CURVE('',#2592,#2589,#2881,.T.);
#2032=EDGE_CURVE('',#2593,#2594,#2882,.F.);
#2033=EDGE_CURVE('',#2594,#2595,#2883,.F.);
#2034=EDGE_CURVE('',#2595,#2596,#2884,.T.);
#2035=EDGE_CURVE('',#2596,#2597,#2885,.T.);
#2036=EDGE_CURVE('',#2597,#2593,#2886,.F.);
#2037=EDGE_CURVE('',#2598,#2599,#2887,.T.);
#2038=EDGE_CURVE('',#2599,#2600,#2888,.F.);
#2039=EDGE_CURVE('',#2601,#2600,#2889,.T.);
#2040=EDGE_CURVE('',#2601,#2598,#2890,.T.);
#2041=EDGE_CURVE('',#2602,#2603,#2891,.F.);
#2042=EDGE_CURVE('',#2603,#2604,#2892,.F.);
#2043=EDGE_CURVE('',#2604,#2605,#2893,.F.);
#2044=EDGE_CURVE('',#2605,#2606,#2894,.T.);
#2045=EDGE_CURVE('',#2606,#2602,#2895,.T.);
#2046=EDGE_CURVE('',#2607,#2608,#2896,.T.);
#2047=EDGE_CURVE('',#2608,#2609,#2897,.T.);
#2048=EDGE_CURVE('',#2609,#2610,#2898,.T.);
#2049=EDGE_CURVE('',#2610,#2611,#2899,.T.);
#2050=EDGE_CURVE('',#2611,#2607,#2900,.F.);
#2051=EDGE_CURVE('',#2612,#2613,#2901,.F.);
#2052=EDGE_CURVE('',#2613,#2614,#2902,.T.);
#2053=EDGE_CURVE('',#2614,#2365,#2903,.T.);
#2054=EDGE_CURVE('',#2398,#2364,#2904,.T.);
#2055=EDGE_CURVE('',#2347,#2615,#2905,.T.);
#2056=EDGE_CURVE('',#2615,#2612,#2906,.T.);
#2057=EDGE_CURVE('',#2460,#2616,#2907,.T.);
#2058=EDGE_CURVE('',#2616,#2617,#2908,.T.);
#2059=EDGE_CURVE('',#2617,#2618,#2909,.T.);
#2060=EDGE_CURVE('',#2618,#2619,#2910,.T.);
#2061=EDGE_CURVE('',#2619,#2620,#2911,.T.);
#2062=EDGE_CURVE('',#2620,#2621,#2912,.T.);
#2063=EDGE_CURVE('',#2621,#2622,#2913,.T.);
#2064=EDGE_CURVE('',#2622,#2623,#2914,.T.);
#2065=EDGE_CURVE('',#2623,#2624,#2915,.T.);
#2066=EDGE_CURVE('',#2624,#2625,#2916,.T.);
#2067=EDGE_CURVE('',#2458,#2625,#2917,.T.);
#2068=EDGE_CURVE('',#2626,#2627,#2918,.F.);
#2069=EDGE_CURVE('',#2627,#2628,#2919,.T.);
#2070=EDGE_CURVE('',#2628,#2629,#2920,.T.);
#2071=EDGE_CURVE('',#2629,#2630,#2921,.T.);
#2072=EDGE_CURVE('',#2630,#2626,#2922,.T.);
#2073=EDGE_CURVE('',#2369,#2631,#2923,.F.);
#2074=EDGE_CURVE('',#2631,#2632,#2924,.F.);
#2075=EDGE_CURVE('',#2632,#2633,#2925,.T.);
#2076=EDGE_CURVE('',#2633,#2634,#2926,.T.);
#2077=EDGE_CURVE('',#2634,#2350,#2927,.F.);
#2078=EDGE_CURVE('',#2368,#2395,#2928,.T.);
#2079=EDGE_CURVE('',#2372,#2635,#2929,.F.);
#2080=EDGE_CURVE('',#2635,#2636,#2930,.T.);
#2081=EDGE_CURVE('',#2636,#2373,#2931,.T.);
#2082=EDGE_CURVE('',#2366,#2637,#2932,.F.);
#2083=EDGE_CURVE('',#2637,#2638,#2933,.T.);
#2084=EDGE_CURVE('',#2638,#2367,#2934,.T.);
#2085=EDGE_CURVE('',#2600,#2440,#378,.F.);
#2086=EDGE_CURVE('',#2439,#2601,#379,.F.);
#2087=EDGE_CURVE('',#2516,#2523,#2935,.T.);
#2088=EDGE_CURVE('',#2450,#2517,#2936,.T.);
#2089=EDGE_CURVE('',#2502,#2519,#2937,.T.);
#2090=EDGE_CURVE('',#2449,#2518,#2938,.T.);
#2091=EDGE_CURVE('',#2639,#2639,#314,.T.);
#2092=EDGE_CURVE('',#2640,#2640,#188,.T.);
#2093=EDGE_CURVE('',#2558,#2513,#189,.T.);
#2094=EDGE_CURVE('',#2641,#2641,#190,.F.);
#2095=EDGE_CURVE('',#2573,#2522,#191,.T.);
#2096=EDGE_CURVE('',#2642,#2642,#192,.F.);
#2097=EDGE_CURVE('',#2557,#2564,#315,.T.);
#2098=EDGE_CURVE('',#2563,#2514,#316,.T.);
#2099=EDGE_CURVE('',#2521,#2495,#317,.T.);
#2100=EDGE_CURVE('',#2494,#2574,#318,.T.);
#2101=EDGE_CURVE('',#2643,#2643,#193,.T.);
#2102=EDGE_CURVE('',#2436,#2507,#2939,.T.);
#2103=EDGE_CURVE('',#2437,#2506,#2940,.T.);
#2104=EDGE_CURVE('',#2644,#2644,#194,.T.);
#2105=EDGE_CURVE('',#2645,#2645,#195,.F.);
#2106=EDGE_CURVE('',#2511,#2560,#196,.T.);
#2107=EDGE_CURVE('',#2572,#2503,#197,.T.);
#2108=EDGE_CURVE('',#2646,#2646,#198,.F.);
#2109=EDGE_CURVE('',#2559,#2497,#319,.T.);
#2110=EDGE_CURVE('',#2496,#2512,#320,.T.);
#2111=EDGE_CURVE('',#2571,#2566,#321,.T.);
#2112=EDGE_CURVE('',#2565,#2504,#322,.T.);
#2113=EDGE_CURVE('',#2647,#2647,#199,.F.);
#2114=EDGE_CURVE('',#2625,#2416,#2941,.T.);
#2115=EDGE_CURVE('',#2457,#2415,#2942,.T.);
#2116=EDGE_CURVE('',#2459,#2414,#2943,.T.);
#2117=EDGE_CURVE('',#2413,#2616,#2944,.T.);
#2118=EDGE_CURVE('',#2567,#2648,#380,.F.);
#2119=EDGE_CURVE('',#2479,#2648,#2945,.F.);
#2120=EDGE_CURVE('',#2505,#2568,#381,.F.);
#2121=EDGE_CURVE('',#2649,#2480,#2946,.F.);
#2122=EDGE_CURVE('',#2649,#2301,#382,.F.);
#2123=EDGE_CURVE('',#2300,#2594,#383,.T.);
#2124=EDGE_CURVE('',#2593,#2481,#384,.T.);
#2125=EDGE_CURVE('',#2648,#2570,#385,.F.);
#2126=EDGE_CURVE('',#2569,#2649,#386,.F.);
#2127=EDGE_CURVE('',#2306,#2650,#387,.F.);
#2128=EDGE_CURVE('',#2550,#2650,#2947,.T.);
#2129=EDGE_CURVE('',#2552,#2605,#388,.T.);
#2130=EDGE_CURVE('',#2604,#2307,#389,.T.);
#2131=EDGE_CURVE('',#2553,#2651,#390,.F.);
#2132=EDGE_CURVE('',#2551,#2651,#2948,.F.);
#2133=EDGE_CURVE('',#2650,#2554,#391,.F.);
#2134=EDGE_CURVE('',#2475,#2510,#392,.F.);
#2135=EDGE_CURVE('',#2651,#2476,#393,.F.);
#2136=EDGE_CURVE('',#2652,#2501,#2949,.T.);
#2137=EDGE_CURVE('',#2652,#2520,#394,.T.);
#2138=EDGE_CURVE('',#2653,#2500,#2950,.F.);
#2139=EDGE_CURVE('',#2653,#2493,#395,.T.);
#2140=EDGE_CURVE('',#2492,#2652,#396,.T.);
#2141=EDGE_CURVE('',#2575,#2653,#397,.T.);
#2142=EDGE_CURVE('',#2654,#2499,#2951,.F.);
#2143=EDGE_CURVE('',#2654,#2576,#398,.T.);
#2144=EDGE_CURVE('',#2294,#2654,#399,.T.);
#2145=EDGE_CURVE('',#2498,#2629,#400,.F.);
#2146=EDGE_CURVE('',#2628,#2295,#401,.F.);
#2147=EDGE_CURVE('',#2655,#2526,#2952,.T.);
#2148=EDGE_CURVE('',#2655,#2305,#402,.T.);
#2149=EDGE_CURVE('',#2304,#2608,#403,.F.);
#2150=EDGE_CURVE('',#2607,#2527,#404,.F.);
#2151=EDGE_CURVE('',#2656,#2525,#2953,.F.);
#2152=EDGE_CURVE('',#2656,#2556,#405,.T.);
#2153=EDGE_CURVE('',#2555,#2655,#406,.T.);
#2154=EDGE_CURVE('',#2657,#2524,#2954,.F.);
#2155=EDGE_CURVE('',#2657,#2562,#407,.T.);
#2156=EDGE_CURVE('',#2561,#2656,#408,.T.);
#2157=EDGE_CURVE('',#2515,#2657,#409,.T.);
#2158=EDGE_CURVE('',#2412,#2658,#410,.T.);
#2159=EDGE_CURVE('',#2617,#2658,#2955,.F.);
#2160=EDGE_CURVE('',#2420,#2659,#411,.T.);
#2161=EDGE_CURVE('',#2618,#2659,#2956,.F.);
#2162=EDGE_CURVE('',#2658,#2421,#412,.T.);
#2163=EDGE_CURVE('',#2659,#2634,#413,.T.);
#2164=EDGE_CURVE('',#2633,#2660,#414,.T.);
#2165=EDGE_CURVE('',#2619,#2660,#2957,.F.);
#2166=EDGE_CURVE('',#2630,#2661,#415,.T.);
#2167=EDGE_CURVE('',#2620,#2661,#2958,.F.);
#2168=EDGE_CURVE('',#2660,#2626,#416,.T.);
#2169=EDGE_CURVE('',#2528,#2662,#417,.T.);
#2170=EDGE_CURVE('',#2621,#2662,#2959,.F.);
#2171=EDGE_CURVE('',#2661,#2529,#418,.T.);
#2172=EDGE_CURVE('',#2610,#2663,#419,.T.);
#2173=EDGE_CURVE('',#2622,#2663,#2960,.F.);
#2174=EDGE_CURVE('',#2662,#2611,#420,.T.);
#2175=EDGE_CURVE('',#2664,#2624,#2961,.F.);
#2176=EDGE_CURVE('',#2664,#2417,#421,.T.);
#2177=EDGE_CURVE('',#2615,#2665,#422,.T.);
#2178=EDGE_CURVE('',#2623,#2665,#2962,.F.);
#2179=EDGE_CURVE('',#2663,#2612,#423,.T.);
#2180=EDGE_CURVE('',#2418,#2664,#424,.T.);
#2181=EDGE_CURVE('',#2665,#2419,#425,.T.);
#2182=EDGE_CURVE('',#2577,#2666,#426,.F.);
#2183=EDGE_CURVE('',#2580,#2666,#2963,.F.);
#2184=EDGE_CURVE('',#2433,#2578,#427,.F.);
#2185=EDGE_CURVE('',#2666,#2385,#428,.F.);
#2186=EDGE_CURVE('',#2384,#2667,#429,.F.);
#2187=EDGE_CURVE('',#2581,#2667,#2964,.F.);
#2188=EDGE_CURVE('',#2668,#2586,#2965,.T.);
#2189=EDGE_CURVE('',#2668,#2324,#430,.F.);
#2190=EDGE_CURVE('',#2579,#2323,#2966,.F.);
#2191=EDGE_CURVE('',#2606,#2669,#431,.F.);
#2192=EDGE_CURVE('',#2582,#2669,#2967,.F.);
#2193=EDGE_CURVE('',#2667,#2602,#432,.F.);
#2194=EDGE_CURVE('',#2587,#2668,#433,.F.);
#2195=EDGE_CURVE('',#2670,#2585,#2968,.T.);
#2196=EDGE_CURVE('',#2670,#2588,#434,.F.);
#2197=EDGE_CURVE('',#2669,#2599,#435,.F.);
#2198=EDGE_CURVE('',#2598,#2671,#436,.F.);
#2199=EDGE_CURVE('',#2583,#2671,#2969,.F.);
#2200=EDGE_CURVE('',#2592,#2670,#437,.F.);
#2201=EDGE_CURVE('',#2672,#2584,#2970,.F.);
#2202=EDGE_CURVE('',#2672,#2589,#438,.F.);
#2203=EDGE_CURVE('',#2596,#2672,#439,.F.);
#2204=EDGE_CURVE('',#2671,#2597,#440,.F.);
#2205=EDGE_CURVE('',#2427,#2322,#2971,.T.);
#2206=EDGE_CURVE('',#2428,#2321,#2972,.T.);
#2207=EDGE_CURVE('',#2673,#2673,#323,.T.);
#2208=EDGE_CURVE('',#2425,#2674,#441,.F.);
#2209=EDGE_CURVE('',#2674,#2382,#324,.T.);
#2210=EDGE_CURVE('',#2383,#2675,#325,.T.);
#2211=EDGE_CURVE('',#2675,#2603,#442,.F.);
#2212=EDGE_CURVE('',#2312,#2676,#443,.F.);
#2213=EDGE_CURVE('',#2676,#2424,#444,.F.);
#2214=EDGE_CURVE('',#2638,#2677,#445,.F.);
#2215=EDGE_CURVE('',#2677,#2402,#446,.F.);
#2216=EDGE_CURVE('',#2614,#2678,#326,.T.);
#2217=EDGE_CURVE('',#2678,#2637,#447,.F.);
#2218=EDGE_CURVE('',#2609,#2679,#448,.F.);
#2219=EDGE_CURVE('',#2679,#2613,#327,.T.);
#2220=EDGE_CURVE('',#2423,#2680,#449,.F.);
#2221=EDGE_CURVE('',#2680,#2331,#450,.F.);
#2222=EDGE_CURVE('',#2636,#2681,#451,.F.);
#2223=EDGE_CURVE('',#2681,#2631,#328,.T.);
#2224=EDGE_CURVE('',#2411,#2682,#452,.F.);
#2225=EDGE_CURVE('',#2682,#2635,#453,.F.);
#2226=EDGE_CURVE('',#2632,#2683,#329,.T.);
#2227=EDGE_CURVE('',#2683,#2627,#454,.F.);
#2228=EDGE_CURVE('',#2591,#2684,#330,.T.);
#2229=EDGE_CURVE('',#2684,#2422,#455,.F.);
#2230=EDGE_CURVE('',#2595,#2685,#456,.F.);
#2231=EDGE_CURVE('',#2685,#2590,#331,.T.);
#2232=EDGE_CURVE('',#2686,#2687,#2973,.F.);
#2233=EDGE_CURVE('',#2687,#2302,#332,.T.);
#2234=EDGE_CURVE('',#2309,#2688,#333,.T.);
#2235=EDGE_CURVE('',#2688,#2689,#2974,.F.);
#2236=EDGE_CURVE('',#2689,#2545,#334,.T.);
#2237=EDGE_CURVE('',#2544,#2686,#335,.T.);
#2238=EDGE_CURVE('',#2297,#2690,#336,.T.);
#2239=EDGE_CURVE('',#2690,#2691,#2975,.T.);
#2240=EDGE_CURVE('',#2691,#2541,#337,.T.);
#2241=EDGE_CURVE('',#2540,#2692,#338,.T.);
#2242=EDGE_CURVE('',#2692,#2693,#2976,.T.);
#2243=EDGE_CURVE('',#2693,#2298,#339,.T.);
#2244=EDGE_CURVE('',#2404,#2310,#2977,.F.);
#2245=EDGE_CURVE('',#2337,#2405,#2978,.T.);
#2246=EDGE_CURVE('',#2333,#2409,#2979,.T.);
#2247=EDGE_CURVE('',#2408,#2334,#2980,.F.);
#2248=EDGE_CURVE('',#2335,#2407,#2981,.T.);
#2249=EDGE_CURVE('',#2406,#2336,#2982,.F.);
#2250=EDGE_CURVE('',#2308,#2603,#200,.T.);
#2251=EDGE_CURVE('',#2309,#2675,#201,.T.);
#2252=EDGE_CURVE('',#2688,#2383,#202,.T.);
#2253=EDGE_CURVE('',#2689,#2382,#203,.T.);
#2254=EDGE_CURVE('',#2545,#2674,#204,.T.);
#2255=EDGE_CURVE('',#2546,#2425,#205,.T.);
#2256=EDGE_CURVE('',#2547,#2424,#206,.T.);
#2257=EDGE_CURVE('',#2548,#2676,#340,.T.);
#2258=EDGE_CURVE('',#2312,#2694,#207,.T.);
#2259=EDGE_CURVE('',#2694,#2311,#457,.T.);
#2260=EDGE_CURVE('',#2338,#2694,#341,.F.);
#2261=EDGE_CURVE('',#2403,#2695,#458,.T.);
#2262=EDGE_CURVE('',#2695,#2402,#208,.T.);
#2263=EDGE_CURVE('',#2339,#2695,#342,.F.);
#2264=EDGE_CURVE('',#2549,#2677,#343,.T.);
#2265=EDGE_CURVE('',#2542,#2638,#209,.T.);
#2266=EDGE_CURVE('',#2543,#2637,#210,.T.);
#2267=EDGE_CURVE('',#2544,#2678,#211,.T.);
#2268=EDGE_CURVE('',#2686,#2614,#212,.T.);
#2269=EDGE_CURVE('',#2687,#2613,#213,.T.);
#2270=EDGE_CURVE('',#2302,#2679,#214,.T.);
#2271=EDGE_CURVE('',#2303,#2609,#215,.T.);
#2272=EDGE_CURVE('',#2595,#2299,#216,.T.);
#2273=EDGE_CURVE('',#2685,#2298,#217,.T.);
#2274=EDGE_CURVE('',#2590,#2693,#218,.T.);
#2275=EDGE_CURVE('',#2591,#2692,#219,.T.);
#2276=EDGE_CURVE('',#2296,#2627,#220,.T.);
#2277=EDGE_CURVE('',#2684,#2540,#221,.T.);
#2278=EDGE_CURVE('',#2297,#2683,#222,.T.);
#2279=EDGE_CURVE('',#2422,#2539,#223,.T.);
#2280=EDGE_CURVE('',#2690,#2632,#224,.T.);
#2281=EDGE_CURVE('',#2423,#2538,#225,.T.);
#2282=EDGE_CURVE('',#2691,#2631,#226,.T.);
#2283=EDGE_CURVE('',#2680,#2537,#344,.F.);
#2284=EDGE_CURVE('',#2541,#2681,#227,.T.);
#2285=EDGE_CURVE('',#2331,#2696,#228,.T.);
#2286=EDGE_CURVE('',#2696,#2533,#345,.T.);
#2287=EDGE_CURVE('',#2332,#2696,#459,.F.);
#2288=EDGE_CURVE('',#2534,#2636,#229,.T.);
#2289=EDGE_CURVE('',#2410,#2697,#460,.T.);
#2290=EDGE_CURVE('',#2697,#2532,#346,.T.);
#2291=EDGE_CURVE('',#2411,#2697,#230,.T.);
#2292=EDGE_CURVE('',#2535,#2635,#231,.T.);
#2293=EDGE_CURVE('',#2682,#2536,#347,.F.);
#2294=VERTEX_POINT('',#5634);
#2295=VERTEX_POINT('',#5635);
#2296=VERTEX_POINT('',#5637);
#2297=VERTEX_POINT('',#5639);
#2298=VERTEX_POINT('',#5643);
#2299=VERTEX_POINT('',#5644);
#2300=VERTEX_POINT('',#5646);
#2301=VERTEX_POINT('',#5648);
#2302=VERTEX_POINT('',#5652);
#2303=VERTEX_POINT('',#5653);
#2304=VERTEX_POINT('',#5655);
#2305=VERTEX_POINT('',#5657);
#2306=VERTEX_POINT('',#5661);
#2307=VERTEX_POINT('',#5662);
#2308=VERTEX_POINT('',#5664);
#2309=VERTEX_POINT('',#5666);
#2310=VERTEX_POINT('',#5670);
#2311=VERTEX_POINT('',#5671);
#2312=VERTEX_POINT('',#5673);
#2313=VERTEX_POINT('',#5675);
#2314=VERTEX_POINT('',#5680);
#2315=VERTEX_POINT('',#5682);
#2316=VERTEX_POINT('',#5687);
#2317=VERTEX_POINT('',#5689);
#2318=VERTEX_POINT('',#5694);
#2319=VERTEX_POINT('',#5696);
#2320=VERTEX_POINT('',#5698);
#2321=VERTEX_POINT('',#5700);
#2322=VERTEX_POINT('',#5702);
#2323=VERTEX_POINT('',#5704);
#2324=VERTEX_POINT('',#5706);
#2325=VERTEX_POINT('',#5708);
#2326=VERTEX_POINT('',#5713);
#2327=VERTEX_POINT('',#5715);
#2328=VERTEX_POINT('',#5720);
#2329=VERTEX_POINT('',#5722);
#2330=VERTEX_POINT('',#5727);
#2331=VERTEX_POINT('',#5729);
#2332=VERTEX_POINT('',#5731);
#2333=VERTEX_POINT('',#5733);
#2334=VERTEX_POINT('',#5735);
#2335=VERTEX_POINT('',#5737);
#2336=VERTEX_POINT('',#5739);
#2337=VERTEX_POINT('',#5741);
#2338=VERTEX_POINT('',#5745);
#2339=VERTEX_POINT('',#5746);
#2340=VERTEX_POINT('',#5748);
#2341=VERTEX_POINT('',#5750);
#2342=VERTEX_POINT('',#5754);
#2343=VERTEX_POINT('',#5755);
#2344=VERTEX_POINT('',#5760);
#2345=VERTEX_POINT('',#5767);
#2346=VERTEX_POINT('',#5769);
#2347=VERTEX_POINT('',#5776);
#2348=VERTEX_POINT('',#5783);
#2349=VERTEX_POINT('',#5784);
#2350=VERTEX_POINT('',#5789);
#2351=VERTEX_POINT('',#5796);
#2352=VERTEX_POINT('',#5798);
#2353=VERTEX_POINT('',#5805);
#2354=VERTEX_POINT('',#5812);
#2355=VERTEX_POINT('',#5817);
#2356=VERTEX_POINT('',#5824);
#2357=VERTEX_POINT('',#5826);
#2358=VERTEX_POINT('',#5835);
#2359=VERTEX_POINT('',#5842);
#2360=VERTEX_POINT('',#5844);
#2361=VERTEX_POINT('',#5851);
#2362=VERTEX_POINT('',#5861);
#2363=VERTEX_POINT('',#5862);
#2364=VERTEX_POINT('',#5864);
#2365=VERTEX_POINT('',#5869);
#2366=VERTEX_POINT('',#5876);
#2367=VERTEX_POINT('',#5878);
#2368=VERTEX_POINT('',#5890);
#2369=VERTEX_POINT('',#5891);
#2370=VERTEX_POINT('',#5893);
#2371=VERTEX_POINT('',#5898);
#2372=VERTEX_POINT('',#5905);
#2373=VERTEX_POINT('',#5907);
#2374=VERTEX_POINT('',#5919);
#2375=VERTEX_POINT('',#5920);
#2376=VERTEX_POINT('',#5928);
#2377=VERTEX_POINT('',#5930);
#2378=VERTEX_POINT('',#5939);
#2379=VERTEX_POINT('',#5944);
#2380=VERTEX_POINT('',#5951);
#2381=VERTEX_POINT('',#5953);
#2382=VERTEX_POINT('',#5962);
#2383=VERTEX_POINT('',#5964);
#2384=VERTEX_POINT('',#5966);
#2385=VERTEX_POINT('',#5968);
#2386=VERTEX_POINT('',#5971);
#2387=VERTEX_POINT('',#5976);
#2388=VERTEX_POINT('',#5980);
#2389=VERTEX_POINT('',#5985);
#2390=VERTEX_POINT('',#5987);
#2391=VERTEX_POINT('',#5989);
#2392=VERTEX_POINT('',#5996);
#2393=VERTEX_POINT('',#6001);
#2394=VERTEX_POINT('',#6002);
#2395=VERTEX_POINT('',#6004);
#2396=VERTEX_POINT('',#6009);
#2397=VERTEX_POINT('',#6013);
#2398=VERTEX_POINT('',#6018);
#2399=VERTEX_POINT('',#6019);
#2400=VERTEX_POINT('',#6021);
#2401=VERTEX_POINT('',#6026);
#2402=VERTEX_POINT('',#6030);
#2403=VERTEX_POINT('',#6032);
#2404=VERTEX_POINT('',#6034);
#2405=VERTEX_POINT('',#6036);
#2406=VERTEX_POINT('',#6038);
#2407=VERTEX_POINT('',#6040);
#2408=VERTEX_POINT('',#6042);
#2409=VERTEX_POINT('',#6044);
#2410=VERTEX_POINT('',#6046);
#2411=VERTEX_POINT('',#6048);
#2412=VERTEX_POINT('',#6053);
#2413=VERTEX_POINT('',#6055);
#2414=VERTEX_POINT('',#6057);
#2415=VERTEX_POINT('',#6059);
#2416=VERTEX_POINT('',#6061);
#2417=VERTEX_POINT('',#6063);
#2418=VERTEX_POINT('',#6076);
#2419=VERTEX_POINT('',#6078);
#2420=VERTEX_POINT('',#6082);
#2421=VERTEX_POINT('',#6084);
#2422=VERTEX_POINT('',#6088);
#2423=VERTEX_POINT('',#6090);
#2424=VERTEX_POINT('',#6094);
#2425=VERTEX_POINT('',#6096);
#2426=VERTEX_POINT('',#6118);
#2427=VERTEX_POINT('',#6130);
#2428=VERTEX_POINT('',#6131);
#2429=VERTEX_POINT('',#6133);
#2430=VERTEX_POINT('',#6135);
#2431=VERTEX_POINT('',#6138);
#2432=VERTEX_POINT('',#6150);
#2433=VERTEX_POINT('',#6153);
#2434=VERTEX_POINT('',#6155);
#2435=VERTEX_POINT('',#6157);
#2436=VERTEX_POINT('',#6171);
#2437=VERTEX_POINT('',#6172);
#2438=VERTEX_POINT('',#6174);
#2439=VERTEX_POINT('',#6176);
#2440=VERTEX_POINT('',#6178);
#2441=VERTEX_POINT('',#6180);
#2442=VERTEX_POINT('',#6201);
#2443=VERTEX_POINT('',#6203);
#2444=VERTEX_POINT('',#6204);
#2445=VERTEX_POINT('',#6209);
#2446=VERTEX_POINT('',#6211);
#2447=VERTEX_POINT('',#6216);
#2448=VERTEX_POINT('',#6218);
#2449=VERTEX_POINT('',#6220);
#2450=VERTEX_POINT('',#6232);
#2451=VERTEX_POINT('',#6245);
#2452=VERTEX_POINT('',#6257);
#2453=VERTEX_POINT('',#6269);
#2454=VERTEX_POINT('',#6282);
#2455=VERTEX_POINT('',#6294);
#2456=VERTEX_POINT('',#6296);
#2457=VERTEX_POINT('',#6298);
#2458=VERTEX_POINT('',#6299);
#2459=VERTEX_POINT('',#6311);
#2460=VERTEX_POINT('',#6313);
#2461=VERTEX_POINT('',#6317);
#2462=VERTEX_POINT('',#6318);
#2463=VERTEX_POINT('',#6323);
#2464=VERTEX_POINT('',#6331);
#2465=VERTEX_POINT('',#6333);
#2466=VERTEX_POINT('',#6341);
#2467=VERTEX_POINT('',#6348);
#2468=VERTEX_POINT('',#6349);
#2469=VERTEX_POINT('',#6354);
#2470=VERTEX_POINT('',#6362);
#2471=VERTEX_POINT('',#6364);
#2472=VERTEX_POINT('',#6372);
#2473=VERTEX_POINT('',#6379);
#2474=VERTEX_POINT('',#6380);
#2475=VERTEX_POINT('',#6385);
#2476=VERTEX_POINT('',#6387);
#2477=VERTEX_POINT('',#6391);
#2478=VERTEX_POINT('',#6392);
#2479=VERTEX_POINT('',#6394);
#2480=VERTEX_POINT('',#6396);
#2481=VERTEX_POINT('',#6398);
#2482=VERTEX_POINT('',#6406);
#2483=VERTEX_POINT('',#6407);
#2484=VERTEX_POINT('',#6409);
#2485=VERTEX_POINT('',#6414);
#2486=VERTEX_POINT('',#6431);
#2487=VERTEX_POINT('',#6432);
#2488=VERTEX_POINT('',#6437);
#2489=VERTEX_POINT('',#6445);
#2490=VERTEX_POINT('',#6447);
#2491=VERTEX_POINT('',#6455);
#2492=VERTEX_POINT('',#6462);
#2493=VERTEX_POINT('',#6463);
#2494=VERTEX_POINT('',#6465);
#2495=VERTEX_POINT('',#6467);
#2496=VERTEX_POINT('',#6471);
#2497=VERTEX_POINT('',#6473);
#2498=VERTEX_POINT('',#6477);
#2499=VERTEX_POINT('',#6479);
#2500=VERTEX_POINT('',#6481);
#2501=VERTEX_POINT('',#6483);
#2502=VERTEX_POINT('',#6485);
#2503=VERTEX_POINT('',#6492);
#2504=VERTEX_POINT('',#6493);
#2505=VERTEX_POINT('',#6495);
#2506=VERTEX_POINT('',#6498);
#2507=VERTEX_POINT('',#6500);
#2508=VERTEX_POINT('',#6502);
#2509=VERTEX_POINT('',#6504);
#2510=VERTEX_POINT('',#6506);
#2511=VERTEX_POINT('',#6509);
#2512=VERTEX_POINT('',#6514);
#2513=VERTEX_POINT('',#6517);
#2514=VERTEX_POINT('',#6522);
#2515=VERTEX_POINT('',#6524);
#2516=VERTEX_POINT('',#6526);
#2517=VERTEX_POINT('',#6528);
#2518=VERTEX_POINT('',#6530);
#2519=VERTEX_POINT('',#6532);
#2520=VERTEX_POINT('',#6534);
#2521=VERTEX_POINT('',#6536);
#2522=VERTEX_POINT('',#6541);
#2523=VERTEX_POINT('',#6547);
#2524=VERTEX_POINT('',#6549);
#2525=VERTEX_POINT('',#6551);
#2526=VERTEX_POINT('',#6553);
#2527=VERTEX_POINT('',#6555);
#2528=VERTEX_POINT('',#6559);
#2529=VERTEX_POINT('',#6561);
#2530=VERTEX_POINT('',#6565);
#2531=VERTEX_POINT('',#6566);
#2532=VERTEX_POINT('',#6568);
#2533=VERTEX_POINT('',#6570);
#2534=VERTEX_POINT('',#6574);
#2535=VERTEX_POINT('',#6575);
#2536=VERTEX_POINT('',#6577);
#2537=VERTEX_POINT('',#6586);
#2538=VERTEX_POINT('',#6588);
#2539=VERTEX_POINT('',#6590);
#2540=VERTEX_POINT('',#6592);
#2541=VERTEX_POINT('',#6594);
#2542=VERTEX_POINT('',#6598);
#2543=VERTEX_POINT('',#6599);
#2544=VERTEX_POINT('',#6601);
#2545=VERTEX_POINT('',#6603);
#2546=VERTEX_POINT('',#6605);
#2547=VERTEX_POINT('',#6607);
#2548=VERTEX_POINT('',#6609);
#2549=VERTEX_POINT('',#6618);
#2550=VERTEX_POINT('',#6622);
#2551=VERTEX_POINT('',#6623);
#2552=VERTEX_POINT('',#6627);
#2553=VERTEX_POINT('',#6631);
#2554=VERTEX_POINT('',#6633);
#2555=VERTEX_POINT('',#6635);
#2556=VERTEX_POINT('',#6637);
#2557=VERTEX_POINT('',#6639);
#2558=VERTEX_POINT('',#6644);
#2559=VERTEX_POINT('',#6647);
#2560=VERTEX_POINT('',#6652);
#2561=VERTEX_POINT('',#6656);
#2562=VERTEX_POINT('',#6657);
#2563=VERTEX_POINT('',#6659);
#2564=VERTEX_POINT('',#6661);
#2565=VERTEX_POINT('',#6665);
#2566=VERTEX_POINT('',#6666);
#2567=VERTEX_POINT('',#6668);
#2568=VERTEX_POINT('',#6670);
#2569=VERTEX_POINT('',#6674);
#2570=VERTEX_POINT('',#6675);
#2571=VERTEX_POINT('',#6677);
#2572=VERTEX_POINT('',#6682);
#2573=VERTEX_POINT('',#6686);
#2574=VERTEX_POINT('',#6691);
#2575=VERTEX_POINT('',#6693);
#2576=VERTEX_POINT('',#6695);
#2577=VERTEX_POINT('',#6699);
#2578=VERTEX_POINT('',#6701);
#2579=VERTEX_POINT('',#6705);
#2580=VERTEX_POINT('',#6708);
#2581=VERTEX_POINT('',#6710);
#2582=VERTEX_POINT('',#6712);
#2583=VERTEX_POINT('',#6714);
#2584=VERTEX_POINT('',#6716);
#2585=VERTEX_POINT('',#6718);
#2586=VERTEX_POINT('',#6720);
#2587=VERTEX_POINT('',#6724);
#2588=VERTEX_POINT('',#6726);
#2589=VERTEX_POINT('',#6730);
#2590=VERTEX_POINT('',#6731);
#2591=VERTEX_POINT('',#6733);
#2592=VERTEX_POINT('',#6737);
#2593=VERTEX_POINT('',#6741);
#2594=VERTEX_POINT('',#6742);
#2595=VERTEX_POINT('',#6744);
#2596=VERTEX_POINT('',#6746);
#2597=VERTEX_POINT('',#6748);
#2598=VERTEX_POINT('',#6752);
#2599=VERTEX_POINT('',#6753);
#2600=VERTEX_POINT('',#6755);
#2601=VERTEX_POINT('',#6757);
#2602=VERTEX_POINT('',#6761);
#2603=VERTEX_POINT('',#6762);
#2604=VERTEX_POINT('',#6764);
#2605=VERTEX_POINT('',#6766);
#2606=VERTEX_POINT('',#6768);
#2607=VERTEX_POINT('',#6772);
#2608=VERTEX_POINT('',#6773);
#2609=VERTEX_POINT('',#6775);
#2610=VERTEX_POINT('',#6777);
#2611=VERTEX_POINT('',#6779);
#2612=VERTEX_POINT('',#6783);
#2613=VERTEX_POINT('',#6784);
#2614=VERTEX_POINT('',#6786);
#2615=VERTEX_POINT('',#6790);
#2616=VERTEX_POINT('',#6794);
#2617=VERTEX_POINT('',#6796);
#2618=VERTEX_POINT('',#6798);
#2619=VERTEX_POINT('',#6800);
#2620=VERTEX_POINT('',#6802);
#2621=VERTEX_POINT('',#6804);
#2622=VERTEX_POINT('',#6806);
#2623=VERTEX_POINT('',#6808);
#2624=VERTEX_POINT('',#6810);
#2625=VERTEX_POINT('',#6812);
#2626=VERTEX_POINT('',#6816);
#2627=VERTEX_POINT('',#6817);
#2628=VERTEX_POINT('',#6819);
#2629=VERTEX_POINT('',#6821);
#2630=VERTEX_POINT('',#6823);
#2631=VERTEX_POINT('',#6827);
#2632=VERTEX_POINT('',#6829);
#2633=VERTEX_POINT('',#6831);
#2634=VERTEX_POINT('',#6833);
#2635=VERTEX_POINT('',#6838);
#2636=VERTEX_POINT('',#6840);
#2637=VERTEX_POINT('',#6844);
#2638=VERTEX_POINT('',#6846);
#2639=VERTEX_POINT('',#6897);
#2640=VERTEX_POINT('',#6899);
#2641=VERTEX_POINT('',#6903);
#2642=VERTEX_POINT('',#6907);
#2643=VERTEX_POINT('',#6977);
#2644=VERTEX_POINT('',#6985);
#2645=VERTEX_POINT('',#6988);
#2646=VERTEX_POINT('',#6993);
#2647=VERTEX_POINT('',#7026);
#2648=VERTEX_POINT('',#7038);
#2649=VERTEX_POINT('',#7043);
#2650=VERTEX_POINT('',#7052);
#2651=VERTEX_POINT('',#7058);
#2652=VERTEX_POINT('',#7066);
#2653=VERTEX_POINT('',#7070);
#2654=VERTEX_POINT('',#7076);
#2655=VERTEX_POINT('',#7084);
#2656=VERTEX_POINT('',#7090);
#2657=VERTEX_POINT('',#7095);
#2658=VERTEX_POINT('',#7102);
#2659=VERTEX_POINT('',#7106);
#2660=VERTEX_POINT('',#7112);
#2661=VERTEX_POINT('',#7116);
#2662=VERTEX_POINT('',#7121);
#2663=VERTEX_POINT('',#7126);
#2664=VERTEX_POINT('',#7131);
#2665=VERTEX_POINT('',#7135);
#2666=VERTEX_POINT('',#7143);
#2667=VERTEX_POINT('',#7149);
#2668=VERTEX_POINT('',#7153);
#2669=VERTEX_POINT('',#7158);
#2670=VERTEX_POINT('',#7164);
#2671=VERTEX_POINT('',#7169);
#2672=VERTEX_POINT('',#7174);
#2673=VERTEX_POINT('',#7236);
#2674=VERTEX_POINT('',#7287);
#2675=VERTEX_POINT('',#7298);
#2676=VERTEX_POINT('',#7302);
#2677=VERTEX_POINT('',#7307);
#2678=VERTEX_POINT('',#7315);
#2679=VERTEX_POINT('',#7320);
#2680=VERTEX_POINT('',#7340);
#2681=VERTEX_POINT('',#7345);
#2682=VERTEX_POINT('',#7353);
#2683=VERTEX_POINT('',#7362);
#2684=VERTEX_POINT('',#7369);
#2685=VERTEX_POINT('',#7374);
#2686=VERTEX_POINT('',#7382);
#2687=VERTEX_POINT('',#7383);
#2688=VERTEX_POINT('',#7392);
#2689=VERTEX_POINT('',#7394);
#2690=VERTEX_POINT('',#7408);
#2691=VERTEX_POINT('',#7410);
#2692=VERTEX_POINT('',#7419);
#2693=VERTEX_POINT('',#7421);
#2694=VERTEX_POINT('',#7511);
#2695=VERTEX_POINT('',#7531);
#2696=VERTEX_POINT('',#7754);
#2697=VERTEX_POINT('',#7776);
#2698=LINE('',#5633,#2983);
#2699=LINE('',#5636,#2984);
#2700=LINE('',#5640,#2985);
#2701=LINE('',#5645,#2986);
#2702=LINE('',#5647,#2987);
#2703=LINE('',#5649,#2988);
#2704=LINE('',#5654,#2989);
#2705=LINE('',#5656,#2990);
#2706=LINE('',#5658,#2991);
#2707=LINE('',#5660,#2992);
#2708=LINE('',#5663,#2993);
#2709=LINE('',#5667,#2994);
#2710=LINE('',#5672,#2995);
#2711=LINE('',#5674,#2996);
#2712=LINE('',#5681,#2997);
#2713=LINE('',#5688,#2998);
#2714=LINE('',#5695,#2999);
#2715=LINE('',#5697,#3000);
#2716=LINE('',#5699,#3001);
#2717=LINE('',#5703,#3002);
#2718=LINE('',#5705,#3003);
#2719=LINE('',#5707,#3004);
#2720=LINE('',#5714,#3005);
#2721=LINE('',#5721,#3006);
#2722=LINE('',#5728,#3007);
#2723=LINE('',#5730,#3008);
#2724=LINE('',#5734,#3009);
#2725=LINE('',#5738,#3010);
#2726=LINE('',#5742,#3011);
#2727=LINE('',#5744,#3012);
#2728=LINE('',#5749,#3013);
#2729=LINE('',#5961,#3014);
#2730=LINE('',#5963,#3015);
#2731=LINE('',#5965,#3016);
#2732=LINE('',#5967,#3017);
#2733=LINE('',#5969,#3018);
#2734=LINE('',#5970,#3019);
#2735=LINE('',#5977,#3020);
#2736=LINE('',#6029,#3021);
#2737=LINE('',#6031,#3022);
#2738=LINE('',#6035,#3023);
#2739=LINE('',#6039,#3024);
#2740=LINE('',#6043,#3025);
#2741=LINE('',#6047,#3026);
#2742=LINE('',#6049,#3027);
#2743=LINE('',#6050,#3028);
#2744=LINE('',#6051,#3029);
#2745=LINE('',#6052,#3030);
#2746=LINE('',#6054,#3031);
#2747=LINE('',#6056,#3032);
#2748=LINE('',#6060,#3033);
#2749=LINE('',#6062,#3034);
#2750=LINE('',#6064,#3035);
#2751=LINE('',#6065,#3036);
#2752=LINE('',#6066,#3037);
#2753=LINE('',#6069,#3038);
#2754=LINE('',#6071,#3039);
#2755=LINE('',#6073,#3040);
#2756=LINE('',#6075,#3041);
#2757=LINE('',#6077,#3042);
#2758=LINE('',#6079,#3043);
#2759=LINE('',#6081,#3044);
#2760=LINE('',#6083,#3045);
#2761=LINE('',#6085,#3046);
#2762=LINE('',#6087,#3047);
#2763=LINE('',#6089,#3048);
#2764=LINE('',#6091,#3049);
#2765=LINE('',#6093,#3050);
#2766=LINE('',#6095,#3051);
#2767=LINE('',#6097,#3052);
#2768=LINE('',#6132,#3053);
#2769=LINE('',#6136,#3054);
#2770=LINE('',#6154,#3055);
#2771=LINE('',#6156,#3056);
#2772=LINE('',#6158,#3057);
#2773=LINE('',#6173,#3058);
#2774=LINE('',#6181,#3059);
#2775=LINE('',#6219,#3060);
#2776=LINE('',#6233,#3061);
#2777=LINE('',#6297,#3062);
#2778=LINE('',#6312,#3063);
#2779=LINE('',#6381,#3064);
#2780=LINE('',#6382,#3065);
#2781=LINE('',#6384,#3066);
#2782=LINE('',#6386,#3067);
#2783=LINE('',#6388,#3068);
#2784=LINE('',#6390,#3069);
#2785=LINE('',#6393,#3070);
#2786=LINE('',#6395,#3071);
#2787=LINE('',#6397,#3072);
#2788=LINE('',#6400,#3073);
#2789=LINE('',#6461,#3074);
#2790=LINE('',#6464,#3075);
#2791=LINE('',#6468,#3076);
#2792=LINE('',#6470,#3077);
#2793=LINE('',#6474,#3078);
#2794=LINE('',#6478,#3079);
#2795=LINE('',#6480,#3080);
#2796=LINE('',#6482,#3081);
#2797=LINE('',#6484,#3082);
#2798=LINE('',#6486,#3083);
#2799=LINE('',#6494,#3084);
#2800=LINE('',#6496,#3085);
#2801=LINE('',#6497,#3086);
#2802=LINE('',#6501,#3087);
#2803=LINE('',#6503,#3088);
#2804=LINE('',#6505,#3089);
#2805=LINE('',#6507,#3090);
#2806=LINE('',#6508,#3091);
#2807=LINE('',#6515,#3092);
#2808=LINE('',#6516,#3093);
#2809=LINE('',#6523,#3094);
#2810=LINE('',#6525,#3095);
#2811=LINE('',#6527,#3096);
#2812=LINE('',#6531,#3097);
#2813=LINE('',#6533,#3098);
#2814=LINE('',#6535,#3099);
#2815=LINE('',#6542,#3100);
#2816=LINE('',#6543,#3101);
#2817=LINE('',#6544,#3102);
#2818=LINE('',#6546,#3103);
#2819=LINE('',#6548,#3104);
#2820=LINE('',#6550,#3105);
#2821=LINE('',#6552,#3106);
#2822=LINE('',#6554,#3107);
#2823=LINE('',#6558,#3108);
#2824=LINE('',#6560,#3109);
#2825=LINE('',#6562,#3110);
#2826=LINE('',#6564,#3111);
#2827=LINE('',#6569,#3112);
#2828=LINE('',#6573,#3113);
#2829=LINE('',#6589,#3114);
#2830=LINE('',#6593,#3115);
#2831=LINE('',#6597,#3116);
#2832=LINE('',#6602,#3117);
#2833=LINE('',#6606,#3118);
#2834=LINE('',#6621,#3119);
#2835=LINE('',#6624,#3120);
#2836=LINE('',#6625,#3121);
#2837=LINE('',#6628,#3122);
#2838=LINE('',#6630,#3123);
#2839=LINE('',#6632,#3124);
#2840=LINE('',#6634,#3125);
#2841=LINE('',#6636,#3126);
#2842=LINE('',#6638,#3127);
#2843=LINE('',#6645,#3128);
#2844=LINE('',#6646,#3129);
#2845=LINE('',#6653,#3130);
#2846=LINE('',#6655,#3131);
#2847=LINE('',#6658,#3132);
#2848=LINE('',#6662,#3133);
#2849=LINE('',#6667,#3134);
#2850=LINE('',#6669,#3135);
#2851=LINE('',#6671,#3136);
#2852=LINE('',#6673,#3137);
#2853=LINE('',#6676,#3138);
#2854=LINE('',#6683,#3139);
#2855=LINE('',#6684,#3140);
#2856=LINE('',#6685,#3141);
#2857=LINE('',#6692,#3142);
#2858=LINE('',#6694,#3143);
#2859=LINE('',#6696,#3144);
#2860=LINE('',#6698,#3145);
#2861=LINE('',#6700,#3146);
#2862=LINE('',#6702,#3147);
#2863=LINE('',#6704,#3148);
#2864=LINE('',#6706,#3149);
#2865=LINE('',#6707,#3150);
#2866=LINE('',#6709,#3151);
#2867=LINE('',#6711,#3152);
#2868=LINE('',#6713,#3153);
#2869=LINE('',#6715,#3154);
#2870=LINE('',#6717,#3155);
#2871=LINE('',#6719,#3156);
#2872=LINE('',#6721,#3157);
#2873=LINE('',#6723,#3158);
#2874=LINE('',#6725,#3159);
#2875=LINE('',#6727,#3160);
#2876=LINE('',#6729,#3161);
#2877=LINE('',#6732,#3162);
#2878=LINE('',#6734,#3163);
#2879=LINE('',#6735,#3164);
#2880=LINE('',#6736,#3165);
#2881=LINE('',#6738,#3166);
#2882=LINE('',#6740,#3167);
#2883=LINE('',#6743,#3168);
#2884=LINE('',#6745,#3169);
#2885=LINE('',#6747,#3170);
#2886=LINE('',#6749,#3171);
#2887=LINE('',#6751,#3172);
#2888=LINE('',#6754,#3173);
#2889=LINE('',#6756,#3174);
#2890=LINE('',#6758,#3175);
#2891=LINE('',#6760,#3176);
#2892=LINE('',#6763,#3177);
#2893=LINE('',#6765,#3178);
#2894=LINE('',#6767,#3179);
#2895=LINE('',#6769,#3180);
#2896=LINE('',#6771,#3181);
#2897=LINE('',#6774,#3182);
#2898=LINE('',#6776,#3183);
#2899=LINE('',#6778,#3184);
#2900=LINE('',#6780,#3185);
#2901=LINE('',#6782,#3186);
#2902=LINE('',#6785,#3187);
#2903=LINE('',#6787,#3188);
#2904=LINE('',#6788,#3189);
#2905=LINE('',#6789,#3190);
#2906=LINE('',#6791,#3191);
#2907=LINE('',#6793,#3192);
#2908=LINE('',#6795,#3193);
#2909=LINE('',#6797,#3194);
#2910=LINE('',#6799,#3195);
#2911=LINE('',#6801,#3196);
#2912=LINE('',#6803,#3197);
#2913=LINE('',#6805,#3198);
#2914=LINE('',#6807,#3199);
#2915=LINE('',#6809,#3200);
#2916=LINE('',#6811,#3201);
#2917=LINE('',#6813,#3202);
#2918=LINE('',#6815,#3203);
#2919=LINE('',#6818,#3204);
#2920=LINE('',#6820,#3205);
#2921=LINE('',#6822,#3206);
#2922=LINE('',#6824,#3207);
#2923=LINE('',#6826,#3208);
#2924=LINE('',#6828,#3209);
#2925=LINE('',#6830,#3210);
#2926=LINE('',#6832,#3211);
#2927=LINE('',#6834,#3212);
#2928=LINE('',#6835,#3213);
#2929=LINE('',#6837,#3214);
#2930=LINE('',#6839,#3215);
#2931=LINE('',#6841,#3216);
#2932=LINE('',#6843,#3217);
#2933=LINE('',#6845,#3218);
#2934=LINE('',#6847,#3219);
#2935=LINE('',#6854,#3220);
#2936=LINE('',#6855,#3221);
#2937=LINE('',#6857,#3222);
#2938=LINE('',#6858,#3223);
#2939=LINE('',#6979,#3224);
#2940=LINE('',#6980,#3225);
#2941=LINE('',#7028,#3226);
#2942=LINE('',#7029,#3227);
#2943=LINE('',#7031,#3228);
#2944=LINE('',#7033,#3229);
#2945=LINE('',#7039,#3230);
#2946=LINE('',#7042,#3231);
#2947=LINE('',#7053,#3232);
#2948=LINE('',#7059,#3233);
#2949=LINE('',#7065,#3234);
#2950=LINE('',#7069,#3235);
#2951=LINE('',#7075,#3236);
#2952=LINE('',#7083,#3237);
#2953=LINE('',#7089,#3238);
#2954=LINE('',#7094,#3239);
#2955=LINE('',#7103,#3240);
#2956=LINE('',#7107,#3241);
#2957=LINE('',#7113,#3242);
#2958=LINE('',#7117,#3243);
#2959=LINE('',#7122,#3244);
#2960=LINE('',#7127,#3245);
#2961=LINE('',#7130,#3246);
#2962=LINE('',#7136,#3247);
#2963=LINE('',#7144,#3248);
#2964=LINE('',#7150,#3249);
#2965=LINE('',#7152,#3250);
#2966=LINE('',#7155,#3251);
#2967=LINE('',#7159,#3252);
#2968=LINE('',#7163,#3253);
#2969=LINE('',#7170,#3254);
#2970=LINE('',#7173,#3255);
#2971=LINE('',#7185,#3256);
#2972=LINE('',#7186,#3257);
#2973=LINE('',#7381,#3258);
#2974=LINE('',#7393,#3259);
#2975=LINE('',#7409,#3260);
#2976=LINE('',#7420,#3261);
#2977=LINE('',#7427,#3262);
#2978=LINE('',#7428,#3263);
#2979=LINE('',#7430,#3264);
#2980=LINE('',#7431,#3265);
#2981=LINE('',#7433,#3266);
#2982=LINE('',#7434,#3267);
#2983=VECTOR('',#4532,1.);
#2984=VECTOR('',#4533,1.);
#2985=VECTOR('',#4536,1.);
#2986=VECTOR('',#4541,1.);
#2987=VECTOR('',#4542,1.);
#2988=VECTOR('',#4543,1.);
#2989=VECTOR('',#4548,1.);
#2990=VECTOR('',#4549,1.);
#2991=VECTOR('',#4550,1.);
#2992=VECTOR('',#4553,1.);
#2993=VECTOR('',#4554,1.);
#2994=VECTOR('',#4557,1.);
#2995=VECTOR('',#4562,1.);
#2996=VECTOR('',#4563,1.);
#2997=VECTOR('',#4564,1.);
#2998=VECTOR('',#4565,1.);
#2999=VECTOR('',#4566,1.);
#3000=VECTOR('',#4567,1.);
#3001=VECTOR('',#4568,1.);
#3002=VECTOR('',#4571,1.);
#3003=VECTOR('',#4572,1.);
#3004=VECTOR('',#4573,1.);
#3005=VECTOR('',#4574,1.);
#3006=VECTOR('',#4575,1.);
#3007=VECTOR('',#4576,1.);
#3008=VECTOR('',#4577,1.);
#3009=VECTOR('',#4580,1.);
#3010=VECTOR('',#4583,1.);
#3011=VECTOR('',#4586,1.);
#3012=VECTOR('',#4589,1.);
#3013=VECTOR('',#4592,1.);
#3014=VECTOR('',#4645,1.);
#3015=VECTOR('',#4646,1.);
#3016=VECTOR('',#4647,1.);
#3017=VECTOR('',#4648,1.);
#3018=VECTOR('',#4649,1.);
#3019=VECTOR('',#4650,1.);
#3020=VECTOR('',#4651,1.);
#3021=VECTOR('',#4686,1.);
#3022=VECTOR('',#4687,1.);
#3023=VECTOR('',#4690,1.);
#3024=VECTOR('',#4693,1.);
#3025=VECTOR('',#4696,1.);
#3026=VECTOR('',#4699,1.);
#3027=VECTOR('',#4700,1.);
#3028=VECTOR('',#4701,1.);
#3029=VECTOR('',#4702,1.);
#3030=VECTOR('',#4703,1.);
#3031=VECTOR('',#4704,1.);
#3032=VECTOR('',#4705,1.);
#3033=VECTOR('',#4708,1.);
#3034=VECTOR('',#4709,1.);
#3035=VECTOR('',#4710,1.);
#3036=VECTOR('',#4711,1.);
#3037=VECTOR('',#4712,1.);
#3038=VECTOR('',#4717,1.);
#3039=VECTOR('',#4720,1.);
#3040=VECTOR('',#4723,1.);
#3041=VECTOR('',#4726,1.);
#3042=VECTOR('',#4727,1.);
#3043=VECTOR('',#4728,1.);
#3044=VECTOR('',#4731,1.);
#3045=VECTOR('',#4732,1.);
#3046=VECTOR('',#4733,1.);
#3047=VECTOR('',#4736,1.);
#3048=VECTOR('',#4737,1.);
#3049=VECTOR('',#4738,1.);
#3050=VECTOR('',#4741,1.);
#3051=VECTOR('',#4742,1.);
#3052=VECTOR('',#4743,1.);
#3053=VECTOR('',#4746,1.);
#3054=VECTOR('',#4749,1.);
#3055=VECTOR('',#4756,1.);
#3056=VECTOR('',#4757,1.);
#3057=VECTOR('',#4758,1.);
#3058=VECTOR('',#4761,1.);
#3059=VECTOR('',#4768,1.);
#3060=VECTOR('',#4775,1.);
#3061=VECTOR('',#4776,1.);
#3062=VECTOR('',#4781,1.);
#3063=VECTOR('',#4782,1.);
#3064=VECTOR('',#4801,1.);
#3065=VECTOR('',#4802,1.);
#3066=VECTOR('',#4805,1.);
#3067=VECTOR('',#4806,1.);
#3068=VECTOR('',#4807,1.);
#3069=VECTOR('',#4810,1.);
#3070=VECTOR('',#4811,1.);
#3071=VECTOR('',#4812,1.);
#3072=VECTOR('',#4813,1.);
#3073=VECTOR('',#4816,1.);
#3074=VECTOR('',#4829,1.);
#3075=VECTOR('',#4830,1.);
#3076=VECTOR('',#4833,1.);
#3077=VECTOR('',#4836,1.);
#3078=VECTOR('',#4839,1.);
#3079=VECTOR('',#4844,1.);
#3080=VECTOR('',#4845,1.);
#3081=VECTOR('',#4846,1.);
#3082=VECTOR('',#4847,1.);
#3083=VECTOR('',#4848,1.);
#3084=VECTOR('',#4851,1.);
#3085=VECTOR('',#4852,1.);
#3086=VECTOR('',#4853,1.);
#3087=VECTOR('',#4856,1.);
#3088=VECTOR('',#4857,1.);
#3089=VECTOR('',#4858,1.);
#3090=VECTOR('',#4859,1.);
#3091=VECTOR('',#4860,1.);
#3092=VECTOR('',#4861,1.);
#3093=VECTOR('',#4862,1.);
#3094=VECTOR('',#4863,1.);
#3095=VECTOR('',#4864,1.);
#3096=VECTOR('',#4865,1.);
#3097=VECTOR('',#4868,1.);
#3098=VECTOR('',#4869,1.);
#3099=VECTOR('',#4870,1.);
#3100=VECTOR('',#4871,1.);
#3101=VECTOR('',#4872,1.);
#3102=VECTOR('',#4873,1.);
#3103=VECTOR('',#4876,1.);
#3104=VECTOR('',#4877,1.);
#3105=VECTOR('',#4878,1.);
#3106=VECTOR('',#4879,1.);
#3107=VECTOR('',#4880,1.);
#3108=VECTOR('',#4885,1.);
#3109=VECTOR('',#4886,1.);
#3110=VECTOR('',#4887,1.);
#3111=VECTOR('',#4890,1.);
#3112=VECTOR('',#4893,1.);
#3113=VECTOR('',#4898,1.);
#3114=VECTOR('',#4903,1.);
#3115=VECTOR('',#4906,1.);
#3116=VECTOR('',#4911,1.);
#3117=VECTOR('',#4914,1.);
#3118=VECTOR('',#4917,1.);
#3119=VECTOR('',#4924,1.);
#3120=VECTOR('',#4925,1.);
#3121=VECTOR('',#4926,1.);
#3122=VECTOR('',#4929,1.);
#3123=VECTOR('',#4932,1.);
#3124=VECTOR('',#4933,1.);
#3125=VECTOR('',#4934,1.);
#3126=VECTOR('',#4935,1.);
#3127=VECTOR('',#4936,1.);
#3128=VECTOR('',#4937,1.);
#3129=VECTOR('',#4938,1.);
#3130=VECTOR('',#4939,1.);
#3131=VECTOR('',#4942,1.);
#3132=VECTOR('',#4943,1.);
#3133=VECTOR('',#4946,1.);
#3134=VECTOR('',#4951,1.);
#3135=VECTOR('',#4952,1.);
#3136=VECTOR('',#4953,1.);
#3137=VECTOR('',#4956,1.);
#3138=VECTOR('',#4957,1.);
#3139=VECTOR('',#4958,1.);
#3140=VECTOR('',#4959,1.);
#3141=VECTOR('',#4960,1.);
#3142=VECTOR('',#4961,1.);
#3143=VECTOR('',#4962,1.);
#3144=VECTOR('',#4963,1.);
#3145=VECTOR('',#4966,1.);
#3146=VECTOR('',#4967,1.);
#3147=VECTOR('',#4968,1.);
#3148=VECTOR('',#4971,1.);
#3149=VECTOR('',#4972,1.);
#3150=VECTOR('',#4973,1.);
#3151=VECTOR('',#4974,1.);
#3152=VECTOR('',#4975,1.);
#3153=VECTOR('',#4976,1.);
#3154=VECTOR('',#4977,1.);
#3155=VECTOR('',#4978,1.);
#3156=VECTOR('',#4979,1.);
#3157=VECTOR('',#4980,1.);
#3158=VECTOR('',#4983,1.);
#3159=VECTOR('',#4984,1.);
#3160=VECTOR('',#4985,1.);
#3161=VECTOR('',#4988,1.);
#3162=VECTOR('',#4989,1.);
#3163=VECTOR('',#4990,1.);
#3164=VECTOR('',#4991,1.);
#3165=VECTOR('',#4992,1.);
#3166=VECTOR('',#4993,1.);
#3167=VECTOR('',#4996,1.);
#3168=VECTOR('',#4997,1.);
#3169=VECTOR('',#4998,1.);
#3170=VECTOR('',#4999,1.);
#3171=VECTOR('',#5000,1.);
#3172=VECTOR('',#5003,1.);
#3173=VECTOR('',#5004,1.);
#3174=VECTOR('',#5005,1.);
#3175=VECTOR('',#5006,1.);
#3176=VECTOR('',#5009,1.);
#3177=VECTOR('',#5010,1.);
#3178=VECTOR('',#5011,1.);
#3179=VECTOR('',#5012,1.);
#3180=VECTOR('',#5013,1.);
#3181=VECTOR('',#5016,1.);
#3182=VECTOR('',#5017,1.);
#3183=VECTOR('',#5018,1.);
#3184=VECTOR('',#5019,1.);
#3185=VECTOR('',#5020,1.);
#3186=VECTOR('',#5023,1.);
#3187=VECTOR('',#5024,1.);
#3188=VECTOR('',#5025,1.);
#3189=VECTOR('',#5026,1.);
#3190=VECTOR('',#5027,1.);
#3191=VECTOR('',#5028,1.);
#3192=VECTOR('',#5031,1.);
#3193=VECTOR('',#5032,1.);
#3194=VECTOR('',#5033,1.);
#3195=VECTOR('',#5034,1.);
#3196=VECTOR('',#5035,1.);
#3197=VECTOR('',#5036,1.);
#3198=VECTOR('',#5037,1.);
#3199=VECTOR('',#5038,1.);
#3200=VECTOR('',#5039,1.);
#3201=VECTOR('',#5040,1.);
#3202=VECTOR('',#5041,1.);
#3203=VECTOR('',#5044,1.);
#3204=VECTOR('',#5045,1.);
#3205=VECTOR('',#5046,1.);
#3206=VECTOR('',#5047,1.);
#3207=VECTOR('',#5048,1.);
#3208=VECTOR('',#5051,1.);
#3209=VECTOR('',#5052,1.);
#3210=VECTOR('',#5053,1.);
#3211=VECTOR('',#5054,1.);
#3212=VECTOR('',#5055,1.);
#3213=VECTOR('',#5056,1.);
#3214=VECTOR('',#5059,1.);
#3215=VECTOR('',#5060,1.);
#3216=VECTOR('',#5061,1.);
#3217=VECTOR('',#5064,1.);
#3218=VECTOR('',#5065,1.);
#3219=VECTOR('',#5066,1.);
#3220=VECTOR('',#5079,1.);
#3221=VECTOR('',#5080,1.);
#3222=VECTOR('',#5083,1.);
#3223=VECTOR('',#5084,1.);
#3224=VECTOR('',#5115,1.);
#3225=VECTOR('',#5116,1.);
#3226=VECTOR('',#5147,1.);
#3227=VECTOR('',#5148,1.);
#3228=VECTOR('',#5151,1.);
#3229=VECTOR('',#5154,1.);
#3230=VECTOR('',#5163,1.);
#3231=VECTOR('',#5168,1.);
#3232=VECTOR('',#5185,1.);
#3233=VECTOR('',#5194,1.);
#3234=VECTOR('',#5205,1.);
#3235=VECTOR('',#5210,1.);
#3236=VECTOR('',#5219,1.);
#3237=VECTOR('',#5232,1.);
#3238=VECTOR('',#5241,1.);
#3239=VECTOR('',#5248,1.);
#3240=VECTOR('',#5261,1.);
#3241=VECTOR('',#5266,1.);
#3242=VECTOR('',#5275,1.);
#3243=VECTOR('',#5280,1.);
#3244=VECTOR('',#5287,1.);
#3245=VECTOR('',#5294,1.);
#3246=VECTOR('',#5299,1.);
#3247=VECTOR('',#5306,1.);
#3248=VECTOR('',#5319,1.);
#3249=VECTOR('',#5328,1.);
#3250=VECTOR('',#5331,1.);
#3251=VECTOR('',#5334,1.);
#3252=VECTOR('',#5339,1.);
#3253=VECTOR('',#5346,1.);
#3254=VECTOR('',#5355,1.);
#3255=VECTOR('',#5360,1.);
#3256=VECTOR('',#5381,1.);
#3257=VECTOR('',#5382,1.);
#3258=VECTOR('',#5501,1.);
#3259=VECTOR('',#5502,1.);
#3260=VECTOR('',#5505,1.);
#3261=VECTOR('',#5506,1.);
#3262=VECTOR('',#5509,1.);
#3263=VECTOR('',#5510,1.);
#3264=VECTOR('',#5513,1.);
#3265=VECTOR('',#5514,1.);
#3266=VECTOR('',#5517,1.);
#3267=VECTOR('',#5518,1.);
#3268=EDGE_LOOP('',(#461,#462,#463,#464));
#3269=EDGE_LOOP('',(#465,#466,#467,#468));
#3270=EDGE_LOOP('',(#469,#470,#471,#472));
#3271=EDGE_LOOP('',(#473,#474,#475,#476));
#3272=EDGE_LOOP('',(#477,#478,#479,#480,#481,#482,#483,#484,#485,#486,#487,
#488,#489,#490,#491,#492,#493,#494,#495,#496,#497,#498,#499,#500,#501,#502,
#503,#504));
#3273=EDGE_LOOP('',(#505,#506,#507,#508));
#3274=EDGE_LOOP('',(#509,#510,#511,#512,#513,#514));
#3275=EDGE_LOOP('',(#515,#516,#517,#518,#519,#520));
#3276=EDGE_LOOP('',(#521,#522,#523,#524,#525,#526));
#3277=EDGE_LOOP('',(#527,#528,#529,#530,#531,#532));
#3278=EDGE_LOOP('',(#533,#534,#535,#536,#537,#538));
#3279=EDGE_LOOP('',(#539,#540,#541,#542,#543,#544));
#3280=EDGE_LOOP('',(#545,#546,#547,#548,#549,#550));
#3281=EDGE_LOOP('',(#551,#552,#553,#554,#555,#556));
#3282=EDGE_LOOP('',(#557,#558,#559,#560,#561,#562,#563,#564,#565,#566));
#3283=EDGE_LOOP('',(#567));
#3284=EDGE_LOOP('',(#568,#569,#570,#571));
#3285=EDGE_LOOP('',(#572));
#3286=EDGE_LOOP('',(#573,#574,#575,#576));
#3287=EDGE_LOOP('',(#577));
#3288=EDGE_LOOP('',(#578,#579,#580,#581));
#3289=EDGE_LOOP('',(#582));
#3290=EDGE_LOOP('',(#583,#584,#585,#586));
#3291=EDGE_LOOP('',(#587,#588,#589,#590,#591,#592,#593,#594,#595,#596,#597,
#598,#599,#600,#601,#602,#603,#604,#605,#606,#607,#608,#609,#610,#611,#612,
#613,#614));
#3292=EDGE_LOOP('',(#615,#616,#617,#618));
#3293=EDGE_LOOP('',(#619,#620,#621,#622));
#3294=EDGE_LOOP('',(#623,#624,#625,#626));
#3295=EDGE_LOOP('',(#627,#628,#629,#630));
#3296=EDGE_LOOP('',(#631,#632,#633,#634));
#3297=EDGE_LOOP('',(#635,#636,#637,#638));
#3298=EDGE_LOOP('',(#639,#640,#641,#642));
#3299=EDGE_LOOP('',(#643,#644,#645,#646));
#3300=EDGE_LOOP('',(#647));
#3301=EDGE_LOOP('',(#648,#649,#650,#651));
#3302=EDGE_LOOP('',(#652));
#3303=EDGE_LOOP('',(#653));
#3304=EDGE_LOOP('',(#654,#655,#656,#657,#658));
#3305=EDGE_LOOP('',(#659,#660,#661,#662,#663,#664));
#3306=EDGE_LOOP('',(#665));
#3307=EDGE_LOOP('',(#666,#667,#668,#669,#670,#671,#672,#673));
#3308=EDGE_LOOP('',(#674));
#3309=EDGE_LOOP('',(#675));
#3310=EDGE_LOOP('',(#676));
#3311=EDGE_LOOP('',(#677));
#3312=EDGE_LOOP('',(#678));
#3313=EDGE_LOOP('',(#679));
#3314=EDGE_LOOP('',(#680,#681,#682,#683));
#3315=EDGE_LOOP('',(#684,#685,#686,#687,#688,#689));
#3316=EDGE_LOOP('',(#690,#691,#692,#693,#694,#695));
#3317=EDGE_LOOP('',(#696,#697,#698,#699));
#3318=EDGE_LOOP('',(#700,#701,#702,#703));
#3319=EDGE_LOOP('',(#704,#705,#706,#707,#708,#709,#710));
#3320=EDGE_LOOP('',(#711,#712,#713,#714,#715,#716));
#3321=EDGE_LOOP('',(#717,#718,#719,#720,#721,#722));
#3322=EDGE_LOOP('',(#723,#724,#725,#726));
#3323=EDGE_LOOP('',(#727,#728,#729,#730));
#3324=EDGE_LOOP('',(#731,#732,#733,#734,#735,#736,#737));
#3325=EDGE_LOOP('',(#738,#739,#740,#741,#742,#743,#744,#745,#746,#747,#748,
#749,#750,#751,#752,#753,#754,#755,#756,#757,#758,#759,#760,#761,#762,#763,
#764,#765,#766,#767));
#3326=EDGE_LOOP('',(#768,#769,#770,#771,#772,#773,#774));
#3327=EDGE_LOOP('',(#775,#776,#777,#778));
#3328=EDGE_LOOP('',(#779,#780,#781,#782));
#3329=EDGE_LOOP('',(#783,#784,#785,#786,#787,#788,#789,#790,#791,#792));
#3330=EDGE_LOOP('',(#793,#794,#795,#796,#797,#798,#799,#800,#801,#802));
#3331=EDGE_LOOP('',(#803,#804,#805,#806,#807,#808,#809));
#3332=EDGE_LOOP('',(#810,#811,#812,#813,#814,#815,#816,#817,#818,#819,#820,
#821));
#3333=EDGE_LOOP('',(#822,#823,#824,#825));
#3334=EDGE_LOOP('',(#826,#827,#828,#829));
#3335=EDGE_LOOP('',(#830,#831,#832,#833,#834,#835,#836,#837,#838,#839,#840,
#841));
#3336=EDGE_LOOP('',(#842,#843,#844,#845));
#3337=EDGE_LOOP('',(#846,#847,#848,#849,#850,#851,#852,#853,#854,#855,#856,
#857));
#3338=EDGE_LOOP('',(#858,#859,#860,#861));
#3339=EDGE_LOOP('',(#862,#863,#864,#865,#866,#867,#868,#869,#870,#871));
#3340=EDGE_LOOP('',(#872,#873,#874,#875,#876));
#3341=EDGE_LOOP('',(#877,#878,#879,#880));
#3342=EDGE_LOOP('',(#881,#882,#883,#884,#885));
#3343=EDGE_LOOP('',(#886,#887,#888,#889,#890));
#3344=EDGE_LOOP('',(#891,#892,#893,#894,#895,#896,#897,#898,#899,#900));
#3345=EDGE_LOOP('',(#901,#902,#903,#904,#905,#906,#907,#908,#909,#910,#911,
#912));
#3346=EDGE_LOOP('',(#913,#914,#915,#916,#917));
#3347=EDGE_LOOP('',(#918,#919,#920,#921,#922,#923,#924,#925,#926,#927));
#3348=EDGE_LOOP('',(#928,#929,#930,#931));
#3349=EDGE_LOOP('',(#932,#933,#934,#935));
#3350=EDGE_LOOP('',(#936,#937,#938,#939));
#3351=EDGE_LOOP('',(#940));
#3352=EDGE_LOOP('',(#941));
#3353=EDGE_LOOP('',(#942,#943,#944,#945,#946));
#3354=EDGE_LOOP('',(#947,#948,#949,#950,#951));
#3355=EDGE_LOOP('',(#952,#953,#954,#955));
#3356=EDGE_LOOP('',(#956));
#3357=EDGE_LOOP('',(#957));
#3358=EDGE_LOOP('',(#958,#959,#960,#961));
#3359=EDGE_LOOP('',(#962));
#3360=EDGE_LOOP('',(#963,#964,#965,#966));
#3361=EDGE_LOOP('',(#967));
#3362=EDGE_LOOP('',(#968,#969,#970,#971,#972,#973));
#3363=EDGE_LOOP('',(#974,#975,#976,#977,#978,#979));
#3364=EDGE_LOOP('',(#980));
#3365=EDGE_LOOP('',(#981));
#3366=EDGE_LOOP('',(#982));
#3367=EDGE_LOOP('',(#983));
#3368=EDGE_LOOP('',(#984));
#3369=EDGE_LOOP('',(#985));
#3370=EDGE_LOOP('',(#986,#987,#988,#989));
#3371=EDGE_LOOP('',(#990,#991,#992,#993));
#3372=EDGE_LOOP('',(#994,#995,#996,#997));
#3373=EDGE_LOOP('',(#998));
#3374=EDGE_LOOP('',(#999));
#3375=EDGE_LOOP('',(#1000));
#3376=EDGE_LOOP('',(#1001,#1002,#1003,#1004));
#3377=EDGE_LOOP('',(#1005,#1006,#1007,#1008));
#3378=EDGE_LOOP('',(#1009));
#3379=EDGE_LOOP('',(#1010,#1011,#1012,#1013,#1014,#1015));
#3380=EDGE_LOOP('',(#1016,#1017,#1018,#1019,#1020,#1021));
#3381=EDGE_LOOP('',(#1022));
#3382=EDGE_LOOP('',(#1023));
#3383=EDGE_LOOP('',(#1024,#1025,#1026,#1027,#1028));
#3384=EDGE_LOOP('',(#1029,#1030,#1031,#1032));
#3385=EDGE_LOOP('',(#1033,#1034,#1035,#1036,#1037));
#3386=EDGE_LOOP('',(#1038));
#3387=EDGE_LOOP('',(#1039));
#3388=EDGE_LOOP('',(#1040,#1041,#1042,#1043));
#3389=EDGE_LOOP('',(#1044,#1045,#1046,#1047,#1048,#1049));
#3390=EDGE_LOOP('',(#1050,#1051,#1052,#1053,#1054,#1055,#1056));
#3391=EDGE_LOOP('',(#1057,#1058,#1059,#1060,#1061,#1062));
#3392=EDGE_LOOP('',(#1063,#1064,#1065,#1066,#1067,#1068,#1069));
#3393=EDGE_LOOP('',(#1070,#1071,#1072,#1073,#1074,#1075));
#3394=EDGE_LOOP('',(#1076,#1077,#1078,#1079,#1080,#1081));
#3395=EDGE_LOOP('',(#1082,#1083,#1084,#1085,#1086));
#3396=EDGE_LOOP('',(#1087,#1088,#1089,#1090,#1091,#1092));
#3397=EDGE_LOOP('',(#1093,#1094,#1095,#1096,#1097,#1098));
#3398=EDGE_LOOP('',(#1099,#1100,#1101,#1102,#1103,#1104,#1105));
#3399=EDGE_LOOP('',(#1106,#1107,#1108,#1109,#1110,#1111,#1112));
#3400=EDGE_LOOP('',(#1113,#1114,#1115,#1116,#1117,#1118));
#3401=EDGE_LOOP('',(#1119,#1120,#1121,#1122,#1123,#1124));
#3402=EDGE_LOOP('',(#1125,#1126,#1127,#1128,#1129));
#3403=EDGE_LOOP('',(#1130,#1131,#1132,#1133,#1134));
#3404=EDGE_LOOP('',(#1135,#1136,#1137,#1138,#1139,#1140));
#3405=EDGE_LOOP('',(#1141,#1142,#1143,#1144,#1145,#1146));
#3406=EDGE_LOOP('',(#1147,#1148,#1149,#1150,#1151,#1152));
#3407=EDGE_LOOP('',(#1153,#1154,#1155,#1156,#1157,#1158));
#3408=EDGE_LOOP('',(#1159,#1160,#1161,#1162,#1163,#1164));
#3409=EDGE_LOOP('',(#1165,#1166,#1167,#1168,#1169));
#3410=EDGE_LOOP('',(#1170,#1171,#1172,#1173,#1174,#1175));
#3411=EDGE_LOOP('',(#1176,#1177,#1178,#1179,#1180,#1181));
#3412=EDGE_LOOP('',(#1182,#1183,#1184,#1185,#1186,#1187));
#3413=EDGE_LOOP('',(#1188,#1189,#1190,#1191,#1192,#1193));
#3414=EDGE_LOOP('',(#1194,#1195,#1196,#1197,#1198));
#3415=EDGE_LOOP('',(#1199,#1200,#1201,#1202,#1203,#1204));
#3416=EDGE_LOOP('',(#1205,#1206,#1207,#1208,#1209,#1210));
#3417=EDGE_LOOP('',(#1211,#1212,#1213,#1214,#1215,#1216));
#3418=EDGE_LOOP('',(#1217,#1218,#1219,#1220,#1221,#1222));
#3419=EDGE_LOOP('',(#1223,#1224,#1225,#1226,#1227,#1228));
#3420=EDGE_LOOP('',(#1229));
#3421=EDGE_LOOP('',(#1230));
#3422=EDGE_LOOP('',(#1231));
#3423=EDGE_LOOP('',(#1232));
#3424=EDGE_LOOP('',(#1233));
#3425=EDGE_LOOP('',(#1234));
#3426=EDGE_LOOP('',(#1235));
#3427=EDGE_LOOP('',(#1236));
#3428=EDGE_LOOP('',(#1237,#1238,#1239,#1240));
#3429=EDGE_LOOP('',(#1241,#1242,#1243,#1244));
#3430=EDGE_LOOP('',(#1245,#1246,#1247,#1248,#1249));
#3431=EDGE_LOOP('',(#1250,#1251,#1252,#1253,#1254));
#3432=EDGE_LOOP('',(#1255));
#3433=EDGE_LOOP('',(#1256));
#3434=EDGE_LOOP('',(#1257,#1258,#1259,#1260));
#3435=EDGE_LOOP('',(#1261));
#3436=EDGE_LOOP('',(#1262));
#3437=EDGE_LOOP('',(#1263,#1264,#1265,#1266));
#3438=EDGE_LOOP('',(#1267));
#3439=EDGE_LOOP('',(#1268));
#3440=EDGE_LOOP('',(#1269,#1270,#1271,#1272,#1273));
#3441=EDGE_LOOP('',(#1274,#1275,#1276,#1277,#1278));
#3442=EDGE_LOOP('',(#1279,#1280,#1281,#1282,#1283,#1284,#1285));
#3443=EDGE_LOOP('',(#1286,#1287,#1288,#1289,#1290,#1291));
#3444=EDGE_LOOP('',(#1292,#1293,#1294,#1295,#1296));
#3445=EDGE_LOOP('',(#1297,#1298,#1299,#1300,#1301));
#3446=EDGE_LOOP('',(#1302,#1303,#1304,#1305,#1306));
#3447=EDGE_LOOP('',(#1307,#1308,#1309,#1310,#1311));
#3448=EDGE_LOOP('',(#1312,#1313,#1314,#1315,#1316));
#3449=EDGE_LOOP('',(#1317,#1318,#1319,#1320,#1321));
#3450=EDGE_LOOP('',(#1322,#1323,#1324,#1325,#1326,#1327));
#3451=EDGE_LOOP('',(#1328,#1329,#1330,#1331,#1332,#1333,#1334));
#3452=EDGE_LOOP('',(#1335,#1336,#1337,#1338,#1339));
#3453=EDGE_LOOP('',(#1340,#1341,#1342,#1343,#1344));
#3454=EDGE_LOOP('',(#1345,#1346,#1347,#1348));
#3455=EDGE_LOOP('',(#1349,#1350,#1351,#1352));
#3456=EDGE_LOOP('',(#1353,#1354,#1355,#1356,#1357));
#3457=EDGE_LOOP('',(#1358,#1359,#1360,#1361));
#3458=EDGE_LOOP('',(#1362,#1363,#1364,#1365));
#3459=EDGE_LOOP('',(#1366,#1367,#1368,#1369,#1370));
#3460=EDGE_LOOP('',(#1371,#1372,#1373,#1374));
#3461=EDGE_LOOP('',(#1375,#1376,#1377,#1378,#1379));
#3462=EDGE_LOOP('',(#1380,#1381,#1382,#1383,#1384));
#3463=EDGE_LOOP('',(#1385,#1386,#1387,#1388));
#3464=EDGE_LOOP('',(#1389,#1390,#1391,#1392,#1393));
#3465=EDGE_LOOP('',(#1394,#1395,#1396,#1397,#1398));
#3466=EDGE_LOOP('',(#1399,#1400,#1401,#1402,#1403));
#3467=EDGE_LOOP('',(#1404,#1405,#1406,#1407,#1408));
#3468=EDGE_LOOP('',(#1409,#1410,#1411,#1412,#1413));
#3469=EDGE_LOOP('',(#1414,#1415,#1416,#1417,#1418));
#3470=EDGE_LOOP('',(#1419,#1420,#1421,#1422,#1423,#1424,#1425));
#3471=EDGE_LOOP('',(#1426,#1427,#1428,#1429,#1430,#1431));
#3472=EDGE_LOOP('',(#1432,#1433,#1434,#1435,#1436));
#3473=EDGE_LOOP('',(#1437,#1438,#1439,#1440,#1441));
#3474=EDGE_LOOP('',(#1442,#1443,#1444,#1445,#1446,#1447));
#3475=EDGE_LOOP('',(#1448,#1449,#1450,#1451,#1452,#1453,#1454));
#3476=EDGE_LOOP('',(#1455,#1456,#1457,#1458,#1459,#1460,#1461,#1462,#1463,
#1464,#1465,#1466,#1467,#1468));
#3477=EDGE_LOOP('',(#1469,#1470,#1471,#1472,#1473,#1474,#1475,#1476,#1477,
#1478,#1479,#1480,#1481,#1482));
#3478=EDGE_LOOP('',(#1483,#1484,#1485,#1486));
#3479=EDGE_LOOP('',(#1487,#1488,#1489,#1490));
#3480=EDGE_LOOP('',(#1491,#1492,#1493,#1494));
#3481=EDGE_LOOP('',(#1495,#1496,#1497,#1498));
#3482=EDGE_LOOP('',(#1499,#1500,#1501,#1502));
#3483=EDGE_LOOP('',(#1503,#1504,#1505,#1506));
#3484=EDGE_LOOP('',(#1507,#1508,#1509,#1510));
#3485=EDGE_LOOP('',(#1511,#1512,#1513,#1514));
#3486=EDGE_LOOP('',(#1515,#1516,#1517,#1518));
#3487=EDGE_LOOP('',(#1519,#1520,#1521,#1522));
#3488=EDGE_LOOP('',(#1523,#1524,#1525,#1526));
#3489=EDGE_LOOP('',(#1527,#1528,#1529));
#3490=EDGE_LOOP('',(#1530,#1531,#1532,#1533,#1534,#1535));
#3491=EDGE_LOOP('',(#1536,#1537,#1538));
#3492=EDGE_LOOP('',(#1539,#1540,#1541,#1542,#1543,#1544,#1545,#1546));
#3493=EDGE_LOOP('',(#1547,#1548,#1549,#1550,#1551,#1552));
#3494=EDGE_LOOP('',(#1553,#1554,#1555,#1556));
#3495=EDGE_LOOP('',(#1557,#1558,#1559,#1560));
#3496=EDGE_LOOP('',(#1561,#1562,#1563,#1564));
#3497=EDGE_LOOP('',(#1565,#1566,#1567,#1568));
#3498=EDGE_LOOP('',(#1569,#1570,#1571,#1572));
#3499=EDGE_LOOP('',(#1573,#1574,#1575,#1576));
#3500=EDGE_LOOP('',(#1577,#1578,#1579,#1580));
#3501=EDGE_LOOP('',(#1581,#1582,#1583,#1584));
#3502=EDGE_LOOP('',(#1585,#1586,#1587,#1588));
#3503=EDGE_LOOP('',(#1589,#1590,#1591,#1592));
#3504=EDGE_LOOP('',(#1593,#1594,#1595,#1596));
#3505=EDGE_LOOP('',(#1597,#1598,#1599,#1600));
#3506=EDGE_LOOP('',(#1601,#1602,#1603,#1604));
#3507=EDGE_LOOP('',(#1605,#1606,#1607,#1608));
#3508=EDGE_LOOP('',(#1609,#1610,#1611,#1612));
#3509=EDGE_LOOP('',(#1613,#1614,#1615,#1616));
#3510=EDGE_LOOP('',(#1617,#1618,#1619,#1620));
#3511=EDGE_LOOP('',(#1621,#1622,#1623,#1624));
#3512=EDGE_LOOP('',(#1625,#1626,#1627,#1628));
#3513=EDGE_LOOP('',(#1629,#1630,#1631,#1632));
#3514=EDGE_LOOP('',(#1633,#1634,#1635,#1636));
#3515=EDGE_LOOP('',(#1637,#1638,#1639,#1640,#1641,#1642));
#3516=EDGE_LOOP('',(#1643,#1644,#1645));
#3517=EDGE_LOOP('',(#1646,#1647,#1648,#1649));
#3518=EDGE_LOOP('',(#1650,#1651,#1652,#1653,#1654,#1655,#1656,#1657));
#3519=EDGE_LOOP('',(#1658,#1659,#1660));
#3520=EDGE_LOOP('',(#1661,#1662,#1663,#1664));
#3521=EDGE_LOOP('',(#1665,#1666,#1667,#1668,#1669,#1670));
#3522=EDGE_LOOP('',(#1671,#1672,#1673,#1674));
#3523=EDGE_LOOP('',(#1675,#1676,#1677,#1678));
#3524=EDGE_LOOP('',(#1679,#1680,#1681,#1682));
#3525=FACE_BOUND('',#3268,.T.);
#3526=FACE_BOUND('',#3269,.T.);
#3527=FACE_BOUND('',#3270,.T.);
#3528=FACE_BOUND('',#3271,.T.);
#3529=FACE_BOUND('',#3272,.T.);
#3530=FACE_BOUND('',#3273,.T.);
#3531=FACE_BOUND('',#3274,.T.);
#3532=FACE_BOUND('',#3275,.T.);
#3533=FACE_BOUND('',#3276,.T.);
#3534=FACE_BOUND('',#3277,.T.);
#3535=FACE_BOUND('',#3278,.T.);
#3536=FACE_BOUND('',#3279,.T.);
#3537=FACE_BOUND('',#3280,.T.);
#3538=FACE_BOUND('',#3281,.T.);
#3539=FACE_BOUND('',#3282,.T.);
#3540=FACE_BOUND('',#3283,.T.);
#3541=FACE_BOUND('',#3284,.T.);
#3542=FACE_BOUND('',#3285,.T.);
#3543=FACE_BOUND('',#3286,.T.);
#3544=FACE_BOUND('',#3287,.T.);
#3545=FACE_BOUND('',#3288,.T.);
#3546=FACE_BOUND('',#3289,.T.);
#3547=FACE_BOUND('',#3290,.T.);
#3548=FACE_BOUND('',#3291,.T.);
#3549=FACE_BOUND('',#3292,.T.);
#3550=FACE_BOUND('',#3293,.T.);
#3551=FACE_BOUND('',#3294,.T.);
#3552=FACE_BOUND('',#3295,.T.);
#3553=FACE_BOUND('',#3296,.T.);
#3554=FACE_BOUND('',#3297,.T.);
#3555=FACE_BOUND('',#3298,.T.);
#3556=FACE_BOUND('',#3299,.T.);
#3557=FACE_BOUND('',#3300,.T.);
#3558=FACE_BOUND('',#3301,.T.);
#3559=FACE_BOUND('',#3302,.T.);
#3560=FACE_BOUND('',#3303,.T.);
#3561=FACE_BOUND('',#3304,.T.);
#3562=FACE_BOUND('',#3305,.T.);
#3563=FACE_BOUND('',#3306,.T.);
#3564=FACE_BOUND('',#3307,.T.);
#3565=FACE_BOUND('',#3308,.T.);
#3566=FACE_BOUND('',#3309,.T.);
#3567=FACE_BOUND('',#3310,.T.);
#3568=FACE_BOUND('',#3311,.T.);
#3569=FACE_BOUND('',#3312,.T.);
#3570=FACE_BOUND('',#3313,.T.);
#3571=FACE_BOUND('',#3314,.T.);
#3572=FACE_BOUND('',#3315,.T.);
#3573=FACE_BOUND('',#3316,.T.);
#3574=FACE_BOUND('',#3317,.T.);
#3575=FACE_BOUND('',#3318,.T.);
#3576=FACE_BOUND('',#3319,.T.);
#3577=FACE_BOUND('',#3320,.T.);
#3578=FACE_BOUND('',#3321,.T.);
#3579=FACE_BOUND('',#3322,.T.);
#3580=FACE_BOUND('',#3323,.T.);
#3581=FACE_BOUND('',#3324,.T.);
#3582=FACE_BOUND('',#3325,.T.);
#3583=FACE_BOUND('',#3326,.T.);
#3584=FACE_BOUND('',#3327,.T.);
#3585=FACE_BOUND('',#3328,.T.);
#3586=FACE_BOUND('',#3329,.T.);
#3587=FACE_BOUND('',#3330,.T.);
#3588=FACE_BOUND('',#3331,.T.);
#3589=FACE_BOUND('',#3332,.T.);
#3590=FACE_BOUND('',#3333,.T.);
#3591=FACE_BOUND('',#3334,.T.);
#3592=FACE_BOUND('',#3335,.T.);
#3593=FACE_BOUND('',#3336,.T.);
#3594=FACE_BOUND('',#3337,.T.);
#3595=FACE_BOUND('',#3338,.T.);
#3596=FACE_BOUND('',#3339,.T.);
#3597=FACE_BOUND('',#3340,.T.);
#3598=FACE_BOUND('',#3341,.T.);
#3599=FACE_BOUND('',#3342,.T.);
#3600=FACE_BOUND('',#3343,.T.);
#3601=FACE_BOUND('',#3344,.T.);
#3602=FACE_BOUND('',#3345,.T.);
#3603=FACE_BOUND('',#3346,.T.);
#3604=FACE_BOUND('',#3347,.T.);
#3605=FACE_BOUND('',#3348,.T.);
#3606=FACE_BOUND('',#3349,.T.);
#3607=FACE_BOUND('',#3350,.T.);
#3608=FACE_BOUND('',#3351,.T.);
#3609=FACE_BOUND('',#3352,.T.);
#3610=FACE_BOUND('',#3353,.T.);
#3611=FACE_BOUND('',#3354,.T.);
#3612=FACE_BOUND('',#3355,.T.);
#3613=FACE_BOUND('',#3356,.T.);
#3614=FACE_BOUND('',#3357,.T.);
#3615=FACE_BOUND('',#3358,.T.);
#3616=FACE_BOUND('',#3359,.T.);
#3617=FACE_BOUND('',#3360,.T.);
#3618=FACE_BOUND('',#3361,.T.);
#3619=FACE_BOUND('',#3362,.T.);
#3620=FACE_BOUND('',#3363,.T.);
#3621=FACE_BOUND('',#3364,.T.);
#3622=FACE_BOUND('',#3365,.T.);
#3623=FACE_BOUND('',#3366,.T.);
#3624=FACE_BOUND('',#3367,.T.);
#3625=FACE_BOUND('',#3368,.T.);
#3626=FACE_BOUND('',#3369,.T.);
#3627=FACE_BOUND('',#3370,.T.);
#3628=FACE_BOUND('',#3371,.T.);
#3629=FACE_BOUND('',#3372,.T.);
#3630=FACE_BOUND('',#3373,.T.);
#3631=FACE_BOUND('',#3374,.T.);
#3632=FACE_BOUND('',#3375,.T.);
#3633=FACE_BOUND('',#3376,.T.);
#3634=FACE_BOUND('',#3377,.T.);
#3635=FACE_BOUND('',#3378,.T.);
#3636=FACE_BOUND('',#3379,.T.);
#3637=FACE_BOUND('',#3380,.T.);
#3638=FACE_BOUND('',#3381,.T.);
#3639=FACE_BOUND('',#3382,.T.);
#3640=FACE_BOUND('',#3383,.T.);
#3641=FACE_BOUND('',#3384,.T.);
#3642=FACE_BOUND('',#3385,.T.);
#3643=FACE_BOUND('',#3386,.T.);
#3644=FACE_BOUND('',#3387,.T.);
#3645=FACE_BOUND('',#3388,.T.);
#3646=FACE_BOUND('',#3389,.T.);
#3647=FACE_BOUND('',#3390,.T.);
#3648=FACE_BOUND('',#3391,.T.);
#3649=FACE_BOUND('',#3392,.T.);
#3650=FACE_BOUND('',#3393,.T.);
#3651=FACE_BOUND('',#3394,.T.);
#3652=FACE_BOUND('',#3395,.T.);
#3653=FACE_BOUND('',#3396,.T.);
#3654=FACE_BOUND('',#3397,.T.);
#3655=FACE_BOUND('',#3398,.T.);
#3656=FACE_BOUND('',#3399,.T.);
#3657=FACE_BOUND('',#3400,.T.);
#3658=FACE_BOUND('',#3401,.T.);
#3659=FACE_BOUND('',#3402,.T.);
#3660=FACE_BOUND('',#3403,.T.);
#3661=FACE_BOUND('',#3404,.T.);
#3662=FACE_BOUND('',#3405,.T.);
#3663=FACE_BOUND('',#3406,.T.);
#3664=FACE_BOUND('',#3407,.T.);
#3665=FACE_BOUND('',#3408,.T.);
#3666=FACE_BOUND('',#3409,.T.);
#3667=FACE_BOUND('',#3410,.T.);
#3668=FACE_BOUND('',#3411,.T.);
#3669=FACE_BOUND('',#3412,.T.);
#3670=FACE_BOUND('',#3413,.T.);
#3671=FACE_BOUND('',#3414,.T.);
#3672=FACE_BOUND('',#3415,.T.);
#3673=FACE_BOUND('',#3416,.T.);
#3674=FACE_BOUND('',#3417,.T.);
#3675=FACE_BOUND('',#3418,.T.);
#3676=FACE_BOUND('',#3419,.T.);
#3677=FACE_BOUND('',#3420,.T.);
#3678=FACE_BOUND('',#3421,.T.);
#3679=FACE_BOUND('',#3422,.T.);
#3680=FACE_BOUND('',#3423,.T.);
#3681=FACE_BOUND('',#3424,.T.);
#3682=FACE_BOUND('',#3425,.T.);
#3683=FACE_BOUND('',#3426,.T.);
#3684=FACE_BOUND('',#3427,.T.);
#3685=FACE_BOUND('',#3428,.T.);
#3686=FACE_BOUND('',#3429,.T.);
#3687=FACE_BOUND('',#3430,.T.);
#3688=FACE_BOUND('',#3431,.T.);
#3689=FACE_BOUND('',#3432,.T.);
#3690=FACE_BOUND('',#3433,.T.);
#3691=FACE_BOUND('',#3434,.T.);
#3692=FACE_BOUND('',#3435,.T.);
#3693=FACE_BOUND('',#3436,.T.);
#3694=FACE_BOUND('',#3437,.T.);
#3695=FACE_BOUND('',#3438,.T.);
#3696=FACE_BOUND('',#3439,.T.);
#3697=FACE_BOUND('',#3440,.T.);
#3698=FACE_BOUND('',#3441,.T.);
#3699=FACE_BOUND('',#3442,.T.);
#3700=FACE_BOUND('',#3443,.T.);
#3701=FACE_BOUND('',#3444,.T.);
#3702=FACE_BOUND('',#3445,.T.);
#3703=FACE_BOUND('',#3446,.T.);
#3704=FACE_BOUND('',#3447,.T.);
#3705=FACE_BOUND('',#3448,.T.);
#3706=FACE_BOUND('',#3449,.T.);
#3707=FACE_BOUND('',#3450,.T.);
#3708=FACE_BOUND('',#3451,.T.);
#3709=FACE_BOUND('',#3452,.T.);
#3710=FACE_BOUND('',#3453,.T.);
#3711=FACE_BOUND('',#3454,.T.);
#3712=FACE_BOUND('',#3455,.T.);
#3713=FACE_BOUND('',#3456,.T.);
#3714=FACE_BOUND('',#3457,.T.);
#3715=FACE_BOUND('',#3458,.T.);
#3716=FACE_BOUND('',#3459,.T.);
#3717=FACE_BOUND('',#3460,.T.);
#3718=FACE_BOUND('',#3461,.T.);
#3719=FACE_BOUND('',#3462,.T.);
#3720=FACE_BOUND('',#3463,.T.);
#3721=FACE_BOUND('',#3464,.T.);
#3722=FACE_BOUND('',#3465,.T.);
#3723=FACE_BOUND('',#3466,.T.);
#3724=FACE_BOUND('',#3467,.T.);
#3725=FACE_BOUND('',#3468,.T.);
#3726=FACE_BOUND('',#3469,.T.);
#3727=FACE_BOUND('',#3470,.T.);
#3728=FACE_BOUND('',#3471,.T.);
#3729=FACE_BOUND('',#3472,.T.);
#3730=FACE_BOUND('',#3473,.T.);
#3731=FACE_BOUND('',#3474,.T.);
#3732=FACE_BOUND('',#3475,.T.);
#3733=FACE_BOUND('',#3476,.T.);
#3734=FACE_BOUND('',#3477,.T.);
#3735=FACE_BOUND('',#3478,.T.);
#3736=FACE_BOUND('',#3479,.T.);
#3737=FACE_BOUND('',#3480,.T.);
#3738=FACE_BOUND('',#3481,.T.);
#3739=FACE_BOUND('',#3482,.T.);
#3740=FACE_BOUND('',#3483,.T.);
#3741=FACE_BOUND('',#3484,.T.);
#3742=FACE_BOUND('',#3485,.T.);
#3743=FACE_BOUND('',#3486,.T.);
#3744=FACE_BOUND('',#3487,.T.);
#3745=FACE_BOUND('',#3488,.T.);
#3746=FACE_BOUND('',#3489,.T.);
#3747=FACE_BOUND('',#3490,.T.);
#3748=FACE_BOUND('',#3491,.T.);
#3749=FACE_BOUND('',#3492,.T.);
#3750=FACE_BOUND('',#3493,.T.);
#3751=FACE_BOUND('',#3494,.T.);
#3752=FACE_BOUND('',#3495,.T.);
#3753=FACE_BOUND('',#3496,.T.);
#3754=FACE_BOUND('',#3497,.T.);
#3755=FACE_BOUND('',#3498,.T.);
#3756=FACE_BOUND('',#3499,.T.);
#3757=FACE_BOUND('',#3500,.T.);
#3758=FACE_BOUND('',#3501,.T.);
#3759=FACE_BOUND('',#3502,.T.);
#3760=FACE_BOUND('',#3503,.T.);
#3761=FACE_BOUND('',#3504,.T.);
#3762=FACE_BOUND('',#3505,.T.);
#3763=FACE_BOUND('',#3506,.T.);
#3764=FACE_BOUND('',#3507,.T.);
#3765=FACE_BOUND('',#3508,.T.);
#3766=FACE_BOUND('',#3509,.T.);
#3767=FACE_BOUND('',#3510,.T.);
#3768=FACE_BOUND('',#3511,.T.);
#3769=FACE_BOUND('',#3512,.T.);
#3770=FACE_BOUND('',#3513,.T.);
#3771=FACE_BOUND('',#3514,.T.);
#3772=FACE_BOUND('',#3515,.T.);
#3773=FACE_BOUND('',#3516,.T.);
#3774=FACE_BOUND('',#3517,.T.);
#3775=FACE_BOUND('',#3518,.T.);
#3776=FACE_BOUND('',#3519,.T.);
#3777=FACE_BOUND('',#3520,.T.);
#3778=FACE_BOUND('',#3521,.T.);
#3779=FACE_BOUND('',#3522,.T.);
#3780=FACE_BOUND('',#3523,.T.);
#3781=FACE_BOUND('',#3524,.T.);
#3782=PLANE('',#4120);
#3783=PLANE('',#4122);
#3784=PLANE('',#4124);
#3785=PLANE('',#4126);
#3786=PLANE('',#4128);
#3787=PLANE('',#4134);
#3788=PLANE('',#4161);
#3789=PLANE('',#4178);
#3790=PLANE('',#4184);
#3791=PLANE('',#4185);
#3792=PLANE('',#4186);
#3793=PLANE('',#4187);
#3794=PLANE('',#4188);
#3795=PLANE('',#4189);
#3796=PLANE('',#4190);
#3797=PLANE('',#4191);
#3798=PLANE('',#4195);
#3799=PLANE('',#4213);
#3800=PLANE('',#4215);
#3801=PLANE('',#4216);
#3802=PLANE('',#4223);
#3803=PLANE('',#4225);
#3804=PLANE('',#4227);
#3805=PLANE('',#4229);
#3806=PLANE('',#4232);
#3807=PLANE('',#4234);
#3808=PLANE('',#4235);
#3809=PLANE('',#4238);
#3810=PLANE('',#4243);
#3811=PLANE('',#4248);
#3812=PLANE('',#4250);
#3813=PLANE('',#4251);
#3814=PLANE('',#4253);
#3815=PLANE('',#4255);
#3816=PLANE('',#4256);
#3817=PLANE('',#4257);
#3818=PLANE('',#4258);
#3819=PLANE('',#4259);
#3820=PLANE('',#4260);
#3821=PLANE('',#4261);
#3822=PLANE('',#4262);
#3823=PLANE('',#4263);
#3824=PLANE('',#4264);
#3825=PLANE('',#4265);
#3826=PLANE('',#4266);
#3827=PLANE('',#4267);
#3828=PLANE('',#4268);
#3829=PLANE('',#4269);
#3830=PLANE('',#4270);
#3831=PLANE('',#4273);
#3832=PLANE('',#4274);
#3833=PLANE('',#4275);
#3834=PLANE('',#4276);
#3835=PLANE('',#4280);
#3836=PLANE('',#4283);
#3837=PLANE('',#4292);
#3838=PLANE('',#4293);
#3839=PLANE('',#4296);
#3840=PLANE('',#4299);
#3841=PLANE('',#4306);
#3842=PLANE('',#4308);
#3843=PLANE('',#4310);
#3844=PLANE('',#4311);
#3845=PLANE('',#4314);
#3846=PLANE('',#4318);
#3847=PLANE('',#4321);
#3848=PLANE('',#4325);
#3849=PLANE('',#4328);
#3850=PLANE('',#4331);
#3851=PLANE('',#4333);
#3852=PLANE('',#4336);
#3853=PLANE('',#4339);
#3854=PLANE('',#4343);
#3855=PLANE('',#4347);
#3856=PLANE('',#4350);
#3857=PLANE('',#4353);
#3858=PLANE('',#4355);
#3859=PLANE('',#4357);
#3860=PLANE('',#4360);
#3861=PLANE('',#4363);
#3862=PLANE('',#4366);
#3863=PLANE('',#4369);
#3864=PLANE('',#4372);
#3865=PLANE('',#4374);
#3866=PLANE('',#4377);
#3867=PLANE('',#4380);
#3868=PLANE('',#4383);
#3869=PLANE('',#4386);
#3870=PLANE('',#4388);
#3871=PLANE('',#4391);
#3872=PLANE('',#4394);
#3873=PLANE('',#4397);
#3874=PLANE('',#4400);
#3875=PLANE('',#4407);
#3876=PLANE('',#4409);
#3877=PLANE('',#4410);
#3878=PLANE('',#4412);
#3879=PLANE('',#4414);
#3880=PLANE('',#4469);
#3881=PLANE('',#4470);
#3882=PLANE('',#4471);
#3883=ADVANCED_FACE('',(#3525),#3782,.T.);
#3884=ADVANCED_FACE('',(#3526),#3783,.T.);
#3885=ADVANCED_FACE('',(#3527),#3784,.T.);
#3886=ADVANCED_FACE('',(#3528),#3785,.T.);
#3887=ADVANCED_FACE('',(#3529),#3786,.T.);
#3888=ADVANCED_FACE('',(#3530),#3787,.T.);
#3889=ADVANCED_FACE('',(#3531),#111,.T.);
#3890=ADVANCED_FACE('',(#3532),#112,.T.);
#3891=ADVANCED_FACE('',(#3533),#113,.T.);
#3892=ADVANCED_FACE('',(#3534),#114,.T.);
#3893=ADVANCED_FACE('',(#3535),#115,.T.);
#3894=ADVANCED_FACE('',(#3536),#116,.T.);
#3895=ADVANCED_FACE('',(#3537),#117,.T.);
#3896=ADVANCED_FACE('',(#3538),#118,.T.);
#3897=ADVANCED_FACE('',(#3539),#3788,.T.);
#3898=ADVANCED_FACE('',(#3540,#3541),#119,.F.);
#3899=ADVANCED_FACE('',(#3542,#3543),#120,.F.);
#3900=ADVANCED_FACE('',(#3544,#3545),#121,.F.);
#3901=ADVANCED_FACE('',(#3546,#3547),#122,.F.);
#3902=ADVANCED_FACE('',(#3548),#3789,.F.);
#3903=ADVANCED_FACE('',(#3549),#3790,.T.);
#3904=ADVANCED_FACE('',(#3550),#3791,.T.);
#3905=ADVANCED_FACE('',(#3551),#3792,.T.);
#3906=ADVANCED_FACE('',(#3552),#3793,.T.);
#3907=ADVANCED_FACE('',(#3553),#3794,.F.);
#3908=ADVANCED_FACE('',(#3554),#3795,.F.);
#3909=ADVANCED_FACE('',(#3555),#3796,.T.);
#3910=ADVANCED_FACE('',(#3556),#3797,.T.);
#3911=ADVANCED_FACE('',(#3557,#3558,#3559,#3560),#38,.F.);
#3912=ADVANCED_FACE('',(#3561),#3798,.F.);
#3913=ADVANCED_FACE('',(#3562,#3563,#3564,#3565,#3566,#3567),#39,.F.);
#3914=ADVANCED_FACE('',(#3568,#3569,#3570,#3571),#40,.F.);
#3915=ADVANCED_FACE('',(#3572),#123,.T.);
#3916=ADVANCED_FACE('',(#3573),#124,.T.);
#3917=ADVANCED_FACE('',(#3574),#3799,.T.);
#3918=ADVANCED_FACE('',(#3575),#3800,.T.);
#3919=ADVANCED_FACE('',(#3576),#3801,.T.);
#3920=ADVANCED_FACE('',(#3577),#125,.T.);
#3921=ADVANCED_FACE('',(#3578),#126,.T.);
#3922=ADVANCED_FACE('',(#3579),#3802,.T.);
#3923=ADVANCED_FACE('',(#3580),#3803,.T.);
#3924=ADVANCED_FACE('',(#3581),#3804,.F.);
#3925=ADVANCED_FACE('',(#3582),#3805,.T.);
#3926=ADVANCED_FACE('',(#3583),#3806,.F.);
#3927=ADVANCED_FACE('',(#3584),#3807,.F.);
#3928=ADVANCED_FACE('',(#3585),#3808,.T.);
#3929=ADVANCED_FACE('',(#3586),#3809,.T.);
#3930=ADVANCED_FACE('',(#3587),#3810,.T.);
#3931=ADVANCED_FACE('',(#3588),#3811,.T.);
#3932=ADVANCED_FACE('',(#3589),#3812,.T.);
#3933=ADVANCED_FACE('',(#3590),#3813,.T.);
#3934=ADVANCED_FACE('',(#3591),#3814,.T.);
#3935=ADVANCED_FACE('',(#3592),#3815,.T.);
#3936=ADVANCED_FACE('',(#3593),#3816,.T.);
#3937=ADVANCED_FACE('',(#3594),#3817,.T.);
#3938=ADVANCED_FACE('',(#3595),#3818,.T.);
#3939=ADVANCED_FACE('',(#3596),#3819,.T.);
#3940=ADVANCED_FACE('',(#3597),#3820,.T.);
#3941=ADVANCED_FACE('',(#3598),#3821,.T.);
#3942=ADVANCED_FACE('',(#3599),#3822,.T.);
#3943=ADVANCED_FACE('',(#3600),#3823,.F.);
#3944=ADVANCED_FACE('',(#3601),#3824,.F.);
#3945=ADVANCED_FACE('',(#3602),#3825,.T.);
#3946=ADVANCED_FACE('',(#3603),#3826,.F.);
#3947=ADVANCED_FACE('',(#3604),#3827,.F.);
#3948=ADVANCED_FACE('',(#3605),#3828,.F.);
#3949=ADVANCED_FACE('',(#3606),#3829,.F.);
#3950=ADVANCED_FACE('',(#3607),#3830,.F.);
#3951=ADVANCED_FACE('',(#3608),#3831,.T.);
#3952=ADVANCED_FACE('',(#3609),#3832,.T.);
#3953=ADVANCED_FACE('',(#3610),#3833,.T.);
#3954=ADVANCED_FACE('',(#3611),#3834,.F.);
#3955=ADVANCED_FACE('',(#3612),#41,.F.);
#3956=ADVANCED_FACE('',(#3613,#3614),#42,.F.);
#3957=ADVANCED_FACE('',(#3615,#3616),#3835,.T.);
#3958=ADVANCED_FACE('',(#3617,#3618),#3836,.T.);
#3959=ADVANCED_FACE('',(#3619),#127,.T.);
#3960=ADVANCED_FACE('',(#3620),#128,.T.);
#3961=ADVANCED_FACE('',(#3621,#3622),#36,.T.);
#3962=ADVANCED_FACE('',(#3623,#3624),#129,.F.);
#3963=ADVANCED_FACE('',(#3625,#3626),#130,.F.);
#3964=ADVANCED_FACE('',(#3627),#43,.F.);
#3965=ADVANCED_FACE('',(#3628),#3837,.F.);
#3966=ADVANCED_FACE('',(#3629),#3838,.T.);
#3967=ADVANCED_FACE('',(#3630,#3631),#44,.F.);
#3968=ADVANCED_FACE('',(#3632,#3633),#3839,.T.);
#3969=ADVANCED_FACE('',(#3634,#3635),#3840,.T.);
#3970=ADVANCED_FACE('',(#3636),#131,.T.);
#3971=ADVANCED_FACE('',(#3637),#132,.T.);
#3972=ADVANCED_FACE('',(#3638,#3639),#133,.F.);
#3973=ADVANCED_FACE('',(#3640),#3841,.F.);
#3974=ADVANCED_FACE('',(#3641),#45,.F.);
#3975=ADVANCED_FACE('',(#3642),#3842,.T.);
#3976=ADVANCED_FACE('',(#3643,#3644),#46,.F.);
#3977=ADVANCED_FACE('',(#3645),#3843,.T.);
#3978=ADVANCED_FACE('',(#3646),#3844,.F.);
#3979=ADVANCED_FACE('',(#3647),#3845,.F.);
#3980=ADVANCED_FACE('',(#3648),#3846,.F.);
#3981=ADVANCED_FACE('',(#3649),#3847,.F.);
#3982=ADVANCED_FACE('',(#3650),#3848,.F.);
#3983=ADVANCED_FACE('',(#3651),#3849,.F.);
#3984=ADVANCED_FACE('',(#3652),#3850,.T.);
#3985=ADVANCED_FACE('',(#3653),#3851,.T.);
#3986=ADVANCED_FACE('',(#3654),#3852,.T.);
#3987=ADVANCED_FACE('',(#3655),#3853,.T.);
#3988=ADVANCED_FACE('',(#3656),#3854,.T.);
#3989=ADVANCED_FACE('',(#3657),#3855,.T.);
#3990=ADVANCED_FACE('',(#3658),#3856,.T.);
#3991=ADVANCED_FACE('',(#3659),#3857,.T.);
#3992=ADVANCED_FACE('',(#3660),#3858,.T.);
#3993=ADVANCED_FACE('',(#3661),#3859,.T.);
#3994=ADVANCED_FACE('',(#3662),#3860,.T.);
#3995=ADVANCED_FACE('',(#3663),#3861,.T.);
#3996=ADVANCED_FACE('',(#3664),#3862,.T.);
#3997=ADVANCED_FACE('',(#3665),#3863,.T.);
#3998=ADVANCED_FACE('',(#3666),#3864,.T.);
#3999=ADVANCED_FACE('',(#3667),#3865,.T.);
#4000=ADVANCED_FACE('',(#3668),#3866,.T.);
#4001=ADVANCED_FACE('',(#3669),#3867,.F.);
#4002=ADVANCED_FACE('',(#3670),#3868,.F.);
#4003=ADVANCED_FACE('',(#3671),#3869,.F.);
#4004=ADVANCED_FACE('',(#3672),#3870,.F.);
#4005=ADVANCED_FACE('',(#3673),#3871,.F.);
#4006=ADVANCED_FACE('',(#3674),#3872,.F.);
#4007=ADVANCED_FACE('',(#3675),#3873,.F.);
#4008=ADVANCED_FACE('',(#3676),#3874,.F.);
#4009=ADVANCED_FACE('',(#3677,#3678),#47,.F.);
#4010=ADVANCED_FACE('',(#3679,#3680),#134,.F.);
#4011=ADVANCED_FACE('',(#3681,#3682),#48,.F.);
#4012=ADVANCED_FACE('',(#3683,#3684),#49,.F.);
#4013=ADVANCED_FACE('',(#3685),#3875,.T.);
#4014=ADVANCED_FACE('',(#3686),#50,.F.);
#4015=ADVANCED_FACE('',(#3687),#3876,.T.);
#4016=ADVANCED_FACE('',(#3688),#3877,.F.);
#4017=ADVANCED_FACE('',(#3689,#3690),#51,.F.);
#4018=ADVANCED_FACE('',(#3691),#3878,.T.);
#4019=ADVANCED_FACE('',(#3692,#3693),#52,.F.);
#4020=ADVANCED_FACE('',(#3694),#3879,.T.);
#4021=ADVANCED_FACE('',(#3695,#3696),#37,.T.);
#4022=ADVANCED_FACE('',(#3697),#53,.T.);
#4023=ADVANCED_FACE('',(#3698),#54,.T.);
#4024=ADVANCED_FACE('',(#3699),#55,.T.);
#4025=ADVANCED_FACE('',(#3700),#56,.T.);
#4026=ADVANCED_FACE('',(#3701),#57,.T.);
#4027=ADVANCED_FACE('',(#3702),#58,.T.);
#4028=ADVANCED_FACE('',(#3703),#59,.T.);
#4029=ADVANCED_FACE('',(#3704),#60,.T.);
#4030=ADVANCED_FACE('',(#3705),#61,.T.);
#4031=ADVANCED_FACE('',(#3706),#62,.T.);
#4032=ADVANCED_FACE('',(#3707),#63,.T.);
#4033=ADVANCED_FACE('',(#3708),#64,.T.);
#4034=ADVANCED_FACE('',(#3709),#65,.T.);
#4035=ADVANCED_FACE('',(#3710),#66,.T.);
#4036=ADVANCED_FACE('',(#3711),#67,.T.);
#4037=ADVANCED_FACE('',(#3712),#68,.T.);
#4038=ADVANCED_FACE('',(#3713),#69,.T.);
#4039=ADVANCED_FACE('',(#3714),#70,.T.);
#4040=ADVANCED_FACE('',(#3715),#71,.T.);
#4041=ADVANCED_FACE('',(#3716),#72,.T.);
#4042=ADVANCED_FACE('',(#3717),#73,.T.);
#4043=ADVANCED_FACE('',(#3718),#74,.T.);
#4044=ADVANCED_FACE('',(#3719),#75,.T.);
#4045=ADVANCED_FACE('',(#3720),#76,.T.);
#4046=ADVANCED_FACE('',(#3721),#77,.T.);
#4047=ADVANCED_FACE('',(#3722),#78,.T.);
#4048=ADVANCED_FACE('',(#3723),#79,.T.);
#4049=ADVANCED_FACE('',(#3724),#80,.T.);
#4050=ADVANCED_FACE('',(#3725),#81,.T.);
#4051=ADVANCED_FACE('',(#3726),#82,.T.);
#4052=ADVANCED_FACE('',(#3727),#83,.T.);
#4053=ADVANCED_FACE('',(#3728),#84,.T.);
#4054=ADVANCED_FACE('',(#3729),#85,.T.);
#4055=ADVANCED_FACE('',(#3730),#86,.T.);
#4056=ADVANCED_FACE('',(#3731),#87,.T.);
#4057=ADVANCED_FACE('',(#3732),#88,.T.);
#4058=ADVANCED_FACE('',(#3733),#89,.T.);
#4059=ADVANCED_FACE('',(#3734),#90,.T.);
#4060=ADVANCED_FACE('',(#3735),#3880,.T.);
#4061=ADVANCED_FACE('',(#3736),#3881,.F.);
#4062=ADVANCED_FACE('',(#3737),#3882,.T.);
#4063=ADVANCED_FACE('',(#3738),#91,.F.);
#4064=ADVANCED_FACE('',(#3739),#12,.F.);
#4065=ADVANCED_FACE('',(#3740),#13,.F.);
#4066=ADVANCED_FACE('',(#3741),#92,.F.);
#4067=ADVANCED_FACE('',(#3742),#14,.F.);
#4068=ADVANCED_FACE('',(#3743),#15,.F.);
#4069=ADVANCED_FACE('',(#3744),#93,.F.);
#4070=ADVANCED_FACE('',(#3745),#16,.F.);
#4071=ADVANCED_FACE('',(#3746),#94,.F.);
#4072=ADVANCED_FACE('',(#3747),#17,.F.);
#4073=ADVANCED_FACE('',(#3748),#95,.F.);
#4074=ADVANCED_FACE('',(#3749),#96,.F.);
#4075=ADVANCED_FACE('',(#3750),#18,.F.);
#4076=ADVANCED_FACE('',(#3751),#19,.F.);
#4077=ADVANCED_FACE('',(#3752),#97,.F.);
#4078=ADVANCED_FACE('',(#3753),#20,.F.);
#4079=ADVANCED_FACE('',(#3754),#21,.F.);
#4080=ADVANCED_FACE('',(#3755),#98,.F.);
#4081=ADVANCED_FACE('',(#3756),#22,.F.);
#4082=ADVANCED_FACE('',(#3757),#23,.F.);
#4083=ADVANCED_FACE('',(#3758),#99,.F.);
#4084=ADVANCED_FACE('',(#3759),#100,.F.);
#4085=ADVANCED_FACE('',(#3760),#24,.F.);
#4086=ADVANCED_FACE('',(#3761),#25,.F.);
#4087=ADVANCED_FACE('',(#3762),#101,.F.);
#4088=ADVANCED_FACE('',(#3763),#102,.F.);
#4089=ADVANCED_FACE('',(#3764),#26,.F.);
#4090=ADVANCED_FACE('',(#3765),#27,.F.);
#4091=ADVANCED_FACE('',(#3766),#28,.F.);
#4092=ADVANCED_FACE('',(#3767),#29,.F.);
#4093=ADVANCED_FACE('',(#3768),#103,.F.);
#4094=ADVANCED_FACE('',(#3769),#104,.F.);
#4095=ADVANCED_FACE('',(#3770),#30,.F.);
#4096=ADVANCED_FACE('',(#3771),#31,.F.);
#4097=ADVANCED_FACE('',(#3772),#32,.F.);
#4098=ADVANCED_FACE('',(#3773),#105,.F.);
#4099=ADVANCED_FACE('',(#3774),#33,.F.);
#4100=ADVANCED_FACE('',(#3775),#106,.F.);
#4101=ADVANCED_FACE('',(#3776),#107,.F.);
#4102=ADVANCED_FACE('',(#3777),#108,.F.);
#4103=ADVANCED_FACE('',(#3778),#34,.F.);
#4104=ADVANCED_FACE('',(#3779),#35,.F.);
#4105=ADVANCED_FACE('',(#3780),#109,.T.);
#4106=ADVANCED_FACE('',(#3781),#110,.T.);
#4107=CLOSED_SHELL('',(#3883,#3884,#3885,#3886,#3887,#3888,#3889,#3890,
#3891,#3892,#3893,#3894,#3895,#3896,#3897,#3898,#3899,#3900,#3901,#3902,
#3903,#3904,#3905,#3906,#3907,#3908,#3909,#3910,#3911,#3912,#3913,#3914,
#3915,#3916,#3917,#3918,#3919,#3920,#3921,#3922,#3923,#3924,#3925,#3926,
#3927,#3928,#3929,#3930,#3931,#3932,#3933,#3934,#3935,#3936,#3937,#3938,
#3939,#3940,#3941,#3942,#3943,#3944,#3945,#3946,#3947,#3948,#3949,#3950,
#3951,#3952,#3953,#3954,#3955,#3956,#3957,#3958,#3959,#3960,#3961,#3962,
#3963,#3964,#3965,#3966,#3967,#3968,#3969,#3970,#3971,#3972,#3973,#3974,
#3975,#3976,#3977,#3978,#3979,#3980,#3981,#3982,#3983,#3984,#3985,#3986,
#3987,#3988,#3989,#3990,#3991,#3992,#3993,#3994,#3995,#3996,#3997,#3998,
#3999,#4000,#4001,#4002,#4003,#4004,#4005,#4006,#4007,#4008,#4009,#4010,
#4011,#4012,#4013,#4014,#4015,#4016,#4017,#4018,#4019,#4020,#4021,#4022,
#4023,#4024,#4025,#4026,#4027,#4028,#4029,#4030,#4031,#4032,#4033,#4034,
#4035,#4036,#4037,#4038,#4039,#4040,#4041,#4042,#4043,#4044,#4045,#4046,
#4047,#4048,#4049,#4050,#4051,#4052,#4053,#4054,#4055,#4056,#4057,#4058,
#4059,#4060,#4061,#4062,#4063,#4064,#4065,#4066,#4067,#4068,#4069,#4070,
#4071,#4072,#4073,#4074,#4075,#4076,#4077,#4078,#4079,#4080,#4081,#4082,
#4083,#4084,#4085,#4086,#4087,#4088,#4089,#4090,#4091,#4092,#4093,#4094,
#4095,#4096,#4097,#4098,#4099,#4100,#4101,#4102,#4103,#4104,#4105,#4106));
#4108=STYLED_ITEM('',(#4109),#4116);
#4109=PRESENTATION_STYLE_ASSIGNMENT((#4110));
#4110=SURFACE_STYLE_USAGE(.BOTH.,#4111);
#4111=SURFACE_SIDE_STYLE('',(#4112));
#4112=SURFACE_STYLE_FILL_AREA(#4113);
#4113=FILL_AREA_STYLE('',(#4114));
#4114=FILL_AREA_STYLE_COLOUR('',#4115);
#4115=COLOUR_RGB('',0.654901960784314,0.584313725490196,0.823529411764706);
#4116=MANIFOLD_SOLID_BREP('Part 1',#4107);
#4117=SHAPE_DEFINITION_REPRESENTATION(#7821,#4118);
#4118=SHAPE_REPRESENTATION('Part 1',(#4119),#7816);
#4119=AXIS2_PLACEMENT_3D('',#5631,#4528,#4529);
#4120=AXIS2_PLACEMENT_3D('',#5632,#4530,#4531);
#4121=AXIS2_PLACEMENT_3D('',#5638,#4534,#4535);
#4122=AXIS2_PLACEMENT_3D('',#5641,#4537,#4538);
#4123=AXIS2_PLACEMENT_3D('',#5642,#4539,#4540);
#4124=AXIS2_PLACEMENT_3D('',#5650,#4544,#4545);
#4125=AXIS2_PLACEMENT_3D('',#5651,#4546,#4547);
#4126=AXIS2_PLACEMENT_3D('',#5659,#4551,#4552);
#4127=AXIS2_PLACEMENT_3D('',#5665,#4555,#4556);
#4128=AXIS2_PLACEMENT_3D('',#5668,#4558,#4559);
#4129=AXIS2_PLACEMENT_3D('',#5669,#4560,#4561);
#4130=AXIS2_PLACEMENT_3D('',#5701,#4569,#4570);
#4131=AXIS2_PLACEMENT_3D('',#5732,#4578,#4579);
#4132=AXIS2_PLACEMENT_3D('',#5736,#4581,#4582);
#4133=AXIS2_PLACEMENT_3D('',#5740,#4584,#4585);
#4134=AXIS2_PLACEMENT_3D('',#5743,#4587,#4588);
#4135=AXIS2_PLACEMENT_3D('',#5747,#4590,#4591);
#4136=AXIS2_PLACEMENT_3D('',#5751,#4593,#4594);
#4137=AXIS2_PLACEMENT_3D('',#5752,#4595,#4596);
#4138=AXIS2_PLACEMENT_3D('',#5753,#4597,#4598);
#4139=AXIS2_PLACEMENT_3D('',#5768,#4599,#4600);
#4140=AXIS2_PLACEMENT_3D('',#5781,#4601,#4602);
#4141=AXIS2_PLACEMENT_3D('',#5782,#4603,#4604);
#4142=AXIS2_PLACEMENT_3D('',#5797,#4605,#4606);
#4143=AXIS2_PLACEMENT_3D('',#5810,#4607,#4608);
#4144=AXIS2_PLACEMENT_3D('',#5811,#4609,#4610);
#4145=AXIS2_PLACEMENT_3D('',#5825,#4611,#4612);
#4146=AXIS2_PLACEMENT_3D('',#5833,#4613,#4614);
#4147=AXIS2_PLACEMENT_3D('',#5834,#4615,#4616);
#4148=AXIS2_PLACEMENT_3D('',#5843,#4617,#4618);
#4149=AXIS2_PLACEMENT_3D('',#5856,#4619,#4620);
#4150=AXIS2_PLACEMENT_3D('',#5863,#4621,#4622);
#4151=AXIS2_PLACEMENT_3D('',#5877,#4623,#4624);
#4152=AXIS2_PLACEMENT_3D('',#5885,#4625,#4626);
#4153=AXIS2_PLACEMENT_3D('',#5892,#4627,#4628);
#4154=AXIS2_PLACEMENT_3D('',#5906,#4629,#4630);
#4155=AXIS2_PLACEMENT_3D('',#5914,#4631,#4632);
#4156=AXIS2_PLACEMENT_3D('',#5921,#4633,#4634);
#4157=AXIS2_PLACEMENT_3D('',#5929,#4635,#4636);
#4158=AXIS2_PLACEMENT_3D('',#5937,#4637,#4638);
#4159=AXIS2_PLACEMENT_3D('',#5938,#4639,#4640);
#4160=AXIS2_PLACEMENT_3D('',#5952,#4641,#4642);
#4161=AXIS2_PLACEMENT_3D('',#5960,#4643,#4644);
#4162=AXIS2_PLACEMENT_3D('',#5978,#4652,#4653);
#4163=AXIS2_PLACEMENT_3D('',#5979,#4654,#4655);
#4164=AXIS2_PLACEMENT_3D('',#5981,#4656,#4657);
#4165=AXIS2_PLACEMENT_3D('',#5982,#4658,#4659);
#4166=AXIS2_PLACEMENT_3D('',#5983,#4660,#4661);
#4167=AXIS2_PLACEMENT_3D('',#5984,#4662,#4663);
#4168=AXIS2_PLACEMENT_3D('',#5986,#4664,#4665);
#4169=AXIS2_PLACEMENT_3D('',#5988,#4666,#4667);
#4170=AXIS2_PLACEMENT_3D('',#5994,#4668,#4669);
#4171=AXIS2_PLACEMENT_3D('',#5995,#4670,#4671);
#4172=AXIS2_PLACEMENT_3D('',#6003,#4672,#4673);
#4173=AXIS2_PLACEMENT_3D('',#6010,#4674,#4675);
#4174=AXIS2_PLACEMENT_3D('',#6011,#4676,#4677);
#4175=AXIS2_PLACEMENT_3D('',#6012,#4678,#4679);
#4176=AXIS2_PLACEMENT_3D('',#6020,#4680,#4681);
#4177=AXIS2_PLACEMENT_3D('',#6027,#4682,#4683);
#4178=AXIS2_PLACEMENT_3D('',#6028,#4684,#4685);
#4179=AXIS2_PLACEMENT_3D('',#6033,#4688,#4689);
#4180=AXIS2_PLACEMENT_3D('',#6037,#4691,#4692);
#4181=AXIS2_PLACEMENT_3D('',#6041,#4694,#4695);
#4182=AXIS2_PLACEMENT_3D('',#6045,#4697,#4698);
#4183=AXIS2_PLACEMENT_3D('',#6058,#4706,#4707);
#4184=AXIS2_PLACEMENT_3D('',#6067,#4713,#4714);
#4185=AXIS2_PLACEMENT_3D('',#6068,#4715,#4716);
#4186=AXIS2_PLACEMENT_3D('',#6070,#4718,#4719);
#4187=AXIS2_PLACEMENT_3D('',#6072,#4721,#4722);
#4188=AXIS2_PLACEMENT_3D('',#6074,#4724,#4725);
#4189=AXIS2_PLACEMENT_3D('',#6080,#4729,#4730);
#4190=AXIS2_PLACEMENT_3D('',#6086,#4734,#4735);
#4191=AXIS2_PLACEMENT_3D('',#6092,#4739,#4740);
#4192=AXIS2_PLACEMENT_3D('',#6098,#4744,#4745);
#4193=AXIS2_PLACEMENT_3D('',#6134,#4747,#4748);
#4194=AXIS2_PLACEMENT_3D('',#6137,#4750,#4751);
#4195=AXIS2_PLACEMENT_3D('',#6151,#4752,#4753);
#4196=AXIS2_PLACEMENT_3D('',#6152,#4754,#4755);
#4197=AXIS2_PLACEMENT_3D('',#6159,#4759,#4760);
#4198=AXIS2_PLACEMENT_3D('',#6175,#4762,#4763);
#4199=AXIS2_PLACEMENT_3D('',#6177,#4764,#4765);
#4200=AXIS2_PLACEMENT_3D('',#6179,#4766,#4767);
#4201=AXIS2_PLACEMENT_3D('',#6202,#4769,#4770);
#4202=AXIS2_PLACEMENT_3D('',#6210,#4771,#4772);
#4203=AXIS2_PLACEMENT_3D('',#6217,#4773,#4774);
#4204=AXIS2_PLACEMENT_3D('',#6270,#4777,#4778);
#4205=AXIS2_PLACEMENT_3D('',#6295,#4779,#4780);
#4206=AXIS2_PLACEMENT_3D('',#6314,#4783,#4784);
#4207=AXIS2_PLACEMENT_3D('',#6315,#4785,#4786);
#4208=AXIS2_PLACEMENT_3D('',#6316,#4787,#4788);
#4209=AXIS2_PLACEMENT_3D('',#6332,#4789,#4790);
#4210=AXIS2_PLACEMENT_3D('',#6346,#4791,#4792);
#4211=AXIS2_PLACEMENT_3D('',#6347,#4793,#4794);
#4212=AXIS2_PLACEMENT_3D('',#6363,#4795,#4796);
#4213=AXIS2_PLACEMENT_3D('',#6377,#4797,#4798);
#4214=AXIS2_PLACEMENT_3D('',#6378,#4799,#4800);
#4215=AXIS2_PLACEMENT_3D('',#6383,#4803,#4804);
#4216=AXIS2_PLACEMENT_3D('',#6389,#4808,#4809);
#4217=AXIS2_PLACEMENT_3D('',#6399,#4814,#4815);
#4218=AXIS2_PLACEMENT_3D('',#6401,#4817,#4818);
#4219=AXIS2_PLACEMENT_3D('',#6408,#4819,#4820);
#4220=AXIS2_PLACEMENT_3D('',#6429,#4821,#4822);
#4221=AXIS2_PLACEMENT_3D('',#6430,#4823,#4824);
#4222=AXIS2_PLACEMENT_3D('',#6446,#4825,#4826);
#4223=AXIS2_PLACEMENT_3D('',#6460,#4827,#4828);
#4224=AXIS2_PLACEMENT_3D('',#6466,#4831,#4832);
#4225=AXIS2_PLACEMENT_3D('',#6469,#4834,#4835);
#4226=AXIS2_PLACEMENT_3D('',#6472,#4837,#4838);
#4227=AXIS2_PLACEMENT_3D('',#6475,#4840,#4841);
#4228=AXIS2_PLACEMENT_3D('',#6476,#4842,#4843);
#4229=AXIS2_PLACEMENT_3D('',#6487,#4849,#4850);
#4230=AXIS2_PLACEMENT_3D('',#6499,#4854,#4855);
#4231=AXIS2_PLACEMENT_3D('',#6529,#4866,#4867);
#4232=AXIS2_PLACEMENT_3D('',#6545,#4874,#4875);
#4233=AXIS2_PLACEMENT_3D('',#6556,#4881,#4882);
#4234=AXIS2_PLACEMENT_3D('',#6557,#4883,#4884);
#4235=AXIS2_PLACEMENT_3D('',#6563,#4888,#4889);
#4236=AXIS2_PLACEMENT_3D('',#6567,#4891,#4892);
#4237=AXIS2_PLACEMENT_3D('',#6571,#4894,#4895);
#4238=AXIS2_PLACEMENT_3D('',#6572,#4896,#4897);
#4239=AXIS2_PLACEMENT_3D('',#6576,#4899,#4900);
#4240=AXIS2_PLACEMENT_3D('',#6587,#4901,#4902);
#4241=AXIS2_PLACEMENT_3D('',#6591,#4904,#4905);
#4242=AXIS2_PLACEMENT_3D('',#6595,#4907,#4908);
#4243=AXIS2_PLACEMENT_3D('',#6596,#4909,#4910);
#4244=AXIS2_PLACEMENT_3D('',#6600,#4912,#4913);
#4245=AXIS2_PLACEMENT_3D('',#6604,#4915,#4916);
#4246=AXIS2_PLACEMENT_3D('',#6608,#4918,#4919);
#4247=AXIS2_PLACEMENT_3D('',#6619,#4920,#4921);
#4248=AXIS2_PLACEMENT_3D('',#6620,#4922,#4923);
#4249=AXIS2_PLACEMENT_3D('',#6626,#4927,#4928);
#4250=AXIS2_PLACEMENT_3D('',#6629,#4930,#4931);
#4251=AXIS2_PLACEMENT_3D('',#6654,#4940,#4941);
#4252=AXIS2_PLACEMENT_3D('',#6660,#4944,#4945);
#4253=AXIS2_PLACEMENT_3D('',#6663,#4947,#4948);
#4254=AXIS2_PLACEMENT_3D('',#6664,#4949,#4950);
#4255=AXIS2_PLACEMENT_3D('',#6672,#4954,#4955);
#4256=AXIS2_PLACEMENT_3D('',#6697,#4964,#4965);
#4257=AXIS2_PLACEMENT_3D('',#6703,#4969,#4970);
#4258=AXIS2_PLACEMENT_3D('',#6722,#4981,#4982);
#4259=AXIS2_PLACEMENT_3D('',#6728,#4986,#4987);
#4260=AXIS2_PLACEMENT_3D('',#6739,#4994,#4995);
#4261=AXIS2_PLACEMENT_3D('',#6750,#5001,#5002);
#4262=AXIS2_PLACEMENT_3D('',#6759,#5007,#5008);
#4263=AXIS2_PLACEMENT_3D('',#6770,#5014,#5015);
#4264=AXIS2_PLACEMENT_3D('',#6781,#5021,#5022);
#4265=AXIS2_PLACEMENT_3D('',#6792,#5029,#5030);
#4266=AXIS2_PLACEMENT_3D('',#6814,#5042,#5043);
#4267=AXIS2_PLACEMENT_3D('',#6825,#5049,#5050);
#4268=AXIS2_PLACEMENT_3D('',#6836,#5057,#5058);
#4269=AXIS2_PLACEMENT_3D('',#6842,#5062,#5063);
#4270=AXIS2_PLACEMENT_3D('',#6848,#5067,#5068);
#4271=AXIS2_PLACEMENT_3D('',#6849,#5069,#5070);
#4272=AXIS2_PLACEMENT_3D('',#6850,#5071,#5072);
#4273=AXIS2_PLACEMENT_3D('',#6851,#5073,#5074);
#4274=AXIS2_PLACEMENT_3D('',#6852,#5075,#5076);
#4275=AXIS2_PLACEMENT_3D('',#6853,#5077,#5078);
#4276=AXIS2_PLACEMENT_3D('',#6856,#5081,#5082);
#4277=AXIS2_PLACEMENT_3D('',#6859,#5085,#5086);
#4278=AXIS2_PLACEMENT_3D('',#6860,#5087,#5088);
#4279=AXIS2_PLACEMENT_3D('',#6898,#5089,#5090);
#4280=AXIS2_PLACEMENT_3D('',#6900,#5091,#5092);
#4281=AXIS2_PLACEMENT_3D('',#6901,#5093,#5094);
#4282=AXIS2_PLACEMENT_3D('',#6902,#5095,#5096);
#4283=AXIS2_PLACEMENT_3D('',#6904,#5097,#5098);
#4284=AXIS2_PLACEMENT_3D('',#6905,#5099,#5100);
#4285=AXIS2_PLACEMENT_3D('',#6906,#5101,#5102);
#4286=AXIS2_PLACEMENT_3D('',#6908,#5103,#5104);
#4287=AXIS2_PLACEMENT_3D('',#6923,#5105,#5106);
#4288=AXIS2_PLACEMENT_3D('',#6974,#5107,#5108);
#4289=AXIS2_PLACEMENT_3D('',#6975,#5109,#5110);
#4290=AXIS2_PLACEMENT_3D('',#6976,#5111,#5112);
#4291=AXIS2_PLACEMENT_3D('',#6978,#5113,#5114);
#4292=AXIS2_PLACEMENT_3D('',#6981,#5117,#5118);
#4293=AXIS2_PLACEMENT_3D('',#6982,#5119,#5120);
#4294=AXIS2_PLACEMENT_3D('',#6983,#5121,#5122);
#4295=AXIS2_PLACEMENT_3D('',#6984,#5123,#5124);
#4296=AXIS2_PLACEMENT_3D('',#6986,#5125,#5126);
#4297=AXIS2_PLACEMENT_3D('',#6987,#5127,#5128);
#4298=AXIS2_PLACEMENT_3D('',#6989,#5129,#5130);
#4299=AXIS2_PLACEMENT_3D('',#6990,#5131,#5132);
#4300=AXIS2_PLACEMENT_3D('',#6991,#5133,#5134);
#4301=AXIS2_PLACEMENT_3D('',#6992,#5135,#5136);
#4302=AXIS2_PLACEMENT_3D('',#6994,#5137,#5138);
#4303=AXIS2_PLACEMENT_3D('',#7009,#5139,#5140);
#4304=AXIS2_PLACEMENT_3D('',#7024,#5141,#5142);
#4305=AXIS2_PLACEMENT_3D('',#7025,#5143,#5144);
#4306=AXIS2_PLACEMENT_3D('',#7027,#5145,#5146);
#4307=AXIS2_PLACEMENT_3D('',#7030,#5149,#5150);
#4308=AXIS2_PLACEMENT_3D('',#7032,#5152,#5153);
#4309=AXIS2_PLACEMENT_3D('',#7034,#5155,#5156);
#4310=AXIS2_PLACEMENT_3D('',#7035,#5157,#5158);
#4311=AXIS2_PLACEMENT_3D('',#7036,#5159,#5160);
#4312=AXIS2_PLACEMENT_3D('',#7037,#5161,#5162);
#4313=AXIS2_PLACEMENT_3D('',#7040,#5164,#5165);
#4314=AXIS2_PLACEMENT_3D('',#7041,#5166,#5167);
#4315=AXIS2_PLACEMENT_3D('',#7044,#5169,#5170);
#4316=AXIS2_PLACEMENT_3D('',#7045,#5171,#5172);
#4317=AXIS2_PLACEMENT_3D('',#7046,#5173,#5174);
#4318=AXIS2_PLACEMENT_3D('',#7047,#5175,#5176);
#4319=AXIS2_PLACEMENT_3D('',#7048,#5177,#5178);
#4320=AXIS2_PLACEMENT_3D('',#7049,#5179,#5180);
#4321=AXIS2_PLACEMENT_3D('',#7050,#5181,#5182);
#4322=AXIS2_PLACEMENT_3D('',#7051,#5183,#5184);
#4323=AXIS2_PLACEMENT_3D('',#7054,#5186,#5187);
#4324=AXIS2_PLACEMENT_3D('',#7055,#5188,#5189);
#4325=AXIS2_PLACEMENT_3D('',#7056,#5190,#5191);
#4326=AXIS2_PLACEMENT_3D('',#7057,#5192,#5193);
#4327=AXIS2_PLACEMENT_3D('',#7060,#5195,#5196);
#4328=AXIS2_PLACEMENT_3D('',#7061,#5197,#5198);
#4329=AXIS2_PLACEMENT_3D('',#7062,#5199,#5200);
#4330=AXIS2_PLACEMENT_3D('',#7063,#5201,#5202);
#4331=AXIS2_PLACEMENT_3D('',#7064,#5203,#5204);
#4332=AXIS2_PLACEMENT_3D('',#7067,#5206,#5207);
#4333=AXIS2_PLACEMENT_3D('',#7068,#5208,#5209);
#4334=AXIS2_PLACEMENT_3D('',#7071,#5211,#5212);
#4335=AXIS2_PLACEMENT_3D('',#7072,#5213,#5214);
#4336=AXIS2_PLACEMENT_3D('',#7073,#5215,#5216);
#4337=AXIS2_PLACEMENT_3D('',#7074,#5217,#5218);
#4338=AXIS2_PLACEMENT_3D('',#7077,#5220,#5221);
#4339=AXIS2_PLACEMENT_3D('',#7078,#5222,#5223);
#4340=AXIS2_PLACEMENT_3D('',#7079,#5224,#5225);
#4341=AXIS2_PLACEMENT_3D('',#7080,#5226,#5227);
#4342=AXIS2_PLACEMENT_3D('',#7081,#5228,#5229);
#4343=AXIS2_PLACEMENT_3D('',#7082,#5230,#5231);
#4344=AXIS2_PLACEMENT_3D('',#7085,#5233,#5234);
#4345=AXIS2_PLACEMENT_3D('',#7086,#5235,#5236);
#4346=AXIS2_PLACEMENT_3D('',#7087,#5237,#5238);
#4347=AXIS2_PLACEMENT_3D('',#7088,#5239,#5240);
#4348=AXIS2_PLACEMENT_3D('',#7091,#5242,#5243);
#4349=AXIS2_PLACEMENT_3D('',#7092,#5244,#5245);
#4350=AXIS2_PLACEMENT_3D('',#7093,#5246,#5247);
#4351=AXIS2_PLACEMENT_3D('',#7096,#5249,#5250);
#4352=AXIS2_PLACEMENT_3D('',#7097,#5251,#5252);
#4353=AXIS2_PLACEMENT_3D('',#7098,#5253,#5254);
#4354=AXIS2_PLACEMENT_3D('',#7099,#5255,#5256);
#4355=AXIS2_PLACEMENT_3D('',#7100,#5257,#5258);
#4356=AXIS2_PLACEMENT_3D('',#7101,#5259,#5260);
#4357=AXIS2_PLACEMENT_3D('',#7104,#5262,#5263);
#4358=AXIS2_PLACEMENT_3D('',#7105,#5264,#5265);
#4359=AXIS2_PLACEMENT_3D('',#7108,#5267,#5268);
#4360=AXIS2_PLACEMENT_3D('',#7109,#5269,#5270);
#4361=AXIS2_PLACEMENT_3D('',#7110,#5271,#5272);
#4362=AXIS2_PLACEMENT_3D('',#7111,#5273,#5274);
#4363=AXIS2_PLACEMENT_3D('',#7114,#5276,#5277);
#4364=AXIS2_PLACEMENT_3D('',#7115,#5278,#5279);
#4365=AXIS2_PLACEMENT_3D('',#7118,#5281,#5282);
#4366=AXIS2_PLACEMENT_3D('',#7119,#5283,#5284);
#4367=AXIS2_PLACEMENT_3D('',#7120,#5285,#5286);
#4368=AXIS2_PLACEMENT_3D('',#7123,#5288,#5289);
#4369=AXIS2_PLACEMENT_3D('',#7124,#5290,#5291);
#4370=AXIS2_PLACEMENT_3D('',#7125,#5292,#5293);
#4371=AXIS2_PLACEMENT_3D('',#7128,#5295,#5296);
#4372=AXIS2_PLACEMENT_3D('',#7129,#5297,#5298);
#4373=AXIS2_PLACEMENT_3D('',#7132,#5300,#5301);
#4374=AXIS2_PLACEMENT_3D('',#7133,#5302,#5303);
#4375=AXIS2_PLACEMENT_3D('',#7134,#5304,#5305);
#4376=AXIS2_PLACEMENT_3D('',#7137,#5307,#5308);
#4377=AXIS2_PLACEMENT_3D('',#7138,#5309,#5310);
#4378=AXIS2_PLACEMENT_3D('',#7139,#5311,#5312);
#4379=AXIS2_PLACEMENT_3D('',#7140,#5313,#5314);
#4380=AXIS2_PLACEMENT_3D('',#7141,#5315,#5316);
#4381=AXIS2_PLACEMENT_3D('',#7142,#5317,#5318);
#4382=AXIS2_PLACEMENT_3D('',#7145,#5320,#5321);
#4383=AXIS2_PLACEMENT_3D('',#7146,#5322,#5323);
#4384=AXIS2_PLACEMENT_3D('',#7147,#5324,#5325);
#4385=AXIS2_PLACEMENT_3D('',#7148,#5326,#5327);
#4386=AXIS2_PLACEMENT_3D('',#7151,#5329,#5330);
#4387=AXIS2_PLACEMENT_3D('',#7154,#5332,#5333);
#4388=AXIS2_PLACEMENT_3D('',#7156,#5335,#5336);
#4389=AXIS2_PLACEMENT_3D('',#7157,#5337,#5338);
#4390=AXIS2_PLACEMENT_3D('',#7160,#5340,#5341);
#4391=AXIS2_PLACEMENT_3D('',#7161,#5342,#5343);
#4392=AXIS2_PLACEMENT_3D('',#7162,#5344,#5345);
#4393=AXIS2_PLACEMENT_3D('',#7165,#5347,#5348);
#4394=AXIS2_PLACEMENT_3D('',#7166,#5349,#5350);
#4395=AXIS2_PLACEMENT_3D('',#7167,#5351,#5352);
#4396=AXIS2_PLACEMENT_3D('',#7168,#5353,#5354);
#4397=AXIS2_PLACEMENT_3D('',#7171,#5356,#5357);
#4398=AXIS2_PLACEMENT_3D('',#7172,#5358,#5359);
#4399=AXIS2_PLACEMENT_3D('',#7175,#5361,#5362);
#4400=AXIS2_PLACEMENT_3D('',#7176,#5363,#5364);
#4401=AXIS2_PLACEMENT_3D('',#7177,#5365,#5366);
#4402=AXIS2_PLACEMENT_3D('',#7178,#5367,#5368);
#4403=AXIS2_PLACEMENT_3D('',#7179,#5369,#5370);
#4404=AXIS2_PLACEMENT_3D('',#7180,#5371,#5372);
#4405=AXIS2_PLACEMENT_3D('',#7181,#5373,#5374);
#4406=AXIS2_PLACEMENT_3D('',#7182,#5375,#5376);
#4407=AXIS2_PLACEMENT_3D('',#7183,#5377,#5378);
#4408=AXIS2_PLACEMENT_3D('',#7184,#5379,#5380);
#4409=AXIS2_PLACEMENT_3D('',#7187,#5383,#5384);
#4410=AXIS2_PLACEMENT_3D('',#7188,#5385,#5386);
#4411=AXIS2_PLACEMENT_3D('',#7189,#5387,#5388);
#4412=AXIS2_PLACEMENT_3D('',#7237,#5389,#5390);
#4413=AXIS2_PLACEMENT_3D('',#7238,#5391,#5392);
#4414=AXIS2_PLACEMENT_3D('',#7239,#5393,#5394);
#4415=AXIS2_PLACEMENT_3D('',#7284,#5395,#5396);
#4416=AXIS2_PLACEMENT_3D('',#7285,#5397,#5398);
#4417=AXIS2_PLACEMENT_3D('',#7286,#5399,#5400);
#4418=AXIS2_PLACEMENT_3D('',#7292,#5401,#5402);
#4419=AXIS2_PLACEMENT_3D('',#7293,#5403,#5404);
#4420=AXIS2_PLACEMENT_3D('',#7299,#5405,#5406);
#4421=AXIS2_PLACEMENT_3D('',#7300,#5407,#5408);
#4422=AXIS2_PLACEMENT_3D('',#7301,#5409,#5410);
#4423=AXIS2_PLACEMENT_3D('',#7303,#5411,#5412);
#4424=AXIS2_PLACEMENT_3D('',#7304,#5413,#5414);
#4425=AXIS2_PLACEMENT_3D('',#7305,#5415,#5416);
#4426=AXIS2_PLACEMENT_3D('',#7306,#5417,#5418);
#4427=AXIS2_PLACEMENT_3D('',#7308,#5419,#5420);
#4428=AXIS2_PLACEMENT_3D('',#7309,#5421,#5422);
#4429=AXIS2_PLACEMENT_3D('',#7310,#5423,#5424);
#4430=AXIS2_PLACEMENT_3D('',#7316,#5425,#5426);
#4431=AXIS2_PLACEMENT_3D('',#7317,#5427,#5428);
#4432=AXIS2_PLACEMENT_3D('',#7318,#5429,#5430);
#4433=AXIS2_PLACEMENT_3D('',#7319,#5431,#5432);
#4434=AXIS2_PLACEMENT_3D('',#7325,#5433,#5434);
#4435=AXIS2_PLACEMENT_3D('',#7326,#5435,#5436);
#4436=AXIS2_PLACEMENT_3D('',#7327,#5437,#5438);
#4437=AXIS2_PLACEMENT_3D('',#7328,#5439,#5440);
#4438=AXIS2_PLACEMENT_3D('',#7329,#5441,#5442);
#4439=AXIS2_PLACEMENT_3D('',#7330,#5443,#5444);
#4440=AXIS2_PLACEMENT_3D('',#7331,#5445,#5446);
#4441=AXIS2_PLACEMENT_3D('',#7332,#5447,#5448);
#4442=AXIS2_PLACEMENT_3D('',#7333,#5449,#5450);
#4443=AXIS2_PLACEMENT_3D('',#7334,#5451,#5452);
#4444=AXIS2_PLACEMENT_3D('',#7335,#5453,#5454);
#4445=AXIS2_PLACEMENT_3D('',#7336,#5455,#5456);
#4446=AXIS2_PLACEMENT_3D('',#7337,#5457,#5458);
#4447=AXIS2_PLACEMENT_3D('',#7338,#5459,#5460);
#4448=AXIS2_PLACEMENT_3D('',#7339,#5461,#5462);
#4449=AXIS2_PLACEMENT_3D('',#7341,#5463,#5464);
#4450=AXIS2_PLACEMENT_3D('',#7342,#5465,#5466);
#4451=AXIS2_PLACEMENT_3D('',#7343,#5467,#5468);
#4452=AXIS2_PLACEMENT_3D('',#7344,#5469,#5470);
#4453=AXIS2_PLACEMENT_3D('',#7350,#5471,#5472);
#4454=AXIS2_PLACEMENT_3D('',#7351,#5473,#5474);
#4455=AXIS2_PLACEMENT_3D('',#7352,#5475,#5476);
#4456=AXIS2_PLACEMENT_3D('',#7354,#5477,#5478);
#4457=AXIS2_PLACEMENT_3D('',#7355,#5479,#5480);
#4458=AXIS2_PLACEMENT_3D('',#7356,#5481,#5482);
#4459=AXIS2_PLACEMENT_3D('',#7357,#5483,#5484);
#4460=AXIS2_PLACEMENT_3D('',#7363,#5485,#5486);
#4461=AXIS2_PLACEMENT_3D('',#7364,#5487,#5488);
#4462=AXIS2_PLACEMENT_3D('',#7370,#5489,#5490);
#4463=AXIS2_PLACEMENT_3D('',#7371,#5491,#5492);
#4464=AXIS2_PLACEMENT_3D('',#7372,#5493,#5494);
#4465=AXIS2_PLACEMENT_3D('',#7373,#5495,#5496);
#4466=AXIS2_PLACEMENT_3D('',#7379,#5497,#5498);
#4467=AXIS2_PLACEMENT_3D('',#7380,#5499,#5500);
#4468=AXIS2_PLACEMENT_3D('',#7403,#5503,#5504);
#4469=AXIS2_PLACEMENT_3D('',#7426,#5507,#5508);
#4470=AXIS2_PLACEMENT_3D('',#7429,#5511,#5512);
#4471=AXIS2_PLACEMENT_3D('',#7432,#5515,#5516);
#4472=AXIS2_PLACEMENT_3D('',#7435,#5519,#5520);
#4473=AXIS2_PLACEMENT_3D('',#7436,#5521,#5522);
#4474=AXIS2_PLACEMENT_3D('',#7449,#5523,#5524);
#4475=AXIS2_PLACEMENT_3D('',#7462,#5525,#5526);
#4476=AXIS2_PLACEMENT_3D('',#7463,#5527,#5528);
#4477=AXIS2_PLACEMENT_3D('',#7464,#5529,#5530);
#4478=AXIS2_PLACEMENT_3D('',#7477,#5531,#5532);
#4479=AXIS2_PLACEMENT_3D('',#7490,#5533,#5534);
#4480=AXIS2_PLACEMENT_3D('',#7491,#5535,#5536);
#4481=AXIS2_PLACEMENT_3D('',#7492,#5537,#5538);
#4482=AXIS2_PLACEMENT_3D('',#7509,#5539,#5540);
#4483=AXIS2_PLACEMENT_3D('',#7510,#5541,#5542);
#4484=AXIS2_PLACEMENT_3D('',#7512,#5543,#5544);
#4485=AXIS2_PLACEMENT_3D('',#7529,#5545,#5546);
#4486=AXIS2_PLACEMENT_3D('',#7530,#5547,#5548);
#4487=AXIS2_PLACEMENT_3D('',#7532,#5549,#5550);
#4488=AXIS2_PLACEMENT_3D('',#7533,#5551,#5552);
#4489=AXIS2_PLACEMENT_3D('',#7566,#5553,#5554);
#4490=AXIS2_PLACEMENT_3D('',#7567,#5555,#5556);
#4491=AXIS2_PLACEMENT_3D('',#7568,#5557,#5558);
#4492=AXIS2_PLACEMENT_3D('',#7581,#5559,#5560);
#4493=AXIS2_PLACEMENT_3D('',#7594,#5561,#5562);
#4494=AXIS2_PLACEMENT_3D('',#7595,#5563,#5564);
#4495=AXIS2_PLACEMENT_3D('',#7596,#5565,#5566);
#4496=AXIS2_PLACEMENT_3D('',#7609,#5567,#5568);
#4497=AXIS2_PLACEMENT_3D('',#7622,#5569,#5570);
#4498=AXIS2_PLACEMENT_3D('',#7623,#5571,#5572);
#4499=AXIS2_PLACEMENT_3D('',#7624,#5573,#5574);
#4500=AXIS2_PLACEMENT_3D('',#7625,#5575,#5576);
#4501=AXIS2_PLACEMENT_3D('',#7638,#5577,#5578);
#4502=AXIS2_PLACEMENT_3D('',#7651,#5579,#5580);
#4503=AXIS2_PLACEMENT_3D('',#7652,#5581,#5582);
#4504=AXIS2_PLACEMENT_3D('',#7653,#5583,#5584);
#4505=AXIS2_PLACEMENT_3D('',#7654,#5585,#5586);
#4506=AXIS2_PLACEMENT_3D('',#7655,#5587,#5588);
#4507=AXIS2_PLACEMENT_3D('',#7668,#5589,#5590);
#4508=AXIS2_PLACEMENT_3D('',#7681,#5591,#5592);
#4509=AXIS2_PLACEMENT_3D('',#7694,#5593,#5594);
#4510=AXIS2_PLACEMENT_3D('',#7707,#5595,#5596);
#4511=AXIS2_PLACEMENT_3D('',#7708,#5597,#5598);
#4512=AXIS2_PLACEMENT_3D('',#7709,#5599,#5600);
#4513=AXIS2_PLACEMENT_3D('',#7710,#5601,#5602);
#4514=AXIS2_PLACEMENT_3D('',#7711,#5603,#5604);
#4515=AXIS2_PLACEMENT_3D('',#7740,#5605,#5606);
#4516=AXIS2_PLACEMENT_3D('',#7753,#5607,#5608);
#4517=AXIS2_PLACEMENT_3D('',#7759,#5609,#5610);
#4518=AXIS2_PLACEMENT_3D('',#7760,#5611,#5612);
#4519=AXIS2_PLACEMENT_3D('',#7773,#5613,#5614);
#4520=AXIS2_PLACEMENT_3D('',#7774,#5615,#5616);
#4521=AXIS2_PLACEMENT_3D('',#7775,#5617,#5618);
#4522=AXIS2_PLACEMENT_3D('',#7781,#5619,#5620);
#4523=AXIS2_PLACEMENT_3D('',#7782,#5621,#5622);
#4524=AXIS2_PLACEMENT_3D('',#7783,#5623,#5624);
#4525=AXIS2_PLACEMENT_3D('',#7784,#5625,#5626);
#4526=AXIS2_PLACEMENT_3D('',#7813,#5627,#5628);
#4527=AXIS2_PLACEMENT_3D('',#7814,#5629,#5630);
#4528=DIRECTION('',(0.,0.,1.));
#4529=DIRECTION('',(1.,0.,0.));
#4530=DIRECTION('',(0.,-0.707106781186548,-0.707106781186548));
#4531=DIRECTION('',(0.,0.707106781186548,-0.707106781186548));
#4532=DIRECTION('',(0.,0.707106781186548,-0.707106781186548));
#4533=DIRECTION('',(-0.791312279220325,0.432333711821745,-0.432333711821745));
#4534=DIRECTION('',(0.,-0.707106781186548,-0.707106781186548));
#4535=DIRECTION('',(-0.672193537909403,0.523524520721255,-0.523524520721255));
#4536=DIRECTION('',(1.,0.,0.));
#4537=DIRECTION('',(0.,-0.707106781186548,-0.707106781186548));
#4538=DIRECTION('',(0.,0.707106781186548,-0.707106781186548));
#4539=DIRECTION('',(0.,-0.707106781186548,-0.707106781186548));
#4540=DIRECTION('',(0.672193537909403,0.523524520721255,-0.523524520721255));
#4541=DIRECTION('',(0.791312279220325,0.432333711821745,-0.432333711821745));
#4542=DIRECTION('',(0.,-0.707106781186548,0.707106781186548));
#4543=DIRECTION('',(1.,0.,0.));
#4544=DIRECTION('',(0.,0.707106781186548,-0.707106781186548));
#4545=DIRECTION('',(0.,0.707106781186548,0.707106781186548));
#4546=DIRECTION('',(0.,0.707106781186548,-0.707106781186548));
#4547=DIRECTION('',(-0.672193537909403,-0.523524520721255,-0.523524520721255));
#4548=DIRECTION('',(0.791312279220325,0.432333711821745,0.432333711821745));
#4549=DIRECTION('',(0.,0.707106781186548,0.707106781186548));
#4550=DIRECTION('',(1.,0.,0.));
#4551=DIRECTION('',(0.,0.707106781186548,-0.707106781186548));
#4552=DIRECTION('',(0.,0.707106781186548,0.707106781186548));
#4553=DIRECTION('',(0.,-0.707106781186548,-0.707106781186548));
#4554=DIRECTION('',(-0.791312279220325,0.432333711821745,0.432333711821745));
#4555=DIRECTION('',(0.,0.707106781186548,-0.707106781186548));
#4556=DIRECTION('',(0.672193537909403,-0.523524520721255,-0.523524520721255));
#4557=DIRECTION('',(1.,0.,0.));
#4558=DIRECTION('',(-0.841510781945306,0.,-0.540240320477655));
#4559=DIRECTION('',(-0.540240320477655,0.,0.841510781945306));
#4560=DIRECTION('',(-0.841510781945306,0.,-0.540240320477655));
#4561=DIRECTION('',(0.540240320477655,0.,-0.841510781945306));
#4562=DIRECTION('',(0.,-1.,0.));
#4563=DIRECTION('',(0.540240320477655,-1.06260198549818E-16,-0.841510781945306));
#4564=DIRECTION('',(0.540240320477655,-1.06260198549818E-16,-0.841510781945306));
#4565=DIRECTION('',(0.540240320477655,-1.06260198549818E-16,-0.841510781945306));
#4566=DIRECTION('',(0.540240320477655,-1.06260198549818E-16,-0.841510781945306));
#4567=DIRECTION('',(0.,-1.,0.));
#4568=DIRECTION('',(-0.540240320477655,-2.14793064295668E-16,0.841510781945306));
#4569=DIRECTION('',(0.841510781945306,0.,0.540240320477655));
#4570=DIRECTION('',(0.540240320477655,0.,-0.841510781945306));
#4571=DIRECTION('',(-0.540240320477655,-2.26726012312094E-16,0.841510781945306));
#4572=DIRECTION('',(0.,-1.,0.));
#4573=DIRECTION('',(0.540240320477655,0.,-0.841510781945306));
#4574=DIRECTION('',(-0.540240320477655,-1.84764821484006E-16,0.841510781945306));
#4575=DIRECTION('',(-0.540240320477655,-1.84764821484006E-16,0.841510781945306));
#4576=DIRECTION('',(0.540240320477655,0.,-0.841510781945306));
#4577=DIRECTION('',(0.,-1.,0.));
#4578=DIRECTION('',(-0.841510781945306,0.,-0.540240320477655));
#4579=DIRECTION('',(-0.540240320477655,0.,0.841510781945306));
#4580=DIRECTION('',(-0.540240320477655,0.,0.841510781945306));
#4581=DIRECTION('',(-0.841510781945306,0.,-0.540240320477655));
#4582=DIRECTION('',(0.540240320477655,0.,-0.841510781945306));
#4583=DIRECTION('',(0.,1.,0.));
#4584=DIRECTION('',(-0.841510781945306,0.,-0.540240320477655));
#4585=DIRECTION('',(-0.540240320477655,0.,0.841510781945306));
#4586=DIRECTION('',(-0.540240320477655,0.,0.841510781945306));
#4587=DIRECTION('',(0.,0.,-1.));
#4588=DIRECTION('',(-1.,0.,0.));
#4589=DIRECTION('',(-1.,0.,0.));
#4590=DIRECTION('',(0.,0.,-1.));
#4591=DIRECTION('',(-1.,-1.45314261002916E-16,0.));
#4592=DIRECTION('',(1.,0.,0.));
#4593=DIRECTION('',(0.,0.,-1.));
#4594=DIRECTION('',(1.,-1.96690610682052E-16,0.));
#4595=DIRECTION('',(-0.59503798035512,-0.707106781186548,0.382007594080143));
#4596=DIRECTION('',(0.765135263644626,-0.643869574003516,0.));
#4597=DIRECTION('',(0.59503798035512,0.707106781186548,-0.382007594080144));
#4598=DIRECTION('',(-0.765135263644625,0.643869574003516,0.));
#4599=DIRECTION('',(-0.59503798035512,-0.707106781186548,0.382007594080144));
#4600=DIRECTION('',(0.765135263644625,-0.643869574003516,0.));
#4601=DIRECTION('',(-0.59503798035512,0.707106781186548,0.382007594080144));
#4602=DIRECTION('',(-0.765135263644625,-0.643869574003517,0.));
#4603=DIRECTION('',(0.59503798035512,-0.707106781186548,-0.382007594080144));
#4604=DIRECTION('',(0.318511113736355,0.643869574003517,-0.695688610010942));
#4605=DIRECTION('',(-0.59503798035512,0.707106781186548,0.382007594080144));
#4606=DIRECTION('',(-0.765135263644625,-0.643869574003516,0.));
#4607=DIRECTION('',(0.59503798035512,0.707106781186548,0.382007594080144));
#4608=DIRECTION('',(-0.765135263644625,0.643869574003517,0.));
#4609=DIRECTION('',(0.59503798035512,0.707106781186548,0.382007594080144));
#4610=DIRECTION('',(-0.318511113736355,0.643869574003517,-0.695688610010942));
#4611=DIRECTION('',(-0.59503798035512,-0.707106781186548,-0.382007594080144));
#4612=DIRECTION('',(0.765135263644625,-0.643869574003516,0.));
#4613=DIRECTION('',(0.59503798035512,-0.707106781186548,0.382007594080143));
#4614=DIRECTION('',(0.765135263644626,0.643869574003516,0.));
#4615=DIRECTION('',(0.59503798035512,-0.707106781186548,0.382007594080144));
#4616=DIRECTION('',(0.765135263644625,0.643869574003516,0.));
#4617=DIRECTION('',(-0.59503798035512,0.707106781186548,-0.382007594080144));
#4618=DIRECTION('',(-0.765135263644625,-0.643869574003516,0.));
#4619=DIRECTION('',(-0.59503798035512,-0.707106781186548,0.382007594080143));
#4620=DIRECTION('',(0.765135263644626,-0.643869574003516,0.));
#4621=DIRECTION('',(0.59503798035512,0.707106781186548,-0.382007594080144));
#4622=DIRECTION('',(-0.765135263644625,0.643869574003516,0.));
#4623=DIRECTION('',(-0.59503798035512,-0.707106781186548,0.382007594080144));
#4624=DIRECTION('',(0.765135263644625,-0.643869574003516,0.));
#4625=DIRECTION('',(-0.59503798035512,0.707106781186548,0.382007594080144));
#4626=DIRECTION('',(-0.765135263644625,-0.643869574003517,0.));
#4627=DIRECTION('',(0.59503798035512,-0.707106781186548,-0.382007594080144));
#4628=DIRECTION('',(0.318511113736355,0.643869574003517,-0.695688610010942));
#4629=DIRECTION('',(-0.59503798035512,0.707106781186548,0.382007594080144));
#4630=DIRECTION('',(-0.765135263644625,-0.643869574003516,0.));
#4631=DIRECTION('',(0.59503798035512,0.707106781186548,0.382007594080144));
#4632=DIRECTION('',(-0.765135263644625,0.643869574003517,0.));
#4633=DIRECTION('',(0.59503798035512,0.707106781186548,0.382007594080144));
#4634=DIRECTION('',(-0.318511113736355,0.643869574003517,-0.695688610010942));
#4635=DIRECTION('',(-0.59503798035512,-0.707106781186548,-0.382007594080144));
#4636=DIRECTION('',(0.765135263644625,-0.643869574003516,0.));
#4637=DIRECTION('',(0.59503798035512,-0.707106781186548,0.382007594080143));
#4638=DIRECTION('',(0.765135263644626,0.643869574003516,0.));
#4639=DIRECTION('',(0.59503798035512,-0.707106781186548,0.382007594080144));
#4640=DIRECTION('',(0.765135263644625,0.643869574003516,0.));
#4641=DIRECTION('',(-0.59503798035512,0.707106781186548,-0.382007594080144));
#4642=DIRECTION('',(-0.765135263644625,-0.643869574003516,0.));
#4643=DIRECTION('',(-1.26543670232238E-16,1.,-8.12395924418783E-17));
#4644=DIRECTION('',(-1.,-1.26543670232238E-16,0.));
#4645=DIRECTION('',(0.540240320477655,0.,-0.841510781945306));
#4646=DIRECTION('',(-1.,-1.26543670232238E-16,1.02803561957665E-32));
#4647=DIRECTION('',(0.540240320477655,1.23259516440783E-32,-0.841510781945306));
#4648=DIRECTION('',(-0.841510781945306,-1.50376766343634E-16,-0.540240320477655));
#4649=DIRECTION('',(0.540240320477655,0.,-0.841510781945306));
#4650=DIRECTION('',(-0.540240320477655,-8.71576399210525E-33,0.841510781945306));
#4651=DIRECTION('',(-0.540240320477655,-8.71576399210525E-33,0.841510781945306));
#4652=DIRECTION('',(-0.59503798035512,0.707106781186548,-0.382007594080143));
#4653=DIRECTION('',(-0.765135263644626,-0.643869574003516,0.));
#4654=DIRECTION('',(-0.59503798035512,0.707106781186548,-0.382007594080143));
#4655=DIRECTION('',(-0.765135263644626,-0.643869574003516,0.));
#4656=DIRECTION('',(-0.59503798035512,0.707106781186548,-0.382007594080144));
#4657=DIRECTION('',(-0.765135263644625,-0.643869574003516,0.));
#4658=DIRECTION('',(-0.59503798035512,0.707106781186548,-0.382007594080144));
#4659=DIRECTION('',(-0.765135263644625,-0.643869574003516,0.));
#4660=DIRECTION('',(-0.595037980355119,-0.707106781186548,-0.382007594080144));
#4661=DIRECTION('',(0.765135263644626,-0.643869574003516,0.));
#4662=DIRECTION('',(-0.595037980355119,-0.707106781186548,-0.382007594080144));
#4663=DIRECTION('',(0.765135263644626,-0.643869574003516,0.));
#4664=DIRECTION('',(-0.59503798035512,-0.707106781186548,-0.382007594080144));
#4665=DIRECTION('',(0.765135263644625,-0.643869574003517,0.));
#4666=DIRECTION('',(-0.59503798035512,-0.707106781186548,-0.382007594080144));
#4667=DIRECTION('',(0.765135263644625,-0.643869574003517,0.));
#4668=DIRECTION('',(0.595037980355119,-0.707106781186548,-0.382007594080144));
#4669=DIRECTION('',(0.765135263644626,0.643869574003516,0.));
#4670=DIRECTION('',(0.595037980355119,-0.707106781186548,-0.382007594080144));
#4671=DIRECTION('',(0.765135263644626,0.643869574003516,0.));
#4672=DIRECTION('',(0.59503798035512,-0.707106781186548,-0.382007594080144));
#4673=DIRECTION('',(0.765135263644625,0.643869574003517,0.));
#4674=DIRECTION('',(0.59503798035512,-0.707106781186548,-0.382007594080144));
#4675=DIRECTION('',(0.765135263644625,0.643869574003517,0.));
#4676=DIRECTION('',(0.59503798035512,0.707106781186548,-0.382007594080143));
#4677=DIRECTION('',(-0.765135263644626,0.643869574003516,0.));
#4678=DIRECTION('',(0.59503798035512,0.707106781186548,-0.382007594080143));
#4679=DIRECTION('',(-0.765135263644626,0.643869574003516,0.));
#4680=DIRECTION('',(0.59503798035512,0.707106781186548,-0.382007594080144));
#4681=DIRECTION('',(-0.765135263644625,0.643869574003516,0.));
#4682=DIRECTION('',(0.59503798035512,0.707106781186548,-0.382007594080144));
#4683=DIRECTION('',(-0.765135263644625,0.643869574003516,0.));
#4684=DIRECTION('',(-0.841510781945306,0.,0.540240320477655));
#4685=DIRECTION('',(0.540240320477655,0.,0.841510781945306));
#4686=DIRECTION('',(-0.540240320477655,-7.85046229341888E-17,-0.841510781945306));
#4687=DIRECTION('',(0.,1.,0.));
#4688=DIRECTION('',(-0.841510781945306,0.,0.540240320477655));
#4689=DIRECTION('',(0.540240320477655,0.,0.841510781945306));
#4690=DIRECTION('',(0.540240320477655,0.,0.841510781945306));
#4691=DIRECTION('',(-0.841510781945306,0.,0.540240320477655));
#4692=DIRECTION('',(-0.540240320477655,0.,-0.841510781945306));
#4693=DIRECTION('',(0.,1.,0.));
#4694=DIRECTION('',(-0.841510781945306,0.,0.540240320477655));
#4695=DIRECTION('',(0.540240320477655,0.,0.841510781945306));
#4696=DIRECTION('',(0.540240320477655,0.,0.841510781945306));
#4697=DIRECTION('',(-0.841510781945306,0.,0.540240320477655));
#4698=DIRECTION('',(-0.540240320477655,0.,-0.841510781945306));
#4699=DIRECTION('',(0.,1.,0.));
#4700=DIRECTION('',(-0.540240320477655,2.77555756156289E-17,-0.841510781945306));
#4701=DIRECTION('',(0.540240320477655,-1.84764821484006E-16,0.841510781945306));
#4702=DIRECTION('',(0.540240320477655,-1.84764821484006E-16,0.841510781945306));
#4703=DIRECTION('',(-0.540240320477655,2.77555756156289E-17,-0.841510781945306));
#4704=DIRECTION('',(0.,1.,0.));
#4705=DIRECTION('',(0.540240320477655,-2.26726012312094E-16,0.841510781945306));
#4706=DIRECTION('',(0.841510781945306,0.,-0.540240320477655));
#4707=DIRECTION('',(-0.540240320477655,0.,-0.841510781945306));
#4708=DIRECTION('',(0.540240320477655,-2.14793064295668E-16,0.841510781945306));
#4709=DIRECTION('',(0.,1.,0.));
#4710=DIRECTION('',(-0.540240320477655,-7.85046229341888E-17,-0.841510781945306));
#4711=DIRECTION('',(-0.540240320477655,-1.06260198549818E-16,-0.841510781945306));
#4712=DIRECTION('',(-0.540240320477655,-1.06260198549818E-16,-0.841510781945306));
#4713=DIRECTION('',(-0.59503798035512,0.707106781186548,-0.382007594080144));
#4714=DIRECTION('',(0.80369758114287,0.523524520721255,-0.282829054852362));
#4715=DIRECTION('',(-0.59503798035512,-0.707106781186548,-0.382007594080144));
#4716=DIRECTION('',(-0.0774054764565003,0.523524520721255,-0.848487164557085));
#4717=DIRECTION('',(0.540240320477655,2.77555756156289E-17,-0.841510781945306));
#4718=DIRECTION('',(0.59503798035512,-0.707106781186548,-0.382007594080144));
#4719=DIRECTION('',(0.0774054764565003,0.523524520721255,-0.848487164557085));
#4720=DIRECTION('',(-0.540240320477655,2.77555756156289E-17,-0.841510781945306));
#4721=DIRECTION('',(0.59503798035512,0.707106781186548,-0.382007594080144));
#4722=DIRECTION('',(-0.80369758114287,0.523524520721255,-0.282829054852362));
#4723=DIRECTION('',(0.540240320477655,-8.71576399210525E-33,0.841510781945306));
#4724=DIRECTION('',(-0.59503798035512,-0.707106781186548,0.382007594080144));
#4725=DIRECTION('',(0.765135263644625,-0.643869574003516,0.));
#4726=DIRECTION('',(-0.540240320477655,-9.95255666110502E-17,-0.841510781945306));
#4727=DIRECTION('',(-0.59503798035512,0.707106781186547,0.382007594080144));
#4728=DIRECTION('',(-0.540240320477655,2.7755575615629E-17,-0.841510781945306));
#4729=DIRECTION('',(-0.59503798035512,0.707106781186548,0.382007594080144));
#4730=DIRECTION('',(-0.765135263644625,-0.643869574003516,0.));
#4731=DIRECTION('',(-0.540240320477655,-3.92523114670944E-17,-0.841510781945306));
#4732=DIRECTION('',(0.59503798035512,0.707106781186547,-0.382007594080144));
#4733=DIRECTION('',(-0.540240320477655,1.62588397641635E-17,-0.841510781945306));
#4734=DIRECTION('',(-0.59503798035512,-0.707106781186548,-0.382007594080144));
#4735=DIRECTION('',(0.765135263644625,-0.643869574003516,0.));
#4736=DIRECTION('',(0.540240320477655,-3.92523114670944E-17,-0.841510781945306));
#4737=DIRECTION('',(0.360370364206896,-0.659595785538912,0.659595785538912));
#4738=DIRECTION('',(0.540240320477655,1.62588397641635E-17,-0.841510781945306));
#4739=DIRECTION('',(-0.59503798035512,0.707106781186548,-0.382007594080144));
#4740=DIRECTION('',(-0.765135263644625,-0.643869574003516,0.));
#4741=DIRECTION('',(0.540240320477655,-9.95255666110502E-17,-0.841510781945306));
#4742=DIRECTION('',(-0.360370364206896,-0.659595785538912,-0.659595785538912));
#4743=DIRECTION('',(0.540240320477655,2.7755575615629E-17,-0.841510781945306));
#4744=DIRECTION('',(0.540240320477655,0.,-0.841510781945306));
#4745=DIRECTION('',(-0.841510781945306,0.,-0.540240320477655));
#4746=DIRECTION('',(0.540240320477655,0.,-0.841510781945306));
#4747=DIRECTION('',(0.540240320477655,0.,-0.841510781945306));
#4748=DIRECTION('',(-0.841510781945306,0.,-0.540240320477655));
#4749=DIRECTION('',(0.540240320477655,0.,-0.841510781945306));
#4750=DIRECTION('',(0.540240320477655,0.,-0.841510781945306));
#4751=DIRECTION('',(-0.841510781945306,0.,-0.540240320477655));
#4752=DIRECTION('',(0.213030386274977,0.,0.977045574435264));
#4753=DIRECTION('',(0.,1.,0.));
#4754=DIRECTION('',(0.213030386274977,0.,0.977045574435264));
#4755=DIRECTION('',(0.977045574435264,-1.5027461392961E-16,-0.213030386274977));
#4756=DIRECTION('',(0.937654010678619,-0.281084637714825,-0.204441636412511));
#4757=DIRECTION('',(0.,1.,0.));
#4758=DIRECTION('',(0.977045574435264,1.51881632315305E-16,-0.213030386274977));
#4759=DIRECTION('',(1.,0.,0.));
#4760=DIRECTION('',(0.,0.,-1.));
#4761=DIRECTION('',(1.,0.,0.));
#4762=DIRECTION('',(1.,0.,0.));
#4763=DIRECTION('',(0.,0.,-1.));
#4764=DIRECTION('',(1.,0.,0.));
#4765=DIRECTION('',(0.,0.,-1.));
#4766=DIRECTION('',(1.,0.,0.));
#4767=DIRECTION('',(0.,0.,-1.));
#4768=DIRECTION('',(1.,0.,0.));
#4769=DIRECTION('',(1.,0.,0.));
#4770=DIRECTION('',(0.,0.,-1.));
#4771=DIRECTION('',(0.841510781945306,0.,-0.540240320477655));
#4772=DIRECTION('',(0.540240320477655,0.,0.841510781945306));
#4773=DIRECTION('',(1.,0.,0.));
#4774=DIRECTION('',(0.,0.,-1.));
#4775=DIRECTION('',(1.,0.,0.));
#4776=DIRECTION('',(1.,0.,0.));
#4777=DIRECTION('',(-0.540240320477655,0.,-0.841510781945306));
#4778=DIRECTION('',(-0.841510781945306,0.,0.540240320477655));
#4779=DIRECTION('',(-0.540240320477655,0.,-0.841510781945306));
#4780=DIRECTION('',(-0.841510781945306,0.,0.540240320477655));
#4781=DIRECTION('',(-0.540240320477655,0.,-0.841510781945306));
#4782=DIRECTION('',(-0.540240320477655,0.,-0.841510781945306));
#4783=DIRECTION('',(-0.540240320477655,0.,-0.841510781945306));
#4784=DIRECTION('',(-0.841510781945306,0.,0.540240320477655));
#4785=DIRECTION('',(0.,0.707106781186548,-0.707106781186548));
#4786=DIRECTION('',(0.,0.707106781186548,0.707106781186548));
#4787=DIRECTION('',(0.,-0.707106781186548,0.707106781186548));
#4788=DIRECTION('',(0.,0.707106781186548,0.707106781186548));
#4789=DIRECTION('',(0.,-0.707106781186547,0.707106781186548));
#4790=DIRECTION('',(0.,-0.707106781186548,-0.707106781186547));
#4791=DIRECTION('',(0.,-0.707106781186548,-0.707106781186548));
#4792=DIRECTION('',(0.,0.707106781186548,-0.707106781186548));
#4793=DIRECTION('',(0.,-0.707106781186548,-0.707106781186548));
#4794=DIRECTION('',(0.,-0.707106781186548,0.707106781186548));
#4795=DIRECTION('',(0.,0.707106781186548,0.707106781186548));
#4796=DIRECTION('',(0.,-0.707106781186548,0.707106781186548));
#4797=DIRECTION('',(0.,-0.707106781186547,0.707106781186548));
#4798=DIRECTION('',(0.,-0.707106781186548,-0.707106781186547));
#4799=DIRECTION('',(0.,-0.707106781186547,0.707106781186548));
#4800=DIRECTION('',(0.,-0.707106781186548,-0.707106781186547));
#4801=DIRECTION('',(1.,0.,0.));
#4802=DIRECTION('',(1.,0.,0.));
#4803=DIRECTION('',(0.,0.707106781186548,0.707106781186548));
#4804=DIRECTION('',(0.,-0.707106781186548,0.707106781186548));
#4805=DIRECTION('',(1.,0.,0.));
#4806=DIRECTION('',(0.,0.707106781186548,-0.707106781186548));
#4807=DIRECTION('',(1.,0.,0.));
#4808=DIRECTION('',(1.,0.,0.));
#4809=DIRECTION('',(0.,1.,0.));
#4810=DIRECTION('',(0.,-1.,0.));
#4811=DIRECTION('',(0.,-0.707106781186548,-0.707106781186547));
#4812=DIRECTION('',(0.,-1.35533752189974E-16,-1.));
#4813=DIRECTION('',(0.,0.707106781186548,-0.707106781186548));
#4814=DIRECTION('',(1.,0.,0.));
#4815=DIRECTION('',(0.,-1.2627312784297E-16,-1.));
#4816=DIRECTION('',(0.,0.,1.));
#4817=DIRECTION('',(0.,0.707106781186548,-0.707106781186548));
#4818=DIRECTION('',(0.,0.707106781186548,0.707106781186548));
#4819=DIRECTION('',(0.,0.707106781186548,-0.707106781186548));
#4820=DIRECTION('',(0.,0.707106781186548,0.707106781186548));
#4821=DIRECTION('',(0.,-0.707106781186548,-0.707106781186548));
#4822=DIRECTION('',(0.,0.707106781186548,-0.707106781186548));
#4823=DIRECTION('',(0.,0.707106781186548,0.707106781186548));
#4824=DIRECTION('',(0.,-0.707106781186548,0.707106781186548));
#4825=DIRECTION('',(0.,0.707106781186548,0.707106781186548));
#4826=DIRECTION('',(0.,-0.707106781186548,0.707106781186548));
#4827=DIRECTION('',(0.,-0.707106781186547,0.707106781186548));
#4828=DIRECTION('',(0.,-0.707106781186548,-0.707106781186547));
#4829=DIRECTION('',(0.,-0.707106781186548,-0.707106781186547));
#4830=DIRECTION('',(1.,0.,0.));
#4831=DIRECTION('',(0.,-0.707106781186547,0.707106781186548));
#4832=DIRECTION('',(0.,-0.707106781186548,-0.707106781186547));
#4833=DIRECTION('',(1.,0.,0.));
#4834=DIRECTION('',(0.,0.707106781186548,0.707106781186548));
#4835=DIRECTION('',(0.,-0.707106781186548,0.707106781186548));
#4836=DIRECTION('',(1.,0.,0.));
#4837=DIRECTION('',(0.,0.707106781186548,0.707106781186548));
#4838=DIRECTION('',(0.,-0.707106781186548,0.707106781186548));
#4839=DIRECTION('',(1.,0.,0.));
#4840=DIRECTION('',(1.,0.,0.));
#4841=DIRECTION('',(0.,1.,0.));
#4842=DIRECTION('',(1.,0.,0.));
#4843=DIRECTION('',(0.,-6.03070672502188E-17,-1.));
#4844=DIRECTION('',(0.,-0.707106781186548,0.707106781186548));
#4845=DIRECTION('',(0.,1.35533752189974E-16,1.));
#4846=DIRECTION('',(0.,0.707106781186548,0.707106781186547));
#4847=DIRECTION('',(0.,1.,0.));
#4848=DIRECTION('',(0.,0.,1.));
#4849=DIRECTION('',(0.,0.,1.));
#4850=DIRECTION('',(1.,0.,0.));
#4851=DIRECTION('',(1.,0.,0.));
#4852=DIRECTION('',(-0.577350269189626,-0.816496580927726,0.));
#4853=DIRECTION('',(-1.,0.,0.));
#4854=DIRECTION('',(0.,0.,-1.));
#4855=DIRECTION('',(-1.,0.,0.));
#4856=DIRECTION('',(-1.,0.,0.));
#4857=DIRECTION('',(0.,-1.,0.));
#4858=DIRECTION('',(0.577350269189626,-0.816496580927726,0.));
#4859=DIRECTION('',(1.,0.,0.));
#4860=DIRECTION('',(-1.,0.,0.));
#4861=DIRECTION('',(1.,0.,0.));
#4862=DIRECTION('',(-1.,0.,0.));
#4863=DIRECTION('',(1.,0.,0.));
#4864=DIRECTION('',(0.,-1.,0.));
#4865=DIRECTION('',(1.,0.,0.));
#4866=DIRECTION('',(0.,0.,1.));
#4867=DIRECTION('',(1.,0.,0.));
#4868=DIRECTION('',(1.,0.,0.));
#4869=DIRECTION('',(0.,-1.,0.));
#4870=DIRECTION('',(1.,0.,0.));
#4871=DIRECTION('',(1.,0.,0.));
#4872=DIRECTION('',(1.,0.,0.));
#4873=DIRECTION('',(1.,0.,0.));
#4874=DIRECTION('',(1.,0.,0.));
#4875=DIRECTION('',(0.,1.,0.));
#4876=DIRECTION('',(0.,0.,1.));
#4877=DIRECTION('',(0.,1.,0.));
#4878=DIRECTION('',(0.,0.707106781186548,-0.707106781186548));
#4879=DIRECTION('',(0.,0.,-1.));
#4880=DIRECTION('',(0.,-0.707106781186548,-0.707106781186548));
#4881=DIRECTION('',(1.,0.,0.));
#4882=DIRECTION('',(0.,1.2627312784297E-16,-1.));
#4883=DIRECTION('',(0.841510781945306,0.,-0.540240320477655));
#4884=DIRECTION('',(-0.540240320477655,0.,-0.841510781945306));
#4885=DIRECTION('',(-0.540240320477655,1.06260198549818E-16,-0.841510781945306));
#4886=DIRECTION('',(0.,-1.,0.));
#4887=DIRECTION('',(-0.540240320477655,-5.07490473185598E-17,-0.841510781945306));
#4888=DIRECTION('',(0.,0.,-1.));
#4889=DIRECTION('',(-1.,0.,0.));
#4890=DIRECTION('',(1.,0.,0.));
#4891=DIRECTION('',(0.,0.,-1.));
#4892=DIRECTION('',(-1.,5.13763496791368E-17,0.));
#4893=DIRECTION('',(-1.,0.,0.));
#4894=DIRECTION('',(0.,0.,-1.));
#4895=DIRECTION('',(1.,0.,0.));
#4896=DIRECTION('',(0.,-0.707106781186548,-0.707106781186548));
#4897=DIRECTION('',(0.,0.707106781186548,-0.707106781186548));
#4898=DIRECTION('',(-0.360370364206896,-0.659595785538912,0.659595785538912));
#4899=DIRECTION('',(0.,-0.707106781186548,-0.707106781186548));
#4900=DIRECTION('',(-0.672193537909403,0.523524520721255,-0.523524520721255));
#4901=DIRECTION('',(0.,-0.707106781186548,-0.707106781186548));
#4902=DIRECTION('',(0.672193537909403,0.523524520721255,-0.523524520721255));
#4903=DIRECTION('',(0.360370364206896,-0.659595785538912,0.659595785538912));
#4904=DIRECTION('',(0.,-0.707106781186548,-0.707106781186548));
#4905=DIRECTION('',(0.672193537909403,0.523524520721255,-0.523524520721255));
#4906=DIRECTION('',(1.,0.,0.));
#4907=DIRECTION('',(0.,-0.707106781186548,-0.707106781186548));
#4908=DIRECTION('',(-0.672193537909403,0.523524520721255,-0.523524520721255));
#4909=DIRECTION('',(0.,0.707106781186548,-0.707106781186548));
#4910=DIRECTION('',(0.,0.707106781186548,0.707106781186548));
#4911=DIRECTION('',(0.360370364206896,-0.659595785538912,-0.659595785538912));
#4912=DIRECTION('',(0.,0.707106781186548,-0.707106781186548));
#4913=DIRECTION('',(-0.672193537909403,-0.523524520721255,-0.523524520721255));
#4914=DIRECTION('',(1.,0.,0.));
#4915=DIRECTION('',(0.,0.707106781186548,-0.707106781186548));
#4916=DIRECTION('',(0.672193537909403,-0.523524520721255,-0.523524520721255));
#4917=DIRECTION('',(-0.360370364206896,-0.659595785538912,-0.659595785538912));
#4918=DIRECTION('',(0.,0.707106781186548,-0.707106781186548));
#4919=DIRECTION('',(0.672193537909403,-0.523524520721255,-0.523524520721255));
#4920=DIRECTION('',(0.,0.707106781186548,-0.707106781186548));
#4921=DIRECTION('',(-0.672193537909403,-0.523524520721255,-0.523524520721255));
#4922=DIRECTION('',(1.,0.,0.));
#4923=DIRECTION('',(0.,1.,0.));
#4924=DIRECTION('',(0.,0.,1.));
#4925=DIRECTION('',(0.,-0.707106781186548,0.707106781186548));
#4926=DIRECTION('',(0.,0.,1.));
#4927=DIRECTION('',(1.,0.,0.));
#4928=DIRECTION('',(0.,9.32900975465946E-17,-1.));
#4929=DIRECTION('',(0.,0.707106781186548,0.707106781186548));
#4930=DIRECTION('',(0.,1.,0.));
#4931=DIRECTION('',(0.,0.,1.));
#4932=DIRECTION('',(1.,0.,0.));
#4933=DIRECTION('',(0.,0.,-1.));
#4934=DIRECTION('',(1.,0.,0.));
#4935=DIRECTION('',(0.,0.,1.));
#4936=DIRECTION('',(1.,0.,0.));
#4937=DIRECTION('',(1.,0.,0.));
#4938=DIRECTION('',(1.,0.,0.));
#4939=DIRECTION('',(1.,0.,0.));
#4940=DIRECTION('',(0.,0.707106781186548,0.707106781186548));
#4941=DIRECTION('',(0.,-0.707106781186548,0.707106781186548));
#4942=DIRECTION('',(0.,-0.707106781186548,0.707106781186548));
#4943=DIRECTION('',(1.,0.,0.));
#4944=DIRECTION('',(0.,0.707106781186548,0.707106781186548));
#4945=DIRECTION('',(0.,-0.707106781186548,0.707106781186548));
#4946=DIRECTION('',(1.,0.,0.));
#4947=DIRECTION('',(0.,-0.707106781186547,0.707106781186548));
#4948=DIRECTION('',(0.,-0.707106781186548,-0.707106781186547));
#4949=DIRECTION('',(0.,-0.707106781186547,0.707106781186548));
#4950=DIRECTION('',(0.,-0.707106781186548,-0.707106781186547));
#4951=DIRECTION('',(1.,0.,0.));
#4952=DIRECTION('',(0.,0.707106781186548,0.707106781186547));
#4953=DIRECTION('',(1.,0.,0.));
#4954=DIRECTION('',(0.,-1.,1.35533752189974E-16));
#4955=DIRECTION('',(0.,-1.35533752189974E-16,-1.));
#4956=DIRECTION('',(0.,1.35533752189974E-16,1.));
#4957=DIRECTION('',(1.,0.,0.));
#4958=DIRECTION('',(-1.,0.,0.));
#4959=DIRECTION('',(1.,0.,0.));
#4960=DIRECTION('',(1.,0.,0.));
#4961=DIRECTION('',(1.,0.,0.));
#4962=DIRECTION('',(0.,-1.35533752189974E-16,-1.));
#4963=DIRECTION('',(1.,0.,0.));
#4964=DIRECTION('',(-0.59503798035512,0.707106781186548,-0.382007594080144));
#4965=DIRECTION('',(-0.765135263644625,-0.643869574003516,0.));
#4966=DIRECTION('',(0.540240320477655,2.7755575615629E-17,-0.841510781945306));
#4967=DIRECTION('',(-0.59503798035512,-0.707106781186548,-0.382007594080144));
#4968=DIRECTION('',(0.540240320477655,-9.95255666110502E-17,-0.841510781945306));
#4969=DIRECTION('',(0.540240320477655,0.,-0.841510781945306));
#4970=DIRECTION('',(0.841510781945306,0.,0.540240320477655));
#4971=DIRECTION('',(-0.841510781945306,0.,-0.540240320477655));
#4972=DIRECTION('',(-0.841510781945306,0.,-0.540240320477655));
#4973=DIRECTION('',(0.59503798035512,0.707106781186548,0.382007594080144));
#4974=DIRECTION('',(0.841510781945306,1.50376766343634E-16,0.540240320477655));
#4975=DIRECTION('',(0.59503798035512,-0.707106781186548,0.382007594080144));
#4976=DIRECTION('',(0.,-1.,0.));
#4977=DIRECTION('',(-0.59503798035512,-0.707106781186548,-0.382007594080144));
#4978=DIRECTION('',(-0.841510781945306,-1.50376766343634E-16,-0.540240320477655));
#4979=DIRECTION('',(-0.59503798035512,0.707106781186547,-0.382007594080144));
#4980=DIRECTION('',(0.,1.,0.));
#4981=DIRECTION('',(-0.59503798035512,-0.707106781186548,-0.382007594080144));
#4982=DIRECTION('',(0.765135263644625,-0.643869574003516,0.));
#4983=DIRECTION('',(0.540240320477655,1.62588397641635E-17,-0.841510781945306));
#4984=DIRECTION('',(0.59503798035512,-0.707106781186547,0.382007594080144));
#4985=DIRECTION('',(0.540240320477655,-3.92523114670944E-17,-0.841510781945306));
#4986=DIRECTION('',(1.26543670232238E-16,-1.,8.12395924418782E-17));
#4987=DIRECTION('',(1.,1.26543670232238E-16,0.));
#4988=DIRECTION('',(0.540240320477655,-1.23259516440783E-32,-0.841510781945306));
#4989=DIRECTION('',(-1.,-1.26543670232238E-16,1.02803561957664E-32));
#4990=DIRECTION('',(0.540240320477655,-1.23259516440783E-32,-0.841510781945306));
#4991=DIRECTION('',(0.540240320477655,2.77555756156289E-17,-0.841510781945306));
#4992=DIRECTION('',(0.540240320477655,-1.23259516440783E-32,-0.841510781945306));
#4993=DIRECTION('',(0.841510781945306,1.50376766343634E-16,0.540240320477655));
#4994=DIRECTION('',(0.59503798035512,-0.707106781186548,0.382007594080144));
#4995=DIRECTION('',(0.765135263644625,0.643869574003516,0.));
#4996=DIRECTION('',(0.670427858644771,0.698845059323375,0.249283110964813));
#4997=DIRECTION('',(0.791312279220325,0.432333711821745,-0.432333711821745));
#4998=DIRECTION('',(0.540240320477655,-3.92523114670943E-17,-0.841510781945306));
#4999=DIRECTION('',(0.59503798035512,0.707106781186548,0.382007594080144));
#5000=DIRECTION('',(0.540240320477655,-1.38777878078145E-16,-0.841510781945306));
#5001=DIRECTION('',(0.841510781945306,0.,0.540240320477655));
#5002=DIRECTION('',(0.540240320477655,0.,-0.841510781945306));
#5003=DIRECTION('',(0.,1.,0.));
#5004=DIRECTION('',(0.540240320477655,7.85046229341888E-17,-0.841510781945306));
#5005=DIRECTION('',(0.,1.,0.));
#5006=DIRECTION('',(0.540240320477655,-1.06260198549818E-16,-0.841510781945306));
#5007=DIRECTION('',(0.59503798035512,0.707106781186548,0.382007594080144));
#5008=DIRECTION('',(-0.765135263644625,0.643869574003516,0.));
#5009=DIRECTION('',(0.540240320477655,-2.7755575615629E-17,-0.841510781945306));
#5010=DIRECTION('',(-0.791312279220325,0.432333711821745,0.432333711821745));
#5011=DIRECTION('',(-0.670427858644771,0.698845059323375,-0.249283110964813));
#5012=DIRECTION('',(0.540240320477655,9.95255666110502E-17,-0.841510781945306));
#5013=DIRECTION('',(-0.59503798035512,0.707106781186548,-0.382007594080144));
#5014=DIRECTION('',(0.59503798035512,-0.707106781186548,-0.382007594080144));
#5015=DIRECTION('',(0.765135263644625,0.643869574003516,0.));
#5016=DIRECTION('',(0.670427858644771,0.698845059323375,-0.249283110964813));
#5017=DIRECTION('',(0.791312279220325,0.432333711821745,0.432333711821745));
#5018=DIRECTION('',(-0.540240320477655,-2.7755575615629E-17,-0.841510781945306));
#5019=DIRECTION('',(-0.59503798035512,-0.707106781186547,0.382007594080144));
#5020=DIRECTION('',(-0.540240320477655,9.95255666110502E-17,-0.841510781945306));
#5021=DIRECTION('',(-1.26543670232238E-16,-1.,8.12395924418783E-17));
#5022=DIRECTION('',(1.,-1.26543670232238E-16,0.));
#5023=DIRECTION('',(-0.540240320477655,1.23259516440783E-32,-0.841510781945306));
#5024=DIRECTION('',(1.,-1.26543670232238E-16,1.02803561957665E-32));
#5025=DIRECTION('',(-0.540240320477655,0.,-0.841510781945306));
#5026=DIRECTION('',(0.540240320477655,-8.71576399210525E-33,0.841510781945306));
#5027=DIRECTION('',(-0.540240320477655,0.,-0.841510781945306));
#5028=DIRECTION('',(-0.841510781945306,1.50376766343634E-16,0.540240320477655));
#5029=DIRECTION('',(-0.540240320477655,0.,-0.841510781945306));
#5030=DIRECTION('',(-0.841510781945306,0.,0.540240320477655));
#5031=DIRECTION('',(0.841510781945306,0.,-0.540240320477655));
#5032=DIRECTION('',(0.,-1.,0.));
#5033=DIRECTION('',(-0.59503798035512,-0.707106781186547,0.382007594080144));
#5034=DIRECTION('',(-0.841510781945306,1.50376766343634E-16,0.540240320477655));
#5035=DIRECTION('',(-0.59503798035512,0.707106781186548,0.382007594080144));
#5036=DIRECTION('',(0.,1.,0.));
#5037=DIRECTION('',(0.59503798035512,0.707106781186548,-0.382007594080144));
#5038=DIRECTION('',(0.841510781945306,-1.50376766343634E-16,-0.540240320477655));
#5039=DIRECTION('',(0.59503798035512,-0.707106781186548,-0.382007594080144));
#5040=DIRECTION('',(0.,-1.,0.));
#5041=DIRECTION('',(0.841510781945306,0.,-0.540240320477655));
#5042=DIRECTION('',(0.59503798035512,0.707106781186548,-0.382007594080144));
#5043=DIRECTION('',(-0.765135263644625,0.643869574003516,0.));
#5044=DIRECTION('',(-0.540240320477655,-3.92523114670943E-17,-0.841510781945306));
#5045=DIRECTION('',(-0.791312279220325,0.432333711821745,-0.432333711821745));
#5046=DIRECTION('',(-0.670427858644771,0.698845059323375,0.249283110964813));
#5047=DIRECTION('',(-0.540240320477655,-1.38777878078145E-16,-0.841510781945306));
#5048=DIRECTION('',(0.59503798035512,-0.707106781186548,-0.382007594080144));
#5049=DIRECTION('',(1.26543670232238E-16,1.,-8.12395924418782E-17));
#5050=DIRECTION('',(-1.,1.26543670232238E-16,0.));
#5051=DIRECTION('',(-0.540240320477655,-1.23259516440783E-32,-0.841510781945306));
#5052=DIRECTION('',(1.,-1.26543670232238E-16,1.02803561957664E-32));
#5053=DIRECTION('',(-0.540240320477655,-1.23259516440783E-32,-0.841510781945306));
#5054=DIRECTION('',(0.841510781945306,-1.50376766343634E-16,-0.540240320477655));
#5055=DIRECTION('',(-0.540240320477655,-1.23259516440783E-32,-0.841510781945306));
#5056=DIRECTION('',(-0.540240320477655,2.77555756156289E-17,-0.841510781945306));
#5057=DIRECTION('',(-0.59503798035512,0.707106781186548,0.382007594080144));
#5058=DIRECTION('',(-0.765135263644625,-0.643869574003516,0.));
#5059=DIRECTION('',(-0.540240320477655,1.62588397641635E-17,-0.841510781945306));
#5060=DIRECTION('',(-0.360370364206896,-0.659595785538912,0.659595785538912));
#5061=DIRECTION('',(-0.540240320477655,-3.92523114670944E-17,-0.841510781945306));
#5062=DIRECTION('',(-0.59503798035512,-0.707106781186548,0.382007594080144));
#5063=DIRECTION('',(0.765135263644625,-0.643869574003516,0.));
#5064=DIRECTION('',(-0.540240320477655,2.7755575615629E-17,-0.841510781945306));
#5065=DIRECTION('',(0.360370364206896,-0.659595785538912,-0.659595785538912));
#5066=DIRECTION('',(-0.540240320477655,-9.95255666110502E-17,-0.841510781945306));
#5067=DIRECTION('',(1.,0.,0.));
#5068=DIRECTION('',(0.,1.,0.));
#5069=DIRECTION('',(1.,0.,0.));
#5070=DIRECTION('',(0.,9.32900975465946E-17,-1.));
#5071=DIRECTION('',(1.,0.,0.));
#5072=DIRECTION('',(0.,-1.2627312784297E-16,-1.));
#5073=DIRECTION('',(0.540240320477655,0.,-0.841510781945306));
#5074=DIRECTION('',(0.841510781945306,0.,0.540240320477655));
#5075=DIRECTION('',(-0.540240320477655,0.,-0.841510781945306));
#5076=DIRECTION('',(0.841510781945306,0.,-0.540240320477655));
#5077=DIRECTION('',(0.,-1.,0.));
#5078=DIRECTION('',(0.,0.,-1.));
#5079=DIRECTION('',(-0.707106781186548,0.,-0.707106781186547));
#5080=DIRECTION('',(0.,0.,1.));
#5081=DIRECTION('',(0.,-1.,0.));
#5082=DIRECTION('',(0.,0.,-1.));
#5083=DIRECTION('',(0.707106781186548,0.,0.707106781186547));
#5084=DIRECTION('',(0.,0.,1.));
#5085=DIRECTION('',(0.,0.,1.));
#5086=DIRECTION('',(1.,0.,0.));
#5087=DIRECTION('',(0.,-0.707106781186548,-0.707106781186548));
#5088=DIRECTION('',(0.,0.707106781186548,-0.707106781186548));
#5089=DIRECTION('',(0.,0.707106781186548,0.707106781186548));
#5090=DIRECTION('',(0.,-0.707106781186548,0.707106781186548));
#5091=DIRECTION('',(0.,0.707106781186548,0.707106781186548));
#5092=DIRECTION('',(-1.,0.,0.));
#5093=DIRECTION('',(0.,0.707106781186548,0.707106781186548));
#5094=DIRECTION('',(0.,-0.707106781186548,0.707106781186548));
#5095=DIRECTION('',(0.,0.707106781186548,0.707106781186548));
#5096=DIRECTION('',(0.,-0.707106781186548,0.707106781186548));
#5097=DIRECTION('',(0.,-0.707106781186548,0.707106781186548));
#5098=DIRECTION('',(-1.,0.,0.));
#5099=DIRECTION('',(0.,0.707106781186548,-0.707106781186548));
#5100=DIRECTION('',(0.,0.707106781186548,0.707106781186548));
#5101=DIRECTION('',(0.,-0.707106781186548,0.707106781186548));
#5102=DIRECTION('',(0.,-0.707106781186548,-0.707106781186548));
#5103=DIRECTION('',(0.,-0.707106781186548,-0.707106781186548));
#5104=DIRECTION('',(0.,0.707106781186548,-0.707106781186548));
#5105=DIRECTION('',(0.,0.707106781186548,-0.707106781186548));
#5106=DIRECTION('',(0.,0.707106781186548,0.707106781186548));
#5107=DIRECTION('',(0.,0.707106781186548,0.707106781186548));
#5108=DIRECTION('',(0.,-0.707106781186548,0.707106781186548));
#5109=DIRECTION('',(0.,-0.707106781186548,0.707106781186548));
#5110=DIRECTION('',(0.,-0.707106781186548,-0.707106781186548));
#5111=DIRECTION('',(0.,0.707106781186548,-0.707106781186548));
#5112=DIRECTION('',(0.,0.707106781186548,0.707106781186548));
#5113=DIRECTION('',(0.,0.,1.));
#5114=DIRECTION('',(1.,0.,0.));
#5115=DIRECTION('',(0.,0.,1.));
#5116=DIRECTION('',(0.,0.,1.));
#5117=DIRECTION('',(0.,1.,0.));
#5118=DIRECTION('',(0.,0.,1.));
#5119=DIRECTION('',(0.,1.,0.));
#5120=DIRECTION('',(0.,0.,1.));
#5121=DIRECTION('',(0.,-0.707106781186548,-0.707106781186548));
#5122=DIRECTION('',(0.,0.707106781186548,-0.707106781186548));
#5123=DIRECTION('',(0.,0.707106781186548,0.707106781186548));
#5124=DIRECTION('',(0.,-0.707106781186548,0.707106781186548));
#5125=DIRECTION('',(0.,0.707106781186548,0.707106781186548));
#5126=DIRECTION('',(1.,0.,0.));
#5127=DIRECTION('',(0.,0.707106781186548,0.707106781186548));
#5128=DIRECTION('',(0.,-0.707106781186548,0.707106781186548));
#5129=DIRECTION('',(0.,-0.707106781186548,-0.707106781186548));
#5130=DIRECTION('',(0.,-0.707106781186548,0.707106781186548));
#5131=DIRECTION('',(0.,-0.707106781186548,0.707106781186548));
#5132=DIRECTION('',(1.,0.,0.));
#5133=DIRECTION('',(0.,-0.707106781186548,0.707106781186548));
#5134=DIRECTION('',(0.,0.707106781186548,0.707106781186548));
#5135=DIRECTION('',(0.,-0.707106781186548,0.707106781186548));
#5136=DIRECTION('',(0.,-0.707106781186548,-0.707106781186548));
#5137=DIRECTION('',(0.,-0.707106781186548,-0.707106781186548));
#5138=DIRECTION('',(0.,0.707106781186548,-0.707106781186548));
#5139=DIRECTION('',(0.,0.707106781186548,-0.707106781186548));
#5140=DIRECTION('',(0.,0.707106781186548,0.707106781186548));
#5141=DIRECTION('',(0.,-0.707106781186548,0.707106781186548));
#5142=DIRECTION('',(0.,-0.707106781186548,-0.707106781186548));
#5143=DIRECTION('',(0.,-0.707106781186547,0.707106781186548));
#5144=DIRECTION('',(0.,-0.707106781186548,-0.707106781186547));
#5145=DIRECTION('',(1.16039873891469E-16,1.,1.80750679491877E-16));
#5146=DIRECTION('',(0.,-1.80750679491877E-16,1.));
#5147=DIRECTION('',(0.977045574435264,-1.51881632315305E-16,0.213030386274977));
#5148=DIRECTION('',(0.841510781945306,0.,-0.540240320477655));
#5149=DIRECTION('',(0.841510781945306,0.,-0.540240320477655));
#5150=DIRECTION('',(-0.540240320477655,0.,-0.841510781945306));
#5151=DIRECTION('',(0.841510781945306,0.,-0.540240320477655));
#5152=DIRECTION('',(1.22486533552107E-16,1.,1.90792383908091E-16));
#5153=DIRECTION('',(0.,-1.90792383908091E-16,1.));
#5154=DIRECTION('',(-0.977045574435264,1.60319500777267E-16,-0.213030386274977));
#5155=DIRECTION('',(-0.59503798035512,-0.707106781186548,0.382007594080144));
#5156=DIRECTION('',(0.765135263644626,-0.643869574003516,0.));
#5157=DIRECTION('',(0.59503798035512,0.707106781186548,-0.382007594080144));
#5158=DIRECTION('',(-0.80369758114287,0.523524520721255,-0.282829054852362));
#5159=DIRECTION('',(-0.707106781186548,0.5,-0.5));
#5160=DIRECTION('',(0.,-0.707106781186548,-0.707106781186547));
#5161=DIRECTION('',(-0.707106781186548,0.5,-0.5));
#5162=DIRECTION('',(0.707106781186548,0.5,-0.5));
#5163=DIRECTION('',(0.678598344545847,0.678598344545847,-0.281084637714821));
#5164=DIRECTION('',(-0.707106781186548,0.5,-0.5));
#5165=DIRECTION('',(0.707106781186548,0.5,-0.5));
#5166=DIRECTION('',(-0.707106781186548,0.5,0.5));
#5167=DIRECTION('',(0.,0.707106781186548,-0.707106781186548));
#5168=DIRECTION('',(-0.678598344545847,-0.678598344545847,-0.281084637714821));
#5169=DIRECTION('',(-0.707106781186548,0.5,0.5));
#5170=DIRECTION('',(0.707106781186547,0.5,0.5));
#5171=DIRECTION('',(-0.707106781186548,0.5,0.5));
#5172=DIRECTION('',(-0.477383296438611,-0.859197993466667,0.184076061192808));
#5173=DIRECTION('',(-0.707106781186548,0.5,0.5));
#5174=DIRECTION('',(-0.0459481986478579,0.673122049131917,-0.738102614826331));
#5175=DIRECTION('',(-0.707106781186547,0.707106781186548,-9.58368352531879E-17));
#5176=DIRECTION('',(0.,-1.35533752189974E-16,-1.));
#5177=DIRECTION('',(-0.707106781186547,0.707106781186548,-9.58368352531879E-17));
#5178=DIRECTION('',(0.707106781186548,0.707106781186547,-9.58368352531879E-17));
#5179=DIRECTION('',(-0.707106781186547,0.707106781186548,-9.58368352531879E-17));
#5180=DIRECTION('',(0.707106781186548,0.707106781186547,-9.58368352531879E-17));
#5181=DIRECTION('',(-0.707106781186548,-0.5,0.5));
#5182=DIRECTION('',(0.,0.707106781186548,0.707106781186548));
#5183=DIRECTION('',(-0.707106781186548,-0.5,0.5));
#5184=DIRECTION('',(0.707106781186547,-0.5,0.5));
#5185=DIRECTION('',(-0.678598344545847,0.678598344545847,-0.281084637714821));
#5186=DIRECTION('',(-0.707106781186548,-0.5,0.5));
#5187=DIRECTION('',(-0.0459481986478579,-0.673122049131917,-0.738102614826331));
#5188=DIRECTION('',(-0.707106781186548,-0.5,0.5));
#5189=DIRECTION('',(0.477383296438611,-0.859197993466667,-0.184076061192808));
#5190=DIRECTION('',(-0.707106781186547,-0.707106781186548,0.));
#5191=DIRECTION('',(0.,0.,1.));
#5192=DIRECTION('',(-0.707106781186547,-0.707106781186548,0.));
#5193=DIRECTION('',(0.707106781186548,-0.707106781186547,0.));
#5194=DIRECTION('',(0.678598344545847,-0.678598344545847,-0.281084637714821));
#5195=DIRECTION('',(-0.707106781186547,-0.707106781186548,0.));
#5196=DIRECTION('',(0.707106781186548,-0.707106781186547,0.));
#5197=DIRECTION('',(-0.707106781186548,-0.5,-0.5));
#5198=DIRECTION('',(0.,-0.707106781186548,0.707106781186548));
#5199=DIRECTION('',(-0.707106781186548,-0.5,-0.5));
#5200=DIRECTION('',(0.707106781186547,-0.5,-0.5));
#5201=DIRECTION('',(-0.707106781186548,-0.5,-0.5));
#5202=DIRECTION('',(0.707106781186547,-0.5,-0.5));
#5203=DIRECTION('',(-0.707106781186547,0.,0.707106781186548));
#5204=DIRECTION('',(0.,1.,0.));
#5205=DIRECTION('',(-0.678598344545847,0.28108463771482,-0.678598344545847));
#5206=DIRECTION('',(-0.707106781186547,0.,0.707106781186548));
#5207=DIRECTION('',(0.707106781186548,0.,0.707106781186547));
#5208=DIRECTION('',(-0.707106781186547,-0.5,0.5));
#5209=DIRECTION('',(0.,0.707106781186548,0.707106781186547));
#5210=DIRECTION('',(0.678598344545847,-0.678598344545847,0.281084637714821));
#5211=DIRECTION('',(-0.707106781186547,-0.5,0.5));
#5212=DIRECTION('',(0.707106781186548,-0.5,0.5));
#5213=DIRECTION('',(-0.707106781186547,-0.5,0.5));
#5214=DIRECTION('',(0.707106781186548,-0.5,0.5));
#5215=DIRECTION('',(-0.707106781186547,-0.707106781186548,9.58368352531879E-17));
#5216=DIRECTION('',(0.,1.35533752189974E-16,1.));
#5217=DIRECTION('',(-0.707106781186547,-0.707106781186548,9.58368352531879E-17));
#5218=DIRECTION('',(0.707106781186548,-0.707106781186547,9.58368352531879E-17));
#5219=DIRECTION('',(0.678598344545847,-0.678598344545847,-0.281084637714821));
#5220=DIRECTION('',(-0.707106781186547,-0.707106781186548,9.58368352531879E-17));
#5221=DIRECTION('',(0.707106781186548,-0.707106781186547,9.58368352531879E-17));
#5222=DIRECTION('',(-0.707106781186548,-0.5,-0.5));
#5223=DIRECTION('',(0.,-0.707106781186548,0.707106781186548));
#5224=DIRECTION('',(-0.707106781186548,-0.5,-0.5));
#5225=DIRECTION('',(0.707106781186547,-0.5,-0.5));
#5226=DIRECTION('',(-0.707106781186548,-0.5,-0.5));
#5227=DIRECTION('',(0.0459481986478579,0.673122049131917,-0.738102614826331));
#5228=DIRECTION('',(-0.707106781186548,-0.5,-0.5));
#5229=DIRECTION('',(-0.477383296438611,0.859197993466667,-0.184076061192808));
#5230=DIRECTION('',(-0.707106781186548,0.5,-0.5));
#5231=DIRECTION('',(0.,-0.707106781186548,-0.707106781186548));
#5232=DIRECTION('',(-0.678598344545847,-0.678598344545847,0.281084637714821));
#5233=DIRECTION('',(-0.707106781186548,0.5,-0.5));
#5234=DIRECTION('',(0.707106781186547,0.5,-0.5));
#5235=DIRECTION('',(-0.707106781186548,0.5,-0.5));
#5236=DIRECTION('',(0.477383296438611,0.859197993466667,0.184076061192808));
#5237=DIRECTION('',(-0.707106781186548,0.5,-0.5));
#5238=DIRECTION('',(0.0459481986478579,-0.673122049131917,-0.738102614826331));
#5239=DIRECTION('',(-0.707106781186547,0.707106781186548,0.));
#5240=DIRECTION('',(0.,0.,-1.));
#5241=DIRECTION('',(0.678598344545847,0.678598344545847,0.281084637714821));
#5242=DIRECTION('',(-0.707106781186547,0.707106781186548,0.));
#5243=DIRECTION('',(0.707106781186548,0.707106781186547,0.));
#5244=DIRECTION('',(-0.707106781186547,0.707106781186548,0.));
#5245=DIRECTION('',(0.707106781186548,0.707106781186547,0.));
#5246=DIRECTION('',(-0.707106781186548,0.5,0.5));
#5247=DIRECTION('',(0.,0.707106781186548,-0.707106781186548));
#5248=DIRECTION('',(0.678598344545847,0.281084637714821,0.678598344545847));
#5249=DIRECTION('',(-0.707106781186548,0.5,0.5));
#5250=DIRECTION('',(0.707106781186547,0.5,0.5));
#5251=DIRECTION('',(-0.707106781186548,0.5,0.5));
#5252=DIRECTION('',(0.707106781186547,0.5,0.5));
#5253=DIRECTION('',(-0.707106781186547,0.,0.707106781186548));
#5254=DIRECTION('',(0.,1.,0.));
#5255=DIRECTION('',(-0.707106781186547,0.,0.707106781186548));
#5256=DIRECTION('',(0.707106781186548,0.,0.707106781186547));
#5257=DIRECTION('',(0.213030386274977,0.,-0.977045574435264));
#5258=DIRECTION('',(0.,-1.,0.));
#5259=DIRECTION('',(0.213030386274977,0.,-0.977045574435264));
#5260=DIRECTION('',(-0.977045574435264,3.92523114670943E-17,-0.213030386274977));
#5261=DIRECTION('',(-0.937654010678619,0.281084637714826,-0.204441636412511));
#5262=DIRECTION('',(0.0387477968925072,-0.5,-0.865158140593948));
#5263=DIRECTION('',(-0.59503798035512,-0.707106781186547,0.382007594080144));
#5264=DIRECTION('',(0.0387477968925072,-0.5,-0.865158140593948));
#5265=DIRECTION('',(-0.802762985052797,0.5,-0.324917820116291));
#5266=DIRECTION('',(-0.603141940409267,0.678598344545848,-0.419194568785163));
#5267=DIRECTION('',(0.0387477968925072,-0.5,-0.865158140593948));
#5268=DIRECTION('',(-0.802762985052797,0.5,-0.324917820116291));
#5269=DIRECTION('',(-0.382007594080145,-0.707106781186546,-0.595037980355121));
#5270=DIRECTION('',(-0.841510781945306,1.50376766343634E-16,0.540240320477655));
#5271=DIRECTION('',(-0.382007594080145,-0.707106781186546,-0.595037980355121));
#5272=DIRECTION('',(-0.382007594080143,0.707106781186549,-0.595037980355119));
#5273=DIRECTION('',(-0.382007594080145,-0.707106781186546,-0.595037980355121));
#5274=DIRECTION('',(-0.382007594080143,0.707106781186549,-0.595037980355119));
#5275=DIRECTION('',(-0.130070433856857,0.678598344545852,-0.72290107830596));
#5276=DIRECTION('',(-0.802762985052797,-0.5,-0.324917820116286));
#5277=DIRECTION('',(-0.59503798035512,0.707106781186548,0.382007594080144));
#5278=DIRECTION('',(-0.802762985052797,-0.5,-0.324917820116286));
#5279=DIRECTION('',(0.0387477968925036,0.5,-0.86515814059395));
#5280=DIRECTION('',(0.204441636412515,0.281084637714804,-0.937654010678625));
#5281=DIRECTION('',(-0.802762985052797,-0.5,-0.324917820116286));
#5282=DIRECTION('',(0.0387477968925035,0.5,-0.86515814059395));
#5283=DIRECTION('',(-0.977045574435263,0.,-0.213030386274979));
#5284=DIRECTION('',(0.,1.,0.));
#5285=DIRECTION('',(-0.977045574435263,0.,-0.213030386274979));
#5286=DIRECTION('',(0.213030386274979,1.5027461392961E-16,-0.977045574435263));
#5287=DIRECTION('',(0.204441636412514,-0.281084637714816,-0.937654010678622));
#5288=DIRECTION('',(-0.977045574435263,0.,-0.213030386274979));
#5289=DIRECTION('',(0.213030386274979,-7.17699909954214E-17,-0.977045574435263));
#5290=DIRECTION('',(-0.802762985052797,0.5,-0.324917820116292));
#5291=DIRECTION('',(0.59503798035512,0.707106781186548,-0.382007594080144));
#5292=DIRECTION('',(-0.802762985052797,0.5,-0.324917820116292));
#5293=DIRECTION('',(0.0387477968925089,-0.5,-0.865158140593948));
#5294=DIRECTION('',(-0.130070433856846,-0.678598344545849,-0.722901078305963));
#5295=DIRECTION('',(-0.802762985052797,0.5,-0.324917820116292));
#5296=DIRECTION('',(0.0387477968925092,-0.5,-0.865158140593948));
#5297=DIRECTION('',(0.213030386274977,0.,-0.977045574435264));
#5298=DIRECTION('',(0.,-1.,0.));
#5299=DIRECTION('',(0.937654010678619,0.281084637714825,0.204441636412511));
#5300=DIRECTION('',(0.213030386274977,0.,-0.977045574435264));
#5301=DIRECTION('',(-0.977045574435264,-1.11022302462516E-16,-0.213030386274977));
#5302=DIRECTION('',(-0.382007594080145,0.707106781186546,-0.595037980355121));
#5303=DIRECTION('',(0.841510781945306,-1.50376766343634E-16,-0.540240320477655));
#5304=DIRECTION('',(-0.382007594080145,0.707106781186546,-0.595037980355121));
#5305=DIRECTION('',(-0.382007594080143,-0.707106781186549,-0.595037980355119));
#5306=DIRECTION('',(-0.603141940409265,-0.678598344545848,-0.419194568785164));
#5307=DIRECTION('',(-0.382007594080145,0.707106781186546,-0.595037980355121));
#5308=DIRECTION('',(-0.382007594080143,-0.707106781186549,-0.595037980355119));
#5309=DIRECTION('',(0.0387477968925078,0.5,-0.865158140593948));
#5310=DIRECTION('',(0.59503798035512,-0.707106781186548,-0.382007594080144));
#5311=DIRECTION('',(0.0387477968925078,0.5,-0.865158140593948));
#5312=DIRECTION('',(-0.802762985052797,-0.5,-0.324917820116291));
#5313=DIRECTION('',(0.0387477968925078,0.5,-0.865158140593948));
#5314=DIRECTION('',(-0.802762985052797,-0.5,-0.324917820116291));
#5315=DIRECTION('',(0.0387477968925076,-0.5,0.865158140593948));
#5316=DIRECTION('',(0.59503798035512,0.707106781186547,0.382007594080144));
#5317=DIRECTION('',(0.0387477968925076,-0.5,0.865158140593948));
#5318=DIRECTION('',(0.802762985052797,-0.5,-0.324917820116291));
#5319=DIRECTION('',(0.603141940409266,-0.678598344545848,-0.419194568785164));
#5320=DIRECTION('',(0.0387477968925076,-0.5,0.865158140593948));
#5321=DIRECTION('',(0.802762985052797,-0.5,-0.324917820116291));
#5322=DIRECTION('',(-0.382007594080145,-0.707106781186546,0.595037980355121));
#5323=DIRECTION('',(0.841510781945306,1.50376766343634E-16,0.540240320477655));
#5324=DIRECTION('',(-0.382007594080145,-0.707106781186546,0.595037980355121));
#5325=DIRECTION('',(0.382007594080143,-0.707106781186549,-0.595037980355119));
#5326=DIRECTION('',(-0.382007594080145,-0.707106781186546,0.595037980355121));
#5327=DIRECTION('',(0.382007594080143,-0.707106781186549,-0.595037980355119));
#5328=DIRECTION('',(0.130070433856846,-0.678598344545849,-0.722901078305963));
#5329=DIRECTION('',(0.213030386274977,0.,0.977045574435264));
#5330=DIRECTION('',(0.,1.,0.));
#5331=DIRECTION('',(0.937654010678619,0.281084637714826,-0.204441636412511));
#5332=DIRECTION('',(0.213030386274977,0.,0.977045574435264));
#5333=DIRECTION('',(0.977045574435264,0.,-0.213030386274977));
#5334=DIRECTION('',(0.977045574435264,1.60319500777267E-16,-0.213030386274977));
#5335=DIRECTION('',(-0.802762985052797,-0.5,0.324917820116292));
#5336=DIRECTION('',(0.59503798035512,-0.707106781186547,0.382007594080144));
#5337=DIRECTION('',(-0.802762985052797,-0.5,0.324917820116292));
#5338=DIRECTION('',(-0.0387477968925091,-0.5,-0.865158140593948));
#5339=DIRECTION('',(-0.204441636412514,-0.281084637714816,-0.937654010678622));
#5340=DIRECTION('',(-0.802762985052797,-0.5,0.324917820116292));
#5341=DIRECTION('',(-0.0387477968925089,-0.5,-0.865158140593948));
#5342=DIRECTION('',(0.0387477968925072,0.5,0.865158140593948));
#5343=DIRECTION('',(-0.59503798035512,0.707106781186547,-0.382007594080144));
#5344=DIRECTION('',(0.0387477968925072,0.5,0.865158140593948));
#5345=DIRECTION('',(0.802762985052797,0.5,-0.324917820116291));
#5346=DIRECTION('',(0.603141940409267,0.678598344545848,-0.419194568785163));
#5347=DIRECTION('',(0.0387477968925072,0.5,0.865158140593948));
#5348=DIRECTION('',(0.802762985052797,0.5,-0.324917820116291));
#5349=DIRECTION('',(-0.977045574435263,0.,0.213030386274979));
#5350=DIRECTION('',(0.,-1.,0.));
#5351=DIRECTION('',(-0.977045574435263,0.,0.213030386274979));
#5352=DIRECTION('',(-0.213030386274979,1.11022302462516E-16,-0.977045574435263));
#5353=DIRECTION('',(-0.977045574435263,0.,0.213030386274979));
#5354=DIRECTION('',(-0.213030386274979,-1.5027461392961E-16,-0.977045574435263));
#5355=DIRECTION('',(-0.204441636412515,0.281084637714804,-0.937654010678625));
#5356=DIRECTION('',(-0.382007594080145,0.707106781186546,0.595037980355121));
#5357=DIRECTION('',(-0.841510781945306,-1.50376766343634E-16,-0.540240320477655));
#5358=DIRECTION('',(-0.382007594080145,0.707106781186546,0.595037980355121));
#5359=DIRECTION('',(0.382007594080143,0.707106781186549,-0.595037980355119));
#5360=DIRECTION('',(-0.130070433856857,-0.678598344545852,0.72290107830596));
#5361=DIRECTION('',(-0.382007594080145,0.707106781186546,0.595037980355121));
#5362=DIRECTION('',(0.382007594080143,0.707106781186549,-0.595037980355119));
#5363=DIRECTION('',(-0.802762985052797,0.5,0.324917820116286));
#5364=DIRECTION('',(-0.59503798035512,-0.707106781186548,-0.382007594080144));
#5365=DIRECTION('',(-0.802762985052797,0.5,0.324917820116286));
#5366=DIRECTION('',(-0.0387477968925035,0.5,-0.86515814059395));
#5367=DIRECTION('',(-0.802762985052797,0.5,0.324917820116286));
#5368=DIRECTION('',(-0.0387477968925036,0.5,-0.86515814059395));
#5369=DIRECTION('',(0.,-0.707106781186547,0.707106781186548));
#5370=DIRECTION('',(0.,-0.707106781186548,-0.707106781186547));
#5371=DIRECTION('',(0.,0.707106781186548,0.707106781186548));
#5372=DIRECTION('',(0.,-0.707106781186548,0.707106781186548));
#5373=DIRECTION('',(0.,-0.707106781186547,0.707106781186548));
#5374=DIRECTION('',(0.,-0.707106781186548,-0.707106781186547));
#5375=DIRECTION('',(-0.59503798035512,0.707106781186547,0.382007594080144));
#5376=DIRECTION('',(-0.765135263644625,-0.643869574003517,0.));
#5377=DIRECTION('',(0.59503798035512,-0.707106781186548,-0.382007594080144));
#5378=DIRECTION('',(0.0774054764565003,0.523524520721255,-0.848487164557085));
#5379=DIRECTION('',(-0.841510781945306,0.,-0.540240320477655));
#5380=DIRECTION('',(-0.540240320477655,0.,0.841510781945306));
#5381=DIRECTION('',(-0.841510781945306,0.,-0.540240320477655));
#5382=DIRECTION('',(-0.841510781945306,0.,-0.540240320477655));
#5383=DIRECTION('',(1.16039873891469E-16,-1.,-1.80750679491877E-16));
#5384=DIRECTION('',(0.,1.80750679491877E-16,-1.));
#5385=DIRECTION('',(1.22486533552107E-16,-1.,-1.90792383908091E-16));
#5386=DIRECTION('',(0.,1.90792383908091E-16,-1.));
#5387=DIRECTION('',(0.59503798035512,-0.707106781186548,0.382007594080144));
#5388=DIRECTION('',(0.765135263644626,0.643869574003516,0.));
#5389=DIRECTION('',(-0.59503798035512,0.707106781186548,-0.382007594080144));
#5390=DIRECTION('',(0.80369758114287,0.523524520721255,-0.282829054852362));
#5391=DIRECTION('',(0.59503798035512,0.707106781186547,0.382007594080144));
#5392=DIRECTION('',(-0.765135263644625,0.643869574003517,0.));
#5393=DIRECTION('',(-0.59503798035512,-0.707106781186548,-0.382007594080144));
#5394=DIRECTION('',(-0.0774054764565003,0.523524520721255,-0.848487164557085));
#5395=DIRECTION('',(0.540240320477655,8.71576399210525E-33,-0.841510781945306));
#5396=DIRECTION('',(-0.841510781945306,0.,-0.540240320477655));
#5397=DIRECTION('',(0.540240320477655,8.71576399210525E-33,-0.841510781945306));
#5398=DIRECTION('',(-0.841510781945306,0.,-0.540240320477655));
#5399=DIRECTION('',(0.0802075245186662,-0.764522957508046,0.639586898281804));
#5400=DIRECTION('',(0.667391118773503,-0.435410807444615,-0.604157697412423));
#5401=DIRECTION('',(0.540240320477655,7.85046229341887E-17,-0.841510781945306));
#5402=DIRECTION('',(-0.841510781945306,0.,-0.540240320477655));
#5403=DIRECTION('',(0.540240320477655,8.71576399210525E-33,-0.841510781945306));
#5404=DIRECTION('',(-0.841510781945306,0.,-0.540240320477655));
#5405=DIRECTION('',(0.0802075245186663,-0.764522957508046,0.639586898281804));
#5406=DIRECTION('',(0.667391118773503,-0.435410807444615,-0.604157697412423));
#5407=DIRECTION('',(0.540240320477655,-1.06260198549818E-16,-0.841510781945306));
#5408=DIRECTION('',(-0.841510781945306,0.,-0.540240320477655));
#5409=DIRECTION('',(0.124430592710775,-2.4474329267812E-17,0.992228314249117));
#5410=DIRECTION('',(0.992228314249117,-1.99774676309094E-16,-0.124430592710775));
#5411=DIRECTION('',(0.0802075245186661,-0.764522957508046,0.639586898281804));
#5412=DIRECTION('',(0.667391118773503,-0.435410807444615,-0.604157697412424));
#5413=DIRECTION('',(0.540240320477655,-1.06260198549818E-16,-0.841510781945306));
#5414=DIRECTION('',(-0.841510781945306,0.,-0.540240320477655));
#5415=DIRECTION('',(-0.540240320477655,-7.85046229341887E-17,-0.841510781945306));
#5416=DIRECTION('',(-0.841510781945306,0.,0.540240320477655));
#5417=DIRECTION('',(-0.080207524518666,-0.764522957508046,0.639586898281804));
#5418=DIRECTION('',(-0.667391118773503,-0.435410807444615,-0.604157697412423));
#5419=DIRECTION('',(-0.124430592710774,-1.8081539625921E-17,0.992228314249118));
#5420=DIRECTION('',(-0.992228314249118,-1.66478896924245E-16,-0.124430592710774));
#5421=DIRECTION('',(-0.540240320477655,-7.85046229341887E-17,-0.841510781945306));
#5422=DIRECTION('',(-0.841510781945306,0.,0.540240320477655));
#5423=DIRECTION('',(-0.540240320477655,8.71576399210525E-33,-0.841510781945306));
#5424=DIRECTION('',(-0.841510781945306,0.,0.540240320477655));
#5425=DIRECTION('',(-0.0802075245186662,-0.764522957508046,0.639586898281804));
#5426=DIRECTION('',(-0.667391118773503,-0.435410807444615,-0.604157697412423));
#5427=DIRECTION('',(-0.540240320477655,8.71576399210525E-33,-0.841510781945306));
#5428=DIRECTION('',(-0.841510781945306,0.,0.540240320477655));
#5429=DIRECTION('',(-0.540240320477655,8.71576399210525E-33,-0.841510781945306));
#5430=DIRECTION('',(-0.841510781945306,0.,0.540240320477655));
#5431=DIRECTION('',(-0.0802075245186663,-0.764522957508046,0.639586898281804));
#5432=DIRECTION('',(-0.667391118773503,-0.435410807444615,-0.604157697412423));
#5433=DIRECTION('',(-0.540240320477655,1.06260198549818E-16,-0.841510781945306));
#5434=DIRECTION('',(-0.841510781945306,0.,0.540240320477655));
#5435=DIRECTION('',(1.,0.,0.));
#5436=DIRECTION('',(0.,0.,-1.));
#5437=DIRECTION('',(1.,0.,0.));
#5438=DIRECTION('',(0.,0.,-1.));
#5439=DIRECTION('',(1.,0.,0.));
#5440=DIRECTION('',(0.,0.,-1.));
#5441=DIRECTION('',(1.,0.,0.));
#5442=DIRECTION('',(0.,0.,-1.));
#5443=DIRECTION('',(1.,0.,0.));
#5444=DIRECTION('',(0.,0.,-1.));
#5445=DIRECTION('',(1.,0.,0.));
#5446=DIRECTION('',(0.,0.,-1.));
#5447=DIRECTION('',(1.,0.,0.));
#5448=DIRECTION('',(0.,0.,-1.));
#5449=DIRECTION('',(1.,0.,0.));
#5450=DIRECTION('',(0.,0.,-1.));
#5451=DIRECTION('',(1.,0.,0.));
#5452=DIRECTION('',(0.,0.,-1.));
#5453=DIRECTION('',(1.,0.,0.));
#5454=DIRECTION('',(0.,0.,-1.));
#5455=DIRECTION('',(1.,0.,0.));
#5456=DIRECTION('',(0.,0.,-1.));
#5457=DIRECTION('',(1.,0.,0.));
#5458=DIRECTION('',(0.,0.,-1.));
#5459=DIRECTION('',(0.540240320477655,0.,-0.841510781945306));
#5460=DIRECTION('',(-0.841510781945306,0.,-0.540240320477655));
#5461=DIRECTION('',(0.0802075245186661,0.764522957508046,0.639586898281804));
#5462=DIRECTION('',(0.667391118773503,0.435410807444615,-0.604157697412423));
#5463=DIRECTION('',(0.124430592710775,0.,0.992228314249117));
#5464=DIRECTION('',(0.992228314249117,0.,-0.124430592710775));
#5465=DIRECTION('',(0.540240320477655,0.,-0.841510781945306));
#5466=DIRECTION('',(-0.841510781945306,0.,-0.540240320477655));
#5467=DIRECTION('',(-0.540240320477655,-1.74315279842105E-32,-0.841510781945306));
#5468=DIRECTION('',(-0.841510781945306,0.,0.540240320477655));
#5469=DIRECTION('',(-0.0802075245186661,0.764522957508046,0.639586898281804));
#5470=DIRECTION('',(-0.667391118773503,0.435410807444615,-0.604157697412423));
#5471=DIRECTION('',(-0.540240320477655,-1.74315279842105E-32,-0.841510781945306));
#5472=DIRECTION('',(-0.841510781945306,0.,0.540240320477655));
#5473=DIRECTION('',(-0.540240320477655,2.77555756156289E-17,-0.841510781945306));
#5474=DIRECTION('',(-0.841510781945306,0.,0.540240320477655));
#5475=DIRECTION('',(-0.124430592710775,6.39278964189101E-18,0.992228314249117));
#5476=DIRECTION('',(-0.992228314249117,6.65915587696979E-17,-0.124430592710775));
#5477=DIRECTION('',(-0.080207524518666,0.764522957508046,0.639586898281804));
#5478=DIRECTION('',(-0.667391118773503,0.435410807444615,-0.604157697412423));
#5479=DIRECTION('',(-0.540240320477655,2.77555756156289E-17,-0.841510781945306));
#5480=DIRECTION('',(-0.841510781945306,0.,0.540240320477655));
#5481=DIRECTION('',(-0.540240320477655,-5.07490473185598E-17,-0.841510781945306));
#5482=DIRECTION('',(-0.841510781945306,0.,0.540240320477655));
#5483=DIRECTION('',(-0.540240320477655,0.,-0.841510781945306));
#5484=DIRECTION('',(-0.841510781945306,0.,0.540240320477655));
#5485=DIRECTION('',(-0.0802075245186662,0.764522957508046,0.639586898281804));
#5486=DIRECTION('',(-0.667391118773503,0.435410807444615,-0.604157697412423));
#5487=DIRECTION('',(0.540240320477655,2.77555756156289E-17,-0.841510781945306));
#5488=DIRECTION('',(-0.841510781945306,0.,-0.540240320477655));
#5489=DIRECTION('',(0.0802075245186661,0.764522957508046,0.639586898281804));
#5490=DIRECTION('',(0.667391118773503,0.435410807444615,-0.604157697412423));
#5491=DIRECTION('',(0.540240320477655,2.77555756156289E-17,-0.841510781945306));
#5492=DIRECTION('',(-0.841510781945306,0.,-0.540240320477655));
#5493=DIRECTION('',(0.540240320477655,0.,-0.841510781945306));
#5494=DIRECTION('',(-0.841510781945306,0.,-0.540240320477655));
#5495=DIRECTION('',(0.0802075245186661,0.764522957508046,0.639586898281804));
#5496=DIRECTION('',(0.667391118773503,0.435410807444615,-0.604157697412423));
#5497=DIRECTION('',(0.540240320477655,-1.06260198549818E-16,-0.841510781945306));
#5498=DIRECTION('',(-0.841510781945306,0.,-0.540240320477655));
#5499=DIRECTION('',(1.,0.,0.));
#5500=DIRECTION('',(0.,0.,-1.));
#5501=DIRECTION('',(1.,0.,0.));
#5502=DIRECTION('',(1.,0.,0.));
#5503=DIRECTION('',(1.,0.,0.));
#5504=DIRECTION('',(0.,0.,-1.));
#5505=DIRECTION('',(1.,0.,0.));
#5506=DIRECTION('',(1.,0.,0.));
#5507=DIRECTION('',(0.,1.,0.));
#5508=DIRECTION('',(0.,0.,1.));
#5509=DIRECTION('',(-1.,0.,0.));
#5510=DIRECTION('',(-1.,0.,-1.22464679914735E-16));
#5511=DIRECTION('',(0.,1.,0.));
#5512=DIRECTION('',(0.,0.,1.));
#5513=DIRECTION('',(-1.,0.,0.));
#5514=DIRECTION('',(-1.,0.,-1.22464679914735E-16));
#5515=DIRECTION('',(1.22464679914735E-16,0.,-1.));
#5516=DIRECTION('',(-1.,0.,-1.22464679914735E-16));
#5517=DIRECTION('',(-1.,0.,-1.22464679914735E-16));
#5518=DIRECTION('',(-1.,0.,-1.22464679914735E-16));
#5519=DIRECTION('',(0.791312279220325,-0.432333711821745,-0.432333711821745));
#5520=DIRECTION('',(-0.479457860255906,0.,-0.877564903718709));
#5521=DIRECTION('',(0.791312279220324,-0.432333711821746,-0.432333711821746));
#5522=DIRECTION('',(-0.479457860255908,0.,-0.877564903718709));
#5523=DIRECTION('',(0.941981251743785,-0.237351344385503,-0.237351344385503));
#5524=DIRECTION('',(-0.244333448248805,0.,-0.969691273584974));
#5525=DIRECTION('',(1.,0.,0.));
#5526=DIRECTION('',(0.,0.,-1.));
#5527=DIRECTION('',(1.,0.,0.));
#5528=DIRECTION('',(0.,0.,-1.));
#5529=DIRECTION('',(1.,0.,0.));
#5530=DIRECTION('',(0.,0.,-1.));
#5531=DIRECTION('',(0.884756467813698,0.329549687195898,0.329549687195898));
#5532=DIRECTION('',(0.349048132525423,0.,-0.937104797330861));
#5533=DIRECTION('',(0.360370364206898,0.659595785538912,0.659595785538912));
#5534=DIRECTION('',(0.,-0.707106781186548,0.707106781186548));
#5535=DIRECTION('',(0.360370364206896,0.659595785538912,0.659595785538912));
#5536=DIRECTION('',(0.,-0.707106781186548,0.707106781186548));
#5537=DIRECTION('',(0.360370364206895,0.659595785538913,0.659595785538912));
#5538=DIRECTION('',(0.,-0.707106781186547,0.707106781186548));
#5539=DIRECTION('',(0.,1.,0.));
#5540=DIRECTION('',(0.,0.,1.));
#5541=DIRECTION('',(0.,-1.,0.));
#5542=DIRECTION('',(0.,0.,-1.));
#5543=DIRECTION('',(0.707106781186548,0.707106781186548,0.));
#5544=DIRECTION('',(-0.707106781186548,0.707106781186548,0.));
#5545=DIRECTION('',(0.,1.,0.));
#5546=DIRECTION('',(0.,0.,1.));
#5547=DIRECTION('',(-0.707106781186548,0.707106781186548,0.));
#5548=DIRECTION('',(0.707106781186548,0.707106781186548,0.));
#5549=DIRECTION('',(0.,-1.,0.));
#5550=DIRECTION('',(0.,0.,-1.));
#5551=DIRECTION('',(1.,0.,0.));
#5552=DIRECTION('',(0.,0.,-1.));
#5553=DIRECTION('',(0.360370364206894,-0.659595785538913,-0.659595785538913));
#5554=DIRECTION('',(0.,0.707106781186548,-0.707106781186548));
#5555=DIRECTION('',(0.360370364206896,-0.659595785538912,-0.659595785538912));
#5556=DIRECTION('',(0.,0.707106781186548,-0.707106781186548));
#5557=DIRECTION('',(0.360370364206897,-0.659595785538912,-0.659595785538912));
#5558=DIRECTION('',(0.,0.707106781186548,-0.707106781186548));
#5559=DIRECTION('',(0.884756467813697,-0.329549687195899,-0.329549687195899));
#5560=DIRECTION('',(-0.349048132525424,0.,-0.937104797330861));
#5561=DIRECTION('',(1.,0.,0.));
#5562=DIRECTION('',(0.,0.,-1.));
#5563=DIRECTION('',(1.,0.,0.));
#5564=DIRECTION('',(0.,0.,-1.));
#5565=DIRECTION('',(1.,0.,0.));
#5566=DIRECTION('',(0.,0.,-1.));
#5567=DIRECTION('',(0.941981251743782,0.23735134438551,0.23735134438551));
#5568=DIRECTION('',(0.244333448248812,0.,-0.969691273584972));
#5569=DIRECTION('',(0.791312279220325,0.432333711821745,0.432333711821745));
#5570=DIRECTION('',(0.479457860255906,0.,-0.87756490371871));
#5571=DIRECTION('',(0.791312279220325,0.432333711821745,0.432333711821745));
#5572=DIRECTION('',(-0.479457860255906,0.877564903718709,0.));
#5573=DIRECTION('',(-0.791312279220325,-0.432333711821745,0.432333711821745));
#5574=DIRECTION('',(0.479457860255907,0.,0.877564903718709));
#5575=DIRECTION('',(0.791312279220325,0.432333711821745,-0.432333711821745));
#5576=DIRECTION('',(-0.479457860255907,0.,-0.877564903718709));
#5577=DIRECTION('',(0.941981251743785,0.237351344385504,-0.237351344385502));
#5578=DIRECTION('',(-0.244333448248806,0.969691273584974,0.));
#5579=DIRECTION('',(1.,-2.31296463463575E-15,-8.43194115799292E-16));
#5580=DIRECTION('',(2.31296463463575E-15,1.,0.));
#5581=DIRECTION('',(1.,0.,0.));
#5582=DIRECTION('',(0.,0.,-1.));
#5583=DIRECTION('',(1.,0.,0.));
#5584=DIRECTION('',(0.,0.,-1.));
#5585=DIRECTION('',(-0.791312279220325,0.432333711821745,-0.432333711821745));
#5586=DIRECTION('',(-0.479457860255907,0.,0.877564903718709));
#5587=DIRECTION('',(-0.791312279220325,0.432333711821744,-0.432333711821744));
#5588=DIRECTION('',(-0.479457860255906,0.,0.87756490371871));
#5589=DIRECTION('',(0.884756467813698,-0.329549687195898,0.329549687195897));
#5590=DIRECTION('',(0.349048132525423,0.937104797330861,0.));
#5591=DIRECTION('',(-0.941981251743783,0.237351344385507,-0.237351344385507));
#5592=DIRECTION('',(-0.244333448248809,0.,0.969691273584973));
#5593=DIRECTION('',(0.360370364206896,-0.659595785538912,0.659595785538913));
#5594=DIRECTION('',(0.,-0.707106781186548,-0.707106781186547));
#5595=DIRECTION('',(-1.,0.,0.));
#5596=DIRECTION('',(0.,0.,1.));
#5597=DIRECTION('',(-0.360370364206896,0.659595785538912,-0.659595785538912));
#5598=DIRECTION('',(0.,0.707106781186548,0.707106781186548));
#5599=DIRECTION('',(0.360370364206896,-0.659595785538912,0.659595785538912));
#5600=DIRECTION('',(0.,-0.707106781186547,-0.707106781186548));
#5601=DIRECTION('',(1.,0.,0.));
#5602=DIRECTION('',(0.,0.,-1.));
#5603=DIRECTION('',(-1.,0.,0.));
#5604=DIRECTION('',(0.,0.,1.));
#5605=DIRECTION('',(-0.884756467813696,-0.3295496871959,0.3295496871959));
#5606=DIRECTION('',(0.349048132525426,0.,0.93710479733086));
#5607=DIRECTION('',(0.,-1.,0.));
#5608=DIRECTION('',(0.,0.,-1.));
#5609=DIRECTION('',(0.,1.,0.));
#5610=DIRECTION('',(0.,0.,1.));
#5611=DIRECTION('',(-0.707106781186548,0.707106781186548,0.));
#5612=DIRECTION('',(0.707106781186548,0.707106781186548,0.));
#5613=DIRECTION('',(-0.360370364206894,-0.659595785538913,0.659595785538913));
#5614=DIRECTION('',(0.,-0.707106781186548,-0.707106781186548));
#5615=DIRECTION('',(-1.,0.,0.));
#5616=DIRECTION('',(0.,0.,1.));
#5617=DIRECTION('',(0.707106781186548,0.707106781186548,0.));
#5618=DIRECTION('',(-0.707106781186548,0.707106781186548,0.));
#5619=DIRECTION('',(0.,1.,0.));
#5620=DIRECTION('',(0.,0.,1.));
#5621=DIRECTION('',(0.,1.,0.));
#5622=DIRECTION('',(0.,0.,1.));
#5623=DIRECTION('',(-0.360370364206896,-0.659595785538912,0.659595785538912));
#5624=DIRECTION('',(0.,-0.707106781186548,-0.707106781186548));
#5625=DIRECTION('',(-0.360370364206898,-0.659595785538911,0.659595785538912));
#5626=DIRECTION('',(0.,-0.707106781186548,-0.707106781186547));
#5627=DIRECTION('',(1.,0.,1.22464679914735E-16));
#5628=DIRECTION('',(1.22464679914735E-16,0.,-1.));
#5629=DIRECTION('',(-1.,0.,-1.22464679914735E-16));
#5630=DIRECTION('',(-1.22464679914735E-16,0.,1.));
#5631=CARTESIAN_POINT('',(0.,0.,0.));
#5632=CARTESIAN_POINT('',(-0.035,-0.0109247997693322,-0.0109247997693322));
#5633=CARTESIAN_POINT('',(-0.033,-0.00789325599609406,-0.0139563435425703));
#5634=CARTESIAN_POINT('',(-0.033,-0.0139855339059327,-0.00786406563273158));
#5635=CARTESIAN_POINT('',(-0.033,-0.010046616794857,-0.0118029827438073));
#5636=CARTESIAN_POINT('',(-0.0336514781794387,-0.00969068148728773,-0.0121589180513766));
#5637=CARTESIAN_POINT('',(-0.0285817411439757,-0.0124605339059327,-0.00938906563273158));
#5638=CARTESIAN_POINT('',(-0.0260706090687494,-0.00786433982822019,-0.0139852597104441));
#5639=CARTESIAN_POINT('',(-0.0247392298949256,-0.0139855339059327,-0.00786406563273158));
#5640=CARTESIAN_POINT('',(-0.035,-0.0139855339059327,-0.00786406563273158));
#5641=CARTESIAN_POINT('',(-0.035,-0.0109247997693322,-0.0109247997693322));
#5642=CARTESIAN_POINT('',(0.0260706090687494,-0.00786433982822019,-0.0139852597104441));
#5643=CARTESIAN_POINT('',(0.0247392298949256,-0.0139855339059327,-0.00786406563273158));
#5644=CARTESIAN_POINT('',(0.0285817411439756,-0.0124605339059327,-0.00938906563273157));
#5645=CARTESIAN_POINT('',(0.0337257269707796,-0.00965011563686232,-0.012199483901802));
#5646=CARTESIAN_POINT('',(0.033,-0.010046616794857,-0.0118029827438073));
#5647=CARTESIAN_POINT('',(0.033,-0.0109247997693322,-0.0109247997693322));
#5648=CARTESIAN_POINT('',(0.033,-0.0139855339059327,-0.00786406563273158));
#5649=CARTESIAN_POINT('',(-0.035,-0.0139855339059327,-0.00786406563273158));
#5650=CARTESIAN_POINT('',(-0.035,0.0109247997693322,-0.0109247997693322));
#5651=CARTESIAN_POINT('',(-0.0260706090687494,0.00786433982822018,-0.0139852597104441));
#5652=CARTESIAN_POINT('',(-0.0247392298949256,0.0139855339059327,-0.00786406563273158));
#5653=CARTESIAN_POINT('',(-0.0285817411439757,0.0124605339059327,-0.00938906563273158));
#5654=CARTESIAN_POINT('',(-0.0336514781794387,0.00969068148728774,-0.0121589180513766));
#5655=CARTESIAN_POINT('',(-0.033,0.010046616794857,-0.0118029827438073));
#5656=CARTESIAN_POINT('',(-0.033,0.01545,-0.00639959953866432));
#5657=CARTESIAN_POINT('',(-0.033,0.0139855339059327,-0.00786406563273158));
#5658=CARTESIAN_POINT('',(-0.035,0.0139855339059327,-0.00786406563273158));
#5659=CARTESIAN_POINT('',(-0.035,0.0109247997693322,-0.0109247997693322));
#5660=CARTESIAN_POINT('',(0.033,0.0109247997693322,-0.0109247997693322));
#5661=CARTESIAN_POINT('',(0.033,0.0139855339059327,-0.00786406563273158));
#5662=CARTESIAN_POINT('',(0.033,0.010046616794857,-0.0118029827438073));
#5663=CARTESIAN_POINT('',(0.0273661126408259,0.0131246929197179,-0.00872490661894644));
#5664=CARTESIAN_POINT('',(0.0285817411439757,0.0124605339059327,-0.00938906563273158));
#5665=CARTESIAN_POINT('',(0.0260706090687494,0.00786433982822018,-0.0139852597104441));
#5666=CARTESIAN_POINT('',(0.0247392298949256,0.0139855339059327,-0.00786406563273158));
#5667=CARTESIAN_POINT('',(-0.035,0.0139855339059327,-0.00786406563273158));
#5668=CARTESIAN_POINT('',(-0.0204474928096119,-0.00288396192802268,0.0247949202517762));
#5669=CARTESIAN_POINT('',(0.00635226968778599,0.004,-0.01695));
#5670=CARTESIAN_POINT('',(0.00635226968778599,0.0025,-0.01695));
#5671=CARTESIAN_POINT('',(0.00583202750527626,0.0027377338270812,-0.0161396395192835));
#5672=CARTESIAN_POINT('',(0.00583202750527626,0.00639959953866432,-0.0161396395192835));
#5673=CARTESIAN_POINT('',(0.00583202750527626,0.00369685604417987,-0.0161396395192835));
#5674=CARTESIAN_POINT('',(-0.0204474928096119,0.00369685604417988,0.0247949202517762));
#5675=CARTESIAN_POINT('',(0.0229566477120397,0.00369685604417986,-0.0428139768363663));
#5676=CARTESIAN_POINT('',(0.0229566477120397,0.00369685604417986,-0.0428139768363663));
#5677=CARTESIAN_POINT('',(0.0231326508575989,0.00534136406691917,-0.0430881299105267));
#5678=CARTESIAN_POINT('',(0.0233255035005973,0.00698098874814583,-0.0433885287742515));
#5679=CARTESIAN_POINT('',(0.0235568230357218,0.00859635098078096,-0.0437488459803233));
#5680=CARTESIAN_POINT('',(0.0235568230357219,0.00859635098078024,-0.0437488459803258));
#5681=CARTESIAN_POINT('',(-0.0204474928096119,0.00859635098079154,0.0247949202517762));
#5682=CARTESIAN_POINT('',(0.0246070980291731,0.00859635098079153,-0.0453848174128431));
#5683=CARTESIAN_POINT('',(0.024607098029173,0.00859635098079152,-0.0453848174128431));
#5684=CARTESIAN_POINT('',(0.0250813505559945,0.00838176545381775,-0.0461235416427048));
#5685=CARTESIAN_POINT('',(0.0255845364467825,0.00838220308302519,-0.0469073342186577));
#5686=CARTESIAN_POINT('',(0.0260578217753014,0.00859635098079152,-0.047644551882332));
#5687=CARTESIAN_POINT('',(0.0260578217753014,0.00859635098079153,-0.047644551882332));
#5688=CARTESIAN_POINT('',(-0.0204474928096119,0.00859635098079154,0.0247949202517762));
#5689=CARTESIAN_POINT('',(0.0271080967687512,0.00859635098079154,-0.0492805233148494));
#5690=CARTESIAN_POINT('',(0.0271080967687525,0.00859635098079237,-0.0492805233148515));
#5691=CARTESIAN_POINT('',(0.0273396799712851,0.00697914749263014,-0.0496412512251199));
#5692=CARTESIAN_POINT('',(0.0275324073233758,0.00534007112829529,-0.049941454928199));
#5693=CARTESIAN_POINT('',(0.0277082720924346,0.00369685604418027,-0.0502153924588086));
#5694=CARTESIAN_POINT('',(0.0277082720924347,0.00369685604417986,-0.0502153924588086));
#5695=CARTESIAN_POINT('',(-0.0204474928096119,0.00369685604417988,0.0247949202517762));
#5696=CARTESIAN_POINT('',(0.0296543824660584,0.00369685604417986,-0.05324677090315));
#5697=CARTESIAN_POINT('',(0.0296543824660584,-0.00288396192802268,-0.05324677090315));
#5698=CARTESIAN_POINT('',(0.0296543824660584,0.001,-0.05324677090315));
#5699=CARTESIAN_POINT('',(0.0258263549301587,0.00100000000000002,-0.0472840052173251));
#5700=CARTESIAN_POINT('',(0.0209178467533035,0.000999999999999981,-0.0396382179676096));
#5701=CARTESIAN_POINT('',(0.019389816376983,3.384761778311E-18,-0.0372580660461891));
#5702=CARTESIAN_POINT('',(0.0209178467533035,-0.000999999999999985,-0.0396382179676096));
#5703=CARTESIAN_POINT('',(0.0258263549301587,-0.000999999999999982,-0.0472840052173251));
#5704=CARTESIAN_POINT('',(0.0296543824660584,-0.00099999999999998,-0.05324677090315));
#5705=CARTESIAN_POINT('',(0.0296543824660584,-0.00288396192802268,-0.05324677090315));
#5706=CARTESIAN_POINT('',(0.0296543824660584,-0.00369685604417989,-0.05324677090315));
#5707=CARTESIAN_POINT('',(-0.0204474928096119,-0.00369685604417989,0.0247949202517762));
#5708=CARTESIAN_POINT('',(0.0277082720924347,-0.00369685604417989,-0.0502153924588087));
#5709=CARTESIAN_POINT('',(0.0277082720924347,-0.00369685604417988,-0.0502153924588087));
#5710=CARTESIAN_POINT('',(0.0275322689468755,-0.00534136406691918,-0.0499412393846484));
#5711=CARTESIAN_POINT('',(0.0273394163038771,-0.00698098874814586,-0.0496408405209235));
#5712=CARTESIAN_POINT('',(0.0271080967687527,-0.00859635098078098,-0.0492805233148518));
#5713=CARTESIAN_POINT('',(0.0271080967687505,-0.00859635098078026,-0.0492805233148506));
#5714=CARTESIAN_POINT('',(-0.0204474928096119,-0.00859635098079155,0.0247949202517762));
#5715=CARTESIAN_POINT('',(0.0260578217753014,-0.00859635098079153,-0.047644551882332));
#5716=CARTESIAN_POINT('',(0.024607098029173,-0.00859635098079154,-0.0453848174128431));
#5717=CARTESIAN_POINT('',(0.0250813505559945,-0.00838176545381777,-0.0461235416427048));
#5718=CARTESIAN_POINT('',(0.0255845364467825,-0.00838220308302521,-0.0469073342186577));
#5719=CARTESIAN_POINT('',(0.0260578217753014,-0.00859635098079154,-0.047644551882332));
#5720=CARTESIAN_POINT('',(0.0246070980291731,-0.00859635098079153,-0.0453848174128431));
#5721=CARTESIAN_POINT('',(-0.0204474928096119,-0.00859635098079155,0.0247949202517762));
#5722=CARTESIAN_POINT('',(0.0235568230357233,-0.00859635098079155,-0.0437488459803256));
#5723=CARTESIAN_POINT('',(0.023556823035722,-0.00859635098079237,-0.0437488459803236));
#5724=CARTESIAN_POINT('',(0.0233252398331893,-0.00697914749263015,-0.0433881180700552));
#5725=CARTESIAN_POINT('',(0.0231325124810986,-0.00534007112829531,-0.043087914366976));
#5726=CARTESIAN_POINT('',(0.0229566477120398,-0.00369685604418028,-0.0428139768363664));
#5727=CARTESIAN_POINT('',(0.0229566477120398,-0.00369685604417989,-0.0428139768363665));
#5728=CARTESIAN_POINT('',(-0.0204474928096119,-0.00369685604417989,0.0247949202517762));
#5729=CARTESIAN_POINT('',(0.00583202750527627,-0.00369685604417989,-0.0161396395192836));
#5730=CARTESIAN_POINT('',(0.00583202750527626,-0.00369685604417989,-0.0161396395192835));
#5731=CARTESIAN_POINT('',(0.00583202750527626,-0.0027377338270812,-0.0161396395192835));
#5732=CARTESIAN_POINT('',(0.00635226968778599,-0.004,-0.01695));
#5733=CARTESIAN_POINT('',(0.00635226968778599,-0.0025,-0.01695));
#5734=CARTESIAN_POINT('',(0.00927178834553175,-0.0025,-0.021497617672097));
#5735=CARTESIAN_POINT('',(0.0121301669989281,-0.0025,-0.02595));
#5736=CARTESIAN_POINT('',(0.0121301669989281,-0.001,-0.02595));
#5737=CARTESIAN_POINT('',(0.0130931498841185,-0.001,-0.02745));
#5738=CARTESIAN_POINT('',(0.0130931498841185,0.,-0.02745));
#5739=CARTESIAN_POINT('',(0.0130931498841185,0.001,-0.02745));
#5740=CARTESIAN_POINT('',(0.0121301669989281,0.001,-0.02595));
#5741=CARTESIAN_POINT('',(0.0121301669989281,0.0025,-0.02595));
#5742=CARTESIAN_POINT('',(0.00927178834553175,0.0025,-0.021497617672097));
#5743=CARTESIAN_POINT('',(-0.035,-8.67361737988404E-19,-0.01545));
#5744=CARTESIAN_POINT('',(-0.00538928680259564,0.004,-0.01545));
#5745=CARTESIAN_POINT('',(0.00457816620499879,0.004,-0.01545));
#5746=CARTESIAN_POINT('',(-0.00457816620499878,0.004,-0.01545));
#5747=CARTESIAN_POINT('',(-0.0122939642058783,0.00369685604417987,-0.01545));
#5748=CARTESIAN_POINT('',(-0.00526916457652163,0.00639959953866432,-0.01545));
#5749=CARTESIAN_POINT('',(-0.035,0.00639959953866432,-0.01545));
#5750=CARTESIAN_POINT('',(0.00526916457652218,0.00639959953866432,-0.01545));
#5751=CARTESIAN_POINT('',(0.0122939642058783,0.00369685604417987,-0.01545));
#5752=CARTESIAN_POINT('',(-0.0275745177036703,0.0112606754903958,-0.0450753091206625));
#5753=CARTESIAN_POINT('',(-0.0275745177036703,0.0112606754903958,-0.0450753091206625));
#5754=CARTESIAN_POINT('',(-0.0271080967687512,0.00859635098079154,-0.0492805233148494));
#5755=CARTESIAN_POINT('',(-0.0315922123716173,0.013925,-0.0464017722609993));
#5756=CARTESIAN_POINT('',(-0.0277082720924347,0.00369685604417986,-0.0502153924588087));
#5757=CARTESIAN_POINT('',(-0.0275322689468751,0.00534136406692276,-0.0499412393846477));
#5758=CARTESIAN_POINT('',(-0.0273394163038763,0.00698098874815301,-0.0496408405209222));
#5759=CARTESIAN_POINT('',(-0.0271080967687512,0.00859635098079156,-0.0492805233148495));
#5760=CARTESIAN_POINT('',(-0.0277082720924347,0.00369685604417987,-0.0502153924588087));
#5761=CARTESIAN_POINT('',(-0.0277082720924347,0.00369685604417987,-0.0502153924588087));
#5762=CARTESIAN_POINT('',(-0.0276699825117462,0.00405461966499233,-0.0501557503074101));
#5763=CARTESIAN_POINT('',(-0.0277723741012575,0.0047848863088554,-0.0501638965512237));
#5764=CARTESIAN_POINT('',(-0.028450006952646,0.00604550820076892,-0.0504347244616202));
#5765=CARTESIAN_POINT('',(-0.0292054427069908,0.00679897512420236,-0.0506389705179245));
#5766=CARTESIAN_POINT('',(-0.029776108687524,0.00723238995011292,-0.0507256111254899));
#5767=CARTESIAN_POINT('',(-0.0297761086875242,0.0072323899501126,-0.0507256111254901));
#5768=CARTESIAN_POINT('',(-0.0287645936643805,0.00984646192802267,-0.0443112939325022));
#5769=CARTESIAN_POINT('',(-0.034175648195909,0.0124605339059327,-0.0479011569592945));
#5770=CARTESIAN_POINT('',(-0.034175648195909,0.0124605339059327,-0.0479011569592945));
#5771=CARTESIAN_POINT('',(-0.0343345653156951,0.0128943216076874,-0.0473457425989711));
#5772=CARTESIAN_POINT('',(-0.0346523314189684,0.0134163661243425,-0.046457338657295));
#5773=CARTESIAN_POINT('',(-0.0353939874340597,0.013843361071926,-0.045270666342441));
#5774=CARTESIAN_POINT('',(-0.0359764151974065,0.013925,-0.044823214875293));
#5775=CARTESIAN_POINT('',(-0.0363153655105461,0.013925,-0.0446897366902248));
#5776=CARTESIAN_POINT('',(-0.036315365510546,0.013925,-0.0446897366902248));
#5777=CARTESIAN_POINT('',(-0.031592212371618,0.013925,-0.0464017722610018));
#5778=CARTESIAN_POINT('',(-0.0331846897460387,0.013925,-0.0458888216405478));
#5779=CARTESIAN_POINT('',(-0.0347567175311489,0.013925,-0.0453035302032714));
#5780=CARTESIAN_POINT('',(-0.0363153655105457,0.013925,-0.044689736690225));
#5781=CARTESIAN_POINT('',(-0.0275745177036703,-0.0112606754903958,-0.0450753091206625));
#5782=CARTESIAN_POINT('',(-0.0275745177036703,-0.0112606754903958,-0.0450753091206625));
#5783=CARTESIAN_POINT('',(-0.0315922123716173,-0.013925,-0.0464017722609993));
#5784=CARTESIAN_POINT('',(-0.0271080967687506,-0.00859635098078169,-0.0492805233148505));
#5785=CARTESIAN_POINT('',(-0.0363153655105461,-0.013925,-0.0446897366902249));
#5786=CARTESIAN_POINT('',(-0.0347554911328528,-0.013925,-0.0453040131572986));
#5787=CARTESIAN_POINT('',(-0.0331828766422551,-0.013925,-0.045889405656824));
#5788=CARTESIAN_POINT('',(-0.0315922123716174,-0.013925,-0.0464017722609993));
#5789=CARTESIAN_POINT('',(-0.0363153655105461,-0.013925,-0.0446897366902249));
#5790=CARTESIAN_POINT('',(-0.0363153655105461,-0.013925,-0.0446897366902249));
#5791=CARTESIAN_POINT('',(-0.0359760139855561,-0.013925,-0.0448233728719892));
#5792=CARTESIAN_POINT('',(-0.0353950741293189,-0.0138432373028143,-0.0452702101072483));
#5793=CARTESIAN_POINT('',(-0.0346551441286279,-0.0134193141092774,-0.0464510971944675));
#5794=CARTESIAN_POINT('',(-0.0343344287134928,-0.0128939487318435,-0.0473462200228296));
#5795=CARTESIAN_POINT('',(-0.0341756481959086,-0.0124605339059329,-0.0479011569592944));
#5796=CARTESIAN_POINT('',(-0.034175648195909,-0.0124605339059327,-0.0479011569592945));
#5797=CARTESIAN_POINT('',(-0.0287645936643805,-0.00984646192802268,-0.0443112939325022));
#5798=CARTESIAN_POINT('',(-0.0297761086875242,-0.00723238995011261,-0.0507256111254901));
#5799=CARTESIAN_POINT('',(-0.0297761086875242,-0.00723238995011261,-0.0507256111254901));
#5800=CARTESIAN_POINT('',(-0.0292049517511066,-0.00679860224835799,-0.0506388959791971));
#5801=CARTESIAN_POINT('',(-0.0284545042791147,-0.00605124701615198,-0.0504362729646599));
#5802=CARTESIAN_POINT('',(-0.0277721601985234,-0.00478604725127939,-0.0501637924635738));
#5803=CARTESIAN_POINT('',(-0.0276700277811273,-0.00405419668470858,-0.050155820821718));
#5804=CARTESIAN_POINT('',(-0.0277082720924347,-0.00369685604417988,-0.0502153924588087));
#5805=CARTESIAN_POINT('',(-0.0277082720924347,-0.00369685604417988,-0.0502153924588086));
#5806=CARTESIAN_POINT('',(-0.0271080967687538,-0.00859635098078314,-0.0492805233148536));
#5807=CARTESIAN_POINT('',(-0.0273396799712858,-0.00697914749262391,-0.049641251225121));
#5808=CARTESIAN_POINT('',(-0.0275324073233762,-0.00534007112829218,-0.0499414549281996));
#5809=CARTESIAN_POINT('',(-0.0277082720924347,-0.00369685604418028,-0.0502153924588086));
#5810=CARTESIAN_POINT('',(0.0275745177036703,-0.0112606754903958,-0.0450753091206625));
#5811=CARTESIAN_POINT('',(0.0275745177036703,-0.0112606754903958,-0.0450753091206625));
#5812=CARTESIAN_POINT('',(0.0280409386385895,-0.013925,-0.0408700949264756));
#5813=CARTESIAN_POINT('',(0.0315637411301511,-0.013925,-0.0372883210677825));
#5814=CARTESIAN_POINT('',(0.0303558730435769,-0.013925,-0.0384509036831782));
#5815=CARTESIAN_POINT('',(0.0291689638389769,-0.013925,-0.0396370939101546));
#5816=CARTESIAN_POINT('',(0.0280409386385895,-0.013925,-0.0408700949264755));
#5817=CARTESIAN_POINT('',(0.031563741130151,-0.013925,-0.0372883210677825));
#5818=CARTESIAN_POINT('',(0.031563741130151,-0.013925,-0.0372883210677825));
#5819=CARTESIAN_POINT('',(0.0313009687665381,-0.013925,-0.0375412415523441));
#5820=CARTESIAN_POINT('',(0.0306528541137638,-0.0138432373028143,-0.0378834432885145));
#5821=CARTESIAN_POINT('',(0.0292711302864517,-0.0134193141092774,-0.0380646337510722));
#5822=CARTESIAN_POINT('',(0.02832374462177,-0.0128939487318435,-0.0379836173470801));
#5823=CARTESIAN_POINT('',(0.0277530786412368,-0.0124605339059329,-0.0378969767395147));
#5824=CARTESIAN_POINT('',(0.0277530786412369,-0.0124605339059327,-0.0378969767395143));
#5825=CARTESIAN_POINT('',(0.0287645936643805,-0.00984646192802268,-0.0443112939325022));
#5826=CARTESIAN_POINT('',(0.0233535391328521,-0.00723238995011262,-0.0407214309057099));
#5827=CARTESIAN_POINT('',(0.0233535391328521,-0.00723238995011261,-0.0407214309057099));
#5828=CARTESIAN_POINT('',(0.023194622013066,-0.00679860224835799,-0.0412768452660332));
#5829=CARTESIAN_POINT('',(0.0230664573062166,-0.006051247016152,-0.0420435272745331));
#5830=CARTESIAN_POINT('',(0.0230301596823526,-0.00478604725127941,-0.0427773675502689));
#5831=CARTESIAN_POINT('',(0.0229948920233471,-0.00405419668470857,-0.042873548473457));
#5832=CARTESIAN_POINT('',(0.0229566477120397,-0.00369685604417988,-0.0428139768363663));
#5833=CARTESIAN_POINT('',(0.0275745177036703,0.0112606754903958,-0.0450753091206625));
#5834=CARTESIAN_POINT('',(0.0275745177036703,0.0112606754903958,-0.0450753091206625));
#5835=CARTESIAN_POINT('',(0.0280409386385986,0.0139250000000012,-0.0408700949264689));
#5836=CARTESIAN_POINT('',(0.0229566477120397,0.00369685604417986,-0.0428139768363663));
#5837=CARTESIAN_POINT('',(0.0229949372927282,0.00405461966499232,-0.042873618987765));
#5838=CARTESIAN_POINT('',(0.0230301540857024,0.00478488630885541,-0.0427771297324899));
#5839=CARTESIAN_POINT('',(0.0230659931104698,0.00604550820076891,-0.0420482610182248));
#5840=CARTESIAN_POINT('',(0.0231947586152679,0.00679897512420235,-0.041276367842175));
#5841=CARTESIAN_POINT('',(0.0233535391328521,0.00723238995011292,-0.0407214309057102));
#5842=CARTESIAN_POINT('',(0.0233535391328521,0.0072323899501126,-0.0407214309057099));
#5843=CARTESIAN_POINT('',(0.0287645936643805,0.00984646192802267,-0.0443112939325022));
#5844=CARTESIAN_POINT('',(0.0277530786412369,0.0124605339059327,-0.0378969767395143));
#5845=CARTESIAN_POINT('',(0.0277530786412369,0.0124605339059327,-0.0378969767395143));
#5846=CARTESIAN_POINT('',(0.0283242355776545,0.0128943216076874,-0.0379836918858073));
#5847=CARTESIAN_POINT('',(0.0292642844460703,0.0134163661243425,-0.0380645929671682));
#5848=CARTESIAN_POINT('',(0.0306519869178889,0.013843361071926,-0.0378842414291362));
#5849=CARTESIAN_POINT('',(0.0313012794396264,0.013925,-0.0375409425270321));
#5850=CARTESIAN_POINT('',(0.0315637411301511,0.013925,-0.0372883210677825));
#5851=CARTESIAN_POINT('',(0.0315637411301512,0.013925,-0.0372883210677826));
#5852=CARTESIAN_POINT('',(0.0280409386385949,0.013925,-0.0408700949264659));
#5853=CARTESIAN_POINT('',(0.0291702496079482,0.013925,-0.0396356884854781));
#5854=CARTESIAN_POINT('',(0.0303568226888743,0.013925,-0.0384499896420458));
#5855=CARTESIAN_POINT('',(0.0315637411301508,0.013925,-0.0372883210677828));
#5856=CARTESIAN_POINT('',(-0.0275745177036703,0.0112606754903958,-0.0450753091206625));
#5857=CARTESIAN_POINT('',(-0.0235568230357205,0.00859635098078247,-0.0437488459803214));
#5858=CARTESIAN_POINT('',(-0.0233252398331886,0.00697914749262344,-0.043388118070054));
#5859=CARTESIAN_POINT('',(-0.0231325124810983,0.00534007112829195,-0.0430879143669755));
#5860=CARTESIAN_POINT('',(-0.0229566477120398,0.00369685604418027,-0.0428139768363665));
#5861=CARTESIAN_POINT('',(-0.023556823035722,0.00859635098078098,-0.0437488459803258));
#5862=CARTESIAN_POINT('',(-0.0229566477120398,0.00369685604417987,-0.0428139768363665));
#5863=CARTESIAN_POINT('',(-0.0275745177036703,0.0112606754903958,-0.0450753091206625));
#5864=CARTESIAN_POINT('',(-0.0280409386385986,0.0139250000000012,-0.0408700949264689));
#5865=CARTESIAN_POINT('',(-0.0315637411301511,0.013925,-0.0372883210677825));
#5866=CARTESIAN_POINT('',(-0.0303558730435796,0.013925,-0.0384509036831757));
#5867=CARTESIAN_POINT('',(-0.0291689638389822,0.013925,-0.0396370939101495));
#5868=CARTESIAN_POINT('',(-0.0280409386385969,0.013925,-0.0408700949264675));
#5869=CARTESIAN_POINT('',(-0.0315637411301511,0.013925,-0.0372883210677825));
#5870=CARTESIAN_POINT('',(-0.0315637411301511,0.013925,-0.0372883210677825));
#5871=CARTESIAN_POINT('',(-0.0313009687665382,0.013925,-0.0375412415523441));
#5872=CARTESIAN_POINT('',(-0.0306528541137638,0.0138432373028143,-0.0378834432885146));
#5873=CARTESIAN_POINT('',(-0.0292711302864517,0.0134193141092774,-0.0380646337510722));
#5874=CARTESIAN_POINT('',(-0.02832374462177,0.0128939487318435,-0.0379836173470801));
#5875=CARTESIAN_POINT('',(-0.0277530786412368,0.0124605339059329,-0.0378969767395147));
#5876=CARTESIAN_POINT('',(-0.0277530786412369,0.0124605339059327,-0.0378969767395143));
#5877=CARTESIAN_POINT('',(-0.0287645936643805,0.00984646192802267,-0.0443112939325022));
#5878=CARTESIAN_POINT('',(-0.0233535391328521,0.0072323899501126,-0.0407214309057099));
#5879=CARTESIAN_POINT('',(-0.0233535391328521,0.0072323899501126,-0.0407214309057099));
#5880=CARTESIAN_POINT('',(-0.023194622013066,0.00679860224835797,-0.0412768452660332));
#5881=CARTESIAN_POINT('',(-0.0230664573062166,0.00605124701615199,-0.0420435272745331));
#5882=CARTESIAN_POINT('',(-0.0230301596823526,0.0047860472512794,-0.042777367550269));
#5883=CARTESIAN_POINT('',(-0.0229948920233471,0.00405419668470855,-0.042873548473457));
#5884=CARTESIAN_POINT('',(-0.0229566477120397,0.00369685604417986,-0.0428139768363663));
#5885=CARTESIAN_POINT('',(-0.0275745177036703,-0.0112606754903958,-0.0450753091206625));
#5886=CARTESIAN_POINT('',(-0.0280409386385875,-0.013925,-0.0408700949264739));
#5887=CARTESIAN_POINT('',(-0.0291702496079429,-0.013925,-0.0396356884854832));
#5888=CARTESIAN_POINT('',(-0.0303568226888717,-0.013925,-0.0384499896420484));
#5889=CARTESIAN_POINT('',(-0.0315637411301508,-0.013925,-0.0372883210677828));
#5890=CARTESIAN_POINT('',(-0.0280409386385895,-0.013925,-0.0408700949264756));
#5891=CARTESIAN_POINT('',(-0.0315637411301511,-0.013925,-0.0372883210677825));
#5892=CARTESIAN_POINT('',(-0.0275745177036703,-0.0112606754903958,-0.0450753091206625));
#5893=CARTESIAN_POINT('',(-0.0235568230357233,-0.00859635098079154,-0.0437488459803256));
#5894=CARTESIAN_POINT('',(-0.0229566477120397,-0.00369685604417989,-0.0428139768363664));
#5895=CARTESIAN_POINT('',(-0.0231326508575993,-0.00534136406692278,-0.0430881299105273));
#5896=CARTESIAN_POINT('',(-0.0233255035005981,-0.006980988748153,-0.0433885287742529));
#5897=CARTESIAN_POINT('',(-0.0235568230357233,-0.00859635098079155,-0.0437488459803257));
#5898=CARTESIAN_POINT('',(-0.0229566477120397,-0.00369685604417988,-0.0428139768363663));
#5899=CARTESIAN_POINT('',(-0.0229566477120397,-0.00369685604417988,-0.0428139768363663));
#5900=CARTESIAN_POINT('',(-0.0229949372927282,-0.00405461966499234,-0.042873618987765));
#5901=CARTESIAN_POINT('',(-0.0230301540857024,-0.00478488630885542,-0.0427771297324899));
#5902=CARTESIAN_POINT('',(-0.0230659931104698,-0.00604550820076893,-0.0420482610182248));
#5903=CARTESIAN_POINT('',(-0.0231947586152679,-0.00679897512420236,-0.041276367842175));
#5904=CARTESIAN_POINT('',(-0.0233535391328521,-0.00723238995011293,-0.0407214309057102));
#5905=CARTESIAN_POINT('',(-0.0233535391328521,-0.00723238995011261,-0.0407214309057099));
#5906=CARTESIAN_POINT('',(-0.0287645936643805,-0.00984646192802268,-0.0443112939325022));
#5907=CARTESIAN_POINT('',(-0.0277530786412369,-0.0124605339059327,-0.0378969767395143));
#5908=CARTESIAN_POINT('',(-0.0277530786412369,-0.0124605339059327,-0.0378969767395143));
#5909=CARTESIAN_POINT('',(-0.0283242355776545,-0.0128943216076874,-0.0379836918858073));
#5910=CARTESIAN_POINT('',(-0.0292642844460703,-0.0134163661243425,-0.0380645929671682));
#5911=CARTESIAN_POINT('',(-0.0306519869178889,-0.013843361071926,-0.0378842414291362));
#5912=CARTESIAN_POINT('',(-0.0313012794396263,-0.013925,-0.0375409425270321));
#5913=CARTESIAN_POINT('',(-0.031563741130151,-0.013925,-0.0372883210677825));
#5914=CARTESIAN_POINT('',(0.0275745177036703,-0.0112606754903958,-0.0450753091206625));
#5915=CARTESIAN_POINT('',(0.0315922123716297,-0.013925,-0.0464017722609981));
#5916=CARTESIAN_POINT('',(0.0331846897460464,-0.013925,-0.045888821640545));
#5917=CARTESIAN_POINT('',(0.0347567175311527,-0.013925,-0.04530353020327));
#5918=CARTESIAN_POINT('',(0.0363153655105457,-0.013925,-0.044689736690225));
#5919=CARTESIAN_POINT('',(0.0315922123716284,-0.0139250000000014,-0.046401772260993));
#5920=CARTESIAN_POINT('',(0.0363153655105461,-0.013925,-0.0446897366902248));
#5921=CARTESIAN_POINT('',(0.0275745177036703,-0.0112606754903958,-0.0450753091206625));
#5922=CARTESIAN_POINT('',(0.0277082720924347,-0.00369685604417989,-0.0502153924588087));
#5923=CARTESIAN_POINT('',(0.0276699825117462,-0.00405461966499234,-0.0501557503074101));
#5924=CARTESIAN_POINT('',(0.0277723741012575,-0.0047848863088554,-0.0501638965512237));
#5925=CARTESIAN_POINT('',(0.028450006952646,-0.00604550820076891,-0.0504347244616202));
#5926=CARTESIAN_POINT('',(0.0292054427069907,-0.00679897512420238,-0.0506389705179245));
#5927=CARTESIAN_POINT('',(0.029776108687524,-0.00723238995011294,-0.0507256111254899));
#5928=CARTESIAN_POINT('',(0.0297761086875242,-0.00723238995011262,-0.0507256111254901));
#5929=CARTESIAN_POINT('',(0.0287645936643805,-0.00984646192802268,-0.0443112939325022));
#5930=CARTESIAN_POINT('',(0.034175648195909,-0.0124605339059327,-0.0479011569592945));
#5931=CARTESIAN_POINT('',(0.034175648195909,-0.0124605339059327,-0.0479011569592945));
#5932=CARTESIAN_POINT('',(0.0343345653156951,-0.0128943216076874,-0.0473457425989711));
#5933=CARTESIAN_POINT('',(0.0346523314189685,-0.0134163661243425,-0.046457338657295));
#5934=CARTESIAN_POINT('',(0.0353939874340597,-0.013843361071926,-0.045270666342441));
#5935=CARTESIAN_POINT('',(0.0359764151974066,-0.013925,-0.0448232148752931));
#5936=CARTESIAN_POINT('',(0.0363153655105461,-0.013925,-0.0446897366902249));
#5937=CARTESIAN_POINT('',(0.0275745177036703,0.0112606754903958,-0.0450753091206625));
#5938=CARTESIAN_POINT('',(0.0275745177036703,0.0112606754903958,-0.0450753091206625));
#5939=CARTESIAN_POINT('',(0.0315922123716272,0.0139250000000012,-0.0464017722609937));
#5940=CARTESIAN_POINT('',(0.0363153655105461,0.013925,-0.0446897366902248));
#5941=CARTESIAN_POINT('',(0.0347554911328562,0.013925,-0.0453040131572972));
#5942=CARTESIAN_POINT('',(0.0331828766422619,0.013925,-0.0458894056568213));
#5943=CARTESIAN_POINT('',(0.0315922123716278,0.013925,-0.0464017722609959));
#5944=CARTESIAN_POINT('',(0.0363153655105461,0.013925,-0.0446897366902248));
#5945=CARTESIAN_POINT('',(0.0363153655105461,0.013925,-0.0446897366902248));
#5946=CARTESIAN_POINT('',(0.035976013985556,0.013925,-0.0448233728719891));
#5947=CARTESIAN_POINT('',(0.0353950741293188,0.0138432373028143,-0.0452702101072482));
#5948=CARTESIAN_POINT('',(0.0346551441286279,0.0134193141092774,-0.0464510971944675));
#5949=CARTESIAN_POINT('',(0.0343344287134928,0.0128939487318435,-0.0473462200228296));
#5950=CARTESIAN_POINT('',(0.0341756481959086,0.0124605339059329,-0.0479011569592944));
#5951=CARTESIAN_POINT('',(0.034175648195909,0.0124605339059327,-0.0479011569592945));
#5952=CARTESIAN_POINT('',(0.0287645936643805,0.00984646192802267,-0.0443112939325022));
#5953=CARTESIAN_POINT('',(0.0297761086875242,0.0072323899501126,-0.0507256111254901));
#5954=CARTESIAN_POINT('',(0.0297761086875242,0.0072323899501126,-0.0507256111254901));
#5955=CARTESIAN_POINT('',(0.0292049517511066,0.00679860224835798,-0.0506388959791971));
#5956=CARTESIAN_POINT('',(0.0284545042791147,0.00605124701615196,-0.0504362729646599));
#5957=CARTESIAN_POINT('',(0.0277721601985234,0.00478604725127938,-0.0501637924635739));
#5958=CARTESIAN_POINT('',(0.0276700277811273,0.00405419668470856,-0.050155820821718));
#5959=CARTESIAN_POINT('',(0.0277082720924347,0.00369685604417986,-0.0502153924588087));
#5960=CARTESIAN_POINT('',(-0.00872945517102344,0.013925,0.0323177667144275));
#5961=CARTESIAN_POINT('',(-0.0118403993915005,0.013925,0.03032057602036));
#5962=CARTESIAN_POINT('',(0.0130895154363802,0.013925,-0.00851175715701415));
#5963=CARTESIAN_POINT('',(0.0214988026615455,0.013925,-0.00851175715701415));
#5964=CARTESIAN_POINT('',(0.0218757511531322,0.013925,-0.00851175715701415));
#5965=CARTESIAN_POINT('',(-0.00561851095054639,0.013925,0.0343149574084951));
#5966=CARTESIAN_POINT('',(0.0444833643251239,0.013925,-0.0437267337464311));
#5967=CARTESIAN_POINT('',(0.0413724201046469,0.013925,-0.0457239244404986));
#5968=CARTESIAN_POINT('',(0.0382614758841698,0.013925,-0.0477211151345661));
#5969=CARTESIAN_POINT('',(-0.0118403993915005,0.013925,0.03032057602036));
#5970=CARTESIAN_POINT('',(-0.0159633772067456,0.013925,0.0276736713056263));
#5971=CARTESIAN_POINT('',(0.0305419373781676,0.013925,-0.0447658008284818));
#5972=CARTESIAN_POINT('',(0.0290912136320392,0.013925,-0.042506066358993));
#5973=CARTESIAN_POINT('',(0.0297456665509601,0.013925,-0.0431285055677044));
#5974=CARTESIAN_POINT('',(0.0302464527781939,0.013925,-0.0439058869224854));
#5975=CARTESIAN_POINT('',(0.0305419373781676,0.013925,-0.0447658008284818));
#5976=CARTESIAN_POINT('',(0.0290912136320392,0.013925,-0.0425060663589929));
#5977=CARTESIAN_POINT('',(-0.0159633772067456,0.013925,0.0276736713056263));
#5978=CARTESIAN_POINT('',(0.0275745177036703,0.0112606754903958,-0.0450753091206625));
#5979=CARTESIAN_POINT('',(0.0287645936643805,0.00984646192802267,-0.0443112939325022));
#5980=CARTESIAN_POINT('',(0.0272343231370913,0.00855872278001564,-0.0443112939325022));
#5981=CARTESIAN_POINT('',(0.0275745177036703,0.0112606754903958,-0.0450753091206625));
#5982=CARTESIAN_POINT('',(0.0275745177036703,0.0112606754903958,-0.0450753091206625));
#5983=CARTESIAN_POINT('',(0.0275745177036703,-0.0112606754903958,-0.0450753091206625));
#5984=CARTESIAN_POINT('',(0.0287645936643805,-0.00984646192802268,-0.0443112939325022));
#5985=CARTESIAN_POINT('',(0.0302948641916698,-0.0111342010760297,-0.0443112939325022));
#5986=CARTESIAN_POINT('',(0.0275745177036703,-0.0112606754903958,-0.0450753091206625));
#5987=CARTESIAN_POINT('',(0.0290912136320392,-0.013925,-0.0425060663589929));
#5988=CARTESIAN_POINT('',(0.0275745177036703,-0.0112606754903958,-0.0450753091206625));
#5989=CARTESIAN_POINT('',(0.0305419373781676,-0.013925,-0.0447658008284819));
#5990=CARTESIAN_POINT('',(0.0290912136320392,-0.013925,-0.042506066358993));
#5991=CARTESIAN_POINT('',(0.0297456665509601,-0.013925,-0.0431285055677044));
#5992=CARTESIAN_POINT('',(0.0302464527781939,-0.013925,-0.0439058869224854));
#5993=CARTESIAN_POINT('',(0.0305419373781676,-0.013925,-0.0447658008284819));
#5994=CARTESIAN_POINT('',(-0.0287645936643805,-0.00984646192802268,-0.0443112939325022));
#5995=CARTESIAN_POINT('',(-0.0287645936643805,-0.00984646192802268,-0.0443112939325022));
#5996=CARTESIAN_POINT('',(-0.0272343231370913,-0.00855872278001565,-0.0443112939325022));
#5997=CARTESIAN_POINT('',(-0.024607098029173,-0.00859635098079153,-0.0453848174128431));
#5998=CARTESIAN_POINT('',(-0.0250813505559945,-0.00838176545381776,-0.0461235416427048));
#5999=CARTESIAN_POINT('',(-0.0255845364467825,-0.0083822030830252,-0.0469073342186577));
#6000=CARTESIAN_POINT('',(-0.0260578217753014,-0.00859635098079154,-0.047644551882332));
#6001=CARTESIAN_POINT('',(-0.0246070980291731,-0.00859635098079153,-0.0453848174128431));
#6002=CARTESIAN_POINT('',(-0.0260578217753014,-0.00859635098079153,-0.047644551882332));
#6003=CARTESIAN_POINT('',(-0.0275745177036703,-0.0112606754903958,-0.0450753091206625));
#6004=CARTESIAN_POINT('',(-0.0290912136320392,-0.013925,-0.0425060663589929));
#6005=CARTESIAN_POINT('',(-0.0290912136320392,-0.013925,-0.0425060663589929));
#6006=CARTESIAN_POINT('',(-0.0297456665509601,-0.013925,-0.0431285055677044));
#6007=CARTESIAN_POINT('',(-0.0302464527781939,-0.013925,-0.0439058869224854));
#6008=CARTESIAN_POINT('',(-0.0305419373781676,-0.013925,-0.0447658008284819));
#6009=CARTESIAN_POINT('',(-0.0305419373781676,-0.013925,-0.0447658008284819));
#6010=CARTESIAN_POINT('',(-0.0275745177036703,-0.0112606754903958,-0.0450753091206625));
#6011=CARTESIAN_POINT('',(-0.0287645936643805,0.00984646192802267,-0.0443112939325022));
#6012=CARTESIAN_POINT('',(-0.0287645936643805,0.00984646192802267,-0.0443112939325022));
#6013=CARTESIAN_POINT('',(-0.0302948641916698,0.0111342010760297,-0.0443112939325022));
#6014=CARTESIAN_POINT('',(-0.0290912136320392,0.013925,-0.042506066358993));
#6015=CARTESIAN_POINT('',(-0.0297456665509601,0.013925,-0.0431285055677044));
#6016=CARTESIAN_POINT('',(-0.0302464527781939,0.013925,-0.0439058869224854));
#6017=CARTESIAN_POINT('',(-0.0305419373781676,0.013925,-0.0447658008284818));
#6018=CARTESIAN_POINT('',(-0.0290912136320392,0.013925,-0.0425060663589929));
#6019=CARTESIAN_POINT('',(-0.0305419373781676,0.013925,-0.0447658008284818));
#6020=CARTESIAN_POINT('',(-0.0275745177036703,0.0112606754903958,-0.0450753091206625));
#6021=CARTESIAN_POINT('',(-0.0246070980291731,0.00859635098079153,-0.0453848174128431));
#6022=CARTESIAN_POINT('',(-0.024607098029173,0.00859635098079152,-0.0453848174128431));
#6023=CARTESIAN_POINT('',(-0.0250813505559945,0.00838176545381775,-0.0461235416427048));
#6024=CARTESIAN_POINT('',(-0.0255845364467825,0.00838220308302519,-0.0469073342186577));
#6025=CARTESIAN_POINT('',(-0.0260578217753014,0.00859635098079153,-0.047644551882332));
#6026=CARTESIAN_POINT('',(-0.0260578217753014,0.00859635098079153,-0.047644551882332));
#6027=CARTESIAN_POINT('',(-0.0275745177036703,0.0112606754903958,-0.0450753091206625));
#6028=CARTESIAN_POINT('',(0.0204474928096119,-0.00288396192802268,0.0247949202517762));
#6029=CARTESIAN_POINT('',(0.0204474928096119,0.00369685604417988,0.0247949202517762));
#6030=CARTESIAN_POINT('',(-0.00583202750527626,0.00369685604417987,-0.0161396395192835));
#6031=CARTESIAN_POINT('',(-0.00583202750527625,-0.00288396192802268,-0.0161396395192835));
#6032=CARTESIAN_POINT('',(-0.00583202750527625,0.00273773382708121,-0.0161396395192835));
#6033=CARTESIAN_POINT('',(-0.00635226968778599,0.004,-0.01695));
#6034=CARTESIAN_POINT('',(-0.00635226968778599,0.0025,-0.01695));
#6035=CARTESIAN_POINT('',(-0.00927178834553175,0.0025,-0.021497617672097));
#6036=CARTESIAN_POINT('',(-0.0121301669989281,0.0025,-0.02595));
#6037=CARTESIAN_POINT('',(-0.0121301669989281,0.001,-0.02595));
#6038=CARTESIAN_POINT('',(-0.0130931498841185,0.001,-0.02745));
#6039=CARTESIAN_POINT('',(-0.0130931498841185,0.,-0.02745));
#6040=CARTESIAN_POINT('',(-0.0130931498841185,-0.001,-0.02745));
#6041=CARTESIAN_POINT('',(-0.0121301669989281,-0.001,-0.02595));
#6042=CARTESIAN_POINT('',(-0.0121301669989281,-0.0025,-0.02595));
#6043=CARTESIAN_POINT('',(-0.00927178834553175,-0.0025,-0.021497617672097));
#6044=CARTESIAN_POINT('',(-0.00635226968778599,-0.0025,-0.01695));
#6045=CARTESIAN_POINT('',(-0.00635226968778599,-0.004,-0.01695));
#6046=CARTESIAN_POINT('',(-0.00583202750527625,-0.00273773382708121,-0.0161396395192835));
#6047=CARTESIAN_POINT('',(-0.00583202750527625,-0.00288396192802268,-0.0161396395192835));
#6048=CARTESIAN_POINT('',(-0.00583202750527626,-0.00369685604417988,-0.0161396395192835));
#6049=CARTESIAN_POINT('',(0.0204474928096119,-0.00369685604417989,0.0247949202517762));
#6050=CARTESIAN_POINT('',(0.0204474928096119,-0.00859635098079155,0.0247949202517762));
#6051=CARTESIAN_POINT('',(0.0204474928096119,-0.00859635098079155,0.0247949202517762));
#6052=CARTESIAN_POINT('',(0.0204474928096119,-0.00369685604417989,0.0247949202517762));
#6053=CARTESIAN_POINT('',(-0.0296543824660584,-0.00369685604417988,-0.05324677090315));
#6054=CARTESIAN_POINT('',(-0.0296543824660584,-0.00099999999999998,-0.05324677090315));
#6055=CARTESIAN_POINT('',(-0.0296543824660584,-0.00099999999999998,-0.05324677090315));
#6056=CARTESIAN_POINT('',(-0.0258263549301587,-0.000999999999999982,-0.0472840052173251));
#6057=CARTESIAN_POINT('',(-0.0209178467533035,-0.000999999999999985,-0.0396382179676096));
#6058=CARTESIAN_POINT('',(-0.019389816376983,3.384761778311E-18,-0.0372580660461891));
#6059=CARTESIAN_POINT('',(-0.0209178467533035,0.000999999999999981,-0.0396382179676096));
#6060=CARTESIAN_POINT('',(-0.0258263549301587,0.00100000000000002,-0.0472840052173251));
#6061=CARTESIAN_POINT('',(-0.0296543824660584,0.00100000000000002,-0.05324677090315));
#6062=CARTESIAN_POINT('',(-0.0296543824660584,0.00576792385604535,-0.05324677090315));
#6063=CARTESIAN_POINT('',(-0.0296543824660584,0.00369685604417987,-0.05324677090315));
#6064=CARTESIAN_POINT('',(0.0204474928096119,0.00369685604417988,0.0247949202517762));
#6065=CARTESIAN_POINT('',(0.0204474928096119,0.00859635098079154,0.0247949202517762));
#6066=CARTESIAN_POINT('',(0.0204474928096119,0.00859635098079154,0.0247949202517762));
#6067=CARTESIAN_POINT('',(0.0199496876270507,0.0116818764266068,-0.0324187609197769));
#6068=CARTESIAN_POINT('',(0.0192407973686766,-0.0108394745541847,-0.0328738603773052));
#6069=CARTESIAN_POINT('',(-0.0159633772067456,-0.013925,0.0276736713056263));
#6070=CARTESIAN_POINT('',(-0.0192407973686766,-0.0108394745541847,-0.0328738603773052));
#6071=CARTESIAN_POINT('',(0.0159633772067456,-0.013925,0.0276736713056263));
#6072=CARTESIAN_POINT('',(-0.0199496876270507,0.0116818764266068,-0.0324187609197769));
#6073=CARTESIAN_POINT('',(0.0159633772067456,0.013925,0.0276736713056263));
#6074=CARTESIAN_POINT('',(0.0170153590474685,0.00984646192802268,0.0269983109668616));
#6075=CARTESIAN_POINT('',(0.0192151288016609,0.00723238995011262,0.0255860838837637));
#6076=CARTESIAN_POINT('',(-0.0308867464740094,0.0072323899501126,-0.0524556072711624));
#6077=CARTESIAN_POINT('',(-0.0365186499903451,0.013925,-0.0488399894729793));
#6078=CARTESIAN_POINT('',(-0.0352862859823942,0.0124605339059327,-0.0496311531049668));
#6079=CARTESIAN_POINT('',(0.0148155892932761,0.0124605339059327,0.0284105380499593));
#6080=CARTESIAN_POINT('',(0.0170153590474685,-0.00984646192802268,0.0269983109668616));
#6081=CARTESIAN_POINT('',(0.0148155892932761,-0.0124605339059327,0.0284105380499593));
#6082=CARTESIAN_POINT('',(-0.0352862859823942,-0.0124605339059327,-0.0496311531049668));
#6083=CARTESIAN_POINT('',(-0.0296543824660584,-0.00576792385604536,-0.05324677090315));
#6084=CARTESIAN_POINT('',(-0.0308867464740094,-0.00723238995011261,-0.0524556072711624));
#6085=CARTESIAN_POINT('',(0.0192151288016609,-0.00723238995011262,0.0255860838837637));
#6086=CARTESIAN_POINT('',(-0.0170153590474685,-0.00984646192802268,0.0269983109668616));
#6087=CARTESIAN_POINT('',(-0.0148155892932761,-0.0124605339059327,0.0284105380499593));
#6088=CARTESIAN_POINT('',(0.00976438993550314,-0.0124605339059327,-0.00987671441339118));
#6089=CARTESIAN_POINT('',(0.00698324861983338,-0.00737013449187125,-0.0149671138274527));
#6090=CARTESIAN_POINT('',(0.00690799184626181,-0.00723238995011262,-0.0151048583692113));
#6091=CARTESIAN_POINT('',(-0.0192151288016609,-0.00723238995011262,0.0255860838837637));
#6092=CARTESIAN_POINT('',(-0.0170153590474685,0.00984646192802268,0.0269983109668616));
#6093=CARTESIAN_POINT('',(-0.0192151288016609,0.00723238995011261,0.0255860838837637));
#6094=CARTESIAN_POINT('',(0.00690799184626181,0.00723238995011261,-0.0151048583692113));
#6095=CARTESIAN_POINT('',(0.00983964670907471,0.0125982784476914,-0.00973896987163255));
#6096=CARTESIAN_POINT('',(0.00976438993550315,0.0124605339059327,-0.00987671441339118));
#6097=CARTESIAN_POINT('',(-0.0148155892932761,0.0124605339059327,0.0284105380499593));
#6098=CARTESIAN_POINT('',(0.0262456911312725,1.03128587113713E-18,-0.02216162254603));
#6099=CARTESIAN_POINT('',(0.0295674751771359,0.00417557907150223,-0.0440004149417274));
#6100=CARTESIAN_POINT('',(0.0287781226425483,0.0043785741775071,-0.0426012105876026));
#6101=CARTESIAN_POINT('',(0.0283405884535821,0.00503178610957287,-0.0412889528691436));
#6102=CARTESIAN_POINT('',(0.0283198840414721,0.0059269104093733,-0.0401854011820011));
#6103=CARTESIAN_POINT('',(0.0288166465410137,0.00692219189227455,-0.0394109901068025));
#6104=CARTESIAN_POINT('',(0.0297784006375198,0.00781360861178814,-0.0390731441271967));
#6105=CARTESIAN_POINT('',(0.0310217166769927,0.00846250811417219,-0.0392592087787676));
#6106=CARTESIAN_POINT('',(0.0323210699138123,0.00885690224175109,-0.0399387636141083));
#6107=CARTESIAN_POINT('',(0.0334291026812294,0.00900284602609812,-0.0410807336316458));
#6108=CARTESIAN_POINT('',(0.0341291295461271,0.008913980546619,-0.0425335737434871));
#6109=CARTESIAN_POINT('',(0.0343211426083712,0.00858183346575507,-0.0440208279783447));
#6110=CARTESIAN_POINT('',(0.0340688325823227,0.00799403580417471,-0.0453128737917219));
#6111=CARTESIAN_POINT('',(0.0334418506013471,0.00715625496135285,-0.0461822005399089));
#6112=CARTESIAN_POINT('',(0.0325611656956858,0.00616450424360761,-0.0464609022922906));
#6113=CARTESIAN_POINT('',(0.0315642994055162,0.00521555494674175,-0.0461132219462656));
#6114=CARTESIAN_POINT('',(0.0305446486893117,0.00448966911063679,-0.0452537858473926));
#6115=CARTESIAN_POINT('',(0.0295674751771359,0.00417557907150223,-0.0440004149417274));
#6116=CARTESIAN_POINT('',(0.0287781226425483,0.0043785741775071,-0.0426012105876026));
#6117=CARTESIAN_POINT('',(0.0283405884535821,0.00503178610957287,-0.0412889528691436));
#6118=CARTESIAN_POINT('',(0.028815903787672,0.00446857346925657,-0.0425692049992851));
#6119=CARTESIAN_POINT('',(0.0243263915125146,-0.000999999999999985,-0.0374499711232592));
#6120=CARTESIAN_POINT('',(0.0242557359804251,-0.00166792806806549,-0.0372147070362326));
#6121=CARTESIAN_POINT('',(0.0239746768067302,-0.00279761649250153,-0.0362871957725384));
#6122=CARTESIAN_POINT('',(0.0229085628284188,-0.00321067059065225,-0.0343409475114449));
#6123=CARTESIAN_POINT('',(0.0215597412314193,-0.00210119815072791,-0.0329128375103965));
#6124=CARTESIAN_POINT('',(0.0209231390450216,-2.64972104754366E-6,-0.0324026603730961));
#6125=CARTESIAN_POINT('',(0.021558537111682,0.00209963801796159,-0.0329119582931057));
#6126=CARTESIAN_POINT('',(0.0229051510274855,0.00320901112750954,-0.034336504789953));
#6127=CARTESIAN_POINT('',(0.0239735458519493,0.00280111564806946,-0.0362836650555034));
#6128=CARTESIAN_POINT('',(0.024255728427118,0.00166799947175741,-0.0372146818857334));
#6129=CARTESIAN_POINT('',(0.0243263915125146,0.000999999999999983,-0.0374499711232592));
#6130=CARTESIAN_POINT('',(0.0243263915125146,-0.000999999999999985,-0.0374499711232592));
#6131=CARTESIAN_POINT('',(0.0243263915125146,0.000999999999999981,-0.0374499711232592));
#6132=CARTESIAN_POINT('',(0.0179361982518952,0.00100000000000001,-0.027496222164331));
#6133=CARTESIAN_POINT('',(0.0341434078662248,0.00100000000000002,-0.0527415456226902));
#6134=CARTESIAN_POINT('',(0.0424529007456021,1.03128587113713E-18,-0.0474069460043892));
#6135=CARTESIAN_POINT('',(0.0341434078662248,-0.000999999999999983,-0.0527415456226902));
#6136=CARTESIAN_POINT('',(0.0179361982518952,-0.000999999999999987,-0.027496222164331));
#6137=CARTESIAN_POINT('',(0.0262456911312725,1.03128587113713E-18,-0.02216162254603));
#6138=CARTESIAN_POINT('',(0.0178936966204653,1.03128587113713E-18,-0.0275235077267708));
#6139=CARTESIAN_POINT('',(0.0327221785219084,-0.00757963871194851,-0.0442355452196716));
#6140=CARTESIAN_POINT('',(0.0329615571694374,-0.0083023349099372,-0.0427071286646073));
#6141=CARTESIAN_POINT('',(0.032083311570209,-0.00833073441960561,-0.0412492869407899));
#6142=CARTESIAN_POINT('',(0.030602679345274,-0.00766710462823952,-0.0407346990246333));
#6143=CARTESIAN_POINT('',(0.0295505741052417,-0.00647348180446485,-0.0413423713244379));
#6144=CARTESIAN_POINT('',(0.0295689481134598,-0.00544912483509708,-0.0427044310051192));
#6145=CARTESIAN_POINT('',(0.0304610382768,-0.00539813139514907,-0.0441499777874447));
#6146=CARTESIAN_POINT('',(0.0316888980069407,-0.00636810724719272,-0.0448311840100777));
#6147=CARTESIAN_POINT('',(0.0327221785219084,-0.00757963871194851,-0.0442355452196716));
#6148=CARTESIAN_POINT('',(0.0329615571694374,-0.0083023349099372,-0.0427071286646073));
#6149=CARTESIAN_POINT('',(0.032083311570209,-0.00833073441960561,-0.0412492869407899));
#6150=CARTESIAN_POINT('',(0.0327752864616445,-0.00818661879521715,-0.0427188911364818));
#6151=CARTESIAN_POINT('',(0.0324178846709044,0.,-0.0538493118260853));
#6152=CARTESIAN_POINT('',(0.0365631379781733,0.00369685604417986,-0.0547531232104882));
#6153=CARTESIAN_POINT('',(0.0301802801654059,0.00561027320600532,-0.0533614351449873));
#6154=CARTESIAN_POINT('',(0.0337197391105298,0.00454923414045851,-0.0541331619978723));
#6155=CARTESIAN_POINT('',(0.0324178846709044,0.00493949673129915,-0.0538493118260853));
#6156=CARTESIAN_POINT('',(0.0324178846709044,0.,-0.0538493118260853));
#6157=CARTESIAN_POINT('',(0.0324178846709044,0.00100000000000002,-0.0538493118260853));
#6158=CARTESIAN_POINT('',(0.0324178846709044,0.00100000000000002,-0.0538493118260853));
#6159=CARTESIAN_POINT('',(-0.0541729383841905,0.,7.0111029251186E-19));
#6160=CARTESIAN_POINT('',(0.0168284271247462,0.001,0.0114062482876711));
#6161=CARTESIAN_POINT('',(0.0165924089351681,0.0016675602493363,0.0113477224488063));
#6162=CARTESIAN_POINT('',(0.0156569910590012,0.00279943083286125,0.0111191553121022));
#6163=CARTESIAN_POINT('',(0.0134469366455189,0.00321037228712036,0.0109877394941046));
#6164=CARTESIAN_POINT('',(0.0115145660736698,0.00210039243067595,0.0112995773382943));
#6165=CARTESIAN_POINT('',(0.0107430847764761,2.28866938042679E-6,0.0115250997600944));
#6166=CARTESIAN_POINT('',(0.01151309804841,-0.00209876715364124,0.0113000227755679));
#6167=CARTESIAN_POINT('',(0.0134421336310864,-0.0032087991730157,0.0109881266015136));
#6168=CARTESIAN_POINT('',(0.0156529052203176,-0.00280308611921128,0.0111183006952304));
#6169=CARTESIAN_POINT('',(0.0165924043378685,-0.00166757325246322,0.0113477213088059));
#6170=CARTESIAN_POINT('',(0.0168284271247462,-0.001,0.0114062482876711));
#6171=CARTESIAN_POINT('',(0.0168284271247462,0.001,0.0114062482876711));
#6172=CARTESIAN_POINT('',(0.0168284271247462,-0.001,0.0114062482876711));
#6173=CARTESIAN_POINT('',(-0.0541729383841905,-0.001,0.0114062482876711));
#6174=CARTESIAN_POINT('',(0.035,-0.001,0.0114062482876711));
#6175=CARTESIAN_POINT('',(0.035,0.,7.0111029251186E-19));
#6176=CARTESIAN_POINT('',(0.035,-0.00495732854982253,-0.010321210861576));
#6177=CARTESIAN_POINT('',(0.035,0.,7.0111029251186E-19));
#6178=CARTESIAN_POINT('',(0.035,0.00495732854982233,-0.0103212108615761));
#6179=CARTESIAN_POINT('',(0.035,0.,7.0111029251186E-19));
#6180=CARTESIAN_POINT('',(0.035,0.001,0.0114062482876711));
#6181=CARTESIAN_POINT('',(-0.0541729383841905,0.001,0.0114062482876711));
#6182=CARTESIAN_POINT('',(-0.0266328954404026,0.00551136615917804,0.0100413214980619));
#6183=CARTESIAN_POINT('',(-0.0250525676085537,0.00523540400070974,0.0101822555193692));
#6184=CARTESIAN_POINT('',(-0.0234814117823454,0.00548144850539059,0.0100563566116781));
#6185=CARTESIAN_POINT('',(-0.0221558552798816,0.00612537255897196,0.00968930952277039));
#6186=CARTESIAN_POINT('',(-0.0212524515007859,0.00705289205802892,0.00904935311658571));
#6187=CARTESIAN_POINT('',(-0.0208921883499312,0.0080631884953239,0.0081681251744038));
#6188=CARTESIAN_POINT('',(-0.0211840330538461,0.00896186931005844,0.00716513229924921));
#6189=CARTESIAN_POINT('',(-0.0220399121106944,0.00963611629008348,0.00621123589628979));
#6190=CARTESIAN_POINT('',(-0.0233427101714062,0.0100350579341317,0.00552228562859988));
#6191=CARTESIAN_POINT('',(-0.0249151681981413,0.0101817845553425,0.00523635275519862));
#6192=CARTESIAN_POINT('',(-0.0264939479437872,0.0100629919045675,0.00546953080473987));
#6193=CARTESIAN_POINT('',(-0.0278440701408597,0.00968979410258546,0.00612479572625544));
#6194=CARTESIAN_POINT('',(-0.0287483502011259,0.00904789951535232,0.0070548632287369));
#6195=CARTESIAN_POINT('',(-0.0291073449582413,0.00816600303811044,0.00806529122740974));
#6196=CARTESIAN_POINT('',(-0.0288168196695097,0.00716419461513598,0.00896249953821886));
#6197=CARTESIAN_POINT('',(-0.0279615005772079,0.00621194405882838,0.00963564334914673));
#6198=CARTESIAN_POINT('',(-0.0266328954404026,0.00551136615917804,0.0100413214980619));
#6199=CARTESIAN_POINT('',(-0.0250525676085537,0.00523540400070974,0.0101822555193692));
#6200=CARTESIAN_POINT('',(-0.0234814117823454,0.00548144850539059,0.0100563566116781));
#6201=CARTESIAN_POINT('',(-0.025,0.00532219831477576,0.010137884646128));
#6202=CARTESIAN_POINT('',(-0.035,0.,7.0111029251186E-19));
#6203=CARTESIAN_POINT('',(-0.035,0.001,0.0114062482876711));
#6204=CARTESIAN_POINT('',(-0.035,0.00495732854982246,-0.010321210861576));
#6205=CARTESIAN_POINT('',(-0.035,0.00495732854982246,-0.010321210861576));
#6206=CARTESIAN_POINT('',(-0.035239358926678,0.00456996770615848,-0.0105072621878335));
#6207=CARTESIAN_POINT('',(-0.0354227193667496,0.0041542367041611,-0.0106807471679286));
#6208=CARTESIAN_POINT('',(-0.0355228893204379,0.0036968560441799,-0.0108367779062141));
#6209=CARTESIAN_POINT('',(-0.0355228893204379,0.0036968560441799,-0.0108367779062141));
#6210=CARTESIAN_POINT('',(-0.0285658015509091,0.,7.0111029251186E-19));
#6211=CARTESIAN_POINT('',(-0.0355228893204379,-0.00369685604417989,-0.0108367779062141));
#6212=CARTESIAN_POINT('',(-0.035522889320438,-0.00369685604417989,-0.0108367779062141));
#6213=CARTESIAN_POINT('',(-0.0354227193667496,-0.0041542367041611,-0.0106807471679286));
#6214=CARTESIAN_POINT('',(-0.035239358926678,-0.00456996770615849,-0.0105072621878334));
#6215=CARTESIAN_POINT('',(-0.035,-0.00495732854982247,-0.010321210861576));
#6216=CARTESIAN_POINT('',(-0.035,-0.00495732854982246,-0.010321210861576));
#6217=CARTESIAN_POINT('',(-0.035,0.,7.0111029251186E-19));
#6218=CARTESIAN_POINT('',(-0.035,-0.001,0.0114062482876711));
#6219=CARTESIAN_POINT('',(-0.0541729383841905,-0.001,0.0114062482876711));
#6220=CARTESIAN_POINT('',(-0.0168284271247462,-0.001,0.0114062482876711));
#6221=CARTESIAN_POINT('',(-0.0168284271247462,0.001,0.0114062482876711));
#6222=CARTESIAN_POINT('',(-0.0165924089351681,0.0016675602493363,0.0113477224488063));
#6223=CARTESIAN_POINT('',(-0.0156569910590012,0.00279943083286125,0.0111191553121022));
#6224=CARTESIAN_POINT('',(-0.0134469366455189,0.00321037228712036,0.0109877394941046));
#6225=CARTESIAN_POINT('',(-0.0115145660736698,0.00210039243067595,0.0112995773382944));
#6226=CARTESIAN_POINT('',(-0.0107430847764761,2.28866938041415E-6,0.0115250997600944));
#6227=CARTESIAN_POINT('',(-0.01151309804841,-0.00209876715364124,0.0113000227755679));
#6228=CARTESIAN_POINT('',(-0.0134421336310864,-0.0032087991730157,0.0109881266015135));
#6229=CARTESIAN_POINT('',(-0.0156529052203176,-0.00280308611921128,0.0111183006952304));
#6230=CARTESIAN_POINT('',(-0.0165924043378685,-0.00166757325246322,0.0113477213088059));
#6231=CARTESIAN_POINT('',(-0.0168284271247462,-0.001,0.0114062482876711));
#6232=CARTESIAN_POINT('',(-0.0168284271247462,0.001,0.0114062482876711));
#6233=CARTESIAN_POINT('',(-0.0541729383841905,0.001,0.0114062482876711));
#6234=CARTESIAN_POINT('',(0.0234311174274398,-0.00914203091149818,0.00692750641535016));
#6235=CARTESIAN_POINT('',(0.0250003669952063,-0.00950810887590472,0.0063728888295693));
#6236=CARTESIAN_POINT('',(0.0265674145917352,-0.00914223768519148,0.00692707961820403));
#6237=CARTESIAN_POINT('',(0.0272162282792659,-0.00812861390710272,0.00812584137238092));
#6238=CARTESIAN_POINT('',(0.0265676702862877,-0.00692644729963485,0.00914288551880459));
#6239=CARTESIAN_POINT('',(0.0250006187218496,-0.00637365931242875,0.00950750071344505));
#6240=CARTESIAN_POINT('',(0.0234345997562508,-0.00692505758349276,0.00914381518206359));
#6241=CARTESIAN_POINT('',(0.0227835716154688,-0.00812613319680845,0.00812838198871258));
#6242=CARTESIAN_POINT('',(0.0234311174274398,-0.00914203091149818,0.00692750641535016));
#6243=CARTESIAN_POINT('',(0.0250003669952063,-0.00950810887590472,0.0063728888295693));
#6244=CARTESIAN_POINT('',(0.0265674145917352,-0.00914223768519148,0.00692707961820403));
#6245=CARTESIAN_POINT('',(0.025,-0.00938611735005142,0.00655769022530523));
#6246=CARTESIAN_POINT('',(0.0234311174274398,0.00692750641535015,0.00914203091149819));
#6247=CARTESIAN_POINT('',(0.0250003669952063,0.0063728888295693,0.00950810887590471));
#6248=CARTESIAN_POINT('',(0.0265674145917352,0.00692707961820402,0.00914223768519149));
#6249=CARTESIAN_POINT('',(0.0272162282792659,0.00812584137238091,0.00812861390710273));
#6250=CARTESIAN_POINT('',(0.0265676702862877,0.00914288551880458,0.00692644729963485));
#6251=CARTESIAN_POINT('',(0.0250006187218495,0.00950750071344504,0.00637365931242876));
#6252=CARTESIAN_POINT('',(0.0234345997562507,0.00914381518206358,0.00692505758349278));
#6253=CARTESIAN_POINT('',(0.0227835716154688,0.00812838198871257,0.00812613319680846));
#6254=CARTESIAN_POINT('',(0.0234311174274398,0.00692750641535015,0.00914203091149819));
#6255=CARTESIAN_POINT('',(0.0250003669952063,0.0063728888295693,0.00950810887590471));
#6256=CARTESIAN_POINT('',(0.0265674145917352,0.00692707961820402,0.00914223768519149));
#6257=CARTESIAN_POINT('',(0.025,0.00655769022530523,0.00938611735005142));
#6258=CARTESIAN_POINT('',(-0.0265688825725602,-0.00914203091149818,0.00692750641535016));
#6259=CARTESIAN_POINT('',(-0.0249996330047937,-0.00950810887590472,0.0063728888295693));
#6260=CARTESIAN_POINT('',(-0.0234325854082648,-0.00914223768519149,0.00692707961820403));
#6261=CARTESIAN_POINT('',(-0.0227837717207341,-0.00812861390710273,0.00812584137238092));
#6262=CARTESIAN_POINT('',(-0.0234323297137123,-0.00692644729963485,0.00914288551880459));
#6263=CARTESIAN_POINT('',(-0.0249993812781505,-0.00637365931242875,0.00950750071344505));
#6264=CARTESIAN_POINT('',(-0.0265654002437492,-0.00692505758349277,0.00914381518206359));
#6265=CARTESIAN_POINT('',(-0.0272164283845312,-0.00812613319680845,0.00812838198871257));
#6266=CARTESIAN_POINT('',(-0.0265688825725602,-0.00914203091149818,0.00692750641535016));
#6267=CARTESIAN_POINT('',(-0.0249996330047937,-0.00950810887590472,0.0063728888295693));
#6268=CARTESIAN_POINT('',(-0.0234325854082648,-0.00914223768519149,0.00692707961820403));
#6269=CARTESIAN_POINT('',(-0.025,-0.00938611735005142,0.00655769022530523));
#6270=CARTESIAN_POINT('',(-0.0262456911312725,-3.20981618804208E-18,-0.02216162254603));
#6271=CARTESIAN_POINT('',(-0.0295515274251314,-0.00647518909105418,-0.0413411158267532));
#6272=CARTESIAN_POINT('',(-0.0295683515859752,-0.0054480371286597,-0.0427050531020837));
#6273=CARTESIAN_POINT('',(-0.0304635386733636,-0.00539950538952561,-0.0441520185838026));
#6274=CARTESIAN_POINT('',(-0.0316880679899891,-0.00636747223016576,-0.0448310216449922));
#6275=CARTESIAN_POINT('',(-0.0327233226856316,-0.00758111921138588,-0.0442341672024232));
#6276=CARTESIAN_POINT('',(-0.0329607505669791,-0.00830149684376373,-0.0427078856273079));
#6277=CARTESIAN_POINT('',(-0.0320861253489117,-0.00833173600979459,-0.0412511265493901));
#6278=CARTESIAN_POINT('',(-0.030601828909081,-0.00766649387619137,-0.0407345497684677));
#6279=CARTESIAN_POINT('',(-0.0295515274251314,-0.00647518909105418,-0.0413411158267532));
#6280=CARTESIAN_POINT('',(-0.0295683515859752,-0.0054480371286597,-0.0427050531020837));
#6281=CARTESIAN_POINT('',(-0.0304635386733636,-0.00539950538952561,-0.0441520185838026));
#6282=CARTESIAN_POINT('',(-0.029714745407066,-0.0056111404992031,-0.0427188911364818));
#6283=CARTESIAN_POINT('',(-0.0320825184143709,0.0083308313176613,-0.0412479514887027));
#6284=CARTESIAN_POINT('',(-0.032961619408915,0.0083020369203199,-0.0427079100323693));
#6285=CARTESIAN_POINT('',(-0.032722722719836,0.00758073377236208,-0.0442337552007109));
#6286=CARTESIAN_POINT('',(-0.0316905509930211,0.00636991501590437,-0.0448310513285594));
#6287=CARTESIAN_POINT('',(-0.0304634237904032,0.00539905343739728,-0.0441526833188205));
#6288=CARTESIAN_POINT('',(-0.0295691475944115,0.00544864470585923,-0.0427051971375469));
#6289=CARTESIAN_POINT('',(-0.0295499645300345,0.00647142251385473,-0.0413444898144198));
#6290=CARTESIAN_POINT('',(-0.0306001748461193,0.00766551617271285,-0.0407346060722355));
#6291=CARTESIAN_POINT('',(-0.0320825184143709,0.0083308313176613,-0.0412479514887027));
#6292=CARTESIAN_POINT('',(-0.032961619408915,0.0083020369203199,-0.0427079100323693));
#6293=CARTESIAN_POINT('',(-0.032722722719836,0.00758073377236208,-0.0442337552007109));
#6294=CARTESIAN_POINT('',(-0.0327752864616445,0.00818661879521716,-0.0427188911364818));
#6295=CARTESIAN_POINT('',(-0.0262456911312725,-3.20981618804208E-18,-0.02216162254603));
#6296=CARTESIAN_POINT('',(-0.0345976856420797,-3.20981618804208E-18,-0.0167997373652893));
#6297=CARTESIAN_POINT('',(-0.0179361982518952,0.00100000000000001,-0.027496222164331));
#6298=CARTESIAN_POINT('',(-0.0243263915125146,0.000999999999999981,-0.0374499711232593));
#6299=CARTESIAN_POINT('',(-0.0341434078662248,0.00100000000000002,-0.0527415456226902));
#6300=CARTESIAN_POINT('',(-0.0243263915125146,-0.000999999999999986,-0.0374499711232593));
#6301=CARTESIAN_POINT('',(-0.0242557359804251,-0.00166792806806551,-0.0372147070362327));
#6302=CARTESIAN_POINT('',(-0.0239746768067303,-0.00279761649250152,-0.0362871957725384));
#6303=CARTESIAN_POINT('',(-0.0229085628284188,-0.00321067059065226,-0.0343409475114449));
#6304=CARTESIAN_POINT('',(-0.0215597412314193,-0.0021011981507279,-0.0329128375103965));
#6305=CARTESIAN_POINT('',(-0.0209231390450216,-2.64972104752588E-6,-0.0324026603730961));
#6306=CARTESIAN_POINT('',(-0.021558537111682,0.00209963801796161,-0.0329119582931058));
#6307=CARTESIAN_POINT('',(-0.0229051510274855,0.00320901112750955,-0.034336504789953));
#6308=CARTESIAN_POINT('',(-0.0239735458519494,0.00280111564806943,-0.0362836650555034));
#6309=CARTESIAN_POINT('',(-0.0242557284271179,0.00166799947175741,-0.0372146818857334));
#6310=CARTESIAN_POINT('',(-0.0243263915125146,0.000999999999999984,-0.0374499711232593));
#6311=CARTESIAN_POINT('',(-0.0243263915125146,-0.000999999999999984,-0.0374499711232593));
#6312=CARTESIAN_POINT('',(-0.0179361982518952,-0.000999999999999987,-0.027496222164331));
#6313=CARTESIAN_POINT('',(-0.0341434078662248,-0.00099999999999998,-0.0527415456226902));
#6314=CARTESIAN_POINT('',(-0.0424529007456021,-3.20981618804208E-18,-0.0474069460043892));
#6315=CARTESIAN_POINT('',(0.025,-0.0123390133317053,0.0123390133317053));
#6316=CARTESIAN_POINT('',(0.025,-0.0123390133317053,0.0123390133317053));
#6317=CARTESIAN_POINT('',(0.022624389783785,-0.00922802666340515,0.0154500000000003));
#6318=CARTESIAN_POINT('',(0.0226243897837851,-0.01545,0.00922802666341052));
#6319=CARTESIAN_POINT('',(0.0218689206363134,-0.00432853172679884,0.01545));
#6320=CARTESIAN_POINT('',(0.022091056165019,-0.00596680400420547,0.01545));
#6321=CARTESIAN_POINT('',(0.0223339466501889,-0.00760281369714661,0.01545));
#6322=CARTESIAN_POINT('',(0.0226243897837841,-0.00922802666340533,0.01545));
#6323=CARTESIAN_POINT('',(0.0218689206363134,-0.00432853172679884,0.01545));
#6324=CARTESIAN_POINT('',(0.0218689206363134,-0.00432853172679884,0.01545));
#6325=CARTESIAN_POINT('',(0.0219223933996423,-0.0047228988335312,0.01545));
#6326=CARTESIAN_POINT('',(0.0216597311670391,-0.00548863650145895,0.0153507872899453));
#6327=CARTESIAN_POINT('',(0.0209662339245299,-0.00638253140488245,0.0150381520724283));
#6328=CARTESIAN_POINT('',(0.0202321815162841,-0.00717682556721938,0.0145930295517611));
#6329=CARTESIAN_POINT('',(0.0197408925240439,-0.00764645139071422,0.0142031481479501));
#6330=CARTESIAN_POINT('',(0.019498744407856,-0.00786406563273158,0.0139855339059327));
#6331=CARTESIAN_POINT('',(0.019498744407856,-0.00786406563273158,0.0139855339059327));
#6332=CARTESIAN_POINT('',(0.025,-0.0109247997693322,0.0109247997693322));
#6333=CARTESIAN_POINT('',(0.019498744407856,-0.0139855339059327,0.00786406563273159));
#6334=CARTESIAN_POINT('',(0.019498744407856,-0.0139855339059327,0.00786406563273159));
#6335=CARTESIAN_POINT('',(0.0197416542364037,-0.0142038326854159,0.00764576685324846));
#6336=CARTESIAN_POINT('',(0.0202295924346557,-0.0145907504392304,0.0071791031365833));
#6337=CARTESIAN_POINT('',(0.0209590336458547,-0.015034519313762,0.00639096430879833));
#6338=CARTESIAN_POINT('',(0.021660405132721,-0.0153512180912143,0.00548926961803359));
#6339=CARTESIAN_POINT('',(0.0219222677738113,-0.01545,0.00472197233016056));
#6340=CARTESIAN_POINT('',(0.0218689206363134,-0.01545,0.00432853172679926));
#6341=CARTESIAN_POINT('',(0.0218689206363112,-0.01545,0.00432853172679885));
#6342=CARTESIAN_POINT('',(0.0226243897837809,-0.01545,0.00922802666341123));
#6343=CARTESIAN_POINT('',(0.0223336694794585,-0.01545,0.00760126275169518));
#6344=CARTESIAN_POINT('',(0.0220909800638101,-0.01545,0.00596624274999559));
#6345=CARTESIAN_POINT('',(0.0218689206363112,-0.01545,0.00432853172678289));
#6346=CARTESIAN_POINT('',(0.025,0.0123390133317053,0.0123390133317053));
#6347=CARTESIAN_POINT('',(0.025,0.0123390133317053,0.0123390133317053));
#6348=CARTESIAN_POINT('',(0.027375610216215,0.01545,0.00922802666341052));
#6349=CARTESIAN_POINT('',(0.0273756102162151,0.00922802666340515,0.0154500000000003));
#6350=CARTESIAN_POINT('',(0.0281310793636867,0.00432853172679883,0.01545));
#6351=CARTESIAN_POINT('',(0.027908943834981,0.00596680400420547,0.01545));
#6352=CARTESIAN_POINT('',(0.0276660533498111,0.0076028136971466,0.01545));
#6353=CARTESIAN_POINT('',(0.0273756102162159,0.00922802666340532,0.01545));
#6354=CARTESIAN_POINT('',(0.0281310793636867,0.00432853172679884,0.01545));
#6355=CARTESIAN_POINT('',(0.0281310793636867,0.00432853172679884,0.01545));
#6356=CARTESIAN_POINT('',(0.0280776066003577,0.00472289883353121,0.01545));
#6357=CARTESIAN_POINT('',(0.0283402688329609,0.00548863650145897,0.0153507872899453));
#6358=CARTESIAN_POINT('',(0.0290337660754701,0.00638253140488247,0.0150381520724283));
#6359=CARTESIAN_POINT('',(0.0297678184837159,0.00717682556721941,0.0145930295517611));
#6360=CARTESIAN_POINT('',(0.0302591074759561,0.00764645139071422,0.0142031481479501));
#6361=CARTESIAN_POINT('',(0.0305012555921441,0.00786406563273158,0.0139855339059327));
#6362=CARTESIAN_POINT('',(0.0305012555921441,0.00786406563273158,0.0139855339059327));
#6363=CARTESIAN_POINT('',(0.025,0.0109247997693322,0.0109247997693322));
#6364=CARTESIAN_POINT('',(0.0305012555921441,0.0139855339059327,0.00786406563273158));
#6365=CARTESIAN_POINT('',(0.0305012555921441,0.0139855339059327,0.00786406563273158));
#6366=CARTESIAN_POINT('',(0.0302583457635964,0.0142038326854159,0.00764576685324844));
#6367=CARTESIAN_POINT('',(0.0297704075653443,0.0145907504392304,0.00717910313658332));
#6368=CARTESIAN_POINT('',(0.0290409663541453,0.015034519313762,0.00639096430879826));
#6369=CARTESIAN_POINT('',(0.0283395948672789,0.0153512180912143,0.0054892696180337));
#6370=CARTESIAN_POINT('',(0.0280777322261887,0.01545,0.00472197233016014));
#6371=CARTESIAN_POINT('',(0.0281310793636867,0.01545,0.00432853172679885));
#6372=CARTESIAN_POINT('',(0.0281310793636867,0.01545,0.00432853172679884));
#6373=CARTESIAN_POINT('',(0.0273756102162191,0.01545,0.00922802666341122));
#6374=CARTESIAN_POINT('',(0.0276663305205415,0.01545,0.00760126275169527));
#6375=CARTESIAN_POINT('',(0.0279090199361876,0.01545,0.00596624275001143));
#6376=CARTESIAN_POINT('',(0.0281310793636867,0.01545,0.00432853172679885));
#6377=CARTESIAN_POINT('',(-0.035,-0.0109247997693322,0.0109247997693322));
#6378=CARTESIAN_POINT('',(-0.025,-0.0109247997693322,0.0109247997693322));
#6379=CARTESIAN_POINT('',(-0.019498744407856,-0.00786406563273158,0.0139855339059327));
#6380=CARTESIAN_POINT('',(-0.019498744407856,-0.0139855339059327,0.00786406563273159));
#6381=CARTESIAN_POINT('',(-0.035,-0.0139855339059327,0.00786406563273159));
#6382=CARTESIAN_POINT('',(-0.035,-0.00786406563273158,0.0139855339059327));
#6383=CARTESIAN_POINT('',(-0.035,0.0109247997693322,0.0109247997693322));
#6384=CARTESIAN_POINT('',(-0.035,0.00786406563273158,0.0139855339059327));
#6385=CARTESIAN_POINT('',(0.033,0.00786406563273158,0.0139855339059327));
#6386=CARTESIAN_POINT('',(0.033,0.0109247997693322,0.0109247997693322));
#6387=CARTESIAN_POINT('',(0.033,0.0139855339059327,0.00786406563273158));
#6388=CARTESIAN_POINT('',(-0.035,0.0139855339059327,0.00786406563273158));
#6389=CARTESIAN_POINT('',(0.035,0.,3.46944695195361E-18));
#6390=CARTESIAN_POINT('',(0.035,2.60208521396521E-18,0.01545));
#6391=CARTESIAN_POINT('',(0.035,-0.001,0.01545));
#6392=CARTESIAN_POINT('',(0.035,-0.00357117241391813,0.01545));
#6393=CARTESIAN_POINT('',(0.035,-0.00951058620695906,0.00951058620695907));
#6394=CARTESIAN_POINT('',(0.035,-0.01345,0.00557117241391813));
#6395=CARTESIAN_POINT('',(0.035,-0.01345,5.29237591890877E-18));
#6396=CARTESIAN_POINT('',(0.035,-0.01345,-0.00557117241391812));
#6397=CARTESIAN_POINT('',(0.035,-0.00951058620695906,-0.00951058620695906));
#6398=CARTESIAN_POINT('',(0.035,-0.00688040669924311,-0.012140765714675));
#6399=CARTESIAN_POINT('',(0.035,-0.0036968560441799,-0.0192774344552397));
#6400=CARTESIAN_POINT('',(0.035,-0.001,-0.0549317924670406));
#6401=CARTESIAN_POINT('',(-0.025,-0.0109247997693322,0.0109247997693322));
#6402=CARTESIAN_POINT('',(-0.0226243897837809,-0.00922802666341122,0.01545));
#6403=CARTESIAN_POINT('',(-0.0223336694794586,-0.00760126275169527,0.01545));
#6404=CARTESIAN_POINT('',(-0.0220909800638124,-0.00596624275001143,0.01545));
#6405=CARTESIAN_POINT('',(-0.0218689206363134,-0.00432853172679885,0.01545));
#6406=CARTESIAN_POINT('',(-0.0226243897837851,-0.00922802666341052,0.01545));
#6407=CARTESIAN_POINT('',(-0.0218689206363134,-0.00432853172679884,0.01545));
#6408=CARTESIAN_POINT('',(-0.025,-0.0123390133317053,0.0123390133317053));
#6409=CARTESIAN_POINT('',(-0.022624389783785,-0.0154500000000003,0.00922802666340515));
#6410=CARTESIAN_POINT('',(-0.0218689206363134,-0.01545,0.00432853172679885));
#6411=CARTESIAN_POINT('',(-0.022091056165019,-0.01545,0.00596680400420548));
#6412=CARTESIAN_POINT('',(-0.0223339466501889,-0.01545,0.00760281369714661));
#6413=CARTESIAN_POINT('',(-0.0226243897837842,-0.01545,0.00922802666340532));
#6414=CARTESIAN_POINT('',(-0.0218689206363134,-0.01545,0.00432853172679885));
#6415=CARTESIAN_POINT('',(-0.0218689206363134,-0.01545,0.00432853172679885));
#6416=CARTESIAN_POINT('',(-0.0219223933996423,-0.01545,0.00472289883353121));
#6417=CARTESIAN_POINT('',(-0.0216597311670391,-0.0153507872899453,0.00548863650145897));
#6418=CARTESIAN_POINT('',(-0.0209662339245299,-0.0150381520724283,0.00638253140488246));
#6419=CARTESIAN_POINT('',(-0.0202321815162841,-0.0145930295517611,0.0071768255672194));
#6420=CARTESIAN_POINT('',(-0.0197408925240439,-0.0142031481479501,0.00764645139071423));
#6421=CARTESIAN_POINT('',(-0.019498744407856,-0.0139855339059327,0.00786406563273159));
#6422=CARTESIAN_POINT('',(-0.019498744407856,-0.00786406563273158,0.0139855339059327));
#6423=CARTESIAN_POINT('',(-0.0197416542364037,-0.00764576685324844,0.0142038326854159));
#6424=CARTESIAN_POINT('',(-0.0202295924346557,-0.0071791031365833,0.0145907504392304));
#6425=CARTESIAN_POINT('',(-0.0209590336458547,-0.00639096430879826,0.015034519313762));
#6426=CARTESIAN_POINT('',(-0.0216604051327211,-0.0054892696180337,0.0153512180912143));
#6427=CARTESIAN_POINT('',(-0.0219222677738113,-0.00472197233016014,0.01545));
#6428=CARTESIAN_POINT('',(-0.0218689206363134,-0.00432853172679885,0.01545));
#6429=CARTESIAN_POINT('',(-0.025,0.0123390133317053,0.0123390133317053));
#6430=CARTESIAN_POINT('',(-0.025,0.0123390133317053,0.0123390133317053));
#6431=CARTESIAN_POINT('',(-0.022624389783785,0.00922802666340515,0.0154500000000003));
#6432=CARTESIAN_POINT('',(-0.0226243897837851,0.01545,0.00922802666341052));
#6433=CARTESIAN_POINT('',(-0.0218689206363134,0.00432853172679885,0.01545));
#6434=CARTESIAN_POINT('',(-0.022091056165019,0.00596680400420547,0.01545));
#6435=CARTESIAN_POINT('',(-0.0223339466501889,0.00760281369714661,0.01545));
#6436=CARTESIAN_POINT('',(-0.0226243897837841,0.00922802666340533,0.01545));
#6437=CARTESIAN_POINT('',(-0.0218689206363134,0.00432853172679884,0.01545));
#6438=CARTESIAN_POINT('',(-0.0218689206363134,0.00432853172679884,0.01545));
#6439=CARTESIAN_POINT('',(-0.0219223933996423,0.0047228988335312,0.01545));
#6440=CARTESIAN_POINT('',(-0.0216597311670391,0.00548863650145895,0.0153507872899453));
#6441=CARTESIAN_POINT('',(-0.0209662339245299,0.00638253140488245,0.0150381520724283));
#6442=CARTESIAN_POINT('',(-0.0202321815162841,0.00717682556721938,0.0145930295517611));
#6443=CARTESIAN_POINT('',(-0.0197408925240439,0.00764645139071422,0.0142031481479501));
#6444=CARTESIAN_POINT('',(-0.019498744407856,0.00786406563273158,0.0139855339059327));
#6445=CARTESIAN_POINT('',(-0.019498744407856,0.00786406563273158,0.0139855339059327));
#6446=CARTESIAN_POINT('',(-0.025,0.0109247997693322,0.0109247997693322));
#6447=CARTESIAN_POINT('',(-0.019498744407856,0.0139855339059327,0.00786406563273158));
#6448=CARTESIAN_POINT('',(-0.019498744407856,0.0139855339059327,0.00786406563273158));
#6449=CARTESIAN_POINT('',(-0.0197416542364037,0.0142038326854159,0.00764576685324844));
#6450=CARTESIAN_POINT('',(-0.0202295924346557,0.0145907504392304,0.0071791031365833));
#6451=CARTESIAN_POINT('',(-0.0209590336458547,0.015034519313762,0.00639096430879825));
#6452=CARTESIAN_POINT('',(-0.0216604051327211,0.0153512180912143,0.00548926961803369));
#6453=CARTESIAN_POINT('',(-0.0219222677738113,0.01545,0.00472197233016014));
#6454=CARTESIAN_POINT('',(-0.0218689206363134,0.01545,0.00432853172679885));
#6455=CARTESIAN_POINT('',(-0.0218689206363134,0.01545,0.00432853172679884));
#6456=CARTESIAN_POINT('',(-0.0226243897837809,0.01545,0.00922802666341123));
#6457=CARTESIAN_POINT('',(-0.0223336694794585,0.01545,0.00760126275169527));
#6458=CARTESIAN_POINT('',(-0.0220909800638124,0.01545,0.00596624275001144));
#6459=CARTESIAN_POINT('',(-0.0218689206363134,0.01545,0.00432853172679885));
#6460=CARTESIAN_POINT('',(-0.035,-0.0109247997693322,0.0109247997693322));
#6461=CARTESIAN_POINT('',(-0.033,-0.01545,0.00639959953866432));
#6462=CARTESIAN_POINT('',(-0.033,-0.00786406563273158,0.0139855339059327));
#6463=CARTESIAN_POINT('',(-0.033,-0.0139855339059327,0.00786406563273159));
#6464=CARTESIAN_POINT('',(-0.035,-0.0139855339059327,0.00786406563273159));
#6465=CARTESIAN_POINT('',(-0.0305012555921441,-0.0139855339059327,0.00786406563273159));
#6466=CARTESIAN_POINT('',(-0.025,-0.0109247997693322,0.0109247997693322));
#6467=CARTESIAN_POINT('',(-0.0305012555921441,-0.00786406563273158,0.0139855339059327));
#6468=CARTESIAN_POINT('',(-0.035,-0.00786406563273158,0.0139855339059327));
#6469=CARTESIAN_POINT('',(-0.035,0.0109247997693322,0.0109247997693322));
#6470=CARTESIAN_POINT('',(-0.035,0.00786406563273158,0.0139855339059327));
#6471=CARTESIAN_POINT('',(0.019498744407856,0.00786406563273158,0.0139855339059327));
#6472=CARTESIAN_POINT('',(0.025,0.0109247997693322,0.0109247997693322));
#6473=CARTESIAN_POINT('',(0.019498744407856,0.0139855339059327,0.00786406563273158));
#6474=CARTESIAN_POINT('',(-0.035,0.0139855339059327,0.00786406563273158));
#6475=CARTESIAN_POINT('',(-0.035,0.,3.46944695195361E-18));
#6476=CARTESIAN_POINT('',(-0.035,-0.00369685604417989,-0.0192774344552397));
#6477=CARTESIAN_POINT('',(-0.035,-0.00688040669924311,-0.012140765714675));
#6478=CARTESIAN_POINT('',(-0.035,-0.0140357864376269,-0.00498538597629122));
#6479=CARTESIAN_POINT('',(-0.035,-0.01345,-0.00557117241391812));
#6480=CARTESIAN_POINT('',(-0.035,-0.01345,0.00639959953866432));
#6481=CARTESIAN_POINT('',(-0.035,-0.01345,0.00557117241391814));
#6482=CARTESIAN_POINT('',(-0.035,-0.00498538597629122,0.0140357864376269));
#6483=CARTESIAN_POINT('',(-0.035,-0.00557117241391813,0.01345));
#6484=CARTESIAN_POINT('',(-0.035,-0.001,0.01345));
#6485=CARTESIAN_POINT('',(-0.035,-0.001,0.01345));
#6486=CARTESIAN_POINT('',(-0.035,-0.001,-0.0549317924670406));
#6487=CARTESIAN_POINT('',(-0.035,2.60208521396521E-18,0.01545));
#6488=CARTESIAN_POINT('',(0.0273756102162191,-0.00922802666341122,0.01545));
#6489=CARTESIAN_POINT('',(0.0276663305205415,-0.00760126275169527,0.01545));
#6490=CARTESIAN_POINT('',(0.0279090199361876,-0.00596624275001143,0.01545));
#6491=CARTESIAN_POINT('',(0.0281310793636867,-0.00432853172679885,0.01545));
#6492=CARTESIAN_POINT('',(0.027375610216215,-0.00922802666341052,0.01545));
#6493=CARTESIAN_POINT('',(0.0281310793636867,-0.00432853172679884,0.01545));
#6494=CARTESIAN_POINT('',(-0.035,-0.00432853172679884,0.01545));
#6495=CARTESIAN_POINT('',(0.0344644660940672,-0.00432853172679885,0.01545));
#6496=CARTESIAN_POINT('',(0.0133501334871119,-0.0341887072600116,0.01545));
#6497=CARTESIAN_POINT('',(0.0259142135623731,-0.001,0.01545));
#6498=CARTESIAN_POINT('',(0.0168284271247462,-0.001,0.01545));
#6499=CARTESIAN_POINT('',(0.014,-6.03788883967675E-19,0.01545));
#6500=CARTESIAN_POINT('',(0.0168284271247462,0.001,0.01545));
#6501=CARTESIAN_POINT('',(0.0259142135623731,0.001,0.01545));
#6502=CARTESIAN_POINT('',(0.035,0.001,0.01545));
#6503=CARTESIAN_POINT('',(0.035,2.60208521396521E-18,0.01545));
#6504=CARTESIAN_POINT('',(0.035,0.00357117241391813,0.01545));
#6505=CARTESIAN_POINT('',(0.0133501334871119,0.0341887072600116,0.01545));
#6506=CARTESIAN_POINT('',(0.0344644660940672,0.00432853172679883,0.01545));
#6507=CARTESIAN_POINT('',(-0.035,0.00432853172679884,0.01545));
#6508=CARTESIAN_POINT('',(-0.035,0.00922802666341051,0.01545));
#6509=CARTESIAN_POINT('',(0.0226243897837851,0.00922802666341052,0.01545));
#6510=CARTESIAN_POINT('',(0.0226243897837809,0.00922802666341123,0.01545));
#6511=CARTESIAN_POINT('',(0.0223336694794585,0.00760126275169527,0.01545));
#6512=CARTESIAN_POINT('',(0.0220909800638124,0.00596624275001144,0.01545));
#6513=CARTESIAN_POINT('',(0.0218689206363134,0.00432853172679885,0.01545));
#6514=CARTESIAN_POINT('',(0.0218689206363134,0.00432853172679884,0.01545));
#6515=CARTESIAN_POINT('',(-0.035,0.00432853172679884,0.01545));
#6516=CARTESIAN_POINT('',(-0.035,0.00922802666341051,0.01545));
#6517=CARTESIAN_POINT('',(-0.027375610216215,0.00922802666341052,0.01545));
#6518=CARTESIAN_POINT('',(-0.0273756102162191,0.00922802666341122,0.01545));
#6519=CARTESIAN_POINT('',(-0.0276663305205415,0.00760126275169527,0.01545));
#6520=CARTESIAN_POINT('',(-0.0279090199361877,0.00596624275001144,0.01545));
#6521=CARTESIAN_POINT('',(-0.0281310793636867,0.00432853172679885,0.01545));
#6522=CARTESIAN_POINT('',(-0.0281310793636867,0.00432853172679884,0.01545));
#6523=CARTESIAN_POINT('',(-0.035,0.00432853172679884,0.01545));
#6524=CARTESIAN_POINT('',(-0.033,0.00432853172679884,0.01545));
#6525=CARTESIAN_POINT('',(-0.033,0.001,0.01545));
#6526=CARTESIAN_POINT('',(-0.033,0.001,0.01545));
#6527=CARTESIAN_POINT('',(-0.0259142135623731,0.001,0.01545));
#6528=CARTESIAN_POINT('',(-0.0168284271247462,0.001,0.01545));
#6529=CARTESIAN_POINT('',(-0.014,-6.03788883967675E-19,0.01545));
#6530=CARTESIAN_POINT('',(-0.0168284271247462,-0.001,0.01545));
#6531=CARTESIAN_POINT('',(-0.0259142135623731,-0.001,0.01545));
#6532=CARTESIAN_POINT('',(-0.033,-0.001,0.01545));
#6533=CARTESIAN_POINT('',(-0.033,-0.00639959953866431,0.01545));
#6534=CARTESIAN_POINT('',(-0.033,-0.00432853172679884,0.01545));
#6535=CARTESIAN_POINT('',(-0.035,-0.00432853172679884,0.01545));
#6536=CARTESIAN_POINT('',(-0.0281310793636867,-0.00432853172679884,0.01545));
#6537=CARTESIAN_POINT('',(-0.0281310793636867,-0.00432853172679885,0.01545));
#6538=CARTESIAN_POINT('',(-0.027908943834981,-0.00596680400420547,0.01545));
#6539=CARTESIAN_POINT('',(-0.0276660533498111,-0.00760281369714661,0.01545));
#6540=CARTESIAN_POINT('',(-0.0273756102162158,-0.00922802666340532,0.01545));
#6541=CARTESIAN_POINT('',(-0.0273756102162151,-0.00922802666340515,0.0154500000000003));
#6542=CARTESIAN_POINT('',(-0.035,-0.00922802666341052,0.01545));
#6543=CARTESIAN_POINT('',(-0.035,-0.00432853172679884,0.01545));
#6544=CARTESIAN_POINT('',(-0.035,-0.00922802666341052,0.01545));
#6545=CARTESIAN_POINT('',(-0.035,0.,3.46944695195361E-18));
#6546=CARTESIAN_POINT('',(-0.035,0.001,-0.0549317924670406));
#6547=CARTESIAN_POINT('',(-0.035,0.001,0.01345));
#6548=CARTESIAN_POINT('',(-0.035,0.00639959953866432,0.01345));
#6549=CARTESIAN_POINT('',(-0.035,0.00557117241391813,0.01345));
#6550=CARTESIAN_POINT('',(-0.035,0.0140357864376269,0.00498538597629122));
#6551=CARTESIAN_POINT('',(-0.035,0.01345,0.00557117241391813));
#6552=CARTESIAN_POINT('',(-0.035,0.01345,-0.00639959953866432));
#6553=CARTESIAN_POINT('',(-0.035,0.01345,-0.00557117241391813));
#6554=CARTESIAN_POINT('',(-0.035,0.00647904243372096,-0.0125421299801972));
#6555=CARTESIAN_POINT('',(-0.035,0.00688040669924312,-0.012140765714675));
#6556=CARTESIAN_POINT('',(-0.035,0.0036968560441799,-0.0192774344552397));
#6557=CARTESIAN_POINT('',(-0.00298858246756495,0.,0.0398406131770789));
#6558=CARTESIAN_POINT('',(-0.00298858246756495,0.00369685604417989,0.0398406131770789));
#6559=CARTESIAN_POINT('',(-0.0530904577432352,0.0036968560441799,-0.0382010779778472));
#6560=CARTESIAN_POINT('',(-0.0530904577432352,-0.00576792385604535,-0.0382010779778472));
#6561=CARTESIAN_POINT('',(-0.0530904577432352,-0.00369685604417989,-0.0382010779778472));
#6562=CARTESIAN_POINT('',(-0.00298858246756495,-0.00369685604417989,0.0398406131770789));
#6563=CARTESIAN_POINT('',(-0.035,-8.67361737988404E-19,-0.01545));
#6564=CARTESIAN_POINT('',(-0.035,-0.00639959953866432,-0.01545));
#6565=CARTESIAN_POINT('',(-0.00526916457652163,-0.00639959953866432,-0.01545));
#6566=CARTESIAN_POINT('',(0.00526916457652304,-0.00639959953866432,-0.01545));
#6567=CARTESIAN_POINT('',(-0.0122939642058783,-0.00369685604417988,-0.01545));
#6568=CARTESIAN_POINT('',(-0.00457816620499879,-0.004,-0.01545));
#6569=CARTESIAN_POINT('',(-0.035,-0.004,-0.01545));
#6570=CARTESIAN_POINT('',(0.00457816620499879,-0.004,-0.01545));
#6571=CARTESIAN_POINT('',(0.0122939642058783,-0.00369685604417989,-0.01545));
#6572=CARTESIAN_POINT('',(-0.035,-0.0109247997693322,-0.0109247997693322));
#6573=CARTESIAN_POINT('',(-0.0115349301506885,-0.0173348739034685,-0.00451472563519583));
#6574=CARTESIAN_POINT('',(-0.00887183296497045,-0.0124605339059327,-0.00938906563273157));
#6575=CARTESIAN_POINT('',(-0.00601543487572912,-0.00723238995011262,-0.0146172095885517));
#6576=CARTESIAN_POINT('',(-0.014427975262756,-0.00263619587240006,-0.0192134036662642));
#6577=CARTESIAN_POINT('',(-0.00570329853790244,-0.00634360999645054,-0.0155059895422138));
#6578=CARTESIAN_POINT('',(-0.00570329853790244,-0.00634360999645054,-0.0155059895422138));
#6579=CARTESIAN_POINT('',(-0.00556395102337119,-0.00638306822412021,-0.0154665313145441));
#6580=CARTESIAN_POINT('',(-0.00541868981636497,-0.00639959953866432,-0.01545));
#6581=CARTESIAN_POINT('',(-0.00526916457652163,-0.00639959953866432,-0.01545));
#6582=CARTESIAN_POINT('',(0.00526916457652304,-0.00639959953866692,-0.01545));
#6583=CARTESIAN_POINT('',(0.00541868981636604,-0.00639959953866692,-0.01545));
#6584=CARTESIAN_POINT('',(0.00556395102337176,-0.00638306822412005,-0.0154665313145443));
#6585=CARTESIAN_POINT('',(0.00570329853790244,-0.00634360999645054,-0.0155059895422138));
#6586=CARTESIAN_POINT('',(0.00570329853790244,-0.00634360999645054,-0.0155059895422138));
#6587=CARTESIAN_POINT('',(0.014427975262756,-0.00263619587240006,-0.0192134036662642));
#6588=CARTESIAN_POINT('',(0.00601543487572913,-0.00723238995011262,-0.0146172095885517));
#6589=CARTESIAN_POINT('',(0.00894708973854204,-0.0125982784476914,-0.00925132109097295));
#6590=CARTESIAN_POINT('',(0.00887183296497046,-0.0124605339059327,-0.00938906563273157));
#6591=CARTESIAN_POINT('',(0.0172843733519974,-0.00786433982822018,-0.0139852597104441));
#6592=CARTESIAN_POINT('',(0.0107562790141334,-0.0139855339059327,-0.00786406563273158));
#6593=CARTESIAN_POINT('',(-0.035,-0.0139855339059327,-0.00786406563273158));
#6594=CARTESIAN_POINT('',(-0.0107562790141334,-0.0139855339059327,-0.00786406563273158));
#6595=CARTESIAN_POINT('',(-0.0172843733519974,-0.00786433982822019,-0.0139852597104441));
#6596=CARTESIAN_POINT('',(-0.035,0.0109247997693322,-0.0109247997693322));
#6597=CARTESIAN_POINT('',(-0.0115349301506886,0.0173348739034685,-0.00451472563519584));
#6598=CARTESIAN_POINT('',(-0.00601543487572912,0.0072323899501126,-0.0146172095885517));
#6599=CARTESIAN_POINT('',(-0.00887183296497045,0.0124605339059327,-0.00938906563273157));
#6600=CARTESIAN_POINT('',(-0.0172843733519974,0.00786433982822018,-0.0139852597104441));
#6601=CARTESIAN_POINT('',(-0.0107562790141334,0.0139855339059327,-0.00786406563273158));
#6602=CARTESIAN_POINT('',(-0.035,0.0139855339059327,-0.00786406563273158));
#6603=CARTESIAN_POINT('',(0.0107562790141334,0.0139855339059327,-0.00786406563273158));
#6604=CARTESIAN_POINT('',(0.0172843733519974,0.00786433982822018,-0.0139852597104441));
#6605=CARTESIAN_POINT('',(0.00887183296497046,0.0124605339059327,-0.00938906563273157));
#6606=CARTESIAN_POINT('',(0.0060906916493007,0.00737013449187124,-0.0144794650467931));
#6607=CARTESIAN_POINT('',(0.00601543487572912,0.00723238995011261,-0.0146172095885517));
#6608=CARTESIAN_POINT('',(0.014427975262756,0.00263619587240005,-0.0192134036662642));
#6609=CARTESIAN_POINT('',(0.00570329853790244,0.00634360999645054,-0.0155059895422138));
#6610=CARTESIAN_POINT('',(0.00570329853790244,0.00634360999645054,-0.0155059895422138));
#6611=CARTESIAN_POINT('',(0.00556395102337137,0.00638306822412016,-0.0154665313145442));
#6612=CARTESIAN_POINT('',(0.00541868981636504,0.0063995995386643,-0.01545));
#6613=CARTESIAN_POINT('',(0.00526916457652189,0.00639959953866432,-0.01545));
#6614=CARTESIAN_POINT('',(-0.00526916457652163,0.00639959953866432,-0.01545));
#6615=CARTESIAN_POINT('',(-0.00541868981636497,0.00639959953866432,-0.01545));
#6616=CARTESIAN_POINT('',(-0.0055639510233712,0.00638306822412021,-0.0154665313145441));
#6617=CARTESIAN_POINT('',(-0.00570329853790244,0.00634360999645054,-0.0155059895422138));
#6618=CARTESIAN_POINT('',(-0.00570329853790244,0.00634360999645055,-0.0155059895422138));
#6619=CARTESIAN_POINT('',(-0.014427975262756,0.00263619587240005,-0.0192134036662642));
#6620=CARTESIAN_POINT('',(0.035,0.,3.46944695195361E-18));
#6621=CARTESIAN_POINT('',(0.035,0.01345,3.46944695195361E-18));
#6622=CARTESIAN_POINT('',(0.035,0.01345,-0.00557117241391813));
#6623=CARTESIAN_POINT('',(0.035,0.01345,0.00557117241391813));
#6624=CARTESIAN_POINT('',(0.035,0.00951058620695906,0.00951058620695906));
#6625=CARTESIAN_POINT('',(0.035,0.001,-0.0549317924670406));
#6626=CARTESIAN_POINT('',(0.035,0.00369685604417989,-0.0192774344552397));
#6627=CARTESIAN_POINT('',(0.035,0.00688040669924312,-0.012140765714675));
#6628=CARTESIAN_POINT('',(0.035,0.00951058620695906,-0.00951058620695906));
#6629=CARTESIAN_POINT('',(-0.035,0.01545,-2.60208521396521E-18));
#6630=CARTESIAN_POINT('',(-0.035,0.01545,0.00432853172679884));
#6631=CARTESIAN_POINT('',(0.033,0.01545,0.00432853172679884));
#6632=CARTESIAN_POINT('',(0.033,0.01545,-2.60208521396521E-18));
#6633=CARTESIAN_POINT('',(0.033,0.01545,-0.00432853172679884));
#6634=CARTESIAN_POINT('',(-0.035,0.01545,-0.00432853172679884));
#6635=CARTESIAN_POINT('',(-0.033,0.01545,-0.00432853172679884));
#6636=CARTESIAN_POINT('',(-0.033,0.01545,0.00639959953866432));
#6637=CARTESIAN_POINT('',(-0.033,0.01545,0.00432853172679884));
#6638=CARTESIAN_POINT('',(-0.035,0.01545,0.00432853172679884));
#6639=CARTESIAN_POINT('',(-0.0281310793636867,0.01545,0.00432853172679884));
#6640=CARTESIAN_POINT('',(-0.0281310793636867,0.01545,0.00432853172679885));
#6641=CARTESIAN_POINT('',(-0.027908943834981,0.01545,0.00596680400420548));
#6642=CARTESIAN_POINT('',(-0.0276660533498111,0.01545,0.00760281369714661));
#6643=CARTESIAN_POINT('',(-0.0273756102162159,0.01545,0.00922802666340533));
#6644=CARTESIAN_POINT('',(-0.0273756102162151,0.0154500000000003,0.00922802666340515));
#6645=CARTESIAN_POINT('',(-0.035,0.01545,0.00922802666341052));
#6646=CARTESIAN_POINT('',(-0.035,0.01545,0.00432853172679884));
#6647=CARTESIAN_POINT('',(0.0218689206363134,0.01545,0.00432853172679884));
#6648=CARTESIAN_POINT('',(0.0218689206363134,0.01545,0.00432853172679885));
#6649=CARTESIAN_POINT('',(0.022091056165019,0.01545,0.00596680400420547));
#6650=CARTESIAN_POINT('',(0.0223339466501889,0.01545,0.00760281369714661));
#6651=CARTESIAN_POINT('',(0.0226243897837841,0.01545,0.00922802666340533));
#6652=CARTESIAN_POINT('',(0.022624389783785,0.0154500000000003,0.00922802666340515));
#6653=CARTESIAN_POINT('',(-0.035,0.01545,0.00922802666341052));
#6654=CARTESIAN_POINT('',(-0.035,0.0109247997693322,0.0109247997693322));
#6655=CARTESIAN_POINT('',(-0.033,0.00639959953866432,0.01545));
#6656=CARTESIAN_POINT('',(-0.033,0.0139855339059327,0.00786406563273158));
#6657=CARTESIAN_POINT('',(-0.033,0.00786406563273158,0.0139855339059327));
#6658=CARTESIAN_POINT('',(-0.035,0.00786406563273158,0.0139855339059327));
#6659=CARTESIAN_POINT('',(-0.0305012555921441,0.00786406563273158,0.0139855339059327));
#6660=CARTESIAN_POINT('',(-0.025,0.0109247997693322,0.0109247997693322));
#6661=CARTESIAN_POINT('',(-0.0305012555921441,0.0139855339059327,0.00786406563273158));
#6662=CARTESIAN_POINT('',(-0.035,0.0139855339059327,0.00786406563273158));
#6663=CARTESIAN_POINT('',(-0.035,-0.0109247997693322,0.0109247997693322));
#6664=CARTESIAN_POINT('',(0.025,-0.0109247997693322,0.0109247997693322));
#6665=CARTESIAN_POINT('',(0.0305012555921441,-0.00786406563273158,0.0139855339059327));
#6666=CARTESIAN_POINT('',(0.0305012555921441,-0.0139855339059327,0.00786406563273159));
#6667=CARTESIAN_POINT('',(-0.035,-0.0139855339059327,0.00786406563273159));
#6668=CARTESIAN_POINT('',(0.033,-0.0139855339059327,0.00786406563273158));
#6669=CARTESIAN_POINT('',(0.033,-0.0109247997693322,0.0109247997693322));
#6670=CARTESIAN_POINT('',(0.033,-0.00786406563273158,0.0139855339059327));
#6671=CARTESIAN_POINT('',(-0.035,-0.00786406563273158,0.0139855339059327));
#6672=CARTESIAN_POINT('',(-0.035,-0.01545,3.46944695195361E-18));
#6673=CARTESIAN_POINT('',(0.033,-0.01545,3.46944695195361E-18));
#6674=CARTESIAN_POINT('',(0.033,-0.01545,-0.00432853172679884));
#6675=CARTESIAN_POINT('',(0.033,-0.01545,0.00432853172679885));
#6676=CARTESIAN_POINT('',(-0.035,-0.01545,0.00432853172679885));
#6677=CARTESIAN_POINT('',(0.0281310793636867,-0.01545,0.00432853172679885));
#6678=CARTESIAN_POINT('',(0.0281310793636867,-0.01545,0.00432853172679885));
#6679=CARTESIAN_POINT('',(0.027908943834981,-0.01545,0.00596680400420548));
#6680=CARTESIAN_POINT('',(0.0276660533498111,-0.01545,0.00760281369714661));
#6681=CARTESIAN_POINT('',(0.0273756102162159,-0.01545,0.00922802666340532));
#6682=CARTESIAN_POINT('',(0.0273756102162151,-0.0154500000000003,0.00922802666340515));
#6683=CARTESIAN_POINT('',(-0.035,-0.01545,0.00922802666341052));
#6684=CARTESIAN_POINT('',(-0.035,-0.01545,0.00432853172679885));
#6685=CARTESIAN_POINT('',(0.,-0.01545,0.00922802666341051));
#6686=CARTESIAN_POINT('',(-0.0273756102162152,-0.0154500000000006,0.00922802666340122));
#6687=CARTESIAN_POINT('',(-0.0273756102162207,-0.01545,0.00922802666340215));
#6688=CARTESIAN_POINT('',(-0.0276663305205423,-0.01545,0.00760126275168919));
#6689=CARTESIAN_POINT('',(-0.0279090199361881,-0.01545,0.0059662427500084));
#6690=CARTESIAN_POINT('',(-0.0281310793636867,-0.01545,0.00432853172679886));
#6691=CARTESIAN_POINT('',(-0.0281310793636867,-0.01545,0.00432853172679885));
#6692=CARTESIAN_POINT('',(-0.035,-0.01545,0.00432853172679885));
#6693=CARTESIAN_POINT('',(-0.033,-0.01545,0.00432853172679885));
#6694=CARTESIAN_POINT('',(-0.033,-0.01545,-0.00639959953866432));
#6695=CARTESIAN_POINT('',(-0.033,-0.01545,-0.00432853172679884));
#6696=CARTESIAN_POINT('',(-0.035,-0.01545,-0.00432853172679884));
#6697=CARTESIAN_POINT('',(-0.0170153590474685,0.00984646192802268,0.0269983109668616));
#6698=CARTESIAN_POINT('',(-0.0148155892932761,0.0124605339059327,0.0284105380499593));
#6699=CARTESIAN_POINT('',(0.0352862859823942,0.0124605339059327,-0.0496311531049669));
#6700=CARTESIAN_POINT('',(0.0330865162282018,0.00984646192802268,-0.0510433801880646));
#6701=CARTESIAN_POINT('',(0.0308867464740094,0.0072323899501126,-0.0524556072711624));
#6702=CARTESIAN_POINT('',(-0.0192151288016609,0.00723238995011261,0.0255860838837637));
#6703=CARTESIAN_POINT('',(0.0369706030246463,0.,-0.0509265185889216));
#6704=CARTESIAN_POINT('',(0.0657527861866626,-0.00099999999999998,-0.0324486853999645));
#6705=CARTESIAN_POINT('',(0.0324178846709044,-0.00099999999999998,-0.0538493118260853));
#6706=CARTESIAN_POINT('',(0.0657527861866626,0.00100000000000002,-0.0324486853999645));
#6707=CARTESIAN_POINT('',(0.0326159239693895,0.00517483453413427,-0.0537221728560611));
#6708=CARTESIAN_POINT('',(0.0382962609888303,0.011925,-0.0500754613015046));
#6709=CARTESIAN_POINT('',(0.0369706030246463,0.011925,-0.0509265185889216));
#6710=CARTESIAN_POINT('',(0.046609540502374,0.011925,-0.0447384307072738));
#6711=CARTESIAN_POINT('',(0.0468075798008591,0.0116896621971649,-0.0446112917372497));
#6712=CARTESIAN_POINT('',(0.0524879168202999,0.0049394967312992,-0.0409645801826932));
#6713=CARTESIAN_POINT('',(0.0524879168202999,0.,-0.0409645801826932));
#6714=CARTESIAN_POINT('',(0.0524879168202999,-0.0049394967312992,-0.0409645801826932));
#6715=CARTESIAN_POINT('',(0.0468075798008591,-0.0116896621971649,-0.0446112917372497));
#6716=CARTESIAN_POINT('',(0.046609540502374,-0.011925,-0.0447384307072738));
#6717=CARTESIAN_POINT('',(0.0369706030246463,-0.011925,-0.0509265185889216));
#6718=CARTESIAN_POINT('',(0.0382962609888303,-0.011925,-0.0500754613015046));
#6719=CARTESIAN_POINT('',(0.0326159239693895,-0.00517483453413427,-0.0537221728560611));
#6720=CARTESIAN_POINT('',(0.0324178846709044,-0.00493949673129915,-0.0538493118260853));
#6721=CARTESIAN_POINT('',(0.0324178846709044,0.,-0.0538493118260853));
#6722=CARTESIAN_POINT('',(-0.0170153590474685,-0.00984646192802268,0.0269983109668616));
#6723=CARTESIAN_POINT('',(-0.0192151288016609,-0.00723238995011262,0.0255860838837637));
#6724=CARTESIAN_POINT('',(0.0308867464740094,-0.00723238995011262,-0.0524556072711624));
#6725=CARTESIAN_POINT('',(0.0330865162282018,-0.00984646192802268,-0.0510433801880646));
#6726=CARTESIAN_POINT('',(0.0352862859823942,-0.0124605339059327,-0.0496311531049668));
#6727=CARTESIAN_POINT('',(-0.0148155892932761,-0.0124605339059327,0.0284105380499593));
#6728=CARTESIAN_POINT('',(-0.00872945517102344,-0.013925,0.0323177667144275));
#6729=CARTESIAN_POINT('',(-0.0056185109505464,-0.013925,0.0343149574084951));
#6730=CARTESIAN_POINT('',(0.0444833643251239,-0.013925,-0.0437267337464311));
#6731=CARTESIAN_POINT('',(0.0218757511531322,-0.013925,-0.00851175715701413));
#6732=CARTESIAN_POINT('',(0.0127125669447935,-0.013925,-0.00851175715701413));
#6733=CARTESIAN_POINT('',(0.0130895154363802,-0.013925,-0.00851175715701415));
#6734=CARTESIAN_POINT('',(-0.0118403993915005,-0.013925,0.03032057602036));
#6735=CARTESIAN_POINT('',(-0.0159633772067456,-0.013925,0.0276736713056263));
#6736=CARTESIAN_POINT('',(-0.0118403993915005,-0.013925,0.03032057602036));
#6737=CARTESIAN_POINT('',(0.0382614758841698,-0.013925,-0.0477211151345661));
#6738=CARTESIAN_POINT('',(0.0413724201046469,-0.013925,-0.0457239244404986));
#6739=CARTESIAN_POINT('',(-0.000443551294578383,-0.00984646192802268,0.0376372224619936));
#6740=CARTESIAN_POINT('',(0.0342135289515111,-0.00772099022710478,-0.0124124202100002));
#6741=CARTESIAN_POINT('',(0.0346822612306721,-0.00723238995011264,-0.0122381329406808));
#6742=CARTESIAN_POINT('',(0.0318448197596417,-0.0101901011006564,-0.013293170000908));
#6743=CARTESIAN_POINT('',(0.0264735556702933,-0.0131246929197179,-0.0103585781818465));
#6744=CARTESIAN_POINT('',(0.027689184173443,-0.0124605339059327,-0.0110227371956316));
#6745=CARTESIAN_POINT('',(-0.0026433210487708,-0.0124605339059327,0.0362249953788958));
#6746=CARTESIAN_POINT('',(0.0474585542268995,-0.0124605339059327,-0.0418166957760304));
#6747=CARTESIAN_POINT('',(0.0496583239810919,-0.00984646192802268,-0.0404044686929326));
#6748=CARTESIAN_POINT('',(0.0518580937352843,-0.00723238995011264,-0.0389922416098348));
#6749=CARTESIAN_POINT('',(0.00175621845961401,-0.00723238995011263,0.0390494495450913));
#6750=CARTESIAN_POINT('',(0.00298858246756495,0.,0.0398406131770789));
#6751=CARTESIAN_POINT('',(0.0530904577432352,0.,-0.0382010779778472));
#6752=CARTESIAN_POINT('',(0.0530904577432352,-0.0036968560441799,-0.0382010779778472));
#6753=CARTESIAN_POINT('',(0.0530904577432352,0.0036968560441799,-0.0382010779778472));
#6754=CARTESIAN_POINT('',(0.00298858246756495,0.00369685604417989,0.0398406131770789));
#6755=CARTESIAN_POINT('',(0.035,0.00369685604417989,-0.0100222940844151));
#6756=CARTESIAN_POINT('',(0.035,0.,-0.0100222940844151));
#6757=CARTESIAN_POINT('',(0.035,-0.00369685604417989,-0.0100222940844151));
#6758=CARTESIAN_POINT('',(0.00298858246756495,-0.00369685604417989,0.0398406131770789));
#6759=CARTESIAN_POINT('',(-0.000443551294578383,0.00984646192802268,0.0376372224619936));
#6760=CARTESIAN_POINT('',(-0.00264332104877079,0.0124605339059327,0.0362249953788958));
#6761=CARTESIAN_POINT('',(0.0474585542268995,0.0124605339059327,-0.0418166957760304));
#6762=CARTESIAN_POINT('',(0.027689184173443,0.0124605339059327,-0.0110227371956316));
#6763=CARTESIAN_POINT('',(0.0328331700002469,0.00965011563686232,-0.013833155464702));
#6764=CARTESIAN_POINT('',(0.0318448197596417,0.0101901011006564,-0.013293170000908));
#6765=CARTESIAN_POINT('',(0.0342135289515111,0.00772099022710479,-0.0124124202100002));
#6766=CARTESIAN_POINT('',(0.0346822612306721,0.00723238995011263,-0.0122381329406807));
#6767=CARTESIAN_POINT('',(0.00175621845961402,0.00723238995011262,0.0390494495450913));
#6768=CARTESIAN_POINT('',(0.0518580937352843,0.00723238995011264,-0.0389922416098348));
#6769=CARTESIAN_POINT('',(0.0496583239810919,0.00984646192802268,-0.0404044686929326));
#6770=CARTESIAN_POINT('',(0.000443551294578383,0.00984646192802268,0.0376372224619936));
#6771=CARTESIAN_POINT('',(-0.026004865986129,0.0162775910351384,-0.0154646218965598));
#6772=CARTESIAN_POINT('',(-0.0346822612306721,0.00723238995011264,-0.0122381329406808));
#6773=CARTESIAN_POINT('',(-0.0318448197596417,0.0101901011006564,-0.013293170000908));
#6774=CARTESIAN_POINT('',(0.00567963844903365,0.0306916006065671,0.00720832950500272));
#6775=CARTESIAN_POINT('',(-0.027689184173443,0.0124605339059327,-0.0110227371956316));
#6776=CARTESIAN_POINT('',(0.00264332104877079,0.0124605339059327,0.0362249953788958));
#6777=CARTESIAN_POINT('',(-0.0474585542268995,0.0124605339059327,-0.0418166957760304));
#6778=CARTESIAN_POINT('',(-0.0530904577432352,0.00576792385604536,-0.0382010779778472));
#6779=CARTESIAN_POINT('',(-0.0518580937352843,0.00723238995011264,-0.0389922416098348));
#6780=CARTESIAN_POINT('',(-0.00175621845961401,0.00723238995011263,0.0390494495450913));
#6781=CARTESIAN_POINT('',(0.00872945517102344,0.013925,0.0323177667144275));
#6782=CARTESIAN_POINT('',(0.0056185109505464,0.013925,0.0343149574084951));
#6783=CARTESIAN_POINT('',(-0.0444833643251239,0.013925,-0.0437267337464311));
#6784=CARTESIAN_POINT('',(-0.0218757511531322,0.013925,-0.00851175715701413));
#6785=CARTESIAN_POINT('',(0.00872945517102344,0.013925,-0.00851175715701414));
#6786=CARTESIAN_POINT('',(-0.0130895154363802,0.013925,-0.00851175715701415));
#6787=CARTESIAN_POINT('',(0.0118403993915005,0.013925,0.03032057602036));
#6788=CARTESIAN_POINT('',(0.0159633772067456,0.013925,0.0276736713056263));
#6789=CARTESIAN_POINT('',(0.0118403993915005,0.013925,0.03032057602036));
#6790=CARTESIAN_POINT('',(-0.0382614758841698,0.013925,-0.0477211151345661));
#6791=CARTESIAN_POINT('',(-0.0462261902189486,0.013925,-0.042607859408018));
#6792=CARTESIAN_POINT('',(-0.0369706030246463,0.,-0.0509265185889216));
#6793=CARTESIAN_POINT('',(-0.0657527861866626,-0.00099999999999998,-0.0324486853999645));
#6794=CARTESIAN_POINT('',(-0.0324178846709044,-0.00099999999999998,-0.0538493118260853));
#6795=CARTESIAN_POINT('',(-0.0324178846709044,-0.00576792385604536,-0.0538493118260853));
#6796=CARTESIAN_POINT('',(-0.0324178846709044,-0.00493949673129916,-0.0538493118260853));
#6797=CARTESIAN_POINT('',(-0.0387892065920107,-0.0125107864376269,-0.0497589958487096));
#6798=CARTESIAN_POINT('',(-0.0382962609888303,-0.011925,-0.0500754613015046));
#6799=CARTESIAN_POINT('',(-0.0473066708599039,-0.011925,-0.0442908809719086));
#6800=CARTESIAN_POINT('',(-0.046609540502374,-0.011925,-0.0447384307072738));
#6801=CARTESIAN_POINT('',(-0.0529808624234803,-0.00435371029367226,-0.0406481147298982));
#6802=CARTESIAN_POINT('',(-0.0524879168202999,-0.0049394967312992,-0.0409645801826932));
#6803=CARTESIAN_POINT('',(-0.0524879168202999,0.00576792385604535,-0.0409645801826932));
#6804=CARTESIAN_POINT('',(-0.0524879168202999,0.00493949673129921,-0.0409645801826932));
#6805=CARTESIAN_POINT('',(-0.0461165948991936,0.0125107864376269,-0.0450548961600689));
#6806=CARTESIAN_POINT('',(-0.046609540502374,0.011925,-0.0447384307072738));
#6807=CARTESIAN_POINT('',(-0.0375991306313005,0.011925,-0.0505230110368699));
#6808=CARTESIAN_POINT('',(-0.0382962609888303,0.011925,-0.0500754613015046));
#6809=CARTESIAN_POINT('',(-0.031924939067724,0.00435371029367225,-0.0541657772788803));
#6810=CARTESIAN_POINT('',(-0.0324178846709044,0.00493949673129915,-0.0538493118260853));
#6811=CARTESIAN_POINT('',(-0.0324178846709044,0.00100000000000002,-0.0538493118260853));
#6812=CARTESIAN_POINT('',(-0.0324178846709044,0.00100000000000002,-0.0538493118260853));
#6813=CARTESIAN_POINT('',(-0.0657527861866626,0.00100000000000002,-0.0324486853999645));
#6814=CARTESIAN_POINT('',(0.000443551294578383,-0.00984646192802268,0.0376372224619936));
#6815=CARTESIAN_POINT('',(0.00264332104877079,-0.0124605339059327,0.0362249953788958));
#6816=CARTESIAN_POINT('',(-0.0474585542268995,-0.0124605339059327,-0.0418166957760304));
#6817=CARTESIAN_POINT('',(-0.027689184173443,-0.0124605339059327,-0.0110227371956316));
#6818=CARTESIAN_POINT('',(0.00567963844903365,-0.0306916006065671,0.00720832950500272));
#6819=CARTESIAN_POINT('',(-0.0318448197596417,-0.0101901011006564,-0.013293170000908));
#6820=CARTESIAN_POINT('',(-0.026004865986129,-0.0162775910351384,-0.0154646218965598));
#6821=CARTESIAN_POINT('',(-0.0346822612306721,-0.00723238995011263,-0.0122381329406807));
#6822=CARTESIAN_POINT('',(-0.00175621845961403,-0.00723238995011262,0.0390494495450913));
#6823=CARTESIAN_POINT('',(-0.0518580937352843,-0.00723238995011263,-0.0389922416098348));
#6824=CARTESIAN_POINT('',(-0.0462261902189485,-0.013925,-0.042607859408018));
#6825=CARTESIAN_POINT('',(0.00872945517102344,-0.013925,0.0323177667144275));
#6826=CARTESIAN_POINT('',(0.0118403993915005,-0.013925,0.03032057602036));
#6827=CARTESIAN_POINT('',(-0.0130895154363802,-0.013925,-0.00851175715701415));
#6828=CARTESIAN_POINT('',(0.00872945517102344,-0.013925,-0.00851175715701414));
#6829=CARTESIAN_POINT('',(-0.0218757511531322,-0.013925,-0.00851175715701415));
#6830=CARTESIAN_POINT('',(0.0056185109505464,-0.013925,0.0343149574084951));
#6831=CARTESIAN_POINT('',(-0.0444833643251239,-0.013925,-0.0437267337464311));
#6832=CARTESIAN_POINT('',(-0.0365186499903451,-0.013925,-0.0488399894729793));
#6833=CARTESIAN_POINT('',(-0.0382614758841698,-0.013925,-0.0477211151345661));
#6834=CARTESIAN_POINT('',(0.0118403993915005,-0.013925,0.03032057602036));
#6835=CARTESIAN_POINT('',(0.0159633772067456,-0.013925,0.0276736713056263));
#6836=CARTESIAN_POINT('',(0.0170153590474685,-0.00984646192802268,0.0269983109668616));
#6837=CARTESIAN_POINT('',(0.0192151288016609,-0.00723238995011262,0.0255860838837637));
#6838=CARTESIAN_POINT('',(-0.00690799184626181,-0.00723238995011262,-0.0151048583692113));
#6839=CARTESIAN_POINT('',(-0.0144303762478302,-0.0210008169388245,-0.00133643138049937));
#6840=CARTESIAN_POINT('',(-0.00976438993550313,-0.0124605339059327,-0.00987671441339118));
#6841=CARTESIAN_POINT('',(0.0148155892932761,-0.0124605339059327,0.0284105380499593));
#6842=CARTESIAN_POINT('',(0.0170153590474685,0.00984646192802268,0.0269983109668616));
#6843=CARTESIAN_POINT('',(0.0148155892932761,0.0124605339059327,0.0284105380499593));
#6844=CARTESIAN_POINT('',(-0.00976438993550315,0.0124605339059327,-0.00987671441339118));
#6845=CARTESIAN_POINT('',(-0.0144303762478302,0.0210008169388245,-0.00133643138049937));
#6846=CARTESIAN_POINT('',(-0.00690799184626181,0.0072323899501126,-0.0151048583692113));
#6847=CARTESIAN_POINT('',(0.0192151288016609,0.00723238995011261,0.0255860838837637));
#6848=CARTESIAN_POINT('',(0.035,0.,0.000746828228714875));
#6849=CARTESIAN_POINT('',(0.035,0.00369685604417989,-0.0192774344552397));
#6850=CARTESIAN_POINT('',(0.035,-0.0036968560441799,-0.0192774344552397));
#6851=CARTESIAN_POINT('',(0.0262456911312725,3.46944695195361E-18,-0.02216162254603));
#6852=CARTESIAN_POINT('',(-0.0262456911312725,3.46944695195361E-18,-0.02216162254603));
#6853=CARTESIAN_POINT('',(-0.0259142135623731,0.001,-0.0549317924670406));
#6854=CARTESIAN_POINT('',(-0.0646480030147068,0.001,-0.0161980030147068));
#6855=CARTESIAN_POINT('',(-0.0168284271247462,0.001,-0.0549317924670406));
#6856=CARTESIAN_POINT('',(-0.0259142135623731,-0.001,-0.0549317924670406));
#6857=CARTESIAN_POINT('',(-0.033,-0.001,0.01545));
#6858=CARTESIAN_POINT('',(-0.0168284271247462,-0.001,-0.0549317924670406));
#6859=CARTESIAN_POINT('',(-0.014,-6.03788883967675E-19,-0.0549317924670406));
#6860=CARTESIAN_POINT('',(-0.025,0.0123390133317053,0.0123390133317053));
#6861=CARTESIAN_POINT('',(-0.0246146765056651,0.00769116026660439,0.0104911180850413));
#6862=CARTESIAN_POINT('',(-0.0249888675924754,0.00765497479485115,0.0104958838046053));
#6863=CARTESIAN_POINT('',(-0.0253428186825764,0.00768561323172183,0.0104921470551413));
#6864=CARTESIAN_POINT('',(-0.025759804482316,0.00782410342556897,0.0104576707058128));
#6865=CARTESIAN_POINT('',(-0.0260259720058835,0.00797113113955408,0.0104155660260353));
#6866=CARTESIAN_POINT('',(-0.0263912257001039,0.00825005619481738,0.0103221772710951));
#6867=CARTESIAN_POINT('',(-0.026682818497063,0.00860572950520984,0.0101647556856669));
#6868=CARTESIAN_POINT('',(-0.026836390195656,0.00886238880052069,0.0100221338803611));
#6869=CARTESIAN_POINT('',(-0.0269731206727035,0.0092077497804776,0.0097872006135592));
#6870=CARTESIAN_POINT('',(-0.0270089972095509,0.00949006846513127,0.00954025292462087));
#6871=CARTESIAN_POINT('',(-0.0269887031027424,0.00973246651467117,0.00927629251435378));
#6872=CARTESIAN_POINT('',(-0.0268676715269918,0.00998410014499492,0.00892451372386125));
#6873=CARTESIAN_POINT('',(-0.026722482977396,0.0101316352190062,0.00866730201434382));
#6874=CARTESIAN_POINT('',(-0.0264689195904539,0.0102921009487647,0.00833002406151015));
#6875=CARTESIAN_POINT('',(-0.0260922840485437,0.0104027064709738,0.00801268158454731));
#6876=CARTESIAN_POINT('',(-0.0258216153450993,0.0104492985227633,0.00785420156865588));
#6877=CARTESIAN_POINT('',(-0.0254086242342351,0.0104895341296234,0.00769838548289695));
#6878=CARTESIAN_POINT('',(-0.0251455886740071,0.0104942570831065,0.00766766088035953));
#6879=CARTESIAN_POINT('',(-0.0248994819042363,0.01049466442296,0.00766472372473053));
#6880=CARTESIAN_POINT('',(-0.0246571355342486,0.0104920320655279,0.00768522270431293));
#6881=CARTESIAN_POINT('',(-0.0242400511630468,0.0104574048297891,0.0078241206384796));
#6882=CARTESIAN_POINT('',(-0.0239756908178523,0.0104158478263355,0.00797003028990271));
#6883=CARTESIAN_POINT('',(-0.0236091446441348,0.0103224039370728,0.00824962946053366));
#6884=CARTESIAN_POINT('',(-0.0233174522472485,0.0101648830397764,0.00860525653338975));
#6885=CARTESIAN_POINT('',(-0.023163423572306,0.0100218476002947,0.00886249610787678));
#6886=CARTESIAN_POINT('',(-0.0230266293053743,0.00978646382286428,0.009208390309006));
#6887=CARTESIAN_POINT('',(-0.0229909616716778,0.00953911209742466,0.00949120342252426));
#6888=CARTESIAN_POINT('',(-0.0230115439012602,0.00927523904151022,0.00973358374158087));
#6889=CARTESIAN_POINT('',(-0.0231329438371009,0.00892342646731159,0.00998506745022549));
#6890=CARTESIAN_POINT('',(-0.023277931795093,0.0086667989993769,0.0101320721932092));
#6891=CARTESIAN_POINT('',(-0.0235316849136185,0.00832944792713283,0.0102923319872642));
#6892=CARTESIAN_POINT('',(-0.0239074284029041,0.00801288364789572,0.0104025161174339));
#6893=CARTESIAN_POINT('',(-0.0241836176222771,0.00785081835533317,0.010450229711225));
#6894=CARTESIAN_POINT('',(-0.0246146765056651,0.00769116026660439,0.0104911180850413));
#6895=CARTESIAN_POINT('',(-0.0249888675924754,0.00765497479485115,0.0104958838046053));
#6896=CARTESIAN_POINT('',(-0.0253428186825764,0.00768561323172183,0.0104921470551413));
#6897=CARTESIAN_POINT('',(-0.025,0.00766605350418392,0.0104944806289301));
#6898=CARTESIAN_POINT('',(-0.025,0.0109247997693322,0.0109247997693322));
#6899=CARTESIAN_POINT('',(-0.025,0.00951058620695906,0.0123390133317053));
#6900=CARTESIAN_POINT('',(0.,0.0123390133317053,0.0123390133317053));
#6901=CARTESIAN_POINT('',(-0.025,0.0123390133317053,0.0123390133317053));
#6902=CARTESIAN_POINT('',(-0.025,0.0123390133317053,0.0123390133317053));
#6903=CARTESIAN_POINT('',(-0.025,0.00951058620695907,0.0151674404564515));
#6904=CARTESIAN_POINT('',(0.,-0.0123390133317053,0.0123390133317053));
#6905=CARTESIAN_POINT('',(-0.025,-0.0123390133317053,0.0123390133317053));
#6906=CARTESIAN_POINT('',(-0.025,-0.0123390133317053,0.0123390133317053));
#6907=CARTESIAN_POINT('',(-0.025,-0.0151674404564515,0.00951058620695907));
#6908=CARTESIAN_POINT('',(-0.025,0.0123390133317053,0.0123390133317053));
#6909=CARTESIAN_POINT('',(-0.0281310793636867,0.01545,0.00432853172679884));
#6910=CARTESIAN_POINT('',(-0.0280776066003577,0.01545,0.00472289883353121));
#6911=CARTESIAN_POINT('',(-0.0283402688329609,0.0153507872899453,0.00548863650145897));
#6912=CARTESIAN_POINT('',(-0.0290337660754701,0.0150381520724283,0.00638253140488247));
#6913=CARTESIAN_POINT('',(-0.0297678184837159,0.0145930295517611,0.00717682556721941));
#6914=CARTESIAN_POINT('',(-0.0302591074759561,0.0142031481479501,0.00764645139071422));
#6915=CARTESIAN_POINT('',(-0.0305012555921441,0.0139855339059327,0.00786406563273158));
#6916=CARTESIAN_POINT('',(-0.0305012555921441,0.00786406563273158,0.0139855339059327));
#6917=CARTESIAN_POINT('',(-0.0302583457635964,0.00764576685324844,0.0142038326854159));
#6918=CARTESIAN_POINT('',(-0.0297704075653443,0.00717910313658331,0.0145907504392304));
#6919=CARTESIAN_POINT('',(-0.0290409663541453,0.00639096430879826,0.015034519313762));
#6920=CARTESIAN_POINT('',(-0.0283395948672789,0.0054892696180337,0.0153512180912143));
#6921=CARTESIAN_POINT('',(-0.0280777322261887,0.00472197233016014,0.01545));
#6922=CARTESIAN_POINT('',(-0.0281310793636867,0.00432853172679884,0.01545));
#6923=CARTESIAN_POINT('',(-0.025,-0.0109247997693322,0.0109247997693322));
#6924=CARTESIAN_POINT('',(-0.0281310793636867,-0.00432853172679884,0.01545));
#6925=CARTESIAN_POINT('',(-0.0280776066003577,-0.00472289883353121,0.01545));
#6926=CARTESIAN_POINT('',(-0.0283402688329609,-0.00548863650145897,0.0153507872899453));
#6927=CARTESIAN_POINT('',(-0.0290337660754701,-0.00638253140488247,0.0150381520724283));
#6928=CARTESIAN_POINT('',(-0.0297678184837159,-0.00717682556721941,0.0145930295517611));
#6929=CARTESIAN_POINT('',(-0.0302591074759561,-0.00764645139071422,0.0142031481479501));
#6930=CARTESIAN_POINT('',(-0.0305012555921441,-0.00786406563273158,0.0139855339059327));
#6931=CARTESIAN_POINT('',(-0.0305012555921441,-0.0139855339059327,0.00786406563273159));
#6932=CARTESIAN_POINT('',(-0.0302583457635964,-0.0142038326854159,0.00764576685324845));
#6933=CARTESIAN_POINT('',(-0.0297704075653443,-0.0145907504392304,0.00717910313658333));
#6934=CARTESIAN_POINT('',(-0.0290409663541453,-0.015034519313762,0.00639096430879828));
#6935=CARTESIAN_POINT('',(-0.0283395948672789,-0.0153512180912143,0.00548926961803372));
#6936=CARTESIAN_POINT('',(-0.0280777322261887,-0.01545,0.00472197233016015));
#6937=CARTESIAN_POINT('',(-0.0281310793636867,-0.01545,0.00432853172679885));
#6938=CARTESIAN_POINT('',(-0.0244716066248826,0.0076656048725847,0.0104946260404904));
#6939=CARTESIAN_POINT('',(-0.0255283933751175,0.00766650213578315,0.0104943352173698));
#6940=CARTESIAN_POINT('',(-0.0260458675302475,0.00792399333912131,0.0104438768824857));
#6941=CARTESIAN_POINT('',(-0.0267828524520396,0.00867213572209994,0.0101518379727423));
#6942=CARTESIAN_POINT('',(-0.027000310243255,0.0091374550682404,0.00988394912669346));
#6943=CARTESIAN_POINT('',(-0.0269996897536071,0.00988360531123537,0.00913733531902757));
#6944=CARTESIAN_POINT('',(-0.0267828456978445,0.0101513802570171,0.0086726387006745));
#6945=CARTESIAN_POINT('',(-0.026046048197973,0.0104442645010291,0.00792366628030688));
#6946=CARTESIAN_POINT('',(-0.0255290084536255,0.0104944124404492,0.00766615188025736));
#6947=CARTESIAN_POINT('',(-0.0244700147527061,0.0104945487856158,0.00766595526498252));
#6948=CARTESIAN_POINT('',(-0.0239543000107469,0.0104445203229399,0.00792310795258496));
#6949=CARTESIAN_POINT('',(-0.0232177971792766,0.0101515237389007,0.00867219475362499));
#6950=CARTESIAN_POINT('',(-0.0229999292884822,0.00988321840313439,0.00913806185143362));
#6951=CARTESIAN_POINT('',(-0.0230000717718605,0.00913589410613649,0.00988516957520565));
#6952=CARTESIAN_POINT('',(-0.023218040219979,0.00867179084286819,0.0101519208154993));
#6953=CARTESIAN_POINT('',(-0.0239538466400875,0.00792372451836197,0.0104440385380236));
#6954=CARTESIAN_POINT('',(-0.0244716066248826,0.0076656048725847,0.0104946260404904));
#6955=CARTESIAN_POINT('',(-0.0255283933751175,0.00766650213578315,0.0104943352173698));
#6956=CARTESIAN_POINT('',(-0.0239432400865029,0.00532156355551281,0.0101382612803889));
#6957=CARTESIAN_POINT('',(-0.0260567599134971,0.00532283307403872,0.0101375080118672));
#6958=CARTESIAN_POINT('',(-0.0270917348322283,0.00567311436418884,0.00996347397994756));
#6959=CARTESIAN_POINT('',(-0.0285657051323457,0.00675276289085169,0.00927210696897797));
#6960=CARTESIAN_POINT('',(-0.029000620475103,0.00746099175717462,0.00873195084380702));
#6961=CARTESIAN_POINT('',(-0.0289993795186213,0.00873156278302934,0.00746098519208593));
#6962=CARTESIAN_POINT('',(-0.0285656915825838,0.0092713084142077,0.00675359996704861));
#6963=CARTESIAN_POINT('',(-0.0270920962090512,0.00996410814366027,0.00567253176592843));
#6964=CARTESIAN_POINT('',(-0.0260579905336095,0.0101377557021129,0.00532235295688319));
#6965=CARTESIAN_POINT('',(-0.0239400558790534,0.0101380134912825,0.00532204386098094));
#6966=CARTESIAN_POINT('',(-0.0229086002297363,0.00996467247848626,0.00567170990192118));
#6967=CARTESIAN_POINT('',(-0.0214355941503107,0.00927168058984541,0.00675297201072701));
#6968=CARTESIAN_POINT('',(-0.0209998585794513,0.00873076004690705,0.00746207704552138));
#6969=CARTESIAN_POINT('',(-0.0210001435412339,0.00745847842366674,0.00873417430295101));
#6970=CARTESIAN_POINT('',(-0.0214360801015043,0.00675228731576588,0.00927235950125914));
#6971=CARTESIAN_POINT('',(-0.0229076936186287,0.0056727022032088,0.00996379488191655));
#6972=CARTESIAN_POINT('',(-0.0239432400865029,0.00532156355551281,0.0101382612803889));
#6973=CARTESIAN_POINT('',(-0.0260567599134971,0.00532283307403872,0.0101375080118672));
#6974=CARTESIAN_POINT('',(-0.025,0.0109247997693322,0.0109247997693322));
#6975=CARTESIAN_POINT('',(-0.025,-0.0123390133317053,0.0123390133317053));
#6976=CARTESIAN_POINT('',(-0.025,-0.0109247997693322,0.0109247997693322));
#6977=CARTESIAN_POINT('',(-0.025,-0.00951058620695906,0.0123390133317053));
#6978=CARTESIAN_POINT('',(0.014,-6.03788883967675E-19,-0.0549317924670406));
#6979=CARTESIAN_POINT('',(0.0168284271247462,0.001,-0.0549317924670406));
#6980=CARTESIAN_POINT('',(0.0168284271247462,-0.001,-0.0549317924670406));
#6981=CARTESIAN_POINT('',(0.0259142135623731,0.001,-0.0549317924670406));
#6982=CARTESIAN_POINT('',(0.0259142135623731,-0.001,-0.0549317924670406));
#6983=CARTESIAN_POINT('',(0.025,0.0123390133317053,0.0123390133317053));
#6984=CARTESIAN_POINT('',(0.025,0.0109247997693322,0.0109247997693322));
#6985=CARTESIAN_POINT('',(0.025,0.00951058620695906,0.0123390133317053));
#6986=CARTESIAN_POINT('',(0.,0.0123390133317053,0.0123390133317053));
#6987=CARTESIAN_POINT('',(0.025,0.0123390133317053,0.0123390133317053));
#6988=CARTESIAN_POINT('',(0.025,0.00951058620695907,0.0151674404564515));
#6989=CARTESIAN_POINT('',(0.025,0.0123390133317053,0.0123390133317053));
#6990=CARTESIAN_POINT('',(0.,-0.0123390133317053,0.0123390133317053));
#6991=CARTESIAN_POINT('',(0.025,-0.0123390133317053,0.0123390133317053));
#6992=CARTESIAN_POINT('',(0.025,-0.0123390133317053,0.0123390133317053));
#6993=CARTESIAN_POINT('',(0.025,-0.0151674404564515,0.00951058620695907));
#6994=CARTESIAN_POINT('',(0.025,0.0123390133317053,0.0123390133317053));
#6995=CARTESIAN_POINT('',(0.0218689206363134,0.01545,0.00432853172679884));
#6996=CARTESIAN_POINT('',(0.0219223933996423,0.01545,0.0047228988335312));
#6997=CARTESIAN_POINT('',(0.0216597311670391,0.0153507872899453,0.00548863650145895));
#6998=CARTESIAN_POINT('',(0.0209662339245299,0.0150381520724283,0.00638253140488245));
#6999=CARTESIAN_POINT('',(0.0202321815162841,0.0145930295517611,0.00717682556721938));
#7000=CARTESIAN_POINT('',(0.0197408925240439,0.0142031481479501,0.00764645139071422));
#7001=CARTESIAN_POINT('',(0.019498744407856,0.0139855339059327,0.00786406563273158));
#7002=CARTESIAN_POINT('',(0.019498744407856,0.00786406563273158,0.0139855339059327));
#7003=CARTESIAN_POINT('',(0.0197416542364037,0.00764576685324844,0.0142038326854159));
#7004=CARTESIAN_POINT('',(0.0202295924346557,0.0071791031365833,0.0145907504392304));
#7005=CARTESIAN_POINT('',(0.0209590336458547,0.00639096430879825,0.015034519313762));
#7006=CARTESIAN_POINT('',(0.0216604051327211,0.00548926961803369,0.0153512180912143));
#7007=CARTESIAN_POINT('',(0.0219222677738113,0.00472197233016013,0.01545));
#7008=CARTESIAN_POINT('',(0.0218689206363134,0.00432853172679884,0.01545));
#7009=CARTESIAN_POINT('',(0.025,-0.0123390133317053,0.0123390133317053));
#7010=CARTESIAN_POINT('',(0.0281310793636867,-0.01545,0.00432853172679885));
#7011=CARTESIAN_POINT('',(0.0280776066003577,-0.01545,0.00472289883353122));
#7012=CARTESIAN_POINT('',(0.0283402688329609,-0.0153507872899453,0.00548863650145898));
#7013=CARTESIAN_POINT('',(0.0290337660754701,-0.0150381520724283,0.00638253140488247));
#7014=CARTESIAN_POINT('',(0.0297678184837159,-0.0145930295517611,0.00717682556721941));
#7015=CARTESIAN_POINT('',(0.0302591074759561,-0.0142031481479501,0.00764645139071423));
#7016=CARTESIAN_POINT('',(0.0305012555921441,-0.0139855339059327,0.00786406563273159));
#7017=CARTESIAN_POINT('',(0.0305012555921441,-0.00786406563273158,0.0139855339059327));
#7018=CARTESIAN_POINT('',(0.0302583457635964,-0.00764576685324844,0.0142038326854159));
#7019=CARTESIAN_POINT('',(0.0297704075653443,-0.00717910313658331,0.0145907504392304));
#7020=CARTESIAN_POINT('',(0.0290409663541453,-0.00639096430879826,0.015034519313762));
#7021=CARTESIAN_POINT('',(0.0283395948672789,-0.00548926961803369,0.0153512180912143));
#7022=CARTESIAN_POINT('',(0.0280777322261887,-0.00472197233016014,0.01545));
#7023=CARTESIAN_POINT('',(0.0281310793636867,-0.00432853172679885,0.01545));
#7024=CARTESIAN_POINT('',(0.025,-0.0109247997693322,0.0109247997693322));
#7025=CARTESIAN_POINT('',(0.025,-0.0109247997693322,0.0109247997693322));
#7026=CARTESIAN_POINT('',(0.025,-0.0123390133317053,0.00951058620695907));
#7027=CARTESIAN_POINT('',(-0.0608442780098075,0.00100000000000002,-0.024802898150249));
#7028=CARTESIAN_POINT('',(-0.0296543824660584,0.00100000000000002,-0.05324677090315));
#7029=CARTESIAN_POINT('',(-0.0559357698329524,0.000999999999999981,-0.0171571109005336));
#7030=CARTESIAN_POINT('',(-0.0544077394566318,3.384761778311E-18,-0.0147769589791131));
#7031=CARTESIAN_POINT('',(-0.0559357698329524,-0.000999999999999985,-0.0171571109005336));
#7032=CARTESIAN_POINT('',(-0.0608442780098075,-0.000999999999999982,-0.024802898150249));
#7033=CARTESIAN_POINT('',(-0.0535085009285585,-0.000999999999999976,-0.0584478098344738));
#7034=CARTESIAN_POINT('',(-0.0275745177036703,0.0112606754903958,-0.0450753091206625));
#7035=CARTESIAN_POINT('',(-0.0199496876270507,0.0116818764266068,-0.0324187609197769));
#7036=CARTESIAN_POINT('',(0.035,-0.00951058620695906,0.00951058620695907));
#7037=CARTESIAN_POINT('',(0.038,-0.01045,0.00432853172679885));
#7038=CARTESIAN_POINT('',(0.0333806023374435,-0.0150693976625565,0.00624194888862429));
#7039=CARTESIAN_POINT('',(0.0360626653143722,-0.0123873346856278,0.00513100202844169));
#7040=CARTESIAN_POINT('',(0.038,-0.00432853172679884,0.01045));
#7041=CARTESIAN_POINT('',(0.035,-0.00951058620695906,-0.00951058620695906));
#7042=CARTESIAN_POINT('',(0.0360626653143722,-0.0123873346856278,-0.00513100202844169));
#7043=CARTESIAN_POINT('',(0.0333806023374435,-0.0150693976625565,-0.00624194888862429));
#7044=CARTESIAN_POINT('',(0.038,-0.01045,-0.00432853172679884));
#7045=CARTESIAN_POINT('',(0.0315,-0.0119268024368742,-0.0120441174453498));
#7046=CARTESIAN_POINT('',(0.0336698229607231,-0.0036968560441799,-0.017205470779041));
#7047=CARTESIAN_POINT('',(0.035,-0.01345,5.29237591890877E-18));
#7048=CARTESIAN_POINT('',(0.038,-0.01045,0.00432853172679885));
#7049=CARTESIAN_POINT('',(0.038,-0.01045,-0.00432853172679884));
#7050=CARTESIAN_POINT('',(0.035,0.00951058620695906,-0.00951058620695906));
#7051=CARTESIAN_POINT('',(0.038,0.01045,-0.00432853172679884));
#7052=CARTESIAN_POINT('',(0.0333806023374435,0.0150693976625565,-0.00624194888862429));
#7053=CARTESIAN_POINT('',(0.0360626653143722,0.0123873346856278,-0.00513100202844169));
#7054=CARTESIAN_POINT('',(0.0336698229607231,0.00369685604417989,-0.017205470779041));
#7055=CARTESIAN_POINT('',(0.0315,0.0119268024368742,-0.0120441174453498));
#7056=CARTESIAN_POINT('',(0.035,0.01345,3.46944695195361E-18));
#7057=CARTESIAN_POINT('',(0.038,0.01045,0.00432853172679884));
#7058=CARTESIAN_POINT('',(0.0333806023374435,0.0150693976625565,0.00624194888862429));
#7059=CARTESIAN_POINT('',(0.0360626653143722,0.0123873346856278,0.00513100202844169));
#7060=CARTESIAN_POINT('',(0.038,0.01045,-0.00432853172679884));
#7061=CARTESIAN_POINT('',(0.035,0.00951058620695906,0.00951058620695906));
#7062=CARTESIAN_POINT('',(0.038,0.00432853172679884,0.01045));
#7063=CARTESIAN_POINT('',(0.038,0.01045,0.00432853172679884));
#7064=CARTESIAN_POINT('',(-0.033,2.60208521396521E-18,0.01545));
#7065=CARTESIAN_POINT('',(-0.0342206824614908,-0.00589397630776388,0.0142293175385092));
#7066=CARTESIAN_POINT('',(-0.0333806023374435,-0.00624194888862429,0.0150693976625565));
#7067=CARTESIAN_POINT('',(-0.038,-0.00432853172679884,0.01045));
#7068=CARTESIAN_POINT('',(-0.033,-0.0109247997693322,0.0109247997693322));
#7069=CARTESIAN_POINT('',(-0.0342206824614908,-0.0142293175385092,0.00589397630776388));
#7070=CARTESIAN_POINT('',(-0.0333806023374435,-0.0150693976625565,0.0062419488886243));
#7071=CARTESIAN_POINT('',(-0.038,-0.01045,0.00432853172679885));
#7072=CARTESIAN_POINT('',(-0.038,-0.00432853172679884,0.01045));
#7073=CARTESIAN_POINT('',(-0.033,-0.01545,3.46944695195361E-18));
#7074=CARTESIAN_POINT('',(-0.038,-0.01045,0.00432853172679885));
#7075=CARTESIAN_POINT('',(-0.0342206824614908,-0.0142293175385092,-0.00589397630776387));
#7076=CARTESIAN_POINT('',(-0.0333806023374435,-0.0150693976625565,-0.00624194888862429));
#7077=CARTESIAN_POINT('',(-0.038,-0.01045,-0.00432853172679884));
#7078=CARTESIAN_POINT('',(-0.033,-0.0109247997693322,-0.0109247997693322));
#7079=CARTESIAN_POINT('',(-0.038,-0.01045,-0.00432853172679884));
#7080=CARTESIAN_POINT('',(-0.0336698229607231,-0.00369685604417989,-0.017205470779041));
#7081=CARTESIAN_POINT('',(-0.0315,-0.0119268024368742,-0.0120441174453498));
#7082=CARTESIAN_POINT('',(-0.033,0.0109247997693322,-0.0109247997693322));
#7083=CARTESIAN_POINT('',(-0.0342206824614908,0.0142293175385092,-0.00589397630776388));
#7084=CARTESIAN_POINT('',(-0.0333806023374435,0.0150693976625565,-0.00624194888862429));
#7085=CARTESIAN_POINT('',(-0.038,0.01045,-0.00432853172679884));
#7086=CARTESIAN_POINT('',(-0.0315,0.0119268024368742,-0.0120441174453498));
#7087=CARTESIAN_POINT('',(-0.033669822960723,0.0036968560441799,-0.017205470779041));
#7088=CARTESIAN_POINT('',(-0.033,0.01545,-2.60208521396521E-18));
#7089=CARTESIAN_POINT('',(-0.0342206824614908,0.0142293175385092,0.00589397630776387));
#7090=CARTESIAN_POINT('',(-0.0333806023374435,0.0150693976625565,0.00624194888862429));
#7091=CARTESIAN_POINT('',(-0.038,0.01045,0.00432853172679884));
#7092=CARTESIAN_POINT('',(-0.038,0.01045,-0.00432853172679884));
#7093=CARTESIAN_POINT('',(-0.033,0.0109247997693322,0.0109247997693322));
#7094=CARTESIAN_POINT('',(-0.0342206824614908,0.00589397630776388,0.0142293175385093));
#7095=CARTESIAN_POINT('',(-0.0333806023374435,0.00624194888862429,0.0150693976625565));
#7096=CARTESIAN_POINT('',(-0.038,0.00432853172679884,0.01045));
#7097=CARTESIAN_POINT('',(-0.038,0.01045,0.00432853172679884));
#7098=CARTESIAN_POINT('',(-0.033,2.60208521396521E-18,0.01545));
#7099=CARTESIAN_POINT('',(-0.038,0.00432853172679884,0.01045));
#7100=CARTESIAN_POINT('',(-0.0296543824660584,-0.00288396192802268,-0.05324677090315));
#7101=CARTESIAN_POINT('',(-0.0365631379781733,-0.00369685604417988,-0.0547531232104882));
#7102=CARTESIAN_POINT('',(-0.0301802801654059,-0.00561027320600533,-0.0533614351449873));
#7103=CARTESIAN_POINT('',(-0.0304144798694876,-0.00554006613791303,-0.0534124989384596));
#7104=CARTESIAN_POINT('',(-0.0330865162282018,-0.00984646192802268,-0.0510433801880646));
#7105=CARTESIAN_POINT('',(-0.0409626774865581,-0.008925,-0.0519286690442926));
#7106=CARTESIAN_POINT('',(-0.0368569314408895,-0.0135443976625564,-0.0490751012058705));
#7107=CARTESIAN_POINT('',(-0.0374965088115803,-0.0128248056131871,-0.0495196190583838));
#7108=CARTESIAN_POINT('',(-0.0365631379781733,-0.00369685604417988,-0.0547531232104882));
#7109=CARTESIAN_POINT('',(-0.0413724201046469,-0.013925,-0.0457239244404986));
#7110=CARTESIAN_POINT('',(-0.0409626774865581,-0.008925,-0.0519286690442926));
#7111=CARTESIAN_POINT('',(-0.0471845659275122,-0.008925,-0.0479342876561576));
#7112=CARTESIAN_POINT('',(-0.0462991422259142,-0.0135443976625564,-0.0430133096163115));
#7113=CARTESIAN_POINT('',(-0.0464370701339524,-0.0128248056131872,-0.0437798807000909));
#7114=CARTESIAN_POINT('',(-0.0496583239810919,-0.00984646192802268,-0.0404044686929326));
#7115=CARTESIAN_POINT('',(-0.051584105435897,-0.00369685604417989,-0.0451098334899621));
#7116=CARTESIAN_POINT('',(-0.0529757935013979,-0.00561027320600532,-0.0387269756771947));
#7117=CARTESIAN_POINT('',(-0.052759001672616,-0.00531220841978071,-0.0397212727847055));
#7118=CARTESIAN_POINT('',(-0.0471845659275122,-0.008925,-0.0479342876561577));
#7119=CARTESIAN_POINT('',(-0.0530904577432352,0.,-0.0382010779778472));
#7120=CARTESIAN_POINT('',(-0.051584105435897,0.0036968560441799,-0.0451098334899621));
#7121=CARTESIAN_POINT('',(-0.0529757935013979,0.00561027320600534,-0.0387269756771947));
#7122=CARTESIAN_POINT('',(-0.052759001672616,0.00531220841978075,-0.0397212727847054));
#7123=CARTESIAN_POINT('',(-0.051584105435897,-0.00369685604417989,-0.0451098334899621));
#7124=CARTESIAN_POINT('',(-0.0496583239810919,0.00984646192802268,-0.0404044686929326));
#7125=CARTESIAN_POINT('',(-0.0471845659275122,0.008925,-0.0479342876561577));
#7126=CARTESIAN_POINT('',(-0.0462991422259143,0.0135443976625564,-0.0430133096163115));
#7127=CARTESIAN_POINT('',(-0.0464370701339525,0.0128248056131871,-0.0437798807000909));
#7128=CARTESIAN_POINT('',(-0.051584105435897,0.0036968560441799,-0.0451098334899621));
#7129=CARTESIAN_POINT('',(-0.0296543824660584,-0.00288396192802268,-0.05324677090315));
#7130=CARTESIAN_POINT('',(-0.0319346746763458,0.00508435070164838,-0.0537439550090788));
#7131=CARTESIAN_POINT('',(-0.0301802801654059,0.00561027320600533,-0.0533614351449873));
#7132=CARTESIAN_POINT('',(-0.0365631379781733,0.00369685604417986,-0.0547531232104882));
#7133=CARTESIAN_POINT('',(-0.0413724201046469,0.013925,-0.0457239244404986));
#7134=CARTESIAN_POINT('',(-0.0409626774865581,0.008925,-0.0519286690442926));
#7135=CARTESIAN_POINT('',(-0.0368569314408895,0.0135443976625564,-0.0490751012058705));
#7136=CARTESIAN_POINT('',(-0.0374965088115803,0.0128248056131871,-0.0495196190583838));
#7137=CARTESIAN_POINT('',(-0.0471845659275122,0.008925,-0.0479342876561576));
#7138=CARTESIAN_POINT('',(-0.0330865162282018,0.00984646192802268,-0.0510433801880646));
#7139=CARTESIAN_POINT('',(-0.0365631379781733,0.00369685604417986,-0.0547531232104882));
#7140=CARTESIAN_POINT('',(-0.0409626774865581,0.008925,-0.0519286690442926));
#7141=CARTESIAN_POINT('',(0.0326159239693895,0.00517483453413427,-0.0537221728560611));
#7142=CARTESIAN_POINT('',(0.0409626774865581,0.008925,-0.0519286690442926));
#7143=CARTESIAN_POINT('',(0.0368569314408896,0.0135443976625564,-0.0490751012058705));
#7144=CARTESIAN_POINT('',(0.0399146616826832,0.0101041283973468,-0.0512002790857245));
#7145=CARTESIAN_POINT('',(0.0365631379781733,0.00369685604417986,-0.0547531232104882));
#7146=CARTESIAN_POINT('',(0.0369706030246463,0.011925,-0.0509265185889216));
#7147=CARTESIAN_POINT('',(0.0409626774865581,0.008925,-0.0519286690442926));
#7148=CARTESIAN_POINT('',(0.0471845659275122,0.008925,-0.0479342876561576));
#7149=CARTESIAN_POINT('',(0.0462991422259143,0.0135443976625564,-0.0430133096163115));
#7150=CARTESIAN_POINT('',(0.0470283197746024,0.00974016127502845,-0.0470659080477374));
#7151=CARTESIAN_POINT('',(0.0324178846709044,0.,-0.0538493118260853));
#7152=CARTESIAN_POINT('',(0.0325056022058185,-0.00491320126277688,-0.0538684373416546));
#7153=CARTESIAN_POINT('',(0.0301802801654059,-0.00561027320600534,-0.0533614351449873));
#7154=CARTESIAN_POINT('',(0.0365631379781733,-0.00369685604417989,-0.0547531232104882));
#7155=CARTESIAN_POINT('',(0.0324178846709044,-0.00099999999999998,-0.0538493118260853));
#7156=CARTESIAN_POINT('',(0.0468075798008591,0.0116896621971649,-0.0446112917372497));
#7157=CARTESIAN_POINT('',(0.051584105435897,0.0036968560441799,-0.0451098334899621));
#7158=CARTESIAN_POINT('',(0.0529757935013979,0.00561027320600535,-0.0387269756771947));
#7159=CARTESIAN_POINT('',(0.0519393419922952,0.00418526701814021,-0.04348057152703));
#7160=CARTESIAN_POINT('',(0.0471845659275122,0.008925,-0.0479342876561577));
#7161=CARTESIAN_POINT('',(0.0326159239693895,-0.00517483453413427,-0.0537221728560611));
#7162=CARTESIAN_POINT('',(0.0365631379781733,-0.00369685604417989,-0.0547531232104882));
#7163=CARTESIAN_POINT('',(0.0380291889389204,-0.0122254842455829,-0.0498898413913379));
#7164=CARTESIAN_POINT('',(0.0368569314408895,-0.0135443976625565,-0.0490751012058705));
#7165=CARTESIAN_POINT('',(0.0409626774865581,-0.008925,-0.0519286690442926));
#7166=CARTESIAN_POINT('',(0.0524879168202999,0.,-0.0409645801826932));
#7167=CARTESIAN_POINT('',(0.051584105435897,0.0036968560441799,-0.0451098334899621));
#7168=CARTESIAN_POINT('',(0.051584105435897,-0.0036968560441799,-0.0451098334899621));
#7169=CARTESIAN_POINT('',(0.0529757935013979,-0.00561027320600532,-0.0387269756771947));
#7170=CARTESIAN_POINT('',(0.0522040666485129,-0.00454923414045861,-0.0422664346223186));
#7171=CARTESIAN_POINT('',(0.0369706030246463,-0.011925,-0.0509265185889216));
#7172=CARTESIAN_POINT('',(0.0409626774865581,-0.008925,-0.0519286690442926));
#7173=CARTESIAN_POINT('',(0.0470283197746024,-0.00974016127502854,-0.0470659080477373));
#7174=CARTESIAN_POINT('',(0.0462991422259142,-0.0135443976625564,-0.0430133096163115));
#7175=CARTESIAN_POINT('',(0.0471845659275121,-0.008925,-0.0479342876561576));
#7176=CARTESIAN_POINT('',(0.0468075798008591,-0.0116896621971649,-0.0446112917372497));
#7177=CARTESIAN_POINT('',(0.0471845659275122,-0.008925,-0.0479342876561577));
#7178=CARTESIAN_POINT('',(0.051584105435897,-0.0036968560441799,-0.0451098334899621));
#7179=CARTESIAN_POINT('',(0.025,0.00809778685814834,-0.00809778685814835));
#7180=CARTESIAN_POINT('',(0.025,0.0123390133317053,0.0123390133317053));
#7181=CARTESIAN_POINT('',(-0.025,0.00809778685814834,-0.00809778685814835));
#7182=CARTESIAN_POINT('',(-0.0275745177036703,-0.0112606754903958,-0.0450753091206625));
#7183=CARTESIAN_POINT('',(-0.0192407973686766,-0.0108394745541847,-0.0328738603773052));
#7184=CARTESIAN_POINT('',(0.0544077394566318,3.384761778311E-18,-0.0147769589791131));
#7185=CARTESIAN_POINT('',(0.0559357698329524,-0.000999999999999985,-0.0171571109005336));
#7186=CARTESIAN_POINT('',(0.0559357698329524,0.000999999999999981,-0.0171571109005336));
#7187=CARTESIAN_POINT('',(0.0608442780098075,0.00100000000000002,-0.024802898150249));
#7188=CARTESIAN_POINT('',(0.0608442780098075,-0.000999999999999982,-0.024802898150249));
#7189=CARTESIAN_POINT('',(0.0275745177036703,0.0112606754903958,-0.0450753091206625));
#7190=CARTESIAN_POINT('',(0.0287521885131316,0.0067523898205185,-0.0433097074808472));
#7191=CARTESIAN_POINT('',(0.0288020283670724,0.00669553921952949,-0.0434070762770678));
#7192=CARTESIAN_POINT('',(0.0288962172194667,0.00661477388351839,-0.0435844229451571));
#7193=CARTESIAN_POINT('',(0.0290125907789935,0.00655204687503804,-0.0437903249010781));
#7194=CARTESIAN_POINT('',(0.0291759586527824,0.00651868216093379,-0.0440589108026591));
#7195=CARTESIAN_POINT('',(0.0293847723117519,0.00656182687153478,-0.044367760386766));
#7196=CARTESIAN_POINT('',(0.029553188028723,0.00665782433009561,-0.0445924670842579));
#7197=CARTESIAN_POINT('',(0.0296625247181323,0.00674639810867919,-0.0447287862955085));
#7198=CARTESIAN_POINT('',(0.0297057698899928,0.0067849151908207,-0.0447817228004346));
#7199=CARTESIAN_POINT('',(0.0298217193612169,0.00689402050331127,-0.0449191640435928));
#7200=CARTESIAN_POINT('',(0.0300669446009634,0.00716590101917617,-0.0451606323313176));
#7201=CARTESIAN_POINT('',(0.0303757442580112,0.00757383425387528,-0.0453274153352822));
#7202=CARTESIAN_POINT('',(0.0305526036490168,0.00781910688525321,-0.0453661727728331));
#7203=CARTESIAN_POINT('',(0.0307900292776842,0.00813002548394053,-0.0453536827749453));
#7204=CARTESIAN_POINT('',(0.0310174872195245,0.00840906039271646,-0.0452536919345441));
#7205=CARTESIAN_POINT('',(0.0312312494849095,0.00865727375603585,-0.0450877879240667));
#7206=CARTESIAN_POINT('',(0.0314460526119326,0.00888643798317426,-0.0448186066144776));
#7207=CARTESIAN_POINT('',(0.0315821365051573,0.00901438583640754,-0.0445836649744072));
#7208=CARTESIAN_POINT('',(0.0317520691989017,0.00917389430371752,-0.0441835854643952));
#7209=CARTESIAN_POINT('',(0.0318393521972923,0.00928562488187255,-0.0436437389565084));
#7210=CARTESIAN_POINT('',(0.0318325282358299,0.00930644454449646,-0.0434370408336412));
#7211=CARTESIAN_POINT('',(0.0318212417558134,0.00932057650645782,-0.0432964026254527));
#7212=CARTESIAN_POINT('',(0.0317995681392672,0.00933686047756743,-0.0431130245096198));
#7213=CARTESIAN_POINT('',(0.0317273875002832,0.00935429406379135,-0.0428304979574059));
#7214=CARTESIAN_POINT('',(0.031556057285963,0.00936014247479788,-0.0424934279056457));
#7215=CARTESIAN_POINT('',(0.0313547809394521,0.00935401930573061,-0.0422539837981276));
#7216=CARTESIAN_POINT('',(0.031157730972821,0.00934049501211262,-0.0420826439893906));
#7217=CARTESIAN_POINT('',(0.0309643151129193,0.00932145190724809,-0.0419541852781097));
#7218=CARTESIAN_POINT('',(0.0308521496508079,0.00930843611555819,-0.0418953724391842));
#7219=CARTESIAN_POINT('',(0.0306451888601177,0.0092813905862803,-0.0417979819488673));
#7220=CARTESIAN_POINT('',(0.030242164084601,0.00920514275270547,-0.0416674532064329));
#7221=CARTESIAN_POINT('',(0.0297394218189931,0.00903688305102428,-0.0416316100245608));
#7222=CARTESIAN_POINT('',(0.0294651375742406,0.00890989466248089,-0.0416567195327847));
#7223=CARTESIAN_POINT('',(0.0291339097808285,0.00869774290652535,-0.0417277237292158));
#7224=CARTESIAN_POINT('',(0.0288728841078479,0.00844325509191333,-0.0418510063535816));
#7225=CARTESIAN_POINT('',(0.0286751053696912,0.0081562210806124,-0.0420184601360395));
#7226=CARTESIAN_POINT('',(0.0285810254692336,0.00791904381791764,-0.0421769683499611));
#7227=CARTESIAN_POINT('',(0.0285453736377155,0.00775780602100519,-0.0422922505723518));
#7228=CARTESIAN_POINT('',(0.0285337515880697,0.00768758667340795,-0.0423432936094319));
#7229=CARTESIAN_POINT('',(0.0285142589024606,0.00751312320504276,-0.0424743641148416));
#7230=CARTESIAN_POINT('',(0.028524848060634,0.00726149944548406,-0.0426882497983583));
#7231=CARTESIAN_POINT('',(0.0286059650952846,0.0069982725056447,-0.0429697934162136));
#7232=CARTESIAN_POINT('',(0.0286755979726206,0.0068597503118056,-0.0431469466965875));
#7233=CARTESIAN_POINT('',(0.0287521885131316,0.0067523898205185,-0.0433097074808472));
#7234=CARTESIAN_POINT('',(0.0288020283670724,0.00669553921952949,-0.0434070762770678));
#7235=CARTESIAN_POINT('',(0.0288962172194667,0.00661477388351839,-0.0435844229451571));
#7236=CARTESIAN_POINT('',(0.0288123947883519,0.00668872600548642,-0.0434260764290347));
#7237=CARTESIAN_POINT('',(0.0199496876270507,0.0116818764266068,-0.0324187609197769));
#7238=CARTESIAN_POINT('',(0.0275745177036703,-0.0112606754903958,-0.0450753091206625));
#7239=CARTESIAN_POINT('',(0.0192407973686766,-0.0108394745541847,-0.0328738603773052));
#7240=CARTESIAN_POINT('',(0.0291619589403585,0.00418197078966889,-0.0433736252589437));
#7241=CARTESIAN_POINT('',(0.0283861353590383,0.00482032812700355,-0.0415732999424743));
#7242=CARTESIAN_POINT('',(0.0282411596827362,0.00541407324753239,-0.0407358793461156));
#7243=CARTESIAN_POINT('',(0.0286366787904318,0.00670330743518164,-0.039522443279349));
#7244=CARTESIAN_POINT('',(0.0292018513645328,0.00737301473791899,-0.0391619251749928));
#7245=CARTESIAN_POINT('',(0.0307261986318337,0.00836015558305309,-0.0391486670087277));
#7246=CARTESIAN_POINT('',(0.0316459112440637,0.00868811122968131,-0.0394855982660562));
#7247=CARTESIAN_POINT('',(0.0328317114016228,0.00892636809069345,-0.0404547332967929));
#7248=CARTESIAN_POINT('',(0.0331836606253264,0.00896549885282518,-0.0408491589383309));
#7249=CARTESIAN_POINT('',(0.0337570771311096,0.00896550762603444,-0.0417423703098025));
#7250=CARTESIAN_POINT('',(0.0339683403179029,0.00892503500221271,-0.0422302000382209));
#7251=CARTESIAN_POINT('',(0.0343513772551828,0.00868583628463271,-0.0437078029917011));
#7252=CARTESIAN_POINT('',(0.0342738355555424,0.00835700276364947,-0.044685952621626));
#7253=CARTESIAN_POINT('',(0.0337869317453846,0.00761522531413786,-0.0457161570622805));
#7254=CARTESIAN_POINT('',(0.033566469270118,0.00732764515031335,-0.0459831364748869));
#7255=CARTESIAN_POINT('',(0.0330420386981411,0.00670497195161541,-0.046317339806951));
#7256=CARTESIAN_POINT('',(0.0327426679314404,0.00637461781744284,-0.0463846899292572));
#7257=CARTESIAN_POINT('',(0.0317874129818471,0.00540457038631732,-0.0462732066749134));
#7258=CARTESIAN_POINT('',(0.031087565122776,0.00481391172162756,-0.0457876885331009));
#7259=CARTESIAN_POINT('',(0.0297778406454986,0.00418184115242065,-0.0443326432556732));
#7260=CARTESIAN_POINT('',(0.0291619589403585,0.00418197078966889,-0.0433736252589437));
#7261=CARTESIAN_POINT('',(0.0283861353590383,0.00482032812700355,-0.0415732999424743));
#7262=CARTESIAN_POINT('',(0.0290092677096263,0.00647356465178252,-0.0438129442245191));
#7263=CARTESIAN_POINT('',(0.0285679217850373,0.00695277452849637,-0.0429470644955923));
#7264=CARTESIAN_POINT('',(0.0284568875131253,0.0073885602367813,-0.0425531143302973));
#7265=CARTESIAN_POINT('',(0.0286624045035789,0.00825345615215415,-0.0419414097616827));
#7266=CARTESIAN_POINT('',(0.0290019879107249,0.00865558004549042,-0.0417245592936154));
#7267=CARTESIAN_POINT('',(0.0299500750244679,0.00915766960829106,-0.0415985820571901));
#7268=CARTESIAN_POINT('',(0.0305268291293376,0.00927539654730849,-0.0416919885019496));
#7269=CARTESIAN_POINT('',(0.0312196187116919,0.00934763036552353,-0.0421124416573313));
#7270=CARTESIAN_POINT('',(0.0314137443219459,0.00935793530998905,-0.0422979970590416));
#7271=CARTESIAN_POINT('',(0.0317004462451174,0.0093579470082231,-0.0427446071377011));
#7272=CARTESIAN_POINT('',(0.0317873569736332,0.00934723801590144,-0.0430005364827016));
#7273=CARTESIAN_POINT('',(0.0318786848378951,0.00927464617045832,-0.0438036709928956));
#7274=CARTESIAN_POINT('',(0.0317226307924731,0.00915665686664045,-0.0443680303064011));
#7275=CARTESIAN_POINT('',(0.0313404954713987,0.00877846597020048,-0.0449721688511023));
#7276=CARTESIAN_POINT('',(0.0311916460479779,0.00861837001105542,-0.0451304499411083));
#7277=CARTESIAN_POINT('',(0.0308769091596822,0.00824405235349784,-0.0453312698760017));
#7278=CARTESIAN_POINT('',(0.0307134082361061,0.00803296281918179,-0.0453738154333883));
#7279=CARTESIAN_POINT('',(0.0302299582593165,0.00738218462901228,-0.0453218085557682));
#7280=CARTESIAN_POINT('',(0.0299190869762841,0.00694804419387046,-0.045053991614672));
#7281=CARTESIAN_POINT('',(0.0293172890158152,0.00647339622545804,-0.0442923796553295));
#7282=CARTESIAN_POINT('',(0.0290092677096263,0.00647356465178252,-0.0438129442245191));
#7283=CARTESIAN_POINT('',(0.0285679217850373,0.00695277452849637,-0.0429470644955923));
#7284=CARTESIAN_POINT('',(-0.0118403993915005,0.008925,0.03032057602036));
#7285=CARTESIAN_POINT('',(-0.0118403993915005,0.008925,0.03032057602036));
#7286=CARTESIAN_POINT('',(0.0172843733519974,0.008925,-0.0150459198822239));
#7287=CARTESIAN_POINT('',(0.0111808948527687,0.0136336108290097,-0.00865212728092036));
#7288=CARTESIAN_POINT('',(0.0111808948527687,0.0136336108290097,-0.00865212728092036));
#7289=CARTESIAN_POINT('',(0.0117779434262826,0.0138481119394499,-0.00847059880440602));
#7290=CARTESIAN_POINT('',(0.0124360670634626,0.013925,-0.00842981133146133));
#7291=CARTESIAN_POINT('',(0.0130895154363802,0.013925,-0.00851175715701415));
#7292=CARTESIAN_POINT('',(-0.00121897144216158,0.00369685604417989,0.0371394115746906));
#7293=CARTESIAN_POINT('',(-0.0056185109505464,0.008925,0.0343149574084951));
#7294=CARTESIAN_POINT('',(0.0218757511531322,0.013925,-0.00851175715701415));
#7295=CARTESIAN_POINT('',(0.0227342835789817,0.013925,-0.00861942158976189));
#7296=CARTESIAN_POINT('',(0.0235332875393239,0.0138090873291923,-0.00888958807023308));
#7297=CARTESIAN_POINT('',(0.0243146140562903,0.0136336108290097,-0.00919732432810241));
#7298=CARTESIAN_POINT('',(0.0243146140562903,0.0136336108290097,-0.00919732432810241));
#7299=CARTESIAN_POINT('',(0.0260706090687494,0.008925,-0.0150459198822239));
#7300=CARTESIAN_POINT('',(-0.0162399388998853,0.00369685604417988,0.0274961218541644));
#7301=CARTESIAN_POINT('',(0.0122939642058783,0.00369685604417987,-0.01695));
#7302=CARTESIAN_POINT('',(0.00674092406389007,0.00625382822729071,-0.0162536198763012));
#7303=CARTESIAN_POINT('',(0.014427975262756,0.00369685604417987,-0.0202740638380441));
#7304=CARTESIAN_POINT('',(-0.0162399388998853,0.00369685604417988,0.0274961218541644));
#7305=CARTESIAN_POINT('',(0.0162399388998853,0.00369685604417988,0.0274961218541644));
#7306=CARTESIAN_POINT('',(-0.014427975262756,0.00369685604417987,-0.0202740638380441));
#7307=CARTESIAN_POINT('',(-0.00674092406389006,0.00625382822729071,-0.0162536198763012));
#7308=CARTESIAN_POINT('',(-0.0122939642058783,0.00369685604417987,-0.01695));
#7309=CARTESIAN_POINT('',(0.0162399388998853,0.00369685604417988,0.0274961218541644));
#7310=CARTESIAN_POINT('',(0.0118403993915005,0.008925,0.03032057602036));
#7311=CARTESIAN_POINT('',(-0.0130895154363802,0.013925,-0.00851175715701414));
#7312=CARTESIAN_POINT('',(-0.0124377973763463,0.013925,-0.00843002832169895));
#7313=CARTESIAN_POINT('',(-0.0117776047390863,0.0138479902596019,-0.00847070177989828));
#7314=CARTESIAN_POINT('',(-0.0111808948527687,0.0136336108290097,-0.00865212728092038));
#7315=CARTESIAN_POINT('',(-0.0111808948527687,0.0136336108290097,-0.00865212728092036));
#7316=CARTESIAN_POINT('',(-0.0172843733519974,0.008925,-0.0150459198822239));
#7317=CARTESIAN_POINT('',(0.0118403993915005,0.008925,0.03032057602036));
#7318=CARTESIAN_POINT('',(0.0056185109505464,0.008925,0.0343149574084951));
#7319=CARTESIAN_POINT('',(-0.0260706090687494,0.008925,-0.0150459198822239));
#7320=CARTESIAN_POINT('',(-0.0243146140562903,0.0136336108290097,-0.00919732432810242));
#7321=CARTESIAN_POINT('',(-0.0243146140562903,0.0136336108290097,-0.00919732432810242));
#7322=CARTESIAN_POINT('',(-0.0235332875393239,0.0138090873291924,-0.00888958807023307));
#7323=CARTESIAN_POINT('',(-0.0227342835789817,0.0139250000000012,-0.00861942158976263));
#7324=CARTESIAN_POINT('',(-0.0218757511531321,0.0139250000000011,-0.00851175715701498));
#7325=CARTESIAN_POINT('',(0.00121897144216158,0.00369685604417989,0.0371394115746906));
#7326=CARTESIAN_POINT('',(-0.035,-0.01045,0.00432853172679885));
#7327=CARTESIAN_POINT('',(-0.035,-0.01045,0.00432853172679885));
#7328=CARTESIAN_POINT('',(-0.035,-0.01045,0.00432853172679885));
#7329=CARTESIAN_POINT('',(-0.035,-0.00432853172679884,0.01045));
#7330=CARTESIAN_POINT('',(-0.035,-0.00432853172679884,0.01045));
#7331=CARTESIAN_POINT('',(-0.035,-0.00432853172679884,0.01045));
#7332=CARTESIAN_POINT('',(-0.035,0.00432853172679884,0.01045));
#7333=CARTESIAN_POINT('',(-0.035,0.00432853172679884,0.01045));
#7334=CARTESIAN_POINT('',(-0.035,0.00432853172679884,0.01045));
#7335=CARTESIAN_POINT('',(-0.035,0.01045,0.00432853172679884));
#7336=CARTESIAN_POINT('',(-0.035,0.01045,0.00432853172679884));
#7337=CARTESIAN_POINT('',(-0.035,0.01045,0.00432853172679884));
#7338=CARTESIAN_POINT('',(-0.0162399388998853,-0.00369685604417989,0.0274961218541644));
#7339=CARTESIAN_POINT('',(0.014427975262756,-0.00369685604417989,-0.0202740638380441));
#7340=CARTESIAN_POINT('',(0.00674092406389005,-0.00625382822729071,-0.0162536198763012));
#7341=CARTESIAN_POINT('',(0.0122939642058783,-0.00369685604417989,-0.01695));
#7342=CARTESIAN_POINT('',(-0.0162399388998853,-0.00369685604417989,0.0274961218541644));
#7343=CARTESIAN_POINT('',(0.0118403993915005,-0.008925,0.03032057602036));
#7344=CARTESIAN_POINT('',(-0.0172843733519974,-0.008925,-0.0150459198822239));
#7345=CARTESIAN_POINT('',(-0.0111808948527687,-0.0136336108290097,-0.00865212728092037));
#7346=CARTESIAN_POINT('',(-0.0111808948527687,-0.0136336108290097,-0.00865212728092037));
#7347=CARTESIAN_POINT('',(-0.0117779434262826,-0.0138481119394499,-0.00847059880440604));
#7348=CARTESIAN_POINT('',(-0.0124360670634626,-0.013925,-0.00842981133146132));
#7349=CARTESIAN_POINT('',(-0.0130895154363802,-0.013925,-0.00851175715701414));
#7350=CARTESIAN_POINT('',(0.0118403993915005,-0.008925,0.03032057602036));
#7351=CARTESIAN_POINT('',(0.0162399388998853,-0.00369685604417989,0.0274961218541644));
#7352=CARTESIAN_POINT('',(-0.0122939642058783,-0.00369685604417988,-0.01695));
#7353=CARTESIAN_POINT('',(-0.00674092406389006,-0.00625382822729071,-0.0162536198763012));
#7354=CARTESIAN_POINT('',(-0.014427975262756,-0.00369685604417988,-0.0202740638380441));
#7355=CARTESIAN_POINT('',(0.0162399388998853,-0.00369685604417989,0.0274961218541644));
#7356=CARTESIAN_POINT('',(0.00121897144216158,-0.00369685604417989,0.0371394115746906));
#7357=CARTESIAN_POINT('',(0.0056185109505464,-0.008925,0.0343149574084951));
#7358=CARTESIAN_POINT('',(-0.0218757511531322,-0.013925,-0.00851175715701414));
#7359=CARTESIAN_POINT('',(-0.0227342835789817,-0.013925,-0.00861942158976188));
#7360=CARTESIAN_POINT('',(-0.0235332875393239,-0.0138090873291924,-0.00888958807023308));
#7361=CARTESIAN_POINT('',(-0.0243146140562903,-0.0136336108290097,-0.00919732432810243));
#7362=CARTESIAN_POINT('',(-0.0243146140562903,-0.0136336108290097,-0.00919732432810243));
#7363=CARTESIAN_POINT('',(-0.0260706090687494,-0.008925,-0.0150459198822239));
#7364=CARTESIAN_POINT('',(-0.0118403993915005,-0.008925,0.03032057602036));
#7365=CARTESIAN_POINT('',(0.0130895154363802,-0.013925,-0.00851175715701414));
#7366=CARTESIAN_POINT('',(0.0124377973763463,-0.013925,-0.00843002832169896));
#7367=CARTESIAN_POINT('',(0.0117776047390863,-0.0138479902596019,-0.00847070177989826));
#7368=CARTESIAN_POINT('',(0.0111808948527687,-0.0136336108290097,-0.00865212728092036));
#7369=CARTESIAN_POINT('',(0.0111808948527687,-0.0136336108290097,-0.00865212728092037));
#7370=CARTESIAN_POINT('',(0.0172843733519974,-0.008925,-0.0150459198822239));
#7371=CARTESIAN_POINT('',(-0.0118403993915005,-0.008925,0.03032057602036));
#7372=CARTESIAN_POINT('',(-0.0056185109505464,-0.008925,0.0343149574084951));
#7373=CARTESIAN_POINT('',(0.0260706090687494,-0.008925,-0.0150459198822239));
#7374=CARTESIAN_POINT('',(0.0243146140562903,-0.0136336108290097,-0.00919732432810241));
#7375=CARTESIAN_POINT('',(0.0243146140562903,-0.0136336108290097,-0.00919732432810241));
#7376=CARTESIAN_POINT('',(0.0235332875393239,-0.0138090873291924,-0.00888958807023307));
#7377=CARTESIAN_POINT('',(0.0227342835789816,-0.0139250000000012,-0.00861942158976262));
#7378=CARTESIAN_POINT('',(0.0218757511531321,-0.0139250000000011,-0.00851175715701498));
#7379=CARTESIAN_POINT('',(-0.00121897144216158,-0.00369685604417989,0.0371394115746906));
#7380=CARTESIAN_POINT('',(-0.035,0.01045,-0.00432853172679884));
#7381=CARTESIAN_POINT('',(-0.035,0.0142769230769231,-0.00754639744234907));
#7382=CARTESIAN_POINT('',(-0.0130895154363802,0.0142769230769231,-0.00754639744234907));
#7383=CARTESIAN_POINT('',(-0.0218757511531322,0.0142769230769231,-0.00754639744234907));
#7384=CARTESIAN_POINT('',(-0.0218757511531322,0.0142769230769231,-0.00754639744234907));
#7385=CARTESIAN_POINT('',(-0.0228518751837233,0.0142769230769231,-0.00754639744234907));
#7386=CARTESIAN_POINT('',(-0.0238017541605562,0.0141672385887035,-0.00768236094996079));
#7387=CARTESIAN_POINT('',(-0.0247392298949256,0.0139855339059327,-0.00786406563273158));
#7388=CARTESIAN_POINT('',(0.0247392298949256,0.0139855339059327,-0.00786406563273158));
#7389=CARTESIAN_POINT('',(0.0238017541605562,0.0141672385887035,-0.0076823609499608));
#7390=CARTESIAN_POINT('',(0.0228518751837233,0.0142769230769231,-0.00754639744234907));
#7391=CARTESIAN_POINT('',(0.0218757511531322,0.0142769230769231,-0.00754639744234907));
#7392=CARTESIAN_POINT('',(0.0218757511531322,0.0142769230769231,-0.00754639744234908));
#7393=CARTESIAN_POINT('',(-0.035,0.0142769230769231,-0.00754639744234908));
#7394=CARTESIAN_POINT('',(0.0130895154363802,0.0142769230769231,-0.00754639744234907));
#7395=CARTESIAN_POINT('',(0.0130895154363802,0.0142769230769231,-0.00754639744234907));
#7396=CARTESIAN_POINT('',(0.0122901104225221,0.0142769230769231,-0.00754639744234907));
#7397=CARTESIAN_POINT('',(0.0114980024969835,0.014198051961771,-0.00765154757689333));
#7398=CARTESIAN_POINT('',(0.0107562790141334,0.0139855339059328,-0.00786406563273156));
#7399=CARTESIAN_POINT('',(-0.0107562790141334,0.0139855339059327,-0.00786406563273158));
#7400=CARTESIAN_POINT('',(-0.0114976059735347,0.0141979383501699,-0.00765166118849442));
#7401=CARTESIAN_POINT('',(-0.0122909799994804,0.0142769230769234,-0.00754639744234903));
#7402=CARTESIAN_POINT('',(-0.0130895154363801,0.0142769230769234,-0.00754639744234903));
#7403=CARTESIAN_POINT('',(-0.035,-0.01045,-0.00432853172679884));
#7404=CARTESIAN_POINT('',(-0.0247392298949256,-0.0139855339059327,-0.00786406563273158));
#7405=CARTESIAN_POINT('',(-0.0238017541605562,-0.0141672385887035,-0.00768236094996079));
#7406=CARTESIAN_POINT('',(-0.0228518751837233,-0.0142769230769231,-0.00754639744234907));
#7407=CARTESIAN_POINT('',(-0.0218757511531322,-0.0142769230769231,-0.00754639744234907));
#7408=CARTESIAN_POINT('',(-0.0218757511531322,-0.0142769230769231,-0.00754639744234907));
#7409=CARTESIAN_POINT('',(-0.035,-0.0142769230769231,-0.00754639744234907));
#7410=CARTESIAN_POINT('',(-0.0130895154363802,-0.0142769230769231,-0.00754639744234907));
#7411=CARTESIAN_POINT('',(-0.0130895154363802,-0.0142769230769231,-0.00754639744234907));
#7412=CARTESIAN_POINT('',(-0.012290110422522,-0.0142769230769231,-0.00754639744234907));
#7413=CARTESIAN_POINT('',(-0.0114980024969835,-0.014198051961771,-0.00765154757689333));
#7414=CARTESIAN_POINT('',(-0.0107562790141334,-0.0139855339059328,-0.00786406563273156));
#7415=CARTESIAN_POINT('',(0.0107562790141334,-0.0139855339059327,-0.00786406563273158));
#7416=CARTESIAN_POINT('',(0.0114976059735346,-0.0141979383501699,-0.00765166118849442));
#7417=CARTESIAN_POINT('',(0.0122909799994804,-0.0142769230769234,-0.00754639744234903));
#7418=CARTESIAN_POINT('',(0.0130895154363801,-0.0142769230769234,-0.00754639744234903));
#7419=CARTESIAN_POINT('',(0.0130895154363802,-0.0142769230769231,-0.00754639744234907));
#7420=CARTESIAN_POINT('',(-0.035,-0.0142769230769231,-0.00754639744234907));
#7421=CARTESIAN_POINT('',(0.0218757511531322,-0.0142769230769231,-0.00754639744234907));
#7422=CARTESIAN_POINT('',(0.0218757511531322,-0.0142769230769231,-0.00754639744234907));
#7423=CARTESIAN_POINT('',(0.0228518751837233,-0.0142769230769231,-0.00754639744234907));
#7424=CARTESIAN_POINT('',(0.0238017541605562,-0.0141672385887035,-0.00768236094996079));
#7425=CARTESIAN_POINT('',(0.0247392298949256,-0.0139855339059327,-0.00786406563273157));
#7426=CARTESIAN_POINT('',(2.60208521396521E-18,0.0025,-0.02745));
#7427=CARTESIAN_POINT('',(0.00538928680259564,0.0025,-0.01695));
#7428=CARTESIAN_POINT('',(2.4183881940931E-18,0.0025,-0.02595));
#7429=CARTESIAN_POINT('',(2.60208521396521E-18,-0.0025,-0.02745));
#7430=CARTESIAN_POINT('',(2.60208521396521E-18,-0.0025,-0.01695));
#7431=CARTESIAN_POINT('',(0.0130931498841185,-0.0025,-0.02595));
#7432=CARTESIAN_POINT('',(2.60208521396521E-18,0.,-0.02745));
#7433=CARTESIAN_POINT('',(-0.0130931498841185,-0.001,-0.02745));
#7434=CARTESIAN_POINT('',(2.60208521396521E-18,0.001,-0.02745));
#7435=CARTESIAN_POINT('',(-0.0101807804477019,0.0346991099010489,0.0107281900188249));
#7436=CARTESIAN_POINT('',(0.0285817411439757,0.0135211940777126,-0.0104497258045114));
#7437=CARTESIAN_POINT('',(0.0243146140562903,0.0136336108290097,-0.0091973243281024));
#7438=CARTESIAN_POINT('',(0.0244630379417878,0.0134374695113284,-0.00841213002733588));
#7439=CARTESIAN_POINT('',(0.0247392298949256,0.0139855339059328,-0.00786406563273155));
#7440=CARTESIAN_POINT('',(0.0254187937973427,0.0133856253935671,-0.00963222079474794));
#7441=CARTESIAN_POINT('',(0.0256465658174962,0.0130604773603687,-0.00878912217829505));
#7442=CARTESIAN_POINT('',(0.0260186703840714,0.0136631528398544,-0.00818644669880992));
#7443=CARTESIAN_POINT('',(0.0265804490467458,0.0129818077460504,-0.0102605972595464));
#7444=CARTESIAN_POINT('',(0.0268367338452882,0.0124748008898015,-0.00937479864886631));
#7445=CARTESIAN_POINT('',(0.0273414087502305,0.0131381898980803,-0.00871140964058404));
#7446=CARTESIAN_POINT('',(0.027689184173443,0.0124605339059327,-0.0110227371956316));
#7447=CARTESIAN_POINT('',(0.0278560141731962,0.0117963748921476,-0.0100532246465167));
#7448=CARTESIAN_POINT('',(0.0285817411439757,0.0124605339059327,-0.00938906563273157));
#7449=CARTESIAN_POINT('',(0.0247392298949256,0.0150461940777125,-0.0089247258045114));
#7450=CARTESIAN_POINT('',(0.0218757511531322,0.013925,-0.00851175715701414));
#7451=CARTESIAN_POINT('',(0.0218757511531322,0.013925,-0.00796493030339122));
#7452=CARTESIAN_POINT('',(0.0218757511531322,0.0142769230769231,-0.00754639744234907));
#7453=CARTESIAN_POINT('',(0.0227048463018866,0.013925,-0.0086157300157914));
#7454=CARTESIAN_POINT('',(0.0227865695243701,0.0138866115410172,-0.00801058468773378));
#7455=CARTESIAN_POINT('',(0.0228668006503773,0.0142769230672676,-0.00754639745383213));
#7456=CARTESIAN_POINT('',(0.0235150293371838,0.013813187899948,-0.00888239681978809));
#7457=CARTESIAN_POINT('',(0.0236648396989446,0.0137008992914885,-0.00820255077763759));
#7458=CARTESIAN_POINT('',(0.0238127312236067,0.0141651109799619,-0.00768448855870239));
#7459=CARTESIAN_POINT('',(0.0243146140562903,0.0136336108290096,-0.00919732432810241));
#7460=CARTESIAN_POINT('',(0.0244630379417878,0.0134374695113284,-0.0084121300273359));
#7461=CARTESIAN_POINT('',(0.0247392298949256,0.0139855339059327,-0.00786406563273157));
#7462=CARTESIAN_POINT('',(0.0218757511531322,0.015425,-0.00851175715701414));
#7463=CARTESIAN_POINT('',(-0.035,0.015425,-0.00851175715701415));
#7464=CARTESIAN_POINT('',(0.0130895154363802,0.015425,-0.00851175715701415));
#7465=CARTESIAN_POINT('',(0.0111808948527687,0.0136336108290097,-0.00865212728092037));
#7466=CARTESIAN_POINT('',(0.0109929125924896,0.0136678836439435,-0.00818171589472083));
#7467=CARTESIAN_POINT('',(0.0107562790141334,0.0139855339059327,-0.00786406563273158));
#7468=CARTESIAN_POINT('',(0.0117554517407501,0.0138400313732608,-0.00847743723661587));
#7469=CARTESIAN_POINT('',(0.011626988818648,0.013878854366612,-0.00800766798370714));
#7470=CARTESIAN_POINT('',(0.0114767211613896,0.0141919544507481,-0.00765764508791619));
#7471=CARTESIAN_POINT('',(0.0124085911437897,0.013925,-0.00842636570121634));
#7472=CARTESIAN_POINT('',(0.0123585094215421,0.0139558098649753,-0.00792828894074619));
#7473=CARTESIAN_POINT('',(0.0122755802935568,0.0142769230818301,-0.00754639743651327));
#7474=CARTESIAN_POINT('',(0.0130895154363802,0.013925,-0.00851175715701413));
#7475=CARTESIAN_POINT('',(0.0130895154363802,0.013925,-0.00796493030339122));
#7476=CARTESIAN_POINT('',(0.0130895154363802,0.0142769230769231,-0.00754639744234907));
#7477=CARTESIAN_POINT('',(0.0107562790141334,0.0150461940777125,-0.0089247258045114));
#7478=CARTESIAN_POINT('',(0.00976438993550316,0.0124605339059327,-0.00987671441339118));
#7479=CARTESIAN_POINT('',(0.00937606820875881,0.0123227893641741,-0.0095268101744902));
#7480=CARTESIAN_POINT('',(0.00887183296497048,0.0124605339059327,-0.00938906563273158));
#7481=CARTESIAN_POINT('',(0.0100030302331481,0.0129818077480919,-0.00928354236284699));
#7482=CARTESIAN_POINT('',(0.00965959292934714,0.0129292401888636,-0.00892035934980346));
#7483=CARTESIAN_POINT('',(0.00924207053017614,0.013138189900737,-0.00871140963792726));
#7484=CARTESIAN_POINT('',(0.0104906450413796,0.0133856253926615,-0.0088619929471873));
#7485=CARTESIAN_POINT('',(0.0102265404816562,0.013402096191852,-0.00844750334681592));
#7486=CARTESIAN_POINT('',(0.00989076845401314,0.0136631528386808,-0.00818644669998355));
#7487=CARTESIAN_POINT('',(0.0111808948527687,0.0136336108290097,-0.00865212728092037));
#7488=CARTESIAN_POINT('',(0.0109929125924896,0.0136678836439435,-0.00818171589472082));
#7489=CARTESIAN_POINT('',(0.0107562790141335,0.0139855339059327,-0.00786406563273158));
#7490=CARTESIAN_POINT('',(0.00887183296497046,0.0135211940777126,-0.0104497258045114));
#7491=CARTESIAN_POINT('',(0.0024442541927858,0.0017566199327689,-0.0222142999494551));
#7492=CARTESIAN_POINT('',(0.00601543487572912,0.00829305012189243,-0.0156778697603316));
#7493=CARTESIAN_POINT('',(0.00674135232008148,0.00624741660169766,-0.0162613376459163));
#7494=CARTESIAN_POINT('',(0.00629836147261967,0.00593174705309809,-0.0159178524855662));
#7495=CARTESIAN_POINT('',(0.005655667187863,0.00595192459717318,-0.0158976749414911));
#7496=CARTESIAN_POINT('',(0.0067169396823782,0.00660591393142281,-0.0158297504499311));
#7497=CARTESIAN_POINT('',(0.006282899258583,0.00635188799298543,-0.0154977115456783));
#7498=CARTESIAN_POINT('',(0.00568493047709813,0.00641797112581565,-0.0154316284128487));
#7499=CARTESIAN_POINT('',(0.00677306578860545,0.00693766426808777,-0.0154402349467712));
#7500=CARTESIAN_POINT('',(0.00635695114991038,0.00674659444084187,-0.0151030050978196));
#7501=CARTESIAN_POINT('',(0.00580610436633125,0.00684924656348098,-0.0150003529751833));
#7502=CARTESIAN_POINT('',(0.0069079918462618,0.00723238995011261,-0.0151048583692113));
#7503=CARTESIAN_POINT('',(0.00651967011951746,0.00709464540835399,-0.0147549541303103));
#7504=CARTESIAN_POINT('',(0.00601543487572913,0.00723238995011261,-0.0146172095885517));
#7505=CARTESIAN_POINT('',(0.00570329853790244,0.00634360999645054,-0.0155059895422138));
#7506=CARTESIAN_POINT('',(0.00611332759017594,0.00622750444731167,-0.0156220950913527));
#7507=CARTESIAN_POINT('',(0.00648308379153863,0.00620309420590616,-0.0159078780100831));
#7508=CARTESIAN_POINT('',(0.00674092406389006,0.00625382822729071,-0.0162536198763012));
#7509=CARTESIAN_POINT('',(0.0045697613323583,-8.67361737988404E-19,-0.01695));
#7510=CARTESIAN_POINT('',(0.0045697613323583,0.00369685604417987,-0.01695));
#7511=CARTESIAN_POINT('',(0.00487290528817843,0.00369685604417987,-0.015480951416035));
#7512=CARTESIAN_POINT('',(0.0045697613323583,0.004,-0.01695));
#7513=CARTESIAN_POINT('',(0.00583202750527625,0.00369685604417987,-0.0161396395192835));
#7514=CARTESIAN_POINT('',(0.00538928680259563,0.00369685604417987,-0.01545));
#7515=CARTESIAN_POINT('',(0.00456976133235829,0.00369685604417987,-0.01545));
#7516=CARTESIAN_POINT('',(0.0058320275052761,0.00459690191807271,-0.0161396395192833));
#7517=CARTESIAN_POINT('',(0.00538928680259736,0.00469160943096529,-0.0154499999999965));
#7518=CARTESIAN_POINT('',(0.0045697613323593,0.00486691568024076,-0.01545));
#7519=CARTESIAN_POINT('',(0.0061535219323353,0.00549568959854154,-0.0161799565930212));
#7520=CARTESIAN_POINT('',(0.00575953406770621,0.0056984695643956,-0.0154500000000003));
#7521=CARTESIAN_POINT('',(0.00495405605580754,0.00603533966484733,-0.01545));
#7522=CARTESIAN_POINT('',(0.00675159643178444,0.00626765402250862,-0.0162549582467585));
#7523=CARTESIAN_POINT('',(0.00640878784297993,0.0065118605754977,-0.01545));
#7524=CARTESIAN_POINT('',(0.00566895763737201,0.00703889341600724,-0.01545));
#7525=CARTESIAN_POINT('',(0.00487290528817843,0.00369685604417987,-0.015480951416035));
#7526=CARTESIAN_POINT('',(0.00477376827578803,0.00379599305657028,-0.0154604941034367));
#7527=CARTESIAN_POINT('',(0.0046753126314296,0.00389736436423055,-0.01545));
#7528=CARTESIAN_POINT('',(0.00457816620499879,0.004,-0.01545));
#7529=CARTESIAN_POINT('',(-0.00456976133235829,-8.67361737988404E-19,-0.01695));
#7530=CARTESIAN_POINT('',(-0.00456976133235829,0.004,-0.01695));
#7531=CARTESIAN_POINT('',(-0.00487290528817842,0.00369685604417987,-0.015480951416035));
#7532=CARTESIAN_POINT('',(-0.00456976133235829,0.00369685604417987,-0.01695));
#7533=CARTESIAN_POINT('',(-0.035,0.004,-0.01695));
#7534=CARTESIAN_POINT('',(-0.00487290528817842,0.00369685604417987,-0.015480951416035));
#7535=CARTESIAN_POINT('',(-0.00477376827578802,0.00379599305657028,-0.0154604941034367));
#7536=CARTESIAN_POINT('',(-0.00467531263143835,0.00389736436423884,-0.01545));
#7537=CARTESIAN_POINT('',(-0.00457816620499878,0.004,-0.01545));
#7538=CARTESIAN_POINT('',(-0.00675159643178444,0.00626765402250862,-0.0162549582467585));
#7539=CARTESIAN_POINT('',(-0.00640878784297993,0.0065118605754977,-0.01545));
#7540=CARTESIAN_POINT('',(-0.00566895763737201,0.00703889341600725,-0.01545));
#7541=CARTESIAN_POINT('',(-0.00615352193233453,0.00549568959854095,-0.0161799565930207));
#7542=CARTESIAN_POINT('',(-0.00575953406770937,0.00569846956439514,-0.0154500000000017));
#7543=CARTESIAN_POINT('',(-0.00495405605580968,0.00603533966484733,-0.01545));
#7544=CARTESIAN_POINT('',(-0.0058320275052761,0.00459690191807346,-0.0161396395192833));
#7545=CARTESIAN_POINT('',(-0.00538928680259736,0.00469160943096441,-0.0154499999999965));
#7546=CARTESIAN_POINT('',(-0.0045697613323593,0.00486691568024049,-0.01545));
#7547=CARTESIAN_POINT('',(-0.00583202750527625,0.00369685604417986,-0.0161396395192835));
#7548=CARTESIAN_POINT('',(-0.00538928680259563,0.00369685604417985,-0.01545));
#7549=CARTESIAN_POINT('',(-0.00456976133235829,0.00369685604417985,-0.01545));
#7550=CARTESIAN_POINT('',(-0.00570329853790244,0.00634360999645055,-0.0155059895422138));
#7551=CARTESIAN_POINT('',(-0.00611326828791934,0.00622752123958782,-0.0156220782990765));
#7552=CARTESIAN_POINT('',(-0.00648304049455132,0.00620308568654451,-0.0159078199525253));
#7553=CARTESIAN_POINT('',(-0.00674092406389006,0.00625382822729071,-0.0162536198763012));
#7554=CARTESIAN_POINT('',(-0.00690799184626181,0.00723238995011261,-0.0151048583692113));
#7555=CARTESIAN_POINT('',(-0.00651967011951747,0.00709464540835399,-0.0147549541303103));
#7556=CARTESIAN_POINT('',(-0.00601543487572913,0.00723238995011261,-0.0146172095885517));
#7557=CARTESIAN_POINT('',(-0.00677306578860554,0.00693766426808658,-0.0154402349467735));
#7558=CARTESIAN_POINT('',(-0.00635695114990675,0.00674659444084351,-0.0151030050978229));
#7559=CARTESIAN_POINT('',(-0.00580610436633125,0.00684924656347897,-0.0150003529751854));
#7560=CARTESIAN_POINT('',(-0.00671693968237984,0.00660591393142194,-0.0158297504499346));
#7561=CARTESIAN_POINT('',(-0.00628289925858177,0.00635188799298545,-0.0154977115456782));
#7562=CARTESIAN_POINT('',(-0.00568493047709813,0.00641797112581579,-0.0154316284128485));
#7563=CARTESIAN_POINT('',(-0.00674135232008148,0.00624741660169767,-0.0162613376459163));
#7564=CARTESIAN_POINT('',(-0.00629836147261967,0.0059317470530981,-0.0159178524855662));
#7565=CARTESIAN_POINT('',(-0.005655667187863,0.00595192459717318,-0.0158976749414911));
#7566=CARTESIAN_POINT('',(-0.00601543487572912,0.00829305012189242,-0.0156778697603316));
#7567=CARTESIAN_POINT('',(-0.0135378192772975,0.0220614771106044,-0.00190944277161959));
#7568=CARTESIAN_POINT('',(-0.00887183296497045,0.0135211940777126,-0.0104497258045114));
#7569=CARTESIAN_POINT('',(-0.0111808948527687,0.0136336108290096,-0.00865212728092037));
#7570=CARTESIAN_POINT('',(-0.0109929125924896,0.0136678836439435,-0.00818171589472083));
#7571=CARTESIAN_POINT('',(-0.0107562790141334,0.0139855339059327,-0.00786406563273158));
#7572=CARTESIAN_POINT('',(-0.0104906450413827,0.013385625392662,-0.00886199294718974));
#7573=CARTESIAN_POINT('',(-0.0102265404816606,0.0134020961918481,-0.00844750334681782));
#7574=CARTESIAN_POINT('',(-0.00989076845401651,0.0136631528386774,-0.00818644669998695));
#7575=CARTESIAN_POINT('',(-0.0100030302331463,0.0129818077480925,-0.00928354236284318));
#7576=CARTESIAN_POINT('',(-0.00965959292934396,0.0129292401888663,-0.00892035934980024));
#7577=CARTESIAN_POINT('',(-0.00924207053017168,0.0131381899007397,-0.00871140963792459));
#7578=CARTESIAN_POINT('',(-0.00976438993550316,0.0124605339059327,-0.00987671441339119));
#7579=CARTESIAN_POINT('',(-0.00937606820875881,0.0123227893641741,-0.00952681017449021));
#7580=CARTESIAN_POINT('',(-0.00887183296497048,0.0124605339059327,-0.00938906563273158));
#7581=CARTESIAN_POINT('',(-0.0107562790141334,0.0150461940777125,-0.0089247258045114));
#7582=CARTESIAN_POINT('',(-0.0130895154363802,0.013925,-0.00851175715701414));
#7583=CARTESIAN_POINT('',(-0.0130895154363802,0.013925,-0.00796493030339122));
#7584=CARTESIAN_POINT('',(-0.0130895154363802,0.0142769230769231,-0.00754639744234907));
#7585=CARTESIAN_POINT('',(-0.0124096966368752,0.013925,-0.00842650433736067));
#7586=CARTESIAN_POINT('',(-0.0123596840538909,0.0139557603561548,-0.00792834781999685));
#7587=CARTESIAN_POINT('',(-0.0122769017319866,0.0142769230807326,-0.00754639743781855));
#7588=CARTESIAN_POINT('',(-0.0117554198226997,0.0138400199065395,-0.00847744693875462));
#7589=CARTESIAN_POINT('',(-0.0116269537537894,0.0138788427023606,-0.00800767760698137));
#7590=CARTESIAN_POINT('',(-0.0114766811386834,0.0141919429854855,-0.00765765655317881));
#7591=CARTESIAN_POINT('',(-0.0111808948527687,0.0136336108290097,-0.00865212728092037));
#7592=CARTESIAN_POINT('',(-0.0109929125924896,0.0136678836439435,-0.00818171589472083));
#7593=CARTESIAN_POINT('',(-0.0107562790141334,0.0139855339059327,-0.00786406563273159));
#7594=CARTESIAN_POINT('',(-0.0130895154363802,0.015425,-0.00851175715701414));
#7595=CARTESIAN_POINT('',(-0.035,0.015425,-0.00851175715701414));
#7596=CARTESIAN_POINT('',(-0.0218757511531322,0.015425,-0.00851175715701414));
#7597=CARTESIAN_POINT('',(-0.0243146140562903,0.0136336108290097,-0.00919732432810243));
#7598=CARTESIAN_POINT('',(-0.0244630379417878,0.0134374695113284,-0.00841213002733591));
#7599=CARTESIAN_POINT('',(-0.0247392298949256,0.0139855339059327,-0.00786406563273158));
#7600=CARTESIAN_POINT('',(-0.0235150293371733,0.0138131878999483,-0.00888239681977297));
#7601=CARTESIAN_POINT('',(-0.0236648396989247,0.0137008992914784,-0.00820255077762905));
#7602=CARTESIAN_POINT('',(-0.0238127312235811,0.0141651109799568,-0.0076844885587075));
#7603=CARTESIAN_POINT('',(-0.0227048463019122,0.013925,-0.0086157300157974));
#7604=CARTESIAN_POINT('',(-0.0227865695244036,0.013886611541013,-0.00801058468773764));
#7605=CARTESIAN_POINT('',(-0.0228668006504029,0.0142769230672676,-0.00754639745383213));
#7606=CARTESIAN_POINT('',(-0.0218757511531322,0.013925,-0.00851175715701413));
#7607=CARTESIAN_POINT('',(-0.0218757511531321,0.013925,-0.00796493030339122));
#7608=CARTESIAN_POINT('',(-0.0218757511531322,0.0142769230769231,-0.00754639744234907));
#7609=CARTESIAN_POINT('',(-0.0247392298949256,0.0150461940777125,-0.0089247258045114));
#7610=CARTESIAN_POINT('',(-0.027689184173443,0.0124605339059327,-0.0110227371956316));
#7611=CARTESIAN_POINT('',(-0.0278560141731962,0.0117963748921476,-0.0100532246465167));
#7612=CARTESIAN_POINT('',(-0.0285817411439757,0.0124605339059327,-0.00938906563273157));
#7613=CARTESIAN_POINT('',(-0.0265804490467495,0.0129818077460507,-0.0102605972595526));
#7614=CARTESIAN_POINT('',(-0.0268367338452998,0.0124748008898023,-0.00937479864886512));
#7615=CARTESIAN_POINT('',(-0.0273414087502358,0.0131381898980832,-0.0087114096405811));
#7616=CARTESIAN_POINT('',(-0.0254187937973439,0.0133856253935678,-0.00963222079475344));
#7617=CARTESIAN_POINT('',(-0.0256465658174821,0.0130604773603635,-0.00878912217829705));
#7618=CARTESIAN_POINT('',(-0.0260186703840809,0.0136631528398544,-0.00818644669880993));
#7619=CARTESIAN_POINT('',(-0.0243146140562904,0.0136336108290097,-0.00919732432810242));
#7620=CARTESIAN_POINT('',(-0.0244630379417878,0.0134374695113284,-0.0084121300273359));
#7621=CARTESIAN_POINT('',(-0.0247392298949257,0.0139855339059327,-0.00786406563273157));
#7622=CARTESIAN_POINT('',(-0.0285817411439757,0.0135211940777126,-0.0104497258045114));
#7623=CARTESIAN_POINT('',(0.00478708147850097,0.0317522607783469,0.00778134089612294));
#7624=CARTESIAN_POINT('',(-0.0101807804477019,-0.0346991099010489,0.0107281900188249));
#7625=CARTESIAN_POINT('',(0.0285817411439756,-0.0135211940777126,-0.0104497258045114));
#7626=CARTESIAN_POINT('',(0.027689184173443,-0.0124605339059327,-0.0110227371956316));
#7627=CARTESIAN_POINT('',(0.0278560141731962,-0.0117963748921476,-0.0100532246465167));
#7628=CARTESIAN_POINT('',(0.0285817411439757,-0.0124605339059327,-0.00938906563273158));
#7629=CARTESIAN_POINT('',(0.0265804490467459,-0.012981807746052,-0.0102605972595495));
#7630=CARTESIAN_POINT('',(0.0268367338452998,-0.0124748008898056,-0.00937479864886016));
#7631=CARTESIAN_POINT('',(0.0273414087502358,-0.0131381898980886,-0.00871140964057567));
#7632=CARTESIAN_POINT('',(0.0254187937973539,-0.0133856253935651,-0.0096322207947554));
#7633=CARTESIAN_POINT('',(0.02564656581749,-0.0130604773603646,-0.00878912217829177));
#7634=CARTESIAN_POINT('',(0.0260186703840808,-0.0136631528398544,-0.00818644669880994));
#7635=CARTESIAN_POINT('',(0.0243146140562903,-0.0136336108290097,-0.00919732432810241));
#7636=CARTESIAN_POINT('',(0.0244630379417878,-0.0134374695113284,-0.0084121300273359));
#7637=CARTESIAN_POINT('',(0.0247392298949256,-0.0139855339059327,-0.00786406563273157));
#7638=CARTESIAN_POINT('',(0.0247392298949256,-0.0150461940777126,-0.00892472580451139));
#7639=CARTESIAN_POINT('',(0.0243146140562903,-0.0136336108290097,-0.00919732432810241));
#7640=CARTESIAN_POINT('',(0.0244630379417878,-0.0134374695113284,-0.0084121300273359));
#7641=CARTESIAN_POINT('',(0.0247392298949256,-0.0139855339059328,-0.00786406563273157));
#7642=CARTESIAN_POINT('',(0.0235150293371908,-0.0138131878999429,-0.00888239681977219));
#7643=CARTESIAN_POINT('',(0.0236648396989226,-0.0137008992914171,-0.00820255077763794));
#7644=CARTESIAN_POINT('',(0.023812731223593,-0.0141651109799338,-0.00768448855873053));
#7645=CARTESIAN_POINT('',(0.0227048463019105,-0.013925,-0.00861573001579654));
#7646=CARTESIAN_POINT('',(0.0227865695244009,-0.0138866115410132,-0.00801058468773669));
#7647=CARTESIAN_POINT('',(0.0228668006504011,-0.0142769230672676,-0.00754639745383213));
#7648=CARTESIAN_POINT('',(0.0218757511531322,-0.013925,-0.00851175715701413));
#7649=CARTESIAN_POINT('',(0.0218757511531321,-0.013925,-0.00796493030339122));
#7650=CARTESIAN_POINT('',(0.0218757511531322,-0.0142769230769231,-0.00754639744234907));
#7651=CARTESIAN_POINT('',(0.0218757511531322,-0.015425,-0.00851175715701414));
#7652=CARTESIAN_POINT('',(-0.035,-0.015425,-0.00851175715701413));
#7653=CARTESIAN_POINT('',(0.0130895154363802,-0.015425,-0.00851175715701413));
#7654=CARTESIAN_POINT('',(0.00478708147850097,-0.0317522607783469,0.00778134089612293));
#7655=CARTESIAN_POINT('',(-0.0285817411439757,-0.0135211940777126,-0.0104497258045114));
#7656=CARTESIAN_POINT('',(0.0130895154363802,-0.013925,-0.00851175715701413));
#7657=CARTESIAN_POINT('',(0.0130895154363802,-0.013925,-0.00796493030339122));
#7658=CARTESIAN_POINT('',(0.0130895154363802,-0.0142769230769231,-0.00754639744234907));
#7659=CARTESIAN_POINT('',(0.0124096966368414,-0.013925,-0.00842650433735926));
#7660=CARTESIAN_POINT('',(0.0123596840538552,-0.0139557603561522,-0.00792834781999863));
#7661=CARTESIAN_POINT('',(0.0122769017319464,-0.0142769230807303,-0.00754639743782124));
#7662=CARTESIAN_POINT('',(0.0117554198227066,-0.0138400199065398,-0.00847744693876414));
#7663=CARTESIAN_POINT('',(0.0116269537537918,-0.013878842702364,-0.00800767760699394));
#7664=CARTESIAN_POINT('',(0.0114766811386877,-0.0141919429854802,-0.0076576565531841));
#7665=CARTESIAN_POINT('',(0.0111808948527687,-0.0136336108290097,-0.00865212728092037));
#7666=CARTESIAN_POINT('',(0.0109929125924896,-0.0136678836439435,-0.00818171589472083));
#7667=CARTESIAN_POINT('',(0.0107562790141334,-0.0139855339059327,-0.00786406563273158));
#7668=CARTESIAN_POINT('',(0.0107562790141334,-0.0150461940777125,-0.0089247258045114));
#7669=CARTESIAN_POINT('',(-0.0243146140562904,-0.0136336108290096,-0.00919732432810243));
#7670=CARTESIAN_POINT('',(-0.0244630379417878,-0.0134374695113284,-0.00841213002733591));
#7671=CARTESIAN_POINT('',(-0.0247392298949257,-0.0139855339059327,-0.00786406563273158));
#7672=CARTESIAN_POINT('',(-0.0254187937973536,-0.013385625393565,-0.00963222079475447));
#7673=CARTESIAN_POINT('',(-0.0256465658174835,-0.013060477360368,-0.00878912217830276));
#7674=CARTESIAN_POINT('',(-0.0260186703840809,-0.0136631528398544,-0.00818644669880994));
#7675=CARTESIAN_POINT('',(-0.0265804490467367,-0.0129818077460547,-0.0102605972595402));
#7676=CARTESIAN_POINT('',(-0.026836733845282,-0.0124748008898058,-0.0093747986488501));
#7677=CARTESIAN_POINT('',(-0.0273414087502306,-0.0131381898980857,-0.00871140964057864));
#7678=CARTESIAN_POINT('',(-0.027689184173443,-0.0124605339059327,-0.0110227371956316));
#7679=CARTESIAN_POINT('',(-0.0278560141731962,-0.0117963748921476,-0.0100532246465167));
#7680=CARTESIAN_POINT('',(-0.0285817411439757,-0.0124605339059327,-0.00938906563273159));
#7681=CARTESIAN_POINT('',(-0.0247392298949256,-0.0150461940777125,-0.0089247258045114));
#7682=CARTESIAN_POINT('',(0.0111808948527687,-0.0136336108290096,-0.00865212728092037));
#7683=CARTESIAN_POINT('',(0.0109929125924896,-0.0136678836439435,-0.00818171589472083));
#7684=CARTESIAN_POINT('',(0.0107562790141334,-0.0139855339059327,-0.00786406563273158));
#7685=CARTESIAN_POINT('',(0.0104906450413827,-0.013385625392662,-0.00886199294718974));
#7686=CARTESIAN_POINT('',(0.0102265404816606,-0.0134020961918481,-0.00844750334681782));
#7687=CARTESIAN_POINT('',(0.00989076845401651,-0.0136631528386774,-0.00818644669998695));
#7688=CARTESIAN_POINT('',(0.0100030302331463,-0.0129818077480925,-0.00928354236284318));
#7689=CARTESIAN_POINT('',(0.00965959292934396,-0.0129292401888663,-0.00892035934980024));
#7690=CARTESIAN_POINT('',(0.00924207053017168,-0.0131381899007397,-0.00871140963792459));
#7691=CARTESIAN_POINT('',(0.00976438993550316,-0.0124605339059327,-0.00987671441339119));
#7692=CARTESIAN_POINT('',(0.00937606820875881,-0.0123227893641741,-0.00952681017449021));
#7693=CARTESIAN_POINT('',(0.00887183296497048,-0.0124605339059327,-0.00938906563273158));
#7694=CARTESIAN_POINT('',(0.00887183296497046,-0.0135211940777126,-0.0104497258045114));
#7695=CARTESIAN_POINT('',(-0.0218757511531322,-0.013925,-0.00851175715701413));
#7696=CARTESIAN_POINT('',(-0.0218757511531321,-0.013925,-0.00796493030339122));
#7697=CARTESIAN_POINT('',(-0.0218757511531322,-0.0142769230769231,-0.00754639744234907));
#7698=CARTESIAN_POINT('',(-0.022704846301945,-0.013925,-0.0086157300158));
#7699=CARTESIAN_POINT('',(-0.0227865695244323,-0.0138866115410124,-0.0080105846877368));
#7700=CARTESIAN_POINT('',(-0.0228668006504392,-0.0142769230672676,-0.00754639745383213));
#7701=CARTESIAN_POINT('',(-0.0235150293371911,-0.0138131878999445,-0.0088823968197811));
#7702=CARTESIAN_POINT('',(-0.0236648396989439,-0.0137008992914686,-0.00820255077763584));
#7703=CARTESIAN_POINT('',(-0.0238127312236033,-0.0141651109799508,-0.00768448855871348));
#7704=CARTESIAN_POINT('',(-0.0243146140562903,-0.0136336108290097,-0.00919732432810243));
#7705=CARTESIAN_POINT('',(-0.0244630379417878,-0.0134374695113284,-0.00841213002733591));
#7706=CARTESIAN_POINT('',(-0.0247392298949256,-0.0139855339059327,-0.00786406563273158));
#7707=CARTESIAN_POINT('',(-0.0218757511531322,-0.015425,-0.00851175715701414));
#7708=CARTESIAN_POINT('',(0.0024442541927858,-0.0017566199327689,-0.0222142999494551));
#7709=CARTESIAN_POINT('',(0.00601543487572913,-0.00829305012189244,-0.0156778697603316));
#7710=CARTESIAN_POINT('',(-0.035,-0.015425,-0.00851175715701414));
#7711=CARTESIAN_POINT('',(-0.0130895154363802,-0.015425,-0.00851175715701414));
#7712=CARTESIAN_POINT('',(0.00690799184626181,-0.00723238995011263,-0.0151048583692113));
#7713=CARTESIAN_POINT('',(0.00651967011951747,-0.00709464540835401,-0.0147549541303103));
#7714=CARTESIAN_POINT('',(0.00601543487572913,-0.00723238995011263,-0.0146172095885517));
#7715=CARTESIAN_POINT('',(0.00677306578860435,-0.00693766426808717,-0.0154402349467706));
#7716=CARTESIAN_POINT('',(0.00635695114990636,-0.00674659444084364,-0.0151030050978203));
#7717=CARTESIAN_POINT('',(0.00580610436632924,-0.00684924656347974,-0.0150003529751846));
#7718=CARTESIAN_POINT('',(0.00671693968237846,-0.0066059139314225,-0.0158297504499318));
#7719=CARTESIAN_POINT('',(0.00628289925858232,-0.00635188799298566,-0.0154977115456783));
#7720=CARTESIAN_POINT('',(0.00568493047710042,-0.00641797112581522,-0.0154316284128491));
#7721=CARTESIAN_POINT('',(0.00674135232008148,-0.00624741660169767,-0.0162613376459163));
#7722=CARTESIAN_POINT('',(0.00629836147261967,-0.0059317470530981,-0.0159178524855662));
#7723=CARTESIAN_POINT('',(0.005655667187863,-0.00595192459717318,-0.0158976749414912));
#7724=CARTESIAN_POINT('',(0.00570329853790244,-0.00634360999645054,-0.0155059895422138));
#7725=CARTESIAN_POINT('',(0.00611326828791932,-0.00622752123958781,-0.0156220782990765));
#7726=CARTESIAN_POINT('',(0.00648304049456215,-0.00620308568657065,-0.0159078199525134));
#7727=CARTESIAN_POINT('',(0.00674092406389006,-0.00625382822729072,-0.0162536198763012));
#7728=CARTESIAN_POINT('',(-0.0111808948527687,-0.0136336108290097,-0.00865212728092037));
#7729=CARTESIAN_POINT('',(-0.0109929125924896,-0.0136678836439435,-0.00818171589472083));
#7730=CARTESIAN_POINT('',(-0.0107562790141334,-0.0139855339059327,-0.00786406563273158));
#7731=CARTESIAN_POINT('',(-0.0117554517407557,-0.0138400313732604,-0.00847743723662687));
#7732=CARTESIAN_POINT('',(-0.0116269888186563,-0.0138788543666014,-0.00800766798371644));
#7733=CARTESIAN_POINT('',(-0.011476721161396,-0.0141919544507386,-0.00765764508792572));
#7734=CARTESIAN_POINT('',(-0.0124085911437707,-0.013925,-0.00842636570121211));
#7735=CARTESIAN_POINT('',(-0.0123585094215209,-0.0139558098649762,-0.00792828894074612));
#7736=CARTESIAN_POINT('',(-0.0122755802935334,-0.0142769230818301,-0.00754639743651327));
#7737=CARTESIAN_POINT('',(-0.0130895154363802,-0.013925,-0.00851175715701414));
#7738=CARTESIAN_POINT('',(-0.0130895154363802,-0.013925,-0.00796493030339122));
#7739=CARTESIAN_POINT('',(-0.0130895154363802,-0.0142769230769231,-0.00754639744234907));
#7740=CARTESIAN_POINT('',(-0.0107562790141334,-0.0150461940777125,-0.0089247258045114));
#7741=CARTESIAN_POINT('',(0.00675159643178443,-0.00626765402250862,-0.0162549582467585));
#7742=CARTESIAN_POINT('',(0.00640878784297992,-0.0065118605754977,-0.01545));
#7743=CARTESIAN_POINT('',(0.005668957637372,-0.00703889341600724,-0.01545));
#7744=CARTESIAN_POINT('',(0.00615352193233724,-0.00549568959853962,-0.0161799565930264));
#7745=CARTESIAN_POINT('',(0.00575953406770998,-0.00569846956439382,-0.0154499999999978));
#7746=CARTESIAN_POINT('',(0.00495405605580967,-0.00603533966484894,-0.01545));
#7747=CARTESIAN_POINT('',(0.0058320275052761,-0.00459690191807245,-0.0161396395192833));
#7748=CARTESIAN_POINT('',(0.00538928680259736,-0.00469160943096413,-0.0154499999999965));
#7749=CARTESIAN_POINT('',(0.0045697613323593,-0.0048669156802405,-0.01545));
#7750=CARTESIAN_POINT('',(0.00583202750527625,-0.00369685604417987,-0.0161396395192835));
#7751=CARTESIAN_POINT('',(0.00538928680259563,-0.00369685604417987,-0.01545));
#7752=CARTESIAN_POINT('',(0.00456976133235829,-0.00369685604417987,-0.01545));
#7753=CARTESIAN_POINT('',(0.0045697613323583,-0.00369685604417989,-0.01695));
#7754=CARTESIAN_POINT('',(0.00487290528817842,-0.00369685604417989,-0.015480951416035));
#7755=CARTESIAN_POINT('',(0.00487290528817842,-0.00369685604417989,-0.015480951416035));
#7756=CARTESIAN_POINT('',(0.00477376827578802,-0.00379599305657029,-0.0154604941034367));
#7757=CARTESIAN_POINT('',(0.0046753126314296,-0.00389736436423055,-0.01545));
#7758=CARTESIAN_POINT('',(0.00457816620499879,-0.004,-0.01545));
#7759=CARTESIAN_POINT('',(0.0045697613323583,-8.67361737988404E-19,-0.01695));
#7760=CARTESIAN_POINT('',(0.0045697613323583,-0.004,-0.01695));
#7761=CARTESIAN_POINT('',(-0.00976438993550315,-0.0124605339059327,-0.00987671441339119));
#7762=CARTESIAN_POINT('',(-0.00937606820875881,-0.0123227893641741,-0.00952681017449021));
#7763=CARTESIAN_POINT('',(-0.00887183296497047,-0.0124605339059327,-0.00938906563273159));
#7764=CARTESIAN_POINT('',(-0.0100030302331492,-0.0129818077480917,-0.00928354236284917));
#7765=CARTESIAN_POINT('',(-0.00965959292934811,-0.0129292401888578,-0.00892035934980761));
#7766=CARTESIAN_POINT('',(-0.00924207053017257,-0.0131381899007397,-0.0087114096379246));
#7767=CARTESIAN_POINT('',(-0.0104906450413789,-0.0133856253926605,-0.00886199294719116));
#7768=CARTESIAN_POINT('',(-0.0102265404816551,-0.0134020961918528,-0.00844750334681736));
#7769=CARTESIAN_POINT('',(-0.00989076845401311,-0.0136631528386808,-0.00818644669998355));
#7770=CARTESIAN_POINT('',(-0.0111808948527687,-0.0136336108290096,-0.00865212728092037));
#7771=CARTESIAN_POINT('',(-0.0109929125924896,-0.0136678836439435,-0.00818171589472083));
#7772=CARTESIAN_POINT('',(-0.0107562790141334,-0.0139855339059327,-0.00786406563273159));
#7773=CARTESIAN_POINT('',(-0.00887183296497046,-0.0135211940777126,-0.0104497258045114));
#7774=CARTESIAN_POINT('',(2.60208521396521E-18,-0.004,-0.01695));
#7775=CARTESIAN_POINT('',(-0.00456976133235829,-0.004,-0.01695));
#7776=CARTESIAN_POINT('',(-0.00487290528817841,-0.00369685604417988,-0.015480951416035));
#7777=CARTESIAN_POINT('',(-0.00487290528817841,-0.00369685604417988,-0.015480951416035));
#7778=CARTESIAN_POINT('',(-0.00477376827578801,-0.00379599305657028,-0.0154604941034367));
#7779=CARTESIAN_POINT('',(-0.00467531263142969,-0.00389736436423064,-0.01545));
#7780=CARTESIAN_POINT('',(-0.00457816620499879,-0.004,-0.01545));
#7781=CARTESIAN_POINT('',(-0.00456976133235829,-8.67361737988404E-19,-0.01695));
#7782=CARTESIAN_POINT('',(-0.0045697613323583,-0.00369685604417988,-0.01695));
#7783=CARTESIAN_POINT('',(-0.0135378192772975,-0.0220614771106044,-0.00190944277161959));
#7784=CARTESIAN_POINT('',(-0.00601543487572912,-0.00829305012189244,-0.0156778697603315));
#7785=CARTESIAN_POINT('',(-0.00583202750527625,-0.00369685604417988,-0.0161396395192835));
#7786=CARTESIAN_POINT('',(-0.00538928680259563,-0.00369685604417988,-0.01545));
#7787=CARTESIAN_POINT('',(-0.00456976133235829,-0.00369685604417988,-0.01545));
#7788=CARTESIAN_POINT('',(-0.0058320275052761,-0.00459690191807246,-0.0161396395192833));
#7789=CARTESIAN_POINT('',(-0.00538928680259736,-0.00469160943096472,-0.0154499999999965));
#7790=CARTESIAN_POINT('',(-0.0045697613323593,-0.00486691568024052,-0.01545));
#7791=CARTESIAN_POINT('',(-0.00615352193233647,-0.00549568959853903,-0.0161799565930258));
#7792=CARTESIAN_POINT('',(-0.00575953406770472,-0.00569846956439529,-0.0154499999999965));
#7793=CARTESIAN_POINT('',(-0.00495405605580754,-0.00603533966484894,-0.01545));
#7794=CARTESIAN_POINT('',(-0.00675159643178444,-0.00626765402250863,-0.0162549582467585));
#7795=CARTESIAN_POINT('',(-0.00640878784297993,-0.00651186057549771,-0.01545));
#7796=CARTESIAN_POINT('',(-0.00566895763737201,-0.00703889341600725,-0.01545));
#7797=CARTESIAN_POINT('',(-0.00570329853790244,-0.00634360999645054,-0.0155059895422138));
#7798=CARTESIAN_POINT('',(-0.00611332759017594,-0.00622750444731167,-0.0156220950913527));
#7799=CARTESIAN_POINT('',(-0.00648308379153483,-0.00620309420589699,-0.0159078780100872));
#7800=CARTESIAN_POINT('',(-0.00674092406389006,-0.00625382822729071,-0.0162536198763012));
#7801=CARTESIAN_POINT('',(-0.00674135232008148,-0.00624741660169767,-0.0162613376459163));
#7802=CARTESIAN_POINT('',(-0.00629836147261967,-0.0059317470530981,-0.0159178524855662));
#7803=CARTESIAN_POINT('',(-0.005655667187863,-0.00595192459717318,-0.0158976749414912));
#7804=CARTESIAN_POINT('',(-0.00671693968237882,-0.00660591393142356,-0.0158297504499312));
#7805=CARTESIAN_POINT('',(-0.00628289925858158,-0.00635188799298617,-0.0154977115456808));
#7806=CARTESIAN_POINT('',(-0.00568493047709985,-0.00641797112581594,-0.0154316284128484));
#7807=CARTESIAN_POINT('',(-0.00677306578860464,-0.00693766426808862,-0.0154402349467684));
#7808=CARTESIAN_POINT('',(-0.00635695114990716,-0.00674659444084471,-0.0151030050978198));
#7809=CARTESIAN_POINT('',(-0.00580610436633075,-0.00684924656348125,-0.0150003529751831));
#7810=CARTESIAN_POINT('',(-0.00690799184626181,-0.00723238995011263,-0.0151048583692113));
#7811=CARTESIAN_POINT('',(-0.00651967011951747,-0.007094645408354,-0.0147549541303103));
#7812=CARTESIAN_POINT('',(-0.00601543487572913,-0.00723238995011263,-0.0146172095885517));
#7813=CARTESIAN_POINT('',(2.41838819409311E-18,-0.001,-0.02595));
#7814=CARTESIAN_POINT('',(2.4183881940931E-18,0.001,-0.02595));
#7815=MECHANICAL_DESIGN_GEOMETRIC_PRESENTATION_REPRESENTATION('',(#4108),
#7816);
#7816=(
GEOMETRIC_REPRESENTATION_CONTEXT(3)
GLOBAL_UNCERTAINTY_ASSIGNED_CONTEXT((#7817))
GLOBAL_UNIT_ASSIGNED_CONTEXT((#7820,#7819,#7818))
REPRESENTATION_CONTEXT('Part 1','TOP_LEVEL_ASSEMBLY_PART')
);
#7817=UNCERTAINTY_MEASURE_WITH_UNIT(LENGTH_MEASURE(5.E-6),#7820,
'DISTANCE_ACCURACY_VALUE','Maximum Tolerance applied to model');
#7818=(
NAMED_UNIT(*)
SI_UNIT($,.STERADIAN.)
SOLID_ANGLE_UNIT()
);
#7819=(
NAMED_UNIT(*)
PLANE_ANGLE_UNIT()
SI_UNIT($,.RADIAN.)
);
#7820=(
LENGTH_UNIT()
NAMED_UNIT(*)
SI_UNIT($,.METRE.)
);
#7821=PRODUCT_DEFINITION_SHAPE('','',#7822);
#7822=PRODUCT_DEFINITION('','',#7824,#7823);
#7823=PRODUCT_DEFINITION_CONTEXT('',#7830,'design');
#7824=PRODUCT_DEFINITION_FORMATION_WITH_SPECIFIED_SOURCE('','',#7826,
 .NOT_KNOWN.);
#7825=PRODUCT_RELATED_PRODUCT_CATEGORY('','',(#7826));
#7826=PRODUCT('Part 1','Part 1','Part 1',(#7828));
#7827=PRODUCT_CATEGORY('','');
#7828=PRODUCT_CONTEXT('',#7830,'mechanical');
#7829=APPLICATION_PROTOCOL_DEFINITION('international standard',
'ap242_managed_model_based_3d_engineering',2011,#7830);
#7830=APPLICATION_CONTEXT('managed model based 3d engineering');
ENDSEC;
END-ISO-10303-21;
